:020000040800F2
:1000000020B4002051020008DB530008F744000828
:10001000D9530008850D0008ED8E0008000000008F
:10002000000000000000000000000000EB5300088A
:10003000150E000800000000E9530008ED53000809
:100040006B0200086B0200086B0200086B020008DC
:100050006B0200086B0200086B0200086B020008CC
:100060006B0200086B0200086B0200086B020008BC
:100070006B0200086B0200086B0200086B020008AC
:100080006B0200086B0200086B0200086B0200089C
:100090006B0200086B0200086B0200086B0200088C
:1000A0006B0200086B0200086B0200086B0200087C
:1000B0006B0200086B0200086B0200086B0200086C
:1000C0006B0200086B0200086B0200086B0200085C
:1000D0006B0200086B0200086B0200086B0200084C
:1000E0006B0200086B0200086B0200086B0200083C
:1000F0006B0200086B0200086B0200086B0200082C
:100100006B0200086B0200086B0200086B0200081B
:100110006B0200086B020008355500086B020008EE
:100120006B0200086B0200086B0200086B020008FB
:100130006B0200086B0200086B0200086B020008EB
:100140006B0200086B0200086B020008DD53000818
:100150006B0200086B0200086B0200086B020008CB
:100160006B0200086B0200086B0200086B020008BB
:100170006B0200086B0200086B0200080000000020
:100180006B0200086B02000800F002F800F051F862
:100190000AA090E8000C82448344AAF10107DA45E2
:1001A00001D100F046F8AFF2090EBAE80F0013F0E3
:1001B000010F18BFFB1A43F00103184748F2000073
:1001C00068F20000103A24BF78C878C1FAD8520704
:1001D00024BF30C830C144BF04680C6070470000C1
:1001E0000023002400250026103A28BF78C1FBD840
:1001F000520728BF30C148BF0B607047642900F028
:100200008581752900F08281782900F0BB816329FE
:1002100000F06384732900F06884002070471FB5E4
:100220000EF0E7FA9DE8030000F0A0FB1FBD10B53B
:1002300010BD00F09AFC1146FFF7F1FF0DF0AEFB88
:1002400000F0B8FC03B4FFF7F2FF03BC08F0D7FEE0
:100250000948804709480047FEE7FEE7FEE7FEE75A
:10026000FEE7FEE7FEE7FEE7FEE7FEE70448054996
:10027000054A064B70470000255500088901000813
:100280002074002020B4002020940020209400201E
:10029000704770B5064600F04DFB056806F10B008F
:1002A00020F00704B4429CBF002070BD2B466A6852
:1002B000BAB11068A04210D304F1080188423CBFD3
:1002C0005068586007D35168101941601168091BC4
:1002D000016058601460101D70BD13465268002AFA
:1002E000E7D12146284600F02DFB0028DED170BD65
:1002F00070B50446051F00F01DFB0068002C14BFFC
:10030000446870BD002C18BFAC423CBF20466468F6
:10031000F8D301680A18AA4218BF456003D12A68B9
:1003200005461144016028684119A1421CBF6C6058
:1003300070BD6168696021680844286070BD53EA37
:10034000020C00F069802DE9F04B4FF00006002B05
:100350001FBFB3FA83F503FA05F424FA05F65E40ED
:1003600012BF1643B2FA82F502FA05F4C5F1200570
:100370001EBF22FA05FC44EA0C04203556EA044C60
:100380004FEA144418BF641C4FF000084FF00009F6
:10039000904271EB030C39D3002919BFB1FA81F7F0
:1003A00001FA07F6B0FA80F700FA07F6C7F120075E
:1003B0001EBF20FA07FC46EA0C062037B6FBF4FC09
:1003C000A7EB0507103F07F01F0BCBF120060CFA37
:1003D0000BFB2CFA06F644BFB3460026202FA4BF21
:1003E0005E464FF0000B5BEA060C08BF4FF0010BB6
:1003F00019EB0B09ABFB027C48EB0608C01B06FBA4
:1004000002CC0BFB03CC71EB0C01C1E70B4602469F
:1004100041464846BDE8F08B13B54FF000004FF061
:100420000001AFF30080BDE81C4070470FB40449E1
:1004300010B503AA029800F05DFB10BC5DF814FB38
:10044000EC0000200FB41CB5074B06AA7B4469469C
:100450000090059800F01FFB0020694600F02EFB7D
:100460001CBC5DF814FB00006D06000070B504466E
:1004700085690068C10601D5302600E02026C00746
:1004800007D070BDD4E9012130469047206A401C56
:1004900020626D1EF6D570BD70B504468569007882
:1004A000C00707D170BDD4E9012120209047206A00
:1004B000401C20626D1EF6D570BD70B50C46054619
:1004C000012A05D02878800600D5EA69002302E0D9
:1004D000012305E05B1C934202D2E05C0028F9D1C5
:1004E000A869E618C01AA861286A18442862284634
:1004F000FFF7BCFF04E0D5E9012114F8010B904798
:10050000B442F8D32846FFF7C7FF70BD2DE9F0418C
:100510000646002410687529314616A510D0AFF3A1
:100520000080002802DA404213A507E031688A07FC
:1005300001D512A502E0490704D511A5012401E067
:10054000AFF3008000210A2206F1240709E0B0FB86
:10055000F2FCB0FBF2F302FB1C003030785418467A
:10056000491C0028F3D123462A463046BDE8F04115
:1005700000F032BA000000002D0000002B00000047
:100580002000000070B504460D4621461068AFF308
:1005900000802188090502D50F4A7A4402E00E4AFC
:1005A0007A440E32002104F1240305E000F00F0626
:1005B0000009965D5E54491C0028F7D1207800237D
:1005C000000704D5702D02D009B102231132204654
:1005D000BDE8704000F000BAC6EC00002DE9F05F05
:1005E000894604464FF0000ADFF824B1FB44C0F806
:1005F00020A02046E168884700287DD0252806D025
:10060000D4E901219047206A401C2062F1E70025CF
:100610005F462046E16888472028064607DB312EE2
:1006200005D2B81910F8200C08B10543F1E7A80766
:1006300001D525F00405C4F81CA00027C4F818A0B3
:100640002A2E09D0304608F0D3FC38B304EB8708D3
:10065000303EC8F8186019E059F8041B204604EB36
:1006600087029161E1688847012F064618D1E06949
:10067000002820DA25F020051DE0D8F8180000EB4E
:10068000800006EB40003038C8F818002046E168CA
:100690008847064608F0ACFC0028EED1012F0AD0AE
:1006A0002E2E08D12046E16888477F1C0646022F7F
:1006B00045F02005C4DBA069002803DA404245F07C
:1006C0000105A061E80701D025F01005A6B1A6F14B
:1006D0004100192802D8203645F400654A463146C3
:1006E000204625604D46FFF789FD60B1012807D0FF
:1006F000ED1D25F0070000E007E000F1080978E7AC
:1007000005F1040975E730467AE7206ABDE8F09FF5
:100710009CEC0000401ECAB210F8011F8A4202D0B1
:100720000029F9D10020704740EA0103024630B5A4
:100730009B0710D14FF0013400E008C208C91D1B0F
:100740009D4315EAC41FF8D013F0FF0102F8011B06
:100750000DD01B0AF8E711F8013B002B02F8013B12
:1007600005D011F8013B002B02F8013BF3D130BD5D
:1007700010B5431C02E010F8011B71B18107FAD1DA
:100780004FF0013202C88C1A8C4314EAC211F9D01E
:10079000C01A0A0603D0C01E10BDC01A10BD0A043C
:1007A00001D0801E10BD0902FCD0401E10BD032ADE
:1007B00040F2308010F0030C00F0158011F8013B7E
:1007C000BCF1020F624498BF11F801CB00F8013B65
:1007D00038BF11F8013BA2F1040298BF00F801CB29
:1007E00038BF00F8013B11F0030300F02580083A00
:1007F000C0F0088051F8043B083A51F804CBA0E857
:100800000810F5E7121D5CBF51F8043B40F8043BAB
:10081000AFF30080D20724BF11F8013B11F801CBE0
:1008200048BF11F8012B24BF00F8013B00F801CBB1
:1008300048BF00F8012B704710B5203AC0F00B807C
:10084000B1E81850203AA0E81850B1E81850A0E8D4
:100850001850BFF4F5AF5FEA027C24BFB1E818502E
:10086000A0E8185044BF18C918C0BDE810405FEA9E
:10087000827C24BF51F8043B40F8043B08BF70471A
:10088000D20728BF31F8023B48BF11F8012B28BF1F
:1008900020F8023B48BF00F8012B70474FF00002E0
:1008A0000429C0F0128010F0030C00F01B80CCF182
:1008B000040CBCF1020F18BF00F8012BA8BF20F8F0
:1008C000022BA1EB0C0100F00DB85FEAC17C24BF44
:1008D00000F8012B00F8012B48BF00F8012B7047EE
:1008E0004FF0000200B5134694469646203922BFC9
:1008F000A0E80C50A0E80C50B1F12001BFF4F7AF14
:10090000090728BFA0E80C5048BF0CC05DF804EBF5
:10091000890028BF40F8042B08BF704748BF20F863
:10092000022B11F0804F18BF00F8012B7047704761
:100930007047704700487047C47300207047704785
:100940007047704738B504460A4600206946AFF341
:100950000080002808BF38BD02460099204600F0FC
:10096000DFF8012038BD012000F0F8B8F8B5AFF38A
:100970000080054600200C46102000BF0646A8193E
:10098000A0420DD9324669460020AFF3008007002F
:1009900008BF00F0E3F80098A04218BF0546C4194C
:1009A000FFF7C8FF05600746F01D20F00700461955
:1009B000284600F00AF8B44208BFF8BDA21B314631
:1009C0003868BDE8F84000F0ABB800210160C0E92C
:1009D00001107047102070472DE9F0470D469946E9
:1009E0009246044600F124080168880604D5E069AF
:1009F00021F01001216000E00120A84201DD471B29
:100A000000E00027A1697A1902EB0900081AA06129
:100A10002078C00602D42046FFF728FD002608E013
:100A2000D4E901211AF806009047206A401C761C80
:100A300020624E45F4DB2078C0060AD52046FFF739
:100A400015FD06E0D4E9012130209047206A401CC2
:100A50002062381EA7F10107F4DC07E0D4E9012188
:100A600018F805009047206A401C2062281EA5F156
:100A70000105F3DC2046FFF70FFD2078000602D5C4
:100A80000220BDE8F0870120FBE7000001694A1C55
:100A900002610878704700B58FB0CDE901310021BF
:100AA000059105497944CDE9031011466846FFF7E1
:100AB00095FD0FB000BD0000E5FFFFFF0A6802F8DA
:100AC000010B0A60704710B5436913B1AFF30080A2
:100AD00001E0FFF7F2FC012010BD127800F12401C3
:100AE0000A7000224A700122EDE711684FF0FF32D0
:100AF000E9E70000074B70B50D467B44FFF7CBFFDD
:100B00000446284600F026F810B14FF0FF3070BDC3
:100B1000204670BD8BC3000000487047BC730020A6
:100B2000034640688C46002818BF88423CBF0346F5
:100B30004068F8D318681844884207D00CF10300C5
:100B400020F00700001D411A521A0146081D0A60D4
:100B5000FFF7CEBB007B00F08000704710B500F0BF
:100B600037F8BDE8104000F02EB87546FFF7D4FF07
:100B7000AE4605006946534620F00700854618B08A
:100B800020B5FFF773FBBDE820404FF000064FF0A3
:100B900000074FF000084FF0000B21F00701AC46B2
:100BA000ACE8C009ACE8C009ACE8C009ACE8C009D1
:100BB0008D46704710B50446AFF300802046BDE86F
:100BC0001040FFF73FBB002801D008F018BA70476B
:100BD00010B5012805D0002103A000F021F8012064
:100BE00010BD09A1F8E7000053494752544D454D47
:100BF0003A204F7574206F662068656170206D65BE
:100C00006D6F7279000000003A2048656170206DB8
:100C1000656D6F727920636F7272757074656400B0
:100C200070B505460C460A2000E06D1C08F0E8F996
:100C300035B128780028F8D102E0641C08F0E0F90A
:100C400014B120780028F8D1BDE870400A2008F0DF
:100C5000D7B900004A494A6822F440324A604A68DB
:100C600043681A434A6001684A6822F480724A6005
:100C700001684A68036942EA03224A6001684A68D7
:100C800022F040724A6001684A6883681A434A60E9
:100C900001688A6822F400628A6001688A68C36811
:100CA0001A438A60816A6FF07062D14214D0016881
:100CB0008A6822F070628A6001688A68836A1A43CF
:100CC0008A6001688A6822F040528A6001688A68F6
:100CD000C36A1A438A6009E001688A6822F0706278
:100CE0008A6001688A6822F040528A6001688A68D6
:100CF00022F002028A6001688A68037E42EA4302A7
:100D00008A6090F8201089B101684A6842F4006254
:100D10004A6001684A6822F460424A6001684B6890
:100D2000426A521E43EA42324A6004E001684A685D
:100D300022F400624A600168CA6A22F47002CA6240
:100D40000168CB6A828B521E43EA0252CA62016872
:100D50008A6822F400728A6001688A6890F83030EC
:100D600042EA43228A6001688A6822F480628A60CB
:100D700001688A68406942EA802088607047000004
:100D800000230140FEE700000A4601464FF6FF73CC
:100D9000014802F01CBF00005C04002070B504464E
:100DA0000020002204EB8001C1F88423401C10289D
:100DB000F8D300204FF40075211881F81C21401C45
:100DC000A842F9D3227062700120A070C4F8C42335
:100DD00020764021A171627684F81C2384F81D03DB
:100DE00084F81F2384F81E23010204F11C00FFF77E
:100DF00077FD294604F58E70FFF772FD122104F28B
:100E00002630FFF74BFD3E2104F54E70FFF768FDDD
:100E1000002070BD704772B6FEE70022AFF300807D
:100E200030B5044601200D4B5D7A002D14D1587A5F
:100E30001D54587A03EB800044605C7A03F108008B
:100E40002254587A421C5A72303008703A20487046
:100E50002F208870CD70002030BD0000241D0020A0
:100E60000022002905D001291AD002291BD04FF4F5
:100E700040720E490B6823F440730B600B681343F8
:100E80000B600A6822F078020A600A68022303EB0A
:100E9000C00002430A60086840F480300860704770
:100EA0004FF48072E5E74FF40072E2E7103C024035
:100EB0001348016889050FD5016821F400710160AC
:100EC000016841F400610160016821F40061016082
:100ED000016841F400710160016849050FD501689E
:100EE00021F480610160016841F480510160016872
:100EF00021F480510160016841F480610160704714
:100F0000003C024010B50E4800F022F80D4C206065
:100F10000D4800F01DF82168401A401C60600B4A23
:100F2000002313609160D0600220106104F1080179
:100F3000104600F06DFB08B1012010BD002010BD6F
:100F400000000108DC000020FBFF0F089C7300205C
:100F500001460020A1F100624FF480439A4204D37D
:100F600020480844984201D2012070471E48084496
:100F7000984201D2022070471C480844984201D28E
:100F8000032070471A480844B0F5803F01D204207E
:100F9000704718484FF400320844904201D20520AF
:100FA000704715480844904201D206207047134804
:100FB0000844904201D207207047114808449042EB
:100FC00001D2082070470F480844904201D20920FE
:100FD00070470D480844904201D20A2070470B2008
:100FE0007047000000C0FFF70080FFF70040FFF7E8
:100FF0000000FFF70000FEF70000FCF70000FAF722
:101000000000F8F70000F6F70000F4F710B50A4604
:101010000749884207D801460023022000F052FB0E
:1010200018B1012010BD012010BD002010BD00002E
:10103000FBFF0F0808490A6822F440720A600A6838
:1010400042F004020A600A684FF4803343EA002049
:1010500002430A6070470000103C0240064A1368D1
:1010600023F44073136013681360136843F00103A3
:101070001360017070470000103C024010B5094930
:101080000C6824F440740C600C6844F440740C60E8
:101090000C6844F001040C600260BFF36F8F436082
:1010A00010BD0000103C0240074A136823F440734F
:1010B0001360136843F480731360136843F00103F3
:1010C0001360018070470000103C0240074A13681B
:1010D00023F440731360136843F4007313601368C0
:1010E00043F001031360016070470000103C0240B0
:1010F00017490868C206174805D5C26942F01002B0
:10110000C26110220A600A68920605D5C26942F0DF
:101110000802C26120220A600A68520605D5C26927
:1011200042F00402C26140220A600A68120605D534
:10113000C26942F00202C26180220A600A68920714
:1011400005D5C26942F02002C261022008607047E2
:101150000C3C02401000002070B5044611490020EC
:10116000C86100F097FC05460F4E09E0601C07D0EF
:1011700024B100F08FFC401BA04201D9032070BDB8
:101180003068C003F2D43068C00701D0012030605D
:10119000306810F0F20F03D0FFF7AAFF012070BDF6
:1011A000002070BD100000200C3C024078B50024E7
:1011B000009490F83C20012A19D0012280F83C20AC
:1011C0000A680725092A14D90368DE680A3A02EB7F
:1011D00042029540AE43DE600A788B680A3A02EB21
:1011E000420293400268D5682B43D36011E002208D
:1011F00078BD03681E6902EB42029540AE431E6152
:101200000A788B6802EB42029340026815692B430F
:1012100013614A681F25072A13D203685E6B521EAA
:1012200002EB82029540AE435E630A8893B20A796C
:10123000521E02EB820293400268556B2B435363AC
:1012400028E00D2A13D203681E6BD21F02EB820224
:101250009540AE431E630A8893B20A79D21F02EB0F
:10126000820293400268156B2B43136312E00368FC
:10127000DE6A0D3A02EB82029540AE43DE620A88D6
:1012800093B20A790D3A02EB820293400268D56A62
:101290002B43D362174A184B05689D4206D10D684F
:1012A000122D03D1556845F48005556005689D42AF
:1012B0001BD10B68102B01D0112B16D1536843F4AE
:1012C00000035360096810290FD10C490C4A0968C2
:1012D000B1FBF2F101EB81014900009102E00099BC
:1012E000491E009100990029F9D180F83C40002066
:1012F00078BD000000230140002001403C00002098
:1013000040420F0070B504460026002C03D0206C2C
:10131000002510B107E0012070BD204600F01CF848
:10132000656484F83C50206CC00610D4206C20F416
:10133000885040F0020020642046FFF78BFC656473
:10134000206C20F0020040F00100206400E0012643
:1013500084F83C50304670BD30B587B00446142147
:1013600002A8FFF7BDFA2149206888423BD1002539
:101370001F48016841F480710160006800F48070CA
:1013800001901B481438016841F0040101600168B4
:1013900001F004010191016841F00101016001685F
:1013A00001F001010191016841F002010160006852
:1013B00000F0020001903F20029003240394049562
:1013C00002A90C4800F070FAC02002900394049522
:1013D00002A9094800F068FA02940394049502A94E
:1013E000064800F061FA07B030BD0000002001405F
:1013F000443802400008024000000240000402405D
:1014000010B50446002C02D0607910B106E001202E
:1014100010BD00202071204600F004F8012060710A
:10142000002010BD08B500680649884208D106486A
:10143000016841F480510160006800F48050009020
:1014400008BD00000030024030380240704770B5DF
:10145000002820D0F9B14379012B1ED00126467116
:101460000223037103681D6802F0100240F6FE7447
:101470009440A543D1E900410C4394402C431C60A7
:1014800001680B68C0249440A3430B6006710021DF
:101490004171084670BD012070BD022070BD7047CB
:1014A0002DE9F041044620680568466BA9044FF019
:1014B000040710D5B1040ED52771216941F001014F
:1014C0002161F90241632068016821F480510160C3
:1014D0002046FFF7E4FFA80014D5B00012D527710D
:1014E000206940F00200206121684FF000504863FD
:1014F0002068016821F0805101602046BDE8F0417C
:10150000FFF7A4BFBDE8F08170B50446002C03D0FE
:101510002079002510B105E0012070BD65712046DD
:1015200000F008F8022020712561012020710020C0
:1015300070BD000010B586B00446142101A8FFF765
:10154000CFF915492068884224D100211348026848
:1015500042F000520260006800F0005000900F4816
:101560001038026842F001020260006800F00100D9
:1015700000903020019003200290039101A90848B7
:1015800000F092F900220F21362001F0E3F8362016
:1015900001F0D2F806B010BD00740040403802409F
:1015A0000000024010B50E490C4808600020086099
:1015B000091D0C4A0A60086009490B4A10390A6083
:1015C0000860C122091D0A6008600122091D0A6025
:1015D000086001F079F8002010BD0000FFC9FEF698
:1015E0002038024033797704FF11602270B5044639
:1015F00000F050FA0546601C02D00448007804440C
:1016000000F048FA401BA042FAD370BD3000002021
:101610002DE9F04704460E46DFF88C8098F8180054
:1016200001280BD0012088F818004CF250394846A8
:10163000FFF792FD0246100003D02FE00220BDE824
:10164000F0874FF0FF3030602068184F012801D03C
:10165000A5681CE0207C6168FFF7ECFC4846FFF7BA
:101660007BFD0246386820F00400386014E0217CDD
:101670002846FFF7F5FB4846FFF76EFD024638683F
:1016800020F07A0038600AB1356005E06D1CD4E9BD
:1016900002100844A842EAD8FFF70AFC002088F8A4
:1016A00018001046CBE7000010000020103C02405C
:1016B0000348016841F000410160002070470000CC
:1016C000103C02402DE9F0470646894614461D4667
:1016D000194F387E012808D0012038764CF2503856
:1016E0004046FFF739FD18B114E00220BDE8F0874D
:1016F0009EB1012E16D0022E19D022462B46484606
:10170000FFF7BCFC4046FFF727FD0C490A6822F0B2
:1017100001020A6000213976E8E7E1B24846FFF7A6
:101720009DFCEFE7A1B24846FFF7BEFCEAE7214681
:101730004846FFF7CBFCE5E710000020103C0240D4
:10174000002007490A68002A09DA054A054B0C3AC5
:101750001360054B13600968002900DA0120704707
:10176000103C024023016745AB89EFCD2DE9F04FD6
:101770000023DFF80C914FF001084FF00F0C08FA2E
:1017800003F501EA0504AC4275D123F0030202EB34
:101790000906D6F808289F074FEA177A0CFA0AF7C5
:1017A00007EA020B374A904201D1002223E0364A71
:1017B000904201D101221EE0344A904201D102221E
:1017C00019E0334A904201D1032214E0314A904299
:1017D00001D104220FE0304A904201D105220AE0F3
:1017E0002E4A904201D1062205E02D4A904201D1B5
:1017F000072200E0082202FA0AF25A4521D1DFF856
:10180000A4A0DAF80020A243CAF800200AF1040AD2
:10181000DAF80020A243CAF80020224A0C32D2F89B
:1018200000A02AEA040AC2F800A0A2F1040ADAF829
:101830000020A243CAF80020D6F80828BA43C6F808
:10184000082804685E000322B24094430460DC0868
:1018500000EB8404276A5E074FEAD66A0CFA0AF6A0
:10186000B7432762C4689443C4604468AC4344608F
:101870008468944384605B1C102B80D3BDE8F08F98
:101880000030014000000240000402400008024015
:10189000000C0240001002400014024000180240F8
:1018A000001C0240003C01402DE9F84F0022DFF807
:1018B0009C914FF0010803274FF00F0C09F1040A27
:1018C000A9F1040B08FA02F50B682B40AB426ED16C
:1018D0000C7904F00304012C01D0022C15D1866888
:1018E000540007FA04FE26EA0E06D1F80CE00EFAC0
:1018F00004FE4EEA060EC0F808E04468AC430D79D9
:10190000C5F300159540254345600C79E443A407D1
:1019100008D0C568540007FA04F6B5438E68A6409F
:101920002E43C6600C7904F00304022C11D1D408B4
:1019300000EB8406356A5407E40E0CFA04FE25EA2F
:101940000E05D1F810E00EFA04FE4EEA050EC6F8B8
:1019500020E00568540007FA04F6B5430E7906F056
:101960000306A6402E4306604C6814F4403F67D03F
:10197000374C256845F480452560246804F480448C
:101980000094344C22F003052E19D6F80858940719
:101990004FEA147E0CFA0EF4A5432F4CA04201D15D
:1019A000002424E02D4CA04202D101241FE047E096
:1019B0002B4CA04201D1022419E02A4CA04201D1B3
:1019C000032414E0284CA04201D104240FE0274C4A
:1019D000A04201D105240AE0254CA04201D10624F1
:1019E00005E0244CA04201D1072400E0082404FAB9
:1019F0000EF42C43C6F80848D9F800409C434D68C3
:101A0000ED0200D51C43C9F80040DAF800409C43C1
:101A10004D68AD0200D51C43CAF80040DBF8004019
:101A20009C434D68AD0300D51C43CBF80040074DE7
:101A3000083D2C689C434E68F60300D51C432C607F
:101A4000521C102AFFF43EAFBDE8F88F083C01405D
:101A500044380240003001400000024000040240CF
:101A600000080240000C0240001002400014024036
:101A700000180240001C02400069084201D0012009
:101A8000704700207047002A01D081617047090427
:101A90008161704701488068704700003000002075
:101AA000D0F8DC0304F0B8BDD0F8DC0304F0BDBD11
:101AB000006806F048BE006806F049BEC1EB01119F
:101AC00000EB8100002200F81A2F4270C27282726D
:101AD00000207047C1EB011100EB810090F84C0031
:101AE0007047C1EB011100EB8100806B70472DE95D
:101AF000FF4F83B00546DDE91078129E8A46934673
:101B000095F8D40301281CD0012385F8D433CAEBFF
:101B10000A1005EB80044FF0000984F8199006982C
:101B2000207584F815A084F826800BF07F00A0753E
:101B300051462846FFF7C2FF5FEA0B6005D5E37503
:101B400005E0022007B0BDE8F08F84F81790286800
:101B500006F0FDFDB8F1010F05D1012F03D110B939
:101B6000BC2E00D9BC262776B0B22085CDE90078FE
:101B7000029028685A465146069B06F06FFE85F88B
:101B8000D493DFE770472DE9F003DDE9078C069F6A
:101B9000099DC1EB011400EB8404E27584F8263042
:101BA0000226002F0AD084F82A60002563B1012B99
:101BB0004FD0022B27D0032B4DD137E04FF0030934
:101BC00084F82A906576F0E7012F44D11AB1A27EFD
:101BD000012A0FD03FE0BCF1000F02D1012284F8AE
:101BE0003D2094F83D2012B184F82A6033E084F857
:101BF0002A5030E094F83C2012B184F82A602AE0A0
:101C000084F82A5027E02AB194F83C205AB184F88D
:101C10002A6020E094F83D2012B184F82A601AE08E
:101C200084F82A5017E084F82A5014E02AB194F876
:101C30003C205AB184F82A600DE094F83D2012B19E
:101C400084F82A6007E084F82A5004E084F82A50D7
:101C500001E084F82A50C4F82C80C4F834C084F819
:101C60004C50A563617584F84D50827904F11401DC
:101C70000068BDE8F00306F08BBE2DE9F041044694
:101C80002068064606F06BFD012876D1206807F033
:101C900063F8002871D0206807F05EF8800203D551
:101CA00021684FF400104861206807F055F8C00221
:101CB00003D521684FF480104861206807F04CF884
:101CC000400103D521684FF080604861206807F02B
:101CD00043F8800702D5216802204861206807F098
:101CE0003BF8800018D521684FF000504861D6F8C5
:101CF0004004C00710D11021304606F002FD3046E6
:101D000006F0DFFC607A022803D10121206806F08A
:101D1000FDFF2046FFF7C8FE206807F01DF8C00150
:101D200002D5204602F054FB206807F015F80007A2
:101D300005D5204600F0D3F82168082048612068C6
:101D400007F00AF8800125D5206806F01DFE074639
:101D500000254FF0010816E005F00F0108FA01F028
:101D600038420FD006EB4510D0F80005000405D529
:101D7000E9B2204601F082FF04E01EE0E9B220460D
:101D800002F089F96D1C6079A842E5D821684FF00E
:101D900000704861206806F0DFFFC043C0060CD425
:101DA0002068816921F010018161204602F060FB0A
:101DB0002068816941F010018161BDE8F081F8B5CA
:101DC0000446002C05D0256894F8D503002610B1F0
:101DD00006E00120F8BD84F8D463204600F032F814
:101DE000032084F8D503B5F1A04F00D1A671206877
:101DF00006F02EFC207C8DF8000094E80F0006F021
:101E0000B9FB022518B184F8D5530120F8BD012192
:101E1000206806F0DEFF18B184F8D5530120F8BD24
:101E2000207C8DF8000094E80F0006F0F9FE18B150
:101E300084F8D5530120F8BD012084F8D503002093
:101E4000F8BD000010B586B00446142101A8FEF7C5
:101E500047FD2068B0F1A04F2FD10021184802683B
:101E600042F001020260006800F0010000904FF4AF
:101E7000C0500190022002900391032004900A2098
:101E8000059001A90F48FFF70FFD0D48001D0168DF
:101E900041F0800101600A481430016841F480413A
:101EA0000160006800F48040009000221146432049
:101EB00000F050FC432000F03FFC06B010BD0000D5
:101EC0003038024000000240D0F8DC0304F037BC98
:101ED000D0F8DC0304F03ABC006806F060BFD0F82C
:101EE000DC0304F0EEBB10B5044694F8D4030128DB
:101EF0000DD0012084F8D4030121206806F0BEFB38
:101F0000206806F0D8FB002084F8D40310BD02201E
:101F100010BD10B5044694F8D403012809D001205F
:101F200084F8D403206806F084FF002084F8D403EA
:101F300010BD022010BD10B50446002C12D0242084
:101F400084F83D002068016821F00101016020460D
:101F500000F0C6FA00203034206160732060A07366
:101F6000207310BD012010BD70B50446002C04D0B4
:101F700094F83D00002510B106E0012070BD84F802
:101F80003C50204600F0DCFA242084F83D00206814
:101F9000016821F0010101602068016841F40041FD
:101FA00001602068016821F40041016000F0CEFC6E
:101FB0004F4B6168994203D84E49884203D304E0ED
:101FC0004D49884201D2012070BD4C49B0FBF1F16E
:101FD0002268566826F03F060E43566062689A42B1
:101FE00001D8491C07E04FF4967251434FF47A72BE
:101FF000B1FBF2F1491C2268166A26F03F06314314
:1020000011626168994210D84900401EB0FBF1F29C
:10201000521CC2F30B02042A01D2042022E0B0FBBE
:10202000F1F0401CC0F30B001CE0A268F2B301EB1E
:10203000C10303EB0116431EB3FBF6F35B1C43F431
:1020400080431B0549D092B301EBC10202EB0111A1
:10205000401EB0FBF1F0401CC0F30B0040F4804088
:1020600040F400402168CA694CF6FF739A4310435C
:10207000C861D4E9071001432068026822F0C00259
:1020800011430160D4E9030101432068826848F2EA
:10209000FF339A4311438160D4E90510014320685E
:1020A000C26822F0FF021143C16001E00EE016E0B9
:1020B0002068016841F0010101602564202084F856
:1020C0003D00256384F83E50002070BD01EB4106C1
:1020D000431EB3FBF6F35B1CB3E70120C2E701EB41
:1020E0004101401EB0FBF1F0401CC0F30B00B7E70C
:1020F000A086010080841E0000093D0040420F00C0
:102100002DE9FF4F83B00446DDE911988A469346D6
:10211000109FFFF7BFFC054694F83D00202803D030
:10212000022007B0BDE8F08F19230122984920460C
:10213000009502F07BFB08B10220F2E794F83C0026
:10214000012807D0012084F83C0020680168C907F5
:1021500002D005E00220E4E7016841F001010160DE
:102160002068016821F400610160222084F83D00AC
:10217000402084F83E00002626646762A4F82A9076
:10218000608D20858348E062CDE900855A4651463E
:102190002046069B02F006FA08B10120C1E7208D17
:1021A00048B1012810D002281CD0206841698069FC
:1021B0000290794FE1E020684169816902910168EC
:1021C00041F400710160F4E72068016821F4806146
:1021D00001602068416981690291016841F40071E0
:1021E0000160E6E72068016821F4806101602068F1
:1021F000016841F4006101602068416980690290D2
:10220000D7E703287ED801280BD002281FD04346E9
:10221000002239462046009502F008FBF0B3012069
:102220007FE72A464146204602F0BAFB08B101206A
:1022300077E720680069616A0870606A401C606224
:10224000208D401E2085608D401E608595E04346B0
:10225000002239462046009502F0E8FA08B1012034
:102260005FE72068016841F400710160206800693F
:10227000616A0870606A401C6062218D491E218578
:10228000618D491E6185216809690170606A401C81
:102290006062208D401E2085608D00E002E0401EBF
:1022A00060856AE02068016821F48061016020682F
:1022B0000069616A0870606A401C6062208D401E7F
:1022C0002085608D401E60854346002239462046A9
:1022D000009502F0ABFA08B1012022E720680168FE
:1022E00041F40071016020680069616A0870606AE9
:1022F000401C6062218D491E2185618D491E6185CA
:10230000216800E00BE009690170606A401C6062AE
:10231000208D401E2085608D401E60852DE02A4660
:102320004146204602F03CFB08B10120F9E6206856
:102330000069616A0870606A401C6062208D401EFE
:1023400081B22185608D401E608520684269D2433C
:10235000520712D4032903D1016821F4806101607E
:1023600020680069616A0870606A401C6062208DA4
:10237000401E2085608D401E6085208D00287FF4E2
:1023800040AF20203C346070A67026700020C8E664
:10239000020010000000FFFF040001002DE9FF4FC4
:1023A00083B00446DDE911988A469346109DFFF7F5
:1023B00071FB064694F83D00202803D0022007B0A8
:1023C000BDE8F08F1923012243492046009602F010
:1023D0002DFA08B10220F2E794F83C00012807D05A
:1023E000012084F83C0020680168C90702D005E09C
:1023F0000220E4E7016841F0010101602068016802
:1024000021F400610160212084F83D00402084F81F
:102410003E00002727646562A4F82A90608D20851D
:102420002E48E062CDE900865A4651462046069B7A
:1024300002F058F980B30120C1E7324641462046F8
:1024400002F0E9FA48B1206C042804D12068016840
:1024500041F4007101600120B1E7606A21680078F1
:102460000861656A6D1C6562208D401E80B2208502
:10247000618D491E618523685969C94349070BD499
:1024800050B128781861606A401C6062208D401E3F
:102490002085608D401E6085208D0028CDD132467C
:1024A0004146204602F096F948B1206C042804D138
:1024B0002068016841F40071016001207FE71F344A
:1024C00054F81F0C016841F4007101602020A077CE
:1024D000E7776777002072E7020010000000FFFF37
:1024E00010B501681248134A134C81420DD110688F
:1024F00020F40010106089152046FFF737F96115A8
:102500002046BDE81040FFF731B90C4881420ED19A
:10251000106820F48000106009152046FFF726F9A6
:102520002046BDE810404FF40061FFF71FB910BD11
:10253000005400404038024000040240005800406F
:10254000F0B587B00446142102A8FEF7C9F9216846
:10255000234CDFF888C00027214A122303250426D4
:102560002048103461451AD1116841F00201116010
:10257000116801F00201019129020291039304976D
:102580000595069602A9FFF78FF9206840F4001020
:102590002060206800F40010019007B0F0BDDFF863
:1025A00048C06145F9D1116841F00201116011681C
:1025B00001F0020101914FF44061029103930497ED
:1025C0000595069602A9FFF76FF9206840F4800090
:1025D0002060206800F480000190DEE70054004095
:1025E0003038024000040240005800400248816830
:1025F00002781144816070473000002010B50B480C
:10260000016841F400710160016841F4806101607A
:10261000016841F480710160032000F0BBF80F20D5
:1026200000F006F800F052F8002010BD003C024017
:1026300030B587B0054600241E48016841F01001FE
:102640000160006800F01000009001A902A800F0ED
:1026500059F90598A8B100F079F940001649B0FB86
:10266000F1F1491E1648154A026040F2E732C26095
:10267000416004618460846100F0F2FC04461CB196
:1026800015E000F063F9E9E70D4800F089FD044624
:102690006CB9362000F050F8102D07D200222946E0
:1026A000362000F057F80748056000E0012407B025
:1026B000204630BD4038024040420F00001000402C
:1026C00034050020340000207047000008B50A4897
:1026D000016841F480410160006800F4804000908E
:1026E0000548001F016841F080510160006800F05A
:1026F0008050009008BD000044380240002809DBEB
:1027000000F01F02012191404009800000F1E0200B
:10271000C0F88012704700280DDB00F01F02012175
:1027200091404009800000F1E020C0F88011BFF323
:102730004F8FBFF36F8F7047002809DB00F01F0237
:10274000012191404009800000F1E020C0F8001113
:1027500070470000F0B40D460D4B1B68C3F3022315
:10276000C3F10704042C00D90424191D072901D240
:10277000002300E0DB1E012606FA04F1491E294071
:1027800099409E40761E16403143F0BC06F020BCB6
:102790000CED00E000F00701054A10684FF6FF035A
:1027A000184040EA012003490843106070470000C8
:1027B0000CED00E00000FA052DE9F04704460D4657
:1027C000002C13D0DFF82891D9F80000EFB200F008
:1027D0000700A8420CD289F80070D9F8000000F078
:1027E0000700A84204D00120BDE8F0870120FBE7E4
:1027F0002068404E810712D5400703D5306840F469
:10280000E05030602078000703D5306840F4604025
:1028100030603068A16820F0F00008433060207814
:10282000C00731D0334960680839012808D0022830
:102830000BD0032809D0096889070BD40120D3E7FE
:102840000968890306D40120CEE70968890101D40B
:102850000120C9E7316821F0030101433160FFF72E
:1028600019F9804641F2883A07E0FFF713F9A0EB27
:102870000800504501D90320B6E73068616800F0D0
:102880000C00B0EB810FF0D1D9F8000000F0070088
:10289000A84209D989F80070D9F8000000F00700B3
:1028A000A84201D001209FE72078400705D5306875
:1028B000E16820F4E050084330602078000706D536
:1028C0003068216920F4604040EAC100306000F0C7
:1028D0005DF83168084AC1F30311515CC8400749EB
:1028E000086007480068FFF7A3FE00207CE70000AF
:1028F000003C02400838024010E800083C0000207C
:10290000340000200F2202600B4A136803F0030317
:102910004360136803F0F0038360136803F4E0532B
:10292000C360126802F46042D20802610348006882
:1029300000F007000860704708380240003C024081
:1029400001480068704700003C00002000B5FFF718
:10295000F7FF04490968044AC1F38221515CC84069
:1029600000BD00000838024020E8000800B5FFF76D
:10297000E7FF04490968044AC1F34231515CC84089
:1029800000BD00000838024020E8000810B51748D4
:10299000006810F00C01164816D0164B042912D00E
:1029A000082911D1114C241F216801F03F02216830
:1029B00049020AD52068C0F38810A0FB0301002358
:1029C000FDF7BDFC09E0184610BD21680023C1F3E6
:1029D0008811A1FB0001FDF7B2FC2168C1F30141A0
:1029E000491C4900B0FBF1F010BD0000083802405E
:1029F0000024F40040787D012DE9F84F0446002CB6
:102A000013D02078DFF8A083C007A8F1040556D0C2
:102A100008F104000168C1F3810101290CD00068AC
:102A2000C0F38100022803D00DE00120BDE8F88F3B
:102A3000D8F80000400206D5286880033FD56068BA
:102A400070BB0120F2E76068B0F5803F10D0B0F5B0
:102A5000A02F12D0286820F480302860286820F445
:102A6000802028606068E0B1FFF714F8064614E0A3
:102A7000286840F480302860F4E7286840F480201B
:102A80002860286840F480302860EBE7FFF702F800
:102A9000801B642801D90320C8E728688003F5D586
:102AA0000DE0FEF7F7FF064606E0FEF7F3FF801B9A
:102AB000642801D90320B9E728688003F5D4207879
:102AC000BA4F80074FF0000948D5B748001D01688C
:102AD00011F00C0F08D00068C0F38100022813D158
:102AE000D8F8000040020FD42868800704D5E068B9
:102AF000012801D0012099E72868216920F0F80019
:102B000040EAC100286029E0E068B8B101203860DF
:102B1000FEF7C0FF064606E0FEF7BCFF801B02285A
:102B200001D9032082E728688007F5D52868216944
:102B300020F0F80040EAC10028600FE0C7F80090DC
:102B4000FEF7A8FF064606E0FEF7A4FF801B02285A
:102B500001D903206AE728688007F5D420780007A8
:102B600029D5DFF844A2924861690AF1700A89B157
:102B700001210160FEF78EFF064606E0FEF78AFFA0
:102B8000801B022801D9032050E7DAF800008007F3
:102B9000F4D510E0C0F80090FEF77CFF064606E092
:102BA000FEF778FF801B022801D903203EE7DAF800
:102BB00000008007F4D42078400778D54FF0000A51
:102BC00079483C300068C0000BD477483C3001683D
:102BD00041F080510160006800F0805000904FF09B
:102BE000010ADFF8D0B1DBF80000C00514D4DBF82F
:102BF000000040F48070CBF80000FEF74BFF064663
:102C000006E0FEF747FF801B022801D903200DE7ED
:102C1000DBF80000C005F4D5634EA0686C360128CF
:102C20000FD0052812D0306820F0010030603068E5
:102C300020F004003060A068F8B1FEF72BFF834657
:102C400017E0306840F001003060F4E7306840F091
:102C500004003060306840F001003060EBE7FEF7C0
:102C600019FFA0EB0B0141F28830814201D903200A
:102C7000DCE630688007F2D510E0FEF70BFF8346F4
:102C800009E0FEF707FFA0EB0B0141F2883081421B
:102C900001D90320CAE630688007F2D4BAF1010FE7
:102CA00005D141483C30016821F080510160A069A4
:102CB000C0B33D49091D09684FF0FF36C1F38101DA
:102CC000022946D0022805D0C7F86090FEF7E2FE40
:102CD00004463AE0C7F86090FEF7DCFE814607E064
:102CE000FEF7D8FEA0EB0900022801D903209DE6DB
:102CF00028688001F4D4D4E907010843616AA26A14
:102D0000890106EB520241EA0241084394F82C1073
:102D100040EA0160C8F8000001203866FEF7BAFEFC
:102D2000044607E03DE0FEF7B5FE001B022801D98E
:102D300003207BE628688001F5D532E0FEF7AAFE85
:102D4000001B022801D9032070E628688001F5D411
:102D500027E0012823D0D8F80000E26900F48001C0
:102D600091421AD1226A00F03F01914215D147F6F3
:102D7000C071626A0140B1EB821F0ED1A26A00F4F9
:102D8000403106EB5202B1EB024F06D194F82C1001
:102D900000F07060B0EB016F03D0012046E6012027
:102DA00044E6002042E600000438024000004742AA
:102DB000800E47420070004070B50446002C03D0DE
:102DC0006079002510B105E0012070BD2571204615
:102DD00000F00CF8022060712068016841F00401E5
:102DE000016001206071A560002070BD08B5006819
:102DF0000649884208D10648016841F04001016057
:102E0000006800F04000009008BD00000008065077
:102E10003438024070B50446002C0AD0606A0025A0
:102E200048B1256165614FF4005694F8510040B1F6
:102E30000CE0012070BD6068B0F5827FF3D0E561E1
:102E4000F1E784F85050204600F04CF8022084F856
:102E500051002068016821F040010160A0882189AB
:102E600000F4827001F404410843A18901F4006177
:102E70000843217C01F002010843217D01F001019A
:102E80000843218B01F400710843217F01F03801D0
:102E9000084394F8201001F080010843218D01F4CB
:102EA0000051084321680860A069042101EA10402C
:102EB00094F8241001F01001084321684860A06ACA
:102EC000B04203D1A08D216880B208612068C16939
:102ED00021F40061C1616565012084F85100002082
:102EE00070BD000070B586B00446142101A8FDF73E
:102EF000F7FC1D492068884234D11C48016841F420
:102F000000410160006800F400400090174810384C
:102F1000016841F001010160016801F001010091C7
:102F2000016841F004010160006800F004000090B5
:102F30004FF40040019002240294012003900326E4
:102F400004960625059501A90948FEF7ADFC4FF446
:102F5000E0500190029403940496059501A9054858
:102F6000FEF7A2FC06B070BD003C004040380240B5
:102F700000000240000802407047704710B590F80A
:102F80003C20012A22D0012280F83C20CA6800237C
:102F90008C6822F4407222434C6822F480622243FF
:102FA0000C6822F4006222430C6922F4805222430E
:102FB0004C6922F400522243C96922F480420A4338
:102FC00001684A6480F83C30002010BD022010BD2A
:102FD00070B590F83C20012A31D0012680F83C6081
:102FE000022280F83D2002685468936824F070053E
:102FF0000C682C435460134C0268A24214D0B2F106
:10300000804F11D0104CA2420ED0104CA2420BD0D7
:103010000F4CA24208D00F4CA24205D00E4CA24247
:1030200002D00E4CA24204D123F080034968194318
:1030300091603C30467000210170002070BD02207C
:1030400070BD000000000140000400400008004086
:10305000000C004000040140004001400018004006
:1030600010B50446002C03D094F83D0010B107E0E1
:10307000012010BD002084F83C00204600F016F826
:10308000022084F83D00211D206802F065FA01202D
:103090003D3460726070A070E07020716071A0714A
:1030A000E07120722070002010BD000010B586B0C5
:1030B0000446142101A8FDF713FC314B20680022BF
:1030C0003049984209D1086840F002000860086859
:1030D00000F00200009006B010BD2B4B98421DD1AD
:1030E000086840F004000860086800F004000090E0
:1030F00024481038016841F008010160006800F0C0
:10310000080000909814019002200290039204920B
:10311000059001A91D48FEF7C7FBDCE71C4A904259
:1031200008D1086840F020000860086800F020001E
:103130000090D0E7134A174B121D984208D110682F
:1031400040F002001060106800F002000090C2E73A
:10315000114B984208D1106840F40030106010689C
:1031600000F400300090B6E70C4A9042B3D10868F2
:1031700040F480700860086800F480700090AAE74E
:10318000000400404038024000080040000C0240AB
:1031900000140040000401400044014000200040B1
:1031A00090F83D10012901D001207047022180F8DC
:1031B0003D100168CA6842F00102CA600068144903
:1031C000884214D0B0F1804F11D0124988420ED0FD
:1031D000114988420BD01149884208D010498842D1
:1031E00005D01049884202D00F49884209D1816830
:1031F00001F00701062908D0016841F001010160D2
:1032000003E0016841F00101016000207047000007
:10321000000001400004004000080040000C004095
:1032200000040140004001400018004070B5044611
:10323000002594F83C00012817D0012684F83C6052
:10324000022084F83D002068826822F0770222F490
:103250007F4282600868502838D00DDC202853D087
:1032600005DC90B3102811D14EE0022070BD30284B
:103270004AD040280AD13DE0602831D070280CD0D7
:10328000B0F5805F03D0B0F5005F12D001253C346B
:10329000667000202070284670BDCB68D1E90121FE
:1032A000206802F0D0F92068816841F077018160E0
:1032B000EDE7CB68D1E90121206802F0C4F920686C
:1032C000816841F480418160E1E71DE0CA68496896
:1032D000206802F09BFA5021206802F0BEF9D6E780
:1032E000CA684968206802F0E3FA6021206802F0A9
:1032F000B4F9CCE7CA684968206802F087FA40212F
:10330000206802F0AAF9C2E722680146104602F0DE
:10331000A4F9BCE7704770B505460C46002695F841
:103320003C0001280FD0012085F83C006AB1042A36
:103330001CD0082A2CD00C2A3BD00126002085F86E
:103340003C00304670BD022070BDD4E90012E36835
:10335000286802F06DFA2868816921F00C0181610A
:1033600028688169A26811438161E7E7D4E9001206
:10337000E368286802F0AEFA2868816921F44061A8
:10338000816128688169A26841EA02218161D5E7EB
:10339000D4E90012E368286802F0B7FA2868C16926
:1033A00021F00C01C1612868C169A2681143C161A3
:1033B000C4E7D4E90012E368286802F0BFFA28687D
:1033C000C16921F44061C1612868C169A26841EA0C
:1033D0000221C161B2E710B50446002C03D094F875
:1033E0003D0010B107E0012010BD002084F83C0032
:1033F000204600F015F8022084F83D00211D2068C9
:1034000002F0AAF801203D3460726070A070E07094
:1034100020716071A071E07120722070002010BDD9
:1034200070472DE9F04104462068C56806694FF0F1
:103430000007B10714D5A90712D5F91E01610120B3
:10344000207720688069800703D02046FFF762FF5D
:1034500005E0204600F01FF9204600F0D5F9277757
:10346000700717D5680715D521686FF0040008614B
:10347000022020772068806910F4407F03D0204626
:10348000FFF748FF05E0204600F005F9204600F070
:10349000BBF92777300716D5280714D521686FF0B8
:1034A00008000861042020772068C069800703D0E5
:1034B0002046FFF72FFF05E0204600F0ECF82046FD
:1034C00000F0A2F92777F00617D5E80615D5216890
:1034D0006FF010000861082020772068C06910F4A0
:1034E000407F03D02046FFF715FF05E0204600F09F
:1034F000D2F8204600F088F92777F00708D0E807CF
:1035000006D021686FF001000861204600F02AFA19
:10351000300608D5280606D521686FF080000861BE
:103520002046FFF729FD700608D5680606D52168F4
:103530006FF040000861204600F01EFAB0060AD580
:10354000A80608D521686FF0200008612046BDE874
:10355000F041FFF712BDBDE8F0810000F0B587B083
:103560000446142102A8FDF7BBF92E4D2168002363
:103570002D4A02242D48A94213D1116841F00401BB
:103580001160116801F0040101914FF46071029122
:10359000039404930593069402A9FEF785F907B0F6
:1035A000F0BD234DA94212D1106840F00800106010
:1035B000106800F0080001904814029003940493EE
:1035C0000593069402A91B48FEF76EF9E7E71A4F28
:1035D00040260325B94210D1116841F00401116061
:1035E000116801F00401019102960394049405937B
:1035F000069502A9FEF758F9D1E710488142CED1CD
:10360000106840F020001060106800F02000019069
:103610000296039404930593069502A90848FEF7C1
:1036200043F9BCE700040040303802400008024083
:1036300000080040000C024000040140004401402A
:103640000014024070B50446002594F83C0001289F
:103650000FD0012084F83C006AB1042A0FD0082A58
:1036600011D00C2A13D00125002084F83C002846F4
:1036700070BD022070BD206801F0F8FFF4E72068FB
:1036800002F028F8F0E7206802F05EF8ECE7206826
:1036900002F092F8E8E7704710B50446002C03D01A
:1036A00094F83D0010B107E0012010BD002084F81F
:1036B0003C00204600F015F8022084F83D00211D52
:1036C000206801F049FF01203D3460726070A070F5
:1036D000E07020716071A071E07120722070002094
:1036E00010BD704770B504460D46002694F83C00A6
:1036F00001280FD0012084F83C006AB1042A1FD0B1
:10370000082A32D00C2A44D00126002084F83C003C
:10371000304670BD022070BD2946206801F0A6FF2A
:103720002068816941F0080181612068816921F088
:1037300004018161206881692A6911438161E4E79C
:103740002946206801F0C6FF2068816941F40061C4
:1037500081612068816921F48061816120688169CB
:103760002A6941EA02218161CFE72946206801F0F8
:10377000EBFF2068C16941F00801C1612068C1699F
:1037800021F00401C1612068C1692A691143C16146
:10379000BBE72946206802F00FF82068C16941F4B0
:1037A0000061C1612068C16921F48061C161206844
:1037B000C1692A6941EA0221C161A6E710B5044640
:1037C000002C03D094F83D0010B107E0012010BD9B
:1037D000002084F83C00204600F015F8022084F810
:1037E0003D00211D206801F0B7FE01203D346072CC
:1037F0006070A070E07020716071A071E071207243
:103800002070002010BD70477047000010B50446BE
:10381000002909D004290AD008290BD094F84100C6
:1038200001280AD0012010BD94F83E00F8E794F872
:103830003F00F5E794F84000F2E70220A9B304291D
:1038400037D0082938D084F841000122206801F0DF
:10385000EDFE1E4920681E4A884201D0904203D1E5
:10386000436C43F4004343642068884213D0B0F1B2
:10387000804F10D0174988420DD0174988420AD08E
:103880001649884207D0904205D01549884202D097
:103890001449884213D1816801F00701062912D02A
:1038A000016841F0010101600DE0FFE784F83E008E
:1038B000CBE784F83F00C8E784F84000C5E701681B
:1038C00041F001010160002010BD00000000014036
:1038D000000401400004004000080040000C0040CB
:1038E000004001400018004030B504460D4600225B
:1038F0002946206801F09AFE184A41F21111206809
:103900008B10904202D0164A904209D1026A0A42B4
:1039100006D1026A1A4203D1426C22F40042426488
:103920002068026A0A4206D1016A194203D101687D
:1039300021F00101016001203DB1042D08D0082DC6
:1039400009D084F84100002030BD84F83E00FAE739
:1039500084F83F00F7E784F84000F4E700000140F6
:103960000004014000680349884201D1FEF73EBED1
:103970007047000000100040704770B50446002CEE
:1039800004D094F84100002510B106E0012070BD7C
:1039900084F84050204600F023F8242084F84100A9
:1039A0002068C16821F40051C160204602F00AF885
:1039B0002068016921F4904101612068416921F08A
:1039C0002A0141612068C16841F40051C160656409
:1039D000202084F8410084F842006563002070BD17
:1039E000F0B587B00446142102A8FCF779FF444AD9
:1039F000424821680024424D143A0223072781429D
:103A00001CD1286840F010002860286800F01000E1
:103A10000190106840F001001060106800F0010093
:103A200001904FF4C06002900393049305940697AD
:103A300002A93448FDF738FF07B0F0BD304EDFF87B
:103A4000C8C0361F3148614519D1316841F4003191
:103A50003160316801F400310191116841F00801D1
:103A60001160116801F00801019160210291039336
:103A700004930594069702A9FDF716FFDCE7DFF82B
:103A800090C061451AD1316841F4802131603168BC
:103A900001F480210191116841F008011160116861
:103AA00001F0080101914FF44071029103930493D6
:103AB0000594069702A9FDF7F7FEBDE71548814278
:103AC000BAD1286840F020002860286800F0200063
:103AD0000190106840F040001060106800F0400055
:103AE00001904FF4844002900393049305940820BE
:103AF000069002A90848FDF7D7FE9DE70010014097
:103B0000443802400000024000440040000C0240E3
:103B10000048004000140140001802402DE9F84F11
:103B200004460E461546984694F84200202802D0D6
:103B30000220BDE8F88FBEB1B5B10020606422213B
:103B400084F842102063FDF7A5FF8246A585E58530
:103B5000A0684FF48057B84201D1206930B1354692
:103B600000264FF0200928E00120E2E70025F8E7D1
:103B70005346002220212046CDF8008001F0ACFF02
:103B800018B184F842900320D3E725B1A068B84269
:103B900019D038B108E020684068C0F3080026F862
:103BA000020B07E0206970B12068406800F07F00D8
:103BB00028706D1CE08D401EE085E08D0028D7D177
:103BC00084F84290B5E7206840682870F1E72DE955
:103BD000F84304460E4615461F4694F84100202837
:103BE00002D00220BDE8F8837EB175B10020606488
:103BF000212084F84100FDF74DFF8146A584E5842E
:103C0000A068B0F5805F02D003E00120EAE72069F8
:103C100020B1354600264FF0200815E00025FAE7D0
:103C20004B46002280212046009701F055FF18B135
:103C300084F841800320D5E7ADB1216815F8010B68
:103C40004860E08C401EE084E08C0028E8D14B46C0
:103C5000002240212046009701F03EFF50B184F839
:103C600041800320BEE736F8020B2168C0F308004C
:103C70004860E6E784F841800020B3E72DE9F05F73
:103C800005460E4628688346314605F05DF8C6EBCA
:103C9000061140074FF007074FF0040805EB8104B9
:103CA0000AD50BEB4610C0F8088584F84D703146F4
:103CB000286804F058FD4BE03146286805F044F8C8
:103CC000C0054FF008090CD50BEB46114FF480707E
:103CD000C1F8080584F84D903146286804F043FD8A
:103CE00036E03146286805F02FF800070BD50BEBBE
:103CF0004610C0F80895062084F84D003146286823
:103D000004F031FD24E03146286805F01DF8400537
:103D10000DD50BEB46114FF48060C1F80805092062
:103D200084F84D003146286804F01DFD10E031464E
:103D3000286805F009F800060AD50BEB461180202B
:103D4000C1F8080584F84D703146286804F00BFD71
:103D50003146286804F0F8FF80050BD53146286805
:103D600004F001FD0BEB46114FF40070C1F808059B
:103D7000BDE8F09F3146286804F0E6FFC0074FF029
:103D8000200A4FF001094FF0000751D00BEB461805
:103D9000C8F808A5E07E012806D1E776D8F8040522
:103DA00020F48030C8F80405A87930B1206BD8F829
:103DB0001015C1F31201401AA0634A4684F84D90D1
:103DC0006764C8F8082594F8260030B1022804D0AA
:103DD00003280AD0012808D013E03146286804F0EF
:103DE000C2FC1020C8F808050BE0D8F8000540F028
:103DF0000050C8F8000584F84C2031462846FDF7ED
:103E0000C1FEA879012805D014F83C0F80F001000C
:103E10002070ADE7208DA16B0144491EB1FBF0F08D
:103E2000C007A5D014F83C0F80F0010020709FE778
:103E30003146286804F088FF800611D50BEB461048
:103E4000C0F808A5A07E012892D184F81B90032019
:103E500084F84D0031462868BDE8F05F04F083BC6B
:103E60003146286804F070FF80074FF0050A7DD5C1
:103E70000BEB46100222C0F8082594F84D100129DA
:103E800016D0062919D007291CD009291AD00529CE
:103E90003ED0032971D004296AD0082969D00229AB
:103EA000B7D094F84C2031462846FDF76BFE5FE70B
:103EB00084F84D2084F84C90F3E784F84D2084F882
:103EC0004CA0EEE784F84D20616C491C6164022926
:103ED0000ED96764A17E012907D1E7762777D0F84C
:103EE000041521F48031C0F8041584F84C80D8E71B
:103EF00084F84C2094F8261009B10229D1D1D0F8C9
:103F0000001521F0804141F00041C0F80015C8E7DC
:103F100084F84D20E17E0129C3D194F826100329AD
:103F20000FD084F84C2094F8261009B10229B8D19A
:103F3000D0F8001521F0804141F00041C0F8001593
:103F4000AFE7A16C491CA164022913D9A764E776E5
:103F5000616C032901D284F81C90D0F8041521F477
:103F60008031C0F8041584F84C80DCE744E004E0BC
:103F700028E039E084F84C20D5E784F84D20E17E34
:103F800001298ED184F84C2000F20450016841F4DC
:103F900080310160816841F040018160816821F0D9
:103FA00020018160A0F2045094F8261009B1022982
:103FB00087D1D0F8001521F0804141F00041C0F8D0
:103FC00000156EE784F84D2084F84C2094F82610F4
:103FD00009B102298BD1D0F8001521F0804141F0C0
:103FE0000041C0F800155CE784F84D20606C401C6F
:103FF000606484F84C8054E73146286804F0A4FEDD
:1040000040060FD50BEB46114020C1F8080584F897
:104010004DA0A07E00B9676431462868BDE8F05F16
:1040200004F0A1BB3146286804F08EFEC0067FF57F
:10403000F0AE94F82600032803D050B1022808D02F
:1040400013E0676484F84D803146286804F08BFBE8
:104050000BE06764A87910B1E07E012805D184F8EF
:104060004D803146286804F07EFBE07E01280CD1AB
:10407000E7760BEB461000F20450016821F4803122
:104080000160816841F0200181600BEB4611102036
:10409000C1F808056CE62DE9F05F05460F46286873
:1040A0000646394604F050FEC7EB071140074FF0B3
:1040B000040B05EB81040CD506EB4710C0F808B5DE
:1040C000072084F84D0039462868BDE8F05F04F009
:1040D0004ABB3946286804F037FE80064FF00008D6
:1040E0004FF0010A4FF0020928D506EB47112020B6
:1040F000C1F80805607E0326012809D184F81980DB
:1041000084F84C9084F84D603946286804F02BFB05
:10411000A07E012810D1E07E00280DD194F8260061
:10412000012801D084F81BA084F84D603946286826
:1041300004F019FBC4F84480BDE8F09F39462868B4
:1041400004F002FE80050BD506EB47114FF400701A
:10415000C1F8080539462868BDE8F05F04F003BBE4
:104160003946286804F0F0FDC00726D0C4F8448022
:104170003946286804F0E8FD400606D584F819A001
:1041800006EB47114020C1F80805E07E48B184F8ED
:104190001B8006EB4710D0F8041521F48031C0F8DD
:1041A000041506EB4710C0F808A584F84DA0394661
:1041B0002868BDE8F05F04F0D6BA3946286804F0F4
:1041C000C3FD400612D5052084F84D00A07E08B935
:1041D00084F819A0C4F844803946286804F0C3FA6A
:1041E00006EB47114020C1F80805A5E739462868C5
:1041F00004F0AAFD00070DD506EB47110820C1F811
:104200000805062084F84D0039462868BDE8F05FAF
:1042100004F0A9BA3946286804F096FDC00613D503
:10422000C4F8448084F84DB0607E18B9207E08B987
:1042300084F819A03946286804F095FA06EB47116E
:104240001020C1F8080577E73946286804F07CFD9E
:1042500000062AD5A87970B1606C401C6064022801
:1042600011D9C4F844805A4684F84CB039462846DF
:10427000FDF788FC13E0072084F84D0039462868D4
:1042800004F071FA0BE084F84C9006EB4710D0F87C
:10429000001521F0804141F00041C0F8001506EB07
:1042A00047118020C1F8080546E73946286804F020
:1042B0004BFD40050DD5092084F84D00394628688E
:1042C00004F051FA06EB47114FF48060C1F808057D
:1042D00032E73946286804F037FD800785D506EBBC
:1042E0004711C1F8089594F84D00012817D003280C
:1042F0003AD0042840D005284ED0062851D00728AF
:1043000001D009289FD184F84D90606C401C6064F6
:1043100002284CD9C4F8448084F84CB051E084F8A9
:104320004D9084F84CA094F82600022801D0032870
:1043300047D1A87928B994F83D0080F0010084F8AD
:104340003D00A87901283CD1606B20B3218D084441
:10435000401EB0FBF1F0C00733D094F83D0080F070
:10436000010084F83D002CE084F84D90E07E0128A7
:1043700027D184F84C9024E084F84D9084F84C9038
:10438000E07E01281DD184F81B80D1F8040520F4BB
:104390008030C1F8040514E084F84D9084F84C9006
:1043A0000FE084F84D90052084F84C0009E084F873
:1043B0004C90D1F8000520F0804040F00040C1F85A
:1043C000000594F84C2039462846FDF7DBFBB3E6A0
:1043D0007CB505462C68D4F840040190D4F840041C
:1043E0000090009820F02E0000900198800709D5D9
:1043F0000198C00702D02846FDF752FB009840F014
:10440000020000900198000727D5009840F00800AE
:104410000090019840071DD5687A022803D0E879FA
:1044200001280FD012E00198C0F34140022804D0C7
:104430000121286804F06AFC08E00221286804F0E1
:1044400065FC03E04EF66020C4F804042846FDF73E
:104450003FFD02E02846FDF737FD0198800603D5B1
:10446000009840F0200000900098C4F840047CBD03
:104470002DE9F041034618680746016A01F00F066E
:10448000C1F34342C1F30A15022A2ED1002D2CD0CC
:10449000C6EB061103EB8104E16A002925D0A26B6B
:1044A000636B2A449A4222D8AAB204F059FCE06A0B
:1044B0002844E062A06B2844A06307EB4610D0F8C4
:1044C0001015C1F3C941228DAA420ED100290CD08A
:1044D000D0F8001521F0804141F00041C0F80015EE
:1044E00014F83C0F80F001002070BDE8F08104203A
:1044F00084F84C00F9E7FEE701684A69D2435205A7
:104500000FD46FF480624A61002140F8301F2022EE
:1045100042738173026942F0040202610173012057
:104520007047002070472DE9F04186B006460C9D8B
:104530000F4614469846142101A8FCF7D1F93068BB
:1045400020F0010030600120029000200390022042
:104550000490019401A93846FDF7A6F901222146ED
:104560003846FDF790FA019501A94046FDF79CF900
:10457000012229464046FDF786FA0120FDF736F86C
:104580001220029004200590019401A93846FDF7FD
:104590008BF9019501A94046FDF786F906B0BDE803
:1045A000F08100002DE9F84F04460B9E0F4690461F
:1045B0001D462068016841F480610160206801683F
:1045C00041F48071016000964FF0011A00225146BB
:1045D00020460A9B00F02AF94FF4007940B1206888
:1045E0000068C00501D5C4F840900320BDE8F88FED
:1045F000216807F0FE000861DFF8E4B03346594651
:1046000020460A9A00F068F908B10120EEE7206818
:10461000416980690090324620460A9900F0FBF912
:1046200048B1206C042804D12068016841F400716D
:1046300001600120DAE7284608F0FF0501280DD0C7
:1046400021684FEA18200861324620460A9900F096
:10465000E2F968B1206C042803D007E02068056106
:1046600008E02068016841F4007101600120BDE7A5
:1046700020680561324620460A9900F0CCF948B11D
:10468000206C042804D12068016841F400710160A5
:104690000120ABE72068016841F480710160009659
:1046A0000022514620460A9B00F0C0F838B120682D
:1046B0000068C00501D5C4F84090032096E7216842
:1046C000F8B240F0010008613346594620460A9A84
:1046D00000F002F908B1012088E7002086E7000019
:1046E000020001002DE9F8430446DDE908970D4674
:1046F000164698462068016841F4807101604B4677
:1047000000224FF001112046009700F08FF848B1C9
:1047100020680068C00502D54FF4007020640320B3
:10472000BDE8F883216805F0FE0008613B464A4673
:104730001C49204600F0D0F808B10120F0E72068BD
:104740004169806900903A464946204600F063F985
:1047500048B1206C042804D12068016841F400713C
:1047600001600120DCE7F5B2B8F1010F0CD021683F
:10477000300A08613A464946204600F04CF968B1D3
:10478000206C042803D007E02068056108E0206859
:10479000016841F4007101600120C1E720680561F2
:1047A0000020BDE7020001002DE9F04107460D465B
:1047B0001446FDF76FF9064607E0FDF76BF9801B1D
:1047C000A04202D90020BDE8F08178692842F4D0E7
:1047D0000120F8E770B504460D4616461FE0204656
:1047E000FFF78AFE08B1012070BD681C17D0FDF7E5
:1047F00051F9801BA84200D88DB920684069C04398
:1048000040070CD5002044F8300F20216173A073BD
:10481000216941F0200121612073012070BD2068D1
:104820004069C0434007DAD4002070BD2DE9F0474D
:104830000446DDF820900D4690461E46C5F3074716
:104840002FE0701C2DD0FDF725F9A0EB0900B04238
:1048500000D836BB012F17D02068806925EA0000F8
:104860000004000C1BD0002040451AD1002044F861
:10487000300F20216173A073216941F02001216173
:1048800020730120BDE8F0872068406925EA000018
:104890000004000C01D00020E6E70120E4E701203D
:1048A000E2E7012F0BD02068806925EA00000004B0
:1048B000000C0FD000204045C3D00020E2E7206864
:1048C000406925EA00000004000C01D00020F2E756
:1048D0000120F0E70120EEE72DE9F04704460D4600
:1048E000164698464FF000094FF0200AC5F30747D7
:1048F00043E020684069C043400517D42068016840
:1049000041F40071016021686FF480604861C4F86F
:10491000309084F83DA084F83E90206C40F0040074
:10492000206484F83C900120BDE8F087701C24D0FE
:10493000FDF7B0F8A0EB0800B04200D8EEB9012FA7
:1049400014D02068806925EA00000004000C14D00F
:10495000C4F8309084F83DA084F83E90206C40F07C
:104960002000206484F83C900120DDE72068406945
:1049700025EA00000004000CEAD1012F08D02068CD
:10498000806925EA00000004000CB2D10020CBE7CA
:104990002068406925EA00000004000CF6D0A8E772
:1049A0002DE9F04104460D46164600274FF0200839
:1049B0002AE04069C043C0060FD421686FF01000A0
:1049C0004861276384F83D8084F83E70206C206441
:1049D00084F83C700120BDE8F081FDF75BF8801B96
:1049E000A84200D885B920684069C04340060BD56D
:1049F00044F8307F84F80D80A773206940F02000D0
:104A0000206127730120E6E720684169C943490610
:104A1000CFD40020DFE770B504460D4616461FE0F0
:104A20002046FFF769FD08B1012070BD681C17D052
:104A3000FDF730F8801BA84200D88DB92068406986
:104A4000C04300060CD5002044F8300F20216173CC
:104A5000A073216941F0200121612073012070BD04
:104A600020684069C0430006DAD4002070BD000011
:104A70007FB50024009401940294039413481249D2
:104A800001604FF480314160846001250561057645
:104A900080F82040C4620E498162C460C56180F81C
:104AA00030404561FCF72EFC08B1FCF7B4F9092051
:104AB00000900195029469460448FCF777FB0028B2
:104AC00001D0FCF7A8F97FBD00200140F8000020CC
:104AD0000100000F10B50749054808600846FCF7BB
:104AE0008FFC002803D0BDE81040FCF794B910BD3E
:104AF00000300240000000201CB500240094019406
:104B00000F490E4808600846FCF7FEFC08B1FCF7A8
:104B100082F900940194002269460948FCF797FC49
:104B200008B1FCF778F9102269460548FCF78FFCBC
:104B3000002801D0FCF76FF91CBD00000074004094
:104B40004001002010B500280DD001242246082184
:104B50000648FCF798FF2246BDE810404FF48071EC
:104B60000348FCF790BF0024F0E70000000C02406F
:104B70000000024010B504490448FCF74EF9024910
:104B8000491E087010BD000009000020FCE7000865
:104B90002DE9F04F87B0142102A8FBF7A1FE0024F5
:104BA000B048016841F010010160016801F0100196
:104BB0000191016841F004010160016801F0040104
:104BC0000191016841F020010160016801F02001BC
:104BD0000191016841F080010160016801F08001EC
:104BE0000191016841F001010160016801F00101DA
:104BF0000191016841F002010160016801F00201C8
:104C00000191016841F040010160016801F040013B
:104C10000191016841F008010160006800F008009E
:104C20000190DFF844A2002249F2C4015046FCF78B
:104C30002AFFDFF838B24FF40057002239465846B1
:104C4000FCF721FFDFF82882002241F601014046EF
:104C5000FCF719FF00224EF2E4018648FCF713FF2F
:104C6000002243F6EE118448FCF70DFF00224CF2BF
:104C70001E018248FCF707FF4FF480790022494665
:104C80007F48FCF700FF48F20400029001250395DD
:104C90000495059402A95046FCF706FE44F208006C
:104CA00002900394049502A95046FCF7FDFD3020C4
:104CB00002900394049402A95046FCF7F5FDC0202D
:104CC0000290039502260496059402A95046FCF72B
:104CD000EBFD029703950496059402A95846FCF74C
:104CE000E3FD029503950496059402A94046FCF75E
:104CF000DBFD0420029003950496059602A95D4809
:104D0000FCF7D2FDE802029003950496059602A9ED
:104D10004046FCF7C9FD2F030297039504950596BD
:104D200002A94046FCF7C0FD4FF460400290039496
:104D3000049502A94046FCF7B7FD0295039404953B
:104D400002A94D48FCF7B0FD43F6020002904FF077
:104D50001108CDF80C800494059402A94648FCF78C
:104D6000A3FD0297CDF80C800494059402A9504647
:104D7000FCF79AFD02970394049602A93D48FCF7BC
:104D800093FD4EF2E000029003950496059402A96B
:104D90003848FCF789FD40F60140029003940494E2
:104DA00002A93648FCF780FDA803029003950494FD
:104DB000059402A93148FCF777FD48F218000290EB
:104DC00003950496059402A92C48FCF76DFD0C2070
:104DD000029003950496059402A92748FCF764FD08
:104DE000102002900394049402A92348FCF75CFD70
:104DF0002020029003950495059402A91E48FCF713
:104E000053FD4020029003950495059602A91A4887
:104E1000FCF74AFD4FF4C070029003950496059686
:104E200002A91548FCF740FDCDF8089003950496BB
:104E3000059402A91248FCF737FD0620029003955D
:104E40000494059602A90D48FCF72EFD80200290DF
:104E50000394049502A90948FCF726FD07B0BDE8B4
:104E6000F08F00003038024000100240000802407D
:104E7000001402400004024000180240000C0240EE
:104E80000000024010B50D480B4901600C4941601B
:104E900000218160C1604FF4804202614161816103
:104EA000C1610162FDF760F8002803D0BDE8104041
:104EB000FBF7B1BF10BD00000054004054010020BA
:104EC000A086010010B50D480B4901600C494160F6
:104ED00000218160C1604FF48042026141618161C3
:104EE000C1610162FDF740F8002803D0BDE8104021
:104EF000FBF791BF10BD000000580040A801002042
:104F0000A086010010B50749054808600846FDF76E
:104F100053FF002803D0BDE81040FBF77CBF10BD55
:104F200000080650FC01002010B50E480C49016035
:104F3000002141608160C160016141618161016264
:104F400041624FF4005181620A21C162FDF762FFA4
:104F5000002803D0BDE81040FBF75DBF10BD000086
:104F6000003C00400C02002030B587B01C21684690
:104F7000FBF7B6FC15481449016060254560002424
:104F8000846041F28831C160046180218161FEF753
:104F900067F808B1FBF73FFF0C48FEF70FFC08B1BC
:104FA000FBF739FF009501940294049400226946AE
:104FB0000648FEF797FB08B1FBF72DFF0348FEF705
:104FC000CDFA07B030BD000000440140840300204A
:104FD00010B50B48094901605421416000218160EE
:104FE0004FF47A72C26001618161FEF739F80028DE
:104FF00003D0BDE81040FBF70EBF10BD00200040FD
:10500000CC03002010B58EB000240A940B940C94AD
:105010000D94089409941C2101A8FBF761FC274812
:10502000254901604FF49651416084606421C1605C
:10503000046180218161FEF713F808B1FBF7EBFEF4
:105040004FF480500A900AA91C48FEF7EFF808B107
:10505000FBF7E1FE1948FEF7B1FB08B1FBF7DBFEF9
:105060000894099408A91548FDF7B2FF08B1FBF7A9
:10507000D2FE60200190029403940594042201A9B9
:105080000E48FEF72FFB08B1FBF7C5FE082201A969
:105090000A48FEF727FB08B1FBF7BDFE0C2201A969
:1050A0000648FEF71FFB08B1FBF7B5FE0348FEF705
:1050B00055FA0EB010BD000000040040640200204C
:1050C00010B592B000240E940F94109411940C9487
:1050D0000D94089409940A940B941C2101A8FBF7E1
:1050E000FFFB284826490160232141608460642138
:1050F000C160046180218161FDF7B2FF08B1FBF757
:105100008AFE4FF480500E900EA91E48FEF78EF8CE
:1051100008B1FBF780FE1B48FEF75DF908B1FBF70D
:105120007AFE1848FEF74AFB08B1FBF774FE0C94B0
:105130000D940CA91348FDF74BFF08B1FBF76BFE6C
:105140000894012009900A940B94002208A90D48A4
:10515000FEF7E1F808B1FBF75EFE602001900294D3
:1051600003940594042201A90648FEF7BBFA08B18E
:10517000FBF751FE0348FEF7F1F912B010BD000035
:1051800000080040AC0200201CB5002400940194EB
:105190000E480D490160A821416084604FF47A7186
:1051A000C16080218161FDF75BFF08B1FBF733FE31
:1051B0000094019469460548FDF70AFF002801D0D4
:1051C000FBF729FE1CBD000000140040F402002083
:1051D00030B595B0002411941294139414940F9444
:1051E00010941C2108A8FBF77BFB20216846FBF7E5
:1051F00077FB2D4D2B4828604FF47A706860AC60C7
:10520000E8604FF4807028616C618020A8612846B6
:10521000FDF726FF08B1FBF7FEFD4FF4805011901B
:1052200011A92148FEF702F808B1FBF7F4FD1E486A
:10523000FEF732FA08B1FBF7EEFD0F9410940FA9B8
:105240001948FDF7C5FE08B1FBF7E5FD30200890D1
:10525000012009900A940B940C940D940E94002252
:1052600008A91148FEF7EEF908B1FBF7D4FD28684C
:10527000816941F0080181610094019402940394D2
:1052800004944FF400500590079469460648FDF7D2
:1052900075FE08B1FBF7BFFD0348FEF75FF915B0D7
:1052A00030BD0000000401403C03002010B50C4854
:1052B0000A4901604FF4E131416000218160C16021
:1052C00001610C2242618161C161FEF756FB002839
:1052D00003D0BDE81040FBF79EBD10BD001001409B
:1052E0001404002010B50C480A4901604FF4E13164
:1052F000416000218160C16001610C2242618161D5
:10530000C161FEF73AFB002803D0BDE81040FBF76F
:1053100082BD10BD004400405C04002010B50C4864
:105320000A4901604FF4E131416000218160C160B0
:1053300001610C2242618161C161FEF71EFB002800
:1053400003D0BDE81040FBF766BD10BD004800402B
:10535000A404002010B50C480A4901604FF4E13163
:10536000416000218160C16001610C224261816164
:10537000C161FEF702FB002803D0BDE81040FBF737
:105380004ABD10BD00140140EC04002010B50122FC
:105390000B490C4801F004F908B1FBF73CFD0A4940
:1053A000084802F003FF08B1FBF735FD054802F09D
:1053B000E5FF002803D0BDE81040FBF72CBD10BD71
:1053C000958300087C05002048000020014802F079
:1053D00061BC00007C050020FEE7FEE70148FCF709
:1053E0004CBC000054090020704770477047000013
:1053F00030B593B0302107A8FBF772FA142102A848
:10540000FBF76EFA00251E48016841F080510160EB
:10541000006800F0805001901A48016841F4804112
:105420000160006800F480400190012007900004B2
:10543000089002240D9480010E9019200F904FF4D3
:10544000A870109011940720129007A8FDF7D4FAC5
:1054500008B1FBF7E0FC0F200290039404954FF491
:10546000A05005904FF480500690052102A8FDF74A
:10547000A3F9002801D0FBF7CEFC13B030BD00002B
:10548000403802400070004010B592B0302106A8AC
:10549000FBF726FA142101A8FBF722FA1D48002485
:1054A0000460012101601C48046604601B48026816
:1054B00022F080520260026842F08052026000686E
:1054C00000F0805000901648026842F4804202606A
:1054D000006800F48040009002200690099110209E
:1054E0000A900C9406A8FDF787FA08B1FBF793FC25
:1054F0000F200190029403944FF48050049005947F
:10550000002101A8FDF758F9002801D0FBF783FC22
:1055100012B010BD400E47420000474240380240E2
:10552000007000400248016841F47001016070475A
:1055300088ED00E010B506480079002802D0044844
:10554000FBF7AEFFBDE810400248FDF76ABF000060
:1055500040010020340500202DE9F0410268284D6B
:10556000284E294FDFF8A4C0294B4FF08048A842AD
:1055700009D0404507D0B04205D0B84203D06045BD
:1055800001D0984203D122F070044A682243A84215
:105590001BD0404519D0B04217D0B84215D0604555
:1055A00013D0984211D01B4CA0420ED01A4CA042EE
:1055B0000BD01A4CA04208D0194CA04205D0194C6F
:1055C000A04202D0184CA04203D122F44074CA6811
:1055D00022434C6922F0800222438C68C4620C682A
:1055E0008462A84201D0984201D10969016301682F
:1055F00041F004010160012141610260BDE8F081D8
:10560000000001400004004000080040000C004081
:1056100000040140004001400044014000480140B6
:1056200000180040001C00400020004010B501F0B0
:105630001F0101238B40046A9C430462036A8A4071
:105640001343036210BD10B5846824F47F4442EA1A
:1056500003220A432243826010BD826822F0700256
:105660000A4342F00701816070470000F0B5056A07
:10567000026A22F0010202624368826922F070022B
:1056800022F003020C68144325F002058A682A43BD
:105690000E4E0F4FB04201D0B84205D122F008059E
:1056A000CA682A4322F00402B04201D0B84207D1AE
:1056B00023F4807323F400734D691D438B692B43DE
:1056C00043608461496841630262F0BD00000140AB
:1056D00000040140F0B5026A036A23F0100303627C
:1056E0004368846924F4E04424F440740D6844EA77
:1056F000052422F020028D6842EA0512104D114E59
:10570000A84201D0B04206D122F08002CF6842EA1E
:10571000071222F04002A84201D0B04209D123F47E
:10572000806323F400634D6943EA85038D6943EA8E
:10573000850343608461496881630262F0BD0000B3
:105740000000014000040140F0B5026A036A23F43E
:10575000807303624368C46924F0700424F0030575
:105760000C682C4322F400728D6842EA0522104D29
:10577000104EA84201D0B04206D122F40062CF6898
:1057800042EA072222F48062A84201D0B04209D145
:1057900023F4805323F400534D6943EA05138D69C4
:1057A00043EA05134360C4614968C1630262F0BD06
:1057B000000001400004014030B5036A026A22F48F
:1057C000805202624268C46924F4E04424F44074C4
:1057D0000D6844EA052423F400538D6843EA053339
:1057E000084DA84202D0084DA84204D122F48042BC
:1057F0004D6942EA85124260C461496801640362EE
:1058000030BD0000000001400004014010B5036AF3
:10581000046A24F001040462846924F0F00444EA78
:10582000021423F00A020A438461026210BD0000E0
:1058300070B5056A046A24F0010404628469154E97
:10584000B04214D0B0F1804F11D0134EB0420ED000
:10585000124EB0420BD0124EB04208D0114EB042A0
:1058600005D0114EB04202D0104EB04203D124F008
:105870000304144301E044F0010424F0F0041A0787
:1058800044EA126225F00A0301F00A011943826119
:10589000016270BD000001400004004000080040AB
:1058A000000C00400004014000400140001800408E
:1058B00010B5036A046A24F010040462846924F4B5
:1058C000704444EA023223F0A00343EA01118261EA
:1058D000016210BD30B5056A046A24F01004046248
:1058E000846924F4407444EA022222F470444FF69E
:1058F000FF7202EA0332224325F0A003A02404EA47
:10590000011119438261016230BD30B5056A046A34
:1059100024F480740462C46924F00304144324F062
:10592000F0041A0744EA126225F420634FF420645D
:1059300004EA01211943C261016230BD30B5056A34
:10594000046A24F480540462C46924F4407444EA70
:10595000022222F470444FF6FF7202EA033222431D
:1059600025F420434FF4204404EA01311943C26175
:10597000016230BD01680C3151E8002F22F49072B1
:1059800041E80023002BF5D10168143151E8002FC4
:1059900022F0010241E80023002BF5D1016B01291F
:1059A00009D101680C3151E8002F22F0100241E8C2
:1059B0000023002BF5D1202180F842100021016343
:1059C000704700002DE9F041044620680169E26853
:1059D00021F4405111430161A1682069E26901434A
:1059E0006069104301432068C26849F20C639A431E
:1059F0000A43C26020684169A26921F440711143E1
:105A0000416133492068884202D03249884202D13C
:105A1000FCF7ACFF01E0FCF799FFE16900231927CF
:105A200064253226B1F5004F28D061688B0F8A00BB
:105A3000A0FB0701FAF783FC0146B0FBF5F07A42C0
:105A4000504301EB800006EB0010B0FBF5F000F0D6
:105A5000F002B1FBF5F002EB0012B1FBF5F07B4276
:105A6000584301EB800006EB0010B0FBF5F0216815
:105A700000F00F0010448860BDE8F08161684A18AA
:105A8000A0FB07015B41FAF75AFC0146B0FBF5F0B9
:105A90000201B1FBF5F06FF01803584301EB8000F1
:105AA00006EBC000B0FBF5F000F0F80002EB40029E
:105AB000B1FBF5F0584301EB800006EBC000B0FBF2
:105AC000F5F0216800F0070010448860D4E700007A
:105AD00000100140001401402DE9F84304460D4632
:105AE00017469846089E25E0701C23D0FBF7D2FF8E
:105AF000A0EB0800B0421BD8D6B12068C1684907A6
:105B000018D5802D16D0402D14D00168C94309073F
:105B100010D4002521680968406800902046FFF7EE
:105B200029FF0820606484F840500120BDE8F88314
:105B30000320FBE72068006835EA000004D000205D
:105B4000B842D1D00020F1E70120F9E770B5044652
:105B50000D46204600F0E6F8A0F57F42FF3A07D058
:105B600000F00F0204EB820245F40041C2F88413F6
:105B7000C0B270BD7FB51E4601250024CDE900519D
:105B8000CDE9022402232A46314600F011FE04B07A
:105B9000002070BD7FB50C4608991E4690F81D5335
:105BA000002D00D00021CDE902210125CDE90054CE
:105BB00002230022314600F0FBFD04B0002070BD3E
:105BC00010B500F027FD002010BD8278012A07D112
:105BD0000222027401224274002242828182C28225
:105BE0000022114600F010B87FB51E4600240125A2
:105BF000CDE90051CDE9022423462A46314600F082
:105C0000D7FD04B0002070BD70B504460120A37814
:105C10000125012B0BD0022B08D1204600F030F9D2
:105C200058B1032809D0022800D1A57070BDA16029
:105C3000A28125760221A17070BDA5700021217678
:105C400070BD7FB50C4608991E4690F81D53002D77
:105C500000D00021CDE902210125CDE90054002327
:105C60001A46314600F0A4FD04B0002070BD7FB597
:105C7000154600230824CDE90031CDE902431A4638
:105C8000294600F095FD04B0002070BDFBF7AEBCC6
:105C900070B50546002005F54E7517E000EB800451
:105CA00004EBC00405EB44040A3466798E4201D04B
:105CB000FF2909D1A679964201D0FF2A04D1E479BF
:105CC0009C4206D0FF2B04D0401CC0B20228E5D372
:105CD000FF2070BD102907D200EB8100B0F88413BB
:105CE000C1F30E01C0F884130020704730B40C4695
:105CF00002998578012D10D144F0800404740624A3
:105D0000447442820324B4EB122F03D140F20942BF
:105D1000828201E000228282C1820A4630BC19469A
:105D2000FFF772BF0146002001EB8002B2F8842326
:105D3000120405D5401CC0B21028F5D34FF6FF70F1
:105D400070470A8803781A440A800178084470472B
:105D5000F8B506460C4606F11C05B4F5807F0AD955
:105D60000DA0FAF763FB0E48FAF760FB0DA0FAF7F7
:105D70005DFB0320F8BD2B464FF400720021304636
:105D80000094FFF7B3FF0028F4D12246294630469D
:105D9000BDE8F84001F002BE4552524F523A200091
:105DA0006CF300080A000000F8B505460C46B4F58F
:105DB000007F0AD90EA0FAF739FB0F48FAF736FB35
:105DC0000EA0FAF733FB0320F8BD05F58E731E46CF
:105DD0004FF48072002128460094FFF787FF0028C7
:105DE000F2D1224631462846BDE8F84001F06FBEA8
:105DF0004552524F523A2000E4F200080A000000D7
:105E0000F8B516461C46B4F5007F0CD85EB141F4D7
:105E1000407200F58E731F4600210094FFF766FF65
:105E200005465DB10FE009A0FAF700FB0948FAF753
:105E3000FDFA09A0FAF7FAFA0320F8BD2246314626
:105E4000384601F00FFF2846F8BD00004552524F7A
:105E5000523A200028F300080A0000000146002002
:105E6000002906D0012905D0022905D0032905D033
:105E700002207047022070470120704702207047BF
:105E80002DE9F84F04460125207E01210B26092724
:105E90004FF007084FF005094FF00D0A0C280FD2FC
:105EA000DFE800F0D6060F303C4D5A748093A0B363
:105EB000627904F110012046FFF7D9FE0220207616
:105EC000C6E06179204600F0F8FB012804D00428E0
:105ED00016D0022814D0BBE0207C00F08000E18ABC
:105EE00039B1802802D084F81890B1E003202076E0
:105EF000AEE0802802D084F81880A9E02776A7E0D9
:105F00002676A5E0D4F8C403E0812379A28920464F
:105F1000A168FFF769FE0420207699E021792046E8
:105F200000F0CBFB012804D0052804D0042804D0BD
:105F30008EE027768CE003258AE0267688E00091C3
:105F40006379A2892046A168FFF77BFED4F8C403D9
:105F5000E081062020767BE06179204600F0ADFBF1
:105F6000012806D0052807D0022809D004280AD025
:105F70006EE084F818806BE00C202076032567E043
:105F800084F8189064E02676022561E000222379E7
:105F900011462046FFF728FED4F8C403E08108200C
:105FA000207655E02179204600F087FB012804D0B7
:105FB000042806D0052806D04AE084F818A0002559
:105FC00046E0267644E0032542E000910022637912
:105FD00011462046FFF735FED4F8C403E0810A20BD
:105FE000207635E06179204600F067FB012804D077
:105FF000022806D0042806D02AE0002584F818A03C
:1060000026E0277624E0267622E0607E401CC0B29F
:106010006076022802D82176A17019E0D4F8D42342
:10602000062120469047002565760BA0FAF7FEF979
:106030000BA0FAF7FBF914A0FAF7F8F961792046FA
:10604000FFF748FE21792046FFF744FE2570022520
:106050002846BDE8F88F00004552524F523A2000C2
:10606000436F6E74726F6C206572726F723A204467
:106070006576696365206E6F7420726573706F6EEC
:1060800064696E67000000000A0000002DE9FE430D
:1060900004460126607800250D274FF0010904F51C
:1060A0008E7808280CD2DFE800F0044E8DD0F7F689
:1060B000F5F408212046FFF777FE10B103281FD022
:1060C00096E194F82D03A07184F8019094F81D13C3
:1060D000CDE90015029094F81C33217980222046E6
:1060E00001F051FCA07994F81D13CDE90015029040
:1060F00094F81C3361790022204601F044FC77E1DA
:10610000BDA0FAF793F9BEA0FAF790F9C9A0FAF783
:106110008DF994F81E03401CC0B284F81E030328B6
:1061200007D9C5A0FAF782F9C2A0FAF77FF927705C
:106130005EE161792046FFF7CDFD21792046FFF72A
:10614000C9FD257054E112212046FFF72DFE10B144
:10615000032813D04CE1B4F83013C7A0FAF766F95E
:10616000B4A0FAF763F9B4F82E13C6A0FAF75EF9F3
:10617000B0A0FAF75BF90220607039E19EA0FAF74F
:1061800055F9C3A0FAF752F9AAA0FAF74FF994F813
:106190001E03401CC0B284F81E03032807D9A6A022
:1061A000FAF744F9A3A0FAF741F9277020E16179E1
:1061B0002046FFF78FFD21792046FFF78BFD6570A4
:1061C000257015E10121204602F0AEF810B1032838
:1061D00029D00DE10220FFF759FD494684F81C93B0
:1061E000BAA0FAF723F993A0FAF720F90320607018
:1061F000A07994F81D13CDE90015029094F81C3392
:1062000021798022204601F0BEFBA07994F81D136D
:10621000CDE90015029094F81C33617900222046E4
:1062200001F0B1FBE4E074A0FAF700F9ADA0FAF7D1
:10623000FDF880A0FAF7FAF87FA0FAF7F7F87DA04A
:10624000FAF7F4F827706570D2E009212046FFF7CD
:106250007FFD10B1032803D0CAE004206070C7E0BE
:1062600065A0FAF7E3F8AC48FAF7E0F871A0FAF79E
:10627000DDF894F81E03401CC0B284F81E03032806
:106280000BD96DA0FAF7D2F86AA0FAF7CFF8277009
:10629000AEE089E062E03BE00AE061792046FFF78A
:1062A00019FD21792046FFF715FD657025709FE0E7
:1062B000B4F83A132046FFF74BFD10B1032803D082
:1062C00096E00520607093E04BA0FAF7AFF8924893
:1062D000FAF7ACF857A0FAF7A9F894F81E03401C97
:1062E000C0B284F81E03032807D953A0FAF79EF81A
:1062F00050A0FAF79BF827707AE061792046FFF703
:10630000E9FC21792046FFF7E5FC657025706FE018
:1063100094F834130625C9B1FF2342462046FFF7FF
:106320006FFD10B1032809D062E041467BA0FAF767
:106330007DF840A0FAF77AF8657059E07CA0FAF78A
:1063400075F83CA0FAF772F8657051E078A0FAF79A
:106350006DF838A0FAF76AF8657049E094F83513DB
:106360000725C9B1FF2342462046FFF749FD10B17A
:10637000032809D03CE0414672A0FAF757F82DA057
:10638000FAF754F8657033E072A0FAF74FF829A0D5
:10639000FAF74CF865702BE06EA0FAF747F825A0E5
:1063A000FAF744F8657023E094F83613C9B1FF2377
:1063B00042462046FFF724FD10B1032809D017E01C
:1063C000414668A0FAF732F81AA0FAF72FF800262B
:1063D0000EE069A0FAF72AF816A0FAF727F80026C7
:1063E00006E065A0FAF722F812A0FAF71FF80026D7
:1063F0003046BDE8FE8300004552524F523A20001D
:10640000436F6E74726F6C206572726F723A2047C0
:1064100065742044657669636520446573637269B9
:1064200070746F722072657175657374206661692E
:106430006C6564000A000000436F6E74726F6C201C
:106440006572726F722C20446576696365206E6F89
:106450007420526573706F6E64696E6720506C654E
:1064600061736520756E706C756720746865204473
:1064700065766963652E00005049443A20257868A6
:10648000000000005649443A2025786800000000CA
:10649000436F6E74726F6C206572726F723A204730
:1064A00065742046756C6C2044657669636520448C
:1064B000657363726970746F72207265717565734C
:1064C00074206661696C6564000000004164647258
:1064D0006573732028232564292061737369676EAF
:1064E00065642E00436F6E74726F6C206572726FFC
:1064F000723A20446576696365205365742041646F
:10650000647265737320726571756573742066615A
:10651000696C656400000000A0F200084D616E75B2
:106520006661637475726572203A202573000000FD
:106530004D616E756661637475726572203A204EA6
:106540002F41000050726F64756374203A202573E8
:106550000000000050726F64756374203A204E2F63
:106560004100000053657269616C204E756D626573
:1065700072203A202573000053657269616C204EC9
:10658000756D626572203A204E2F410001780B290B
:1065900005D1D0F87C13002901D0896908477047DC
:1065A00070B504460E46002C19D084F8CC23002583
:1065B000C4F87C53C4F880532046FAF7EFFB84F804
:1065C000235384F8205384F8215384F822530EB1C6
:1065D000C4F8D463204600F07BF8002070BD05A00D
:1065E000F9F724FF05A0F9F721FF09A0F9F71EFF2D
:1065F000022070BD4552524F523A2000496E7661DA
:106600006C696420486F73742068616E646C650007
:106610000A0000000020704700F548700121017059
:106620000021417081700020704710B504460120A0
:1066300084F82103002084F8200384F823032046F3
:1066400000F0ADF821792046FFF744FB6179204640
:10665000FFF740FB002010BD10B590F8CC030128D7
:1066600002D10846FEF76EFAC820FAF7BFFF0020F5
:1066700010BDD0F8D003FBF734BA10B50124D0F820
:10668000D003FBF718FA20B1012805D0022803D166
:1066900001E0002400E00224204610BDD0F8D00321
:1066A000C1EB011100EB8100C17D002902D090F8FF
:1066B0003C00704790F83D007047D0F8D003FBF7DE
:1066C00009BAD0F8C413491CC0F8C413FFF75EBF61
:1066D00010B5044694F8CC0301281CD10F48C0F82B
:1066E000DC43C4F8D0034FF0A041016008214171A0
:1066F0000121C17100218171022242728172FBF776
:106700005EFB08B1FAF787FB0448FBF7D1F90146B5
:10671000204600F028F8002010BD00005409002099
:10672000FEB5DDE908650A9CCDE900650294D0F864
:10673000D003FBF7DCF9BDE8FE40FFF78FBB00217B
:1067400080F82313012180F821137047012180F87C
:106750002313704710B5D0F8D003FBF7BDFBBDE89D
:106760001040FFF77BBBC0F8C4137047D0F8D003CC
:10677000C1EB011100EB8100C17D002902D080F83E
:106780003C2001E080F83D200020704710B5D0F893
:10679000D003FBF7A8FBBDE81040FFF75FBB10B5C7
:1067A000D0F8D003FBF7B5FBBDE81040FFF756BBB0
:1067B0002DE9FF41DDE90B760A9D0D9CCDE90176BF
:1067C00000950394D0F8D003FBF7DDF904B0BDE8E1
:1067D000F041FFF743BB03460220D3F87C13C9699D
:1067E000002A05D0012A07D189791846FFF7EDB9AB
:1067F000C9791846FFF7E9B970470000D0F87C0363
:10680000C06905495030416004498160012101702F
:1068100081700020704700005553424350403020A3
:106820002DE9F84F06460125D6F87C03C4690727F1
:10683000A84694F850004FF00B0B4FF00A094FF0A8
:10684000090A0C2815D2DFE800F0FB06153742686C
:1068500075A3AEC6D4F384F86110022084F850000A
:10686000CDF8008063791F2204F154013046FFF710
:1068700091F9E5E061793046FFF71FFF012804D068
:10688000022813D0052814D0DAE0E06D58B194F84E
:106890006000000603D5032084F85000D0E00520F6
:1068A00084F85000CCE084F85070C9E084F850803F
:1068B000C6E084F85090C3E0237962893046D4F86A
:1068C0008C10FFF757F9042084F85000B8E02179C4
:1068D0003046FFF7F2FE012802D005281AD0AFE0BB
:1068E0006289E06D904207D9D4F88C101144C4F845
:1068F0008C10801AE06501E00020E065E06D30B1A9
:1069000023793046D4F88C10FFF734F998E084F8F6
:10691000507095E084F850A092E0CDF80080637943
:1069200022893046D4F88C10FFF734F9062084F819
:10693000500085E061793046FFF7BFFE012804D0A2
:1069400002281ED0052820D07AE02289E06D9042EE
:1069500007D9D4F88C101144C4F88C10801AE06563
:1069600001E00020E065E06D40B1CDF80080637982
:106970003046D4F88C10FFF70DF961E084F85070C0
:106980005EE0052084F850005AE084F8509057E00B
:1069900023790D2204F178013046FFF7EBF8082047
:1069A00084F850004CE021793046FFF786FE01283C
:1069B00002D005280CD043E084F8508084F852803F
:1069C000304600F0ABF808B1022539E0002537E089
:1069D00084F850A034E000223046FFF7FCFE10B1EE
:1069E000042803D02CE084F8507029E084F850B0DB
:1069F00026E001223046FFF7EEFE10B1042814D045
:106A00001EE061793046FFF749FEC0F10100C2B2D5
:106A100061793046FFF7AAFE217900223046FFF760
:106A2000A5FE84F850A00BE002E084F850B007E027
:106A3000304600F013F80546280001D184F8508054
:106A40002846BDE8F88FA1220274FE22427400227B
:106A5000428282820122C282FFF7D6B821210174CC
:106A6000FF214174002141828182C18200221146AE
:106A7000FFF7CAB870B50246D2F87C03C469012595
:106A8000A07B002804D0022802D0032833D12BE0B9
:106A900021461046FFF7D7FF05460026032D01D1FA
:106AA00026700025FDB92078022801D9022000E0D7
:106AB000401CC1B2217011A0F9F7B8FC16A0F9F77B
:106AC000B5FC002102200BE001EB810202EBC102C8
:106AD00004EB820282F8920082F8C160491CC9B2BC
:106AE00022788A42F0D806E000211046FFF76DF8C0
:106AF00008B9E07BA073284670BD00004E756D623A
:106B00006572206F6620737570706F727465642093
:106B10004C554E3A202564000A00000070B5D0F8AC
:106B20007C13CC6901252179FFF7A3FD0D2801D045
:106B3000022514E00B49A06F88420FD1A16DE06FD0
:106B400088420CD194F8840020B1012807D0022893
:106B500002D004E0002502E0022500E002252846DC
:106B600070BD00005553425310B503461446D3F888
:106B70007C03C069A0F8F8101A780B2A01D0022013
:106B800010BD01EB810202EBC10100EB81019031EC
:106B900034222046F9F750FE002010BD70B505469E
:106BA000D5F87C03C46900266179002907D02846FE
:106BB000FFF706F861792846FFF78CF866712179AE
:106BC00039B12846FEF7FCFF21792846FFF782F805
:106BD0002671D5F87C03C06920B1F9F789FBD5F897
:106BE0007C03C661002070BDFEB505465023D5F874
:106BF0007C03062201792846FFF74AF80646FF2E55
:106C000001D0022E0DD347A0F9F710FCD5F87C0374
:106C1000016847A0F9F70AFC4FA0F9F707FC02202A
:106C2000FEBD3146284601F005FB08B10220FEBD3D
:106C30004FF482773846F9F72CFBD5F87C13C861FE
:106C40000446200011D03946F9F74AFE06EB8600CB
:106C500000EBC60005EB400090F84E130A060FD576
:106C6000E171B0F8501361810EE02EA0F9F7DEFB60
:106C70003AA0F9F7DBFB38A0F9F7D8FB0220FEBDFC
:106C8000A171B0F85013218190F856130A0604D56B
:106C9000E171B0F85803608103E0A171B0F85803C6
:106CA0002081002020736073A073A1792846FEF72D
:106CB0004DFF6071E1792846FEF748FF20712846B4
:106CC000FFF79CFDA27942B3208930B395F81D13DC
:106CD0000226CDE90016029095F81C33617928460A
:106CE00000F051FEE279D2B16089C0B195F81D1370
:106CF000CDE90016029095F81C332179284600F062
:106D000042FE217900222846FFF730FD61790022FA
:106D10002846FFF72BFD0020FEBD0320FEBD03200B
:106D2000FEBD00004445425547203A2000000000C7
:106D300043616E6E6F742046696E642074686520CE
:106D4000696E7465726661636520666F7220257373
:106D500020636C6173732E000A00000043616E6E45
:106D60006F7420616C6C6F63617465206D656D6F0D
:106D7000727920666F72204D53432048616E646CB7
:106D8000650000002DE9F05F0546D5F87C03C46975
:106D90004FF0010B0027207B4FF00108002804D0A2
:106DA00001287CD00A283AD1CDE2B4F8F800217845
:106DB000884275D200EB800101EBC00004EB80003B
:106DC00080F89180B4F8F810022601EB810000EB06
:106DD000C10004EB80024FF0080992F890004FF0D8
:106DE000050A09281BD2DFE800F0051A81F91BF813
:106DF0001A1AF700FCA0F9F719FBFEA0F9F716FB29
:106E0000B4F8F800042100EB800202EBC00004EBB0
:106E1000800080F89010D5F8C403C4F80001B9E2EE
:106E20009F32C9B2284600F0A4FB20B102283DD011
:106E3000042846D0AEE2B4F8F80000EB800101EB84
:106E4000C00004EB8001A231EBA0F9F7EFFAE9A052
:106E5000F9F7ECFAB4F8F80000EB800101EBC000A0
:106E600004EB8001AB31EAA0F9F7E0FAE1A0F9F711
:106E7000DDFAB4F8F80000EB800101EBC00004EB90
:106E80008001BC31E8A0F9F7D1FADAA0F9F7CEFA1F
:106E9000B4F8F80000EB800101EBC00001E077E2FC
:106EA0004CE204EB800080F8906073E2B4F8F800E4
:106EB00000EB800101EBC00004EB800080F890A0A3
:106EC00068E2B4F8F80000EB800101EBC00004EBCD
:106ED000800080F89090B4F8F80000EB800101EB9E
:106EE000C00004EB800080F8916053E2C9B22846EC
:106EF00000F08AFC20B1022838D0042870D049E282
:106F0000B4F8F80000EB800101EBC00004EB800056
:106F100090F8921041B180F8C180C9A0F9F786FAC3
:106F2000B4A0F9F783FA01E080F8C170B4F8F80072
:106F3000032100EB800202EBC00004EB800080F82C
:106F40009010B4F8F80000EB800101EBC00004EBF6
:106F5000800080F89170B4F8F80000EB800101EB3C
:106F6000C00004EB800080F8927013E2B4F8F800DF
:106F700000EB800101EBC00004EB800090F8921060
:106F8000022908D080F8C180B2A0F9F74FFA99A081
:106F9000F9F74CFA01E080F8C170B4F8F80000EBA2
:106FA000800101EBC00004EB800080F890A0B4F8F1
:106FB000F80000EB800101EBC00004EB800080F8DA
:106FC0009180B4F8F80000EB800101EBC00004EB05
:106FD000800080F89260DDE1ACE190E015E0FFE731
:106FE000B4F8F80000EB800101EBC00004EB800076
:106FF00080F89090B4F8F80000EB800101EBC0003D
:1070000004EB800080F89160C4E19432C9B2284654
:1070100000F059FB20B1022851D004285AD0B9E120
:10702000B4F8F80000EB800101EBC00004EB800035
:1070300090F8C110012929D150F8941F808841434C
:107040008AA0F9F7F3F96BA0F9F7F0F9B4F8F800B2
:1070500000EB800101EBC00004EB8000D0F894103D
:107060008AA0F9F7E3F963A0F9F7E0F9B4F8F800BA
:1070700000EB800101EBC00004EB8000B0F8981039
:1070800087A0F9F7D3F95BA0F9F7D0F9B4F8F800C5
:1070900000EB800101EBC00004EB800080F89080E1
:1070A000B4F8F80000EB800101EBC00004EB8000B5
:1070B00080F8917034F8F80F401C20806AE1B4F831
:1070C000F80000EB800101EBC00004EB800080F8C9
:1070D00090A05FE1B4F8F80000EB800101EBC00084
:1070E00004EB800080F89090B4F8F80000EB800189
:1070F00001EBC00004EB800080F891604AE19C3213
:10710000C9B2284600F022FB20B1022851D0042841
:1071100068D03FE1B4F8F80000EB800101EBC0005B
:1071200004EB800090F89C10062901D002290BD1B5
:10713000D5F8C423D4F80031D21A42F210739A421F
:1071400002D280F8906025E15AA0F9F76FF929A0E2
:10715000F9F76CF9B4F8F80000EB800101EBC0001E
:1071600004EB800090F89D1056A0F9F75FF921A07C
:10717000F9F75CF9B4F8F80000EB800101EBC0000E
:1071800004EB800090F89E1055A0F9F74FF919A074
:10719000F9F74CF9B4F8F80000EB800101EBC000FE
:1071A00004EB800080F8908034F8F80F401C2080B9
:1071B000F0E028A0F9F73AF90EA0F9F737F9B4F89A
:1071C000F80000EB800101EBC00004EB800080F8C8
:1071D0009090B4F8F80000EB800101EBC00004EBE4
:1071E00080008FE091E000004C554E202325643A4A
:1071F000200000000A000000496E71756972792054
:1072000056656E646F7220203A20257300000000DE
:10721000496E71756972792050726F64756374205C
:107220003A20257300000000496E7175697279205B
:1072300056657273696F6E203A2025730000000056
:107240004D534320446576696365207265616479B6
:10725000000000004D534320446576696365204E6D
:107260004F54207265616479000000004D53432043
:107270004465766963652063617061636974792030
:107280003A2025752042797465730000426C6F6363
:107290006B206E756D626572203A202575000000C6
:1072A000426C6F636B2053697A652020203A202559
:1072B0007500000053656E7365204B657920203A98
:1072C000202578004164646974696F6E616C205395
:1072D000656E736520436F6465203A202578000051
:1072E0004164646974696F6E616C2053656E736587
:1072F00020436F6465205175616C69666965723AF7
:107300002025780080F8916044E0B4F8F80000EBA4
:10731000800101EBC00004EB800080F89090B4F88D
:10732000F80000EB800101EBC00004EB800080F866
:1073300091602FE0491CA4F8F8102BE0A4F8F87035
:107340000A20207326E0B4F8FA00217888421AD285
:10735000A4F8F80000EB800101EBC00004EB800012
:1073600090F8910048B1D5F8D423062128469047DB
:1073700034F8FA0F401C20800CE0D5F8D423022109
:1073800028469047F4E7A4F8FA7084F80C8001E0EE
:107390004FF0000B5846BDE8F09F00002DE9F84380
:1073A000D0F87C23D269012501EB810303EBC103F3
:1073B00002EB8304012694F890200827052A33D095
:1073C00000234FF00508062A02D0072A5BD115E0FA
:1073D000009300231A4600F030F920B1022806D0AD
:1073E000042807D04FE084F8906000254BE084F833
:1073F000908048E084F89070022544E000930023D8
:107400001A4600F026FA20B1022806D0042807D038
:1074100039E084F89060002535E084F8908032E00F
:1074200084F8907002252EE004F19C0200F08EF9A1
:1074300020B102281DD0042822D024E0903413A0CB
:10744000217BF8F7F3FF15A0F8F7F0FF617B14A09C
:10745000F8F7ECFF11A0F8F7E9FFA17B17A0F8F708
:10746000E5FF0EA0F8F7E2FF26700220607002250B
:1074700009E01BA0F8F7DAFF08A0F8F7D7FF02E051
:1074800084F8907002252846BDE8F88353656E7332
:1074900065204B657920203A202578000A000000FD
:1074A0004164646974696F6E616C2053656E7365C5
:1074B00020436F6465203A202578000041646469A8
:1074C00074696F6E616C2053656E736520436F64E1
:1074D00065205175616C69666965723A202578008E
:1074E0004D534320446576696365204E4F542072A6
:1074F0006561647900000000F8B50446069D0E46FB
:10750000D4F87C03C069A0F8F86094F8231300292C
:107510000CD021780B2909D106EB860101EBC601BD
:1075200000EB810090F89010012901D00220F8BDF5
:10753000062180F8901031462046009500F07DF835
:10754000D4F8C47340F27120454308E0D4F8C40372
:10755000C01BB0EB051F0AD894F8230338B131469D
:107560002046FFF71BFF0128F0D00020F8BD0220C5
:10757000F8BD2DE9F041034615460226D3F87C03F9
:10758000C46900274FF0010894F85200012802D086
:1075900002284FD11EE024205334C4F80900802271
:1075A00062730A22E27327616761278312222274C1
:1075B00049016174A774E7742075677504F8038C3A
:1075C000022004F8010C533C04F11000C4F88C00B4
:1075D00001262FE01846FFF723F90646300029D18F
:1075E00022212846F9F75AF954F88C0F007800F058
:1075F0001F006870206800784009287054F88C09D2
:107600004078000602D585F8028000E0AF7054F89B
:107610008C0F8168C5F80310C068C5F807002168A1
:107620001022103105F10C00F9F7C1F82068006A4A
:10763000C5F81D003046BDE8F0817FB505461E4601
:107640000220D5F87C23D46994F85220012A07D06F
:10765000022A36D104B02846BDE87040FFF7E0B8F2
:1076600001EB810000EBC10004EB80000899B0F849
:1076700098004843E065802084F860000A2084F880
:107680006200102104F16300F9F708F92820503452
:10769000E0749DF80B0060759DF80A00A0759DF8D8
:1076A0000900E0759DF8080020769DF82100A0767D
:1076B0009DF82000E076012020700220A070E66393
:1076C000012004B070BD70B5034616460125D3F8FD
:1076D0007C03C46994F85200012802D0022833D1F7
:1076E00019E00820E065802084F860000A2084F812
:1076F0006200102104F16300F9F7D0F8252050341E
:10770000E074012020700220A070503C04F11000B1
:10771000C4F88C0018E01846FFF782F805462800E8
:1077200012D154F88C0FC178827841EA0221427854
:107730000078120442EA0060014331602068C17998
:10774000807941EA0020B080284670BD70B50346BC
:107750000E4615460220D3F87C13CC6994F85220CB
:10776000012A1DD0022A1AD131461846FFF758F8CF
:10777000002814D154F88C1F897801F00F0129706A
:107780002168097B69702268527BAA703A2906D168
:1077900014A0F8F74BFE1BA0F8F748FE042070BDBC
:1077A0000E25E565802084F860000A2084F86200D8
:1077B000102104F16300F9F771F803205034E074EC
:1077C0007001207500206075A075E5752076012098
:1077D00020700220A070503C04F11000C4F88C000E
:1077E000012070BD4D534320446576696365204D8B
:1077F000454449554D206E6F742070726573656EF7
:10780000740000000A00000070B503460220D3F89F
:107810007C23D46994F85220012A06D0022A17D179
:10782000BDE870401846FEF7FBBF0025E56584F80B
:1078300060500A2084F86200102104F16300F9F717
:107840002DF85034E574012020700220A070012032
:1078500070BD7FB505461E460220D5F87C23D4694D
:1078600094F85220012A07D0022A36D104B02846C3
:10787000BDE87040FEF7D4BF01EB810000EBC10012
:1078800004EB80000899B0F898004843E0650020B8
:1078900084F860000A2084F86200102104F163007B
:1078A000F8F7FCFF2A205034E0749DF80B00607557
:1078B0009DF80A00A0759DF80900E0759DF8080084
:1078C00020769DF82100A0769DF82000E07601202A
:1078D00020700220A070E663012004B070BD00207B
:1078E0007047D0F87C23D269A2F8F81000780B28F2
:1078F00008D101EB810000EBC10002EB800090F8A1
:10790000910008B10020704701207047F8B5044687
:10791000069D0E46D4F87C03C069A0F8F86094F880
:10792000231300290CD021780B2909D106EB8601FD
:1079300001EBC60100EB810090F89010012901D005
:107940000220F8BD072180F89010314620460095AE
:10795000FFF77FFFD4F8C47340F27120454308E07D
:10796000D4F8C403C01BB0EB051F0AD894F8230356
:1079700038B131462046FFF711FD0128F0D0002034
:10798000F8BD0220F8BDFEB5DDE908650A9CCDE929
:1079900000650294FEF7C4FE0020FEBD2DE9F74FFE
:1079A00082B0029E06F54E764FF0000AD0460029BE
:1079B00024D00C46214620784FF00909092801D02F
:1079C00084F8009008783070487870708878CB78A8
:1079D00040EA0320FF2801D94FF4807070800879B5
:1079E0003071487970718879B071C879F071087A0E
:1079F0003072092A69D9CDF8049056E0022005B00A
:107A0000BDE8F08F01A92046FEF79BF90446607897
:107A100004284AD12078092801D084F8009008EB86
:107A2000880000EBC80006EB400B0BF10A0721466B
:107A3000384600F004F900251BE001A92046FEF7B6
:107A400080F904466078052813D17879012804D19B
:107A5000B87902281CD003281AD0072020700BEB1D
:107A6000C50114312246029800F07DF882466D1C53
:107A7000EDB2022D07D23879A84204D97088BDF83A
:107A800004108842D9D83879A8420AD90320B6E729
:107A9000F8790028E3D120780928E0D084F8009014
:107AA000DDE708F1010808F0FF08B8F1020F04D281
:107AB0007088BDF804108842A4D83079022800D319
:107AC0000220404501D9032099E7504697E770B559
:107AD000054605F226300024002934D00B780370C7
:107AE0004B7843708B78CE7843EA062343800B793A
:107AF00003714B7943718B798371CB79C37195F89D
:107B00001D5308260DB3012D1FD0022D27D00324AD
:107B1000082A16D90A7A4B7A42EA032202818A7A23
:107B2000CB7A42EA032242810A7B4B7B42EA032260
:107B300082818A7B8273CA7BC2730A7C0274497C0D
:107B40004174204670BD022070BD082BE0D0102B80
:107B5000DED0202BDCD0402BDAD0C671D8E7082B42
:107B6000D6D0C671D4E7F0B50546002013780B7067
:107B700053784B7093788B70D478CC701379567996
:107B800043EA06238B8092798A714FF480667710DE
:107B9000002B03D0B34201D8BB4200D9032095F893
:107BA0001D1329B101291DD0022938D00320F0BDB1
:107BB00004F00301022908D0A5070AD001290CD03E
:107BC000E143890709D00320F0BDBB42FCD9032063
:107BD000F0BD402BFCD90320F0BD0AB1102AFBD91F
:107BE0000320F0BD04F00301022908D0A50706D048
:107BF000012908D0E14389070CD00320F0BD402BB8
:107C0000FCD90320F0BD1AB1102A01D8402BF9D9B4
:107C10000320F0BD0AB1B342FBD30320F0BDA1079E
:107C200004D0E143890705D00320F0BD082BFCD028
:107C30000320F0BD0AB1082BFBD90320F0BD0A7860
:107C400002704A7842708A788270CA78C2700A7963
:107C500002714A7942718A798271CA79C271097A4C
:107C60000172704710B54378032B11D103789C1E25
:107C7000944200D89A1E93B2801C002204E0845CD7
:107C800001F8014B921C92B29A42F8D3002008707E
:107C900010BD00002DE9FF4104464FF00208CDF869
:107CA0000C80002094F82113012901D103212170B7
:107CB00021780D26082700250C291DD2DFE801F0C8
:107CC000061D4AF31C7FF29EA7B7DCF194F820034F
:107CD000002811D0BCA0F8F7A9FBC1A0F8F7A6FBBB
:107CE00001202070C820FDF7D1FF2046FEF732FDAD
:107CF00084F81C53C4F8C8535BE194F823030128AB
:107D000014D0D4F8C803B0F57A7F1CD994F81F03B7
:107D1000401CC0B284F81F03032812D9B1A0F8F7A1
:107D200085FBAFA0F8F782FB267042E1B8A0F8F718
:107D30007DFBABA0F8F77AFB84F81F5384F8008032
:107D400037E1257035E10A30C4F8C8030A20FDF791
:107D50009DFF2EE1D4F8D42312B104212046904790
:107D60006420FDF793FF2046FEF787FC84F81D038F
:107D70000520207000212046FDF7E8FE607180217B
:107D80002046FDF7E3FE2071A17994F81D23CDE98B
:107D900000250291014694F81C3380222046FFF70B
:107DA000F2FDA07994F81D13CDE90015029094F826
:107DB0001C33617900222046FFF7E5FDF9E02046FB
:107DC000FEF764F903909DF80C00002894D197A069
:107DD000F8F72CFB82A0F8F729FB84F8245394F8D9
:107DE0003703012802D007202070E2E094A0F8F7C2
:107DF0001DFB7BA0F8F71AFB2770DAE0D4F8D42338
:107E0000002A92D00121204690472770D1E094F8B3
:107E10003D13204600F096FA002886D109202070F4
:107E200091A0F8F703FB6EA0F8F700FBC1E094F80F
:107E30003F034FF00A0580061CD50121204600F0C3
:107E40008FFA03909DF80C0020B19DF80C000328D8
:107E500008D0AEE08BA0F8F7E9FA61A0F8F7E6FAEF
:107E60002570A6E08FA0F8F7E1FA5DA0F8F7DEFA3A
:107E700025709EE025709CE0D4F88013A1B1C4F871
:107E80007C5394F8471304EB8002D2F878231279DC
:107E90008A4210D104EB8000D0F87803C4F87C0348
:107EA0000DE05FE036E064E089A0F8F7BFFA4CA08F
:107EB000F8F7BCFA7DE0401CC0B20028E3D0D4F84B
:107EC0007C03F8B181682046884750B12670D4F809
:107ED0007C03016886A0F8F7A9FA41A0F8F7A6FA92
:107EE00067E006202070D4F87C03016888A0F8F7CA
:107EF0009DFA3BA0F8F79AFAD4F8D4230321204640
:107F0000904756E0267087A0F8F790FA34A0F8F76B
:107F10008DFA4EE0D4F87C03C8B101692046884749
:107F200003909DF80C0020B19DF80C00022803D0AE
:107F30003FE00B2020703CE0267084A0F8F776FA32
:107F400084A0F8F773FA26A0F8F770FA31E02670EB
:107F50007EA0F8F76BFA89A0F8F768FA20A0F8F786
:107F600065FA26E0D4F87C0318B3416920468847B7
:107F70001FE084F821532046F8F710FFD4F87C0363
:107F800020B1C16820468847C4F87C53D4F8D42374
:107F900012B10521204690477EA0F8F747FA10A0BD
:107FA000F8F744FA94F82203012806D02046FEF799
:107FB000EDFB04B00020BDE8F08184F82253204698
:107FC00000F0DCF9F5E7000055534220446576697E
:107FD000636520436F6E6E65637465640000000026
:107FE0000A000000555342205265736574204661B3
:107FF000696C65642C20506C6561736520756E70CA
:108000006C756720746865204465766963652E0029
:1080100055534220446576696365205265736574E3
:1080200020436F6D706C657465640000456E756DFE
:1080300065726174696F6E20646F6E652E0000005A
:10804000546869732064657669636520686173208C
:108050006F6E6C79203120636F6E6669677572612F
:1080600074696F6E2E00000044656661756C742043
:10807000636F6E66696775726174696F6E20736590
:10808000742E00004465766963652072656D6F74B7
:10809000652077616B65757020656E61626C6564E3
:1080A0000000000052656D6F74652077616B657527
:1080B00070206E6F7420737570706F7274656420B9
:1080C00062792074686520646576696365000000E4
:1080D0004E6F20436C617373206861732062656525
:1080E0006E20726567697374657265642E000000A6
:1080F000446576696365206E6F7420737570706F68
:108100007274696E6720257320636C6173732E002F
:10811000257320636C61737320737461727465647A
:108120002E0000004E6F207265676973746572657A
:108130006420636C61737320666F72207468697366
:10814000206465766963652E000000004552524F39
:10815000523A2000446576696365206E6F74207220
:108160006573706F6E64696E6720506C65617365CE
:1081700020556E706C75672E00000000496E7661A8
:108180006C696420436C6173732044726976657214
:108190002E000000555342204465766963652064D3
:1081A0006973636F6E6E65637465640010B5024633
:1081B0000020002913D0D2F8803353B10DA0F8F776
:1081C00035F90EA0F8F732F913A0F8F72FF90220CD
:1081D00010BD0123C2F88033C2F8781310BD05A08A
:1081E000F8F724F90DA0F8F721F90BA0F8F71EF91C
:1081F000022010BD4552524F523A20004D61782066
:10820000436C617373204E756D6265722072656197
:1082100063686564000000000A000000496E766132
:108220006C696420436C6173732068616E646C6573
:108230000000000070B505460C46002695F83C038A
:10824000A04226D985F82443214618A0F8F7EEF875
:108250001EA0F8F7EBF804EB840000EBC40005EB7C
:10826000400404F247341AA02178F8F7DFF817A089
:10827000F8F7DCF861781AA0F8F7D8F813A0F8F747
:10828000D5F8A1781AA0F8F7D1F810A0F8F7CEF831
:1082900009E01BA0F8F7CAF81BA0F8F7C7F80BA075
:1082A000F8F7C4F80226304670BD000053776974B1
:1082B0006368696E6720746F20496E7465726661C9
:1082C0006365202823256429000000000A000000BF
:1082D000436C617373202020203A202578680000C9
:1082E000537562436C617373203A202578680000EF
:1082F00050726F746F636F6C203A202578680000AD
:108300004552524F523A200043616E6E6F742053B3
:10831000656C656374205468697320496E74657276
:10832000666163652E0000008278012A06D1002272
:1083300002740523437441828282C2820022114664
:10834000FDF762BC8278012A06D10022027409235B
:10835000437441828282C28200221146FDF754BCDE
:108360008278012A06D100220274032343744182D9
:108370008282C28200221146FDF746BC10B5044637
:108380002046FEF703FA01212046FEF765F900209A
:1083900010BD0000012908D00748022906D0042991
:1083A00007D0052901D10321017070470221017016
:1083B00070470121017070470D00002000207047B8
:1083C00030B58DB015460124002909D0012909D006
:1083D000022912D003291CD004240DB0204630BD40
:1083E0000024FAE701466A461048FEF7BDFB002864
:1083F000F3D1019828600024EFE701466A460B4854
:10840000FEF7B2FB0028E8D1BDF808002860002480
:10841000E3E701466A460548FEF7A6FB0028DCD1E3
:10842000BDF80800400A28600024D6E77C0500203B
:1084300030B58FB00546012400930B4629461048FD
:10844000FFF75AF868B102AA29460D48FEF78CFBDF
:108450009DF81500042806D0282804D03A280CD10D
:1084600001E0002409E007A0F7F7E0FF07A0F7F715
:10847000DDFF0CA0F7F7DAFF03240FB0204630BD74
:108480007C0500204552524F523A2000555342205D
:108490004469736B206973206E6F74207265616428
:1084A000792100000A00000010B5012401460348AC
:1084B000FFF717FA00B10024204610BD7C0500200C
:1084C00030B58FB00546012400930B462946174866
:1084D000FFF71CFA78B102AA29461448FEF744FBBC
:1084E0009DF81500042813D0272806D028280FD07F
:1084F0003A2817D10CE0002414E00DA0F7F796FFFE
:108500000DA0F7F793FF14A0F7F790FF022409E0FE
:1085100007A0F7F78BFF11A0F7F788FF0EA0F7F77A
:1085200085FF03240FB0204630BD00007C050020ED
:108530004552524F523A2000555342204469736BC2
:108540002069732057726974652070726F74656357
:1085500074656421000000000A00000055534220A9
:108560004469736B206973206E6F74207265616457
:10857000792100000FB410B504469DF811000128C0
:108580001CD0E06840F04000E060204600F036F883
:108590009DF8151051B3A16B21F48031A1639DF8B2
:1085A0000E10012907D1A16841F00601A160A16860
:1085B00041F02001A16010BC5DF814FBA06B20F419
:1085C0008030A063E0680C490840E060E06820F477
:1085D0004010E0609DF81800012803D1E06840F4E5
:1085E0008010E060204600F009F8D8E7A16B41F464
:1085F0008031A163D3E70000BFFFBDFF08B50021B4
:1086000000914FF070620099491C009100999142CD
:1086100001D9032008BD01690029F4DA0A2100917B
:1086200002E00099491E009100990029F9D10169E1
:1086300041F0010101610099491C009100999142AA
:1086400001D9032008BD0169C907F4D1002008BD84
:10865000816821F0010181600020704700EB41102A
:1086600000F5A060044A0261016821F0804141F0F8
:1086700000410160002070470000088008B5D0F874
:1086800040240092009A22F02E020092009AD20416
:1086900006D4012904D1009A42F48052C0F8402443
:1086A000009AD20405D521B9009921F48051C0F86F
:1086B0004014002008BD816841F001018160002064
:1086C000704708B5002300934FF070620099491C71
:1086D00000910099914201D9032008BD0169002948
:1086E000F4DA0093102101610099491C009100996E
:1086F000914201D9032008BD0169C906F4D40020C4
:1087000008BD18B5002400944FF07063009A521C05
:108710000092009A9A4201D9032018BD0269002AEA
:10872000F4DA0094202242EA811101610099491C87
:1087300000910099994201D9032018BD0169890669
:10874000F4D4002018BDD0F8080480B2704708B5F2
:10875000D0F8400400900098C0F3414008BD406943
:1087600000F00100704738B50022009200EB411183
:10877000D1F80025C2F38142D1F80035DB0FD1F8E2
:108780000445E40F8568AD0605D524B9DBB1012A9F
:1087900019D0032A17D04FF47A73B2B1022A14D039
:1087A000D1F8002542F08042C1F80025D0F810042D
:1087B00010F47F0F3BD0D1F8000540F00040C1F825
:1087C0000005002038BD002038BDD1F8002542F05A
:1087D0008042C1F800258268920621D4C06A10F454
:1087E0007F0F06D0D1F8000540F00040C1F8000529
:1087F000E7E7D1F8000520F00040C1F80005D1F806
:10880000000540F00040C1F800050098401C0090B1
:1088100000989842D5D8D1F800050028F5DBD0E7BC
:10882000D1F8000540F00040C1F80005C9E7D1F8D3
:10883000000520F00040C1F80005D1F8000540F027
:108840000040C1F800050098401C00900098984234
:10885000B7D8D1F800050028F5DBB2E72DE9F043E1
:108860001F46DDE90859DDF81C80002600EB4114A5
:10887000731EC4F80835002D22D0012D45D0022DDD
:108880001ED0032D34D001260023C4F80435D4F8BB
:108890000C3543F00203C4F80C35D0F8183401F05D
:1088A0000F0C012101FA0CF10B43C0F81834816957
:1088B00041F000718161110634D54FF4004132E07E
:1088C00040F29D43C4F80C35130606D5D4F80C3598
:1088D00043F48073C4F80C35D6E7DFF8A8C06045D0
:1088E000D2D1D4F80C3543F06003C4F80C35CBE793
:1088F00040F29D63C4F80C351306C5D5D4F80C3589
:1089000043F48073C4F80C35BEE740F22523C4F865
:108910000C351306B8D5D4F80C3543F4C073C4F83D
:108920000C35B1E70021FFF712FFB8F1020F04D1B7
:10893000022802D04FF4003000E000204FF0FE5338
:1089400003EA87534FF4F04707EAC22213434FF478
:10895000402202EA85421343C9F30A0213430B4340
:10896000034343F48010C4F80005032D01D0012D0A
:1089700005D1D4F8000540F00050C4F80005304699
:10898000BDE8F08300000440D0F8140480B27047C2
:10899000FCB54D784FF48077A04B984216D1012A50
:1089A00002D00B797BB111E08C7C0CB1022C0DD183
:1089B0008B795BB900EB4514D4F80C3523F07003C8
:1089C000C4F80C3502E04B79012B10D08B79012BC8
:1089D00012D00E6AB6B38C8A33195B1EB3FBF4F364
:1089E0009BB2BB423CD93B462402CC6138E02946CD
:1089F000FFF734FE0020FCBD0123CC7814B18C8A33
:108A0000CC6134E08C7C012C02D0012A1ED023E002
:108A10000C6ABC2C0DD98C8ACC610C62CC68012C00
:108A200004D0022C02D00124CC6020E00224CC60CF
:108A30001DE0CC61CC68012C05D0022C03D00424AD
:108A4000CC6014E00BE00324CC6010E08C8A0E6A4A
:108A5000A64201D9CC610AE00C6ACC6107E001238F
:108A6000CC781CB18C8A5C43CC6100E0CE61CC69CF
:108A70006FF06046C4F3120406EAC3431C438B7DC7
:108A80004FF0C04606EA43731C4300EB4513C3F89E
:108A9000104512B18C69C3F81445D0F8084444F36A
:108AA0000004641CD3F8005525F00055C3F80055A8
:108AB000D3F8005545EA4474C3F800458C79002585
:108AC000012C0FD0C3F80455D3F800450194019C44
:108AD00024F080440194CC78F4B3019C44F4004425
:108AE000019461E04E7C0C7C4FF0004747EAC616CB
:108AF0003443C3F80445D3F80C4544F06004C3F88C
:108B00000C45CC79012C0DD1CC785CB9D3F8044557
:108B100044F48034C3F80445D3F80C4544F04004D1
:108B2000C3F80C458C7C012C01D0032C0BD1CC79E3
:108B3000012C08D1CC78012C05D1D3F8044544F49C
:108B40008034C3F804458C7C012CBDD1CC78002C3A
:108B5000BAD1CC68012C00E022E00CD0022C11D05C
:108B6000032C16D0042CAFD1D3F8044544F4404470
:108B7000C3F80445A8E7D3F8044544F40044C3F817
:108B80000445A1E7D3F8044544F00E04C3F80445B6
:108B90009AE7D3F8044544F48044C3F8044593E7C6
:108BA000019C24F400440194019C44F0004401948D
:108BB000019CC3F800450AB10020FCBDCA785ABB2D
:108BC0000B6A4BB3CA793ABB8A7C32B1012A10D006
:108BD000022A02D0032A18D10BE0DB1CC3F38F0258
:108BE000C36A9BB2934210D2826942F02002826132
:108BF0000BE0DB1CC3F38F02D0F810349BB293421E
:108C000003D2826942F08062826100950A8C93B23D
:108C10004A78896900F056F90020FCBD0000044044
:108C20000FB470B5044600250026C4F8006EA06B92
:108C300040F40010A063A06B20F40020A063A06BA0
:108C400020F48020A063E068400611D49DF817004E
:108C5000012806D0D4F8000420F00401C4F8001460
:108C60000CE0D4F8000440F00401C4F8001405E05E
:108C7000D4F8000420F00401C4F8001410212046A8
:108C8000FFF73FFD00B101252046FFF71AFD00B1B7
:108C900001250020421E9DF8153006E004EB40112E
:108CA000C1F80825C1F80C65401C8342F6D8A661BE
:108CB00062611048844207D1401560620E48A0628C
:108CC0000E48C4F8000106E0802060620C48A062F3
:108CD0000C48C4F800019DF8160018B9A06940F0CE
:108CE0001000A061A06908490843A061284670BC33
:108CF0005DF814FB00000440000200010003E000E6
:108D000080006000E0004000080020A3D0F80024AC
:108D100022F00302C0F80024D0F8002401F003037D
:108D20001A43C0F80024012903D0022906D00120EB
:108D300070474BF68031C0F8041403E041F27071C3
:108D4000C0F804140020704700EB4110D0F808155B
:108D5000D0F80C05084070474169806908407047A9
:108D600030B503460846940802F00301002203F5DB
:108D7000805303E01D6840F8045B521CA242F9D303
:108D800000290BD000221C68D50024FA05F300F856
:108D9000013B521C491E89B20029F5D130BD38B5BE
:108DA000044604F5886420680090009820F02E00A6
:108DB0000090009840F4807020606420F8F716FC62
:108DC000009820F4807020600A20F8F70FFC002043
:108DD00038BD70B505460024E86820F0C040E86062
:108DE000012902D089B1012070BDE86840F000502F
:108DF000E8600A20F8F7FAFB0A342846FFF7AFFCD0
:108E0000012810D0C82CF4D30DE0E86840F0804071
:108E1000E8600A20F8F7EAFB0A342846FFF79FFCCF
:108E200008B1C82CF5D3C82C01D0002070BD01209A
:108E300070BD38B504460025002000902046FFF79D
:108E400007FC10212046FFF75CFC00B101252046FD
:108E5000FFF737FC00B10125002104EB4110D0F8E9
:108E6000002542F0804222F0004222F40042C0F885
:108E70000025491C0F29F0D900214FF47A7304EB27
:108E80004112D2F8000540F0804040F0004020F44C
:108E90000040C2F800050098401C009000989842DD
:108EA00003D8D2F800050028F5DB491C0F29E6D9C4
:108EB0004FF0FF30C4F8140460612046FFF7FBFB5D
:108EC000284638BD10B5029C002C0DD1DB1C9C0837
:108ED000002300EB023000F5805003E051F8042B32
:108EE00002605B1CA342F9D3002010BDFEE7000026
:108EF0002DE9F04387B00026324C206840F0010095
:108F00002060206800F001000190DFF8BC90A514FB
:108F1000002229464846F8F7B6FD02950127039737
:108F20004FF00208CDF81080059602A94846F8F7E0
:108F3000BBFC002229464846F8F7A5FD012004F0B5
:108F40008EFF012229464846F8F79DFD012004F0D6
:108F500086FF29464846F8F709FC206820F0010002
:108F60002060206840F040002060206800F0400051
:108F70000190082002900397CDF810800596134DBC
:108F800002A92846F8F790FC002208212846F8F7A5
:108F90007AFD0A2004F063FF08212846F8F7E6FB73
:108FA000206820F040002060201D016821F0800131
:108FB00001604320F9F7AFFB4320F9F79FFB07B0AF
:108FC000BDE8F0833038024000000240000C02404F
:108FD0000907090E002804DB00F1E02080F80014E6
:108FE000704700F00F0000F1E02080F8141D70477A
:108FF00030380A2801D2012070470020704770479E
:109000007047000010B504460020FBF79BFD35A01B
:10901000F7F70CFA08213B48FAF7F8FB0C2139481E
:10902000FAF762FC04213748FAF75EFC303C1B2C4F
:1090300052D2DFE804F00E12161E221A51512651A8
:10904000515151515151512B305135393D414549C3
:109050004D002DA0F7F7EAF9FEE737A0F7F7E6F99C
:10906000FEE742A0F7F7E2F9FEE74DA0F7F7DEF9D9
:10907000FEE758A0F7F7DAF9FEE762A0F7F7D6F9AE
:10908000FEE76CA16EA0F7F7D1F9FEE777A16CA01F
:10909000F7F7CCF9FEE767A177A0F7F7C7F9FEE786
:1090A00080A0F7F7C3F9FEE78AA0F7F7BFF9FEE75C
:1090B00093A0F7F7BBF9FEE79EA0F7F7B7F9FEE735
:1090C000A8A0F7F7B3F9FEE7B4A0F7F7AFF9FEE70A
:1090D000C0A0F7F7ABF9FEE7BDE81040CAA0F7F76C
:1090E000A5B90000426F6F746C6F616465723A538A
:1090F00059535F4552525F4C45442D3E4F6E210AF5
:109100000000000064020020426F6F746C6F6164A5
:1091100065723A4661696C48616E646C65722C5286
:1091200065616420636F6E6669672066696C65209F
:109130006661696C212E0A00426F6F746C6F616406
:1091400065723A4661696C48616E646C65722C5256
:10915000656164206D6375206669726D7761726503
:10916000206661696C212E0A00000000426F6F7456
:109170006C6F616465723A4661696C48616E646CDB
:1091800065722C52656164206C6364206669726D3F
:1091900077617265206661696C212E0A000000000B
:1091A000426F6F746C6F616465723A4661696C48B6
:1091B000616E646C65722C4572617365206D6375B8
:1091C000206170706C69636174696F6E206661699B
:1091D0006C0A0000426F6F746C6F616465723A468E
:1091E00061696C48616E646C65722C5265616420C3
:1091F0006570726F6D2066696C65206661696C21AF
:109200000A000000426F6F746C6F616465723A46C9
:1092100061696C48616E646C65722C577269746523
:10922000206570726F6D2066696C65206661696C7F
:10923000210A00002F6C645F6D63752E62696E00F9
:10924000426F6F746C6F616465723A4661696C4815
:10925000616E646C65722C25732073697A65206970
:109260007320696E76616C6964210A002F6C645FFB
:109270006C63642E706B6700426F6F746C6F616417
:1092800065723A4661696C48616E646C65722C5611
:109290006572696679202573206661696C212E0AE2
:1092A00000000000426F6F746C6F616465723A4633
:1092B00061696C48616E646C65722C4C4344206932
:1092C00073206E6F7420726573706F6E73656421A6
:1092D0002E0A0000426F6F746C6F616465723A46CB
:1092E00061696C48616E646C65722C4C4344206407
:1092F0006F776E6C6F6164206661696C212E0A0065
:10930000426F6F746C6F616465723A4661696C4854
:10931000616E646C65722C41707020766563746F49
:1093200072207461626C6520696E76616C69642E6E
:109330000A000000426F6F746C6F616465723A4698
:1093400061696C48616E646C65722C466C6173680F
:10935000206973206E6F7420626C616E6B212E0A1F
:1093600000000000426F6F746C6F616465723A4474
:109370006F6E6548616E646C65722C466C617368D3
:1093800020616E64204570726F6D20656173657237
:1093900020646F6E65212E0A00000000426F6F741A
:1093A0006C6F616465723A446F6E6548616E646C9F
:1093B00065722C557064617465206570726F6D20E4
:1093C000666F726D20756469736B20646F6E6521C2
:1093D0002E0A0000426F6F746C6F616465723A44CC
:1093E0006F6E6548616E646C65722C44756D70209B
:1093F0006570726F6D20746F20756469736B206483
:109400006F6E65210A000000426F6F746C6F6164BB
:1094100065723A446F6E6548616E646C65722C7556
:109420006E6B6E6F776E206572726F72210A00002C
:109430002DE9F05F7E4C0025A570E570DFF8F48122
:10944000012220214046F8F71EFB7BA0F6F7EEFF35
:1094500000218348FAF748FA00BF82A0F6F7E6FF3A
:1094600004218A48FAF740FA00BF00BF88A0F6F747
:10947000DDFFDFF844B2002220215846F8F703FB55
:109480008EA0F6F7D3FF974832210268D1630268B5
:109490001164006881634FF40057002239469248F6
:1094A000F8F7F1FA914E002240213046F8F7EBFA36
:1094B00000BF00BF0022DFF838A24FF40049494640
:1094C0005046F8F7E0FA002249465846F8F7DBFA2A
:1094D000012208215046F8F7D6FA00224FF48041C5
:1094E0005846F8F7D0FA002210215046F8F7CBFA88
:1094F000002202214046F8F7C6FA002239464046CB
:10950000F8F7C1FA00224FF480514046F8F7BBFA51
:1095100000224FF400614046F8F7B5FA082171487F
:10952000FAF7E2F90C216F48FAF7DEF904216D48E9
:10953000FAF7DAF9002240215846F8F7A4FA002297
:1095400020215846F8F79FFAF8F7A4FA41F6583167
:109550000844E0626562A562657066A0F6F766FF82
:1095600064A0F6F763FF63A0F6F760FF01215046A1
:10957000F8F782FA012843D05FA0F6F757FF1021D1
:109580003046F8F779FA01283ED065A0F6F74EFF8D
:1095900020213046F8F770FA012839D06AA0F6F792
:1095A00045FF10214046F8F767FA012834D070A033
:1095B000F6F73CFF39464C48F8F75EFA01282FD001
:1095C00075A0F6F733FF40213046F8F755FA012829
:1095D0002AD07BA0F6F72AFF83A0F6F727FF8CA0FE
:1095E000F6F724FF94A0F6F721FF9DA0F6F71EFFE3
:1095F000A5A0F6F71BFFBDE8F05F0A20F7F7F6BF5E
:10960000ABA0F6F713FFBAE7B3A0F6F70FFFBFE77B
:10961000BBA0F6F70BFFC4E7C3A0F6F707FFC9E747
:10962000CBA0F6F703FFCEE7D3A0F6F7FFFED3E714
:109630006800002000180240426F6F746C6F616414
:1096400065723A4F55545055542D3E534B505F451B
:109650004E202020202020203D204C4F570A000083
:1096600084030020426F6F746C6F616465723A4FBF
:1096700055545055542D3E41494D5F50574D202073
:10968000202020203D204C4F570A0000AC02002033
:10969000426F6F746C6F616465723A4F55545055E8
:1096A000542D3E4C41535F46414E20202020202027
:1096B0003D204C4F570A000000040240426F6F7477
:1096C0006C6F616465723A4F55545055542D3E4C41
:1096D00041535F5445432020202020203D204C4F03
:1096E000570A0000640200200008024000100240F7
:1096F000000C02400D0A0000426F6F746C6F6164D1
:1097000065723A494E5055542D3E4553544F505F63
:109710004E432020202020203D204C4F570A00009F
:10972000426F6F746C6F616465723A494E50555464
:109730002D3E465357495443485F4E432020202036
:109740003D204C4F570A0000426F6F746C6F61648C
:1097500065723A494E5055542D3E4653574954432D
:10976000485F4E4F202020203D204C4F570A0000DC
:10977000426F6F746C6F616465723A494E50555414
:109780002D3E494E5445524C4F434B202020202023
:109790003D204C4F570A0000426F6F746C6F61643C
:1097A00065723A4F55545055542D3E4C41535F50BD
:1097B000574D3020202020203D204C4F570A0000DC
:1097C000426F6F746C6F616465723A4F55545055B7
:1097D000542D3E4C41535F50574D312020202020C6
:1097E0003D204C4F570A0000426F6F746C6F6164EC
:1097F00065723A4F55545055542D3E4C41535F506D
:10980000574D3220202020203D204C4F570A000089
:10981000426F6F746C6F616465723A4F5554505566
:10982000542D3E4C41535F50574D33202020202073
:109830003D204C4F570A0000426F6F746C6F61649B
:1098400065723A4F55545055542D3E41494D5F5025
:10985000574D2020202020203D204C6F77210A00EA
:10986000426F6F746C6F616465723A4F5554505516
:10987000542D3E4C41535F46414E20202020202055
:109880003D204C6F77210A00426F6F746C6F6164EA
:1098900065723A4F55545055542D3E4C41535F54C8
:1098A00045432020202020203D204C6F77210A00B6
:1098B000426F6F746C6F616465723A494E505554D3
:1098C0002D3E4553544F505F4E43202020202020F2
:1098D0003D20484947480A00426F6F746C6F6164CD
:1098E00065723A494E5055542D3E4653574954439C
:1098F000485F4E43202020203D20484947480A0029
:10990000426F6F746C6F616465723A494E50555482
:109910002D3E465357495443485F4E4F2020202048
:109920003D20484947480A00426F6F746C6F61647C
:1099300065723A494E5055542D3E494E5445524C4D
:109940004F434B20202020203D20484947480A0013
:10995000426F6F746C6F616465723A4F5554505525
:10996000542D3E4C41535F50574D30202020202035
:109970003D20484947480A00426F6F746C6F61642C
:1099800065723A4F55545055542D3E4C41535F50DB
:10999000574D3120202020203D20484947480A00CB
:1099A0002DE9F04FC1B0EA4C0026E66126626078EE
:1099B00001276325DFF89CB34FF05A0841F2883A3B
:1099C0004FF0FF3908287DD007DC08280ED2DFE8E9
:1099D00000F0610DEFEEED0DECEB0C2873D008DC20
:1099E000092871D00B2801D101F030FF41B0BDE84A
:1099F000F08F5A2869D06328F8D1F7F759FEDBF8C1
:109A000000002021B1EB106F05D0DBF80000102121
:109A1000B1EB106F3AD1D0A0F6F708FDDBF80410D7
:109A20002163D7A0F6F702FD206B6063DBF800002E
:109A300080F30888DBF80010D9A0F6F7F7FCE0A067
:109A4000F6F7F4FC0821E048F9F74EFF0C21DE4858
:109A5000F9F74AFF0421DC48F9F746FF0421DB4807
:109A6000F9F742FF00BF00BF72B64FF0E020066179
:109A70004846F8F750FE4320F8F74DFE4846F8F701
:109A80003DFE4320F8F73AFE606B80474620FFF723
:109A9000B9FAABE700224FF40051CD48F7F7F3FFD6
:109AA000CC4E002240213046F7F7EDFF00BF00BF4B
:109AB00000BF00BF00BF00BF00220121C648F7F76A
:109AC000E2FF03E0EFE3EFE3EFE3EFE300BF00BF0C
:109AD00000BF00BF00BF00BF00BF00BF0021BF48E4
:109AE000F9F702FF0421B948F9F7FEFE00BF00BFF5
:109AF0000821B548F9F7F8FE0C21B348F9F7F4FE50
:109B00000421B148F9F7F0FEB5A0F6F78FFCB6A036
:109B1000F6F78CFC03F0E6FC04F00AF9C4F81490A4
:109B20008B4941F67050143101F050FF002840D0AD
:109B3000B6A0F6F77BFCC4F81890854941F674503E
:109B4000183101F043FF002838D0BBA0F6F76EFCB7
:109B500032221146C3A0F6F769FCC9480EC8C9A055
:109B6000F6F764FC01F08CF80146D0A0F6F75EFC35
:109B7000D8A2DBA1DDA0F6F759FC764A4FF480337A
:109B8000521ED902E0A0F6F751FC4FF47023ED4AC3
:109B90005946EDA0F6F74AFCFA4F10213846F7F780
:109BA0006BFF01280FD019E0DDE3A0E38EE076E043
:109BB00062E0F5A06169F6F739FCBCE7FDA0A16998
:109BC000F6F734FCC4E710213046F7F755FF0128BB
:109BD00004D120213046F7F74FFF08B1657005E743
:109BE000012208213846F7F74EFFFDA0F6F71EFCCC
:109BF00004217648F9F70AFE00BF00BF0821724829
:109C0000F9F704FE0C217048F9F76EFE04216E4846
:109C1000F9F76AFE4FF4FA752846F7F7E7FC0821D2
:109C20006948F9F761FE0C216748F9F7EFFD042157
:109C30006548F9F759FE2846F7F7D8FC082162482D
:109C4000F9F752FE0C216048F9F74EFE04215E48F8
:109C5000F9F7DCFD2846F7F7C9FC08215A48F9F75F
:109C600043FE0C215848F9F73FFE04215648F9F706
:109C70003BFE02206070B9E60022DEA1DE4802F061
:109C8000F5F8207028B10146DCA0F6F7CFFB65702F
:109C9000ACE6E3A0F6F7CAFB03206070A6E6F7F790
:109CA000F9FEE16A081A4FF47A7190FBF1F16162F2
:109CB000A06A814204D0E2A0F6F7B8FB606AA06215
:109CC000606A01288BDC042060708FE608213E4822
:109CD000F9F79CFD0122E5A1E74802F0F7F82070B2
:109CE00008213948F9F700FE22782AB1DFA1E3A064
:109CF000F6F79CFB657079E6DCA1EAA0F6F796FB27
:109D000000221346DC4801F092FF08212E48F9F7A3
:109D10007DFD6B46052201A9D74802F0EBFA2070C1
:109D200008212948F9F7E0FD207810B900980528A6
:109D300002D23020FFF766F99DF804004FF00608C4
:109D4000552804D19DF80510302900D1C0E1C3E1A8
:109D50006800002000000108426F6F746C6F61643E
:109D600065723A4A756D70206170706C69636174D8
:109D7000696F6E20616464726573732E0A0000005F
:109D8000426F6F746C6F616465723A4A756D7020D2
:109D9000416464726573733A307825580A00000094
:109DA000426F6F746C6F616465723A537461636B78
:109DB00020506F696E7465723A307825580A000039
:109DC0000A0A0A0D0D0D000064020020AC020020FA
:109DD00000080240001002400014024084030020EA
:109DE0000A0A0A0A00000000426F6F746C6F616417
:109DF00065723A53746172742E2E2E2E2E2E2E2ED4
:109E00002E2E2E2E2E2E2E0A00000000426F6F7472
:109E10006C6F616465723A52656164206570726F3F
:109E20006D204D4355204657204352433332206620
:109E300061696C210A000000426F6F746C6F61648D
:109E400065723A52656164206570726F6D204C4393
:109E500044204657204352433332206661696C21C7
:109E60000A000000426F6F746C6F616465723A564D
:109E7000657273696F6E2D3E25632E25630A00009F
:109E8000B0730020426F6F746C6F616465723A55F5
:109E90006E6971756549442D3E30782530385825F6
:109EA000303858253038580A00000000426F6F746F
:109EB0006C6F616465723A4D637520666C6173689E
:109EC0002073697A652D3E2564204B627974657331
:109ED0000A00000031323A34383A313300000000D1
:109EE000417072203230203230323600426F6F744F
:109EF0006C6F616465723A4275696C642D3E2573BE
:109F00003A25730A00000000426F6F746C6F616441
:109F100065723A426F6F746C6F6164205374617242
:109F20007420203A3078253038582C456E643A3009
:109F300078253038582C53697A653A30782530388E
:109F4000580A0000FFFF0F08426F6F746C6F616466
:109F500065723A4170706C6963656E742053746108
:109F60007274203A3078253038582C456E643A3077
:109F700078253038582C53697A653A30782530384E
:109F8000580A000000180240426F6F746C6F6164E1
:109F900065723A52656164206570726F6D204D4341
:109FA000552046572043524333323A3078253038D3
:109FB000580A0000426F6F746C6F616465723A52A8
:109FC000656164206570726F6D204C434420465774
:109FD0002043524333323A3078253038580A000053
:109FE000426F6F746C6F616465723A323456204F01
:109FF0004E0A0000303A0000B4650020426F6F74D2
:10A000006C6F616465723A4D6F756E742046617451
:10A01000667320657272726F723A2564210A0000BD
:10A02000426F6F746C6F616465723A4D6F756E74D8
:10A0300020466174667320737563657373210A002B
:10A04000426F6F746C6F616465723A576169742016
:10A05000757362206469736B20696E69743A256454
:10A06000205365636F6E64210A0000002F6C6173DA
:10A070002E63666700000000F0670020426F6F7477
:10A080004C6F616465723A4F70656E20257320666F
:10A0900061696C2C45434F44453D3078253032583A
:10A0A000480A0000426F6F744C6F616465723A4FEA
:10A0B00070656E202573207375636573732C45433B
:10A0C0004F44453D307825303258480A00000000A2
:10A0D0009DF80610312904D04FF00709552810D0FB
:10A0E00017E09DF80700412803D19DF808003128AA
:10A0F00001D06570E4E0F9A0F6F798F984F80180E2
:10A10000DEE09DF80510302903D19DF806103229B4
:10A1100003D00826552810D017E09DF807004128E5
:10A1200003D19DF80800312801D06570C8E0F6A081
:10A13000F6F77CF984F80190C2E09DF8051030290B
:10A1400003D19DF80610332902D0552812D019E00A
:10A150009DF80700412803D19DF80800312804D05C
:10A16000F4A0F6F763F96570AAE0FDA0F6F75EF9D2
:10A170006670A5E09DF80510302903D19DF8061002
:10A18000342902D0552813D01AE09DF80700412841
:10A1900003D19DF80800312804D0E6A0F6F746F96F
:10A1A00065708DE0FEA0F6F741F90920607087E048
:10A1B0009DF80510302903D19DF80610352902D0ED
:10A1C000552814D01BE09DF80700412803D19DF8C5
:10A1D0000800312804D0D7A0F6F728F965706FE0A1
:10A1E000F7A0F6F723F9A77084F8018068E09DF8DE
:10A1F0000510302903D19DF80610362902D05528C4
:10A2000014D01BE09DF80700412803D19DF80800F9
:10A21000312804D0C7A0F6F709F9657050E0F1A025
:10A22000F6F704F9E77084F8019049E09DF805100D
:10A23000302903D19DF80610372902D0442814D0C4
:10A240001BE09DF80700412803D19DF80800312844
:10A2500004D0B8A0F6F7EAF8657031E0EAA0F6F7A6
:10A26000E5F8A770E77066702AE09DF805103029C0
:10A2700003D19DF80610312902D0432817D01EE0E3
:10A280009DF80700412803D19DF80800312804D02B
:10A29000A8A0F6F7CBF8657012E0E6A0F6F7C6F8CE
:10A2A0000B2060700CE0A9E0E7E2E3E2EEE29DF84B
:10A2B0000500302803D19DF80600312804D06570D0
:10A2C000E64801F08DFC8AE49DF80700412803D19F
:10A2D0009DF80800312804D096A0F6F7A7F865701D
:10A2E000EEE7DFA0F6F7A2F80C206070E8E702F0D6
:10A2F000CFFEE06102F06EFE20620246E3A0E1695B
:10A30000F6F794F8216A6069814204D1E1698142DB
:10A3100001D1A07868B104F02FF9206202F0B8FEF4
:10A32000E0616061216A814208D04220FEF76AFE46
:10A3300016E0E2A0F6F77AF8657050E4EAA0F6F7C6
:10A3400075F8022000F090FB042000F08DFBF0492E
:10A3500041F6705001F010FCEEA0E169F6F766F8E6
:10A3600084F801803BE4F6A101A8F6F7DDF901A825
:10A3700000F0BCFCF5A0226AA169F6F757F8A169C4
:10A38000206A884201D1E07890B303F0BDFB2662D9
:10A39000EBA101A8F6F7C8F901A804F093F8206A28
:10A3A000A061052000F060FBD94941F67450091DF9
:10A3B00001F0E2FBF148F6F739F8D5485530F6F7E9
:10A3C000D7F981B2D248553001F03EFA5046F7F73E
:10A3D0000DF95046F7F70AF95046F7F707F95046D6
:10A3E000F7F704F95046F7F701F984F8018042E4E1
:10A3F000FFE7E3A0F6F71AF865703CE402F048FEC8
:10A40000E06102F0E7FD20620246E8A06369E169CD
:10A41000F6F70CF8216A6069814204D1E169814252
:10A4200001D1A078F0B304F0A7F8206202F030FE6A
:10A43000E061216A814202D04220FEF7E3FDE0693B
:10A440006061EAA0F5F7F2FF022000F00DFB0420A6
:10A4500000F00AFBAE4941F6705001F08DFBECA014
:10A46000F5F7E4FF2662B6A101A8F6F75DF901A8A9
:10A4700000F03CFCB5A0226AA169F5F7D7FFA169FD
:10A48000206A884201D1E07830B303F03DFB2662B8
:10A49000ABA101A8F6F748F901A804F013F8206A67
:10A4A000A06100E0DBE1052000F0DEFA984941F60A
:10A4B0007450091D01F060FBB048F5F7B7FF9448F0
:10A4C0005530F6F755F981B29148553001F0BCF995
:10A4D0005046F7F78BF8B3E1C6E10000426F6F74A6
:10A4E0006C6F616465723A53746172742075706741
:10A4F00072616465206D6375206170706C69636161
:10A5000074696F6E210A0000426F6F746C6F616432
:10A5100065723A5374617274207570677261646514
:10A52000206C6364206170706C69636174696F6E24
:10A53000210A0000426F6F746C6F616465723A4467
:10A540006576696365204944206973206E6F7420C5
:10A550006D6174652C72756E20617070210A000047
:10A56000426F6F746C6F616465723A537461727498
:10A570002075706772616465206D6375206170700D
:10A580006C69636174696F6E2026206C636420615E
:10A5900070706C69636174696F6E210A000000005D
:10A5A000426F6F746C6F616465723A537461727458
:10A5B00020757064617465206570726F6D210A008A
:10A5C000426F6F746C6F616465723A537461727438
:10A5D00020666F72636520757064617465206D63B9
:10A5E00075210A00426F6F746C6F616465723A5333
:10A5F0007461727420666F72636520757064617433
:10A6000065206C6364210A00426F6F746C6F616433
:10A6100065723A537461727420666F726365207557
:10A620007064617465206D63752026206C636421FD
:10A630000A000000426F6F746C6F616465723A5378
:10A64000746172742064756D70206570726F6D2016
:10A65000746F20756469736B210A0000F067002035
:10A66000426F6F746C6F616465723A537461727497
:10A6700020636C65617220666C61736820616E6432
:10A68000206570726F6D210A00000000426F6F74C8
:10A690006C6F616465723A4D435520637263466C1A
:10A6A0006173683A25303858482C63726355646981
:10A6B000736B3A2530385848210A0000426F6F7496
:10A6C0006C6F616465723A436865636B206D637596
:10A6D00020617070206372632073616D652C736BF1
:10A6E0006970210A00000000426F6F746C6F616432
:10A6F00065723A436865636B73756D206D63752091
:10A70000617070207375636573732E0A000000001A
:10A710007C000020426F6F746C6F616465723A5503
:10A720007064617465206E657720637263333220D4
:10A730007375636573732C307830382558480A0078
:10A740002F7072697661746500000000426F6F744B
:10A750006C6F616465723A4C4344206372634C636E
:10A76000643A25303858482C637263556469736BBA
:10A770003A2530385848210A00000000BCF3000890
:10A78000426F6F746C6F616465723A436865636BA6
:10A79000206C636420617070206372632073616D4C
:10A7A000652C736B6970210A00000000426F6F74A2
:10A7B0006C6F616465723A4D435520637263466CF9
:10A7C0006173683A25303858482C63726355646960
:10A7D000736B3A25303858482C6372634570726F3A
:10A7E0006D3A25303858480A00000000426F6F74F7
:10A7F0006C6F616465723A436865636B206D637565
:10A8000020617070207375636573732E0A000000F9
:10A81000426F6F746C6F616465723A5570646174F5
:10A8200065206D637520617070206E65772063729E
:10A83000633332207375636573732E0A0000000062
:10A840005046F6F7D3FE5046F6F7D0FE5046F6F7E0
:10A85000CDFE5046F6F7CAFE84F8018033E5AFF22C
:10A86000A410F5F7E3FDFDE5AFF2EC00F5F7DEFD32
:10A87000657028E503F004FC25E500F071F901207E
:10A8800000F0F2F84820FEF7BDFB1CE508A0F5F744
:10A89000CDFD87F31388BFF34F8F0C4801680C4A36
:10A8A00001F4E06111430160BFF34F8F00BFFDE78A
:10A8B000426F6F746C6F616465723A53797374653B
:10A8C0006D2052657365740A000000000CED00E015
:10A8D0000400FA052DE9F05F804617469A46891E66
:10A8E000D8F8300000EB1139C1F3C80501F00700BA
:10A8F0004FF0010B0BFA00F0C4B2494609F101090F
:10A90000404603F0A4F810B10120BDE8F09F4FF4D9
:10A91000007208EB050191F8386016EA040000D0D7
:10A920000120504501D10220EFE7664081F83860F0
:10A9300088F803B07F1E09D0600010F0FF04EAD150
:10A9400001246D1C9542E4D30025D6E70020DCE706
:10A95000002205E0835CFF2B01D000207047521CD1
:10A960008A42F7D30120704710B504460020E070FA
:10A97000401E6063204603F06AF808B1042010BD51
:10A9800004F2362002F0A8FDA0F52A41553901D085
:10A99000032010BD94F83800E92805D0EB2816D123
:10A9A00094F83A00902812D104F16E0002F05DFD97
:10A9B0000C49B1EB002F01D1002010BD04F18A0039
:10A9C00002F053FD0849884201D1002010BD0B223E
:10A9D00006A104F1380003F01FF808B1022010BDF1
:10A9E000012010BD0046415446415433EB7690455A
:10A9F000584641542020200000E0401C02780AB153
:10AA00008A42FAD100787047F0B500221546154EFB
:10AA100011E006EB02131C685CB10768BC4209D167
:10AA20005C688768BC4205D19B68046BA34204D074
:10AA300000E00125521CFF2AEBD3FF2A01D079B98F
:10AA400006E01DB9022901D01220F0BD0020F0BDA2
:10AA500006EB02108089B0F5807F01D00020F0BDA8
:10AA60001020F0BD340D0020F8B5002100914FF406
:10AA700008744FF4FC554FF4005608280DD2DFE857
:10AA800000F00C040D3246515C660024A0B2694609
:10AA900001F040F8641CB442F8D3F8BD0025A8B218
:10AAA000694601F037F86D1C1F2DF8D92025A8B292
:10AAB000694601F02FF86D1CA542F8D341F66454A5
:10AAC000E51CA0B2694601F025F8641CAC42F8D937
:10AAD00041F66854E51CA0B2694601F01BF8641CFD
:10AAE000AC42F8D9F8BD4FF42265A0B2694601F036
:10AAF00011F8641CAC42F8D341F66C54E51CA0B2CA
:10AB0000694601F007F8641CAC42F8D9F8BD41F67B
:10AB10007054E51CA0B2694600F0FCFF641CAC4216
:10AB2000F8D9F8BD41F67454E51CA0B2694600F0AE
:10AB3000F1FF641CAC42F8D9F8BD4FF4EC54A0B25C
:10AB4000694600F0E7FF641CAC42F8D3F8BDA8B238
:10AB5000694600F0DFFF6D1CB542F8D3F8BD000078
:10AB600010B5F6F7EDFD094907480860F6F7CAF990
:10AB700010B13520FEF746FABDE810404FF47021C1
:10AB80000348FFF7E5BE0000910001000C3C0240C5
:10AB90000000010830B50021054B002403EB011231
:10ABA0001568854200D11460491CFF29F6D330BDD9
:10ABB000340D0020891EC269921E8A4201D80020ED
:10ABC0007047026B408901FB0020704730B50023BD
:10ABD00007E0C45CCD5CAC4201D0002030BD5B1C02
:10ABE0009BB29342F5D3012030BD00002DE9F04720
:10ABF0008146884608F11A0002F06EFC10B1002070
:10AC0000BDE8F08798F8000000F03F00401E00EB20
:10AC1000800101EBC00401270025DFF860A01AF8CD
:10AC20000500404402F058FC06468FB1FF2C0BD2C1
:10AC3000304601F03BFE07462046641C39F8100000
:10AC400001F034FE874201D00020D9E7374605E005
:10AC5000A6F57F40FF3801D00020D1E76D1C0D2DF7
:10AC6000DDD398F80000400605D527B139F8140067
:10AC700008B10020C4E70120C2E70000A8E80008EE
:10AC80000148008870470000227AFF1F70B500223B
:10AC9000084C094D09E0865C63685E40F6B255F8E1
:10ACA000266086EA13236360521C8A42F3D36068ED
:10ACB000C04370BDF000002064EE0008054A064B5A
:10ACC00051684840C0B253F8200080EA112050601B
:10ACD000C0437047F000002064EE000802494FF0C6
:10ACE000FF30486070470000F00000202DE9F0417F
:10ACF000ADF51E7D804642AC8AAF4146384601F034
:10AD000082FA1D4D28702EE02146384601F0BCFB2A
:10AD1000287058BBA07E48B32E2824D004F11A0610
:10AD20004FF4807102A8F5F7DBFD2F23424613A1F3
:10AD300002A80096F5F786FB207BC00609D502A87D
:10AD4000FFF7D4FF287070B128780DF51E7DBDE89F
:10AD5000F08102A90BA0F5F769FB02A802F0ECF85C
:10AD6000296A0844286228780028CDD0384600F0A7
:10AD70004CFF2878E9E70000680000202573256370
:10AD800025730000426F6F746C6F616465723A6383
:10AD90007263204C63642066696C653A25730A000F
:10ADA0002DE9F047074688463D68B8F1000F08D006
:10ADB0004146384602F07CF9022809D20120BDE85C
:10ADC000F0876E6916B1E869B04207D8012605E040
:10ADD000411CF4D0E9698142F1D8464628784FF009
:10ADE000FF39042809D03446641CE869A0424AD8D7
:10ADF0000224022E47D20020E1E7012231462846F4
:10AE000001F0CAFD0446200012D0601C10D00123BE
:10AE10001A4621462846FFF75DFD02280AD0012880
:10AE20000AD0B8F1000F09D0F979022909D010E051
:10AE30002046C4E70120C2E74846C0E70221F97175
:10AE400007E0711C8C4204D0B968711AB961032102
:10AE5000F971F979022931D008F101018C4206D14A
:10AE6000F96909B1491C00E00221F96126E0F8699D
:10AE7000012600B9FE6122464146384601F073FDC5
:10AE8000E0B9FE611AE02146384602F011F938B106
:10AE9000012894D0411C92D0B442A5D100208EE765
:10AEA0004A462146284602F085FE38B9B8F1000F1F
:10AEB00004D022464146284602F07CFE20B10128FB
:10AEC0000FD0012420467AE76C61D5E90601891E7E
:10AED000884201D8401EA861287940F001002871FD
:10AEE000F0E74C46EEE700002DE9F35F8846D8F81E
:10AEF000007000980068D0F80C9000242546284681
:10AF00006D1C385C20280ED32F2807D05C2805D074
:10AF1000FF2C0FD30620BDE8FC9F6D1C795D2F2907
:10AF2000FBD05C29F9D07919C8F80010202817D275
:10AF300004261FE0C0B2012101F09AFC064646B18A
:10AF4000802E08D231465FA0FFF756FD18B10620CB
:10AF5000E1E70620DFE72046641C29F81060CEE711
:10AF6000002607E0601E39F81000202801D02E28A6
:10AF700002D1641E002CF5D1002029F814003CB148
:10AF800000980B222021403002F05BFD002702E0F8
:10AF90000620C0E77F1C39F817002028FAD02E2899
:10AFA000F8D01FB146F0030600E0641E24B1601E15
:10AFB00039F810002E28F8D14FF00008C2464FF0A3
:10AFC000080B38467F1C39F8105005B3202D03D0EC
:10AFD0002E2D04D1A74202D046F00306F1E7DA4550
:10AFE00001D2A74219D1BBF10B0F0ED0A74201D05D
:10AFF00046F003060BD827464FF0080A4FF00B0B1C
:10B000004FEA88604FEA1068DBE746F003060098D5
:10B0100090F84000E5282FD032E0802D0BD300219E
:10B02000284601F025FC05461DB12948284410F8A2
:10B03000805C46F0020625B1294626A0FFF7DCFC1D
:10B0400018B15F2546F003060EE0A5F1410019286E
:10B0500002D848F0020807E0A5F16100192803D8DA
:10B0600048F00108203DADB20099504608440AF16D
:10B07000010A80F84050A4E70098052180F84010AC
:10B08000BBF1080F03D14FEA88604FEA1068C8F39C
:10B090008100032803D06FEA0801890701D146F037
:10B0A0000206B10709D408F00301012901D146F0D5
:10B0B0001006012801D146F00806009880F84B6080
:10B0C000002028E7222A3A3C3E3F7C7F0000000017
:10B0D00028E800082B2C3B3D5B5D00002DE9F05F6C
:10B0E0000646894640220021304602F0AAFC85200F
:10B0F0003070C02086F8200000254FF0010801279D
:10B1000040244FF0000A4FF0C10B601C06F804B059
:10B11000441C06F800A027B139F815700FB16D1C5A
:10B12000EDB23019394602F0F7FEA41CE006F2D168
:10B1300008F1010808F0FF0839F815000028E4D1EB
:10B1400086F8235086F80180484603F030FB01461C
:10B1500006F12400BDE8F05F02F0DEBE401EFF28CD
:10B1600010D2094901EB00118889B0F5807F00D128
:10B17000002008B1401E80B2888108B90020086014
:10B180000020704702207047340D00202DE9F04167
:10B1900004460F4626680021204600F0B6FAF8B9AA
:10B1A00000253046A16B02F052FCC8B93178042961
:10B1B00005D0E16B0A78E52A07D032B109E0E16BEE
:10B1C000097841F3C011491C03D06D1CBD4207D062
:10B1D00000E000250121204600F0AEF80028E0D074
:10B1E000042800D10720BDE8F0812DE9F05F044676
:10B1F00026680021204600F088FA002848D13078DF
:10B2000004280ED0FF27B9464FF0FF3AC4F84CA0EF
:10B210003046A16B02F01BFC80465FEA08004CD16F
:10B2200038E0F06803F0C3FA824629E03069243040
:10B2300002F052F9504523D1306990F8237040252F
:10B240004FF0000815E0E80600D1AD1C3069284435
:10B2500002F042F901F02AFB8146F06830F818004C
:10B2600001F024FB814506D17F1EFFB2AD1C08F121
:10B270000108002FE7D11FB9F06830F8180030B18D
:10B280000021204600F0E8F8B0F1000BCED058467F
:10B29000BDE8F09FE06B05786DB1C17A01F03F0128
:10B2A000A171E52D03D00A0708D50F2906D0FF2785
:10B2B000C4F84CA035E04FF004083BE00F2901D062
:10B2C000EFB120E094F84B1049062AD4690606D560
:10B2D00090F80D9005F0BF052F46216BE164BD424B
:10B2E0000AD1417B494507D1F26801461046FFF774
:10B2F0007DFC08B17F1E00E0FF27FFB211E002F0E5
:10B3000043FE484516D094F84B00C00706D10B22E7
:10B3100004F14001E06B02F07FFB58B1FF27C4F855
:10B320004CA00021204600F007F880465FEA0800A4
:10B330003FF46EAF4046ABE72DE9F04705460F46B8
:10B340002C68D5F8308008F12008A86B002806D0BA
:10B350002178042906D04FF40011414505D8042076
:10B36000BDE8F0874FF08051F7E75FEAC8516AD136
:10B37000401CA863696B4FF0000929B16089401E29
:10B3800010EA582F08D05EE02089B0EB581F5AD839
:10B39000C5F838900420E3E7284601F089FE064608
:10B3A000012E01D80220DBE7701C18D0E069B04202
:10B3B00043D8B7B12846696BFFF7F2FC0646300068
:10B3C00013D0012E13D0701C13D0E87940F0040084
:10B3D000E871204602F02AFE68B10120C0E7012092
:10B3E000BEE7C5F838900420BAE70720B8E7022086
:10B3F000B6E70120B4E74FF40072002104F13800F1
:10B4000002F01FFB002731462046FFF7D3FB6063A5
:10B410004FF001090BE084F80390204602F006FE8D
:10B4200008B101209CE77F1C606B401C6063608951
:10B43000B842F0D8606BC01B60636E633146204633
:10B44000FFF7B8FBA863C5F83080C8F308002044B4
:10B450003830E863002083E72DE9F04705468A4647
:10B460000427D5F80080FF26B1465FE0404602F091
:10B47000EEFA074638005CD1E86B0478A4B198F87E
:10B480000010042912D0C17A01F03F01A971E52C06
:10B4900008D02E2C06D021F02002082A17D0002236
:10B4A000524516D0FF2631E0042742E0852C2DD1ED
:10B4B000286BE864284602F003FA0746380038D1C2
:10B4C000D8F81000007900F03F00A87131E00122A7
:10B4D000E6E70F2901D02EBB20E0610606D590F8E3
:10B4E0000D9004F0BF042646296BE964B4420BD1E9
:10B4F000417B494508D1D8F80C200146104602F09E
:10B50000C1FA08B1761E00E0FF26F6B200212846F7
:10B51000FFF712FF0746380008D00AE002F034FDBA
:10B52000484506D04FF0FF30E86402E0A96B0029DF
:10B530009CD10FB10020A8633846BDE8F0872DE903
:10B54000F04798B00446256894F84B0010F0A00F1F
:10B5500003D0062018B0BDE8F0870026E86800E0B8
:10B56000761C30F816100029FAD12878042819D052
:10B5700004F140010C22884614A802F059FA9DF803
:10B580005B00C0076AD0402084F84B0001273B468F
:10B5900014A94046EA6801F08BFC2046FFF725FE1F
:10B5A000E0BB50E00E360F20B6FBF0F6B61C31467D
:10B5B0002046FFF7EBFD0028CCD1761E206B7142B0
:10B5C00000EB4110E064A06848B3E079400734D54F
:10B5D0006989D4E904304902591840F10000C4E9EE
:10B5E0000410204601F0A8F90028B3D1421E2046DD
:10B5F000616B01F0B8F90028ACD12146684602F031
:10B6000043F90028A6D1D4E904232869383002F090
:10B610005FFCD4E904232869283001E016E00CE03F
:10B6200002F056FCE079296940F0010081F8210020
:10B63000684602F075FC00288CD1D5E90310FFF7AD
:10B640004DFD002086E77F1C642FA0D3642F0FD010
:10B650000428F7D19DF85B0084F84B009DF85B004F
:10B66000800707D50C360D20B6FBF0F77F1C02E0F3
:10B6700007206FE7012739462046FFF787FD06467A
:10B680004FF001092EBB7F1E23D0206B794200EBC7
:10B690004111204600F039F80646300019D14046E5
:10B6A00002F072FC82462846A16B02F0D0F90646F1
:10B6B0007EB9FAB2E16B5346E86802F0FFFA85F80A
:10B6C000039000212046FFF737FE06460EB97F1E85
:10B6D000E9D1C6B92846A16B02F0B9F90646300097
:10B6E00011D120220021E06B02F0ABF90B22414680
:10B6F000E06B02F09DF994F84B00E16B00F018004C
:10B70000087385F80390304624E72DE9F04106469A
:10B710000D4637683878042808D04FF40010A84246
:10B7200001D9E80605D00220BDE8F0814FF0805035
:10B73000F5E73563B4682CB93878032802D3FC6A7E
:10B740000020F0711CB178894FEA40281AE038894E
:10B75000B0EB551F01D80220E6E7F86AB06318E0A5
:10B760002146304601F0A4FC0446601C06D0022CA1
:10B7700002D3F869A04203D80220D5E70120D3E71D
:10B78000A5EB08054545EBD221463846FFF712FAEE
:10B79000B0637463B06B48B100EB5520B063C5F380
:10B7A000080038443830F0630020BDE70220BBE7D2
:10B7B00070B504460020084D295D00290AD105EB2B
:10B7C000840128194968007A09688847002801D14E
:10B7D0000121295570BD0000241D002030B4054B07
:10B7E0001C1803EB8000247A40680369204630BCB3
:10B7F00018470000241D002030B4054C251804EB28
:10B8000080002D7A406884682846A44630BC604792
:10B81000241D002004490A1801EB8000127A4068B8
:10B820004168104608470000241D002030B4054C34
:10B83000251804EB80002D7A4068C4682846A44689
:10B8400030BC6047241D0020F5F79EBA38B54FF490
:10B8500000552A460E49002000F03AF80A220DA1B0
:10B860000F4800F033FB0F4C207010B13420FDF76F
:10B87000C9FB6B462A460649094800F0F6FE2070CF
:10B8800010B13420FDF7BEFB4A20FDF7BBFB38BDED
:10B89000301D00202F6C6570726F6D2E62696E0016
:10B8A000E06E0020680000200020084900E0401CF5
:10B8B000FF2804D201EB00121268002AF7D1FF28FA
:10B8C00001D001207047002070470000340D002097
:10B8D0002DE9F04788B00C468318B3F5005F03D913
:10B8E000012008B0BDE8F087D308069302F00702F4
:10B8F00005920790002004904FF47A784FF48079F5
:10B900002F4E4FF4007A2F4F2AE00820CDE901088E
:10B91000BDF81C2010230094A1212B48F6F7F0FB62
:10B920000546A5B1642280213846F8F73DFF70B97D
:10B930002548F6F700FB31460B4652463846CDF80F
:10B940000090F8F7F0FD2048F6F70EFB0546BDF82D
:10B950001C00083007900834BDF81000401C04900B
:10B96000BDF81000BDF818108842CED3BDF8140001
:10B9700018B3BDF81400CDE90108BDF81C20102350
:10B980000094A1211048F6F7BBFB0546280014D00F
:10B99000642280213846F8F707FF70B90A48F6F7A5
:10B9A000CAFA31460B4652463846CDF80090F8F7B1
:10B9B000BAFD0548F6F7D8FA0546284691E7000093
:10B9C0000004024000540040540100203EB5C21C57
:10B9D000B2F5005F01D301203EBD4FF47A7204231B
:10B9E000CDE90132009102461023A1210E48F6F75D
:10B9F00087FB0446ACB10D4D642280212846F8F740
:10BA0000D3FE70B90848F6F796FAA815084942001F
:10BA100000900B462846F8F786FD0348F6F7A4FA8F
:10BA2000044620463EBD0000540100200054004062
:10BA3000000402402DE9FE4F0C468118B1F5005F6D
:10BA400002D90120BDE8FE8F4FEAD20902F00708B3
:10BA500007460026DFF8B0A0DFF8B0B028E00821E4
:10BA6000CDE900414FF47A70029010233A46A021AC
:10BA70002748F6F793FC0546ADB16422802158466D
:10BA8000F8F792FE78B92248F6F755FA4FF480702D
:10BA90005146420000900B465846F8F744FD1C48BA
:10BAA000F6F762FA05460837BFB20834761CB6B21C
:10BAB0004E45D4D3B8F1000F23D04FF47A70CDE9BE
:10BAC0000048029010233A46A0211148F6F766FC80
:10BAD0000546280015D0642280215846F8F764FEF8
:10BAE00078B90B48F6F727FA4FF4807051464200B8
:10BAF00000900B465846F8F716FD0548F6F734FA5D
:10BB0000054628469EE7000000040240005400401D
:10BB1000540100203EB5B0F5005F01D301203EBDC9
:10BB20004FF47A720123CDE90132009102461023CD
:10BB3000A0210E48F6F732FC0446ACB10C4D64224D
:10BB400080212846F8F730FE70B90848F6F7F3F977
:10BB5000A8150849420000900B462846F8F7E3FC78
:10BB60000248F6F701FA044620463EBD5401002083
:10BB700000540040000402403EB5C21C41F6FF7371
:10BB80009A4201D301203EBD4FF47A720423CDE9DD
:10BB90000132009102461023A0210E48F6F7FEFB69
:10BBA0000446ACB10C4D642280212846F8F7FCFD18
:10BBB00070B90848F6F7BFF9A81508494200009087
:10BBC0000B462846F8F7AFFC0248F6F7CDF90446D5
:10BBD00020463EBD540100200054004000040240B5
:10BBE00038B50446204600F087FC00280CD1694691
:10BBF000204602F0A5FD002806D1E06AFFF7AEFA64
:10BC0000002801D10021216038BD38B504466946BD
:10BC1000204602F095FD002808D1E16A11B10846DE
:10BC2000FFF79CFA002801D10021216038BD2DE9E1
:10BC3000FE4F824614461D4601A9504602F080FD83
:10BC40000290029810B99AF831000290029850B907
:10BC500001980078042806D1421F5046DAF84010B7
:10BC600000F081FE0290029810B10298BDE8FE8FAC
:10BC7000019A1078042804D0012D02D34FF0FF342C
:10BC80000025DAE90401031B71EB050305D29AF8DC
:10BC900030309B0701D404460D46DAE90E890020B6
:10BCA0000090CAF83800CAF83C0054EA050077D082
:10BCB00050894FEA402B58EA090022D0601E45F116
:10BCC000FF315A460023F4F73AFB0646B8F101006B
:10BCD0000F4649F1FF31804689465A460023F4F762
:10BCE0002EFB301A8F410CD3ABF1010028EA000083
:10BCF000CAE90E094946241A65EB0105DAF8402025
:10BD00000FE0DAF8082052B900215046FFF748F852
:10BD10000246012A08D0501C0AD0CAF80820CAF8E6
:10BD20004020EAB3002645E002208AF831009DE772
:10BD300001208AF8310099E73346B4EB0B0465EB38
:10BD40000305DAE90E0110EB0B005941CAE90E01B7
:10BD50009AF830309F0714D5DAE904C7BCEB000C21
:10BD60008F4105D2CAE9040143F040008AF830004F
:10BD700011465046FFF714F802463AB9002425460A
:10BD80001DE01146504601F093F90246501C0BD0BD
:10BD9000012A03D90198C069904209D8022000E025
:10BDA0001FE08AF8310061E701208AF831005DE781
:10BDB000CAF84020BBEB040076EB0500BCD3DAE9FF
:10BDC0000E1009196841CAE90E10E00509D01146A4
:10BDD0000198FEF7EFFE68B3610A41EAC5510844D5
:10BDE0000090DAE90432DAE90E011B1A8A4107D21F
:10BDF000CAE904019AF8300040F040008AF83000A7
:10BE0000BAF83800C0052ED0DAF8442000988242F3
:10BE100029D09AF830000AF15004000614D5019890
:10BE2000012321464078FFF701FD38B101208AF84F
:10BE300031001BE702208AF8310017E79AF830003A
:10BE400000F07F008AF830000198012321464078F5
:10BE5000009AFFF7D1FC18B101208AF8310005E7FC
:10BE60000098CAF84400029800E700002DE9F74165
:10BE700081B0164602980090684601F03CFA0446EC
:10BE8000002C03DA0B2004B0BDE8F0810E4F57F808
:10BE900024504FF0000825B12846FEF77BFE85F8B8
:10BEA00000800198002801D080F8008047F8240025
:10BEB00001D0012E01D00020E5E7002201A902A84F
:10BEC00000F0AEFDDFE70000440000202DE9F74F51
:10BED00096B00646002E0BD002F03F04224601A980
:10BEE00017A800F09DFD07464FF0000A27B183E137
:10BEF000092019B0BDE8F08F019802904FF48C60D2
:10BF000000F0D0FC81465FEA09000DD00198C0F82E
:10BF10000C9009F50071016102A8179900F056FF15
:10BF20000746380002D010E01120E2E79DF85300E8
:10BF3000000601D5062708E0600801D0012100E0D5
:10BF4000002102A8FEF760FD074614F01C0F7CD00C
:10BF50006FB1042F08D1FFF7A7FC20B102A8FFF7AB
:10BF6000EEFA074600E0122744F0080409E09DF8C5
:10BF70000E0010F0110F01D0072702E0600700D576
:10BF80000827002F35D1200733D501F02CF983463F
:10BF9000019801254FF02008017804292AD0119832
:10BFA00059460E3001F08CFF11985946163001F0B9
:10BFB00087FF119880F80B801199019801F042FADF
:10BFC000804600221199019801F066FF1198002126
:10BFD0001C3001F075FF0198C570B8F1000F77D0E3
:10BFE000456B0022414602A801F0B4FE0746380026
:10BFF00057D06DE0306001980069343001F035FAB7
:10C00000B06001980069383001F03AFAC6E90401DD
:10C010000198016991F8211001F00201F171C6F84F
:10C020001CA000695946083001F04AFF01980169D7
:10C0300081F814A0006959460C3001F041FF0198C5
:10C04000016981F815A0016900E035E081F80480FC
:10C0500000690021343001F033FF019800221346BB
:10C060000069383001F034FF01980022134600695E
:10C07000283001F02DFF0198006980F8215002A8B6
:10C0800001F04EFF0746380022D1B16801B300220B
:10C09000304601F05FFE0746B0680199401E4861D6
:10C0A00016E02946019801F0D2FC07460198A8F154
:10C0B0000108C0F814800BE057B99DF80E00C106C6
:10C0C00001D5042704E0A10702D5C00700D0072747
:10C0D0009FB9200701D544F040040198406BB0643B
:10C0E0001198F064600801D0012100E0002102A84D
:10C0F00001F064F9F06200B902278FBB0198017862
:10C1000004292ED0119901F09DF9B06011981C30CE
:10C1100001F0ABF9C6E9040A019830600198C088C3
:10C12000B08086F8304086F831A0C6F844A00021DF
:10C13000B163F16306F150004FF40072834601F0E1
:10C1400080FCA00655D5D6E9044554EA050050D038
:10C15000C6E90E45019840894FEA4028B1682DE0B4
:10C1600047E00499316206999DF80F2021F0FF0104
:10C17000114371621599B1620069343001F075F9AB
:10C18000B06001980069383001F07AF9C6E904011D
:10C190000198006990F8210000F00200F071BBE7FF
:10C1A000304600F085FF0146012900D80227481CCF
:10C1B00000D10127B4EB080465EB0A0527B9B8EBF9
:10C1C00004027AEB0500EBD3316497B9E00510D097
:10C1D0000198FEF7EFFCA0B1610A41EAC5510A18C7
:10C1E00072640198012359464078FFF705FB00B1BE
:10C1F0000127484600F058FB0FB1C6F800A03846AA
:10C2000077E60227F5E7F3B581B00446002C08D0A5
:10C210000022694602A800F003FC0546002715B17C
:10C2200064E00920FEBD009921604FF48C6000F0AD
:10C2300039FB064630000CD00098C66006F5007148
:10C2400001612046029900F0C1FD0546280002D098
:10C2500046E01120FEBD94F84B0000062AD4A079D8
:10C26000C00626D500980178042904D0E16B01F0BE
:10C27000E9F8A0601EE0A26822622169E27921F05B
:10C28000FF0111436162E26CA2620069343001F087
:10C29000ECF8A06000980069383001F0F1F8C4E9CA
:10C2A00004010098006990F8210000F00201E1719A
:10C2B00000E00525A5B90098C188A180002120468D
:10C2C000FFF723FA054628000AD1A06838B10021FB
:10C2D000204601F073F8E06210B9122500E0E76231
:10C2E000304600F0E1FA042D00D1052505B12760A4
:10C2F0002846FEBD2DE9FC5F044688461746994650
:10C300000025C9F800506946204602F019FA0028B5
:10C310001AD194F83100002816D194F83000C007E3
:10C3200011D0D4E90431D4E90E02181A61EB0201EC
:10C33000C31B71F1000100D2074604F150004FF019
:10C34000010A01909BE00720BDE8FC9F208FC005FB
:10C3500079D10098D4E90E5640894FEA552B4BEA23
:10C36000C65B401E0BEA000BBBF1000F10D135433A
:10C3700009D02046216C00F09BFE022805D2022045
:10C3800084F83100E0E7A068F7E7411C1CD0206486
:10C39000216C0098FEF70EFCD0B100EB0B067D0A75
:10C3A0005DB300980BEB050241898A4201D9A1EBEC
:10C3B0000B0540782B4632464146FFF71DFA58B12F
:10C3C00084F831A00120BFE784F831A00120BBE749
:10C3D000022084F83100B7E794F8300000060AD54F
:10C3E000606C801BA84206D208EB40204FF400721C
:10C3F000019901F01DFB6D0233E0626CB24221D065
:10C4000094F83000000610D5009801230199407877
:10C41000FFF70CFA18B184F831A0012094E794F8E2
:10C42000300000F07F0084F830000098012332468D
:10C4300040780199FFF7E0F920B184F831A001209C
:10C4400082E700E06664208FC0F30800C0F5007545
:10C45000BD4200D93D46011950312A46404601F0FF
:10C46000E7FAA844D4E90E20521940F10000C4E9CB
:10C470000E20D9F800002844C9F800007F1B002FC7
:10C480007FF464AF00205FE7F8B507460E466946C3
:10C49000384602F055F9044664BB96B14FF48C60FF
:10C4A00000F000FA054695B10098C56005F50071E9
:10C4B000016100213846FEF7CFFF0446042C08D066
:10C4C00008E000213846FFF720F9044612E0112069
:10C4D000F8BD00245CB93146384600F086FE0021E4
:10C4E0003846FEF729FF0446042C00D100242846D4
:10C4F00000F0DAF92046F8BDF0B595B0044614A96D
:10C50000204602F01DF90546002D24D194F8300094
:10C51000410620D5000611D51498626C012340789D
:10C5200004F15001FFF782F910B1012015B0F0BD00
:10C5300094F8300000F07F0084F8300000F053FEE3
:10C54000064614980178042906D0A16C01F07FFA00
:10C550000546002D62D086E0204600F0EDF9054644
:10C5600035B94FF0FF322046216C00F0FCF905464A
:10C57000002D78D14FF48C6000F094F90746380014
:10C580000BD01498C76007F5007101612146684619
:10C5900001F07AF9054615B13CE01120C6E7149880
:10C5A00001690A7942F020020A71E179026941F0D9
:10C5B000010182F821100069A168343001F080FC8B
:10C5C000D4E9042314980069383001F081FCD4E9DF
:10C5D000042314980069283001F07AFC149831463D
:10C5E00000690C3001F06CFC14980021026951754F
:10C5F0000069103001F064FC684601F091FC0546CA
:10C6000045B9149801F0CEFC054614F8300F00F03F
:10C61000BF002070384600F047F924E0E56CE87A66
:10C6200040F02000E8722946A268206801F034FC3E
:10C6300005F11C00216901F043FC314605F11600AB
:10C6400001F03EFC002105F1120001F065FC149898
:10C650000121C17001F0A6FC054694F8300000F0FD
:10C66000BF0084F83000284660E72DE9FF4F83B013
:10C6700080468B46924606990020086001A94046F4
:10C6800002F05EF8002808D198F83100002804D1A3
:10C6900098F83000800703D4072007B0BDE8F08F7A
:10C6A00001980078042807D0D8F8380010EB0A0168
:10C6B000814201D26FEA000A08F150000290CAE0FC
:10C6C000B8F83800C0057AD1D8E90E01019A440AB9
:10C6D00044EAC1545289521E14402CBB084310D066
:10C6E0004046D8F84010FEF75BFB002869D00128CF
:10C6F00010D0411C12D0C8F84000D8F8081089B1F9
:10C7000012E0D8F808000028EFD100214046FEF7DB
:10C7100047FBEAE7022088F83100BEE7012088F8ED
:10C720003100BAE7C8F8080098F83000000612D5C2
:10C730000198D8F84420012340780299FFF776F851
:10C7400018B1012088F83100A7E798F8300000F010
:10C750007F0088F83000D8F840100198FEF72AFAD8
:10C76000A0B106194FEA5A2555B3019862194189BB
:10C770008A4200D90D1B40782B4632465946FFF7B6
:10C7800055F838B1012088F8310086E7022088F892
:10C79000310082E7D8F84400801BA8420CD20BEB92
:10C7A00040214FF40072029801F042F998F83000ED
:10C7B00000F07F0088F830004FEA452930E01AE0A9
:10C7C00000E04CE0D8F84400B04212D0D8E90E3076
:10C7D000D8E904219A1A88410BD2019801233246E4
:10C7E00040780299FFF708F818B1012088F8310065
:10C7F00053E7C8F84460B8F83800C0F30800C0F543
:10C800000079D14500D9D146404450304A46594676
:10C8100001F00EF998F8300040F0800088F8300000
:10C82000CB44D8E90E1511EB090445F10005C8E920
:10C830000E45D8E90467301B77EB050001D3344679
:10C840003D46C8E904450698006800EB09010698D2
:10C850000160AAEB090ABAF1000F7FF431AF98F832
:10C86000300040F0400088F83000002015E700005C
:10C87000802804D30A4A39B1FF2801D90020704723
:10C88000803832F810007047002132F811308342AE
:10C8900003D0491C89B28029F7D38031C8B27047D0
:10C8A000B6E80008F3F7F5BCF3F722BD30B5B0F5F4
:10C8B000805F01D21E4900E01E4931F8022B002A98
:10C8C00014D0904212D331F8023B1C0ADBB2D518C7
:10C8D000854228D9092C09D2DFE804F005090F1296
:10C8E00015181B1E2100801A31F8100030BD811A66
:10C8F00001F00101401A80B230BD103880B230BD65
:10C90000203880B230BD303880B230BD1A3880B2A5
:10C9100030BD083080B230BD503880B230BDA0F597
:10C92000E35080B230BD002CC7D101EB4301C4E716
:10C93000B6E90008A8EB000870B50646F0790328B0
:10C940000FD1B468B56908E0621C2146306801F077
:10C9500031F9002806D1641C6D1E002DF4D1002091
:10C96000F071002070BD70B504460D4616460FE00C
:10C97000012802D92A1A921C00E03246291A491CC1
:10C98000206801F017F9002805D1E069401EE06138
:10C99000E0690028ECD170BD2DE9F04706469146CC
:10C9A0008F1EF069801EB84200D800273C46A04682
:10C9B00000254FF4007A306B00EB1431304601F063
:10C9C00046F818B14FF0FF30BDE8F087C4F3C80156
:10C9D00004F0070201209040C0B2F3699B1E721858
:10C9E00092F8382002404006000E641C9C4202D39C
:10C9F0000024002051462AB1A0460025BC4207D1A0
:10CA00000020E1E76D1C4D45F8D108F10200DBE79D
:10CA10000028E4D10120491C5145E0D3CBE70000B8
:10CA20002DE9FF5F0E4617464FF00008C6F800805C
:10CA300000F061FC0546280003D50B2004B0BDE8DA
:10CA4000F09FDE4850F825409CB1346007F0FE06A8
:10CA5000207820B16078FEF7DDFEC1070BD084F8A6
:10CA60000080E8B26070FEF7A3FEC1070AD0032081
:10CA7000E4E70C20E2E71EB1400701D50A20DDE71C
:10CA80000020DBE71EB1400701D50A20D6E70025CC
:10CA900029462046FDF768FF02281FD16F4604EBA8
:10CAA000051000F5FB70017919B1083000F0DDFCCC
:10CAB00000E0002047F825006D1C042DEFD3002670
:10CAC00057F8265025B129462046FDF74DFF00E0D6
:10CAD0000320022802D3761C042EF1D3042803D0AD
:10CAE000022803D30D20A9E70120A7E74FF0FF3963
:10CAF0004FF4007A012807D004F1430000F0ECFC69
:10CB000050457AD00D2099E70B2000E0401C4028CA
:10CB100004D2211891F838100029F7D0402801D20A
:10CB20000D208BE704F1A00000F0D6FCB0F5807F6B
:10CB300001D00D2082E794F8A4004FF0010B0BFA0E
:10CB400000F0504501D00D2078E704F1800000F09E
:10CB500097FC461941EB0807012F01D30D206DE723
:10CB600004F18C0000F081FC206294F8A600A07013
:10CB7000012801D00D2061E794F8A5000BFA00FB15
:10CB80001FFA8BF0608148B104F1940000F06DFC55
:10CB900083468B498B4503D90D204FE70D204DE788
:10CBA0000BF10200E061656204F1900000F05DFCB1
:10CBB0002844206304F1880000F057FC2844A06258
:10CBC0006089216B00FB0BF0081848EB0808301A4D
:10CBD00077EB080701D20D2030E704F1980000F050
:10CBE00044FCE06201462046FDF7E4FF0146204692
:10CBF00000F02DFF10B1012020E717E0002560199B
:10CC000090F83810812904D14C3000F02EFC022815
:10CC100002D020355545F2D3554501D10D200DE701
:10CC2000C4F81890C4F814900426BBE004F14E0038
:10CC300000F052FC18B904F15C0000F016FC206210
:10CC400094F84870A770012F03D0022F01D00D2057
:10CC5000F4E6474394F84500608110B1411E084254
:10CC600001D00D20EAE604F1490000F035FC2081F6
:10CC7000000701D00D20E1E604F14B0000F02CFC90
:10CC80000646300004D104F1580000F0EEFB0646E1
:10CC900004F1460000F020FC014639B12389C8198F
:10CCA00000EB1312964203D20D20C7E60D20C5E615
:10CCB000B01A6689B0FBF6F030B303264FF6F57C68
:10CCC000604500D8022640F6F57C604500D8012674
:10CCD000801CE06165622944A1622A442263032E1C
:10CCE00014D033B33944E162022E24D000F00101A4
:10CCF00000EB400001EB5000216A00F2FF10B1EBA5
:10CD0000502F1AD20D2099E60D2097E604F162000B
:10CD100000F0E2FB08B10D2090E6208908B10D205B
:10CD20008CE604F1640000F0A0FBE062E0698000A2
:10CD3000E2E70D2082E64000DEE7C4F81890C4F870
:10CD4000149080202071032E2CD104F1680000F093
:10CD5000C3FB012826D1691C204600F078FE08BBE1
:10CD600084F8048004F2362000F0B6FBA0F52A41D6
:10CD7000553917D104F1380000F077FB114988428A
:10CD800010D104F5077000F070FB0F49884209D1FB
:10CD900004F5087000F069FBA06104F5097000F06B
:10CDA00064FB606126700549091F0888401C0880E3
:10CDB000E0802046FDF7EEFE00203FE64400002024
:10CDC000FDFFFF7F525261417272416173B50446AB
:10CDD000256801E0401C0190019801782F29F9D0C5
:10CDE0005C29F7D00020A060E0610198007820283D
:10CDF00007D2802084F84B0000212046FEF785FCF6
:10CE00007CBD01A92046FEF76FF80028F8D1204626
:10CE1000FEF7EBF994F84B1028B10428F0D149073C
:10CE2000EED405207CBD4907FCD4A079C00601D40E
:10CE300005207CBD2878042809D0208EC0F3080086
:10CE400041193831284600F0FDFAA060D9E7A16801
:10CE500021622069E17920F0FF0008436062E16C03
:10CE6000A1622869343000F000FBA060286990F8C6
:10CE7000210000F00201E1712869383000F000FB68
:10CE8000C4E90401BDE7000038B504460094074832
:10CE900001680A68D2431206FBD44FF0FF33012227
:10CEA00069460248F6F793FE204638BD1404002078
:10CEB0007CB5054616461C460B22284600F0B8FDF8
:10CEC000052C11D91B480CE0B61C002322460C4649
:10CED00062F35F044908E20300D544405B1C102B59
:10CEE000F4D331880029EFD107216B4604F00F02FB
:10CEF0003032392A01D9D21DD2B20846491E1A54FD
:10CF00002409002CF2D17E205854002200E0521C4B
:10CF10008A4202D2A85C2028F9D1082903D2084607
:10CF2000491C185C00E020201446521C2855082A91
:10CF3000F3D37CBD21100100F8B50546012408217A
:10CF40002048F6F763FC012229461F48FEF7BEFF82
:10CF50001E4D287008211B48F6F7C6FC287810B132
:10CF60003220FCF74FF8002213461748FEF75FFE09
:10CF70000027FDF7B3FE4FF480461CE0082111485E
:10CF8000F6F744FC6B46324611490F48FFF7B2F9F9
:10CF900008210C48F6F7A8FCBDF800100C48FDF776
:10CFA00075FE0746BDF80000A860B04200D200241C
:10CFB000296908442861002CE0D10348FEF710FEDF
:10CFC0003846F8BD64020020906C00206800002004
:10CFD000301D0020F8B50124012225A12748FEF7C5
:10CFE00075FF274D287010B13120FCF70BF823484E
:10CFF0004FF47023D0E904120020591A904102D254
:10D000003820FBF7FFFF0026FDF768FE4FF480474E
:10D010001CE008211B48F6F7F9FB6B463A461A4913
:10D020001648FFF767F908211648F6F75DFCBDF8CA
:10D0300000101548FDF72AFE0646BDF80010A9604D
:10D04000B94200D20024286908442861002CE0D1AC
:10D050002C690E4D04E0FF20FDF730FE0646641CEF
:10D06000AC42F8D30548FEF7BBFD3046F8BD0000E2
:10D070002F6C645F6D63752E62696E00406A0020DC
:10D080006800002064020020301D0020FFFF0F0810
:10D0900070B5FDF723FE044C044D2078FDF70EFE1D
:10D0A000641CAC42F9D370BD00000108FFFF0F08FB
:10D0B0002DE9F04702460D461468022D02D3E069BF
:10D0C000A84201D801268BE04FF0FF3620780128D6
:10D0D00009D002282DD0F10D01EA8507032837D0A9
:10D0E00004287CD142E005EB5507A06A00EB5721EC
:10D0F000204600F0ACFC002872D1C7F308002044A1
:10D1000007F1010890F83890A06A00EB58212046FA
:10D1100000F09DFC48BBC8F30800204490F838009C
:10D1200049EA0020E90701D0060959E0C0F30B06DF
:10D1300056E0A06A00EB1521204600F088FCA0B95B
:10D14000E8B204EB4000383000F0C6F9064647E08C
:10D15000A06A00EBD511204600F079FC28B93819F7
:10D16000383000F082F920F0704639E0D2E904014D
:10D1700050EA010333D09368EB1A401E41F1FF31AE
:10D18000400A40EAC1506189B0FBF1F1D0796FF0FB
:10D19000004C022807D18B4205D801D166461FE01A
:10D1A00005F101061CE0032804D19169994201D9D7
:10D1B0006E1C15E0022812D0D06908B166460FE057
:10D1C000A06A00EBD511204600F041FC40B93819A7
:10D1D000383000F04AF920F0004601E0FFE7012670
:10D1E0003046BDE8F087002070472DE9F04706463D
:10D1F0000C46D6F800904FF0000884F81A80B06B07
:10D20000002876D099F80000042805D0F06C401C66
:10D2100022D000252F4614E02146D9F81000BDE8A1
:10D22000F04700F089B80021FFF722FB18B1FF2D6D
:10D2300003D300250DE000250BE0294621446D1C99
:10D240008876D9F80C1038467F1C31F81000002879
:10D25000E9D1601980F81A8000221346A07E4FF0B1
:10D260002E0C29E0F56B19465B1C695C202923D044
:10D27000052900D1E521092B08D110B9A51885F899
:10D280001AC015462544521C85F80DC0A5186973AF
:10D2900088B9A1F14107192F0CD8F76B092B97F822
:10D2A0000C9001D3102700E0082719EA070F01D0DE
:10D2B0002031C9B2A976521C0B2BD3D330B9A01898
:10D2C00080F81A80F06B007B00B90022A01880F86B
:10D2D0000D80F06BC07A2073F06B1C3000F0C5F845
:10D2E000C4E90008F06B163000F0BFF86081000C54
:10D2F0002081BDE8F08710B504464FF0FF30236869
:10D30000002B0BD0194600E0491C0A78202A01D3D3
:10D310003A2AF9D10A783A2A01D0002010BD13F830
:10D32000012B303A0A2AF9D28B42F7D1002AF5D1E3
:10D330001046491C216010BD2DE9F04107460E46FC
:10D3400000244025A04614E0E80600D1AD1C781961
:10D3500000F0C2F80021FFF78BFA08B1FF2C01D3CF
:10D3600000240AE021463144641C8876AD1C08F193
:10D37000010897F823004045E6D814B93F2001245E
:10D38000B076002031198876707338793073C00612
:10D3900002D50020014603E007F1380000F070F8E4
:10D3A000C6E9000107F10C0000F096F8708107F162
:10D3B0000E0000F091F83081BDE8F081F0B5024632
:10D3C00000201F4D146805EB00131E68A64207D10C
:10D3D0005E689768BE4203D19B68166BB34202D069
:10D3E000401CFF28EFD3FF2814D1002000E0401C90
:10D3F000FF2804D205EB00131B68002BF7D1FF2890
:10D400000FD005EB00131C6094685C60126B9A608F
:10D4100000229A8139B105EB001292891AB10020DD
:10D42000F0BD0020F0BD11B14FF4807103E005EBB9
:10D4300000118989491C05EB00129181401CF0BD47
:10D44000340D002070B506460D4605F11A0000F0B7
:10D4500043F804463078032805D105F1140000F0A4
:10D460003BF844EA0044204670BDC178827842EA25
:10D470000121427842EA0121007840EA0120704708
:10D4800010B5C17983790A0E43EA0121120243796A
:10D4900042EA116243EA01211202037942EA11626F
:10D4A00043EA01211202C37842EA116243EA0121F0
:10D4B0001202837842EA116243EA0121130243EA2D
:10D4C00011630A0241780A431902007841EA1261A5
:10D4D00040EA0222104610BD4178007840EA01205F
:10D4E0007047000010B536A0F2F7A0FF20231F22DE
:10D4F000002143A0F2F79AFF4FF40074234640F254
:10D500001F22202148A0F2F791FFA30040F61F221E
:10D510004FF408714EA0F2F789FF41F65B520423E5
:10D52000D11E55A0F2F782FF41F65F520423D11EAF
:10D530005EA0F2F77BFF41F663520423D11E68A080
:10D54000F2F774FF41F667520423D11E70A0F2F780
:10D550006DFF41F66B520423D11E78A0F2F766FFEF
:10D5600041F66F520423D11E7FA0F2F75FFF41F610
:10D5700073520423D11E87A0F2F758FF41F6775269
:10D580000423D11E8FA0F2F751FF234641F67F728C
:10D590004FF4EC5197A0F2F749FF802341F6FF7258
:10D5A0004FF4FC519EA0F2F741FF4FF4B271A8A0D6
:10D5B000F2F73CFFBDE810400C21ACA0F2F736BFFB
:10D5C0002A2A2A2A2A2A2A2A2A2A2A2A2A2A2A2ABB
:10D5D0002A2A2A2A2A2A2A2A4550524F4D204D41CA
:10D5E000502A2A2A2A2A2A2A2A2A2A2A2A2A2A2A75
:10D5F0002A2A2A2A2A2A2A2A2A2A2A2A2A0A0A00F5
:10D600004D52204550524F4D3A3078253034582DE8
:10D610002D2D3078253034582873697A653A256481
:10D620002062797465290A00444D204550524F4DBF
:10D630003A3078253034582D2D2D30782530345817
:10D640002873697A653A25642062797465290A002D
:10D650004644204550524F4D3A3078253034582DAD
:10D660002D2D3078253034582873697A653A256431
:10D670002062797465290A004D45444943414C2094
:10D68000435243204550524F4D3A3078253034585C
:10D690002D2D2D3078253034582873697A653A2538
:10D6A000642062797465290A0000000043414C49F6
:10D6B0002042414B20435243204550524F4D3A3077
:10D6C00078253034582D2D2D307825303458287356
:10D6D000697A653A25642062797465290A00000038
:10D6E00043414C4920435243204550524F4D3A301C
:10D6F00078253034582D2D2D307825303458287326
:10D70000697A653A25642062797465290A00000007
:10D710004D5220435243204550524F4D3A307825C8
:10D720003034582D2D2D3078253034582873697AAF
:10D73000653A25642062797465290A00444D2043C6
:10D740005243204550524F4D3A3078253034582DB1
:10D750002D2D3078253034582873697A653A256440
:10D760002062797465290A004644204352432045CB
:10D7700050524F4D3A3078253034582D2D2D307879
:10D78000253034582873697A653A256420627974A3
:10D7900065290A004D4355204657204352432045F2
:10D7A00050524F4D3A3078253034582D2D2D307849
:10D7B000253034582873697A653A25642062797473
:10D7C00065290A004C4344204657204352432045D4
:10D7D00050524F4D3A3078253034582D2D2D307819
:10D7E000253034582873697A653A25642062797443
:10D7F00065290A00434F4E464947204550524F4D38
:10D800003A3078253034582D2D2D30782530345845
:10D810002873697A653A25642062797465290A005B
:10D820004C4F47494E464F204550524F4D3A307865
:10D83000253034582D2D2D307825303458287369F3
:10D840007A653A25642062797465290A000000002F
:10D85000646576696365436F6E6669672073697A8C
:10D86000653A256420627974650A0000646576690A
:10D8700063654C6F67496E666F2073697A653A25F8
:10D880006420627974650A0010B504460868206057
:10D89000086AA06091F82400E071486A002220F034
:10D8A000FF00C4E90402896AE1642046FDF72DFF08
:10D8B000002804D12046BDE8104000F001B810BD9A
:10D8C0002DE9F041044620680669A16B00F0BFF81D
:10D8D000002804D1E16B0878852802D00220BDE839
:10D8E000F0812022304600F0A3F87078401C4701F8
:10D8F000A7F16000B0F5007F01D90220EFE7002119
:10D900002046FDF719FD0028E9D1A16B206800F041
:10D910009EF80028E3D1E16B0878C02801D00220EE
:10D92000DDE7202206F1200000F082F896F82300BF
:10D930000F212C30B0FBF1F0B7EB401F01D20220D9
:10D94000CDE740254FF4187800212046FDF7F4FC80
:10D950000028C4D1A16B206800F079F80028BED15E
:10D96000E16B0878C12801D00220B8E7454503D211
:10D970007019202200F05CF82035BD42E4D3454503
:10D980000AD8304600F0F7FE0446B01CFFF7A4FDAD
:10D99000844201D00220A2E70020A0E700F056FA5E
:10D9A000F4F72CFEF7F724FDF7F7F2F8F7F7A4F8F1
:10D9B000F7F7BAFAF7F75CF8F7F78CF8F7F782FAA7
:10D9C000F7F7A0FAF7F71EFBF7F77AFBF7F700FC7B
:10D9D000F7F76CFCF7F786FCF7F7A0FCF7F752FABD
:10D9E000F7F7C2FAF7F7B6FCF7F7C4F8F7F7CEFC8B
:10D9F000F7F7EEFAF7F7C8FBFBF71AFDF3F7A0FE0F
:10DA0000002208210348F4F73EF8F7F7DFFCFBF7A4
:10DA1000C7FFFAE70018024010B510F8013B11F8F3
:10DA2000014B1B1B521E01D0002BF6D0184610BD17
:10DA3000002A05D011F8013B00F8013B521EF9D134
:10DA40007047C9B200F8011B521EFBD1704770B578
:10DA500004460E460025606BB04210D0204600F010
:10DA6000E5FA05465DB960780123324604F13801D4
:10DA7000FDF7C2FE10B14FF0FF3601256663284660
:10DA800070BD00002DE9F04707460E4606F11A006A
:10DA9000FFF722FD10B10020BDE8F087307820F0BC
:10DAA0004000401E00EB800101EBC0044FF0010A72
:10DAB0000025DFF850804FF6FF7918F80500304454
:10DAC000FFF70AFDBAF1000F09D0FF2C01D30020A7
:10DAD000E2E721468246641C27F8110003E048452E
:10DAE00001D00020D8E76D1C0D2DE6D3307840061C
:10DAF00006D5FF2C01D30020CEE7002027F8140024
:10DB00000120C9E7A8E8000810B580211A48F2F7FB
:10DB1000E7FE1A48F2F72CFE81B21848FDF794FE92
:10DB20004FF47A73062214491548F5F7F7FF1349A5
:10DB30000622891D1048FDF749F810B111A0F2F72F
:10DB400075FC0E480C30F2F713FE81B20B480C3016
:10DB5000FDF77AFE0A20F3F749FD08482630F2F770
:10DB600007FE81B205482630FDF76EFEBDE8104085
:10DB700040F6B830F3F73ABD305D0020A000002039
:10DB80005C040020426F6F746C6F616465723A448C
:10DB90006F6E6548616E646C65722C6C6364207393
:10DBA00068616B652068616E6420726573706F6E6A
:10DBB00064210A002DE9F04704460D461746022667
:10DBC000022D77D3E069A84274D920784FF001097B
:10DBD000012806D002283CD003284DD0042869D162
:10DBE0004AE005EB5508A06A00EB58212046FFF7F4
:10DBF0002EFF064630005DD1C8F30800204408F12E
:10DC0000010A3830E90704D00178FAB262F31F1133
:10DC100000E03946017084F80390A06A00EB5A21B5
:10DC20002046FFF714FF0646300043D1CAF3080030
:10DC300020443830E90702D0C7F3071105E0017826
:10DC4000C7F3032201F0F0011143017084F803903F
:10DC500030E0A06A00EB15212046FFF7F8FE0646EB
:10DC6000300027D1E8B204EB4000B9B2383000F000
:10DC700053F984F803901DE0A06A00EBD51120460B
:10DC8000FFF7E5FE0646300014D140F2FF1000EA2F
:10DC90008500217805193835042905D02846FFF775
:10DCA000E4FB67F31B0007462846394600F008F9F5
:10DCB00084F803903046BDE8F08700002DE9F05F5E
:10DCC00081460E46904673730F20F0720020307329
:10DCD000002106F11A0000F01FF9A8F1010000EB85
:10DCE000800101EBC00500242746DFF840B04FF665
:10DCF000FF7A544503D028466D1C39F810401BF8B4
:10DD000007002146304400F007F904B954467F1C4F
:10DD10000D2FEED3544502D039F8150008B948F05C
:10DD2000400886F80080BDE8F09F0000A8E80008E1
:10DD300006480168064801600449091D09684160F8
:10DD4000024908310968816070470000107AFF1F9E
:10DD5000B07300202DE9F04780460F469146D8F871
:10DD60000040BA463E46022F02D3E069B84202D8CC
:10DD70000220BDE8F087B9F1000F0ED0207804280A
:10DD800003D198F80700022807D04FF0FF32494628
:10DD90002046FFF70FFF0028EBD139464046FFF73A
:10DDA00087F90546280034D0012D1BD0681C1BD0F4
:10DDB0002078042806D0002239462046FFF7FAFED4
:10DDC0000028D6D1D4E90601891E884205D2401C1C
:10DDD000A061207940F001002071701CA84205D19B
:10DDE0002E4612E00220C4E70120C2E72078042872
:10DDF00009D1A6EB0A02521C002351462046FCF72B
:10DE000069FD0028B5D12E46AA462F46E069B842E2
:10DE1000C3D82078042817D1B9F1000F04D098F89E
:10DE20000700032804D00FE0002088F807000BE06B
:10DE3000D8F80800484507D8D8F8181008444845CD
:10DE400002D3022088F80700002092E710B5F3F70C
:10DE5000A9FBF7F719FBFBF74BF862B610BD08B545
:10DE60000090009800280AD04FF47A72104600F013
:10DE700007F80099491E009100990029F6D108BDC4
:10DE800008B5A8214843009001E000BF00BF0098FA
:10DE9000411E0091F9D208BD70B506460C461546E4
:10DEA000A9B204F11A0000F037F83078032806D13F
:10DEB000290C04F11400BDE8704000F02DB870BDCD
:10DEC0000170090A4170090A8170090AC17070471E
:10DED0000270120A42EA03621B0A4270120A42EA04
:10DEE00003621B0A8270120A42EA03621B0AC270B2
:10DEF000120A42EA03621B0A0271120A42EA036230
:10DF00001B0A4271120A42EA03621B0A8271120A58
:10DF100042EA0362C27170470170090A417070479A
:10DF20002DE9F041054628680669304600F023FCDB
:10DF30000146B01CFFF7F0FF77787F1C2846E96C9C
:10DF4000FDF7E3FB044615E0A96B2868FFF77FFDAA
:10DF500004468CB920223146E86BFFF769FD296839
:10DF60000120C8707F1E07D0203600212846FDF70B
:10DF7000E3F90446002CE7D024B1012C02D00220A2
:10DF8000BDE8F0812046FBE7014600200B22430854
:10DF900003EBC01011F8013B1844C0B2521EF6D179
:10DFA0007047000070B50446204600F03FF8054673
:10DFB000B5BB207803282CD12079012829D1420231
:10DFC00004F1380000210646FFF73BFD4AF65521D3
:10DFD00004F23620FFF7A0FF12493046FFF770FF2A
:10DFE000114904F50770FFF76BFF04F50870A1698C
:10DFF000FFF766FF04F509706169FFF761FF626A68
:10E00000521C6263607801233146FDF70FFC00204B
:10E010002071002260781146FDF7E0FB00B1012578
:10E02000284670BD52526141727241612DE9F04142
:10E0300004460027E07800281FD0666B04F1380101
:10E040006078012332468846FDF7F0FB08B10127CE
:10E0500013E00020E070A06A216A301A88420CD2D6
:10E06000A57808E0206A06446078012332464146DC
:10E07000FDF7DCFB6D1E022DF4D23846BDE8F081C1
:10E0800038B5012221A12448FDF720FF234C207040
:10E0900040B102461DA122A0F2F7C8F93320FAF7D9
:10E0A000B1FF38BD024619A127A0F2F7BFF900223F
:10E0B00013461948FDF7BBFD08212E48F5F7A6FBCE
:10E0C0004FF400556B462A462B491348FEF712F9C8
:10E0D000207008212748F5F707FC207810B9009830
:10E0E000A84202D03320FAF78DFF0B48FDF778FDE8
:10E0F0002A4621490020FDF79DFC10B13720FAF790
:10E1000081FF4920FAF77EFF38BD00002F6C657053
:10E11000726F6D2E62696E00307100206800002001
:10E12000426F6F744C6F616465723A4F70656E2018
:10E130002573206661696C2C45434F44453D30781A
:10E1400025303258480A0000426F6F744C6F61648A
:10E1500065723A4F70656E20257320737563657321
:10E16000732C45434F44453D307825303258480A9A
:10E170000000000064020020301D00202DE9F04F57
:10E1800085B004469AA003C8CDE901014FF40068A8
:10E1900099480490012221469848FDF797FEDFF840
:10E1A000609289F8000010B13220FAF72BFF0022AC
:10E1B00013469248FDF73BFD99F80020214691A0B7
:10E1C000F2F734F98D480569994EEE203070FB2046
:10E1D00070700820B0700420F0704FF0000A86F8CC
:10E1E00004A086F805A0280EB071280CF071280A4A
:10E1F000307275723320B0723A20F0722F21601C99
:10E20000F2F788FA074600244FF05C0B05E0385D12
:10E210002F2857D031190873641C3846F2F7A8FA32
:10E22000A042F4D83846F2F7A3FA814CFF262044E6
:10E2300006733846F2F79CFA2044FC2141733846B5
:10E24000F2F796FA204486733846F2F791FA2044A2
:10E25000C67378A0F2F7EAF8002441F28836641C0D
:10E26000E4B273490123802280390498F5F756FC03
:10E270006F4880218038F2F733FBA9F804A03846B4
:10E28000F2F776FA103081B26948FDF7DDFA684995
:10E290003346072280390498F5F740FC0A20F3F74B
:10E2A000A5F96348072201A98038FCF78FFC0128F3
:10E2B0000CD00A20F3F79AF90A2CD0D94520FAF7A6
:10E2C000A1FECCE7301980F80CB0A5E700240020AF
:10E2D0000390FCF703FD002780E040F6040154485A
:10E2E000F2F7FEFADFF848B18BF80040E0438BF814
:10E2F0000100464607EB060AAA4500D9EE1B082195
:10E300005948F5F783FA32465E466B46B11C3B48E6
:10E31000FDF7F0FF89F8000008215348F5F7E4FA0B
:10E32000B01C0099FCF7B2FC039099F8000010B102
:10E330003220FAF767FE0021002040F60202335C2B
:10E34000194489B2401C9042F9D3C843010A86F8A7
:10E35000021886F80308002608F1040B761CF6B2B2
:10E36000394642A0F2F762F8314901238022803910
:10E370000498F5F7D3FB2E4880218038F2F7B0FAE5
:10E380001FFA8BF12A48FDF75FFA294940F6B833A6
:10E39000022280390498F5F7C1FB58B141A0F2F789
:10E3A00045F86420F3F722F90A2ED7D94520FAF769
:10E3B00029FED3E71E4B601C803B02465978C043C0
:10E3C000C0B2814204D01B789342C7D18142C5D1EB
:10E3D000641CE4B239A0F2F729F85746AF42FFF4C3
:10E3E0007CAF0648FDF7FCFB039805B0BDE8F08F55
:10E3F000EEFB01FFFCFFFF005C040020906C00209E
:10E4000068000020426F6F746C6F616465723A4FF0
:10E4100070656E202573207375636573732C454397
:10E420004F44453D307825303258482E0A000000D0
:10E43000B05D0020426F6F746C6F616465722D3E39
:10E440007570646174654C63644170703A53656EB5
:10E450006420646F776E6C6F616420636F6D6D61B3
:10E460006E642E0A0000000064020020426F6F7488
:10E470006C6F616465722D3E7570646174654C6388
:10E48000644170703A53656E642066696C65206201
:10E490006C6F636B20617420307825303858482CBD
:10E4A0000000000074696D656F7574206F722069DB
:10E4B0006E76616C696420534E210A006F6B210AED
:10E4C000000000002DE9F041ADF51E7D804642AC14
:10E4D0008AAF41463846FDF796FE1D4D28702EE066
:10E4E00021463846FDF7D0FF287058BBA07E48B3C0
:10E4F0002E2824D004F11A064FF4807102A8F2F7F6
:10E50000EFF92F23424613A102A80096F1F79AFFD4
:10E51000207BC00609D502A8FFF7D4FF287070B190
:10E5200028780DF51E7DBDE8F08102A90BA0F1F75A
:10E530007DFF02A8FFF722FE296A08442862287896
:10E540000028CDD03846FDF760FB2878E9E70000C9
:10E55000680000202573256325730000426F6F74E7
:10E560006C6F616465723A637263204C6364206609
:10E57000696C653A25730A002DE9F8434FF00108EC
:10E58000012245A14748FDF7A1FC474D287010B175
:10E590003120FAF737FD2A783FA144A0F1F746FF72
:10E5A00040484FF470230021D0E904209A1A814199
:10E5B00002D23820FAF726FDF3F7C2F84FF47A7644
:10E5C0003046F3F713F8454943480860F2F79AFCE0
:10E5D00010B13520FAF716FD3046F3F707F8404C36
:10E5E0004FF470212046FCF7B3F93046F2F7FEFFF6
:10E5F0003CA0F1F71BFF4648E8602C610027FCF7C0
:10E600006DFB2EE008214348F5F700F94FF48044F4
:10E610006B4622463E492348FDF76CFE08213D48E3
:10E62000F5F762F93A480099FCF730FB0746009885
:10E63000A860A04201D24FF0000800240AE0E86878
:10E64000015928692044F2F7E1FC10B14320FAF7A0
:10E65000D9FC241DA8688442F1D32869A96808441C
:10E660002861B8F1000FCDD12C692B4D04E0FF20BB
:10E67000FCF724FB0746641CAC42F8D3F3F718F808
:10E680003046F2F7B3FF25A0F1F7D0FE0548FDF7BD
:10E69000A7FA3846BDE8F8832F6C645F6D63752E6A
:10E6A00062696E00406A002068000020426F6F744B
:10E6B0006C6F616465723A4F70656E2025732073CC
:10E6C00075636573732C45434F44453D3078253061
:10E6D0003258482E0A000000910001000C3C024014
:10E6E00000000108426F6F746C6F616465723A4597
:10E6F00072617365206D6375206170706C69636110
:10E7000074696F6E207375636573732E0A00000061
:10E71000301D002064020020FFFF0F08426F6F745D
:10E720006C6F616465723A5772697465206D6375C8
:10E73000206170702066696E6973682E0A0000009F
:10E7400070B504460E460925002C0DD0206858B13E
:10E75000017849B1A188C288914205D14078FDF77E
:10E7600059F8C00700D100251DB1002030602846AF
:10E7700070BD2068FAE730B504466078401C43015C
:10E78000002001464FF400450EE0022903D0C207E5
:10E7900003D02A4602E0032105E0002202EB5000EC
:10E7A000625C104480B2491C9942EED330BD70B512
:10E7B000054600244FF4004615E0FEF777F8E10720
:10E7C00001D0314600E0002101EB5401C2B21144F6
:10E7D00089B2CA0701D0324600E0002202EB5101A3
:10E7E00001EB102084B235F8020B0028E5D1204659
:10E7F00070BD4FF04070E1EE100A7047BD83000815
:10E80000A984000831840008C1840008C18300087D
:10E8100000000000000000000102030406070809D0
:10E820000000000001020304809A45418E418F8060
:10E830004545454949498E8F9092924F994F55557C
:10E8400059999A9B9C9D9E9F41494F55A5A5A6A766
:10E85000A8A9AAABACADAEAFB0B1B2B3B4B5B6B7C0
:10E86000B8B9BABBBCBDBEBFC0C1C2C3C4C5C6C7B0
:10E87000C8C9CACBCCCDCECFD0D1D2D3D4D5D6D7A0
:10E88000D8D9DADBDCDDDEDFE0E1E2E3E4E5E6E790
:10E89000E8E9EAEBECEDEEEFF0F1F2F3F4F5F6F780
:10E8A000F8F9FAFBFCFDFEFF01030507090E101243
:10E8B0001416181C1E00C700FC00E900E200E4006A
:10E8C000E000E500E700EA00EB00E800EF00EE0002
:10E8D000EC00C400C500C900E600C600F400F60064
:10E8E000F200FB00F900FF00D600DC00A200A3004C
:10E8F000A500A7209201E100ED00F300FA00F1006D
:10E90000D100AA00BA00BF001023AC00BD00BC00BB
:10E91000A100AB00BB00912592259325022524255B
:10E9200061256225562555256325512557255D25E9
:10E930005C255B251025142534252C251C25002558
:10E940003C255E255F255A255425692566256025C9
:10E9500050256C256725682564256525592558258A
:10E96000522553256B256A2518250C2588258425D5
:10E970008C2590258025B103DF009303C003A303FA
:10E98000C303B500C403A6039803A903B4031E225E
:10E99000C603B50329226122B10065226422202327
:10E9A0002123F7004822B0001922B7001A227F2045
:10E9B000B200A025A00061001A03E0001703F800D0
:10E9C0000703FF0001007801000130013201060158
:10E9D000390110014A012E017901060180014D0023
:10E9E0004302810182018201840184018601870141
:10E9F000870189018A018B018B018D018E018F01B5
:10EA000090019101910193019401F6019601970102
:10EA1000980198013D029B019C019D0120029F01EC
:10EA2000A001A001A201A201A401A401A601A701C5
:10EA3000A701A901AA01AB01AC01AC01AE01AF0174
:10EA4000AF01B101B201B301B301B501B501B70125
:10EA5000B801B801BA01BB01BC01BC01BE01F7019C
:10EA6000C001C101C201C301C401C501C401C70184
:10EA7000C801C701CA01CB01CA01CD011001DD01E6
:10EA800001008E01DE011201F3010300F101F40126
:10EA9000F401F8012801220212013A020900652C52
:10EAA0003B023B023D02662C3F0240024102410212
:10EAB00046020A0153024000810186015502890184
:10EAC0008A0158028F015A0290015C025D025E02C7
:10EAD0005F029301610262029401640265026602B0
:10EAE0006702970196016A02622C6C026D026E0247
:10EAF0009C01700271029D01730274029F017602F3
:10EB00007702780279027A027B027C02642C7E0210
:10EB10007F02A60181028202A90184028502860287
:10EB20008702AE014402B101B20145028D028E029C
:10EB30008F0290029102B7017B030300FD03FE03E5
:10EB4000FF03AC0304008603880389038A03B1032F
:10EB50001103C2030200A303A303C4030803CC03ED
:10EB600003008C038E038F03D8031801F2030A00FD
:10EB7000F903F303F403F503F603F703F703F903CB
:10EB8000FA03FA0330042003500410076004220142
:10EB90008A043601C1040E01CF040100C004D00470
:10EBA00044016105260400007D1D0100632C001E48
:10EBB0009601A01E5A01001F0806101F0606201FFE
:10EBC0000806301F0806401F0606511F0700591F80
:10EBD000521F5B1F541F5D1F561F5F1F601F0806DB
:10EBE000701F0E00BA1FBB1FC81FC91FCA1FCB1F33
:10EBF000DA1FDB1FF81FF91FEA1FEB1FFA1FFB1FAD
:10EC0000801F0806901F0806A01F0806B01F0400FA
:10EC1000B81FB91FB21FBC1FCC1F0100C31FD01FDC
:10EC20000206E01F0206E51F0100EC1FF21F0100B3
:10EC3000FC1F4E21010032217021100284210100AD
:10EC40008321D0241A05302C2F04602C0201672C5C
:10EC50000601752C0201802C6401002D260841FF5D
:10EC60001A03000000002110422063308440A550A8
:10EC7000C660E770088129914AA16BB18CC1ADD102
:10EC8000CEE1EFF13112100273325222B5529442AA
:10EC9000F772D662399318837BB35AA3BDD39CC352
:10ECA000FFF3DEE36224433420040114E664C774F6
:10ECB000A44485546AA54BB528850995EEE5CFF5A2
:10ECC000ACC58DD55336722611163006D776F6664A
:10ECD0009556B4465BB77AA719973887DFF7FEE7F2
:10ECE0009DD7BCC7C448E5588668A7784008611816
:10ECF00002282338CCC9EDD98EE9AFF94889699942
:10ED00000AA92BB9F55AD44AB77A966A711A500AE9
:10ED1000333A122AFDDBDCCBBFFB9EEB799B588B91
:10ED20003BBB1AABA66C877CE44CC55C222C033C35
:10ED3000600C411CAEED8FFDECCDCDDD2AAD0BBDE1
:10ED4000688D499D977EB66ED55EF44E133E322E89
:10ED5000511E700E9FFFBEEFDDDFFCCF1BBF3AAF31
:10ED6000599F788F8891A981CAB1EBA10CD12DC18F
:10ED70004EF16FE18010A100C230E3200450254025
:10ED800046706760B9839893FBA3DAB33DC31CD385
:10ED90007FE35EF3B1029012F322D2323542145275
:10EDA00077625672EAB5CBA5A89589856EF54FE5D1
:10EDB0002CD50DC5E234C324A014810466744764C5
:10EDC00024540544DBA7FAB79987B8975FE77EF725
:10EDD0001DC73CD7D326F2369106B0165766767615
:10EDE000154634564CD96DC90EF92FE9C899E989F1
:10EDF0008AB9ABA94458654806782768C018E10865
:10EE00008238A3287DCB5CDB3FEB1EFBF98BD89BC4
:10EE1000BBAB9ABB754A545A376A167AF10AD01AB4
:10EE2000B32A923A2EFD0FED6CDD4DCDAABD8BAD10
:10EE3000E89DC98D267C076C645C454CA23C832C04
:10EE4000E01CC10C1FEF3EFF5DCF7CDF9BAFBABF64
:10EE5000D98FF89F176E367E554E745E932EB23E54
:10EE6000D10EF01E00000000963007772C610EEEE8
:10EE7000BA51099919C46D078FF46A7035A563E911
:10EE8000A395649E3288DB0EA4B8DC791EE9D5E038
:10EE900088D9D2972B4CB609BD7CB17E072DB8E737
:10EEA000911DBF906410B71DF220B06A4871B9F38C
:10EEB000DE41BE847DD4DA1AEBE4DD6D51B5D4F4C5
:10EEC000C785D38356986C13C0A86B647AF962FD2A
:10EED000ECC9658A4F5C0114D96C0663633D0FFA77
:10EEE000F50D088DC8206E3B5E10694CE44160D57D
:10EEF000727167A2D1E4033C47D4044BFD850DD267
:10EF00006BB50AA5FAA8B5356C98B242D6C9BBDB79
:10EF100040F9BCACE36CD832755CDF45CF0DD6DC74
:10EF2000593DD1ABAC30D9263A00DE518051D7C81B
:10EF30001661D0BFB5F4B42123C4B3569995BACFA6
:10EF40000FA5BDB89EB802280888055FB2D90CC6C7
:10EF500024E90BB1877C6F2F114C6858AB1D61C140
:10EF60003D2D66B69041DC760671DB01BC20D2985F
:10EF70002A10D5EF8985B1711FB5B606A5E4BF9FEC
:10EF800033D4B8E8A2C9077834F9000F8EA80996DF
:10EF900018980EE1BB0D6A7F2D3D6D08976C64914A
:10EFA000015C63E6F4516B6B62616C1CD830658563
:10EFB0004E0062F2ED95066C7BA5011BC1F4088240
:10EFC00057C40FF5C6D9B06550E9B712EAB8BE8B81
:10EFD0007C88B9FCDF1DDD62492DDA15F37CD38C0A
:10EFE000654CD4FB5861B24DCE51B53A7400BCA308
:10EFF000E230BBD441A5DF4AD795D83D6DC4D1A43A
:10F00000FBF4D6D36AE96943FCD96E34468867AD10
:10F01000D0B860DA732D0444E51D03335F4C0AAAAF
:10F02000C97C0DDD3C710550AA41022710100BBEB2
:10F0300086200CC925B56857B3856F2009D466B9F9
:10F040009FE461CE0EF9DE5E98C9D9292298D0B02E
:10F05000B4A8D7C7173DB359810DB42E3B5CBDB7DB
:10F06000AD6CBAC02083B8EDB6B3BF9A0CE2B6035C
:10F070009AD2B1743947D5EAAF77D29D1526DB0411
:10F080008316DC73120B63E3843B64943E6A6D0D5C
:10F09000A85A6A7A0BCF0EE49DFF099327AE000AA7
:10F0A000B19E077D44930FF0D2A3088768F2011E3A
:10F0B000FEC206695D5762F7CB67658071366C19D1
:10F0C000E7066B6E761BD4FEE02BD3895A7ADA10F2
:10F0D000CC4ADD676FDFB9F9F9EFBE8E43BEB717D3
:10F0E000D58EB060E8A3D6D67E93D1A1C4C2D8385D
:10F0F00052F2DF4FF167BBD16757BCA6DD06B53FC3
:10F100004B36B248DA2B0DD84C1B0AAFF64A033601
:10F11000607A0441C3EF60DF55DF67A8EF8E6E3180
:10F1200079BE69468CB361CB1A8366BCA0D26F25C9
:10F1300036E2685295770CCC03470BBBB916022216
:10F140002F260555BE3BBAC5280BBDB2925AB42B2B
:10F15000046AB35CA7FFD7C231CFD0B58B9ED92C40
:10F160001DAEDE5BB0C2649B26F263EC9CA36A75A5
:10F170000A936D02A906099C3F360EEB856707725C
:10F1800013570005824ABF95147AB8E2AE2BB17BC3
:10F19000381BB60C9B8ED2920DBED5E5B7EFDC7C4A
:10F1A00021DFDB0BD4D2D38642E2D4F1F8B3DD68A1
:10F1B0006E83DA1FCD16BE815B26B9F6E177B06F9C
:10F1C0007747B718E65A0888706A0FFFCA3B066689
:10F1D0005C0B0111FF9E658F69AE62F8D3FF6B6116
:10F1E00045CF6C1678E20AA0EED20DD75483044EB8
:10F1F000C2B30339612667A7F71660D04D47694946
:10F20000DB776E3E4A6AD1AEDC5AD6D9660BDF4058
:10F21000F03BD83753AEBCA9C59EBBDE7FCFB2470B
:10F22000E9FFB5301CF2BDBD8AC2BACA3093B353F0
:10F23000A6A3B4240536D0BA9306D7CD2957DE54F9
:10F24000BF67D9232E7A66B3B84A61C4021B685DD2
:10F25000942B6F2A37BE0BB4A18E0CC31BDF055A4B
:10F260008DEF022D30313233343536373839414263
:10F270004344454640305800303132333435363718
:10F2800038396162636465664030780004000008C4
:10F29000000000000000000200010000100000005B
:10F2A000436F6E74726F6C206572726F723A204792
:10F2B00065742044657669636520636F6E6669676F
:10F2C00075726174696F6E206465736372697074BE
:10F2D0006F722072657175657374206661696C6503
:10F2E00064000000436F6E74726F6C206572726F01
:10F2F000723A2047657420446576696365204465E9
:10F300007363726970746F72206661696C65642CD6
:10F310002064617461206275666665722073697A23
:10F320006520697373756500436F6E74726F6C202E
:10F330006572726F723A2047657420537472696EF9
:10F34000672044657363726970746F7220666169C7
:10F350006C65642C206461746120627566666572F8
:10F360002073697A6520697373756500436F6E74E5
:10F37000726F6C206572726F723A204765742063F9
:10F380006F6E66696775726174696F6E204465732C
:10F3900063726970746F72206661696C65642C2099
:10F3A00064617461206275666665722073697A654E
:10F3B00020697373756500004D534300426F6F748D
:10F3C0006C6F616465723A557064617465206C633A
:10F3D0006420617070206E65772063726333322021
:10F3E0007375636573732C7761697420363073208D
:10F3F0006C6364207570677261646520646F6E650C
:10F400000A00000004FE000800000020F8000000D0
:10F41000C4010008FCFE0008F800002028B300002A
:10F42000E0010008000000000000000000000000F3
:10F4300000000000000000000000000000000000CC
:10F4400000000000000000000000000000000000BC
:10F4500000000000000000000000000000000000AC
:10F46000000000000000000000000000000000009C
:10F47000000000000000000000000000000000008C
:10F48000000000000000000000000000000000007C
:10F49000000000000000000000000000000000006C
:10F4A000000000000000000000000000000000005C
:10F4B000000000000000000000000000000000004C
:10F4C000000000000000000000000000000000003C
:10F4D000000000000000000000000000000000002C
:10F4E000000000000000000000000000000000001C
:10F4F000000000000000000000000000000000000C
:10F5000000000000000000000000000000000000FB
:10F5100000000000000000000000000000000000EB
:10F5200000000000000000000000000000000000DB
:10F5300000000000000000000000000000000000CB
:10F5400000000000000000000000000000000000BB
:10F5500000000000000000000000000000000000AB
:10F56000000000000000000000000000000000009B
:10F57000000000000000000000000000000000008B
:10F58000000000000000000000000000000000007B
:10F59000000000000000000000000000000000006B
:10F5A000000000000000000000000000000000005B
:10F5B000000000000000000000000000000000004B
:10F5C000000000000000000000000000000000003B
:10F5D000000000000000000000000000000000002B
:10F5E000000000000000000000000000000000001B
:10F5F000000000000000000000000000000000000B
:10F6000000000000000000000000000000000000FA
:10F6100000000000000000000000000000000000EA
:10F6200000000000000000000000000000000000DA
:10F6300000000000000000000000000000000000CA
:10F6400000000000000000000000000000000000BA
:10F6500000000000000000000000000000000000AA
:10F66000000000000000000000000000000000009A
:10F67000000000000000000000000000000000008A
:10F68000000000000000000000000000000000007A
:10F69000000000000000000000000000000000006A
:10F6A000000000000000000000000000000000005A
:10F6B000000000000000000000000000000000004A
:10F6C000000000000000000000000000000000003A
:10F6D000000000000000000000000000000000002A
:10F6E000000000000000000000000000000000001A
:10F6F000000000000000000000000000000000000A
:10F7000000000000000000000000000000000000F9
:10F7100000000000000000000000000000000000E9
:10F7200000000000000000000000000000000000D9
:10F7300000000000000000000000000000000000C9
:10F7400000000000000000000000000000000000B9
:10F7500000000000000000000000000000000000A9
:10F760000000000000000000000000000000000099
:10F770000000000000000000000000000000000089
:10F780000000000000000000000000000000000079
:10F790000000000000000000000000000000000069
:10F7A0000000000000000000000000000000000059
:10F7B0000000000000000000000000000000000049
:10F7C0000000000000000000000000000000000039
:10F7D0000000000000000000000000000000000029
:10F7E0000000000000000000000000000000000019
:10F7F0000000000000000000000000000000000009
:10F8000000000000000000000000000000000000F8
:10F8100000000000000000000000000000000000E8
:10F8200000000000000000000000000000000000D8
:10F8300000000000000000000000000000000000C8
:10F8400000000000000000000000000000000000B8
:10F8500000000000000000000000000000000000A8
:10F860000000000000000000000000000000000098
:10F870000000000000000000000000000000000088
:10F880000000000000000000000000000000000078
:10F890000000000000000000000000000000000068
:10F8A0000000000000000000000000000000000058
:10F8B0000000000000000000000000000000000048
:10F8C0000000000000000000000000000000000038
:10F8D0000000000000000000000000000000000028
:10F8E0000000000000000000000000000000000018
:10F8F0000000000000000000000000000000000008
:10F9000000000000000000000000000000000000F7
:10F9100000000000000000000000000000000000E7
:10F9200000000000000000000000000000000000D7
:10F9300000000000000000000000000000000000C7
:10F9400000000000000000000000000000000000B7
:10F9500000000000000000000000000000000000A7
:10F960000000000000000000000000000000000097
:10F970000000000000000000000000000000000087
:10F980000000000000000000000000000000000077
:10F990000000000000000000000000000000000067
:10F9A0000000000000000000000000000000000057
:10F9B0000000000000000000000000000000000047
:10F9C0000000000000000000000000000000000037
:10F9D0000000000000000000000000000000000027
:10F9E0000000000000000000000000000000000017
:10F9F0000000000000000000000000000000000007
:10FA000000000000000000000000000000000000F6
:10FA100000000000000000000000000000000000E6
:10FA200000000000000000000000000000000000D6
:10FA300000000000000000000000000000000000C6
:10FA400000000000000000000000000000000000B6
:10FA500000000000000000000000000000000000A6
:10FA60000000000000000000000000000000000096
:10FA70000000000000000000000000000000000086
:10FA80000000000000000000000000000000000076
:10FA90000000000000000000000000000000000066
:10FAA0000000000000000000000000000000000056
:10FAB0000000000000000000000000000000000046
:10FAC0000000000000000000000000000000000036
:10FAD0000000000000000000000000000000000026
:10FAE0000000000000000000000000000000000016
:10FAF0000000000000000000000000000000000006
:10FB000000000000000000000000000000000000F5
:10FB100000000000000000000000000000000000E5
:10FB200000000000000000000000000000000000D5
:10FB300000000000000000000000000000000000C5
:10FB400000000000000000000000000000000000B5
:10FB500000000000000000000000000000000000A5
:10FB60000000000000000000000000000000000095
:10FB70000000000000000000000000000000000085
:10FB80000000000000000000000000000000000075
:10FB90000000000000000000000000000000000065
:10FBA0000000000000000000000000000000000055
:10FBB0000000000000000000000000000000000045
:10FBC0000000000000000000000000000000000035
:10FBD0000000000000000000000000000000000025
:10FBE0000000000000000000000000000000000015
:10FBF0000000000000000000000000000000000005
:10FC000000000000000000000000000000000000F4
:10FC100000000000000000000000000000000000E4
:10FC200000000000000000000000000000000000D4
:10FC300000000000000000000000000000000000C4
:10FC400000000000000000000000000000000000B4
:10FC500000000000000000000000000000000000A4
:10FC60000000000000000000000000000000000094
:10FC70000000000000000000000000000000000084
:10FC80000000000000000000000000000000000074
:10FC90000000000000000000000000000000000064
:10FCA0000000000000000000000000000000000054
:10FCB0000000000000000000000000000000000044
:10FCC0000000000000000000000000000000000034
:10FCD0000000000000000000000000000000000024
:10FCE0000000000000000000000000000000000014
:10FCF0000000000000000000000000000000000004
:10FD000000000000000000000000000000000000F3
:10FD100000000000000000000000000000000000E3
:10FD200000000000000000000000000000000000D3
:10FD300000000000000000000000000000000000C3
:10FD400000000000000000000000000000000000B3
:10FD500000000000000000000000000000000000A3
:10FD60000000000000000000000000000000000093
:10FD70000000000000000000000000000000000083
:10FD80000000000000000000000000000000000073
:10FD90000000000000000000000000000000000063
:10FDA0000000000000000000000000000000000053
:10FDB0000000000000000000000000000000000043
:10FDC0000000000000000000000000000000000033
:10FDD0000000000000000000000000000000000023
:10FDE0000000000000000000000000000000000013
:10FDF0000000000000000000000000000000000003
:10FE0000323200000000000000000000000000008E
:10FE100000000000000000000000000000000000E2
:10FE200000000000010000000000000000000000D1
:10FE300000000000010000001000000000000000B1
:10FE40000024F4000000000000000000B8F30008E7
:10FE500008000000E96B00089D6B0008756A000847
:10FE6000856D0008DF780008000000000000000039
:10FE70000000000000000000000000000000010879
:10FE80000000000000000000000000000000000072
:10FE90000000000000000000000000000000000062
:10FEA00000000000EE04FFFCFFFFEE55FFFCFFFF2B
:10FEB00061787263656B676479687473756E717766
:10FEC000706A627669666F6D7A6CEEABBAAABB3601
:10FED0003FFFFCFFFFEE07355A53A5FFFCFFFF0075
:10FEE0000000000000000000000000000000000012
:0CFEF00000000000000000000000000006
:040000050800018965
:00000001FF
