:020000040800F2
:10000000C8B300209D0100084F490008A33B000829
:100010004D49000831040008618400080000000018
:100020000000000000000000000000005F49000820
:10003000C1040008000000005D4900086149000893
:10004000B7010008B7010008B7010008B7010008B0
:10005000B7010008B7010008B7010008B7010008A0
:10006000B7010008B7010008B7010008B701000890
:10007000B7010008B7010008B7010008B701000880
:10008000B7010008B7010008B7010008B701000870
:10009000B7010008B7010008B7010008B701000860
:1000A000B7010008B7010008B7010008B701000850
:1000B000B7010008B7010008B7010008B701000840
:1000C000B7010008B7010008B7010008B701000830
:1000D000B7010008B7010008B7010008B701000820
:1000E000B7010008B7010008B7010008B701000810
:1000F000B7010008B7010008B7010008B701000800
:10010000B7010008B7010008B7010008B7010008EF
:10011000B7010008B7010008A94A0008B7010008A4
:10012000B7010008B7010008B7010008B7010008CF
:10013000B7010008B7010008B7010008B7010008BF
:10014000B7010008B7010008B701000851490008CD
:10015000B7010008B7010008B7010008B70100089F
:10016000B7010008B7010008B7010008B70100088F
:10017000B7010008B7010008B7010008000000003F
:10018000B7010008B7010008DFF80CD000F0A6F8AE
:1001900000480047ADD00008C8B30020064880479B
:1001A00006480047FEE7FEE7FEE7FEE7FEE7FEE75C
:1001B000FEE7FEE7FEE7FEE7994A0008890100082E
:1001C0002DE9F05F0546002092469B46884606468C
:1001D000814640241BE0284641464746224600F01F
:1001E0006DF853465A46C01A914110D3114618462D
:1001F000224600F054F82D1A67EB01084F462246BC
:100200000120002100F04BF817EB00094E41201EA1
:10021000A4F10104DFDC484631462A464346BDE8E6
:10022000F09F40EA01039B0703D009E008C9121FB1
:1002300008C0042AFAD203E011F8013B00F8013BA0
:10024000521EF9D27047D2B201E000F8012B491ECC
:10025000FBD270470022F6E710B513460A46044663
:100260001946FFF7F0FF204610BDCAB2401E10F835
:10027000011F8A4202D00029F9D100207047421C98
:1002800010F8011B0029FBD1801A7047034611F8B2
:10029000012B00F8012B002AF9D118467047202ABB
:1002A00004DB203A00FA02F1002070479140C2F1CD
:1002B000200320FA03F3194390407047202A04DBFF
:1002C000203A21FA02F00021704721FA02F3D040CF
:1002D000C2F120029140084319467047064C074D71
:1002E00006E0E06840F0010394E807009847103406
:1002F000AC42F6D3FFF74CFF00EB000820EB000800
:100300004A494A6822F440324A604A6843681A43BC
:100310004A6001684A6822F480724A6001684A684B
:10032000036942EA03224A6001684A6822F0407287
:100330004A6001684A6883681A434A6001688A68AB
:1003400022F400628A6001688A68C3681A438A607E
:10035000816A6FF07062D14214D001688A6822F01D
:1003600070628A6001688A68836A1A438A600168D9
:100370008A6822F040528A6001688A68C36A1A4318
:100380008A6009E001688A6822F070628A60016808
:100390008A6822F040528A6001688A6822F002026C
:1003A0008A6001688A68037E42EA43028A6090F8A4
:1003B000201089B101684A6842F400624A6001680D
:1003C0004A6822F460424A6001684B68426A521EE1
:1003D00043EA42324A6004E001684A6822F400625B
:1003E0004A600168CA6A22F47002CA620168CB6A74
:1003F000828B521E43EA0252CA6201688A6822F462
:1004000000728A6001688A6890F8303042EA4322BC
:100410008A6001688A6822F480628A6001688A685A
:10042000406942EA80208860704700000023014054
:10043000FEE700000A4601464FF6FF73014802F04E
:100440001CBF00004404002070B5044600200022B8
:1004500004EB8001C1F88423401C1028F8D300204D
:100460004FF40075211881F81C21401CA842F9D3D3
:10047000227062700120A070C4F8C423207640214D
:10048000A171627684F81C2384F81D0384F81F236D
:1004900084F81E23010204F11C00FFF7DBFE29464D
:1004A00004F58E70FFF7D6FE122104F22630FFF716
:1004B000D1FE3E2104F54E70FFF7CCFE002070BD4A
:1004C000704772B6FEE70022AFF3008030B50446F5
:1004D00001200D4B5D7A002D14D1587A1D54587AA5
:1004E00003EB800044605C7A03F108002254587AE0
:1004F000421C5A72303008703A2048702F208870A1
:10050000CD70002030BD00002C1D002000220029ED
:1005100005D001291AD002291BD04FF440720E4990
:100520000B6823F440730B600B6813430B600A687D
:1005300022F078020A600A68022303EBC00002433B
:100540000A60086840F48030086070474FF4807299
:10055000E5E74FF40072E2E7103C024013480168FF
:1005600089050FD5016821F400710160016841F42B
:1005700000610160016821F400610160016841F4DB
:1005800000710160016849050FD5016821F480619F
:100590000160016841F480510160016821F48051DB
:1005A0000160016841F4806101607047003C0240D5
:1005B00010B50E4800F022F80D4C20600D4800F0F8
:1005C0001DF82168401A401C60600B4A002313602C
:1005D0009160D0600220106104F10801104600F023
:1005E0006DFB08B1012010BD002010BD0000010806
:1005F000BC000020FBFF0F08A47300200146002070
:10060000A1F100624FF480439A4204D32048084489
:10061000984201D2012070471E480844984201D2F6
:10062000022070471C480844984201D203207047BA
:100630001A480844B0F5803F01D20420704718489A
:100640004FF400320844904201D20520704715480B
:100650000844904201D20620704713480844904253
:1006600001D20720704711480844904201D2082067
:1006700070470F480844904201D2092070470D4846
:100680000844904201D20A2070470B2070470000B6
:1006900000C0FFF70080FFF70040FFF70000FFF702
:1006A0000000FEF70000FCF70000FAF70000F8F782
:1006B0000000F6F70000F4F710B50A460749884233
:1006C00007D801460023022000F052FB18B1012098
:1006D00010BD012010BD002010BD0000FBFF0F0861
:1006E00008490A6822F440720A600A6842F004026B
:1006F0000A600A684FF4803343EA002002430A602C
:1007000070470000103C0240064A136823F440730F
:10071000136013681360136843F0010313600170E2
:1007200070470000103C024010B509490C6824F4E1
:1007300040740C600C6844F440740C600C6844F025
:1007400001040C600260BFF36F8F436010BD0000B6
:10075000103C0240074A136823F440731360136887
:1007600043F480731360136843F001031360018046
:1007700070470000103C0240074A136823F440739E
:100780001360136843F400731360136843F00103AC
:100790001360016070470000103C02401749086870
:1007A000C206174805D5C26942F01002C261102284
:1007B0000A600A68920605D5C26942F00802C26161
:1007C00020220A600A68520605D5C26942F0040276
:1007D000C26140220A600A68120605D5C26942F069
:1007E0000202C26180220A600A68920705D5C269C6
:1007F00042F02002C2610220086070470C3C0240B7
:100800001C0D002070B5044611490020C86100F09D
:1008100097FC05460F4E09E0601C07D024B100F09C
:100820008FFC401BA04201D9032070BD3068C0037B
:10083000F2D43068C00701D001203060306810F079
:10084000F20F03D0FFF7AAFF012070BD002070BD9A
:100850001C0D00200C3C024078B50024009490F858
:100860003C20012A19D0012280F83C200A68072583
:10087000092A14D90368DE680A3A02EB420295405D
:10088000AE43DE600A788B680A3A02EB420293407C
:100890000268D5682B43D36011E0022078BD03685D
:1008A0001E6902EB42029540AE431E610A788B68D6
:1008B00002EB42029340026815692B4313614A68B8
:1008C0001F25072A13D203685E6B521E02EB8202B9
:1008D0009540AE435E630A8893B20A79521E02EBDA
:1008E000820293400268556B2B43536328E00D2A24
:1008F00013D203681E6BD21F02EB82029540AE43F7
:100900001E630A8893B20A79D21F02EB82029340D7
:100910000268156B2B43136312E00368DE6A0D3A1D
:1009200002EB82029540AE43DE620A8893B20A79F6
:100930000D3A02EB820293400268D56A2B43D362E0
:10094000174A184B05689D4206D10D68122D03D138
:10095000556845F48005556005689D421BD10B68BC
:10096000102B01D0112B16D1536843F400035360B0
:10097000096810290FD10C490C4A0968B1FBF2F142
:1009800001EB81014900009102E00099491E0091AC
:1009900000990029F9D180F83C40002078BD000082
:1009A00000230140002001401C00002040420F00B5
:1009B00070B504460026002C03D0206C002510B131
:1009C00007E0012070BD204600F01CF8656484F843
:1009D0003C50206CC00610D4206C20F4885040F0AD
:1009E000020020642046FFF78BFC6564206C20F039
:1009F000020040F00100206400E0012684F83C5031
:100A0000304670BD30B587B00446142102A8FFF708
:100A100021FC2149206888423BD100251F480168FC
:100A200041F480710160006800F4807001901B48FF
:100A30001438016841F004010160016801F004010B
:100A40000191016841F001010160016801F00101BB
:100A50000191016841F002010160006800F00200AC
:100A600001903F20029003240394049502A90C48AE
:100A700000F070FAC02002900394049502A909487E
:100A800000F068FA02940394049502A9064800F065
:100A900061FA07B030BD0000002001404438024038
:100AA00000080240000002400004024010B5044665
:100AB000002C02D0607910B106E0012010BD0020AA
:100AC0002071204600F004F801206071002010BD64
:100AD00008B500680649884208D10648016841F413
:100AE00080510160006800F48050009008BD000053
:100AF0000030024030380240704770B5002820D0E6
:100B0000F9B14379012B1ED00126467102230371EE
:100B100003681D6802F0100240F6FE749440A5437D
:100B2000D1E900410C4394402C431C6001680B68E0
:100B3000C0249440A3430B60067100214171084614
:100B400070BD012070BD022070BD70472DE9F041DD
:100B5000044620680568466BA9044FF0040710D5C9
:100B6000B1040ED52771216941F001012161F9021B
:100B700041632068016821F4805101602046FFF73D
:100B8000E4FFA80014D5B00012D52771206940F009
:100B90000200206121684FF000504863206801681E
:100BA00021F0805101602046BDE8F041FFF7A4BF6D
:100BB000BDE8F08170B50446002C03D020790025F3
:100BC00010B105E0012070BD6571204600F008F805
:100BD00002202071256101202071002070BD0000DD
:100BE00010B586B00446142101A8FFF733FB154960
:100BF0002068884224D100211348026842F0005244
:100C00000260006800F0005000900F481038026841
:100C100042F001020260006800F001000090302004
:100C2000019003200290039101A9084800F092F975
:100C300000220F21362001F0E3F8362001F0D2F82F
:100C400006B010BD00740040403802400000024071
:100C500010B50E490C48086000200860091D0C4AB8
:100C60000A60086009490B4A10390A600860C1220D
:100C7000091D0A6008600122091D0A60086001F070
:100C800079F8002010BD0000FFC9FEF620380240B0
:100C900033797704FF11602270B5044600F050FAF2
:100CA0000546601C02D004480078044400F048FA6D
:100CB000401BA042FAD370BD100000202DE9F04780
:100CC00004460E46DFF88C8098F8180001280BD0F7
:100CD000012088F818004CF250394846FFF792FD81
:100CE0000246100003D02FE00220BDE8F0874FF04D
:100CF000FF3030602068184F012801D0A5681CE043
:100D0000207C6168FFF7ECFC4846FFF77BFD02465C
:100D1000386820F00400386014E0217C2846FFF792
:100D2000F5FB4846FFF76EFD0246386820F07A0072
:100D300038600AB1356005E06D1CD4E90210084442
:100D4000A842EAD8FFF70AFC002088F818001046ED
:100D5000CBE700001C0D0020103C02400348016856
:100D600041F000410160002070470000103C02404B
:100D70002DE9F0470646894614461D46194F387E30
:100D8000012808D0012038764CF250384046FFF751
:100D900039FD18B114E00220BDE8F0879EB1012EA4
:100DA00016D0022E19D022462B464846FFF7BCFC2F
:100DB0004046FFF727FD0C490A6822F001020A604D
:100DC00000213976E8E7E1B24846FFF79DFCEFE7FE
:100DD000A1B24846FFF7BEFCEAE721464846FFF7C6
:100DE000CBFCE5E71C0D0020103C02400020074929
:100DF0000A68002A09DA054A054B0C3A1360054BCC
:100E000013600968002900DA01207047103C024095
:100E100023016745AB89EFCD2DE9F04F0023DFF8C3
:100E20000C914FF001084FF00F0C08FA03F501EA9E
:100E30000504AC4275D123F0030202EB0906D6F893
:100E400008289F074FEA177A0CFA0AF707EA020BFD
:100E5000374A904201D1002223E0364A904201D124
:100E600001221EE0344A904201D1022219E0334AA5
:100E7000904201D1032214E0314A904201D1042270
:100E80000FE0304A904201D105220AE02E4A9042FA
:100E900001D1062205E02D4A904201D1072200E04F
:100EA000082202FA0AF25A4521D1DFF8A4A0DAF8A2
:100EB0000020A243CAF800200AF1040ADAF8002050
:100EC000A243CAF80020224A0C32D2F800A02AEA33
:100ED000040AC2F800A0A2F1040ADAF80020A24332
:100EE000CAF80020D6F80828BA43C6F808280468CB
:100EF0005E000322B24094430460DC0800EB8404EB
:100F0000276A5E074FEAD66A0CFA0AF6B7432762E9
:100F1000C4689443C4604468AC43446084689443A8
:100F200084605B1C102B80D3BDE8F08F0030014043
:100F3000000002400004024000080240000C024091
:100F4000001002400014024000180240001C024041
:100F5000003C01402DE9F84F0022DFF89C914FF052
:100F6000010803274FF00F0C09F1040AA9F1040B43
:100F700008FA02F50B682B40AB426ED10C7904F0F5
:100F80000304012C01D0022C15D18668540007FA05
:100F900004FE26EA0E06D1F80CE00EFA04FE4EEA34
:100FA000060EC0F808E04468AC430D79C5F300159F
:100FB0009540254345600C79E443A40708D0C568F3
:100FC000540007FA04F6B5438E68A6402E43C66067
:100FD0000C7904F00304022C11D1D40800EB840630
:100FE000356A5407E40E0CFA04FE25EA0E05D1F822
:100FF00010E00EFA04FE4EEA050EC6F820E0056881
:10100000540007FA04F6B5430E7906F00306A6402D
:101010002E4306604C6814F4403F67D0374C256877
:1010200045F480452560246804F480440094344CE1
:1010300022F003052E19D6F8085894074FEA147EBB
:101040000CFA0EF4A5432F4CA04201D1002424E059
:101050002D4CA04202D101241FE047E02B4CA042BE
:1010600001D1022419E02A4CA04201D1032414E04A
:10107000284CA04201D104240FE0274CA04201D10A
:1010800005240AE0254CA04201D1062405E0244CA9
:10109000A04201D1072400E0082404FA0EF42C43F6
:1010A000C6F80848D9F800409C434D68ED0200D5C9
:1010B0001C43C9F80040DAF800409C434D68AD027B
:1010C00000D51C43CAF80040DBF800409C434D6843
:1010D000AD0300D51C43CBF80040074D083D2C68FC
:1010E0009C434E68F60300D51C432C60521C102A0A
:1010F000FFF43EAFBDE8F88F083C014044380240A1
:10110000003001400000024000040240000802409C
:10111000000C02400010024000140240001802407F
:10112000001C02400069084201D0012070470020E5
:101130007047002A01D081617047090481617047BE
:10114000014880687047000010000020D0F8DC03E0
:1011500004F01CBDD0F8DC0304F021BD006806F0EB
:10116000ACBD006806F0ADBDC1EB011100EB810024
:10117000002200F81A2F4270C2728272002070475B
:10118000C1EB011100EB810090F84C007047C1EBFE
:10119000011100EB8100806B70472DE9FF4F83B098
:1011A0000546DDE91078129E8A46934695F8D403E9
:1011B00001281CD0012385F8D433CAEB0A1005EBB3
:1011C00080044FF0000984F819900698207584F87F
:1011D00015A084F826800BF07F00A07551462846A4
:1011E000FFF7C2FF5FEA0B6005D5E37505E002205B
:1011F00007B0BDE8F08F84F81790286806F061FD0D
:10120000B8F1010F05D1012F03D110B9BC2E00D9BF
:10121000BC262776B0B22085CDE9007802902868F8
:101220005A465146069B06F0D3FD85F8D493DFE776
:1012300070472DE9F003DDE9078C069F099DC1EB9E
:10124000011400EB8404E27584F826300226002F96
:101250000AD084F82A60002563B1012B4FD0022BFD
:1012600027D0032B4DD137E04FF0030984F82A90A3
:101270006576F0E7012F44D11AB1A27E012A0FD082
:101280003FE0BCF1000F02D1012284F83D2094F828
:101290003D2012B184F82A6033E084F82A5030E00F
:1012A00094F83C2012B184F82A602AE084F82A508D
:1012B00027E02AB194F83C205AB184F82A6020E053
:1012C00094F83D2012B184F82A601AE084F82A507C
:1012D00017E084F82A5014E02AB194F83C205AB15F
:1012E00084F82A600DE094F83D2012B184F82A6059
:1012F00007E084F82A5004E084F82A5001E084F8DA
:101300002A50C4F82C80C4F834C084F84C50A5632B
:10131000617584F84D50827904F114010068BDE8CC
:10132000F00306F0EFBD2DE9F041044620680646C3
:1013300006F0CFFC012876D1206806F0C7FF002810
:1013400071D0206806F0C2FF800203D521684FF4F7
:1013500000104861206806F0B9FFC00203D521687B
:101360004FF480104861206806F0B0FF400103D5BB
:1013700021684FF080604861206806F0A7FF800771
:1013800002D5216802204861206806F09FFF800096
:1013900018D521684FF000504861D6F84004C007C6
:1013A00010D11021304606F066FC304606F043FCB2
:1013B000607A022803D10121206806F061FF2046EF
:1013C000FFF7C8FE206806F081FFC00102D5204665
:1013D00002F054FB206806F079FF000705D520468F
:1013E00000F0D3F8216808204861206806F06EFFFD
:1013F000800125D5206806F081FD074600254FF0C5
:10140000010816E005F00F0108FA01F038420FD08C
:1014100006EB4510D0F80005000405D5E9B22046DA
:1014200001F082FF04E01EE0E9B2204602F089F9F3
:101430006D1C6079A842E5D821684FF000704861C2
:10144000206806F043FFC043C0060CD420688169C1
:1014500021F010018161204602F060FB2068816963
:1014600041F010018161BDE8F081F8B50446002C1F
:1014700005D0256894F8D503002610B106E00120B8
:10148000F8BD84F8D463204600F032F8032084F8D5
:10149000D503B5F1A04F00D1A671206806F092FBEC
:1014A000207C8DF8000094E80F0006F01DFB02255B
:1014B00018B184F8D5530120F8BD0121206806F049
:1014C00042FF18B184F8D5530120F8BD207C8DF877
:1014D000000094E80F0006F05DFE18B184F8D553C3
:1014E0000120F8BD012084F8D5030020F8BD0000DC
:1014F00010B586B00446142101A8FEF7ABFE2068A3
:10150000B0F1A04F2FD100211848026842F001022B
:101510000260006800F0010000904FF4C05001909C
:10152000022002900391032004900A20059001A953
:101530000F48FFF70FFD0D48001D016841F08001C5
:1015400001600A481430016841F48041016000687C
:1015500000F48040009000221146432000F050FC2F
:10156000432000F03FFC06B010BD000030380240C0
:1015700000000240D0F8DC0304F09BBBD0F8DC0391
:1015800004F09EBB006806F0C4BED0F8DC0304F093
:1015900052BB10B5044694F8D40301280DD00120A5
:1015A00084F8D4030121206806F022FB206806F0AD
:1015B0003CFB002084F8D40310BD022010BD10B500
:1015C000044694F8D403012809D0012084F8D403F8
:1015D000206806F0E8FE002084F8D40310BD022045
:1015E00010BD10B50446002C12D0242084F83D0014
:1015F0002068016821F001010160204600F0C6FA70
:1016000000203034206160732060A073207310BD0F
:10161000012010BD70B50446002C04D094F83D00A4
:10162000002510B106E0012070BD84F83C50204632
:1016300000F0DCFA242084F83D002068016821F0E5
:10164000010101602068016841F4004101602068E7
:10165000016821F40041016000F0CEFC4F4B61684D
:10166000994203D84E49884203D304E04D49884249
:1016700001D2012070BD4C49B0FBF1F122685668DF
:1016800026F03F060E43566062689A4201D8491C14
:1016900007E04FF4967251434FF47A72B1FBF2F1C6
:1016A000491C2268166A26F03F06314311626168C0
:1016B000994210D84900401EB0FBF1F2521CC2F30F
:1016C0000B02042A01D2042022E0B0FBF1F0401CFE
:1016D000C0F30B001CE0A268F2B301EBC10303EB03
:1016E0000116431EB3FBF6F35B1C43F480431B055A
:1016F00049D092B301EBC10202EB0111401EB0FBD5
:10170000F1F0401CC0F30B0040F4804040F4004076
:101710002168CA694CF6FF739A431043C861D4E943
:10172000071001432068026822F0C00211430160E3
:10173000D4E9030101432068826848F2FF339A43E9
:1017400011438160D4E9051001432068C26822F08A
:10175000FF021143C16001E00EE016E0206801685D
:1017600041F0010101602564202084F83D002563DB
:1017700084F83E50002070BD01EB4106431EB3FBD0
:10178000F6F35B1CB3E70120C2E701EB4101401E09
:10179000B0FBF1F0401CC0F30B00B7E7A0860100DE
:1017A00080841E0000093D0040420F002DE9FF4FDC
:1017B00083B00446DDE911988A469346109FFFF7EF
:1017C000BFFC054694F83D00202803D0022007B056
:1017D000BDE8F08F1923012298492046009502F0B8
:1017E00027FB08B10220F2E794F83C00012807D05B
:1017F000012084F83C0020680168C90702D005E098
:101800000220E4E7016841F00101016020680168FD
:1018100021F400610160222084F83D00402084F81A
:101820003E00002626646762A4F82A90608D208519
:101830008348E062CDE900855A4651462046069B22
:1018400002F0C8F908B10120C1E7208D48B1012894
:1018500010D002281CD02068416980690290794F1D
:10186000E1E02068416981690291016841F40071F9
:101870000160F4E72068016821F48061016020685C
:10188000416981690291016841F400710160E6E7F4
:101890002068016821F4806101602068016841F4DA
:1018A000006101602068416980690290D7E70328E0
:1018B0007ED801280BD002281FD04346002239468B
:1018C0002046009502F0B4FAF0B301207FE72A46E3
:1018D0004146204602F066FB08B1012077E7206808
:1018E0000069616A0870606A401C6062208D401E59
:1018F0002085608D401E608595E043460022394674
:101900002046009502F094FA08B101205FE72068B4
:10191000016841F40071016020680069616A087023
:10192000606A401C6062218D491E2185618D491EBF
:101930006185216809690170606A401C6062208DC0
:10194000401E2085608D00E002E0401E60856AE058
:101950002068016821F48061016020680069616A83
:101960000870606A401C6062208D401E2085608D7A
:10197000401E60854346002239462046009502F00D
:1019800057FA08B1012022E72068016841F400718C
:10199000016020680069616A0870606A401C6062CA
:1019A000218D491E2185618D491E6185216800E0D8
:1019B0000BE009690170606A401C6062208D401E66
:1019C0002085608D401E60852DE02A4641462046D8
:1019D00002F0E8FA08B10120F9E620680069616ABE
:1019E0000870606A401C6062208D401E81B22185B3
:1019F000608D401E608520684269D243520712D430
:101A0000032903D1016821F4806101602068006925
:101A1000616A0870606A401C6062208D401E2085EB
:101A2000608D401E6085208D00287FF440AF20200F
:101A30003C346070A67026700020C8E602001000DA
:101A40000000FFFF040001002DE9FF4F83B00446B2
:101A5000DDE911988A469346109DFFF771FB064613
:101A600094F83D00202803D0022007B0BDE8F08F95
:101A70001923012243492046009602F0D9F908B102
:101A80000220F2E794F83C00012807D0012084F8F6
:101A90003C0020680168C90702D005E00220E4E7A5
:101AA000016841F0010101602068016821F40061D2
:101AB0000160212084F83D00402084F83E0000278A
:101AC00027646562A4F82A90608D20852E48E06224
:101AD000CDE900865A4651462046069B02F01AF987
:101AE00080B30120C1E732464146204602F095FA14
:101AF00048B1206C042804D12068016841F40071C9
:101B000001600120B1E7606A216800780861656AB8
:101B10006D1C6562208D401E80B22085618D491E3E
:101B2000618523685969C94349070BD450B12878A6
:101B30001861606A401C6062208D401E2085608DA7
:101B4000401E6085208D0028CDD13246414620467A
:101B500002F042F948B1206C042804D120680168E1
:101B600041F40071016001207FE71F3454F81F0C1D
:101B7000016841F4007101602020A077E777677762
:101B8000002072E7020010000000FFFF10B501689E
:101B90001248134A134C81420DD1106820F40010F2
:101BA000106089152046FFF737F961152046BDE81A
:101BB0001040FFF731B90C4881420ED1106820F473
:101BC0008000106009152046FFF726F92046BDE881
:101BD00010404FF40061FFF71FB910BD00540040E2
:101BE000403802400004024000580040F0B587B081
:101BF0000446142102A8FEF72DFB2168234CDFF8D0
:101C000088C00027214A12230325042620481034C7
:101C100061451AD1116841F002011160116801F0AB
:101C200002010191290202910393049705950696FA
:101C300002A9FFF78FF9206840F4001020602068A7
:101C400000F40010019007B0F0BDDFF848C0614516
:101C5000F9D1116841F002011160116801F002012F
:101C600001914FF440610291039304970595069604
:101C700002A9FFF76FF9206840F480002060206817
:101C800000F480000190DEE700540040303802404C
:101C90000004024000580040024881680278114464
:101CA000816070471000002010B50B48016841F4B6
:101CB00000710160016841F480610160016841F4D4
:101CC00080710160032000F0BBF80F2000F006F8DF
:101CD00000F052F8002010BD003C024030B587B043
:101CE000054600241E48016841F0100101600068AB
:101CF00000F01000009001A902A800F059F9059821
:101D0000A8B100F079F940001649B0FBF1F1491E85
:101D10001648154A026040F2E732C2604160046131
:101D20008460846100F0F2FC04461CB115E000F010
:101D300063F9E9E70D4800F089FD04466CB93620E7
:101D400000F050F8102D07D200222946362000F06E
:101D500057F80748056000E0012407B0204630BD71
:101D60004038024040420F00001000401C05002097
:101D7000140000207047000008B50A48016841F4CB
:101D800080410160006800F4804000900548001F19
:101D9000016841F080510160006800F080500090BF
:101DA00008BD000044380240002809DB00F01F0293
:101DB000012191404009800000F1E020C0F880122C
:101DC000704700280DDB00F01F02012191404009FF
:101DD000800000F1E020C0F88011BFF34F8FBFF307
:101DE0006F8F7047002809DB00F01F02012191402E
:101DF0004009800000F1E020C0F8001170470000A9
:101E0000F0B40D460D4B1B68C3F30223C3F1070466
:101E1000042C00D90424191D072901D2002300E055
:101E2000DB1E012606FA04F1491E294099409E4016
:101E3000761E16403143F0BC06F098BB0CED00E076
:101E400000F00701054A10684FF6FF03184040EA0A
:101E50000120034908431060704700000CED00E0CA
:101E60000000FA052DE9F04704460D46002C13D07A
:101E7000DFF82891D9F80000EFB200F00700A8427F
:101E80000CD289F80070D9F8000000F00700A842D1
:101E900004D00120BDE8F0870120FBE72068404E18
:101EA000810712D5400703D5306840F4E050306018
:101EB0002078000703D5306840F460403060306817
:101EC000A16820F0F000084330602078C00731D0CE
:101ED000334960680839012808D002280BD003284C
:101EE00009D0096889070BD40120D3E70968890361
:101EF00006D40120CEE70968890101D40120C9E791
:101F0000316821F0030101433160FFF719F9804680
:101F100041F2883A07E0FFF713F9A0EB08005045BB
:101F200001D90320B6E73068616800F00C00B0EB1F
:101F3000810FF0D1D9F8000000F00700A84209D9BC
:101F400089F80070D9F8000000F00700A84201D01D
:101F500001209FE72078400705D53068E16820F42C
:101F6000E050084330602078000706D530682169CA
:101F700020F4604040EAC100306000F05DF8316854
:101F8000084AC1F30311515CC8400749086007487B
:101F90000068FFF7A3FE00207CE70000003C024041
:101FA0000838024048DF00081C0000201400002010
:101FB0000F2202600B4A136803F0030343601368A7
:101FC00003F0F0038360136803F4E053C360126806
:101FD00002F46042D20802610348006800F0070082
:101FE0000860704708380240003C02400148006821
:101FF000704700001C00002000B5FFF7F7FF044900
:102000000968044AC1F38221515CC84000BD000048
:102010000838024058DF000800B5FFF7E7FF044921
:102020000968044AC1F34231515CC84000BD000058
:102030000838024058DF000810B51748006810F053
:102040000C01164816D0164B042912D0082911D1BC
:10205000114C241F216801F03F02216849020AD572
:102060002068C0F38810A0FB03010023FEF7A8F846
:1020700009E0184610BD21680023C1F38811A1FBB7
:102080000001FEF79DF82168C1F30141491C490098
:10209000B0FBF1F010BD0000083802400024F4004D
:1020A00040787D012DE9F84F0446002C13D02078AC
:1020B000DFF8A083C007A8F1040556D008F104009A
:1020C0000168C1F3810101290CD00068C0F38100CF
:1020D000022803D00DE00120BDE8F88FD8F80000F9
:1020E000400206D5286880033FD5606870BB012098
:1020F000F2E76068B0F5803F10D0B0F5A02F12D0A5
:10210000286820F480302860286820F48020286027
:102110006068E0B1FFF714F8064614E0286840F460
:1021200080302860F4E7286840F480202860286820
:1021300040F480302860EBE7FFF702F8801B64284A
:1021400001D90320C8E728688003F5D50DE0FEF724
:10215000F7FF064606E0FEF7F3FF801B642801D96F
:102160000320B9E728688003F5D42078BA4F8007A8
:102170004FF0000948D5B748001D016811F00C0F59
:1021800008D00068C0F38100022813D1D8F80000FD
:1021900040020FD42868800704D5E068012801D0E8
:1021A000012099E72868216920F0F80040EAC10081
:1021B000286029E0E068B8B101203860FEF7C0FF70
:1021C000064606E0FEF7BCFF801B022801D903206B
:1021D00082E728688007F5D52868216920F0F80093
:1021E00040EAC10028600FE0C7F80090FEF7A8FFA2
:1021F000064606E0FEF7A4FF801B022801D9032053
:102200006AE728688007F5D42078000729D5DFF829
:1022100044A2924861690AF1700A89B10121016002
:10222000FEF78EFF064606E0FEF78AFF801B0228B7
:1022300001D9032050E7DAF800008007F4D510E058
:10224000C0F80090FEF77CFF064606E0FEF778FF38
:10225000801B022801D903203EE7DAF8000080073E
:10226000F4D42078400778D54FF0000A79483C3004
:102270000068C0000BD477483C30016841F08051C1
:102280000160006800F0805000904FF0010ADFF814
:10229000D0B1DBF80000C00514D4DBF8000040F436
:1022A0008070CBF80000FEF74BFF064606E0FEF715
:1022B00047FF801B022801D903200DE7DBF800004F
:1022C000C005F4D5634EA0686C3601280FD00528F0
:1022D00012D0306820F001003060306820F0040037
:1022E0003060A068F8B1FEF72BFF834617E0306836
:1022F00040F001003060F4E7306840F004003060E6
:10230000306840F001003060EBE7FEF719FFA0EB0A
:102310000B0141F28830814201D90320DCE63068AC
:102320008007F2D510E0FEF70BFF834609E0FEF7C9
:1023300007FFA0EB0B0141F28830814201D9032055
:10234000CAE630688007F2D4BAF1010F05D14148DE
:102350003C30016821F080510160A069C0B33D4963
:10236000091D09684FF0FF36C1F38101022946D0EB
:10237000022805D0C7F86090FEF7E2FE04463AE076
:10238000C7F86090FEF7DCFE814607E0FEF7D8FE56
:10239000A0EB0900022801D903209DE628688001EE
:1023A000F4D4D4E907010843616AA26A890106EB03
:1023B000520241EA0241084394F82C1040EA0160BD
:1023C000C8F8000001203866FEF7BAFE044607E0B0
:1023D0003DE0FEF7B5FE001B022801D903207BE695
:1023E00028688001F5D532E0FEF7AAFE001B02281E
:1023F00001D9032070E628688001F5D427E0012880
:1024000023D0D8F80000E26900F4800191421AD18B
:10241000226A00F03F01914215D147F6C071626A0D
:102420000140B1EB821F0ED1A26A00F4403106EBED
:102430005202B1EB024F06D194F82C1000F07060FC
:10244000B0EB016F03D0012046E6012044E60020F6
:1024500042E600000438024000004742800E474236
:102460000070004070B50446002C03D06079002550
:1024700010B105E0012070BD2571204600F00CF878
:10248000022060712068016841F0040101600120B0
:102490006071A560002070BD08B5006806498842DB
:1024A00008D10648016841F040010160006800F071
:1024B0004000009008BD000000080650343802407B
:1024C00070B50446002C0AD0606A002548B1256129
:1024D00065614FF4005694F8510040B10CE00120C2
:1024E00070BD6068B0F5827FF3D0E561F1E784F8F4
:1024F0005050204600F04CF8022084F8510020682B
:10250000016821F040010160A088218900F48270F7
:1025100001F404410843A18901F400610843217CCE
:1025200001F002010843217D01F001010843218BE4
:1025300001F400710843217F01F03801084394F849
:10254000201001F080010843218D01F4005108435F
:1025500021680860A069042101EA104094F8241061
:1025600001F01001084321684860A06AB04203D11D
:10257000A08D216880B208612068C16921F40061E2
:10258000C1616565012084F85100002070BD000024
:1025900070B586B00446142101A8FDF75BFE1D4905
:1025A0002068884234D11C48016841F40041016030
:1025B000006800F40040009017481038016841F0AE
:1025C00001010160016801F001010091016841F021
:1025D00004010160006800F0040000904FF4004026
:1025E00001900224029401200390032604960625FC
:1025F000059501A90948FEF7ADFC4FF4E0500190A4
:10260000029403940496059501A90548FEF7A2FCDF
:1026100006B070BD003C004040380240000002405F
:10262000000802407047704710B590F83C20012A1E
:1026300022D0012280F83C20CA6800238C6822F452
:10264000407222434C6822F4806222430C6822F4D8
:10265000006222430C6922F4805222434C6922F426
:1026600000522243C96922F480420A4301684A6445
:1026700080F83C30002010BD022010BD70B590F8ED
:102680003C20012A31D0012680F83C60022280F8EB
:102690003D2002685468936824F070050C682C4350
:1026A0005460134C0268A24214D0B2F1804F11D092
:1026B000104CA2420ED0104CA2420BD00F4CA242A2
:1026C00008D00F4CA24205D00E4CA24202D00E4CB4
:1026D000A24204D123F080034968194391603C3041
:1026E000467000210170002070BD022070BD000006
:1026F000000001400004004000080040000C0040C1
:1027000000040140004001400018004010B504469C
:10271000002C03D094F83D0010B107E0012010BD5B
:10272000002084F83C00204600F016F8022084F8CF
:102730003D00211D206802F0C9F901203D3460727E
:102740006070A070E07020716071A071E071207203
:102750002070002010BD000010B586B00446142182
:1027600001A8FDF777FD314B2068002230499842DF
:1027700009D1086840F002000860086800F0020013
:10278000009006B010BD2B4B98421DD1086840F058
:1027900004000860086800F0040000902448103825
:1027A000016841F008010160006800F00800009035
:1027B000981401900220029003920492059001A9BE
:1027C0001D48FEF7C7FBDCE71C4A904208D10868A9
:1027D00040F020000860086800F020000090D0E77A
:1027E000134A174B121D984208D1106840F002009E
:1027F0001060106800F002000090C2E7114B984290
:1028000008D1106840F400301060106800F4003007
:102810000090B6E70C4A9042B3D1086840F480704B
:102820000860086800F480700090AAE70004004087
:102830004038024000080040000C024000140040F4
:1028400000040140004401400020004090F83D1089
:10285000012901D001207047022180F83D10016854
:10286000CA6842F00102CA6000681449884214D064
:10287000B0F1804F11D0124988420ED011498842E0
:102880000BD01149884208D01049884205D0104920
:10289000884202D00F49884209D1816801F00701BE
:1028A000062908D0016841F00101016003E00168D8
:1028B00041F001010160002070470000000001406C
:1028C0000004004000080040000C004000040140EB
:1028D000004001400018004070B50446002594F8FF
:1028E0003C00012817D0012684F83C60022084F8BF
:1028F0003D002068826822F0770222F47F428260E5
:102900000868502838D00DDC202853D005DC90B35F
:10291000102811D14EE0022070BD30284AD0402846
:102920000AD13DE0602831D070280CD0B0F5805F2E
:1029300003D0B0F5005F12D001253C346670002052
:102940002070284670BDCB68D1E90121206802F0D3
:1029500034F92068816841F077018160EDE7CB6848
:10296000D1E90121206802F028F92068816841F44A
:1029700080418160E1E71DE0CA684968206802F093
:10298000FFF95021206802F022F9D6E7CA684968A9
:10299000206802F047FA6021206802F018F9CCE7BD
:1029A000CA684968206802F0EBF94021206802F00B
:1029B0000EF9C2E722680146104602F008F9BCE7AA
:1029C000704770B505460C46002695F83C00012876
:1029D0000FD0012085F83C006AB1042A1CD0082AD7
:1029E0002CD00C2A3BD00126002085F83C00304634
:1029F00070BD022070BDD4E90012E368286802F0BF
:102A0000D1F92868816921F00C0181612868816908
:102A1000A26811438161E7E7D4E90012E3682868FE
:102A200002F012FA2868816921F440618161286806
:102A30008169A26841EA02218161D5E7D4E90012E7
:102A4000E368286802F01BFA2868C16921F00C01CC
:102A5000C1612868C169A2681143C161C4E7D4E9B2
:102A60000012E368286802F023FA2868C16921F49B
:102A70004061C1612868C169A26841EA0221C1615F
:102A8000B2E710B50446002C03D094F83D0010B115
:102A900007E0012010BD002084F83C00204600F033
:102AA00015F8022084F83D00211D206802F00EF880
:102AB00001203D3460726070A070E0702071607120
:102AC000A071E07120722070002010BD70472DE9C8
:102AD000F04104462068C56806694FF00007B10759
:102AE00014D5A90712D5F91E0161012020772068AD
:102AF0008069800703D02046FFF762FF05E020468B
:102B000000F01FF9204600F0D5F92777700717D598
:102B1000680715D521686FF004000861022020774E
:102B20002068806910F4407F03D02046FFF748FFFB
:102B300005E0204600F005F9204600F0BBF92777B4
:102B4000300716D5280714D521686FF008000861F2
:102B5000042020772068C069800703D02046FFF753
:102B60002FFF05E0204600F0ECF8204600F0A2F927
:102B70002777F00617D5E80615D521686FF0100005
:102B80000861082020772068C06910F4407F03D0D6
:102B90002046FFF715FF05E0204600F0D2F820465A
:102BA00000F088F92777F00708D0E80706D02168F9
:102BB0006FF001000861204600F02AFA300608D5BF
:102BC000280606D521686FF0800008612046FFF7CF
:102BD00029FD700608D5680606D521686FF040000B
:102BE0000861204600F01EFAB0060AD5A80608D5EE
:102BF00021686FF0200008612046BDE8F041FFF732
:102C000012BDBDE8F0810000F0B587B00446142184
:102C100002A8FDF71FFB2E4D216800232D4A022438
:102C20002D48A94213D1116841F0040111601168C7
:102C300001F0040101914FF4607102910394049337
:102C40000593069402A9FEF785F907B0F0BD234D60
:102C5000A94212D1106840F008001060106800F01E
:102C6000080001904814029003940493059306947D
:102C700002A91B48FEF76EF9E7E71A4F4026032525
:102C8000B94210D1116841F004011160116801F0DE
:102C9000040101910296039404940593069502A9F8
:102CA000FEF758F9D1E710488142CED1106840F0C4
:102CB00020001060106800F020000190029603943C
:102CC00004930593069502A90848FEF743F9BCE76B
:102CD0000004004030380240000802400008004074
:102CE000000C024000040140004401400014024076
:102CF00070B50446002594F83C0001280FD001204F
:102D000084F83C006AB1042A0FD0082A11D00C2A9A
:102D100013D00125002084F83C00284670BD022015
:102D200070BD206801F05CFFF4E7206801F08CFFC3
:102D3000F0E7206801F0C2FFECE7206801F0F6FF41
:102D4000E8E7704710B50446002C03D094F83D0026
:102D500010B107E0012010BD002084F83C0020469F
:102D600000F015F8022084F83D00211D206801F0D4
:102D7000ADFE01203D3460726070A070E070207183
:102D80006071A071E07120722070002010BD70474A
:102D900070B504460D46002694F83C0001280FD07B
:102DA000012084F83C006AB1042A1FD0082A32D0DE
:102DB0000C2A44D00126002084F83C00304670BD27
:102DC000022070BD2946206801F00AFF2068816951
:102DD00041F0080181612068816921F0040181616D
:102DE000206881692A6911438161E4E729462068E6
:102DF00001F02AFF2068816941F400618161206847
:102E0000816921F480618161206881692A6941EAD0
:102E100002218161CFE72946206801F04FFF206839
:102E2000C16941F00801C1612068C16921F0040154
:102E3000C1612068C1692A691143C161BBE72946A4
:102E4000206801F073FF2068C16941F40061C1612D
:102E50002068C16921F48061C1612068C1692A6963
:102E600041EA0221C161A6E710B50446002C03D057
:102E700094F83D0010B107E0012010BD002084F857
:102E80003C00204600F015F8022084F83D00211D8A
:102E9000206801F01BFE01203D3460726070A0705C
:102EA000E07020716071A071E071207220700020CC
:102EB00010BD70477047000010B50446002909D0C6
:102EC00004290AD008290BD094F8410001280AD01F
:102ED000012010BD94F83E00F8E794F83F00F5E7B4
:102EE00094F84000F2E70220A9B3042937D008295A
:102EF00038D084F841000122206801F051FE1E49BB
:102F000020681E4A884201D0904203D1436C43F4AA
:102F1000004343642068884213D0B0F1804F10D042
:102F2000174988420DD0174988420AD0164988426D
:102F300007D0904205D01549884202D014498842F2
:102F400013D1816801F00701062912D0016841F010
:102F5000010101600DE0FFE784F83E00CBE784F853
:102F60003F00C8E784F84000C5E7016841F001016F
:102F70000160002010BD000000000140000401407D
:102F80000004004000080040000C004000400140E8
:102F90000018004030B504460D460022294620683E
:102FA00001F0FEFD184A41F2111120688B10904289
:102FB00002D0164A904209D1026A0A4206D1026A38
:102FC0001A4203D1426C22F4004242642068026A31
:102FD0000A4206D1016A194203D1016821F00101B8
:102FE000016001203DB1042D08D0082D09D084F8DE
:102FF0004100002030BD84F83E00FAE784F83F002D
:10300000F7E784F84000F4E70000014000040140C5
:1030100000680349884201D1FEF73EBE70470000B8
:1030200000100040704770B50446002C04D094F89E
:103030004100002510B106E0012070BD84F8405029
:10304000204600F023F8242084F841002068C1685D
:1030500021F40051C160204601F06EFF2068016933
:1030600021F4904101612068416921F02A01416108
:103070002068C16841F40051C1606564202084F873
:10308000410084F842006563002070BDF0B587B050
:103090000446142102A8FDF7DDF8444A424821689D
:1030A0000024424D143A0223072781421CD128688C
:1030B00040F010002860286800F0100001901068AF
:1030C00040F001001060106800F0010001904FF422
:1030D000C0600290039304930594069702A93448B4
:1030E000FDF738FF07B0F0BD304EDFF8C8C0361F1F
:1030F0003148614519D1316841F40031316031689E
:1031000001F400310191116841F00801116011686A
:1031100001F0080101916021029103930493059449
:10312000069702A9FDF716FFDCE7DFF890C06145BE
:103130001AD1316841F480213160316801F4802175
:103140000191116841F008011160116801F0080156
:1031500001914FF4407102910393049305940697F3
:1031600002A9FDF7F7FEBDE715488142BAD12868EC
:1031700040F020002860286800F0200001901068CE
:1031800040F040001060106800F0400001904FF4E3
:10319000844002900393049305940820069002A9AA
:1031A0000848FDF7D7FE9DE7001001404438024073
:1031B0000000024000440040000C02400048004073
:1031C00000140140001802402DE9F84F04460E4655
:1031D0001546984694F84200202802D00220BDE807
:1031E000F88FBEB1B5B100206064222184F842108E
:1031F0002063FDF7A5FF8246A585E585A0684FF40D
:103200008057B84201D1206930B1354600264FF0D1
:10321000200928E00120E2E70025F8E753460022D4
:1032200020212046CDF8008001F010FF18B184F86D
:1032300042900320D3E725B1A068B84219D038B135
:1032400008E020684068C0F3080026F8020B07E099
:10325000206970B12068406800F07F0028706D1C04
:10326000E08D401EE085E08D0028D7D184F84290A3
:10327000B5E7206840682870F1E72DE9F843044677
:103280000E4615461F4694F84100202802D0022021
:10329000BDE8F8837EB175B100206064212084F818
:1032A0004100FDF74DFF8146A584E584A068B0F597
:1032B000805F02D003E00120EAE7206920B13546B3
:1032C00000264FF0200815E00025FAE74B460022C3
:1032D00080212046009701F0B9FE18B184F84180A2
:1032E0000320D5E7ADB1216815F8010B4860E08CEB
:1032F000401EE084E08C0028E8D14B4600224021AB
:103300002046009701F0A2FE50B184F841800320CE
:10331000BEE736F8020B2168C0F308004860E6E714
:1033200084F841800020B3E72DE9F05F05460E46A2
:1033300028688346314604F0C1FFC6EB06114007FA
:103340004FF007074FF0040805EB81040AD50BEB9B
:103350004610C0F8088584F84D703146286804F09E
:10336000BCFC4BE03146286804F0A8FFC0054FF0D4
:1033700008090CD50BEB46114FF48070C1F8080515
:1033800084F84D903146286804F0A7FC36E03146B9
:10339000286804F093FF00070BD50BEB4610C0F82C
:1033A0000895062084F84D003146286804F095FC05
:1033B00024E03146286804F081FF40050DD50BEB71
:1033C00046114FF48060C1F80805092084F84D00CB
:1033D0003146286804F081FC10E03146286804F08A
:1033E0006DFF00060AD50BEB46118020C1F80805D9
:1033F00084F84D703146286804F06FFC3146286827
:1034000004F05CFF80050BD53146286804F065FCAC
:103410000BEB46114FF40070C1F80805BDE8F09FB2
:103420003146286804F04AFFC0074FF0200A4FF0E9
:1034300001094FF0000751D00BEB4618C8F808A55A
:10344000E07E012806D1E776D8F8040520F4803024
:10345000C8F80405A87930B1206BD8F81015C1F36D
:103460001201401AA0634A4684F84D906764C8F878
:10347000082594F8260030B1022804D003280AD089
:10348000012808D013E03146286804F026FC1020FB
:10349000C8F808050BE0D8F8000540F00050C8F85F
:1034A000000584F84C2031462846FDF7C1FEA87976
:1034B000012805D014F83C0F80F001002070ADE722
:1034C000208DA16B0144491EB1FBF0F0C007A5D0CF
:1034D00014F83C0F80F0010020709FE73146286807
:1034E00004F0ECFE800611D50BEB4610C0F808A5E1
:1034F000A07E012892D184F81B90032084F84D000F
:1035000031462868BDE8F05F04F0E7BB3146286823
:1035100004F0D4FE80074FF0050A7DD50BEB461072
:103520000222C0F8082594F84D10012916D006296A
:1035300019D007291CD009291AD005293ED0032902
:1035400071D004296AD0082969D00229B7D094F82B
:103550004C2031462846FDF76BFE5FE784F84D208E
:1035600084F84C90F3E784F84D2084F84CA0EEE703
:1035700084F84D20616C491C616402290ED967648E
:10358000A17E012907D1E7762777D0F8041521F429
:103590008031C0F8041584F84C80D8E784F84C20BA
:1035A00094F8261009B10229D1D1D0F8001521F0E4
:1035B000804141F00041C0F80015C8E784F84D2073
:1035C000E17E0129C3D194F8261003290FD084F895
:1035D0004C2094F8261009B10229B8D1D0F8001572
:1035E00021F0804141F00041C0F80015AFE7A16C27
:1035F000491CA164022913D9A764E776616C0329E9
:1036000001D284F81C90D0F8041521F48031C0F860
:10361000041584F84C80DCE744E004E028E039E05D
:1036200084F84C20D5E784F84D20E17E01298ED125
:1036300084F84C2000F20450016841F480310160AC
:10364000816841F040018160816821F02001816042
:10365000A0F2045094F8261009B1022987D1D0F8BD
:10366000001521F0804141F00041C0F800156EE7DF
:1036700084F84D2084F84C2094F8261009B10229D2
:103680008BD1D0F8001521F0804141F00041C0F805
:1036900000155CE784F84D20606C401C606484F881
:1036A0004C8054E73146286804F008FE40060FD5E8
:1036B0000BEB46114020C1F8080584F84DA0A07E10
:1036C00000B9676431462868BDE8F05F04F005BBC7
:1036D0003146286804F0F2FDC0067FF5F0AE94F89C
:1036E0002600032803D050B1022808D013E06764F5
:1036F00084F84D803146286804F0EFFA0BE06764E7
:10370000A87910B1E07E012805D184F84D803146BA
:10371000286804F0E2FAE07E01280CD1E7760BEB92
:10372000461000F20450016821F480310160816884
:1037300041F0200181600BEB46111020C1F8080513
:103740006CE62DE9F05F05460F46286806463946C7
:1037500004F0B4FDC7EB071140074FF0040B05EB75
:1037600081040CD506EB4710C0F808B5072084F893
:103770004D0039462868BDE8F05F04F0AEBA39461E
:10378000286804F09BFD80064FF000084FF0010A06
:103790004FF0020928D506EB47112020C1F8080593
:1037A000607E0326012809D184F8198084F84C90A2
:1037B00084F84D603946286804F08FFAA07E01280D
:1037C00010D1E07E00280DD194F82600012801D008
:1037D00084F81BA084F84D603946286804F07DFA0F
:1037E000C4F84480BDE8F09F3946286804F066FDBF
:1037F00080050BD506EB47114FF40070C1F80805A2
:1038000039462868BDE8F05F04F067BA3946286891
:1038100004F054FDC00726D0C4F844803946286817
:1038200004F04CFD400606D584F819A006EB4711BC
:103830004020C1F80805E07E48B184F81B8006EB03
:103840004710D0F8041521F48031C0F8041506EBB8
:103850004710C0F808A584F84DA039462868BDE88F
:10386000F05F04F03ABA3946286804F027FD4006B4
:1038700012D5052084F84D00A07E08B984F819A05F
:10388000C4F844803946286804F027FA06EB47114B
:103890004020C1F80805A5E73946286804F00EFD68
:1038A00000070DD506EB47110820C1F808050620D2
:1038B00084F84D0039462868BDE8F05F04F00DBA81
:1038C0003946286804F0FAFCC00613D5C4F84480D1
:1038D00084F84DB0607E18B9207E08B984F819A02C
:1038E0003946286804F0F9F906EB47111020C1F8B1
:1038F000080577E73946286804F0E0FC00062AD579
:10390000A87970B1606C401C6064022811D9C4F8B9
:1039100044805A4684F84CB039462846FDF788FC66
:1039200013E0072084F84D003946286804F0D5F9E3
:103930000BE084F84C9006EB4710D0F8001521F00E
:10394000804141F00041C0F8001506EB471180208E
:10395000C1F8080546E73946286804F0AFFC400581
:103960000DD5092084F84D003946286804F0B5F9D2
:1039700006EB47114FF48060C1F8080532E739467D
:10398000286804F09BFC800785D506EB4711C1F839
:10399000089594F84D00012817D003283AD0042840
:1039A00040D005284ED0062851D0072801D009283C
:1039B0009FD184F84D90606C401C606402284CD903
:1039C000C4F8448084F84CB051E084F84D9084F8F9
:1039D0004CA094F82600022801D0032847D1A879EA
:1039E00028B994F83D0080F0010084F83D00A879E2
:1039F00001283CD1606B20B3218D0844401EB0FBF0
:103A0000F1F0C00733D094F83D0080F0010084F855
:103A10003D002CE084F84D90E07E012827D184F809
:103A20004C9024E084F84D9084F84C90E07E01287E
:103A30001DD184F81B80D1F8040520F48030C1F832
:103A4000040514E084F84D9084F84C900FE084F85D
:103A50004D90052084F84C0009E084F84C90D1F892
:103A6000000520F0804040F00040C1F8000594F8C7
:103A70004C2039462846FDF7DBFBB3E67CB505460E
:103A80002C68D4F840040190D4F8400400900098C9
:103A900020F02E0000900198800709D50198C007FA
:103AA00002D02846FDF752FB009840F0020000903B
:103AB0000198000727D5009840F008000090019871
:103AC00040071DD5687A022803D0E87901280FD075
:103AD00012E00198C0F34140022804D00121286877
:103AE00004F0CEFB08E00221286804F0C9FB03E0E3
:103AF0004EF66020C4F804042846FDF73FFD02E0BE
:103B00002846FDF737FD0198800603D5009840F060
:103B1000200000900098C4F840047CBD2DE9F041DD
:103B2000034618680746016A01F00F06C1F34342D5
:103B3000C1F30A15022A2ED1002D2CD0C6EB061196
:103B400003EB8104E16A002925D0A26B636B2A4450
:103B50009A4222D8AAB204F0BDFBE06A2844E0628F
:103B6000A06B2844A06307EB4610D0F81015C1F3F2
:103B7000C941228DAA420ED100290CD0D0F80015DF
:103B800021F0804141F00041C0F8001514F83C0FCD
:103B900080F001002070BDE8F081042084F84C0022
:103BA000F9E7FEE701684A69D24352050FD46FF482
:103BB00080624A61002140F8301F202242738173E5
:103BC000026942F004020261017301207047002083
:103BD000704700002DE9F84F04460B9E0F469046B3
:103BE0001D462068016841F4806101602068016819
:103BF00041F48071016000964FF0011A0022514695
:103C000020460A9B00F014F94FF4007940B1206877
:103C10000068C00501D5C4F840900320BDE8F88FC6
:103C2000216807F0FE000861DFF8E4B0334659462A
:103C300020460A9A00F052F908B10120EEE7206808
:103C4000416980690090324620460A9900F0E5F902
:103C500048B1206C042804D12068016841F4007147
:103C600001600120DAE7284608F0FF0501280DD0A1
:103C700021684FEA18200861324620460A9900F070
:103C8000CCF968B1206C042803D007E020680561F6
:103C900008E02068016841F4007101600120BDE77F
:103CA00020680561324620460A9900F0B6F948B10D
:103CB000206C042804D12068016841F4007101607F
:103CC0000120ABE72068016841F480710160009633
:103CD0000022514620460A9B00F0AAF838B120681D
:103CE0000068C00501D5C4F84090032096E721681C
:103CF000F8B240F0010008613346594620460A9A5E
:103D000000F0ECF808B1012088E7002086E7000009
:103D1000020001002DE9F8430446DDE908970D464D
:103D2000164698462068016841F4807101604B4650
:103D300000224FF001112046009700F079F848B1B9
:103D400020680068C00502D54FF40070206403208D
:103D5000BDE8F883216805F0FE0008613B464A464D
:103D60001C49204600F0BAF808B10120F0E72068AD
:103D70004169806900903A464946204600F04DF975
:103D800048B1206C042804D12068016841F4007116
:103D900001600120DCE7F5B2B8F1010F0CD0216819
:103DA000300A08613A464946204600F036F968B1C3
:103DB000206C042803D007E02068056108E0206833
:103DC000016841F4007101600120C1E720680561CC
:103DD0000020BDE70200010070B504460D461646FE
:103DE0001FE02046FFF7DEFE08B1012070BD681C11
:103DF00017D0FDF7A5F9801BA84200D88DB920681F
:103E00004069C04340070CD5002044F8300F202102
:103E10006173A073216941F02001216120730120A9
:103E200070BD20684069C0434007DAD4002070BDEF
:103E30002DE9F0470446DDF820900D4690461E46D9
:103E4000C5F307472FE0701C2DD0FDF779F9A0EBE3
:103E50000900B04200D836BB012F17D02068806916
:103E600025EA00000004000C1BD0002040451AD1B8
:103E7000002044F8300F20216173A073216941F0C4
:103E80002001216120730120BDE8F087206840698E
:103E900025EA00000004000C01D00020E6E7012024
:103EA000E4E70120E2E7012F0BD02068806925EAD2
:103EB00000000004000C0FD000204045C3D00020BB
:103EC000E2E72068406925EA00000004000C01D008
:103ED0000020F2E70120F0E70120EEE72DE9F047AE
:103EE00004460D46164698464FF000094FF0200A4A
:103EF000C5F3074743E020684069C043400517D435
:103F00002068016841F40071016021686FF48060ED
:103F10004861C4F8309084F83DA084F83E90206C4D
:103F200040F00400206484F83C900120BDE8F08754
:103F3000701C24D0FDF704F9A0EB0800B04200D8B3
:103F4000EEB9012F14D02068806925EA0000000432
:103F5000000C14D0C4F8309084F83DA084F83E9052
:103F6000206C40F02000206484F83C900120DDE7C4
:103F70002068406925EA00000004000CEAD1012F06
:103F800008D02068806925EA00000004000CB2D146
:103F90000020CBE72068406925EA00000004000CFF
:103FA000F6D0A8E72DE9F04104460D461646002755
:103FB0004FF020082AE04069C043C0060FD42168B2
:103FC0006FF010004861276384F83D8084F83E70EC
:103FD000206C206484F83C700120BDE8F081FDF77E
:103FE000AFF8801BA84200D885B920684069C0435B
:103FF00040060BD544F8307F84F80D80A773206904
:1040000040F02000206127730120E6E72068416925
:10401000C9434906CFD40020DFE770B504460D46FA
:1040200016461FE02046FFF7BDFD08B1012070BD18
:10403000681C17D0FDF784F8801BA84200D88DB902
:1040400020684069C04300060CD5002044F8300FBA
:1040500020216173A073216941F020012161207347
:10406000012070BD20684069C0430006DAD40020FA
:1040700070BD00007FB50024009401940294039465
:104080001348124901604FF480314160846001257A
:104090000561057680F82040C4620E498162C460E3
:1040A000C56180F830404561FCF782FC08B1FCF73F
:1040B00008FA092000900195029469460448FCF72B
:1040C000CBFB002801D0FCF7FCF97FBD00200140AC
:1040D000E00000200100000F10B507490548086006
:1040E0000846FCF7E3FC002803D0BDE81040FCF7CD
:1040F000E8B910BD00300240000000201CB50024CB
:10410000009401940F490E4808600846FCF752FDE0
:1041100008B1FCF7D6F900940194002269460948D9
:10412000FCF7EBFC08B1FCF7CCF910226946054816
:10413000FCF7E3FC002801D0FCF7C3F91CBD00002C
:104140000074004028010020002805D001224FF40F
:1041500080710248FCF7EDBF0022F8E70000024042
:1041600010B504490448FCF7AEF90249491E08702D
:1041700010BD00000900002034DF00082DE9F04FD9
:1041800087B0142102A8FCF765F800249248016862
:1041900041F010010160016801F010010191016816
:1041A00041F004010160016801F00401019101681E
:1041B00041F020010160016801F0200101910168D6
:1041C00041F080010160016801F080010191016806
:1041D00041F001010160016801F0010101910168F4
:1041E00041F002010160016801F0020101910168E2
:1041F00041F040010160016801F040010191016856
:1042000041F008010160006800F008000190DFF84B
:10421000CCA100224FF6C4715046FCF78AFFDFF8AC
:10422000C0B14FF40059002249465846FCF781FFBF
:10423000002241F601016B48FCF77BFF00224DF2A2
:10424000E4016948FCF775FF00224FF4F7716748F5
:10425000FCF76FFF00224CF206016548FCF769FF8E
:104260004FF48078002241466248FCF762FF042741
:104270000297012503950495059402A95046FCF781
:1042800069FE082002900394049502A95046FCF7A9
:1042900061FE302002900394049402A95046FCF77A
:1042A00059FE4FF6C07002900395022604960594BD
:1042B00002A95046FCF74EFECDF8089003950496EF
:1042C000059402A95846FCF745FE0295039504960D
:1042D000059402A94348FCF73DFE02970395049616
:1042E000059602A94048FCF735FEE80202900395C6
:1042F0000496059602A93B48FCF72CFE2803029081
:1043000003950495059602A93648FCF723FE02960C
:1043100003950496059402A93448FCF71BFE4FF45C
:104320008750029003950496059402A92E48FCF745
:1043300011FE4FF44047029703950494059402A997
:104340002948FCF707FE40F60140029003940494CC
:1043500002A92748FCF7FEFD0297039504940594F3
:1043600002A92348FCF7F6FD2C2002900395049443
:10437000059402A91D48FCF7EDFD1020029003945E
:10438000049402A91948FCF7E5FD4020029003952A
:104390000495059602A91548FCF7DCFDF81102907A
:1043A00003950496059602A91048FCF7D3FDCDF8B5
:1043B000088003950496059402A90E48FCF7CAFDEF
:1043C0000620029003950494059602A90848FCF77C
:1043D000C1FD07B0BDE8F08F303802400010024048
:1043E000000802400014024000040240001802408D
:1043F000000C02400000024010B50D480B4901605E
:104400000C49416000218160C1604FF4804202612B
:1044100041618161C1610162FDF7FCF8002803D0B0
:10442000BDE81040FCF74DB810BD0000005400403E
:104430003C010020A086010010B50D480B49016029
:104440000C49416000218160C1604FF480420261EB
:1044500041618161C1610162FDF7DCF8002803D090
:10446000BDE81040FCF72DB810BD0000005800401A
:1044700090010020A086010010B50749054808609A
:104480000846FDF7EFFF002803D0BDE81040FCF719
:1044900018B810BD00080650E401002010B50E4801
:1044A0000C490160002141608160C160016141618E
:1044B0008161016241624FF4005181620A21C1624F
:1044C000FDF7FEFF002803D0BDE81040FBF7F9BF61
:1044D00010BD0000003C0040F401002030B587B062
:1044E0001C216846FBF7B6FE15481449016060259B
:1044F00045600024846041F28831C16004618021FC
:104500008161FEF703F908B1FBF7DBFF0C48FEF70A
:10451000ABFC08B1FBF7D5FF00950194029404941D
:10452000002269460648FEF733FC08B1FBF7C9FFD5
:104530000348FEF769FB07B030BD000000440140AE
:104540006C03002010B50B480949016054214160FB
:10455000002181604FF47A72C26001618161FEF7CF
:10456000D5F8002803D0BDE81040FBF7AABF10BD66
:1045700000200040B403002010B58EB000240A943F
:104580000B940C940D94089409941C2101A8FBF73A
:1045900061FE2748254901604FF4965141608460CF
:1045A0006421C160046180218161FEF7AFF808B128
:1045B000FBF787FF4FF480500A900AA91C48FEF7CA
:1045C0008BF908B1FBF77DFF1948FEF74DFC08B1E8
:1045D000FBF777FF0894099408A91548FEF74EF8F1
:1045E00008B1FBF76EFF60200190029403940594DC
:1045F000042201A90E48FEF7CBFB08B1FBF761FFCF
:10460000082201A90A48FEF7C3FB08B1FBF759FFCE
:104610000C2201A90648FEF7BBFB08B1FBF751FFCE
:104620000348FEF7F1FA0EB010BD00000004004090
:104630004C02002010B592B000240E940F941094F8
:1046400011940C940D94089409940A940B941C21D1
:1046500001A8FBF7FFFD284826490160232141609E
:1046600084606421C160046180218161FEF74EF89D
:1046700008B1FBF726FF4FF480500E900EA91E489C
:10468000FEF72AF908B1FBF71CFF1B48FEF7F9F902
:1046900008B1FBF716FF1848FEF7E6FB08B1FBF779
:1046A00010FF0C940D940CA91348FDF7E7FF08B117
:1046B000FBF707FF0894012009900A940B9400224D
:1046C00008A90D48FEF77DF908B1FBF7FAFE602056
:1046D0000190029403940594042201A90648FEF770
:1046E00057FB08B1FBF7EDFE0348FEF78DFA12B059
:1046F00010BD000000080040940200201CB50024FA
:10470000009401940E480D490160A8214160846025
:104710004FF47A71C16080218161FDF7F7FF08B124
:10472000FBF7CFFE0094019469460548FDF7A6FF0C
:10473000002801D0FBF7C5FE1CBD0000001400409E
:10474000DC02002030B595B000241194129413942B
:1047500014940F9410941C2108A8FBF77BFD2021D2
:104760006846FBF777FD2D4D2B4828604FF47A7093
:104770006860AC60E8604FF4807028616C618020F4
:10478000A8612846FDF7C2FF08B1FBF79AFE4FF477
:104790008050119011A92148FEF79EF808B1FBF74F
:1047A00090FE1E48FEF7CEFA08B1FBF78AFE0F9482
:1047B00010940FA91948FDF761FF08B1FBF781FEBE
:1047C00030200890012009900A940B940C940D94C9
:1047D0000E94002208A91148FEF78AFA08B1FBF7E7
:1047E00070FE2868816941F008018161009401949C
:1047F0000294039404944FF4005005900794694682
:104800000648FDF711FF08B1FBF75BFE0348FEF712
:10481000FBF915B030BD0000000401402403002066
:1048200010B50C480A4901604FF4E13141600021A4
:104830008160C16001610C2242618161C161FEF74A
:10484000F2FB002803D0BDE81040FBF73ABE10BDD4
:1048500000100140FC03002010B50C480A4901601B
:104860004FF4E131416000218160C16001610C229F
:1048700042618161C161FEF7D6FB002803D0BDE82B
:104880001040FBF71EBE10BD004400404404002051
:1048900010B50C480A4901604FF4E1314160002134
:1048A0008160C16001610C2242618161C161FEF7DA
:1048B000BAFB002803D0BDE81040FBF702BE10BDD4
:1048C000004800408C04002010B50C480A490160E3
:1048D0004FF4E131416000218160C16001610C222F
:1048E00042618161C161FEF79EFB002803D0BDE8F3
:1048F0001040FBF7E6BD10BD00140140D4040020B9
:1049000010B501220B490C4801F004F908B1FBF77E
:10491000D8FD0A49084802F003FF08B1FBF7D1FDB2
:10492000054802F0E5FF002803D0BDE81040FBF782
:10493000C8BD10BD097900086405002028000020CA
:10494000014802F061BC000064050020FEE7FEE7BC
:104950000148FCF7E8BC00003C09002070477047A4
:104960007047000030B593B0302107A8FBF772FC08
:10497000142102A8FBF76EFC00251E48016841F0D7
:1049800080510160006800F0805001901A48016871
:1049900041F480410160006800F4804001900120F2
:1049A00007900004089002240D9480010E901920B5
:1049B0000F904FF4A870109011940720129007A840
:1049C000FDF770FB08B1FBF77CFD0F20029003940C
:1049D00004954FF4A05005904FF4805006900521A7
:1049E00002A8FDF73FFA002801D0FBF76AFD13B0DB
:1049F00030BD0000403802400070004010B592B059
:104A0000302106A8FBF726FC142101A8FBF722FCA5
:104A10001D4800240460012101601C4804660460F4
:104A20001B48026822F080520260026842F0805205
:104A30000260006800F0805000901648026842F45E
:104A400080420260006800F48040009002200690DE
:104A5000099110200A900C9406A8FDF723FB08B1D9
:104A6000FBF72FFD0F200190029403944FF4805028
:104A700004900594002101A8FDF7F4F9002801D065
:104A8000FBF71FFD12B010BD400E47420000474229
:104A900040380240007000400248016841F4700153
:104AA0000160704788ED00E010B5064800790028E5
:104AB00002D00448FCF74AF8BDE810400248FEF76F
:104AC00006B80000280100201C0500202DE9F04157
:104AD0000268284D284E294FDFF8A4C0294B4FF01B
:104AE0008048A84209D0404507D0B04205D0B8421E
:104AF00003D0604501D0984203D122F070044A6887
:104B00002243A8421BD0404519D0B04217D0B8422A
:104B100015D0604513D0984211D01B4CA0420ED046
:104B20001A4CA0420BD01A4CA04208D0194CA042FB
:104B300005D0194CA04202D0184CA04203D122F457
:104B40004074CA6822434C6922F0800222438C6878
:104B5000C4620C688462A84201D0984201D10969FC
:104B60000163016841F004010160012141610260BB
:104B7000BDE8F08100000140000400400008004052
:104B8000000C00400004014000400140004401408E
:104B90000048014000180040001C00400020004078
:104BA00010B501F01F0101238B40046A9C4304628D
:104BB000036A8A401343036210BD10B5846824F46D
:104BC0007F4442EA03220A432243826010BD826886
:104BD00022F070020A4342F0070181607047000032
:104BE000F0B5056A026A22F0010202624368826936
:104BF00022F0700222F003020C68144325F0020533
:104C00008A682A430E4E0F4FB04201D0B84205D1F8
:104C100022F00805CA682A4322F00402B04201D0FB
:104C2000B84207D123F4807323F400734D691D4308
:104C30008B692B4343608461496841630262F0BD24
:104C40000000014000040140F0B5026A036A23F04D
:104C5000100303624368846924F4E04424F440743C
:104C60000D6844EA052422F020028D6842EA05120C
:104C7000104D114EA84201D0B04206D122F0800260
:104C8000CF6842EA071222F04002A84201D0B042A7
:104C900009D123F4806323F400634D6943EA85035B
:104CA0008D6943EA850343608461496881630262D8
:104CB000F0BD00000000014000040140F0B5026AB0
:104CC000036A23F4807303624368C46924F07004A8
:104CD00024F003050C682C4322F400728D6842EA2C
:104CE0000522104D104EA84201D0B04206D122F448
:104CF0000062CF6842EA072222F48062A84201D013
:104D0000B04209D123F4805323F400534D6943EAA0
:104D100005138D6943EA05134360C4614968C163A3
:104D20000262F0BD000001400004014030B5036A9A
:104D3000026A22F4805202624268C46924F4E044A8
:104D400024F440740D6844EA052423F400538D686C
:104D500043EA0533084DA84202D0084DA84204D1C9
:104D600022F480424D6942EA85124260C46149687A
:104D70000164036230BD00000000014000040140F6
:104D800010B5036A046A24F001040462846924F003
:104D9000F00444EA021423F00A020A438461026226
:104DA00010BD000070B5056A046A24F001040462B5
:104DB0008469154EB04214D0B0F1804F11D0134E1B
:104DC000B0420ED0124EB0420BD0124EB04208D0BC
:104DD000114EB04205D0114EB04202D0104EB0423A
:104DE00003D124F00304144301E044F0010424F04F
:104DF000F0041A0744EA126225F00A0301F00A01DE
:104E000019438261016270BD00000140000400404E
:104E100000080040000C0040000401400040014038
:104E20000018004010B5036A046A24F010040462FC
:104E3000846924F4704444EA023223F0A00343EA74
:104E400001118261016210BD30B5056A046A24F067
:104E500010040462846924F4407444EA022222F4B7
:104E600070444FF6FF7202EA0332224325F0A0039A
:104E7000A02404EA011119438261016230BD30B5FA
:104E8000056A046A24F480740462C46924F003048B
:104E9000144324F0F0041A0744EA126225F4206354
:104EA0004FF4206404EA01211943C261016230BD5C
:104EB00030B5056A046A24F480540462C46924F499
:104EC000407444EA022222F470444FF6FF7202EA70
:104ED0000332224325F420434FF4204404EA0131F5
:104EE0001943C261016230BD01680C3151E8002FE5
:104EF00022F4907241E80023002BF5D101681431AF
:104F000051E8002F22F0010241E80023002BF5D1E7
:104F1000016B012909D101680C3151E8002F22F001
:104F2000100241E80023002BF5D1202180F8421027
:104F300000210163704700002DE9F041044620681C
:104F40000169E26821F4405111430161A1682069BF
:104F5000E26901436069104301432068C26849F275
:104F60000C639A430A43C26020684169A26921F434
:104F700040711143416133492068884202D032496F
:104F8000884202D1FDF748F801E0FDF735F8E16904
:104F90000023192764253226B1F5004F28D0616817
:104FA0008B0F8A00A0FB0701FBF70AF90146B0FB53
:104FB000F5F07A42504301EB800006EB0010B0FBA5
:104FC000F5F000F0F002B1FBF5F002EB0012B1FBDE
:104FD000F5F07B42584301EB800006EB0010B0FB7C
:104FE000F5F0216800F00F0010448860BDE8F08102
:104FF00061684A18A0FB07015B41FBF7E1F8014635
:10500000B0FBF5F00201B1FBF5F06FF01803584367
:1050100001EB800006EBC000B0FBF5F000F0F800FB
:1050200002EB4002B1FBF5F0584301EB800006EBC8
:10503000C000B0FBF5F0216800F007001044886064
:10504000D4E7000000100140001401402DE9F843AE
:1050500004460D4617469846089E25E0701C23D04E
:10506000FCF76EF8A0EB0800B0421BD8D6B1206860
:10507000C168490718D5802D16D0402D14D001687D
:10508000C943090710D400252168096840680090C9
:105090002046FFF729FF0820606484F84050012073
:1050A000BDE8F8830320FBE72068006835EA0000CC
:1050B00004D00020B842D1D00020F1E70120F9E768
:1050C00070B504460D46204600F0E6F8A0F57F4294
:1050D000FF3A07D000F00F0204EB820245F40041D2
:1050E000C2F88413C0B270BD7FB51E4601250024EE
:1050F000CDE90051CDE9022402232A46314600F0D1
:1051000011FE04B0002070BD7FB50C4608991E4604
:1051100090F81D53002D00D00021CDE9022101257A
:10512000CDE9005402230022314600F0FBFD04B01B
:10513000002070BD10B500F027FD002010BD827862
:10514000012A07D102220274012242740022428203
:105150008182C2820022114600F010B87FB51E463F
:1051600000240125CDE90051CDE9022423462A4639
:10517000314600F0D7FD04B0002070BD70B5044684
:105180000120A3780125012B0BD0022B08D120464A
:1051900000F030F958B1032809D0022800D1A570D9
:1051A00070BDA160A28125760221A17070BDA5709D
:1051B0000021217670BD7FB50C4608991E4690F8F7
:1051C0001D53002D00D00021CDE902210125CDE99C
:1051D000005400231A46314600F0A4FD04B000201C
:1051E00070BD7FB5154600230824CDE90031CDE917
:1051F00002431A46294600F095FD04B0002070BD18
:10520000FBF74ABD70B50546002005F54E7517E061
:1052100000EB800404EBC00405EB44040A34667917
:105220008E4201D0FF2909D1A679964201D0FF2AEA
:1052300004D1E4799C4206D0FF2B04D0401CC0B2BC
:105240000228E5D3FF2070BD102907D200EB8100B2
:10525000B0F88413C1F30E01C0F884130020704726
:1052600030B40C4602998578012D10D144F08004A9
:1052700004740624447442820324B4EB122F03D135
:1052800040F20942828201E000228282C1820A4603
:1052900030BC1946FFF772BF0146002001EB8002C7
:1052A000B2F88423120405D5401CC0B21028F5D3EF
:1052B0004FF6FF7070470A8803781A440A80017815
:1052C00008447047F8B506460C4606F11C05B4F5CF
:1052D000807F0AD90DA003F025F90E4803F022F9CA
:1052E0000DA003F01FF90320F8BD2B464FF4007208
:1052F000002130460094FFF7B3FF0028F4D1224686
:1053000029463046BDE8F84001F002BE4552524FF2
:10531000523A200068EA00080A000000F8B5054685
:105320000C46B4F5007F0AD90EA003F0FBF80F4835
:1053300003F0F8F80EA003F0F5F80320F8BD05F52A
:105340008E731E464FF48072002128460094FFF7AA
:1053500087FF0028F2D1224631462846BDE8F840B2
:1053600001F06FBE4552524F523A2000E0E900086A
:105370000A000000F8B516461C46B4F5007F0CD8AC
:105380005EB141F4407200F58E731F460021009417
:10539000FFF766FF05465DB10FE009A003F0C2F814
:1053A000094803F0BFF809A003F0BCF80320F8BDDA
:1053B00022463146384601F00FFF2846F8BD00006E
:1053C0004552524F523A200024EA00080A000000D9
:1053D00001460020002906D0012905D0022905D068
:1053E000032905D002207047022070470120704732
:1053F000022070472DE9F84F04460125207E012147
:105400000B2609274FF007084FF005094FF00D0A4A
:105410000C280FD2DFE800F0D6060F303C4D5A744E
:105420008093A0B3627904F110012046FFF7D9FE02
:1054300002202076C6E06179204600F0F8FB0128C2
:1054400004D0042816D0022814D0BBE0207C00F041
:105450008000E18A39B1802802D084F81890B1E048
:1054600003202076AEE0802802D084F81880A9E0DE
:105470002776A7E02676A5E0D4F8C403E081237957
:10548000A2892046A168FFF769FE0420207699E0F2
:105490002179204600F0CBFB012804D0052804D058
:1054A000042804D08EE027768CE003258AE0267657
:1054B00088E000916379A2892046A168FFF77BFE0E
:1054C000D4F8C403E081062020767BE06179204691
:1054D00000F0ADFB012806D0052807D0022809D02E
:1054E00004280AD06EE084F818806BE00C20207647
:1054F000032567E084F8189064E02676022561E0D1
:105500000022237911462046FFF728FED4F8C40371
:10551000E0810820207655E02179204600F087FBC5
:10552000012804D0042806D0052806D04AE084F8D3
:1055300018A0002546E0267644E0032542E00091CD
:105540000022637911462046FFF735FED4F8C403E4
:10555000E0810A20207635E06179204600F067FB83
:10556000012804D0022806D0042806D02AE000250D
:1055700084F818A026E0277624E0267622E0607ED4
:10558000401CC0B26076022802D82176A17019E0D2
:10559000D4F8D423062120469047002565760BA039
:1055A00002F0C0FF0BA002F0BDFF14A002F0BAFF92
:1055B00061792046FFF748FE21792046FFF744FE37
:1055C000257002252846BDE8F88F00004552524F4D
:1055D000523A2000436F6E74726F6C206572726F66
:1055E000723A20446576696365206E6F7420726537
:1055F00073706F6E64696E67000000000A0000003F
:105600002DE9FE4304460126607800250D274FF062
:10561000010904F58E7808280CD2DFE800F0044E6A
:105620008DD0F7F6F5F408212046FFF777FE10B18C
:1056300003281FD096E194F82D03A07184F80190FF
:1056400094F81D13CDE90015029094F81C332179CC
:105650008022204601F051FCA07994F81D13CDE979
:105660000015029094F81C3361790022204601F065
:1056700044FC77E1BDA002F055FFBEA002F052FF4E
:10568000C9A002F04FFF94F81E03401CC0B284F87A
:105690001E03032807D9C5A002F044FFC2A002F0F0
:1056A00041FF27705EE161792046FFF7CDFD21794A
:1056B0002046FFF7C9FD257054E112212046FFF76F
:1056C0002DFE10B1032813D04CE1B4F83013C7A05D
:1056D00002F028FFB4A002F025FFB4F82E13C6A0F4
:1056E00002F020FFB0A002F01DFF0220607039E13F
:1056F0009EA002F017FFC3A002F014FFAAA002F0C0
:1057000011FF94F81E03401CC0B284F81E03032846
:1057100007D9A6A002F006FFA3A002F003FF27709E
:1057200020E161792046FFF78FFD21792046FFF7C0
:105730008BFD6570257015E10121204602F0AEF861
:1057400010B1032829D00DE10220FFF759FD494689
:1057500084F81C93BAA002F0E5FE93A002F0E2FEEA
:1057600003206070A07994F81D13CDE90015029014
:1057700094F81C3321798022204601F0BEFBA079E9
:1057800094F81D13CDE90015029094F81C3361794B
:105790000022204601F0B1FBE4E074A002F0C2FE5A
:1057A000ADA002F0BFFE80A002F0BCFE7FA002F020
:1057B000B9FE7DA002F0B6FE27706570D2E0092127
:1057C0002046FFF77FFD10B1032803D0CAE0042074
:1057D0006070C7E065A002F0A5FEAC4802F0A2FE32
:1057E00071A002F09FFE94F81E03401CC0B284F822
:1057F0001E0303280BD96DA002F094FE6AA002F0EC
:1058000091FE2770AEE089E062E03BE00AE061795A
:105810002046FFF719FD21792046FFF715FD657039
:1058200025709FE0B4F83A132046FFF74BFD10B106
:10583000032803D096E00520607093E04BA002F0AF
:1058400071FE924802F06EFE57A002F06BFE94F8D3
:105850001E03401CC0B284F81E03032807D953A0BE
:1058600002F060FE50A002F05DFE27707AE06179E0
:105870002046FFF7E9FC21792046FFF7E5FC65703B
:1058800025706FE094F834130625C9B1FF23424612
:105890002046FFF76FFD10B1032809D062E04146B2
:1058A0007BA002F03FFE40A002F03CFE657059E094
:1058B0007CA002F037FE3CA002F034FE657051E09F
:1058C00078A002F02FFE38A002F02CFE657049E0AF
:1058D00094F835130725C9B1FF2342462046FFF748
:1058E00049FD10B1032809D03CE0414672A002F006
:1058F00019FE2DA002F016FE657033E072A002F0D2
:1059000011FE29A002F00EFE65702BE06EA002F0E1
:1059100009FE25A002F006FE657023E094F8361318
:10592000C9B1FF2342462046FFF724FD10B10328EA
:1059300009D017E0414668A002F0F4FD1AA002F079
:10594000F1FD00260EE069A002F0ECFD16A002F0C9
:10595000E9FD002606E065A002F0E4FD12A002F0D9
:10596000E1FD00263046BDE8FE8300004552524F5F
:10597000523A2000436F6E74726F6C206572726FC2
:10598000723A2047657420446576696365204465F2
:105990007363726970746F72207265717565737468
:1059A000206661696C6564000A000000436F6E74D4
:1059B000726F6C206572726F722C20446576696319
:1059C00065206E6F7420526573706F6E64696E67C8
:1059D00020506C6561736520756E706C75672074FE
:1059E0006865204465766963652E00005049443A35
:1059F00020257868000000005649443A2025786840
:105A000000000000436F6E74726F6C206572726FDD
:105A1000723A204765742046756C6C20446576693F
:105A200063652044657363726970746F7220726578
:105A30007175657374206661696C656400000000AF
:105A4000416464726573732028232564292061737F
:105A50007369676E65642E00436F6E74726F6C209D
:105A60006572726F723A204465766963652053658A
:105A70007420416464726573732072657175657317
:105A800074206661696C6564000000009CE9000890
:105A90004D616E756661637475726572203A20257A
:105AA000730000004D616E75666163747572657296
:105AB000203A204E2F41000050726F6475637420AD
:105AC0003A2025730000000050726F6475637420E3
:105AD0003A204E2F4100000053657269616C204EE0
:105AE000756D626572203A202573000053657269F6
:105AF000616C204E756D626572203A204E2F410018
:105B000001780B2905D1D0F87C13002901D08969CF
:105B10000847704770B504460E46002C19D084F82B
:105B2000CC230025C4F87C53C4F880532046FAF7F0
:105B30008BFC84F8235384F8205384F8215384F891
:105B400022530EB1C4F8D463204600F07BF8002045
:105B500070BD05A002F0E6FC05A002F0E3FC09A080
:105B600002F0E0FC022070BD4552524F523A200034
:105B7000496E76616C696420486F73742068616E49
:105B8000646C65000A0000000020704700F5487052
:105B9000012101700021417081700020704710B513
:105BA0000446012084F82103002084F8200384F8AF
:105BB0002303204600F0ADF821792046FFF744FB8F
:105BC00061792046FFF740FB002010BD10B590F82A
:105BD000CC03012802D10846FEF7B6FAC820FBF72D
:105BE0005BF8002010BDD0F8D003FBF7D0BA10B599
:105BF0000124D0F8D003FBF7B4FA20B1012805D076
:105C0000022803D101E0002400E00224204610BD58
:105C1000D0F8D003C1EB011100EB8100C17D002958
:105C200002D090F83C00704790F83D007047D0F8E3
:105C3000D003FBF7A5BAD0F8C413491CC0F8C413AD
:105C4000FFF75EBF10B5044694F8CC0301281CD1C1
:105C50000F48C0F8DC43C4F8D0034FF0A041016006
:105C6000082141710121C17100218171022242721A
:105C70008172FBF7FAFB08B1FAF723FC0448FBF743
:105C80006DFA0146204600F028F8002010BD000003
:105C90003C090020FEB5DDE908650A9CCDE90065F8
:105CA0000294D0F8D003FBF778FABDE8FE40FFF786
:105CB0008FBB002180F82313012180F82113704746
:105CC000012180F82313704710B5D0F8D003FBF7FB
:105CD00059FCBDE81040FFF77BBBC0F8C413704708
:105CE000D0F8D003C1EB011100EB8100C17D002988
:105CF00002D080F83C2001E080F83D200020704771
:105D000010B5D0F8D003FBF744FCBDE81040FFF716
:105D10005FBB10B5D0F8D003FBF751FCBDE81040D5
:105D2000FFF756BB2DE9FF41DDE90B760A9D0D9C7F
:105D3000CDE9017600950394D0F8D003FBF779FA0A
:105D400004B0BDE8F041FFF743BB03460220D3F89F
:105D50007C13C969002A05D0012A07D18979184620
:105D6000FFF7EDB9C9791846FFF7E9B970470000A8
:105D7000D0F87C03C0690549503041600449816016
:105D8000012101708170002070470000555342438B
:105D9000504030202DE9F84F06460125D6F87C0307
:105DA000C4690727A84694F850004FF00B0B4FF03A
:105DB0000A094FF0090A0C2815D2DFE800F0FB06AB
:105DC0001537426875A3AEC6D4F384F8611002207B
:105DD00084F85000CDF8008063791F2204F154014B
:105DE0003046FFF791F9E5E061793046FFF71FFF94
:105DF000012804D0022813D0052814D0DAE0E06D81
:105E000058B194F86000000603D5032084F85000D0
:105E1000D0E0052084F85000CCE084F85070C9E050
:105E200084F85080C6E084F85090C3E023796289FA
:105E30003046D4F88C10FFF757F9042084F850004E
:105E4000B8E021793046FFF7F2FE012802D005289C
:105E50001AD0AFE06289E06D904207D9D4F88C1077
:105E60001144C4F88C10801AE06501E00020E06560
:105E7000E06D30B123793046D4F88C10FFF734F957
:105E800098E084F8507095E084F850A092E0CDF846
:105E90000080637922893046D4F88C10FFF734F9FA
:105EA000062084F8500085E061793046FFF7BFFE98
:105EB000012804D002281ED0052820D07AE02289AB
:105EC000E06D904207D9D4F88C101144C4F88C10BE
:105ED000801AE06501E00020E065E06D40B1CDF89A
:105EE000008063793046D4F88C10FFF70DF961E03B
:105EF00084F850705EE0052084F850005AE084F881
:105F0000509057E023790D2204F178013046FFF7D5
:105F1000EBF8082084F850004CE021793046FFF778
:105F200086FE012802D005280CD043E084F850807A
:105F300084F85280304600F0ABF808B1022539E011
:105F4000002537E084F850A034E000223046FFF707
:105F5000FCFE10B1042803D02CE084F8507029E036
:105F600084F850B026E001223046FFF7EEFE10B173
:105F7000042814D01EE061793046FFF749FEC0F1D5
:105F80000100C2B261793046FFF7AAFE21790022F2
:105F90003046FFF7A5FE84F850A00BE002E084F83D
:105FA00050B007E0304600F013F80546280001D154
:105FB00084F850802846BDE8F88FA1220274FE22A2
:105FC00042740022428282820122C282FFF7D6B846
:105FD00021210174FF214174002141828182C1820B
:105FE00000221146FFF7CAB870B50246D2F87C030A
:105FF000C4690125A07B002804D0022802D0032810
:1060000033D12BE021461046FFF7D7FF0546002687
:10601000032D01D126700025FDB92078022801D971
:10602000022000E0401CC1B2217011A002F07AFAF7
:1060300016A002F077FA002102200BE001EB8102AA
:1060400002EBC10204EB820282F8920082F8C16086
:10605000491CC9B222788A42F0D806E000211046D5
:10606000FFF76DF808B9E07BA073284670BD00000B
:106070004E756D626572206F6620737570706F72F9
:10608000746564204C554E3A202564000A000000D7
:1060900070B5D0F87C13CC6901252179FFF7A3FDF9
:1060A0000D2801D0022514E00B49A06F88420FD1C2
:1060B000A16DE06F88420CD194F8840020B10128D2
:1060C00007D0022802D004E0002502E0022500E00B
:1060D0000225284670BD00005553425310B50346B3
:1060E0001446D3F87C03C069A0F8F8101A780B2A7C
:1060F00001D0022010BD01EB810202EBC10100EBD7
:106100008101903134222046FAF78BF8002010BD2F
:1061100070B50546D5F87C03C4690026617900296D
:1061200007D02846FFF706F861792846FFF78CF874
:106130006671217939B12846FEF7FCFF217928469E
:10614000FFF782F82671D5F87C03C06920B106F00C
:10615000EBFAD5F87C03C661002070BDFEB505469C
:106160005023D5F87C03062201792846FFF74AF828
:106170000646FF2E01D0022E0DD347A002F0D2F921
:10618000D5F87C03016847A002F0CCF94FA002F0DB
:10619000C9F90220FEBD3146284601F005FB08B1D1
:1061A0000220FEBD4FF48277384606F0BDFFD5F8D9
:1061B0007C13C8610446200011D03946FAF74AF82A
:1061C00006EB860000EBC60005EB400090F84E138E
:1061D0000A060FD5E171B0F8501361810EE02EA0D0
:1061E00002F0A0F93AA002F09DF938A002F09AF965
:1061F0000220FEBDA171B0F85013218190F8561312
:106200000A0604D5E171B0F85803608103E0A1717A
:10621000B0F858032081002020736073A073A17927
:106220002846FEF74DFF6071E1792846FEF748FFEA
:1062300020712846FFF79CFDA27942B3208930B334
:1062400095F81D130226CDE90016029095F81C332F
:106250006179284600F051FEE279D2B16089C0B17F
:1062600095F81D13CDE90016029095F81C3321799D
:10627000284600F042FE217900222846FFF730FD33
:10628000617900222846FFF72BFD0020FEBD032088
:10629000FEBD0320FEBD00004445425547203A2084
:1062A0000000000043616E6E6F742046696E6420CA
:1062B00074686520696E7465726661636520666FD7
:1062C0007220257320636C6173732E000A00000036
:1062D00043616E6E6F7420616C6C6F6361746520D6
:1062E0006D656D6F727920666F72204D5343204843
:1062F000616E646C650000002DE9F05F0546D5F81D
:106300007C03C4694FF0010B0027207B4FF001088C
:10631000002804D001287CD00A283AD1CDE2B4F874
:10632000F8002178884275D200EB800101EBC000B3
:1063300004EB800080F89180B4F8F810022601EB9D
:10634000810000EBC10004EB80024FF0080992F8D5
:1063500090004FF0050A09281BD2DFE800F0051A6B
:1063600081F91BF81A1AF700FCA002F0DBF8FEA076
:1063700002F0D8F8B4F8F800042100EB800202EB38
:10638000C00004EB800080F89010D5F8C403C4F876
:106390000001B9E29F32C9B2284600F0A4FB20B147
:1063A00002283DD0042846D0AEE2B4F8F80000EB55
:1063B000800101EBC00004EB8001A231EBA002F0F0
:1063C000B1F8E9A002F0AEF8B4F8F80000EB8001F3
:1063D00001EBC00004EB8001AB31EAA002F0A2F8AF
:1063E000E1A002F09FF8B4F8F80000EB800101EBA7
:1063F000C00004EB8001BC31E8A002F093F8DAA001
:1064000002F090F8B4F8F80000EB800101EBC00056
:1064100001E077E24CE204EB800080F8906073E2E8
:10642000B4F8F80000EB800101EBC00004EB800041
:1064300080F890A068E2B4F8F80000EB800101EB6E
:10644000C00004EB800080F89090B4F8F80000EBF6
:10645000800101EBC00004EB800080F8916053E202
:10646000C9B2284600F08AFC20B1022838D004289E
:1064700070D049E2B4F8F80000EB800101EBC000F5
:1064800004EB800090F8921041B180F8C180C9A05F
:1064900002F048F8B4A002F045F801E080F8C170BD
:1064A000B4F8F800032100EB800202EBC00004EB1B
:1064B000800080F89010B4F8F80000EB800101EB48
:1064C000C00004EB800080F89170B4F8F80000EB95
:1064D000800101EBC00004EB800080F8927013E2B1
:1064E000B4F8F80000EB800101EBC00004EB800081
:1064F00090F89210022908D080F8C180B2A002F072
:1065000011F899A002F00EF801E080F8C170B4F81B
:10651000F80000EB800101EBC00004EB800080F884
:1065200090A0B4F8F80000EB800101EBC00004EB90
:10653000800080F89180B4F8F80000EB800101EB56
:10654000C00004EB800080F89260DDE1ACE190E0F7
:1065500015E0FFE7B4F8F80000EB800101EBC000A4
:1065600004EB800080F89090B4F8F80000EB800114
:1065700001EBC00004EB800080F89160C4E194322C
:10658000C9B2284600F059FB20B1022851D0042896
:106590005AD0B9E1B4F8F80000EB800101EBC0007B
:1065A00004EB800090F8C110012929D150F8941F04
:1065B000808841438AA001F0B5FF6BA001F0B2FFD3
:1065C000B4F8F80000EB800101EBC00004EB8000A0
:1065D000D0F894108AA001F0A5FF63A001F0A2FFFB
:1065E000B4F8F80000EB800101EBC00004EB800080
:1065F000B0F8981087A001F095FF5BA001F092FF22
:10660000B4F8F80000EB800101EBC00004EB80005F
:1066100080F89080B4F8F80000EB800101EBC00036
:1066200004EB800080F8917034F8F80F401C208053
:106630006AE1B4F8F80000EB800101EBC00004EB64
:10664000800080F890A05FE1B4F8F80000EB8001D2
:1066500001EBC00004EB800080F89090B4F8F800E3
:1066600000EB800101EBC00004EB800080F891603A
:106670004AE19C32C9B2284600F022FB20B1022830
:1066800051D0042868D03FE1B4F8F80000EB800155
:1066900001EBC00004EB800090F89C10062901D0AB
:1066A00002290BD1D5F8C423D4F80031D21A42F212
:1066B00010739A4202D280F8906025E15AA001F04E
:1066C00031FF29A001F02EFFB4F8F80000EB8001A3
:1066D00001EBC00004EB800090F89D1056A001F083
:1066E00021FF21A001F01EFFB4F8F80000EB8001AB
:1066F00001EBC00004EB800090F89E1055A001F063
:1067000011FF19A001F00EFFB4F8F80000EB8001B2
:1067100001EBC00004EB800080F8908034F8F80FA3
:10672000401C2080F0E028A001F0FCFE0EA001F04B
:10673000F9FEB4F8F80000EB800101EBC00004EBB7
:10674000800080F89090B4F8F80000EB800101EB35
:10675000C00004EB80008FE091E000004C554E201B
:106760002325643A200000000A000000496E71757C
:106770006972792056656E646F7220203A20257305
:1067800000000000496E71756972792050726F6463
:10679000756374203A20257300000000496E7175FE
:1067A0006972792056657273696F6E203A2025737D
:1067B000000000004D5343204465766963652072F4
:1067C00065616479000000004D534320446576699B
:1067D0006365204E4F5420726561647900000000AB
:1067E0004D5343204465766963652063617061633E
:1067F000697479203A202575204279746573000008
:10680000426C6F636B206E756D626572203A202555
:1068100075000000426C6F636B2053697A6520201D
:10682000203A20257500000053656E7365204B6586
:106830007920203A202578004164646974696F6E7C
:10684000616C2053656E736520436F6465203A2048
:10685000257800004164646974696F6E616C20532F
:10686000656E736520436F6465205175616C696660
:106870006965723A2025780080F8916044E0B4F8A8
:10688000F80000EB800101EBC00004EB800080F811
:106890009090B4F8F80000EB800101EBC00004EB2D
:1068A000800080F891602FE0491CA4F8F8102BE0DC
:1068B000A4F8F8700A20207326E0B4F8FA002178D2
:1068C00088421AD2A4F8F80000EB800101EBC00066
:1068D00004EB800090F8910048B1D5F8D42306214C
:1068E0002846904734F8FA0F401C20800CE0D5F879
:1068F000D423022128469047F4E7A4F8FA7084F8DC
:106900000C8001E04FF0000B5846BDE8F09F0000FE
:106910002DE9F843D0F87C23D269012501EB8103EE
:1069200003EBC10302EB8304012694F890200827AF
:10693000052A33D000234FF00508062A02D0072A83
:106940005BD115E0009300231A4600F030F920B126
:10695000022806D0042807D04FE084F89060002574
:106960004BE084F8908048E084F89070022544E081
:10697000009300231A4600F026FA20B1022806D020
:10698000042807D039E084F89060002535E084F8C9
:10699000908032E084F8907002252EE004F19C0291
:1069A00000F08EF920B102281DD0042822D024E066
:1069B000903413A0217B01F0B5FD15A001F0B2FDCC
:1069C000617B14A001F0AEFD11A001F0ABFDA17B35
:1069D00017A001F0A7FD0EA001F0A4FD2670022073
:1069E0006070022509E01BA001F09CFD08A001F0E9
:1069F00099FD02E084F8907002252846BDE8F883EE
:106A000053656E7365204B657920203A2025780008
:106A10000A0000004164646974696F6E616C205300
:106A2000656E736520436F6465203A202578000009
:106A30004164646974696F6E616C2053656E73653F
:106A400020436F6465205175616C69666965723AAF
:106A5000202578004D534320446576696365204EB8
:106A60004F5420726561647900000000F8B5044657
:106A7000069D0E46D4F87C03C069A0F8F86094F82F
:106A8000231300290CD021780B2909D106EB8601AC
:106A900001EBC60100EB810090F89010012901D0B4
:106AA0000220F8BD062180F890103146204600955E
:106AB00000F07DF8D4F8C47340F27120454308E03B
:106AC000D4F8C403C01BB0EB051F0AD894F8230305
:106AD00038B131462046FFF71BFF0128F0D00020D7
:106AE000F8BD0220F8BD2DE9F04103461546022607
:106AF000D3F87C03C46900274FF0010894F85200D2
:106B0000012802D002284FD11EE024205334C4F8BB
:106B10000900802262730A22E2732761676127837A
:106B20001222227449016174A774E7742075677595
:106B300004F8038C022004F8010C533C04F110000B
:106B4000C4F88C0001262FE01846FFF723F906460B
:106B5000300029D122212846F9F77CFB54F88C0F0C
:106B6000007800F01F0068702068007840092870E5
:106B700054F88C094078000602D585F8028000E0C0
:106B8000AF7054F88C0F8168C5F80310C068C5F861
:106B9000070021681022103105F10C00F9F741FBC4
:106BA0002068006AC5F81D003046BDE8F0817FB559
:106BB00005461E460220D5F87C23D46994F852205D
:106BC000012A07D0022A36D104B02846BDE8704019
:106BD000FFF7E0B801EB810000EBC10004EB80009F
:106BE0000899B0F898004843E065802084F8600078
:106BF0000A2084F86200102104F16300F9F72AFBEF
:106C000028205034E0749DF80B0060759DF80A0050
:106C1000A0759DF80900E0759DF8080020769DF8A4
:106C20002100A0769DF82000E0760120207002204F
:106C3000A070E663012004B070BD70B5034616462F
:106C40000125D3F87C03C46994F85200012802D0CE
:106C5000022833D119E00820E065802084F8600024
:106C60000A2084F86200102104F16300F9F7F2FAB7
:106C700025205034E074012020700220A070503C88
:106C800004F11000C4F88C0018E01846FFF782F8F1
:106C90000546280012D154F88C0FC178827841EA59
:106CA000022142780078120442EA00600143316018
:106CB0002068C179807941EA0020B080284670BD03
:106CC00070B503460E4615460220D3F87C13CC69F6
:106CD00094F85220012A1DD0022A1AD131461846B2
:106CE000FFF758F8002814D154F88C1F897801F068
:106CF0000F0129702168097B69702268527BAA7094
:106D00003A2906D114A001F00DFC1BA001F00AFCE9
:106D1000042070BD0E25E565802084F860000A20FF
:106D200084F86200102104F16300F9F793FA03205C
:106D30005034E0747001207500206075A075E57511
:106D40002076012020700220A070503C04F1100039
:106D5000C4F88C00012070BD4D5343204465766912
:106D60006365204D454449554D206E6F7420707207
:106D70006573656E740000000A00000070B503467C
:106D80000220D3F87C23D46994F85220012A06D03B
:106D9000022A17D1BDE870401846FEF7FBBF002558
:106DA000E56584F860500A2084F86200102104F13F
:106DB0006300F9F74FFA5034E57401202070022087
:106DC000A070012070BD7FB505461E460220D5F893
:106DD0007C23D46994F85220012A07D0022A36D1A4
:106DE00004B02846BDE87040FEF7D4BF01EB810037
:106DF00000EBC10004EB80000899B0F8980048430C
:106E0000E065002084F860000A2084F86200102108
:106E100004F16300F9F71EFA2A205034E0749DF85B
:106E20000B0060759DF80A00A0759DF80900E075DB
:106E30009DF8080020769DF82100A0769DF820009E
:106E4000E076012020700220A070E663012004B0EB
:106E500070BD00207047D0F87C23D269A2F8F810EA
:106E600000780B2808D101EB810000EBC10002EB98
:106E7000800090F8910008B1002070470120704711
:106E8000F8B50446069D0E46D4F87C03C069A0F808
:106E9000F86094F8231300290CD021780B2909D12C
:106EA00006EB860101EBC60100EB810090F8901023
:106EB000012901D00220F8BD072180F89010314649
:106EC00020460095FFF77FFFD4F8C47340F271208D
:106ED000454308E0D4F8C403C01BB0EB051F0AD833
:106EE00094F8230338B131462046FFF711FD0128FD
:106EF000F0D00020F8BD0220F8BDFEB5DDE9086540
:106F00000A9CCDE900650294FEF7C4FE0020FEBD98
:106F10002DE9F74F82B0029E06F54E764FF0000A3B
:106F2000D046002924D00C46214620784FF009098C
:106F3000092801D084F80090087830704878707083
:106F40008878CB7840EA0320FF2801D94FF480707D
:106F5000708008793071487970718879B071C8791A
:106F6000F071087A3072092A69D9CDF8049056E098
:106F7000022005B0BDE8F08F01A92046FEF79BF97D
:106F80000446607804284AD12078092801D084F882
:106F9000009008EB880000EBC80006EB400B0BF1FB
:106FA0000A072146384600F004F900251BE001A934
:106FB0002046FEF780F904466078052813D17879D9
:106FC000012804D1B87902281CD003281AD0072040
:106FD00020700BEBC50114312246029800F07DF8B9
:106FE00082466D1CEDB2022D07D23879A84204D931
:106FF0007088BDF804108842D9D83879A8420AD9D7
:107000000320B6E7F8790028E3D120780928E0D0FA
:1070100084F80090DDE708F1010808F0FF08B8F1F6
:10702000020F04D27088BDF804108842A4D83079C9
:10703000022800D30220404501D9032099E7504699
:1070400097E770B5054605F226300024002934D0B4
:107050000B7803704B7843708B78CE7843EA062325
:1070600043800B7903714B7943718B798371CB79B1
:10707000C37195F81D5308260DB3012D1FD0022DA5
:1070800027D00324082A16D90A7A4B7A42EA032227
:1070900002818A7ACB7A42EA032242810A7B4B7BC5
:1070A00042EA032282818A7B8273CA7BC2730A7C92
:1070B0000274497C4174204670BD022070BD082BCB
:1070C000E0D0102BDED0202BDCD0402BDAD0C671E4
:1070D000D8E7082BD6D0C671D4E7F0B50546002016
:1070E00013780B7053784B7093788B70D478CC7086
:1070F0001379567943EA06238B8092798A714FF48B
:1071000080667710002B03D0B34201D8BB4200D970
:10711000032095F81D1329B101291DD0022938D06B
:107120000320F0BD04F00301022908D0A5070AD00E
:1071300001290CD0E143890709D00320F0BDBB42EF
:10714000FCD90320F0BD402BFCD90320F0BD0AB1CF
:10715000102AFBD90320F0BD04F00301022908D056
:10716000A50706D0012908D0E14389070CD00320E8
:10717000F0BD402BFCD90320F0BD1AB1102A01D874
:10718000402BF9D90320F0BD0AB1B342FBD3032051
:10719000F0BDA10704D0E143890705D00320F0BD6D
:1071A000082BFCD00320F0BD0AB1082BFBD903202B
:1071B000F0BD0A7802704A7842708A788270CA7884
:1071C000C2700A7902714A7942718A798271CA79E8
:1071D000C271097A0172704710B54378032B11D13F
:1071E00003789C1E944200D89A1E93B2801C002201
:1071F00004E0845C01F8014B921C92B29A42F8D3ED
:107200000020087010BD00002DE9FF4104464FF03A
:107210000208CDF80C80002094F82113012901D137
:107220000321217021780D26082700250C291DD265
:10723000DFE801F0061D4AF31C7FF29EA7B7DCF1E0
:1072400094F82003002811D0BCA001F06BF9C1A074
:1072500001F068F901202070C820FDF7D1FF204619
:10726000FEF732FD84F81C53C4F8C8535BE194F870
:107270002303012814D0D4F8C803B0F57A7F1CD9B1
:1072800094F81F03401CC0B284F81F03032812D9CE
:10729000B1A001F047F9AFA001F044F9267042E136
:1072A000B8A001F03FF9ABA001F03CF984F81F53FE
:1072B00084F8008037E1257035E10A30C4F8C8034E
:1072C0000A20FDF79DFF2EE1D4F8D42312B104214A
:1072D000204690476420FDF793FF2046FEF787FC89
:1072E00084F81D030520207000212046FDF7E8FEEC
:1072F000607180212046FDF7E3FE2071A17994F8AA
:107300001D23CDE900250291014694F81C3380220B
:107310002046FFF7F2FDA07994F81D13CDE9001582
:10732000029094F81C33617900222046FFF7E5FDB6
:10733000F9E02046FEF764F903909DF80C00002860
:1073400094D197A001F0EEF882A001F0EBF884F858
:10735000245394F83703012802D007202070E2E07C
:1073600094A001F0DFF87BA001F0DCF82770DAE0F0
:10737000D4F8D423002A92D00121204690472770C8
:10738000D1E094F83D13204600F096FA002886D10B
:107390000920207091A001F0C5F86EA001F0C2F89C
:1073A000C1E094F83F034FF00A0580061CD5012187
:1073B000204600F08FFA03909DF80C0020B19DF854
:1073C0000C00032808D0AEE08BA001F0ABF861A060
:1073D00001F0A8F82570A6E08FA001F0A3F85DA049
:1073E00001F0A0F825709EE025709CE0D4F8801391
:1073F000A1B1C4F87C5394F8471304EB8002D2F88F
:10740000782312798A4210D104EB8000D0F87803F7
:10741000C4F87C030DE05FE036E064E089A001F091
:1074200081F84CA001F07EF87DE0401CC0B200283D
:10743000E3D0D4F87C03F8B181682046884750B186
:107440002670D4F87C03016886A001F06BF841A097
:1074500001F068F867E006202070D4F87C0301682A
:1074600088A001F05FF83BA001F05CF8D4F8D423C9
:1074700003212046904756E0267087A001F052F87D
:1074800034A001F04FF84EE0D4F87C03C8B1016994
:107490002046884703909DF80C0020B19DF80C0011
:1074A000022803D03FE00B2020703CE0267084A02F
:1074B00001F038F884A001F035F826A001F032F888
:1074C00031E026707EA001F02DF889A001F02AF8A5
:1074D00020A001F027F826E0D4F87C0318B3416916
:1074E000204688471FE084F821532046F8F7ACFF78
:1074F000D4F87C0320B1C16820468847C4F87C5387
:10750000D4F8D42312B10521204690477EA001F083
:1075100009F810A001F006F894F82203012806D01B
:107520002046FEF7EDFB04B00020BDE8F08184F8B2
:107530002253204600F0DCF9F5E7000055534220C5
:1075400044657669636520436F6E6E656374656438
:10755000000000000A000000555342205265736588
:1075600074204661696C65642C20506C656173659C
:1075700020756E706C756720746865204465766947
:1075800063652E0055534220446576696365205239
:107590006573657420436F6D706C6574656400007D
:1075A000456E756D65726174696F6E20646F6E658E
:1075B0002E00000054686973206465766963652055
:1075C000686173206F6E6C79203120636F6E66691D
:1075D0006775726174696F6E2E00000044656661A4
:1075E000756C7420636F6E66696775726174696F1C
:1075F0006E207365742E00004465766963652072A1
:10760000656D6F74652077616B65757020656E615F
:10761000626C65640000000052656D6F74652077D0
:10762000616B657570206E6F7420737570706F720A
:107630007465642062792074686520646576696386
:10764000650000004E6F20436C61737320686173A6
:10765000206265656E207265676973746572656422
:107660002E000000446576696365206E6F74207398
:107670007570706F7274696E6720257320636C611A
:1076800073732E00257320636C61737320737461B0
:10769000727465642E0000004E6F20726567697316
:1076A000746572656420636C61737320666F722009
:1076B00074686973206465766963652E0000000054
:1076C0004552524F523A2000446576696365206EF8
:1076D0006F7420726573706F6E64696E6720506C92
:1076E0006561736520556E706C75672E0000000033
:1076F000496E76616C696420436C617373204472D7
:10770000697665722E000000555342204465766903
:10771000636520646973636F6E6E6563746564008E
:1077200010B502460020002913D0D2F8803353B19F
:107730000DA000F0F7FE0EA000F0F4FE13A000F084
:10774000F1FE022010BD0123C2F88033C2F8781385
:1077500010BD05A000F0E6FE0DA000F0E3FE0BA0BA
:1077600000F0E0FE022010BD4552524F523A200078
:107770004D617820436C617373204E756D62657244
:107780002072656163686564000000000A00000003
:10779000496E76616C696420436C61737320686123
:1077A0006E646C650000000070B505460C4600264E
:1077B00095F83C03A04226D985F82443214618A019
:1077C00000F0B0FE1EA000F0ADFE04EB840000EB64
:1077D000C40005EB400404F247341AA0217800F0FD
:1077E000A1FE17A000F09EFE61781AA000F09AFE9C
:1077F00013A000F097FEA1781AA000F093FE10A04D
:1078000000F090FE09E01BA000F08CFE1BA000F031
:1078100089FE0BA000F086FE0226304670BD0000F7
:10782000537769746368696E6720746F20496E745A
:1078300065726661636520282325642900000000C5
:107840000A000000436C617373202020203A202539
:1078500078680000537562436C617373203A202589
:107860007868000050726F746F636F6C203A202547
:10787000786800004552524F523A200043616E6EC4
:107880006F742053656C6563742054686973204974
:107890006E746572666163652E0000008278012A4D
:1078A00006D1002202740523437441828282C2827F
:1078B00000221146FDF762BC8278012A06D100221F
:1078C00002740923437441828282C28200221146DB
:1078D000FDF754BC8278012A06D1002202740323EA
:1078E000437441828282C28200221146FDF746BC67
:1078F00010B504462046FEF703FA01212046FEF7A4
:1079000065F9002010BD0000012908D007480229B0
:1079100006D0042907D0052901D103210170704741
:107920000221017070470121017070470D00002095
:107930000020704730B58DB015460124002909D0CC
:10794000012909D0022912D003291CD004240DB02A
:10795000204630BD0024FAE701466A461048FEF78B
:10796000BDFB0028F3D1019828600024EFE7014611
:107970006A460B48FEF7B2FB0028E8D1BDF80800C4
:1079800028600024E3E701466A460548FEF7A6FBA7
:107990000028DCD1BDF80800400A28600024D6E7A2
:1079A0006405002030B58FB00546012400930B46D6
:1079B00029461048FFF75AF868B102AA29460D482F
:1079C000FEF78CFB9DF81500042806D0282804D06B
:1079D0003A280CD101E0002409E007A000F0A2FD44
:1079E00007A000F09FFD0CA000F09CFD03240FB049
:1079F000204630BD640500204552524F523A2000C7
:107A0000555342204469736B206973206E6F742054
:107A100072656164792100000A00000010B501243C
:107A200001460348FFF717FA00B10024204610BDB5
:107A30006405002030B58FB00546012400930B4645
:107A400029461748FFF71CFA78B102AA29461448BC
:107A5000FEF744FB9DF81500042813D0272806D014
:107A600028280FD03A2817D10CE0002414E00DA0EC
:107A700000F058FD0DA000F055FD14A000F052FDDF
:107A8000022409E007A000F04DFD11A000F04AFD1E
:107A90000EA000F047FD03240FB0204630BD0000CB
:107AA000640500204552524F523A2000555342205F
:107AB0004469736B20697320577269746520707212
:107AC0006F74656374656421000000000A000000A3
:107AD000555342204469736B206973206E6F742084
:107AE00072656164792100000FB410B504469DF8F9
:107AF000110001281CD0E06840F04000E060204602
:107B000000F036F89DF8151051B3A16B21F48031C7
:107B1000A1639DF80E10012907D1A16841F006016B
:107B2000A160A16841F02001A16010BC5DF814FBC8
:107B3000A06B20F48030A063E0680C490840E0604E
:107B4000E06820F44010E0609DF81800012803D19F
:107B5000E06840F48010E060204600F009F8D8E7C3
:107B6000A16B41F48031A163D3E70000BFFFBDFFEB
:107B700008B5002100914FF070620099491C0091F6
:107B80000099914201D9032008BD01690029F4DA66
:107B90000A21009102E00099491E009100990029F4
:107BA000F9D1016941F0010101610099491C00917D
:107BB0000099914201D9032008BD0169C907F4D198
:107BC000002008BD816821F001018160002070471C
:107BD00000EB411000F5A060044A0261016821F049
:107BE000804141F0004101600020704700000880A2
:107BF00008B5D0F840240092009A22F02E0200929C
:107C0000009AD20406D4012904D1009A42F4805289
:107C1000C0F84024009AD20405D521B9009921F476
:107C20008051C0F84014002008BD816841F0010176
:107C300081600020704708B5002300934FF0706208
:107C40000099491C00910099914201D9032008BD77
:107C500001690029F4DA0093102101610099491C9F
:107C600000910099914201D9032008BD0169C9061C
:107C7000F4D4002008BD18B5002400944FF07063C0
:107C8000009A521C0092009A9A4201D9032018BD12
:107C90000269002AF4DA0094202242EA811101618B
:107CA0000099491C00910099994201D9032018BDFF
:107CB00001698906F4D4002018BDD0F8080480B208
:107CC000704708B5D0F8400400900098C0F34140D8
:107CD00008BD406900F00100704738B500220092ED
:107CE00000EB4111D1F80025C2F38142D1F80035F3
:107CF000DB0FD1F80445E40F8568AD0605D524B93E
:107D0000DBB1012A19D0032A17D04FF47A73B2B12C
:107D1000022A14D0D1F8002542F08042C1F8002593
:107D2000D0F8100410F47F0F3BD0D1F8000540F0DC
:107D30000040C1F80005002038BD002038BDD1F852
:107D4000002542F08042C1F800258268920621D4C5
:107D5000C06A10F47F0F06D0D1F8000540F0004053
:107D6000C1F80005E7E7D1F8000520F00040C1F8B0
:107D70000005D1F8000540F00040C1F8000500986A
:107D8000401C009000989842D5D8D1F800050028F2
:107D9000F5DBD0E7D1F8000540F00040C1F8000560
:107DA000C9E7D1F8000520F00040C1F80005D1F87E
:107DB000000540F00040C1F800050098401C00900C
:107DC00000989842B7D8D1F800050028F5DBB2E753
:107DD0002DE9F0431F46DDE90859DDF81C80002637
:107DE00000EB4114731EC4F80835002D22D0012D7C
:107DF00045D0022D1ED0032D34D001260023C4F817
:107E00000435D4F80C3543F00203C4F80C35D0F82F
:107E1000183401F00F0C012101FA0CF10B43C0F8EA
:107E20001834816941F000718161110634D54FF435
:107E3000004132E040F29D43C4F80C35130606D5EC
:107E4000D4F80C3543F48073C4F80C35D6E7DFF86A
:107E5000A8C06045D2D1D4F80C3543F06003C4F813
:107E60000C35CBE740F29D63C4F80C351306C5D53D
:107E7000D4F80C3543F48073C4F80C35BEE740F2F7
:107E80002523C4F80C351306B8D5D4F80C3543F4C3
:107E9000C073C4F80C35B1E70021FFF712FFB8F149
:107EA000020F04D1022802D04FF4003000E000207D
:107EB0004FF0FE5303EA87534FF4F04707EAC2221C
:107EC00013434FF4402202EA85421343C9F30A02E6
:107ED00013430B43034343F48010C4F80005032D00
:107EE00001D0012D05D1D4F8000540F00050C4F8B0
:107EF00000053046BDE8F08300000440D0F81404CB
:107F000080B27047FCB54D784FF48077A04B984213
:107F100016D1012A02D00B797BB111E08C7C0CB117
:107F2000022C0DD18B795BB900EB4514D4F80C35DC
:107F300023F07003C4F80C3502E04B79012B10D00C
:107F40008B79012B12D00E6AB6B38C8A33195B1E63
:107F5000B3FBF4F39BB2BB423CD93B462402CC6159
:107F600038E02946FFF734FE0020FCBD0123CC7821
:107F700014B18C8ACC6134E08C7C012C02D0012AB3
:107F80001ED023E00C6ABC2C0DD98C8ACC610C620B
:107F9000CC68012C04D0022C02D00124CC6020E05B
:107FA0000224CC601DE0CC61CC68012C05D0022CF1
:107FB00003D00424CC6014E00BE00324CC6010E078
:107FC0008C8A0E6AA64201D9CC610AE00C6ACC61A7
:107FD00007E00123CC781CB18C8A5C43CC6100E0C3
:107FE000CE61CC696FF06046C4F3120406EAC34365
:107FF0001C438B7D4FF0C04606EA43731C4300EBE5
:108000004513C3F8104512B18C69C3F81445D0F874
:10801000084444F30004641CD3F8005525F00055CF
:10802000C3F80055D3F8005545EA4474C3F8004539
:108030008C790025012C0FD0C3F80455D3F80045E6
:108040000194019C24F080440194CC78F4B3019C09
:1080500044F40044019461E04E7C0C7C4FF00047F6
:1080600047EAC6163443C3F80445D3F80C4544F038
:108070006004C3F80C45CC79012C0DD1CC785CB9E7
:10808000D3F8044544F48034C3F80445D3F80C45D0
:1080900044F04004C3F80C458C7C012C01D0032C27
:1080A0000BD1CC79012C08D1CC78012C05D1D3F897
:1080B000044544F48034C3F804458C7C012CBDD1C4
:1080C000CC78002CBAD1CC68012C00E022E00CD096
:1080D000022C11D0032C16D0042CAFD1D3F80445B8
:1080E00044F44044C3F80445A8E7D3F8044544F4F5
:1080F0000044C3F80445A1E7D3F8044544F00E0456
:10810000C3F804459AE7D3F8044544F48044C3F81F
:10811000044593E7019C24F400440194019C44F03D
:1081200000440194019CC3F800450AB10020FCBD45
:10813000CA785ABB0B6A4BB3CA793ABB8A7C32B154
:10814000012A10D0022A02D0032A18D10BE0DB1C2E
:10815000C3F38F02C36A9BB2934210D2826942F08A
:10816000200282610BE0DB1CC3F38F02D0F81034D5
:108170009BB2934203D2826942F080628261009591
:108180000A8C93B24A78896900F056F90020FCBD48
:10819000000004400FB470B5044600250026C4F862
:1081A000006EA06B40F40010A063A06B20F40020D0
:1081B000A063A06B20F48020A063E068400611D487
:1081C0009DF81700012806D0D4F8000420F004011F
:1081D000C4F800140CE0D4F8000440F00401C4F822
:1081E000001405E0D4F8000420F00401C4F80014E1
:1081F00010212046FFF73FFD00B101252046FFF783
:108200001AFD00B101250020421E9DF8153006E040
:1082100004EB4011C1F80825C1F80C65401C8342ED
:10822000F6D8A66162611048844207D140156062A9
:108230000E48A0620E48C4F8000106E0802060628B
:108240000C48A0620C48C4F800019DF8160018B94B
:10825000A06940F01000A061A06908490843A0612E
:10826000284670BC5DF814FB0000044000020001C9
:108270000003E00080006000E0004000080020A350
:10828000D0F8002422F00302C0F80024D0F8002423
:1082900001F003031A43C0F80024012903D0022986
:1082A00006D0012070474BF68031C0F8041403E07B
:1082B00041F27071C0F804140020704700EB4110C7
:1082C000D0F80815D0F80C0508407047416980695E
:1082D0000840704730B503460846940802F0030191
:1082E000002203F5805303E01D6840F8045B521C34
:1082F000A242F9D300290BD000221C68D50024FA31
:1083000005F300F8013B521C491E89B20029F5D142
:1083100030BD38B5044604F58864206800900098A4
:1083200020F02E000090009840F4807020606420BF
:10833000F8F7B2FC009820F4807020600A20F8F76B
:10834000ABFC002038BD70B505460024E86820F07D
:10835000C040E860012902D089B1012070BDE86801
:1083600040F00050E8600A20F8F796FC0A342846EE
:10837000FFF7AFFC012810D0C82CF4D30DE0E8685B
:1083800040F08040E8600A20F8F786FC0A3428466E
:10839000FFF79FFC08B1C82CF5D3C82C01D00020F2
:1083A00070BD012070BD38B5044600250020009046
:1083B0002046FFF707FC10212046FFF75CFC00B1C8
:1083C00001252046FFF737FC00B10125002104EB11
:1083D0004110D0F8002542F0804222F0004222F401
:1083E0000042C0F80025491C0F29F0D900214FF4A4
:1083F0007A7304EB4112D2F8000540F0804040F05F
:10840000004020F40040C2F800050098401C009095
:108410000098984203D8D2F800050028F5DB491CE3
:108420000F29E6D94FF0FF30C4F8140460612046EC
:10843000FFF7FBFB284638BD10B5029C002C0DD180
:10844000DB1C9C08002300EB023000F5805003E0A9
:1084500051F8042B02605B1CA342F9D3002010BD2D
:10846000FEE70000F0B587B000262C4C206840F0F5
:1084700001002060206800F001000190284FA51441
:10848000002229463846F8F754FE02950120039051
:1084900002200490059602A93846F8F75BFD0022F9
:1084A00029463846F8F745FE642005F096F8012283
:1084B00029463846F8F73DFE642005F08EF8294637
:1084C0003846F8F7A9FC206820F0010020602068F9
:1084D00040F040002060206800F040000190A515A9
:1084E000002229463846F8F724FE4FF4967005F02E
:1084F00074F829463846F8F78FFC206820F04000D1
:108500002060201D016821F0800101604320F9F7FF
:1085100058FC4320F9F748FC07B0F0BD3038024062
:10852000000002400FB4054B10B503A9044A02989D
:1085300000F03CF810BC5DF814FB00000DC700080B
:10854000D40000200FB4084B10B504A902AA039868
:1085500000F02CF8044602A9002000F058FA20464A
:1085600010BC5DF814FB00000F8A00080907090E13
:10857000002804DB00F1E02080F80014704700F0D0
:108580000F0000F1E02080F8141D704702E008C8D9
:10859000121F08C1002AFAD170477047002001E07D
:1085A00001C1121F002AFBD1704700002DE9FF4FC7
:1085B0008DB00F460546002606E025280BD0DDE9E4
:1085C0000F1290476D1C761C28780028F5D111B049
:1085D0003046BDE8F08F0024A246A1460122EC49B6
:1085E00000E0044315F8013F203B02FA03F0084283
:1085F000F7D128782A2810D06FF02F022878A0F120
:108600003001092914D80AEB8A0102EB410144F038
:10861000020400EB010A6D1CF0E701CF5FEA000ADB
:1086200003D544F40054CAF1000A44F002046D1C5E
:1086300028782E2817D115F8010F44F004042A28B1
:108640000ED06FF02F022878A0F1300109290AD846
:1086500009EB890102EB410100EB01096D1CF2E716
:1086600057F8049B6D1C28786C280FD006DC4C282A
:1086700017D068280DD06A2814D104E0742810D0CF
:108680007A280FD10DE044F400140AE044F4801479
:1086900001E044F440146978814202D104F5801469
:1086A0006D1C6D1C2A786E2A1FD00CDC632A31D019
:1086B00004DC002A8BD0582A11D1A3E0642A68D0A8
:1086C000692A0CD165E0732A2ED004DC6F2A73D09E
:1086D000702A04D19BE0752A6FD0782A6ED010469C
:1086E000DDE90F129047761C50E1C4F302500228D6
:1086F00006D0032809D0042801CF09D0066045E13F
:1087000001CFF117C0E9006140E101CF06803DE1F2
:1087100006703BE117F8040B8DF8000000208DF87F
:108720000100EB46012003E057F804BB4FF0FF3097
:1087300061074FF0000102D40DE008F10101884605
:1087400049450FDA8045F8DB1BF808100029F4D101
:1087500008E008F1010188468142FADB1BF80810A5
:108760000029F6D1DDE90F23AAEB08008146214656
:1087700000F036F9304400EB080604E0DDE90F12A2
:108780001BF8010B9047B8F10108F7D22146484683
:10879000F7E00A21C4F302534FF0000B0891022BBB
:1087A00004D001CFC117032B09D00AE0FF1D27F029
:1087B0000707F7E8020108E032E01FE020E000B21E
:1087C000C117042B01D140B2C117031E71F1000380
:1087D00007DA4FF0000CD0EB0C006CEB01012D23FD
:1087E00002E0230504D52B238DF82430012303E078
:1087F000E30701D02023F7E7984658E00A2110E06C
:1088000010210EE010204FF0000B08900CE010211A
:108810004FF0000B44F004044FF00809089103E006
:1088200008214FF0000B0891C4F30253022B04D02F
:1088300001CF0021032B06D006E0FF1D27F007071C
:10884000F7E8020103E080B2042B00D1C0B24FF080
:10885000000823072BD5702A07D0DDF820C08CF044
:10886000100C5CEA0B0C05D00EE040238DF8243090
:10887000012308E050EA010306D030238DF82430AC
:108880008DF8252002239846DDF820C08CF0080CD6
:108890005CEA0B0C0BD150EA010301D1630706D54A
:1088A00030238DF824304FF00108A9F10109582A2E
:1088B00004D038A20B9208AA0A920BE03AA2F9E778
:1088C0005B46089AF7F77CFC0B9B9B5C0A9A521E4E
:1088D0000A92137050EA0102F2D10A98ADEB00003F
:1088E00000F1200B600702D524F4803401E04FF042
:1088F0000109D94502DDA9EB0B0000E0002000EBE7
:108900000B0141440890AAEB010AE00306D4DDE91B
:108910000F232146504600F063F806444FF000094B
:1089200008E009A911F80900DDE90F12904709F1E3
:108930000109761CC145F4DBE0030CD5DDE90F230A
:108940002146504600F04CF8064404E0DDE90F12E1
:1089500030209047761C0899481E08900029F5DCC5
:1089600008E00A980A990078491C0A91DDE90F127B
:108970009047761CBBF10001ABF1010BF1DC214605
:108980005046DDE90F2300F019F806446D1C1BE684
:1089900009280100303132333435363738396162D5
:1089A0006364656600000000303132333435363799
:1089B0003839414243444546000000002DE9F0416A
:1089C000044600251E461746880404D405E03946AF
:1089D0002020B0476D1C641EF9D52846BDE8F08103
:1089E0002DE9F041044600251E469046C80301D5F6
:1089F000302700E02027880404D505E041463846AA
:108A0000B0476D1C641EF9D52846BDE8F0810A68A0
:108A1000531C0B601070704710B504460020FBF724
:108A200093FB35A0FFF77EFD08213B48FAF744FA97
:108A30000C213948FAF7AEFA04213748FAF7AAFAB6
:108A4000303C1B2C52D2DFE804F00E12161E221A04
:108A500051512651515151515151512B30513539AC
:108A60003D4145494D002DA0FFF75CFDFEE737A0D5
:108A7000FFF758FDFEE742A0FFF754FDFEE74DA0CB
:108A8000FFF750FDFEE758A0FFF74CFDFEE762A0A0
:108A9000FFF748FDFEE76CA16EA0FFF743FDFEE780
:108AA00077A16CA0FFF73EFDFEE767A177A0FFF777
:108AB00039FDFEE780A0FFF735FDFEE78AA0FFF74E
:108AC00031FDFEE793A0FFF72DFDFEE79EA0FFF727
:108AD00029FDFEE7A8A0FFF725FDFEE7B4A0FFF7FC
:108AE00021FDFEE7C0A0FFF71DFDFEE7BDE8104039
:108AF000CAA0FFF717BD0000426F6F746C6F61640E
:108B000065723A5359535F4552525F4C45442D3E6E
:108B10004F6E210A000000004C020020426F6F746B
:108B20006C6F616465723A4661696C48616E646C31
:108B300065722C5265616420636F6E66696720669A
:108B4000696C65206661696C212E0A00426F6F7442
:108B50006C6F616465723A4661696C48616E646C01
:108B600065722C52656164206D6375206669726D53
:108B700077617265206661696C212E0A0000000031
:108B8000426F6F746C6F616465723A4661696C48DC
:108B9000616E646C65722C52656164206C63642044
:108BA0006669726D77617265206661696C212E0A53
:108BB00000000000426F6F746C6F616465723A462A
:108BC00061696C48616E646C65722C457261736595
:108BD000206D6375206170706C69636174696F6E7C
:108BE000206661696C0A0000426F6F746C6F61648B
:108BF00065723A4661696C48616E646C65722C52AC
:108C0000656164206570726F6D2066696C652066B1
:108C100061696C210A000000426F6F746C6F6164BF
:108C200065723A4661696C48616E646C65722C5776
:108C300072697465206570726F6D2066696C65205D
:108C40006661696C210A00002F6C645F6D63752E8C
:108C500062696E00426F6F746C6F616465723A4650
:108C600061696C48616E646C65722C257320736950
:108C70007A6520697320696E76616C6964210A00E7
:108C80002F6C645F6C63642E706B6700426F6F744F
:108C90006C6F616465723A4661696C48616E646CC0
:108CA00065722C5665726966792025732066616944
:108CB0006C212E0A00000000426F6F746C6F6164BB
:108CC00065723A4661696C48616E646C65722C4CE1
:108CD0004344206973206E6F7420726573706F6EE9
:108CE000736564212E0A0000426F6F746C6F6164BB
:108CF00065723A4661696C48616E646C65722C4CB1
:108D0000434420646F776E6C6F6164206661696CA8
:108D1000212E0A00426F6F746C6F616465723A466F
:108D200061696C48616E646C65722C41707020766C
:108D30006563746F72207461626C6520696E766120
:108D40006C69642E0A000000426F6F746C6F61647E
:108D500065723A4661696C48616E646C65722C4656
:108D60006C617368206973206E6F7420626C616E31
:108D70006B212E0A00000000426F6F746C6F6164FB
:108D800065723A446F6E6548616E646C65722C461C
:108D90006C61736820616E64204570726F6D206530
:108DA0006173657220646F6E65212E0A00000000F9
:108DB000426F6F746C6F616465723A446F6E6548A0
:108DC000616E646C65722C557064617465206570A9
:108DD000726F6D20666F726D20756469736B2064AD
:108DE0006F6E65212E0A0000426F6F746C6F6164B4
:108DF00065723A446F6E6548616E646C65722C44AE
:108E0000756D70206570726F6D20746F2075646968
:108E1000736B20646F6E65210A000000426F6F74EF
:108E20006C6F616465723A446F6E6548616E646C24
:108E300065722C756E6B6E6F776E206572726F72D5
:108E4000210A00002DE9F047804C0025A570E5704F
:108E50007F4F012220213846F8F76BF97DA0FFF7FC
:108E600061FB00218548FAF795F885A0FFF75AFBCA
:108E700004218D48FAF78EF88CA0FFF753FB954E2E
:108E8000002220213046F8F754F993A0FFF74AFB5F
:108E90009B4932220868C2630868026408688263DA
:108EA000DFF860A24FF40059002249465046F8F717
:108EB00040F9DFF85482002240214046F8F739F9A2
:108EC00008218F48FAF766F80C218D48FAF762F806
:108ED00004218B48FAF75EF8002240213046F8F76B
:108EE00028F9002220213046F8F723F90821844888
:108EF000F9F7E2FF0C218248FAF74CF80421804888
:108F0000FAF748F84FF4FA763046F7F7C5FE08212D
:108F10007B48FAF73FF80C217948F9F7CDFF042197
:108F20007748FAF737F83046F7F7B6FE0821744865
:108F3000FAF730F80C217248FAF72CF8042170483F
:108F4000F9F7BAFF3046F7F7A7FE08216C48FAF7A1
:108F500021F80C216A48F9F7AFFF04216848FAF7B5
:108F600019F8F8F7EDF841F658310844E062656207
:108F7000A562657065A0FFF7D5FA64A0FFF7D2FA85
:108F800062A0FFF7CFFA01216148F8F7CBF801287A
:108F900043D060A0FFF7C6FA10214046F8F7C2F8A8
:108FA00001283ED065A0FFF7BDFA20214046F8F722
:108FB000B9F8012839D06BA0FFF7B4FA1021384670
:108FC000F8F7B0F8012834D070A0FFF7ABFA4946A3
:108FD0005046F8F7A7F801282FD076A0FFF7A2FA9D
:108FE00040214046F8F79EF801282AD07BA0FFF7E1
:108FF00099FA84A0FFF796FA8CA0FFF793FA95A050
:10900000FFF790FA9DA0FFF78DFAA6A0FFF78AFA66
:10901000BDE8F0470A20F7F73FBEACA0FFF782FAA1
:10902000BAE7B4A0FFF77EFABFE7BCA0FFF77AFA71
:10903000C4E7C4A0FFF776FAC9E7CCA0FFF772FA3D
:10904000CEE7D4A0FFF76EFAD3E700004800002077
:1090500000180240426F6F746C6F616465723A4F22
:1090600055545055542D3E534B505F454E202020B3
:10907000202020203D204C4F570A00006C03002088
:10908000426F6F746C6F616465723A4F55545055FE
:10909000542D3E41494D5F50574D20202020202027
:1090A0003D204C4F570A000094020020426F6F741D
:1090B0006C6F616465723A4F55545055542D3E4C57
:1090C00041535F46414E2020202020203D204C4F20
:1090D000570A000000040240426F6F746C6F6164B5
:1090E00065723A4F55545055542D3E4C41535F5480
:1090F00045432020202020203D204C4F570A0000CF
:109100004C02002000080240001002400D0A00003E
:10911000000C0240426F6F746C6F616465723A4973
:109120004E5055542D3E4553544F505F4E432020D2
:10913000202020203D204C4F570A0000426F6F74C2
:109140006C6F616465723A494E5055542D3E4653DA
:1091500057495443485F4E43202020203D204C4F28
:10916000570A0000426F6F746C6F616465723A4910
:109170004E5055542D3E465357495443485F4E4F29
:10918000202020203D204C4F570A0000426F6F7472
:109190006C6F616465723A494E5055542D3E494E8C
:1091A0005445524C4F434B20202020203D204C4F13
:1091B000570A0000426F6F746C6F616465723A4FBA
:1091C00055545055542D3E4C41535F50574D30200F
:1091D000202020203D204C4F570A0000426F6F7422
:1091E0006C6F616465723A4F55545055542D3E4C26
:1091F00041535F50574D3120202020203D204C4FBF
:10920000570A0000426F6F746C6F616465723A4F69
:1092100055545055542D3E4C41535F50574D3220BC
:10922000202020203D204C4F570A0000426F6F74D1
:109230006C6F616465723A4F55545055542D3E4CD5
:1092400041535F50574D3320202020203D204C4F6C
:10925000570A0000426F6F746C6F616465723A4F19
:1092600055545055542D3E41494D5F50574D202087
:10927000202020203D204C6F77210A00426F6F7420
:109280006C6F616465723A4F55545055542D3E4C85
:1092900041535F46414E2020202020203D204C6F2E
:1092A00077210A00426F6F746C6F616465723A4F88
:1092B00055545055542D3E4C41535F544543202046
:1092C000202020203D204C6F77210A00426F6F74D0
:1092D0006C6F616465723A494E5055542D3E45534A
:1092E000544F505F4E432020202020203D204849ED
:1092F00047480A00426F6F746C6F616465723A4947
:109300004E5055542D3E465357495443485F4E43A3
:10931000202020203D20484947480A00426F6F74B2
:109320006C6F616465723A494E5055542D3E4653F8
:1093300057495443485F4E4F202020203D20484944
:1093400047480A00426F6F746C6F616465723A49F6
:109350004E5055542D3E494E5445524C4F434B2090
:10936000202020203D20484947480A00426F6F7462
:109370006C6F616465723A4F55545055542D3E4C94
:1093800041535F50574D3020202020203D20484938
:1093900047480A00426F6F746C6F616465723A4FA0
:1093A00055545055542D3E4C41535F50574D31202C
:1093B000202020203D20484947480A002DE9F04F51
:1093C000C1B0D24C0026E661266260780127632591
:1093D000DFF83CB34FF05A0841F2883A4FF0FF39BA
:1093E00008287BD007DC08280ED2DFE800F05F0DEC
:1093F000FDFCFB0DFAF90C2871D008DC09286FD0B0
:109400000B2801D101F00AFF41B0BDE8F08F5A28C6
:1094100067D06328F8D1F7F7A1FCDBF80000202122
:10942000B1EB106F05D0DBF800001021B1EB106F2D
:1094300038D1B8A0FFF776F8DBF804102163BFA09D
:10944000FFF770F8206B6063DBF8000080F308889A
:10945000DBF80010C1A0FFF765F8C8A0FFF762F8BD
:109460000821C848F9F796FD0C21C648F9F792FD86
:109470000421C448F9F78EFD0421C348F9F78AFD99
:1094800072B64FF0E02006614846F8F79AFC432098
:10949000F8F797FC4846F8F787FC4320F8F784FC78
:1094A000606B80474620FFF7B7FAADE70021B74869
:1094B000F9F770FD0421B448F9F76CFD0821B148B3
:1094C000F9F768FD0C21AF48F9F764FD0421AD48B8
:1094D000F9F760FDAEA0FFF725F803E0FEE3FEE339
:1094E000FEE3FEE3ACA0FFF71DF803F05FFC03F022
:1094F000DDFFC4F81490854941F67050143101F035
:1095000011FF00283BD0ADA0FFF70CF8C4F818906D
:109510007E4941F67450183101F004FF002833D021
:10952000B1A0FEF7FFFF31223221BAA0FEF7FAFF09
:10953000BF480EC8BFA0FEF7F5FF01F089F801464D
:10954000C6A0FEF7EFFFCFA2D1A1D4A0FEF7EAFF9D
:109550006F4A4FF48033521ED902D7A0FEF7E2FFC4
:109560004FF47023E34A5946E3A0FEF7DBFFF14EC8
:1095700010213046F7F7D6FD01280AD015E0EEA0FD
:109580006169FEF7CFFFC1E7F6A0A169FEF7CAFF48
:10959000C9E7FF4F10213846F7F7C4FD012804D171
:1095A00020213846F7F7BEFD08B165702CE701228F
:1095B00008213046F7F7BDFDF6A0FEF7B3FF042102
:1095C0007148F9F779FC08216E48F9F775FC0C2110
:1095D0006C48F9F7DFFC04216A48F9F7DBFC04E08A
:1095E000AAE368E35DE045E031E04FF4FA75284610
:1095F000F7F752FB08216348F9F7CCFC0C216148CE
:10960000F9F75AFC04215F48F9F7C4FC2846F7F73C
:1096100043FB08215B48F9F7BDFC0C215948F9F7D9
:10962000B9FC04215748F9F747FC2846F7F734FB03
:1096300008215448F9F7AEFC0C215248F9F7AAFC6E
:1096400004215048F9F7A6FC02206070DCE60022F5
:10965000D5A1D64802F04CF8207028B10146D4A01C
:10966000FEF760FF6570CFE6DAA0FEF75BFF032030
:109670006070C9E6F7F764FDE16A081A4FF47A7181
:1096800090FBF1F16162A06A814204D0D9A0FEF79B
:1096900049FF606AA062606A012887DC042060706C
:1096A000B2E608213748F9F707FC0122DCA1DF48C0
:1096B00002F04EF8207008213248F9F76BFC22784E
:1096C0002AB1D7A1DAA0FEF72DFF65709CE6D4A1E0
:1096D000E1A0FEF727FF00221346D44801F0E9FE7F
:1096E00008212848F9F7E8FB6B46052201A9CF4875
:1096F00002F042FA207008212248F9F74BFC20784A
:1097000010B900980528BDE1BDE100004800002027
:1097100000000108426F6F746C6F616465723A4AB1
:10972000756D70206170706C69636174696F6E2013
:10973000616464726573732E0A000000426F6F7477
:109740006C6F616465723A4A756D70204164647231
:109750006573733A307825580A000000426F6F74C1
:109760006C6F616465723A537461636B20506F690A
:109770006E7465723A307825580A00000A0A0A0D9C
:109780000D0D00004C020020940200206C0300200C
:109790000A0A0A0A00000000426F6F746C6F61646D
:1097A00065723A53746172742E2E2E2E2E2E2E2E2A
:1097B0002E2E2E2E2E2E2E0A00000000426F6F74C9
:1097C0006C6F616465723A52656164206570726F96
:1097D0006D204D4355204657204352433332206677
:1097E00061696C210A000000426F6F746C6F6164E4
:1097F00065723A52656164206570726F6D204C43EA
:1098000044204657204352433332206661696C211D
:109810000A000000426F6F746C6F616465723A56A3
:10982000657273696F6E2D3E25632E25630A0000F5
:10983000B8730020426F6F746C6F616465723A5543
:109840006E6971756549442D3E307825303858254C
:10985000303858253038580A00000000426F6F74C5
:109860006C6F616465723A4D637520666C617368F4
:109870002073697A652D3E2564204B627974657387
:109880000A00000030303A32353A31310000000031
:10989000536570203230203230323500426F6F74A1
:1098A0006C6F616465723A4275696C642D3E257314
:1098B0003A25730A00000000426F6F746C6F616498
:1098C00065723A426F6F746C6F6164205374617299
:1098D0007420203A3078253038582C456E643A3060
:1098E00078253038582C53697A653A3078253038E5
:1098F000580A0000FFFF0F08426F6F746C6F6164BD
:1099000065723A4170706C6963656E74205374615E
:109910007274203A3078253038582C456E643A30CD
:1099200078253038582C53697A653A3078253038A4
:10993000580A000000180240426F6F746C6F616437
:1099400065723A52656164206570726F6D204D4397
:10995000552046572043524333323A307825303829
:10996000580A0000426F6F746C6F616465723A52FE
:10997000656164206570726F6D204C4344204657CA
:109980002043524333323A3078253038580A0000A9
:1099900000100240426F6F746C6F616465723A32FE
:1099A0003456204F4E0A0000303A0000BC650020BB
:1099B000426F6F746C6F616465723A4D6F756E744F
:1099C00020466174667320657272726F723A256404
:1099D000210A0000426F6F746C6F616465723A4DCA
:1099E0006F756E742046617466732073756365735A
:1099F00073210A00426F6F746C6F616465723A572D
:109A000061697420757362206469736B20696E6983
:109A1000743A2564205365636F6E64210A00000068
:109A20002F6C61732E63666700000000F8670020EA
:109A3000426F6F744C6F616465723A4F70656E204F
:109A40002573206661696C2C45434F44453D307851
:109A500025303258480A0000426F6F744C6F6164C1
:109A600065723A4F70656E20257320737563657358
:109A7000732C45434F44453D307825303258480AD1
:109A80000000000002D23020FEF7C6FF9DF804005F
:109A90004FF00608552807D19DF80510302903D14D
:109AA0009DF80610312904D04FF00709552810D031
:109AB00017E09DF80700412803D19DF808003128E0
:109AC00001D06570E0E0F8A0FEF72CFD84F801807D
:109AD000DAE09DF80510302903D19DF806103229EF
:109AE00003D00826552810D017E09DF8070041281C
:109AF00003D19DF80800312801D06570C4E0F5A0BD
:109B0000FEF710FD84F80190BEE09DF805103029A5
:109B100003D19DF80610332902D0552812D019E040
:109B20009DF80700412803D19DF80800312804D092
:109B3000F3A0FEF7F7FC6570A6E0FCA0FEF7F2FCD0
:109B40006670A1E09DF80510302903D19DF806103C
:109B5000342902D0552813D01AE09DF80700412877
:109B600003D19DF80800312804D0E5A0FEF7DAFC07
:109B7000657089E0FDA0FEF7D5FC0920607083E0E8
:109B80009DF80510302903D19DF80610352902D023
:109B9000552814D01BE09DF80700412803D19DF8FB
:109BA0000800312804D0D6A0FEF7BCFC65706BE03D
:109BB000F6A0FEF7B7FCA77084F8018064E09DF87A
:109BC0000510302903D19DF80610362902D05528FA
:109BD00014D01BE09DF80700412803D19DF8080030
:109BE000312804D0C6A0FEF79DFC65704CE0F0A0C3
:109BF000FEF798FCE77084F8019045E09DF80510A9
:109C0000302903D19DF80610372902D0442814D0FA
:109C10001BE09DF80700412803D19DF8080031287A
:109C200004D0B7A0FEF77EFC65702DE0E9A0FEF73A
:109C300079FCA770E770667026E09DF80510302962
:109C400003D19DF80610312902D0432813D01AE021
:109C50009DF80700412803D19DF80800312804D061
:109C6000A7A0FEF75FFC65700EE0E5A0FEF75AFCCA
:109C70000B20607008E09DF80500302803D19DF8A6
:109C80000600312804D06570E74801F0EBFB0CE4D6
:109C90009DF80700412803D19DF80800312804D021
:109CA00097A0FEF73FFC6570EEE7E0A0FEF73AFCF8
:109CB0000C206070E8E702F04FFEE06102F0EEFD7C
:109CC00020620246E4A0E169FEF72CFC216A60698B
:109CD000814209D1E169814206D103E077E0B4E233
:109CE000B0E2BBE2A07868B103F0F8FF206202F0B6
:109CF00033FEE0616061216A814208D04220FEF7B4
:109D00008BFE16E0E0A0FEF70DFC65704EE4E9A0C6
:109D1000FEF708FC022000F08FFB042000F08CFB13
:109D2000EE4941F6705001F07DFBEDA0E169FEF7D0
:109D3000F9FB84F8018039E4F4A101A8F6F7A6FA4A
:109D400001A800F0BBFCF4A0226AA169FEF7EAFBBF
:109D5000A169206A884201D1E07890B303F092FAB9
:109D60002662EAA101A8F6F791FA01A803F05CFFC8
:109D7000206AA061052000F05FFBD84941F67450CD
:109D8000091D01F04FFBF048FEF7CCFBD3485530DE
:109D9000F6F775FA81B2D148553001F03DFA5046D8
:109DA000F6F77AFF5046F6F777FF5046F6F774FF5E
:109DB0005046F6F771FF5046F6F76EFF84F80180C3
:109DC00044E4FFE7E1A0FEF7ADFB65703EE402F07E
:109DD000C3FDE06102F062FD20620246E6A0636915
:109DE000E169FEF79FFB216A6069814204D1E16964
:109DF000814201D1A078E8B303F070FF206202F045
:109E0000ABFDE061216A814202D04220FEF704FEF0
:109E1000E0696061E8A0FEF785FB022000F00CFB22
:109E2000042000F009FBAD4941F6705001F0FAFA48
:109E3000EAA0FEF777FB2662B4A101A8F6F726FA9E
:109E400001A800F03BFCB4A0226AA169FEF76AFBFE
:109E5000A169206A884201D1E07820B303F012FAA8
:109E60002662AAA101A8F6F711FA01A803F0DCFE08
:109E7000206A00E0DBE1A061052000F0DDFA9749EF
:109E800041F67450091D01F0CDFAAF48FEF74AFBC8
:109E900092485530F6F7F3F981B29048553001F009
:109EA000BBF95046B2E1C7E1426F6F746C6F6164F9
:109EB00065723A537461727420757067726164657B
:109EC000206D6375206170706C69636174696F6E79
:109ED000210A0000426F6F746C6F616465723A53BF
:109EE000746172742075706772616465206C63645C
:109EF000206170706C69636174696F6E210A000083
:109F0000426F6F746C6F616465723A446576696321
:109F100065204944206973206E6F74206D617465FB
:109F20002C72756E20617070210A0000426F6F7490
:109F30006C6F616465723A537461727420757067F6
:109F400072616465206D6375206170706C69636116
:109F500074696F6E2026206C6364206170706C6978
:109F6000636174696F6E210A00000000426F6F74B4
:109F70006C6F616465723A537461727420757064B9
:109F8000617465206570726F6D210A00426F6F7495
:109F90006C6F616465723A537461727420666F729B
:109FA000636520757064617465206D6375210A00B6
:109FB000426F6F746C6F616465723A53746172744E
:109FC00020666F72636520757064617465206C63D0
:109FD00064210A00426F6F746C6F616465723A535A
:109FE0007461727420666F72636520757064617449
:109FF00065206D63752026206C6364210A000000D3
:10A00000426F6F746C6F616465723A5374617274FD
:10A010002064756D70206570726F6D20746F20758F
:10A020006469736B210A0000F8670020426F6F7447
:10A030006C6F616465723A537461727420636C650D
:10A04000617220666C61736820616E642065707255
:10A050006F6D210A00000000426F6F746C6F6164C5
:10A0600065723A4D435520637263466C6173683A7A
:10A0700025303858482C637263556469736B3A25F0
:10A0800030385848210A0000426F6F746C6F616469
:10A0900065723A436865636B206D6375206170700B
:10A0A000206372632073616D652C736B6970210A84
:10A0B00000000000426F6F746C6F616465723A4318
:10A0C0006865636B73756D206D63752061707020BA
:10A0D0007375636573732E0A000000005C00002036
:10A0E000426F6F746C6F616465723A55706461742D
:10A0F00065206E6577206372633332207375636504
:10A1000073732C307830382558480A002F707269E4
:10A110007661746500000000426F6F746C6F61645B
:10A1200065723A4C4344206372634C63643A253051
:10A130003858482C637263556469736B3A2530381C
:10A140005848210A00000000B8EA0008426F6F7406
:10A150006C6F616465723A436865636B206C63641D
:10A1600020617070206372632073616D652C736B66
:10A170006970210A00000000426F6F746C6F6164A7
:10A1800065723A4D435520637263466C6173683A59
:10A1900025303858482C637263556469736B3A25CF
:10A1A000303858482C6372634570726F6D3A2530B1
:10A1B0003858480A00000000426F6F746C6F616489
:10A1C00065723A436865636B206D637520617070DA
:10A1D000207375636573732E0A000000426F6F74FD
:10A1E0006C6F616465723A557064617465206D636B
:10A1F0007520617070206E65772063726333322042
:10A200007375636573732E0A00000000F6F744FD52
:10A210005046F6F741FD5046F6F73EFD5046F6F73C
:10A220003BFD5046F6F738FD84F801802FE5AFF28C
:10A23000A810FEF777F9FEE5AFF2F000FEF772F92D
:10A24000657024E503F0CEFA21E500F071F90120F4
:10A2500000F0F2F84820FEF7DFFB18E508A0FEF753
:10A2600061F987F31388BFF34F8F0C4801680C4ADC
:10A2700001F4E06111430160BFF34F8F00BFFDE7C0
:10A28000426F6F746C6F616465723A537973746571
:10A290006D2052657365740A000000000CED00E04B
:10A2A0000400FA052DE9F05F804617469A46891E9C
:10A2B000D8F8300000EB1139C1F3C80501F00700F0
:10A2C0004FF0010B0BFA00F0C4B2494609F1010945
:10A2D000404602F07AFF10B10120BDE8F09F4FF434
:10A2E000007208EB050191F8386016EA040000D00E
:10A2F0000120504501D10220EFE7664081F8386027
:10A3000088F803B07F1E09D0600010F0FF04EAD186
:10A3100001246D1C9542E4D30025D6E70020DCE73C
:10A32000002205E0835CFF2B01D000207047521C07
:10A330008A42F7D30120704710B504460020E07030
:10A34000401E6063204602F040FF08B1042010BDAB
:10A3500004F2362002F024FDA0F52A41553901D03F
:10A36000032010BD94F83800E92805D0EB2816D159
:10A3700094F83A00902812D104F16E0002F0D9FC52
:10A380000C49B1EB002F01D1002010BD04F18A006F
:10A3900002F0CFFC0849884201D1002010BD0B22F9
:10A3A00006A104F1380002F0F5FE08B1022010BD4C
:10A3B000012010BD0046415446415433EB76904590
:10A3C000584641542020200000E0401C02780AB189
:10A3D0008A42FAD100787047F0B500221546154E32
:10A3E00011E006EB02131C685CB10768BC4209D19E
:10A3F0005C688768BC4205D19B68046BA34204D0AB
:10A4000000E00125521CFF2AEBD3FF2A01D079B9C5
:10A4100006E01DB9022901D01220F0BD0020F0BDD8
:10A4200006EB02108089B0F5807F01D00020F0BDDE
:10A430001020F0BD3C0D0020F8B5002100914FF434
:10A4400008744FF4FC554FF4005608280DD2DFE88D
:10A4500000F00C040D3246515C660024A0B269463F
:10A4600000F0C2FF641CB442F8D3F8BD0025A8B2C6
:10A47000694600F0B9FF6D1C1F2DF8D92025A8B240
:10A48000694600F0B1FF6D1CA542F8D341F6645453
:10A49000E51CA0B2694600F0A7FF641CAC42F8D9E5
:10A4A00041F66854E51CA0B2694600F09DFF641CAB
:10A4B000AC42F8D9F8BD4FF42265A0B2694600F06D
:10A4C00093FF641CAC42F8D341F66C54E51CA0B277
:10A4D000694600F089FF641CAC42F8D9F8BD41F62A
:10A4E0007054E51CA0B2694600F07EFF641CAC42CB
:10A4F000F8D9F8BD41F67454E51CA0B2694600F0E5
:10A5000073FF641CAC42F8D9F8BD4FF4EC54A0B210
:10A51000694600F069FF641CAC42F8D3F8BDA8B2EC
:10A52000694600F061FF6D1CB542F8D3F8BD00002C
:10A5300010B5F6F75BFC094907480860F6F738F8EC
:10A5400010B13520FEF768FABDE810404FF47021D5
:10A550000348FFF7E5BE0000910001000C3C0240FB
:10A560000000010830B50021054B002403EB011267
:10A570001568854200D11460491CFF29F6D330BD0F
:10A580003C0D0020891EC269921E8A4201D800201B
:10A590007047026B408901FB0020704730B50023F3
:10A5A00007E0C45CCD5CAC4201D0002030BD5B1C38
:10A5B0009BB29342F5D3012030BD00002DE9F04756
:10A5C0008146884608F11A0002F0EAFB10B100202B
:10A5D000BDE8F08798F8000000F03F00401E00EB57
:10A5E000800101EBC00401270025DFF860A01AF804
:10A5F0000500404402F0D4FB06468FB1FF2C0BD27D
:10A60000304601F095FD07462046641C39F81000DD
:10A6100001F08EFD874201D00020D9E7374605E0E2
:10A62000A6F57F40FF3801D00020D1E76D1C0D2D2D
:10A63000DDD398F80000400605D527B139F814009D
:10A6400008B10020C4E70120C2E70000E0DF0008F5
:10A650000148008870470000227AFF1F70B5002271
:10A66000084C094D09E0865C63685E40F6B255F817
:10A67000266086EA13236360521C8A42F3D3606823
:10A68000C04370BDCC0000209CE50008054A064B85
:10A6900051684840C0B253F8200080EA1120506051
:10A6A000C0437047CC0000209CE5000802494FF0F1
:10A6B000FF30486070470000CC0000202DE9F041D9
:10A6C000ADF51E7D804642AC8AAF4146384601F06A
:10A6D000DCF91D4D28702EE02146384601F016FBAE
:10A6E000287058BBA07E48B32E2824D004F11A0647
:10A6F0004FF4807102A8F5F7ADFD2F23424613A158
:10A7000002A80096FDF71EFF207BC00609D502A80F
:10A71000FFF7D4FF287070B128780DF51E7DBDE8D5
:10A72000F08102A90BA0FDF7FDFE02A802F068F877
:10A73000296A0844286228780028CDD0384600F0DD
:10A74000A6FE2878E9E7000048000020257325636D
:10A7500025730000426F6F746C6F616465723A63B9
:10A760007263204C63642066696C653A25730A0045
:10A770002DE9F047074688463D68B8F1000F08D03C
:10A780004146384602F0F8F8022809D20120BDE817
:10A79000F0876E6916B1E869B04207D8012605E076
:10A7A000411CF4D0E9698142F1D8464628784FF03F
:10A7B000FF39042809D03446641CE869A0424AD80D
:10A7C0000224022E47D20020E1E70122314628462A
:10A7D00001F024FD0446200012D0601C10D001239B
:10A7E0001A4621462846FFF75DFD02280AD00128B7
:10A7F0000AD0B8F1000F09D0F979022909D010E088
:10A800002046C4E70120C2E74846C0E70221F971AB
:10A8100007E0711C8C4204D0B968711AB961032138
:10A82000F971F979022931D008F101018C4206D180
:10A83000F96909B1491C00E00221F96126E0F869D3
:10A84000012600B9FE6122464146384601F0CDFCA2
:10A85000E0B9FE611AE02146384602F08DF838B1C1
:10A86000012894D0411C92D0B442A5D100208EE79B
:10A870004A462146284602F05BFD38B9B8F1000F80
:10A8800004D022464146284602F052FD20B101285C
:10A890000FD0012420467AE76C61D5E90601891EB4
:10A8A000884201D8401EA861287940F00100287133
:10A8B000F0E74C46EEE700002DE9F35F8846D8F854
:10A8C000007000980068D0F80C90002425462846B7
:10A8D0006D1C385C20280ED32F2807D05C2805D0AB
:10A8E000FF2C0FD30620BDE8FC9F6D1C795D2F293E
:10A8F000FBD05C29F9D07919C8F80010202817D2AC
:10A9000004261FE0C0B2012101F0F4FB064646B167
:10A91000802E08D231465FA0FFF756FD18B1062001
:10A92000E1E70620DFE72046641C29F81060CEE747
:10A93000002607E0601E39F81000202801D02E28DC
:10A9400002D1641E002CF5D1002029F814003CB17E
:10A9500000980B222021403002F031FC002702E059
:10A960000620C0E77F1C39F817002028FAD02E28CF
:10A97000F8D01FB146F0030600E0641E24B1601E4B
:10A9800039F810002E28F8D14FF00008C2464FF0D9
:10A99000080B38467F1C39F8105005B3202D03D022
:10A9A0002E2D04D1A74202D046F00306F1E7DA4586
:10A9B00001D2A74219D1BBF10B0F0ED0A74201D093
:10A9C00046F003060BD827464FF0080A4FF00B0B52
:10A9D0004FEA88604FEA1068DBE746F0030600980C
:10A9E00090F84000E5282FD032E0802D0BD30021D5
:10A9F000284601F07FFB05461DB12948284410F880
:10AA0000805C46F0020625B1294626A0FFF7DCFC53
:10AA100018B15F2546F003060EE0A5F141001928A4
:10AA200002D848F0020807E0A5F16100192803D810
:10AA300048F00108203DADB20099504608440AF1A3
:10AA4000010A80F84050A4E70098052180F84010E2
:10AA5000BBF1080F03D14FEA88604FEA1068C8F3D2
:10AA60008100032803D06FEA0801890701D146F06D
:10AA70000206B10709D408F00301012901D146F00B
:10AA80001006012801D146F00806009880F84B60B6
:10AA9000002028E7222A3A3C3E3F7C7F000000004D
:10AAA00060DF00082B2C3B3D5B5D00002DE9F05F73
:10AAB0000646894640220021304602F080FB852070
:10AAC0003070C02086F8200000254FF001080127D3
:10AAD00040244FF0000A4FF0C10B601C06F804B090
:10AAE000441C06F800A027B139F815700FB16D1C91
:10AAF000EDB23019394602F0C1FDA41CE006F2D1D6
:10AB000008F1010808F0FF0839F815000028E4D121
:10AB100086F8235086F80180484603F0E8F901469C
:10AB200006F12400BDE8F05F02F0A8BD401EFF283A
:10AB300010D2094901EB00118889B0F5807F00D15E
:10AB4000002008B1401E80B2888108B9002008604A
:10AB500000207047022070473C0D00202DE9F04195
:10AB600004460F4626680021204600F0B6FAF8B9E0
:10AB700000253046A16B02F028FBC8B931780429C2
:10AB800005D0E16B0A78E52A07D032B109E0E16B24
:10AB9000097841F3C011491C03D06D1CBD4207D098
:10ABA00000E000250121204600F0AEF80028E0D0AA
:10ABB000042800D10720BDE8F0812DE9F05F0446AC
:10ABC00026680021204600F088FA002848D1307815
:10ABD00004280ED0FF27B9464FF0FF3AC4F84CA026
:10ABE0003046A16B02F0F1FA80465FEA08004CD1D2
:10ABF00038E0F06803F07BF9824629E030692430C0
:10AC000002F0CEF8504523D1306990F823704025EA
:10AC10004FF0000815E0E80600D1AD1C306928446B
:10AC200002F0BEF801F084FA8146F06830F81800AE
:10AC300001F07EFA814506D17F1EFFB2AD1C08F1FE
:10AC40000108002FE7D11FB9F06830F8180030B1C3
:10AC50000021204600F0E8F8B0F1000BCED05846B5
:10AC6000BDE8F09FE06B05786DB1C17A01F03F015E
:10AC7000A171E52D03D00A0708D50F2906D0FF27BB
:10AC8000C4F84CA035E04FF004083BE00F2901D098
:10AC9000EFB120E094F84B1049062AD4690606D596
:10ACA00090F80D9005F0BF052F46216BE164BD4281
:10ACB0000AD1417B494507D1F26801461046FFF7AA
:10ACC0007DFC08B17F1E00E0FF27FFB211E002F01B
:10ACD0000DFD484516D094F84B00C00706D10B2255
:10ACE00004F14001E06B02F055FA58B1FF27C4F8B7
:10ACF0004CA00021204600F007F880465FEA0800DB
:10AD00003FF46EAF4046ABE72DE9F04705460F46EE
:10AD10002C68D5F8308008F12008A86B002806D0F0
:10AD20002178042906D04FF40011414505D80420AC
:10AD3000BDE8F0874FF08051F7E75FEAC8516AD16C
:10AD4000401CA863696B4FF0000929B16089401E5F
:10AD500010EA582F08D05EE02089B0EB581F5AD86F
:10AD6000C5F838900420E3E7284601F005FE0646C2
:10AD7000012E01D80220DBE7701C18D0E069B04238
:10AD800043D8B7B12846696BFFF7F2FC064630009E
:10AD900013D0012E13D0701C13D0E87940F00400BA
:10ADA000E871204602F0F4FC68B10120C0E7012000
:10ADB000BEE7C5F838900420BAE70720B8E70220BC
:10ADC000B6E70120B4E74FF40072002104F1380027
:10ADD00002F0F5F9002731462046FFF7D3FB606308
:10ADE0004FF001090BE084F80390204602F0D0FCFC
:10ADF00008B101209CE77F1C606B401C6063608988
:10AE0000B842F0D8606BC01B60636E633146204669
:10AE1000FFF7B8FBA863C5F83080C8F308002044EA
:10AE20003830E863002083E72DE9F04705468A467D
:10AE30000427D5F80080FF26B1465FE0404602F0C7
:10AE4000C4F9074638005CD1E86B0478A4B198F8DF
:10AE50000010042912D0C17A01F03F01A971E52C3C
:10AE600008D02E2C06D021F02002082A17D000226C
:10AE7000524516D0FF2631E0042742E0852C2DD123
:10AE8000286BE864284602F0A3F80746380038D15A
:10AE9000D8F81000007900F03F00A87131E00122DD
:10AEA000E6E70F2901D02EBB20E0610606D590F819
:10AEB0000D9004F0BF042646296BE964B4420BD11F
:10AEC000417B494508D1D8F80C200146104602F0D4
:10AED00097F908B1761E00E0FF26F6B20021284659
:10AEE000FFF712FF0746380008D00AE002F0FEFB29
:10AEF000484506D04FF0FF30E86402E0A96B002916
:10AF00009CD10FB10020A8633846BDE8F0872DE939
:10AF1000F04798B00446256894F84B0010F0A00F55
:10AF200003D0062018B0BDE8F0870026E86800E0EE
:10AF3000761C30F816100029FAD12878042819D088
:10AF400004F140010C22884614A802F02FF99DF864
:10AF50005B00C0076AD0402084F84B0001273B46C5
:10AF600014A94046EA6801F007FC2046FFF725FED9
:10AF7000E0BB50E00E360F20B6FBF0F6B61C3146B3
:10AF80002046FFF7EBFD0028CCD1761E206B7142E6
:10AF900000EB4110E064A06848B3E079400734D585
:10AFA0006989D4E904304902591840F10000C4E924
:10AFB0000410204601F002F90028B3D1421E2046B9
:10AFC000616B01F012F90028ACD12146684601F00E
:10AFD000E3FF0028A6D1D4E904232869383002F021
:10AFE00029FBD4E904232869283001E016E00CE0AD
:10AFF00002F020FBE079296940F0010081F821008E
:10B00000684602F03FFB00288CD1D5E90310FFF71A
:10B010004DFD002086E77F1C642FA0D3642F0FD046
:10B020000428F7D19DF85B0084F84B009DF85B0085
:10B03000800707D50C360D20B6FBF0F77F1C02E029
:10B0400007206FE7012739462046FFF787FD0646B0
:10B050004FF001092EBB7F1E23D0206B794200EBFD
:10B060004111204600F039F80646300019D140461B
:10B0700002F03CFB82462846A16B02F0A6F8064689
:10B080007EB9FAB2E16B5346E86802F0D5F985F86B
:10B09000039000212046FFF737FE06460EB97F1EBB
:10B0A000E9D1C6B92846A16B02F08FF806463000F8
:10B0B00011D120220021E06B02F081F80B224146E1
:10B0C000E06B02F073F894F84B00E16B00F01800AD
:10B0D000087385F80390304624E72DE9F0410646D1
:10B0E0000D4637683878042808D04FF40010A8427D
:10B0F00001D9E80605D00220BDE8F0814FF080506C
:10B10000F5E73563B4682CB93878032802D3FC6AB4
:10B110000020F0711CB178894FEA40281AE0388984
:10B12000B0EB551F01D80220E6E7F86AB06318E0DB
:10B130002146304601F020FC0446601C06D0022C5B
:10B1400002D3F869A04203D80220D5E70120D3E753
:10B15000A5EB08054545EBD221463846FFF712FA24
:10B16000B0637463B06B48B100EB5520B063C5F3B6
:10B17000080038443830F0630020BDE70220BBE708
:10B1800070B504460020084D295D00290AD105EB61
:10B19000840128194968007A09688847002801D184
:10B1A0000121295570BD00002C1D002030B4054B35
:10B1B0001C1803EB8000247A40680369204630BCE9
:10B1C000184700002C1D002030B4054C251804EB56
:10B1D00080002D7A406884682846A44630BC6047C9
:10B1E0002C1D002004490A1801EB8000127A4068E7
:10B1F00041681046084700002C1D002030B4054C63
:10B20000251804EB80002D7A4068C4682846A446BF
:10B2100030BC60472C1D0020F5F70CB938B54FF451
:10B2200000552A460E49002000F03AF80A220DA1E6
:10B230000F4800F08DFA0F4C207010B13420FDF74C
:10B24000EBFB6B462A460649094800F050FE207089
:10B2500010B13420FDF7E0FB4A20FDF7DDFB38BDDF
:10B26000381D00202F6C6570726F6D2E62696E0044
:10B27000E86E0020480000200020084900E0401C43
:10B28000FF2804D201EB00121268002AF7D1FF2830
:10B2900001D0012070470020704700003C0D0020C5
:10B2A0002DE9FE4F06460C46B118B1F5005F02D9F4
:10B2B0000120BDE8FE8F4FEAD20802F00707002503
:10B2C0004FF47A794FF0080A14E0CDE901A9102370
:10B2D0003246A12112480094F6F768FA28B11048C6
:10B2E000F6F77FF90E48F6F795F90836B6B2083446
:10B2F0006D1CADB24545E8D3002FDAD08DE8900241
:10B3000010233246A1210648F6F750FA0028D0D083
:10B310000348F6F766F9BDE8FE4F0148F6F77AB93B
:10B320003C0100200EB5C21CB2F5005F01D3012024
:10B330000EBD4FF47A720423CDE90132009102462A
:10B340001023A1210648F6F731FA0028F0D004486E
:10B35000F6F747F9BDE80E400148F6F75BB9000083
:10B360003C0100202DE9FE4F06460C46B118B1F510
:10B37000005F02D90120BDE8FE8F4FEAD20802F03B
:10B38000070700254FF47A794FF0080A14E0CDE959
:10B3900001A910233246A02112480094F6F754FB6D
:10B3A00028B11048F6F71DF90E48F6F733F90836BC
:10B3B000B6B208346D1CADB24545E8D3002FDAD0E3
:10B3C0008DE8900210233246A0210648F6F73CFB98
:10B3D0000028D0D00348F6F704F9BDE8FE4F014835
:10B3E000F6F718B93C0100200EB5B0F5005F01D3A7
:10B3F00001200EBD4FF47A720123CDE90132009194
:10B4000002461023A0210648F6F71EFB0028F0D0C4
:10B410000348F6F7E6F8BDE80E400148F6F7FAB83B
:10B420003C0100200EB5C21C41F6FF739A4201D3C5
:10B4300001200EBD4FF47A720423CDE90132009150
:10B4400002461023A0210648F6F7FEFA0028F0D0A5
:10B450000348F6F7C6F8BDE80E400148F6F7DAB83B
:10B460003C01002038B50446204600F087FC002847
:10B470000CD16946204602F003FD002806D1E06A9F
:10B48000FFF754FB002801D10021216038BD38B5F9
:10B4900004466946204602F0F3FC002808D1E16A20
:10B4A00011B10846FFF742FB002801D100212160BD
:10B4B00038BD2DE9FE4F824614461D4601A950466F
:10B4C00002F0DEFC0290029810B99AF83100029066
:10B4D000029850B901980078042806D1421F5046BE
:10B4E000DAF8401000F081FE0290029810B1029844
:10B4F000BDE8FE8F019A1078042804D0012D02D3F4
:10B500004FF0FF340025DAE90401031B71EB05035A
:10B5100005D29AF830309B0701D404460D46DAE98B
:10B520000E8900200090CAF83800CAF83C0054EA9E
:10B53000050077D050894FEA402B58EA090022D005
:10B54000601E45F1FF315A460023F4F739FE0646E6
:10B55000B8F101000F4649F1FF31804689465A464D
:10B560000023F4F72DFE301A8F410CD3ABF101000C
:10B5700028EA0000CAE90E094946241A65EB0105CC
:10B58000DAF840200FE0DAF8082052B900215046DE
:10B59000FFF7EEF80246012A08D0501C0AD0CAF87C
:10B5A0000820CAF84020EAB3002645E002208AF8C5
:10B5B00031009DE701208AF8310099E73346B4EB6A
:10B5C0000B0465EB0305DAE90E0110EB0B005941A2
:10B5D000CAE90E019AF830309F0714D5DAE904C79A
:10B5E000BCEB000C8F4105D2CAE9040143F04000D6
:10B5F0008AF8300011465046FFF7BAF802463AB9C9
:10B60000002425461DE01146504601F0B5F90246DA
:10B61000501C0BD0012A03D90198C069904209D867
:10B62000022000E01FE08AF8310061E701208AF87B
:10B6300031005DE7CAF84020BBEB040076EB050063
:10B64000BCD3DAE90E1009196841CAE90E10E00509
:10B6500009D011460198FEF795FF68B3610A41EAE7
:10B66000C55108440090DAE90432DAE90E011B1AE8
:10B670008A4107D2CAE904019AF8300040F040003C
:10B680008AF83000BAF83800C0052ED0DAF8442025
:10B690000098824229D09AF830000AF1500400063E
:10B6A00014D50198012321464078FFF7A7FD38B152
:10B6B00001208AF831001BE702208AF8310017E7E1
:10B6C0009AF8300000F07F008AF8300001980123DA
:10B6D00021464078009AFFF777FD18B101208AF8DB
:10B6E000310005E70098CAF84400029800E700001E
:10B6F0002DE9F74181B0164602980090684601F0A6
:10B700005EFA0446002C03DA0B2004B0BDE8F08199
:10B710000E4F57F824504FF0000825B12846FEF789
:10B7200021FF85F800800198002801D080F8008072
:10B7300047F8240001D0012E01D00020E5E70022C7
:10B7400001A902A800F0AEFDDFE700002400002000
:10B750002DE9F74F96B00646002E0BD002F03F04BD
:10B76000224601A917A800F09DFD07464FF0000AE8
:10B7700027B183E1092019B0BDE8F08F019802904C
:10B780004FF48C6000F0D0FC81465FEA09000DD0D8
:10B790000198C0F80C9009F50071016102A8179991
:10B7A00000F056FF0746380002D010E01120E2E713
:10B7B0009DF85300000601D5062708E0600801D077
:10B7C000012100E0002102A8FEF706FE074614F062
:10B7D0001C0F7CD06FB1042F08D1FFF74DFD20B1B5
:10B7E00002A8FFF794FB074600E0122744F0080484
:10B7F00009E09DF80E0010F0110F01D0072702E0BC
:10B80000600700D50827002F35D1200733D501F078
:10B810004EF98346019801254FF02008017804294C
:10B820002AD0119859460E3001F0FCFE1198594665
:10B83000163001F0F7FE119880F80B8011990198ED
:10B8400001F064FA804600221199019801F0D6FEB9
:10B85000119800211C3001F0E5FE0198C570B8F187
:10B86000000F77D0456B0022414602A801F030FE60
:10B870000746380057D06DE03060019800693430D9
:10B8800001F057FAB06001980069383001F05CFAB5
:10B89000C6E904010198016991F8211001F0020143
:10B8A000F171C6F81CA000695946083001F0BAFED3
:10B8B0000198016981F814A0006959460C3001F023
:10B8C000B1FE0198016981F815A0016900E035E039
:10B8D00081F8048000690021343001F0A3FE019852
:10B8E000002213460069383001F0A4FE01980022BE
:10B8F00013460069283001F09DFE0198006980F828
:10B90000215002A801F0BEFE0746380022D1B168DE
:10B9100001B30022304601F0DBFD0746B068019913
:10B92000401E486116E02946019801F04EFC07468A
:10B930000198A8F10108C0F814800BE057B99DF8F0
:10B940000E00C10601D5042704E0A10702D5C007F7
:10B9500000D007279FB9200701D544F04004019883
:10B96000406BB0641198F064600801D0012100E0E0
:10B97000002102A801F086F9F06200B902278FBB0E
:10B980000198017804292ED0119901F0BFF9B06017
:10B9900011981C3001F0CDF9C6E9040A0198306015
:10B9A0000198C088B08086F8304086F831A0C6F88B
:10B9B00044A00021B163F16306F150004FF400721E
:10B9C000834601F0FCFBA00655D5D6E9044554EAB0
:10B9D000050050D0C6E90E45019840894FEA40283D
:10B9E000B1682DE047E00499316206999DF80F2077
:10B9F00021F0FF01114371621599B1620069343081
:10BA000001F097F9B06001980069383001F09CF9B5
:10BA1000C6E904010198006990F8210000F00200D5
:10BA2000F071BBE7304600F0A7FF0146012900D8BE
:10BA30000227481C00D10127B4EB080465EB0A0576
:10BA400027B9B8EB04027AEB0500EBD3316497B960
:10BA5000E00510D00198FEF795FDA0B1610A41EA1A
:10BA6000C5510A1872640198012359464078FFF7BE
:10BA7000ABFB00B10127484600F058FB0FB1C6F8F8
:10BA800000A0384677E60227F5E7F3B581B0044613
:10BA9000002C08D00022694602A800F003FC0546ED
:10BAA000002715B164E00920FEBD009921604FF424
:10BAB0008C6000F039FB064630000CD00098C66060
:10BAC00006F5007101612046029900F0C1FD0546AE
:10BAD000280002D046E01120FEBD94F84B0000067D
:10BAE0002AD4A079C00626D500980178042904D06C
:10BAF000E16B01F00BF9A0601EE0A26822622169EF
:10BB0000E27921F0FF0111436162E26CA2620069F7
:10BB1000343001F00EF9A06000980069383001F06F
:10BB200013F9C4E904010098006990F8210000F0BD
:10BB30000201E17100E00525A5B90098C188A18046
:10BB400000212046FFF7C9FA054628000AD1A0685F
:10BB500038B10021204601F095F8E06210B91225B5
:10BB600000E0E762304600F0E1FA042D00D105253F
:10BB700005B127602846FEBD2DE9FC5F04468846D6
:10BB8000174699460025C9F800506946204602F03C
:10BB900077F900281AD194F83100002816D194F8CA
:10BBA0003000C00711D0D4E90431D4E90E02181ACC
:10BBB00061EB0201C31B71F1000100D2074604F1E1
:10BBC00050004FF0010A01909BE00720BDE8FC9F68
:10BBD000208FC00579D10098D4E90E5640894FEAEC
:10BBE000552B4BEAC65B401E0BEA000BBBF1000F66
:10BBF00010D1354309D02046216C00F0BDFE02284B
:10BC000005D2022084F83100E0E7A068F7E7411C84
:10BC10001CD02064216C0098FEF7B4FCD0B100EB7E
:10BC20000B067D0A5DB300980BEB050241898A4241
:10BC300001D9A1EB0B0540782B4632464146FFF770
:10BC4000C3FA58B184F831A00120BFE784F831A0CD
:10BC50000120BBE7022084F83100B7E794F83000F8
:10BC600000060AD5606C801BA84206D208EB402073
:10BC70004FF40072019901F099FA6D0233E0626CA1
:10BC8000B24221D094F83000000610D5009801236C
:10BC900001994078FFF7B2FA18B184F831A0012079
:10BCA00094E794F8300000F07F0084F830000098AA
:10BCB0000123324640780199FFF786FA20B184F8D3
:10BCC00031A0012082E700E06664208FC0F3080005
:10BCD000C0F50075BD4200D93D46011950312A46D4
:10BCE000404601F063FAA844D4E90E20521940F10D
:10BCF0000000C4E90E20D9F800002844C9F800006B
:10BD00007F1B002F7FF464AF00205FE7F8B5074684
:10BD10000E466946384602F0B3F8044664BB96B155
:10BD20004FF48C6000F000FA054695B10098C560AC
:10BD300005F50071016100213846FFF775F80446EA
:10BD4000042C08D008E000213846FFF7C6F9044665
:10BD500012E01120F8BD00245CB93146384600F0ED
:10BD6000A8FE00213846FEF7CFFF0446042C00D180
:10BD70000024284600F0DAF92046F8BDF0B595B069
:10BD8000044614A9204602F07BF80546002D24D174
:10BD900094F83000410620D5000611D51498626C45
:10BDA0000123407804F15001FFF728FA10B1012077
:10BDB00015B0F0BD94F8300000F07F0084F830003A
:10BDC00000F075FE064614980178042906D0A16C8F
:10BDD00001F0FBF90546002D62D086E0204600F018
:10BDE000EDF9054635B94FF0FF322046216C00F0E1
:10BDF000FCF90546002D78D14FF48C6000F094F9E1
:10BE0000074638000BD01498C76007F50071016130
:10BE10002146684601F0C0F8054615B13CE0112006
:10BE2000C6E7149801690A7942F020020A71E179A3
:10BE3000026941F0010182F821100069A1683430E3
:10BE400001F0F0FBD4E9042314980069383001F0C4
:10BE5000F1FBD4E9042314980069283001F0EAFBCF
:10BE60001498314600690C3001F0DCFB1498002175
:10BE7000026951750069103001F0D4FB684601F089
:10BE800001FC054645B9149801F03EFC054614F83E
:10BE9000300F00F0BF002070384600F047F924E072
:10BEA000E56CE87A40F02000E8722946A268206834
:10BEB00001F0A4FB05F11C00216901F0B3FB314640
:10BEC00005F1160001F0AEFB002105F1120001F0B2
:10BED000D5FB14980121C17001F016FC054694F8B9
:10BEE000300000F0BF0084F83000284660E72DE9FC
:10BEF000FF4F83B080468B4692460699002008602B
:10BF000001A9404601F0BCFF002808D198F8310093
:10BF1000002804D198F83000800703D4072007B028
:10BF2000BDE8F08F01980078042807D0D8F83800D1
:10BF300010EB0A01814201D26FEA000A08F15000B9
:10BF40000290CAE0B8F83800C0057AD1D8E90E01ED
:10BF5000019A440A44EAC1545289521E14402CBB2F
:10BF6000084310D04046D8F84010FEF701FC0028E6
:10BF700069D0012810D0411C12D0C8F84000D8F870
:10BF8000081089B112E0D8F808000028EFD100218C
:10BF90004046FEF7EDFBEAE7022088F83100BEE7F5
:10BFA000012088F83100BAE7C8F8080098F8300096
:10BFB000000612D50198D8F8442001234078029950
:10BFC000FFF71CF918B1012088F83100A7E798F8AD
:10BFD000300000F07F0088F83000D8F84010019859
:10BFE000FEF7D0FAA0B106194FEA5A2555B30198C9
:10BFF000621941898A4200D90D1B40782B4632468E
:10C000005946FFF7FBF838B1012088F8310086E780
:10C01000022088F8310082E7D8F84400801BA8424B
:10C020000CD20BEB40214FF40072029801F0BEF8E5
:10C0300098F8300000F07F0088F830004FEA45297A
:10C0400030E01AE000E04CE0D8F84400B04212D0F2
:10C05000D8E90E30D8E904219A1A88410BD2019808
:10C060000123324640780299FFF7AEF818B101205B
:10C0700088F8310053E7C8F84460B8F83800C0F3D6
:10C080000800C0F50079D14500D9D1464044503070
:10C090004A46594601F08AF898F8300040F080008E
:10C0A00088F83000CB44D8E90E1511EB090445F1AE
:10C0B0000005C8E90E45D8E90467301B77EB050099
:10C0C00001D334463D46C8E904450698006800EBB4
:10C0D000090106980160AAEB090ABAF1000F7FF482
:10C0E00031AF98F8300040F0400088F83000002070
:10C0F00015E70000802804D30A4A39B1FF2801D986
:10C1000000207047803832F810007047002132F864
:10C110001130834203D0491C89B28029F7D3803182
:10C12000C8B27047EEDF000800F0FEBF00F0FCBAB6
:10C1300030B5B0F5805F01D21E4900E01E4931F8EC
:10C14000022B002A14D0904212D331F8023B1C0A71
:10C15000DBB2D518854228D9092C09D2DFE804F0D2
:10C1600005090F1215181B1E2100801A31F8100046
:10C1700030BD811A01F00101401A80B230BD103883
:10C1800080B230BD203880B230BD303880B230BD92
:10C190001A3880B230BD083080B230BD503880B21D
:10C1A00030BDA0F5E35080B230BD002CC7D101EB0B
:10C1B0004301C4E7EEE00008E0E2000870B506467F
:10C1C000F07903280FD1B468B56908E0621C2146F4
:10C1D000306801F0ADF8002806D1641C6D1E002DFA
:10C1E000F4D10020F071002070BD70B504460D46FA
:10C1F00016460FE0012802D92A1A921C00E03246A6
:10C20000291A491C206801F093F8002805D1E0693B
:10C21000401EE061E0690028ECD170BD2DE9F047D7
:10C22000064691468F1EF069801EB84200D800274E
:10C230003C46A04600254FF4007A306B00EB1431E9
:10C24000304600F0C2FF18B14FF0FF30BDE8F08774
:10C25000C4F3C80104F0070201209040C0B2F369A2
:10C260009B1E721892F8382002404006000E641C93
:10C270009C4202D30024002051462AB1A04600254A
:10C28000BC4207D10020E1E76D1C4D45F8D108F113
:10C290000200DBE70028E4D10120491C5145E0D32E
:10C2A000CBE700002DE9FF5F0E4617464FF0000870
:10C2B000C6F8008000F083FC0546280003D50B205B
:10C2C00004B0BDE8F09FDE4850F825409CB13460D2
:10C2D00007F0FE06207820B16078FEF783FFC107E3
:10C2E0000BD084F80080E8B26070FEF749FFC10708
:10C2F0000AD00320E4E70C20E2E71EB1400701D595
:10C300000A20DDE70020DBE71EB1400701D50A2047
:10C31000D6E7002529462046FEF70EF802281FD151
:10C320006F4604EB051000F5FB70017919B1083078
:10C3300000F0FFFC00E0002047F825006D1C042DF4
:10C34000EFD3002657F8265025B129462046FDF7A1
:10C35000F3FF00E00320022802D3761C042EF1D361
:10C36000042803D0022803D30D20A9E70120A7E762
:10C370004FF0FF394FF4007A012807D004F1430051
:10C3800000F00EFD50457AD00D2099E70B2000E01B
:10C39000401C402804D2211891F838100029F7D009
:10C3A000402801D20D208BE704F1A00000F0F8FC3A
:10C3B000B0F5807F01D00D2082E794F8A4004FF003
:10C3C000010B0BFA00F0504501D00D2078E704F185
:10C3D000800000F0B9FC461941EB0807012F01D39A
:10C3E0000D206DE704F18C0000F0A3FC206294F8AE
:10C3F000A600A070012801D00D2061E794F8A500E7
:10C400000BFA00FB1FFA8BF0608148B104F1940035
:10C4100000F08FFC83468B498B4503D90D204FE7F5
:10C420000D204DE70BF10200E061656204F1900020
:10C4300000F07FFC2844206304F1880000F079FCC0
:10C440002844A0626089216B00FB0BF0081848EBC0
:10C450000808301A77EB080701D20D2030E704F105
:10C46000980000F066FCE06201462046FEF78AF87C
:10C470000146204600F0A9FE10B1012020E717E098
:10C480000025601990F83810812904D14C3000F053
:10C4900050FC022802D020355545F2D3554501D134
:10C4A0000D200DE7C4F81890C4F814900426BBE0E2
:10C4B00004F14E0000F074FC18B904F15C0000F0C7
:10C4C00038FC206294F84870A770012F03D0022F27
:10C4D00001D00D20F4E6474394F84500608110B187
:10C4E000411E084201D00D20EAE604F1490000F0A7
:10C4F00057FC2081000701D00D20E1E604F14B003C
:10C5000000F04EFC0646300004D104F1580000F063
:10C5100010FC064604F1460000F042FC014639B129
:10C520002389C81900EB1312964203D20D20C7E6E7
:10C530000D20C5E6B01A6689B0FBF6F030B30326CD
:10C540004FF6F57C604500D8022640F6F57C604544
:10C5500000D80126801CE06165622944A1622A445A
:10C560002263032E14D033B33944E162022E24D067
:10C5700000F0010100EB400001EB5000216A00F2E5
:10C58000FF10B1EB502F1AD20D2099E60D2097E63F
:10C5900004F1620000F004FC08B10D2090E620894F
:10C5A00008B10D208CE604F1640000F0C2FBE062EB
:10C5B000E0698000E2E70D2082E64000DEE7C4F893
:10C5C0001890C4F8149080202071032E2CD104F10F
:10C5D000680000F0E5FB012826D1691C204600F028
:10C5E000F4FD08BB84F8048004F2362000F0D8FB88
:10C5F000A0F52A41553917D104F1380000F099FB14
:10C600001149884210D104F5077000F092FB0F49E0
:10C61000884209D104F5087000F08BFBA06104F595
:10C62000097000F086FB606126700549091F0888C3
:10C63000401C0880E0802046FDF794FF00203FE684
:10C6400024000020FDFFFF7F525261417272416160
:10C6500073B50446256801E0401C019001980178FB
:10C660002F29F9D05C29F7D00020A060E061019863
:10C670000078202807D2802084F84B000021204633
:10C68000FEF72BFD7CBD01A92046FEF715F9002819
:10C69000F8D12046FEF791FA94F84B1028B10428FF
:10C6A000F0D14907EED405207CBD4907FCD4A07920
:10C6B000C00601D405207CBD2878042809D0208E2E
:10C6C000C0F3080041193831284600F01FFBA06074
:10C6D000D9E7A16821622069E17920F0FF000843D1
:10C6E0006062E16CA1622869343000F022FBA06036
:10C6F000286990F8210000F00201E17128693830C2
:10C7000000F022FBC4E90401BDE7000038B504468F
:10C7100000944FF47A73012269460248F6F7ADFDA2
:10C72000204638BDFC03002010B5002821D0114B55
:10C730000022001F196803E0814203D80A464968B5
:10C740000029F9D152B11368841A9C4204D10068BF
:10C7500018441060104602E0506000E0186039B1E3
:10C7600002680B1A934203D10B681A4402604968AD
:10C77000416010BDD80000207CB5054616461C4619
:10C780000B22284600F012FD052C11D91B480CE0A5
:10C79000B61C002322460C4662F35F044908E203FC
:10C7A00000D544405B1C102BF4D331880029EFD115
:10C7B00007216B4604F00F023032392A01D9D21D0D
:10C7C000D2B20846491E1A542409002CF2D17E2008
:10C7D0005854002200E0521C8A4202D2A85C202851
:10C7E000F9D1082903D20846491C185C00E0202032
:10C7F0001446521C2855082AF3D37CBD2110010091
:10C80000F8B50546012408212048F6F755FB01221A
:10C8100029461F48FEF79CFF1E4D287008211B4823
:10C82000F6F7B8FB287810B13220FCF7F5F80022B3
:10C8300013461748FEF73DFE0027FDF737FF4FF47C
:10C8400080461CE008211148F6F736FB6B4632465D
:10C8500011490F48FFF790F908210C48F6F79AFBA9
:10C86000BDF800100C48FDF7F9FE0746BDF80000C2
:10C87000A860B04200D20024296908442861002C35
:10C88000E0D10348FEF7EEFD3846F8BD4C0200202B
:10C89000986C002048000020381D0020F8B50124C5
:10C8A000012225A12748FEF753FF274D287010B11C
:10C8B0003120FCF7B1F823484FF47023D0E904127B
:10C8C0000020591A904102D23820FCF7A5F8002622
:10C8D000FDF7ECFE4FF480471CE008211B48F6F7FB
:10C8E000EBFA6B463A461A491648FFF745F9082114
:10C8F0001648F6F74FFBBDF800101548FDF7AEFEE1
:10C900000646BDF80010A960B94200D2002428698B
:10C9100008442861002CE0D12C690E4D04E0FF2072
:10C92000FDF7B4FE0646641CAC42F8D30548FEF79A
:10C9300099FD3046F8BD00002F6C645F6D63752E65
:10C9400062696E00486A0020480000204C02002006
:10C95000381D0020FFFF0F0870B5FDF7A7FE044C3F
:10C96000044D2078FDF792FE641CAC42F9D370BDF3
:10C9700000000108FFFF0F082DE9F04702460D46B1
:10C980001468022D02D3E069A84201D801268BE089
:10C990004FF0FF362078012809D002282DD0F10D64
:10C9A00001EA8507032837D004287CD142E005EB53
:10C9B0005507A06A00EB5721204600F006FC00282E
:10C9C00072D1C7F30800204407F1010890F83890AD
:10C9D000A06A00EB5821204600F0F7FB48BBC8F3E3
:10C9E0000800204490F8380049EA0020E90701D007
:10C9F000060959E0C0F30B0656E0A06A00EB1521CA
:10CA0000204600F0E2FBA0B9E8B204EB4000383069
:10CA100000F0C6F9064647E0A06A00EBD5112046B3
:10CA200000F0D3FB28B93819383000F082F920F033
:10CA3000704639E0D2E9040150EA010333D093682B
:10CA4000EB1A401E41F1FF31400A40EAC1506189B2
:10CA5000B0FBF1F1D0796FF0004C022807D18B4286
:10CA600005D801D166461FE005F101061CE0032848
:10CA700004D19169994201D96E1C15E0022812D0A7
:10CA8000D06908B166460FE0A06A00EBD5112046D8
:10CA900000F09BFB40B93819383000F04AF920F01B
:10CAA000004601E0FFE701263046BDE8F0870020A0
:10CAB00070472DE9F04706460C46D6F800904FF037
:10CAC000000884F81A80B06B002876D099F800002E
:10CAD000042805D0F06C401C22D000252F4614E01D
:10CAE0002146D9F81000BDE8F04700F089B80021D0
:10CAF000FFF700FB18B1FF2D03D300250DE0002543
:10CB00000BE0294621446D1C8876D9F80C10384674
:10CB10007F1C31F810000028E9D1601980F81A80D4
:10CB200000221346A07E4FF02E0C29E0F56B19462B
:10CB30005B1C695C202923D0052900D1E521092B44
:10CB400008D110B9A51885F81AC015462544521CFD
:10CB500085F80DC0A518697388B9A1F14107192F8F
:10CB60000CD8F76B092B97F80C9001D3102700E035
:10CB7000082719EA070F01D02031C9B2A976521C43
:10CB80000B2BD3D330B9A01880F81A80F06B007B40
:10CB900000B90022A01880F80D80F06BC07A2073D5
:10CBA000F06B1C3000F0C5F8C4E90008F06B1630DB
:10CBB00000F0BFF86081000C2081BDE8F08710B55F
:10CBC00004464FF0FF302368002B0BD0194600E0DD
:10CBD000491C0A78202A01D33A2AF9D10A783A2A3C
:10CBE00001D0002010BD13F8012B303A0A2AF9D2E7
:10CBF0008B42F7D1002AF5D11046491C216010BDA7
:10CC00002DE9F04107460E4600244025A04614E0D9
:10CC1000E80600D1AD1C781900F0C2F80021FFF73A
:10CC200069FA08B1FF2C01D300240AE021463144FF
:10CC3000641C8876AD1C08F1010897F82300404574
:10CC4000E6D814B93F200124B07600203119887647
:10CC5000707338793073C00602D50020014603E0B6
:10CC600007F1380000F070F8C6E9000107F10C0088
:10CC700000F096F8708107F10E0000F091F8308115
:10CC8000BDE8F081F0B5024600201F4D146805EBA9
:10CC900000131E68A64207D15E689768BE4203D1A2
:10CCA0009B68166BB34202D0401CFF28EFD3FF28CD
:10CCB00014D1002000E0401CFF2804D205EB001333
:10CCC0001B68002BF7D1FF280FD005EB00131C6069
:10CCD00094685C60126B9A6000229A8139B105EB0E
:10CCE000001292891AB10020F0BD0020F0BD11B1F0
:10CCF0004FF4807103E005EB00118989491C05EBB5
:10CD000000129181401CF0BD3C0D002070B506461C
:10CD10000D4605F11A0000F043F804463078032868
:10CD200005D105F1140000F03BF844EA0044204628
:10CD300070BDC178827842EA0121427842EA01213D
:10CD4000007840EA0120704710B5C17983790A0E56
:10CD500043EA01211202437942EA116243EA0121C6
:10CD60001202037942EA116243EA01211202C378F6
:10CD700042EA116243EA01211202837842EA116217
:10CD800043EA0121130243EA11630A0241780A438C
:10CD90001902007841EA126140EA0222104610BDF1
:10CDA0004178007840EA01207047000010B5202348
:10CDB0001F22002121A0FBF7B5FB4FF4007423468E
:10CDC00040F21F22202126A0FBF7ACFBA30040F677
:10CDD0001F224FF408712BA0FBF7A4FB41F667520A
:10CDE000D11E31A0FBF79EFB41F66B52D11E36A03F
:10CDF000FBF798FB41F66F52D11E3BA0FBF792FB6D
:10CE000041F67352D11E40A0FBF78CFB41F67752DE
:10CE1000D11E45A0FBF786FB234641F67F724FF4F7
:10CE2000EC5149A0FBF77EFBBDE81040802341F6A2
:10CE3000FF724FF4FC514EA0FBF774BB4D522045DE
:10CE400050524F4D3A3078253034582D2D2D3078B2
:10CE5000253034582873697A653A2564290A000018
:10CE6000444D204550524F4D3A3078253034582D9E
:10CE70002D2D3078253034582873697A653A256429
:10CE8000290A00004644204550524F4D3A3078253B
:10CE90003034582D2D2D3078253034582873697A48
:10CEA000653A2564290A00004D522043524320452B
:10CEB00050524F4D3A3078253034582D2D2D307842
:10CEC000253034580A000000444D20435243204589
:10CED00050524F4D3A3078253034582D2D2D307822
:10CEE000253034580A000000464420435243204570
:10CEF00050524F4D3A3078253034582D2D2D307802
:10CF0000253034580A0000004D4355204352432039
:10CF10004550524F4D3A3078253034582D2D2D3014
:10CF200078253034580A00004C43442043524320B3
:10CF30004550524F4D3A3078253034582D2D2D30F4
:10CF400078253034580A0000434F4E464947204563
:10CF500050524F4D3A3078253034582D2D2D3078A1
:10CF6000253034582873697A653A2564290A000007
:10CF70004C4F47494E464F204550524F4D3A30781E
:10CF8000253034582D2D2D307825303458287369AC
:10CF90007A653A2564290A0010B5044608682060BD
:10CFA000086AA06091F82400E071486A002220F02D
:10CFB000FF00C4E90402896AE1642046FEF78DF8A7
:10CFC000002804D12046BDE8104000F001B810BD93
:10CFD0002DE9F041044620680669A16B00F0F5F8E0
:10CFE000002804D1E16B0878852802D00220BDE832
:10CFF000F0812022304600F0D9F87078401C4701BB
:10D00000A7F16000B0F5007F01D90220EFE7002111
:10D010002046FDF779FE0028E9D1A16B206800F0D9
:10D02000D4F80028E3D1E16B0878C02801D00220B1
:10D03000DDE7202206F1200000F0B8F896F8230082
:10D040000F212C30B0FBF1F0B7EB401F01D20220D2
:10D05000CDE740254FF4187800212046FDF754FE17
:10D060000028C4D1A16B206800F0AFF80028BED121
:10D07000E16B0878C12801D00220B8E7454503D20A
:10D080007019202200F092F82035BD42E4D34545C6
:10D090000AD8304600F00FFF0446B01CFFF780FEB0
:10D0A000844201D00220A2E70020A0E700F08CFA21
:10D0B000F4F7FAFDF7F756FCF7F760F8F7F71EF804
:10D0C000F7F7ECF9F6F7D6FFF7F706F8F7F7B4F944
:10D0D000F7F7D2F9F7F750FAF7F7ACFAF7F732FBB0
:10D0E000F7F79EFBF7F7B8FBF7F7D2FBF7F784F9F2
:10D0F000F7F7F4F9F7F7E8FBF7F732F8F7F700FC82
:10D10000F7F720FAF7F7FAFAFBF79CFEF3F76EFE53
:10D11000002208210348F4F70CF8F7F711FCFCF79C
:10D120004DF9FAE700180240F0B50B30154D20F02C
:10D1300007010024144A0FE003688B420BD38B4293
:10D1400005D95E1A43184768C3E9006700E04368E1
:10D15000136002C004E0021D10680028ECD12046D4
:10D16000002802D1286808B10020F0BD064A07480F
:10D170001060074A121A22F00702C0E900240120B9
:10D180002860D7E7DC000020D8000020CC73002006
:10D19000C893002010B510F8013B11F8014B1B1B80
:10D1A000521E01D0002BF6D0184610BD002A05D023
:10D1B00011F8013B00F8013B521EF9D17047C9B28A
:10D1C00000F8011B521EFBD1704770B504460E4695
:10D1D0000025606BB04210D0204600F0D9FA054619
:10D1E0005DB960780123324604F13801FDF7ECFFA8
:10D1F00010B14FF0FF3601256663284670BD000070
:10D200002DE9F04707460E4606F11A00FFF7C8FD64
:10D2100010B10020BDE8F087307820F04000401EBB
:10D2200000EB800101EBC0044FF0010A0025DFF89C
:10D2300050804FF6FF7918F805003044FFF7B0FD35
:10D24000BAF1000F09D0FF2C01D30020E2E72146FC
:10D250008246641C27F8110003E0484501D00020F5
:10D26000D8E76D1C0D2DE6D33078400606D5FF2C8F
:10D2700001D30020CEE7002027F814000120C9E7E1
:10D28000E0DF000810B580211A48F2F7E3FF1A48E2
:10D29000F2F7F5FF81B21848FDF7BEFF4FF47A733D
:10D2A000062214491548F5F78FFF13490622891DF8
:10D2B0001048FDF773F910B111A0FBF733F90E48D0
:10D2C0000C30F2F7DCFF81B20B480C30FDF7A4FF05
:10D2D0000A20F3F7E1FC08482630F2F7D0FF81B2CC
:10D2E00005482630FDF798FFBDE8104040F6B830FD
:10D2F000F3F7D2BC385D00208000002044040020F9
:10D30000426F6F746C6F616465723A446F6E65480A
:10D31000616E646C65722C6C6364207368616B650C
:10D320002068616E6420726573706F6E64210A00FC
:10D330002DE9F04704460D4617460226022D77D305
:10D34000E069A84274D920784FF00109012806D07D
:10D3500002283CD003284DD0042869D14AE005EBCF
:10D360005508A06A00EB58212046FFF72EFF06461D
:10D3700030005DD1C8F30800204408F1010A3830BC
:10D38000E90704D00178FAB262F31F1100E03946D0
:10D39000017084F80390A06A00EB5A212046FFF741
:10D3A00014FF0646300043D1CAF308002044383049
:10D3B000E90702D0C7F3071105E00178C7F303229C
:10D3C00001F0F0011143017084F8039030E0A06A8D
:10D3D00000EB15212046FFF7F8FE0646300027D166
:10D3E000E8B204EB4000B9B2383000F047F984F8F5
:10D3F00003901DE0A06A00EBD5112046FFF7E5FE83
:10D400000646300014D140F2FF1000EA8500217872
:10D4100005193835042905D02846FFF78AFC67F33B
:10D420001B0007462846394600F0FCF884F80390B4
:10D430003046BDE8F08700002DE9F05F81460E46DA
:10D44000904673730F20F07200203073002106F1B4
:10D450001A0000F013F9A8F1010000EB800101EBC4
:10D46000C00500242746DFF840B04FF6FF7A544548
:10D4700003D028466D1C39F810401BF807002146E0
:10D48000304400F0FBF804B954467F1C0D2FEED356
:10D49000544502D039F8150008B948F0400886F81C
:10D4A0000080BDE8F09F0000E0DF0008064801684A
:10D4B000064801600449091D0968416002490831B4
:10D4C0000968816070470000107AFF1FB873002060
:10D4D0002DE9F04780460F469146D8F80040BA46FD
:10D4E0003E46022F02D3E069B84202D80220BDE8CE
:10D4F000F087B9F1000F0ED02078042803D198F8F6
:10D500000700022807D04FF0FF3249462046FFF7B8
:10D510000FFF0028EBD139464046FFF72DFA0546AC
:10D52000280034D0012D1BD0681C1BD02078042883
:10D5300006D0002239462046FFF7FAFE0028D6D151
:10D54000D4E90601891E884205D2401CA0612079D9
:10D5500040F001002071701CA84205D12E4612E057
:10D560000220C4E70120C2E72078042809D1A6EBF5
:10D570000A02521C002351462046FCF793FE002865
:10D58000B5D12E46AA462F46E069B842C3D82078C6
:10D59000042817D1B9F1000F04D098F80700032828
:10D5A00004D00FE0002088F807000BE0D8F808004E
:10D5B000484507D8D8F818100844484502D3022037
:10D5C00088F80700002092E710B5F3F741FBF7F762
:10D5D00015FAFAF747FF62B610BD00204FF47A71D2
:10D5E00000BF00BF00BF00BF00BF00BF00BF00BF43
:10D5F00000BF00BF401C8842F2D3704770B506469A
:10D600000C461546A9B204F11A0000F037F830783C
:10D61000032806D1290C04F11400BDE8704000F085
:10D620002DB870BD0170090A4170090A8170090A9C
:10D63000C17070470270120A42EA03621B0A42700C
:10D64000120A42EA03621B0A8270120A42EA036269
:10D650001B0AC270120A42EA03621B0A0271120A12
:10D6600042EA03621B0A4271120A42EA03621B0A7F
:10D670008271120A42EA0362C27170470170090A9C
:10D68000417070472DE9F04105462868066930462B
:10D6900000F011FC0146B01CFFF7F0FF77787F1C0B
:10D6A0002846E96CFDF719FD044615E0A96B2868CA
:10D6B000FFF78BFD04468CB920223146E86BFFF75B
:10D6C00075FD29680120C8707F1E07D02036002113
:10D6D0002846FDF719FB0446002CE7D024B1012CA5
:10D6E00002D00220BDE8F0812046FBE70146002081
:10D6F0000B22430803EBC01011F8013B1844C0B2E1
:10D70000521EF6D17047000070B50446204600F066
:10D710003FF80546B5BB207803282CD12079012895
:10D7200029D1420204F1380000210646FFF747FDE7
:10D730004AF6552104F23620FFF7A0FF1249304681
:10D74000FFF770FF114904F50770FFF76BFF04F551
:10D750000870A169FFF766FF04F509706169FFF7BA
:10D7600061FF626A521C6263607801233146FDF7F3
:10D7700045FD00202071002260781146FDF716FD5E
:10D7800000B10125284670BD52526141727241615B
:10D790002DE9F04104460027E07800281FD0666B91
:10D7A00004F138016078012332468846FDF726FDF2
:10D7B00008B1012713E00020E070A06A216A301A46
:10D7C00088420CD2A57808E0206A064460780123DC
:10D7D00032464146FDF712FD6D1E022DF4D2384649
:10D7E000BDE8F08138B5012221A12448FDF7B0FF42
:10D7F000234C207040B102461DA122A0FAF792FEF0
:10D800003320FBF709F938BD024619A127A0FAF722
:10D8100089FE002213461948FDF74BFE08212E48C9
:10D82000F5F74AFB4FF400556B462A462B4913483F
:10D83000FEF7A2F9207008212748F5F7ABFB207806
:10D8400010B90098A84202D03320FBF7E5F80B4846
:10D85000FDF708FE2A4621490020FDF783FD10B19F
:10D860003720FBF7D9F84920FBF7D6F838BD000080
:10D870002F6C6570726F6D2E62696E0038710020BA
:10D8800048000020426F6F744C6F616465723A4FBC
:10D8900070656E202573206661696C2C45434F448A
:10D8A000453D307825303258480A0000426F6F7489
:10D8B0004C6F616465723A4F70656E2025732073FA
:10D8C00075636573732C45434F44453D307825306F
:10D8D0003258480A000000004C020020381D002089
:10D8E0002DE9F04F85B004469AA003C8CDE90101A7
:10D8F0004FF4006899480490012221469848FDF7AA
:10D9000027FFDFF8609289F8000010B13220FBF7A2
:10D9100083F8002213469248FDF7CBFD99F80020CA
:10D92000214691A0FAF7FEFD8D480569994EEE203B
:10D930003070FB2070700820B0700420F0704FF041
:10D94000000A86F804A086F805A0280EB071280CFD
:10D95000F071280A307275723320B0723A20F0727A
:10D960002F21601CF2F781FC074600244FF05C0B6E
:10D9700005E0385D2F2857D031190873641C3846EC
:10D98000F2F77DFCA042F4D83846F2F778FC814CDF
:10D99000FF26204406733846F2F771FC2044FC2130
:10D9A00041733846F2F76BFC204486733846F2F731
:10D9B00066FC2044C67378A0FAF7B4FD002441F257
:10D9C0008836641CE4B273490123802280390498AC
:10D9D000F5F7FAFB6F4880218038F2F73BFCA9F895
:10D9E00004A03846F2F74BFC103081B26948FDF7CD
:10D9F00013FC68493346072280390498F5F7E4FBA5
:10DA00000A20F3F749F96348072201A98038FCF797
:10DA1000C5FD01280CD00A20F3F73EF90A2CD0D915
:10DA20004520FAF7F9FFCCE7301980F80CB0A5E7EC
:10DA3000002400200390FCF739FE002780E040F628
:10DA400004015448F2F706FCDFF848B18BF80040B7
:10DA5000E0438BF80100464607EB060AAA4500D9C9
:10DA6000EE1B08215948F5F727FA32465E466B4609
:10DA7000B11C3B48FEF780F889F8000008215348A4
:10DA8000F5F788FAB01C0099FCF7E8FD039099F8C7
:10DA9000000010B13220FAF7BFFF0021002040F64D
:10DAA0000202335C194489B2401C9042F9D3C84346
:10DAB000010A86F8021886F80308002608F1040B0C
:10DAC000761CF6B2394642A0FAF72CFD3149012303
:10DAD000802280390498F5F777FB2E488021803822
:10DAE000F2F7B8FB1FFA8BF12A48FDF795FB29499D
:10DAF00040F6B833022280390498F5F765FB58B137
:10DB000041A0FAF70FFD6420F3F7C6F80A2ED7D923
:10DB10004520FAF781FFD3E71E4B601C803B02468D
:10DB20005978C043C0B2814204D01B789342C7D118
:10DB30008142C5D1641CE4B239A0FAF7F3FC574620
:10DB4000AF42FFF47CAF0648FDF78CFC039805B0AC
:10DB5000BDE8F08FEEFB01FFFCFFFF004404002056
:10DB6000986C002048000020426F6F746C6F6164F5
:10DB700065723A4F70656E20257320737563657307
:10DB8000732C45434F44453D307825303258482E5C
:10DB90000A000000B85D0020426F6F746C6F616412
:10DBA00065722D3E7570646174654C63644170707C
:10DBB0003A53656E6420646F776E6C6F61642063A6
:10DBC0006F6D6D616E642E0A000000004C02002033
:10DBD000426F6F746C6F616465722D3E7570646125
:10DBE00074654C63644170703A53656E6420666975
:10DBF0006C6520626C6F636B206174203078253017
:10DC00003858482C0000000074696D656F757420E9
:10DC10006F7220696E76616C696420534E210A0030
:10DC20006F6B210A000000002DE9F041ADF51E7D6B
:10DC3000804642AC8AAF41463846FDF726FF1D4D6F
:10DC400028702EE021463846FEF760F8287058BB51
:10DC5000A07E48B32E2824D004F11A064FF4807118
:10DC600002A8F2F7F7FA2F23424613A102A8009662
:10DC7000FAF768FC207BC00609D502A8FFF7D4FF9D
:10DC8000287070B128780DF51E7DBDE8F08102A9DD
:10DC90000BA0FAF747FC02A8FFF722FE296A084406
:10DCA000286228780028CDD03846FDF7F0FB287888
:10DCB000E9E7000048000020257325632573000074
:10DCC000426F6F746C6F616465723A637263204C6B
:10DCD00063642066696C653A25730A00F8B501270C
:10DCE00001223DA13F48FDF733FD3F4D287010B1A3
:10DCF0003120FAF791FE2A7837A13CA0FAF712FCFE
:10DD000038484FF470230021D0E904209A1A814149
:10DD100002D23820FAF780FEF3F768F83F493E4810
:10DD20000860F2F745FC10B13520FAF775FE3C4C5F
:10DD30004FF470212046FCF7F3FA3AA0FAF7F2FB11
:10DD40004349E9602C610026FCF7B0FC2DE0082176
:10DD50004048F5F7B1F84FF480446B4622463C4901
:10DD60002048FDF709FF08213A48F5F713F938482C
:10DD70000099FCF773FC06460098A860A04200D208
:10DD8000002700240AE0E868015928692044F2F7D6
:10DD900093FC10B14320FAF73FFE241DA86884428B
:10DDA000F1D32869A96808442861002FCFD12C69D4
:10DDB000294D04E0FF20FCF769FC0646641CAC42D8
:10DDC000F8D3F2F7CBFF25A0FAF7ACFB0548FDF737
:10DDD00049FB3046F8BD00002F6C645F6D63752E03
:10DDE00062696E00486A002048000020426F6F742C
:10DDF0006C6F616465723A4F70656E202573207395
:10DE000075636573732C45434F44453D3078253029
:10DE10003258482E0A000000910001000C3C0240DC
:10DE200000000108426F6F746C6F616465723A455F
:10DE300072617365206D6375206170706C696361D8
:10DE400074696F6E207375636573732E0A0000002A
:10DE5000381D00204C020020FFFF0F08426F6F7436
:10DE60006C6F616465723A5772697465206D637591
:10DE7000206170702066696E6973682E0A00000068
:10DE800070B504460E460925002C0DD0206858B107
:10DE9000017849B1A188C288914205D14078FDF747
:10DEA000A1F9C00700D100251DB10020306028462F
:10DEB00070BD2068FAE730B504466078401C430125
:10DEC000002001464FF400450EE0022903D0C207AE
:10DED00003D02A4602E0032105E0002202EB5000B5
:10DEE000625C104480B2491C9942EED330BD70B5DB
:10DEF000054600244FF4004615E0FEF719F9E10746
:10DF000001D0314600E0002101EB5401C2B21144BE
:10DF100089B2CA0701D0324600E0002202EB51016B
:10DF200001EB102084B235F8020B0028E5D1204621
:10DF300070BD0000317900081D7A0008A57900083D
:10DF4000357A000835790008000000000000000064
:10DF5000010203040607080900000000010203048F
:10DF6000809A45418E418F804545454949498E8F6C
:10DF70009092924F994F555559999A9B9C9D9E9F6F
:10DF800041494F55A5A5A6A7A8A9AAABACADAEAF70
:10DF9000B0B1B2B3B4B5B6B7B8B9BABBBCBDBEBF09
:10DFA000C0C1C2C3C4C5C6C7C8C9CACBCCCDCECFF9
:10DFB000D0D1D2D3D4D5D6D7D8D9DADBDCDDDEDFE9
:10DFC000E0E1E2E3E4E5E6E7E8E9EAEBECEDEEEFD9
:10DFD000F0F1F2F3F4F5F6F7F8F9FAFBFCFDFEFFC9
:10DFE00001030507090E10121416181C1E00C700A5
:10DFF000FC00E900E200E400E000E500E700EA00E0
:10E00000EB00E800EF00EE00EC00C400C500C90022
:10E01000E600C600F400F600F200FB00F900FF0085
:10E02000D600DC00A200A300A500A7209201E10019
:10E03000ED00F300FA00F100D100AA00BA00BF0021
:10E040001023AC00BD00BC00A100AB00BB009125BB
:10E0500092259325022524256125622556255525DF
:10E060006325512557255D255C255B251025142545
:10E0700034252C251C2500253C255E255F255A25A9
:10E08000542569256625602550256C25672568255A
:10E090006425652559255825522553256B256A2564
:10E0A00018250C25882584258C2590258025B103ED
:10E0B000DF009303C003A303C303B500C403A60397
:10E0C0009803A903B4031E22C603B50329226122C3
:10E0D000B1006522642220232123F7004822B000EA
:10E0E0001922B7001A227F20B200A025A0006100EB
:10E0F0001A03E0001703F8000703FF00010078018E
:10E100000001300132010601390110014A012E01DE
:10E110007901060180014D004302810182018201E3
:10E120008401840186018701870189018A018B01AD
:10E130008B018D018E018F0190019101910193015D
:10E140009401F60196019701980198013D029B0107
:10E150009C019D0120029F01A001A001A201A2013A
:10E16000A401A401A601A701A701A901AA01AB016D
:10E17000AC01AC01AE01AF01AF01B101B201B3011D
:10E18000B301B501B501B701B801B801BA01BB01CE
:10E19000BC01BC01BE01F701C001C101C201C30144
:10E1A000C401C501C401C701C801C701CA01CB012F
:10E1B000CA01CD011001DD0101008E01DE01120155
:10E1C000F3010300F101F401F401F8012801220236
:10E1D00012013A020900652C3B023B023D02662C0B
:10E1E0003F0240024102410246020A01530240003E
:10E1F00081018601550289018A0158028F015A0264
:10E2000090015C025D025E025F02930161026202A4
:10E2100094016402650266026702970196016A0230
:10E22000622C6C026D026E029C01700271029D01F3
:10E23000730274029F0176027702780279027A02F1
:10E240007B027C02642C7E027F02A6018102820294
:10E25000A9018402850286028702AE014402B1014F
:10E26000B20145028D028E028F0290029102B70127
:10E270007B030300FD03FE03FF03AC0304008603DE
:10E28000880389038A03B1031103C2030200A303B5
:10E29000A303C4030803CC0303008C038E038F0382
:10E2A000D8031801F2030A00F903F303F403F5039A
:10E2B000F603F703F703F903FA03FA033004200324
:10E2C00050041007600422018A043601C1040E01C3
:10E2D000CF040100C004D0044401610526040000FD
:10E2E0007D1D0100632C001E9601A01E5A01001F17
:10E2F0000806101F0606201F0806301F0806401FCC
:10E300000606511F0700591F521F5B1F541F5D1F38
:10E31000561F5F1F601F0806701F0E00BA1FBB1F2D
:10E32000C81FC91FCA1FCB1FDA1FDB1FF81FF91F29
:10E33000EA1FEB1FFA1FFB1F801F0806901F08062D
:10E34000A01F0806B01F0400B81FB91FB21FBC1FD2
:10E35000CC1F0100C31FD01F0206E01F0206E51FED
:10E360000100EC1FF21F0100FC1F4E2101003221B1
:10E3700070211002842101008321D0241A05302C41
:10E380002F04602C0201672C0601752C0201802CE1
:10E390006401002D260841FF1A030000000021102F
:10E3A000422063308440A550C660E77008812991FF
:10E3B0004AA16BB18CC1ADD1CEE1EFF131121002A7
:10E3C00073325222B5529442F772D662399318834F
:10E3D0007BB35AA3BDD39CC3FFF3DEE36224433473
:10E3E00020040114E664C774A44485546AA54BB59F
:10E3F00028850995EEE5CFF5ACC58DD55336722647
:10E4000011163006D776F6669556B4465BB77AA7EE
:10E4100019973887DFF7FEE79DD7BCC7C448E55892
:10E420008668A7784008611802282338CCC9EDD93E
:10E430008EE9AFF9488969990AA92BB9F55AD44AE6
:10E44000B77A966A711A500A333A122AFDDBDCCB8E
:10E45000BFFB9EEB799B588B3BBB1AABA66C877CB2
:10E46000E44CC55C222C033C600C411CAEED8FFDDE
:10E47000ECCDCDDD2AAD0BBD688D499D977EB66E86
:10E48000D55EF44E133E322E511E700E9FFFBEEF2E
:10E49000DDDFFCCF1BBF3AAF599F788F8891A981F0
:10E4A000CAB1EBA10CD12DC14EF16FE18010A100DA
:10E4B000C230E3200450254046706760B9839893CA
:10E4C000FBA3DAB33DC31CD37FE35EF3B10290122A
:10E4D000F322D2323542145277625672EAB5CBA596
:10E4E000A89589856EF54FE52CD50DC5E234C3247A
:10E4F000A01481046674476424540544DBA7FAB76A
:10E500009987B8975FE77EF71DC73CD7D326F236C9
:10E510009106B01657667676154634564CD96DC9B5
:10E520000EF92FE9C899E9898AB9ABA94458654819
:10E5300006782768C018E1088238A3287DCB5CDB09
:10E540003FEB1EFBF98BD89BBBAB9ABB754A545A69
:10E55000376A167AF10AD01AB32A923A2EFD0FEDD5
:10E560006CDD4DCDAABD8BADE89DC98D267C076CB9
:10E57000645C454CA23C832CE01CC10C1FEF3EFFA9
:10E580005DCF7CDF9BAFBABFD98FF89F176E367E09
:10E59000554E745E932EB23ED10EF01E0000000068
:10E5A000963007772C610EEEBA51099919C46D07A0
:10E5B0008FF46A7035A563E9A395649E3288DB0EFB
:10E5C000A4B8DC791EE9D5E088D9D2972B4CB609DE
:10E5D000BD7CB17E072DB8E7911DBF906410B71DBB
:10E5E000F220B06A4871B9F3DE41BE847DD4DA1AF4
:10E5F000EBE4DD6D51B5D4F4C785D38356986C1325
:10E60000C0A86B647AF962FDECC9658A4F5C01149D
:10E61000D96C0663633D0FFAF50D088DC8206E3B7B
:10E620005E10694CE44160D5727167A2D1E4033C8D
:10E6300047D4044BFD850DD26BB50AA5FAA8B535B4
:10E640006C98B242D6C9BBDB40F9BCACE36CD832A3
:10E65000755CDF45CF0DD6DC593DD1ABAC30D9264A
:10E660003A00DE518051D7C81661D0BFB5F4B4214D
:10E6700023C4B3569995BACF0FA5BDB89EB802284A
:10E680000888055FB2D90CC624E90BB1877C6F2FCF
:10E69000114C6858AB1D61C13D2D66B69041DC76CA
:10E6A0000671DB01BC20D2982A10D5EF8985B171A3
:10E6B0001FB5B606A5E4BF9F33D4B8E8A2C9077852
:10E6C00034F9000F8EA8099618980EE1BB0D6A7FE9
:10E6D0002D3D6D08976C6491015C63E6F4516B6BA2
:10E6E00062616C1CD83065854E0062F2ED95066C57
:10E6F0007BA5011BC1F4088257C40FF5C6D9B065CC
:10E7000050E9B712EAB8BE8B7C88B9FCDF1DDD6228
:10E71000492DDA15F37CD38C654CD4FB5861B24D8E
:10E72000CE51B53A7400BCA3E230BBD441A5DF4A58
:10E73000D795D83D6DC4D1A4FBF4D6D36AE969431B
:10E74000FCD96E34468867ADD0B860DA732D0444C6
:10E75000E51D03335F4C0AAAC97C0DDD3C710550F1
:10E76000AA41022710100BBE86200CC925B5685798
:10E77000B3856F2009D466B99FE461CE0EF9DE5EE1
:10E7800098C9D9292298D0B0B4A8D7C7173DB35992
:10E79000810DB42E3B5CBDB7AD6CBAC02083B8ED23
:10E7A000B6B3BF9A0CE2B6039AD2B1743947D5EA30
:10E7B000AF77D29D1526DB048316DC73120B63E35F
:10E7C000843B64943E6A6D0DA85A6A7A0BCF0EE4BE
:10E7D0009DFF099327AE000AB19E077D44930FF079
:10E7E000D2A3088768F2011EFEC206695D5762F770
:10E7F000CB67658071366C19E7066B6E761BD4FEAD
:10E80000E02BD3895A7ADA10CC4ADD676FDFB9F989
:10E81000F9EFBE8E43BEB717D58EB060E8A3D6D64B
:10E820007E93D1A1C4C2D83852F2DF4FF167BBD179
:10E830006757BCA6DD06B53F4B36B248DA2B0DD87C
:10E840004C1B0AAFF64A0336607A0441C3EF60DF1F
:10E8500055DF67A8EF8E6E3179BE69468CB361CB08
:10E860001A8366BCA0D26F2536E2685295770CCC2D
:10E8700003470BBBB91602222F260555BE3BBAC56E
:10E88000280BBDB2925AB42B046AB35CA7FFD7C25F
:10E8900031CFD0B58B9ED92C1DAEDE5BB0C2649B50
:10E8A00026F263EC9CA36A750A936D02A906099C83
:10E8B0003F360EEB8567077213570005824ABF95F6
:10E8C000147AB8E2AE2BB17B381BB60C9B8ED29279
:10E8D0000DBED5E5B7EFDC7C21DFDB0BD4D2D386D0
:10E8E00042E2D4F1F8B3DD686E83DA1FCD16BE8143
:10E8F0005B26B9F6E177B06F7747B718E65A088814
:10E90000706A0FFFCA3B06665C0B0111FF9E658FA4
:10E9100069AE62F8D3FF6B6145CF6C1678E20AA04E
:10E92000EED20DD75483044EC2B30339612667A7D4
:10E93000F71660D04D476949DB776E3E4A6AD1AE23
:10E94000DC5AD6D9660BDF40F03BD83753AEBCA9B2
:10E95000C59EBBDE7FCFB247E9FFB5301CF2BDBD1F
:10E960008AC2BACA3093B353A6A3B4240536D0BA28
:10E970009306D7CD2957DE54BF67D9232E7A66B3C5
:10E98000B84A61C4021B685D942B6F2A37BE0BB472
:10E99000A18E0CC31BDF055A8DEF022D436F6E74E1
:10E9A000726F6C206572726F723A204765742044F2
:10E9B000657669636520636F6E66696775726174F9
:10E9C000696F6E2064657363726970746F72207210
:10E9D000657175657374206661696C65640000001B
:10E9E000436F6E74726F6C206572726F723A20475B
:10E9F0006574204465766963652044657363726954
:10EA000070746F72206661696C65642C2064617437
:10EA100061206275666665722073697A6520697324
:10EA200073756500436F6E74726F6C206572726FE0
:10EA3000723A2047657420537472696E672044658A
:10EA40007363726970746F72206661696C65642C9F
:10EA50002064617461206275666665722073697AEC
:10EA60006520697373756500436F6E74726F6C20F7
:10EA70006572726F723A2047657420636F6E6669C3
:10EA80006775726174696F6E204465736372697033
:10EA9000746F72206661696C65642C2064617461B6
:10EAA000206275666665722073697A652069737382
:10EAB000756500004D534300426F6F746C6F616465
:10EAC00065723A557064617465206C63642061708E
:10EAD00070206E65772063726333322073756365CF
:10EAE00073732C7761697420363073206C636420F3
:10EAF0007570677261646520646F6E650A0000005E
:10EB000004FE000800000020E00000008C850008E2
:10EB1000E4FE0008E0000020E8B200009C85000848
:10EB200000000000000000000000000000000000E5
:10EB300000000000000000000000000000000000D5
:10EB400000000000000000000000000000000000C5
:10EB500000000000000000000000000000000000B5
:10EB600000000000000000000000000000000000A5
:10EB70000000000000000000000000000000000095
:10EB80000000000000000000000000000000000085
:10EB90000000000000000000000000000000000075
:10EBA0000000000000000000000000000000000065
:10EBB0000000000000000000000000000000000055
:10EBC0000000000000000000000000000000000045
:10EBD0000000000000000000000000000000000035
:10EBE0000000000000000000000000000000000025
:10EBF0000000000000000000000000000000000015
:10EC00000000000000000000000000000000000004
:10EC100000000000000000000000000000000000F4
:10EC200000000000000000000000000000000000E4
:10EC300000000000000000000000000000000000D4
:10EC400000000000000000000000000000000000C4
:10EC500000000000000000000000000000000000B4
:10EC600000000000000000000000000000000000A4
:10EC70000000000000000000000000000000000094
:10EC80000000000000000000000000000000000084
:10EC90000000000000000000000000000000000074
:10ECA0000000000000000000000000000000000064
:10ECB0000000000000000000000000000000000054
:10ECC0000000000000000000000000000000000044
:10ECD0000000000000000000000000000000000034
:10ECE0000000000000000000000000000000000024
:10ECF0000000000000000000000000000000000014
:10ED00000000000000000000000000000000000003
:10ED100000000000000000000000000000000000F3
:10ED200000000000000000000000000000000000E3
:10ED300000000000000000000000000000000000D3
:10ED400000000000000000000000000000000000C3
:10ED500000000000000000000000000000000000B3
:10ED600000000000000000000000000000000000A3
:10ED70000000000000000000000000000000000093
:10ED80000000000000000000000000000000000083
:10ED90000000000000000000000000000000000073
:10EDA0000000000000000000000000000000000063
:10EDB0000000000000000000000000000000000053
:10EDC0000000000000000000000000000000000043
:10EDD0000000000000000000000000000000000033
:10EDE0000000000000000000000000000000000023
:10EDF0000000000000000000000000000000000013
:10EE00000000000000000000000000000000000002
:10EE100000000000000000000000000000000000F2
:10EE200000000000000000000000000000000000E2
:10EE300000000000000000000000000000000000D2
:10EE400000000000000000000000000000000000C2
:10EE500000000000000000000000000000000000B2
:10EE600000000000000000000000000000000000A2
:10EE70000000000000000000000000000000000092
:10EE80000000000000000000000000000000000082
:10EE90000000000000000000000000000000000072
:10EEA0000000000000000000000000000000000062
:10EEB0000000000000000000000000000000000052
:10EEC0000000000000000000000000000000000042
:10EED0000000000000000000000000000000000032
:10EEE0000000000000000000000000000000000022
:10EEF0000000000000000000000000000000000012
:10EF00000000000000000000000000000000000001
:10EF100000000000000000000000000000000000F1
:10EF200000000000000000000000000000000000E1
:10EF300000000000000000000000000000000000D1
:10EF400000000000000000000000000000000000C1
:10EF500000000000000000000000000000000000B1
:10EF600000000000000000000000000000000000A1
:10EF70000000000000000000000000000000000091
:10EF80000000000000000000000000000000000081
:10EF90000000000000000000000000000000000071
:10EFA0000000000000000000000000000000000061
:10EFB0000000000000000000000000000000000051
:10EFC0000000000000000000000000000000000041
:10EFD0000000000000000000000000000000000031
:10EFE0000000000000000000000000000000000021
:10EFF0000000000000000000000000000000000011
:10F000000000000000000000000000000000000000
:10F0100000000000000000000000000000000000F0
:10F0200000000000000000000000000000000000E0
:10F0300000000000000000000000000000000000D0
:10F0400000000000000000000000000000000000C0
:10F0500000000000000000000000000000000000B0
:10F0600000000000000000000000000000000000A0
:10F070000000000000000000000000000000000090
:10F080000000000000000000000000000000000080
:10F090000000000000000000000000000000000070
:10F0A0000000000000000000000000000000000060
:10F0B0000000000000000000000000000000000050
:10F0C0000000000000000000000000000000000040
:10F0D0000000000000000000000000000000000030
:10F0E0000000000000000000000000000000000020
:10F0F0000000000000000000000000000000000010
:10F1000000000000000000000000000000000000FF
:10F1100000000000000000000000000000000000EF
:10F1200000000000000000000000000000000000DF
:10F1300000000000000000000000000000000000CF
:10F1400000000000000000000000000000000000BF
:10F1500000000000000000000000000000000000AF
:10F16000000000000000000000000000000000009F
:10F17000000000000000000000000000000000008F
:10F18000000000000000000000000000000000007F
:10F19000000000000000000000000000000000006F
:10F1A000000000000000000000000000000000005F
:10F1B000000000000000000000000000000000004F
:10F1C000000000000000000000000000000000003F
:10F1D000000000000000000000000000000000002F
:10F1E000000000000000000000000000000000001F
:10F1F000000000000000000000000000000000000F
:10F2000000000000000000000000000000000000FE
:10F2100000000000000000000000000000000000EE
:10F2200000000000000000000000000000000000DE
:10F2300000000000000000000000000000000000CE
:10F2400000000000000000000000000000000000BE
:10F2500000000000000000000000000000000000AE
:10F26000000000000000000000000000000000009E
:10F27000000000000000000000000000000000008E
:10F28000000000000000000000000000000000007E
:10F29000000000000000000000000000000000006E
:10F2A000000000000000000000000000000000005E
:10F2B000000000000000000000000000000000004E
:10F2C000000000000000000000000000000000003E
:10F2D000000000000000000000000000000000002E
:10F2E000000000000000000000000000000000001E
:10F2F000000000000000000000000000000000000E
:10F3000000000000000000000000000000000000FD
:10F3100000000000000000000000000000000000ED
:10F3200000000000000000000000000000000000DD
:10F3300000000000000000000000000000000000CD
:10F3400000000000000000000000000000000000BD
:10F3500000000000000000000000000000000000AD
:10F36000000000000000000000000000000000009D
:10F37000000000000000000000000000000000008D
:10F38000000000000000000000000000000000007D
:10F39000000000000000000000000000000000006D
:10F3A000000000000000000000000000000000005D
:10F3B000000000000000000000000000000000004D
:10F3C000000000000000000000000000000000003D
:10F3D000000000000000000000000000000000002D
:10F3E000000000000000000000000000000000001D
:10F3F000000000000000000000000000000000000D
:10F4000000000000000000000000000000000000FC
:10F4100000000000000000000000000000000000EC
:10F4200000000000000000000000000000000000DC
:10F4300000000000000000000000000000000000CC
:10F4400000000000000000000000000000000000BC
:10F4500000000000000000000000000000000000AC
:10F46000000000000000000000000000000000009C
:10F47000000000000000000000000000000000008C
:10F48000000000000000000000000000000000007C
:10F49000000000000000000000000000000000006C
:10F4A000000000000000000000000000000000005C
:10F4B000000000000000000000000000000000004C
:10F4C000000000000000000000000000000000003C
:10F4D000000000000000000000000000000000002C
:10F4E000000000000000000000000000000000001C
:10F4F000000000000000000000000000000000000C
:10F5000000000000000000000000000000000000FB
:10F5100000000000000000000000000000000000EB
:10F5200000000000000000000000000000000000DB
:10F5300000000000000000000000000000000000CB
:10F5400000000000000000000000000000000000BB
:10F5500000000000000000000000000000000000AB
:10F56000000000000000000000000000000000009B
:10F57000000000000000000000000000000000008B
:10F58000000000000000000000000000000000007B
:10F59000000000000000000000000000000000006B
:10F5A000000000000000000000000000000000005B
:10F5B000000000000000000000000000000000004B
:10F5C000000000000000000000000000000000003B
:10F5D000000000000000000000000000000000002B
:10F5E000000000000000000000000000000000001B
:10F5F000000000000000000000000000000000000B
:10F6000000000000000000000000000000000000FA
:10F6100000000000000000000000000000000000EA
:10F6200000000000000000000000000000000000DA
:10F6300000000000000000000000000000000000CA
:10F6400000000000000000000000000000000000BA
:10F6500000000000000000000000000000000000AA
:10F66000000000000000000000000000000000009A
:10F67000000000000000000000000000000000008A
:10F68000000000000000000000000000000000007A
:10F69000000000000000000000000000000000006A
:10F6A000000000000000000000000000000000005A
:10F6B000000000000000000000000000000000004A
:10F6C000000000000000000000000000000000003A
:10F6D000000000000000000000000000000000002A
:10F6E000000000000000000000000000000000001A
:10F6F000000000000000000000000000000000000A
:10F7000000000000000000000000000000000000F9
:10F7100000000000000000000000000000000000E9
:10F7200000000000000000000000000000000000D9
:10F7300000000000000000000000000000000000C9
:10F7400000000000000000000000000000000000B9
:10F7500000000000000000000000000000000000A9
:10F760000000000000000000000000000000000099
:10F770000000000000000000000000000000000089
:10F780000000000000000000000000000000000079
:10F790000000000000000000000000000000000069
:10F7A0000000000000000000000000000000000059
:10F7B0000000000000000000000000000000000049
:10F7C0000000000000000000000000000000000039
:10F7D0000000000000000000000000000000000029
:10F7E0000000000000000000000000000000000019
:10F7F0000000000000000000000000000000000009
:10F8000000000000000000000000000000000000F8
:10F8100000000000000000000000000000000000E8
:10F8200000000000000000000000000000000000D8
:10F8300000000000000000000000000000000000C8
:10F8400000000000000000000000000000000000B8
:10F8500000000000000000000000000000000000A8
:10F860000000000000000000000000000000000098
:10F870000000000000000000000000000000000088
:10F880000000000000000000000000000000000078
:10F890000000000000000000000000000000000068
:10F8A0000000000000000000000000000000000058
:10F8B0000000000000000000000000000000000048
:10F8C0000000000000000000000000000000000038
:10F8D0000000000000000000000000000000000028
:10F8E0000000000000000000000000000000000018
:10F8F0000000000000000000000000000000000008
:10F9000000000000000000000000000000000000F7
:10F9100000000000000000000000000000000000E7
:10F9200000000000000000000000000000000000D7
:10F9300000000000000000000000000000000000C7
:10F9400000000000000000000000000000000000B7
:10F9500000000000000000000000000000000000A7
:10F960000000000000000000000000000000000097
:10F970000000000000000000000000000000000087
:10F980000000000000000000000000000000000077
:10F990000000000000000000000000000000000067
:10F9A0000000000000000000000000000000000057
:10F9B0000000000000000000000000000000000047
:10F9C0000000000000000000000000000000000037
:10F9D0000000000000000000000000000000000027
:10F9E0000000000000000000000000000000000017
:10F9F0000000000000000000000000000000000007
:10FA000000000000000000000000000000000000F6
:10FA100000000000000000000000000000000000E6
:10FA200000000000000000000000000000000000D6
:10FA300000000000000000000000000000000000C6
:10FA400000000000000000000000000000000000B6
:10FA500000000000000000000000000000000000A6
:10FA60000000000000000000000000000000000096
:10FA70000000000000000000000000000000000086
:10FA80000000000000000000000000000000000076
:10FA90000000000000000000000000000000000066
:10FAA0000000000000000000000000000000000056
:10FAB0000000000000000000000000000000000046
:10FAC0000000000000000000000000000000000036
:10FAD0000000000000000000000000000000000026
:10FAE0000000000000000000000000000000000016
:10FAF0000000000000000000000000000000000006
:10FB000000000000000000000000000000000000F5
:10FB100000000000000000000000000000000000E5
:10FB200000000000000000000000000000000000D5
:10FB300000000000000000000000000000000000C5
:10FB400000000000000000000000000000000000B5
:10FB500000000000000000000000000000000000A5
:10FB60000000000000000000000000000000000095
:10FB70000000000000000000000000000000000085
:10FB80000000000000000000000000000000000075
:10FB90000000000000000000000000000000000065
:10FBA0000000000000000000000000000000000055
:10FBB0000000000000000000000000000000000045
:10FBC0000000000000000000000000000000000035
:10FBD0000000000000000000000000000000000025
:10FBE0000000000000000000000000000000000015
:10FBF0000000000000000000000000000000000005
:10FC000000000000000000000000000000000000F4
:10FC100000000000000000000000000000000000E4
:10FC200000000000000000000000000000000000D4
:10FC300000000000000000000000000000000000C4
:10FC400000000000000000000000000000000000B4
:10FC500000000000000000000000000000000000A4
:10FC60000000000000000000000000000000000094
:10FC70000000000000000000000000000000000084
:10FC80000000000000000000000000000000000074
:10FC90000000000000000000000000000000000064
:10FCA0000000000000000000000000000000000054
:10FCB0000000000000000000000000000000000044
:10FCC0000000000000000000000000000000000034
:10FCD0000000000000000000000000000000000024
:10FCE0000000000000000000000000000000000014
:10FCF0000000000000000000000000000000000004
:10FD000000000000000000000000000000000000F3
:10FD100000000000000000000000000000000000E3
:10FD200000000000000000000000000000000000D3
:10FD300000000000000000000000000000000000C3
:10FD400000000000000000000000000000000000B3
:10FD500000000000000000000000000000000000A3
:10FD60000000000000000000000000000000000093
:10FD70000000000000000000000000000000000083
:10FD80000000000000000000000000000000000073
:10FD90000000000000000000000000000000000063
:10FDA0000000000000000000000000000000000053
:10FDB0000000000000000000000000000000000043
:10FDC0000000000000000000000000000000000033
:10FDD0000000000000000000000000000000000023
:10FDE0000000000000000000000000000000000013
:10FDF0000000000000000000000000000000000003
:10FE0000323100000000000000000000000000008F
:10FE100000000000010000001000000000000000D1
:10FE20000024F4000000000000000000B4EA000814
:10FE3000080000005D61000811610008E95F00082A
:10FE4000F9620008536E0008000000000000000086
:10FE50000000000000000000000000000000010899
:10FE60000000000000000000000000000000000092
:10FE70000000000000000000000000000000000082
:10FE800000000000EE04FFFCFFFFEE55FFFCFFFF4B
:10FE900061787263656B676479687473756E717786
:10FEA000706A627669666F6D7A6CEEABBAAABB3621
:10FEB0003FFFFCFFFFEE07355A53A5FFFCFFFF0095
:10FEC0000000000000000000000000000000000032
:10FED0000000000000000000000000000000000022
:04FEE000000000001E
:040000050800018965
:00000001FF
