:020000040800F2
:1000000028A400204D0200081F4C0008CF42000821
:100010001D4C0008810D0008E57B00080000000071
:10002000000000000000000000000000F94D000882
:10003000110E0008000000002D4C0008FB4D0008C8
:1000400067020008670200086702000867020008EC
:1000500067020008670200086702000867020008DC
:1000600067020008670200086702000867020008CC
:1000700067020008670200086702000867020008BC
:1000800067020008670200086702000867020008AC
:10009000670200086702000867020008670200089C
:1000A000670200086702000867020008670200088C
:1000B000670200086702000867020008670200087C
:1000C000670200086702000867020008670200086C
:1000D000670200086702000867020008670200085C
:1000E000670200086702000867020008670200084C
:1000F000670200086702000867020008670200083C
:10010000670200086702000867020008670200082B
:100110006702000867020008A54E00086702000891
:10012000670200086702000867020008670200080B
:1001300067020008670200086702000867020008FB
:10014000670200086702000867020008214C0008E7
:1001500067020008670200086702000867020008DB
:1001600067020008670200086702000867020008CB
:10017000670200086702000867020008000000002C
:10018000670200086702000800F002F800F04EF86D
:100190000AA090E8000C82448344AAF10107DA45E2
:1001A00001D100F043F8AFF2090EBAE80F0013F0E6
:1001B000010F18BFFB1A43F0010318470CE40000BD
:1001C0002CE40000103A24BF78C878C1FAD852074E
:1001D00024BF30C830C144BF04680C6070470000C1
:1001E0000023002400250026103A28BF78C1FBD840
:1001F000520728BF30C148BF0B607047642900F028
:100200008381782900F0BC81632900F0648473291C
:1002100000F06984002070471FB50DF058FC9DE880
:10022000030000F0A1FB1FBD10B510BD00F09BFC4A
:100230001146FFF7F1FF0BF0FBFE00F0B9FC03B431
:10024000FFF7F2FF03BC07F0E5FC00000948804718
:1002500009480047FEE7FEE7FEE7FEE7FEE7FEE7A8
:10026000FEE7FEE7FEE7FEE704480549054A064BC0
:1002700070470000954E000889010008287400208E
:1002800028A400202894002028940020704770B5EE
:10029000064600F04DFB056806F10B0020F0070450
:1002A000B4429CBF002070BD2B466A68BAB110688A
:1002B000A04210D304F1080188423CBF5068586046
:1002C00007D35168101941601168091B016058601B
:1002D0001460101D70BD13465268002AE7D12146F4
:1002E000284600F02DFB0028DED170BD70B5044615
:1002F000051F00F01DFB0068002C14BF446870BD92
:10030000002C18BFAC423CBF20466468F8D301689B
:100310000A18AA4218BF456003D12A68054611444D
:10032000016028684119A1421CBF6C6070BD616802
:10033000696021680844286070BD53EA020C00F02F
:1003400069802DE9F04B4FF00006002B1FBFB3FA78
:1003500083F503FA05F424FA05F65E4012BF16434E
:10036000B2FA82F502FA05F4C5F120051EBF22FAA1
:1003700005FC44EA0C04203556EA044C4FEA1444C8
:1003800018BF641C4FF000084FF00009904271EB59
:10039000030C39D3002919BFB1FA81F701FA07F626
:1003A000B0FA80F700FA07F6C7F120071EBF20FA5F
:1003B00007FC46EA0C062037B6FBF4FCA7EB050762
:1003C000103F07F01F0BCBF120060CFA0BFB2CFAA9
:1003D00006F644BFB3460026202FA4BF5E464FF06A
:1003E000000B5BEA060C08BF4FF0010B19EB0B0981
:1003F000ABFB027C48EB0608C01B06FB02CC0BFBE8
:1004000003CC71EB0C01C1E70B460246414648465E
:10041000BDE8F08B13B54FF000004FF00001AFF3D3
:100420000080BDE81C4070470FB4044910B503AA12
:10043000029800F05DFB10BC5DF814FBF400002096
:100440000FB41CB5074B06AA7B446946009005987B
:1004500000F01FFB0020694600F02EFB1CBC5DF87D
:1004600014FB00006D06000070B504468569006845
:10047000C10601D5302600E02026C00707D070BD98
:10048000D4E9012130469047206A401C20626D1E4D
:10049000F6D570BD70B5044685690078C00707D1F0
:1004A00070BDD4E9012120209047206A401C2062C1
:1004B0006D1EF6D570BD70B50C460546012A05D0F7
:1004C0002878800600D5EA69002302E0012305E0D0
:1004D0005B1C934202D2E05C0028F9D1A869E618BF
:1004E000C01AA861286A184428622846FFF7BCFF92
:1004F00004E0D5E9012114F8010B9047B442F8D388
:100500002846FFF7C7FF70BD2DE9F04106460024DD
:1005100010687529314616A510D0AFF30080002869
:1005200002DA404213A507E031688A0701D512A517
:1005300002E0490704D511A5012401E0AFF30080D2
:1005400000210A2206F1240709E0B0FBF2FCB0FB0F
:10055000F2F302FB1C00303078541846491C002886
:10056000F3D123462A463046BDE8F04100F032BAC6
:10057000000000002D0000002B0000002000000003
:1005800070B504460D4621461068AFF300802188FF
:10059000090502D50F4A7A4402E00E4A7A440E3227
:1005A000002104F1240305E000F00F060009965D28
:1005B0005E54491C0028F7D120780023000704D599
:1005C000702D02D009B1022311322046BDE87040DF
:1005D00000F000BAA6DF00002DE9F05F894604466E
:1005E0004FF0000ADFF824B1FB44C0F820A02046F9
:1005F000E168884700287DD0252806D0D4E901216C
:100600009047206A401C2062F1E700255F462046A3
:10061000E16888472028064607DB312E05D2B81945
:1006200010F8200C08B10543F1E7A80701D525F023
:100630000405C4F81CA00027C4F818A02A2E09D06D
:10064000304607F0E0FA38B304EB8708303EC8F8CC
:10065000186019E059F8041B204604EB87029161E9
:10066000E1688847012F064618D1E069002820DAA2
:1006700025F020051DE0D8F8180000EB800006EBFF
:1006800040003038C8F818002046E1688847064620
:1006900007F0B9FA0028EED1012F0AD02E2E08D18A
:1006A0002046E16888477F1C0646022F45F020055A
:1006B000C4DBA069002803DA404245F00105A061CF
:1006C000E80701D025F01005A6B1A6F141001928D0
:1006D00002D8203645F400654A463146204625605A
:1006E0004D46FFF78BFD60B1012807D0ED1D25F0C9
:1006F000070000E007E000F1080978E705F10409C8
:1007000075E730467AE7206ABDE8F09F7CDF00009D
:10071000401ECAB210F8011F8A4202D00029F9D146
:100720000020704740EA0103024630B59B0710D114
:100730004FF0013400E008C208C91D1B9D4315EAB3
:10074000C41FF8D013F0FF0102F8011B0DD01B0AE3
:10075000F8E711F8013B002B02F8013B05D011F836
:10076000013B002B02F8013BF3D130BD10B5431C17
:1007700002E010F8011B71B18107FAD14FF001328C
:1007800002C88C1A8C4314EAC211F9D0C01A0A06A6
:1007900003D0C01E10BDC01A10BD0A0401D0801EB7
:1007A00010BD0902FCD0401E10BD032A40F230806B
:1007B00010F0030C00F0158011F8013BBCF1020FA2
:1007C000624498BF11F801CB00F8013B38BF11F823
:1007D000013BA2F1040298BF00F801CB38BF00F83A
:1007E000013B11F0030300F02580083AC0F00880B7
:1007F00051F8043B083A51F804CBA0E80810F5E79B
:10080000121D5CBF51F8043B40F8043BAFF300807D
:10081000D20724BF11F8013B11F801CB48BF11F8F2
:10082000012B24BF00F8013B00F801CB48BF00F8C2
:10083000012B704710B5203AC0F00B80B1E818507A
:10084000203AA0E81850B1E81850A0E81850BFF4BA
:10085000F5AF5FEA027C24BFB1E81850A0E8185059
:1008600044BF18C918C0BDE810405FEA827C24BFAD
:1008700051F8043B40F8043B08BF7047D20728BF3B
:1008800031F8023B48BF11F8012B28BF20F8023B8A
:1008900048BF00F8012B70474FF000020429C0F058
:1008A000128010F0030C00F01B80CCF1040CBCF1A2
:1008B000020F18BF00F8012BA8BF20F8022BA1EBF4
:1008C0000C0100F00DB85FEAC17C24BF00F8012BD9
:1008D00000F8012B48BF00F8012B70474FF00002D1
:1008E00000B5134694469646203922BFA0E80C5026
:1008F000A0E80C50B1F12001BFF4F7AF090728BF01
:10090000A0E80C5048BF0CC05DF804EB890028BF7C
:1009100040F8042B08BF704748BF20F8022B11F0A5
:10092000804F18BF00F8012B704770477047704721
:1009300000487047CC73002070477047704770477D
:1009400038B504460A4600206946AFF30080002807
:1009500008BF38BD02460099204600F0DFF80120AC
:1009600038BD012000F0F8B8F8B5AFF300800546B7
:1009700000200C46102000BF0646A819A0420DD941
:10098000324669460020AFF30080070008BF00F040
:10099000E3F80098A04218BF0546C419FFF7C8FF46
:1009A00005600746F01D20F007004619284600F0B4
:1009B0000AF8B44208BFF8BDA21B31463868BDE84A
:1009C000F84000F0ABB800210160C0E901107047A9
:1009D000102070472DE9F0470D469946924604468F
:1009E00000F124080168880604D5E06921F01001AF
:1009F000216000E00120A84201DD471B00E0002744
:100A0000A1697A1902EB0900081AA0612078C006D2
:100A100002D42046FFF728FD002608E0D4E9012192
:100A20001AF806009047206A401C761C20624E454A
:100A3000F4DB2078C0060AD52046FFF715FD06E056
:100A4000D4E9012130209047206A401C2062381EE2
:100A5000A7F10107F4DC07E0D4E9012118F805004B
:100A60009047206A401C2062281EA5F10105F3DC96
:100A70002046FFF70FFD2078000602D50220BDE8D2
:100A8000F0870120FBE7000001694A1C0261087839
:100A9000704700B58FB0CDE90131002105910549BE
:100AA0007944CDE9031011466846FFF795FD0FB074
:100AB00000BD0000E5FFFFFF0A6802F8010B0A60B5
:100AC000704710B5436913B1AFF3008001E0FFF741
:100AD000F2FC012010BD127800F124010A700022FE
:100AE0004A700122EDE711684FF0FF32E9E700009C
:100AF000074B70B50D467B44FFF7CBFF04462846F5
:100B000000F026F810B14FF0FF3070BD204670BDE8
:100B100067AA000000487047C4730020034640687D
:100B20008C46002818BF88423CBF03464068F8D373
:100B300018681844884207D00CF1030020F0070021
:100B4000001D411A521A0146081D0A60FFF7CEBB6C
:100B5000007B00F08000704710B500F037F8BDE86A
:100B6000104000F02EB87546FFF7D4FFAE460500E2
:100B70006946534620F00700854618B020B5FFF7B8
:100B800073FBBDE820404FF000064FF000074FF028
:100B900000084FF0000B21F00701AC46ACE8C0099B
:100BA000ACE8C009ACE8C009ACE8C0098D467047A4
:100BB00010B50446AFF300802046BDE81040FFF7B3
:100BC0003EBB002801D007F025B8704710B50128BA
:100BD00005D0002103A000F021F8012010BD09A1DB
:100BE000F8E7000053494752544D454D3A204F75A0
:100BF00074206F662068656170206D656D6F727915
:100C0000000000003A2048656170206D656D6F72CC
:100C10007920636F727275707465640070B50546F3
:100C20000C460A2000E06D1C06F0F5FF35B128786F
:100C30000028F8D102E0641C06F0EDFF14B1207822
:100C40000028F8D1BDE870400A2006F0E4BF00009B
:100C50004A494A6822F440324A604A6843681A4363
:100C60004A6001684A6822F480724A6001684A68F2
:100C7000036942EA03224A6001684A6822F040722E
:100C80004A6001684A6883681A434A6001688A6852
:100C900022F400628A6001688A68C3681A438A6025
:100CA000816A6FF07062D14214D001688A6822F0C4
:100CB00070628A6001688A68836A1A438A60016880
:100CC0008A6822F040528A6001688A68C36A1A43BF
:100CD0008A6009E001688A6822F070628A600168AF
:100CE0008A6822F040528A6001688A6822F0020213
:100CF0008A6001688A68037E42EA43028A6090F84B
:100D0000201089B101684A6842F400624A600168B3
:100D10004A6822F460424A6001684B68426A521E87
:100D200043EA42324A6004E001684A6822F4006201
:100D30004A600168CA6A22F47002CA620168CB6A1A
:100D4000828B521E43EA0252CA6201688A6822F408
:100D500000728A6001688A6890F8303042EA432263
:100D60008A6001688A6822F480628A6001688A6801
:100D7000406942EA802088607047000000230140FB
:100D8000FEE700000A4601464FF6FF73014802F0F5
:100D90000ABE00001804002070B50446002000229E
:100DA00004EB8001C1F88423401C1028F8D30020F4
:100DB0004FF40075211881F81C21401CA842F9D37A
:100DC000227062700120A070C4F8C42320764021F4
:100DD000A171627684F81C2384F81D0384F81F2314
:100DE00084F81E23010204F11C00FFF777FD294659
:100DF00004F58E70FFF772FD122104F22630FFF722
:100E00004BFD3E2104F54E70FFF768FD002070BDDC
:100E1000704772B6FEE70022AFF3008030B504469B
:100E200001200D4B5D7A002D14D1587A1D54587A4B
:100E300003EB800044605C7A03F108002254587A86
:100E4000421C5A72303008703A2048702F20887047
:100E5000CD70002030BD0000281D00200022002998
:100E600005D001291AD002291BD04FF440720E4937
:100E70000B6823F440730B600B6813430B600A6824
:100E800022F078020A600A68022303EBC0000243E2
:100E90000A60086840F48030086070474FF4807240
:100EA000E5E74FF40072E2E7103C024013480168A6
:100EB00089050FD5016821F400710160016841F4D2
:100EC00000610160016821F400610160016841F482
:100ED00000710160016849050FD5016821F4806146
:100EE0000160016841F480510160016821F4805182
:100EF0000160016841F4806101607047003C02407C
:100F000010B50E4800F022F80D4C20600D4800F09E
:100F10001DF82168401A401C60600B4A00231360D2
:100F20009160D0600220106104F10801104600F0C9
:100F300037FB08B1012010BD002010BD00000108E2
:100F4000DC000020FBFF0F08A473002001460020F6
:100F5000A1F100624FF480439A4204D32048084430
:100F6000984201D2012070471E480844984201D29D
:100F7000022070471C480844984201D20320704761
:100F80001A480844B0F5803F01D204207047184841
:100F90004FF400320844904201D2052070471548B2
:100FA0000844904201D206207047134808449042FA
:100FB00001D20720704711480844904201D208200E
:100FC00070470F480844904201D2092070470D48ED
:100FD0000844904201D20A2070470B20704700005D
:100FE00000C0FFF70080FFF70040FFF70000FFF7A9
:100FF0000000FEF70000FCF70000FAF70000F8F729
:101000000000F6F70000F4F710B50A4607498842D9
:1010100007D801460023022000F01CFB18B1012074
:1010200010BD012010BD002010BD0000FBFF0F0807
:1010300008490A6822F440720A600A6842F0040211
:101040000A600A684FF4803343EA002002430A60D2
:1010500070470000103C0240064A136823F44073B6
:10106000136013681360136843F001031360017089
:1010700070470000103C024010B509490C6824F488
:1010800040740C600C6844F440740C600C6844F0CC
:1010900001040C600260BFF36F8F436010BD00005D
:1010A000103C0240074A136823F44073136013682E
:1010B00043F480731360136843F0010313600180ED
:1010C00070470000103C0240074A136823F4407345
:1010D0001360136843F400731360136843F0010353
:1010E0001360016070470000103C02401749086817
:1010F000C206174805D5C26942F01002C26110222B
:101100000A600A68920605D5C26942F00802C26107
:1011100020220A600A68520605D5C26942F004021C
:10112000C26140220A600A68120605D5C26942F00F
:101130000202C26180220A600A68920705D5C2696C
:1011400042F02002C2610220086070470C3C02405D
:101150001000002070B5044611490020C86100F05D
:10116000C3FB05460F4E09E0601C07D024B100F018
:10117000BBFB401BA04201D9032070BD3068C003F7
:10118000F2D43068C00701D001203060306810F020
:10119000F20F03D0FFF7AAFF012070BD002070BD41
:1011A000100000200C3C024078B50024009490F818
:1011B0003C20012A19D0012280F83C200A6807252A
:1011C000092A14D90368DE680A3A02EB4202954004
:1011D000AE43DE600A788B680A3A02EB4202934023
:1011E0000268D5682B43D36011E0022078BD036804
:1011F0001E6902EB42029540AE431E610A788B687D
:1012000002EB42029340026815692B4313614A685E
:101210001F25072A13D203685E6B521E02EB82025F
:101220009540AE435E630A8893B20A79521E02EB80
:10123000820293400268556B2B43536328E00D2ACA
:1012400013D203681E6BD21F02EB82029540AE439D
:101250001E630A8893B20A79D21F02EB820293407E
:101260000268156B2B43136312E00368DE6A0D3AC4
:1012700002EB82029540AE43DE620A8893B20A799D
:101280000D3A02EB820293400268D56A2B43D36287
:10129000174A184B05689D4206D10D68122D03D1DF
:1012A000556845F48005556005689D421BD10B6863
:1012B000102B01D0112B16D1536843F40003536057
:1012C000096810290FD10C490C4A0968B1FBF2F1E9
:1012D00001EB81014900009102E00099491E009153
:1012E00000990029F9D180F83C40002078BD000029
:1012F00000230140002001403C00002040420F003C
:1013000070B504460026002C03D0206C002510B1D7
:1013100007E0012070BD204600F01CF8656484F8E9
:101320003C50206CC00610D4206C20F4885040F053
:10133000020020642046FFF78BFC6564206C20F0DF
:10134000020040F00100206400E0012684F83C50D7
:10135000304670BD30B587B00446142102A8FFF7AF
:10136000BDFA1949206888422CD100241748016829
:1013700041F480710160006800F4807001901348AE
:101380001438016841F004010160016801F00401B2
:101390000191016841F001010160006800F0010065
:1013A00001900F20029003250395049402A9084898
:1013B00000F0A4F98F2002900395049402A9054837
:1013C00000F09CF907B030BD0020014044380240D5
:1013D000000802400000024010B50446002C02D074
:1013E000607910B106E0012010BD00202071204678
:1013F00000F004F801206071002010BD08B50068FD
:101400000649884208D10648016841F480510160CC
:10141000006800F48050009008BD000000300240D9
:1014200030380240704770B5002820D0F9B14379B8
:10143000012B1ED0012646710223037103681D682B
:1014400002F0100240F6FE749440A543D1E9004139
:101450000C4394402C431C6001680B68C0249440EA
:10146000A3430B60067100214171084670BD012045
:1014700070BD022070BD70472DE9F0410446206820
:101480000568466BA9044FF0040710D5B1040ED5CA
:101490002771216941F001012161F902416320684E
:1014A000016821F4805101602046FFF7E4FFA800A5
:1014B00014D5B00012D52771206940F002002061D8
:1014C00021684FF0005048632068016821F0805186
:1014D00001602046BDE8F041FFF7A4BFBDE8F08100
:1014E00070B50446002C03D02079002510B105E02A
:1014F000012070BD6571204600F008F802202071BF
:10150000256101202071002070BD000010B586B05B
:101510000446142101A8FFF7E1F915492068884223
:1015200024D100211348026842F000520260006892
:1015300000F0005000900F481038026842F001029D
:101540000260006800F0010000903020019003204C
:101550000290039101A9084800F0D0F800220F2161
:10156000362000F0C7FD362000F0B6FD06B010BDF5
:1015700000740040403802400000024070B504464C
:1015800000F0B2F90546601C02D00448007804441B
:1015900000F0AAF9401BA042FAD370BD3000002031
:1015A0002DE9F04704460E46DFF88C8098F81800C5
:1015B00001280BD0012088F818004CF25039484619
:1015C000FFF7C8FD0246100003D02FE00220BDE85F
:1015D000F0874FF0FF3030602068184F012801D0AD
:1015E000A5681CE0207C6168FFF722FD4846FFF7F4
:1015F000B1FD0246386820F00400386014E0217C18
:101600002846FFF72BFC4846FFF7A4FD0246386842
:1016100020F07A0038600AB1356005E06D1CD4E92D
:1016200002100844A842EAD8FFF740FC002088F8DE
:1016300018001046CBE7000010000020103C0240CC
:101640000348016841F0004101600020704700003C
:10165000103C02402DE9F0470646894614461D46D7
:10166000194F387E012808D0012038764CF25038C6
:101670004046FFF76FFD18B114E00220BDE8F08787
:101680009EB1012E16D0022E19D022462B46484676
:10169000FFF7F2FC4046FFF75DFD0C490A6822F0B7
:1016A00001020A6000213976E8E7E1B24846FFF717
:1016B000D3FCEFE7A1B24846FFF7F4FCEAE7214686
:1016C0004846FFF701FDE5E710000020103C02400E
:1016D000002007490A68002A09DA054A054B0C3A36
:1016E0001360054B13600968002900DA0120704778
:1016F000103C024023016745AB89EFCD2DE9F84F3F
:101700000022DFF89C914FF0010803274FF00F0CE7
:1017100009F1040AA9F1040B08FA02F50B682B4041
:10172000AB426ED10C7904F00304012C01D0022CE1
:1017300015D18668540007FA04FE26EA0E06D1F891
:101740000CE00EFA04FE4EEA060EC0F808E044680B
:10175000AC430D79C5F300159540254345600C79E0
:10176000E443A40708D0C568540007FA04F6B5435B
:101770008E68A6402E43C6600C7904F00304022C48
:1017800011D1D40800EB8406356A5407E40E0CFA34
:1017900004FE25EA0E05D1F810E00EFA04FE4EEA2A
:1017A000050EC6F820E00568540007FA04F6B543B4
:1017B0000E7906F00306A6402E4306604C6814F42A
:1017C000403F67D0374C256845F480452560246844
:1017D00004F480440094344C22F003052E19D6F80A
:1017E000085894074FEA147E0CFA0EF4A5432F4CC8
:1017F000A04201D1002424E02D4CA04202D10124BA
:101800001FE047E02B4CA04201D1022419E02A4CF2
:10181000A04201D1032414E0284CA04201D10424A9
:101820000FE0274CA04201D105240AE0254CA0423C
:1018300001D1062405E0244CA04201D1072400E098
:10184000082404FA0EF42C43C6F80848D9F80040DE
:101850009C434D68ED0200D51C43C9F80040DAF8FE
:1018600000409C434D68AD0200D51C43CAF80040BF
:10187000DBF800409C434D68AD0300D51C43CBF81A
:101880000040074D083D2C689C434E68F60300D588
:101890001C432C60521C102AFFF43EAFBDE8F88FA9
:1018A000083C014044380240003001400000024042
:1018B0000004024000080240000C024000100240F8
:1018C0000014024000180240001C02400069084257
:1018D00001D00120704700207047002A01D08161AB
:1018E00070470904816170470148806870470000B3
:1018F00030000020D0F8DC0304F068B9D0F8DC0335
:1019000004F06DB9006805F09ABD006805F09BBD54
:10191000C1EB011100EB8100002200F81A2F427088
:10192000C272827200207047C1EB011100EB81008E
:1019300090F84C007047C1EB011100EB8100806B07
:1019400070472DE9FF4F83B00546DDE91078129E00
:101950008A46934695F8D40301281CD0012385F8C4
:10196000D433CAEB0A1005EB80044FF0000984F869
:1019700019900698207584F815A084F826800BF03D
:101980007F00A07551462846FFF7C2FF5FEA0B6053
:1019900005D5E37505E0022007B0BDE8F08F84F8B7
:1019A0001790286805F04FFDB8F1010F05D1012F00
:1019B00003D110B9BC2E00D9BC262776B0B2208541
:1019C000CDE90078029028685A465146069B05F0FA
:1019D000C1FD85F8D493DFE770472DE9F003DDE919
:1019E000078C069F099DC1EB011400EB8404E2758E
:1019F00084F826300226002F0AD084F82A600025B9
:101A000063B1012B4FD0022B27D0032B4DD137E0F0
:101A10004FF0030984F82A906576F0E7012F44D14E
:101A20001AB1A27E012A0FD03FE0BCF1000F02D113
:101A3000012284F83D2094F83D2012B184F82A60F8
:101A400033E084F82A5030E094F83C2012B184F856
:101A50002A602AE084F82A5027E02AB194F83C2032
:101A60005AB184F82A6020E094F83D2012B184F83D
:101A70002A601AE084F82A5017E084F82A5014E00B
:101A80002AB194F83C205AB184F82A600DE094F809
:101A90003D2012B184F82A6007E084F82A5004E05F
:101AA00084F82A5001E084F82A50C4F82C80C4F845
:101AB00034C084F84C50A563617584F84D50827928
:101AC00004F114010068BDE8F00305F0DDBD2DE967
:101AD000F04104462068064605F0BDFC012876D199
:101AE000206805F0B5FF002871D0206805F0B0FF30
:101AF000800203D521684FF400104861206805F08A
:101B0000A7FFC00203D521684FF480104861206808
:101B100005F09EFF400103D521684FF080604861C9
:101B2000206805F095FF800702D5216802204861F2
:101B3000206805F08DFF800018D521684FF0005017
:101B40004861D6F84004C00710D11021304605F096
:101B500054FC304605F031FC607A022803D10121A3
:101B6000206805F04FFF2046FFF7C8FE206805F00B
:101B70006FFFC00102D5204602F016FB206805F079
:101B800067FF000705D5204600F0D3F8216808203C
:101B90004861206805F05CFF800125D5206805F0CC
:101BA0006FFD074600254FF0010816E005F00F0114
:101BB00008FA01F038420FD006EB4510D0F80005C6
:101BC000000405D5E9B2204601F044FF04E01EE020
:101BD000E9B2204602F04BF96D1C6079A842E5D8C5
:101BE00021684FF000704861206805F031FFC04364
:101BF000C0060CD42068816921F010018161204663
:101C000002F022FB2068816941F010018161BDE88A
:101C1000F081F8B50446002C05D0256894F8D5036A
:101C2000002610B106E00120F8BD84F8D4632046F8
:101C300000F032F8032084F8D503B5F1A04F00D1AD
:101C4000A671206805F080FB207C8DF8000094E8E8
:101C50000F0005F00BFB022518B184F8D5530120C5
:101C6000F8BD0121206805F030FF18B184F8D55384
:101C70000120F8BD207C8DF8000094E80F0005F0ED
:101C80004BFE18B184F8D5530120F8BD012084F82B
:101C9000D5030020F8BD000010B586B0044614211D
:101CA00001A8FEF71BFE2068B0F1A04F2FD1002144
:101CB0001848026842F001020260006800F001006A
:101CC00000904FF4C0500190022002900391032035
:101CD00004900A20059001A90F48FFF70FFD0D4859
:101CE000001D016841F0800101600A48143001685C
:101CF00041F480410160006800F4804000900022BF
:101D00001146432000F0F6F9432000F0E5F906B053
:101D100010BD00003038024000000240D0F8DC0363
:101D200003F0E7BFD0F8DC0303F0EABF006805F07A
:101D3000B2BED0F8DC0303F09EBF10B5044694F8A1
:101D4000D40301280DD0012084F8D4030121206898
:101D500005F010FB206805F02AFB002084F8D4036E
:101D600010BD022010BD10B5044694F8D40301281C
:101D700009D0012084F8D403206805F0D6FE0020A5
:101D800084F8D40310BD022010BD000070B50446D5
:101D9000002C04D094F83D00002510B106E001208D
:101DA00070BD84F83C50204600F0BCF8242084F834
:101DB0003D002068016821F0010101602068016890
:101DC00041F4004101602068016821F40041016094
:101DD00000F08CFA4F4B6168994203D84E49884213
:101DE00003D304E04D49884201D2012070BD4C4923
:101DF000B0FBF1F12268566826F03F060E435660AC
:101E000062689A4201D8491C07E04FF49672514328
:101E10004FF47A72B1FBF2F1491C2268166A26F07F
:101E20003F06314311626168994210D84900401E53
:101E3000B0FBF1F2521CC2F30B02042A01D20420BF
:101E400022E0B0FBF1F0401CC0F30B001CE0A268E4
:101E5000F2B301EBC10303EB0116431EB3FBF6F330
:101E60005B1C43F480431B0549D092B301EBC102D4
:101E700002EB0111401EB0FBF1F0401CC0F30B005F
:101E800040F4804040F400402168CA694CF6FF737A
:101E90009A431043C861D4E90710014320680268DF
:101EA00022F0C00211430160D4E90301014320681C
:101EB000826848F2FF339A4311438160D4E90510E8
:101EC00001432068C26822F0FF021143C16001E0B3
:101ED0000EE016E02068016841F001010160256410
:101EE000202084F83D00256384F83E50002070BD1A
:101EF00001EB4106431EB3FBF6F35B1CB3E7012085
:101F0000C2E701EB4101401EB0FBF1F0401CC0F301
:101F10000B00B7E7A086010080841E0000093D0089
:101F200040420F0010B586B00446142101A8FEF708
:101F3000D5FC14492068884221D10021124802684A
:101F400042F002020260006800F0020000904FF4CC
:101F5000406001901220029003910320049004201D
:101F6000059001A90948FFF7C9FB0748103001682F
:101F700041F480010160006800F48000009006B028
:101F800010BD0000005800403038024000040240FC
:101F90000248816802781144816070473000002057
:101FA00010B50B48016841F400710160016841F40B
:101FB00080610160016841F480710160032000F0DC
:101FC000B9F80F2000F006F800F050F8002010BD1E
:101FD000003C024030B587B0054600241E48016829
:101FE00041F010010160006800F01000009001A9AC
:101FF00002A800F057F90598A8B100F077F9400061
:102000001649B0FBF1F1491E1648154A026040F22C
:10201000E732C260416004618460846100F052FF75
:1020200004461CB115E000F061F9E9E70D4800F045
:10203000E9FF04466CB9362000F04EF8102D07D2A7
:1020400000222946362000F055F80748056000E0D8
:10205000012407B0204630BD4038024040420F0006
:1020600000100040380500203400002008B50A4860
:10207000016841F480410160006800F480400090F4
:102080000548001F016841F080510160006800F0C0
:102090008050009008BD000044380240002809DB51
:1020A00000F01F02012191404009800000F1E02072
:1020B000C0F88012704700280DDB00F01F020121DC
:1020C00091404009800000F1E020C0F88011BFF38A
:1020D0004F8FBFF36F8F7047002809DB00F01F029E
:1020E000012191404009800000F1E020C0F800117A
:1020F00070470000F0B40D460D4B1B68C3F302237C
:10210000C3F10704042C00D90424191D072901D2A6
:10211000002300E0DB1E012606FA04F1491E2940D7
:1021200099409E40761E16403143F0BC05F05BBDE1
:102130000CED00E000F00701054A10684FF6FF03C0
:10214000184040EA0120034908431060704700002E
:102150000CED00E00000FA052DE9F04704460D46BD
:10216000002C13D0DFF82891D9F80000EFB200F06E
:102170000700A8420CD289F80070D9F8000000F0DE
:102180000700A84204D00120BDE8F0870120FBE74A
:102190002068404E810712D5400703D5306840F4CF
:1021A000E05030602078000703D5306840F460408C
:1021B00030603068A16820F0F0000843306020787B
:1021C000C00731D0334960680839012808D0022897
:1021D0000BD0032809D0096889070BD40120D3E765
:1021E0000968890306D40120CEE70968890101D472
:1021F0000120C9E7316821F0030101433160FFF795
:1022000073FB804641F2883A07E0FFF76DFBA0EBD5
:102210000800504501D90320B6E73068616800F036
:102220000C00B0EB810FF0D1D9F8000000F00700EE
:10223000A84209D989F80070D9F8000000F0070019
:10224000A84201D001209FE72078400705D53068DB
:10225000E16820F4E050084330602078000706D59C
:102260003068216920F4604040EAC100306000F02D
:102270005DF83168084AC1F30311515CC840074951
:10228000086007480068FFF7A5FE00207CE7000013
:10229000003C024008380240ECDA00083C00002014
:1022A000340000200F2202600B4A136803F003037E
:1022B0004360136803F0F0038360136803F4E05392
:1022C000C360126802F46042D208026103480068E9
:1022D00000F007000860704708380240003C0240E8
:1022E00001480068704700003C00002000B5FFF77F
:1022F000F7FF04490968044AC1F38221515CC840D0
:1023000000BD000008380240FCDA000800B5FFF705
:10231000E7FF04490968044AC1F34231515CC840EF
:1023200000BD000008380240FCDA000810B517486C
:10233000006810F00C01164816D0164B042912D074
:10234000082911D1114C241F216801F03F02216896
:1023500049020AD52068C0F38810A0FB03010023BE
:10236000FDF7EBFF09E0184610BD21680023C1F31B
:102370008811A1FB0001FDF7E0FF2168C1F30141D5
:10238000491C4900B0FBF1F010BD000008380240C4
:102390000024F40040787D012DE9F84F0446002C1C
:1023A00013D02078DFF8A083C007A8F1040556D029
:1023B00008F104000168C1F3810101290CD0006813
:1023C000C0F38100022803D00DE00120BDE8F88FA2
:1023D000D8F80000400206D5286880033FD5606821
:1023E00070BB0120F2E76068B0F5803F10D0B0F517
:1023F000A02F12D0286820F480302860286820F4AC
:10240000802028606068E0B1FFF76EFA064614E0AD
:10241000286840F480302860F4E7286840F4802081
:102420002860286840F480302860EBE7FFF75CFA0A
:10243000801B642801D90320C8E728688003F5D5EC
:102440000DE0FFF751FA064606E0FFF74DFA801B54
:10245000642801D90320B9E728688003F5D42078DF
:10246000BA4F80074FF0000948D5B748001D0168F2
:1024700011F00C0F08D00068C0F38100022813D1BE
:10248000D8F8000040020FD42868800704D5E0681F
:10249000012801D0012099E72868216920F0F8007F
:1024A00040EAC100286029E0E068B8B10120386046
:1024B000FFF71AFA064606E0FFF716FA801B022815
:1024C00001D9032082E728688007F5D528682169AB
:1024D00020F0F80040EAC10028600FE0C7F8009043
:1024E000FFF702FA064606E0FFF7FEF9801B022816
:1024F00001D903206AE728688007F5D4207800070F
:1025000029D5DFF844A2924861690AF1700A89B1BD
:1025100001210160FFF7E8F9064606E0FFF7E4F95C
:10252000801B022801D9032050E7DAF80000800759
:10253000F4D510E0C0F80090FFF7D6F9064606E0A3
:10254000FFF7D2F9801B022801D903203EE7DAF811
:1025500000008007F4D42078400778D54FF0000AB7
:1025600079483C300068C0000BD477483C300168A3
:1025700041F080510160006800F0805000904FF001
:10258000010ADFF8D0B1DBF80000C00514D4DBF895
:10259000000040F48070CBF80000FFF7A5F9064674
:1025A00006E0FFF7A1F9801B022801D903200DE7FF
:1025B000DBF80000C005F4D5634EA0686C36012836
:1025C0000FD0052812D0306820F00100306030684C
:1025D00020F004003060A068F8B1FFF785F9834669
:1025E00017E0306840F001003060F4E7306840F0F8
:1025F00004003060306840F001003060EBE7FFF726
:1026000073F9A0EB0B0141F28830814201D903201C
:10261000DCE630688007F2D510E0FFF765F9834605
:1026200009E0FFF761F9A0EB0B0141F2883081422C
:1026300001D90320CAE630688007F2D4BAF1010F4D
:1026400005D141483C30016821F080510160A0690A
:10265000C0B33D49091D09684FF0FF36C1F3810140
:10266000022946D0022805D0C7F86090FFF73CF950
:1026700004463AE0C7F86090FFF736F9814607E074
:10268000FFF732F9A0EB0900022801D903209DE6EB
:1026900028688001F4D4D4E907010843616AA26A7A
:1026A000890106EB520241EA0241084394F82C10DA
:1026B00040EA0160C8F8000001203866FFF714F90D
:1026C000044607E03DE0FFF70FF9001B022801D99F
:1026D00003207BE628688001F5D532E0FFF704F996
:1026E000001B022801D9032070E628688001F5D478
:1026F00027E0012823D0D8F80000E26900F4800127
:1027000091421AD1226A00F03F01914215D147F659
:10271000C071626A0140B1EB821F0ED1A26A00F45F
:10272000403106EB5202B1EB024F06D194F82C1067
:1027300000F07060B0EB016F03D0012046E601208D
:1027400044E6002042E60000043802400000474210
:10275000800E47420070004070B50446002C03D044
:102760006079002510B105E0012070BD257120467B
:1027700000F00CF8022060712068016841F004014B
:10278000016001206071A560002070BD08B500687F
:102790000649884208D10648016841F040010160BD
:1027A000006800F04000009008BD000000080650DE
:1027B0003438024070B50446002C09D0606A002508
:1027C00040B125616561A56294F8510040B10CE00B
:1027D000012070BD6068B0F5827FF4D0E561F2E75A
:1027E00084F85050204600F045F8022084F851004B
:1027F0002068016821F040010160A088218900F46F
:10280000827001F404410843A18901F40061084386
:10281000217C01F002010843217D01F00101084300
:10282000218B01F400710843217F01F03801084336
:1028300094F8201001F080010843218D01F400512B
:10284000084321680860A069042101EA104094F857
:10285000241001F010010843216848602068C16914
:1028600021F40061C1616565012084F851000020F8
:1028700070BD0000F0B587B00446142102A8FEF731
:102880002DF82E4A2C4F21682C4B103A022401209F
:1028900003252B4EB94226D1196841F480411960B5
:1028A000196801F480410191116841F00201116041
:1028B000116801F00201019129030291039404902F
:1028C00005950527069702A93046FEF717FFA803CE
:1028D0000290039404940595069702A93046FEF7EA
:1028E0000DFF07B0F0BD174FB942FAD1196841F496
:1028F00000411960196801F400410191116841F02B
:1029000002011160116801F0020101910821029198
:102910000394049005950627069702A93046FEF712
:10292000EDFE30200290039404940595069702A9C9
:102930003046FEF7E3FED4E700380040403802405E
:1029400000040240003C00402DE9F84F04468A464E
:1029500091461D4694F85100012802D00220BDE89E
:10296000F88FBAF1000F08D0B9F1000F05D06068F8
:102970000427B0F5827F02D003E00120EFE7A068D2
:10298000F0B1FEF7B1FF064694F85000012821D0BF
:102990004FF0010884F8508084F851700027676573
:1029A000C4F838A0A4F83C90A4F83E902763A7860A
:1029B000E78627646764A068B0F5004F0CD015E087
:1029C00084F851704B46524651462046009500F01F
:1029D00032F9C4E70220C2E72068016821F0400113
:1029E00001602068016821F480410160206801686D
:1029F000490603D4016841F040010160E068B0B1CC
:102A000035E020688168C90709D0007BA16B087098
:102A1000A06B401CA063E08F401EE08707E0FEF73C
:102A200063FF801BA84201D3681C04D11DB1E08F55
:102A30000028E6D11EE084F8518084F8507003200D
:102A40008DE720688168C90709D0C068A16B08803C
:102A5000A06B801CA063E08F401EE08707E0FEF7BC
:102A600043FF801BA84201D3681C13D195B1E08FAE
:102A70000028E6D132462946204602F0D8F808B1AF
:102A80002020606584F8518084F85070606D38B102
:102A9000012064E784F8518084F8507003205EE7D9
:102AA00000205CE72DE9F84F04468A4617461D468C
:102AB000FEF71AFF064694F85100012802D00220C2
:102AC000BDE8F88FBAF1000F23D0380021D094F878
:102AD000500001281FD04FF0010984F850900320C6
:102AE00084F851004FF00008C4F85480C4F830A0B6
:102AF000A786E786C4F83880A4F83C80A4F83E8016
:102B0000C4F84480C4F84080A068B0F5004F04D0F9
:102B10000DE00120D4E70220D2E72068016821F00F
:102B2000400101602068016841F480410160206833
:102B30000168490603D4016841F040010160E06882
:102B4000B0F5006F04D0606888B3012F30D050E03A
:102B5000606808B1012F20D1206B21680088C8600F
:102B6000206B801C2063E08E401EE08615E020680C
:102B70008168890709D5216B0988C160206B801C99
:102B80002063E08E401EE08607E0FEF7ADFE801B6E
:102B9000A84201D3681C04D11DB1E08E0028E6D103
:102BA0002AE084F8519084F85080032088E7FFE7FA
:102BB000206B216800780873206B401C2063E08E36
:102BC000401EE08615E020688168890709D5216BE1
:102BD00009780173206B401C2063E08E401EE08664
:102BE00007E0FEF781FE801BA84201D3681C0ED1CE
:102BF0006DB1E08E0028E6D132462946204602F02B
:102C00005DF808B120206065A06830B109E084F863
:102C1000519084F85080032052E72068C168806892
:102C2000009084F8519084F85080606D08B10120C4
:102C300046E7002044E72DE9FF4F81B004460E9E91
:102C400093461F460125FEF74FFE804694F851003B
:102C5000616801280AD0B1F5827F03D1A16809B962
:102C6000042803D0022005B0BDE8F08F0298A0B37D
:102C7000BBF1000F32D0380030D094F8500001285A
:102C80002ED04FF0010A84F850A094F85100042887
:102C900002D0052084F851004FF00009C4F8549088
:102CA000C4F838B0E787A78702982063E786A7862D
:102CB000C4F84090C4F8449020680168490603D4E1
:102CC000016841F040010160E068B0F5006F09D093
:102CD0006068F0B3012F4DD082E0FFE70120C2E72A
:102CE0000220C0E7606808B1012F3CD1206B216849
:102CF0000088C860206B801C2063E08E401EE08648
:102D000031E02068816889070DD5E18E59B1012D28
:102D100009D1216B0988C160206B801C2063E08E83
:102D2000401EE086002520688168C9070BD0E18F2E
:102D300049B1C068A16B0880A06B801CA063E08FC4
:102D4000401EE0870125FEF7CFFDA0EB0800B04252
:102D500000E00FE007D3701C05D084F851A084F880
:102D6000509003207FE7E08E0028CAD1E08F002832
:102D7000C7D13BE0206B216800780873206B401CB2
:102D80002063E08E401EE0862AE020688168890783
:102D90000DD5E18E59B1012D09D1216B097801734F
:102DA000206B401C2063E08E401EE08600252068DA
:102DB0008168C9070BD0E18F49B1C068A16B087069
:102DC000A06B401CA063E08F401EE0870125FEF74A
:102DD0008BFDA0EB0800B04201D3701C12D18EB164
:102DE000E08E0028D1D1E08F0028CED14246314676
:102DF000204601F063FF58B12020606584F85090B0
:102E0000012030E784F851A084F8509003202AE78D
:102E1000A06818B92068C1688068009084F851A043
:102E200084F85090606D08B101201CE700201AE77B
:102E30007047704770B590F83C20012A31D00126C8
:102E400080F83C60022280F83D2002685468936854
:102E500024F070050C682C435460134C0268A242A5
:102E600014D0B2F1804F11D0104CA2420ED0104CB1
:102E7000A2420BD00F4CA24208D00F4CA24205D068
:102E80000E4CA24202D00E4CA24204D123F0800389
:102E90004968194391603C30467000210170002060
:102EA00070BD022070BD0000000001400004004021
:102EB00000080040000C00400004014000400140B8
:102EC0000018004010B50446002C03D094F83D00D3
:102ED00010B107E0012010BD002084F83C0020461E
:102EE00000F016F8022084F83D00211D206801F052
:102EF000EBFF01203D3460726070A070E0702071C3
:102F00006071A071E07120722070002010BD00007F
:102F100010B586B00446142101A8FDF7DFFC206837
:102F200000223149B0F1804F22D0304B984228D155
:102F3000086840F002000860086800F00200009095
:102F400029481038016841F004010160006800F070
:102F50000400009098150190022002900121039135
:102F60000492059001A92248FEF7C8FB06B010BDE7
:102F7000086840F001000860086800F00100009057
:102F8000F4E71C4A904208D1086840F00400086049
:102F9000086800F004000090E8E7174A904208D162
:102FA000086840F020000860086800F020000090E9
:102FB000DCE7124A90420AD10B48001D016841F437
:102FC00080310160006800F480300090CEE70C4A48
:102FD0009042CBD1086840F480700860086800F423
:102FE00080700090C2E700004038024000040040BA
:102FF000000802400008004000140040004001406A
:103000000020004090F83D10012901D001207047B8
:10301000022180F83D100168CA6842F00102CA60CE
:1030200000681449884214D0B0F1804F11D0124981
:1030300088420ED0114988420BD01149884208D0ED
:103040001049884205D01049884202D00F49884271
:1030500009D1816801F00701062908D0016841F013
:103060000101016003E0016841F0010101600020FD
:1030700070470000000001400004004000080040CC
:10308000000C0040000401400040014000180040D6
:1030900070B50446002594F83C00012817D001269D
:1030A00084F83C60022084F83D002068826822F0A9
:1030B000770222F47F4282600868502838D00DDC05
:1030C000202853D005DC90B3102811D14EE0022007
:1030D00070BD30284AD040280AD13DE0602831D068
:1030E00070280CD0B0F5805F03D0B0F5005F12D02F
:1030F00001253C34667000202070284670BDCB68E6
:10310000D1E90121206801F056FF2068816841F073
:1031100077018160EDE7CB68D1E90121206801F0FA
:103120004AFF2068816841F480418160E1E71DE049
:10313000CA684968206802F021F85021206801F02F
:1031400044FFD6E7CA684968206802F069F8602140
:10315000206801F03AFFCCE7CA684968206802F0AD
:103160000DF84021206801F030FFC2E722680146D7
:10317000104601F02AFFBCE7704770B505460C46C3
:10318000002695F83C0001280FD0012085F83C006E
:103190006AB1042A1CD0082A2CD00C2A3BD0012664
:1031A000002085F83C00304670BD022070BDD4E997
:1031B0000012E368286801F0F3FF2868816921F0B4
:1031C0000C01816128688169A26811438161E7E788
:1031D000D4E90012E368286802F034F828688169AD
:1031E00021F44061816128688169A26841EA022175
:1031F0008161D5E7D4E90012E368286802F03DF860
:103200002868C16921F00C01C1612868C169A26800
:103210001143C161C4E7D4E90012E368286802F0F1
:1032200045F82868C16921F44061C1612868C16915
:10323000A26841EA0221C161B2E710B50446002C40
:1032400003D094F83D0010B107E0012010BD00202C
:1032500084F83C00204600F015F8022084F83D0078
:10326000211D206801F030FE01203D346072607045
:10327000A070E07020716071A071E0712072207008
:10328000002010BD70472DE9F04104462068C56854
:1032900006694FF00007B10714D5A90712D5F91E2A
:1032A00001610120207720688069800703D02046D3
:1032B000FFF762FF05E0204600F0FAF8204600F034
:1032C0008AF92777700717D5680715D521686FF039
:1032D00004000861022020772068806910F4407F94
:1032E00003D02046FFF748FF05E0204600F0E0F855
:1032F000204600F070F92777300716D5280714D537
:1033000021686FF008000861042020772068C069F8
:10331000800703D02046FFF72FFF05E0204600F08E
:10332000C7F8204600F057F92777F00617D5E806CA
:1033300015D521686FF010000861082020772068FB
:10334000C06910F4407F03D02046FFF715FF05E069
:10335000204600F0ADF8204600F03DF92777F00751
:1033600008D0E80706D021686FF001000861204608
:1033700000F0DEF9300608D5280606D521686FF082
:10338000800008612046FFF753FD700608D56806E7
:1033900006D521686FF040000861204600F0D2F9A0
:1033A000B0060AD5A80608D521686FF0200008618C
:1033B0002046BDE8F041FFF73CBDBDE8F0810000CC
:1033C00030B587B00446142102A8FDF787FA2068BB
:1033D00000232F4902220124B0F1804F16D02D4D39
:1033E000A84227D1086840F004000860086800F08F
:1033F00004000190481502900392049405930692EC
:1034000002A92548FEF77AF907B030BD086840F0F8
:1034100001000860086800F0010001904FF40040CE
:103420000290039204920593069402A91B48FEF7AA
:1034300065F9E9E71A4CA04213D1086840F008008A
:103440000860086800F0080001904FF4E040029026
:10345000039204920593069202A91248FEF74EF9D0
:10346000D2E7114CA042CFD1086840F010000860AC
:10347000086800F01000019040200290039204922E
:1034800005930320069002A90848FEF737F9BBE729
:1034900030380240000400400008024000000240B2
:1034A00000080040000C02400040014000100240B3
:1034B000704770B504460D46002694F83C0001287C
:1034C0000FD0012084F83C006AB1042A1FD0082ADA
:1034D00032D00C2A44D00126002084F83C0030462B
:1034E00070BD022070BD2946206801F077FD20687C
:1034F000816941F0080181612068816921F004013E
:103500008161206881692A6911438161E4E7294664
:10351000206801F097FD2068816941F400618161B4
:103520002068816921F480618161206881692A694C
:1035300041EA02218161CFE72946206801F0BCFD04
:103540002068C16941F00801C1612068C16921F0AA
:103550000401C1612068C1692A691143C161BBE7E7
:103560002946206801F0E0FD2068C16941F400614E
:10357000C1612068C16921F48061C1612068C169AD
:103580002A6941EA0221C161A6E710B50446002C70
:1035900003D094F83D0010B107E0012010BD0020D9
:1035A00084F83C00204600F015F8022084F83D0025
:1035B000211D206801F088FC01203D34607260709C
:1035C000A070E07020716071A071E07120722070B5
:1035D000002010BD7047704710B50446002909D07F
:1035E00004290AD008290BD094F8410001280AD0F8
:1035F000012010BD94F83E00F8E794F83F00F5E78D
:1036000094F84000F2E70220A9B3042937D0082932
:1036100038D084F841000122206801F0BFFC1E4927
:1036200020681E4A884201D0904203D1436C43F483
:10363000004343642068884213D0B0F1804F10D01B
:10364000174988420DD0174988420AD01649884246
:1036500007D0904205D01549884202D014498842CB
:1036600013D1816801F00701062912D0016841F0E9
:10367000010101600DE0FFE784F83E00CBE784F82C
:103680003F00C8E784F84000C5E7016841F0010148
:103690000160002010BD0000000001400004014056
:1036A0000004004000080040000C004000400140C1
:1036B0000018004030B504460D4600222946206817
:1036C00001F06CFC184A41F2111120688B109042F5
:1036D00002D0164A904209D1026A0A4206D1026A11
:1036E0001A4203D1426C22F4004242642068026A0A
:1036F0000A4206D1016A194203D1016821F0010191
:10370000016001203DB1042D08D0082D09D084F8B6
:103710004100002030BD84F83E00FAE784F83F0005
:10372000F7E784F84000F4E700000140000401409E
:1037300000680349884201D1FEF72ABC70470000A7
:1037400000100040704770B50446002C04D094F877
:103750004100002510B106E0012070BD84F8405002
:10376000204600F023F8242084F841002068C16836
:1037700021F40051C160204601F0DCFD20680169A0
:1037800021F4904101612068416921F02A014161E1
:103790002068C16841F40051C1606564202084F84C
:1037A000410084F842006563002070BD2DE9F041BE
:1037B00086B00446142101A8FDF790F8464A454E0C
:1037C0002168454D103A0223012408274348B1429D
:1037D0001CD1296841F400212960296801F40021E5
:1037E0000091116841F004011160116801F00401B9
:1037F00000914FF440610191029303930494059763
:1038000001A9FDF77BFF06B0BDE8F081324EDFF87D
:10381000D080361D4FF0070C41451CD1306840F078
:1038200010003060306800F010000090106840F028
:1038300001001060106800F0010000904FF4C060BB
:103840000190029303930494CDF814C001A9254874
:10385000FDF754FFD7E7DFF8908041451CD1286879
:1038600040F480202860286800F4802000901068D0
:1038700040F008001060106800F0080000904FF45D
:1038800040700190029303930494CDF814C001A9F1
:103890001648FDF733FFB6E7154DA942B3D131689D
:1038A00041F020013160316801F020010091116880
:1038B00041F004011160116801F004010091C02180
:1038C0000191029303930494059701A9FDF716FF54
:1038D00099E70000004C00404038024000080240D8
:1038E000001001400000024000480040000C02406F
:1038F000001401402DE9F84F04460E46154698463F
:1039000094F84200202802D00220BDE8F88FBEB112
:10391000B5B100206064222184F842102063FDF7D5
:10392000E3FF8246A585E585A0684FF48057B8423D
:1039300001D1206930B1354600264FF0200928E03A
:103940000120E2E70025F8E7534600222021204627
:10395000CDF8008001F078FD18B184F84290032082
:10396000D3E725B1A068B84219D038B108E0206883
:103970004068C0F3080026F8020B07E0206970B128
:103980002068406800F07F0028706D1CE08D401EAC
:10399000E085E08D0028D7D184F84290B5E7206813
:1039A00040682870F1E72DE9F84304460E461546B5
:1039B0001F4694F84100202802D00220BDE8F88379
:1039C0007EB175B100206064212084F84100FDF7CC
:1039D0008BFF8146A584E584A068B0F5805F02D0A6
:1039E00003E00120EAE7206920B1354600264FF0C8
:1039F000200815E00025FAE74B46002280212046EA
:103A0000009701F021FD18B184F841800320D5E72B
:103A1000ADB1216815F8010B4860E08C401EE084D0
:103A2000E08C0028E8D14B46002240212046009738
:103A300001F00AFD50B184F841800320BEE736F85A
:103A4000020B2168C0F308004860E6E784F8418073
:103A50000020B3E72DE9F05F05460E46286883464F
:103A6000314603F0EDFFC6EB061140074FF00707A4
:103A70004FF0040805EB81040AD50BEB4610C0F8A3
:103A8000088584F84D703146286803F0E8FC4BE067
:103A90003146286803F0D4FFC0054FF008090CD563
:103AA0000BEB46114FF48070C1F8080584F84D9077
:103AB0003146286803F0D3FC36E03146286803F02D
:103AC000BFFF00070BD50BEB4610C0F8089506208A
:103AD00084F84D003146286803F0C1FC24E03146EB
:103AE000286803F0ADFF40050DD50BEB46114FF4F0
:103AF0008060C1F80805092084F84D003146286827
:103B000003F0ADFC10E03146286803F099FF000691
:103B10000AD50BEB46118020C1F8080584F84D70DA
:103B20003146286803F09BFC3146286803F088FF83
:103B300080050BD53146286803F091FC0BEB46114C
:103B40004FF40070C1F80805BDE8F09F31462868C1
:103B500003F076FFC0074FF0200A4FF001094FF045
:103B6000000751D00BEB4618C8F808A5E07E0128E5
:103B700006D1E776D8F8040520F48030C8F80405AB
:103B8000A87930B1206BD8F81015C1F31201401A92
:103B9000A0634A4684F84D906764C8F8082594F8F5
:103BA000260030B1022804D003280AD0012808D00A
:103BB00013E03146286803F052FC1020C8F80805CD
:103BC0000BE0D8F8000540F00050C8F8000584F874
:103BD0004C2031462846FDF7FFFEA879012805D084
:103BE00014F83C0F80F001002070ADE7208DA16B30
:103BF0000144491EB1FBF0F0C007A5D014F83C0FFA
:103C000080F0010020709FE73146286803F018FF1C
:103C1000800611D50BEB4610C0F808A5A07E012840
:103C200092D184F81B90032084F84D003146286817
:103C3000BDE8F05F03F013BC3146286803F000FFD5
:103C400080074FF0050A7DD50BEB46100222C0F825
:103C5000082594F84D10012916D0062919D00729F6
:103C60001CD009291AD005293ED0032971D0042976
:103C70006AD0082969D00229B7D094F84C2031467F
:103C80002846FDF7A9FE5FE784F84D2084F84C90A4
:103C9000F3E784F84D2084F84CA0EEE784F84D203B
:103CA000616C491C616402290ED96764A17E0129F7
:103CB00007D1E7762777D0F8041521F48031C0F8D2
:103CC000041584F84C80D8E784F84C2094F826102A
:103CD00009B10229D1D1D0F8001521F0804141F07D
:103CE0000041C0F80015C8E784F84D20E17E0129A5
:103CF000C3D194F8261003290FD084F84C2094F8EF
:103D0000261009B10229B8D1D0F8001521F0804160
:103D100041F00041C0F80015AFE7A16C491CA16457
:103D2000022913D9A764E776616C032901D284F8CC
:103D30001C90D0F8041521F48031C0F8041584F8E3
:103D40004C80DCE744E004E028E039E084F84C20D3
:103D5000D5E784F84D20E17E01298ED184F84C20EE
:103D600000F20450016841F480310160816841F043
:103D700040018160816821F020018160A0F204503F
:103D800094F8261009B1022987D1D0F8001521F046
:103D9000804141F00041C0F800156EE784F84D20E5
:103DA00084F84C2094F8261009B102298BD1D0F860
:103DB000001521F0804141F00041C0F800155CE79A
:103DC00084F84D20606C401C606484F84C8054E79B
:103DD0003146286803F034FE40060FD50BEB461140
:103DE0004020C1F8080584F84DA0A07E00B96764A2
:103DF00031462868BDE8F05F03F031BB31462868E2
:103E000003F01EFEC0067FF5F0AE94F826000328EE
:103E100003D050B1022808D013E0676484F84D80C5
:103E20003146286803F01BFB0BE06764A87910B1EA
:103E3000E07E012805D184F84D803146286803F0E2
:103E40000EFBE07E01280CD1E7760BEB461000F26A
:103E50000450016821F480310160816841F0200143
:103E600081600BEB46111020C1F808056CE62DE9C6
:103E7000F05F05460F4628680646394603F0E0FD28
:103E8000C7EB071140074FF0040B05EB81040CD57D
:103E900006EB4710C0F808B5072084F84D003946F6
:103EA0002868BDE8F05F03F0DABA3946286803F005
:103EB000C7FD80064FF000084FF0010A4FF00209DD
:103EC00028D506EB47112020C1F80805607E03269F
:103ED000012809D184F8198084F84C9084F84D6049
:103EE0003946286803F0BBFAA07E012810D1E07E95
:103EF00000280DD194F82600012801D084F81BA0D9
:103F000084F84D603946286803F0A9FAC4F8448063
:103F1000BDE8F09F3946286803F092FD80050BD577
:103F200006EB47114FF40070C1F8080539462868C0
:103F3000BDE8F05F03F093BA3946286803F080FDCE
:103F4000C00726D0C4F844803946286803F078FDBD
:103F5000400606D584F819A006EB47114020C1F8A9
:103F60000805E07E48B184F81B8006EB4710D0F8C6
:103F7000041521F48031C0F8041506EB4710C0F891
:103F800008A584F84DA039462868BDE8F05F03F025
:103F900066BA3946286803F053FD400612D505205D
:103FA00084F84D00A07E08B984F819A0C4F84480B4
:103FB0003946286803F053FA06EB47114020C1F850
:103FC0000805A5E73946286803F03AFD00070DD536
:103FD00006EB47110820C1F80805062084F84D00BB
:103FE00039462868BDE8F05F03F039BA39462868D9
:103FF00003F026FDC00613D5C4F8448084F84DB004
:10400000607E18B9207E08B984F819A0394628685E
:1040100003F025FA06EB47111020C1F8080577E7F1
:104020003946286803F00CFD00062AD5A87970B13E
:10403000606C401C6064022811D9C4F844805A4660
:1040400084F84CB039462846FDF7C6FC13E007203B
:1040500084F84D003946286803F001FA0BE084F833
:104060004C9006EB4710D0F8001521F0804141F04C
:104070000041C0F8001506EB47118020C1F8080583
:1040800046E73946286803F0DBFC40050DD50920DA
:1040900084F84D003946286803F0E1F906EB471132
:1040A0004FF48060C1F8080532E73946286803F00C
:1040B000C7FC800785D506EB4711C1F8089594F831
:1040C0004D00012817D003283AD0042840D00528F5
:1040D0004ED0062851D0072801D009289FD184F856
:1040E0004D90606C401C606402284CD9C4F8448038
:1040F00084F84CB051E084F84D9084F84CA094F8CA
:104100002600022801D0032847D1A87928B994F8BD
:104110003D0080F0010084F83D00A87901283CD1E1
:10412000606B20B3218D0844401EB0FBF1F0C00746
:1041300033D094F83D0080F0010084F83D002CE07D
:1041400084F84D90E07E012827D184F84C9024E03B
:1041500084F84D9084F84C90E07E01281DD184F8BD
:104160001B80D1F8040520F48030C1F8040514E068
:1041700084F84D9084F84C900FE084F84D90052021
:1041800084F84C0009E084F84C90D1F8000520F048
:10419000804040F00040C1F8000594F84C203946BA
:1041A0002846FDF719FCB3E67CB505462C68D4F823
:1041B00040040190D4F840040090009820F02E00B4
:1041C00000900198800709D50198C00702D02846C1
:1041D000FDF790FB009840F0020000900198000766
:1041E00027D5009840F008000090019840071DD5A1
:1041F000687A022803D0E87901280FD012E00198EC
:10420000C0F34140022804D00121286803F0FAFBE2
:1042100008E00221286803F0F5FB03E04EF6602079
:10422000C4F804042846FDF77DFD02E02846FDF7AA
:1042300075FD0198800603D5009840F0200000909D
:104240000098C4F840047CBD2DE9F041034618688D
:104250000746016A01F00F06C1F34342C1F30A1594
:10426000022A2ED1002D2CD0C6EB061103EB8104BF
:10427000E16A002925D0A26B636B2A449A4222D8B6
:10428000AAB203F0E9FBE06A2844E062A06B28448C
:10429000A06307EB4610D0F81015C1F3C941228D79
:1042A000AA420ED100290CD0D0F8001521F080418F
:1042B00041F00041C0F8001514F83C0F80F00100F7
:1042C0002070BDE8F081042084F84C00F9E7FEE797
:1042D0002DE9FF41002400940194029403944D4879
:1042E0004B4901604FF480314160846001250561D4
:1042F000057680F82040C46247498162C4600C267C
:10430000C66180F830404561FCF7FAFF08B1FCF760
:1043100080FD009401950627029769463D48FCF709
:1043200043FF08B1FCF775FD00950224019469462E
:104330003848FCF739FF08B1FCF76BFD0094032403
:10434000019469463348FCF72FFF08B1FCF761FD83
:1043500000940420019069462E48FCF725FF08B11F
:10436000FCF757FD0725009505200190694629486F
:10437000FCF71AFF08B1FCF74CFD0A2400940197E2
:1043800069462448FCF710FF08B1FCF742FD0B27F3
:104390000097019569461F48FCF706FF08B1FCF736
:1043A00038FD00960820019069461A48FCF7FCFE8B
:1043B00008B1FCF72EFD0D20009009200190694600
:1043C0001448FCF7F1FE08B1FCF723FD1020009023
:1043D000019469460F48FCF7E7FE08B1FCF719FDA8
:1043E00011200090019769460A48FCF7DDFE08B1EC
:1043F000FCF70FFD12200090019669460548FCF776
:10440000D3FE002801D0FCF704FDBDE8FF810000C9
:1044100000200140F80000200100000F10B50749FE
:10442000054808600846FCF7D7FF002803D0BDE820
:104430001040FCF7EEBC10BD003002400000002030
:104440001CB50024009401940F490E4808600846EA
:10445000FDF746F808B1FCF7DCFC0094019400225B
:1044600069460948FCF7DFFF08B1FCF7D2FC1022CF
:1044700069460548FCF7D7FF002801D0FCF7C9FCC6
:104480001CBD00000074004040010020002805D041
:1044900001224FF480610248FDF71FBA0022F8E7BD
:1044A000000C024010B504490448FCF7B4FC024972
:1044B000491E087010BD000009000020D8DA00086D
:1044C0002DE9F04F87B0142102A8FCF707FA002568
:1044D0008148016841F010010160016801F010019C
:1044E0000191016841F004010160016801F00401DB
:1044F0000191016841F080010160016801F08001D3
:104500000191016841F001010160016801F00101C0
:104510000191016841F002010160016801F00201AE
:104520000191016841F008010160006800F0080095
:1045300001906A4F002240213846FDF7CEF9DFF89E
:10454000A0A1002241F230015046FDF7C6F9DFF884
:1045500094B100224CF203415846FDF7BEF9DFF852
:104560008881002248F2FC414046FDF7B6F9DFF8A9
:104570007C9100224FF470714846FDF7AEF930206F
:1045800002900395049502A95846FDF7B7F84FF439
:104590000050029003950124049402A95046FDF7AF
:1045A000ADF840200290039402260496059502A9D6
:1045B0003846FDF7A3F841F21000029003940494EA
:1045C000059502A95046FDF799F820200290039422
:1045D0000496059502A95046FDF790F84FF4807AAD
:1045E000CDF808A00395049402A95846FDF786F873
:1045F00040F20340029003940496059502A95846A0
:10460000FDF77CF84FF4605002900395049602A9E0
:104610005846FDF773F84FF4404002900394049419
:10462000059502A95846FDF769F848F260400290E6
:1046300003940496059502A94046FDF75FF8E00251
:1046400002900395049402A94046FDF757F8CDF86F
:1046500008A00395049502A93846FDF74FF80327F3
:1046600002970396049505970920069002A94046F3
:10467000FDF744F80420029003940494059502A9E0
:104680004046FDF73BF818200290039404960597E6
:1046900002A94046FDF732F880200290039404946A
:1046A000059702A94046FDF729F84FF410700290D3
:1046B00003940494059702A94846FDF71FF8F801F2
:1046C000029003940496059702A94846FDF716F850
:1046D00007B0BDE8F08F0000303802400000024013
:1046E0000008024000100240000C0240000402409A
:1046F00010B50D480B4901600C49416000218160F3
:10470000C1604FF48042026141618161C161016217
:10471000FDF73CFB002803D0BDE81040FCF779BB57
:1047200010BD00000058004054010020A086010088
:1047300010B50749054808600846FEF70DF800283F
:1047400003D0BDE81040FCF764BB10BD0008065064
:10475000A801002010B50D480B49016000214160FF
:104760008160C16001614161816101624162816278
:104770000A21C162FEF71EF8002803D0BDE81040F0
:10478000FCF747BB10BD000000380040B801002016
:1047900010B50F480D4901604FF48271416000214E
:1047A0008160C160016141614FF400728261C16149
:1047B0000162416281620A21C162FDF7FBFF0028AC
:1047C00003D0BDE81040FCF724BB10BD003C004006
:1047D0001002002010B50B480949016054214160C6
:1047E000002181604FF47A72C26001618161FEF73D
:1047F00069FB002803D0BDE81040FCF70ABB10BDE0
:1048000000200040D003002010B58EB000240A9490
:104810000B940C940D94089409941C2101A8FCF7A6
:104820005DF81E484FF0804101604FF4FA7141601D
:1048300084604900C160046180218161FEF742FB10
:1048400008B1FCF7E6FA4FF480500A900AA9134821
:10485000FEF71EFC08B1FCF7DCFA1048FEF795FEE7
:1048600008B1FCF7D6FA0894099408A90B48FEF79A
:10487000E1FA08B1FCF7CDFA6020019002940394AC
:104880000594002201A90548FEF713FE08B1FCF7C4
:10489000C0FA0248FEF794FD0EB010BD6802002079
:1048A00010B592B000240E940F94109411940C94AF
:1048B0000D94089409940A940B941C2101A8FCF708
:1048C0000DF8284826490160232141608460642155
:1048D000C160046180218161FEF7F4FA08B1FCF740
:1048E00098FA4FF480500E900EA91E48FEF7D0FBA8
:1048F00008B1FCF78EFA1B48FEF79FFC08B1FCF7E5
:1049000088FA1848FEF741FE08B1FCF782FA0C94C9
:104910000D940CA91348FEF78DFA08B1FCF779FA4B
:104920000894012009900A940B94082208A90D48C4
:10493000FEF723FC08B1FCF76CFA602001900294AA
:10494000039405940C2201A90648FEF7B2FD08B1B4
:10495000FCF75FFA0348FEF733FD12B010BD00000C
:1049600000040040B002002010B58EB000240A946C
:104970000B940C940D94089409941C2101A8FBF746
:10498000ADFF2748254901604FF47A61416084609A
:104990006421C160046180218161FEF793FA08B14E
:1049A000FCF737FA4FF480500A900AA91C48FEF72A
:1049B0006FFB08B1FCF72DFA1948FEF7E6FD08B1C8
:1049C000FCF727FA0894099408A91548FEF732FA6B
:1049D00008B1FCF71EFA602001900294039405943C
:1049E000002201A90E48FEF764FD08B1FCF711FA98
:1049F000042201A90A48FEF75CFD08B1FCF709FA98
:104A0000082201A90648FEF754FD08B1FCF701FA97
:104A10000348FEF7D5FC0EB010BD000000080040B2
:104A2000F80200201CB50024009401940E480D49A2
:104A300001605421416084604FF47A71C16080212B
:104A40008161FEF73FFA08B1FCF7E3F900940194A5
:104A500069460548FEF7EEF9002801D0FCF7D9F9C0
:104A60001CBD0000001400404003002030B58BB096
:104A700000240794089409940A941C216846FBF7C3
:104A80002DFF1A481849016060254560846041F295
:104A90008831C160046180218161FEF713FA08B199
:104AA000FCF7B7F94FF48050079007A90F48FEF7BD
:104AB000EFFA08B1FCF7ADF90C48FEF766FD08B156
:104AC000FCF7A7F900950194029404940422694626
:104AD0000648FEF7EEFC08B1FCF79BF90348FEF729
:104AE0006FFC0BB030BD0000004001408803002087
:104AF00010B50C480A4901604FF4E13141600021D2
:104B00008160C16001610C2242618161C161FEF777
:104B10001AFE002803D0BDE81040FCF77AB910BD9A
:104B2000004C00401804002010B50C480A490160F0
:104B30004FF4E131416000218160C16001610C22CC
:104B400042618161C161FEF7FEFD002803D0BDE82E
:104B50001040FCF75EB910BD001001406004002059
:104B600010B50C480A4901604FF4E1314160002161
:104B70008160C16001610C2242618161C161FEF707
:104B8000E2FD002803D0BDE81040FCF742B910BD9B
:104B900000480040A804002010B50C480A490160F4
:104BA0004FF4E131416000218160C16001610C225C
:104BB00042618161C161FEF7C6FD002803D0BDE8F6
:104BC0001040FCF726B910BD00140140F00400208D
:104BD00010B501220B490C4800F0D5FF08B1FCF7D5
:104BE00018F90A49084802F04EFA08B1FCF711F921
:104BF000054802F08EFA002803D0BDE81040FCF70B
:104C000008B910BD29710008800500204800002067
:104C1000014802F00AB9000080050020FEE7FEE727
:104C20000148FCF754BF0000580900207047F8B550
:104C300004464FF4827560684FF48063A8420AD13D
:104C4000A068B0F5004F01D0984204D120680668F2
:104C500026F0400606606068A8421ED1A06898420F
:104C60000DD00B46009200228021204600F064F80F
:104C700008B3606D40F0200060650320F8BD0B466E
:104C8000009200220121204600F056F898B1606D94
:104C900040F0200060650320F8BD0B460092002222
:104CA0000121204600F048F828B1606D40F0200056
:104CB00060650320F8BD0020F8BD00007CB5044607
:104CC0000E4615463346012202212046009500F08B
:104CD00033F828B1606D40F02000606503207CBD92
:104CE000134814490068B0FBF1F04FF47A7148435F
:104CF00001906068B0F5827F0DD13346002280219B
:104D00002046009500F018F878B1606D40F0200062
:104D1000606503207CBD019838B10198401E019068
:104D200020688068C0430006F5D500207CBD0000E7
:104D30003C00002000366E012DE9F84304460F4682
:104D400091461E46089DFCF7CFFD401B351AFCF727
:104D5000CBFD804627480068C0F3CB306843009005
:104D60000DE0701C0BD0FCF7BFFDA0EB0800A842C3
:104D700010D27DB10098B8B30098401E0090206812
:104D8000806837EA000032D000204845E9D1002091
:104D9000BDE8F8832068416821F0E0014160606867
:104DA000B0F5827F0BD1A068B0F5004F02D0B0F50E
:104DB000806F04D12068016821F040010160A06A81
:104DC000B0F5005F09D12068016821F4005101604D
:104DD0002068016841F40051016001205034607086
:104DE000002020700320D3E7FFE70025C7E701205C
:104DF000CBE700003C0000207047704730B593B00F
:104E0000302107A8FBF76AFD142102A8FBF766FD15
:104E100000251E48016841F080510160006800F0E3
:104E2000805001901A48016841F480410160006897
:104E300000F48040019001200790000408900224B3
:104E40000D9480010E9019200F904FF4A8701090CF
:104E500011940720129007A8FDF79EFA08B1FBF7FE
:104E6000D8FF0F200290039404954FF4A0500590B2
:104E70004FF480500690052102A8FDF76DF9002837
:104E800001D0FBF7C6FF13B030BD00004038024030
:104E9000007000400248016841F4700101607047F1
:104EA00088ED00E010B506480079002802D00448DB
:104EB000FCF7E2FABDE810400248FEF7E4B9000052
:104EC00040010020380500202DE9F0410268284DFE
:104ED000284E294FDFF8A4C0294B4FF08048A84244
:104EE00009D0404507D0B04205D0B84203D0604554
:104EF00001D0984203D122F070044A682243A842AC
:104F00001BD0404519D0B04217D0B84215D06045EB
:104F100013D0984211D01B4CA0420ED01A4CA04284
:104F20000BD01A4CA04208D0194CA04205D0194C05
:104F3000A04202D0184CA04203D122F44074CA68A7
:104F400022434C6922F0800222438C68C4620C68C0
:104F50008462A84201D0984201D1096901630168C5
:104F600041F004010160012141610260BDE8F0816E
:104F7000000001400004004000080040000C004018
:104F8000000401400040014000440140004801404D
:104F900000180040001C00400020004010B501F047
:104FA0001F0101238B40046A9C430462036A8A4008
:104FB0001343036210BD10B5846824F47F4442EAB1
:104FC00003220A432243826010BD826822F07002ED
:104FD0000A4342F00701816070470000F0B5056A9E
:104FE000026A22F0010202624368826922F07002C2
:104FF00022F003020C68144325F002058A682A4354
:105000000E4E0F4FB04201D0B84205D122F0080534
:10501000CA682A4322F00402B04201D0B84207D144
:1050200023F4807323F400734D691D438B692B4374
:1050300043608461496841630262F0BD0000014041
:1050400000040140F0B5026A036A23F01003036212
:105050004368846924F4E04424F440740D6844EA0D
:10506000052422F020028D6842EA0512104D114EEF
:10507000A84201D0B04206D122F08002CF6842EAB5
:10508000071222F04002A84201D0B04209D123F415
:10509000806323F400634D6943EA85038D6943EA25
:1050A000850343608461496881630262F0BD00004A
:1050B0000000014000040140F0B5026A036A23F4D5
:1050C000807303624368C46924F0700424F003050C
:1050D0000C682C4322F400728D6842EA0522104DC0
:1050E000104EA84201D0B04206D122F40062CF682F
:1050F00042EA072222F48062A84201D0B04209D1DC
:1051000023F4805323F400534D6943EA05138D695A
:1051100043EA05134360C4614968C1630262F0BD9C
:10512000000001400004014030B5036A026A22F425
:10513000805202624268C46924F4E04424F440745A
:105140000D6844EA052423F400538D6843EA0533CF
:10515000084DA84202D0084DA84204D122F4804252
:105160004D6942EA85124260C46149680164036284
:1051700030BD0000000001400004014010B5036A8A
:10518000046A24F001040462846924F0F00444EA0F
:10519000021423F00A020A438461026210BD000077
:1051A00070B5056A046A24F0010404628469154E2E
:1051B000B04214D0B0F1804F11D0134EB0420ED097
:1051C000124EB0420BD0124EB04208D0114EB04237
:1051D00005D0114EB04202D0104EB04203D124F09F
:1051E0000304144301E044F0010424F0F0041A071E
:1051F00044EA126225F00A0301F00A0119438261B0
:10520000016270BD00000140000400400008004041
:10521000000C004000040140004001400018004024
:1052200010B5036A046A24F010040462846924F44B
:10523000704444EA023223F0A00343EA0111826180
:10524000016210BD30B5056A046A24F010040462DE
:10525000846924F4407444EA022222F470444FF634
:10526000FF7202EA0332224325F0A003A02404EADD
:10527000011119438261016230BD30B5056A046ACB
:1052800024F480740462C46924F00304144324F0F9
:10529000F0041A0744EA126225F420634FF42064F4
:1052A00004EA01211943C261016230BD30B5056ACB
:1052B000046A24F480540462C46924F4407444EA07
:1052C000022222F470444FF6FF7202EA03322243B4
:1052D00025F420434FF4204404EA01311943C2610C
:1052E000016230BD01680C3151E8002F22F4907248
:1052F00041E80023002BF5D10168143151E8002F5B
:1053000022F0010241E80023002BF5D1016B0129B5
:1053100009D101680C3151E8002F22F0100241E858
:105320000023002BF5D1202180F8421000210163D9
:10533000704700002DE9F041044620680169E268E9
:1053400021F4405111430161A1682069E2690143E0
:105350006069104301432068C26849F20C639A43B4
:105360000A43C26020684169A26921F44071114377
:10537000416133492068884202D03249884202D1D3
:10538000FCF7C4FF01E0FCF7B1FFE1690023192736
:1053900064253226B1F5004F28D061688B0F8A0052
:1053A000A0FB0701FAF7C9FF0146B0FBF5F07A420E
:1053B000504301EB800006EB0010B0FBF5F000F06D
:1053C000F002B1FBF5F002EB0012B1FBF5F07B420D
:1053D000584301EB800006EB0010B0FBF5F02168AC
:1053E00000F00F0010448860BDE8F08161684A1841
:1053F000A0FB07015B41FAF7A0FF0146B0FBF5F007
:105400000201B1FBF5F06FF01803584301EB800087
:1054100006EBC000B0FBF5F000F0F80002EB400234
:10542000B1FBF5F0584301EB800006EBC000B0FB88
:10543000F5F0216800F0070010448860D4E7000010
:1054400000100140001401402DE9F84304460D46C8
:1054500017469846089E25E0701C23D0FCF744FAB6
:10546000A0EB0800B0421BD8D6B12068C16849073C
:1054700018D5802D16D0402D14D00168C9430907D6
:1054800010D4002521680968406800902046FFF785
:1054900029FF0820606484F840500120BDE8F883AB
:1054A0000320FBE72068006835EA000004D00020F4
:1054B000B842D1D00020F1E70120F9E770B50446E9
:1054C0000D46204600F0E6F8A0F57F42FF3A07D0EF
:1054D00000F00F0204EB820245F40041C2F884138D
:1054E000C0B270BD7FB51E4601250024CDE9005134
:1054F000CDE9022402232A46314600F033FC04B0F1
:10550000002070BD7FB50C4608991E4690F81D53CB
:10551000002D00D00021CDE902210125CDE9005464
:1055200002230022314600F01DFC04B0002070BDB3
:1055300010B500F049FB002010BD8278012A07D188
:105540000222027401224274002242828182C282BB
:105550000022114600F010B87FB51E460024012538
:10556000CDE90051CDE9022423462A46314600F018
:10557000F9FB04B0002070BD70B504460120A3788B
:105580000125012B0BD0022B08D1204600F0FCF89E
:1055900058B1032809D0022800D1A57070BDA160C0
:1055A000A28125760221A17070BDA570002121760F
:1055B00070BD7FB50C4608991E4690F81D53002D0E
:1055C00000D00021CDE902210125CDE900540023BE
:1055D0001A46314600F0C6FB04B0002070BD7FB50E
:1055E000154600230824CDE90031CDE902431A46CF
:1055F000294600F0B7FB04B0002070BDFBF7BEBF2A
:1056000070B50546002005F54E7517E000EB8004E7
:1056100004EBC00405EB44040A3466798E4201D0E1
:10562000FF2909D1A679964201D0FF2A04D1E47955
:105630009C4206D0FF2B04D0401CC0B20228E5D308
:10564000FF2070BD102907D200EB8100B0F8841351
:10565000C1F30E01C0F884130020704730B40C462B
:1056600002998578012D10D144F080040474062439
:10567000447442820324B4EB122F03D140F2094256
:10568000828201E000228282C1820A4630BC194631
:10569000FFF772BF0146002001EB8002B2F88423BD
:1056A000120405D5401CC0B21028F5D34FF6FF7088
:1056B00070470A8803781A440A80017808447047C2
:1056C000F8B506460C4606F11C05B4F5807F01D9F5
:1056D0000320F8BD2B464FF40072002130460094A1
:1056E000FFF7BCFF0028F4D1224629463046BDE82A
:1056F000F84001F01FBAF8B505460C46B4F5007F36
:1057000001D90320F8BD05F58E731E464FF4807253
:10571000002128460094FFF7A1FF0028F2D122467D
:1057200031462846BDE8F84001F09DBAF8B5164666
:105730001C46B4F5007F0CD85EB141F4407200F510
:105740008E731F4600210094FFF788FF054615B1B0
:1057500006E00320F8BD22463146384601F04EFBF4
:105760002846F8BD01460020002906D0012905D0B1
:10577000022905D0032905D0022070470220704776
:1057800001207047022070472DE9F84F044601259B
:10579000207E01210B2609274FF007084FF005094D
:1057A0004FF00D0A0C280FD2DFE800F0CD060F30C5
:1057B0003C4D5A748093A0B3627904F110012046E5
:1057C000FFF70DFF02202076BDE06179204600F052
:1057D0004EFA012804D0042816D0022814D0B2E0D2
:1057E000207C00F08000E18A39B1802802D084F862
:1057F0001890A8E003202076A5E0802802D084F845
:105800001880A0E027769EE026769CE0D4F8C403BA
:10581000E0812379A2892046A168FFF79DFE04203C
:10582000207690E02179204600F021FA012804D06A
:10583000052804D0042804D085E0277683E00325DA
:1058400081E026767FE000916379A2892046A168F5
:10585000FFF7AFFED4F8C403E0810620207672E0A3
:105860006179204600F003FA012806D0052807D008
:10587000022809D004280AD065E084F8188062E084
:105880000C20207603255EE084F818905BE02676F5
:10589000022558E00022237911462046FFF75CFEDE
:1058A000D4F8C403E081082020764CE0217920461A
:1058B00000F0DDF9012804D0042806D0052806D020
:1058C00041E084F818A000253DE026763BE0032562
:1058D00039E000910022637911462046FFF769FE06
:1058E000D4F8C403E0810A2020762CE061792046B8
:1058F00000F0BDF9012804D0022806D0042806D003
:1059000021E0002584F818A01DE027761BE026760C
:1059100019E0607E401CC0B26076022802D8217671
:10592000A17010E0D4F8D42306212046904700252A
:10593000657661792046FFF785FE21792046FFF7DD
:1059400081FE257002252846BDE8F88F2DE9FE432B
:1059500004460126607800250D274FF0010804F564
:105960008E7208280CD2DFE800F0043F5F8BABCCCE
:10597000DEF108212046FFF7BEFE10B103281FD03C
:10598000F4E094F82D03A07184F8018094F81D13BD
:10599000CDE90015029094F81C332179802220462D
:1059A00001F0BDF8A07994F81D13CDE9001502901F
:1059B00094F81C3361790022204601F0B0F8D5E05C
:1059C00094F81E03401CC0B284F81E03032801D9BA
:1059D0002770CBE061792046FFF734FE217920461D
:1059E000FFF730FE2570C1E012212046FFF783FE4D
:1059F00010B1032803D0B9E002206070B6E094F83B
:105A00001E03401CC0B284F81E03032801D927706E
:105A1000ACE061792046FFF715FE21792046FFF7BB
:105A200011FE65702570A1E00121204601F047FBC1
:105A300010B1032821D099E00220FFF7DFFD434693
:105A400084F81C8303206070A07994F81D13CDE9BD
:105A50000015029021798022204601F060F8A0799B
:105A600094F81D13CDE90015029094F81C33617968
:105A70000022204601F053F878E02770657075E049
:105A800009212046FFF71CFE10B1032803D06DE06A
:105A9000042060706AE094F81E03401CC0B284F8D1
:105AA0001E03032801D9277060E061792046FFF7C3
:105AB000C9FD21792046FFF7C5FD6570257055E0C9
:105AC000B4F83A132046FFF7FBFD10B1032803D0CA
:105AD0004CE00520607049E094F81E03401CC0B201
:105AE00084F81E03032801D927703FE0617920461E
:105AF000FFF7A8FD21792046FFF7A4FD657025700A
:105B000034E094F83413062559B1FF232046FFF7FB
:105B10000DFE10B1032802D028E0657026E0657004
:105B200024E0657022E094F83513072561B1FF2366
:105B30002046FFF7FBFD10B1032802D016E0657088
:105B400014E0657012E001E065700FE094F8361320
:105B500059B1FF232046FFF7E9FD10B1032802D019
:105B600004E0002602E0002600E000263046BDE802
:105B7000FE8301780B2905D1D0F87C13002901D0D0
:105B800089690847704770B504460E46002C19D045
:105B900084F8CC230025C4F87C53C4F880532046F5
:105BA000FBF7FAF884F8235384F8205384F8215340
:105BB00084F822530EB1C4F8D463204600F062F892
:105BC000002070BD022070BD0020704700F54870B5
:105BD000012101700021417081700020704710B5D3
:105BE0000446012084F82103002084F8200384F86F
:105BF0002303204600F0ADF821792046FFF722FD6F
:105C000061792046FFF71EFD002010BD10B590F809
:105C1000CC03012802D10846FEF738FCC820FBF768
:105C2000ADFC002010BDD0F8D003FBF784BE10B54A
:105C30000124D0F8D003FBF768FE20B1012805D07D
:105C4000022803D101E0002400E00224204610BD18
:105C5000D0F8D003C1EB011100EB8100C17D002918
:105C600002D090F83C00704790F83D007047D0F8A3
:105C7000D003FBF759BED0F8C413491CC0F8C413B5
:105C8000FFF777BF10B5044694F8CC0301281CD168
:105C90000F48C0F8DC43C4F8D0034FF0A0410160C6
:105CA000082141710121C1710021817102224272DA
:105CB0008172FBF7AEFF08B1FBF7ABF80448FBF7C6
:105CC00021FE0146204600F028F8002010BD00000B
:105CD00058090020FEB5DDE908650A9CCDE900659C
:105CE0000294D0F8D003FBF72CFEBDE8FE40FFF78E
:105CF00039BD002180F82313012180F8211370475A
:105D0000012180F82313704710B5D0F8D003FCF7B9
:105D10000DF8BDE81040FFF725BDC0F8C41370476B
:105D2000D0F8D003C1EB011100EB8100C17D002947
:105D300002D080F83C2001E080F83D200020704730
:105D400010B5D0F8D003FBF7F8FFBDE81040FFF71F
:105D500009BD10B5D0F8D003FCF705F8BDE8104038
:105D6000FFF700BD2DE9FF41DDE90B760A9D0D9C93
:105D7000CDE9017600950394D0F8D003FBF72DFE12
:105D800004B0BDE8F041FFF7EDBC03460220D3F8B4
:105D90007C13C969002A05D0012A07D189791846E0
:105DA000FFF7CBBBC9791846FFF7C7BB70470000A8
:105DB000D0F87C03C06905495030416004498160D6
:105DC000012101708170002070470000555342434B
:105DD000504030202DE9F84F06460125D6F87C03C7
:105DE000C4690727A84694F850004FF00B0B4FF0FA
:105DF0000A094FF0090A0C2815D2DFE800F0FB066B
:105E00001537426875A3AEC6D4F384F8611002203A
:105E100084F85000CDF8008063791F2204F154010A
:105E20003046FFF76FFBE5E061793046FFF71FFF73
:105E3000012804D0022813D0052814D0DAE0E06D40
:105E400058B194F86000000603D5032084F8500090
:105E5000D0E0052084F85000CCE084F85070C9E010
:105E600084F85080C6E084F85090C3E023796289BA
:105E70003046D4F88C10FFF735FB042084F850002E
:105E8000B8E021793046FFF7F2FE012802D005285C
:105E90001AD0AFE06289E06D904207D9D4F88C1037
:105EA0001144C4F88C10801AE06501E00020E06520
:105EB000E06D30B123793046D4F88C10FFF712FB37
:105EC00098E084F8507095E084F850A092E0CDF806
:105ED0000080637922893046D4F88C10FFF712FBDA
:105EE000062084F8500085E061793046FFF7BFFE58
:105EF000012804D002281ED0052820D07AE022896B
:105F0000E06D904207D9D4F88C101144C4F88C107D
:105F1000801AE06501E00020E065E06D40B1CDF859
:105F2000008063793046D4F88C10FFF7EBFA61E01B
:105F300084F850705EE0052084F850005AE084F840
:105F4000509057E023790D2204F178013046FFF795
:105F5000C9FA082084F850004CE021793046FFF758
:105F600086FE012802D005280CD043E084F850803A
:105F700084F85280304600F093F808B1022539E0E9
:105F8000002537E084F850A034E000223046FFF7C7
:105F9000FCFE10B1042803D02CE084F8507029E0F6
:105FA00084F850B026E001223046FFF7EEFE10B133
:105FB000042814D01EE061793046FFF749FEC0F195
:105FC0000100C2B261793046FFF7AAFE21790022B2
:105FD0003046FFF7A5FE84F850A00BE002E084F8FD
:105FE00050B007E0304600F013F80546280001D114
:105FF00084F850802846BDE8F88FA1220274FE2262
:1060000042740022428282820122C282FFF7B4BA25
:1060100021210174FF214174002141828182C182CA
:1060200000221146FFF7A8BA70B50246D2F87C03E9
:10603000C4690125A07B002804D0022802D00328CF
:106040002CD124E021461046FFF7D7FF0546002358
:10605000032D01D12370002505BB2078022801D92A
:10606000022000E0401C2070002102200BE001EB28
:10607000810202EBC10204EB820282F8920082F8F4
:10608000C130491CC9B222788A42F0D806E000210A
:106090001046FFF752FA08B9E07BA073284670BD9E
:1060A00070B5D0F87C13CC6901252179FFF7BBFDD1
:1060B0000D2801D0022514E00B49A06F88420FD1B2
:1060C000A16DE06F88420CD194F8840020B10128C2
:1060D00007D0022802D004E0002502E0022500E0FB
:1060E0000225284670BD00005553425310B50346A3
:1060F0001446D3F87C03C069A0F8F8101A780B2A6C
:1061000001D0022010BD01EB810202EBC10100EBC6
:106110008101903134222046FAF78CFB002010BD1B
:1061200070B50546D5F87C03C4690026617900295D
:1061300007D02846FFF7FCF961792846FFF782FA75
:106140006671217939B12846FFF7F2F9217928469D
:10615000FFF778FA2671D5F87C03C06920B1FAF709
:10616000C5F8D5F87C03C661002070BDFEB50546B4
:106170005023D5F87C03062201792846FFF740FA20
:106180000646FF2E01D0022E01D30220FEBD31466D
:10619000284600F089FF08B10220FEBD4FF4827747
:1061A0003846FAF774F8D5F87C13C8610446200025
:1061B00011D03946FAF792FB06EB860000EBC600D9
:1061C00005EB400090F84E130A0606D5E171B0F8D1
:1061D0005013618105E00220FEBDA171B0F850139B
:1061E000218190F856130A0604D5E171B0F85803DE
:1061F000608103E0A171B0F8580320810020207372
:106200006073A073A1792846FFF758F96071E179AE
:106210002846FFF753F920712846FFF7C9FDA279F8
:1062200042B3208930B395F81D130226CDE900163C
:10623000029095F81C336179284600F070FCE279F1
:10624000D2B16089C0B195F81D13CDE90016029056
:1062500095F81C332179284600F061FC2179002251
:106260002846FFF75DFD617900222846FFF758FDBB
:106270000020FEBD0320FEBD0320FEBD2DE9F05F22
:106280000546D5F87C03C4694FF0010B0027207B3D
:106290004FF00108002804D001286FD00A282CD123
:1062A00088E1B4F8F8002178884268D200EB8001D8
:1062B00001EBC00004EB800080F89180B4F8F80096
:1062C000022600EB800101EBC00104EB81024FF0DC
:1062D000080992F890104FF0050A09290DD2DFE85D
:1062E00001F0050C43C40DF40C0CF300042082F8FB
:1062F0009000D5F8C403C4F8000182E1C1B29F3216
:10630000284600F01AFA20B102280DD0042816D031
:1063100077E1B4F8F80000EB800101EBC00004EB7A
:10632000800080F890606CE1B4F8F80000EB800128
:1063300001EBC00004EB800080F890A061E1B4F8AC
:10634000F80000EB800101EBC00004EB800080F856
:106350009090B4F8F80000EB800101EBC00004EB72
:10636000800080F891604CE1C1B2284600F018FB33
:1063700030B1022834D0042862D042E13FE114E178
:10638000B4F8F80000EB800101EBC00004EB8000E2
:1063900090F8921011B180F8C18001E080F8C170CE
:1063A000B4F8F800032100EB800202EBC00004EB1C
:1063B000800080F89010B4F8F80000EB800101EB49
:1063C000C00004EB800080F89170B4F8F80000EB96
:1063D000800101EBC00004EB800080F8927010E1B6
:1063E000B4F8F80000EB800101EBC00004EB800082
:1063F00090F89210022902D080F8C18001E080F864
:10640000C170B4F8F80000EB800101EBC00004EBB0
:10641000800080F890A0B4F8F80000EB800101EB58
:10642000C00004EB800080F89180B4F8F80000EB25
:10643000800101EBC00004EB800080F89260E0E096
:10644000B4F8F80000EB800101EBC00004EB800021
:1064500080F89090B4F8F80000EB800101EBC000E8
:1064600004EB800080F89160CBE0C1B29432284602
:1064700000F00DFA20B102281BD0042826D0C0E07D
:10648000B4F8F80000EB800101EBC00004EB8000E1
:1064900080F89080B4F8F80000EB800101EBC000B8
:1064A00004EB800080F8917034F8F80F401C2080D5
:1064B000A7E0B4F8F80000EB800101EBC00004EBAA
:1064C000800080F890A09CE06BE014E0B4F8F80045
:1064D00000EB800101EBC00004EB800080F890909D
:1064E000B4F8F80000EB800101EBC00004EB800081
:1064F00080F8916085E0C1B29C32284600F00AFA2B
:1065000020B1022823D0042836D07AE0B4F8F8006D
:1065100000EB800101EBC00004EB800090F89C10C0
:10652000062901D002290BD1D5F8C413D4F80021D3
:10653000891A42F21072914202D280F8906060E0B3
:1065400080F8908034F8F80F401C208059E0B4F8AF
:10655000F80000EB800101EBC00004EB800080F844
:106560009090B4F8F80000EB800101EBC00004EB60
:10657000800080F8916044E0B4F8F80000EB8001FE
:1065800001EBC00004EB800080F89090B4F8F800B4
:1065900000EB800101EBC00004EB800080F891600B
:1065A0002FE0401CA4F8F8002BE0A4F8F8700A20B3
:1065B000207326E0B4F8FA00217888421AD2A4F8B1
:1065C000F80000EB800101EBC00004EB800090F8C4
:1065D000910048B1D5F8D42306212846904734F8D5
:1065E000FA0F401C20800CE0D5F8D4230221284665
:1065F0009047F4E7A4F8FA7084F80C8001E04FF0BB
:10660000000B5846BDE8F09F2DE9F843D0F87C23F5
:10661000D269012501EB810303EBC10302EB830483
:10662000012694F890200827052A33D000234FF044
:106630000508062A02D0072A3FD115E0009300235F
:106640001A4600F0DEF820B1022806D0042807D050
:1066500033E084F8906000252FE084F890802CE0EF
:1066600084F89070022528E0009300231A4600F079
:10667000BCF920B1022806D0042807D01DE084F818
:106680009060002519E084F8908016E084F89070FE
:10669000022512E004F19C0200F03CF920B102282E
:1066A0000BD0042806D008E004F8906F0220607038
:1066B000022502E084F8907002252846BDE8F883A0
:1066C000F8B50446069D0E46D4F87C03C069A0F8D0
:1066D000F86094F8231300290CD021780B2909D1F4
:1066E00006EB860101EBC60100EB810090F89010EB
:1066F000012901D00220F8BD062180F89010314612
:106700002046009500F07DF8D4F8C47340F2712063
:10671000454308E0D4F8C403C01BB0EB051F0AD8FA
:1067200094F8230338B131462046FFF76DFF012866
:10673000F0D00020F8BD0220F8BD2DE9F04103465D
:1067400015460226D3F87C03C46900274FF00108E0
:1067500094F85200012802D002284FD11EE02420D4
:106760005334C4F80900802262730A22E27327615D
:10677000676127831222227449016174A774E77448
:106780002075677504F8038C022004F8010C533C53
:1067900004F11000C4F88C0001262FE01846FFF722
:1067A00019FB0646300029D122212846FAF774F851
:1067B00054F88C0F007800F01F0068702068007893
:1067C0004009287054F88C094078000602D585F8F5
:1067D000028000E0AF7054F88C0F8168C5F8031098
:1067E000C068C5F8070021681022103105F10C00BF
:1067F000F9F7DBFF2068006AC5F81D003046BDE8E8
:10680000F0817FB505461E460220D5F87C23D46969
:1068100094F85220012A07D0022A36D104B0284623
:10682000BDE87040FFF7D6BA01EB810000EBC10074
:1068300004EB80000899B0F898004843E065802098
:1068400084F860000A2084F86200102104F16300DB
:10685000FAF722F828205034E0749DF80B00607598
:106860009DF80A00A0759DF80900E0759DF80800E4
:1068700020769DF82100A0769DF82000E07601208A
:1068800020700220A070E663012004B070BD70B5D6
:10689000034616460125D3F87C03C46994F85200D8
:1068A000012802D0022833D119E00820E0658020B9
:1068B00084F860000A2084F86200102104F163006B
:1068C000F9F7EAFF25205034E074012020700220FF
:1068D000A070503C04F11000C4F88C0018E0184679
:1068E000FFF778FA0546280012D154F88C0FC178CA
:1068F000827841EA022142780078120442EA00607C
:10690000014331602068C179807941EA0020B0807C
:10691000284670BD70B503460E4615460220D3F8D2
:106920007C13CC6994F85220012A17D0022A14D182
:1069300031461846FFF74EFA00280ED154F88C1F46
:10694000897801F00F0129702168097B697022683C
:10695000527BAA703A2900D1042070BD0E25E5654E
:10696000802084F860000A2084F86200102104F17D
:106970006300F9F791FF03205034E0747001207533
:1069800000206075A075E57520760120207002203A
:10699000A070503C04F11000C4F88C00012070BDC0
:1069A00070B503460220D3F87C23D46994F85220B2
:1069B000012A06D0022A17D1BDE870401846FFF719
:1069C00009BA0025E56584F860500A2084F8620061
:1069D000102104F16300F9F75FFF5034E5740120E2
:1069E00020700220A070012070BD7FB505461E46B4
:1069F0000220D5F87C23D46994F85220012A07D0CC
:106A0000022A36D104B02846BDE87040FFF7E2B94B
:106A100001EB810000EBC10004EB80000899B0F8A5
:106A200098004843E065002084F860000A2084F85C
:106A30006200102104F16300F9F72EFF2A20503480
:106A4000E0749DF80B0060759DF80A00A0759DF834
:106A50000900E0759DF8080020769DF82100A076D9
:106A60009DF82000E076012020700220A070E663EF
:106A7000012004B070BD00207047D0F87C23D2699B
:106A8000A2F8F81000780B2808D101EB810000EB88
:106A9000C10002EB800090F8910008B1002070471F
:106AA00001207047F8B50446069D0E46D4F87C03D5
:106AB000C069A0F8F86094F8231300290CD021785D
:106AC0000B2909D106EB860101EBC60100EB810021
:106AD00090F89010012901D00220F8BD072180F81C
:106AE0009010314620460095FFF77FFFD4F8C4731D
:106AF00040F27120454308E0D4F8C403C01BB0EB5A
:106B0000051F0AD894F8230338B131462046FFF711
:106B10007BFD0128F0D00020F8BD0220F8BDFEB5B5
:106B2000DDE908650A9CCDE900650294FFF7D2F81B
:106B30000020FEBD2DE9F74F82B0029E06F54E768D
:106B40004FF0000AD046002924D00C462146207878
:106B50004FF00909092801D084F8009008783070B6
:106B6000487870708878CB7840EA0320FF2801D9F4
:106B70004FF480707080087930714879707188792D
:106B8000B071C879F071087A3072092A69D9CDF8E4
:106B9000049056E0022005B0BDE8F08F01A9204620
:106BA000FEF787FD0446607804284AD1207809283A
:106BB00001D084F8009008EB880000EBC80006EBD9
:106BC000400B0BF10A072146384600F004F9002576
:106BD0001BE001A92046FEF76CFD044660780528FD
:106BE00013D17879012804D1B87902281CD0032860
:106BF0001AD0072020700BEBC501143122460298F1
:106C000000F07DF882466D1CEDB2022D07D2387976
:106C1000A84204D97088BDF804108842D9D83879C0
:106C2000A8420AD90320B6E7F8790028E3D12078F2
:106C30000928E0D084F80090DDE708F1010808F0A9
:106C4000FF08B8F1020F04D27088BDF80410884222
:106C5000A4D83079022800D30220404501D903206E
:106C600099E7504697E770B5054605F226300024AF
:106C7000002934D00B7803704B7843708B78CE7832
:106C800043EA062343800B7903714B7943718B7977
:106C90008371CB79C37195F81D5308260DB3012D6F
:106CA0001FD0022D27D00324082A16D90A7A4B7A3E
:106CB00042EA032202818A7ACB7A42EA03224281A3
:106CC0000A7B4B7B42EA032282818A7B8273CA7BE6
:106CD000C2730A7C0274497C4174204670BD022054
:106CE00070BD082BE0D0102BDED0202BDCD0402B49
:106CF000DAD0C671D8E7082BD6D0C671D4E7F0B584
:106D00000546002013780B7053784B7093788B7086
:106D1000D478CC701379567943EA06238B80927924
:106D20008A714FF480667710002B03D0B34201D8EC
:106D3000BB4200D9032095F81D1329B101291DD0AC
:106D4000022938D00320F0BD04F00301022908D045
:106D5000A5070AD001290CD0E143890709D00320F7
:106D6000F0BDBB42FCD90320F0BD402BFCD9032071
:106D7000F0BD0AB1102AFBD90320F0BD04F00301D5
:106D8000022908D0A50706D0012908D0E1438907C8
:106D90000CD00320F0BD402BFCD90320F0BD1AB16C
:106DA000102A01D8402BF9D90320F0BD0AB1B34213
:106DB000FBD30320F0BDA10704D0E143890705D030
:106DC0000320F0BD082BFCD00320F0BD0AB1082B36
:106DD000FBD90320F0BD0A7802704A7842708A78A5
:106DE0008270CA78C2700A7902714A7942718A79CE
:106DF0008271CA79C271097A0172704710B54378FD
:106E0000032B11D103789C1E944200D89A1E93B292
:106E1000801C002204E0845C01F8014B921C92B2B9
:106E20009A42F8D30020087010BD2DE9FF410446B6
:106E300002220392002094F82113012901D1032199
:106E4000217021780D26082700250C2917D2DFE8AC
:106E500001F0061737F6166CD77F8892ABEF94F8DF
:106E6000200300280BD001202070C820FEF7C6FBAD
:106E70002046FEF749FF84F81C53C4F8C853F8E0D5
:106E800094F8230301280ED0D4F8C803B0F57A7F14
:106E90000FD994F81F03401CC0B284F81F030328C5
:106EA00005D92670E5E084F81F532270E1E02570D3
:106EB000DFE00A30C4F8C8030A20FEF79FFBD8E0E1
:106EC000D4F8D42312B10421204690476420FEF761
:106ED00095FB2046FEF7ABFE84F81D0305202070CD
:106EE00000212046FEF7EAFA607180212046FEF775
:106EF000E5FA2071A27994F81D13CDE901520091B1
:106F0000014694F81C3380222046FFF708FEA07942
:106F100094F81D13CDE90015029094F81C336179A3
:106F200000222046FFF7FBFDA3E02046FEF70EFD02
:106F300003909DF80C00002807D184F8245394F89E
:106F40003703012802D00720207092E0277090E0DC
:106F5000D4F8D423002A03D001212046904727707B
:106F600087E094F83D13204600F0B7F8002801D1DF
:106F7000092020707DE094F83F034FF00A05800659
:106F800010D50121204600F0B6F803909DF80C00C2
:106F900020B19DF80C00032802D06AE0257068E05B
:106FA000257066E0257064E0D4F8801329B3C4F836
:106FB0007C5394F8471304EB8002D2F878231279BB
:106FC0008A4206D104EB8000D0F87803C4F87C0331
:106FD00003E0401CC0B20028EDD0D4F87C0368B1B7
:106FE00081682046884708B1267042E0062020705C
:106FF000D4F8D4230321204690473AE0267038E0A5
:10700000D4F87C0380B101692046884703909DF83D
:107010000C0020B19DF80C00022803D029E00B20C1
:10702000207026E0267024E0267022E000E006E0D2
:10703000D4F87C03E8B141692046884719E084F818
:1070400021532046F9F7A8FED4F87C0320B1C1688B
:1070500020468847C4F87C53D4F8D42312B10521C4
:107060002046904794F82203012806D02046FEF7D8
:1070700067FE04B00020BDE8F08184F8225320466A
:1070800000F047F8F5E70246002000290AD0D2F8C0
:1070900080330BB1022070470123C2F88033C2F85D
:1070A00078137047022070470246002092F83C3364
:1070B0008B4202D982F824137047022070478278ED
:1070C000012A06D100220274052343744182828280
:1070D000C28200221146FEF74FBA8278012A06D1F9
:1070E000002202740923437441828282C2820022F8
:1070F0001146FEF741BA8278012A06D100220274B5
:107100000323437441828282C28200221146FEF729
:1071100033BA10B504462046FEF712FE0121204680
:10712000FEF774FD002010BD012908D00748022990
:1071300006D0042907D0052901D103210170704729
:107140000221017070470121017070470D0000207D
:107150000020704730B58DB015460124002909D0B4
:10716000012909D0022912D003291CD004240DB012
:10717000204630BD0024FAE701466A461048FEF773
:10718000B5FF0028F3D1019828600024EFE70146FD
:107190006A460B48FEF7AAFF0028E8D1BDF80800B0
:1071A00028600024E3E701466A460548FEF79EFF93
:1071B0000028DCD1BDF80800400A28600024D6E78A
:1071C0008005002030B58FB00546012400930B46A2
:1071D00029460C48FFF774FA68B102AA2946094803
:1071E000FEF784FF9DF81500042806D0282804D057
:1071F0003A2803D101E0002400E003240FB0204628
:1072000030BD00008005002010B501240146034870
:10721000FFF733FC00B10024204610BD800500209C
:1072200030B58FB00546012400930B4629460E4821
:10723000FFF738FC78B102AA29460B48FEF756FF43
:107240009DF8150004280AD0272806D0282806D043
:107250003A2805D103E0002402E0022400E00324E0
:107260000FB0204630BD0000800500200FB410B5DF
:1072700004469DF8110001281CD0E06840F0400051
:10728000E060204600F036F89DF8151051B3A16B70
:1072900021F48031A1639DF80E10012907D1A16866
:1072A00041F00601A160A16841F02001A16010BC7D
:1072B0005DF814FBA06B20F48030A063E0680C49FB
:1072C0000840E060E06820F44010E0609DF818009D
:1072D000012803D1E06840F48010E060204600F00F
:1072E00009F8D8E7A16B41F48031A163D3E700002E
:1072F000BFFFBDFF08B5002100914FF070620099FB
:10730000491C00910099914201D9032008BD0169EF
:107310000029F4DA0A21009102E00099491E009147
:1073200000990029F9D1016941F001010161009939
:10733000491C00910099914201D9032008BD0169BF
:10734000C907F4D1002008BD816821F001018160E6
:107350000020704700EB411000F5A060044A026174
:10736000016821F0804141F0004101600020704738
:107370000000088008B5D0F840240092009A22F05E
:107380002E020092009AD20406D4012904D1009A58
:1073900042F48052C0F84024009AD20405D521B9A5
:1073A000009921F48051C0F84014002008BD816884
:1073B00041F0010181600020704708B5002300936F
:1073C0004FF070620099491C00910099914201D9D7
:1073D000032008BD01690029F4DA0093102101613E
:1073E0000099491C00910099914201D9032008BDE0
:1073F0000169C906F4D4002008BD18B50024009422
:107400004FF07063009A521C0092009A9A4201D980
:10741000032018BD0269002AF4DA0094202242EA0F
:10742000811101610099491C00910099994201D98B
:10743000032018BD01698906F4D4002018BDD0F8D6
:10744000080480B2704708B5D0F840040090009856
:10745000C0F3414008BD406900F00100704738B5F5
:107460000022009200EB4111D1F80025C2F38142C5
:10747000D1F80035DB0FD1F80445E40F8568AD067F
:1074800005D524B9DBB1012A19D0032A17D04FF44E
:107490007A73B2B1022A14D0D1F8002542F08042AA
:1074A000C1F80025D0F8100410F47F0F3BD0D1F8BC
:1074B000000540F00040C1F80005002038BD002064
:1074C00038BDD1F8002542F08042C1F8002582681D
:1074D000920621D4C06A10F47F0F06D0D1F80005BF
:1074E00040F00040C1F80005E7E7D1F8000520F0C2
:1074F0000040C1F80005D1F8000540F00040C1F897
:1075000000050098401C009000989842D5D8D1F80A
:1075100000050028F5DBD0E7D1F8000540F0004079
:10752000C1F80005C9E7D1F8000520F00040C1F816
:107530000005D1F8000540F00040C1F800050098B2
:10754000401C009000989842B7D8D1F80005002858
:10755000F5DBB2E72DE9F0431F46DDE90859DDF818
:107560001C80002600EB4114731EC4F80835002D62
:1075700022D0012D45D0022D1ED0032D34D001265E
:107580000023C4F80435D4F80C3543F00203C4F8E2
:107590000C35D0F8183401F00F0C012101FA0CF170
:1075A0000B43C0F81834816941F000718161110604
:1075B00034D54FF4004132E040F29D43C4F80C351D
:1075C000130606D5D4F80C3543F48073C4F80C3593
:1075D000D6E7DFF8A8C06045D2D1D4F80C3543F027
:1075E0006003C4F80C35CBE740F29D63C4F80C355A
:1075F0001306C5D5D4F80C3543F48073C4F80C35A4
:10760000BEE740F22523C4F80C351306B8D5D4F8EC
:107610000C3543F4C073C4F80C35B1E70021FFF713
:1076200012FFB8F1020F04D1022802D04FF400304B
:1076300000E000204FF0FE5303EA87534FF4F04779
:1076400007EAC22213434FF4402202EA8542134361
:10765000C9F30A0213430B43034343F48010C4F8F5
:107660000005032D01D0012D05D1D4F8000540F00F
:107670000050C4F800053046BDE8F0830000044027
:10768000D0F8140480B27047FCB54D784FF4807781
:10769000A04B984216D1012A02D00B797BB111E0A0
:1076A0008C7C0CB1022C0DD18B795BB900EB4514AD
:1076B000D4F80C3523F07003C4F80C3502E04B7994
:1076C000012B10D08B79012B12D00E6AB6B38C8AA5
:1076D00033195B1EB3FBF4F39BB2BB423CD93B4670
:1076E0002402CC6138E02946FFF734FE0020FCBDBF
:1076F0000123CC7814B18C8ACC6134E08C7C012CD1
:1077000002D0012A1ED023E00C6ABC2C0DD98C8A31
:10771000CC610C62CC68012C04D0022C02D0012474
:10772000CC6020E00224CC601DE0CC61CC68012C50
:1077300005D0022C03D00424CC6014E00BE0032419
:10774000CC6010E08C8A0E6AA64201D9CC610AE0B6
:107750000C6ACC6107E00123CC781CB18C8A5C43B5
:10776000CC6100E0CE61CC696FF06046C4F31204D6
:1077700006EAC3431C438B7D4FF0C04606EA4373C1
:107780001C4300EB4513C3F8104512B18C69C3F8D4
:107790001445D0F8084444F30004641CD3F80055A1
:1077A00025F00055C3F80055D3F8005545EA447458
:1077B000C3F800458C790025012C0FD0C3F804557F
:1077C000D3F800450194019C24F080440194CC78C6
:1077D000F4B3019C44F40044019461E04E7C0C7CC1
:1077E0004FF0004747EAC6163443C3F80445D3F8C0
:1077F0000C4544F06004C3F80C45CC79012C0DD144
:10780000CC785CB9D3F8044544F48034C3F804451B
:10781000D3F80C4544F04004C3F80C458C7C012C93
:1078200001D0032C0BD1CC79012C08D1CC78012CC0
:1078300005D1D3F8044544F48034C3F804458C7C66
:10784000012CBDD1CC78002CBAD1CC68012C00E041
:1078500022E00CD0022C11D0032C16D0042CAFD176
:10786000D3F8044544F44044C3F80445A8E7D3F8EA
:10787000044544F40044C3F80445A1E7D3F80445A3
:1078800044F00E04C3F804459AE7D3F8044544F4E1
:107890008044C3F8044593E7019C24F40044019418
:1078A000019C44F000440194019CC3F800450AB1D6
:1078B0000020FCBDCA785ABB0B6A4BB3CA793ABBED
:1078C0008A7C32B1012A10D0022A02D0032A18D1B0
:1078D0000BE0DB1CC3F38F02C36A9BB2934210D24E
:1078E000826942F0200282610BE0DB1CC3F38F024D
:1078F000D0F810349BB2934203D2826942F0806286
:10790000826100950A8C93B24A78896900F056F931
:107910000020FCBD000004400FB470B504460025F3
:107920000026C4F8006EA06B40F40010A063A06BAA
:1079300020F40020A063A06B20F48020A063E06806
:10794000400611D49DF81700012806D0D4F8000491
:1079500020F00401C4F800140CE0D4F8000440F056
:107960000401C4F8001405E0D4F8000420F0040178
:10797000C4F8001410212046FFF73FFD00B1012597
:107980002046FFF71AFD00B101250020421E9DF898
:10799000153006E004EB4011C1F80825C1F80C656C
:1079A000401C8342F6D8A66162611048844207D128
:1079B000401560620E48A0620E48C4F8000106E05F
:1079C000802060620C48A0620C48C4F800019DF859
:1079D000160018B9A06940F01000A061A06908491C
:1079E0000843A061284670BC5DF814FB0000044009
:1079F000000200010003E00080006000E0004000A1
:107A0000080020A3D0F8002422F00302C0F80024CC
:107A1000D0F8002401F003031A43C0F80024012920
:107A200003D0022906D0012070474BF68031C0F800
:107A3000041403E041F27071C0F804140020704790
:107A400000EB4110D0F80815D0F80C05084070473D
:107A5000416980690840704730B50346084694087C
:107A600002F00301002203F5805303E01D6840F893
:107A7000045B521CA242F9D300290BD000221C68DF
:107A8000D50024FA05F300F8013B521C491E89B2C7
:107A90000029F5D130BD38B5044604F58864206866
:107AA0000090009820F02E000090009840F4807024
:107AB00020606420F9F762FD009820F48070206057
:107AC0000A20F9F75BFD002038BD70B5054600249B
:107AD000E86820F0C040E860012902D089B10120A7
:107AE00070BDE86840F00050E8600A20F9F746FDF4
:107AF0000A342846FFF7AFFC012810D0C82CF4D375
:107B00000DE0E86840F08040E8600A20F9F736FDB3
:107B10000A342846FFF79FFC08B1C82CF5D3C82CBF
:107B200001D0002070BD012070BD38B5044600258D
:107B3000002000902046FFF707FC10212046FFF7A9
:107B40005CFC00B101252046FFF737FC00B10125A0
:107B5000002104EB4110D0F8002542F0804222F0D1
:107B6000004222F40042C0F80025491C0F29F0D938
:107B700000214FF47A7304EB4112D2F8000540F073
:107B8000804040F0004020F40040C2F8000500981A
:107B9000401C00900098984203D8D2F800050028B5
:107BA000F5DB491C0F29E6D94FF0FF30C4F8140467
:107BB00060612046FFF7FBFB284638BD10B5029CEC
:107BC000002C0DD1DB1C9C08002300EB023000F5DB
:107BD000805003E051F8042B02605B1CA342F9D3F0
:107BE000002010BDFEE70907090E002804DB00F1A4
:107BF000E02080F80014704700F00F0000F1E02052
:107C000080F8141D704730380A2801D201207047CF
:107C1000002070477047704710B504460020FCF7FD
:107C200035FC52A0F8F700FC04215848FBF7D4FCBF
:107C300000215648FBF73EFD08215448FBF73AFD6A
:107C4000303C1D2C6FD2DFE804F00F161D2B3224C0
:107C50008B8B398B8B8B8B8B8B8B8B41498B5158BF
:107C60005F666D767D8B840049A0F8F7DDFB3020E0
:107C700004F02AFAFBE752A0F8F7D6FB312004F013
:107C800023FAFBE75BA0F8F7CFFB322004F01CFAE5
:107C9000FBE765A0F8F7C8FB352004F015FAFBE711
:107CA0006EA0F8F7C1FB332004F00EFAFBE777A0D3
:107CB000F8F7BAFB342004F007FAFBE77FA182A0B3
:107CC000F8F7B2FB382004F0FFF9FBE789A17EA0AA
:107CD000F8F7AAFB412004F0F7F9FBE777A188A0A9
:107CE000F8F7A2FB422004F0EFF9FBE78FA0F8F7CA
:107CF0009BFB442004F0E8F9FBE798A0F8F794FB1D
:107D0000452004F0E1F9FBE79FA0F8F78DFB462042
:107D100004F0DAF9FBE7A9A0F8F786FB472004F0A6
:107D2000D3F9FBE700E01BE0B0A0F8F77DFB4820AB
:107D300004F0CAF9FBE7BBA0F8F776FB492004F092
:107D4000C3F9FBE7C5A0F8F76FFB4A2004F0BCF9C4
:107D5000FBE7CFA0F8F768FB4C2004F0B5F9FBE790
:107D6000BDE81040D6A0F8F75FBB0000426F6F740B
:107D70006C6F616465723A5359535F4552525F4C60
:107D800045442D3E4F6E210A00000000F8020020FD
:107D9000426F6F746C6F616465723A4661696C48DA
:107DA000616E646C65722C5265616420636F6E66EF
:107DB00069672066696C65206661696C212E0A001E
:107DC000426F6F746C6F616465723A4661696C48AA
:107DD000616E646C65722C52656164206D63752000
:107DE0006669726D77617265206661696C212E0A21
:107DF00000000000426F6F746C6F616465723A46F8
:107E000061696C48616E646C65722C5265616420B6
:107E10006C6364206669726D776172652066616962
:107E20006C212E0A00000000426F6F746C6F616459
:107E300065723A4661696C48616E646C65722C4586
:107E400072617365206D6375206170706C69636128
:107E500074696F6E206661696C0A0000426F6F740E
:107E60006C6F616465723A4661696C48616E646CFE
:107E700065722C52656164206570726F6D20666951
:107E80006C65206661696C210A000000426F6F74A6
:107E90006C6F616465723A4661696C48616E646CCE
:107EA00065722C5772697465206570726F6D2066FB
:107EB000696C65206661696C210A00002F6C645F43
:107EC0006D63752E62696E00426F6F746C6F6164D2
:107ED00065723A4661696C48616E646C65722C2506
:107EE000732073697A6520697320696E76616C69A5
:107EF00064210A002F6C645F6C63642E706B6700F2
:107F0000426F6F746C6F616465723A4661696C4868
:107F1000616E646C65722C56657269667920257392
:107F2000206661696C212E0A00000000426F6F74A8
:107F30006C6F616465723A4661696C48616E646C2D
:107F400065722C4C4344206973206E6F74207265F7
:107F500073706F6E736564212E0A0000426F6F7438
:107F60006C6F616465723A4661696C48616E646CFD
:107F700065722C4C434420646F776E6C6F61642093
:107F80006661696C212E0A00426F6F746C6F6164C8
:107F900065723A4661696C48616E646C65722C4129
:107FA000707020766563746F72207461626C6520F6
:107FB000696E76616C69642E0A000000426F6F740E
:107FC0006C6F616465723A4661696C48616E646C9D
:107FD00065722C466C617368206973206E6F742023
:107FE000626C616E6B212E0A00000000426F6F749C
:107FF0006C6F616465723A446F6E6548616E646C63
:1080000065722C466C61736820616E6420457072E5
:108010006F6D20656173657220646F6E65212E0A35
:1080200000000000426F6F746C6F616465723A44C7
:108030006F6E6548616E646C65722C557064617416
:1080400065206570726F6D20666F726D2075646952
:10805000736B20646F6E65212E0A0000426F6F748F
:108060006C6F616465723A446F6E6548616E646CF2
:1080700065722C44756D70206570726F6D20746F21
:1080800020756469736B20646F6E65210A000000BF
:10809000426F6F746C6F616465723A446F6E6548CD
:1080A000616E646C65722C20557064617465204645
:1080B00069726D7761726520646F6E65210A0000D8
:1080C000426F6F746C6F616465723A446F6E65489D
:1080D000616E646C65722C756E6B6E6F776E206569
:1080E00072726F72210A00002DE9F04FC1B0EB4CA3
:1080F0000026E6612662607801276325DFF8A0B3D9
:1081000041F288384FF05A094FF0FF3A08287DD0E5
:1081100007DC08280ED2DFE800F0610DEEEDEC0D73
:10812000EBEA0C2873D008DC092871D00B2801D1A8
:1081300001F024FF41B0BDE8F08F5A2869D06328D0
:10814000F8D1F9F77DFADBF800002021B1EB106FD0
:1081500005D0DBF800001021B1EB106F3AD1D1A0AF
:10816000F8F762F9DBF804102163D8A0F8F75CF99E
:10817000206B6063DBF8000080F30888DBF80010F8
:10818000DAA0F8F751F9E1A0F8F74EF90421E14837
:10819000FBF790FA0021DF48FBF78CFA0821DD4855
:1081A000FBF788FA0C21DC48FBF784FA00BF00BF1C
:1081B00072B64FF0E02006615046F9F77CFF43208D
:1081C000F9F779FF5046F9F769FF4320F9F766FFA1
:1081D000606B80474620FFF71FFDABE70022402180
:1081E000CE48F9F77AFBCE4E002202213046F9F74D
:1081F00074FB00BF00BF00BF00BF00BF00BF002274
:1082000001213046F9F769FB00BF03E0F9E3F9E328
:10821000F9E3F9E300BF00BF00BF00BF00BF00BF2C
:1082200000BF0421BF48FBF745FA0C21BA48FBF711
:1082300041FA00BF00BF0421B648FBF73BFA00211A
:10824000B448FBF737FA0821B248FBF733FAB6A077
:10825000F8F7EAF8B6A0F8F7E7F803F0AFFC04F097
:10826000FBFEC4F814A08D4947F6FA20143101F042
:108270001DFF002840D0B7A0F8F7D6F8C4F818A022
:10828000864947F6FE20183101F010FF002838D04B
:10829000BBA0F8F7C9F832221146C4A0F8F7C4F819
:1082A000C9480EC8C9A0F8F7BFF801F081F8014627
:1082B000D0A0F8F7B9F8D9A2DBA1DEA0F8F7B4F89E
:1082C000774A4FF48033521ED902E1A0F8F7ACF898
:1082D0004FF47023ED4A5946EDA0F8F7A5F84FF496
:1082E0000061FA48F9F7F2FA01280FD019E0CEE35D
:1082F00091E38AE072E05AE0F5A06169F8F794F83A
:10830000BCE7FEA0A169F8F78FF8C4E7202130464A
:10831000F9F7DCFA012804D110213046F9F7D6FA32
:1083200008B1657006E70C217B48FBF755F900BFE3
:1083300000BF04217748FBF74FF900217548FBF790
:10834000B9F908217348FBF7B5F94FF4FA752846D7
:10835000F9F714F904216F48FBF7ACF900216D48D7
:10836000FBF73AF908216B48FBF7A4F92846F9F71F
:1083700005F904216748FBF79DF900216548FBF7E3
:1083800099F908216348FBF727F92846F9F7F6F829
:1083900004216048FBF78EF900215E48FBF78AF95B
:1083A00008215C48FBF786F902206070C2E60022D3
:1083B000DDA1DE4802F0C6F8207028B10146DCA03D
:1083C000F8F732F86570B5E6E2A0F8F72DF803206B
:1083D0006070F9F789FA4044E062ABE6F9F784FA95
:1083E000E16A081A4FF47A7190FBF1F16162A06AB8
:1083F000814204D0DFA0F8F717F8606AA062606AD3
:1084000001288FDC0420607094E604214148FBF7CA
:10841000E3F80122E2A1E54802F0C4F8207004214B
:108420003C48FBF747F922782AB1DDA1E0A0F7F735
:10843000FBFF65707EE6DAA1E7A0F7F7F5FF002203
:108440001346DA4801F05FFF04213248FBF7C4F815
:108450006B46052201A9D54802F0B8FA2070042124
:108460002C48FBF727F9207810B90098052802D28C
:108470003020FFF7D1FB9DF804004FF00608552887
:1084800007D19DF80510302903D19DF80610312938
:1084900002D04FF00709B5E1B7E100006800002005
:1084A00000000108426F6F746C6F616465723A4A34
:1084B000756D70206170706C69636174696F6E2096
:1084C000616464726573732E0A000000426F6F74FA
:1084D0006C6F616465723A4A756D702041646472B4
:1084E0006573733A307825580A000000426F6F7444
:1084F0006C6F616465723A537461636B20506F698D
:108500006E7465723A307825580A00000A0A0A0D1E
:108510000D0D0000F8020020B00200200000024013
:1085200000100240880300200A0A0A0A0000000026
:10853000426F6F746C6F616465723A5374617274E8
:108540002E2E2E2E2E2E2E2E2E2E2E2E2E2E2E0A6F
:1085500000000000426F6F746C6F616465723A5284
:10856000656164206570726F6D204D4355204657DC
:10857000204352433332206661696C210A000000B7
:10858000426F6F746C6F616465723A52656164200A
:108590006570726F6D204C43442046572043524310
:1085A0003332206661696C210A000000426F6F74EB
:1085B0006C6F616465723A56657273696F6E2D3EB9
:1085C00025632E25630A0000B8730020426F6F7484
:1085D0006C6F616465723A556E6971756549442DB9
:1085E0003E30782530385825303858253038580AEC
:1085F00000000000426F6F746C6F616465723A4DE9
:10860000637520666C6173682073697A652D3E25F9
:1086100064204B62797465730A00000032323A318B
:10862000383A333400000000417567203131203280
:1086300030323600426F6F746C6F616465723A421B
:1086400075696C642D3E25733A25730A000000009D
:10865000426F6F746C6F616465723A426F6F746CD5
:108660006F616420537461727420203A3078253031
:1086700038582C456E643A3078253038582C536978
:108680007A653A3078253038580A0000FFFF0F0825
:10869000426F6F746C6F616465723A4170706C699F
:1086A00063656E74205374617274203A307825309B
:1086B00038582C456E643A3078253038582C536938
:1086C0007A653A3078253038580A0000000C0240AC
:1086D000426F6F746C6F616465723A5265616420B9
:1086E0006570726F6D204D435520465720435243AD
:1086F00033323A3078253038580A0000426F6F74B0
:108700006C6F616465723A52656164206570726F66
:108710006D204C43442046572043524333323A3075
:1087200078253038580A0000303A0000BC65002037
:10873000426F6F746C6F616465723A4D6F756E74E1
:1087400020466174667320657272726F723A256496
:10875000210A0000426F6F746C6F616465723A4D5C
:108760006F756E74204661746673207375636573EC
:1087700073210A00426F6F746C6F616465723A57BF
:1087800061697420757362206469736B20696E6916
:10879000743A2564205365636F6E64210A000000FB
:1087A0002F6C61732E63666700000000F86700207D
:1087B000426F6F744C6F616465723A4F70656E20E2
:1087C0002573206661696C2C45434F44453D3078E4
:1087D00025303258480A0000426F6F744C6F616454
:1087E00065723A4F70656E202573207375636573EB
:1087F000732C45434F44453D307825303258480A64
:1088000000000000552810D017E09DF8070042280E
:1088100003D19DF80800312801D06570E0E0F9A08F
:10882000F7F702FE84F80180DAE09DF805103029A0
:1088300003D19DF80610322903D00826552810D000
:1088400017E09DF80700422803D19DF80800312861
:1088500001D06570C4E0F6A0F7F7E6FD84F801905A
:10886000BEE09DF80510302903D19DF8061033298C
:1088700002D0552812D019E09DF80700422803D1F4
:108880009DF80800312804D0F4A0F7F7CDFD6570FD
:10889000A6E0FDA0F7F7C8FD6670A1E09DF8051001
:1088A000302903D19DF80610342902D0552813D061
:1088B0001AE09DF80700422803D19DF808003128EE
:1088C00004D0E6A0F7F7B0FD657089E0FEA0F7F7E9
:1088D000ABFD0920607083E09DF80510302903D1BD
:1088E0009DF80610352902D0552814D01BE09DF8BC
:1088F0000700422803D19DF80800312804D0D7A0F2
:10890000F7F792FD65706BE0F7A0F7F78DFDA770A4
:1089100084F8018064E09DF80510302903D19DF8AA
:108920000610362902D0552814D01BE09DF8070008
:10893000422803D19DF80800312804D0C7A0F7F7DA
:1089400073FD65704CE0F1A0F7F76EFDE77084F8F9
:10895000019045E09DF80510302903D19DF80610DF
:10896000372902D0442814D01BE09DF80700422884
:1089700003D19DF80800312804D0B8A0F7F754FDC2
:1089800065702DE0EAA0F7F74FFDA770E7706670FD
:1089900026E09DF80510302903D19DF806103129F5
:1089A00002D0432813D01AE09DF80700422803D1D3
:1089B0009DF80800312804D0A8A0F7F735FD6570B0
:1089C0000EE0E6A0F7F730FD0B20607008E09DF8A0
:1089D0000500302803D19DF80600312804D06570C9
:1089E000E84801F069FC9DE49DF80700422803D1A6
:1089F0009DF80800312808D098A0F7F715FD65709C
:108A0000EEE78FE0CDE2C9E2D4E2DFA0F7F70CFD9C
:108A10000C206070E4E702F0A7FEE06102F046FE81
:108A200020620246E3A0E169F7F7FEFC216A606973
:108A3000814204D1E169814201D1A07868B104F09A
:108A400009FF206202F090FEE0616061216A8142CC
:108A500008D04220FFF7E0F816E0E2A0F7F7E4FCC8
:108A600065705FE4EAA0F7F7DFFC022000F090FBFE
:108A7000042000F08DFBF04947F6FA2001F0D4FB0A
:108A8000EEA0E169F7F7D0FC84F801904AE4F6A182
:108A900001A8F7F747FE01A800F0C0FCF5A0226A84
:108AA000A169F7F7C1FCA169206A884201D1E07889
:108AB00090B304F0BDF92662EBA101A8F7F732FEEE
:108AC00001A804F06DFE206AA061052000F060FBA3
:108AD000D94947F6FE20091D01F0A6FBF148F7F73A
:108AE000A3FCD5485530F7F741FE81B2D248553046
:108AF00001F042FA4046F8F741FD4046F8F73EFDE6
:108B00004046F8F73BFD4046F8F738FD4046F8F799
:108B100035FD84F8019005E4FFE7E3A0F7F784FC56
:108B2000657043E402F020FEE06102F0BFFD2062C8
:108B30000246E8A06369E169F7F776FC216A60699B
:108B4000814204D1E169814201D1A078F0B304F0FF
:108B500081FE206202F008FEE061216A814202D0BB
:108B60004220FFF759F8E0696061EAA0F7F75CFC82
:108B7000022000F00DFB042000F00AFBAE4947F68E
:108B8000FA2001F051FBECA0F7F74EFC2662B6A1EB
:108B900001A8F7F7C7FD01A800F040FCB5A0226AC4
:108BA000A169F7F741FCA169206A884201D1E07808
:108BB00030B304F03DF92662ABA101A8F7F7B2FD8E
:108BC00001A804F0EDFD206AA06100E0DBE10520D2
:108BD00000F0DEFA984947F6FE20091D01F024FB5B
:108BE000B048F7F721FC94485530F7F7BFFD81B244
:108BF0009148553001F0C0F94046F8F7BFFCB3E1A9
:108C0000C6E10000426F6F746C6F616465723A5325
:108C1000746172742075706772616465206D63752C
:108C2000206170706C69636174696F6E210A000065
:108C3000426F6F746C6F616465723A5374617274E1
:108C40002075706772616465206C63642061707068
:108C50006C69636174696F6E210A0000426F6F7402
:108C60006C6F616465723A44657669636520494456
:108C7000206973206E6F74206D6174652C72756E3F
:108C800020617070210A0000426F6F746C6F616424
:108C900065723A53746172742075706772616465AD
:108CA000206D6375206170706C69636174696F6EAB
:108CB0002026206C6364206170706C696361746944
:108CC0006F6E210A00000000426F6F746C6F616468
:108CD00065723A53746172742075706461746520B2
:108CE0006570726F6D210A00426F6F746C6F616402
:108CF00065723A537461727420666F726365207591
:108D00007064617465206D6375210A00426F6F7431
:108D10006C6F616465723A537461727420666F722D
:108D2000636520757064617465206C6364210A005A
:108D3000426F6F746C6F616465723A5374617274E0
:108D400020666F72636520757064617465206D6361
:108D5000752026206C6364210A000000426F6F7446
:108D60006C6F616465723A53746172742064756DDE
:108D700070206570726F6D20746F20756469736BFD
:108D8000210A0000F8670020426F6F746C6F616405
:108D900065723A537461727420636C656172206607
:108DA0006C61736820616E64206570726F6D210A5A
:108DB00000000000426F6F746C6F616465723A4D21
:108DC000435520637263466C6173683A25303858A6
:108DD000482C637263556469736B3A253038584880
:108DE000210A0000426F6F746C6F616465723A43D0
:108DF0006865636B206D63752061707020637263BA
:108E00002073616D652C736B6970210A000000008E
:108E1000426F6F746C6F616465723A436865636B2F
:108E200073756D206D637520617070207375636557
:108E300073732E0A000000007C000020426F6F74E4
:108E40006C6F616465723A557064617465206E651B
:108E500077206372633332207375636573732C30CC
:108E60007830382558480A002F7072697661746529
:108E700000000000426F6F746C6F616465723A4C61
:108E80004344206372634C63643A25303858482C5D
:108E9000637263556469736B3A2530385848210A08
:108EA0000000000080E50008426F6F746C6F616421
:108EB00065723A436865636B206C6364206170700F
:108EC000206372632073616D652C736B6970210A76
:108ED00000000000426F6F746C6F616465723A4D00
:108EE000435520637263466C6173683A2530385885
:108EF000482C637263556469736B3A25303858485F
:108F00002C6372634570726F6D3A25303858480A89
:108F100000000000426F6F746C6F616465723A43C9
:108F20006865636B206D6375206170702073756375
:108F30006573732E0A000000426F6F746C6F61647A
:108F400065723A557064617465206D637520617057
:108F500070206E65772063726333322073756365AA
:108F600073732E0A000000004046F8F707FB4046E6
:108F7000F8F704FB4046F8F701FB4046F8F7FEFA25
:108F800084F801902FE5AFF2A410F7F74DFAFDE554
:108F9000AFF2EC00F7F748FA657024E504F0DEF96B
:108FA00021E500F075F9012000F0F2F84820FEF705
:108FB00033FE18E508A0F7F737FA87F31388BFF3F5
:108FC0004F8F0C4801680C4A01F4E06111430160C5
:108FD000BFF34F8F00BFFDE7426F6F746C6F61642A
:108FE00065723A53797374656D2052657365740ABE
:108FF000000000000CED00E00400FA052DE9F05F30
:10900000804617469A46891ED8F8300000EB113981
:10901000C1F3C80501F007004FF0010B0BFA00F097
:10902000C4B2494609F10109404603F0A5FE10B15A
:109030000120BDE8F09F4FF4007208EB050191F8A4
:10904000386016EA040000D00120504501D102200A
:10905000EFE7664081F8386088F803B07F1E09D0DA
:10906000600010F0FF04EAD101246D1C9542E4D3A6
:109070000025D6E70020DCE7002205E0835CFF2B1B
:1090800001D000207047521C8A42F7D3012070475C
:1090900010B504460020E070401E6063204603F0D7
:1090A0006BFE08B1042010BD04F2362002F080FDF2
:1090B000A0F52A41553901D0032010BD94F838009D
:1090C000E92805D0EB2816D194F83A00902812D15F
:1090D00004F16E0002F035FD0C49B1EB002F01D117
:1090E000002010BD04F18A0002F02BFD08498842DF
:1090F00001D1002010BD0B2206A104F1380002F0BE
:10910000C8FF08B1022010BD012010BD0046415427
:1091100046415433EB769045584641542020200078
:1091200000E0401C02780AB18A42FAD10078704708
:10913000F0B500221546154E11E006EB02131C682F
:109140005CB10768BC4209D15C688768BC4205D144
:109150009B68046BA34204D000E00125521CFF2A47
:10916000EBD3FF2A01D079B906E01DB9022901D05D
:109170001220F0BD0020F0BD06EB02108089B0F592
:10918000807F01D00020F0BD1020F0BD380D002000
:10919000F8B5002100914FF408754FF4FE460828F9
:1091A0000FD2DFE800F00E040F3449545F69002449
:1091B0004FF480256946204600F0F0FF641CAC4265
:1091C000F8D3F8BD00246946204600F0E7FF641C90
:1091D0001F2CF8D920246946204600F0DFFF641CCC
:1091E000AC42F8D347F6EE24E51C6946204600F071
:1091F000D5FF641CAC42F8D947F6F224E51C694659
:10920000204600F0CBFF641CAC42F8D9F8BD2C46D8
:109210004FF422656946204600F0C0FF641CAC4252
:10922000F8D347F6F624E51C6946204600F0B6FF61
:10923000641CAC42F8D9F8BD47F6FA24E51C69462F
:10924000204600F0ABFF641CAC42F8D9F8BD47F6ED
:10925000FE24E51C6946204600F0A0FF641CAC42D9
:10926000F8D9F8BD4FF4F6446946204600F096FF61
:10927000641CB442F8D3F8BD34464FF40045694647
:10928000204600F08BFF641CAC42F8D3F8BD000010
:1092900010B5F8F71DFA094907480860F7F730FEDE
:1092A00010B13520FEF7B8FCBDE810404FF4702136
:1092B0000348FFF7E1BE0000910001000C3C0240B2
:1092C0000000010830B50021054B002403EB01121A
:1092D0001568854200D11460491CFF29F6D330BDC2
:1092E000380D0020891EC269921E8A4201D80020D2
:1092F0007047026B408901FB0020704730B50023A6
:1093000007E0C45CCD5CAC4201D0002030BD5B1CEA
:109310009BB29342F5D3012030BD00002DE9F04708
:109320008146884608F11A0002F042FC10B1002084
:10933000BDE8F08798F8000000F03F00401E00EB09
:10934000800101EBC00401270025DFF860A01AF8B6
:109350000500404402F02CFC06468FB1FF2C0BD2D6
:10936000304601F00FFE07462046641C39F8100015
:1093700001F008FE874201D00020D9E7374605E01A
:10938000A6F57F40FF3801D00020D1E76D1C0D2DE0
:10939000DDD398F80000400605D527B139F8140050
:1093A00008B10020C4E70120C2E7000084DB000808
:1093B0000148008870470000227AFF1F70B5002224
:1093C000084C094D09E0865C63685E40F6B255F8CA
:1093D000266086EA13236360521C8A42F3D36068D6
:1093E000C04370BDEC00002040E10008054A064B78
:1093F00051684840C0B253F8200080EA1120506004
:10940000C0437047EC00002040E1000802494FF0E3
:10941000FF30486070470000EC0000202DE9F0416B
:10942000ADF51E7D804642AC8AAF4146384601F01C
:1094300056FA1D4D28702EE02146384601F090FB6B
:10944000287058BBA07E48B32E2824D004F11A06F9
:109450004FF4807102A8F7F741FA2F23424613A177
:1094600002A80096F6F7ECFF207BC00609D502A8FB
:10947000FFF7D4FF287070B128780DF51E7DBDE888
:10948000F08102A90BA0F6F7CFFF02A802F0C0F806
:10949000296A0844286228780028CDD0384600F090
:1094A00020FF2878E9E70000680000202573256385
:1094B00025730000426F6F746C6F616465723A636C
:1094C0007263204C63642066696C653A25730A00F8
:1094D0002DE9F047074688463D68B8F1000F08D0EF
:1094E0004146384602F050F9022809D20120BDE871
:1094F000F0876E6916B1E869B04207D8012605E029
:10950000411CF4D0E9698142F1D8464628784FF0F1
:10951000FF39042809D03446641CE869A0424AD8BF
:109520000224022E47D20020E1E7012231462846DC
:1095300001F09EFD0446200012D0601C10D00123D3
:109540001A4621462846FFF759FD02280AD001286D
:109550000AD0B8F1000F09D0F979022909D010E03A
:109560002046C4E70120C2E74846C0E70221F9715E
:1095700007E0711C8C4204D0B968711AB9610321EB
:10958000F971F979022931D008F101018C4206D133
:10959000F96909B1491C00E00221F96126E0F86986
:1095A000012600B9FE6122464146384601F047FDDA
:1095B000E0B9FE611AE02146384602F0E5F838B11C
:1095C000012894D0411C92D0B442A5D100208EE74E
:1095D0004A462146284603F081FC38B9B8F1000F0D
:1095E00004D022464146284603F078FC20B10128E9
:1095F0000FD0012420467AE76C61D5E90601891E67
:10960000884201D8401EA861287940F001002871E5
:10961000F0E74C46EEE700002DE9F35F8846D8F806
:10962000007000980068D0F80C9000242546284669
:109630006D1C385C20280ED32F2807D05C2805D05D
:10964000FF2C0FD30620BDE8FC9F6D1C795D2F29F0
:10965000FBD05C29F9D07919C8F80010202817D25E
:1096600004261FE0C0B2012101F06EFC064646B19F
:10967000802E08D231465FA0FFF752FD18B10620B8
:10968000E1E70620DFE72046641C29F81060CEE7FA
:10969000002607E0601E39F81000202801D02E288F
:1096A00002D1641E002CF5D1002029F814003CB131
:1096B00000980B222021403002F000FD002702E03C
:1096C0000620C0E77F1C39F817002028FAD02E2882
:1096D000F8D01FB146F0030600E0641E24B1601EFE
:1096E00039F810002E28F8D14FF00008C2464FF08C
:1096F000080B38467F1C39F8105005B3202D03D0D5
:109700002E2D04D1A74202D046F00306F1E7DA4538
:1097100001D2A74219D1BBF10B0F0ED0A74201D045
:1097200046F003060BD827464FF0080A4FF00B0B04
:109730004FEA88604FEA1068DBE746F003060098BE
:1097400090F84000E5282FD032E0802D0BD3002187
:10975000284601F0F9FB05461DB12948284410F8B8
:10976000805C46F0020625B1294626A0FFF7D8FC0A
:1097700018B15F2546F003060EE0A5F14100192857
:1097800002D848F0020807E0A5F16100192803D8C3
:1097900048F00108203DADB20099504608440AF156
:1097A000010A80F84050A4E70098052180F8401095
:1097B000BBF1080F03D14FEA88604FEA1068C8F385
:1097C0008100032803D06FEA0801890701D146F020
:1097D0000206B10709D408F00301012901D146F0BE
:1097E0001006012801D146F00806009880F84B6069
:1097F000002028E7222A3A3C3E3F7C7F0000000000
:1098000004DB00082B2C3B3D5B5D00002DE9F05F85
:109810000646894640220021304602F04FFC852052
:109820003070C02086F8200000254FF00108012785
:1098300040244FF0000A4FF0C10B601C06F804B042
:10984000441C06F800A027B139F815700FB16D1C43
:10985000EDB23019394603F0CDFCA41CE006F2D17C
:1098600008F1010808F0FF0839F815000028E4D1D4
:1098700086F8235086F80180484604F006F9014630
:1098800006F12400BDE8F05F03F0B4BC401EFF28E1
:1098900010D2094901EB00118889B0F5807F00D111
:1098A000002008B1401E80B2888108B900200860FD
:1098B0000020704702207047380D00202DE9F0414C
:1098C00004460F4626680021204600F0B6FAF8B993
:1098D00000253046A16B03F04FFAC8B9317804294E
:1098E00005D0E16B0A78E52A07D032B109E0E16BD7
:1098F000097841F3C011491C03D06D1CBD4207D04B
:1099000000E000250121204600F0AEF80028E0D05C
:10991000042800D10720BDE8F0812DE9F05F04465E
:1099200026680021204600F088FA002848D13078C7
:1099300004280ED0FF27B9464FF0FF3AC4F84CA0D8
:109940003046A16B03F018FA80465FEA08004CD15C
:1099500038E0F06804F099F8824629E03069243054
:1099600002F026F9504523D1306990F82370402544
:109970004FF0000815E0E80600D1AD1C306928441E
:1099800002F016F901F0FEFA8146F06830F818008E
:1099900001F0F8FA814506D17F1EFFB2AD1C08F137
:1099A0000108002FE7D11FB9F06830F8180030B176
:1099B0000021204600F0E8F8B0F1000BCED0584668
:1099C000BDE8F09FE06B05786DB1C17A01F03F0111
:1099D000A171E52D03D00A0708D50F2906D0FF276E
:1099E000C4F84CA035E04FF004083BE00F2901D04B
:1099F000EFB120E094F84B1049062AD4690606D549
:109A000090F80D9005F0BF052F46216BE164BD4233
:109A10000AD1417B494507D1F26801461046FFF75C
:109A20007DFC08B17F1E00E0FF27FFB211E003F0CC
:109A300019FC484516D094F84B00C00706D10B22FC
:109A400004F14001E06B02F024FB58B1FF27C4F899
:109A50004CA00021204600F007F880465FEA08008D
:109A60003FF46EAF4046ABE72DE9F04705460F46A1
:109A70002C68D5F8308008F12008A86B002806D0A3
:109A80002178042906D04FF40011414505D804205F
:109A9000BDE8F0874FF08051F7E75FEAC8516AD11F
:109AA000401CA863696B4FF0000929B16089401E12
:109AB00010EA582F08D05EE02089B0EB581F5AD822
:109AC000C5F838900420E3E7284601F05DFE06461D
:109AD000012E01D80220DBE7701C18D0E069B042EB
:109AE00043D8B7B12846696BFFF7F2FC0646300051
:109AF00013D0012E13D0701C13D0E87940F004006D
:109B0000E871204603F000FC68B10120C0E70120A5
:109B1000BEE7C5F838900420BAE70720B8E702206E
:109B2000B6E70120B4E74FF40072002104F13800D9
:109B300002F0C4FA002731462046FFF7D3FB6063EA
:109B40004FF001090BE084F80390204603F0DCFBA2
:109B500008B101209CE77F1C606B401C606360893A
:109B6000B842F0D8606BC01B60636E63314620461C
:109B7000FFF7B8FBA863C5F83080C8F3080020449D
:109B80003830E863002083E72DE9F04705468A4630
:109B90000427D5F80080FF26B1465FE0404603F079
:109BA000EBF8074638005CD1E86B0478A4B198F86C
:109BB0000010042912D0C17A01F03F01A971E52CEF
:109BC00008D02E2C06D021F02002082A17D000221F
:109BD000524516D0FF2631E0042742E0852C2DD1D6
:109BE000286BE864284602F0B5F90746380038D1FA
:109BF000D8F81000007900F03F00A87131E0012290
:109C0000E6E70F2901D02EBB20E0610606D590F8CB
:109C10000D9004F0BF042646296BE964B4420BD1D1
:109C2000417B494508D1D8F80C200146104603F085
:109C3000BDF808B1761E00E0FF26F6B200212846E6
:109C4000FFF712FF0746380008D00AE003F00AFBCE
:109C5000484506D04FF0FF30E86402E0A96B0029C8
:109C60009CD10FB10020A8633846BDE8F0872DE9EC
:109C7000F04798B00446256894F84B0010F0A00F08
:109C800003D0062018B0BDE8F0870026E86800E0A1
:109C9000761C30F816100029FAD12878042819D03B
:109CA00004F140010C22884614A802F0FEF99DF848
:109CB0005B00C0076AD0402084F84B0001273B4678
:109CC00014A94046EA6801F05FFC2046FFF725FE34
:109CD000E0BB50E00E360F20B6FBF0F6B61C314666
:109CE0002046FFF7EBFD0028CCD1761E206B714299
:109CF00000EB4110E064A06848B3E079400734D538
:109D00006989D4E904304902591840F10000C4E9D6
:109D10000410204601F07CF90028B3D1421E2046F1
:109D2000616B01F08CF90028ACD12146684602F045
:109D3000F5F80028A6D1D4E904232869383003F0C7
:109D400035FAD4E904232869283001E016E00CE054
:109D500003F02CFAE079296940F0010081F8210034
:109D6000684603F04BFA00288CD1D5E90310FFF7C1
:109D70004DFD002086E77F1C642FA0D3642F0FD0F9
:109D80000428F7D19DF85B0084F84B009DF85B0038
:109D9000800707D50C360D20B6FBF0F77F1C02E0DC
:109DA00007206FE7012739462046FFF787FD064663
:109DB0004FF001092EBB7F1E23D0206B794200EBB0
:109DC0004111204600F039F80646300019D14046CE
:109DD00003F048FA82462846A16B02F0CDFF064602
:109DE0007EB9FAB2E16B5346E86803F0FBF885F8F8
:109DF000039000212046FFF737FE06460EB97F1E6E
:109E0000E9D1C6B92846A16B02F0B6FF064630007C
:109E100011D120220021E06B02F050F90B224146C3
:109E2000E06B02F042F994F84B00E16B00F018008F
:109E3000087385F80390304624E72DE9F041064683
:109E40000D4637683878042808D04FF40010A8422F
:109E500001D9E80605D00220BDE8F0814FF080501E
:109E6000F5E73563B4682CB93878032802D3FC6A67
:109E70000020F0711CB178894FEA40281AE0388937
:109E8000B0EB551F01D80220E6E7F86AB06318E08E
:109E90002146304601F078FC0446601C06D0022CB6
:109EA00002D3F869A04203D80220D5E70120D3E706
:109EB000A5EB08054545EBD221463846FFF712FAD7
:109EC000B0637463B06B48B100EB5520B063C5F369
:109ED000080038443830F0630020BDE70220BBE7BB
:109EE00070B504460020084D295D00290AD105EB14
:109EF000840128194968007A09688847002801D137
:109F00000121295570BD0000281D002030B4054BEB
:109F10001C1803EB8000247A40680369204630BC9B
:109F200018470000281D002030B4054C251804EB0C
:109F300080002D7A406884682846A44630BC60477B
:109F4000281D002004490A1801EB8000127A40689D
:109F50004168104608470000281D002030B4054C19
:109F6000251804EB80002D7A4068C4682846A44672
:109F700030BC6047281D0020F6F704BF38B500222A
:109F80000F49104600F03CF80A220EA1104800F0DC
:109F900009FB104C207010B13420FDF73DFE6B46DC
:109FA0004FF4802206490A4800F0CBFE207010B121
:109FB0003420FDF731FE4A20FDF72EFE38BD0000AB
:109FC000381D00202F6C6570726F6D2E62696E00F7
:109FD000E86E0020680000200020084900E0401CD6
:109FE000FF2804D201EB00121268002AF7D1FF28E3
:109FF00001D001207047002070470000380D00207C
:10A00000F8B504460E461746134D00224021284657
:10A01000F7F763FC00BF03208DF80000200C8DF8DB
:10A020000100200A8DF802008DF803404FF47A7386
:10A03000042269460948F8F735FD64233A4631465B
:10A040000648F8F781FC0446012240212846F7F72C
:10A0500044FC00BF2046F8BD00040240100200206E
:10A06000F8B506469F2000900E4C00224021204665
:10A07000F7F733FC00BF4FF47A752B46012269468F
:10A080000948F8F70FFD2B46042231460648F8F739
:10A090005BFC0546012240212046F7F71EFC00BF6D
:10A0A0002846F8BD0004024010020020F8B504461E
:10A0B0000D460426134F002240213846F7F70DFCC9
:10A0C00000BF03208DF80000200C8DF80100200A4D
:10A0D0008DF802008DF803404FF47A73042269462C
:10A0E0000948F8F7DFFC6423324629460648F8F7AA
:10A0F0002BFC0446012240213846F7F7EEFB00BF57
:10A100002046F8BD00040240100200202DE9FC4169
:10A1100004460F4690461F4D002240212846F7F77F
:10A12000DCFB00BF062000904FF47A763346012214
:10A1300069461948F8F7B6FC00BF012240212846BD
:10A14000F7F7CBFB002240212846F7F7C6FB00BFFC
:10A1500002208DF80400200C8DF80500200A8DF8EF
:10A1600006008DF807403346042201A90A48F8F793
:10A1700099FC3346424639460748F8F793FC0446B3
:10A18000012240212846F7F7A8FB00BF2046BDE882
:10A19000FC81000000040240100200202DE9FC4177
:10A1A00004460F461E4D002240212846F7F795FB36
:10A1B00000BF062000904FF47A76334601226946AC
:10A1C0001848F8F76FFC00BF012240212846F7F736
:10A1D00084FB002240212846F7F77FFB00BF0220C6
:10A1E0008DF80400200C8DF80500200A8DF806007B
:10A1F0008DF807403346042201A90A48F8F752FCBB
:10A200003346012239460748F8F74CFC0446012240
:10A2100040212846F7F761FB00BF2046BDE8FC81DE
:10A2200000040240100200202DE9FC4104460D46C6
:10A2300004261F4F002240213846F7F74EFB00BF8F
:10A24000062000904FF47A78434601226946194867
:10A25000F8F728FC00BF012240213846F7F73DFB04
:10A26000002240213846F7F738FB00BF02208DF866
:10A270000400200C8DF80500200A8DF806008DF8EA
:10A2800007404346042201A90A48F8F70BFC43465D
:10A29000324629460748F8F705FC044601224021CA
:10A2A0003846F7F71AFB00BF2046BDE8FC810000E6
:10A2B000000402401002002038B50446204600F099
:10A2C00087FC00280CD16946204603F0A7FB002834
:10A2D00006D1E06AFFF7DAFA002801D100212160F7
:10A2E00038BD38B504466946204603F097FB002880
:10A2F00008D1E16A11B10846FFF7C8FA002801D178
:10A300000021216038BD2DE9FE4F824614461D46CE
:10A3100001A9504603F082FB0290029810B99AF806
:10A3200031000290029850B901980078042806D1B3
:10A33000421F5046DAF8401000F081FE0290029869
:10A3400010B10298BDE8FE8F019A1078042804D05D
:10A35000012D02D34FF0FF340025DAE90401031B7D
:10A3600071EB050305D29AF830309B0701D40446FF
:10A370000D46DAE90E8900200090CAF83800CAF8C4
:10A380003C0054EA050077D050894FEA402B58EA48
:10A39000090022D0601E45F1FF315A460023F5F72F
:10A3A000CCFF0646B8F101000F4649F1FF31804667
:10A3B00089465A460023F5F7C0FF301A8F410CD367
:10A3C000ABF1010028EA0000CAE90E094946241A47
:10A3D00065EB0105DAF840200FE0DAF8082052B901
:10A3E00000215046FFF774F80246012A08D0501C9D
:10A3F0000AD0CAF80820CAF84020EAB3002645E08F
:10A4000002208AF831009DE701208AF8310099E79F
:10A410003346B4EB0B0465EB0305DAE90E0110EBF0
:10A420000B005941CAE90E019AF830309F0714D544
:10A43000DAE904C7BCEB000C8F4105D2CAE904017C
:10A4400043F040008AF8300011465046FFF740F8CC
:10A4500002463AB9002425461DE01146504601F057
:10A4600093F90246501C0BD0012A03D90198C06908
:10A47000904209D8022000E01FE08AF8310061E72D
:10A4800001208AF831005DE7CAF84020BBEB0400E8
:10A4900076EB0500BCD3DAE90E1009196841CAE968
:10A4A0000E10E00509D011460198FEF71BFF68B3B6
:10A4B000610A41EAC55108440090DAE90432DAE958
:10A4C0000E011B1A8A4107D2CAE904019AF830002A
:10A4D00040F040008AF83000BAF83800C0052ED0AD
:10A4E000DAF844200098824229D09AF830000AF124
:10A4F0005004000614D50198012321464078FFF747
:10A500002DFD38B101208AF831001BE702208AF8BE
:10A51000310017E79AF8300000F07F008AF8300029
:10A520000198012321464078009AFFF7FDFC18B1FD
:10A5300001208AF8310005E70098CAF84400029823
:10A5400000E700002DE9F74181B01646029800901F
:10A55000684601F03CFA0446002C03DA0B2004B0F4
:10A56000BDE8F0810E4F57F824504FF0000825B198
:10A570002846FEF7A7FE85F800800198002801D044
:10A5800080F8008047F8240001D0012E01D000207F
:10A59000E5E7002201A902A800F0AEFDDFE7000018
:10A5A000440000202DE9F74F96B00646002E0BD050
:10A5B00002F03F04224601A917A800F09DFD0746BE
:10A5C0004FF0000A27B183E1092019B0BDE8F08FF0
:10A5D000019802904FF48C6000F0D0FC81465FEA55
:10A5E00009000DD00198C0F80C9009F500710161C7
:10A5F00002A8179900F056FF0746380002D010E075
:10A600001120E2E79DF85300000601D5062708E077
:10A61000600801D0012100E0002102A8FEF788FDBA
:10A62000074614F01C0F7CD06FB1042F08D1FFF740
:10A63000D3FC20B102A8FFF71AFB074600E012275F
:10A6400044F0080409E09DF80E0010F0110F01D04D
:10A65000072702E0600700D50827002F35D1200723
:10A6600033D501F02CF98346019801254FF02008DD
:10A67000017804292AD0119859460E3002F08EFD37
:10A6800011985946163002F089FD119880F80B8018
:10A690001199019801F042FA80460022119901981F
:10A6A00002F068FD119800211C3002F077FD01983E
:10A6B000C570B8F1000F77D0456B0022414602A863
:10A6C00002F0DCFC0746380057D06DE0306001989E
:10A6D0000069343001F035FAB06001980069383013
:10A6E00001F03AFAC6E904010198016991F82110D4
:10A6F00001F00201F171C6F81CA00069594608304A
:10A7000002F04CFD0198016981F814A000695946D6
:10A710000C3002F043FD0198016981F815A0016930
:10A7200000E035E081F8048000690021343002F057
:10A7300035FD0198002213460069383002F036FDDD
:10A740000198002213460069283002F02FFD01987D
:10A75000006980F8215002A802F050FD0746380039
:10A7600022D1B16801B30022304602F087FC0746CF
:10A77000B0680199401E486116E02946019802F030
:10A78000FBFA07460198A8F10108C0F814800BE015
:10A7900057B99DF80E00C10601D5042704E0A107B2
:10A7A00002D5C00700D007279FB9200701D544F084
:10A7B00040040198406BB0641198F064600801D0C7
:10A7C000012100E0002102A801F064F9F06200B963
:10A7D00002278FBB0198017804292ED0119901F02E
:10A7E0009DF9B06011981C3001F0ABF9C6E9040A7C
:10A7F000019830600198C088B08086F8304086F8B3
:10A8000031A0C6F844A00021B163F16306F1500005
:10A810004FF40072834601F051FCA00655D5D6E9ED
:10A82000044554EA050050D0C6E90E450198408918
:10A830004FEA4028B1682DE047E00499316206995B
:10A840009DF80F2021F0FF01114371621599B1624B
:10A850000069343001F075F9B06001980069383052
:10A8600001F07AF9C6E904010198006990F8210025
:10A8700000F00200F071BBE7304600F085FF0146B2
:10A88000012900D80227481C00D10127B4EB080495
:10A8900065EB0A0527B9B8EB04027AEB0500EBD3A8
:10A8A000316497B9E00510D00198FEF71BFDA0B107
:10A8B000610A41EAC5510A18726401980123594698
:10A8C0004078FFF731FB00B10127484600F058FB04
:10A8D0000FB1C6F800A0384677E60227F5E7F3B5D2
:10A8E00081B00446002C08D00022694602A800F07E
:10A8F00003FC0546002715B164E00920FEBD009960
:10A9000021604FF48C6000F039FB064630000CD01B
:10A910000098C66006F5007101612046029900F0BA
:10A92000C1FD0546280002D046E01120FEBD94F886
:10A930004B0000062AD4A079C00626D500980178DD
:10A94000042904D0E16B01F0E9F8A0601EE0A268E0
:10A9500022622169E27921F0FF0111436162E26C18
:10A96000A2620069343001F0ECF8A0600098006940
:10A97000383001F0F1F8C4E904010098006990F85A
:10A98000210000F00201E17100E00525A5B9009861
:10A99000C188A18000212046FFF74FFA0546280014
:10A9A0000AD1A06838B10021204601F073F8E062B6
:10A9B00010B9122500E0E762304600F0E1FA042DFC
:10A9C00000D1052505B127602846FEBD2DE9FC5FB5
:10A9D00004468846174699460025C9F8005069463E
:10A9E000204603F01BF800281AD194F83100002803
:10A9F00016D194F83000C00711D0D4E90431D4E95D
:10AA00000E02181A61EB0201C31B71F1000100D2A2
:10AA1000074604F150004FF0010A01909BE0072027
:10AA2000BDE8FC9F208FC00579D10098D4E90E566F
:10AA300040894FEA552B4BEAC65B401E0BEA000BE0
:10AA4000BBF1000F10D1354309D02046216C00F036
:10AA50009BFE022805D2022084F83100E0E7A068BE
:10AA6000F7E7411C1CD02064216C0098FEF73AFCEB
:10AA7000D0B100EB0B067D0A5DB300980BEB05022D
:10AA800041898A4201D9A1EB0B0540782B46324619
:10AA90004146FFF749FA58B184F831A00120BFE7D9
:10AAA00084F831A00120BBE7022084F83100B7E729
:10AAB00094F8300000060AD5606C801BA84206D2CC
:10AAC00008EB40204FF40072019901F0EEFA6D029C
:10AAD00033E0626CB24221D094F83000000610D509
:10AAE0000098012301994078FFF738FA18B184F8EB
:10AAF00031A0012094E794F8300000F07F0084F842
:10AB0000300000980123324640780199FFF70CFA93
:10AB100020B184F831A0012082E700E06664208F34
:10AB2000C0F30800C0F50075BD4200D93D460119CB
:10AB300050312A46404601F0B8FAA844D4E90E2024
:10AB4000521940F10000C4E90E20D9F80000284451
:10AB5000C9F800007F1B002F7FF464AF00205FE77F
:10AB6000F8B507460E466946384602F057FF0446D8
:10AB700064BB96B14FF48C6000F000FA054695B1C5
:10AB80000098C56005F50071016100213846FEF7A7
:10AB9000FBFF0446042C08D008E000213846FFF7EC
:10ABA0004CF9044612E01120F8BD00245CB931468E
:10ABB000384600F086FE00213846FEF755FF044671
:10ABC000042C00D10024284600F0DAF92046F8BD14
:10ABD000F0B595B0044614A9204602F01FFF0546C3
:10ABE000002D24D194F83000410620D5000611D55F
:10ABF0001498626C0123407804F15001FFF7AEF91C
:10AC000010B1012015B0F0BD94F8300000F07F00C5
:10AC100084F8300000F053FE0646149801780429A9
:10AC200006D0A16C02F0A8F80546002D62D086E09F
:10AC3000204600F0EDF9054635B94FF0FF322046C9
:10AC4000216C00F0FCF90546002D78D14FF48C60A2
:10AC500000F094F9074638000BD01498C76007F548
:10AC6000007101612146684601F058F9054615B1A9
:10AC70003CE01120C6E7149801690A7942F02002ED
:10AC80000A71E179026941F0010182F8211000693D
:10AC9000A168343002F082FAD4E9042314980069E0
:10ACA000383002F083FAD4E904231498006928307C
:10ACB00002F07CFA1498314600690C3002F06EFA0A
:10ACC00014980021026951750069103002F066FA8B
:10ACD000684602F093FA054645B9149802F0D0FA96
:10ACE000054614F8300F00F0BF002070384600F021
:10ACF00047F924E0E56CE87A40F02000E872294644
:10AD0000A268206802F036FA05F11C00216902F001
:10AD100045FA314605F1160002F040FA002105F12E
:10AD2000120002F067FA14980121C17002F0A8FA2B
:10AD3000054694F8300000F0BF0084F83000284643
:10AD400060E72DE9FF4F83B080468B469246069917
:10AD50000020086001A9404602F060FE002808D1EA
:10AD600098F83100002804D198F83000800703D407
:10AD7000072007B0BDE8F08F01980078042807D0BD
:10AD8000D8F8380010EB0A01814201D26FEA000ABC
:10AD900008F150000290CAE0B8F83800C0057AD136
:10ADA000D8E90E01019A440A44EAC1545289521E5C
:10ADB00014402CBB084310D04046D8F84010FEF792
:10ADC00087FB002869D0012810D0411C12D0C8F898
:10ADD0004000D8F8081089B112E0D8F8080000281F
:10ADE000EFD100214046FEF773FBEAE7022088F826
:10ADF0003100BEE7012088F83100BAE7C8F8080042
:10AE000098F83000000612D50198D8F844200123A4
:10AE100040780299FFF7A2F818B1012088F83100B4
:10AE2000A7E798F8300000F07F0088F83000D8F8E5
:10AE300040100198FEF756FAA0B106194FEA5A25BC
:10AE400055B30198621941898A4200D90D1B407897
:10AE50002B4632465946FFF781F838B1012088F871
:10AE6000310086E7022088F8310082E7D8F84400F4
:10AE7000801BA8420CD20BEB40214FF400720298C9
:10AE800001F013F998F8300000F07F0088F83000E6
:10AE90004FEA452930E01AE000E04CE0D8F84400E1
:10AEA000B04212D0D8E90E30D8E904219A1A88416C
:10AEB0000BD201980123324640780299FFF734F80B
:10AEC00018B1012088F8310053E7C8F84460B8F899
:10AED0003800C0F30800C0F50079D14500D9D1464B
:10AEE000404450304A46594601F0DFF898F83000A7
:10AEF00040F0800088F83000CB44D8E90E1511EB03
:10AF0000090445F10005C8E90E45D8E90467301B7E
:10AF100077EB050001D334463D46C8E90445069861
:10AF2000006800EB090106980160AAEB090ABAF172
:10AF3000000F7FF431AF98F8300040F0400088F8FF
:10AF40003000002015E70000802804D30A4A39B1F8
:10AF5000FF2801D900207047803832F81000704770
:10AF6000002132F81130834203D0491C89B2802974
:10AF7000F7D38031C8B2704792DB0008F5F787B984
:10AF8000F5F7B4B930B5B0F5805F01D21E4900E0E5
:10AF90001E4931F8022B002A14D0904212D331F806
:10AFA000023B1C0ADBB2D518854228D9092C09D2EC
:10AFB000DFE804F005090F1215181B1E2100801A86
:10AFC00031F8100030BD811A01F00101401A80B241
:10AFD00030BD103880B230BD203880B230BD30383E
:10AFE00080B230BD1A3880B230BD083080B230BD7A
:10AFF000503880B230BDA0F5E35080B230BD002C97
:10B00000C7D101EB4301C4E792DC000884DE0008ED
:10B0100070B50646F07903280FD1B468B56908E029
:10B02000621C2146306801F059FF002806D1641CDB
:10B030006D1E002DF4D10020F071002070BD70B5A0
:10B0400004460D4616460FE0012802D92A1A921C22
:10B0500000E03246291A491C206801F03FFF002811
:10B0600005D1E069401EE061E0690028ECD170BDC7
:10B070002DE9F047064691468F1EF069801EB842C2
:10B0800000D800273C46A04600254FF4007A306BDC
:10B0900000EB1431304601F06FFE18B14FF0FF3075
:10B0A000BDE8F087C4F3C80104F007020120904016
:10B0B000C0B2F3699B1E721892F838200240400615
:10B0C000000E641C9C4202D30024002051462AB189
:10B0D000A0460025BC4207D10020E1E76D1C4D458C
:10B0E000F8D108F10200DBE70028E4D10120491C77
:10B0F0005145E0D3CBE700002DE9FF5F0E46174630
:10B100004FF00008C6F8008000F061FC05462800FA
:10B1100003D50B2004B0BDE8F09FDE4850F8254071
:10B120009CB1346007F0FE06207820B16078FEF70D
:10B1300009FFC1070BD084F80080E8B26070FEF709
:10B14000CFFEC1070AD00320E4E70C20E2E71EB1DE
:10B15000400701D50A20DDE70020DBE71EB14007EC
:10B1600001D50A20D6E7002529462046FDF790FFA5
:10B1700002281FD16F4604EB051000F5FB70017922
:10B1800019B1083000F0DDFC00E0002047F8250090
:10B190006D1C042DEFD3002657F8265025B1294603
:10B1A0002046FDF775FF00E00320022802D3761C3D
:10B1B000042EF1D3042803D0022803D30D20A9E7DD
:10B1C0000120A7E74FF0FF394FF4007A012807D09C
:10B1D00004F1430000F0ECFC50457AD00D2099E7D3
:10B1E0000B2000E0401C402804D2211891F83810B0
:10B1F0000029F7D0402801D20D208BE704F1A000F0
:10B2000000F0D6FCB0F5807F01D00D2082E794F8E5
:10B21000A4004FF0010B0BFA00F0504501D00D20B7
:10B2200078E704F1800000F097FC461941EB08072D
:10B23000012F01D30D206DE704F18C0000F081FC9B
:10B24000206294F8A600A070012801D00D2061E7CB
:10B2500094F8A5000BFA00FB1FFA8BF0608148B14F
:10B2600004F1940000F06DFC83468B498B4503D9B3
:10B270000D204FE70D204DE70BF10200E061656204
:10B2800004F1900000F05DFC2844206304F1880084
:10B2900000F057FC2844A0626089216B00FB0BF092
:10B2A000081848EB0808301A77EB080701D20D2080
:10B2B00030E704F1980000F044FCE06201462046CB
:10B2C000FEF710F80146204601F056FD10B10120AE
:10B2D00020E717E00025601990F83810812904D183
:10B2E0004C3000F02EFC022802D020355545F2D318
:10B2F000554501D10D200DE7C4F81890C4F81490FD
:10B300000426BBE004F14E0000F052FC18B904F131
:10B310005C0000F016FC206294F84870A770012FC2
:10B3200003D0022F01D00D20F4E6474394F84500E6
:10B33000608110B1411E084201D00D20EAE604F1FF
:10B34000490000F035FC2081000701D00D20E1E626
:10B3500004F14B0000F02CFC0646300004D104F14F
:10B36000580000F0EEFB064604F1460000F020FC19
:10B37000014639B12389C81900EB1312964203D252
:10B380000D20C7E60D20C5E6B01A6689B0FBF6F0C1
:10B3900030B303264FF6F57C604500D8022640F610
:10B3A000F57C604500D80126801CE0616562294477
:10B3B000A1622A442263032E14D033B33944E162DC
:10B3C000022E24D000F0010100EB400001EB500000
:10B3D000216A00F2FF10B1EB502F1AD20D2099E62E
:10B3E0000D2097E604F1620000F0E2FB08B10D20A9
:10B3F00090E6208908B10D208CE604F1640000F08D
:10B40000A0FBE062E0698000E2E70D2082E64000F8
:10B41000DEE7C4F81890C4F8149080202071032E41
:10B420002CD104F1680000F0C3FB012826D1691C6F
:10B43000204601F0A1FC08BB84F8048004F2362009
:10B4400000F0B6FBA0F52A41553917D104F13800B8
:10B4500000F077FB1149884210D104F5077000F025
:10B4600070FB0F49884209D104F5087000F069FBB0
:10B47000A06104F5097000F064FB60612670054965
:10B48000091F0888401C0880E0802046FDF71AFF4D
:10B4900000203FE644000020FDFFFF7F5252614143
:10B4A0007272416173B50446256801E0401C019049
:10B4B000019801782F29F9D05C29F7D00020A060ED
:10B4C000E06101980078202807D2802084F84B00A2
:10B4D00000212046FEF7B1FC7CBD01A92046FEF705
:10B4E0009BF80028F8D12046FEF717FA94F84B1085
:10B4F00028B10428F0D14907EED405207CBD4907C6
:10B50000FCD4A079C00601D405207CBD287804288D
:10B5100009D0208EC0F3080041193831284600F0C8
:10B52000FDFAA060D9E7A16821622069E17920F0E5
:10B53000FF0008436062E16CA1622869343000F0CA
:10B5400000FBA060286990F8210000F00201E17181
:10B550002869383000F000FBC4E90401BDE70000B1
:10B5600038B504460094074801680A68D2431206B9
:10B57000FBD44FF0FF33012269460248F8F713FA73
:10B58000204638BDF00400207CB5054616461C4612
:10B590000B22284600F089FD052C11D91B480CE030
:10B5A000B61C002322460C4662F35F044908E203FE
:10B5B00000D544405B1C102BF4D331880029EFD117
:10B5C00007216B4604F00F023032392A01D9D21D0F
:10B5D000D2B20846491E1A542409002CF2D17E200A
:10B5E0005854002200E0521C8A4202D2A85C202853
:10B5F000F9D1082903D20846491C185C00E0202034
:10B600001446521C2855082AF3D37CBD2110010092
:10B61000F8B50546012404212048F7F7DDFF012293
:10B6200029461F48FEF7BEFF1E4D287004211B4807
:10B63000F8F740F8287810B13220FCF7EDFA002234
:10B6400013461748FEF75FFE0027FDF7DFFE4FF4B5
:10B6500080461CE004211148F7F7BEFF6B463246D6
:10B6600011490F48FFF7B2F904210C48F8F722F806
:10B67000BDF800100C48FDF7A1FE0746BDF800001C
:10B68000A860B04200D20024296908442861002C37
:10B69000E0D10348FEF710FE3846F8BDF80200205E
:10B6A000986C002068000020381D0020F8B50124A7
:10B6B000012225A12748FEF775FF274D287010B1FC
:10B6C0003120FCF7A9FA23484FF47023D0E9041283
:10B6D0000020591A904102D23820FCF79DFA00262A
:10B6E000FDF794FE4FF480471CE004211B48F7F758
:10B6F00073FF6B463A461A491648FFF767F904216B
:10B700001648F7F7D7FFBDF800101548FDF756FEAD
:10B710000646BDF80010A960B94200D2002428698D
:10B7200008442861002CE0D12C690E4D04E0FF2074
:10B73000FDF75CFE0646641CAC42F8D30548FEF7F4
:10B74000BBFD3046F8BD00002F6C645F6D63752E45
:10B7500062696E00486A002068000020F80200203C
:10B76000381D0020FFFF0F0870B5FDF74FFE044C99
:10B77000044D2078FDF73AFE641CAC42F9D370BD4D
:10B7800000000108FFFF0F082DE9F04702460D46B3
:10B790001468022D02D3E069A84201D801268BE08B
:10B7A0004FF0FF362078012809D002282DD0F10D66
:10B7B00001EA8507032837D004287CD142E005EB55
:10B7C0005507A06A00EB5721204601F0D5FA002862
:10B7D00072D1C7F30800204407F1010890F83890AF
:10B7E000A06A00EB5821204601F0C6FA48BBC8F316
:10B7F0000800204490F8380049EA0020E90701D009
:10B80000060959E0C0F30B0656E0A06A00EB1521CB
:10B81000204601F0B1FAA0B9E8B204EB400038309C
:10B8200000F0C6F9064647E0A06A00EBD5112046B5
:10B8300001F0A2FA28B93819383000F082F920F066
:10B84000704639E0D2E9040150EA010333D093682D
:10B85000EB1A401E41F1FF31400A40EAC1506189B4
:10B86000B0FBF1F1D0796FF0004C022807D18B4288
:10B8700005D801D166461FE005F101061CE003284A
:10B8800004D19169994201D96E1C15E0022812D0A9
:10B89000D06908B166460FE0A06A00EBD5112046DA
:10B8A00001F06AFA40B93819383000F04AF920F04E
:10B8B000004601E0FFE701263046BDE8F0870020A2
:10B8C00070472DE9F04706460C46D6F800904FF039
:10B8D000000884F81A80B06B002876D099F8000030
:10B8E000042805D0F06C401C22D000252F4614E01F
:10B8F0002146D9F81000BDE8F04700F089B80021D2
:10B90000FFF722FB18B1FF2D03D300250DE0002522
:10B910000BE0294621446D1C8876D9F80C10384676
:10B920007F1C31F810000028E9D1601980F81A80D6
:10B9300000221346A07E4FF02E0C29E0F56B19462D
:10B940005B1C695C202923D0052900D1E521092B46
:10B9500008D110B9A51885F81AC015462544521CFF
:10B9600085F80DC0A518697388B9A1F14107192F91
:10B970000CD8F76B092B97F80C9001D3102700E037
:10B98000082719EA070F01D02031C9B2A976521C45
:10B990000B2BD3D330B9A01880F81A80F06B007B42
:10B9A00000B90022A01880F80D80F06BC07A2073D7
:10B9B000F06B1C3000F0C5F8C4E90008F06B1630DD
:10B9C00000F0BFF86081000C2081BDE8F08710B561
:10B9D00004464FF0FF302368002B0BD0194600E0DF
:10B9E000491C0A78202A01D33A2AF9D10A783A2A3E
:10B9F00001D0002010BD13F8012B303A0A2AF9D2E9
:10BA00008B42F7D1002AF5D11046491C216010BDA8
:10BA10002DE9F04107460E4600244025A04614E0DB
:10BA2000E80600D1AD1C781900F0C2F80021FFF73C
:10BA30008BFA08B1FF2C01D300240AE021463144DF
:10BA4000641C8876AD1C08F1010897F82300404576
:10BA5000E6D814B93F200124B07600203119887649
:10BA6000707338793073C00602D50020014603E0B8
:10BA700007F1380000F070F8C6E9000107F10C008A
:10BA800000F096F8708107F10E0000F091F8308117
:10BA9000BDE8F081F0B5024600201F4D146805EBAB
:10BAA00000131E68A64207D15E689768BE4203D1A4
:10BAB0009B68166BB34202D0401CFF28EFD3FF28CF
:10BAC00014D1002000E0401CFF2804D205EB001335
:10BAD0001B68002BF7D1FF280FD005EB00131C606B
:10BAE00094685C60126B9A6000229A8139B105EB10
:10BAF000001292891AB10020F0BD0020F0BD11B1F2
:10BB00004FF4807103E005EB00118989491C05EBB6
:10BB100000129181401CF0BD380D002070B5064622
:10BB20000D4605F11A0000F043F80446307803286A
:10BB300005D105F1140000F03BF844EA004420462A
:10BB400070BDC178827842EA0121427842EA01213F
:10BB5000007840EA0120704710B5C17983790A0E58
:10BB600043EA01211202437942EA116243EA0121C8
:10BB70001202037942EA116243EA01211202C378F8
:10BB800042EA116243EA01211202837842EA116219
:10BB900043EA0121130243EA11630A0241780A438E
:10BBA0001902007841EA126140EA0222104610BDF3
:10BBB0004178007840EA0120704700001CB501A8D8
:10BBC000FEF74EFA35A0F4F72FFC9DF80700009021
:10BBD0009DF806309DF805209DF804103FA0F4F76D
:10BBE00023FC20231F22002143A0F4F71DFC4FF467
:10BBF000007340F21F22202149A0F4F715FC4FF4F6
:10BC0000006340F61F224FF408714FA0F4F70CFCBC
:10BC100047F6ED220423D11E55A0F4F705FC47F6A4
:10BC2000F1220423D11E5FA0F4F7FEFB47F6F522B4
:10BC30000423D11E66A0F4F7F7FB47F6F92204238C
:10BC4000D11E6EA0F4F7F0FB47F6FD220423D11EAF
:10BC500075A0F4F7E9FB47F601320423D11E7EA05C
:10BC6000F4F7E2FB4FF4806347F6FF624FF4F641CE
:10BC700085A0F4F7D9FB4FF4807347F6FF724FF4B9
:10BC8000FE418CA0F4F7D0FB4FF4B27195A0F4F70D
:10BC9000CBFB0C219AA0F4F7C7FB1CBD2A2A2A2A49
:10BCA0002A2A2A2A2A2A2A2A2A2A2A2A2A2A2A2AF4
:10BCB0002A2A2A2A4550524F4D204D41502A2A2ADD
:10BCC0002A2A2A2A2A2A2A2A2A2A2A2A2A2A2A2AD4
:10BCD0002A2A2A2A2A2A2A2A2A0A0A004550524FA0
:10BCE0004D2049443A2530325825303258253032DB
:10BCF00058253032580A00004D52204550524F4DC1
:10BD00003A3078253034582D2D2D30782530345860
:10BD10002873697A653A25642062797465290A0076
:10BD2000444D204550524F4D3A3078253034582DEF
:10BD30002D2D3078253034582873697A653A25647A
:10BD40002062797465290A004644204550524F4DBF
:10BD50003A3078253034582D2D2D30782530345810
:10BD60002873697A653A25642062797465290A0026
:10BD70004D45444943414C20435243204550524F86
:10BD80004D3A3078253034582D2D2D3078253034EB
:10BD9000582873697A653A25642062797465290A9E
:10BDA000000000004D5220435243204550524F4D59
:10BDB0003A3078253034582D2D2D307825303458B0
:10BDC0002873697A653A25642062797465290A00C6
:10BDD000444D20435243204550524F4D3A30782530
:10BDE0003034582D2D2D3078253034582873697A09
:10BDF000653A25642062797465290A004644204327
:10BE00005243204550524F4D3A3078253034582D0A
:10BE10002D2D3078253034582873697A653A256499
:10BE20002062797465290A004D4355204657204306
:10BE30005243204550524F4D3A3078253034582DDA
:10BE40002D2D3078253034582873697A653A256469
:10BE50002062797465290A004C43442046572043E8
:10BE60005243204550524F4D3A3078253034582DAA
:10BE70002D2D3078253034582873697A653A256439
:10BE80002062797465290A00434F4E464947204590
:10BE900050524F4D3A3078253034582D2D2D307872
:10BEA000253034582873697A653A2564206279749C
:10BEB00065290A004C4F47494E464F204550524F86
:10BEC0004D3A3078253034582D2D2D3078253034AA
:10BED000582873697A653A25642062797465290A5D
:10BEE00000000000646576696365436F6E6669678C
:10BEF0002073697A653A256420627974650A0000C6
:10BF00006465766963654C6F67496E666F20736917
:10BF10007A653A256420627974650A0010B5044692
:10BF200008682060086AA06091F82400E071486AFF
:10BF3000002220F0FF00C4E90402896AE16420467F
:10BF4000FDF77BFF002804D12046BDE8104000F03B
:10BF500001B810BD2DE9F041044620680669A16BC7
:10BF600000F00AFF002804D1E16B0878852802D090
:10BF70000220BDE8F0812022304600F096F870786B
:10BF8000401C4701A7F16000B0F5007F01D90220F5
:10BF9000EFE700212046FDF767FD0028E9D1A16BFE
:10BFA000206800F0E9FE0028E3D1E16B0878C028A2
:10BFB00001D00220DDE7202206F1200000F075F814
:10BFC00096F823000F212C30B0FBF1F0B7EB401FA7
:10BFD00001D20220CDE740254FF4187800212046F9
:10BFE000FDF742FD0028C4D1A16B206800F0C4FE1B
:10BFF0000028BED1E16B0878C12801D00220B8E743
:10C00000454503D27019202200F04FF82035BD427B
:10C01000E4D345450AD8304601F01BFD0446B01C68
:10C02000FFF7C6FD844201D00220A2E70020A0E76E
:10C03000F5F7B6FFF8F7E2FEF8F742FAF8F700FA7C
:10C04000F8F746F9F8F7A4FBF8F784FBF8F76CFD6E
:10C05000F8F7A2FDF8F788FCF8F782FDF8F7D4FBB3
:10C06000F8F71EFCF8F702FDF8F742FDF8F7D6F9ED
:10C07000F8F75EFBF8F716FAF8F7AAFDF8F7D2FC26
:10C08000F8F7A8FBF8F734FBF8F7C2FDFCF72CF83B
:10C09000FAE710B510F8013B11F8014B1B1B521EBB
:10C0A00001D0002BF6D0184610BD002A05D011F89B
:10C0B000013B00F8013B521EF9D17047C9B200F8AC
:10C0C000011B521EFBD1704770B530384FF4967685
:10C0D0004FF4617440F6B8352B286FD2DFE810F0CA
:10C0E0002B006F00B300F7003B017F01C301070283
:10C0F0004F0293026E006E006E006E006E006E00C6
:10C100006E00D702F10227035D0385039103C70385
:10C11000EF03280442047804A004D604F0040A05BE
:10C1200024053E05580572058C05A605C005DA05EF
:10C13000F4050E062B060421FE48F7F74DFA3046AB
:10C14000F5F71CFA0421FB48F7F7B4FA2846F5F78F
:10C1500015FA0421F748F7F73FFA2046F5F70EFAEB
:10C160000421F448F7F7A6FA2846F5F707FA042160
:10C17000F048F7F731FA2046F5F700FA0421ED48C8
:10C18000F7F798FA2846F5F7F9F90421E948F7F79F
:10C1900023FA2046F5F7F2F90421E648F7F78AFA80
:10C1A0002846F5F7EBF90421E248F7F715FA20469F
:10C1B000F5F7E4F90421DF48F7F77CFA22E20421DD
:10C1C000DC48F7F709FA3046F5F7D8F90421D948E1
:10C1D000F7F770FA2846F5F7D1F90421D548F7F7B3
:10C1E000FBF92046F5F7CAF90421D248F7F762FABD
:10C1F0002846F5F7C3F90421CE48F7F7EDF92046B4
:10C20000F5F7BCF90421CB48F7F754FA2846F5F7BF
:10C21000B5F90421C748F7F7DFF92046F5F7AEF97D
:10C220000421C448F7F746FA2846F5F7A7F9042190
:10C23000C048F7F7D1F92046F5F7A0F90421BD4829
:10C24000F7F738FABAE70421BA48F7F7C5F93046E4
:10C25000F5F794F90421B748F7F72CFA2846F5F7D3
:10C260008DF90421B348F7F7B7F93046F5F786F9A9
:10C270000421B048F7F71EFA2846F5F77FF90421A4
:10C28000AC48F7F7A9F92046F5F778F90421A94851
:10C29000F7F710FA2846F5F771F90421A548F7F7E2
:10C2A0009BF92046F5F76AF90421A248F7F702FA4C
:10C2B0002846F5F763F904219E48F7F78DF92046E3
:10C2C000F5F75CF904219B48F7F7F4F976E70421C8
:10C2D0009848F7F781F93046F5F750F90421954869
:10C2E000F7F7E8F92846F5F749F904219148F7F7F7
:10C2F00073F93046F5F742F904218E48F7F7DAF979
:10C300002846F5F73BF904218A48F7F765F92046F6
:10C31000F5F734F904218748F7F7CCF92846F5F703
:10C320002DF904218348F7F757F92046F5F726F948
:10C3300004218048F7F7BEF92846F5F71FF90421D4
:10C340007C48F7F749F92046F5F718F904217948B0
:10C35000F7F7B0F932E704217648F7F73DF93046B0
:10C36000F5F70CF904217348F7F7A4F92846F5F717
:10C3700005F904216F48F7F72FF93046F5F7FEF875
:10C3800004216C48F7F796F92846F5F7F7F80421E9
:10C390006848F7F721F92046F5F7F0F804216548D9
:10C3A000F7F788F92846F5F7E9F804216148F7F727
:10C3B00013F93046F5F7E2F804215E48F7F77AF909
:10C3C0002846F5F7DBF804215A48F7F705F9204627
:10C3D000F5F7D4F804215748F7F76CF9EEE6042195
:10C3E0005448F7F7F9F83046F5F7C8F804215148F2
:10C3F000F7F760F92846F5F7C1F804214D48F7F73B
:10C40000EBF83046F5F7BAF804214A48F7F752F945
:10C410002846F5F7B3F804214648F7F7DDF830462B
:10C42000F5F7ACF804214348F7F744F92846F5F747
:10C43000A5F804213F48F7F7CFF83046F5F79EF806
:10C4400004213C48F7F736F92846F5F797F8042118
:10C450003848F7F7C1F83046F5F790F80421354829
:10C46000F7F728F9AAE604213248F7F7B5F820468D
:10C47000F5F784F804212F48F7F71CF92846F5F75B
:10C480007DF804212B48F7F7A7F83046F5F776F842
:10C4900004212848F7F70EF92846F5F76FF804212C
:10C4A0002448F7F799F83046F5F768F80421214851
:10C4B000F7F700F92846F5F761F804211D48F7F76A
:10C4C0008BF83046F5F75AF804211A48F7F7F2F8D6
:10C4D0002846F5F753F804211648F7F77DF830465B
:10C4E000F5F74CF804211348F7F7E4F866E6042161
:10C4F0001048F7F771F82046F5F740F804210D4889
:10C50000F7F7D8F82846F5F739F804210948F7F77E
:10C5100063F82046F5F732F804210648F7F7CAF821
:10C520002846F5F72BF804210248F7F755F830466E
:10C5300002E00000F8020020F5F720F80421FB4893
:10C54000F7F7B8F82846F5F719F80421F748F7F790
:10C5500043F83046F5F712F80421F448F7F7AAF843
:10C560002846F5F70BF80421F048F7F735F8304680
:10C57000F5F704F80421ED48F7F79CF8F4E30421FB
:10C58000EA48F7F729F82046F4F7F8FF0421E748CE
:10C59000F7F790F82846F4F7F1FF0421E348F7F79E
:10C5A0001BF82046F4F7EAFF0421E048F7F782F889
:10C5B0002846F4F7E3FF0421DC48F7F70DF820469E
:10C5C000F4F7DCFF0421D948F7F774F82846F4F7AC
:10C5D000D5FF0421D548F6F7FFFF3046F4F7CEFF2C
:10C5E0000421D248F7F766F82846F4F7C7FF04217C
:10C5F000CE48F6F7F1FF3046F4F7C0FF0421CB48F0
:10C60000F7F758F8B0E30421C848F6F7E5FF2046ED
:10C61000F4F7B4FF0421C548F7F74CF82846F4F7BF
:10C62000ADFF0421C148F6F7D7FF2046F4F7A6FF77
:10C630000421BE48F7F73EF82846F4F79FFF04218F
:10C64000BA48F6F7C9FF2046F4F798FF0421B74827
:10C65000F7F730F82846F4F791FF0421B348F6F7CE
:10C66000BBFF2046F4F78AFF0421B048F7F722F811
:10C670002846F4F783FF0421AC48F6F7ADFF3046B7
:10C68000F4F77CFF0421A948F7F714F86CE30421C0
:10C69000A648F6F7A1FF3046F4F770FF0421A3483F
:10C6A000F7F708F82846F4F769FF04219F48F6F7E2
:10C6B00093FF2046F4F762FF04219C48F6F7FAFF47
:10C6C00052E304219948F6F787FF2046F4F756FF16
:10C6D00004219648F6F7EEFF2846F4F74FFF0421B1
:10C6E0009248F6F779FF3046F4F748FF04218F4867
:10C6F000F6F7E0FF2846F4F741FF04218B48F6F7F0
:10C700006BFF3046F4F73AFF04218848F6F7D2FF72
:10C710002846F4F733FF04218448F6F75DFF3046DE
:10C72000F4F72CFF04218148F6F7C4FF1CE3042131
:10C730007E48F6F751FF2046F4F720FF04217B489E
:10C74000F6F7B8FF2846F4F719FF04217748F6F703
:10C7500043FF3046F4F712FF04217448F6F7AAFFAE
:10C760002846F4F70BFF04217048F6F735FF204602
:10C77000F4F704FF04216D48F6F79CFF2846F4F710
:10C78000FDFE04216948F6F727FF3046F4F7F6FE70
:10C7900004216648F6F78EFFE6E204216348F6F7C7
:10C7A0001BFF2046F4F7EAFE04216048F6F782FFFB
:10C7B0002846F4F7E3FE04215C48F6F70DFF304607
:10C7C000F4F7DCFE04215948F6F774FF2846F4F725
:10C7D000D5FE04215548F6F7FFFE3046F4F7CEFEAD
:10C7E00004215248F6F766FFBEE204214F48F6F7EF
:10C7F000F3FE3046F4F7C2FE04214C48F6F75AFF28
:10C80000B2E204214948F6F7E7FE3046F4F7B6FEF7
:10C8100004214648F6F74EFF2846F4F7AFFE042100
:10C820004248F6F7D9FE3046F4F7A8FE04213F4807
:10C83000F6F740FF2846F4F7A1FE04213B48F6F73F
:10C84000CBFE2046F4F79AFE04213848F6F732FF73
:10C850002846F4F793FE04213448F6F7BDFE30462F
:10C86000F4F78CFE04213148F6F724FF7CE2042122
:10C870002E48F6F7B1FE2046F4F780FE04212B483F
:10C88000F6F718FF2846F4F779FE04212748F6F753
:10C89000A3FE2046F4F772FE04212448F6F70AFFAF
:10C8A0002846F4F76BFE04212048F6F795FE304643
:10C8B000F4F764FE04211D48F6F7FCFE54E204215F
:10C8C0001A48F6F789FE3046F4F758FE0421174857
:10C8D000F6F7F0FE2846F4F751FE04211348F6F768
:10C8E0007BFE3046F4F74AFE04211048F6F7E2FEDC
:10C8F0002846F4F743FE04210C48F6F76DFE304657
:10C90000F4F73CFE04210948F6F7D4FE2846F4F774
:10C9100035FE04210548F6F75FFE3046F4F72EFE9B
:10C9200004210248F6F7C6FE1EE20000F8020020CD
:10C930000421FE48F6F750FE3046F4F71FFE0421AE
:10C94000FA48F6F7B7FE2846F4F718FE0421F74830
:10C95000F6F742FE3046F4F711FE0421F348F6F7ED
:10C96000A9FE01E20421F148F6F736FE3046F4F75D
:10C9700005FE0421ED48F6F79DFE2846F4F7FEFD7E
:10C980000421EA48F6F728FE2046F4F7F7FD0421D3
:10C99000E648F6F78FFE2846F4F7F0FD0421E34859
:10C9A000F6F71AFE2046F4F7E9FD0421DF48F6F712
:10C9B00081FE2846F4F7E2FD0421DC48F6F70CFE80
:10C9C0002046F4F7DBFD0421D848F6F773FECBE1EF
:10C9D0000421D648F6F700FE2046F4F7CFFD0421E7
:10C9E000D248F6F767FE2846F4F7C8FD0421CF4881
:10C9F000F6F7F2FD3046F4F7C1FD0421CB48F6F717
:10CA000059FE2846F4F7BAFD0421C848F6F7E4FDBC
:10CA10002046F4F7B3FD0421C448F6F74BFEA3E12A
:10CA20000421C248F6F7D8FD3046F4F7A7FD0421EB
:10CA3000BE48F6F73FFE2846F4F7A0FD0421BB48A8
:10CA4000F6F7CAFD2046F4F799FD0421B748F6F73A
:10CA500031FE2846F4F792FD0421B448F6F7BCFDF8
:10CA60003046F4F78BFD0421B048F6F723FE284644
:10CA7000F4F784FD0421AD48F6F7AEFD3046F4F737
:10CA80007DFD0421A948F6F715FE6DE10421A748B4
:10CA9000F6F7A2FD2046F4F771FD0421A348F6F74E
:10CAA00009FE2846F4F76AFD0421A048F6F794FD34
:10CAB0002046F4F763FD04219C48F6F7FBFD53E1A3
:10CAC00004219A48F6F788FD2046F4F757FD042123
:10CAD0009648F6F7EFFD2846F4F750FD04219348F9
:10CAE000F6F77AFD2046F4F749FD04218F48F6F762
:10CAF000E1FD39E104218D48F6F76EFD2046F4F79B
:10CB00003DFD04218948F6F7D5FD2846F4F736FDAA
:10CB100004218648F6F760FD2046F4F72FFD042136
:10CB20008248F6F7C7FD1FE104218048F6F754FD5F
:10CB30002046F4F723FD04217C48F6F7BBFD284688
:10CB4000F4F71CFD04217948F6F746FD2046F4F77A
:10CB500015FD04217548F6F7ADFD05E10421734884
:10CB6000F6F73AFD2046F4F709FD04216F48F6F781
:10CB7000A1FD2846F4F702FD04216C48F6F72CFDD0
:10CB80002046F4F7FBFC04216848F6F793FDEBE040
:10CB900004216648F6F720FD2046F4F7EFFC042157
:10CBA0006248F6F787FD2846F4F7E8FC04215F4861
:10CBB000F6F712FD2046F4F7E1FC04215B48F6F796
:10CBC00079FDD1E004215948F6F706FD2046F4F737
:10CBD000D5FC04215548F6F76DFD2846F4F7CEFC48
:10CBE00004215248F6F7F8FC2046F4F7C7FC04216C
:10CBF0004E48F6F75FFDB7E004214C48F6F7ECFC31
:10CC00002046F4F7BBFC04214848F6F753FD2846BC
:10CC1000F4F7B4FC04214548F6F7DEFC2046F4F7AF
:10CC2000ADFC04214148F6F745FD9DE004213F4855
:10CC3000F6F7D2FC2046F4F7A1FC04213B48F6F7B6
:10CC400039FD2846F4F79AFC04213848F6F7C4FC6D
:10CC50002046F4F793FC04213448F6F72BFD83E0DB
:10CC600004213248F6F7B8FC2046F4F787FC04218B
:10CC70002E48F6F71FFD2846F4F780FC04212B48C8
:10CC8000F6F7AAFC2046F4F779FC04212748F6F7CA
:10CC900011FD69E004212548F6F79EFC2046F4F7D3
:10CCA0006DFC04212148F6F705FD2846F4F766FCE3
:10CCB00004211E48F6F790FC2046F4F75FFC04219F
:10CCC0001A48F6F7F7FC4FE004211848F6F784FC01
:10CCD0002046F4F753FC04211448F6F7EBFC2846F1
:10CCE000F4F74CFC04211148F6F776FC2046F4F7E3
:10CCF00045FC04210D48F6F7DDFC35E004210B4826
:10CD0000F6F76AFC2046F4F739FC04210748F6F7E9
:10CD1000D1FC2846F4F732FC04210448F6F75CFC09
:10CD20002046F4F72BFC0421004801E0F802002023
:10CD3000F6F7C0FC18E004210E48F6F74DFC20463B
:10CD4000F4F71CFC04210B48F6F7B4FC2846F4F772
:10CD500015FC04210748F6F73FFC2046F4F70EFCCB
:10CD600004210448F6F7A6FC2846BDE87040F4F715
:10CD700005BC0000F802002070B504460E460025F0
:10CD8000606BB04210D0204600F0BEFA05465DB997
:10CD900060780123324604F13801FDF7C5F810B17F
:10CDA0004FF0FF3601256663284670BD2DE9F04738
:10CDB00007460E4606F11A00FEF7FAFE10B10020F3
:10CDC000BDE8F087307820F04000401E00EB800185
:10CDD00001EBC0044FF0010A0025DFF850804FF648
:10CDE000FF7918F805003044FEF7E2FEBAF1000FB3
:10CDF00009D0FF2C01D30020E2E721468246641CC3
:10CE000027F8110003E0484501D00020D8E76D1C49
:10CE10000D2DE6D33078400606D5FF2C01D3002037
:10CE2000CEE7002027F814000120C9E784DB0008C2
:10CE300010B580211A48F3F751FD1A48F3F796FC14
:10CE400081B21848FDF798F84FF47A730622144916
:10CE50001548F6F74FFD13490622891D1048FCF7C7
:10CE60004DFA10B111A0F3F7DFFA0E480C30F3F7CA
:10CE70007DFC81B20B480C30FDF77EF80A20F4F7F8
:10CE80007DFB08482630F3F771FC81B20548263057
:10CE9000FDF772F8BDE8104040F6B830F4F76EBB0D
:10CEA000385D0020A000002018040020426F6F743D
:10CEB0006C6F616465723A446F6E6548616E646C54
:10CEC00065722C6C6364207368616B652068616EA9
:10CED0006420726573706F6E64210A002DE9F0475B
:10CEE00004460D4617460226022D77D3E069A84274
:10CEF00074D920784FF00109012806D002283CD0CF
:10CF000003284DD0042869D14AE005EB5508A06AF2
:10CF100000EB58212046FFF72FFF064630005DD179
:10CF2000C8F30800204408F1010A3830E90704D0AA
:10CF30000178FAB262F31F1100E03946017084F8FB
:10CF40000390A06A00EB5A212046FFF715FF064622
:10CF5000300043D1CAF3080020443830E90702D03A
:10CF6000C7F3071105E00178C7F3032201F0F001D0
:10CF70001143017084F8039030E0A06A00EB1521A2
:10CF80002046FFF7F9FE0646300027D1E8B204EB51
:10CF90004000B9B2383000F02DF984F803901DE05C
:10CFA000A06A00EBD5112046FFF7E6FE06463000EA
:10CFB00014D140F2FF1000EA8500217805193835B8
:10CFC000042905D02846FEF7BCFD67F31B00074681
:10CFD0002846394600F0E2F884F803903046BDE870
:10CFE000F08700002DE9F05F81460E46904673738E
:10CFF0000F20F07200203073002106F11A0000F0BB
:10D00000F9F8A8F1010000EB800101EBC005002454
:10D010002746DFF840B04FF6FF7A544503D0284644
:10D020006D1C39F810401BF807002146304400F011
:10D03000E1F804B954467F1C0D2FEED3544502D0BD
:10D0400039F8150008B948F0400886F80080BDE8B6
:10D05000F09F000084DB0008064801680648016074
:10D060000449091D09684160024908310968816065
:10D0700070470000107AFF1FB87300202DE9F047B9
:10D0800080460F469146D8F80040BA463E46022FE9
:10D0900002D3E069B84202D80220BDE8F087B9F1B6
:10D0A000000F0ED02078042803D198F8070002283A
:10D0B00007D04FF0FF3249462046FFF70FFF002808
:10D0C000EBD139464046FEF75FFB0546280034D0D9
:10D0D000012D1BD0681C1BD02078042806D000220C
:10D0E00039462046FFF7FAFE0028D6D1D4E90601DA
:10D0F000891E884205D2401CA061207940F00100C1
:10D100002071701CA84205D12E4612E00220C4E70F
:10D110000120C2E72078042809D1A6EB0A02521C9C
:10D12000002351462046FBF769FF0028B5D12E4663
:10D13000AA462F46E069B842C3D82078042817D100
:10D14000B9F1000F04D098F80700032804D00FE0CD
:10D15000002088F807000BE0D8F80800484507D8F9
:10D16000D8F818100844484502D3022088F8070070
:10D17000002092E770B506460C461546A9B204F1A8
:10D180001A0000F037F83078032806D1290C04F192
:10D190001400BDE8704000F02DB870BD0170090AA0
:10D1A0004170090A8170090AC17070470270120A41
:10D1B00042EA03621B0A4270120A42EA03621B0A35
:10D1C0008270120A42EA03621B0AC270120A42EA21
:10D1D00003621B0A0271120A42EA03621B0A4271CD
:10D1E000120A42EA03621B0A8271120A42EA0362CD
:10D1F000C27170470170090A417070472DE9F04112
:10D20000054628680669304600F023FC0146B01C3C
:10D21000FFF7F0FF77787F1C2846E96CFCF70DFEDE
:10D22000044615E0A96B2868FFF7A6FD04468CB9F3
:10D2300020223146E86BFEF738FF29680120C870CC
:10D240007F1E07D0203600212846FCF70DFC04463F
:10D25000002CE7D024B1012C02D00220BDE8F081DF
:10D260002046FBE7014600200B22430803EBC010D9
:10D2700011F8013B1844C0B2521EF6D170470000AD
:10D2800070B50446204600F03FF80546B5BB20784F
:10D2900003282CD12079012829D1420204F1380039
:10D2A00000210646FEF70AFF4AF6552104F2362011
:10D2B000FFF7A0FF12493046FFF770FF114904F550
:10D2C0000770FFF76BFF04F50870A169FFF766FFB1
:10D2D00004F509706169FFF761FF626A521C6263BD
:10D2E000607801233146FCF739FE002020710022CE
:10D2F00060781146FCF70AFE00B10125284670BD92
:10D3000052526141727241612DE9F0410446002799
:10D31000E07800281FD0666B04F1380160780123A3
:10D3200032468846FCF71AFE08B1012713E00020B8
:10D33000E070A06A216A301A88420CD2A57808E011
:10D34000206A06446078012332464146FCF706FE17
:10D350006D1E022DF4D23846BDE8F08138B50122A9
:10D3600021A12448FDF71EF9234C207040B102464C
:10D370001DA122A0F3F758F83320FAF74DFC38BD71
:10D38000024619A127A0F3F74FF8002213461948C7
:10D39000FCF7B9FF04212E48F6F71EF94FF480255B
:10D3A0006B462A462B491348FDF710FB20700421D9
:10D3B0002748F6F77FF9207810B90098A84202D0E4
:10D3C0003320FAF729FC0B48FCF776FF00222149AD
:10D3D0001046FCF79BFE10B13720FAF71DFC4920E0
:10D3E000FAF71AFC38BD00002F6C6570726F6D2E55
:10D3F00062696E003871002068000020426F6F740F
:10D400004C6F616465723A4F70656E2025732066BB
:10D4100061696C2C45434F44453D30782530325886
:10D42000480A0000426F6F744C6F616465723A4F36
:10D4300070656E202573207375636573732C454387
:10D440004F44453D307825303258480A00000000EE
:10D45000F8020020381D00202DE9F04F85B0044669
:10D460009AA003C8CDE901014FF4006899480490DF
:10D47000012221469848FDF795F8DFF8609289F877
:10D48000000010B13220FAF7C7FB00221346924881
:10D49000FCF739FF99F80020214691A0F2F7C4FF6C
:10D4A0008D480569994EEE203070FB207070082081
:10D4B000B0700420F0704FF0000A86F804A086F8DF
:10D4C00005A0280EB071280CF071280A3072757210
:10D4D0003320B0723A20F0722F21601CF3F718F954
:10D4E000074600244FF05C0B05E0385D2F2857D02D
:10D4F00031190873641C3846F3F738F9A042F4D8A0
:10D500003846F3F733F9814CFF262044067338463A
:10D51000F3F72CF92044FC2141733846F3F726F940
:10D52000204486733846F3F721F92044C67378A067
:10D53000F2F77AFF002441F28836641CE4B27349A2
:10D540000123802280390498F6F7D4F96F488021AE
:10D550008038F3F7C3F9A9F804A03846F3F706F9C1
:10D56000103081B26948FCF707FD6849334607224D
:10D5700080390498F6F7BEF90A20F3F7FFFF6348F5
:10D58000072201A98038FBF7B9FE01280CD00A2038
:10D59000F3F7F4FF0A2CD0D94520FAF73DFBCCE78E
:10D5A000301980F80CB0A5E7002400200390FBF7A9
:10D5B0002DFF002780E040F604015448F3F78EF970
:10D5C000DFF848B18BF80040E0438BF80100464695
:10D5D00007EB060AAA4500D9EE1B04215948F5F7C6
:10D5E000FBFF32465E466B46B11C3B48FDF7EEF949
:10D5F00089F8000004215348F6F75CF8B01C009944
:10D60000FBF7DCFE039099F8000010B13220FAF726
:10D6100003FB0021002040F60202335C194489B26A
:10D62000401C9042F9D3C843010A86F8021886F8D4
:10D630000308002608F1040B761CF6B2394642A016
:10D64000F2F7F2FE31490123802280390498F6F77F
:10D6500051F92E4880218038F3F740F91FFA8BF1F9
:10D660002A48FCF789FC294940F6B8330222803960
:10D670000498F6F73FF958B141A0F2F7D5FE6420BF
:10D68000F3F77CFF0A2ED7D94520FAF7C5FAD3E77E
:10D690001E4B601C803B02465978C043C0B2814299
:10D6A00004D01B789342C7D18142C5D1641CE4B237
:10D6B00039A0F2F7B9FE5746AF42FFF47CAF0648F7
:10D6C000FCF7FAFD039805B0BDE8F08FEEFB01FF13
:10D6D000FCFFFF0018040020986C00206800002068
:10D6E000426F6F746C6F616465723A4F70656E2043
:10D6F0002573207375636573732C45434F44453D13
:10D70000307825303258482E0A000000B85D0020DD
:10D71000426F6F746C6F616465722D3E75706461E9
:10D7200074654C63644170703A53656E6420646F35
:10D73000776E6C6F616420636F6D6D616E642E0A2D
:10D7400000000000F8020020426F6F746C6F61648B
:10D7500065722D3E7570646174654C6364417070D0
:10D760003A53656E642066696C6520626C6F636B0A
:10D7700020617420307825303858482C0000000093
:10D7800074696D656F7574206F7220696E76616C57
:10D79000696420534E210A006F6B210A00000000CB
:10D7A0002DE9F041ADF51E7D804642AC8AAF414681
:10D7B0003846FDF794F81D4D28702EE02146384676
:10D7C000FDF7CEF9287058BBA07E48B32E2824D090
:10D7D00004F11A064FF4807102A8F3F77FF82F23A3
:10D7E000424613A102A80096F2F72AFE207BC0064B
:10D7F00009D502A8FFF7D4FF287070B128780DF57D
:10D800001E7DBDE8F08102A90BA0F2F70DFE02A873
:10D81000FFF722FE296A0844286228780028CDD024
:10D820003846FCF75EFD2878E9E700006800002034
:10D830002573256325730000426F6F746C6F6164FC
:10D8400065723A637263204C63642066696C653A62
:10D8500025730A002DE9F8434FF00108012245A184
:10D860004748FCF79FFE474D287010B13120FAF76A
:10D87000D3F92A783FA144A0F2F7D6FD40484FF4EF
:10D8800070230021D0E904209A1A814102D2382065
:10D89000FAF7C2F9F3F71CFF4FF47A763046F3F744
:10D8A0006DFE454943480860F3F72AFB10B1352067
:10D8B000FAF7B2F93046F3F761FE404C4FF47021AD
:10D8C0002046FBF7D9FB3046F3F758FE3CA0F2F7B1
:10D8D000ABFD4648E8602C610027FBF797FD2EE082
:10D8E00004214348F5F778FE4FF480446B46224606
:10D8F0003E492348FDF76AF804213D48F5F7DAFE72
:10D900003A480099FBF75AFD07460098A860A042E4
:10D9100001D24FF0000800240AE0E86801592869A4
:10D920002044F3F771FB10B14320FAF775F9241D79
:10D93000A8688442F1D32869A96808442861B8F12D
:10D94000000FCDD12C692B4D04E0FF20FBF74EFDDD
:10D950000746641CAC42F8D3F3F772FE3046F3F787
:10D960000DFE25A0F2F760FD0548FCF7A5FC384642
:10D97000BDE8F8832F6C645F6D63752E62696E007D
:10D98000486A002068000020426F6F746C6F616409
:10D9900065723A4F70656E202573207375636573E9
:10D9A000732C45434F44453D307825303258482E3E
:10D9B0000A000000910001000C3C02400000010838
:10D9C000426F6F746C6F616465723A457261736522
:10D9D000206D6375206170706C69636174696F6E2E
:10D9E000207375636573732E0A000000381D0020D4
:10D9F000F8020020FFFF0F08426F6F746C6F6164C4
:10DA000065723A5772697465206D63752061707034
:10DA10002066696E6973682E0A00000070B50446BE
:10DA20000E460925002C0DD0206858B1017849B167
:10DA3000A188C288914205D14078FCF783FAC007DB
:10DA400000D100251DB100203060284670BD20683F
:10DA5000FAE730B504466078401C430100200146D7
:10DA60004FF400450EE0022903D0C20703D02A4636
:10DA700002E0032105E0002202EB5000625C10444A
:10DA800080B2491C9942EED330BD70B505460024E2
:10DA90004FF4004615E0FDF775FAE10701D0314675
:10DAA00000E0002101EB5401C2B2114489B2CA075F
:10DAB00001D0324600E0002202EB510101EB1020C0
:10DAC00084B235F8020B0028E5D1204670BD4FF036
:10DAD0004070E1EE100A70475171000809720008A9
:10DAE000C57100082172000855710008000000008F
:10DAF00000000000010203040607080900000000FE
:10DB000001020304809A45418E418F804545454975
:10DB100049498E8F9092924F994F555559999A9B9A
:10DB20009C9D9E9F41494F55A5A5A6A7A8A9AAAB14
:10DB3000ACADAEAFB0B1B2B3B4B5B6B7B8B9BABBAD
:10DB4000BCBDBEBFC0C1C2C3C4C5C6C7C8C9CACB9D
:10DB5000CCCDCECFD0D1D2D3D4D5D6D7D8D9DADB8D
:10DB6000DCDDDEDFE0E1E2E3E4E5E6E7E8E9EAEB7D
:10DB7000ECEDEEEFF0F1F2F3F4F5F6F7F8F9FAFB6D
:10DB8000FCFDFEFF01030507090E10121416181CF8
:10DB90001E00C700FC00E900E200E400E000E50030
:10DBA000E700EA00EB00E800EF00EE00EC00C40044
:10DBB000C500C900E600C600F400F600F200FB0054
:10DBC000F900FF00D600DC00A200A300A500A720FA
:10DBD0009201E100ED00F300FA00F100D100AA008B
:10DBE000BA00BF001023AC00BD00BC00A100AB0018
:10DBF000BB009125922593250225242561256225C8
:10DC0000562555256325512557255D255C255B2522
:10DC10001025142534252C251C2500253C255E25A2
:10DC20005F255A25542569256625602550256C25D4
:10DC300067256825642565255925582552255325CE
:10DC40006B256A2518250C25882584258C2590258B
:10DC50008025B103DF009303C003A303C303B50012
:10DC6000C403A6039803A903B4031E22C603B50385
:10DC700029226122B1006522642220232123F7009A
:10DC80004822B0001922B7001A227F20B200A02536
:10DC9000A00061001A03E0001703F8000703FF006B
:10DCA0000100780100013001320106013901100143
:10DCB0004A012E017901060180014D0043028101D4
:10DCC0008201820184018401860187018701890123
:10DCD0008A018B018B018D018E018F0190019101D1
:10DCE000910193019401F601960197019801980121
:10DCF0003D029B019C019D0120029F01A001A0010A
:10DD0000A201A201A401A401A601A701A701A901E2
:10DD1000AA01AB01AC01AC01AE01AF01AF01B10191
:10DD2000B201B301B301B501B501B701B801B80142
:10DD3000BA01BB01BC01BC01BE01F701C001C101B8
:10DD4000C201C301C401C501C401C701C801C701A3
:10DD5000CA01CB01CA01CD011001DD0101008E0114
:10DD6000DE011201F3010300F101F401F401F801F5
:10DD70002801220212013A020900652C3B023B02F3
:10DD80003D02662C3F0240024102410246020A0166
:10DD90005302400081018601550289018A0158021F
:10DDA0008F015A0290015C025D025E025F029301E4
:10DDB00061026202940164026502660267029701D1
:10DDC00096016A02622C6C026D026E029C01700266
:10DDD00071029D01730274029F017602770278023C
:10DDE00079027A027B027C02642C7E027F02A60109
:10DDF00081028202A9018402850286028702AE01A5
:10DE00004402B101B20145028D028E028F029002DE
:10DE10009102B7017B030300FD03FE03FF03AC0384
:10DE200004008603880389038A03B1031103C20334
:10DE30000200A303A303C4030803CC0303008C0361
:10DE40008E038F03D8031801F2030A00F903F303CA
:10DE5000F403F503F603F703F703F903FA03FA03F0
:10DE60003004200350041007600422018A043601A4
:10DE7000C1040E01CF040100C004D00444016105B7
:10DE8000260400007D1D0100632C001E9601A01ECB
:10DE90005A01001F0806101F0606201F0806301F23
:10DEA0000806401F0606511F0700591F521F5B1F1F
:10DEB000541F5D1F561F5F1F601F0806701F0E0056
:10DEC000BA1FBB1FC81FC91FCA1FCB1FDA1FDB1F0A
:10DED000F81FF91FEA1FEB1FFA1FFB1F801F080620
:10DEE000901F0806A01F0806B01F0400B81FB91F26
:10DEF000B21FBC1FCC1F0100C31FD01F0206E01FB2
:10DF00000206E51F0100EC1FF21F0100FC1F4E215D
:10DF10000100322170211002842101008321D024CC
:10DF20001A05302C2F04602C0201672C0601752C79
:10DF30000201802C6401002D260841FF1A03000015
:10DF400000002110422063308440A550C660E77075
:10DF5000088129914AA16BB18CC1ADD1CEE1EFF11D
:10DF60003112100273325222B5529442F772D662C5
:10DF7000399318837BB35AA3BDD39CC3FFF3DEE36D
:10DF80006224433420040114E664C774A444855415
:10DF90006AA54BB528850995EEE5CFF5ACC58DD5BD
:10DFA0005336722611163006D776F6669556B44665
:10DFB0005BB77AA719973887DFF7FEE79DD7BCC70D
:10DFC000C448E5588668A7784008611802282338B5
:10DFD000CCC9EDD98EE9AFF9488969990AA92BB95D
:10DFE000F55AD44AB77A966A711A500A333A122A05
:10DFF000FDDBDCCBBFFB9EEB799B588B3BBB1AABAD
:10E00000A66C877CE44CC55C222C033C600C411C54
:10E01000AEED8FFDECCDCDDD2AAD0BBD688D499DFC
:10E02000977EB66ED55EF44E133E322E511E700EA4
:10E030009FFFBEEFDDDFFCCF1BBF3AAF599F788F4C
:10E040008891A981CAB1EBA10CD12DC14EF16FE12C
:10E050008010A100C230E320045025404670676064
:10E06000B9839893FBA3DAB33DC31CD37FE35EF37C
:10E07000B1029012F322D2323542145277625672B4
:10E08000EAB5CBA5A89589856EF54FE52CD50DC5CC
:10E09000E234C324A0148104667447642454054404
:10E0A000DBA7FAB79987B8975FE77EF71DC73CD71C
:10E0B000D326F2369106B016576676761546345654
:10E0C0004CD96DC90EF92FE9C899E9898AB9ABA96C
:10E0D0004458654806782768C018E1088238A328A4
:10E0E0007DCB5CDB3FEB1EFBF98BD89BBBAB9ABBBC
:10E0F000754A545A376A167AF10AD01AB32A923AF4
:10E100002EFD0FED6CDD4DCDAABD8BADE89DC98D0B
:10E11000267C076C645C454CA23C832CE01CC10C43
:10E120001FEF3EFF5DCF7CDF9BAFBABFD98FF89F5B
:10E13000176E367E554E745E932EB23ED10EF01E93
:10E1400000000000963007772C610EEEBA51099955
:10E1500019C46D078FF46A7035A563E9A395649EB1
:10E160003288DB0EA4B8DC791EE9D5E088D9D297D5
:10E170002B4CB609BD7CB17E072DB8E7911DBF9031
:10E180006410B71DF220B06A4871B9F3DE41BE8455
:10E190007DD4DA1AEBE4DD6D51B5D4F4C785D383B1
:10E1A00056986C13C0A86B647AF962FDECC9658A55
:10E1B0004F5C0114D96C0663633D0FFAF50D088DB1
:10E1C000C8206E3B5E10694CE44160D5727167A255
:10E1D000D1E4033C47D4044BFD850DD26BB50AA5B1
:10E1E000FAA8B5356C98B242D6C9BBDB40F9BCACD5
:10E1F000E36CD832755CDF45CF0DD6DC593DD1AB31
:10E20000AC30D9263A00DE518051D7C81661D0BF54
:10E21000B5F4B42123C4B3569995BACF0FA5BDB8B0
:10E220009EB802280888055FB2D90CC624E90BB154
:10E23000877C6F2F114C6858AB1D61C13D2D66B6B0
:10E240009041DC760671DB01BC20D2982A10D5EF14
:10E250008985B1711FB5B606A5E4BF9F33D4B8E870
:10E26000A2C9077834F9000F8EA8099618980EE114
:10E27000BB0D6A7F2D3D6D08976C6491015C63E670
:10E28000F4516B6B62616C1CD83065854E0062F294
:10E29000ED95066C7BA5011BC1F4088257C40FF5F0
:10E2A000C6D9B06550E9B712EAB8BE8B7C88B9FC14
:10E2B000DF1DDD62492DDA15F37CD38C654CD4FB70
:10E2C0005861B24DCE51B53A7400BCA3E230BBD414
:10E2D00041A5DF4AD795D83D6DC4D1A4FBF4D6D370
:10E2E0006AE96943FCD96E34468867ADD0B860DA14
:10E2F000732D0444E51D03335F4C0AAAC97C0DDD70
:10E300003C710550AA41022710100BBE86200CC993
:10E3100025B56857B3856F2009D466B99FE461CEEF
:10E320000EF9DE5E98C9D9292298D0B0B4A8D7C713
:10E33000173DB359810DB42E3B5CBDB7AD6CBAC06F
:10E340002083B8EDB6B3BF9A0CE2B6039AD2B1748B
:10E350003947D5EAAF77D29D1526DB048316DC73E7
:10E36000120B63E3843B64943E6A6D0DA85A6A7A8B
:10E370000BCF0EE49DFF099327AE000AB19E077DE7
:10E3800044930FF0D2A3088768F2011EFEC206690B
:10E390005D5762F7CB67658071366C19E7066B6E67
:10E3A000761BD4FEE02BD3895A7ADA10CC4ADD678B
:10E3B0006FDFB9F9F9EFBE8E43BEB717D58EB060E7
:10E3C000E8A3D6D67E93D1A1C4C2D83852F2DF4F8B
:10E3D000F167BBD16757BCA6DD06B53F4B36B248E7
:10E3E000DA2B0DD84C1B0AAFF64A0336607A04418B
:10E3F000C3EF60DF55DF67A8EF8E6E3179BE6946E7
:10E400008CB361CB1A8366BCA0D26F2536E268520A
:10E4100095770CCC03470BBBB91602222F26055566
:10E42000BE3BBAC5280BBDB2925AB42B046AB35C8A
:10E43000A7FFD7C231CFD0B58B9ED92C1DAEDE5BE6
:10E44000B0C2649B26F263EC9CA36A750A936D02CA
:10E45000A906099C3F360EEB856707721357000526
:10E46000824ABF95147AB8E2AE2BB17B381BB60C4A
:10E470009B8ED2920DBED5E5B7EFDC7C21DFDB0BA6
:10E48000D4D2D38642E2D4F1F8B3DD686E83DA1FCA
:10E49000CD16BE815B26B9F6E177B06F7747B71826
:10E4A000E65A0888706A0FFFCA3B06665C0B0111CA
:10E4B000FF9E658F69AE62F8D3FF6B6145CF6C1626
:10E4C00078E20AA0EED20DD75483044EC2B30339CA
:10E4D000612667A7F71660D04D476949DB776E3E26
:10E4E0004A6AD1AEDC5AD6D9660BDF40F03BD8374A
:10E4F00053AEBCA9C59EBBDE7FCFB247E9FFB530A6
:10E500001CF2BDBD8AC2BACA3093B353A6A3B424C9
:10E510000536D0BA9306D7CD2957DE54BF67D92325
:10E520002E7A66B3B84A61C4021B685D942B6F2AC9
:10E5300037BE0BB4A18E0CC31BDF055A8DEF022D25
:10E540003031323334353637383941424344454629
:10E550004030580030313233343536373839616223
:10E560006364656640307800040000080000000025
:10E570000000000200010000100000004D534300A5
:10E58000426F6F746C6F616465723A557064617448
:10E5900065206C636420617070206E657720637203
:10E5A000633332207375636573732C7761697420EC
:10E5B000363073206C636420757067726164652007
:10E5C000646F6E650A00000004FE00080000002071
:10E5D000F8000000C4010008FCFE0008F80000205C
:10E5E00030A30000E001000800000000000000006F
:10E5F000000000000000000000000000000000001B
:10E60000000000000000000000000000000000000A
:10E6100000000000000000000000000000000000FA
:10E6200000000000000000000000000000000000EA
:10E6300000000000000000000000000000000000DA
:10E6400000000000000000000000000000000000CA
:10E6500000000000000000000000000000000000BA
:10E6600000000000000000000000000000000000AA
:10E67000000000000000000000000000000000009A
:10E68000000000000000000000000000000000008A
:10E69000000000000000000000000000000000007A
:10E6A000000000000000000000000000000000006A
:10E6B000000000000000000000000000000000005A
:10E6C000000000000000000000000000000000004A
:10E6D000000000000000000000000000000000003A
:10E6E000000000000000000000000000000000002A
:10E6F000000000000000000000000000000000001A
:10E700000000000000000000000000000000000009
:10E7100000000000000000000000000000000000F9
:10E7200000000000000000000000000000000000E9
:10E7300000000000000000000000000000000000D9
:10E7400000000000000000000000000000000000C9
:10E7500000000000000000000000000000000000B9
:10E7600000000000000000000000000000000000A9
:10E770000000000000000000000000000000000099
:10E780000000000000000000000000000000000089
:10E790000000000000000000000000000000000079
:10E7A0000000000000000000000000000000000069
:10E7B0000000000000000000000000000000000059
:10E7C0000000000000000000000000000000000049
:10E7D0000000000000000000000000000000000039
:10E7E0000000000000000000000000000000000029
:10E7F0000000000000000000000000000000000019
:10E800000000000000000000000000000000000008
:10E8100000000000000000000000000000000000F8
:10E8200000000000000000000000000000000000E8
:10E8300000000000000000000000000000000000D8
:10E8400000000000000000000000000000000000C8
:10E8500000000000000000000000000000000000B8
:10E8600000000000000000000000000000000000A8
:10E870000000000000000000000000000000000098
:10E880000000000000000000000000000000000088
:10E890000000000000000000000000000000000078
:10E8A0000000000000000000000000000000000068
:10E8B0000000000000000000000000000000000058
:10E8C0000000000000000000000000000000000048
:10E8D0000000000000000000000000000000000038
:10E8E0000000000000000000000000000000000028
:10E8F0000000000000000000000000000000000018
:10E900000000000000000000000000000000000007
:10E9100000000000000000000000000000000000F7
:10E9200000000000000000000000000000000000E7
:10E9300000000000000000000000000000000000D7
:10E9400000000000000000000000000000000000C7
:10E9500000000000000000000000000000000000B7
:10E9600000000000000000000000000000000000A7
:10E970000000000000000000000000000000000097
:10E980000000000000000000000000000000000087
:10E990000000000000000000000000000000000077
:10E9A0000000000000000000000000000000000067
:10E9B0000000000000000000000000000000000057
:10E9C0000000000000000000000000000000000047
:10E9D0000000000000000000000000000000000037
:10E9E0000000000000000000000000000000000027
:10E9F0000000000000000000000000000000000017
:10EA00000000000000000000000000000000000006
:10EA100000000000000000000000000000000000F6
:10EA200000000000000000000000000000000000E6
:10EA300000000000000000000000000000000000D6
:10EA400000000000000000000000000000000000C6
:10EA500000000000000000000000000000000000B6
:10EA600000000000000000000000000000000000A6
:10EA70000000000000000000000000000000000096
:10EA80000000000000000000000000000000000086
:10EA90000000000000000000000000000000000076
:10EAA0000000000000000000000000000000000066
:10EAB0000000000000000000000000000000000056
:10EAC0000000000000000000000000000000000046
:10EAD0000000000000000000000000000000000036
:10EAE0000000000000000000000000000000000026
:10EAF0000000000000000000000000000000000016
:10EB00000000000000000000000000000000000005
:10EB100000000000000000000000000000000000F5
:10EB200000000000000000000000000000000000E5
:10EB300000000000000000000000000000000000D5
:10EB400000000000000000000000000000000000C5
:10EB500000000000000000000000000000000000B5
:10EB600000000000000000000000000000000000A5
:10EB70000000000000000000000000000000000095
:10EB80000000000000000000000000000000000085
:10EB90000000000000000000000000000000000075
:10EBA0000000000000000000000000000000000065
:10EBB0000000000000000000000000000000000055
:10EBC0000000000000000000000000000000000045
:10EBD0000000000000000000000000000000000035
:10EBE0000000000000000000000000000000000025
:10EBF0000000000000000000000000000000000015
:10EC00000000000000000000000000000000000004
:10EC100000000000000000000000000000000000F4
:10EC200000000000000000000000000000000000E4
:10EC300000000000000000000000000000000000D4
:10EC400000000000000000000000000000000000C4
:10EC500000000000000000000000000000000000B4
:10EC600000000000000000000000000000000000A4
:10EC70000000000000000000000000000000000094
:10EC80000000000000000000000000000000000084
:10EC90000000000000000000000000000000000074
:10ECA0000000000000000000000000000000000064
:10ECB0000000000000000000000000000000000054
:10ECC0000000000000000000000000000000000044
:10ECD0000000000000000000000000000000000034
:10ECE0000000000000000000000000000000000024
:10ECF0000000000000000000000000000000000014
:10ED00000000000000000000000000000000000003
:10ED100000000000000000000000000000000000F3
:10ED200000000000000000000000000000000000E3
:10ED300000000000000000000000000000000000D3
:10ED400000000000000000000000000000000000C3
:10ED500000000000000000000000000000000000B3
:10ED600000000000000000000000000000000000A3
:10ED70000000000000000000000000000000000093
:10ED80000000000000000000000000000000000083
:10ED90000000000000000000000000000000000073
:10EDA0000000000000000000000000000000000063
:10EDB0000000000000000000000000000000000053
:10EDC0000000000000000000000000000000000043
:10EDD0000000000000000000000000000000000033
:10EDE0000000000000000000000000000000000023
:10EDF0000000000000000000000000000000000013
:10EE00000000000000000000000000000000000002
:10EE100000000000000000000000000000000000F2
:10EE200000000000000000000000000000000000E2
:10EE300000000000000000000000000000000000D2
:10EE400000000000000000000000000000000000C2
:10EE500000000000000000000000000000000000B2
:10EE600000000000000000000000000000000000A2
:10EE70000000000000000000000000000000000092
:10EE80000000000000000000000000000000000082
:10EE90000000000000000000000000000000000072
:10EEA0000000000000000000000000000000000062
:10EEB0000000000000000000000000000000000052
:10EEC0000000000000000000000000000000000042
:10EED0000000000000000000000000000000000032
:10EEE0000000000000000000000000000000000022
:10EEF0000000000000000000000000000000000012
:10EF00000000000000000000000000000000000001
:10EF100000000000000000000000000000000000F1
:10EF200000000000000000000000000000000000E1
:10EF300000000000000000000000000000000000D1
:10EF400000000000000000000000000000000000C1
:10EF500000000000000000000000000000000000B1
:10EF600000000000000000000000000000000000A1
:10EF70000000000000000000000000000000000091
:10EF80000000000000000000000000000000000081
:10EF90000000000000000000000000000000000071
:10EFA0000000000000000000000000000000000061
:10EFB0000000000000000000000000000000000051
:10EFC0000000000000000000000000000000000041
:10EFD0000000000000000000000000000000000031
:10EFE0000000000000000000000000000000000021
:10EFF0000000000000000000000000000000000011
:10F000000000000000000000000000000000000000
:10F0100000000000000000000000000000000000F0
:10F0200000000000000000000000000000000000E0
:10F0300000000000000000000000000000000000D0
:10F0400000000000000000000000000000000000C0
:10F0500000000000000000000000000000000000B0
:10F0600000000000000000000000000000000000A0
:10F070000000000000000000000000000000000090
:10F080000000000000000000000000000000000080
:10F090000000000000000000000000000000000070
:10F0A0000000000000000000000000000000000060
:10F0B0000000000000000000000000000000000050
:10F0C0000000000000000000000000000000000040
:10F0D0000000000000000000000000000000000030
:10F0E0000000000000000000000000000000000020
:10F0F0000000000000000000000000000000000010
:10F1000000000000000000000000000000000000FF
:10F1100000000000000000000000000000000000EF
:10F1200000000000000000000000000000000000DF
:10F1300000000000000000000000000000000000CF
:10F1400000000000000000000000000000000000BF
:10F1500000000000000000000000000000000000AF
:10F16000000000000000000000000000000000009F
:10F17000000000000000000000000000000000008F
:10F18000000000000000000000000000000000007F
:10F19000000000000000000000000000000000006F
:10F1A000000000000000000000000000000000005F
:10F1B000000000000000000000000000000000004F
:10F1C000000000000000000000000000000000003F
:10F1D000000000000000000000000000000000002F
:10F1E000000000000000000000000000000000001F
:10F1F000000000000000000000000000000000000F
:10F2000000000000000000000000000000000000FE
:10F2100000000000000000000000000000000000EE
:10F2200000000000000000000000000000000000DE
:10F2300000000000000000000000000000000000CE
:10F2400000000000000000000000000000000000BE
:10F2500000000000000000000000000000000000AE
:10F26000000000000000000000000000000000009E
:10F27000000000000000000000000000000000008E
:10F28000000000000000000000000000000000007E
:10F29000000000000000000000000000000000006E
:10F2A000000000000000000000000000000000005E
:10F2B000000000000000000000000000000000004E
:10F2C000000000000000000000000000000000003E
:10F2D000000000000000000000000000000000002E
:10F2E000000000000000000000000000000000001E
:10F2F000000000000000000000000000000000000E
:10F3000000000000000000000000000000000000FD
:10F3100000000000000000000000000000000000ED
:10F3200000000000000000000000000000000000DD
:10F3300000000000000000000000000000000000CD
:10F3400000000000000000000000000000000000BD
:10F3500000000000000000000000000000000000AD
:10F36000000000000000000000000000000000009D
:10F37000000000000000000000000000000000008D
:10F38000000000000000000000000000000000007D
:10F39000000000000000000000000000000000006D
:10F3A000000000000000000000000000000000005D
:10F3B000000000000000000000000000000000004D
:10F3C000000000000000000000000000000000003D
:10F3D000000000000000000000000000000000002D
:10F3E000000000000000000000000000000000001D
:10F3F000000000000000000000000000000000000D
:10F4000000000000000000000000000000000000FC
:10F4100000000000000000000000000000000000EC
:10F4200000000000000000000000000000000000DC
:10F4300000000000000000000000000000000000CC
:10F4400000000000000000000000000000000000BC
:10F4500000000000000000000000000000000000AC
:10F46000000000000000000000000000000000009C
:10F47000000000000000000000000000000000008C
:10F48000000000000000000000000000000000007C
:10F49000000000000000000000000000000000006C
:10F4A000000000000000000000000000000000005C
:10F4B000000000000000000000000000000000004C
:10F4C000000000000000000000000000000000003C
:10F4D000000000000000000000000000000000002C
:10F4E000000000000000000000000000000000001C
:10F4F000000000000000000000000000000000000C
:10F5000000000000000000000000000000000000FB
:10F5100000000000000000000000000000000000EB
:10F5200000000000000000000000000000000000DB
:10F5300000000000000000000000000000000000CB
:10F5400000000000000000000000000000000000BB
:10F5500000000000000000000000000000000000AB
:10F56000000000000000000000000000000000009B
:10F57000000000000000000000000000000000008B
:10F58000000000000000000000000000000000007B
:10F59000000000000000000000000000000000006B
:10F5A000000000000000000000000000000000005B
:10F5B000000000000000000000000000000000004B
:10F5C000000000000000000000000000000000003B
:10F5D000000000000000000000000000000000002B
:10F5E000000000000000000000000000000000001B
:10F5F000000000000000000000000000000000000B
:10F6000000000000000000000000000000000000FA
:10F6100000000000000000000000000000000000EA
:10F6200000000000000000000000000000000000DA
:10F6300000000000000000000000000000000000CA
:10F6400000000000000000000000000000000000BA
:10F6500000000000000000000000000000000000AA
:10F66000000000000000000000000000000000009A
:10F67000000000000000000000000000000000008A
:10F68000000000000000000000000000000000007A
:10F69000000000000000000000000000000000006A
:10F6A000000000000000000000000000000000005A
:10F6B000000000000000000000000000000000004A
:10F6C000000000000000000000000000000000003A
:10F6D000000000000000000000000000000000002A
:10F6E000000000000000000000000000000000001A
:10F6F000000000000000000000000000000000000A
:10F7000000000000000000000000000000000000F9
:10F7100000000000000000000000000000000000E9
:10F7200000000000000000000000000000000000D9
:10F7300000000000000000000000000000000000C9
:10F7400000000000000000000000000000000000B9
:10F7500000000000000000000000000000000000A9
:10F760000000000000000000000000000000000099
:10F770000000000000000000000000000000000089
:10F780000000000000000000000000000000000079
:10F790000000000000000000000000000000000069
:10F7A0000000000000000000000000000000000059
:10F7B0000000000000000000000000000000000049
:10F7C0000000000000000000000000000000000039
:10F7D0000000000000000000000000000000000029
:10F7E0000000000000000000000000000000000019
:10F7F0000000000000000000000000000000000009
:10F8000000000000000000000000000000000000F8
:10F8100000000000000000000000000000000000E8
:10F8200000000000000000000000000000000000D8
:10F8300000000000000000000000000000000000C8
:10F8400000000000000000000000000000000000B8
:10F8500000000000000000000000000000000000A8
:10F860000000000000000000000000000000000098
:10F870000000000000000000000000000000000088
:10F880000000000000000000000000000000000078
:10F890000000000000000000000000000000000068
:10F8A0000000000000000000000000000000000058
:10F8B0000000000000000000000000000000000048
:10F8C0000000000000000000000000000000000038
:10F8D0000000000000000000000000000000000028
:10F8E0000000000000000000000000000000000018
:10F8F0000000000000000000000000000000000008
:10F9000000000000000000000000000000000000F7
:10F9100000000000000000000000000000000000E7
:10F9200000000000000000000000000000000000D7
:10F9300000000000000000000000000000000000C7
:10F9400000000000000000000000000000000000B7
:10F9500000000000000000000000000000000000A7
:10F960000000000000000000000000000000000097
:10F970000000000000000000000000000000000087
:10F980000000000000000000000000000000000077
:10F990000000000000000000000000000000000067
:10F9A0000000000000000000000000000000000057
:10F9B0000000000000000000000000000000000047
:10F9C0000000000000000000000000000000000037
:10F9D0000000000000000000000000000000000027
:10F9E0000000000000000000000000000000000017
:10F9F0000000000000000000000000000000000007
:10FA000000000000000000000000000000000000F6
:10FA100000000000000000000000000000000000E6
:10FA200000000000000000000000000000000000D6
:10FA300000000000000000000000000000000000C6
:10FA400000000000000000000000000000000000B6
:10FA500000000000000000000000000000000000A6
:10FA60000000000000000000000000000000000096
:10FA70000000000000000000000000000000000086
:10FA80000000000000000000000000000000000076
:10FA90000000000000000000000000000000000066
:10FAA0000000000000000000000000000000000056
:10FAB0000000000000000000000000000000000046
:10FAC0000000000000000000000000000000000036
:10FAD0000000000000000000000000000000000026
:10FAE0000000000000000000000000000000000016
:10FAF0000000000000000000000000000000000006
:10FB000000000000000000000000000000000000F5
:10FB100000000000000000000000000000000000E5
:10FB200000000000000000000000000000000000D5
:10FB300000000000000000000000000000000000C5
:10FB400000000000000000000000000000000000B5
:10FB500000000000000000000000000000000000A5
:10FB60000000000000000000000000000000000095
:10FB70000000000000000000000000000000000085
:10FB80000000000000000000000000000000000075
:10FB90000000000000000000000000000000000065
:10FBA0000000000000000000000000000000000055
:10FBB0000000000000000000000000000000000045
:10FBC0000000000000000000000000000000000035
:10FBD0000000000000000000000000000000000025
:10FBE0000000000000000000000000000000000015
:10FBF0000000000000000000000000000000000005
:10FC000000000000000000000000000000000000F4
:10FC100000000000000000000000000000000000E4
:10FC200000000000000000000000000000000000D4
:10FC300000000000000000000000000000000000C4
:10FC400000000000000000000000000000000000B4
:10FC500000000000000000000000000000000000A4
:10FC60000000000000000000000000000000000094
:10FC70000000000000000000000000000000000084
:10FC80000000000000000000000000000000000074
:10FC90000000000000000000000000000000000064
:10FCA0000000000000000000000000000000000054
:10FCB0000000000000000000000000000000000044
:10FCC0000000000000000000000000000000000034
:10FCD0000000000000000000000000000000000024
:10FCE0000000000000000000000000000000000014
:10FCF0000000000000000000000000000000000004
:10FD000000000000000000000000000000000000F3
:10FD100000000000000000000000000000000000E3
:10FD200000000000000000000000000000000000D3
:10FD300000000000000000000000000000000000C3
:10FD400000000000000000000000000000000000B3
:10FD500000000000000000000000000000000000A3
:10FD60000000000000000000000000000000000093
:10FD70000000000000000000000000000000000083
:10FD80000000000000000000000000000000000073
:10FD90000000000000000000000000000000000063
:10FDA0000000000000000000000000000000000053
:10FDB0000000000000000000000000000000000043
:10FDC0000000000000000000000000000000000033
:10FDD0000000000000000000000000000000000023
:10FDE0000000000000000000000000000000000013
:10FDF0000000000000000000000000000000000003
:10FE0000323200000000000000000000000000008E
:10FE100000000000000000000000000000000000E2
:10FE200000000000010000000000000000000000D1
:10FE300000000000010000001000000000000000B1
:10FE40000024F40000000000000000007CE5000831
:10FE5000080000006D6100082161000829600008A9
:10FE60007D620008776A00080000000000000000C2
:10FE70000000000000000000000000000000010879
:10FE80000000000000000000000000000000000072
:10FE90000000000000000000000000000000000062
:10FEA00000000000EE04FFFCFFFFEE55FFFCFFFF2B
:10FEB00061787263656B676479687473756E717766
:10FEC000706A627669666F6D7A6CEEABBAAABB3601
:10FED0003FFFFCFFFFEE07355A53A5FFFCFFFF0075
:10FEE0000000000000000000000000000000000012
:0CFEF00000000000000000000000000006
:040000050800018965
:00000001FF
