:020000040800F2
:1000000028A400204D0200081F4C0008CF42000821
:100010001D4C0008810D0008D97B0008000000007D
:10002000000000000000000000000000F94D000882
:10003000110E0008000000002D4C0008FB4D0008C8
:1000400067020008670200086702000867020008EC
:1000500067020008670200086702000867020008DC
:1000600067020008670200086702000867020008CC
:1000700067020008670200086702000867020008BC
:1000800067020008670200086702000867020008AC
:10009000670200086702000867020008670200089C
:1000A000670200086702000867020008670200088C
:1000B000670200086702000867020008670200087C
:1000C000670200086702000867020008670200086C
:1000D000670200086702000867020008670200085C
:1000E000670200086702000867020008670200084C
:1000F000B14E0008670200086702000867020008A6
:10010000670200086702000867020008670200082B
:100110006702000867020008A54E00086702000891
:10012000670200086702000867020008670200080B
:1001300067020008670200086702000867020008FB
:10014000670200086702000867020008214C0008E7
:1001500067020008670200086702000867020008DB
:1001600067020008670200086702000867020008CB
:10017000670200086702000867020008000000002C
:10018000670200086702000800F002F800F04EF86D
:100190000AA090E8000C82448344AAF10107DA45E2
:1001A00001D100F043F8AFF2090EBAE80F0013F0E6
:1001B000010F18BFFB1A43F00103184700E40000C9
:1001C00020E40000103A24BF78C878C1FAD852075A
:1001D00024BF30C830C144BF04680C6070470000C1
:1001E0000023002400250026103A28BF78C1FBD840
:1001F000520728BF30C148BF0B607047642900F028
:100200008381782900F0BC81632900F0648473291C
:1002100000F06984002070471FB50DF052FC9DE886
:10022000030000F0A1FB1FBD10B510BD00F09BFC4A
:100230001146FFF7F1FF0BF0F5FE00F0B9FC03B437
:10024000FFF7F2FF03BC07F0DFFC0000094880471E
:1002500009480047FEE7FEE7FEE7FEE7FEE7FEE7A8
:10026000FEE7FEE7FEE7FEE704480549054A064BC0
:1002700070470000954E000889010008287400208E
:1002800028A400202894002028940020704770B5EE
:10029000064600F04DFB056806F10B0020F0070450
:1002A000B4429CBF002070BD2B466A68BAB110688A
:1002B000A04210D304F1080188423CBF5068586046
:1002C00007D35168101941601168091B016058601B
:1002D0001460101D70BD13465268002AE7D12146F4
:1002E000284600F02DFB0028DED170BD70B5044615
:1002F000051F00F01DFB0068002C14BF446870BD92
:10030000002C18BFAC423CBF20466468F8D301689B
:100310000A18AA4218BF456003D12A68054611444D
:10032000016028684119A1421CBF6C6070BD616802
:10033000696021680844286070BD53EA020C00F02F
:1003400069802DE9F04B4FF00006002B1FBFB3FA78
:1003500083F503FA05F424FA05F65E4012BF16434E
:10036000B2FA82F502FA05F4C5F120051EBF22FAA1
:1003700005FC44EA0C04203556EA044C4FEA1444C8
:1003800018BF641C4FF000084FF00009904271EB59
:10039000030C39D3002919BFB1FA81F701FA07F626
:1003A000B0FA80F700FA07F6C7F120071EBF20FA5F
:1003B00007FC46EA0C062037B6FBF4FCA7EB050762
:1003C000103F07F01F0BCBF120060CFA0BFB2CFAA9
:1003D00006F644BFB3460026202FA4BF5E464FF06A
:1003E000000B5BEA060C08BF4FF0010B19EB0B0981
:1003F000ABFB027C48EB0608C01B06FB02CC0BFBE8
:1004000003CC71EB0C01C1E70B460246414648465E
:10041000BDE8F08B13B54FF000004FF00001AFF3D3
:100420000080BDE81C4070470FB4044910B503AA12
:10043000029800F05DFB10BC5DF814FBF400002096
:100440000FB41CB5074B06AA7B446946009005987B
:1004500000F01FFB0020694600F02EFB1CBC5DF87D
:1004600014FB00006D06000070B504468569006845
:10047000C10601D5302600E02026C00707D070BD98
:10048000D4E9012130469047206A401C20626D1E4D
:10049000F6D570BD70B5044685690078C00707D1F0
:1004A00070BDD4E9012120209047206A401C2062C1
:1004B0006D1EF6D570BD70B50C460546012A05D0F7
:1004C0002878800600D5EA69002302E0012305E0D0
:1004D0005B1C934202D2E05C0028F9D1A869E618BF
:1004E000C01AA861286A184428622846FFF7BCFF92
:1004F00004E0D5E9012114F8010B9047B442F8D388
:100500002846FFF7C7FF70BD2DE9F04106460024DD
:1005100010687529314616A510D0AFF30080002869
:1005200002DA404213A507E031688A0701D512A517
:1005300002E0490704D511A5012401E0AFF30080D2
:1005400000210A2206F1240709E0B0FBF2FCB0FB0F
:10055000F2F302FB1C00303078541846491C002886
:10056000F3D123462A463046BDE8F04100F032BAC6
:10057000000000002D0000002B0000002000000003
:1005800070B504460D4621461068AFF300802188FF
:10059000090502D50F4A7A4402E00E4A7A440E3227
:1005A000002104F1240305E000F00F060009965D28
:1005B0005E54491C0028F7D120780023000704D599
:1005C000702D02D009B1022311322046BDE87040DF
:1005D00000F000BA9ADF00002DE9F05F894604467A
:1005E0004FF0000ADFF824B1FB44C0F820A02046F9
:1005F000E168884700287DD0252806D0D4E901216C
:100600009047206A401C2062F1E700255F462046A3
:10061000E16888472028064607DB312E05D2B81945
:1006200010F8200C08B10543F1E7A80701D525F023
:100630000405C4F81CA00027C4F818A02A2E09D06D
:10064000304607F0DAFA38B304EB8708303EC8F8D2
:10065000186019E059F8041B204604EB87029161E9
:10066000E1688847012F064618D1E069002820DAA2
:1006700025F020051DE0D8F8180000EB800006EBFF
:1006800040003038C8F818002046E1688847064620
:1006900007F0B3FA0028EED1012F0AD02E2E08D190
:1006A0002046E16888477F1C0646022F45F020055A
:1006B000C4DBA069002803DA404245F00105A061CF
:1006C000E80701D025F01005A6B1A6F141001928D0
:1006D00002D8203645F400654A463146204625605A
:1006E0004D46FFF78BFD60B1012807D0ED1D25F0C9
:1006F000070000E007E000F1080978E705F10409C8
:1007000075E730467AE7206ABDE8F09F70DF0000A9
:10071000401ECAB210F8011F8A4202D00029F9D146
:100720000020704740EA0103024630B59B0710D114
:100730004FF0013400E008C208C91D1B9D4315EAB3
:10074000C41FF8D013F0FF0102F8011B0DD01B0AE3
:10075000F8E711F8013B002B02F8013B05D011F836
:10076000013B002B02F8013BF3D130BD10B5431C17
:1007700002E010F8011B71B18107FAD14FF001328C
:1007800002C88C1A8C4314EAC211F9D0C01A0A06A6
:1007900003D0C01E10BDC01A10BD0A0401D0801EB7
:1007A00010BD0902FCD0401E10BD032A40F230806B
:1007B00010F0030C00F0158011F8013BBCF1020FA2
:1007C000624498BF11F801CB00F8013B38BF11F823
:1007D000013BA2F1040298BF00F801CB38BF00F83A
:1007E000013B11F0030300F02580083AC0F00880B7
:1007F00051F8043B083A51F804CBA0E80810F5E79B
:10080000121D5CBF51F8043B40F8043BAFF300807D
:10081000D20724BF11F8013B11F801CB48BF11F8F2
:10082000012B24BF00F8013B00F801CB48BF00F8C2
:10083000012B704710B5203AC0F00B80B1E818507A
:10084000203AA0E81850B1E81850A0E81850BFF4BA
:10085000F5AF5FEA027C24BFB1E81850A0E8185059
:1008600044BF18C918C0BDE810405FEA827C24BFAD
:1008700051F8043B40F8043B08BF7047D20728BF3B
:1008800031F8023B48BF11F8012B28BF20F8023B8A
:1008900048BF00F8012B70474FF000020429C0F058
:1008A000128010F0030C00F01B80CCF1040CBCF1A2
:1008B000020F18BF00F8012BA8BF20F8022BA1EBF4
:1008C0000C0100F00DB85FEAC17C24BF00F8012BD9
:1008D00000F8012B48BF00F8012B70474FF00002D1
:1008E00000B5134694469646203922BFA0E80C5026
:1008F000A0E80C50B1F12001BFF4F7AF090728BF01
:10090000A0E80C5048BF0CC05DF804EB890028BF7C
:1009100040F8042B08BF704748BF20F8022B11F0A5
:10092000804F18BF00F8012B704770477047704721
:1009300000487047CC73002070477047704770477D
:1009400038B504460A4600206946AFF30080002807
:1009500008BF38BD02460099204600F0DFF80120AC
:1009600038BD012000F0F8B8F8B5AFF300800546B7
:1009700000200C46102000BF0646A819A0420DD941
:10098000324669460020AFF30080070008BF00F040
:10099000E3F80098A04218BF0546C419FFF7C8FF46
:1009A00005600746F01D20F007004619284600F0B4
:1009B0000AF8B44208BFF8BDA21B31463868BDE84A
:1009C000F84000F0ABB800210160C0E901107047A9
:1009D000102070472DE9F0470D469946924604468F
:1009E00000F124080168880604D5E06921F01001AF
:1009F000216000E00120A84201DD471B00E0002744
:100A0000A1697A1902EB0900081AA0612078C006D2
:100A100002D42046FFF728FD002608E0D4E9012192
:100A20001AF806009047206A401C761C20624E454A
:100A3000F4DB2078C0060AD52046FFF715FD06E056
:100A4000D4E9012130209047206A401C2062381EE2
:100A5000A7F10107F4DC07E0D4E9012118F805004B
:100A60009047206A401C2062281EA5F10105F3DC96
:100A70002046FFF70FFD2078000602D50220BDE8D2
:100A8000F0870120FBE7000001694A1C0261087839
:100A9000704700B58FB0CDE90131002105910549BE
:100AA0007944CDE9031011466846FFF795FD0FB074
:100AB00000BD0000E5FFFFFF0A6802F8010B0A60B5
:100AC000704710B5436913B1AFF3008001E0FFF741
:100AD000F2FC012010BD127800F124010A700022FE
:100AE0004A700122EDE711684FF0FF32E9E700009C
:100AF000074B70B50D467B44FFF7CBFF04462846F5
:100B000000F026F810B14FF0FF3070BD204670BDE8
:100B10005BAA000000487047C47300200346406889
:100B20008C46002818BF88423CBF03464068F8D373
:100B300018681844884207D00CF1030020F0070021
:100B4000001D411A521A0146081D0A60FFF7CEBB6C
:100B5000007B00F08000704710B500F037F8BDE86A
:100B6000104000F02EB87546FFF7D4FFAE460500E2
:100B70006946534620F00700854618B020B5FFF7B8
:100B800073FBBDE820404FF000064FF000074FF028
:100B900000084FF0000B21F00701AC46ACE8C0099B
:100BA000ACE8C009ACE8C009ACE8C0098D467047A4
:100BB00010B50446AFF300802046BDE81040FFF7B3
:100BC0003EBB002801D007F01FB8704710B50128C0
:100BD00005D0002103A000F021F8012010BD09A1DB
:100BE000F8E7000053494752544D454D3A204F75A0
:100BF00074206F662068656170206D656D6F727915
:100C0000000000003A2048656170206D656D6F72CC
:100C10007920636F727275707465640070B50546F3
:100C20000C460A2000E06D1C06F0EFFF35B1287875
:100C30000028F8D102E0641C06F0E7FF14B1207828
:100C40000028F8D1BDE870400A2006F0DEBF0000A1
:100C50004A494A6822F440324A604A6843681A4363
:100C60004A6001684A6822F480724A6001684A68F2
:100C7000036942EA03224A6001684A6822F040722E
:100C80004A6001684A6883681A434A6001688A6852
:100C900022F400628A6001688A68C3681A438A6025
:100CA000816A6FF07062D14214D001688A6822F0C4
:100CB00070628A6001688A68836A1A438A60016880
:100CC0008A6822F040528A6001688A68C36A1A43BF
:100CD0008A6009E001688A6822F070628A600168AF
:100CE0008A6822F040528A6001688A6822F0020213
:100CF0008A6001688A68037E42EA43028A6090F84B
:100D0000201089B101684A6842F400624A600168B3
:100D10004A6822F460424A6001684B68426A521E87
:100D200043EA42324A6004E001684A6822F4006201
:100D30004A600168CA6A22F47002CA620168CB6A1A
:100D4000828B521E43EA0252CA6201688A6822F408
:100D500000728A6001688A6890F8303042EA432263
:100D60008A6001688A6822F480628A6001688A6801
:100D7000406942EA802088607047000000230140FB
:100D8000FEE700000A4601464FF6FF73014802F0F5
:100D90000ABE00001804002070B50446002000229E
:100DA00004EB8001C1F88423401C1028F8D30020F4
:100DB0004FF40075211881F81C21401CA842F9D37A
:100DC000227062700120A070C4F8C42320764021F4
:100DD000A171627684F81C2384F81D0384F81F2314
:100DE00084F81E23010204F11C00FFF777FD294659
:100DF00004F58E70FFF772FD122104F22630FFF722
:100E00004BFD3E2104F54E70FFF768FD002070BDDC
:100E1000704772B6FEE70022AFF3008030B504469B
:100E200001200D4B5D7A002D14D1587A1D54587A4B
:100E300003EB800044605C7A03F108002254587A86
:100E4000421C5A72303008703A2048702F20887047
:100E5000CD70002030BD0000281D00200022002998
:100E600005D001291AD002291BD04FF440720E4937
:100E70000B6823F440730B600B6813430B600A6824
:100E800022F078020A600A68022303EBC0000243E2
:100E90000A60086840F48030086070474FF4807240
:100EA000E5E74FF40072E2E7103C024013480168A6
:100EB00089050FD5016821F400710160016841F4D2
:100EC00000610160016821F400610160016841F482
:100ED00000710160016849050FD5016821F4806146
:100EE0000160016841F480510160016821F4805182
:100EF0000160016841F4806101607047003C02407C
:100F000010B50E4800F022F80D4C20600D4800F09E
:100F10001DF82168401A401C60600B4A00231360D2
:100F20009160D0600220106104F10801104600F0C9
:100F300037FB08B1012010BD002010BD00000108E2
:100F4000DC000020FBFF0F08A473002001460020F6
:100F5000A1F100624FF480439A4204D32048084430
:100F6000984201D2012070471E480844984201D29D
:100F7000022070471C480844984201D20320704761
:100F80001A480844B0F5803F01D204207047184841
:100F90004FF400320844904201D2052070471548B2
:100FA0000844904201D206207047134808449042FA
:100FB00001D20720704711480844904201D208200E
:100FC00070470F480844904201D2092070470D48ED
:100FD0000844904201D20A2070470B20704700005D
:100FE00000C0FFF70080FFF70040FFF70000FFF7A9
:100FF0000000FEF70000FCF70000FAF70000F8F729
:101000000000F6F70000F4F710B50A4607498842D9
:1010100007D801460023022000F01CFB18B1012074
:1010200010BD012010BD002010BD0000FBFF0F0807
:1010300008490A6822F440720A600A6842F0040211
:101040000A600A684FF4803343EA002002430A60D2
:1010500070470000103C0240064A136823F44073B6
:10106000136013681360136843F001031360017089
:1010700070470000103C024010B509490C6824F488
:1010800040740C600C6844F440740C600C6844F0CC
:1010900001040C600260BFF36F8F436010BD00005D
:1010A000103C0240074A136823F44073136013682E
:1010B00043F480731360136843F0010313600180ED
:1010C00070470000103C0240074A136823F4407345
:1010D0001360136843F400731360136843F0010353
:1010E0001360016070470000103C02401749086817
:1010F000C206174805D5C26942F01002C26110222B
:101100000A600A68920605D5C26942F00802C26107
:1011100020220A600A68520605D5C26942F004021C
:10112000C26140220A600A68120605D5C26942F00F
:101130000202C26180220A600A68920705D5C2696C
:1011400042F02002C2610220086070470C3C02405D
:101150001000002070B5044611490020C86100F05D
:10116000C3FB05460F4E09E0601C07D024B100F018
:10117000BBFB401BA04201D9032070BD3068C003F7
:10118000F2D43068C00701D001203060306810F020
:10119000F20F03D0FFF7AAFF012070BD002070BD41
:1011A000100000200C3C024078B50024009490F818
:1011B0003C20012A19D0012280F83C200A6807252A
:1011C000092A14D90368DE680A3A02EB4202954004
:1011D000AE43DE600A788B680A3A02EB4202934023
:1011E0000268D5682B43D36011E0022078BD036804
:1011F0001E6902EB42029540AE431E610A788B687D
:1012000002EB42029340026815692B4313614A685E
:101210001F25072A13D203685E6B521E02EB82025F
:101220009540AE435E630A8893B20A79521E02EB80
:10123000820293400268556B2B43536328E00D2ACA
:1012400013D203681E6BD21F02EB82029540AE439D
:101250001E630A8893B20A79D21F02EB820293407E
:101260000268156B2B43136312E00368DE6A0D3AC4
:1012700002EB82029540AE43DE620A8893B20A799D
:101280000D3A02EB820293400268D56A2B43D36287
:10129000174A184B05689D4206D10D68122D03D1DF
:1012A000556845F48005556005689D421BD10B6863
:1012B000102B01D0112B16D1536843F40003536057
:1012C000096810290FD10C490C4A0968B1FBF2F1E9
:1012D00001EB81014900009102E00099491E009153
:1012E00000990029F9D180F83C40002078BD000029
:1012F00000230140002001403C00002040420F003C
:1013000070B504460026002C03D0206C002510B1D7
:1013100007E0012070BD204600F01CF8656484F8E9
:101320003C50206CC00610D4206C20F4885040F053
:10133000020020642046FFF78BFC6564206C20F0DF
:10134000020040F00100206400E0012684F83C50D7
:10135000304670BD30B587B00446142102A8FFF7AF
:10136000BDFA1949206888422CD100241748016829
:1013700041F480710160006800F4807001901348AE
:101380001438016841F004010160016801F00401B2
:101390000191016841F001010160006800F0010065
:1013A00001900F20029003250395049402A9084898
:1013B00000F0A4F98F2002900395049402A9054837
:1013C00000F09CF907B030BD0020014044380240D5
:1013D000000802400000024010B50446002C02D074
:1013E000607910B106E0012010BD00202071204678
:1013F00000F004F801206071002010BD08B50068FD
:101400000649884208D10648016841F480510160CC
:10141000006800F48050009008BD000000300240D9
:1014200030380240704770B5002820D0F9B14379B8
:10143000012B1ED0012646710223037103681D682B
:1014400002F0100240F6FE749440A543D1E9004139
:101450000C4394402C431C6001680B68C0249440EA
:10146000A3430B60067100214171084670BD012045
:1014700070BD022070BD70472DE9F0410446206820
:101480000568466BA9044FF0040710D5B1040ED5CA
:101490002771216941F001012161F902416320684E
:1014A000016821F4805101602046FFF7E4FFA800A5
:1014B00014D5B00012D52771206940F002002061D8
:1014C00021684FF0005048632068016821F0805186
:1014D00001602046BDE8F041FFF7A4BFBDE8F08100
:1014E00070B50446002C03D02079002510B105E02A
:1014F000012070BD6571204600F008F802202071BF
:10150000256101202071002070BD000010B586B05B
:101510000446142101A8FFF7E1F915492068884223
:1015200024D100211348026842F000520260006892
:1015300000F0005000900F481038026842F001029D
:101540000260006800F0010000903020019003204C
:101550000290039101A9084800F0D0F800220F2161
:10156000362000F0C7FD362000F0B6FD06B010BDF5
:1015700000740040403802400000024070B504464C
:1015800000F0B2F90546601C02D00448007804441B
:1015900000F0AAF9401BA042FAD370BD3000002031
:1015A0002DE9F04704460E46DFF88C8098F81800C5
:1015B00001280BD0012088F818004CF25039484619
:1015C000FFF7C8FD0246100003D02FE00220BDE85F
:1015D000F0874FF0FF3030602068184F012801D0AD
:1015E000A5681CE0207C6168FFF722FD4846FFF7F4
:1015F000B1FD0246386820F00400386014E0217C18
:101600002846FFF72BFC4846FFF7A4FD0246386842
:1016100020F07A0038600AB1356005E06D1CD4E92D
:1016200002100844A842EAD8FFF740FC002088F8DE
:1016300018001046CBE7000010000020103C0240CC
:101640000348016841F0004101600020704700003C
:10165000103C02402DE9F0470646894614461D46D7
:10166000194F387E012808D0012038764CF25038C6
:101670004046FFF76FFD18B114E00220BDE8F08787
:101680009EB1012E16D0022E19D022462B46484676
:10169000FFF7F2FC4046FFF75DFD0C490A6822F0B7
:1016A00001020A6000213976E8E7E1B24846FFF717
:1016B000D3FCEFE7A1B24846FFF7F4FCEAE7214686
:1016C0004846FFF701FDE5E710000020103C02400E
:1016D000002007490A68002A09DA054A054B0C3A36
:1016E0001360054B13600968002900DA0120704778
:1016F000103C024023016745AB89EFCD2DE9F84F3F
:101700000022DFF89C914FF0010803274FF00F0CE7
:1017100009F1040AA9F1040B08FA02F50B682B4041
:10172000AB426ED10C7904F00304012C01D0022CE1
:1017300015D18668540007FA04FE26EA0E06D1F891
:101740000CE00EFA04FE4EEA060EC0F808E044680B
:10175000AC430D79C5F300159540254345600C79E0
:10176000E443A40708D0C568540007FA04F6B5435B
:101770008E68A6402E43C6600C7904F00304022C48
:1017800011D1D40800EB8406356A5407E40E0CFA34
:1017900004FE25EA0E05D1F810E00EFA04FE4EEA2A
:1017A000050EC6F820E00568540007FA04F6B543B4
:1017B0000E7906F00306A6402E4306604C6814F42A
:1017C000403F67D0374C256845F480452560246844
:1017D00004F480440094344C22F003052E19D6F80A
:1017E000085894074FEA147E0CFA0EF4A5432F4CC8
:1017F000A04201D1002424E02D4CA04202D10124BA
:101800001FE047E02B4CA04201D1022419E02A4CF2
:10181000A04201D1032414E0284CA04201D10424A9
:101820000FE0274CA04201D105240AE0254CA0423C
:1018300001D1062405E0244CA04201D1072400E098
:10184000082404FA0EF42C43C6F80848D9F80040DE
:101850009C434D68ED0200D51C43C9F80040DAF8FE
:1018600000409C434D68AD0200D51C43CAF80040BF
:10187000DBF800409C434D68AD0300D51C43CBF81A
:101880000040074D083D2C689C434E68F60300D588
:101890001C432C60521C102AFFF43EAFBDE8F88FA9
:1018A000083C014044380240003001400000024042
:1018B0000004024000080240000C024000100240F8
:1018C0000014024000180240001C02400069084257
:1018D00001D00120704700207047002A01D08161AB
:1018E00070470904816170470148806870470000B3
:1018F00030000020D0F8DC0304F062B9D0F8DC033B
:1019000004F067B9006805F094BD006805F095BD66
:10191000C1EB011100EB8100002200F81A2F427088
:10192000C272827200207047C1EB011100EB81008E
:1019300090F84C007047C1EB011100EB8100806B07
:1019400070472DE9FF4F83B00546DDE91078129E00
:101950008A46934695F8D40301281CD0012385F8C4
:10196000D433CAEB0A1005EB80044FF0000984F869
:1019700019900698207584F815A084F826800BF03D
:101980007F00A07551462846FFF7C2FF5FEA0B6053
:1019900005D5E37505E0022007B0BDE8F08F84F8B7
:1019A0001790286805F049FDB8F1010F05D1012F06
:1019B00003D110B9BC2E00D9BC262776B0B2208541
:1019C000CDE90078029028685A465146069B05F0FA
:1019D000BBFD85F8D493DFE770472DE9F003DDE91F
:1019E000078C069F099DC1EB011400EB8404E2758E
:1019F00084F826300226002F0AD084F82A600025B9
:101A000063B1012B4FD0022B27D0032B4DD137E0F0
:101A10004FF0030984F82A906576F0E7012F44D14E
:101A20001AB1A27E012A0FD03FE0BCF1000F02D113
:101A3000012284F83D2094F83D2012B184F82A60F8
:101A400033E084F82A5030E094F83C2012B184F856
:101A50002A602AE084F82A5027E02AB194F83C2032
:101A60005AB184F82A6020E094F83D2012B184F83D
:101A70002A601AE084F82A5017E084F82A5014E00B
:101A80002AB194F83C205AB184F82A600DE094F809
:101A90003D2012B184F82A6007E084F82A5004E05F
:101AA00084F82A5001E084F82A50C4F82C80C4F845
:101AB00034C084F84C50A563617584F84D50827928
:101AC00004F114010068BDE8F00305F0D7BD2DE96D
:101AD000F04104462068064605F0B7FC012876D19F
:101AE000206805F0AFFF002871D0206805F0AAFF3C
:101AF000800203D521684FF400104861206805F08A
:101B0000A1FFC00203D521684FF48010486120680E
:101B100005F098FF400103D521684FF080604861CF
:101B2000206805F08FFF800702D5216802204861F8
:101B3000206805F087FF800018D521684FF000501D
:101B40004861D6F84004C00710D11021304605F096
:101B50004EFC304605F02BFC607A022803D10121AF
:101B6000206805F049FF2046FFF7C8FE206805F011
:101B700069FFC00102D5204602F016FB206805F07F
:101B800061FF000705D5204600F0D3F82168082042
:101B90004861206805F056FF800125D5206805F0D2
:101BA00069FD074600254FF0010816E005F00F011A
:101BB00008FA01F038420FD006EB4510D0F80005C6
:101BC000000405D5E9B2204601F044FF04E01EE020
:101BD000E9B2204602F04BF96D1C6079A842E5D8C5
:101BE00021684FF000704861206805F02BFFC0436A
:101BF000C0060CD42068816921F010018161204663
:101C000002F022FB2068816941F010018161BDE88A
:101C1000F081F8B50446002C05D0256894F8D5036A
:101C2000002610B106E00120F8BD84F8D4632046F8
:101C300000F032F8032084F8D503B5F1A04F00D1AD
:101C4000A671206805F07AFB207C8DF8000094E8EE
:101C50000F0005F005FB022518B184F8D5530120CB
:101C6000F8BD0121206805F02AFF18B184F8D5538A
:101C70000120F8BD207C8DF8000094E80F0005F0ED
:101C800045FE18B184F8D5530120F8BD012084F831
:101C9000D5030020F8BD000010B586B0044614211D
:101CA00001A8FEF71BFE2068B0F1A04F2FD1002144
:101CB0001848026842F001020260006800F001006A
:101CC00000904FF4C0500190022002900391032035
:101CD00004900A20059001A90F48FFF70FFD0D4859
:101CE000001D016841F0800101600A48143001685C
:101CF00041F480410160006800F4804000900022BF
:101D00001146432000F0F6F9432000F0E5F906B053
:101D100010BD00003038024000000240D0F8DC0363
:101D200003F0E1BFD0F8DC0303F0E4BF006805F086
:101D3000ACBED0F8DC0303F098BF10B5044694F8AD
:101D4000D40301280DD0012084F8D4030121206898
:101D500005F00AFB206805F024FB002084F8D4037A
:101D600010BD022010BD10B5044694F8D40301281C
:101D700009D0012084F8D403206805F0D0FE0020AB
:101D800084F8D40310BD022010BD000070B50446D5
:101D9000002C04D094F83D00002510B106E001208D
:101DA00070BD84F83C50204600F0BCF8242084F834
:101DB0003D002068016821F0010101602068016890
:101DC00041F4004101602068016821F40041016094
:101DD00000F08CFA4F4B6168994203D84E49884213
:101DE00003D304E04D49884201D2012070BD4C4923
:101DF000B0FBF1F12268566826F03F060E435660AC
:101E000062689A4201D8491C07E04FF49672514328
:101E10004FF47A72B1FBF2F1491C2268166A26F07F
:101E20003F06314311626168994210D84900401E53
:101E3000B0FBF1F2521CC2F30B02042A01D20420BF
:101E400022E0B0FBF1F0401CC0F30B001CE0A268E4
:101E5000F2B301EBC10303EB0116431EB3FBF6F330
:101E60005B1C43F480431B0549D092B301EBC102D4
:101E700002EB0111401EB0FBF1F0401CC0F30B005F
:101E800040F4804040F400402168CA694CF6FF737A
:101E90009A431043C861D4E90710014320680268DF
:101EA00022F0C00211430160D4E90301014320681C
:101EB000826848F2FF339A4311438160D4E90510E8
:101EC00001432068C26822F0FF021143C16001E0B3
:101ED0000EE016E02068016841F001010160256410
:101EE000202084F83D00256384F83E50002070BD1A
:101EF00001EB4106431EB3FBF6F35B1CB3E7012085
:101F0000C2E701EB4101401EB0FBF1F0401CC0F301
:101F10000B00B7E7A086010080841E0000093D0089
:101F200040420F0010B586B00446142101A8FEF708
:101F3000D5FC14492068884221D10021124802684A
:101F400042F002020260006800F0020000904FF4CC
:101F5000406001901220029003910320049004201D
:101F6000059001A90948FFF7C9FB0748103001682F
:101F700041F480010160006800F48000009006B028
:101F800010BD0000005800403038024000040240FC
:101F90000248816802781144816070473000002057
:101FA00010B50B48016841F400710160016841F40B
:101FB00080610160016841F480710160032000F0DC
:101FC000B9F80F2000F006F800F050F8002010BD1E
:101FD000003C024030B587B0054600241E48016829
:101FE00041F080010160006800F08000009001A9CC
:101FF00002A800F057F90598A8B100F077F9400061
:102000001649B0FBF1F1491E1648154A026040F22C
:10201000E732C260416004618460846100F052FF75
:1020200004461CB115E000F061F9E9E70D4800F045
:10203000E9FF04466CB92C2000F04EF8102D07D2B1
:10204000002229462C2000F055F80748056000E0E2
:10205000012407B0204630BD4038024040420F0006
:10206000001C0040380500203400002008B50A4854
:10207000016841F480410160006800F480400090F4
:102080000548001F016841F080510160006800F0C0
:102090008050009008BD000044380240002809DB51
:1020A00000F01F02012191404009800000F1E02072
:1020B000C0F88012704700280DDB00F01F020121DC
:1020C00091404009800000F1E020C0F88011BFF38A
:1020D0004F8FBFF36F8F7047002809DB00F01F029E
:1020E000012191404009800000F1E020C0F800117A
:1020F00070470000F0B40D460D4B1B68C3F302237C
:10210000C3F10704042C00D90424191D072901D2A6
:10211000002300E0DB1E012606FA04F1491E2940D7
:1021200099409E40761E16403143F0BC05F055BDE7
:102130000CED00E000F00701054A10684FF6FF03C0
:10214000184040EA0120034908431060704700002E
:102150000CED00E00000FA052DE9F04704460D46BD
:10216000002C13D0DFF82891D9F80000EFB200F06E
:102170000700A8420CD289F80070D9F8000000F0DE
:102180000700A84204D00120BDE8F0870120FBE74A
:102190002068404E810712D5400703D5306840F4CF
:1021A000E05030602078000703D5306840F460408C
:1021B00030603068A16820F0F0000843306020787B
:1021C000C00731D0334960680839012808D0022897
:1021D0000BD0032809D0096889070BD40120D3E765
:1021E0000968890306D40120CEE70968890101D472
:1021F0000120C9E7316821F0030101433160FFF795
:1022000073FB804641F2883A07E0FFF76DFBA0EBD5
:102210000800504501D90320B6E73068616800F036
:102220000C00B0EB810FF0D1D9F8000000F00700EE
:10223000A84209D989F80070D9F8000000F0070019
:10224000A84201D001209FE72078400705D53068DB
:10225000E16820F4E050084330602078000706D59C
:102260003068216920F4604040EAC100306000F02D
:102270005DF83168084AC1F30311515CC840074951
:10228000086007480068FFF7A5FE00207CE7000013
:10229000003C024008380240E0DA00083C00002020
:1022A000340000200F2202600B4A136803F003037E
:1022B0004360136803F0F0038360136803F4E05392
:1022C000C360126802F46042D208026103480068E9
:1022D00000F007000860704708380240003C0240E8
:1022E00001480068704700003C00002000B5FFF77F
:1022F000F7FF04490968044AC1F38221515CC840D0
:1023000000BD000008380240F0DA000800B5FFF711
:10231000E7FF04490968044AC1F34231515CC840EF
:1023200000BD000008380240F0DA000810B5174878
:10233000006810F00C01164816D0164B042912D074
:10234000082911D1114C241F216801F03F02216896
:1023500049020AD52068C0F38810A0FB03010023BE
:10236000FDF7EBFF09E0184610BD21680023C1F31B
:102370008811A1FB0001FDF7E0FF2168C1F30141D5
:10238000491C4900B0FBF1F010BD000008380240C4
:102390000024F40040787D012DE9F84F0446002C1C
:1023A00013D02078DFF8A083C007A8F1040556D029
:1023B00008F104000168C1F3810101290CD0006813
:1023C000C0F38100022803D00DE00120BDE8F88FA2
:1023D000D8F80000400206D5286880033FD5606821
:1023E00070BB0120F2E76068B0F5803F10D0B0F517
:1023F000A02F12D0286820F480302860286820F4AC
:10240000802028606068E0B1FFF76EFA064614E0AD
:10241000286840F480302860F4E7286840F4802081
:102420002860286840F480302860EBE7FFF75CFA0A
:10243000801B642801D90320C8E728688003F5D5EC
:102440000DE0FFF751FA064606E0FFF74DFA801B54
:10245000642801D90320B9E728688003F5D42078DF
:10246000BA4F80074FF0000948D5B748001D0168F2
:1024700011F00C0F08D00068C0F38100022813D1BE
:10248000D8F8000040020FD42868800704D5E0681F
:10249000012801D0012099E72868216920F0F8007F
:1024A00040EAC100286029E0E068B8B10120386046
:1024B000FFF71AFA064606E0FFF716FA801B022815
:1024C00001D9032082E728688007F5D528682169AB
:1024D00020F0F80040EAC10028600FE0C7F8009043
:1024E000FFF702FA064606E0FFF7FEF9801B022816
:1024F00001D903206AE728688007F5D4207800070F
:1025000029D5DFF844A2924861690AF1700A89B1BD
:1025100001210160FFF7E8F9064606E0FFF7E4F95C
:10252000801B022801D9032050E7DAF80000800759
:10253000F4D510E0C0F80090FFF7D6F9064606E0A3
:10254000FFF7D2F9801B022801D903203EE7DAF811
:1025500000008007F4D42078400778D54FF0000AB7
:1025600079483C300068C0000BD477483C300168A3
:1025700041F080510160006800F0805000904FF001
:10258000010ADFF8D0B1DBF80000C00514D4DBF895
:10259000000040F48070CBF80000FFF7A5F9064674
:1025A00006E0FFF7A1F9801B022801D903200DE7FF
:1025B000DBF80000C005F4D5634EA0686C36012836
:1025C0000FD0052812D0306820F00100306030684C
:1025D00020F004003060A068F8B1FFF785F9834669
:1025E00017E0306840F001003060F4E7306840F0F8
:1025F00004003060306840F001003060EBE7FFF726
:1026000073F9A0EB0B0141F28830814201D903201C
:10261000DCE630688007F2D510E0FFF765F9834605
:1026200009E0FFF761F9A0EB0B0141F2883081422C
:1026300001D90320CAE630688007F2D4BAF1010F4D
:1026400005D141483C30016821F080510160A0690A
:10265000C0B33D49091D09684FF0FF36C1F3810140
:10266000022946D0022805D0C7F86090FFF73CF950
:1026700004463AE0C7F86090FFF736F9814607E074
:10268000FFF732F9A0EB0900022801D903209DE6EB
:1026900028688001F4D4D4E907010843616AA26A7A
:1026A000890106EB520241EA0241084394F82C10DA
:1026B00040EA0160C8F8000001203866FFF714F90D
:1026C000044607E03DE0FFF70FF9001B022801D99F
:1026D00003207BE628688001F5D532E0FFF704F996
:1026E000001B022801D9032070E628688001F5D478
:1026F00027E0012823D0D8F80000E26900F4800127
:1027000091421AD1226A00F03F01914215D147F659
:10271000C071626A0140B1EB821F0ED1A26A00F45F
:10272000403106EB5202B1EB024F06D194F82C1067
:1027300000F07060B0EB016F03D0012046E601208D
:1027400044E6002042E60000043802400000474210
:10275000800E47420070004070B50446002C03D044
:102760006079002510B105E0012070BD257120467B
:1027700000F00CF8022060712068016841F004014B
:10278000016001206071A560002070BD08B500687F
:102790000649884208D10648016841F040010160BD
:1027A000006800F04000009008BD000000080650DE
:1027B0003438024070B50446002C09D0606A002508
:1027C00040B125616561A56294F8510040B10CE00B
:1027D000012070BD6068B0F5827FF4D0E561F2E75A
:1027E00084F85050204600F045F8022084F851004B
:1027F0002068016821F040010160A088218900F46F
:10280000827001F404410843A18901F40061084386
:10281000217C01F002010843217D01F00101084300
:10282000218B01F400710843217F01F03801084336
:1028300094F8201001F080010843218D01F400512B
:10284000084321680860A069042101EA104094F857
:10285000241001F010010843216848602068C16914
:1028600021F40061C1616565012084F851000020F8
:1028700070BD0000F0B587B00446142102A8FEF731
:102880002DF82E4A2C4F21682C4B103A022401209F
:1028900003252B4EB94226D1196841F480411960B5
:1028A000196801F480410191116841F00201116041
:1028B000116801F00201019129030291039404902F
:1028C00005950527069702A93046FEF717FFA803CE
:1028D0000290039404940595069702A93046FEF7EA
:1028E0000DFF07B0F0BD174FB942FAD1196841F496
:1028F00000411960196801F400410191116841F02B
:1029000002011160116801F0020101910821029198
:102910000394049005950627069702A93046FEF712
:10292000EDFE30200290039404940595069702A9C9
:102930003046FEF7E3FED4E700380040403802405E
:1029400000040240003C00402DE9F84F04468A464E
:1029500091461D4694F85100012802D00220BDE89E
:10296000F88FBAF1000F08D0B9F1000F05D06068F8
:102970000427B0F5827F02D003E00120EFE7A068D2
:10298000F0B1FEF7B1FF064694F85000012821D0BF
:102990004FF0010884F8508084F851700027676573
:1029A000C4F838A0A4F83C90A4F83E902763A7860A
:1029B000E78627646764A068B0F5004F0CD015E087
:1029C00084F851704B46524651462046009500F01F
:1029D00032F9C4E70220C2E72068016821F0400113
:1029E00001602068016821F480410160206801686D
:1029F000490603D4016841F040010160E068B0B1CC
:102A000035E020688168C90709D0007BA16B087098
:102A1000A06B401CA063E08F401EE08707E0FEF73C
:102A200063FF801BA84201D3681C04D11DB1E08F55
:102A30000028E6D11EE084F8518084F8507003200D
:102A40008DE720688168C90709D0C068A16B08803C
:102A5000A06B801CA063E08F401EE08707E0FEF7BC
:102A600043FF801BA84201D3681C13D195B1E08FAE
:102A70000028E6D132462946204602F0D8F808B1AF
:102A80002020606584F8518084F85070606D38B102
:102A9000012064E784F8518084F8507003205EE7D9
:102AA00000205CE72DE9F84F04468A4617461D468C
:102AB000FEF71AFF064694F85100012802D00220C2
:102AC000BDE8F88FBAF1000F23D0380021D094F878
:102AD000500001281FD04FF0010984F850900320C6
:102AE00084F851004FF00008C4F85480C4F830A0B6
:102AF000A786E786C4F83880A4F83C80A4F83E8016
:102B0000C4F84480C4F84080A068B0F5004F04D0F9
:102B10000DE00120D4E70220D2E72068016821F00F
:102B2000400101602068016841F480410160206833
:102B30000168490603D4016841F040010160E06882
:102B4000B0F5006F04D0606888B3012F30D050E03A
:102B5000606808B1012F20D1206B21680088C8600F
:102B6000206B801C2063E08E401EE08615E020680C
:102B70008168890709D5216B0988C160206B801C99
:102B80002063E08E401EE08607E0FEF7ADFE801B6E
:102B9000A84201D3681C04D11DB1E08E0028E6D103
:102BA0002AE084F8519084F85080032088E7FFE7FA
:102BB000206B216800780873206B401C2063E08E36
:102BC000401EE08615E020688168890709D5216BE1
:102BD00009780173206B401C2063E08E401EE08664
:102BE00007E0FEF781FE801BA84201D3681C0ED1CE
:102BF0006DB1E08E0028E6D132462946204602F02B
:102C00005DF808B120206065A06830B109E084F863
:102C1000519084F85080032052E72068C168806892
:102C2000009084F8519084F85080606D08B10120C4
:102C300046E7002044E72DE9FF4F81B004460E9E91
:102C400093461F460125FEF74FFE804694F851003B
:102C5000616801280AD0B1F5827F03D1A16809B962
:102C6000042803D0022005B0BDE8F08F0298A0B37D
:102C7000BBF1000F32D0380030D094F8500001285A
:102C80002ED04FF0010A84F850A094F85100042887
:102C900002D0052084F851004FF00009C4F8549088
:102CA000C4F838B0E787A78702982063E786A7862D
:102CB000C4F84090C4F8449020680168490603D4E1
:102CC000016841F040010160E068B0F5006F09D093
:102CD0006068F0B3012F4DD082E0FFE70120C2E72A
:102CE0000220C0E7606808B1012F3CD1206B216849
:102CF0000088C860206B801C2063E08E401EE08648
:102D000031E02068816889070DD5E18E59B1012D28
:102D100009D1216B0988C160206B801C2063E08E83
:102D2000401EE086002520688168C9070BD0E18F2E
:102D300049B1C068A16B0880A06B801CA063E08FC4
:102D4000401EE0870125FEF7CFFDA0EB0800B04252
:102D500000E00FE007D3701C05D084F851A084F880
:102D6000509003207FE7E08E0028CAD1E08F002832
:102D7000C7D13BE0206B216800780873206B401CB2
:102D80002063E08E401EE0862AE020688168890783
:102D90000DD5E18E59B1012D09D1216B097801734F
:102DA000206B401C2063E08E401EE08600252068DA
:102DB0008168C9070BD0E18F49B1C068A16B087069
:102DC000A06B401CA063E08F401EE0870125FEF74A
:102DD0008BFDA0EB0800B04201D3701C12D18EB164
:102DE000E08E0028D1D1E08F0028CED14246314676
:102DF000204601F063FF58B12020606584F85090B0
:102E0000012030E784F851A084F8509003202AE78D
:102E1000A06818B92068C1688068009084F851A043
:102E200084F85090606D08B101201CE700201AE77B
:102E30007047704770B590F83C20012A31D00126C8
:102E400080F83C60022280F83D2002685468936854
:102E500024F070050C682C435460134C0268A242A5
:102E600014D0B2F1804F11D0104CA2420ED0104CB1
:102E7000A2420BD00F4CA24208D00F4CA24205D068
:102E80000E4CA24202D00E4CA24204D123F0800389
:102E90004968194391603C30467000210170002060
:102EA00070BD022070BD0000000001400004004021
:102EB00000080040000C00400004014000400140B8
:102EC0000018004010B50446002C03D094F83D00D3
:102ED00010B107E0012010BD002084F83C0020461E
:102EE00000F016F8022084F83D00211D206801F052
:102EF000E5FF01203D3460726070A070E0702071C9
:102F00006071A071E07120722070002010BD00007F
:102F100010B586B00446142101A8FDF7DFFC206837
:102F200000223149B0F1804F22D0304B984228D155
:102F3000086840F002000860086800F00200009095
:102F400029481038016841F004010160006800F070
:102F50000400009098150190022002900121039135
:102F60000492059001A92248FEF7C8FB06B010BDE7
:102F7000086840F001000860086800F00100009057
:102F8000F4E71C4A904208D1086840F00400086049
:102F9000086800F004000090E8E7174A904208D162
:102FA000086840F020000860086800F020000090E9
:102FB000DCE7124A90420AD10B48001D016841F437
:102FC00080310160006800F480300090CEE70C4A48
:102FD0009042CBD1086840F480700860086800F423
:102FE00080700090C2E700004038024000040040BA
:102FF000000802400008004000140040004001406A
:103000000020004090F83D10012901D001207047B8
:10301000022180F83D100168CA6842F00102CA60CE
:1030200000681449884214D0B0F1804F11D0124981
:1030300088420ED0114988420BD01149884208D0ED
:103040001049884205D01049884202D00F49884271
:1030500009D1816801F00701062908D0016841F013
:103060000101016003E0016841F0010101600020FD
:1030700070470000000001400004004000080040CC
:10308000000C0040000401400040014000180040D6
:1030900070B50446002594F83C00012817D001269D
:1030A00084F83C60022084F83D002068826822F0A9
:1030B000770222F47F4282600868502838D00DDC05
:1030C000202853D005DC90B3102811D14EE0022007
:1030D00070BD30284AD040280AD13DE0602831D068
:1030E00070280CD0B0F5805F03D0B0F5005F12D02F
:1030F00001253C34667000202070284670BDCB68E6
:10310000D1E90121206801F050FF2068816841F079
:1031100077018160EDE7CB68D1E90121206801F0FA
:1031200044FF2068816841F480418160E1E71DE04F
:10313000CA684968206802F01BF85021206801F035
:103140003EFFD6E7CA684968206802F063F860214C
:10315000206801F034FFCCE7CA684968206802F0B3
:1031600007F84021206801F02AFFC2E722680146E3
:10317000104601F024FFBCE7704770B505460C46C9
:10318000002695F83C0001280FD0012085F83C006E
:103190006AB1042A1CD0082A2CD00C2A3BD0012664
:1031A000002085F83C00304670BD022070BDD4E997
:1031B0000012E368286801F0EDFF2868816921F0BA
:1031C0000C01816128688169A26811438161E7E788
:1031D000D4E90012E368286802F02EF828688169B3
:1031E00021F44061816128688169A26841EA022175
:1031F0008161D5E7D4E90012E368286802F037F866
:103200002868C16921F00C01C1612868C169A26800
:103210001143C161C4E7D4E90012E368286802F0F1
:103220003FF82868C16921F44061C1612868C1691B
:10323000A26841EA0221C161B2E710B50446002C40
:1032400003D094F83D0010B107E0012010BD00202C
:1032500084F83C00204600F015F8022084F83D0078
:10326000211D206801F02AFE01203D34607260704B
:10327000A070E07020716071A071E0712072207008
:10328000002010BD70472DE9F04104462068C56854
:1032900006694FF00007B10714D5A90712D5F91E2A
:1032A00001610120207720688069800703D02046D3
:1032B000FFF762FF05E0204600F0FAF8204600F034
:1032C0008AF92777700717D5680715D521686FF039
:1032D00004000861022020772068806910F4407F94
:1032E00003D02046FFF748FF05E0204600F0E0F855
:1032F000204600F070F92777300716D5280714D537
:1033000021686FF008000861042020772068C069F8
:10331000800703D02046FFF72FFF05E0204600F08E
:10332000C7F8204600F057F92777F00617D5E806CA
:1033300015D521686FF010000861082020772068FB
:10334000C06910F4407F03D02046FFF715FF05E069
:10335000204600F0ADF8204600F03DF92777F00751
:1033600008D0E80706D021686FF001000861204608
:1033700000F0DEF9300608D5280606D521686FF082
:10338000800008612046FFF753FD700608D56806E7
:1033900006D521686FF040000861204600F0D2F9A0
:1033A000B0060AD5A80608D521686FF0200008618C
:1033B0002046BDE8F041FFF73CBDBDE8F0810000CC
:1033C00030B587B00446142102A8FDF787FA2068BB
:1033D00000232F4902220124B0F1804F16D02D4D39
:1033E000A84227D1086840F004000860086800F08F
:1033F00004000190481502900392049405930692EC
:1034000002A92548FEF77AF907B030BD086840F0F8
:1034100001000860086800F0010001904FF40040CE
:103420000290039204920593069402A91B48FEF7AA
:1034300065F9E9E71A4CA04213D1086840F008008A
:103440000860086800F0080001904FF4E040029026
:10345000039204920593069202A91248FEF74EF9D0
:10346000D2E7114CA042CFD1086840F010000860AC
:10347000086800F01000019040200290039204922E
:1034800005930320069002A90848FEF737F9BBE729
:1034900030380240000400400008024000000240B2
:1034A00000080040000C02400040014000100240B3
:1034B000704770B504460D46002694F83C0001287C
:1034C0000FD0012084F83C006AB1042A1FD0082ADA
:1034D00032D00C2A44D00126002084F83C0030462B
:1034E00070BD022070BD2946206801F071FD206882
:1034F000816941F0080181612068816921F004013E
:103500008161206881692A6911438161E4E7294664
:10351000206801F091FD2068816941F400618161BA
:103520002068816921F480618161206881692A694C
:1035300041EA02218161CFE72946206801F0B6FD0A
:103540002068C16941F00801C1612068C16921F0AA
:103550000401C1612068C1692A691143C161BBE7E7
:103560002946206801F0DAFD2068C16941F4006154
:10357000C1612068C16921F48061C1612068C169AD
:103580002A6941EA0221C161A6E710B50446002C70
:1035900003D094F83D0010B107E0012010BD0020D9
:1035A00084F83C00204600F015F8022084F83D0025
:1035B000211D206801F082FC01203D3460726070A2
:1035C000A070E07020716071A071E07120722070B5
:1035D000002010BD7047704710B50446002909D07F
:1035E00004290AD008290BD094F8410001280AD0F8
:1035F000012010BD94F83E00F8E794F83F00F5E78D
:1036000094F84000F2E70220A9B3042937D0082932
:1036100038D084F841000122206801F0B9FC1E492D
:1036200020681E4A884201D0904203D1436C43F483
:10363000004343642068884213D0B0F1804F10D01B
:10364000174988420DD0174988420AD01649884246
:1036500007D0904205D01549884202D014498842CB
:1036600013D1816801F00701062912D0016841F0E9
:10367000010101600DE0FFE784F83E00CBE784F82C
:103680003F00C8E784F84000C5E7016841F0010148
:103690000160002010BD0000000001400004014056
:1036A0000004004000080040000C004000400140C1
:1036B0000018004030B504460D4600222946206817
:1036C00001F066FC184A41F2111120688B109042FB
:1036D00002D0164A904209D1026A0A4206D1026A11
:1036E0001A4203D1426C22F4004242642068026A0A
:1036F0000A4206D1016A194203D1016821F0010191
:10370000016001203DB1042D08D0082D09D084F8B6
:103710004100002030BD84F83E00FAE784F83F0005
:10372000F7E784F84000F4E700000140000401409E
:1037300000680349884201D1FEF72ABC70470000A7
:10374000001C0040704770B50446002C04D094F86B
:103750004100002510B106E0012070BD84F8405002
:10376000204600F023F8242084F841002068C16836
:1037700021F40051C160204601F0D6FD20680169A6
:1037800021F4904101612068416921F02A014161E1
:103790002068C16841F40051C1606564202084F84C
:1037A000410084F842006563002070BD2DE9F041BE
:1037B00086B00446142101A8FDF790F8464A454E0C
:1037C0002168454D103A0223012408274348B1429D
:1037D0001CD1296841F400212960296801F40021E5
:1037E0000091116841F004011160116801F00401B9
:1037F00000914FF440610191029303930494059763
:1038000001A9FDF77BFF06B0BDE8F081324EDFF87D
:10381000D080361D4FF0070C41451CD1306840F078
:1038200010003060306800F010000090106840F028
:1038300001001060106800F0010000904FF4C060BB
:103840000190029303930494CDF814C001A9254874
:10385000FDF754FFD7E7DFF8908041451CD1286879
:1038600040F480202860286800F4802000901068D0
:1038700040F008001060106800F0080000904FF45D
:1038800040700190029303930494CDF814C001A9F1
:103890001648FDF733FFB6E7154DA942B3D131689D
:1038A00041F020013160316801F020010091116880
:1038B00041F004011160116801F004010091C02180
:1038C0000191029303930494059701A9FDF716FF54
:1038D00099E70000004C00404038024000080240D8
:1038E000001001400000024000480040000C02406F
:1038F000001401402DE9F84F04460E46154698463F
:1039000094F84200202802D00220BDE8F88FBEB112
:10391000B5B100206064222184F842102063FDF7D5
:10392000E3FF8246A585E585A0684FF48057B8423D
:1039300001D1206930B1354600264FF0200928E03A
:103940000120E2E70025F8E7534600222021204627
:10395000CDF8008001F072FD18B184F84290032088
:10396000D3E725B1A068B84219D038B108E0206883
:103970004068C0F3080026F8020B07E0206970B128
:103980002068406800F07F0028706D1CE08D401EAC
:10399000E085E08D0028D7D184F84290B5E7206813
:1039A00040682870F1E72DE9F84304460E461546B5
:1039B0001F4694F84100202802D00220BDE8F88379
:1039C0007EB175B100206064212084F84100FDF7CC
:1039D0008BFF8146A584E584A068B0F5805F02D0A6
:1039E00003E00120EAE7206920B1354600264FF0C8
:1039F000200815E00025FAE74B46002280212046EA
:103A0000009701F01BFD18B184F841800320D5E731
:103A1000ADB1216815F8010B4860E08C401EE084D0
:103A2000E08C0028E8D14B46002240212046009738
:103A300001F004FD50B184F841800320BEE736F860
:103A4000020B2168C0F308004860E6E784F8418073
:103A50000020B3E72DE9F05F05460E46286883464F
:103A6000314603F0E7FFC6EB061140074FF00707AA
:103A70004FF0040805EB81040AD50BEB4610C0F8A3
:103A8000088584F84D703146286803F0E2FC4BE06D
:103A90003146286803F0CEFFC0054FF008090CD569
:103AA0000BEB46114FF48070C1F8080584F84D9077
:103AB0003146286803F0CDFC36E03146286803F033
:103AC000B9FF00070BD50BEB4610C0F80895062090
:103AD00084F84D003146286803F0BBFC24E03146F1
:103AE000286803F0A7FF40050DD50BEB46114FF4F6
:103AF0008060C1F80805092084F84D003146286827
:103B000003F0A7FC10E03146286803F093FF00069D
:103B10000AD50BEB46118020C1F8080584F84D70DA
:103B20003146286803F095FC3146286803F082FF8F
:103B300080050BD53146286803F08BFC0BEB461152
:103B40004FF40070C1F80805BDE8F09F31462868C1
:103B500003F070FFC0074FF0200A4FF001094FF04B
:103B6000000751D00BEB4618C8F808A5E07E0128E5
:103B700006D1E776D8F8040520F48030C8F80405AB
:103B8000A87930B1206BD8F81015C1F31201401A92
:103B9000A0634A4684F84D906764C8F8082594F8F5
:103BA000260030B1022804D003280AD0012808D00A
:103BB00013E03146286803F04CFC1020C8F80805D3
:103BC0000BE0D8F8000540F00050C8F8000584F874
:103BD0004C2031462846FDF7FFFEA879012805D084
:103BE00014F83C0F80F001002070ADE7208DA16B30
:103BF0000144491EB1FBF0F0C007A5D014F83C0FFA
:103C000080F0010020709FE73146286803F012FF22
:103C1000800611D50BEB4610C0F808A5A07E012840
:103C200092D184F81B90032084F84D003146286817
:103C3000BDE8F05F03F00DBC3146286803F0FAFEE2
:103C400080074FF0050A7DD50BEB46100222C0F825
:103C5000082594F84D10012916D0062919D00729F6
:103C60001CD009291AD005293ED0032971D0042976
:103C70006AD0082969D00229B7D094F84C2031467F
:103C80002846FDF7A9FE5FE784F84D2084F84C90A4
:103C9000F3E784F84D2084F84CA0EEE784F84D203B
:103CA000616C491C616402290ED96764A17E0129F7
:103CB00007D1E7762777D0F8041521F48031C0F8D2
:103CC000041584F84C80D8E784F84C2094F826102A
:103CD00009B10229D1D1D0F8001521F0804141F07D
:103CE0000041C0F80015C8E784F84D20E17E0129A5
:103CF000C3D194F8261003290FD084F84C2094F8EF
:103D0000261009B10229B8D1D0F8001521F0804160
:103D100041F00041C0F80015AFE7A16C491CA16457
:103D2000022913D9A764E776616C032901D284F8CC
:103D30001C90D0F8041521F48031C0F8041584F8E3
:103D40004C80DCE744E004E028E039E084F84C20D3
:103D5000D5E784F84D20E17E01298ED184F84C20EE
:103D600000F20450016841F480310160816841F043
:103D700040018160816821F020018160A0F204503F
:103D800094F8261009B1022987D1D0F8001521F046
:103D9000804141F00041C0F800156EE784F84D20E5
:103DA00084F84C2094F8261009B102298BD1D0F860
:103DB000001521F0804141F00041C0F800155CE79A
:103DC00084F84D20606C401C606484F84C8054E79B
:103DD0003146286803F02EFE40060FD50BEB461146
:103DE0004020C1F8080584F84DA0A07E00B96764A2
:103DF00031462868BDE8F05F03F02BBB31462868E8
:103E000003F018FEC0067FF5F0AE94F826000328F4
:103E100003D050B1022808D013E0676484F84D80C5
:103E20003146286803F015FB0BE06764A87910B1F0
:103E3000E07E012805D184F84D803146286803F0E2
:103E400008FBE07E01280CD1E7760BEB461000F270
:103E50000450016821F480310160816841F0200143
:103E600081600BEB46111020C1F808056CE62DE9C6
:103E7000F05F05460F4628680646394603F0DAFD2E
:103E8000C7EB071140074FF0040B05EB81040CD57D
:103E900006EB4710C0F808B5072084F84D003946F6
:103EA0002868BDE8F05F03F0D4BA3946286803F00B
:103EB000C1FD80064FF000084FF0010A4FF00209E3
:103EC00028D506EB47112020C1F80805607E03269F
:103ED000012809D184F8198084F84C9084F84D6049
:103EE0003946286803F0B5FAA07E012810D1E07E9B
:103EF00000280DD194F82600012801D084F81BA0D9
:103F000084F84D603946286803F0A3FAC4F8448069
:103F1000BDE8F09F3946286803F08CFD80050BD57D
:103F200006EB47114FF40070C1F8080539462868C0
:103F3000BDE8F05F03F08DBA3946286803F07AFDDA
:103F4000C00726D0C4F844803946286803F072FDC3
:103F5000400606D584F819A006EB47114020C1F8A9
:103F60000805E07E48B184F81B8006EB4710D0F8C6
:103F7000041521F48031C0F8041506EB4710C0F891
:103F800008A584F84DA039462868BDE8F05F03F025
:103F900060BA3946286803F04DFD400612D5052069
:103FA00084F84D00A07E08B984F819A0C4F84480B4
:103FB0003946286803F04DFA06EB47114020C1F856
:103FC0000805A5E73946286803F034FD00070DD53C
:103FD00006EB47110820C1F80805062084F84D00BB
:103FE00039462868BDE8F05F03F033BA39462868DF
:103FF00003F020FDC00613D5C4F8448084F84DB00A
:10400000607E18B9207E08B984F819A0394628685E
:1040100003F01FFA06EB47111020C1F8080577E7F7
:104020003946286803F006FD00062AD5A87970B144
:10403000606C401C6064022811D9C4F844805A4660
:1040400084F84CB039462846FDF7C6FC13E007203B
:1040500084F84D003946286803F0FBF90BE084F83A
:104060004C9006EB4710D0F8001521F0804141F04C
:104070000041C0F8001506EB47118020C1F8080583
:1040800046E73946286803F0D5FC40050DD50920E0
:1040900084F84D003946286803F0DBF906EB471138
:1040A0004FF48060C1F8080532E73946286803F00C
:1040B000C1FC800785D506EB4711C1F8089594F837
:1040C0004D00012817D003283AD0042840D00528F5
:1040D0004ED0062851D0072801D009289FD184F856
:1040E0004D90606C401C606402284CD9C4F8448038
:1040F00084F84CB051E084F84D9084F84CA094F8CA
:104100002600022801D0032847D1A87928B994F8BD
:104110003D0080F0010084F83D00A87901283CD1E1
:10412000606B20B3218D0844401EB0FBF1F0C00746
:1041300033D094F83D0080F0010084F83D002CE07D
:1041400084F84D90E07E012827D184F84C9024E03B
:1041500084F84D9084F84C90E07E01281DD184F8BD
:104160001B80D1F8040520F48030C1F8040514E068
:1041700084F84D9084F84C900FE084F84D90052021
:1041800084F84C0009E084F84C90D1F8000520F048
:10419000804040F00040C1F8000594F84C203946BA
:1041A0002846FDF719FCB3E67CB505462C68D4F823
:1041B00040040190D4F840040090009820F02E00B4
:1041C00000900198800709D50198C00702D02846C1
:1041D000FDF790FB009840F0020000900198000766
:1041E00027D5009840F008000090019840071DD5A1
:1041F000687A022803D0E87901280FD012E00198EC
:10420000C0F34140022804D00121286803F0F4FBE8
:1042100008E00221286803F0EFFB03E04EF660207F
:10422000C4F804042846FDF77DFD02E02846FDF7AA
:1042300075FD0198800603D5009840F0200000909D
:104240000098C4F840047CBD2DE9F041034618688D
:104250000746016A01F00F06C1F34342C1F30A1594
:10426000022A2ED1002D2CD0C6EB061103EB8104BF
:10427000E16A002925D0A26B636B2A449A4222D8B6
:10428000AAB203F0E3FBE06A2844E062A06B284492
:10429000A06307EB4610D0F81015C1F3C941228D79
:1042A000AA420ED100290CD0D0F8001521F080418F
:1042B00041F00041C0F8001514F83C0F80F00100F7
:1042C0002070BDE8F081042084F84C00F9E7FEE797
:1042D0002DE9FF41002400940194029403944D4879
:1042E0004B4901604FF480314160846001250561D4
:1042F000057680F82040C46247498162C4600C267C
:10430000C66180F830404561FCF7FAFF08B1FCF760
:1043100080FD009401950627029769463D48FCF709
:1043200043FF08B1FCF775FD00950224019469462E
:104330003848FCF739FF08B1FCF76BFD0094032403
:10434000019469463348FCF72FFF08B1FCF761FD83
:1043500000940420019069462E48FCF725FF08B11F
:10436000FCF757FD0725009505200190694629486F
:10437000FCF71AFF08B1FCF74CFD0A2400940197E2
:1043800069462448FCF710FF08B1FCF742FD0B27F3
:104390000097019569461F48FCF706FF08B1FCF736
:1043A00038FD00960820019069461A48FCF7FCFE8B
:1043B00008B1FCF72EFD0D20009009200190694600
:1043C0001448FCF7F1FE08B1FCF723FD1020009023
:1043D000019469460F48FCF7E7FE08B1FCF719FDA8
:1043E00011200090019769460A48FCF7DDFE08B1EC
:1043F000FCF70FFD12200090019669460548FCF776
:10440000D3FE002801D0FCF704FDBDE8FF810000C9
:1044100000200140F80000200100000F10B50749FE
:10442000054808600846FCF7D7FF002803D0BDE820
:104430001040FCF7EEBC10BD003002400000002030
:104440001CB50024009401940F490E4808600846EA
:10445000FDF746F808B1FCF7DCFC0094019400225B
:1044600069460948FCF7DFFF08B1FCF7D2FC1022CF
:1044700069460548FCF7D7FF002801D0FCF7C9FCC6
:104480001CBD00000074004040010020002805D041
:1044900001224FF480610248FDF71FBA0022F8E7BD
:1044A000000C024010B504490448FCF7B4FC024972
:1044B000491E087010BD000009000020CCDA000879
:1044C0002DE9F04F87B0142102A8FCF707FA002568
:1044D0008148016841F010010160016801F010019C
:1044E0000191016841F004010160016801F00401DB
:1044F0000191016841F080010160016801F08001D3
:104500000191016841F001010160016801F00101C0
:104510000191016841F002010160016801F00201AE
:104520000191016841F008010160006800F0080095
:1045300001906A4F002240213846FDF7CEF9DFF89E
:10454000A0A1002241F230015046FDF7C6F9DFF884
:1045500094B100224CF203415846FDF7BEF9DFF852
:104560008881002248F2FC414046FDF7B6F9DFF8A9
:104570007C9100224FF470714846FDF7AEF930206F
:1045800002900395049502A95846FDF7B7F84FF439
:104590000050029003950124049402A95046FDF7AF
:1045A000ADF840200290039402260496059502A9D6
:1045B0003846FDF7A3F841F21000029003940494EA
:1045C000059502A95046FDF799F820200290039422
:1045D0000496059502A95046FDF790F84FF4807AAD
:1045E000CDF808A00395049402A95846FDF786F873
:1045F00040F20340029003940496059502A95846A0
:10460000FDF77CF84FF4605002900395049602A9E0
:104610005846FDF773F84FF4404002900394049419
:10462000059502A95846FDF769F848F260400290E6
:1046300003940496059502A94046FDF75FF8E00251
:1046400002900395049402A94046FDF757F8CDF86F
:1046500008A00395049502A93846FDF74FF80327F3
:1046600002970396049505970920069002A94046F3
:10467000FDF744F80420029003940494059502A9E0
:104680004046FDF73BF818200290039404960597E6
:1046900002A94046FDF732F880200290039404946A
:1046A000059702A94046FDF729F84FF410700290D3
:1046B00003940494059702A94846FDF71FF8F801F2
:1046C000029003940496059702A94846FDF716F850
:1046D00007B0BDE8F08F0000303802400000024013
:1046E0000008024000100240000C0240000402409A
:1046F00010B50D480B4901600C49416000218160F3
:10470000C1604FF48042026141618161C161016217
:10471000FDF73CFB002803D0BDE81040FCF779BB57
:1047200010BD00000058004054010020A086010088
:1047300010B50749054808600846FEF70DF800283F
:1047400003D0BDE81040FCF764BB10BD0008065064
:10475000A801002010B50D480B49016000214160FF
:104760008160C16001614161816101624162816278
:104770000A21C162FEF71EF8002803D0BDE81040F0
:10478000FCF747BB10BD000000380040B801002016
:1047900010B50F480D4901604FF48271416000214E
:1047A0008160C160016141614FF400728261C16149
:1047B0000162416281620A21C162FDF7FBFF0028AC
:1047C00003D0BDE81040FCF724BB10BD003C004006
:1047D0001002002010B50B480949016054214160C6
:1047E000002181604FF47A72C26001618161FEF73D
:1047F00069FB002803D0BDE81040FCF70ABB10BDE0
:1048000000200040D003002010B58EB000240A9490
:104810000B940C940D94089409941C2101A8FCF7A6
:104820005DF81E484FF0804101604FF4FA7141601D
:1048300084604900C160046180218161FEF742FB10
:1048400008B1FCF7E6FA4FF480500A900AA9134821
:10485000FEF71EFC08B1FCF7DCFA1048FEF795FEE7
:1048600008B1FCF7D6FA0894099408A90B48FEF79A
:10487000E1FA08B1FCF7CDFA6020019002940394AC
:104880000594002201A90548FEF713FE08B1FCF7C4
:10489000C0FA0248FEF794FD0EB010BD6802002079
:1048A00010B592B000240E940F94109411940C94AF
:1048B0000D94089409940A940B941C2101A8FCF708
:1048C0000DF8284826490160232141608460642155
:1048D000C160046180218161FEF7F4FA08B1FCF740
:1048E00098FA4FF480500E900EA91E48FEF7D0FBA8
:1048F00008B1FCF78EFA1B48FEF79FFC08B1FCF7E5
:1049000088FA1848FEF741FE08B1FCF782FA0C94C9
:104910000D940CA91348FEF78DFA08B1FCF779FA4B
:104920000894012009900A940B94082208A90D48C4
:10493000FEF723FC08B1FCF76CFA602001900294AA
:10494000039405940C2201A90648FEF7B2FD08B1B4
:10495000FCF75FFA0348FEF733FD12B010BD00000C
:1049600000040040B002002010B58EB000240A946C
:104970000B940C940D94089409941C2101A8FBF746
:10498000ADFF2748254901604FF47A61416084609A
:104990006421C160046180218161FEF793FA08B14E
:1049A000FCF737FA4FF480500A900AA91C48FEF72A
:1049B0006FFB08B1FCF72DFA1948FEF7E6FD08B1C8
:1049C000FCF727FA0894099408A91548FEF732FA6B
:1049D00008B1FCF71EFA602001900294039405943C
:1049E000002201A90E48FEF764FD08B1FCF711FA98
:1049F000042201A90A48FEF75CFD08B1FCF709FA98
:104A0000082201A90648FEF754FD08B1FCF701FA97
:104A10000348FEF7D5FC0EB010BD000000080040B2
:104A2000F80200201CB50024009401940E480D49A2
:104A300001605421416084604FF47A71C16080212B
:104A40008161FEF73FFA08B1FCF7E3F900940194A5
:104A500069460548FEF7EEF9002801D0FCF7D9F9C0
:104A60001CBD0000001400404003002030B58BB096
:104A700000240794089409940A941C216846FBF7C3
:104A80002DFF1A481849016060254560846041F295
:104A90008831C160046180218161FEF713FA08B199
:104AA000FCF7B7F94FF48050079007A90F48FEF7BD
:104AB000EFFA08B1FCF7ADF90C48FEF766FD08B156
:104AC000FCF7A7F900950194029404940422694626
:104AD0000648FEF7EEFC08B1FCF79BF90348FEF729
:104AE0006FFC0BB030BD0000004001408803002087
:104AF00010B50C480A4901604FF4E13141600021D2
:104B00008160C16001610C2242618161C161FEF777
:104B10001AFE002803D0BDE81040FCF77AB910BD9A
:104B2000004C00401804002010B50C480A490160F0
:104B30004FF4E131416000218160C16001610C22CC
:104B400042618161C161FEF7FEFD002803D0BDE82E
:104B50001040FCF75EB910BD001001406004002059
:104B600010B50C480A4901604FF4E1314160002161
:104B70008160C16001610C2242618161C161FEF707
:104B8000E2FD002803D0BDE81040FCF742B910BD9B
:104B900000480040A804002010B50C480A490160F4
:104BA0004FF4E131416000218160C16001610C225C
:104BB00042618161C161FEF7C6FD002803D0BDE8F6
:104BC0001040FCF726B910BD00140140F00400208D
:104BD00010B501220B490C4800F0CFFF08B1FCF7DB
:104BE00018F90A49084802F048FA08B1FCF711F927
:104BF000054802F088FA002803D0BDE81040FCF711
:104C000008B910BD1D710008800500204800002073
:104C1000014802F004B9000080050020FEE7FEE72D
:104C20000148FCF754BF0000580900207047F8B550
:104C300004464FF4827560684FF48063A8420AD13D
:104C4000A068B0F5004F01D0984204D120680668F2
:104C500026F0400606606068A8421ED1A06898420F
:104C60000DD00B46009200228021204600F064F80F
:104C700008B3606D40F0200060650320F8BD0B466E
:104C8000009200220121204600F056F898B1606D94
:104C900040F0200060650320F8BD0B460092002222
:104CA0000121204600F048F828B1606D40F0200056
:104CB00060650320F8BD0020F8BD00007CB5044607
:104CC0000E4615463346012202212046009500F08B
:104CD00033F828B1606D40F02000606503207CBD92
:104CE000134814490068B0FBF1F04FF47A7148435F
:104CF00001906068B0F5827F0DD13346002280219B
:104D00002046009500F018F878B1606D40F0200062
:104D1000606503207CBD019838B10198401E019068
:104D200020688068C0430006F5D500207CBD0000E7
:104D30003C00002000366E012DE9F84304460F4682
:104D400091461E46089DFCF7CFFD401B351AFCF727
:104D5000CBFD804627480068C0F3CB306843009005
:104D60000DE0701C0BD0FCF7BFFDA0EB0800A842C3
:104D700010D27DB10098B8B30098401E0090206812
:104D8000806837EA000032D000204845E9D1002091
:104D9000BDE8F8832068416821F0E0014160606867
:104DA000B0F5827F0BD1A068B0F5004F02D0B0F50E
:104DB000806F04D12068016821F040010160A06A81
:104DC000B0F5005F09D12068016821F4005101604D
:104DD0002068016841F40051016001205034607086
:104DE000002020700320D3E7FFE70025C7E701205C
:104DF000CBE700003C0000207047704730B593B00F
:104E0000302107A8FBF76AFD142102A8FBF766FD15
:104E100000251E48016841F080510160006800F0E3
:104E2000805001901A48016841F480410160006897
:104E300000F48040019001200790000408900224B3
:104E40000D9480010E9019200F904FF4A8701090CF
:104E500011940720129007A8FDF79EFA08B1FBF7FE
:104E6000D8FF0F200290039404954FF4A0500590B2
:104E70004FF480500690052102A8FDF76DF9002837
:104E800001D0FBF7C6FF13B030BD00004038024030
:104E9000007000400248016841F4700101607047F1
:104EA00088ED00E00148FCF7E7BA0000400100206F
:104EB0000148FEF7E8B90000380500202DE9F0416F
:104EC0000268284D284E294FDFF8A4C0294B4FF027
:104ED0008048A84209D0404507D0B04205D0B8422A
:104EE00003D0604501D0984203D122F070044A6893
:104EF0002243A8421BD0404519D0B04217D0B84237
:104F000015D0604513D0984211D01B4CA0420ED052
:104F10001A4CA0420BD01A4CA04208D0194CA04207
:104F200005D0194CA04202D0184CA04203D122F463
:104F30004074CA6822434C6922F0800222438C6884
:104F4000C4620C688462A84201D0984201D1096908
:104F50000163016841F004010160012141610260C7
:104F6000BDE8F0810000014000040040000800405E
:104F7000000C00400004014000400140004401409A
:104F80000048014000180040001C00400020004084
:104F900010B501F01F0101238B40046A9C43046299
:104FA000036A8A401343036210BD10B5846824F479
:104FB0007F4442EA03220A432243826010BD826892
:104FC00022F070020A4342F007018160704700003E
:104FD000F0B5056A026A22F0010202624368826942
:104FE00022F0700222F003020C68144325F002053F
:104FF0008A682A430E4E0F4FB04201D0B84205D105
:1050000022F00805CA682A4322F00402B04201D007
:10501000B84207D123F4807323F400734D691D4314
:105020008B692B4343608461496841630262F0BD30
:105030000000014000040140F0B5026A036A23F059
:10504000100303624368846924F4E04424F4407448
:105050000D6844EA052422F020028D6842EA051218
:10506000104D114EA84201D0B04206D122F080026C
:10507000CF6842EA071222F04002A84201D0B042B3
:1050800009D123F4806323F400634D6943EA850367
:105090008D6943EA850343608461496881630262E4
:1050A000F0BD00000000014000040140F0B5026ABC
:1050B000036A23F4807303624368C46924F07004B4
:1050C00024F003050C682C4322F400728D6842EA38
:1050D0000522104D104EA84201D0B04206D122F454
:1050E0000062CF6842EA072222F48062A84201D01F
:1050F000B04209D123F4805323F400534D6943EAAD
:1051000005138D6943EA05134360C4614968C163AF
:105110000262F0BD000001400004014030B5036AA6
:10512000026A22F4805202624268C46924F4E044B4
:1051300024F440740D6844EA052423F400538D6878
:1051400043EA0533084DA84202D0084DA84204D1D5
:1051500022F480424D6942EA85124260C461496886
:105160000164036230BD0000000001400004014002
:1051700010B5036A046A24F001040462846924F00F
:10518000F00444EA021423F00A020A438461026232
:1051900010BD000070B5056A046A24F001040462C1
:1051A0008469154EB04214D0B0F1804F11D0134E27
:1051B000B0420ED0124EB0420BD0124EB04208D0C8
:1051C000114EB04205D0114EB04202D0104EB04246
:1051D00003D124F00304144301E044F0010424F05B
:1051E000F0041A0744EA126225F00A0301F00A01EA
:1051F00019438261016270BD00000140000400405B
:1052000000080040000C0040000401400040014044
:105210000018004010B5036A046A24F01004046208
:10522000846924F4704444EA023223F0A00343EA80
:1052300001118261016210BD30B5056A046A24F073
:1052400010040462846924F4407444EA022222F4C3
:1052500070444FF6FF7202EA0332224325F0A003A6
:10526000A02404EA011119438261016230BD30B506
:10527000056A046A24F480740462C46924F0030497
:10528000144324F0F0041A0744EA126225F4206360
:105290004FF4206404EA01211943C261016230BD68
:1052A00030B5056A046A24F480540462C46924F4A5
:1052B000407444EA022222F470444FF6FF7202EA7C
:1052C0000332224325F420434FF4204404EA013101
:1052D0001943C261016230BD01680C3151E8002FF1
:1052E00022F4907241E80023002BF5D101681431BB
:1052F00051E8002F22F0010241E80023002BF5D1F4
:10530000016B012909D101680C3151E8002F22F00D
:10531000100241E80023002BF5D1202180F8421033
:1053200000210163704700002DE9F0410446206828
:105330000169E26821F4405111430161A1682069CB
:10534000E26901436069104301432068C26849F281
:105350000C639A430A43C26020684169A26921F440
:1053600040711143416133492068884202D032497B
:10537000884202D1FCF7CAFF01E0FCF7B7FFE16900
:105380000023192764253226B1F5004F28D0616823
:105390008B0F8A00A0FB0701FAF7CFFF0146B0FB95
:1053A000F5F07A42504301EB800006EB0010B0FBB1
:1053B000F5F000F0F002B1FBF5F002EB0012B1FBEA
:1053C000F5F07B42584301EB800006EB0010B0FB88
:1053D000F5F0216800F00F0010448860BDE8F0810E
:1053E00061684A18A0FB07015B41FAF7A6FF014676
:1053F000B0FBF5F00201B1FBF5F06FF01803584374
:1054000001EB800006EBC000B0FBF5F000F0F80007
:1054100002EB4002B1FBF5F0584301EB800006EBD4
:10542000C000B0FBF5F0216800F007001044886070
:10543000D4E7000000100140001401402DE9F843BA
:1054400004460D4617469846089E25E0701C23D05A
:10545000FCF74AFAA0EB0800B0421BD8D6B120688E
:10546000C168490718D5802D16D0402D14D0016889
:10547000C943090710D400252168096840680090D5
:105480002046FFF729FF0820606484F8405001207F
:10549000BDE8F8830320FBE72068006835EA0000D8
:1054A00004D00020B842D1D00020F1E70120F9E774
:1054B00070B504460D46204600F0E6F8A0F57F42A0
:1054C000FF3A07D000F00F0204EB820245F40041DE
:1054D000C2F88413C0B270BD7FB51E4601250024FA
:1054E000CDE90051CDE9022402232A46314600F0DD
:1054F00033FC04B0002070BD7FB50C4608991E46F1
:1055000090F81D53002D00D00021CDE90221012586
:10551000CDE9005402230022314600F01DFC04B006
:10552000002070BD10B500F049FB002010BD82784E
:10553000012A07D10222027401224274002242820F
:105540008182C2820022114600F010B87FB51E464B
:1055500000240125CDE90051CDE9022423462A4645
:10556000314600F0F9FB04B0002070BD70B5044670
:105570000120A3780125012B0BD0022B08D1204656
:1055800000F0FCF858B1032809D0022800D1A5701A
:1055900070BDA160A28125760221A17070BDA570A9
:1055A0000021217670BD7FB50C4608991E4690F803
:1055B0001D53002D00D00021CDE902210125CDE9A8
:1055C000005400231A46314600F0C6FB04B0002008
:1055D00070BD7FB5154600230824CDE90031CDE923
:1055E00002431A46294600F0B7FB04B0002070BD04
:1055F000FBF7C4BF70B50546002005F54E7517E0F2
:1056000000EB800404EBC00405EB44040A34667923
:105610008E4201D0FF2909D1A679964201D0FF2AF6
:1056200004D1E4799C4206D0FF2B04D0401CC0B2C8
:105630000228E5D3FF2070BD102907D200EB8100BE
:10564000B0F88413C1F30E01C0F884130020704732
:1056500030B40C4602998578012D10D144F08004B5
:1056600004740624447442820324B4EB122F03D141
:1056700040F20942828201E000228282C1820A460F
:1056800030BC1946FFF772BF0146002001EB8002D3
:10569000B2F88423120405D5401CC0B21028F5D3FB
:1056A0004FF6FF7070470A8803781A440A80017821
:1056B00008447047F8B506460C4606F11C05B4F5DB
:1056C000807F01D90320F8BD2B464FF400720021E2
:1056D00030460094FFF7BCFF0028F4D1224629464B
:1056E0003046BDE8F84001F01FBAF8B505460C4653
:1056F000B4F5007F01D90320F8BD05F58E731E4671
:105700004FF48072002128460094FFF7A1FF002883
:10571000F2D1224631462846BDE8F84001F09DBA54
:10572000F8B516461C46B4F5007F0CD85EB141F4BE
:10573000407200F58E731F4600210094FFF788FF2A
:10574000054615B106E00320F8BD2246314638462D
:1057500001F04EFB2846F8BD01460020002906D086
:10576000012905D0022905D0032905D00220704760
:105770000220704701207047022070472DE9F84F42
:1057800004460125207E01210B2609274FF007083A
:105790004FF005094FF00D0A0C280FD2DFE800F09A
:1057A000CD060F303C4D5A748093A0B3627904F15A
:1057B00010012046FFF70DFF02202076BDE0617941
:1057C000204600F04EFA012804D0042816D0022802
:1057D00014D0B2E0207C00F08000E18A39B180284A
:1057E00002D084F81890A8E003202076A5E0802855
:1057F00002D084F81880A0E027769EE026769CE010
:10580000D4F8C403E0812379A2892046A168FFF778
:105810009DFE0420207690E02179204600F021FAB8
:10582000012804D0052804D0042804D085E0277678
:1058300083E0032581E026767FE000916379A289E9
:105840002046A168FFF7AFFED4F8C403E08106202C
:10585000207672E06179204600F003FA012806D034
:10586000052807D0022809D004280AD065E084F86A
:10587000188062E00C20207603255EE084F8189002
:105880005BE02676022558E0002223791146204667
:10589000FFF75CFED4F8C403E081082020764CE0DA
:1058A0002179204600F0DDF9012804D0042806D033
:1058B000052806D041E084F818A000253DE02676B2
:1058C0003BE0032539E00091002263791146204630
:1058D000FFF769FED4F8C403E0810A2020762CE0AB
:1058E0006179204600F0BDF9012804D0022806D0D5
:1058F000042806D021E0002584F818A01DE02776B2
:105900001BE0267619E0607E401CC0B2607602285B
:1059100002D82176A17010E0D4F8D42306212046C5
:1059200090470025657661792046FFF785FE21794D
:105930002046FFF781FE257002252846BDE8F88F36
:105940002DE9FE4304460126607800250D274FF01F
:10595000010804F58E7208280CD2DFE800F0043F3D
:105960005F8BABCCDEF108212046FFF7BEFE10B105
:1059700003281FD0F4E094F82D03A07184F801806F
:1059800094F81D13CDE90015029094F81C33217989
:105990008022204601F0BDF8A07994F81D13CDE9CE
:1059A0000015029094F81C3361790022204601F022
:1059B000B0F8D5E094F81E03401CC0B284F81E0372
:1059C000032801D92770CBE061792046FFF734FE28
:1059D00021792046FFF730FE2570C1E012212046D4
:1059E000FFF783FE10B1032803D0B9E002206070F6
:1059F000B6E094F81E03401CC0B284F81E030328CE
:105A000001D92770ACE061792046FFF715FE2179B6
:105A10002046FFF711FE65702570A1E001212046A8
:105A200001F047FB10B1032821D099E00220FFF7D5
:105A3000DFFD434684F81C8303206070A07994F84E
:105A40001D13CDE90015029021798022204601F036
:105A500060F8A07994F81D13CDE90015029094F830
:105A60001C3361790022204601F053F878E027705A
:105A7000657075E009212046FFF71CFE10B1032870
:105A800003D06DE0042060706AE094F81E03401CAF
:105A9000C0B284F81E03032801D9277060E0617941
:105AA0002046FFF7C9FD21792046FFF7C5FD657047
:105AB000257055E0B4F83A132046FFF7FBFD10B10E
:105AC000032803D04CE00520607049E094F81E03E1
:105AD000401CC0B284F81E03032801D927703FE0A0
:105AE00061792046FFF7A8FD21792046FFF7A4FD44
:105AF0006570257034E094F83413062559B1FF23FE
:105B00002046FFF70DFE10B1032802D028E0657093
:105B100026E0657024E0657022E094F835130725CF
:105B200061B1FF232046FFF7FBFD10B1032802D02F
:105B300016E0657014E0657012E001E065700FE03A
:105B400094F8361359B1FF232046FFF7E9FD10B151
:105B5000032802D004E0002602E0002600E0002630
:105B60003046BDE8FE8301780B2905D1D0F87C13BF
:105B7000002901D089690847704770B504460E4670
:105B8000002C19D084F8CC230025C4F87C53C4F829
:105B900080532046FBF700F984F8235384F8205300
:105BA00084F8215384F822530EB1C4F8D4632046FC
:105BB00000F062F8002070BD022070BD0020704728
:105BC00000F54870012101700021417081700020B2
:105BD000704710B50446012084F82103002084F8A2
:105BE000200384F82303204600F0ADF821792046F5
:105BF000FFF722FD61792046FFF71EFD002010BD52
:105C000010B590F8CC03012802D10846FEF73EFCFF
:105C1000C820FBF7B3FC002010BDD0F8D003FBF781
:105C20008ABE10B50124D0F8D003FBF76EFE20B178
:105C3000012805D0022803D101E0002400E002245D
:105C4000204610BDD0F8D003C1EB011100EB81005C
:105C5000C17D002902D090F83C00704790F83D00CB
:105C60007047D0F8D003FBF75FBED0F8C413491CCF
:105C7000C0F8C413FFF777BF10B5044694F8CC03FF
:105C800001281CD10F48C0F8DC43C4F8D0034FF002
:105C9000A0410160082141710121C1710021817180
:105CA000022242728172FBF7B4FF08B1FBF7B1F830
:105CB0000448FBF727FE0146204600F028F80020A4
:105CC00010BD000058090020FEB5DDE908650A9CFA
:105CD000CDE900650294D0F8D003FBF732FEBDE8B1
:105CE000FE40FFF739BD002180F82313012180F821
:105CF00021137047012180F82313704710B5D0F8A5
:105D0000D003FCF713F8BDE81040FFF725BDC0F83D
:105D1000C4137047D0F8D003C1EB011100EB810030
:105D2000C17D002902D080F83C2001E080F83D20B0
:105D30000020704710B5D0F8D003FBF7FEFFBDE898
:105D40001040FFF709BD10B5D0F8D003FCF70BF8F1
:105D5000BDE81040FFF700BD2DE9FF41DDE90B76FE
:105D60000A9D0D9CCDE9017600950394D0F8D003EF
:105D7000FBF733FE04B0BDE8F041FFF7EDBC03468E
:105D80000220D3F87C13C969002A05D0012A07D163
:105D900089791846FFF7CBBBC9791846FFF7C7BB0F
:105DA00070470000D0F87C03C0690549503041605D
:105DB000044981600121017081700020704700005A
:105DC00055534243504030202DE9F84F06460125F7
:105DD000D6F87C03C4690727A84694F850004FF012
:105DE0000B0B4FF00A094FF0090A0C2815D2DFE817
:105DF00000F0FB061537426875A3AEC6D4F384F8ED
:105E00006110022084F85000CDF8008063791F22D1
:105E100004F154013046FFF76FFBE5E0617930464D
:105E2000FFF71FFF012804D0022813D0052814D043
:105E3000DAE0E06D58B194F86000000603D5032065
:105E400084F85000D0E0052084F85000CCE084F8BD
:105E50005070C9E084F85080C6E084F85090C3E0E8
:105E6000237962893046D4F88C10FFF735FB042083
:105E700084F85000B8E021793046FFF7F2FE01289F
:105E800002D005281AD0AFE06289E06D904207D9B0
:105E9000D4F88C101144C4F88C10801AE06501E02D
:105EA0000020E065E06D30B123793046D4F88C10E5
:105EB000FFF712FB98E084F8507095E084F850A04A
:105EC00092E0CDF80080637922893046D4F88C10B6
:105ED000FFF712FB062084F8500085E06179304618
:105EE000FFF7BFFE012804D002281ED0052820D0CD
:105EF0007AE02289E06D904207D9D4F88C101144E1
:105F0000C4F88C10801AE06501E00020E065E06DC7
:105F100040B1CDF8008063793046D4F88C10FFF79B
:105F2000EBFA61E084F850705EE0052084F85000E0
:105F30005AE084F8509057E023790D2204F178015B
:105F40003046FFF7C9FA082084F850004CE0217968
:105F50003046FFF786FE012802D005280CD043E02A
:105F600084F8508084F85280304600F093F808B1ED
:105F7000022539E0002537E084F850A034E0002203
:105F80003046FFF7FCFE10B1042803D02CE084F863
:105F9000507029E084F850B026E001223046FFF727
:105FA000EEFE10B1042814D01EE061793046FFF7F0
:105FB00049FEC0F10100C2B261793046FFF7AAFE86
:105FC000217900223046FFF7A5FE84F850A00BE0AF
:105FD00002E084F850B007E0304600F013F80546C0
:105FE000280001D184F850802846BDE8F88FA1220E
:105FF0000274FE2242740022428282820122C28204
:10600000FFF7B4BA21210174FF21417400214182BC
:106010008182C18200221146FFF7A8BA70B50246FC
:10602000D2F87C03C4690125A07B002804D0022893
:1060300002D003282CD124E021461046FFF7D7FFD9
:1060400005460023032D01D12370002505BB2078D0
:10605000022801D9022000E0401C2070002102200B
:106060000BE001EB810202EBC10204EB820282F839
:10607000920082F8C130491CC9B222788A42F0D815
:1060800006E000211046FFF752FA08B9E07BA07342
:10609000284670BD70B5D0F87C13CC6901252179F4
:1060A000FFF7BBFD0D2801D0022514E00B49A06FBE
:1060B00088420FD1A16DE06F88420CD194F8840022
:1060C00020B1012807D0022802D004E0002502E018
:1060D000022500E00225284670BD000055534253BA
:1060E00010B503461446D3F87C03C069A0F8F81035
:1060F0001A780B2A01D0022010BD01EB810202EBBD
:10610000C10100EB8101903134222046FAF792FB65
:10611000002010BD70B50546D5F87C03C469002683
:106120006179002907D02846FFF7FCF961792846F4
:10613000FFF782FA6671217939B12846FFF7F2F943
:1061400021792846FFF778FA2671D5F87C03C069D3
:1061500020B1FAF7CBF8D5F87C03C661002070BDFA
:10616000FEB505465023D5F87C0306220179284662
:10617000FFF740FA0646FF2E01D0022E01D302207F
:10618000FEBD3146284600F089FF08B10220FEBD61
:106190004FF482773846FAF77AF8D5F87C13C8615D
:1061A0000446200011D03946FAF798FB06EB86002A
:1061B00000EBC60005EB400090F84E130A0606D52A
:1061C000E171B0F85013618105E00220FEBDA171BC
:1061D000B0F85013218190F856130A0604D5E171E6
:1061E000B0F85803608103E0A171B0F85803208132
:1061F000002020736073A073A1792846FFF758F937
:106200006071E1792846FFF753F920712846FFF7BE
:10621000C9FDA27942B3208930B395F81D13022637
:10622000CDE90016029095F81C336179284600F0FC
:1062300070FCE279D2B16089C0B195F81D13CDE947
:106240000016029095F81C332179284600F061FC75
:10625000217900222846FFF75DFD6179002228465A
:10626000FFF758FD0020FEBD0320FEBD0320FEBD4C
:106270002DE9F05F0546D5F87C03C4694FF0010BAA
:106280000027207B4FF00108002804D001286FD0A0
:106290000A282CD188E1B4F8F8002178884268D225
:1062A00000EB800101EBC00004EB800080F89180DE
:1062B000B4F8F800022600EB800101EBC00104EB0A
:1062C00081024FF0080992F890104FF0050A092951
:1062D0000DD2DFE801F0050C43C40DF40C0CF30003
:1062E000042082F89000D5F8C403C4F8000182E1CC
:1062F000C1B29F32284600F01AFA20B102280DD010
:10630000042816D077E1B4F8F80000EB800101EB27
:10631000C00004EB800080F890606CE1B4F8F800F5
:1063200000EB800101EBC00004EB800080F890A03E
:1063300061E1B4F8F80000EB800101EBC00004EB70
:10634000800080F89090B4F8F80000EB800101EB39
:10635000C00004EB800080F891604CE1C1B2284697
:1063600000F018FB30B1022834D0042862D042E19A
:106370003FE114E1B4F8F80000EB800101EBC0004C
:1063800004EB800090F8921011B180F8C18001E018
:1063900080F8C170B4F8F800032100EB800202EB32
:1063A000C00004EB800080F89010B4F8F80000EB17
:1063B000800101EBC00004EB800080F89170B4F81C
:1063C000F80000EB800101EBC00004EB800080F8D6
:1063D000927010E1B4F8F80000EB800101EBC0000E
:1063E00004EB800090F89210022902D080F8C1805E
:1063F00001E080F8C170B4F8F80000EB800101EB17
:10640000C00004EB800080F890A0B4F8F80000EB26
:10641000800101EBC00004EB800080F89180B4F8AB
:10642000F80000EB800101EBC00004EB800080F875
:106430009260E0E0B4F8F80000EB800101EBC000EE
:1064400004EB800080F89090B4F8F80000EB800135
:1064500001EBC00004EB800080F89160CBE0C1B29A
:106460009432284600F00DFA20B102281BD00428EF
:1064700026D0C0E0B4F8F80000EB800101EBC000CA
:1064800004EB800080F89080B4F8F80000EB800105
:1064900001EBC00004EB800080F8917034F8F80F35
:1064A000401C2080A7E0B4F8F80000EB800101EB6D
:1064B000C00004EB800080F890A09CE06BE014E04A
:1064C000B4F8F80000EB800101EBC00004EB8000A1
:1064D00080F89090B4F8F80000EB800101EBC00068
:1064E00004EB800080F8916085E0C1B29C322846C0
:1064F00000F00AFA20B1022823D0042836D07AE02E
:10650000B4F8F80000EB800101EBC00004EB800060
:1065100090F89C10062901D002290BD1D5F8C4139C
:10652000D4F80021891A42F21072914202D280F806
:10653000906060E080F8908034F8F80F401C208074
:1065400059E0B4F8F80000EB800101EBC00004EB67
:10655000800080F89090B4F8F80000EB800101EB27
:10656000C00004EB800080F8916044E0B4F8F800CB
:1065700000EB800101EBC00004EB800080F89090FC
:10658000B4F8F80000EB800101EBC00004EB8000E0
:1065900080F891602FE0401CA4F8F8002BE0A4F8EC
:1065A000F8700A20207326E0B4F8FA0021788842B7
:1065B0001AD2A4F8F80000EB800101EBC00004EB54
:1065C000800090F8910048B1D5F8D42306212846E0
:1065D000904734F8FA0F401C20800CE0D5F8D42303
:1065E000022128469047F4E7A4F8FA7084F80C805A
:1065F00001E04FF0000B5846BDE8F09F2DE9F8434D
:10660000D0F87C23D269012501EB810303EBC103A0
:1066100002EB8304012694F890200827052A33D042
:1066200000234FF00508062A02D0072A3FD115E0C3
:10663000009300231A4600F0DEF820B1022806D0AD
:10664000042807D033E084F8906000252FE084F818
:1066500090802CE084F89070022528E000930023BD
:106660001A4600F0BCF920B1022806D0042807D051
:106670001DE084F89060002519E084F8908016E011
:1066800084F89070022512E004F19C0200F03CF9BD
:1066900020B102280BD0042806D008E004F8906F3F
:1066A00002206070022502E084F8907002252846DE
:1066B000BDE8F883F8B50446069D0E46D4F87C0381
:1066C000C069A0F8F86094F8231300290CD0217851
:1066D0000B2909D106EB860101EBC60100EB810015
:1066E00090F89010012901D00220F8BD062180F811
:1066F000901031462046009500F07DF8D4F8C47320
:1067000040F27120454308E0D4F8C403C01BB0EB4D
:10671000051F0AD894F8230338B131462046FFF705
:106720006DFF0128F0D00020F8BD0220F8BD2DE952
:10673000F041034615460226D3F87C03C4690027BE
:106740004FF0010894F85200012802D002284FD1DE
:106750001EE024205334C4F80900802262730A2208
:10676000E2732761676127831222227449016174F1
:10677000A774E7742075677504F8038C022004F889
:10678000010C533C04F11000C4F88C0001262FE0EA
:106790001846FFF719FB0646300029D1222128466A
:1067A000FAF77AF854F88C0F007800F01F00687040
:1067B000206800784009287054F88C094078000659
:1067C00002D585F8028000E0AF7054F88C0F816824
:1067D000C5F80310C068C5F8070021681022103101
:1067E00005F10C00F9F7E1FF2068006AC5F81D000B
:1067F0003046BDE8F0817FB505461E460220D5F83B
:106800007C23D46994F85220012A07D0022A36D179
:1068100004B02846BDE87040FFF7D6BA01EB81000E
:1068200000EBC10004EB80000899B0F898004843E1
:10683000E065802084F860000A2084F8620010215E
:1068400004F16300FAF728F828205034E0749DF82A
:106850000B0060759DF80A00A0759DF80900E075B1
:106860009DF8080020769DF82100A0769DF8200074
:10687000E076012020700220A070E663012004B0C1
:1068800070BD70B5034616460125D3F87C03C46974
:1068900094F85200012802D0022833D119E00820D0
:1068A000E065802084F860000A2084F862001021EE
:1068B00004F16300F9F7F0FF25205034E074012063
:1068C00020700220A070503C04F11000C4F88C002D
:1068D00018E01846FFF778FA0546280012D154F858
:1068E0008C0FC178827841EA022142780078120444
:1068F00042EA0060014331602068C179807941EA51
:106900000020B080284670BD70B503460E4615467F
:106910000220D3F87C13CC6994F85220012A17D0B6
:10692000022A14D131461846FFF74EFA00280ED13C
:1069300054F88C1F897801F00F0129702168097BB8
:1069400069702268527BAA703A2900D1042070BD78
:106950000E25E565802084F860000A2084F8620036
:10696000102104F16300F9F797FF03205034E0741D
:106970007001207500206075A075E57520760120F6
:1069800020700220A070503C04F11000C4F88C006C
:10699000012070BD70B503460220D3F87C23D46972
:1069A00094F85220012A06D0022A17D1BDE870407F
:1069B0001846FFF709BA0025E56584F860500A20FB
:1069C00084F86200102104F16300F9F765FF503488
:1069D000E574012020700220A070012070BD7FB5F9
:1069E00005461E460220D5F87C23D46994F852202F
:1069F000012A07D0022A36D104B02846BDE87040EB
:106A0000FFF7E2B901EB810000EBC10004EB80006D
:106A10000899B0F898004843E065002084F86000C9
:106A20000A2084F86200102104F16300F9F734FFB2
:106A30002A205034E0749DF80B0060759DF80A0020
:106A4000A0759DF80900E0759DF8080020769DF876
:106A50002100A0769DF82000E07601202070022021
:106A6000A070E663012004B070BD00207047D0F82C
:106A70007C23D269A2F8F81000780B2808D101EB2A
:106A8000810000EBC10002EB800090F8910008B19A
:106A90000020704701207047F8B50446069D0E4659
:106AA000D4F87C03C069A0F8F86094F82313002997
:106AB0000CD021780B2909D106EB860101EBC60128
:106AC00000EB810090F89010012901D00220F8BD60
:106AD000072180F89010314620460095FFF77FFF90
:106AE000D4F8C47340F27120454308E0D4F8C403DD
:106AF000C01BB0EB051F0AD894F8230338B1314608
:106B00002046FFF77BFD0128F0D00020F8BD0220D1
:106B1000F8BDFEB5DDE908650A9CCDE90065029483
:106B2000FFF7D2F80020FEBD2DE9F74F82B0029E9C
:106B300006F54E764FF0000AD046002924D00C46C8
:106B4000214620784FF00909092801D084F80090E7
:106B500008783070487870708878CB7840EA0320E5
:106B6000FF2801D94FF4807070800879307148791E
:106B700070718879B071C879F071087A3072092A19
:106B800069D9CDF8049056E0022005B0BDE8F08F39
:106B900001A92046FEF787FD0446607804284AD103
:106BA0002078092801D084F8009008EB880000EBD9
:106BB000C80006EB400B0BF10A072146384600F0EF
:106BC00004F900251BE001A92046FEF76CFD0446F0
:106BD0006078052813D17879012804D1B879022882
:106BE0001CD003281AD0072020700BEBC5011431EC
:106BF0002246029800F07DF882466D1CEDB2022D0F
:106C000007D23879A84204D97088BDF804108842A8
:106C1000D9D83879A8420AD90320B6E7F8790028EC
:106C2000E3D120780928E0D084F80090DDE708F16E
:106C3000010808F0FF08B8F1020F04D27088BDF80F
:106C400004108842A4D83079022800D3022040459D
:106C500001D9032099E7504697E770B5054605F23C
:106C600026300024002934D00B7803704B78437011
:106C70008B78CE7843EA062343800B7903714B79F6
:106C800043718B798371CB79C37195F81D530826B5
:106C90000DB3012D1FD0022D27D00324082A16D9A9
:106CA0000A7A4B7A42EA032202818A7ACB7A42EA52
:106CB000032242810A7B4B7B42EA032282818A7B48
:106CC0008273CA7BC2730A7C0274497C4174204679
:106CD00070BD022070BD082BE0D0102BDED0202B21
:106CE000DCD0402BDAD0C671D8E7082BD6D0C671DD
:106CF000D4E7F0B50546002013780B7053784B703D
:106D000093788B70D478CC701379567943EA062344
:106D10008B8092798A714FF480667710002B03D0B4
:106D2000B34201D8BB4200D9032095F81D1329B105
:106D300001291DD0022938D00320F0BD04F0030141
:106D4000022908D0A5070AD001290CD0E143890700
:106D500009D00320F0BDBB42FCD90320F0BD402B7D
:106D6000FCD90320F0BD0AB1102AFBD90320F0BDE5
:106D700004F00301022908D0A50706D0012908D094
:106D8000E14389070CD00320F0BD402BFCD9032040
:106D9000F0BD1AB1102A01D8402BF9D90320F0BD5B
:106DA0000AB1B342FBD30320F0BDA10704D0E143F5
:106DB000890705D00320F0BD082BFCD00320F0BDCF
:106DC0000AB1082BFBD90320F0BD0A7802704A787B
:106DD00042708A788270CA78C2700A7902714A79E0
:106DE00042718A798271CA79C271097A01727047D7
:106DF00010B54378032B11D103789C1E944200D820
:106E00009A1E93B2801C002204E0845C01F8014BBE
:106E1000921C92B29A42F8D30020087010BD2DE95E
:106E2000FF41044602220392002094F82113012915
:106E300001D10321217021780D26082700250C2976
:106E400017D2DFE801F0061737F6166CD77F889265
:106E5000ABEF94F8200300280BD001202070C8204D
:106E6000FEF7C6FB2046FEF749FF84F81C53C4F822
:106E7000C853F8E094F8230301280ED0D4F8C803CF
:106E8000B0F57A7F0FD994F81F03401CC0B284F884
:106E90001F03032805D92670E5E084F81F532270EC
:106EA000E1E02570DFE00A30C4F8C8030A20FEF7ED
:106EB0009FFBD8E0D4F8D42312B104212046904798
:106EC0006420FEF795FB2046FEF7ABFE84F81D0319
:106ED0000520207000212046FEF7EAFA607180212B
:106EE0002046FEF7E5FA2071A27994F81D13CDE94A
:106EF00001520091014694F81C3380222046FFF78E
:106F000008FEA07994F81D13CDE90015029094F8BD
:106F10001C33617900222046FFF7FBFDA3E02046E9
:106F2000FEF70EFD03909DF80C00002807D184F8B1
:106F3000245394F83703012802D00720207092E0F0
:106F4000277090E0D4F8D423002A03D001212046F2
:106F50009047277087E094F83D13204600F0B7F87B
:106F6000002801D1092020707DE094F83F034FF004
:106F70000A05800610D50121204600F0B6F80390DE
:106F80009DF80C0020B19DF80C00032802D06AE0A7
:106F9000257068E0257066E0257064E0D4F8801301
:106FA00029B3C4F87C5394F8471304EB8002D2F859
:106FB000782312798A4206D104EB8000D0F8780356
:106FC000C4F87C0303E0401CC0B20028EDD0D4F824
:106FD0007C0368B181682046884708B1267042E08A
:106FE00006202070D4F8D4230321204690473AE0AD
:106FF000267038E0D4F87C0380B1016920468847C8
:1070000003909DF80C0020B19DF80C00022803D0DD
:1070100029E00B20207026E0267024E0267022E074
:1070200000E006E0D4F87C03E8B1416920468847D7
:1070300019E084F821532046F9F7AEFED4F87C031A
:1070400020B1C16820468847C4F87C53D4F8D423C3
:1070500012B105212046904794F82203012806D05A
:107060002046FEF767FE04B00020BDE8F08184F8FA
:107070002253204600F047F8F5E702460020002999
:107080000AD0D2F880330BB1022070470123C2F836
:107090008033C2F878137047022070470246002000
:1070A00092F83C338B4202D982F8241370470220B5
:1070B00070478278012A06D10022027405234374A6
:1070C00041828282C28200221146FEF74FBA827844
:1070D000012A06D10022027409234374418282826C
:1070E000C28200221146FEF741BA8278012A06D1F7
:1070F000002202740323437441828282C2820022EE
:107100001146FEF733BA10B504462046FEF712FECC
:1071100001212046FEF774FD002010BD012908D092
:107120000748022906D0042907D0052901D10321E7
:107130000170704702210170704701210170704792
:107140000D0000200020704730B58DB01546012499
:10715000002909D0012909D0022912D003291CD005
:1071600004240DB0204630BD0024FAE701466A46EB
:107170001048FEF7B5FF0028F3D1019828600024DD
:10718000EFE701466A460B48FEF7AAFF0028E8D160
:10719000BDF8080028600024E3E701466A46054878
:1071A000FEF79EFF0028DCD1BDF80800400A2860E9
:1071B0000024D6E78005002030B58FB005460124B5
:1071C00000930B4629460C48FFF774FA68B102AAEF
:1071D00029460948FEF784FF9DF81500042806D0CB
:1071E000282804D03A2803D101E0002400E0032439
:1071F0000FB0204630BD00008005002010B50124EE
:1072000001460348FFF733FC00B10024204610BDBF
:107210008005002030B58FB00546012400930B4651
:1072200029460E48FFF738FC78B102AA29460B48D8
:10723000FEF756FF9DF8150004280AD0272806D02F
:10724000282806D03A2805D103E0002402E00224D1
:1072500000E003240FB0204630BD00008005002070
:107260000FB410B504469DF8110001281CD0E06849
:1072700040F04000E060204600F036F89DF8151020
:1072800051B3A16B21F48031A1639DF80E10012947
:1072900007D1A16841F00601A160A16841F0200179
:1072A000A16010BC5DF814FBA06B20F48030A063DB
:1072B000E0680C490840E060E06820F44010E060BD
:1072C0009DF81800012803D1E06840F48010E060C8
:1072D000204600F009F8D8E7A16B41F48031A163A2
:1072E000D3E70000BFFFBDFF08B5002100914FF0BC
:1072F00070620099491C00910099914201D90320C4
:1073000008BD01690029F4DA0A21009102E0009920
:10731000491E009100990029F9D1016941F001014C
:1073200001610099491C00910099914201D9032003
:1073300008BD0169C907F4D1002008BD816821F0AA
:10734000010181600020704700EB411000F5A06052
:10735000044A0261016821F0804141F0004101606E
:10736000002070470000088008B5D0F84024009243
:10737000009A22F02E020092009AD20406D401292B
:1073800004D1009A42F48052C0F84024009AD204FA
:1073900005D521B9009921F48051C0F8401400208E
:1073A00008BD816841F0010181600020704708B587
:1073B000002300934FF070620099491C00910099DE
:1073C000914201D9032008BD01690029F4DA009334
:1073D000102101610099491C00910099914201D945
:1073E000032008BD0169C906F4D4002008BD18B502
:1073F000002400944FF07063009A521C0092009A8F
:107400009A4201D9032018BD0269002AF4DA0094D7
:10741000202242EA811101610099491C00910099E2
:10742000994201D9032018BD01698906F4D40020CE
:1074300018BDD0F8080480B2704708B5D0F84004F1
:1074400000900098C0F3414008BD406900F0010081
:10745000704738B50022009200EB4111D1F80025A9
:10746000C2F38142D1F80035DB0FD1F80445E40FB7
:107470008568AD0605D524B9DBB1012A19D0032AE8
:1074800017D04FF47A73B2B1022A14D0D1F8002584
:1074900042F08042C1F80025D0F8100410F47F0FAC
:1074A0003BD0D1F8000540F00040C1F800050020B5
:1074B00038BD002038BDD1F8002542F08042C1F827
:1074C00000258268920621D4C06A10F47F0F06D08E
:1074D000D1F8000540F00040C1F80005E7E7D1F819
:1074E000000520F00040C1F80005D1F8000540F08B
:1074F0000040C1F800050098401C00900098984298
:10750000D5D8D1F800050028F5DBD0E7D1F8000583
:1075100040F00040C1F80005C9E7D1F8000520F0AF
:107520000040C1F80005D1F8000540F00040C1F866
:1075300000050098401C009000989842B7D8D1F8F8
:1075400000050028F5DBB2E72DE9F0431F46DDE931
:107550000859DDF81C80002600EB4114731EC4F8A6
:107560000835002D22D0012D45D0022D1ED0032D2F
:1075700034D001260023C4F80435D4F80C3543F088
:107580000203C4F80C35D0F8183401F00F0C0121B7
:1075900001FA0CF10B43C0F81834816941F0007115
:1075A0008161110634D54FF4004132E040F29D4331
:1075B000C4F80C35130606D5D4F80C3543F48073A3
:1075C000C4F80C35D6E7DFF8A8C06045D2D1D4F8AE
:1075D0000C3543F06003C4F80C35CBE740F29D63F3
:1075E000C4F80C351306C5D5D4F80C3543F48073B4
:1075F000C4F80C35BEE740F22523C4F80C35130659
:10760000B8D5D4F80C3543F4C073C4F80C35B1E7E1
:107610000021FFF712FFB8F1020F04D1022802D0B7
:107620004FF4003000E000204FF0FE5303EA875390
:107630004FF4F04707EAC22213434FF4402202EA14
:1076400085421343C9F30A0213430B43034343F434
:107650008010C4F80005032D01D0012D05D1D4F808
:10766000000540F00050C4F800053046BDE8F08346
:1076700000000440D0F8140480B27047FCB54D7887
:107680004FF48077A04B984216D1012A02D00B7993
:107690007BB111E08C7C0CB1022C0DD18B795BB9E4
:1076A00000EB4514D4F80C3523F07003C4F80C3506
:1076B00002E04B79012B10D08B79012B12D00E6A8E
:1076C000B6B38C8A33195B1EB3FBF4F39BB2BB4297
:1076D0003CD93B462402CC6138E02946FFF734FE12
:1076E0000020FCBD0123CC7814B18C8ACC6134E03D
:1076F0008C7C012C02D0012A1ED023E00C6ABC2C09
:107700000DD98C8ACC610C62CC68012C04D0022C7F
:1077100002D00124CC6020E00224CC601DE0CC61CA
:10772000CC68012C05D0022C03D00424CC6014E0DA
:107730000BE00324CC6010E08C8A0E6AA64201D9CB
:10774000CC610AE00C6ACC6107E00123CC781CB163
:107750008C8A5C43CC6100E0CE61CC696FF06046FE
:10776000C4F3120406EAC3431C438B7D4FF0C046AA
:1077700006EA43731C4300EB4513C3F8104512B1EE
:107780008C69C3F81445D0F8084444F30004641C21
:10779000D3F8005525F00055C3F80055D3F800552F
:1077A00045EA4474C3F800458C790025012C0FD0BC
:1077B000C3F80455D3F800450194019C24F080449B
:1077C0000194CC78F4B3019C44F40044019461E04A
:1077D0004E7C0C7C4FF0004747EAC6163443C3F892
:1077E0000445D3F80C4544F06004C3F80C45CC794B
:1077F000012C0DD1CC785CB9D3F8044544F4803425
:10780000C3F80445D3F80C4544F04004C3F80C45D4
:107810008C7C012C01D0032C0BD1CC79012C08D10C
:10782000CC78012C05D1D3F8044544F48034C3F856
:1078300004458C7C012CBDD1CC78002CBAD1CC680D
:10784000012C00E022E00CD0022C11D0032C16D029
:10785000042CAFD1D3F8044544F44044C3F80445A4
:10786000A8E7D3F8044544F40044C3F80445A1E76D
:10787000D3F8044544F00E04C3F804459AE7D3F85E
:10788000044544F48044C3F8044593E7019C24F480
:1078900000440194019C44F000440194019CC3F80D
:1078A00000450AB10020FCBDCA785ABB0B6A4BB335
:1078B000CA793ABB8A7C32B1012A10D0022A02D09E
:1078C000032A18D10BE0DB1CC3F38F02C36A9BB2FF
:1078D000934210D2826942F0200282610BE0DB1CED
:1078E000C3F38F02D0F810349BB2934203D2826963
:1078F00042F08062826100950A8C93B24A7889696D
:1079000000F056F90020FCBD000004400FB470B533
:10791000044600250026C4F8006EA06B40F4001059
:10792000A063A06B20F40020A063A06B20F4802053
:10793000A063E068400611D49DF81700012806D026
:10794000D4F8000420F00401C4F800140CE0D4F8CA
:10795000000440F00401C4F8001405E0D4F8000469
:1079600020F00401C4F8001410212046FFF73FFD69
:1079700000B101252046FFF71AFD00B101250020C6
:10798000421E9DF8153006E004EB4011C1F80825B1
:10799000C1F80C65401C8342F6D8A66162611048AC
:1079A000844207D1401560620E48A0620E48C4F8B8
:1079B000000106E0802060620C48A0620C48C4F818
:1079C00000019DF8160018B9A06940F01000A061F0
:1079D000A06908490843A061284670BC5DF814FB03
:1079E00000000440000200010003E000800060008D
:1079F000E0004000080020A3D0F8002422F0030299
:107A0000C0F80024D0F8002401F003031A43C0F8A2
:107A10000024012903D0022906D0012070474BF62B
:107A20008031C0F8041403E041F27071C0F804140E
:107A30000020704700EB4110D0F80815D0F80C0575
:107A400008407047416980690840704730B5034677
:107A50000846940802F00301002203F5805303E076
:107A60001D6840F8045B521CA242F9D300290BD0D8
:107A700000221C68D50024FA05F300F8013B521CD3
:107A8000491E89B20029F5D130BD38B5044604F548
:107A9000886420680090009820F02E0000900098E4
:107AA00040F4807020606420F9F768FD009820F4AD
:107AB000807020600A20F9F761FD002038BD70B5A4
:107AC00005460024E86820F0C040E860012902D0A3
:107AD00089B1012070BDE86840F00050E8600A20DC
:107AE000F9F74CFD0A342846FFF7AFFC012810D007
:107AF000C82CF4D30DE0E86840F08040E8600A202C
:107B0000F9F73CFD0A342846FFF79FFC08B1C82C62
:107B1000F5D3C82C01D0002070BD012070BD38B550
:107B200004460025002000902046FFF707FC1021A6
:107B30002046FFF75CFC00B101252046FFF737FC2B
:107B400000B10125002104EB4110D0F8002542F0DE
:107B5000804222F0004222F40042C0F80025491C75
:107B60000F29F0D900214FF47A7304EB4112D2F8B7
:107B7000000540F0804040F0004020F40040C2F892
:107B800000050098401C00900098984203D8D2F855
:107B900000050028F5DB491C0F29E6D94FF0FF301E
:107BA000C4F8140460612046FFF7FBFB284638BD8B
:107BB00010B5029C002C0DD1DB1C9C08002300EBAF
:107BC000023000F5805003E051F8042B02605B1C8A
:107BD000A342F9D3002010BDFEE70907090E0028D3
:107BE00004DB00F1E02080F80014704700F00F0083
:107BF00000F1E02080F8141D704730380A2801D2C7
:107C000001207047002070477047704710B5044648
:107C10000020FCF73BFC52A0F8F706FC0421584872
:107C2000FBF7DAFC00215648FBF744FD08215448D5
:107C3000FBF740FD303C1D2C6FD2DFE804F00F163F
:107C40001D2B32248B8B398B8B8B8B8B8B8B8B41AE
:107C5000498B51585F666D767D8B840049A0F8F79B
:107C6000E3FB302004F02AFAFBE752A0F8F7DCFB34
:107C7000312004F023FAFBE75BA0F8F7D5FB3220B4
:107C800004F01CFAFBE765A0F8F7CEFB352004F002
:107C900015FAFBE76EA0F8F7C7FB332004F00EFAE5
:107CA000FBE777A0F8F7C0FB342004F007FAFBE706
:107CB0007FA182A0F8F7B8FB382004F0FFF9FBE7BA
:107CC00089A17EA0F8F7B0FB412004F0F7F9FBE7AB
:107CD00077A188A0F8F7A8FB422004F0EFF9FBE7B2
:107CE0008FA0F8F7A1FB442004F0E8F9FBE798A087
:107CF000F8F79AFB452004F0E1F9FBE79FA0F8F7BD
:107D000093FB462004F0DAF9FBE7A9A0F8F78CFB17
:107D1000472004F0D3F9FBE700E01BE0B0A0F8F740
:107D200083FB482004F0CAF9FBE7BBA0F8F77CFB13
:107D3000492004F0C3F9FBE7C5A0F8F775FB4A201A
:107D400004F0BCF9FBE7CFA0F8F76EFB4C2004F081
:107D5000B5F9FBE7BDE81040D6A0F8F765BB000019
:107D6000426F6F746C6F616465723A5359535F452B
:107D700052525F4C45442D3E4F6E210A00000000D8
:107D8000F8020020426F6F746C6F616465723A464E
:107D900061696C48616E646C65722C526561642027
:107DA000636F6E6669672066696C65206661696CE1
:107DB000212E0A00426F6F746C6F616465723A46DF
:107DC00061696C48616E646C65722C5265616420F7
:107DD0006D6375206669726D776172652066616991
:107DE0006C212E0A00000000426F6F746C6F61649A
:107DF00065723A4661696C48616E646C65722C52BA
:107E0000656164206C6364206669726D7761726578
:107E1000206661696C212E0A00000000426F6F74B9
:107E20006C6F616465723A4661696C48616E646C3E
:107E300065722C4572617365206D63752061707089
:107E40006C69636174696F6E206661696C0A000019
:107E5000426F6F746C6F616465723A4661696C4819
:107E6000616E646C65722C52656164206570726F1E
:107E70006D2066696C65206661696C210A000000EE
:107E8000426F6F746C6F616465723A4661696C48E9
:107E9000616E646C65722C577269746520657072CE
:107EA0006F6D2066696C65206661696C210A00004F
:107EB0002F6C645F6D63752E62696E00426F6F7424
:107EC0006C6F616465723A4661696C48616E646C9E
:107ED00065722C25732073697A6520697320696E39
:107EE00076616C6964210A002F6C645F6C63642E98
:107EF000706B6700426F6F746C6F616465723A46B5
:107F000061696C48616E646C65722C566572696655
:107F100079202573206661696C212E0A000000001B
:107F2000426F6F746C6F616465723A4661696C4848
:107F3000616E646C65722C4C4344206973206E6FD3
:107F40007420726573706F6E736564212E0A000071
:107F5000426F6F746C6F616465723A4661696C4818
:107F6000616E646C65722C4C434420646F776E6C58
:107F70006F6164206661696C212E0A00426F6F7424
:107F80006C6F616465723A4661696C48616E646CDD
:107F900065722C41707020766563746F7220746115
:107FA000626C6520696E76616C69642E0A0000005F
:107FB000426F6F746C6F616465723A4661696C48B8
:107FC000616E646C65722C466C6173682069732005
:107FD0006E6F7420626C616E6B212E0A00000000CF
:107FE000426F6F746C6F616465723A446F6E65487E
:107FF000616E646C65722C466C61736820616E649E
:10800000204570726F6D20656173657220646F6EBC
:1080100065212E0A00000000426F6F746C6F61646E
:1080200065723A446F6E6548616E646C65722C557A
:108030007064617465206570726F6D20666F726D1B
:1080400020756469736B20646F6E65212E0A0000D1
:10805000426F6F746C6F616465723A446F6E65480D
:10806000616E646C65722C44756D70206570726F02
:108070006D20746F20756469736B20646F6E652169
:108080000A000000426F6F746C6F616465723A445D
:108090006F6E6548616E646C65722C20557064610A
:1080A0007465204669726D7761726520646F6E65D4
:1080B000210A0000426F6F746C6F616465723A440C
:1080C0006F6E6548616E646C65722C756E6B6E6F59
:1080D000776E206572726F72210A00002DE9F04FF1
:1080E000C1B0EB4C0026E66126626078012763256B
:1080F000DFF8A0B341F288384FF05A094FF0FF3A49
:1081000008287DD007DC08280ED2DFE800F0610DDA
:10811000EEEDEC0DEBEA0C2873D008DC092871D0E9
:108120000B2801D101F024FF41B0BDE8F08F5A289F
:1081300069D06328F8D1F9F783FADBF80000202131
:10814000B1EB106F05D0DBF800001021B1EB106F20
:108150003AD1D1A0F8F768F9DBF804102163D8A070
:10816000F8F762F9206B6063DBF8000080F30888A1
:10817000DBF80010DAA0F8F757F9E1A0F8F754F9A6
:108180000421E148FBF796FA0021DF48FBF792FA59
:108190000821DD48FBF78EFA0C21DC48FBF78AFA50
:1081A00000BF00BF72B64FF0E02006615046F9F7FD
:1081B00082FF4320F9F77FFF5046F9F76FFF432016
:1081C000F9F76CFF606B80474620FFF71FFDABE7B8
:1081D00000224021CE48F9F780FBCE4E002202213A
:1081E0003046F9F77AFB00BF00BF00BF00BF00BFF9
:1081F00000BF002201213046F9F76FFB00BF03E00A
:10820000F9E3F9E3F9E3F9E300BF00BF00BF00BF02
:1082100000BF00BF00BF0421BF48FBF74BFA0C2191
:10822000BA48FBF747FA00BF00BF0421B648FBF786
:1082300041FA0021B448FBF73DFA0821B248FBF7A8
:1082400039FAB6A0F8F7F0F8B6A0F8F7EDF803F0B1
:10825000AFFC04F0FBFEC4F814A08D4947F6F020F3
:10826000143101F01DFF002840D0B7A0F8F7DCF86A
:10827000C4F818A0864947F6F420183101F010FF21
:10828000002838D0BBA0F8F7CFF832221146C4A09E
:10829000F8F7CAF8C9480EC8C9A0F8F7C5F801F040
:1082A00081F80146D0A0F8F7BFF8D9A2DBA1DEA083
:1082B000F8F7BAF8774A4FF48033521ED902E1A09A
:1082C000F8F7B2F84FF47023ED4A5946EDA0F8F7ED
:1082D000ABF84FF40051FA48F9F7F8FA01280FD03B
:1082E00019E0CEE391E38AE072E05AE0F5A061691B
:1082F000F8F79AF8BCE7FEA0A169F8F795F8C4E78B
:1083000020213046F9F7E2FA012804D11021304645
:10831000F9F7DCFA08B1657006E70C217B48FBF73A
:108320005BF900BF00BF04217748FBF755F9002136
:108330007548FBF7BFF908217348FBF7BBF94FF409
:10834000FA752846F9F71AF904216F48FBF7B2F9D4
:1083500000216D48FBF740F908216B48FBF7AAF9AB
:108360002846F9F70BF904216748FBF7A3F9002128
:108370006548FBF79FF908216348FBF72DF928466C
:10838000F9F7FCF804216048FBF794F900215E48F6
:10839000FBF790F908215C48FBF78CF9022060702C
:1083A000C2E60022DDA1DE4802F0C6F8207028B146
:1083B0000146DCA0F8F738F86570B5E6E2A0F8F7FA
:1083C00033F803206070F9F78FFA4044E062ABE6BF
:1083D000F9F78AFAE16A081A4FF47A7190FBF1F121
:1083E0006162A06A814204D0DFA0F8F71DF8606ADC
:1083F000A062606A01288FDC0420607094E604218A
:108400004148FBF7E9F80122E2A1E54802F0C4F88F
:10841000207004213C48FBF74DF922782AB1DDA1F8
:10842000E0A0F8F701F865707EE6DAA1E7A0F7F7BB
:10843000FBFF00221346DA4801F05FFF04213248B7
:10844000FBF7CAF86B46052201A9D54802F0B8FA35
:10845000207004212C48FBF72DF9207810B90098E2
:10846000052802D23020FFF7D1FB9DF804004FF021
:108470000608552807D19DF80510302903D19DF82D
:108480000610312902D04FF00709B5E1B7E100002D
:108490006800002000000108426F6F746C6F616417
:1084A00065723A4A756D70206170706C69636174B1
:1084B000696F6E20616464726573732E0A00000038
:1084C000426F6F746C6F616465723A4A756D7020AB
:1084D000416464726573733A307825580A0000006D
:1084E000426F6F746C6F616465723A537461636B51
:1084F00020506F696E7465723A307825580A000012
:108500000A0A0A0D0D0D0000F8020020B00200203A
:108510000000024000100240880300200A0A0A0AF4
:1085200000000000426F6F746C6F616465723A53B3
:10853000746172742E2E2E2E2E2E2E2E2E2E2E2E58
:108540002E2E2E0A00000000426F6F746C6F616463
:1085500065723A52656164206570726F6D204D439B
:1085600055204657204352433332206661696C21BF
:108570000A000000426F6F746C6F616465723A525A
:10858000656164206570726F6D204C4344204657CE
:10859000204352433332206661696C210A00000097
:1085A000426F6F746C6F616465723A56657273697D
:1085B0006F6E2D3E25632E25630A0000B8730020E0
:1085C000426F6F746C6F616465723A556E69717554
:1085D0006549442D3E3078253038582530385825A7
:1085E0003038580A00000000426F6F746C6F61648D
:1085F00065723A4D637520666C6173682073697AA1
:10860000652D3E2564204B62797465730A00000075
:1086100032313A33323A313500000000417567207B
:108620003132203230323600426F6F746C6F6164C9
:1086300065723A4275696C642D3E25733A25730A5A
:1086400000000000426F6F746C6F616465723A42A3
:108650006F6F746C6F616420537461727420203A80
:108660003078253038582C456E643A3078253038CB
:10867000582C53697A653A3078253038580A00000A
:10868000FFFF0F08426F6F746C6F616465723A414F
:1086900070706C6963656E74205374617274203AF3
:1086A0003078253038582C456E643A30782530388B
:1086B000582C53697A653A3078253038580A0000CA
:1086C00000080240426F6F746C6F616465723A52C9
:1086D000656164206570726F6D204D43552046576B
:1086E0002043524333323A3078253038580A00005C
:1086F000426F6F746C6F616465723A526561642099
:108700006570726F6D204C4344204657204352439E
:1087100033323A3078253038580A0000303A0000B9
:10872000BC650020426F6F746C6F616465723A4D76
:108730006F756E7420466174667320657272726F15
:10874000723A2564210A0000426F6F746C6F616495
:1087500065723A4D6F756E7420466174667320734E
:108760007563657373210A00426F6F746C6F616487
:1087700065723A5761697420757362206469736B1E
:1087800020696E69743A2564205365636F6E6421B5
:108790000A0000002F6C61732E6366670000000002
:1087A000F8670020426F6F744C6F616465723A4FD6
:1087B00070656E202573206661696C2C45434F44BB
:1087C000453D307825303258480A0000426F6F74BA
:1087D0004C6F616465723A4F70656E20257320732B
:1087E00075636573732C45434F44453D30782530A0
:1087F0003258480A00000000552810D017E09DF8B4
:108800000700422803D19DF80800312801D0657087
:10881000E0E0F9A0F7F708FE84F80180DAE09DF8BF
:108820000510302903D19DF80610322903D00826FF
:10883000552810D017E09DF80700422803D19DF875
:108840000800312801D06570C4E0F6A0F7F7ECFD10
:1088500084F80190BEE09DF80510302903D19DF801
:108860000610332902D0552812D019E09DF80700D0
:10887000422803D19DF80800312804D0F4A0F7F76E
:10888000D3FD6570A6E0FDA0F7F7CEFD6670A1E010
:108890009DF80510302903D19DF80610342902D027
:1088A000552813D01AE09DF80700422803D19DF8FF
:1088B0000800312804D0E6A0F7F7B6FD657089E01E
:1088C000FEA0F7F7B1FD0920607083E09DF8051068
:1088D000302903D19DF80610352902D0552814D02F
:1088E0001BE09DF80700422803D19DF808003128BD
:1088F00004D0D7A0F7F798FD65706BE0F7A0F7F705
:1089000093FDA77084F8018064E09DF8051030297C
:1089100003D19DF80610362902D0552814D01BE04B
:108920009DF80700422803D19DF80800312804D0A3
:10893000C7A0F7F779FD65704CE0F1A0F7F774FD7B
:10894000E77084F8019045E09DF80510302903D1C7
:108950009DF80610372902D0442814D01BE09DF85A
:108960000700422803D19DF80800312804D0B8A0A0
:10897000F7F75AFD65702DE0EAA0F7F755FDA770EF
:10898000E770667026E09DF80510302903D19DF848
:108990000610312902D0432813D01AE09DF80700B1
:1089A000422803D19DF80800312804D0A8A0F7F789
:1089B0003BFD65700EE0E6A0F7F736FD0B2060701A
:1089C00008E09DF80500302803D19DF80600312805
:1089D00004D06570E84801F069FC9DE49DF807004B
:1089E000422803D19DF80800312808D098A0F7F755
:1089F0001BFD6570EEE78FE0CDE2C9E2D4E2DFA0B7
:108A0000F7F712FD0C206070E4E702F0A7FEE061CA
:108A100002F046FE20620246E3A0E169F7F704FD9A
:108A2000216A6069814204D1E169814201D1A07863
:108A300068B104F009FF206202F090FEE06160611D
:108A4000216A814208D04220FFF7E0F816E0E2A058
:108A5000F7F7EAFC65705FE4EAA0F7F7E5FC0220AF
:108A600000F090FB042000F08DFBF04947F6F02069
:108A700001F0D4FBEEA0E169F7F7D6FC84F8019091
:108A80004AE4F6A101A8F7F74DFE01A800F0C0FCEA
:108A9000F5A0226AA169F7F7C7FCA169206A88429C
:108AA00001D1E07890B304F0BDF92662EBA101A8F2
:108AB000F7F738FE01A804F06DFE206AA0610520DA
:108AC00000F060FBD94947F6F420091D01F0A6FB30
:108AD000F148F7F7A9FCD5485530F7F747FE81B2C2
:108AE000D248553001F042FA4046F8F747FD40467B
:108AF000F8F744FD4046F8F741FD4046F8F73EFDE3
:108B00004046F8F73BFD84F8019005E4FFE7E3A059
:108B1000F7F78AFC657043E402F020FEE06102F0A2
:108B2000BFFD20620246E8A06369E169F7F77CFCBB
:108B3000216A6069814204D1E169814201D1A07852
:108B4000F0B304F081FE206202F008FEE061216AC9
:108B5000814202D04220FFF759F8E0696061EAA043
:108B6000F7F762FC022000F00DFB042000F00AFB86
:108B7000AE4947F6F02001F051FBECA0F7F754FCAA
:108B80002662B6A101A8F7F7CDFD01A800F040FCD0
:108B9000B5A0226AA169F7F747FCA169206A88425B
:108BA00001D1E07830B304F03DF92662ABA101A811
:108BB000F7F7B8FD01A804F0EDFD206AA06100E020
:108BC000DBE1052000F0DEFA984947F6F420091DA4
:108BD00001F024FBB048F7F727FC94485530F7F72D
:108BE000C5FD81B29148553001F0C0F94046F8F713
:108BF000C5FCB3E1C6E10000426F6F746C6F616445
:108C000065723A537461727420757067726164653D
:108C1000206D6375206170706C69636174696F6E3B
:108C2000210A0000426F6F746C6F616465723A5381
:108C3000746172742075706772616465206C63641E
:108C4000206170706C69636174696F6E210A000045
:108C5000426F6F746C6F616465723A4465766963E4
:108C600065204944206973206E6F74206D617465BE
:108C70002C72756E20617070210A0000426F6F7453
:108C80006C6F616465723A537461727420757067B9
:108C900072616465206D6375206170706C696361D9
:108CA00074696F6E2026206C6364206170706C693B
:108CB000636174696F6E210A00000000426F6F7477
:108CC0006C6F616465723A5374617274207570647C
:108CD000617465206570726F6D210A00426F6F7458
:108CE0006C6F616465723A537461727420666F725E
:108CF000636520757064617465206D6375210A0079
:108D0000426F6F746C6F616465723A537461727410
:108D100020666F72636520757064617465206C6392
:108D200064210A00426F6F746C6F616465723A531C
:108D30007461727420666F7263652075706461740B
:108D400065206D63752026206C6364210A00000095
:108D5000426F6F746C6F616465723A5374617274C0
:108D60002064756D70206570726F6D20746F207552
:108D70006469736B210A0000F8670020426F6F740A
:108D80006C6F616465723A537461727420636C65D0
:108D9000617220666C61736820616E642065707218
:108DA0006F6D210A00000000426F6F746C6F616488
:108DB00065723A4D435520637263466C6173683A3D
:108DC00025303858482C637263556469736B3A25B3
:108DD00030385848210A0000426F6F746C6F61642C
:108DE00065723A436865636B206D637520617070CE
:108DF000206372632073616D652C736B6970210A47
:108E000000000000426F6F746C6F616465723A43DA
:108E10006865636B73756D206D637520617070207C
:108E20007375636573732E0A000000007C000020D8
:108E3000426F6F746C6F616465723A5570646174EF
:108E400065206E65772063726333322073756365C6
:108E500073732C307830382558480A002F707269A7
:108E60007661746500000000426F6F746C6F61641E
:108E700065723A4C4344206372634C63643A253014
:108E80003858482C637263556469736B3A253038DF
:108E90005848210A0000000074E50008426F6F7412
:108EA0006C6F616465723A436865636B206C6364E0
:108EB00020617070206372632073616D652C736B29
:108EC0006970210A00000000426F6F746C6F61646A
:108ED00065723A4D435520637263466C6173683A1C
:108EE00025303858482C637263556469736B3A2592
:108EF000303858482C6372634570726F6D3A253074
:108F00003858480A00000000426F6F746C6F61644B
:108F100065723A436865636B206D6375206170709C
:108F2000207375636573732E0A000000426F6F74BF
:108F30006C6F616465723A557064617465206D632D
:108F40007520617070206E65772063726333322004
:108F50007375636573732E0A000000004046F8F7CE
:108F60000DFB4046F8F70AFB4046F8F707FB404682
:108F7000F8F704FB84F801902FE5AFF2A410F7F79F
:108F800053FAFDE5AFF2EC00F7F74EFA657024E511
:108F900004F0DEF921E500F075F9012000F0F2F8A7
:108FA0004820FEF733FE18E508A0F7F73DFA87F3EF
:108FB0001388BFF34F8F0C4801680C4A01F4E0613D
:108FC00011430160BFF34F8F00BFFDE7426F6F7425
:108FD0006C6F616465723A53797374656D20526584
:108FE0007365740A000000000CED00E00400FA054F
:108FF0002DE9F05F804617469A46891ED8F8300062
:1090000000EB1139C1F3C80501F007004FF0010B67
:109010000BFA00F0C4B2494609F10109404603F0D9
:10902000A5FE10B10120BDE8F09F4FF4007208EBDF
:10903000050191F8386016EA040000D0012050457F
:1090400001D10220EFE7664081F8386088F803B06C
:109050007F1E09D0600010F0FF04EAD101246D1CCE
:109060009542E4D30025D6E70020DCE7002205E0A6
:10907000835CFF2B01D000207047521C8A42F7D33B
:109080000120704710B504460020E070401E606368
:10909000204603F06BFE08B1042010BD04F2362018
:1090A00002F080FDA0F52A41553901D0032010BD02
:1090B00094F83800E92805D0EB2816D194F83A0046
:1090C000902812D104F16E0002F035FD0C49B1EB8D
:1090D000002F01D1002010BD04F18A0002F02BFD09
:1090E0000849884201D1002010BD0B2206A104F1DD
:1090F000380002F0C8FF08B1022010BD012010BDE9
:109100000046415446415433EB769045584641540D
:109110002020200000E0401C02780AB18A42FAD1E7
:1091200000787047F0B500221546154E11E006EBA9
:1091300002131C685CB10768BC4209D15C6887688F
:10914000BC4205D19B68046BA34204D000E001251A
:10915000521CFF2AEBD3FF2A01D079B906E01DB9D2
:10916000022901D01220F0BD0020F0BD06EB021054
:109170008089B0F5807F01D00020F0BD1020F0BDC7
:10918000380D0020F8B5002100914FF408754FF418
:10919000FE4608280FD2DFE800F00E040F344954D1
:1091A0005F6900244FF480256946204600F0F0FFF7
:1091B000641CAC42F8D3F8BD00246946204600F098
:1091C000E7FF641C1F2CF8D920246946204600F0D4
:1091D000DFFF641CAC42F8D347F6E424E51C694683
:1091E000204600F0D5FF641CAC42F8D947F6E824CD
:1091F000E51C6946204600F0CBFF641CAC42F8D960
:10920000F8BD2C464FF422656946204600F0C0FFA9
:10921000641CAC42F8D347F6EC24E51C69462046B2
:1092200000F0B6FF641CAC42F8D9F8BD47F6F02454
:10923000E51C6946204600F0ABFF641CAC42F8D93F
:10924000F8BD47F6F424E51C6946204600F0A0FF6F
:10925000641CAC42F8D9F8BD4FF4F6446946204688
:1092600000F096FF641CB442F8D3F8BD34464FF4C6
:1092700000456946204600F08BFF641CAC42F8D3E1
:10928000F8BD000010B5F8F723FA0949074808604F
:10929000F7F736FE10B13520FEF7B8FCBDE81040F8
:1092A0004FF470210348FFF7E1BE00009100010078
:1092B0000C3C02400000010830B50021054B0024A1
:1092C00003EB01121568854200D11460491CFF2987
:1092D000F6D330BD380D0020891EC269921E8A4225
:1092E00001D800207047026B408901FB00207047C5
:1092F00030B5002307E0C45CCD5CAC4201D0002057
:1093000030BD5B1C9BB29342F5D3012030BD000001
:109310002DE9F0478146884608F11A0002F042FC28
:1093200010B10020BDE8F08798F8000000F03F0081
:10933000401E00EB800101EBC00401270025DFF88F
:1093400060A01AF80500404402F02CFC06468FB1DC
:10935000FF2C0BD2304601F00FFE07462046641C5E
:1093600039F8100001F008FE874201D00020D9E74B
:10937000374605E0A6F57F40FF3801D00020D1E751
:109380006D1C0D2DDDD398F80000400605D527B1E2
:1093900039F8140008B10020C4E70120C2E700003A
:1093A00078DB00080148008870470000227AFF1F20
:1093B00070B50022084C094D09E0865C63685E4088
:1093C000F6B255F8266086EA13236360521C8A427F
:1093D000F3D36068C04370BDEC00002034E10008A6
:1093E000054A064B51684840C0B253F8200080EA55
:1093F00011205060C0437047EC00002034E10008A9
:1094000002494FF0FF30486070470000EC00002038
:109410002DE9F041ADF51E7D804642AC8AAF414654
:10942000384601F056FA1D4D28702EE02146384688
:1094300001F090FB287058BBA07E48B32E2824D0A2
:1094400004F11A064FF4807102A8F7F747FA2F23A8
:10945000424613A102A80096F6F7F2FF207BC00651
:1094600009D502A8FFF7D4FF287070B128780DF550
:109470001E7DBDE8F08102A90BA0F6F7D5FF02A87A
:1094800002F0C0F8296A0844286228780028CDD064
:10949000384600F020FF2878E9E700006800002047
:1094A0002573256325730000426F6F746C6F6164D0
:1094B00065723A637263204C63642066696C653A36
:1094C00025730A002DE9F047074688463D68B8F144
:1094D000000F08D04146384602F050F9022809D260
:1094E0000120BDE8F0876E6916B1E869B04207D87F
:1094F000012605E0411CF4D0E9698142F1D84646D5
:1095000028784FF0FF39042809D03446641CE869F4
:10951000A0424AD80224022E47D20020E1E70122CD
:109520003146284601F09EFD0446200012D0601C02
:1095300010D001231A4621462846FFF759FD02287C
:109540000AD001280AD0B8F1000F09D0F979022910
:1095500009D010E02046C4E70120C2E74846C0E732
:109560000221F97107E0711C8C4204D0B968711AAC
:10957000B9610321F971F979022931D008F10101AA
:109580008C4206D1F96909B1491C00E00221F96158
:1095900026E0F869012600B9FE61224641463846B8
:1095A00001F047FDE0B9FE611AE02146384602F0BD
:1095B000E5F838B1012894D0411C92D0B442A5D12D
:1095C00000208EE74A462146284603F081FC38B940
:1095D000B8F1000F04D022464146284603F078FC3B
:1095E00020B101280FD0012420467AE76C61D5E92B
:1095F0000601891E884201D8401EA861287940F0E2
:1096000001002871F0E74C46EEE700002DE9F35F1A
:109610008846D8F8007000980068D0F80C900024B4
:10962000254628466D1C385C20280ED32F2807D0ED
:109630005C2805D0FF2C0FD30620BDE8FC9F6D1CD5
:10964000795D2F29FBD05C29F9D07919C8F8001071
:10965000202817D204261FE0C0B2012101F06EFCC1
:10966000064646B1802E08D231465FA0FFF752FD74
:1096700018B10620E1E70620DFE72046641C29F840
:109680001060CEE7002607E0601E39F810002028A1
:1096900001D02E2802D1641E002CF5D1002029F81B
:1096A00014003CB100980B222021403002F000FD54
:1096B000002702E00620C0E77F1C39F817002028A9
:1096C000FAD02E28F8D01FB146F0030600E0641E41
:1096D00024B1601E39F810002E28F8D14FF0000890
:1096E000C2464FF0080B38467F1C39F8105005B3BE
:1096F000202D03D02E2D04D1A74202D046F0030620
:10970000F1E7DA4501D2A74219D1BBF10B0F0ED018
:10971000A74201D046F003060BD827464FF0080AAF
:109720004FF00B0B4FEA88604FEA1068DBE746F01A
:109730000306009890F84000E5282FD032E0802DF5
:109740000BD30021284601F0F9FB05461DB129483D
:10975000284410F8805C46F0020625B1294626A070
:10976000FFF7D8FC18B15F2546F003060EE0A5F11F
:109770004100192802D848F0020807E0A5F161006D
:10978000192803D848F00108203DADB20099504691
:1097900008440AF1010A80F84050A4E70098052126
:1097A00080F84010BBF1080F03D14FEA88604FEA00
:1097B0001068C8F38100032803D06FEA0801890705
:1097C00001D146F00206B10709D408F003010129CE
:1097D00001D146F01006012801D146F00806009894
:1097E00080F84B60002028E7222A3A3C3E3F7C7FED
:1097F00000000000F8DA00082B2C3B3D5B5D000008
:109800002DE9F05F0646894640220021304602F0ED
:109810004FFC85203070C02086F8200000254FF0D6
:109820000108012740244FF0000A4FF0C10B601CD3
:1098300006F804B0441C06F800A027B139F81570EA
:109840000FB16D1CEDB23019394603F0CDFCA41CEC
:10985000E006F2D108F1010808F0FF0839F8150018
:109860000028E4D186F8235086F80180484604F0A9
:1098700006F9014606F12400BDE8F05F03F0B4BC30
:10988000401EFF2810D2094901EB00118889B0F56C
:10989000807F00D1002008B1401E80B2888108B9C5
:1098A000002008600020704702207047380D00201B
:1098B0002DE9F04104460F4626680021204600F0BD
:1098C000B6FAF8B900253046A16B03F04FFAC8B9D3
:1098D0003178042905D0E16B0A78E52A07D032B146
:1098E00009E0E16B097841F3C011491C03D06D1CFC
:1098F000BD4207D000E000250121204600F0AEF86F
:109900000028E0D0042800D10720BDE8F0812DE92F
:10991000F05F044626680021204600F088FA0028FF
:1099200048D1307804280ED0FF27B9464FF0FF3ACF
:10993000C4F84CA03046A16B03F018FA80465FEAE9
:1099400008004CD138E0F06804F099F8824629E02C
:109950003069243002F026F9504523D1306990F85F
:10996000237040254FF0000815E0E80600D1AD1C3B
:109970003069284402F016F901F0FEFA8146F068D9
:1099800030F8180001F0F8FA814506D17F1EFFB2C9
:10999000AD1C08F10108002FE7D11FB9F06830F8BD
:1099A000180030B10021204600F0E8F8B0F1000BBB
:1099B000CED05846BDE8F09FE06B05786DB1C17A16
:1099C00001F03F01A171E52D03D00A0708D50F2949
:1099D00006D0FF27C4F84CA035E04FF004083BE068
:1099E0000F2901D0EFB120E094F84B1049062AD49A
:1099F000690606D590F80D9005F0BF052F46216B3E
:109A0000E164BD420AD1417B494507D1F268014674
:109A10001046FFF77DFC08B17F1E00E0FF27FFB274
:109A200011E003F019FC484516D094F84B00C0072C
:109A300006D10B2204F14001E06B02F024FB58B187
:109A4000FF27C4F84CA00021204600F007F880460C
:109A50005FEA08003FF46EAF4046ABE72DE9F04700
:109A600005460F462C68D5F8308008F12008A86B11
:109A7000002806D02178042906D04FF40011414572
:109A800005D80420BDE8F0874FF08051F7E75FEA82
:109A9000C8516AD1401CA863696B4FF0000929B115
:109AA0006089401E10EA582F08D05EE02089B0EB94
:109AB000581F5AD8C5F838900420E3E7284601F02B
:109AC0005DFE0646012E01D80220DBE7701C18D08F
:109AD000E069B04243D8B7B12846696BFFF7F2FCA2
:109AE0000646300013D0012E13D0701C13D0E87935
:109AF00040F00400E871204603F000FC68B101204A
:109B0000C0E70120BEE7C5F838900420BAE7072077
:109B1000B8E70220B6E70120B4E74FF40072002155
:109B200004F1380002F0C4FA002731462046FFF75E
:109B3000D3FB60634FF001090BE084F803902046EB
:109B400003F0DCFB08B101209CE77F1C606B401C2C
:109B500060636089B842F0D8606BC01B60636E635D
:109B600031462046FFF7B8FBA863C5F83080C8F33C
:109B7000080020443830E863002083E72DE9F047EF
:109B800005468A460427D5F80080FF26B1465FE0E7
:109B9000404603F0EBF8074638005CD1E86B0478E8
:109BA000A4B198F80010042912D0C17A01F03F0145
:109BB000A971E52C08D02E2C06D021F02002082A0D
:109BC00017D00022524516D0FF2631E0042742E08C
:109BD000852C2DD1286BE864284602F0B5F907469C
:109BE000380038D1D8F81000007900F03F00A87193
:109BF00031E00122E6E70F2901D02EBB20E061060B
:109C000006D590F80D9004F0BF042646296BE96450
:109C1000B4420BD1417B494508D1D8F80C2001460C
:109C2000104603F0BDF808B1761E00E0FF26F6B23C
:109C300000212846FFF712FF0746380008D00AE047
:109C400003F00AFB484506D04FF0FF30E86402E01D
:109C5000A96B00299CD10FB10020A8633846BDE84C
:109C6000F0872DE9F04798B00446256894F84B003A
:109C700010F0A00F03D0062018B0BDE8F087002632
:109C8000E86800E0761C30F816100029FAD1287830
:109C9000042819D004F140010C22884614A802F0CF
:109CA000FEF99DF85B00C0076AD0402084F84B00A5
:109CB00001273B4614A94046EA6801F05FFC2046B4
:109CC000FFF725FEE0BB50E00E360F20B6FBF0F6A6
:109CD000B61C31462046FFF7EBFD0028CCD1761E9E
:109CE000206B714200EB4110E064A06848B3E0795A
:109CF000400734D56989D4E904304902591840F144
:109D00000000C4E90410204601F07CF90028B3D11A
:109D1000421E2046616B01F08CF90028ACD121462F
:109D2000684602F0F5F80028A6D1D4E90423286992
:109D3000383003F035FAD4E904232869283001E0EB
:109D400016E00CE003F02CFAE079296940F00100FC
:109D500081F82100684603F04BFA00288CD1D5E940
:109D60000310FFF74DFD002086E77F1C642FA0D372
:109D7000642F0FD00428F7D19DF85B0084F84B00C6
:109D80009DF85B00800707D50C360D20B6FBF0F779
:109D90007F1C02E007206FE7012739462046FFF7C6
:109DA00087FD06464FF001092EBB7F1E23D0206B96
:109DB000794200EB4111204600F039F806463000A8
:109DC00019D1404603F048FA82462846A16B02F0BA
:109DD000CDFF06467EB9FAB2E16B5346E86803F060
:109DE000FBF885F8039000212046FFF737FE064672
:109DF0000EB97F1EE9D1C6B92846A16B02F0B6FFA5
:109E00000646300011D120220021E06B02F050F90B
:109E10000B224146E06B02F042F994F84B00E16BF3
:109E200000F01800087385F80390304624E72DE908
:109E3000F04106460D4637683878042808D04FF4BC
:109E40000010A84201D9E80605D00220BDE8F08143
:109E50004FF08050F5E73563B4682CB938780328A3
:109E600002D3FC6A0020F0711CB178894FEA4028C7
:109E70001AE03889B0EB551F01D80220E6E7F86AEE
:109E8000B06318E02146304601F078FC0446601CBF
:109E900006D0022C02D3F869A04203D80220D5E7ED
:109EA0000120D3E7A5EB08054545EBD2214638460E
:109EB000FFF712FAB0637463B06B48B100EB552042
:109EC000B063C5F3080038443830F0630020BDE7C4
:109ED0000220BBE770B504460020084D295D00292B
:109EE0000AD105EB840128194968007A0968884776
:109EF000002801D10121295570BD0000281D002036
:109F000030B4054B1C1803EB8000247A40680369C9
:109F1000204630BC18470000281D002030B4054CF6
:109F2000251804EB80002D7A406884682846A446F2
:109F300030BC6047281D002004490A1801EB80004E
:109F4000127A40684168104608470000281D00202A
:109F500030B4054C251804EB80002D7A4068C468A5
:109F60002846A44630BC6047281D0020F6F70ABFEB
:109F700038B500220F49104600F03CF80A220EA125
:109F8000104800F009FB104C207010B13420FDF790
:109F90003DFE6B464FF4802206490A4800F0CBFE96
:109FA000207010B13420FDF731FE4A20FDF72EFE5F
:109FB00038BD0000381D00202F6C6570726F6D2E4B
:109FC00062696E00E86E00206800002000200849E9
:109FD00000E0401CFF2804D201EB00121268002AA6
:109FE000F7D1FF2801D00120704700207047000002
:109FF000380D0020F8B504460E461746134D0022D2
:10A0000040212846F7F769FC00BF03208DF80000C7
:10A01000200C8DF80100200A8DF802008DF8034015
:10A020004FF47A73042269460948F8F73BFD64232C
:10A030003A4631460648F8F787FC0446012240219B
:10A040002846F7F74AFC00BF2046F8BD000402404E
:10A0500010020020F8B506469F2000900E4C00220A
:10A0600040212046F7F739FC00BF4FF47A752B46A4
:10A07000012269460948F8F715FD2B4604223146AE
:10A080000648F8F761FC0546012240212046F7F713
:10A0900024FC00BF2846F8BD000402401002002046
:10A0A000F8B504460D460426134F002240213846D9
:10A0B000F7F713FC00BF03208DF80000200C8DF88B
:10A0C0000100200A8DF802008DF803404FF47A73E6
:10A0D000042269460948F8F7E5FC6423324629461C
:10A0E0000648F8F731FC0446012240213846F7F7CC
:10A0F000F4FB00BF2046F8BD00040240100200201F
:10A100002DE9FC4104460F4690461F4D0022402198
:10A110002846F7F7E2FB00BF062000904FF47A765E
:10A120003346012269461948F8F7BCFC00BF0122FA
:10A1300040212846F7F7D1FB002240212846F7F7B7
:10A14000CCFB00BF02208DF80400200C8DF8050028
:10A15000200A8DF806008DF807403346042201A935
:10A160000A48F8F79FFC3346424639460748F8F755
:10A1700099FC0446012240212846F7F7AEFB00BFB8
:10A180002046BDE8FC8100000004024010020020CF
:10A190002DE9FC4104460F461E4D00224021284671
:10A1A000F7F79BFB00BF062000904FF47A7633460A
:10A1B000012269461848F8F775FC00BF01224021CA
:10A1C0002846F7F78AFB002240212846F7F785FB4F
:10A1D00000BF02208DF80400200C8DF80500200A35
:10A1E0008DF806008DF807403346042201A90A487D
:10A1F000F8F758FC3346012239460748F8F752FC75
:10A200000446012240212846F7F767FB00BF20469D
:10A21000BDE8FC8100040240100200202DE9FC4151
:10A2200004460D4604261F4F002240213846F7F70A
:10A2300054FB00BF062000904FF47A784346012279
:10A2400069461948F8F72EFC00BF01224021384624
:10A25000F7F743FB002240213846F7F73EFB00BFEB
:10A2600002208DF80400200C8DF80500200A8DF8DE
:10A2700006008DF807404346042201A90A48F8F772
:10A2800011FC4346324629460748F8F70BFC0446C2
:10A29000012240213846F7F720FB00BF2046BDE8E9
:10A2A000FC810000000402401002002038B5044682
:10A2B000204600F087FC00280CD16946204603F0B8
:10A2C000A7FB002806D1E06AFFF7DAFA002801D1DF
:10A2D0000021216038BD38B504466946204603F0A8
:10A2E00097FB002808D1E16A11B10846FFF7C8FAC8
:10A2F000002801D10021216038BD2DE9FE4F8246A2
:10A3000014461D4601A9504603F082FB02900298B4
:10A3100010B99AF831000290029850B9019800786B
:10A32000042806D1421F5046DAF8401000F081FEA2
:10A330000290029810B10298BDE8FE8F019A107841
:10A34000042804D0012D02D34FF0FF340025DAE9B0
:10A350000401031B71EB050305D29AF830309B070B
:10A3600001D404460D46DAE90E8900200090CAF8AF
:10A370003800CAF83C0054EA050077D050894FEA0B
:10A38000402B58EA090022D0601E45F1FF315A46A1
:10A390000023F5F7D2FF0646B8F101000F4649F158
:10A3A000FF31804689465A460023F5F7C6FF301A2A
:10A3B0008F410CD3ABF1010028EA0000CAE90E0975
:10A3C0004946241A65EB0105DAF840200FE0DAF877
:10A3D000082052B900215046FFF774F80246012ABE
:10A3E00008D0501C0AD0CAF80820CAF84020EAB3A6
:10A3F000002645E002208AF831009DE701208AF816
:10A40000310099E73346B4EB0B0465EB0305DAE959
:10A410000E0110EB0B005941CAE90E019AF83030D9
:10A420009F0714D5DAE904C7BCEB000C8F4105D2B5
:10A43000CAE9040143F040008AF830001146504652
:10A44000FFF740F802463AB9002425461DE01146C0
:10A45000504601F093F90246501C0BD0012A03D953
:10A460000198C069904209D8022000E01FE08AF8F4
:10A47000310061E701208AF831005DE7CAF8402029
:10A48000BBEB040076EB0500BCD3DAE90E1009192A
:10A490006841CAE90E10E00509D011460198FEF79F
:10A4A0001BFF68B3610A41EAC55108440090DAE92C
:10A4B0000432DAE90E011B1A8A4107D2CAE9040103
:10A4C0009AF8300040F040008AF83000BAF83800BE
:10A4D000C0052ED0DAF844200098824229D09AF89C
:10A4E00030000AF15004000614D5019801232146DA
:10A4F0004078FFF72DFD38B101208AF831001BE7C5
:10A5000002208AF8310017E79AF8300000F07F0047
:10A510008AF830000198012321464078009AFFF71D
:10A52000FDFC18B101208AF8310005E70098CAF84F
:10A530004400029800E700002DE9F74181B016467B
:10A5400002980090684601F03CFA0446002C03DAB9
:10A550000B2004B0BDE8F0810E4F57F824504FF0A7
:10A56000000825B12846FEF7A7FE85F8008001986F
:10A57000002801D080F8008047F8240001D0012E87
:10A5800001D00020E5E7002201A902A800F0AEFDFD
:10A59000DFE70000440000202DE9F74F96B00646A3
:10A5A000002E0BD002F03F04224601A917A800F0AC
:10A5B0009DFD07464FF0000A27B183E1092019B03D
:10A5C000BDE8F08F019802904FF48C6000F0D0FC51
:10A5D00081465FEA09000DD00198C0F80C9009F59A
:10A5E0000071016102A8179900F056FF0746380074
:10A5F00002D010E01120E2E79DF85300000601D5DB
:10A60000062708E0600801D0012100E0002102A82F
:10A61000FEF788FD074614F01C0F7CD06FB1042FA5
:10A6200008D1FFF7D3FC20B102A8FFF71AFB0746B9
:10A6300000E0122744F0080409E09DF80E0010F035
:10A64000110F01D0072702E0600700D50827002F6F
:10A6500035D1200733D501F02CF983460198012527
:10A660004FF02008017804292AD0119859460E305D
:10A6700002F08EFD11985946163002F089FD1198AE
:10A6800080F80B801199019801F042FA804600226F
:10A690001199019802F068FD119800211C3002F018
:10A6A00077FD0198C570B8F1000F77D0456B002297
:10A6B000414602A802F0DCFC0746380057D06DE0A6
:10A6C000306001980069343001F035FAB0600198CB
:10A6D0000069383001F03AFAC6E9040101980169CD
:10A6E00091F8211001F00201F171C6F81CA0006977
:10A6F0005946083002F04CFD0198016981F814A018
:10A70000006959460C3002F043FD0198016981F857
:10A7100015A0016900E035E081F80480006900219E
:10A72000343002F035FD01980022134600693830BC
:10A7300002F036FD0198002213460069283002F02D
:10A740002FFD0198006980F8215002A802F050FD09
:10A750000746380022D1B16801B30022304602F02A
:10A7600087FC0746B0680199401E486116E02946FB
:10A77000019802F0FBFA07460198A8F10108C0F819
:10A7800014800BE057B99DF80E00C10601D50427CF
:10A7900004E0A10702D5C00700D007279FB9200712
:10A7A00001D544F040040198406BB0641198F06406
:10A7B000600801D0012100E0002102A801F064F945
:10A7C000F06200B902278FBB0198017804292ED0CE
:10A7D000119901F09DF9B06011981C3001F0ABF9AE
:10A7E000C6E9040A019830600198C088B08086F8F4
:10A7F000304086F831A0C6F844A00021B163F1636F
:10A8000006F150004FF40072834601F051FCA0069F
:10A8100055D5D6E9044554EA050050D0C6E90E45A1
:10A82000019840894FEA4028B1682DE047E004993B
:10A83000316206999DF80F2021F0FF0111437162EA
:10A840001599B1620069343001F075F9B060019872
:10A850000069383001F07AF9C6E90401019800690D
:10A8600090F8210000F00200F071BBE7304600F0E4
:10A8700085FF0146012900D80227481C00D1012785
:10A88000B4EB080465EB0A0527B9B8EB04027AEBD0
:10A890000500EBD3316497B9E00510D00198FEF7BD
:10A8A0001BFDA0B1610A41EAC5510A187264019802
:10A8B000012359464078FFF731FB00B10127484694
:10A8C00000F058FB0FB1C6F800A0384677E6022723
:10A8D000F5E7F3B581B00446002C08D000226946A4
:10A8E00002A800F003FC0546002715B164E009202A
:10A8F000FEBD009921604FF48C6000F039FB0646E4
:10A9000030000CD00098C66006F500710161204649
:10A91000029900F0C1FD0546280002D046E0112052
:10A92000FEBD94F84B0000062AD4A079C00626D5B7
:10A9300000980178042904D0E16B01F0E9F8A060E7
:10A940001EE0A26822622169E27921F0FF01114331
:10A950006162E26CA2620069343001F0ECF8A06040
:10A9600000980069383001F0F1F8C4E9040100985A
:10A97000006990F8210000F00201E17100E0052576
:10A98000A5B90098C188A18000212046FFF74FFAA1
:10A99000054628000AD1A06838B10021204601F000
:10A9A00073F8E06210B9122500E0E762304600F06B
:10A9B000E1FA042D00D1052505B127602846FEBD2A
:10A9C0002DE9FC5F04468846174699460025C9F8DC
:10A9D00000506946204603F01BF800281AD194F86D
:10A9E0003100002816D194F83000C00711D0D4E906
:10A9F0000431D4E90E02181A61EB0201C31B71F194
:10AA0000000100D2074604F150004FF0010A019006
:10AA10009BE00720BDE8FC9F208FC00579D10098FE
:10AA2000D4E90E5640894FEA552B4BEAC65B401ECF
:10AA30000BEA000BBBF1000F10D1354309D02046C3
:10AA4000216C00F09BFE022805D2022084F8310020
:10AA5000E0E7A068F7E7411C1CD02064216C009857
:10AA6000FEF73AFCD0B100EB0B067D0A5DB300980F
:10AA70000BEB050241898A4201D9A1EB0B05407815
:10AA80002B4632464146FFF749FA58B184F831A0C7
:10AA90000120BFE784F831A00120BBE7022084F841
:10AAA0003100B7E794F8300000060AD5606C801BCF
:10AAB000A84206D208EB40204FF40072019901F041
:10AAC000EEFA6D0233E0626CB24221D094F83000AD
:10AAD000000610D50098012301994078FFF738FA55
:10AAE00018B184F831A0012094E794F8300000F008
:10AAF0007F0084F8300000980123324640780199A5
:10AB0000FFF70CFA20B184F831A0012082E700E0C1
:10AB10006664208FC0F30800C0F50075BD4200D9FF
:10AB20003D46011950312A46404601F0B8FAA84482
:10AB3000D4E90E20521940F10000C4E90E20D9F8E2
:10AB400000002844C9F800007F1B002F7FF464AF89
:10AB500000205FE7F8B507460E466946384602F022
:10AB600057FF044664BB96B14FF48C6000F000FAC6
:10AB7000054695B10098C56005F500710161002199
:10AB80003846FEF7FBFF0446042C08D008E00021FD
:10AB90003846FFF74CF9044612E01120F8BD0024B6
:10ABA0005CB93146384600F086FE00213846FEF793
:10ABB00055FF0446042C00D10024284600F0DAF9A1
:10ABC0002046F8BDF0B595B0044614A9204602F021
:10ABD0001FFF0546002D24D194F83000410620D5F2
:10ABE000000611D51498626C0123407804F15001DD
:10ABF000FFF7AEF910B1012015B0F0BD94F83000A8
:10AC000000F07F0084F8300000F053FE06461498F0
:10AC10000178042906D0A16C02F0A8F80546002DA1
:10AC200062D086E0204600F0EDF9054635B94FF0D8
:10AC3000FF322046216C00F0FCF90546002D78D14A
:10AC40004FF48C6000F094F9074638000BD014984C
:10AC5000C76007F5007101612146684601F058F9A7
:10AC6000054615B13CE01120C6E7149801690A7940
:10AC700042F020020A71E179026941F0010182F893
:10AC800021100069A168343002F082FAD4E904236B
:10AC900014980069383002F083FAD4E90423149838
:10ACA0000069283002F07CFA1498314600690C30B3
:10ACB00002F06EFA14980021026951750069103093
:10ACC00002F066FA684602F093FA054645B9149810
:10ACD00002F0D0FA054614F8300F00F0BF002070E3
:10ACE000384600F047F924E0E56CE87A40F02000AF
:10ACF000E8722946A268206802F036FA05F11C00C5
:10AD0000216902F045FA314605F1160002F040FAD9
:10AD1000002105F1120002F067FA14980121C170B8
:10AD200002F0A8FA054694F8300000F0BF0084F85D
:10AD30003000284660E72DE9FF4F83B080468B4600
:10AD4000924606990020086001A9404602F060FE84
:10AD5000002808D198F83100002804D198F8300074
:10AD6000800703D4072007B0BDE8F08F0198007872
:10AD7000042807D0D8F8380010EB0A01814201D22C
:10AD80006FEA000A08F150000290CAE0B8F83800F3
:10AD9000C0057AD1D8E90E01019A440A44EAC154A7
:10ADA0005289521E14402CBB084310D04046D8F89C
:10ADB0004010FEF787FB002869D0012810D0411C05
:10ADC00012D0C8F84000D8F8081089B112E0D8F8BD
:10ADD00008000028EFD100214046FEF773FBEAE7A8
:10ADE000022088F83100BEE7012088F83100BAE778
:10ADF000C8F8080098F83000000612D50198D8F875
:10AE00004420012340780299FFF7A2F818B10120ED
:10AE100088F83100A7E798F8300000F07F0088F844
:10AE20003000D8F840100198FEF756FAA0B1061984
:10AE30004FEA5A2555B30198621941898A4200D9CF
:10AE40000D1B40782B4632465946FFF781F838B142
:10AE5000012088F8310086E7022088F8310082E777
:10AE6000D8F84400801BA8420CD20BEB40214FF4D1
:10AE70000072029801F013F998F8300000F07F009A
:10AE800088F830004FEA452930E01AE000E04CE055
:10AE9000D8F84400B04212D0D8E90E30D8E90421E5
:10AEA0009A1A88410BD201980123324640780299C0
:10AEB000FFF734F818B1012088F8310053E7C8F8DB
:10AEC0004460B8F83800C0F30800C0F50079D145F7
:10AED00000D9D146404450304A46594601F0DFF887
:10AEE00098F8300040F0800088F83000CB44D8E972
:10AEF0000E1511EB090445F10005C8E90E45D8E926
:10AF00000467301B77EB050001D334463D46C8E9A2
:10AF100004450698006800EB090106980160AAEB59
:10AF2000090ABAF1000F7FF431AF98F8300040F011
:10AF3000400088F83000002015E70000802804D386
:10AF40000A4A39B1FF2801D900207047803832F809
:10AF500010007047002132F81130834203D0491CA1
:10AF600089B28029F7D38031C8B2704786DB0008E8
:10AF7000F5F78DB9F5F7BAB930B5B0F5805F01D204
:10AF80001E4900E01E4931F8022B002A14D09042DD
:10AF900012D331F8023B1C0ADBB2D518854228D9FE
:10AFA000092C09D2DFE804F005090F1215181B1E41
:10AFB0002100801A31F8100030BD811A01F0010122
:10AFC000401A80B230BD103880B230BD203880B217
:10AFD00030BD303880B230BD1A3880B230BD083054
:10AFE00080B230BD503880B230BDA0F5E35080B2A1
:10AFF00030BD002CC7D101EB4301C4E786DC00085B
:10B0000078DE000870B50646F07903280FD1B468E1
:10B01000B56908E0621C2146306801F059FF00283C
:10B0200006D1641C6D1E002DF4D10020F0710020AB
:10B0300070BD70B504460D4616460FE0012802D9D2
:10B040002A1A921C00E03246291A491C206801F095
:10B050003FFF002805D1E069401EE061E06900285B
:10B06000ECD170BD2DE9F047064691468F1EF06980
:10B07000801EB84200D800273C46A04600254FF469
:10B08000007A306B00EB1431304601F06FFE18B1DE
:10B090004FF0FF30BDE8F087C4F3C80104F00702A9
:10B0A00001209040C0B2F3699B1E721892F83820BC
:10B0B00002404006000E641C9C4202D30024002083
:10B0C00051462AB1A0460025BC4207D10020E1E745
:10B0D0006D1C4D45F8D108F10200DBE70028E4D1F2
:10B0E0000120491C5145E0D3CBE700002DE9FF5F6B
:10B0F0000E4617464FF00008C6F8008000F061FCCD
:10B100000546280003D50B2004B0BDE8F09FDE48BB
:10B1100050F825409CB1346007F0FE06207820B13D
:10B120006078FEF709FFC1070BD084F80080E8B211
:10B130006070FEF7CFFEC1070AD00320E4E70C20C1
:10B14000E2E71EB1400701D50A20DDE70020DBE77A
:10B150001EB1400701D50A20D6E700252946204622
:10B16000FDF790FF02281FD16F4604EB051000F594
:10B17000FB70017919B1083000F0DDFC00E000201F
:10B1800047F825006D1C042DEFD3002657F82650F4
:10B1900025B129462046FDF775FF00E0032002286F
:10B1A00002D3761C042EF1D3042803D0022803D343
:10B1B0000D20A9E70120A7E74FF0FF394FF4007AEF
:10B1C000012807D004F1430000F0ECFC50457AD090
:10B1D0000D2099E70B2000E0401C402804D22118E4
:10B1E00091F838100029F7D0402801D20D208BE7C4
:10B1F00004F1A00000F0D6FCB0F5807F01D00D2056
:10B2000082E794F8A4004FF0010B0BFA00F05045D0
:10B2100001D00D2078E704F1800000F097FC46197A
:10B2200041EB0807012F01D30D206DE704F18C00DD
:10B2300000F081FC206294F8A600A070012801D0E3
:10B240000D2061E794F8A5000BFA00FB1FFA8BF0C4
:10B25000608148B104F1940000F06DFC83468B4995
:10B260008B4503D90D204FE70D204DE70BF1020070
:10B27000E061656204F1900000F05DFC2844206309
:10B2800004F1880000F057FC2844A0626089216B1B
:10B2900000FB0BF0081848EB0808301A77EB08079A
:10B2A00001D20D2030E704F1980000F044FCE06288
:10B2B00001462046FEF710F80146204601F056FDF3
:10B2C00010B1012020E717E00025601990F8381030
:10B2D000812904D14C3000F02EFC022802D0203508
:10B2E0005545F2D3554501D10D200DE7C4F818900E
:10B2F000C4F814900426BBE004F14E0000F052FCA8
:10B3000018B904F15C0000F016FC206294F8487053
:10B31000A770012F03D0022F01D00D20F4E6474380
:10B3200094F84500608110B1411E084201D00D2003
:10B33000EAE604F1490000F035FC2081000701D065
:10B340000D20E1E604F14B0000F02CFC0646300035
:10B3500004D104F1580000F0EEFB064604F146006B
:10B3600000F020FC014639B12389C81900EB131203
:10B37000964203D20D20C7E60D20C5E6B01A6689B5
:10B38000B0FBF6F030B303264FF6F57C604500D8ED
:10B39000022640F6F57C604500D80126801CE0615D
:10B3A00065622944A1622A442263032E14D033B378
:10B3B0003944E162022E24D000F0010100EB40008C
:10B3C00001EB5000216A00F2FF10B1EB502F1AD2AE
:10B3D0000D2099E60D2097E604F1620000F0E2FBF3
:10B3E00008B10D2090E6208908B10D208CE604F10B
:10B3F000640000F0A0FBE062E0698000E2E70D205D
:10B4000082E64000DEE7C4F81890C4F8149080206B
:10B410002071032E2CD104F1680000F0C3FB012839
:10B4200026D1691C204601F0A1FC08BB84F80480E9
:10B4300004F2362000F0B6FBA0F52A41553917D1A9
:10B4400004F1380000F077FB1149884210D104F56F
:10B45000077000F070FB0F49884209D104F50870AD
:10B4600000F069FBA06104F5097000F064FB606105
:10B4700026700549091F0888401C0880E080204686
:10B48000FDF71AFF00203FE644000020FDFFFF7F8C
:10B49000525261417272416173B50446256801E000
:10B4A000401C0190019801782F29F9D05C29F7D030
:10B4B0000020A060E06101980078202807D2802059
:10B4C00084F84B0000212046FEF7B1FC7CBD01A9A9
:10B4D0002046FEF79BF80028F8D12046FEF717FA21
:10B4E00094F84B1028B10428F0D14907EED4052078
:10B4F0007CBD4907FCD4A079C00601D405207CBDE1
:10B500002878042809D0208EC0F30800411938316A
:10B51000284600F0FDFAA060D9E7A1682162206901
:10B52000E17920F0FF0008436062E16CA1622869C4
:10B53000343000F000FBA060286990F8210000F092
:10B540000201E1712869383000F000FBC4E9040110
:10B55000BDE7000038B504460094074801680A6852
:10B56000D2431206FBD44FF0FF3301226946024852
:10B57000F8F719FA204638BDF00400207CB50546DE
:10B5800016461C460B22284600F089FD052C11D9D1
:10B590001B480CE0B61C002322460C4662F35F04F5
:10B5A0004908E20300D544405B1C102BF4D33188DA
:10B5B0000029EFD107216B4604F00F023032392AFF
:10B5C00001D9D21DD2B20846491E1A542409002CB2
:10B5D000F2D17E205854002200E0521C8A4202D24E
:10B5E000A85C2028F9D1082903D20846491C185C18
:10B5F00000E020201446521C2855082AF3D37CBDB5
:10B6000021100100F8B50546012404212048F7F770
:10B61000E3FF012229461F48FEF7BEFF1E4D28709A
:10B6200004211B48F8F746F8287810B13220FCF7BF
:10B63000EDFA002213461748FEF75FFE0027FDF7DC
:10B64000DFFE4FF480461CE004211148F7F7C4FFE9
:10B650006B46324611490F48FFF7B2F904210C48F6
:10B66000F8F728F8BDF800100C48FDF7A1FE0746D2
:10B67000BDF80000A860B04200D200242969084447
:10B680002861002CE0D10348FEF710FE3846F8BDD3
:10B69000F8020020986C002068000020381D00206F
:10B6A000F8B50124012225A12748FEF775FF274D93
:10B6B000287010B13120FCF7A9FA23484FF4702309
:10B6C000D0E904120020591A904102D23820FCF728
:10B6D0009DFA0026FDF794FE4FF480471CE00421FC
:10B6E0001B48F7F779FF6B463A461A491648FFF7A9
:10B6F00067F904211648F7F7DDFFBDF8001015487B
:10B70000FDF756FE0646BDF80010A960B94200D20A
:10B710000024286908442861002CE0D12C690E4DD2
:10B7200004E0FF20FDF75CFE0646641CAC42F8D343
:10B730000548FEF7BBFD3046F8BD00002F6C645F86
:10B740006D63752E62696E00486A002068000020F3
:10B75000F8020020381D0020FFFF0F0870B5FDF72C
:10B760004FFE044C044D2078FDF73AFE641CAC42B9
:10B77000F9D370BD00000108FFFF0F082DE9F04765
:10B7800002460D461468022D02D3E069A84201D892
:10B7900001268BE04FF0FF362078012809D00228DF
:10B7A0002DD0F10D01EA8507032837D004287CD17C
:10B7B00042E005EB5507A06A00EB5721204601F057
:10B7C000D5FA002872D1C7F30800204407F1010818
:10B7D00090F83890A06A00EB5821204601F0C6FA94
:10B7E00048BBC8F30800204490F8380049EA00201C
:10B7F000E90701D0060959E0C0F30B0656E0A06A3C
:10B8000000EB1521204601F0B1FAA0B9E8B204EB33
:10B810004000383000F0C6F9064647E0A06A00EB69
:10B82000D511204601F0A2FA28B93819383000F0B5
:10B8300082F920F0704639E0D2E9040150EA0103B0
:10B8400033D09368EB1A401E41F1FF31400A40EAC1
:10B85000C1506189B0FBF1F1D0796FF0004C022842
:10B8600007D18B4205D801D166461FE005F10106DC
:10B870001CE0032804D19169994201D96E1C15E09E
:10B88000022812D0D06908B166460FE0A06A00EB2A
:10B89000D511204601F06AFA40B93819383000F065
:10B8A0004AF920F0004601E0FFE701263046BDE8F6
:10B8B000F087002070472DE9F04706460C46D6F881
:10B8C00000904FF0000884F81A80B06B002876D002
:10B8D00099F80000042805D0F06C401C22D0002507
:10B8E0002F4614E02146D9F81000BDE8F04700F0DB
:10B8F00089B80021FFF722FB18B1FF2D03D30025E3
:10B900000DE000250BE0294621446D1C8876D9F80E
:10B910000C1038467F1C31F810000028E9D160195E
:10B9200080F81A8000221346A07E4FF02E0C29E0EA
:10B93000F56B19465B1C695C202923D0052900D1D1
:10B94000E521092B08D110B9A51885F81AC01546AC
:10B950002544521C85F80DC0A518697388B9A1F15A
:10B960004107192F0CD8F76B092B97F80C9001D3CE
:10B97000102700E0082719EA070F01D02031C9B2CB
:10B98000A976521C0B2BD3D330B9A01880F81A809B
:10B99000F06B007B00B90022A01880F80D80F06BDE
:10B9A000C07A2073F06B1C3000F0C5F8C4E90008C1
:10B9B000F06B163000F0BFF86081000C2081BDE80C
:10B9C000F08710B504464FF0FF302368002B0BD0F2
:10B9D000194600E0491C0A78202A01D33A2AF9D1F5
:10B9E0000A783A2A01D0002010BD13F8012B303A12
:10B9F0000A2AF9D28B42F7D1002AF5D11046491C08
:10BA0000216010BD2DE9F04107460E460024402577
:10BA1000A04614E0E80600D1AD1C781900F0C2F889
:10BA20000021FFF78BFA08B1FF2C01D300240AE0B4
:10BA300021463144641C8876AD1C08F1010897F852
:10BA400023004045E6D814B93F200124B0760020F9
:10BA500031198876707338793073C00602D50020AA
:10BA6000014603E007F1380000F070F8C6E9000174
:10BA700007F10C0000F096F8708107F10E0000F05D
:10BA800091F83081BDE8F081F0B5024600201F4DED
:10BA9000146805EB00131E68A64207D15E6897681C
:10BAA000BE4203D19B68166BB34202D0401CFF28F4
:10BAB000EFD3FF2814D1002000E0401CFF2804D25F
:10BAC00005EB00131B68002BF7D1FF280FD005EB07
:10BAD00000131C6094685C60126B9A6000229A816B
:10BAE00039B105EB001292891AB10020F0BD002097
:10BAF000F0BD11B14FF4807103E005EB00118989AD
:10BB0000491C05EB00129181401CF0BD380D00204E
:10BB100070B506460D4605F11A0000F043F80446DC
:10BB20003078032805D105F1140000F03BF844EA11
:10BB30000044204670BDC178827842EA01214278F3
:10BB400042EA0121007840EA0120704710B5C1792E
:10BB500083790A0E43EA01211202437942EA116213
:10BB600043EA01211202037942EA116243EA012108
:10BB70001202C37842EA116243EA01211202837879
:10BB800042EA116243EA0121130243EA11630A0205
:10BB900041780A431902007841EA126140EA022220
:10BBA000104610BD4178007840EA0120704700003F
:10BBB0001CB501A8FEF74EFA35A0F4F735FC9DF848
:10BBC000070000909DF806309DF805209DF80410B0
:10BBD0003FA0F4F729FC20231F22002143A0F4F703
:10BBE00023FC4FF4007340F21F22202149A0F4F7F8
:10BBF0001BFC4FF4006340F61F224FF408714FA066
:10BC0000F4F712FC47F6E3220423D11E55A0F4F703
:10BC10000BFC47F6E7220423D11E5FA0F4F704FCD7
:10BC200047F6EB220423D11E66A0F4F7FDFB47F68E
:10BC3000EF220423D11E6EA0F4F7F6FB47F6F322A1
:10BC40000423D11E75A0F4F7EFFB47F6F722042377
:10BC5000D11E7EA0F4F7E8FB4FF4806347F6FF6245
:10BC60004FF4F64185A0F4F7DFFB4FF4807347F6FD
:10BC7000FF724FF4FE418CA0F4F7D6FB4FF4B27183
:10BC800095A0F4F7D1FB0C219AA0F4F7CDFB1CBDD5
:10BC90002A2A2A2A2A2A2A2A2A2A2A2A2A2A2A2A04
:10BCA0002A2A2A2A2A2A2A2A4550524F4D204D4113
:10BCB000502A2A2A2A2A2A2A2A2A2A2A2A2A2A2ABE
:10BCC0002A2A2A2A2A2A2A2A2A2A2A2A2A0A0A003E
:10BCD0004550524F4D2049443A2530325825303294
:10BCE0005825303258253032580A00004D52204530
:10BCF00050524F4D3A3078253034582D2D2D307814
:10BD0000253034582873697A653A2564206279743D
:10BD100065290A00444D204550524F4D3A30782550
:10BD20003034582D2D2D3078253034582873697AC9
:10BD3000653A25642062797465290A0046442045E5
:10BD400050524F4D3A3078253034582D2D2D3078C3
:10BD5000253034582873697A653A256420627974ED
:10BD600065290A004D45444943414C204352432034
:10BD70004550524F4D3A3078253034582D2D2D30C6
:10BD800078253034582873697A653A2564206279B9
:10BD90007465290A000000004D522043524320459B
:10BDA00050524F4D3A3078253034582D2D2D307863
:10BDB000253034582873697A653A2564206279748D
:10BDC00065290A00444D20435243204550524F4DAF
:10BDD0003A3078253034582D2D2D30782530345890
:10BDE0002873697A653A25642062797465290A00A6
:10BDF000464420435243204550524F4D3A30782517
:10BE00003034582D2D2D3078253034582873697AE8
:10BE1000653A25642062797465290A004D435520EE
:10BE2000465720435243204550524F4D3A307825D3
:10BE30003034582D2D2D3078253034582873697AB8
:10BE4000653A25642062797465290A004C434420D0
:10BE5000465720435243204550524F4D3A307825A3
:10BE60003034582D2D2D3078253034582873697A88
:10BE7000653A25642062797465290A00434F4E466D
:10BE80004947204550524F4D3A3078253034582D8F
:10BE90002D2D3078253034582873697A653A256419
:10BEA0002062797465290A004C4F47494E464F205D
:10BEB0004550524F4D3A3078253034582D2D2D3085
:10BEC00078253034582873697A653A256420627978
:10BED0007465290A00000000646576696365436F34
:10BEE0006E6669672073697A653A256420627974A1
:10BEF000650A00006465766963654C6F67496E6624
:10BF00006F2073697A653A256420627974650A0046
:10BF100010B5044608682060086AA06091F8240003
:10BF2000E071486A002220F0FF00C4E90402896A37
:10BF3000E1642046FDF77BFF002804D12046BDE8E0
:10BF4000104000F001B810BD2DE9F0410446206812
:10BF50000669A16B00F00AFF002804D1E16B0878A4
:10BF6000852802D00220BDE8F0812022304600F072
:10BF700096F87078401C4701A7F16000B0F5007F8B
:10BF800001D90220EFE700212046FDF767FD0028D8
:10BF9000E9D1A16B206800F0E9FE0028E3D1E16B54
:10BFA0000878C02801D00220DDE7202206F1200019
:10BFB00000F075F896F823000F212C30B0FBF1F05B
:10BFC000B7EB401F01D20220CDE740254FF418788F
:10BFD00000212046FDF742FD0028C4D1A16B206856
:10BFE00000F0C4FE0028BED1E16B0878C12801D062
:10BFF0000220B8E7454503D27019202200F04FF81F
:10C000002035BD42E4D345450AD8304601F01BFD3A
:10C010000446B01CFFF7C6FD844201D00220A2E70F
:10C020000020A0E7F5F7BCFFF8F7E8FEF8F748FABC
:10C03000F8F706FAF8F74CF9F8F7AAFBF8F78AFBD5
:10C04000F8F772FDF8F7A8FDF8F78EFCF8F788FD11
:10C05000F8F7DAFBF8F724FCF8F708FDF8F748FDE5
:10C06000F8F7DCF9F8F764FBF8F71CFAF8F7B0FD1D
:10C07000F8F7D8FCF8F7AEFBF8F73AFBF8F7C8FD8D
:10C08000FCF72CF8FAE710B510F8013B11F8014B5A
:10C090001B1B521E01D0002BF6D0184610BD002AE3
:10C0A00005D011F8013B00F8013B521EF9D1704751
:10C0B000C9B200F8011B521EFBD1704770B5303871
:10C0C0004FF496764FF4617440F6B8352B286FD252
:10C0D000DFE810F02B006F00B300F7003B017F0199
:10C0E000C30107024F0293026E006E006E006E00E5
:10C0F0006E006E006E00D702F10227035D03850318
:10C100009103C703EF03280442047804A004D60473
:10C11000F0040A0524053E05580572058C05A605A0
:10C12000C005DA05F4050E062B060421FE48F7F7D4
:10C1300053FA3046F5F722FA0421FB48F7F7BAFA2A
:10C140002846F5F71BFA0421F748F7F745FA204689
:10C15000F5F714FA0421F448F7F7ACFA2846F5F796
:10C160000DFA0421F048F7F737FA2046F5F706FAFA
:10C170000421ED48F7F79EFA2846F5F7FFF9042168
:10C18000E948F7F729FA2046F5F7F8F90421E648D7
:10C19000F7F790FA2846F5F7F1F90421E248F7F7A6
:10C1A0001BFA2046F5F7EAF90421DF48F7F782FA8F
:10C1B00022E20421DC48F7F70FFA3046F5F7DEF902
:10C1C0000421D948F7F776FA2846F5F7D7F904217C
:10C1D000D548F7F701FA2046F5F7D0F90421D248FF
:10C1E000F7F768FA2846F5F7C9F90421CE48F7F7BA
:10C1F000F3F92046F5F7C2F90421CB48F7F75AFACC
:10C200002846F5F7BBF90421C748F7F7E5F92046BA
:10C21000F5F7B4F90421C448F7F74CFA2846F5F7C6
:10C22000ADF90421C048F7F7D7F92046F5F7A6F98C
:10C230000421BD48F7F73EFABAE70421BA48F7F7F8
:10C24000CBF93046F5F79AF90421B748F7F732FAF7
:10C250002846F5F793F90421B348F7F7BDF93046BE
:10C26000F5F78CF90421B048F7F724FA2846F5F7DA
:10C2700085F90421AC48F7F7AFF92046F5F77EF9C8
:10C280000421A948F7F716FA2846F5F777F90421AB
:10C29000A548F7F7A1F92046F5F770F90421A2485F
:10C2A000F7F708FA2846F5F769F904219E48F7F7E9
:10C2B00093F92046F5F762F904219B48F7F7FAF95C
:10C2C00076E704219848F7F787F93046F5F756F9ED
:10C2D00004219548F7F7EEF92846F5F74FF90421C0
:10C2E0009148F7F779F93046F5F748F904218E4877
:10C2F000F7F7E0F92846F5F741F904218A48F7F7FE
:10C300006BF92046F5F73AF904218748F7F7D2F997
:10C310002846F5F733F904218348F7F75DF92046FD
:10C32000F5F72CF904218048F7F7C4F92846F5F70A
:10C3300025F904217C48F7F74FF92046F5F71EF957
:10C3400004217948F7F7B6F932E704217648F7F780
:10C3500043F93046F5F712F904217348F7F7AAF9C3
:10C360002846F5F70BF904216F48F7F735F9304601
:10C37000F5F704F904216C48F7F79CF92846F5F71E
:10C38000FDF804216848F7F727F92046F5F7F6F895
:10C3900004216548F7F78EF92846F5F7EFF80421F0
:10C3A0006148F7F719F93046F5F7E8F804215E48D7
:10C3B000F7F780F92846F5F7E1F804215A48F7F72E
:10C3C0000BF92046F5F7DAF804215748F7F772F928
:10C3D000EEE604215448F7F7FFF83046F5F7CEF8BB
:10C3E00004215148F7F766F92846F5F7C7F8042104
:10C3F0004D48F7F7F1F83046F5F7C0F804214A4800
:10C40000F7F758F92846F5F7B9F804214648F7F741
:10C41000E3F83046F5F7B2F804214348F7F74AF954
:10C420002846F5F7ABF804213F48F7F7D5F8304632
:10C43000F5F7A4F804213C48F7F73CF92846F5F74E
:10C440009DF804213848F7F7C7F83046F5F796F815
:10C4500004213548F7F72EF9AAE604213248F7F708
:10C46000BBF82046F5F78AF804212F48F7F722F9A0
:10C470002846F5F783F804212B48F7F7ADF8304646
:10C48000F5F77CF804212848F7F714F92846F5F762
:10C4900075F804212448F7F79FF83046F5F76EF851
:10C4A00004212148F7F706F92846F5F767F8042133
:10C4B0001D48F7F791F83046F5F760F804211A485F
:10C4C000F7F7F8F82846F5F759F804211648F7F772
:10C4D00083F83046F5F752F804211348F7F7EAF8E5
:10C4E00066E604211048F7F777F82046F5F746F896
:10C4F00004210D48F7F7DEF82846F5F73FF8042148
:10C500000948F7F769F82046F5F738F80421064896
:10C51000F7F7D0F82846F5F731F804210248F7F785
:10C520005BF8304602E00000F8020020F5F726F83C
:10C530000421FB48F7F7BEF82846F5F71FF8042159
:10C54000F748F7F749F83046F5F718F80421F448AA
:10C55000F7F7B0F82846F5F711F80421F048F7F797
:10C560003BF83046F5F70AF80421ED48F7F7A2F852
:10C57000F4E30421EA48F7F72FF82046F4F7FEFF2A
:10C580000421E748F7F796F82846F4F7F7FF042167
:10C59000E348F7F721F82046F4F7F0FF0421E048DC
:10C5A000F7F788F82846F4F7E9FF0421DC48F7F7A5
:10C5B00013F82046F4F7E2FF0421D948F7F77AF898
:10C5C0002846F4F7DBFF0421D548F7F705F8304695
:10C5D000F4F7D4FF0421D248F7F76CF82846F4F7B3
:10C5E000CDFF0421CE48F6F7F7FF3046F4F7C6FF3B
:10C5F0000421CB48F7F75EF8B0E30421C848F6F70A
:10C60000EBFF2046F4F7BAFF0421C548F7F752F8CC
:10C610002846F4F7B3FF0421C148F6F7DDFF2046B2
:10C62000F4F7ACFF0421BE48F7F744F82846F4F7C6
:10C63000A5FF0421BA48F6F7CFFF2046F4F79EFF86
:10C640000421B748F7F736F82846F4F797FF042196
:10C65000B348F6F7C1FF2046F4F790FF0421B04835
:10C66000F7F728F82846F4F789FF0421AC48F6F7D5
:10C67000B3FF3046F4F782FF0421A948F7F71AF810
:10C680006CE30421A648F6F7A7FF3046F4F776FFDF
:10C690000421A348F7F70EF82846F4F76FFF0421AA
:10C6A0009F48F6F799FF2046F4F768FF04219C485D
:10C6B000F7F700F852E304219948F6F78DFF20467A
:10C6C000F4F75CFF04219648F6F7F4FF2846F4F7E8
:10C6D00055FF04219248F6F77FFF3046F4F74EFFEE
:10C6E00004218F48F6F7E6FF2846F4F747FF0421B8
:10C6F0008B48F6F771FF3046F4F740FF0421884875
:10C70000F6F7D8FF2846F4F739FF04218448F6F7F6
:10C7100063FF3046F4F732FF04218148F6F7CAFF81
:10C720001CE304217E48F6F757FF2046F4F726FF66
:10C7300004217B48F6F7BEFF2846F4F71FFF0421CB
:10C740007748F6F749FF3046F4F718FF042174489C
:10C75000F6F7B0FF2846F4F711FF04217048F6F70A
:10C760003BFF2046F4F70AFF04216D48F6F7A2FFCD
:10C770002846F4F703FF04216948F6F72DFF3046F9
:10C78000F4F7FCFE04216648F6F794FFE6E2042184
:10C790006348F6F721FF2046F4F7F0FE04216048D5
:10C7A000F6F788FF2846F4F7E9FE04215C48F6F71F
:10C7B00013FF3046F4F7E2FE04215948F6F77AFFFA
:10C7C0002846F4F7DBFE04215548F6F705FF30460E
:10C7D000F4F7D4FE04215248F6F76CFFBEE20421C0
:10C7E0004F48F6F7F9FE3046F4F7C8FE04214C48EE
:10C7F000F6F760FFB2E204214948F6F7EDFE304655
:10C80000F4F7BCFE04214648F6F754FF2846F4F737
:10C81000B5FE04214248F6F7DFFE3046F4F7AEFEDF
:10C8200004213F48F6F746FF2846F4F7A7FE042107
:10C830003B48F6F7D1FE2046F4F7A0FE0421384825
:10C84000F6F738FF2846F4F799FE04213448F6F746
:10C85000C3FE3046F4F792FE04213148F6F72AFF72
:10C860007CE204212E48F6F7B7FE2046F4F786FE58
:10C8700004212B48F6F71EFF2846F4F77FFE04211B
:10C880002748F6F7A9FE2046F4F778FE042124484D
:10C89000F6F710FF2846F4F771FE04212048F6F75A
:10C8A0009BFE3046F4F76AFE04211D48F6F702FFAE
:10C8B00054E204211A48F6F78FFE3046F4F75EFE84
:10C8C00004211748F6F7F6FE2846F4F757FE042130
:10C8D0001348F6F781FE3046F4F750FE0421104865
:10C8E000F6F7E8FE2846F4F749FE04210C48F6F76F
:10C8F00073FE3046F4F742FE04210948F6F7DAFEEB
:10C900002846F4F73BFE04210548F6F765FE30465D
:10C91000F4F734FE04210248F6F7CCFE1EE20000D4
:10C92000F80200200421FE48F6F756FE3046F4F7E0
:10C9300025FE0421FA48F6F7BDFE2846F4F71EFE50
:10C940000421F748F6F748FE3046F4F717FE0421B5
:10C95000F348F6F7AFFE01E20421F148F6F73CFE9A
:10C960003046F4F70BFE0421ED48F6F7A3FE284607
:10C97000F4F704FE0421EA48F6F72EFE2046F4F709
:10C98000FDFD0421E648F6F795FE2846F4F7F6FD8E
:10C990000421E348F6F720FE2046F4F7EFFD0421DA
:10C9A000DF48F6F787FE2846F4F7E8FD0421DC4867
:10C9B000F6F712FE2046F4F7E1FD0421D848F6F719
:10C9C00079FECBE10421D648F6F706FE2046F4F7BF
:10C9D000D5FD0421D248F6F76DFE2846F4F7CEFDCA
:10C9E0000421CF48F6F7F8FD3046F4F7C7FD0421DF
:10C9F000CB48F6F75FFE2846F4F7C0FD0421C8488F
:10CA0000F6F7EAFD2046F4F7B9FD0421C448F6F72D
:10CA100051FEA3E10421C248F6F7DEFD3046F4F7EB
:10CA2000ADFD0421BE48F6F745FE2846F4F7A6FD05
:10CA30000421BB48F6F7D0FD2046F4F79FFD042102
:10CA4000B748F6F737FE2846F4F798FD0421B448B6
:10CA5000F6F7C2FD3046F4F791FD0421B048F6F731
:10CA600029FE2846F4F78AFD0421AD48F6F7B4FD07
:10CA70003046F4F783FD0421A948F6F71BFE6DE16B
:10CA80000421A748F6F7A8FD2046F4F777FD042116
:10CA9000A348F6F70FFE2846F4F770FD0421A048DE
:10CAA000F6F79AFD2046F4F769FD04219C48F6F755
:10CAB00001FE53E104219A48F6F78EFD2046F4F773
:10CAC0005DFD04219648F6F7F5FD2846F4F756FD7E
:10CAD00004219348F6F780FD2046F4F74FFD04212A
:10CAE0008F48F6F7E7FD39E104218D48F6F774FD2C
:10CAF0002046F4F743FD04218948F6F7DBFD28467C
:10CB0000F4F73CFD04218648F6F766FD2046F4F76D
:10CB100035FD04218248F6F7CDFD1FE10421804850
:10CB2000F6F75AFD2046F4F729FD04217C48F6F774
:10CB3000C1FD2846F4F722FD04217948F6F74CFDA3
:10CB40002046F4F71BFD04217548F6F7B3FD05E117
:10CB500004217348F6F740FD2046F4F70FFD042149
:10CB60006F48F6F7A7FD2846F4F708FD04216C4846
:10CB7000F6F732FD2046F4F701FD04216848F6F788
:10CB800099FDEBE004216648F6F726FD2046F4F710
:10CB9000F5FC04216248F6F78DFD2846F4F7EEFC1B
:10CBA00004215F48F6F718FD2046F4F7E7FC04215E
:10CBB0005B48F6F77FFDD1E004215948F6F70CFDFC
:10CBC0002046F4F7DBFC04215548F6F773FD2846B0
:10CBD000F4F7D4FC04215248F6F7FEFC2046F4F7A3
:10CBE000CDFC04214E48F6F765FDB7E004214C4822
:10CBF000F6F7F2FC2046F4F7C1FC04214848F6F7AA
:10CC000059FD2846F4F7BAFC04214548F6F7E4FC40
:10CC10002046F4F7B3FC04214148F6F74BFD9DE0B4
:10CC200004213F48F6F7D8FC2046F4F7A7FC04217E
:10CC30003B48F6F73FFD2846F4F7A0FC04213848AE
:10CC4000F6F7CAFC2046F4F799FC04213448F6F7BD
:10CC500031FD83E004213248F6F7BEFC2046F4F7AC
:10CC60008DFC04212E48F6F725FD2846F4F786FCB6
:10CC700004212B48F6F7B0FC2046F4F77FFC042192
:10CC80002748F6F717FD69E004212548F6F7A4FCCC
:10CC90002046F4F773FC04212148F6F70BFD2846E3
:10CCA000F4F76CFC04211E48F6F796FC2046F4F7D6
:10CCB00065FC04211A48F6F7FDFC4FE004211848F2
:10CCC000F6F78AFC2046F4F759FC04211448F6F7DD
:10CCD000F1FC2846F4F752FC04211148F6F77CFCDD
:10CCE0002046F4F74BFC04210D48F6F7E3FC35E051
:10CCF00004210B48F6F770FC2046F4F73FFC0421B2
:10CD00000748F6F7D7FC2846F4F738FC0421044816
:10CD1000F6F762FC2046F4F731FC0421004801E0FC
:10CD2000F8020020F6F7C6FC18E004210E48F6F7DA
:10CD300053FC2046F4F722FC04210B48F6F7BAFC1A
:10CD40002846F4F71BFC04210748F6F745FC20466B
:10CD5000F4F714FC04210448F6F7ACFC2846BDE8BF
:10CD60007040F4F70BBC0000F802002070B50446D8
:10CD70000E460025606BB04210D0204600F0BEFA8F
:10CD800005465DB960780123324604F13801FDF7AC
:10CD9000C5F810B14FF0FF3601256663284670BD17
:10CDA0002DE9F04707460E4606F11A00FEF7FAFE97
:10CDB00010B10020BDE8F087307820F04000401E20
:10CDC00000EB800101EBC0044FF0010A0025DFF801
:10CDD00050804FF6FF7918F805003044FEF7E2FE68
:10CDE000BAF1000F09D0FF2C01D30020E2E7214661
:10CDF0008246641C27F8110003E0484501D000205A
:10CE0000D8E76D1C0D2DE6D33078400606D5FF2CF3
:10CE100001D30020CEE7002027F814000120C9E745
:10CE200078DB000810B580211A48F3F757FD1A483F
:10CE3000F3F79CFC81B21848FDF798F84FF47A7329
:10CE4000062214491548F6F755FD13490622891D97
:10CE50001048FCF74DFA10B111A0F3F7E5FA0E48AF
:10CE60000C30F3F783FC81B20B480C30FDF77EF8F1
:10CE70000A20F4F783FB08482630F3F777FC81B2E9
:10CE800005482630FDF772F8BDE8104040F6B8308E
:10CE9000F4F774BB385D0020A000002018040020C7
:10CEA000426F6F746C6F616465723A446F6E65486F
:10CEB000616E646C65722C6C6364207368616B6571
:10CEC0002068616E6420726573706F6E64210A0061
:10CED0002DE9F04704460D4617460226022D77D36A
:10CEE000E069A84274D920784FF00109012806D0E2
:10CEF00002283CD003284DD0042869D14AE005EB34
:10CF00005508A06A00EB58212046FFF72FFF064680
:10CF100030005DD1C8F30800204408F1010A383020
:10CF2000E90704D00178FAB262F31F1100E0394634
:10CF3000017084F80390A06A00EB5A212046FFF7A5
:10CF400015FF0646300043D1CAF3080020443830AC
:10CF5000E90702D0C7F3071105E00178C7F3032200
:10CF600001F0F0011143017084F8039030E0A06AF1
:10CF700000EB15212046FFF7F9FE0646300027D1C9
:10CF8000E8B204EB4000B9B2383000F02DF984F873
:10CF900003901DE0A06A00EBD5112046FFF7E6FEE6
:10CFA0000646300014D140F2FF1000EA85002178D7
:10CFB00005193835042905D02846FEF7BCFD67F36E
:10CFC0001B0007462846394600F0E2F884F8039033
:10CFD0003046BDE8F08700002DE9F05F81460E463F
:10CFE000904673730F20F07200203073002106F119
:10CFF0001A0000F0F9F8A8F1010000EB800101EB44
:10D00000C00500242746DFF840B04FF6FF7A5445AC
:10D0100003D028466D1C39F810401BF80700214644
:10D02000304400F0E1F804B954467F1C0D2FEED3D4
:10D03000544502D039F8150008B948F0400886F880
:10D040000080BDE8F09F000078DB0008064801681A
:10D05000064801600449091D096841600249083118
:10D060000968816070470000107AFF1FB8730020C4
:10D070002DE9F04780460F469146D8F80040BA4661
:10D080003E46022F02D3E069B84202D80220BDE832
:10D09000F087B9F1000F0ED02078042803D198F85A
:10D0A0000700022807D04FF0FF3249462046FFF71D
:10D0B0000FFF0028EBD139464046FEF75FFB0546DF
:10D0C000280034D0012D1BD0681C1BD020780428E8
:10D0D00006D0002239462046FFF7FAFE0028D6D1B6
:10D0E000D4E90601891E884205D2401CA06120793E
:10D0F00040F001002071701CA84205D12E4612E0BC
:10D100000220C4E70120C2E72078042809D1A6EB59
:10D110000A02521C002351462046FBF769FF0028F3
:10D12000B5D12E46AA462F46E069B842C3D820782A
:10D13000042817D1B9F1000F04D098F8070003288C
:10D1400004D00FE0002088F807000BE0D8F80800B2
:10D15000484507D8D8F818100844484502D302209B
:10D1600088F80700002092E770B506460C46154681
:10D17000A9B204F11A0000F037F83078032806D17C
:10D18000290C04F11400BDE8704000F02DB870BD0A
:10D190000170090A4170090A8170090AC17070475B
:10D1A0000270120A42EA03621B0A4270120A42EA41
:10D1B00003621B0A8270120A42EA03621B0AC270EF
:10D1C000120A42EA03621B0A0271120A42EA03626D
:10D1D0001B0A4271120A42EA03621B0A8271120A96
:10D1E00042EA0362C27170470170090A41707047D8
:10D1F0002DE9F041054628680669304600F023FC19
:10D200000146B01CFFF7F0FF77787F1C2846E96CD9
:10D21000FCF70DFE044615E0A96B2868FFF7A6FD94
:10D2200004468CB920223146E86BFEF738FF2968A6
:10D230000120C8707F1E07D0203600212846FCF749
:10D240000DFC0446002CE7D024B1012C02D00220B2
:10D25000BDE8F0812046FBE7014600200B22430891
:10D2600003EBC01011F8013B1844C0B2521EF6D1B6
:10D270007047000070B50446204600F03FF80546B0
:10D28000B5BB207803282CD12079012829D142026E
:10D2900004F1380000210646FEF70AFF4AF6552140
:10D2A00004F23620FFF7A0FF12493046FFF770FF67
:10D2B000114904F50770FFF76BFF04F50870A169C9
:10D2C000FFF766FF04F509706169FFF761FF626AA5
:10D2D000521C6263607801233146FCF739FE00205E
:10D2E0002071002260781146FCF70AFE00B101258A
:10D2F000284670BD52526141727241612DE9F04180
:10D3000004460027E07800281FD0666B04F138013E
:10D310006078012332468846FCF71AFE08B10127DF
:10D3200013E00020E070A06A216A301A88420CD213
:10D33000A57808E0206A0644607801233246414619
:10D34000FCF706FE6D1E022DF4D23846BDE8F081D2
:10D3500038B5012221A12448FDF71EF9234C207085
:10D3600040B102461DA122A0F3F75EF83320FAF780
:10D370004DFC38BD024619A127A0F3F755F800224D
:10D3800013461948FCF7B9FF04212E48F6F724F993
:10D390004FF480256B462A462B491348FDF710FBB6
:10D3A000207004212748F6F785F9207810B90098F5
:10D3B000A84202D03320FAF729FC0B48FCF776FF8D
:10D3C000002221491046FCF79BFE10B13720FAF7E6
:10D3D0001DFC4920FAF71AFC38BD00002F6C65705F
:10D3E000726F6D2E62696E00387100206800002037
:10D3F000426F6F744C6F616465723A4F70656E2056
:10D400002573206661696C2C45434F44453D307857
:10D4100025303258480A0000426F6F744C6F6164C7
:10D4200065723A4F70656E2025732073756365735E
:10D43000732C45434F44453D307825303258480AD7
:10D4400000000000F8020020381D00202DE9F04FF8
:10D4500085B004469AA003C8CDE901014FF40068E5
:10D4600099480490012221469848FDF795F8DFF885
:10D47000609289F8000010B13220FAF7C7FB002251
:10D4800013469248FCF739FF99F80020214691A0F5
:10D49000F2F7CAFF8D480569994EEE203070FB20E7
:10D4A00070700820B0700420F0704FF0000A86F809
:10D4B00004A086F805A0280EB071280CF071280A87
:10D4C000307275723320B0723A20F0722F21601CD6
:10D4D000F3F71EF9074600244FF05C0B05E0385DBA
:10D4E0002F2857D031190873641C3846F3F73EF9DA
:10D4F000A042F4D83846F3F739F9814CFF2620448E
:10D5000006733846F3F732F92044FC21417338465C
:10D51000F3F72CF9204486733846F3F727F92044B3
:10D52000C67378A0F2F780FF002441F28836641CAD
:10D53000E4B273490123802280390498F6F7DAF9BE
:10D540006F4880218038F3F7C9F9A9F804A038465C
:10D55000F3F70CF9103081B26948FCF707FD684910
:10D560003346072280390498F6F7C4F90A20F4F705
:10D5700005F86348072201A98038FBF7B9FE0128A6
:10D580000CD00A20F3F7FAFF0A2CD0D94520FAF77D
:10D590003DFBCCE7301980F80CB0A5E70024002053
:10D5A0000390FBF72DFF002780E040F6040154486C
:10D5B000F3F794F9DFF848B18BF80040E0438BF8BB
:10D5C0000100464607EB060AAA4500D9EE1B0421D6
:10D5D0005948F6F701F832465E466B46B11C3B48A7
:10D5E000FDF7EEF989F8000004215348F6F762F8D8
:10D5F000B01C0099FBF7DCFE039099F8000010B115
:10D600003220FAF703FB0021002040F60202335CCF
:10D61000194489B2401C9042F9D3C843010A86F8E4
:10D62000021886F80308002608F1040B761CF6B2EF
:10D63000394642A0F2F7F8FE3149012380228039B1
:10D640000498F6F757F92E4880218038F3F746F909
:10D650001FFA8BF12A48FCF789FC294940F6B833B8
:10D66000022280390498F6F745F958B141A0F2F743
:10D67000DBFE6420F3F782FF0A2ED7D94520FAF7A4
:10D68000C5FAD3E71E4B601C803B02465978C04365
:10D69000C0B2814204D01B789342C7D18142C5D128
:10D6A000641CE4B239A0F2F7BFFE5746AF42FFF464
:10D6B0007CAF0648FCF7FAFD039805B0BDE8F08F93
:10D6C000EEFB01FFFCFFFF0018040020986C002017
:10D6D00068000020426F6F746C6F616465723A4F2E
:10D6E00070656E202573207375636573732C4543D5
:10D6F0004F44453D307825303258482E0A0000000E
:10D70000B85D0020426F6F746C6F616465722D3E6E
:10D710007570646174654C63644170703A53656EF2
:10D720006420646F776E6C6F616420636F6D6D61F0
:10D730006E642E0A00000000F8020020426F6F7431
:10D740006C6F616465722D3E7570646174654C63C5
:10D75000644170703A53656E642066696C6520623E
:10D760006C6F636B20617420307825303858482CFA
:10D770000000000074696D656F7574206F72206918
:10D780006E76616C696420534E210A006F6B210A2A
:10D79000000000002DE9F041ADF51E7D804642AC51
:10D7A0008AAF41463846FDF794F81D4D28702EE0AB
:10D7B00021463846FDF7CEF9287058BBA07E48B305
:10D7C0002E2824D004F11A064FF4807102A8F3F732
:10D7D00085F82F23424613A102A80096F2F730FEE7
:10D7E000207BC00609D502A8FFF7D4FF287070B1CE
:10D7F00028780DF51E7DBDE8F08102A90BA0F2F797
:10D8000013FE02A8FFF722FE296A0844286228783E
:10D810000028CDD03846FCF75EFD2878E9E7000007
:10D82000680000202573256325730000426F6F7424
:10D830006C6F616465723A637263204C6364206646
:10D84000696C653A25730A002DE9F8434FF0010829
:10D85000012245A14748FCF79FFE474D287010B1B3
:10D860003120FAF7D3F92A783FA144A0F2F7DCFD82
:10D8700040484FF470230021D0E904209A1A8141D6
:10D8800002D23820FAF7C2F9F3F722FF4FF47A7682
:10D890003046F3F773FE454943480860F3F730FB21
:10D8A00010B13520FAF7B2F93046F3F767FE404C75
:10D8B0004FF470212046FBF7D9FB3046F3F75EFEAC
:10D8C0003CA0F2F7B1FD4648E8602C610027FBF769
:10D8D00097FD2EE004214348F5F77EFE4FF4804487
:10D8E0006B4622463E492348FDF76AF804213D482D
:10D8F000F5F7E0FE3A480099FBF75AFD0746009815
:10D90000A860A04201D24FF0000800240AE0E868B5
:10D91000015928692044F3F777FB10B14320FAF747
:10D9200075F9241DA8688442F1D32869A9680844C0
:10D930002861B8F1000FCDD12C692B4D04E0FF20F8
:10D94000FBF74EFD0746641CAC42F8D3F3F778FEB4
:10D950003046F3F713FE25A0F2F766FD0548FCF705
:10D96000A5FC3846BDE8F8832F6C645F6D63752EA7
:10D9700062696E00486A002068000020426F6F7480
:10D980006C6F616465723A4F70656E202573207309
:10D9900075636573732C45434F44453D307825309E
:10D9A0003258482E0A000000910001000C3C024051
:10D9B00000000108426F6F746C6F616465723A45D4
:10D9C00072617365206D6375206170706C6963614D
:10D9D00074696F6E207375636573732E0A0000009F
:10D9E000381D0020F8020020FFFF0F08426F6F74FF
:10D9F0006C6F616465723A5772697465206D637506
:10DA0000206170702066696E6973682E0A000000DC
:10DA100070B504460E460925002C0DD0206858B17B
:10DA2000017849B1A188C288914205D14078FCF7BC
:10DA300083FAC00700D100251DB1002030602846C0
:10DA400070BD2068FAE730B504466078401C430199
:10DA5000002001464FF400450EE0022903D0C20722
:10DA600003D02A4602E0032105E0002202EB500029
:10DA7000625C104480B2491C9942EED330BD70B54F
:10DA8000054600244FF4004615E0FDF775FAE1075E
:10DA900001D0314600E0002101EB5401C2B2114433
:10DAA00089B2CA0701D0324600E0002202EB5101E0
:10DAB00001EB102084B235F8020B0028E5D1204696
:10DAC00070BD4FF04070E1EE100A704745710008DC
:10DAD000FD710008B971000815720008497100084D
:10DAE000000000000000000001020304060708090E
:10DAF0000000000001020304809A45418E418F809E
:10DB00004545454949498E8F9092924F994F5555B9
:10DB100059999A9B9C9D9E9F41494F55A5A5A6A7A3
:10DB2000A8A9AAABACADAEAFB0B1B2B3B4B5B6B7FD
:10DB3000B8B9BABBBCBDBEBFC0C1C2C3C4C5C6C7ED
:10DB4000C8C9CACBCCCDCECFD0D1D2D3D4D5D6D7DD
:10DB5000D8D9DADBDCDDDEDFE0E1E2E3E4E5E6E7CD
:10DB6000E8E9EAEBECEDEEEFF0F1F2F3F4F5F6F7BD
:10DB7000F8F9FAFBFCFDFEFF01030507090E101280
:10DB80001416181C1E00C700FC00E900E200E400A7
:10DB9000E000E500E700EA00EB00E800EF00EE003F
:10DBA000EC00C400C500C900E600C600F400F600A1
:10DBB000F200FB00F900FF00D600DC00A200A30089
:10DBC000A500A7209201E100ED00F300FA00F100AA
:10DBD000D100AA00BA00BF001023AC00BD00BC00F9
:10DBE000A100AB00BB009125922593250225242599
:10DBF00061256225562555256325512557255D2527
:10DC00005C255B251025142534252C251C25002595
:10DC10003C255E255F255A25542569256625602506
:10DC200050256C25672568256425652559255825C7
:10DC3000522553256B256A2518250C258825842512
:10DC40008C2590258025B103DF009303C003A30337
:10DC5000C303B500C403A6039803A903B4031E229B
:10DC6000C603B50329226122B10065226422202364
:10DC70002123F7004822B0001922B7001A227F2082
:10DC8000B200A025A00061001A03E0001703F8000D
:10DC90000703FF0001007801000130013201060195
:10DCA000390110014A012E017901060180014D0060
:10DCB000430281018201820184018401860187017E
:10DCC000870189018A018B018B018D018E018F01F2
:10DCD00090019101910193019401F6019601970140
:10DCE000980198013D029B019C019D0120029F012A
:10DCF000A001A001A201A201A401A401A601A70103
:10DD0000A701A901AA01AB01AC01AC01AE01AF01B1
:10DD1000AF01B101B201B301B301B501B501B70162
:10DD2000B801B801BA01BB01BC01BC01BE01F701D9
:10DD3000C001C101C201C301C401C501C401C701C1
:10DD4000C801C701CA01CB01CA01CD011001DD0123
:10DD500001008E01DE011201F3010300F101F40163
:10DD6000F401F8012801220212013A020900652C8F
:10DD70003B023B023D02662C3F024002410241024F
:10DD800046020A01530240008101860155028901C1
:10DD90008A0158028F015A0290015C025D025E0204
:10DDA0005F029301610262029401640265026602ED
:10DDB0006702970196016A02622C6C026D026E0284
:10DDC0009C01700271029D01730274029F01760230
:10DDD0007702780279027A027B027C02642C7E024E
:10DDE0007F02A60181028202A901840285028602C5
:10DDF0008702AE014402B101B20145028D028E02DA
:10DE00008F0290029102B7017B030300FD03FE0322
:10DE1000FF03AC0304008603880389038A03B1036C
:10DE20001103C2030200A303A303C4030803CC032A
:10DE300003008C038E038F03D8031801F2030A003A
:10DE4000F903F303F403F503F603F703F703F90308
:10DE5000FA03FA033004200350041007600422017F
:10DE60008A043601C1040E01CF040100C004D004AD
:10DE700044016105260400007D1D0100632C001E85
:10DE80009601A01E5A01001F0806101F0606201F3B
:10DE90000806301F0806401F0606511F0700591FBD
:10DEA000521F5B1F541F5D1F561F5F1F601F080618
:10DEB000701F0E00BA1FBB1FC81FC91FCA1FCB1F70
:10DEC000DA1FDB1FF81FF91FEA1FEB1FFA1FFB1FEA
:10DED000801F0806901F0806A01F0806B01F040038
:10DEE000B81FB91FB21FBC1FCC1F0100C31FD01F1A
:10DEF0000206E01F0206E51F0100EC1FF21F0100F1
:10DF0000FC1F4E21010032217021100284210100EA
:10DF10008321D0241A05302C2F04602C0201672C99
:10DF20000601752C0201802C6401002D260841FF9A
:10DF30001A03000000002110422063308440A550E5
:10DF4000C660E770088129914AA16BB18CC1ADD13F
:10DF5000CEE1EFF13112100273325222B5529442E7
:10DF6000F772D662399318837BB35AA3BDD39CC38F
:10DF7000FFF3DEE36224433420040114E664C77433
:10DF8000A44485546AA54BB528850995EEE5CFF5DF
:10DF9000ACC58DD55336722611163006D776F66687
:10DFA0009556B4465BB77AA719973887DFF7FEE72F
:10DFB0009DD7BCC7C448E5588668A7784008611853
:10DFC00002282338CCC9EDD98EE9AFF9488969997F
:10DFD0000AA92BB9F55AD44AB77A966A711A500A27
:10DFE000333A122AFDDBDCCBBFFB9EEB799B588BCF
:10DFF0003BBB1AABA66C877CE44CC55C222C033C73
:10E00000600C411CAEED8FFDECCDCDDD2AAD0BBD1E
:10E01000688D499D977EB66ED55EF44E133E322EC6
:10E02000511E700E9FFFBEEFDDDFFCCF1BBF3AAF6E
:10E03000599F788F8891A981CAB1EBA10CD12DC1CC
:10E040004EF16FE18010A100C230E3200450254062
:10E0500046706760B9839893FBA3DAB33DC31CD3C2
:10E060007FE35EF3B1029012F322D23235421452B2
:10E0700077625672EAB5CBA5A89589856EF54FE50E
:10E080002CD50DC5E234C324A01481046674476402
:10E0900024540544DBA7FAB79987B8975FE77EF762
:10E0A0001DC73CD7D326F2369106B0165766767652
:10E0B000154634564CD96DC90EF92FE9C899E9892E
:10E0C0008AB9ABA94458654806782768C018E108A2
:10E0D0008238A3287DCB5CDB3FEB1EFBF98BD89B02
:10E0E000BBAB9ABB754A545A376A167AF10AD01AF2
:10E0F000B32A923A2EFD0FED6CDD4DCDAABD8BAD4E
:10E10000E89DC98D267C076C645C454CA23C832C41
:10E11000E01CC10C1FEF3EFF5DCF7CDF9BAFBABFA1
:10E12000D98FF89F176E367E554E745E932EB23E91
:10E13000D10EF01E00000000963007772C610EEE25
:10E14000BA51099919C46D078FF46A7035A563E94E
:10E15000A395649E3288DB0EA4B8DC791EE9D5E075
:10E1600088D9D2972B4CB609BD7CB17E072DB8E774
:10E17000911DBF906410B71DF220B06A4871B9F3C9
:10E18000DE41BE847DD4DA1AEBE4DD6D51B5D4F402
:10E19000C785D38356986C13C0A86B647AF962FD67
:10E1A000ECC9658A4F5C0114D96C0663633D0FFAB4
:10E1B000F50D088DC8206E3B5E10694CE44160D5BA
:10E1C000727167A2D1E4033C47D4044BFD850DD2A4
:10E1D0006BB50AA5FAA8B5356C98B242D6C9BBDBB7
:10E1E00040F9BCACE36CD832755CDF45CF0DD6DCB2
:10E1F000593DD1ABAC30D9263A00DE518051D7C859
:10E200001661D0BFB5F4B42123C4B3569995BACFE3
:10E210000FA5BDB89EB802280888055FB2D90CC604
:10E2200024E90BB1877C6F2F114C6858AB1D61C17D
:10E230003D2D66B69041DC760671DB01BC20D2989C
:10E240002A10D5EF8985B1711FB5B606A5E4BF9F29
:10E2500033D4B8E8A2C9077834F9000F8EA809961C
:10E2600018980EE1BB0D6A7F2D3D6D08976C649187
:10E27000015C63E6F4516B6B62616C1CD8306585A0
:10E280004E0062F2ED95066C7BA5011BC1F408827D
:10E2900057C40FF5C6D9B06550E9B712EAB8BE8BBE
:10E2A0007C88B9FCDF1DDD62492DDA15F37CD38C47
:10E2B000654CD4FB5861B24DCE51B53A7400BCA345
:10E2C000E230BBD441A5DF4AD795D83D6DC4D1A477
:10E2D000FBF4D6D36AE96943FCD96E34468867AD4E
:10E2E000D0B860DA732D0444E51D03335F4C0AAAED
:10E2F000C97C0DDD3C710550AA41022710100BBEF0
:10E3000086200CC925B56857B3856F2009D466B936
:10E310009FE461CE0EF9DE5E98C9D9292298D0B06B
:10E32000B4A8D7C7173DB359810DB42E3B5CBDB718
:10E33000AD6CBAC02083B8EDB6B3BF9A0CE2B60399
:10E340009AD2B1743947D5EAAF77D29D1526DB044E
:10E350008316DC73120B63E3843B64943E6A6D0D99
:10E36000A85A6A7A0BCF0EE49DFF099327AE000AE4
:10E37000B19E077D44930FF0D2A3088768F2011E77
:10E38000FEC206695D5762F7CB67658071366C190E
:10E39000E7066B6E761BD4FEE02BD3895A7ADA102F
:10E3A000CC4ADD676FDFB9F9F9EFBE8E43BEB71710
:10E3B000D58EB060E8A3D6D67E93D1A1C4C2D8389A
:10E3C00052F2DF4FF167BBD16757BCA6DD06B53F00
:10E3D0004B36B248DA2B0DD84C1B0AAFF64A03363F
:10E3E000607A0441C3EF60DF55DF67A8EF8E6E31BE
:10E3F00079BE69468CB361CB1A8366BCA0D26F2507
:10E4000036E2685295770CCC03470BBBB916022253
:10E410002F260555BE3BBAC5280BBDB2925AB42B68
:10E42000046AB35CA7FFD7C231CFD0B58B9ED92C7D
:10E430001DAEDE5BB0C2649B26F263EC9CA36A75E2
:10E440000A936D02A906099C3F360EEB8567077299
:10E4500013570005824ABF95147AB8E2AE2BB17B00
:10E46000381BB60C9B8ED2920DBED5E5B7EFDC7C87
:10E4700021DFDB0BD4D2D38642E2D4F1F8B3DD68DE
:10E480006E83DA1FCD16BE815B26B9F6E177B06FD9
:10E490007747B718E65A0888706A0FFFCA3B0666C6
:10E4A0005C0B0111FF9E658F69AE62F8D3FF6B6153
:10E4B00045CF6C1678E20AA0EED20DD75483044EF5
:10E4C000C2B30339612667A7F71660D04D47694983
:10E4D000DB776E3E4A6AD1AEDC5AD6D9660BDF4096
:10E4E000F03BD83753AEBCA9C59EBBDE7FCFB24749
:10E4F000E9FFB5301CF2BDBD8AC2BACA3093B3532E
:10E50000A6A3B4240536D0BA9306D7CD2957DE5436
:10E51000BF67D9232E7A66B3B84A61C4021B685D0F
:10E52000942B6F2A37BE0BB4A18E0CC31BDF055A88
:10E530008DEF022D303132333435363738394142A0
:10E540004344454640305800303132333435363755
:10E550003839616263646566403078000400000801
:10E560000000000000000002000100001000000098
:10E570004D534300426F6F746C6F616465723A551E
:10E580007064617465206C636420617070206E65D6
:10E5900077206372633332207375636573732C77EE
:10E5A00061697420363073206C6364207570677203
:10E5B00061646520646F6E650A00000004FE000857
:10E5C00000000020F8000000C4010008FCFE000864
:10E5D000F800002030A30000E00100080000000067
:10E5E000000000000000000000000000000000002B
:10E5F000000000000000000000000000000000001B
:10E60000000000000000000000000000000000000A
:10E6100000000000000000000000000000000000FA
:10E6200000000000000000000000000000000000EA
:10E6300000000000000000000000000000000000DA
:10E6400000000000000000000000000000000000CA
:10E6500000000000000000000000000000000000BA
:10E6600000000000000000000000000000000000AA
:10E67000000000000000000000000000000000009A
:10E68000000000000000000000000000000000008A
:10E69000000000000000000000000000000000007A
:10E6A000000000000000000000000000000000006A
:10E6B000000000000000000000000000000000005A
:10E6C000000000000000000000000000000000004A
:10E6D000000000000000000000000000000000003A
:10E6E000000000000000000000000000000000002A
:10E6F000000000000000000000000000000000001A
:10E700000000000000000000000000000000000009
:10E7100000000000000000000000000000000000F9
:10E7200000000000000000000000000000000000E9
:10E7300000000000000000000000000000000000D9
:10E7400000000000000000000000000000000000C9
:10E7500000000000000000000000000000000000B9
:10E7600000000000000000000000000000000000A9
:10E770000000000000000000000000000000000099
:10E780000000000000000000000000000000000089
:10E790000000000000000000000000000000000079
:10E7A0000000000000000000000000000000000069
:10E7B0000000000000000000000000000000000059
:10E7C0000000000000000000000000000000000049
:10E7D0000000000000000000000000000000000039
:10E7E0000000000000000000000000000000000029
:10E7F0000000000000000000000000000000000019
:10E800000000000000000000000000000000000008
:10E8100000000000000000000000000000000000F8
:10E8200000000000000000000000000000000000E8
:10E8300000000000000000000000000000000000D8
:10E8400000000000000000000000000000000000C8
:10E8500000000000000000000000000000000000B8
:10E8600000000000000000000000000000000000A8
:10E870000000000000000000000000000000000098
:10E880000000000000000000000000000000000088
:10E890000000000000000000000000000000000078
:10E8A0000000000000000000000000000000000068
:10E8B0000000000000000000000000000000000058
:10E8C0000000000000000000000000000000000048
:10E8D0000000000000000000000000000000000038
:10E8E0000000000000000000000000000000000028
:10E8F0000000000000000000000000000000000018
:10E900000000000000000000000000000000000007
:10E9100000000000000000000000000000000000F7
:10E9200000000000000000000000000000000000E7
:10E9300000000000000000000000000000000000D7
:10E9400000000000000000000000000000000000C7
:10E9500000000000000000000000000000000000B7
:10E9600000000000000000000000000000000000A7
:10E970000000000000000000000000000000000097
:10E980000000000000000000000000000000000087
:10E990000000000000000000000000000000000077
:10E9A0000000000000000000000000000000000067
:10E9B0000000000000000000000000000000000057
:10E9C0000000000000000000000000000000000047
:10E9D0000000000000000000000000000000000037
:10E9E0000000000000000000000000000000000027
:10E9F0000000000000000000000000000000000017
:10EA00000000000000000000000000000000000006
:10EA100000000000000000000000000000000000F6
:10EA200000000000000000000000000000000000E6
:10EA300000000000000000000000000000000000D6
:10EA400000000000000000000000000000000000C6
:10EA500000000000000000000000000000000000B6
:10EA600000000000000000000000000000000000A6
:10EA70000000000000000000000000000000000096
:10EA80000000000000000000000000000000000086
:10EA90000000000000000000000000000000000076
:10EAA0000000000000000000000000000000000066
:10EAB0000000000000000000000000000000000056
:10EAC0000000000000000000000000000000000046
:10EAD0000000000000000000000000000000000036
:10EAE0000000000000000000000000000000000026
:10EAF0000000000000000000000000000000000016
:10EB00000000000000000000000000000000000005
:10EB100000000000000000000000000000000000F5
:10EB200000000000000000000000000000000000E5
:10EB300000000000000000000000000000000000D5
:10EB400000000000000000000000000000000000C5
:10EB500000000000000000000000000000000000B5
:10EB600000000000000000000000000000000000A5
:10EB70000000000000000000000000000000000095
:10EB80000000000000000000000000000000000085
:10EB90000000000000000000000000000000000075
:10EBA0000000000000000000000000000000000065
:10EBB0000000000000000000000000000000000055
:10EBC0000000000000000000000000000000000045
:10EBD0000000000000000000000000000000000035
:10EBE0000000000000000000000000000000000025
:10EBF0000000000000000000000000000000000015
:10EC00000000000000000000000000000000000004
:10EC100000000000000000000000000000000000F4
:10EC200000000000000000000000000000000000E4
:10EC300000000000000000000000000000000000D4
:10EC400000000000000000000000000000000000C4
:10EC500000000000000000000000000000000000B4
:10EC600000000000000000000000000000000000A4
:10EC70000000000000000000000000000000000094
:10EC80000000000000000000000000000000000084
:10EC90000000000000000000000000000000000074
:10ECA0000000000000000000000000000000000064
:10ECB0000000000000000000000000000000000054
:10ECC0000000000000000000000000000000000044
:10ECD0000000000000000000000000000000000034
:10ECE0000000000000000000000000000000000024
:10ECF0000000000000000000000000000000000014
:10ED00000000000000000000000000000000000003
:10ED100000000000000000000000000000000000F3
:10ED200000000000000000000000000000000000E3
:10ED300000000000000000000000000000000000D3
:10ED400000000000000000000000000000000000C3
:10ED500000000000000000000000000000000000B3
:10ED600000000000000000000000000000000000A3
:10ED70000000000000000000000000000000000093
:10ED80000000000000000000000000000000000083
:10ED90000000000000000000000000000000000073
:10EDA0000000000000000000000000000000000063
:10EDB0000000000000000000000000000000000053
:10EDC0000000000000000000000000000000000043
:10EDD0000000000000000000000000000000000033
:10EDE0000000000000000000000000000000000023
:10EDF0000000000000000000000000000000000013
:10EE00000000000000000000000000000000000002
:10EE100000000000000000000000000000000000F2
:10EE200000000000000000000000000000000000E2
:10EE300000000000000000000000000000000000D2
:10EE400000000000000000000000000000000000C2
:10EE500000000000000000000000000000000000B2
:10EE600000000000000000000000000000000000A2
:10EE70000000000000000000000000000000000092
:10EE80000000000000000000000000000000000082
:10EE90000000000000000000000000000000000072
:10EEA0000000000000000000000000000000000062
:10EEB0000000000000000000000000000000000052
:10EEC0000000000000000000000000000000000042
:10EED0000000000000000000000000000000000032
:10EEE0000000000000000000000000000000000022
:10EEF0000000000000000000000000000000000012
:10EF00000000000000000000000000000000000001
:10EF100000000000000000000000000000000000F1
:10EF200000000000000000000000000000000000E1
:10EF300000000000000000000000000000000000D1
:10EF400000000000000000000000000000000000C1
:10EF500000000000000000000000000000000000B1
:10EF600000000000000000000000000000000000A1
:10EF70000000000000000000000000000000000091
:10EF80000000000000000000000000000000000081
:10EF90000000000000000000000000000000000071
:10EFA0000000000000000000000000000000000061
:10EFB0000000000000000000000000000000000051
:10EFC0000000000000000000000000000000000041
:10EFD0000000000000000000000000000000000031
:10EFE0000000000000000000000000000000000021
:10EFF0000000000000000000000000000000000011
:10F000000000000000000000000000000000000000
:10F0100000000000000000000000000000000000F0
:10F0200000000000000000000000000000000000E0
:10F0300000000000000000000000000000000000D0
:10F0400000000000000000000000000000000000C0
:10F0500000000000000000000000000000000000B0
:10F0600000000000000000000000000000000000A0
:10F070000000000000000000000000000000000090
:10F080000000000000000000000000000000000080
:10F090000000000000000000000000000000000070
:10F0A0000000000000000000000000000000000060
:10F0B0000000000000000000000000000000000050
:10F0C0000000000000000000000000000000000040
:10F0D0000000000000000000000000000000000030
:10F0E0000000000000000000000000000000000020
:10F0F0000000000000000000000000000000000010
:10F1000000000000000000000000000000000000FF
:10F1100000000000000000000000000000000000EF
:10F1200000000000000000000000000000000000DF
:10F1300000000000000000000000000000000000CF
:10F1400000000000000000000000000000000000BF
:10F1500000000000000000000000000000000000AF
:10F16000000000000000000000000000000000009F
:10F17000000000000000000000000000000000008F
:10F18000000000000000000000000000000000007F
:10F19000000000000000000000000000000000006F
:10F1A000000000000000000000000000000000005F
:10F1B000000000000000000000000000000000004F
:10F1C000000000000000000000000000000000003F
:10F1D000000000000000000000000000000000002F
:10F1E000000000000000000000000000000000001F
:10F1F000000000000000000000000000000000000F
:10F2000000000000000000000000000000000000FE
:10F2100000000000000000000000000000000000EE
:10F2200000000000000000000000000000000000DE
:10F2300000000000000000000000000000000000CE
:10F2400000000000000000000000000000000000BE
:10F2500000000000000000000000000000000000AE
:10F26000000000000000000000000000000000009E
:10F27000000000000000000000000000000000008E
:10F28000000000000000000000000000000000007E
:10F29000000000000000000000000000000000006E
:10F2A000000000000000000000000000000000005E
:10F2B000000000000000000000000000000000004E
:10F2C000000000000000000000000000000000003E
:10F2D000000000000000000000000000000000002E
:10F2E000000000000000000000000000000000001E
:10F2F000000000000000000000000000000000000E
:10F3000000000000000000000000000000000000FD
:10F3100000000000000000000000000000000000ED
:10F3200000000000000000000000000000000000DD
:10F3300000000000000000000000000000000000CD
:10F3400000000000000000000000000000000000BD
:10F3500000000000000000000000000000000000AD
:10F36000000000000000000000000000000000009D
:10F37000000000000000000000000000000000008D
:10F38000000000000000000000000000000000007D
:10F39000000000000000000000000000000000006D
:10F3A000000000000000000000000000000000005D
:10F3B000000000000000000000000000000000004D
:10F3C000000000000000000000000000000000003D
:10F3D000000000000000000000000000000000002D
:10F3E000000000000000000000000000000000001D
:10F3F000000000000000000000000000000000000D
:10F4000000000000000000000000000000000000FC
:10F4100000000000000000000000000000000000EC
:10F4200000000000000000000000000000000000DC
:10F4300000000000000000000000000000000000CC
:10F4400000000000000000000000000000000000BC
:10F4500000000000000000000000000000000000AC
:10F46000000000000000000000000000000000009C
:10F47000000000000000000000000000000000008C
:10F48000000000000000000000000000000000007C
:10F49000000000000000000000000000000000006C
:10F4A000000000000000000000000000000000005C
:10F4B000000000000000000000000000000000004C
:10F4C000000000000000000000000000000000003C
:10F4D000000000000000000000000000000000002C
:10F4E000000000000000000000000000000000001C
:10F4F000000000000000000000000000000000000C
:10F5000000000000000000000000000000000000FB
:10F5100000000000000000000000000000000000EB
:10F5200000000000000000000000000000000000DB
:10F5300000000000000000000000000000000000CB
:10F5400000000000000000000000000000000000BB
:10F5500000000000000000000000000000000000AB
:10F56000000000000000000000000000000000009B
:10F57000000000000000000000000000000000008B
:10F58000000000000000000000000000000000007B
:10F59000000000000000000000000000000000006B
:10F5A000000000000000000000000000000000005B
:10F5B000000000000000000000000000000000004B
:10F5C000000000000000000000000000000000003B
:10F5D000000000000000000000000000000000002B
:10F5E000000000000000000000000000000000001B
:10F5F000000000000000000000000000000000000B
:10F6000000000000000000000000000000000000FA
:10F6100000000000000000000000000000000000EA
:10F6200000000000000000000000000000000000DA
:10F6300000000000000000000000000000000000CA
:10F6400000000000000000000000000000000000BA
:10F6500000000000000000000000000000000000AA
:10F66000000000000000000000000000000000009A
:10F67000000000000000000000000000000000008A
:10F68000000000000000000000000000000000007A
:10F69000000000000000000000000000000000006A
:10F6A000000000000000000000000000000000005A
:10F6B000000000000000000000000000000000004A
:10F6C000000000000000000000000000000000003A
:10F6D000000000000000000000000000000000002A
:10F6E000000000000000000000000000000000001A
:10F6F000000000000000000000000000000000000A
:10F7000000000000000000000000000000000000F9
:10F7100000000000000000000000000000000000E9
:10F7200000000000000000000000000000000000D9
:10F7300000000000000000000000000000000000C9
:10F7400000000000000000000000000000000000B9
:10F7500000000000000000000000000000000000A9
:10F760000000000000000000000000000000000099
:10F770000000000000000000000000000000000089
:10F780000000000000000000000000000000000079
:10F790000000000000000000000000000000000069
:10F7A0000000000000000000000000000000000059
:10F7B0000000000000000000000000000000000049
:10F7C0000000000000000000000000000000000039
:10F7D0000000000000000000000000000000000029
:10F7E0000000000000000000000000000000000019
:10F7F0000000000000000000000000000000000009
:10F8000000000000000000000000000000000000F8
:10F8100000000000000000000000000000000000E8
:10F8200000000000000000000000000000000000D8
:10F8300000000000000000000000000000000000C8
:10F8400000000000000000000000000000000000B8
:10F8500000000000000000000000000000000000A8
:10F860000000000000000000000000000000000098
:10F870000000000000000000000000000000000088
:10F880000000000000000000000000000000000078
:10F890000000000000000000000000000000000068
:10F8A0000000000000000000000000000000000058
:10F8B0000000000000000000000000000000000048
:10F8C0000000000000000000000000000000000038
:10F8D0000000000000000000000000000000000028
:10F8E0000000000000000000000000000000000018
:10F8F0000000000000000000000000000000000008
:10F9000000000000000000000000000000000000F7
:10F9100000000000000000000000000000000000E7
:10F9200000000000000000000000000000000000D7
:10F9300000000000000000000000000000000000C7
:10F9400000000000000000000000000000000000B7
:10F9500000000000000000000000000000000000A7
:10F960000000000000000000000000000000000097
:10F970000000000000000000000000000000000087
:10F980000000000000000000000000000000000077
:10F990000000000000000000000000000000000067
:10F9A0000000000000000000000000000000000057
:10F9B0000000000000000000000000000000000047
:10F9C0000000000000000000000000000000000037
:10F9D0000000000000000000000000000000000027
:10F9E0000000000000000000000000000000000017
:10F9F0000000000000000000000000000000000007
:10FA000000000000000000000000000000000000F6
:10FA100000000000000000000000000000000000E6
:10FA200000000000000000000000000000000000D6
:10FA300000000000000000000000000000000000C6
:10FA400000000000000000000000000000000000B6
:10FA500000000000000000000000000000000000A6
:10FA60000000000000000000000000000000000096
:10FA70000000000000000000000000000000000086
:10FA80000000000000000000000000000000000076
:10FA90000000000000000000000000000000000066
:10FAA0000000000000000000000000000000000056
:10FAB0000000000000000000000000000000000046
:10FAC0000000000000000000000000000000000036
:10FAD0000000000000000000000000000000000026
:10FAE0000000000000000000000000000000000016
:10FAF0000000000000000000000000000000000006
:10FB000000000000000000000000000000000000F5
:10FB100000000000000000000000000000000000E5
:10FB200000000000000000000000000000000000D5
:10FB300000000000000000000000000000000000C5
:10FB400000000000000000000000000000000000B5
:10FB500000000000000000000000000000000000A5
:10FB60000000000000000000000000000000000095
:10FB70000000000000000000000000000000000085
:10FB80000000000000000000000000000000000075
:10FB90000000000000000000000000000000000065
:10FBA0000000000000000000000000000000000055
:10FBB0000000000000000000000000000000000045
:10FBC0000000000000000000000000000000000035
:10FBD0000000000000000000000000000000000025
:10FBE0000000000000000000000000000000000015
:10FBF0000000000000000000000000000000000005
:10FC000000000000000000000000000000000000F4
:10FC100000000000000000000000000000000000E4
:10FC200000000000000000000000000000000000D4
:10FC300000000000000000000000000000000000C4
:10FC400000000000000000000000000000000000B4
:10FC500000000000000000000000000000000000A4
:10FC60000000000000000000000000000000000094
:10FC70000000000000000000000000000000000084
:10FC80000000000000000000000000000000000074
:10FC90000000000000000000000000000000000064
:10FCA0000000000000000000000000000000000054
:10FCB0000000000000000000000000000000000044
:10FCC0000000000000000000000000000000000034
:10FCD0000000000000000000000000000000000024
:10FCE0000000000000000000000000000000000014
:10FCF0000000000000000000000000000000000004
:10FD000000000000000000000000000000000000F3
:10FD100000000000000000000000000000000000E3
:10FD200000000000000000000000000000000000D3
:10FD300000000000000000000000000000000000C3
:10FD400000000000000000000000000000000000B3
:10FD500000000000000000000000000000000000A3
:10FD60000000000000000000000000000000000093
:10FD70000000000000000000000000000000000083
:10FD80000000000000000000000000000000000073
:10FD90000000000000000000000000000000000063
:10FDA0000000000000000000000000000000000053
:10FDB0000000000000000000000000000000000043
:10FDC0000000000000000000000000000000000033
:10FDD0000000000000000000000000000000000023
:10FDE0000000000000000000000000000000000013
:10FDF0000000000000000000000000000000000003
:10FE0000323200000000000000000000000000008E
:10FE100000000000000000000000000000000000E2
:10FE200000000000010000000000000000000000D1
:10FE300000000000010000001000000000000000B1
:10FE40000024F400000000000000000070E500083D
:10FE50000800000061610008156100081D600008CD
:10FE6000716200086B6A00080000000000000000DA
:10FE70000000000000000000000000000000010879
:10FE80000000000000000000000000000000000072
:10FE90000000000000000000000000000000000062
:10FEA00000000000EE04FFFCFFFFEE55FFFCFFFF2B
:10FEB00061787263656B676479687473756E717766
:10FEC000706A627669666F6D7A6CEEABBAAABB3601
:10FED0003FFFFCFFFFEE07355A53A5FFFCFFFF0075
:10FEE0000000000000000000000000000000000012
:0CFEF00000000000000000000000000006
:040000050800018965
:00000001FF
