:020000040800F2
:10000000504A00209D010008A54A000875380008E4
:10001000A14A0008CD020008598500080000000030
:10002000000000000000000000000000BD4A0008C1
:100030005D03000800000000B94A0008BF4A00083C
:10004000B7010008B7010008B7010008B7010008B0
:10005000B7010008BB4A0008B7010008B701000853
:10006000B7010008B7010008B7010008B701000890
:10007000B7010008B7010008B7010008B701000880
:10008000B7010008B7010008B7010008B701000870
:10009000B7010008B7010008B7010008B701000860
:1000A000B7010008914B0008B7010008B70100082C
:1000B000B7010008B7010008B70100087938000847
:1000C000B7010008B7010008B7010008B701000830
:1000D000B7010008B7010008B7010008B701000820
:1000E000B7010008B7010008B7010008B701000810
:1000F000B7010008A14B0008B7010008B7010008CC
:10010000B7010008B7010008B7010008B7010008EF
:10011000094D0008B7010008B7010008B701000841
:10012000B7010008B7010008B7010008B7010008CF
:10013000B70100080000000000000000B70100083F
:10014000B7010008B7010008B7010008A94A000874
:10015000B7010008B7010008B7010008B70100089F
:10016000B7010008B7010008B7010008B70100088F
:10017000B7010008B70100080000000000000000FF
:10018000B7010008B7010008DFF80CD000F08CF8C8
:100190000048004705860008504A0020064880476E
:1001A00006480047FEE7FEE7FEE7FEE7FEE7FEE75C
:1001B000FEE7FEE7FEE7FEE77D4B00088901000849
:1001C0002DE9F05F0546002092469B46884606468C
:1001D000814640241BE0284641464746224600F01F
:1001E00053F853465A46C01A914110D31146184647
:1001F000224600F03AF82D1A67EB01084F462246D6
:100200000120002100F031F817EB00094E41201EBB
:10021000A4F10104DFDC484631462A464346BDE8E6
:10022000F09F40EA01039B0703D009E008C9121FB1
:1002300008C0042AFAD203E011F8013B00F8013BA0
:10024000521EF9D27047D2B201E000F8012B491ECC
:10025000FBD270470022F6E710B513460A46044663
:100260001946FFF7F0FF204610BD202A04DB203A94
:1002700000FA02F1002070479140C2F1200320FAF9
:1002800003F3194390407047202A04DB203A21FAF7
:1002900002F00021704721FA02F3D040C2F120029F
:1002A0009140084319467047064C074D06E0E06848
:1002B00040F0010394E8070098471034AC42F6D3AD
:1002C000FFF766FFDC860008FC86000800BFFEE73B
:1002D00070B50446002505E0002104F5617040F882
:1002E00025106D1C102DF7D3002504E0002104F526
:1002F0008E7041556D1CB5F5007FF7D3002020703E
:1003000060700120A0700020C4F8C4030121217690
:100310004021A1710021617684F81C13012184F829
:100320001D13002184F81F1384F81E134FF48071ED
:1003300004F11C00FFF78EFF4FF4007104F58E707E
:10034000FFF788FF122104F22630FFF783FF3E21DA
:1003500004F54E70FFF77EFF002070BD704772B647
:1003600000BFFEE730B504460D4600222946204670
:1003700000F002F830BD0000F0B50346012500246E
:100380001148407A01281CDA00200F4E767A0E4F71
:10039000B8553846467A001D40F82630001F467A88
:1003A000083082553E46707A461C7E72044604F13F
:1003B000300008703A2048702F2088700020C870E4
:1003C00000252846F0BD0000440A002070B5044610
:1003D000A56D00F07DF9064694F83500022808D096
:1003E0008020606500BF002084F8340000BF012039
:1003F00070BD2068006820F0160021680860206841
:10040000406920F0800021684861206C08B9A06C28
:1004100028B12068006820F0080021680860206882
:10042000006820F001002168086010E000F050F939
:10043000801B05280BD920206065032084F8350037
:1004400000BF002084F8340000BF0320D0E72068FC
:10045000006800F001000028E8D194F85C103F200B
:100460008840A860012084F8350000BF002084F88F
:10047000340000BF00BFBBE7014691F835000228F9
:1004800003D08020486501207047052081F83500A1
:100490000868006820F001000A6810600020F3E797
:1004A000014691F83500704770B5044600F010F928
:1004B00006462546681C10B104480078054400BF74
:1004C00000F006F9801BA842FAD370BD100000208E
:1004D000F8B502460B460025002400200021D6E096
:1004E000012606FA01F51E6806EA0504AC4274D13D
:1004F0001E7906F00306012E04D01E7906F00306CD
:10050000022E13D190684F000326BE40B0434F0027
:10051000DE68BE4030439060506801268E40B04394
:100520001E79C6F300168E40304350601E7906F0E7
:100530000306032E09D0D0684F000326BE40B04307
:100540004F009E68BE403043D0601E7906F003061F
:10055000022E13D1CF0802F1200656F827004E07CD
:10056000F70E0F26BE40B0434F07FF0E1E69BE4078
:100570003043CF0802F1200646F8270010684F00EC
:100580000326BE40B0431E7906F003064F00BE406E
:10059000304310605E6806F44036002E76D000BF0F
:1005A000002600963C4E366846F480463A4F3E6040
:1005B0003E46366806F48046009600BF00BF374EC0
:1005C0008F0856F827008E07370F0F26BE40B0431E
:1005D000334EB24202D1002624E057E0314EB242FF
:1005E00001D101261EE0304EB24201D1022619E0AF
:1005F0002E4EB24201D1032614E02D4EB24201D15B
:1006000004260FE02B4EB24201D105260AE02A4E05
:10061000B24201D1062605E0284EB24201D107269A
:1006200000E008268F073F0FBE4030431B4E8F0867
:1006300046F82700224E3068A0435E6806F4801614
:1006400006B120431E4E3060361D3068A0435E6800
:1006500006F4001606B12043194E361D3060184EC0
:10066000361F3068A0435E6806F4003606B12043AA
:10067000134E361F3060361F3068A0435E6806F4A4
:10068000803606B120430E4E083E3060491C1029CA
:10069000FFF426AFF8BD000044380240083801409E
:1006A000000002400004024000080240000C02402A
:1006B000001002400014024000180240001C0240DA
:1006C000083C01400AB1816101E00B04836170477D
:1006D00001480068704700000800002010B504467B
:1006E000D4F8DC0305F07DF910BD10B50446D4F84C
:1006F000DC0305F081F910BD10B50446206807F051
:10070000C1F910BD10B50446206807F0C2F910BD4C
:1007100010B502460023C1EB011402F1140000EBF6
:1007200084008371C1EB011402F1140000EB84001A
:10073000C371C1EB011402F1140000EB8400437497
:10074000C1EB011402F1140000EB840003740020DB
:1007500010BD0246C1EB011302F1140000EB83004F
:1007600090F8380070470246C1EB011302F1140003
:1007700000EB8300406A704770B504460D460026C2
:1007800000BF94F8D403012801D1022070BD0120DC
:1007900084F8D40300BF2946206807F08BF900BF16
:1007A000002084F8D40300BF3046EFE72DE9FF5F57
:1007B00004460D4616469B46DDE90E78DDF840A05E
:1007C00000BF94F8D403012803D1022004B0BDE88F
:1007D000F09F012084F8D40300BF0021C5EB05126F
:1007E00004F1140000EB82004171C5EB051104F126
:1007F000140000F821B0C5EB051100EB8100457035
:10080000C5EB051104F1140000EB810080F81280A3
:1008100006F07F01C5EB051204F1140000EB820025
:10082000817029462046FFF773FF06F0800080287C
:1008300008D10121C5EB051204F1140000EB820080
:10084000C17007E00021C5EB051204F1140000EBB4
:100850008200C170206807F01CF98146B8F1010FD1
:1008600009D1012F07D1B9F1000F04D1BAF1BC0FA2
:1008700001D94FF0BC0AC5EB051104F1140000EBDF
:1008800081000771C5EB051204F1140000EB820032
:10089000A0F814A01FFA8AF0CDE9007802905B4618
:1008A00032462946206807F0E1F9039000BF002096
:1008B00084F8D40300BF039888E770472DE9F05F00
:1008C00004460D4616461F46DDE90C9BDDE90A8A03
:1008D000C5EB051104F1140000EB8100C670C5EBF7
:1008E000051104F1140000EB81008774B8F1000FCA
:1008F00010D10321C5EB051204F1140000EB8200B6
:100900008175C5EB051104F1140000EB810080F83E
:1009100005B007E00221C5EB051204F1140000EB5D
:100920008200817537B1012F6FD0022F51D0032F74
:100930006CD187E0B8F1010F4AD136BBB9F1000F95
:1009400008D10121C5EB051204F1140000EB82006F
:1009500080F82910C5EB051104F1140000EB8100AB
:1009600090F8290040B90021C5EB051204F11400EC
:1009700000EB820081752BE00221C5EB051204F12A
:10098000140000EB8200817522E0C5EB051104F133
:10099000140000EB81008079012819D1C5EB051105
:1009A00004F1140000EB810090F8280040B9002108
:1009B000C5EB051204F1140000EB8200817507E01D
:1009C0000221C5EB051204F1140000EB82008175D1
:1009D00079E0E6B9C5EB051104F1140000EB8100E4
:1009E00090F8290040B90021C5EB051204F114006C
:1009F00000EB8200817524E00221C5EB051204F1B1
:100A0000140000EB820081751BE052E05AE0C5EB58
:100A1000051104F1140000EB810090F8280040B9A2
:100A20000021C5EB051204F1140000EB8200817572
:100A300007E00221C5EB051204F1140000EB82006F
:100A4000817540E0D6B9C5EB051104F1140000EB47
:100A5000810090F8290040B90021C5EB051204F18E
:100A6000140000EB8200817522E00221C5EB051223
:100A700004F1140000EB8200817519E0C5EB05114B
:100A800004F1140000EB810090F8280040B9002127
:100A9000C5EB051204F1140000EB8200817507E03C
:100AA0000221C5EB051204F1140000EB82008175F0
:100AB00009E00021C5EB051204F1140000EB8200EF
:100AC000817500E000BF00BFC5EB051104F1140003
:100AD00000EB8100C0F818A0C5EB051104F114006B
:100AE00000EB8100C0F820900021C5EB051204F155
:100AF000140000EB820080F83810C5EB051204F1F9
:100B0000140000EB82004162C5EB051104F11400F2
:100B100000EB810045700021C5EB051204F11400C3
:100B200000EB820080F83910A279C5EB051C04F1B6
:100B3000140303EB8C01206807F08AF9BDE8F09FED
:100B40002DE9F04104462768B846206806F0ADFF5D
:100B500001287AD1206807F0F3FB08B9BDE8F081DD
:100B6000206807F0EDFB00F40010B0F5001F03D182
:100B70004FF4001021684861206807F0E1FB00F4A1
:100B80008010B0F5801F03D14FF4801021684861B8
:100B9000206807F0D5FB00F08060B0F1806F03D1D2
:100BA0004FF0806021684861206807F0C9FB00F0C1
:100BB0000200022801D121684861206807F0C0FBCB
:100BC00000F00050B0F1005F19D14FF000502168E3
:100BD0004861D8F8400400F0010080B9102138467F
:100BE00006F026FF384606F0FBFE607A022803D1A5
:100BF0000121206807F070FB2046FFF776FD206892
:100C000007F09EFB00F08070B0F1807F02D120469B
:100C100002F02AFD206807F093FB00F00800082886
:100C200005D1204600F0F6F80820216848612068C8
:100C300007F086FB00F00070B0F1007F27D120683C
:100C400007F0FEF8064600251AE035E005F00F0132
:100C500001208840304090B108F5A06000EB4510BD
:100C6000006800F40040B0F5004F04D1E9B220461E
:100C700001F060FC03E0E9B2204602F04BF96D1C84
:100C80006079A842E2D84FF000702168486120687E
:100C900007F056FBC0F3001070B12068806920F0A7
:100CA000100021688861204602F039FD20688069C3
:100CB00040F010002168886100BF4FE738B5044656
:100CC0000CB9012038BD256894F8D50328B9002057
:100CD00084F8D403204600F035F8032084F8D503C7
:100CE000B5F1A04F01D10021A171206806F023FECB
:100CF000207C8DF8000094E80F0006F0A5FD20B1DF
:100D0000022084F8D5030120DCE70121206807F0E8
:100D10006AFB20B1022084F8D5030120D2E7207CB1
:100D20008DF8000094E80F0007F056FA20B1022079
:100D300084F8D5030120C5E7012084F8D5030020FD
:100D4000C0E7000010B586B00446142101A8FFF7E3
:100D500081FA2068B0F1A04F42D100BF002000907E
:100D60002048006840F001001E49086008460068FD
:100D700000F00100009000BF00BF4FF4C050019090
:100D80000220029000200390032004900A20059086
:100D900001A91548FFF79CFB00BF1248001D006821
:100DA00040F080000F49091D086000BF002000903E
:100DB0000C481430006840F480400A49143108603F
:100DC0000846006800F48040009000BF00BF00BFEC
:100DD00000221146432000F013FB432000F0FCFAF0
:100DE00006B010BD303802400000024010B5044685
:100DF000D4F8DC0304F0C6FE10BD10B50446D4F8E8
:100E0000DC0304F0C6FE10BD10B50446206807F0F0
:100E1000CCFA10BD10B50446D4F8DC0304F05BFE38
:100E200010BD10B5044600BF94F8D403012801D1C9
:100E3000022010BD012084F8D40300BF01212068E6
:100E400006F0A2FD206806F0C4FD00BF002084F873
:100E5000D40300BF00BFECE710B5044600BF94F810
:100E6000D403012801D1022010BD012084F8D4034D
:100E700000BF206807F0EBFA00BF002084F8D4031D
:100E800000BF00BFF0E7704770472DE9F047054607
:100E90004FF0000928684668D5F82CA095F83E70F8
:100EA00095F83D80102F01D0402F75D12868D0F8DB
:100EB00018902868446904F0010060B9BAF52A0F57
:100EC00002D0BAF12A4F01D1012000E00020012810
:100ED00001D1BDE8F08704F0010048B1C6F340201D
:100EE00030B1284602F0D0FC284603F056F9B7E0AE
:100EF000C4F3C00030B1C6F3402018B1284603F057
:100F000003F8ADE0C4F3400030B1C6F3402018B19F
:100F1000284603F00EF8A3E0C9F3800040B3286828
:100F2000406800F40060B0F5006FE0D0C4F3C0107A
:100F300048B1C6F3802030B1C4F3800018B9284608
:100F400002F076FF8CE0C4F380000028CFD0C6F317
:100F500040200028CBD0B8F1210F03D1284602F061
:100F600017FF7DE0402F7BD1284603F065F977E03D
:100F70002868406800F40060B0F5006F70D0C4F3DA
:100F8000801050B1C6F3802038B1C4F3800020B97E
:100F9000284602F07BFE63E00BE0C4F380000028EB
:100FA0005ED0C6F3402000285AD0284602F0D6FD75
:100FB00056E0286C10B12868446904E02868D0F82D
:100FC000189028684469C4F3400060B1C6F340201B
:100FD00048B1286C10B12868D0F8189049462846C6
:100FE00003F0EDF93CE0C4F3001030B1C6F340204B
:100FF00018B1284603F01CFA32E0B8F1210F02D0F4
:10100000B8F1290F16D1C4F3C01048B1C6F380203F
:1010100030B1C4F3800018B9284603F0ADF91FE0E1
:10102000C4F38000E0B1C6F34020C8B1284603F005
:1010300096F915E0C4F3801048B1C6F3802030B1B2
:10104000C4F3800018B9284603F066F908E0C4F339
:10105000800028B1C6F3402010B1284603F04FF9B4
:1010600000BF36E77047000070B504460CB9012098
:1010700070BD94F83D0028B9002084F83C0020465B
:1010800000F0E0F8242084F83D002068006820F09B
:101090000100216808602068006840F40040216871
:1010A00008602068006820F400402168086000F0B3
:1010B000C1FA05465C496068884206D85B488542AB
:1010C00001D2012007E0002005E05948854201D205
:1010D000012000E00020012800D1C9E75548B5FBF8
:1010E000F0F62068406820F03F00304321684860F7
:1010F0004D496068884201D8701C07E04FF4967033
:1011000070434FF47A71B0FBF1F0401C2168096A1A
:1011100021F03F0108432168086243496068884222
:1011200014D8681E61684900B0FBF1F0401CC0F3A0
:101130000B00042801D204203DE0681E61684900CC
:10114000B0FBF1F0401CC0F30B0034E0A06838B9EC
:10115000681E616801EB4101B0FBF1F0401C0AE040
:10116000681E616801EBC10202EB0111B0FBF1F0F6
:10117000401C40F48040C0F30B0008B901201AE085
:10118000A06848B9681E616801EB4101B0FBF1F04D
:10119000401CC0F30B000CE0681E616801EBC1024B
:1011A00002EB0111B0FBF1F0401CC0F30B0040F466
:1011B000804040F400402168C9694CF6FF729143B9
:1011C00008432168C861D4E9070108432168096818
:1011D00021F0C001084321680860D4E903100843E6
:1011E0002168896848F2FF3291430843216888608A
:1011F000D4E9050108432168C96821F0FF010843CB
:101200002168C8602068006840F00100216808601B
:1012100000202064202084F83D000020206384F812
:101220003E0000BF24E70000A086010080841E006D
:1012300000093D0040420F007047704770477047FB
:101240007047000010B586B00446142101A8FFF7CE
:1012500001F81F492068884238D100BF0020009063
:101260001C48006840F002001A49086008460068FF
:1012700000F00200009000BF00BF4FF440700190EA
:101280001220029001200390022004900420059077
:1012900001A91148FFF71CF900BF002000900D487C
:1012A0001030006840F400100A4910310860084608
:1012B000006800F40010009000BF00BF002211463B
:1012C0001F2000F09DF81F2000F086F806B010BD2A
:1012D000005400403038024000040240704770471C
:1012E00003480068034909780844014908607047C9
:1012F000080000201000002010B50D48006840F4E0
:1013000000700B4908600846006840F4806008607F
:101310000846006840F480700860032000F0AEF8D2
:101320000F2000F007F800F02BF8002010BD00009F
:10133000003C024070B504460E4800784FF47A71C4
:10134000B1FBF0F00C490968B1FBF0F5284600F05C
:1013500037FC08B1012070BD102C07D200222146B5
:10136000501E00F04DF80548046001E00120F2E74E
:101370000020F0E710000020140000200C000020E6
:1013800008B500BF002000901248006840F480407B
:10139000104908600846006800F48040009000BFD3
:1013A00000BF00BF00200090081F006840F0805080
:1013B000091F08600846006800F08050009000BFD8
:1013C00000BF00221146052000F01AF8052000F0A9
:1013D00003F808BD443802400146084600280DDBEA
:1013E00000BF00BF00F01F0301229A4043099B0089
:1013F00003F1E023C3F8002100BF00BF00BF704726
:101400002DE9F05F80460D461646002707F0A6F846
:10141000074639462A46334601F00700C0F1070A5D
:10142000BAF1040F02D94FF0040A01E0C0F1070A33
:10143000D14600F1040ABAF1070F02D24FF0000AB8
:1014400001E0A0F1030AD4464FF0010A0AFA09FAB2
:10145000AAF1010A0AEA020A0AFA0CFA4FF0010B91
:101460000BFA0CFBABF1010B0BEA030B4AEA0B0482
:101470002146404607F07AF8BDE8F09F00BF00F033
:101480000702064B19684FF6FF031940044B0B4344
:1014900043EA0221014B196000BF70470CED00E0E8
:1014A0000000FA0570B504460D460CB9012070BD68
:1014B0005848006800F00700A84209D255490D704D
:1014C0000846006800F00700A84201D00120EEE7BE
:1014D000207800F0020002281DD1207800F00400DE
:1014E000042805D14C48006840F4E0504A4908609F
:1014F000207800F00800082805D14748006840F42B
:101500006040454908604448006820F0F000A16848
:10151000084341490860207800F00100A8B36068E2
:10152000012807D13C4808380068C0F34040B8B9EA
:101530000120BCE76068022802D06068032807D158
:10154000354808380068C0F3406048B90120AEE76C
:10155000314808380068C0F3400008B90120A6E708
:101560002D48006820F00300616808432A4908609C
:10157000FFF7AEF8064609E0FFF7AAF8801B41F234
:101580008831884202D9032091E707E022480068A9
:1015900000F00C006168B0EB810FEDD11D480068D0
:1015A00000F00700A84209D91A490D7008460068E2
:1015B00000F00700A84201D0012078E7207800F071
:1015C0000400042807D11448006820F4E050E168C2
:1015D000084311490860207800F00800082808D165
:1015E0000D48006820F46040216940EAC1000A49C2
:1015F000086000F03FF808490968C1F30311074A81
:10160000515CC8400649086006480068FFF792FE32
:1016100000204CE7003C024008380240C086000829
:10162000140000200C0000200148006870470000F2
:101630001400002000B5FFF7F7FF04490968C1F363
:101640008221034A515CC84000BD000008380240B6
:10165000D086000800B5FFF7E7FF04490968C1F329
:101660004231034A515CC84000BD000008380240C6
:10167000D08600082DE9F047002400250026A14669
:101680002548006800F00C0020B1042805D0082887
:101690003AD105E0DFF8849039E0DFF8849036E055
:1016A0001D48001F006800F03F041B48001F006831
:1016B00000F4800078B11A481749091F0968C1F37E
:1016C0008811A0FB01700146224600233846FEF730
:1016D00077FD05460EE011480F49091F0968C1F35F
:1016E0008811A0FB01700146224600233846FEF710
:1016F00067FD05460848001F0068C0F30140401C14
:101700004600B5FBF6F902E0DFF8109000BF00BF1D
:101710004846BDE8F0870000083802400024F40085
:1017200040787D01F8B504460CB90120F8BD207859
:1017300000F00100002874D0F948006800F00C00A7
:1017400004280DD0F648006800F00C00082813D1DA
:10175000F348001F006800F48000B0F5800F0BD143
:10176000EF4808380068C0F34040002859D060684E
:10177000002856D10120D9E700BF6068B0F5803F4E
:1017800008D1E7480838006840F48030E449083957
:1017900008601EE06068B0F5A02F0DD1E048083861
:1017A000006840F48020DE49083908600846006877
:1017B00040F4803008600CE0D9480838006820F414
:1017C0008030D749083908600846006820F4802036
:1017D000086000BF606890B1FEF77AFF054606E03A
:1017E000FEF776FF401B642801D903209EE7CC4812
:1017F00008380068C0F340400028F1D011E0FEF73F
:1018000067FF054606E0FEF763FF401B642801D929
:1018100003208BE7C24808380068C0F34040002826
:10182000F1D1207800F0020002285FD1BC480068A6
:1018300000F00C0058B1BA48006800F00C0008280D
:101840001CD1B748001F006800F48000B0B9B4484C
:1018500008380068C0F3400020B1E068012801D0DA
:10186000012063E7AE480838006820F0F8002169DD
:1018700040EAC100AA490839086037E0E06800B3CF
:101880000120A8490860FEF723FF054606E0FEF7A1
:101890001FFF401B022801D9032047E7A048083852
:1018A0000068C0F340000028F1D09D480838006867
:1018B00020F0F800216940EAC10099490839086020
:1018C00014E0002097490860FEF702FF054606E095
:1018D000FEF7FEFE401B022801D9032026E79048B0
:1018E00008380068C0F340000028F1D1207800F0EB
:1018F000080008282CD16069A8B101208A49086035
:10190000FEF7E6FE054606E0FEF7E2FE401B022873
:1019100001D903200AE782486C300068C0F3400018
:101920000028F1D014E000207F490860FEF7D0FEC7
:10193000054606E0FEF7CCFE401B022801D9032035
:10194000F4E677486C300068C0F340000028F1D11D
:10195000207800F00400042870D100277048383047
:10196000006800F0805090B900BF002000906C48E3
:101970003830006840F080506949383108600846C6
:10198000006800F08050009000BF00BF012767484A
:10199000006800F48070B0B96448006840F480705A
:1019A00062490860FEF794FE054606E0FEF790FEE9
:1019B000401B022801D90320B8E65C48006800F407
:1019C00080700028F2D000BFA068012808D15448D8
:1019D0006830006840F001005149683108601DE03E
:1019E000A06805280DD14E486830006840F004001A
:1019F0004B49683108600846006840F00100086003
:101A00000CE047486830006820F001004449683124
:101A100008600846006820F00400086000BFA06865
:101A2000A8B1FEF755FE054609E0FEF751FE401B42
:101A300041F28831884202D9032077E626E038480F
:101A400068300068C0F340000028EED013E0FEF7D5
:101A50003FFE054608E0FEF73BFE401B41F28831A1
:101A6000884201D9032061E62D4868300068C0F340
:101A700040000028EFD1012F07D1294838300068F5
:101A800020F0805026493831086000BFA069002846
:101A900045D02348006800F00C0008285DD0A069FC
:101AA000022845D100201F490866FEF711FE0546B1
:101AB00006E0FEF70DFE401B022801D9032035E6A3
:101AC000174808380068C0F340600028F1D1D4E915
:101AD00007010843616A40EA81110122A06AC2EB52
:101AE000500041EA00412C20005D41EA00600C49B1
:101AF000091F086001200B490866FEF7E9FD05464D
:101B000006E0FEF7E5FD401B022801D903200DE6A3
:101B1000034808380068C0F340600028F1D049E06D
:101B20000838024000004742800E474200700040E3
:101B3000002021490866FEF7CBFD054606E0FEF7CA
:101B4000C7FD401B022801D90320EFE51B480068B0
:101B5000C0F340600028F2D12CE0A069012800D138
:101B6000E4E51648001D0668A069012820D006F4A7
:101B70008001E06981421BD106F03F01206A814269
:101B800016D147F6C0703040616AB0EB811F0FD1AB
:101B900006F440310122A06AC2EB5000B1EB004FC5
:101BA00006D106F070612C20005DB1EB006F01D012
:101BB0000120BBE50020B9E50000474200380240A3
:101BC00070B504462546681EB0F1807F01D3012020
:101BD0000FE0681E4FF0E02148610F214FF0FF3009
:101BE00006F0C4FC00204FF0E02188610720086166
:101BF000002070BD7047704730B502460B4600BFED
:101C000092F83C00012801D1022030BD012082F869
:101C10003C0000BF022082F83D0010684468106854
:101C2000816824F070041868044310684460184DFB
:101C30001068A8421BD01068B0F1804F17D0154D26
:101C40001068A84213D0144D1068A8420FD0134D4D
:101C50001068A8420BD0124D1068A84207D0114D51
:101C60001068A84203D0104D1068A84205D121F099
:101C700080015868014310688160012082F83D00AE
:101C800000BF002082F83C0000BF00BFBDE700009D
:101C9000000001400004004000080040000C00402B
:101CA00000040140004001400018004010B5044607
:101CB0000CB9012010BD94F83D0028B9002084F82B
:101CC0003C00204600F026F8022084F83D00211D4B
:101CD000206802F06DFF012084F8460000BF84F800
:101CE0003E0001213F200155402001554120015572
:101CF00000BF00BF012084F842004320015544206A
:101D000001554520015500BF012084F83D00002009
:101D1000D0E7000038B504462068B0F1804F0FD1FD
:101D200000BF002000903948006840F001003749AA
:101D300008600846006800F00100009000BF64E001
:101D40003349206888420FD100BF002000902F48FF
:101D5000006840F020002D4908600846006800F047
:101D60002000009000BF50E02A49206888421AD124
:101D700000BF002000902548001D006840F400309E
:101D80002249091D08600846006800F400300090F0
:101D900000BF00BF002211461920FFF731FB1920B8
:101DA000FFF71AFB31E01C492068884211D100BFBF
:101DB000002000901548001D006840F48020134961
:101DC000091D08600846006800F48020009000BFEC
:101DD0001BE012492068884217D100BF0020009004
:101DE0000A48006840F480700849086008460068A6
:101DF00000F48070009000BF00BF002211462D202B
:101E0000FFF7FEFA2D20FFF7E7FA38BD4038024011
:101E10000014004000440140004801400020004000
:101E20002DE9F04104460D46002700BF94F83C0020
:101E3000012802D10220BDE8F081012084F83C0095
:101E400000BF022084F83D002068866826F07706EF
:101E500026F47F46206886602868502833D00CDC42
:101E6000202850D004DC00284BD0102851D149E064
:101E7000302849D040284CD139E060282DD0702836
:101E800007D0B0F5805F03D0B0F5005F41D10DE021
:101E900041E0D5E902136A68206802F0F9FE206883
:101EA000866846F077062068866034E0D5E902133C
:101EB0006A68206802F0ECFE2068806840F4804088
:101EC0002168886027E0EA686968206802F0F4FE0B
:101ED0005021206802F0E7FE1DE0EA68696820688A
:101EE00002F0FDFE6021206802F0DDFE13E0EA68EA
:101EF0006968206802F0E0FE4021206802F0D3FE0D
:101F000009E000BF00BF00BF2968206802F0CBFED7
:101F100001E0012700BF00BF012084F83D0000BFA1
:101F2000002084F83C0000BF384684E7704770B555
:101F300004462068C5682068066906F00200022889
:101F400019D105F00200022815D1401F216808614F
:101F5000012020772068806900F0030018B1204636
:101F6000FFF7E4FF05E0204600F097F8204600F078
:101F700095F80020207706F00400042819D105F018
:101F80000400042815D1C04321680861022020778D
:101F90002068806900F4407018B12046FFF7C6FF42
:101FA00005E0204600F079F8204600F077F80020A0
:101FB000207706F00800082819D105F00800082845
:101FC00015D1C04321680861042020772068C069CA
:101FD00000F0030018B12046FFF7A8FF05E02046F7
:101FE00000F05BF8204600F059F80020207706F05A
:101FF0001000102819D105F01000102815D1C04389
:1020000021680861082020772068C06900F44070CA
:1020100018B12046FFF78AFF05E0204600F03DF8A2
:10202000204600F03BF80020207706F0010048B180
:1020300005F0010030B16FF0010021680861204611
:1020400000F02DF806F08000802809D105F080000E
:10205000802805D1C043216808612046FFF7CAFDEA
:1020600006F04000402809D105F04000402805D185
:10207000C04321680861204600F012F806F02000F5
:10208000202809D105F02000202805D1C04321686F
:1020900008612046FFF7AFFD70BD7047704770477D
:1020A00070477047704700002DE9F84F04462068DC
:1020B00005682068C668206847694FF00009CA466D
:1020C00005F00F09B9F1000F0AD105F0200038B171
:1020D00006F0200020B1204602F06DFEBDE8F88F2A
:1020E000B9F1000F7CD007F0010018B906F4907028
:1020F000002875D005F0010030B106F4807018B1E9
:10210000606C40F00100606405F0040030B107F03D
:10211000010018B1606C40F00200606405F002003C
:1021200030B107F0010018B1606C40F00400606449
:1021300005F0080048B106F0200010B907F00100D2
:1021400018B1606C40F008006064606C002846D0F4
:1021500005F0200028B106F0200010B1204602F062
:102160002AFE20684069C0F3801A606C00F0080005
:1021700010B9BAF1000F2DD0204602F0D6FD20682C
:10218000406900F04000402820D100BF00BF216816
:10219000143151E8001F21F040002168143141E85A
:1021A0000002002AF3D100BFE06B50B17F48E16B21
:1021B0000865E06BFEF760F988B1E06B016D884758
:1021C0000DE02046FFF76EFF09E009E02046FFF72B
:1021D00069FF04E02046FFF765FF002060647DE7AB
:1021E000206B012878D105F01000002874D006F08B
:1021F00010000028FAD000BF00200090206800687E
:10220000009020684068009000BF00BF20684069CF
:1022100000F04000402870D1E06B006840681FFA71
:1022200080F8B8F1000F58D0A08D404555DDA4F8D6
:102230002E80E06BC069B0F5807F43D000BF00BF47
:1022400021680C3151E8001F21F4807021680C31A5
:1022500041E80002002AF3D100BF00BF00BF21689F
:10226000143151E8001F21F001002168143141E8C8
:102270000002002AF3D100BF00BF00BF2168143163
:1022800051E8001F21F040002168143141E80002AC
:10229000002AF3D100BF202084F8420000202063F0
:1022A00000BF00BF21680C3151E8001F21F0100071
:1022B00021680C3141E80002002AF3D100BFE06B35
:1022C000FEF784F802206063A08DE28D801A81B24F
:1022D0002046FFF7E6FE0EE052E0A08D40450AD111
:1022E000E06BC069B0F5807F05D102206063A18DED
:1022F0002046FFF7D6FEF1E6FFE7A08DE18D401AFC
:102300001FFA80F8E08DD0B3B8F1000F37D000BFCE
:1023100000BF21680C3151E8001F21F49070216842
:102320000C3141E80002002AF3D100BF00BF00BF1A
:102330002168143151E8001F21F001002168143197
:1023400041E80002002AF3D100BF202084F84200B7
:102350000020206300BF00BF21680C3151E8001F3E
:1023600021F0100021680C3141E80002002AF3D16D
:1023700000BF0220606341462046FFF792FEADE6B3
:1023800005F0800030B106F0800018B1204602F060
:10239000A7FEA3E605F0400030B106F0400018B1FA
:1023A000204602F0F8FC99E600BF97E6194D0008B8
:1023B00010B504460CB9012010BDA06900B100E0C1
:1023C00000BF94F8410028B9002084F8400020465E
:1023D00000F02AF8242084F841002068C06820F426
:1023E00000502168C860204602F064FD2068006942
:1023F00020F49040216808612068406920F02A009C
:10240000216848612068C06840F400502168C860B5
:1024100000206064202084F8410084F842000020FD
:10242000606300BFC8E7000010B586B00446142101
:1024300001A8FDF70FFF3A492068884237D100BF55
:10244000002000903748006840F4002035490860BB
:102450000846006800F40020009000BF00BF00BFE5
:10246000002000902F481038006840F001002D49EE
:10247000103908600846006800F00100009000BFB5
:1024800000BF0320019002200290039000200490DE
:102490000820059001A92448FEF71AF800221146E9
:1024A0003420FEF7ADFF3420FEF796FF35E01F49DC
:1024B0002068884231D100BF002000901948001DDB
:1024C000006840F010001749091D086008460068C0
:1024D00000F01000009000BF00BF00BF002000907F
:1024E00010481038006840F001000E4910390860AB
:1024F0000846006800F00100009000BF00BF4FF4E4
:10250000C0600190022002900020039004900720F8
:10251000059001A90448FDF7DBFF06B010BD0000DF
:10252000004C0040403802400000024000100140D2
:10253000704770472DE9F04105460C46D5F80080FC
:1025400046462146286805F0ECFE00F00400042809
:1025500013D1042106F5A06000EB4410816007212F
:10256000C4EB041205F1140000EB820080F839106E
:102570002146286805F09EFA72E02146286805F099
:10258000D0FE00F48070B0F5807F14D14FF48071DC
:1025900006F5A06000EB441081600821C4EB041232
:1025A00005F1140000EB820080F8391021462868FC
:1025B00005F080FA54E02146286805F0B2FE00F0EC
:1025C0000800082813D1082106F5A06000EB44108C
:1025D00081600621C4EB041205F1140000EB8200B7
:1025E00080F839102146286805F064FA38E0214661
:1025F000286805F096FE00F48060B0F5806F14D175
:102600004FF4806106F5A06000EB44108160092161
:10261000C4EB041205F1140000EB820080F83910BD
:102620002146286805F046FA1AE02146286805F098
:1026300078FE00F08000802812D1802106F5A0608D
:1026400000EB441081600721C4EB041205F1140073
:1026500000EB820080F839102146286805F02AFA3C
:102660002146286805F05DFE00F40070B0F5007F9B
:102670000BD12146286805F01DFA4FF4007106F5CC
:10268000A06000EB44108160DCE02146286805F082
:1026900048FE00F0010000287ED0202106F5A06051
:1026A00000EB44108160C4EB041105F1140000EB51
:1026B0008100C079012813D10021C4EB041205F177
:1026C000140000EB8200C17106F5A06000EB44101D
:1026D000406820F4803106F5A06000EB44104160B2
:1026E000A879A8B1C4EB041105F1140000EB810036
:1026F000C16906F5A06000EB44100069C0F3120048
:10270000091AC4EB041205F1140000EB82004162C7
:102710000121C4EB041205F1140000EB820080F8E3
:1027200039100021C4EB041205F1140000EB820003
:102730000163012106F5A06000EB44108160C4EB49
:10274000041105F1140000EB8100807C40B1C4EB62
:10275000041105F1140000EB8100807C02280AD1ED
:102760002146286805F0A6F9102106F5A06000EBC7
:102770004410816034E0C4EB041105F1140000EB57
:102780008100807C03280AD0C4EB041105F11400F9
:1027900000EB8100807C00E068E0012820D106F594
:1027A000A06000EB4410006840F0005106F5A06006
:1027B00000EB441001600121C4EB041205F1140088
:1027C00000EB820080F83810C4EB041105F114000E
:1027D00000EB810090F8382021462846FEF76DF87E
:1027E000A87901282FD1C4EB041105F1140000EBE6
:1027F0008100C4EB0412416A05F1140000EB820071
:10280000808A0844401EC4EB041205F1140101EB58
:102810008201898AB0FBF1F000F00100002811D09C
:10282000C4EB041105F1140000EB810090F82800BE
:1028300080F00101C4EB041205F1140000EB8200EA
:1028400080F8281064E3C4EB041105F1140000EBD8
:10285000810090F8280080F00101C4EB041205F11A
:10286000140000EB820080F8281051E3214628680C
:1028700005F057FD00F02000202824D1202106F586
:10288000A06000EB44108160C4EB041105F114005A
:1028900000EB810080790128D4D10121C4EB04121E
:1028A00005F1140000EB8200C1710321C4EB041296
:1028B00005F1140000EB820080F8391021462868E9
:1028C00005F0F8F824E32146286805F02AFD00F019
:1028D000020002287DD1022106F5A06000EB441021
:1028E0008160C4EB041105F1140000EB810090F845
:1028F0003900012812D10221C4EB041205F11400A1
:1029000000EB820080F839100121C4EB041205F1BC
:10291000140000EB820080F8381037E2C4EB041199
:1029200005F1140000EB810090F83900062812D15F
:102930000221C4EB041205F1140000EB820080F8C0
:1029400039100521C4EB041205F1140000EB8200DC
:1029500080F838101AE2C4EB041105F1140000EB02
:10296000810090F83900072809D0C4EB041105F163
:10297000140000EB810090F8390009287ED1022173
:10298000C4EB041205F1140000EB820080F839104A
:10299000C4EB041105F1140000EB8100006B401C36
:1029A000C4EB041205F1140101EB82010863C4EBCE
:1029B000041105F1140000EB8100006B022837D9E7
:1029C0000021C4EB041205F1140000EB8200016346
:1029D00000E0E8E1C4EB041105F1140000EB810014
:1029E000807901281AD10021C4EB041205F11400EA
:1029F00000EB8200C171C4EB041205F1140000EB7E
:102A00008200017206F5A06000EB4410406820F4DB
:102A1000803106F5A06000EB441041600421C4EB56
:102A2000041205F1140000EB820080F83810ADE1CB
:102A30000221C4EB041205F1140000EB820080F8BF
:102A40003810C4EB041105F1140000EB8100807C08
:102A500040B1C4EB041105F1140000EB8100807C4F
:102A60000228E4D106F5A06000EB4410076827F0C7
:102A7000804747F0004706F5A06000E003E000EB68
:102A80004410076082E1C4EB041105F1140000EB6F
:102A9000810090F83900052872D10221C4EB04129C
:102AA00005F1140000EB820080F83910C4EB04112A
:102AB00005F1140000EB8100C0790128B7D1C4EB07
:102AC000041105F1140000EB8100807C032858D12B
:102AD000C4EB041105F1140000EB8100406B401CB5
:102AE000C4EB041205F1140101EB82014863C4EB4D
:102AF000041105F1140000EB8100406B022835D968
:102B00000021C4EB041205F1140000EB82004163C4
:102B1000C4EB041205F1140000EB8200C171C4EB98
:102B2000041105F1140000EB8100006B032807D2AB
:102B30000121C4EB041205F1140000EB82000172C4
:102B400006F5A06000EB4410406820F4803106F5E3
:102B5000A06000EB441041600421C4EB041205F1B5
:102B6000140000EB820080F8381013E00221C4EB5F
:102B7000041205F1140000EB820080F8381009E01F
:102B800028E00221C4EB041205F1140000EB8200DE
:102B900080F83810C4EB041105F1140000EB81003B
:102BA000807C40B1C4EB041105F1140000EB8100FE
:102BB000807C02280DD106F5A06000EB4410076868
:102BC00027F0804747F0004706F5A06000EB44106F
:102BD0000760DBE0C4EB041105F1140000EB810099
:102BE00090F8390003285ED10221C4EB041205F1EC
:102BF000140000EB820080F83910C4EB041105F1D9
:102C0000140000EB8100C07901284BD10221C4EBF4
:102C1000041205F1140000EB820080F8381006F56C
:102C2000A06000EB4410406840F4803106F5A060DD
:102C300000EB4410416006F5A06000EB4410C06852
:102C400040F0400106F5A06000EB4410C16006F5BD
:102C5000A06000EB4410C06820F0200106F5A060E1
:102C600000EB4410C160C4EB041105F1140000EB4B
:102C70008100807C40B1C4EB041105F1140000EB2D
:102C80008100807C02280DD106F5A06000EB441085
:102C9000076827F0804747F0004706F5A06000EB83
:102CA0004410076072E0C4EB041105F1140000EB5E
:102CB000810090F83900042830D10221C4EB0412BD
:102CC00005F1140000EB820080F83910C4EB041207
:102CD00005F1140000EB820080F83810C4EB0411F9
:102CE00005F1140000EB8100807C40B1C4EB0411BD
:102CF00005F1140000EB8100807C022846D106F526
:102D0000A06000EB4410076827F0804747F00047B9
:102D100006F5A06000EB4410076037E0C4EB041137
:102D200005F1140000EB810090F83900082821D14A
:102D30000221C4EB041205F1140000EB820080F8BC
:102D40003910C4EB041105F1140000EB8100006B95
:102D5000401CC4EB041205F1140101EB820108636D
:102D60000421C4EB041205F1140000EB820080F88A
:102D700038100BE0C4EB041105F1140000EB8100E6
:102D800090F83900022801D1BDE8F081C4EB0411AC
:102D900005F1140000EB810090F838202146284608
:102DA000FDF78BFDB4E02146286805F0BAFA00F083
:102DB0004000402823D1402106F5A06000EB4410DC
:102DC00081600521C4EB041205F1140000EB8200C0
:102DD00080F83910C4EB041105F1140000EB8100F8
:102DE000807938B90021C4EB041205F1140000EB1E
:102DF000820001632146286804F05CFE88E02146D9
:102E0000286805F08EFA00F0100010287ED1C4EB7F
:102E1000041105F1140000EB8100807C032815D11A
:102E20000021C4EB041205F1140000EB82000163E1
:102E30000421C4EB041205F1140000EB820080F8B9
:102E400039102146286804F035FE30E0C4EB041147
:102E500005F1140000EB8100807C40B1C4EB04114B
:102E600005F1140000EB8100807C02281FD10021B5
:102E7000C4EB041205F1140000EB82000163A87991
:102E800040B1C4EB041105F1140000EB8100C079DE
:102E900001280CD10421C4EB041205F1140000EB4D
:102EA000820080F839102146286804F003FEC4EB44
:102EB000041105F1140000EB8100C07901281FD135
:102EC0000021C4EB041205F1140000EB8200C17173
:102ED00006F5A06000EB4410406820F4803106F550
:102EE000A06000EB4410416006F5A06000EB4410C8
:102EF000C06840F0200106F5A06000EB4410C160FE
:102F0000102106F5A06000EB441000E000E08160B5
:102F100000BF39E72DE9F04705460C46D5F800908B
:102F20004E462146286805F0FCF900F0040004280C
:102F300013D1042106F5A06000EB44108160072145
:102F4000C4EB041205F1140000EB820080F8391084
:102F50002146286804F0AEFD84E32146286805F088
:102F6000E0F900F02000202865D1202106F5A060BE
:102F700000EB44108160C4EB041105F1140000EB78
:102F80008100407901281DD10021C4EB041205F114
:102F9000140000EB820041710221C4EB041205F120
:102FA000140000EB820080F838100321C4EB0412F7
:102FB00005F1140000EB820080F8391021462868E2
:102FC00004F078FDC4EB041105F1140000EB81005E
:102FD00080790128C0D1C4EB041105F1140000EB85
:102FE0008100C0790028B7D1C4EB041105F11400A9
:102FF00000EB8100807C012807D00121C4EB041282
:1030000005F1140000EB8200C1710321C4EB04122E
:1030100005F1140000EB820080F839102146286881
:1030200004F048FD0021C4EB041205F1140000EB8C
:103030008200016316E32146286805F072F900F466
:103040000070B0F5007F0BD14FF4007106F5A06061
:1030500000EB441081602146286804F02BFD01E359
:103060002146286805F05DF900F00100E8B3002171
:10307000C4EB041205F1140000EB82000163214649
:10308000286805F04EF900F0400040280DD10121DC
:10309000C4EB041205F1140000EB820041714021E1
:1030A00006F5A06000EB44108160C4EB041105F14B
:1030B000140000EB8100C07998B10021C4EB041228
:1030C00005F1140000EB8200C17106F5A06000EB71
:1030D0004410406820F4803106F5A06000EB4410F5
:1030E0004160012106F5A06000E00FE000EB441014
:1030F0008160C4EB041205F1140000EB820080F83B
:1031000039102146286804F0D5FCABE22146286836
:1031100005F007F900F0400040282BD10521C4EB51
:10312000041205F1140000EB820080F83910C4EBA2
:10313000041105F1140000EB8100807938B90121F8
:10314000C4EB041205F1140000EB82004171002170
:10315000C4EB041205F1140000EB82000163214668
:10316000286804F0A7FC402106F5A06000EB44109D
:10317000816077E22146286805F0D3F800F0080066
:10318000082813D1082106F5A06000EB44108160E7
:103190000621C4EB041205F1140000EB820080F854
:1031A00039102146286804F085FC5BE22146286836
:1031B00005F0B7F800F01000102833D10021C4EB5F
:1031C000041205F1140000EB820001630421C4EB3A
:1031D000041205F1140000EB820080F83910C4EBF2
:1031E000041105F1140000EB8100407978B9C4EBBB
:1031F000041105F1140000EB8100007938B90121B8
:10320000C4EB041205F1140000EB82004171214669
:10321000286804F04FFC102106F5A06000EB441074
:1032200081601FE22146286805F07BF800F08000ED
:10323000802863D1A87968B90721C4EB041205F18D
:10324000140000EB820080F839102146286804F051
:1032500031FC4CE0C4EB041105F1140000EB8100DB
:10326000006B401CC4EB041205F1140101EB820158
:103270000863C4EB041105F1140000EB8100006B3E
:1032800002281DD90021C4EB041205F1140000EB43
:10329000820001630421C4EB041205F1140000EB69
:1032A000820080F83810C4EB041105F1140000EB23
:1032B000810090F8382021462846FDF7FEFA16E0F6
:1032C0000221C4EB041205F1140000EB820080F827
:1032D000381006F5A06000EB4410076827F080471F
:1032E00047F0004706F5A06000EB4410076080211E
:1032F00006F5A06000EB44108160B3E12146286828
:1033000005F00FF800F48060B0F5806F14D109214A
:10331000C4EB041205F1140000EB820080F83910B0
:103320002146286804F0C6FB4FF4806106F5A060D2
:1033300000EB4410816095E12146286804F0F1FF1C
:1033400000F0020002287DD1022106F5A06000EB0A
:1033500044108160C4EB041105F1140000EB8100FE
:1033600090F83900012876D10221C4EB041205F14E
:10337000140000EB820080F839100121C4EB041224
:1033800005F1140000EB820080F83810C4EB041142
:1033900005F1140000EB8100807C022808D0C4EB0A
:1033A000041105F1140000EB8100807C032851D149
:1033B000A87988B9C4EB041105F1140000EB810071
:1033C00090F8290080F00101C4EB041205F114000B
:1033D00000EB820080F82910A8790128E7D1C4EB1E
:1033E000041105F1140000EB8100006A002831D0BF
:1033F000C4EB041105F1140000EB8100C4EB0412CE
:10340000016A05F1140000EB8200808A0844401E26
:10341000C4EB041205F1140101EB8201898AB0FBAF
:10342000F1F808F001000028E1D0C4EB041105F127
:10343000140000EB810090F8290080F00101C4EB3A
:10344000041201E00DE106E005F1140000EB82003A
:1034500080F82910F8E0C4EB041105F1140000EB2A
:10346000810090F8390003281BD10221C4EB04121B
:1034700005F1140000EB820080F83910C4EB041150
:1034800005F1140000EB8100C079012808D1022168
:10349000C4EB041205F1140000EB820080F8381030
:1034A000D2E0C4EB041105F1140000EB810090F8A8
:1034B000390004282ED10221C4EB041205F11400B6
:1034C00000EB820080F83910C4EB041205F11400FF
:1034D00000EB820080F83810C4EB041105F11400F1
:1034E00000EB8100C079012813D10021C4EB041244
:1034F00005F1140000EB8200C17106F5A06000EB3D
:103500004410406820F4803106F5A06000EB4410C0
:10351000416099E0C4EB041105F1140000EB810057
:1035200090F83900052811D10221C4EB041205F1ED
:10353000140000EB820080F83910C4EB041205F18E
:10354000140000EB820080F838107DE0C4EB041119
:1035500005F1140000EB810090F83900062812D123
:103560000221C4EB041205F1140000EB820080F884
:1035700039100521C4EB041205F1140000EB8200A0
:1035800080F8381060E0C4EB041105F1140000EB82
:10359000810090F83900072809D0C4EB041105F127
:1035A000140000EB810090F8390009284AD102216B
:1035B000C4EB041205F1140000EB820080F839100E
:1035C000C4EB041105F1140000EB8100006B401CFA
:1035D000C4EB041205F1140101EB82010863C4EB92
:1035E000041105F1140000EB8100006B022811D9D1
:1035F0000021C4EB041205F1140000EB820001630A
:103600000421C4EB041205F1140000EB820080F8E1
:10361000381019E00221C4EB041205F1140000EB8C
:10362000820080F8381006F5A06000EB44100768AF
:1036300027F0804747F0004706F5A06000EB4410F4
:10364000076001E0BDE8F087C4EB041105F1140048
:1036500000EB810090F8382021462846FDF72DF92F
:1036600000E0EFE700BFEDE77CB50446266835468D
:10367000D5F840040190D5F840040090009820F05F
:103680002E000090019800F0020002280AD1019853
:1036900000F0010010B12046FDF720F8009840F03E
:1036A00002000090019800F0080008282AD1009834
:1036B00040F008000090019800F0040004281ED19A
:1036C000607A02280FD1019800F4C020B0F5802F55
:1036D00004D10221206804F0FFFD0CE001212068E4
:1036E00004F0FAFD07E0E079012804D14EF66021EC
:1036F00040F2044041512046FDF77FFB02E02046A6
:10370000FDF774FB019800F02000202803D10098F9
:1037100040F0200000900098C5F840047CBD2DE9E1
:10372000F84F0546D5F800B05F462868D0F82080ED
:1037300008F00F04C8F343400090C8F30A1600983D
:10374000022806D003287DD005287CD007287BD10D
:103750008CE0002E79D0C4EB041105F1140000EBCD
:103760008100806900287DD0C4EB041105F11400AC
:1037700000EB8100406A8119C4EB041205F11400CA
:1037800000EB8200006A814263D8B2B2C4EB041C31
:1037900005F1140303EB8C039969286804F0D5FD47
:1037A000C4EB041105F1140000EB8100806981195C
:1037B000C4EB041205F1140000EB82008161C4EB3C
:1037C000041105F1140000EB8100406A8119C4EB7B
:1037D000041205F1140000EB8200416207F5A060BD
:1037E00000EB44100069C0F3C94AC4EB041105F1B1
:1037F000140000EB8100808AB04233D1BAF1000F8F
:1038000030D007F5A06000EB4410D0F8009029F00C
:10381000804949F0004907F5A06000EB4410C0F86A
:103820000090C4EB041105F1140000EB810090F846
:10383000280080F00101C4EB041205F1140000EB34
:10384000820003E011E00EE00EE00BE080F82810AB
:1038500008E00421C4EB041205F1140000EB82001F
:1038600080F8381003E002E000BF00BF00BF00BFD7
:10387000BDE8F88F00BFFEE710B50248FDF705FB75
:1038800010BD000040000020C16AB1F52A0F02D12E
:103890000121C16205E0C16AB1F12A4F01D10821BD
:1038A000C1627047F8B5054600200090AC6B94F8F3
:1038B0003D60394800681921B0FBF1F04FF47A718E
:1038C000B0FBF1F0C0EBC00000EB8000009000BF47
:1038D000009820B9206C40F02000206409E0009896
:1038E000401E00902068006800F40070B0F5007F72
:1038F000EED000BF606B10B10020616BC863A06B9D
:1039000010B10020A16BC8632068006820F48060BB
:103910002168086000206085606B10B10020616B39
:103920000865A06B10B10020A16B086520680068D5
:1039300020F001002168086094F83D0060280AD159
:10394000202084F83D00002084F83E0020642046BA
:10395000FDF799FA1EE006F02800282811D120680A
:10396000006840F00100216808602068006840F4A9
:1039700080602168086000202063282084F83D00D2
:1039800005E0202084F83D00002084F83E00204619
:10399000FDF768FBF8BD00001400002001684969CC
:1039A000C1F3C01111B1002102681161704700001C
:1039B0002DE9F041044694F83D6094F83E70102FD4
:1039C00001D0402F07D1222E05D12068006820F4B5
:1039D00000602168086006F02800282805D1002032
:1039E0002063282084F83D0010E02068406800F43F
:1039F0000060B0F5006F07D0602E05D0202084F85D
:103A00003D00002084F83E000020206320684068CC
:103A100000F40060B0F5006F40D12068406820F4E9
:103A2000006021684860606B90F83500012814D070
:103A30004848616B0865606BFCF71EFD00285BD091
:103A40002068006820F0010021680860202084F8C8
:103A50003D00606B016D88474EE03E48A16B0865F4
:103A6000A06BFCF709FD002846D020684069C0F330
:103A7000801030B120680069616A0870606A401C7B
:103A800060622068006820F0010021680860202042
:103A900084F83D00A06B016D88472DE094F83D004F
:103AA00060281AD1202084F83D000020206420687E
:103AB0004069C0F3801030B120680069616A087005
:103AC000606A401C60622068006820F00100216884
:103AD00008602046FDF7D7F90EE020684069C0F382
:103AE000801030B120680069616A0870606A401C0B
:103AF00060622046FDF7B6FA256C05F0010058B962
:103B000005F00200022807D005F00400042803D0C5
:103B100005F00800082805D12068406820F4E0601E
:103B20002168486094F83D60206C00F0040004288F
:103B30000ED1282E0CD10848E062002020632020FE
:103B400084F83D00002084F83E002046FDF774FB19
:103B5000BDE8F081A53800080000FFFF70B50446FD
:103B6000E56A608D042810D12068406820F48060E8
:103B70002168486020680069616A0870606A401CBA
:103B80006062608D401E60857FE0608D03281AD1E1
:103B90002068406820F4806021684860042D07D0C8
:103BA000022D05D02068006820F48060216808603C
:103BB00020680069616A0870606A401C6062608DFC
:103BC000401E608561E0608D022854D1012D01D036
:103BD000102D06D12068006820F4806021680860FC
:103BE00010E0042D01D0022D06D12068006840F4B9
:103BF00080602168086005E02068006840F400707B
:103C00002168086020680069616A0870606A401C69
:103C10006062608D401E608520680069616A08707E
:103C2000606A401C6062608D401E6085206840684C
:103C300020F4407021684860202084F83D0094F80A
:103C40003E00402807D1002084F83E002063204633
:103C5000FDF7F5FA19E0002084F83E00082D01D0A8
:103C6000202D02D10020206301E012202063204695
:103C7000FDF7E3FA09E020680069616A0870606A8C
:103C8000401C6062608D401E608570BD70B504464A
:103C900094F83D0022287AD1E66A658D032D13D968
:103CA00020680069616A0870606A401C6062608D0B
:103CB000401E6085608D032868D12068406820F42C
:103CC00080602168486061E0E06A022858D0012DD8
:103CD00001D0002D54D1204600F070FCA0BB20681C
:103CE000006820F48060216808602068406820F443
:103CF000E0602168486020680069616A0870606A55
:103D0000401C6062608D401E6085202084F83D006C
:103D100094F83E00402807D1002084F83E0020633C
:103D20002046FDF78CFA31E0002084F83E00082E92
:103D300001D0202E02D10020206301E01220206358
:103D40002046FDF77AFA21E0FFE72068406820F47A
:103D5000E0602168486020680069616A0870606AF4
:103D6000401C6062608D401E6085202084F83D000C
:103D7000002084F83E002046FDF774F906E006E0D6
:103D80002068406820F480602168486000BF70BDF2
:103D900070B50446E56A94F83D00212847D1608D4E
:103DA00050B1606A007821680861606A401C6062F6
:103DB000608D401E60853AE0082D16D0202D14D06D
:103DC00015F5803F11D02068406820F4E06021683C
:103DD000486011202063002084F83E00202084F8F1
:103DE0003D002046FDF72AFA21E02068406820F4D3
:103DF000E060216848602068006840F40070216835
:103E0000086000202063202084F83D0094F83E00E4
:103E1000402806D1002084F83E002046FDF710FA25
:103E200005E0002084F83E002046FDF707FA70BD4B
:103E30002DE9F041044694F83D5094F83E70E66A4E
:103E4000208DB0BB212D3CD1082E16D0202E14D0B1
:103E500016F5803F11D02068406820F4E0602168AA
:103E6000486011202063002084F83E00202084F860
:103E70003D002046FDF7E2F944E02068406820F468
:103E8000E060216848602068006840F400702168A4
:103E9000086000202063202084F83D0094F83E0054
:103EA000402807D1002084F83E002046FDF7C8F9DD
:103EB00028E006E0002084F83E002046FDF7BEF929
:103EC00020E0212D03D0402F1CD1222D1AD1608D4E
:103ED00030B92068406820F480602168486011E0B3
:103EE00094F83E00402803D1204600F0A5F909E0EF
:103EF000606A007821680861606A401C6062608DB9
:103F0000401E6085BDE8F081416CC9B20268116154
:103F1000416B11B1416BC96B21B9816B41B1816BAF
:103F2000C96B29B10168496841F4006102685160B8
:103F3000704738B590F83E20C16A036B90F83D4059
:103F4000222C73D1046D64B9402A0AD100BF002429
:103F500000940468646900940468A469009400BF34
:103F60001AE1046DC4B90469B4F5404F14D100BF1F
:103F7000002400940468646900940468A4690094AF
:103F800000BF00BF0468246844F4807405682C6096
:103F9000046D641C0465FFE0448D8CB900BF0024EF
:103FA00000940468646900940468A469009400BFE4
:103FB00000BF0468246844F4007405682C60DDE0E8
:103FC000448D012C72D111F5803F30D104682468F2
:103FD00024F4806405682C600468646804F4006458
:103FE000B4F5006F10D10468246824F48064056877
:103FF0002C6000BF00240094046864690094046885
:10400000A469009400BFB9E000BF002400940468D4
:10401000646900940468A469009400BF00BF046848
:10402000246844F4007405682C60A7E0A9E008291E
:1040300023D0202921D0122B01D101291DD10429FF
:104040000AD0022908D0102906D00468246824F474
:10405000806405682C6005E00468246844F480648A
:1040600005682C6000BF0024009404686469009413
:104070000468A469009400BF80E00468246824F404
:10408000806405682C6000BF0024009404686469A3
:1040900000940468A469009400BF00BF0468246809
:1040A00044F4007405682C6068E0FFE7448D022C3E
:1040B0003BD1042910D002290ED010290CD004685D
:1040C000246824F4806405682C600468246844F43F
:1040D000006405682C6005E00468246844F480648A
:1040E00005682C600468646804F40064B4F5006F2B
:1040F00010D111F5803F07D0012905D0082903D040
:10410000102901D0202905D10468646844F4805442
:1041100005686C6000BF0024009404686469009422
:104120000468A469009400BF28E00468246844F48B
:10413000806405682C600468646804F40064B4F565
:10414000006F10D111F5803F07D0012905D0082953
:1041500003D0102901D0202905D10468646844F4F3
:10416000805405686C6000BF002400940468646992
:1041700000940468A469009400BF00BF0024046593
:104180000AE000BF00240094046864690094046895
:10419000A469009400BF00BF38BD90F83E104029CC
:1041A0000ED1016D29B9416C01F0FE010268116167
:1041B00041E0416CC9B241F00101026811613AE08D
:1041C0000169B1F5804F20D190F83D10212905D12A
:1041D000416C01F0FE010268116105E0416CC9B259
:1041E00041F0010102681161416B11B1416BC96B72
:1041F00021B9816BF9B1816BC96BE1B10168496883
:1042000041F400610268516015E0016D41B9416CF3
:1042100001F44071F02242EAE111026811610AE002
:10422000016D012907D1416C01F44071F12242EA8C
:10423000E11102681161704770B5044694F83D5071
:10424000206D98B9E06C012807D1A06CC0B221683C
:104250000861206D801C206550E0A06CC0F3072031
:1042600021680861206D401C206547E0206D012811
:1042700007D1A06CC0B221680861206D401C206588
:104280003CE0206D022836D1222D09D1206800683B
:1042900040F4807021680860206D401C20652DE08E
:1042A000608D60B1212D0AD1606A007821680861B3
:1042B000606A401C6062608D401E60851EE0608DFB
:1042C000E0B9212D1AD12068406820F4E06021680F
:1042D00048602068006840F4007021680860002091
:1042E0002063202084F83D00002084F83E00204612
:1042F000FCF7A6FF02E02046FFF750FB70BD418DA2
:1043000049B101680969426A1170416A491C4162F8
:10431000418D491E4185704770B5044694F83D5063
:10432000608DD8B120680069616A0870606A401CBD
:104330006062608D401E6085608D78B92A2D0DD138
:104340002068406820F48060216848602220206353
:10435000282084F83D002046FCF7C0FF70BD418D49
:1043600049B1416A097802681161416A491C416298
:10437000418D491E4185704770B5044694F83D5003
:10438000608DD8B1606A007821680861606A401C5D
:104390006062608D401E6085608D78B9292D0DD1D9
:1043A0002068406820F480602168486021202063F4
:1043B000282084F83D002046FCF791FF70BDF8B539
:1043C00004460D46002794F83D0000F028002828F8
:1043D0001CD12068406820F4806021684860C5F3E3
:1043E000800000B90127C5F3C01010B9A08986B2BA
:1043F00001E0208B86B200BF002084F83C0000BFA3
:10440000324639462046FCF73FFD0FE000BF002052
:10441000009020684069009020688069009000BF8B
:1044200000BF00BF002084F83C0000BFF8BD0000C2
:1044300038B5044694F83D502068406820F4E060A8
:104440002168486000BF002000902068406900900B
:104450002068006840F001002168086000BF00BFCC
:104460002068006820F48060216808602068406847
:1044700000F40060B0F5006F42D1222D01D02A2D4A
:104480001FD1A06B006840686085608D18B1206CFA
:1044900040F0040020642068406820F40060216837
:1044A0004860A06BFBF7FCFF012829D04148A16BB5
:1044B0000865A06BFBF7E0FF10B3A06B016D8847A8
:1044C0001EE0606B006840686085608D18B1206CEC
:1044D00040F0040020642068406820F400602168F7
:1044E0004860606BFBF7DCFF012809D03148616B45
:1044F0000865606BFBF7C0FF10B1606B016D88470A
:10450000608D18B320684069C0F3800048B120680E
:104510000069616A0870606A401C6062608D401EBC
:10452000608520684069C0F3801048B12068006948
:10453000616A0870606A401C6062608D401E608520
:10454000608D18B1206C40F004002064206C18B11C
:104550002046FFF72DFA2BE02A2D07D100202063FB
:10456000282084F83D002046FCF7B8FE94F83D0072
:1045700028280DD11048E06200202063202084F814
:104580003D00002084F83E002046FCF755FE0FE079
:10459000206B222801D0222D0AD100202063202068
:1045A00084F83D00002084F83E002046FCF796FE8B
:1045B00038BD0000A53800080000FFFF08B501461F
:1045C00000200090104800681922B0FBF2F04FF470
:1045D0007A72B0FBF2F000EB8000009000BF009810
:1045E000401E0090009828B9086C40F02000086434
:1045F000012008BD0868006800F40070B0F5007F75
:10460000EDD00020F5E700001400002070B504464E
:1046100025460CB9002500E001252A464FF480719B
:104620000148FCF74FF870BD0000024010B5034987
:104630000348FBF797FE0349087010BD01000020F6
:10464000AC8600080000002000B587B0142102A845
:10465000FBF700FE00BF002001907948006840F0A1
:104660000400774908600846006800F004000190E3
:1046700000BF00BF00BF002001900846006840F066
:10468000800008600846006800F08000019000BFCC
:1046900000BF00BF002001900846006840F0010004
:1046A00008600846006800F00100019000BF00BFEC
:1046B00000BF002001900846006840F0020008603A
:1046C0000846006800F00200019000BF00BF00BF74
:1046D000002001900846006840F008000860084685
:1046E000006800F00800019000BF00BF00224FF6F4
:1046F000DF515448FBF7E6FF00224AF6FC0152481E
:10470000FBF7E0FF012211034F48FBF7DBFF00221C
:104710004FF401414D48FBF7D5FF002204214C48DE
:10472000FBF7D0FF4FF60E400290012003900220CD
:1047300004900020059002A94248FBF7C9FE012021
:104740000290039004900020059002A93D48FBF7D9
:10475000BFFE4FF4E8700290012003900020049007
:10476000059002A93748FBF7B3FE4FF4087002909A
:10477000002003900120049002A93248FBF7A8FE14
:1047800040F201400290002003900120049002A911
:104790002D48FBF79DFE44F202000290002003909A
:1047A000049002A92848FBF793FE41F2840002908E
:1047B0000120039004900020059002A92248FBF7F5
:1047C00087FE4FF4084002900120039000200490DF
:1047D000059002A91C48FBF77BFE42F2780002908C
:1047E00001200390022004900020059002A91648A1
:1047F000FBF76EFE4FF4807002900120039004904E
:104800000020059002A91148FBF762FE4FF400401A
:10481000029001200390022004900020059002A93C
:104820000A48FBF755FE04200290012003900490F3
:104830000020059002A90648FBF74AFE07B000BD1C
:1048400030380240000802400004024000000240EC
:10485000000C024010B50B480B4908600B4848603B
:10486000002109488160C1604FF48041016100214D
:1048700041618161C1610162FCF7F6FB08B1FBF7A0
:104880006EFD10BD0054004040000020A0860100D5
:1048900010B50A480A490860A82048600021084865
:1048A00081604FF47A71C1600021016180218161D2
:1048B000FDF7FCF908B1FBF752FD10BD00440140C3
:1048C0002401002010B50A480A4908600020486009
:1048D0000021084881604FF6FF71C160002101612D
:1048E0008161FDF7E3F908B1FBF739FD10BD000068
:1048F000004801406C01002010B50A480A490860D0
:10490000542048600021084881604FF47A71C160EA
:104910000021016180218161FDF7C8F908B1FBF731
:104920001EFD10BD00200040B401002000B587B07E
:1049300000200390049005900690019002904FF0A3
:10494000804014490860401548600021114881608A
:104950006421C1600021016180218161FDF7A6F918
:1049600008B1FBF7FCFC4FF48050039003A9094801
:10497000FDF756FA08B1FBF7F2FC00200190029017
:1049800001A90448FDF738F908B1FBF7E8FC07B0C6
:1049900000BD0000940000201CB500200090019094
:1049A0000E480F4908600A20486000210C488160C9
:1049B0001E21C16080218161FDF778F908B1FBF704
:1049C000CEFC202000900020019069460448FDF7AD
:1049D00013F908B1FBF7C3FC1CBD00000014004034
:1049E000DC00002010B50B480B4908604FF4E130A3
:1049F0004860002108488160C16001610C2141616B
:104A000000218161C161FDF7D3FC08B1FBF7A7FC70
:104A100010BD0000004C0040FC01002010B50B4808
:104A20000B4908604FF4E13048600021084881607C
:104A3000C16001610C21416100218161C161FDF70B
:104A4000B7FC08B1FBF78BFC10BD00000010014063
:104A50004402002010B501220A490B4800F08AFFE9
:104A600008B1FBF77CFC0949074802F098FD08B142
:104A7000FBF775FC044802F0FBFD08B1FBF76FFC87
:104A800010BD0000897600088C020020180000206C
:104A900010B5024802F012FC10BD00008C0200208C
:104AA00000BFFEE700BFFEE710B50248FCF748F87C
:104AB00010BD00006406002070477047704710B5B5
:104AC000FCF70EFC10BD000000B593B0302107A824
:104AD000FBF7C0FB142102A8FBF7BCFB00BF0020C2
:104AE00001902448006840F0805022490860084640
:104AF000006800F08050019000BF00BF00BF0020A0
:104B000001901D48006840F480401B490860084639
:104B1000006800F48040019000BF00BF01200790B2
:104B20000004089002200D9041050E9119210F916B
:104B30004FF4A8711091022111910721129107A839
:104B4000FCF7F0FD08B1FBF70AFC0F2002900220F1
:104B50000390002004904FF4A05005904FF4805033
:104B60000690052102A8FCF79DFC08B1FBF7F7FBB6
:104B700013B000BD40380240007000400348006898
:104B800040F47000014908607047000088ED00E0C3
:104B900010B50248FDF7CBF910BD0000240100203C
:104BA00010B50248FDF7C3F910BD0000B4010020A4
:104BB00010B502682B4B98420ED0B0F1804F0BD04D
:104BC000294B984208D0294B984205D0284B98424F
:104BD00002D0284B984203D122F070024B681A434E
:104BE000204B984220D0B0F1804F1DD01E4B9842F0
:104BF0001AD01E4B984217D01D4B984214D01D4B13
:104C0000984211D01C4B98420ED01C4B98420BD0AE
:104C10001B4B984208D01B4B984205D01A4B984228
:104C200002D01A4B984203D122F44072CB681A4347
:104C300022F080034C6943EA04028B68C3620B686C
:104C40008362084B984202D00A4B984201D10B690B
:104C50000363036843F004030360012343610260BC
:104C600010BD0000000001400004004000080040AA
:104C7000000C00400004014000400140004401409D
:104C80000048014000180040001C00400020004087
:104C900030B50C46816821F47F4142EA0325254363
:104CA0002943816030BD0A46816821F0700142F0DD
:104CB000070319438160704730B50B461446026AFA
:104CC000056A25F001050562816921F0F00141EADC
:104CD000041122F00A021A438161026230BD30B52C
:104CE0000B461446026A056A25F0100505628169C3
:104CF00021F4704141EA043122F0A00242EA031299
:104D00008161026230BD000010B50248FDF7CCF9A8
:104D100010BD0000FC01002070B50446A56B00200A
:104D2000E8852846FDF7BEF970BD00BF00BF0268E8
:104D30000C3252E8002F22F4907102680C3242E8E3
:104D40000013002BF3D100BF00BF00BF0268143274
:104D500052E8002F22F001010268143242E80013E9
:104D6000002BF3D100BF016B01290ED100BF00BFA2
:104D700002680C3252E8002F22F0100102680C3257
:104D800042E80013002BF3D100BF202180F842102D
:104D900000210163704710B504462068C06820F008
:104DA00040002168C860202084F841002046FDF7BB
:104DB000C0FB002010BDF8B504460025002694F87D
:104DC0004200222873D1A068B0F5805F0BD1206922
:104DD00048B9A66A20684068C0F308003080A06A1D
:104DE000801CA06214E0A56AA068B0F5805F03D0C3
:104DF000A06828B9206918B920684068287004E0C4
:104E00002068406800F07F002870A06A401CA06203
:104E1000E08D401E80B2E085002846D12068C06841
:104E200020F020002168C8602068C06820F48070ED
:104E30002168C8602068406920F00100216848614D
:104E4000202084F8420000206063206B012826D1D6
:104E50000020206300BF00BF21680C3151E8001F13
:104E600021F0100021680C3141E80002002AF3D142
:104E700000BF2068006800F0100010280AD100BFB1
:104E80000020009020680068009020684068009032
:104E900000BF00BFA18D2046FDF703F902E02046C8
:104EA000FDF746FB0020F8BD01E00020FBE70220F3
:104EB000F9E700002DE9F84F04462068006920F466
:104EC0004050E1680843216808612169A0680843EF
:104ED00061690843E169084300902068C06849F2AD
:104EE0000C618843009908432168C86020684069C4
:104EF00020F44070A1690843216848617649206820
:104F0000884203D075492068884203D1FCF7A2FB90
:104F1000814602E0FCF78EFB8146E069B0F5004F68
:104F20006CD102206168A0FB015003461920A9FB47
:104F3000007001462A463846FBF742F96421B0FB6F
:104F4000F1F04FEA001A02206168A0FB01510B4604
:104F50001920A9FB00712A463846FBF731F9834630
:104F600002206168A0FB015003461920A9FB0071D3
:104F70002A463846FBF724F96421B0FBF1F000EB38
:104F8000C00101EB0010ABEB8000322101EBC0004F
:104F90006421B0FBF1F000F0F8000AEB400A0220B7
:104FA0006168A0FB015003461920A9FB007001466F
:104FB0002A463846FBF704F9834602206168A0FBC5
:104FC000015003461920A9FB00712A463846FBF719
:104FD000F7F86421B0FBF1F000EBC00101EB001029
:104FE000ABEB8000322101EBC0006421B0FBF1F09B
:104FF00000F007005044216888606AE0042061687E
:10500000A0FB015003461920A9FB007001462A4667
:105010003846FBF7D5F8824604206168A0FB0150B2
:1050200003461920A9FB007001462A463846FBF7C3
:10503000C7F86421B0FBF1F000EBC00101EB0010F8
:10504000AAEB8000322101EB00106421B0FBF1F0EB
:1050500000F0F00A04206168A0FB017003461920EB
:10506000A9FB00513A462846FBF7AAF86421B0FB99
:10507000F1F00AEB001A04206168A0FB01510B4615
:105080001920A9FB00712A463846FBF799F8834698
:1050900004206168A0FB015003461920A9FB0070A1
:1050A00001462A463846FBF78BF86421B0FBF1F045
:1050B00000EBC00101EB0010ABEB8000322101EBF3
:1050C00000106421B0FBF1F000F00F0050442168A3
:1050D0008860BDE8F88F0000001001400014014016
:1050E000014691F84100212828D18868B0F5805FF9
:1050F0000BD1086948B90A6A1088C0F308000B6828
:105100005860086A801C086205E00B6A581C086237
:1051100018780B685860C88C401E80B2C88458B993
:105120000868C06820F080000B68D8600868C06814
:1051300040F040000B68D860002070470220FCE778
:1051400070B506460D46304600F029F904464FF684
:10515000FF70844207D045F4004104F00F0206F5C9
:10516000617040F82210E0B270BD2DE9FF410746A2
:105170000C4615461E460020012102230A468DE8F2
:10518000320003903146384600F056FD002004B04E
:10519000BDE8F0812DE9FF4104460D4617461E4645
:1051A000DDF8288094F81D0308B14FF000080120B5
:1051B0000223002231468DE8A101204600F03CFD8B
:1051C000002004B0BDE8F08170B504460D462946C4
:1051D000204600F0F3FB002070BD70B504460D467C
:1051E000A078012807D102212174012161740021D6
:1051F0006182A582E18200221146204600F016F865
:1052000070BD2DE9FF4107460C4615461E4600209D
:10521000012103460A468DE83200039031463846A4
:1052200000F00AFD002004B0BDE8F0812DE9F04156
:1052300004460E4617460125A078012802D0022810
:1052400019D107E0A660A781012121760220A07074
:10525000012511E0204600F033F905460DB1032D7C
:1052600004D10120A0700021217603E0022D01D19C
:105270000120A07000E000BF00BF2846BDE8F0811B
:105280002DE9FF4104460D4617461E46DDF82880ED
:1052900094F81D0308B14FF00008012000231A46BE
:1052A00031468DE8A101204600F0C6FC002004B084
:1052B000BDE8F0817FB506460C4615460020082162
:1052C000CDE9000403460246CDE9021029463046E6
:1052D00000F0B2FC002004B070BD10B504462046BA
:1052E000FBF7E2F810BDF0B506460C461546002265
:1052F000002106F54E771AE002EB820000EBC20CAB
:1053000007F10A0000EB4C014879A04201D0FF2CC4
:105310000BD18879A84201D0FF2D06D1C8799842D7
:1053200001D0FF2B01D11046F0BD501CC2B2022AA1
:10533000E2D3FF20F8E70246102909D202F5617096
:1053400030F82100C0F30E0302F5617040F82130FF
:10535000002070472DE9F04104460E4615461F46D1
:10536000DDF81880A078012812D146F08001217460
:1053700006216174658205F47F40B0F5407F03D15A
:1053800040F20941A18201E00021A182A4F8168027
:10539000424639462046FFF749FFBDE8F081024604
:1053A000002100BF0AE002F5617030F8210000F42E
:1053B000004008B908467047481CC1B21029F2D312
:1053C0004FF6FF70F7E710B502460B8814782344B8
:1053D0000B801378981810BDF8B506460C4606F1F8
:1053E0001C07B4F5807F03D900BF00BF0320F8BDC0
:1053F0003B464FF40072002130460094FFF7AAFFAD
:1054000005462DB922463946304601F08DFD054648
:105410002846ECE7F8B505460C46B4F5007F03D9FD
:1054200000BF00BF0320F8BD05F58E734FF48072F6
:10543000002128460094FFF78DFF064636B9224624
:1054400005F58E71284601F01EFE06463046EAE755
:105450002DE9F8430546884616461C46B4F5007FFC
:1054600000D826B900BF00BF0320BDE8F88348F488
:10547000407205F58E73002128460094FFF76AFFFD
:1054800007462FB92246314605F58E7001F0FBFE26
:105490003846EAE70146002031B1012906D0022949
:1054A00006D0032908D105E0002007E0022005E02E
:1054B000012003E0022001E0022000BF00BF70478E
:1054C000F8B5044601270025207E0C2870D2DFE8BD
:1054D00000F0DE060F323E515F7B879BA9BE6279EA
:1054E00004F110012046FFF7E5FE02212176CFE00E
:1054F0006179204600F0E6FA0546012D14D1207CA2
:1055000000F08006E08A38B1802E02D10321217696
:1055100010E0052121760DE0802E02D109212176AF
:1055200008E00721217605E0042D01D0022D01D1EC
:105530000B212176ACE0D4F8C403E0812379A28961
:105540002046A168FFF75DFE04212176A0E02179C5
:10555000204600F0B7FA0546012D02D10921217637
:1055600007E0052D01D1032703E0042D01D10B2114
:1055700021768DE0012000906379A2892046A16800
:10558000FFF77EFED4F8C403E081062121767FE098
:105590006179204600F096FA0546012D02D10721D7
:1055A000217610E0052D04D10C21217603270AE095
:1055B0006DE0022D02D10521217604E0042D02D1F7
:1055C0000B212176022763E0237900221146204631
:1055D000FFF717FED4F8C403E0810821217657E0D5
:1055E0002179204600F06EFA0546012D03D10D21E8
:1055F0002176002707E0042D02D10B21217602E05D
:10560000052D00D1032743E001200090637900229B
:1056100011462046FFF734FED4F8C403E0810A2186
:10562000217635E06179204600F04CFA0546012DDF
:1056300003D100270D21217608E0022D02D1092196
:10564000217603E0042D01D10B21217620E0607E3C
:10565000401CC1B26176022904D8012121760120C3
:10566000A07013E006212046D4F8D42390470021EF
:10567000617600BF00BF61792046FFF75CFE2179AB
:105680002046FFF758FE00202070022700E000BFF0
:1056900000BF3846F8BDFEB50446012601256078F6
:1056A000082874D2DFE800F0044874ABD2FDEFEEB6
:1056B00008212046FFF7AEFE054605BB94F82D13E2
:1056C000A17101206070A079002294F81D13CDE92A
:1056D0000012029094F81C3321798022204601F0B8
:1056E0000EFCA079002294F81D13CDE9001202905F
:1056F00094F81C336179204601F001FC1BE0032D76
:1057000019D100BF00BF94F81E03401C84F81E038B
:1057100094F81E03032804D900BF00BF0D20207099
:1057200009E061792046FFF706FE21792046FFF760
:1057300002FE002020700CE112212046FFF76AFED5
:10574000054635B900BF00BF00BF00BF0220607032
:105750001CE0032D1AD100BF00BF94F81E03401CAB
:1057600084F81E0394F81E03032804D900BF00BF69
:105770000D2020700AE061792046FFF7DCFD2179D9
:105780002046FFF7D8FD002060702070E1E0DFE0E8
:105790000121204601F030FF05462DBB0220FFF716
:1057A0009CFD012184F81C1300BF00BF0320607022
:1057B000A079002294F81D13CDE90012029094F80C
:1057C0001C3321798022204601F099FBA079002228
:1057D00094F81D13CDE90012029094F81C336179FE
:1057E000204601F08CFB09E0032D07D100BF00BF6C
:1057F00000BF00BF0D20207000206070A9E00921CB
:105800002046FFF7E9FD054615B9042060701CE04D
:10581000032D1AD100BF00BF94F81E03401C84F86A
:105820001E0394F81E03032804D900BF00BF0D20F7
:1058300020700AE061792046FFF77DFD217920463E
:10584000FFF779FD00206070207082E0B4F83A1311
:105850002046FFF7C1FD054615B9052060701FE021
:10586000032D1DD100BF00BF94F81E03401C84F817
:105870001E0394F81E03032807D900BF00BF0D20A4
:1058800020700DE049E02AE00BE061792046FFF747
:1058900052FD21792046FFF74EFD002060702070F8
:1058A00057E094F83403A8B194F83413FF2304F5B7
:1058B0008E722046FFF7CCFD054625B900BF00BF1C
:1058C000062060700AE0032D08D100BF00BF06204B
:1058D000607003E000BF00BF0620607039E094F8FC
:1058E0003503A8B194F83513FF2304F58E722046D2
:1058F000FFF7AEFD054625B900BF00BF0720607069
:105900000AE0032D08D100BF00BF0720607003E04C
:1059100000BF00BF072060701BE094F8360398B109
:1059200094F83613FF2304F58E722046FFF790FD9E
:1059300005461DB900BF00BF002608E0032D06D1B3
:1059400000BF00BF002602E000BF00BF002600E04D
:1059500000BF00BF3046FEBD10B5044620780B28BE
:1059600007D1D4F87C0320B1D4F87C0381692046A8
:10597000884710BD70B504460D4616461CB900BFD9
:1059800000BF022070BD84F8CC630020C4F87C0303
:10599000C4F880032046FAF79BFC002184F8231307
:1059A00084F8201384F8211384F822130DB1C4F86D
:1059B000D453204600F09AF80020E3E72DE9F041A7
:1059C00004460D46002600272946D4F8D003FAF7EE
:1059D000D3FE06463046FFF75DFD07463846BDE874
:1059E000F0810146012281F82023002281F8212341
:1059F00081F822230020704710B50446012184F865
:105A00002113002184F8201384F82313204600F08A
:105A100004F921792046FFF78EFC61792046FFF7D3
:105A20008AFC002010BD70B505460C4695F8CC03E5
:105A3000012802D12046FEF7E9FDC820FAF734FD1F
:105A4000002070BD70B504460D462946D4F8D00339
:105A5000FAF789FE70BD70B504460125D4F8D0036D
:105A6000FAF750FE20B1012804D0022806D103E045
:105A7000002505E0012503E0022501E0012500BF26
:105A800000BF284670BD30B503460020D3F8D023B0
:105A9000C1EB011502F1140404EB8504E47844B170
:105AA000C1EB011502F1140404EB850494F82800FD
:105AB00007E0C1EB011502F1140404EB850494F82E
:105AC000290030BD70B504460D462946D4F8D003F0
:105AD000FAF73FFE70BD10B50446D4F8C403401C6D
:105AE000C4F8C4032046FFF737FF10BD70B5044665
:105AF00094F8CC03012820D11148C0F8DC43C4F845
:105B0000D0034FF0A0400E49086008210C484171B5
:105B10000121C17100218171022141720021817234
:105B2000FBF7CCF808B1FAF71AFC0548FAF7E4FDE0
:105B300005462946204600F03FF8002070BD0000D1
:105B4000640600202DE9FF5F04460D4616461F46F9
:105B5000DDE90F9ADDF838804FF0000B002003904C
:105B60008DE800073B4632462946D4F8D003FAF7C1
:105B70001DFE83465846FFF78DFC0390039804B042
:105B8000BDE8F09F002280F82323012280F8212322
:105B90007047012280F82323704770B50446002522
:105BA0000026D4F8D003FBF72FF905462846FFF767
:105BB00071FC0646304670BDC0F8C413704730B55E
:105BC0000446D4F8D033C1EB011503F1140000EB07
:105BD0008500C07840B1C1EB011503F1140000EB62
:105BE000850080F8282007E0C1EB011503F11400BF
:105BF00000EB850080F82920002030BD70B50446F8
:105C000000250026D4F8D003FBF70BF905462846FB
:105C1000FFF740FC0646304670BD70B504460025CF
:105C20000026D4F8D003FBF717F905462846FFF7FE
:105C300031FC0646304670BD2DE9F04F87B0044672
:105C40000D4616461F46DDE912ABDDE9108900203E
:105C5000069005908DE8000F3B4632462946D4F861
:105C6000D003FAF72BFE06900698FFF713FC059079
:105C7000059807B0BDE8F08F2DE9F041044688464D
:105C800015460227D4F87C03C66915B1012D0CD145
:105C900005E0F1792046FFF7A0FA074606E0B17962
:105CA0002046FFF79AFA074600E000BF00BF3846DB
:105CB000BDE8F0810246D2F87C03C169054B4B6513
:105CC000054B8B65012381F8503081F8523000205C
:105CD0007047000055534243504030202DE9F84FA3
:105CE000074688464FF001090126B2460025D7F83D
:105CF0007C03C469AB4694F850000C2874D2DFE8EA
:105D000000F07306153C477481B5C0DFF2F084F8EB
:105D10006180022184F850100120009063791F22D5
:105D200004F154013846FFF735FA0AE16179384643
:105D3000FFF7C8FE0546012D13D1E06D68B194F858
:105D4000600000F08000802803D1032184F8501007
:105D500012E0052184F850100EE0072184F850105D
:105D60000AE0022D03D1012184F8501004E0052D32
:105D700002D10A2184F85010E3E0237962898C2053
:105D800001593846FFF7F1F9042184F85010D8E0A2
:105D900021793846FFF796FE0546012D1ED161890F
:105DA000E06D88420AD98C200059618901448C2019
:105DB00001516189E06D411AE16501E00021E16571
:105DC000E06D38B1237962898C2001593846FFF79C
:105DD000CCF908E0072184F8501004E0052D02D129
:105DE000092184F85010ACE0AAE00120009063790A
:105DF00022898C2001593846FFF7CCF9062184F816
:105E000050109EE061793846FFF75CFE0546012D93
:105E100020D12189E06D88420AD98C20005921893E
:105E200001448C2001512189E06D411AE16501E0B6
:105E30000021E165E06D48B101200090637922897D
:105E40008C2001593846FFF7A5F90EE0072184F8A8
:105E500050100AE0022D03D1052184F8501004E00F
:105E6000052D02D10A2184F850106AE023790D2211
:105E700004F178013846FFF778F9082184F85010CA
:105E80005FE021793846FFF71DFE0546012D11D14F
:105E9000012184F8501084F85210384600F0C6F8FA
:105EA0008246BAF1000F02D14FF0000907E04FF02F
:105EB000020904E0052D02D1092184F8501040E0C8
:105EC000002241463846FFF7D7FE06461EB9072195
:105ED00084F8501004E0042E02D10B2184F85010F5
:105EE0002FE022E0FFE7012241463846FFF7C4FEDB
:105EF0000646A6B961793846FFF7C5FD8346CBF162
:105F00000100C2B261793846FFF759FE21790022BB
:105F10003846FFF754FE092184F8501004E0042E9F
:105F200002D10B2184F850100BE0384600F01FF826
:105F30008146B9F1000F02D1012184F8501000E030
:105F400000BF00BF4846BDE8F88F70B504460D4657
:105F5000A1212174FE21617400216182A1820121AD
:105F6000E182012229462046FFF760F970BD10B595
:105F7000044621212174FF21617400216182A182E4
:105F8000E182002211462046FFF750F910BD2DE9AD
:105F9000F0410746D7F87C03C4690126A07B20B1F5
:105FA000022803D003283BD132E000BF2146384607
:105FB000FFF7CBFF0646032E02D1002020700026FB
:105FC0002EBB2078022801D9022001E02078401C55
:105FD000207000BF00BF002516E0022105EB850000
:105FE00000EBC50204F1900000EB820081700021FB
:105FF00005EB850000EBC50204F1900000EB820088
:1060000080F83110681CC5B22078A842E5DC08E0B1
:1060100000213846FFF7E1F808B9E07BA07300E003
:1060200000BF00BF3046BDE8F081000070B50546F6
:10603000D5F87C03C469012621792846FFF702FDC3
:106040000D2801D0022619E00D49A06F884214D115
:10605000E16FA06D814211D194F8840008B9002647
:106060000CE094F88400012801D1012606E094F8A0
:106070008400022802D1022600E00226304670BDCC
:10608000555342532DE9F04104460D461646D4F8C7
:106090007C03C769A7F8F85020780B280ED105EBD0
:1060A000850000EBC50207F1900000EB820134226D
:1060B0003046FAF7B6F80020BDE8F0810220FBE791
:1060C00070B50546D5F87C03C469607948B161793B
:1060D0002846FFF779F861792846FFF72CF9002068
:1060E0006071207948B121792846FFF76DF8217950
:1060F0002846FFF720F900202071D5F87C03C069FD
:1061000040B1D5F87C13C86902F054FA0020D5F8E4
:106110007C13C861002070BDFEB50546D5F87C0330
:106120000179502306222846FFF7DDF80646FF2EA8
:1061300001D0022E03D300BF00BF0220FEBD3146B6
:10614000284601F045FA07460FB10220F6E74FF462
:10615000827002F075FAD5F87C13C861D5F87C031B
:10616000C4691CB900BF00BF0220E7E74FF4827189
:106170002046FAF76FF806EB860000EBC60105F241
:10618000423000EB4100007B00F08000A0B106EB44
:10619000860000EBC60105F2423000EB4100007BB7
:1061A000E07106EB860000EBC60105F2423000EB21
:1061B0004100C089608113E006EB860000EBC60158
:1061C00005F2423000EB4100007BA07106EB860037
:1061D00000EBC60105F2423000EB4100C08920818E
:1061E00006EB860000EBC60105F2423000EB4100F1
:1061F000007D00F08000A0B106EB860000EBC60138
:1062000005F2423000EB4100007DE07106EB8600B4
:1062100000EBC60105F2423000EB4100C08A60810C
:1062200013E006EB860000EBC60105F2423000EBFE
:106230004100007DA07106EB860000EBC60105F26F
:10624000423000EB4100C08A20810020207360733F
:10625000A073A1792846FEF773FF6071E1792846A3
:10626000FEF76EFF20712846FFF724FDA07980B16C
:10627000208970B12089022295F81D13CDE9001202
:10628000029095F81C33A2796179284600F037FE18
:1062900001E0032052E7E07980B1608970B1608944
:1062A000022295F81D13CDE90012029095F81C33D7
:1062B000E2792179284600F022FE01E003203DE743
:1062C000217900222846FFF77AFC617900222846CE
:1062D000FFF775FC002031E72DE9F0410646D6F8BE
:1062E0007C03C4694FF0010801250127207B20B100
:1062F00001287CD00A287BD153E2B4F8F800217839
:10630000884276DA0121B4F8F80000EB800202EB53
:10631000C00204F1900000EB82004170B4F8F80074
:1063200000EB800101EBC00104F1900010F82100A6
:1063300009287DD2DFE800F0057C68FE17FD7C7C33
:10634000FC0000BF00BF0421B4F8F80000EB80029D
:1063500002EBC00204F1900000F82210D6F8C4034A
:10636000C4F8000116E2B4F8F80000EB800303EB78
:10637000C00304F1900000EB830000F10F0294F8D9
:10638000F810304600F03FFB05468DB900BF00BF56
:1063900000BF00BF00BF00BF0221B4F8F80000EB4F
:1063A000800202EBC00204F1900000F822102AE003
:1063B000022D0BD10521B4F8F80000EB800202EBAE
:1063C000C00204F1900000F822101CE0042D1AD144
:1063D0000821B4F8F80000EB800202EBC00204F1DF
:1063E000900000F822100221B4F8F80002E003E265
:1063F00005E2D0E100EB800202EBC00204F1900064
:1064000000EB82004170C5E194F8F810304600F0CE
:1064100088FC0746F7BBB4F8F80000EB800101EBFD
:10642000C00104F1900000EB8100807880B100E0B1
:10643000AFE10121B4F8F80000EB800202EBC002EA
:1064400004F1900000EB820080F8311000BF0CE0F6
:106450000021B4F8F80000EB800202EBC00204F166
:10646000900000EB820080F831100321B4F8F800AE
:1064700000EB800202EBC00204F1900000F8221051
:106480000021B4F8F80000EB800202EBC00204F136
:10649000900000E00EE000EB82004170B4F8F800DC
:1064A00000EB800202EBC00204F1900000EB8200DE
:1064B00081706BE0022F50D1B4F8F80000EB80013E
:1064C00001EBC00104F1900000EB8100807802280C
:1064D0000ED00121B4F8F80000EB800202EBC002FC
:1064E00004F1900000EB820080F8311000BF0CE056
:1064F0000021B4F8F80000EB800202EBC00204F1C6
:10650000900000EB820080F831100521B4F8F8000B
:1065100000EB800202EBC00204F1900000F82210B0
:106520000121B4F8F80000EB800202EBC00202E0A7
:1065300029E198E02BE004F1900000EB820041702B
:106540000221B4F8F80000EB800202EBC00204F173
:10655000900000EB8200817018E0042F16D1082112
:10656000B4F8F80000EB800202EBC00204F19000E6
:1065700000F822100221B4F8F80000EB800202EBD0
:10658000C00204F1900000EB8200417002E1B4F817
:10659000F80000EB800303EBC00304F1900000EB74
:1065A0008300021D94F8F810304600F006FB054603
:1065B00085BBB4F8F80000EB800101EBC00104F1E9
:1065C000900000EB810090F83100012805D100BF58
:1065D00000BF00BF00BF00BF00BF0121B4F8F8003A
:1065E00000EB800202EBC00204F1900000F82210E0
:1065F0000021B4F8F80000EB800202EBC00204F1C5
:10660000900000EB82004170B4F8F800401CA4F840
:10661000F80027E0FFE7022D0BD10521B4F8F800C0
:1066200000EB800202EBC00204F1900000F822109F
:1066300018E0042D16D10821B4F8F80000EB800210
:1066400002EBC00204F1900000F822100221B4F81D
:10665000F80000EB800202EBC00204F1900000EBB6
:106660008200417096E0B4F8F80000EB800303EB81
:10667000C00304F1900000EB830000F10C0294F8D9
:10668000F810304600F0EDFA054675BBB4F8F80096
:1066900000EB800101EBC00104F1900000EB8100F0
:1066A000007B06280CD0B4F8F80000EB800101EB69
:1066B000C00104F1900000EB8100007B022815D19D
:1066C000D6F8C403D4F80011401A42F2107188427F
:1066D0000CD20221B4F8F80000EB800202EBC002F9
:1066E00004F1900000F8221054E016E000BF00BF53
:1066F00000BF00BF00BF00BF0121B4F8F80000EBED
:10670000800202EBC00204F1900000F82210B4F8FD
:10671000F800401CA4F8F80034E0022D19D100BFA5
:1067200000BF0821B4F8F80000EB800202EBC002C1
:1067300004F1900000F822100221B4F8F80000EBF8
:10674000800202EBC00204F1900000EB8200417075
:1067500018E0042D16D10821B4F8F80000EB8002EF
:1067600002EBC00204F1900000F822100221B4F8FC
:10677000F80000EB800202EBC00204F1900000EB95
:106780008200417006E0B4F8F800401CA4F8F8005C
:1067900000E000BF04E00020A4F8F8000A20207305
:1067A0002EE0B4F8FA00217888421FDAF8346088C5
:1067B000208034F8F80900EB800101EBC00104F1FE
:1067C000900000EB8100407828B902213046D6F8CD
:1067D000D423904704E006213046D6F8D4239047CE
:1067E000B4F8FA00401CA4F8FA0004E00020A4F871
:1067F000FA000120207303E04FF0000800E000BF22
:1068000000BF4046BDE8F0812DE9F84380460C46C4
:10681000D8F87C03C5690127012604EB840000EB4E
:10682000C40105F1900010F82100052860D0062869
:1068300002D007287DD12DE00020034602462146E4
:106840000090404600F05FF9064656B9012104EB7E
:10685000840000EBC40205F1900000F8221000272C
:1068600017E0022E09D1052104EB840000EBC402DD
:1068700005F1900000F822100BE0042E09D1082148
:1068800004EB840000EBC40205F1900000F8221034
:1068900002276CE000200346024621460090404655
:1068A00000F070FA064656B9012104EB840000EBB3
:1068B000C40205F1900000F82210002717E0022E14
:1068C00009D1052104EB840000EBC40205F190001E
:1068D00000F822100BE0042E09D1082104EB8400FB
:1068E00000EBC40205F1900000F8221002273EE000
:1068F00004EB840000EBC40105F1900000EB810083
:1069000000F10C022146404600F0ABF90646E6B91C
:1069100000BF00BF00BF00BF00BF00BF012104EBEC
:10692000840000EBC40205F1900000F8221002215F
:1069300000E01BE004EB840000EBC40205F19000D2
:1069400000EB8200417002270FE0022E01D100BF50
:106950000BE0042E09D1082104EB840000EBC402F3
:1069600005F1900000F82210022700E000BF00BFF0
:106970003846BDE8F8832DE9F84F04460D469146A8
:106980009A460A9FD4F87C03C669A6F8F85094F892
:10699000230360B120780B2809D105EB850000EBBB
:1069A000C50106F1900010F82100012802D0022054
:1069B000BDE8F88F062105EB850000EBC50206F166
:1069C000900000F8221053464A4629462046009778
:1069D00000F099F8D4F8C4830DE0D4F8C403A0EB18
:1069E000080142F210707843814202D894F82303E0
:1069F00008B90220DCE729462046FFF705FF0128F9
:106A0000EBD00020D4E72DE9F04106460F461546AD
:106A10004FF00208D6F87C03C46994F852000128AC
:106A200002D002286AD12FE02421E165802184F878
:106A300060100A2184F86210002104F10F00C4F8EC
:106A40006310C4F86710A4F86B10122184F8631067
:106A50007807010E84F86410002184F8651084F82A
:106A60006610242184F86710002184F86810012141
:106A700084F85010022184F8521004F110008C2187
:106A800008514FF001083AE039463046FFF726F941
:106A90008046B8F1000F30D122212846F9F7DAFB01
:106AA0008C200059007800F01F0068708C2000597D
:106AB0000078401128708C200059407800F0800048
:106AC000802802D10120A87001E00020A8708C204D
:106AD00000598168C5F80310C068C5F807008C200C
:106AE000005900F11001102205F10C00F9F799FB93
:106AF0008C200059006AC5F81D0000E000BF00BFEF
:106B00004046BDE8F0812DE9FF4105460E461F468F
:106B10004FF00208D5F87C03C46994F852000128AC
:106B200002D0022843D13CE006EB860000EBC60110
:106B300004F1900000EB810001890A984143E1656E
:106B4000802184F860100A2184F86210102104F179
:106B50006300F9F77FFB282184F863109DF80B1080
:106B600084F865109DF80A1084F866109DF80910E5
:106B700084F867109DF8081084F868109DF82910B3
:106B800084F86A109DF8281084F86B10012184F8AD
:106B90005010022184F852108C2007514FF0010848
:106BA00006E031462846FFF799F8804600E000BF2E
:106BB00000BF404604B0BDE8F0812DE9F041064633
:106BC000884615460127D6F87C03C46994F852001C
:106BD000012802D002283FD11BE00821E165802175
:106BE00084F860100A2184F86210102104F1630017
:106BF000F9F730FB252184F86310012184F8501047
:106C0000022184F8521004F110008C210851012750
:106C100023E041463046FFF761F80746DFB98C2094
:106C20000059C1788C200059807841EA00218C20DD
:106C30000059407841EA00418C200059007841EA2F
:106C4000006028608C200059C1798C20005980791F
:106C500041EA0020A88000E000BF00BF3846BDE840
:106C6000F0812DE9F04106460F4615464FF0020827
:106C7000D6F87C03C46994F85200012802D0022897
:106C80004AD12BE00E21E165802184F860100A21B1
:106C900084F86210102104F16300F9F7DBFA032194
:106CA00084F863107807010E84F86410002184F8DA
:106CB000651084F866100E2184F86710002184F8AE
:106CC0006810012184F85010022184F8521004F158
:106CD00010008C2108514FF001081EE03946304663
:106CE000FEF7FCFF8046B8F1000F14D18C2000594C
:106CF000807800F00F0028708C200059007B6870AD
:106D00008C200059407BA87068783A2803D100BFD6
:106D100000BF4FF0040800E000BF00BF4046BDE8E0
:106D2000F0812DE9F04105460E460227D5F87C0397
:106D3000C46994F85200012802D002281DD116E03F
:106D40000021E16584F860100A2184F862101021A6
:106D500004F16300F9F77EFA002184F86310012141
:106D600084F85010022184F85210012706E03146C1
:106D70002846FEF7B3FF074600E000BF00BF3846D5
:106D8000BDE8F0812DE9FF4105460E461F464FF054
:106D90000208D5F87C03C46994F85200012802D097
:106DA000022843D13CE006EB860000EBC60104F16B
:106DB000900000EB810001890A984143E1650021C0
:106DC00084F860100A2184F86210102104F1630035
:106DD000F9F740FA2A2184F863109DF80B1084F823
:106DE00065109DF80A1084F866109DF8091084F863
:106DF00067109DF8081084F868109DF8291084F831
:106E00006A109DF8281084F86B10012184F8501046
:106E1000022184F852108C2007514FF0010806E03F
:106E200031462846FEF75AFF804600E000BF00BF0B
:106E3000404604B0BDE8F08101460020704730B5FF
:106E40000246D2F87C43E369A3F8F81014780B2CBF
:106E50000BD101EB810404EBC10503F1900404EBB9
:106E6000850464780CB9012000E0002030BD2DE9D4
:106E7000F84F04460D4691469A460A9FD4F87C0383
:106E8000C669A6F8F85094F8230360B120780B285F
:106E900009D105EB850000EBC50106F1900010F863
:106EA0002100012802D00220BDE8F88F072105EB60
:106EB000850000EBC50206F1900000F82210534651
:106EC0004A46294620460097FFF75CFFD4F8C48362
:106ED0000DE0D4F8C403A0EB080142F2107078432F
:106EE000814202D894F8230308B90220DCE729463E
:106EF0002046FFF789FC0128EBD00020D4E72DE9DC
:106F0000FE4F04460D4616461F46DDE90D9ADDF894
:106F100030803B463246294620468DE80007FEF782
:106F200011FE0020BDE8FE8F2DE9F74F82B08346A9
:106F30000C460BF54E7500200190814680461CB929
:106F4000022005B0BDE8F08F26463078092801D030
:106F5000092030702078287060786870A178E07817
:106F600041EA0020FF2804DCA178E07841EA002013
:106F700001E04FF480706880207928716079687131
:106F8000A079A871E079E871207A2872049809281C
:106F900077D909200090002760E069463046FEF767
:106FA00012FA06467078042858D13078092801D0A2
:106FB0000920307009EB890000EBC90105F10A00D6
:106FC00000EB41073146384600F04AF94FF000081F
:106FD000C2462FE069463046FEF7F5F9064670785E
:106FE000052827D1787901280DD1B879022802D057
:106FF000B879032807D1F87938B93078092804D04E
:107000000920307001E00720307009EB890000EBA7
:10701000C90105F10A0000EB41000A3000EBC80A83
:1070200032465146584600F087F8019008F10100B9
:1070300000F0FF08B8F1020F07D23879404504DDAF
:107040006888BDF800108842C4DC3879404501DD0D
:10705000032076E709F1010000F0FF09B9F1020F02
:1070600004D26888BDF80010884296DC287902288E
:1070700002DA287901E004E00220484501DD03201E
:107080005FE701985DE770B50346144603F22632C8
:10709000002509B9022070BD08781070487850703A
:1070A0008E78C87846EA00205080087910714879B7
:1070B000507188799071C879D07193F81D0318B117
:1070C00093F81D03012811D1D079082806D0102883
:1070D00005D0202804D0402804D102E000BF00BF22
:1070E00000BF02E00820D07100BF0AE093F81D0342
:1070F000022805D1D079082803D00820D07100E0FB
:107100000325082C16D90E7A487A46EA0020108109
:107110008E7AC87A46EA002050810E7B487B46EA88
:1071200000209081887B9073C87BD073087C10749A
:10713000487C50742846AEE730B5034600201478EA
:107140000C7054784C7094788C70D478CC7015791D
:10715000547945EA04248C8094798C718C883CB1F4
:107160008C88B4F5806F03D88C88B4F5007F00D983
:10717000032093F81D4334BBCC7804F00304022CA5
:1071800005D18C88B4F5007F69D9032067E0CC78FD
:1071900004F0030424B98C88402C60D903205EE0FD
:1071A000CC7804F00304012C04D0CC7804F0030460
:1071B000032C06D18C7914B18C79102C4FD9032073
:1071C0004DE003204BE093F81D43012C2BD1CC78EC
:1071D00004F00304022C03D0CC7804F0030424B997
:1071E0008C88402C3BD9032039E0CC7804F0030490
:1071F000012C09D18C792CB18C79102C02D88C8877
:10720000402C2CD903202AE0CC7804F00304032C72
:1072100007D18C791CB18C88B4F5806F1FD3032003
:107220001DE003201BE093F81D43022C16D1CC78FF
:1072300004F0030424B98C88082C10D003200EE03D
:10724000CC7804F00304032C06D18C7914B18C881B
:10725000082C04D9032002E0032000E0032030BD05
:107260000A7802704A7842708A788270CA78C2704E
:107270000A7902714A7942718A798271CA79C27136
:107280000A7A0272704730B513464578032D14D13F
:107290000578AD1E9D4202D80578AD1E00E01D4662
:1072A000ACB2801C002204E0855C0D70491C951C6A
:1072B000AAB2A242F8DB00250D7030BD7FB50446AE
:1072C00002200390002594F82103012801D1032016
:1072D000207020780E287DD2DFE800F0071B46FDE5
:1072E0007C80FC98A3AECCFB7CFA94F8200378B1A8
:1072F00000BF00BF01202070C820FDF7EEFF204630
:10730000FEF74BFC002184F81C130020C4F8C803CE
:1073100041E194F82303012807D100BF00BF0021F9
:1073200084F81F13022020701DE0D4F8C803B0F5C4
:107330007A7F10D994F81F03401C84F81F0394F837
:107340001F03032804D900BF00BF0D2020700AE0EE
:107350000020207007E0D4F8C8030A30C4F8C8033E
:107360000A20FDF7BAFF16E1D4F8D40320B10421B6
:107370002046D4F8D42390476420FDF7AEFF204682
:10738000FEF769FB84F81D030520207000212046CC
:10739000FDF7D6FE607180212046FDF7D1FE2071F9
:1073A000A079002294F81D13CDE90012029094F800
:1073B0001C33217980222046FFF7A1FDA07900220D
:1073C00094F81D13CDE90012029094F81C336179F2
:1073D000204600E0DDE0FFF792FDDCE02046FEF70E
:1073E0005AF903909DF80C0078B900BF00BF002146
:1073F00084F8241394F83703012804D100BF00BF98
:107400000820207001E007202070C4E0D4F8D403E5
:1074100030B101212046D4F8D423904708202070B1
:10742000B9E094F83D13204600F0FAF818B90920A5
:10743000207000BF00BFAEE094F83F0300F02000D2
:10744000A8B10121204600F0FFF803909DF80C0040
:1074500020B900BF00BF0A2020700AE09DF80C0090
:10746000032806D100BF00BF0A20207001E00A20D7
:10747000207090E0D4F8800308B900BF39E0002004
:10748000C4F87C03002511E004F55E7050F8250077
:10749000017994F84703814206D104F55E7050F8F3
:1074A0002500C4F87C0303E0681CC5B2002DEBD0B6
:1074B00000BFD4F87C03C0B1D4F87C0381682046B7
:1074C000884770B90620207000BF00BF032103E089
:1074D00060E02BE00EE032E02046D4F8D423904761
:1074E00007E00D20207000BF03E00D20207000BFDA
:1074F00000BF50E0D4F87C0398B1D4F87C03016954
:107500002046884703909DF80C0010B90B2020708E
:107510000BE09DF80C00022807D10D20207000BF61
:1075200003E00D20207000BF00BF34E0D4F87C03DE
:1075300020B1D4F87C034169204688472BE0002124
:1075400084F821132046F8F7C3FED4F87C0338B141
:10755000D4F87C03C168204688470020C4F87C0327
:10756000D4F8D40320B105212046D4F8D423904781
:1075700000BF00BF94F82203012806D1002184F83F
:107580002213204600F074F802E02046FEF736FB96
:1075900001E000BF00BF00BF002004B070BD10B507
:1075A0000246002081B1D2F880334BB9D2F8804333
:1075B000631CC2F8803302F55E7343F8241006E0C2
:1075C00000BF00BF022002E000BF00BF022010BDCC
:1075D0000246002092F83C338B4209DD82F82413E6
:1075E00000BF00BF00BF00BF00BF00BF00BF02E080
:1075F00000BF00BF0220704770B504460D46A0785A
:10760000012807D1002121740521617465820021C0
:10761000A182E182002211462046FDF707FE70BDDF
:1076200070B504460D46A078012807D100212174C9
:107630000921617465820021A182E1820022114644
:107640002046FDF7F3FD70BD70B504460D46A078E9
:10765000012807D100212174032161746582002172
:10766000A182E182002211462046FDF7DFFD70BDB8
:1076700010B504462046FEF7C1FA01212046FEF768
:10768000D2F9002010BD0000012906D0022909D03E
:1076900004290BD005290DD100E00CE00322074B93
:1076A0001A7008E00222054B1A7004E00122034B15
:1076B0001A7000E000BF00BF704700000500002006
:1076C0000146002070470000F0B58DB005460E461B
:1076D0001446012736B1012E06D0022E10D0032EFB
:1076E0002CD11AE000272BE06A4629461648FEF7FF
:1076F000C9FC18B901982060002700E001271FE0AD
:107700006A4629461048FEF7BDFC20B9BDF80800BE
:107710002060002700E0012712E06A4629460A4857
:10772000FEF7B0FC40B9BDF80800C11700EBD1511D
:1077300049122160002700E0012701E0042700BF73
:1077400000BF38460DB0F0BD8C0200202DE9F0419D
:107750008EB004460D4617461E464FF001082B46D4
:107760003A46214612480096FFF705F910B94FF046
:10777000000818E001AA21460D48FEF783FC9DF899
:107780001100042804D0282804D03A2807D100E0AA
:1077900000BF00BF00BF00BF4FF0030802E04FF082
:1077A000010800BF00BF40460EB0BDE8F0810000F8
:1077B0008C02002070B50446012521460448FFF7DD
:1077C0003EFB08B1002500E00125284670BD000001
:1077D0008C0200202DE9F0418EB004460D4617467C
:1077E0001E464FF001082B463A46214615480096A2
:1077F000FFF73DFB10B94FF000081FE001AA21463A
:107800001048FEF73FFC9DF8110004280BD02728F4
:1078100004D0282809D03A280CD105E000BF00BFC9
:107820004FF0020809E000BF00BF00BF00BF4FF0EB
:10783000030802E04FF0010800BF00BF40460EB051
:10784000BDE8F0818C0200200FB470B504469DF8AD
:107850001900012818D1A06B20F48030A063E068E3
:107860001B490840E060E06820F44010E0609DF8AB
:107870002000012803D1E06840F48010E060204639
:1078800000F028F8054613E0E06840F04000E060B2
:10789000204600F01FF805469DF81D0020B9A06B9A
:1078A00040F48030A06303E0A06B20F48030A0633C
:1078B0009DF81600012807D1A06840F00600A060DE
:1078C000A06840F02000A060284670BC5DF814FB62
:1078D000BFFFBDFF08B501460020009000BF009823
:1078E000401C00900098B0F1706F01D9032008BDD2
:1078F000086900F000400028F1D00A20009002E062
:107900000098401E009000980028F9D1086940F0C6
:107910000100086100BF0098401C00900098B0F181
:10792000706F01D90320E2E7086900F00100002828
:10793000F1D100BFDBE70146886820F001008860D4
:1079400000207047F0B503461C460A4601260D4844
:1079500000EAC64040F00047114604F5A06000EB85
:107960004110076104F5A06000EB4110056825F0A7
:10797000804545F0004504F5A06000EB411005602E
:107980000020F0BD0000F81F08B502461346002095
:107990000090D3F840040090009820F02E00009052
:1079A000009800F4805030B9012904D1009840F4C7
:1079B0008050C3F84004009800F48050B0F5805F18
:1079C00005D121B9009820F48050C3F8400400206C
:1079D00008BD0146886840F00100886000207047BB
:1079E00008B501460020009000BF0098401C0090A0
:1079F0000098B0F1706F01D9032008BD086900F04C
:107A000000400028F1D0002000901020086100BF45
:107A10000098401C00900098B0F1706F01D90320CD
:107A2000EBE7086900F010001028F1D00020E4E72F
:107A300008B502460020009000BF0098401C00904E
:107A40000098B0F1706F01D9032008BD106900F0F3
:107A500000400028F1D000200090202040EA811052
:107A6000106100BF0098401C00900098B0F1706F4A
:107A700001D90320E9E7106900F020002028F1D0A7
:107A80000020E2E701460A464FF48160805880B248
:107A9000704708B501460A4600200090D2F840041D
:107AA00000900098C0F3414008BD0146486900F0CD
:107AB00001007047F8B503460C461A4621460020DF
:107AC000009002F5A06000EB41100068C0F3814512
:107AD00002F5A06000EB41100068C60F02F5A0603F
:107AE00000EB41104068C70F986800F02000202884
:107AF00007D137B91EB1012D01D0032D01D10020CE
:107B0000F8BD0DB1022D60D102F5A06000EB41106F
:107B1000006840F0804C02F5A06000EB4110C0F816
:107B200000C0986800F0200088BBD86A00F47F008D
:107B300070BB02F5A06000EB4110006820F0004C23
:107B400002F5A06000EB4110C0F800C002F5A06093
:107B500000EB4110006840F0004C02F5A06000EB23
:107B60004110C0F800C000BF0098401C0090009871
:107B7000B0F57A7F00D909E002F5A06000EB411072
:107B8000006800F00040B0F1004FEDD06BE00EE077
:107B9000FFE702F5A06000EB4110006840F0004CE8
:107BA00002F5A06000EB4110C0F800C05BE002F5F8
:107BB000A06000EB4110006840F0004C02F5A060AE
:107BC00000EB4110C0F800C04DE002F5A06000EBF2
:107BD0004110006840F0804C02F5A06000EB4110BD
:107BE000C0F800C04FF48260805800F47F0068BB8A
:107BF00002F5A06000EB4110006820F0004C02F597
:107C0000A06000EB4110C0F800C002F5A06000EBDE
:107C10004110006840F0004C02F5A06000EB4110FC
:107C2000C0F800C000BF0098401C00900098B0F55C
:107C30007A7F00D909E002F5A06000EB41100068EE
:107C400000F00040B0F1004FEDD00CE002F5A06074
:107C500000EB4110006840F0004C02F5A06000EB22
:107C60004110C0F800C000204AE700002DE9FF4F96
:107C700081B006460C461746DDF83C800020009097
:107C80003546411E05F5A06000EB44108160B8F157
:107C9000000F09D0B8F1010F47D0B8F1020F04D09E
:107CA000B8F1030F59D128E000BF40F29D4105F51E
:107CB000A06000EB4410C16007F0800080280CD168
:107CC00005F5A06000EB4410C06840F4807105F534
:107CD000A06000EB4410C1600EE0584886420BD112
:107CE00005F5A06000EB4410C06840F0600105F5A8
:107CF000A06000EB4410C16032E040F29D6105F5E8
:107D0000A06000EB4410C16007F0800080280BD118
:107D100005F5A06000EB4410C06840F4807105F5E3
:107D2000A06000EB4410C1601AE040F2252105F587
:107D3000A06000EB4410C16007F0800080280BD1E8
:107D400005F5A06000EB4410C06840F4C07105F573
:107D5000A06000EB4410C16002E00120009000BF71
:107D600000BF002105F5A06000EB4410416005F55F
:107D7000A06000EB4410C06840F0020105F5A0606F
:107D800000EB4410C1604FF48360415904F00F02CE
:107D90000120904008434FF483614851B06940F09E
:107DA0000070B06107F08000802802D14FF40049D4
:107DB00001E04FF000093046FFF76BFE83460E9856
:107DC000022805D1BBF1020F02D04FF4003A01E0C6
:107DD0004FF0000A4FF0FE51049801EA80504FF432
:107DE000F04101EAC72108434FF4402101EA8841EC
:107DF00008431099C1F30A01084340F4801040EA97
:107E0000090040EA0A0005F5A06101EB4411086091
:107E1000B8F1030F02D0B8F1010F0BD105F5A06046
:107E200000EB4410006840F0005105F5A06000EB45
:107E300044100160009805B0BDE8F08F00000440D8
:107E400001460A4640F21440805880B27047000054
:107E50002DE9FE4F80460C469146464665784FF424
:107E6000807BDB48804522D1B9F1010F13D1A07C82
:107E700010B1A07C02281AD1A079C0B906F5A06083
:107E800000EB4510C06820F0700106F5A06000EB23
:107E90004510C1600BE0207948B96079012806D10E
:107EA00061784046FFF74EFD0020BDE8FE8FA079C7
:107EB000012838D10127E07818B1A08A7843E06121
:107EC0004AE0A07C012820D1206ABC280FD9A08AD2
:107ED000E061E0692062E068012802D0E0680228E1
:107EE00002D10220E06037E00120E06034E0206A47
:107EF000E061E068012805D0E068022802D0042093
:107F0000E06029E00320E06026E0B9F1010F07D12D
:107F1000A18A206A884203D9A08A7843E0611BE0E5
:107F2000206AE06118E0206A68B1A18A206A0844EA
:107F3000401EB0FBF1F087B25F4505DD5F46A08AC9
:107F40007843E06100E00127E07818B1A08A784327
:107F5000E06101E0206AE061E069C0F312009D4940
:107F600001EAC7410843A17D4FF0C04202EA4171D6
:107F7000084306F5A06101EB45110861B9F1000F56
:107F800005D006F5A06000EB4510A16941614FF4F2
:107F90008160805900F0010080F00100019006F539
:107FA000A06000EB4510006820F0005106F5A060CD
:107FB00000EB4510016006F5A06000EB451001687C
:107FC000019841EA407106F5A06000EB45100160A0
:107FD000A079012874D1207C617C40EAC11040F076
:107FE000004106F5A06000EB4510416006F5A06079
:107FF00000EB4510C06840F0600106F5A06000EBA2
:108000004510C160E079012819D1E078B8B906F5CA
:10801000A06000EB4510406840F4803106F5A06098
:1080200000EB4510416006F5A06000EB4510C0680C
:1080300040F0400106F5A06000EB4510C160A07C57
:10804000012802D0A07C032811D1E07901280ED1AB
:10805000E07801280BD106F5A06000EB45104068E0
:1080600040F4803106F5A06000EB45104160A07C33
:10807000012849D1E07888BBE068012806D00228B1
:1080800011D003281DD0042836D128E006F5A060C1
:1080900000EB4510406840F4004106F5A06000EB9D
:1080A0004510416029E006F5A06000EB45104068EE
:1080B00040F00E0106F5A06000EB451041601CE0A9
:1080C0001CE006F5A06000EB4510406840F48041DC
:1080D00006F5A06000EB451041600EE014E006F5E7
:1080E000A06000EB4510406840F4404106F5A060F8
:1080F00000EB4510416000E000BF05E0002106F5FF
:10810000A06000EB4510416006F5A06000EB451053
:1081100000680290029820F080400290E07820B140
:10812000029840F40040029003E0029820F40040DE
:108130000290029840F00040029006F5A06000EB2B
:10814000451002990160B9F1000F01D00020ACE6A2
:10815000E07878BB206A68B3E07958BBA07C30B186
:10816000012816D0022803D0032824D110E000BF34
:10817000206AC01CC0F38F0AD8F82C0080B250458A
:1081800005D2D8F8180040F02000C8F8180013E015
:1081900000BF206AC01CC0F38F0A4FF48260805970
:1081A00080B2504505D2D8F8180040F08060C8F879
:1081B000180001E00AE000BF00BF00200090208C02
:1081C00083B262784046A16900F0A4F900206CE611
:1081D000000004400000F81F0FB4F0B5044600276B
:1081E00025460020C5F8000EA06B40F40010A063E7
:1081F000A06B20F40020A063A06B20F48020A0637B
:10820000E06800F0400088B99DF81B00012806D105
:10821000D5F8000440F00400C5F800040CE0D5F8DF
:10822000000420F00400C5F8000405E0D5F80004BF
:1082300020F00400C5F8000410212046FFF7F8FBE9
:1082400000B101272046FFF7CBFB00B10127002634
:108250000DE04FF0FF3105F5A06000EB46108160A6
:10826000002105F5A06000EB4610C160761C9DF86A
:108270001900B042EDD80020A061401E6061104896
:10828000844207D1401560620E48A0620E48C4F8CF
:10829000000106E0802060620C48A0620C48C4F82F
:1082A00000019DF81A0018B9A06940F01000A06103
:1082B000A06908490843A0613846F0BC5DF814FB8A
:1082C00000000440000200010003E00080006000A4
:1082D000E0004000080020A310B502460B461146FE
:1082E000D1F8000420F00300C1F80004D1F8000424
:1082F00003F003042043C1F80004012B05D14BF621
:10830000803440F20440445009E0022B05D141F290
:10831000707440F20440445001E0012010BD002080
:10832000FCE710B50246134603F5A06404EB4114C4
:10833000A06803F5A06404EB4114E468204010BD7C
:10834000014648698A69104070472DE9F0410446AA
:108350000D46274628464FEA920C02F003030021FF
:108360000AE04FF4805858F80780C0F80080401C9D
:10837000401C401C401C491C6145F2D39BB10021AC
:108380004FF4805858F8076000BF4FEAC10826FA3A
:1083900008F880F80080491C401CA3F101081FFA6E
:1083A00088F3002BF1D1BDE8F08138B504462546AD
:1083B00000200090D5F840040090009820F02E0096
:1083C0000090009840F48070C5F840046420F8F7ED
:1083D0006BF8009820F48070C5F840040A20F8F784
:1083E00063F8002038BD70B504460E460025E068ED
:1083F00020F0C040E060012E10D1E06840F0005055
:10840000E06000BF0A20F8F74FF80A352046FFF772
:108410004CFB012815D0C82DF4D312E07EB9E068DA
:1084200040F08040E06000BF0A20F8F73DF80A35D0
:108430002046FFF73AFB20B1C82DF5D301E001201B
:1084400070BDC82D01D10120FAE70020F8E72DE921
:10845000F84107464FF000083E460020009038469D
:10846000FFF769FA10213846FFF7E2FA08B14FF03A
:1084700001083846FFF7B4FA08B14FF001080024AC
:1084800010E006F5A06000EB4410056845F080455B
:1084900025F0004525F4004506F5A06000EB4410EA
:1084A0000560641C0F2CECD9002424E006F5A060C4
:1084B00000EB4410056845F0804545F0004525F483
:1084C000004506F5A06000EB4410056000BF009871
:1084D000401C00900098B0F57A7F00D909E006F5BD
:1084E000A06000EB4410006800F00040B0F1004FC5
:1084F000EDD000BF641C0F2CD8D94FF0FF3140F2F3
:1085000014408151084678613846FFF762FA4046C8
:10851000BDE8F8812DE9F04304460D461E46DDF81E
:108520001CC0A0462946BCF1000F12D1F01C8708E0
:1085300000230CE0D1F8009008F5805000EB0230E9
:10854000C0F80090491C491C491C491C5B1CBB42DB
:10855000F0D30020BDE8F08300BFFEE702480068CA
:10856000C0F30220704700000CED00E010B50028B9
:1085700004DB0A07130E054A135406E00A07140E1B
:10858000034A00F00F031B1FD45410BD00E400E0A9
:1085900018ED00E002E008C8121F08C1002AFAD155
:1085A00070477047002001E001C1121F002AFBD173
:1085B0007047000010B5002821D0114B0022001F89
:1085C000196803E0814203D80A4649680029F9D1B5
:1085D00052B11368841A9C4204D100681844106098
:1085E000104602E0506000E0186039B102680B1AD2
:1085F000934203D10B681A4402604968416010BD80
:1086000038000020F8F778FEFCF75EFAFCF71CF85B
:10861000FCF720F9FCF78AF9FCF7E4F9FCF7FEF91E
:10862000FCF7BAF9FCF734F9FCF766F9FCF74AF9FC
:10863000FBF7FCFFFCF70EFA01E0FCF729FAFCE778
:10864000F0B50B30154D20F007010024144A0FE05F
:1086500003688B420BD38B4205D95E1A43184768D7
:10866000C3E9006700E04368136002C004E0021D34
:1086700010680028ECD12046002802D1286808B1F3
:108680000020F0BD064A07481060074A121A22F07F
:108690000702C0E9002401202860D7E73C00002041
:1086A00038000020540A0020502A0020C17600081B
:1086B000B57700084D770008D5770008C97600081F
:1086C0000000000000000000010203040607080982
:1086D00000000000010203044D53430004FE0008A3
:1086E00000000020400000009485000844FE0008BF
:1086F00040000020104A0000A4850008000000008F
:108700000000000000000000000000000000000069
:108710000000000000000000000000000000000059
:108720000000000000000000000000000000000049
:108730000000000000000000000000000000000039
:108740000000000000000000000000000000000029
:108750000000000000000000000000000000000019
:108760000000000000000000000000000000000009
:1087700000000000000000000000000000000000F9
:1087800000000000000000000000000000000000E9
:1087900000000000000000000000000000000000D9
:1087A00000000000000000000000000000000000C9
:1087B00000000000000000000000000000000000B9
:1087C00000000000000000000000000000000000A9
:1087D0000000000000000000000000000000000099
:1087E0000000000000000000000000000000000089
:1087F0000000000000000000000000000000000079
:108800000000000000000000000000000000000068
:108810000000000000000000000000000000000058
:108820000000000000000000000000000000000048
:108830000000000000000000000000000000000038
:108840000000000000000000000000000000000028
:108850000000000000000000000000000000000018
:108860000000000000000000000000000000000008
:1088700000000000000000000000000000000000F8
:1088800000000000000000000000000000000000E8
:1088900000000000000000000000000000000000D8
:1088A00000000000000000000000000000000000C8
:1088B00000000000000000000000000000000000B8
:1088C00000000000000000000000000000000000A8
:1088D0000000000000000000000000000000000098
:1088E0000000000000000000000000000000000088
:1088F0000000000000000000000000000000000078
:108900000000000000000000000000000000000067
:108910000000000000000000000000000000000057
:108920000000000000000000000000000000000047
:108930000000000000000000000000000000000037
:108940000000000000000000000000000000000027
:108950000000000000000000000000000000000017
:108960000000000000000000000000000000000007
:1089700000000000000000000000000000000000F7
:1089800000000000000000000000000000000000E7
:1089900000000000000000000000000000000000D7
:1089A00000000000000000000000000000000000C7
:1089B00000000000000000000000000000000000B7
:1089C00000000000000000000000000000000000A7
:1089D0000000000000000000000000000000000097
:1089E0000000000000000000000000000000000087
:1089F0000000000000000000000000000000000077
:108A00000000000000000000000000000000000066
:108A10000000000000000000000000000000000056
:108A20000000000000000000000000000000000046
:108A30000000000000000000000000000000000036
:108A40000000000000000000000000000000000026
:108A50000000000000000000000000000000000016
:108A60000000000000000000000000000000000006
:108A700000000000000000000000000000000000F6
:108A800000000000000000000000000000000000E6
:108A900000000000000000000000000000000000D6
:108AA00000000000000000000000000000000000C6
:108AB00000000000000000000000000000000000B6
:108AC00000000000000000000000000000000000A6
:108AD0000000000000000000000000000000000096
:108AE0000000000000000000000000000000000086
:108AF0000000000000000000000000000000000076
:108B00000000000000000000000000000000000065
:108B10000000000000000000000000000000000055
:108B20000000000000000000000000000000000045
:108B30000000000000000000000000000000000035
:108B40000000000000000000000000000000000025
:108B50000000000000000000000000000000000015
:108B60000000000000000000000000000000000005
:108B700000000000000000000000000000000000F5
:108B800000000000000000000000000000000000E5
:108B900000000000000000000000000000000000D5
:108BA00000000000000000000000000000000000C5
:108BB00000000000000000000000000000000000B5
:108BC00000000000000000000000000000000000A5
:108BD0000000000000000000000000000000000095
:108BE0000000000000000000000000000000000085
:108BF0000000000000000000000000000000000075
:108C00000000000000000000000000000000000064
:108C10000000000000000000000000000000000054
:108C20000000000000000000000000000000000044
:108C30000000000000000000000000000000000034
:108C40000000000000000000000000000000000024
:108C50000000000000000000000000000000000014
:108C60000000000000000000000000000000000004
:108C700000000000000000000000000000000000F4
:108C800000000000000000000000000000000000E4
:108C900000000000000000000000000000000000D4
:108CA00000000000000000000000000000000000C4
:108CB00000000000000000000000000000000000B4
:108CC00000000000000000000000000000000000A4
:108CD0000000000000000000000000000000000094
:108CE0000000000000000000000000000000000084
:108CF0000000000000000000000000000000000074
:108D00000000000000000000000000000000000063
:108D10000000000000000000000000000000000053
:108D20000000000000000000000000000000000043
:108D30000000000000000000000000000000000033
:108D40000000000000000000000000000000000023
:108D50000000000000000000000000000000000013
:108D60000000000000000000000000000000000003
:108D700000000000000000000000000000000000F3
:108D800000000000000000000000000000000000E3
:108D900000000000000000000000000000000000D3
:108DA00000000000000000000000000000000000C3
:108DB00000000000000000000000000000000000B3
:108DC00000000000000000000000000000000000A3
:108DD0000000000000000000000000000000000093
:108DE0000000000000000000000000000000000083
:108DF0000000000000000000000000000000000073
:108E00000000000000000000000000000000000062
:108E10000000000000000000000000000000000052
:108E20000000000000000000000000000000000042
:108E30000000000000000000000000000000000032
:108E40000000000000000000000000000000000022
:108E50000000000000000000000000000000000012
:108E60000000000000000000000000000000000002
:108E700000000000000000000000000000000000F2
:108E800000000000000000000000000000000000E2
:108E900000000000000000000000000000000000D2
:108EA00000000000000000000000000000000000C2
:108EB00000000000000000000000000000000000B2
:108EC00000000000000000000000000000000000A2
:108ED0000000000000000000000000000000000092
:108EE0000000000000000000000000000000000082
:108EF0000000000000000000000000000000000072
:108F00000000000000000000000000000000000061
:108F10000000000000000000000000000000000051
:108F20000000000000000000000000000000000041
:108F30000000000000000000000000000000000031
:108F40000000000000000000000000000000000021
:108F50000000000000000000000000000000000011
:108F60000000000000000000000000000000000001
:108F700000000000000000000000000000000000F1
:108F800000000000000000000000000000000000E1
:108F900000000000000000000000000000000000D1
:108FA00000000000000000000000000000000000C1
:108FB00000000000000000000000000000000000B1
:108FC00000000000000000000000000000000000A1
:108FD0000000000000000000000000000000000091
:108FE0000000000000000000000000000000000081
:108FF0000000000000000000000000000000000071
:109000000000000000000000000000000000000060
:109010000000000000000000000000000000000050
:109020000000000000000000000000000000000040
:109030000000000000000000000000000000000030
:109040000000000000000000000000000000000020
:109050000000000000000000000000000000000010
:109060000000000000000000000000000000000000
:1090700000000000000000000000000000000000F0
:1090800000000000000000000000000000000000E0
:1090900000000000000000000000000000000000D0
:1090A00000000000000000000000000000000000C0
:1090B00000000000000000000000000000000000B0
:1090C00000000000000000000000000000000000A0
:1090D0000000000000000000000000000000000090
:1090E0000000000000000000000000000000000080
:1090F0000000000000000000000000000000000070
:10910000000000000000000000000000000000005F
:10911000000000000000000000000000000000004F
:10912000000000000000000000000000000000003F
:10913000000000000000000000000000000000002F
:10914000000000000000000000000000000000001F
:10915000000000000000000000000000000000000F
:1091600000000000000000000000000000000000FF
:1091700000000000000000000000000000000000EF
:1091800000000000000000000000000000000000DF
:1091900000000000000000000000000000000000CF
:1091A00000000000000000000000000000000000BF
:1091B00000000000000000000000000000000000AF
:1091C000000000000000000000000000000000009F
:1091D000000000000000000000000000000000008F
:1091E000000000000000000000000000000000007F
:1091F000000000000000000000000000000000006F
:10920000000000000000000000000000000000005E
:10921000000000000000000000000000000000004E
:10922000000000000000000000000000000000003E
:10923000000000000000000000000000000000002E
:10924000000000000000000000000000000000001E
:10925000000000000000000000000000000000000E
:1092600000000000000000000000000000000000FE
:1092700000000000000000000000000000000000EE
:1092800000000000000000000000000000000000DE
:1092900000000000000000000000000000000000CE
:1092A00000000000000000000000000000000000BE
:1092B00000000000000000000000000000000000AE
:1092C000000000000000000000000000000000009E
:1092D000000000000000000000000000000000008E
:1092E000000000000000000000000000000000007E
:1092F000000000000000000000000000000000006E
:10930000000000000000000000000000000000005D
:10931000000000000000000000000000000000004D
:10932000000000000000000000000000000000003D
:10933000000000000000000000000000000000002D
:10934000000000000000000000000000000000001D
:10935000000000000000000000000000000000000D
:1093600000000000000000000000000000000000FD
:1093700000000000000000000000000000000000ED
:1093800000000000000000000000000000000000DD
:1093900000000000000000000000000000000000CD
:1093A00000000000000000000000000000000000BD
:1093B00000000000000000000000000000000000AD
:1093C000000000000000000000000000000000009D
:1093D000000000000000000000000000000000008D
:1093E000000000000000000000000000000000007D
:1093F000000000000000000000000000000000006D
:10940000000000000000000000000000000000005C
:10941000000000000000000000000000000000004C
:10942000000000000000000000000000000000003C
:10943000000000000000000000000000000000002C
:10944000000000000000000000000000000000001C
:10945000000000000000000000000000000000000C
:1094600000000000000000000000000000000000FC
:1094700000000000000000000000000000000000EC
:1094800000000000000000000000000000000000DC
:1094900000000000000000000000000000000000CC
:1094A00000000000000000000000000000000000BC
:1094B00000000000000000000000000000000000AC
:1094C000000000000000000000000000000000009C
:1094D000000000000000000000000000000000008C
:1094E000000000000000000000000000000000007C
:1094F000000000000000000000000000000000006C
:10950000000000000000000000000000000000005B
:10951000000000000000000000000000000000004B
:10952000000000000000000000000000000000003B
:10953000000000000000000000000000000000002B
:10954000000000000000000000000000000000001B
:10955000000000000000000000000000000000000B
:1095600000000000000000000000000000000000FB
:1095700000000000000000000000000000000000EB
:1095800000000000000000000000000000000000DB
:1095900000000000000000000000000000000000CB
:1095A00000000000000000000000000000000000BB
:1095B00000000000000000000000000000000000AB
:1095C000000000000000000000000000000000009B
:1095D000000000000000000000000000000000008B
:1095E000000000000000000000000000000000007B
:1095F000000000000000000000000000000000006B
:10960000000000000000000000000000000000005A
:10961000000000000000000000000000000000004A
:10962000000000000000000000000000000000003A
:10963000000000000000000000000000000000002A
:10964000000000000000000000000000000000001A
:10965000000000000000000000000000000000000A
:1096600000000000000000000000000000000000FA
:1096700000000000000000000000000000000000EA
:1096800000000000000000000000000000000000DA
:1096900000000000000000000000000000000000CA
:1096A00000000000000000000000000000000000BA
:1096B00000000000000000000000000000000000AA
:1096C000000000000000000000000000000000009A
:1096D000000000000000000000000000000000008A
:1096E000000000000000000000000000000000007A
:1096F000000000000000000000000000000000006A
:109700000000000000000000000000000000000059
:109710000000000000000000000000000000000049
:109720000000000000000000000000000000000039
:109730000000000000000000000000000000000029
:109740000000000000000000000000000000000019
:109750000000000000000000000000000000000009
:1097600000000000000000000000000000000000F9
:1097700000000000000000000000000000000000E9
:1097800000000000000000000000000000000000D9
:1097900000000000000000000000000000000000C9
:1097A00000000000000000000000000000000000B9
:1097B00000000000000000000000000000000000A9
:1097C0000000000000000000000000000000000099
:1097D0000000000000000000000000000000000089
:1097E0000000000000000000000000000000000079
:1097F0000000000000000000000000000000000069
:109800000000000000000000000000000000000058
:109810000000000000000000000000000000000048
:109820000000000000000000000000000000000038
:109830000000000000000000000000000000000028
:109840000000000000000000000000000000000018
:109850000000000000000000000000000000000008
:1098600000000000000000000000000000000000F8
:1098700000000000000000000000000000000000E8
:1098800000000000000000000000000000000000D8
:1098900000000000000000000000000000000000C8
:1098A00000000000000000000000000000000000B8
:1098B00000000000000000000000000000000000A8
:1098C0000000000000000000000000000000000098
:1098D0000000000000000000000000000000000088
:1098E0000000000000000000000000000000000078
:1098F0000000000000000000000000000000000068
:109900000000000000000000000000000000000057
:109910000000000000000000000000000000000047
:109920000000000000000000000000000000000037
:109930000000000000000000000000000000000027
:109940000000000000000000000000000000000017
:109950000000000000000000000000000000000007
:1099600000000000000000000000000000000000F7
:1099700000000000000000000000000000000000E7
:1099800000000000000000000000000000000000D7
:1099900000000000000000000000000000000000C7
:1099A00000000000000000000000000000000000B7
:1099B00000000000000000000000000000000000A7
:1099C0000000000000000000000000000000000097
:1099D0000000000000000000000000000000000087
:1099E0000000000000000000000000000000000077
:1099F0000000000000000000000000000000000067
:109A00000000000000000000000000000000000056
:109A10000000000000000000000000000000000046
:109A20000000000000000000000000000000000036
:109A30000000000000000000000000000000000026
:109A40000000000000000000000000000000000016
:109A50000000000000000000000000000000000006
:109A600000000000000000000000000000000000F6
:109A700000000000000000000000000000000000E6
:109A800000000000000000000000000000000000D6
:109A900000000000000000000000000000000000C6
:109AA00000000000000000000000000000000000B6
:109AB00000000000000000000000000000000000A6
:109AC0000000000000000000000000000000000096
:109AD0000000000000000000000000000000000086
:109AE0000000000000000000000000000000000076
:109AF0000000000000000000000000000000000066
:109B00000000000000000000000000000000000055
:109B10000000000000000000000000000000000045
:109B20000000000000000000000000000000000035
:109B30000000000000000000000000000000000025
:109B40000000000000000000000000000000000015
:109B50000000000000000000000000000000000005
:109B600000000000000000000000000000000000F5
:109B700000000000000000000000000000000000E5
:109B800000000000000000000000000000000000D5
:109B900000000000000000000000000000000000C5
:109BA00000000000000000000000000000000000B5
:109BB00000000000000000000000000000000000A5
:109BC0000000000000000000000000000000000095
:109BD0000000000000000000000000000000000085
:109BE0000000000000000000000000000000000075
:109BF0000000000000000000000000000000000065
:109C00000000000000000000000000000000000054
:109C10000000000000000000000000000000000044
:109C20000000000000000000000000000000000034
:109C30000000000000000000000000000000000024
:109C40000000000000000000000000000000000014
:109C50000000000000000000000000000000000004
:109C600000000000000000000000000000000000F4
:109C700000000000000000000000000000000000E4
:109C800000000000000000000000000000000000D4
:109C900000000000000000000000000000000000C4
:109CA00000000000000000000000000000000000B4
:109CB00000000000000000000000000000000000A4
:109CC0000000000000000000000000000000000094
:109CD0000000000000000000000000000000000084
:109CE0000000000000000000000000000000000074
:109CF0000000000000000000000000000000000064
:109D00000000000000000000000000000000000053
:109D10000000000000000000000000000000000043
:109D20000000000000000000000000000000000033
:109D30000000000000000000000000000000000023
:109D40000000000000000000000000000000000013
:109D50000000000000000000000000000000000003
:109D600000000000000000000000000000000000F3
:109D700000000000000000000000000000000000E3
:109D800000000000000000000000000000000000D3
:109D900000000000000000000000000000000000C3
:109DA00000000000000000000000000000000000B3
:109DB00000000000000000000000000000000000A3
:109DC0000000000000000000000000000000000093
:109DD0000000000000000000000000000000000083
:109DE0000000000000000000000000000000000073
:109DF0000000000000000000000000000000000063
:109E00000000000000000000000000000000000052
:109E10000000000000000000000000000000000042
:109E20000000000000000000000000000000000032
:109E30000000000000000000000000000000000022
:109E40000000000000000000000000000000000012
:109E50000000000000000000000000000000000002
:109E600000000000000000000000000000000000F2
:109E700000000000000000000000000000000000E2
:109E800000000000000000000000000000000000D2
:109E900000000000000000000000000000000000C2
:109EA00000000000000000000000000000000000B2
:109EB00000000000000000000000000000000000A2
:109EC0000000000000000000000000000000000092
:109ED0000000000000000000000000000000000082
:109EE0000000000000000000000000000000000072
:109EF0000000000000000000000000000000000062
:109F00000000000000000000000000000000000051
:109F10000000000000000000000000000000000041
:109F20000000000000000000000000000000000031
:109F30000000000000000000000000000000000021
:109F40000000000000000000000000000000000011
:109F50000000000000000000000000000000000001
:109F600000000000000000000000000000000000F1
:109F700000000000000000000000000000000000E1
:109F800000000000000000000000000000000000D1
:109F900000000000000000000000000000000000C1
:109FA00000000000000000000000000000000000B1
:109FB00000000000000000000000000000000000A1
:109FC0000000000000000000000000000000000091
:109FD0000000000000000000000000000000000081
:109FE0000000000000000000000000000000000071
:109FF0000000000000000000000000000000000061
:10A000000000000000000000000000000000000050
:10A010000000000000000000000000000000000040
:10A020000000000000000000000000000000000030
:10A030000000000000000000000000000000000020
:10A040000000000000000000000000000000000010
:10A050000000000000000000000000000000000000
:10A0600000000000000000000000000000000000F0
:10A0700000000000000000000000000000000000E0
:10A0800000000000000000000000000000000000D0
:10A0900000000000000000000000000000000000C0
:10A0A00000000000000000000000000000000000B0
:10A0B00000000000000000000000000000000000A0
:10A0C0000000000000000000000000000000000090
:10A0D0000000000000000000000000000000000080
:10A0E0000000000000000000000000000000000070
:10A0F0000000000000000000000000000000000060
:10A10000000000000000000000000000000000004F
:10A11000000000000000000000000000000000003F
:10A12000000000000000000000000000000000002F
:10A13000000000000000000000000000000000001F
:10A14000000000000000000000000000000000000F
:10A1500000000000000000000000000000000000FF
:10A1600000000000000000000000000000000000EF
:10A1700000000000000000000000000000000000DF
:10A1800000000000000000000000000000000000CF
:10A1900000000000000000000000000000000000BF
:10A1A00000000000000000000000000000000000AF
:10A1B000000000000000000000000000000000009F
:10A1C000000000000000000000000000000000008F
:10A1D000000000000000000000000000000000007F
:10A1E000000000000000000000000000000000006F
:10A1F000000000000000000000000000000000005F
:10A20000000000000000000000000000000000004E
:10A21000000000000000000000000000000000003E
:10A22000000000000000000000000000000000002E
:10A23000000000000000000000000000000000001E
:10A24000000000000000000000000000000000000E
:10A2500000000000000000000000000000000000FE
:10A2600000000000000000000000000000000000EE
:10A2700000000000000000000000000000000000DE
:10A2800000000000000000000000000000000000CE
:10A2900000000000000000000000000000000000BE
:10A2A00000000000000000000000000000000000AE
:10A2B000000000000000000000000000000000009E
:10A2C000000000000000000000000000000000008E
:10A2D000000000000000000000000000000000007E
:10A2E000000000000000000000000000000000006E
:10A2F000000000000000000000000000000000005E
:10A30000000000000000000000000000000000004D
:10A31000000000000000000000000000000000003D
:10A32000000000000000000000000000000000002D
:10A33000000000000000000000000000000000001D
:10A34000000000000000000000000000000000000D
:10A3500000000000000000000000000000000000FD
:10A3600000000000000000000000000000000000ED
:10A3700000000000000000000000000000000000DD
:10A3800000000000000000000000000000000000CD
:10A3900000000000000000000000000000000000BD
:10A3A00000000000000000000000000000000000AD
:10A3B000000000000000000000000000000000009D
:10A3C000000000000000000000000000000000008D
:10A3D000000000000000000000000000000000007D
:10A3E000000000000000000000000000000000006D
:10A3F000000000000000000000000000000000005D
:10A40000000000000000000000000000000000004C
:10A41000000000000000000000000000000000003C
:10A42000000000000000000000000000000000002C
:10A43000000000000000000000000000000000001C
:10A44000000000000000000000000000000000000C
:10A4500000000000000000000000000000000000FC
:10A4600000000000000000000000000000000000EC
:10A4700000000000000000000000000000000000DC
:10A4800000000000000000000000000000000000CC
:10A4900000000000000000000000000000000000BC
:10A4A00000000000000000000000000000000000AC
:10A4B000000000000000000000000000000000009C
:10A4C000000000000000000000000000000000008C
:10A4D000000000000000000000000000000000007C
:10A4E000000000000000000000000000000000006C
:10A4F000000000000000000000000000000000005C
:10A50000000000000000000000000000000000004B
:10A51000000000000000000000000000000000003B
:10A52000000000000000000000000000000000002B
:10A53000000000000000000000000000000000001B
:10A54000000000000000000000000000000000000B
:10A5500000000000000000000000000000000000FB
:10A5600000000000000000000000000000000000EB
:10A5700000000000000000000000000000000000DB
:10A5800000000000000000000000000000000000CB
:10A5900000000000000000000000000000000000BB
:10A5A00000000000000000000000000000000000AB
:10A5B000000000000000000000000000000000009B
:10A5C000000000000000000000000000000000008B
:10A5D000000000000000000000000000000000007B
:10A5E000000000000000000000000000000000006B
:10A5F000000000000000000000000000000000005B
:10A60000000000000000000000000000000000004A
:10A61000000000000000000000000000000000003A
:10A62000000000000000000000000000000000002A
:10A63000000000000000000000000000000000001A
:10A64000000000000000000000000000000000000A
:10A6500000000000000000000000000000000000FA
:10A6600000000000000000000000000000000000EA
:10A6700000000000000000000000000000000000DA
:10A6800000000000000000000000000000000000CA
:10A6900000000000000000000000000000000000BA
:10A6A00000000000000000000000000000000000AA
:10A6B000000000000000000000000000000000009A
:10A6C000000000000000000000000000000000008A
:10A6D000000000000000000000000000000000007A
:10A6E000000000000000000000000000000000006A
:10A6F000000000000000000000000000000000005A
:10A700000000000000000000000000000000000049
:10A710000000000000000000000000000000000039
:10A720000000000000000000000000000000000029
:10A730000000000000000000000000000000000019
:10A740000000000000000000000000000000000009
:10A7500000000000000000000000000000000000F9
:10A7600000000000000000000000000000000000E9
:10A7700000000000000000000000000000000000D9
:10A7800000000000000000000000000000000000C9
:10A7900000000000000000000000000000000000B9
:10A7A00000000000000000000000000000000000A9
:10A7B0000000000000000000000000000000000099
:10A7C0000000000000000000000000000000000089
:10A7D0000000000000000000000000000000000079
:10A7E0000000000000000000000000000000000069
:10A7F0000000000000000000000000000000000059
:10A800000000000000000000000000000000000048
:10A810000000000000000000000000000000000038
:10A820000000000000000000000000000000000028
:10A830000000000000000000000000000000000018
:10A840000000000000000000000000000000000008
:10A8500000000000000000000000000000000000F8
:10A8600000000000000000000000000000000000E8
:10A8700000000000000000000000000000000000D8
:10A8800000000000000000000000000000000000C8
:10A8900000000000000000000000000000000000B8
:10A8A00000000000000000000000000000000000A8
:10A8B0000000000000000000000000000000000098
:10A8C0000000000000000000000000000000000088
:10A8D0000000000000000000000000000000000078
:10A8E0000000000000000000000000000000000068
:10A8F0000000000000000000000000000000000058
:10A900000000000000000000000000000000000047
:10A910000000000000000000000000000000000037
:10A920000000000000000000000000000000000027
:10A930000000000000000000000000000000000017
:10A940000000000000000000000000000000000007
:10A9500000000000000000000000000000000000F7
:10A9600000000000000000000000000000000000E7
:10A9700000000000000000000000000000000000D7
:10A9800000000000000000000000000000000000C7
:10A9900000000000000000000000000000000000B7
:10A9A00000000000000000000000000000000000A7
:10A9B0000000000000000000000000000000000097
:10A9C0000000000000000000000000000000000087
:10A9D0000000000000000000000000000000000077
:10A9E0000000000000000000000000000000000067
:10A9F0000000000000000000000000000000000057
:10AA00000000000000000000000000000000000046
:10AA10000000000000000000000000000000000036
:10AA20000000000000000000000000000000000026
:10AA30000000000000000000000000000000000016
:10AA40000000000000000000000000000000000006
:10AA500000000000000000000000000000000000F6
:10AA600000000000000000000000000000000000E6
:10AA700000000000000000000000000000000000D6
:10AA800000000000000000000000000000000000C6
:10AA900000000000000000000000000000000000B6
:10AAA00000000000000000000000000000000000A6
:10AAB0000000000000000000000000000000000096
:10AAC0000000000000000000000000000000000086
:10AAD0000000000000000000000000000000000076
:10AAE0000000000000000000000000000000000066
:10AAF0000000000000000000000000000000000056
:10AB00000000000000000000000000000000000045
:10AB10000000000000000000000000000000000035
:10AB20000000000000000000000000000000000025
:10AB30000000000000000000000000000000000015
:10AB40000000000000000000000000000000000005
:10AB500000000000000000000000000000000000F5
:10AB600000000000000000000000000000000000E5
:10AB700000000000000000000000000000000000D5
:10AB800000000000000000000000000000000000C5
:10AB900000000000000000000000000000000000B5
:10ABA00000000000000000000000000000000000A5
:10ABB0000000000000000000000000000000000095
:10ABC0000000000000000000000000000000000085
:10ABD0000000000000000000000000000000000075
:10ABE0000000000000000000000000000000000065
:10ABF0000000000000000000000000000000000055
:10AC00000000000000000000000000000000000044
:10AC10000000000000000000000000000000000034
:10AC20000000000000000000000000000000000024
:10AC30000000000000000000000000000000000014
:10AC40000000000000000000000000000000000004
:10AC500000000000000000000000000000000000F4
:10AC600000000000000000000000000000000000E4
:10AC700000000000000000000000000000000000D4
:10AC800000000000000000000000000000000000C4
:10AC900000000000000000000000000000000000B4
:10ACA00000000000000000000000000000000000A4
:10ACB0000000000000000000000000000000000094
:10ACC0000000000000000000000000000000000084
:10ACD0000000000000000000000000000000000074
:10ACE0000000000000000000000000000000000064
:10ACF0000000000000000000000000000000000054
:10AD00000000000000000000000000000000000043
:10AD10000000000000000000000000000000000033
:10AD20000000000000000000000000000000000023
:10AD30000000000000000000000000000000000013
:10AD40000000000000000000000000000000000003
:10AD500000000000000000000000000000000000F3
:10AD600000000000000000000000000000000000E3
:10AD700000000000000000000000000000000000D3
:10AD800000000000000000000000000000000000C3
:10AD900000000000000000000000000000000000B3
:10ADA00000000000000000000000000000000000A3
:10ADB0000000000000000000000000000000000093
:10ADC0000000000000000000000000000000000083
:10ADD0000000000000000000000000000000000073
:10ADE0000000000000000000000000000000000063
:10ADF0000000000000000000000000000000000053
:10AE00000000000000000000000000000000000042
:10AE10000000000000000000000000000000000032
:10AE20000000000000000000000000000000000022
:10AE30000000000000000000000000000000000012
:10AE40000000000000000000000000000000000002
:10AE500000000000000000000000000000000000F2
:10AE600000000000000000000000000000000000E2
:10AE700000000000000000000000000000000000D2
:10AE800000000000000000000000000000000000C2
:10AE900000000000000000000000000000000000B2
:10AEA00000000000000000000000000000000000A2
:10AEB0000000000000000000000000000000000092
:10AEC0000000000000000000000000000000000082
:10AED0000000000000000000000000000000000072
:10AEE0000000000000000000000000000000000062
:10AEF0000000000000000000000000000000000052
:10AF00000000000000000000000000000000000041
:10AF10000000000000000000000000000000000031
:10AF20000000000000000000000000000000000021
:10AF30000000000000000000000000000000000011
:10AF40000000000000000000000000000000000001
:10AF500000000000000000000000000000000000F1
:10AF600000000000000000000000000000000000E1
:10AF700000000000000000000000000000000000D1
:10AF800000000000000000000000000000000000C1
:10AF900000000000000000000000000000000000B1
:10AFA00000000000000000000000000000000000A1
:10AFB0000000000000000000000000000000000091
:10AFC0000000000000000000000000000000000081
:10AFD0000000000000000000000000000000000071
:10AFE0000000000000000000000000000000000061
:10AFF0000000000000000000000000000000000051
:10B000000000000000000000000000000000000040
:10B010000000000000000000000000000000000030
:10B020000000000000000000000000000000000020
:10B030000000000000000000000000000000000010
:10B040000000000000000000000000000000000000
:10B0500000000000000000000000000000000000F0
:10B0600000000000000000000000000000000000E0
:10B0700000000000000000000000000000000000D0
:10B0800000000000000000000000000000000000C0
:10B0900000000000000000000000000000000000B0
:10B0A00000000000000000000000000000000000A0
:10B0B0000000000000000000000000000000000090
:10B0C0000000000000000000000000000000000080
:10B0D0000000000000000000000000000000000070
:10B0E0000000000000000000000000000000000060
:10B0F0000000000000000000000000000000000050
:10B10000000000000000000000000000000000003F
:10B11000000000000000000000000000000000002F
:10B12000000000000000000000000000000000001F
:10B13000000000000000000000000000000000000F
:10B1400000000000000000000000000000000000FF
:10B1500000000000000000000000000000000000EF
:10B1600000000000000000000000000000000000DF
:10B1700000000000000000000000000000000000CF
:10B1800000000000000000000000000000000000BF
:10B1900000000000000000000000000000000000AF
:10B1A000000000000000000000000000000000009F
:10B1B000000000000000000000000000000000008F
:10B1C000000000000000000000000000000000007F
:10B1D000000000000000000000000000000000006F
:10B1E000000000000000000000000000000000005F
:10B1F000000000000000000000000000000000004F
:10B20000000000000000000000000000000000003E
:10B21000000000000000000000000000000000002E
:10B22000000000000000000000000000000000001E
:10B23000000000000000000000000000000000000E
:10B2400000000000000000000000000000000000FE
:10B2500000000000000000000000000000000000EE
:10B2600000000000000000000000000000000000DE
:10B2700000000000000000000000000000000000CE
:10B2800000000000000000000000000000000000BE
:10B2900000000000000000000000000000000000AE
:10B2A000000000000000000000000000000000009E
:10B2B000000000000000000000000000000000008E
:10B2C000000000000000000000000000000000007E
:10B2D000000000000000000000000000000000006E
:10B2E000000000000000000000000000000000005E
:10B2F000000000000000000000000000000000004E
:10B30000000000000000000000000000000000003D
:10B31000000000000000000000000000000000002D
:10B32000000000000000000000000000000000001D
:10B33000000000000000000000000000000000000D
:10B3400000000000000000000000000000000000FD
:10B3500000000000000000000000000000000000ED
:10B3600000000000000000000000000000000000DD
:10B3700000000000000000000000000000000000CD
:10B3800000000000000000000000000000000000BD
:10B3900000000000000000000000000000000000AD
:10B3A000000000000000000000000000000000009D
:10B3B000000000000000000000000000000000008D
:10B3C000000000000000000000000000000000007D
:10B3D000000000000000000000000000000000006D
:10B3E000000000000000000000000000000000005D
:10B3F000000000000000000000000000000000004D
:10B40000000000000000000000000000000000003C
:10B41000000000000000000000000000000000002C
:10B42000000000000000000000000000000000001C
:10B43000000000000000000000000000000000000C
:10B4400000000000000000000000000000000000FC
:10B4500000000000000000000000000000000000EC
:10B4600000000000000000000000000000000000DC
:10B4700000000000000000000000000000000000CC
:10B4800000000000000000000000000000000000BC
:10B4900000000000000000000000000000000000AC
:10B4A000000000000000000000000000000000009C
:10B4B000000000000000000000000000000000008C
:10B4C000000000000000000000000000000000007C
:10B4D000000000000000000000000000000000006C
:10B4E000000000000000000000000000000000005C
:10B4F000000000000000000000000000000000004C
:10B50000000000000000000000000000000000003B
:10B51000000000000000000000000000000000002B
:10B52000000000000000000000000000000000001B
:10B53000000000000000000000000000000000000B
:10B5400000000000000000000000000000000000FB
:10B5500000000000000000000000000000000000EB
:10B5600000000000000000000000000000000000DB
:10B5700000000000000000000000000000000000CB
:10B5800000000000000000000000000000000000BB
:10B5900000000000000000000000000000000000AB
:10B5A000000000000000000000000000000000009B
:10B5B000000000000000000000000000000000008B
:10B5C000000000000000000000000000000000007B
:10B5D000000000000000000000000000000000006B
:10B5E000000000000000000000000000000000005B
:10B5F000000000000000000000000000000000004B
:10B60000000000000000000000000000000000003A
:10B61000000000000000000000000000000000002A
:10B62000000000000000000000000000000000001A
:10B63000000000000000000000000000000000000A
:10B6400000000000000000000000000000000000FA
:10B6500000000000000000000000000000000000EA
:10B6600000000000000000000000000000000000DA
:10B6700000000000000000000000000000000000CA
:10B6800000000000000000000000000000000000BA
:10B6900000000000000000000000000000000000AA
:10B6A000000000000000000000000000000000009A
:10B6B000000000000000000000000000000000008A
:10B6C000000000000000000000000000000000007A
:10B6D000000000000000000000000000000000006A
:10B6E000000000000000000000000000000000005A
:10B6F000000000000000000000000000000000004A
:10B700000000000000000000000000000000000039
:10B710000000000000000000000000000000000029
:10B720000000000000000000000000000000000019
:10B730000000000000000000000000000000000009
:10B7400000000000000000000000000000000000F9
:10B7500000000000000000000000000000000000E9
:10B7600000000000000000000000000000000000D9
:10B7700000000000000000000000000000000000C9
:10B7800000000000000000000000000000000000B9
:10B7900000000000000000000000000000000000A9
:10B7A0000000000000000000000000000000000099
:10B7B0000000000000000000000000000000000089
:10B7C0000000000000000000000000000000000079
:10B7D0000000000000000000000000000000000069
:10B7E0000000000000000000000000000000000059
:10B7F0000000000000000000000000000000000049
:10B800000000000000000000000000000000000038
:10B810000000000000000000000000000000000028
:10B820000000000000000000000000000000000018
:10B830000000000000000000000000000000000008
:10B8400000000000000000000000000000000000F8
:10B8500000000000000000000000000000000000E8
:10B8600000000000000000000000000000000000D8
:10B8700000000000000000000000000000000000C8
:10B8800000000000000000000000000000000000B8
:10B8900000000000000000000000000000000000A8
:10B8A0000000000000000000000000000000000098
:10B8B0000000000000000000000000000000000088
:10B8C0000000000000000000000000000000000078
:10B8D0000000000000000000000000000000000068
:10B8E0000000000000000000000000000000000058
:10B8F0000000000000000000000000000000000048
:10B900000000000000000000000000000000000037
:10B910000000000000000000000000000000000027
:10B920000000000000000000000000000000000017
:10B930000000000000000000000000000000000007
:10B9400000000000000000000000000000000000F7
:10B9500000000000000000000000000000000000E7
:10B9600000000000000000000000000000000000D7
:10B9700000000000000000000000000000000000C7
:10B9800000000000000000000000000000000000B7
:10B9900000000000000000000000000000000000A7
:10B9A0000000000000000000000000000000000097
:10B9B0000000000000000000000000000000000087
:10B9C0000000000000000000000000000000000077
:10B9D0000000000000000000000000000000000067
:10B9E0000000000000000000000000000000000057
:10B9F0000000000000000000000000000000000047
:10BA00000000000000000000000000000000000036
:10BA10000000000000000000000000000000000026
:10BA20000000000000000000000000000000000016
:10BA30000000000000000000000000000000000006
:10BA400000000000000000000000000000000000F6
:10BA500000000000000000000000000000000000E6
:10BA600000000000000000000000000000000000D6
:10BA700000000000000000000000000000000000C6
:10BA800000000000000000000000000000000000B6
:10BA900000000000000000000000000000000000A6
:10BAA0000000000000000000000000000000000096
:10BAB0000000000000000000000000000000000086
:10BAC0000000000000000000000000000000000076
:10BAD0000000000000000000000000000000000066
:10BAE0000000000000000000000000000000000056
:10BAF0000000000000000000000000000000000046
:10BB00000000000000000000000000000000000035
:10BB10000000000000000000000000000000000025
:10BB20000000000000000000000000000000000015
:10BB30000000000000000000000000000000000005
:10BB400000000000000000000000000000000000F5
:10BB500000000000000000000000000000000000E5
:10BB600000000000000000000000000000000000D5
:10BB700000000000000000000000000000000000C5
:10BB800000000000000000000000000000000000B5
:10BB900000000000000000000000000000000000A5
:10BBA0000000000000000000000000000000000095
:10BBB0000000000000000000000000000000000085
:10BBC0000000000000000000000000000000000075
:10BBD0000000000000000000000000000000000065
:10BBE0000000000000000000000000000000000055
:10BBF0000000000000000000000000000000000045
:10BC00000000000000000000000000000000000034
:10BC10000000000000000000000000000000000024
:10BC20000000000000000000000000000000000014
:10BC30000000000000000000000000000000000004
:10BC400000000000000000000000000000000000F4
:10BC500000000000000000000000000000000000E4
:10BC600000000000000000000000000000000000D4
:10BC700000000000000000000000000000000000C4
:10BC800000000000000000000000000000000000B4
:10BC900000000000000000000000000000000000A4
:10BCA0000000000000000000000000000000000094
:10BCB0000000000000000000000000000000000084
:10BCC0000000000000000000000000000000000074
:10BCD0000000000000000000000000000000000064
:10BCE0000000000000000000000000000000000054
:10BCF0000000000000000000000000000000000044
:10BD00000000000000000000000000000000000033
:10BD10000000000000000000000000000000000023
:10BD20000000000000000000000000000000000013
:10BD30000000000000000000000000000000000003
:10BD400000000000000000000000000000000000F3
:10BD500000000000000000000000000000000000E3
:10BD600000000000000000000000000000000000D3
:10BD700000000000000000000000000000000000C3
:10BD800000000000000000000000000000000000B3
:10BD900000000000000000000000000000000000A3
:10BDA0000000000000000000000000000000000093
:10BDB0000000000000000000000000000000000083
:10BDC0000000000000000000000000000000000073
:10BDD0000000000000000000000000000000000063
:10BDE0000000000000000000000000000000000053
:10BDF0000000000000000000000000000000000043
:10BE00000000000000000000000000000000000032
:10BE10000000000000000000000000000000000022
:10BE20000000000000000000000000000000000012
:10BE30000000000000000000000000000000000002
:10BE400000000000000000000000000000000000F2
:10BE500000000000000000000000000000000000E2
:10BE600000000000000000000000000000000000D2
:10BE700000000000000000000000000000000000C2
:10BE800000000000000000000000000000000000B2
:10BE900000000000000000000000000000000000A2
:10BEA0000000000000000000000000000000000092
:10BEB0000000000000000000000000000000000082
:10BEC0000000000000000000000000000000000072
:10BED0000000000000000000000000000000000062
:10BEE0000000000000000000000000000000000052
:10BEF0000000000000000000000000000000000042
:10BF00000000000000000000000000000000000031
:10BF10000000000000000000000000000000000021
:10BF20000000000000000000000000000000000011
:10BF30000000000000000000000000000000000001
:10BF400000000000000000000000000000000000F1
:10BF500000000000000000000000000000000000E1
:10BF600000000000000000000000000000000000D1
:10BF700000000000000000000000000000000000C1
:10BF800000000000000000000000000000000000B1
:10BF900000000000000000000000000000000000A1
:10BFA0000000000000000000000000000000000091
:10BFB0000000000000000000000000000000000081
:10BFC0000000000000000000000000000000000071
:10BFD0000000000000000000000000000000000061
:10BFE0000000000000000000000000000000000051
:10BFF0000000000000000000000000000000000041
:10C000000000000000000000000000000000000030
:10C010000000000000000000000000000000000020
:10C020000000000000000000000000000000000010
:10C030000000000000000000000000000000000000
:10C0400000000000000000000000000000000000F0
:10C0500000000000000000000000000000000000E0
:10C0600000000000000000000000000000000000D0
:10C0700000000000000000000000000000000000C0
:10C0800000000000000000000000000000000000B0
:10C0900000000000000000000000000000000000A0
:10C0A0000000000000000000000000000000000090
:10C0B0000000000000000000000000000000000080
:10C0C0000000000000000000000000000000000070
:10C0D0000000000000000000000000000000000060
:10C0E0000000000000000000000000000000000050
:10C0F0000000000000000000000000000000000040
:10C10000000000000000000000000000000000002F
:10C11000000000000000000000000000000000001F
:10C12000000000000000000000000000000000000F
:10C1300000000000000000000000000000000000FF
:10C1400000000000000000000000000000000000EF
:10C1500000000000000000000000000000000000DF
:10C1600000000000000000000000000000000000CF
:10C1700000000000000000000000000000000000BF
:10C1800000000000000000000000000000000000AF
:10C19000000000000000000000000000000000009F
:10C1A000000000000000000000000000000000008F
:10C1B000000000000000000000000000000000007F
:10C1C000000000000000000000000000000000006F
:10C1D000000000000000000000000000000000005F
:10C1E000000000000000000000000000000000004F
:10C1F000000000000000000000000000000000003F
:10C20000000000000000000000000000000000002E
:10C21000000000000000000000000000000000001E
:10C22000000000000000000000000000000000000E
:10C2300000000000000000000000000000000000FE
:10C2400000000000000000000000000000000000EE
:10C2500000000000000000000000000000000000DE
:10C2600000000000000000000000000000000000CE
:10C2700000000000000000000000000000000000BE
:10C2800000000000000000000000000000000000AE
:10C29000000000000000000000000000000000009E
:10C2A000000000000000000000000000000000008E
:10C2B000000000000000000000000000000000007E
:10C2C000000000000000000000000000000000006E
:10C2D000000000000000000000000000000000005E
:10C2E000000000000000000000000000000000004E
:10C2F000000000000000000000000000000000003E
:10C30000000000000000000000000000000000002D
:10C31000000000000000000000000000000000001D
:10C32000000000000000000000000000000000000D
:10C3300000000000000000000000000000000000FD
:10C3400000000000000000000000000000000000ED
:10C3500000000000000000000000000000000000DD
:10C3600000000000000000000000000000000000CD
:10C3700000000000000000000000000000000000BD
:10C3800000000000000000000000000000000000AD
:10C39000000000000000000000000000000000009D
:10C3A000000000000000000000000000000000008D
:10C3B000000000000000000000000000000000007D
:10C3C000000000000000000000000000000000006D
:10C3D000000000000000000000000000000000005D
:10C3E000000000000000000000000000000000004D
:10C3F000000000000000000000000000000000003D
:10C40000000000000000000000000000000000002C
:10C41000000000000000000000000000000000001C
:10C42000000000000000000000000000000000000C
:10C4300000000000000000000000000000000000FC
:10C4400000000000000000000000000000000000EC
:10C4500000000000000000000000000000000000DC
:10C4600000000000000000000000000000000000CC
:10C4700000000000000000000000000000000000BC
:10C4800000000000000000000000000000000000AC
:10C49000000000000000000000000000000000009C
:10C4A000000000000000000000000000000000008C
:10C4B000000000000000000000000000000000007C
:10C4C000000000000000000000000000000000006C
:10C4D000000000000000000000000000000000005C
:10C4E000000000000000000000000000000000004C
:10C4F000000000000000000000000000000000003C
:10C50000000000000000000000000000000000002B
:10C51000000000000000000000000000000000001B
:10C52000000000000000000000000000000000000B
:10C5300000000000000000000000000000000000FB
:10C5400000000000000000000000000000000000EB
:10C5500000000000000000000000000000000000DB
:10C5600000000000000000000000000000000000CB
:10C5700000000000000000000000000000000000BB
:10C5800000000000000000000000000000000000AB
:10C59000000000000000000000000000000000009B
:10C5A000000000000000000000000000000000008B
:10C5B000000000000000000000000000000000007B
:10C5C000000000000000000000000000000000006B
:10C5D000000000000000000000000000000000005B
:10C5E000000000000000000000000000000000004B
:10C5F000000000000000000000000000000000003B
:10C60000000000000000000000000000000000002A
:10C61000000000000000000000000000000000001A
:10C62000000000000000000000000000000000000A
:10C6300000000000000000000000000000000000FA
:10C6400000000000000000000000000000000000EA
:10C6500000000000000000000000000000000000DA
:10C6600000000000000000000000000000000000CA
:10C6700000000000000000000000000000000000BA
:10C6800000000000000000000000000000000000AA
:10C69000000000000000000000000000000000009A
:10C6A000000000000000000000000000000000008A
:10C6B000000000000000000000000000000000007A
:10C6C000000000000000000000000000000000006A
:10C6D000000000000000000000000000000000005A
:10C6E000000000000000000000000000000000004A
:10C6F000000000000000000000000000000000003A
:10C700000000000000000000000000000000000029
:10C710000000000000000000000000000000000019
:10C720000000000000000000000000000000000009
:10C7300000000000000000000000000000000000F9
:10C7400000000000000000000000000000000000E9
:10C7500000000000000000000000000000000000D9
:10C7600000000000000000000000000000000000C9
:10C7700000000000000000000000000000000000B9
:10C7800000000000000000000000000000000000A9
:10C790000000000000000000000000000000000099
:10C7A0000000000000000000000000000000000089
:10C7B0000000000000000000000000000000000079
:10C7C0000000000000000000000000000000000069
:10C7D0000000000000000000000000000000000059
:10C7E0000000000000000000000000000000000049
:10C7F0000000000000000000000000000000000039
:10C800000000000000000000000000000000000028
:10C810000000000000000000000000000000000018
:10C820000000000000000000000000000000000008
:10C8300000000000000000000000000000000000F8
:10C8400000000000000000000000000000000000E8
:10C8500000000000000000000000000000000000D8
:10C8600000000000000000000000000000000000C8
:10C8700000000000000000000000000000000000B8
:10C8800000000000000000000000000000000000A8
:10C890000000000000000000000000000000000098
:10C8A0000000000000000000000000000000000088
:10C8B0000000000000000000000000000000000078
:10C8C0000000000000000000000000000000000068
:10C8D0000000000000000000000000000000000058
:10C8E0000000000000000000000000000000000048
:10C8F0000000000000000000000000000000000038
:10C900000000000000000000000000000000000027
:10C910000000000000000000000000000000000017
:10C920000000000000000000000000000000000007
:10C9300000000000000000000000000000000000F7
:10C9400000000000000000000000000000000000E7
:10C9500000000000000000000000000000000000D7
:10C9600000000000000000000000000000000000C7
:10C9700000000000000000000000000000000000B7
:10C9800000000000000000000000000000000000A7
:10C990000000000000000000000000000000000097
:10C9A0000000000000000000000000000000000087
:10C9B0000000000000000000000000000000000077
:10C9C0000000000000000000000000000000000067
:10C9D0000000000000000000000000000000000057
:10C9E0000000000000000000000000000000000047
:10C9F0000000000000000000000000000000000037
:10CA00000000000000000000000000000000000026
:10CA10000000000000000000000000000000000016
:10CA20000000000000000000000000000000000006
:10CA300000000000000000000000000000000000F6
:10CA400000000000000000000000000000000000E6
:10CA500000000000000000000000000000000000D6
:10CA600000000000000000000000000000000000C6
:10CA700000000000000000000000000000000000B6
:10CA800000000000000000000000000000000000A6
:10CA90000000000000000000000000000000000096
:10CAA0000000000000000000000000000000000086
:10CAB0000000000000000000000000000000000076
:10CAC0000000000000000000000000000000000066
:10CAD0000000000000000000000000000000000056
:10CAE0000000000000000000000000000000000046
:10CAF0000000000000000000000000000000000036
:10CB00000000000000000000000000000000000025
:10CB10000000000000000000000000000000000015
:10CB20000000000000000000000000000000000005
:10CB300000000000000000000000000000000000F5
:10CB400000000000000000000000000000000000E5
:10CB500000000000000000000000000000000000D5
:10CB600000000000000000000000000000000000C5
:10CB700000000000000000000000000000000000B5
:10CB800000000000000000000000000000000000A5
:10CB90000000000000000000000000000000000095
:10CBA0000000000000000000000000000000000085
:10CBB0000000000000000000000000000000000075
:10CBC0000000000000000000000000000000000065
:10CBD0000000000000000000000000000000000055
:10CBE0000000000000000000000000000000000045
:10CBF0000000000000000000000000000000000035
:10CC00000000000000000000000000000000000024
:10CC10000000000000000000000000000000000014
:10CC20000000000000000000000000000000000004
:10CC300000000000000000000000000000000000F4
:10CC400000000000000000000000000000000000E4
:10CC500000000000000000000000000000000000D4
:10CC600000000000000000000000000000000000C4
:10CC700000000000000000000000000000000000B4
:10CC800000000000000000000000000000000000A4
:10CC90000000000000000000000000000000000094
:10CCA0000000000000000000000000000000000084
:10CCB0000000000000000000000000000000000074
:10CCC0000000000000000000000000000000000064
:10CCD0000000000000000000000000000000000054
:10CCE0000000000000000000000000000000000044
:10CCF0000000000000000000000000000000000034
:10CD00000000000000000000000000000000000023
:10CD10000000000000000000000000000000000013
:10CD20000000000000000000000000000000000003
:10CD300000000000000000000000000000000000F3
:10CD400000000000000000000000000000000000E3
:10CD500000000000000000000000000000000000D3
:10CD600000000000000000000000000000000000C3
:10CD700000000000000000000000000000000000B3
:10CD800000000000000000000000000000000000A3
:10CD90000000000000000000000000000000000093
:10CDA0000000000000000000000000000000000083
:10CDB0000000000000000000000000000000000073
:10CDC0000000000000000000000000000000000063
:10CDD0000000000000000000000000000000000053
:10CDE0000000000000000000000000000000000043
:10CDF0000000000000000000000000000000000033
:10CE00000000000000000000000000000000000022
:10CE10000000000000000000000000000000000012
:10CE20000000000000000000000000000000000002
:10CE300000000000000000000000000000000000F2
:10CE400000000000000000000000000000000000E2
:10CE500000000000000000000000000000000000D2
:10CE600000000000000000000000000000000000C2
:10CE700000000000000000000000000000000000B2
:10CE800000000000000000000000000000000000A2
:10CE90000000000000000000000000000000000092
:10CEA0000000000000000000000000000000000082
:10CEB0000000000000000000000000000000000072
:10CEC0000000000000000000000000000000000062
:10CED0000000000000000000000000000000000052
:10CEE0000000000000000000000000000000000042
:10CEF0000000000000000000000000000000000032
:10CF00000000000000000000000000000000000021
:10CF10000000000000000000000000000000000011
:10CF20000000000000000000000000000000000001
:10CF300000000000000000000000000000000000F1
:10CF400000000000000000000000000000000000E1
:10CF500000000000000000000000000000000000D1
:10CF600000000000000000000000000000000000C1
:10CF700000000000000000000000000000000000B1
:10CF800000000000000000000000000000000000A1
:10CF90000000000000000000000000000000000091
:10CFA0000000000000000000000000000000000081
:10CFB0000000000000000000000000000000000071
:10CFC0000000000000000000000000000000000061
:10CFD0000000000000000000000000000000000051
:10CFE0000000000000000000000000000000000041
:10CFF0000000000000000000000000000000000031
:10D000000000000000000000000000000000000020
:10D010000000000000000000000000000000000010
:10D020000000000000000000000000000000000000
:10D0300000000000000000000000000000000000F0
:10D0400000000000000000000000000000000000E0
:10D0500000000000000000000000000000000000D0
:10D0600000000000000000000000000000000000C0
:10D0700000000000000000000000000000000000B0
:10D0800000000000000000000000000000000000A0
:10D090000000000000000000000000000000000090
:10D0A0000000000000000000000000000000000080
:10D0B0000000000000000000000000000000000070
:10D0C0000000000000000000000000000000000060
:10D0D0000000000000000000000000000000000050
:10D0E0000000000000000000000000000000000040
:10D0F0000000000000000000000000000000000030
:10D10000000000000000000000000000000000001F
:10D11000000000000000000000000000000000000F
:10D1200000000000000000000000000000000000FF
:10D1300000000000000000000000000000000000EF
:10D1400000000000000000000000000000000000DF
:10D1500000000000000000000000000000000000CF
:10D1600000000000000000000000000000000000BF
:10D1700000000000000000000000000000000000AF
:10D18000000000000000000000000000000000009F
:10D19000000000000000000000000000000000008F
:10D1A000000000000000000000000000000000007F
:10D1B000000000000000000000000000000000006F
:10D1C000000000000000000000000000000000005F
:10D1D000000000000000000000000000000000004F
:10D1E000000000000000000000000000000000003F
:10D1F000000000000000000000000000000000002F
:10D20000000000000000000000000000000000001E
:10D21000000000000000000000000000000000000E
:10D2200000000000000000000000000000000000FE
:10D2300000000000000000000000000000000000EE
:10D2400000000000000000000000000000000000DE
:10D2500000000000000000000000000000000000CE
:10D2600000000000000000000000000000000000BE
:10D2700000000000000000000000000000000000AE
:10D28000000000000000000000000000000000009E
:10D29000000000000000000000000000000000008E
:10D2A000000000000000000000000000000000007E
:10D2B000000000000000000000000000000000006E
:10D2C000000000000000000000000000000000005E
:10D2D000000000000000000000000000000000004E
:10D2E000000000000000000000000000000000003E
:10D2F000000000000000000000000000000000002E
:10D30000000000000000000000000000000000001D
:10D31000000000000000000000000000000000000D
:10D3200000000000000000000000000000000000FD
:10D3300000000000000000000000000000000000ED
:10D3400000000000000000000000000000000000DD
:10D3500000000000000000000000000000000000CD
:10D3600000000000000000000000000000000000BD
:10D3700000000000000000000000000000000000AD
:10D38000000000000000000000000000000000009D
:10D39000000000000000000000000000000000008D
:10D3A000000000000000000000000000000000007D
:10D3B000000000000000000000000000000000006D
:10D3C000000000000000000000000000000000005D
:10D3D000000000000000000000000000000000004D
:10D3E000000000000000000000000000000000003D
:10D3F000000000000000000000000000000000002D
:10D40000000000000000000000000000000000001C
:10D41000000000000000000000000000000000000C
:10D4200000000000000000000000000000000000FC
:10D4300000000000000000000000000000000000EC
:10D4400000000000000000000000000000000000DC
:10D4500000000000000000000000000000000000CC
:10D4600000000000000000000000000000000000BC
:10D4700000000000000000000000000000000000AC
:10D48000000000000000000000000000000000009C
:10D49000000000000000000000000000000000008C
:10D4A000000000000000000000000000000000007C
:10D4B000000000000000000000000000000000006C
:10D4C000000000000000000000000000000000005C
:10D4D000000000000000000000000000000000004C
:10D4E000000000000000000000000000000000003C
:10D4F000000000000000000000000000000000002C
:10D50000000000000000000000000000000000001B
:10D51000000000000000000000000000000000000B
:10D5200000000000000000000000000000000000FB
:10D5300000000000000000000000000000000000EB
:10D5400000000000000000000000000000000000DB
:10D5500000000000000000000000000000000000CB
:10D5600000000000000000000000000000000000BB
:10D5700000000000000000000000000000000000AB
:10D58000000000000000000000000000000000009B
:10D59000000000000000000000000000000000008B
:10D5A000000000000000000000000000000000007B
:10D5B000000000000000000000000000000000006B
:10D5C000000000000000000000000000000000005B
:10D5D000000000000000000000000000000000004B
:10D5E000000000000000000000000000000000003B
:10D5F000000000000000000000000000000000002B
:10D60000000000000000000000000000000000001A
:10D61000000000000000000000000000000000000A
:10D6200000000000000000000000000000000000FA
:10D6300000000000000000000000000000000000EA
:10D6400000000000000000000000000000000000DA
:10D6500000000000000000000000000000000000CA
:10D6600000000000000000000000000000000000BA
:10D6700000000000000000000000000000000000AA
:10D68000000000000000000000000000000000009A
:10D69000000000000000000000000000000000008A
:10D6A000000000000000000000000000000000007A
:10D6B000000000000000000000000000000000006A
:10D6C000000000000000000000000000000000005A
:10D6D000000000000000000000000000000000004A
:10D6E000000000000000000000000000000000003A
:10D6F000000000000000000000000000000000002A
:10D700000000000000000000000000000000000019
:10D710000000000000000000000000000000000009
:10D7200000000000000000000000000000000000F9
:10D7300000000000000000000000000000000000E9
:10D7400000000000000000000000000000000000D9
:10D7500000000000000000000000000000000000C9
:10D7600000000000000000000000000000000000B9
:10D7700000000000000000000000000000000000A9
:10D780000000000000000000000000000000000099
:10D790000000000000000000000000000000000089
:10D7A0000000000000000000000000000000000079
:10D7B0000000000000000000000000000000000069
:10D7C0000000000000000000000000000000000059
:10D7D0000000000000000000000000000000000049
:10D7E0000000000000000000000000000000000039
:10D7F0000000000000000000000000000000000029
:10D800000000000000000000000000000000000018
:10D810000000000000000000000000000000000008
:10D8200000000000000000000000000000000000F8
:10D8300000000000000000000000000000000000E8
:10D8400000000000000000000000000000000000D8
:10D8500000000000000000000000000000000000C8
:10D8600000000000000000000000000000000000B8
:10D8700000000000000000000000000000000000A8
:10D880000000000000000000000000000000000098
:10D890000000000000000000000000000000000088
:10D8A0000000000000000000000000000000000078
:10D8B0000000000000000000000000000000000068
:10D8C0000000000000000000000000000000000058
:10D8D0000000000000000000000000000000000048
:10D8E0000000000000000000000000000000000038
:10D8F0000000000000000000000000000000000028
:10D900000000000000000000000000000000000017
:10D910000000000000000000000000000000000007
:10D9200000000000000000000000000000000000F7
:10D9300000000000000000000000000000000000E7
:10D9400000000000000000000000000000000000D7
:10D9500000000000000000000000000000000000C7
:10D9600000000000000000000000000000000000B7
:10D9700000000000000000000000000000000000A7
:10D980000000000000000000000000000000000097
:10D990000000000000000000000000000000000087
:10D9A0000000000000000000000000000000000077
:10D9B0000000000000000000000000000000000067
:10D9C0000000000000000000000000000000000057
:10D9D0000000000000000000000000000000000047
:10D9E0000000000000000000000000000000000037
:10D9F0000000000000000000000000000000000027
:10DA00000000000000000000000000000000000016
:10DA10000000000000000000000000000000000006
:10DA200000000000000000000000000000000000F6
:10DA300000000000000000000000000000000000E6
:10DA400000000000000000000000000000000000D6
:10DA500000000000000000000000000000000000C6
:10DA600000000000000000000000000000000000B6
:10DA700000000000000000000000000000000000A6
:10DA80000000000000000000000000000000000096
:10DA90000000000000000000000000000000000086
:10DAA0000000000000000000000000000000000076
:10DAB0000000000000000000000000000000000066
:10DAC0000000000000000000000000000000000056
:10DAD0000000000000000000000000000000000046
:10DAE0000000000000000000000000000000000036
:10DAF0000000000000000000000000000000000026
:10DB00000000000000000000000000000000000015
:10DB10000000000000000000000000000000000005
:10DB200000000000000000000000000000000000F5
:10DB300000000000000000000000000000000000E5
:10DB400000000000000000000000000000000000D5
:10DB500000000000000000000000000000000000C5
:10DB600000000000000000000000000000000000B5
:10DB700000000000000000000000000000000000A5
:10DB80000000000000000000000000000000000095
:10DB90000000000000000000000000000000000085
:10DBA0000000000000000000000000000000000075
:10DBB0000000000000000000000000000000000065
:10DBC0000000000000000000000000000000000055
:10DBD0000000000000000000000000000000000045
:10DBE0000000000000000000000000000000000035
:10DBF0000000000000000000000000000000000025
:10DC00000000000000000000000000000000000014
:10DC10000000000000000000000000000000000004
:10DC200000000000000000000000000000000000F4
:10DC300000000000000000000000000000000000E4
:10DC400000000000000000000000000000000000D4
:10DC500000000000000000000000000000000000C4
:10DC600000000000000000000000000000000000B4
:10DC700000000000000000000000000000000000A4
:10DC80000000000000000000000000000000000094
:10DC90000000000000000000000000000000000084
:10DCA0000000000000000000000000000000000074
:10DCB0000000000000000000000000000000000064
:10DCC0000000000000000000000000000000000054
:10DCD0000000000000000000000000000000000044
:10DCE0000000000000000000000000000000000034
:10DCF0000000000000000000000000000000000024
:10DD00000000000000000000000000000000000013
:10DD10000000000000000000000000000000000003
:10DD200000000000000000000000000000000000F3
:10DD300000000000000000000000000000000000E3
:10DD400000000000000000000000000000000000D3
:10DD500000000000000000000000000000000000C3
:10DD600000000000000000000000000000000000B3
:10DD700000000000000000000000000000000000A3
:10DD80000000000000000000000000000000000093
:10DD90000000000000000000000000000000000083
:10DDA0000000000000000000000000000000000073
:10DDB0000000000000000000000000000000000063
:10DDC0000000000000000000000000000000000053
:10DDD0000000000000000000000000000000000043
:10DDE0000000000000000000000000000000000033
:10DDF0000000000000000000000000000000000023
:10DE00000000000000000000000000000000000012
:10DE10000000000000000000000000000000000002
:10DE200000000000000000000000000000000000F2
:10DE300000000000000000000000000000000000E2
:10DE400000000000000000000000000000000000D2
:10DE500000000000000000000000000000000000C2
:10DE600000000000000000000000000000000000B2
:10DE700000000000000000000000000000000000A2
:10DE80000000000000000000000000000000000092
:10DE90000000000000000000000000000000000082
:10DEA0000000000000000000000000000000000072
:10DEB0000000000000000000000000000000000062
:10DEC0000000000000000000000000000000000052
:10DED0000000000000000000000000000000000042
:10DEE0000000000000000000000000000000000032
:10DEF0000000000000000000000000000000000022
:10DF00000000000000000000000000000000000011
:10DF10000000000000000000000000000000000001
:10DF200000000000000000000000000000000000F1
:10DF300000000000000000000000000000000000E1
:10DF400000000000000000000000000000000000D1
:10DF500000000000000000000000000000000000C1
:10DF600000000000000000000000000000000000B1
:10DF700000000000000000000000000000000000A1
:10DF80000000000000000000000000000000000091
:10DF90000000000000000000000000000000000081
:10DFA0000000000000000000000000000000000071
:10DFB0000000000000000000000000000000000061
:10DFC0000000000000000000000000000000000051
:10DFD0000000000000000000000000000000000041
:10DFE0000000000000000000000000000000000031
:10DFF0000000000000000000000000000000000021
:10E000000000000000000000000000000000000010
:10E010000000000000000000000000000000000000
:10E0200000000000000000000000000000000000F0
:10E0300000000000000000000000000000000000E0
:10E0400000000000000000000000000000000000D0
:10E0500000000000000000000000000000000000C0
:10E0600000000000000000000000000000000000B0
:10E0700000000000000000000000000000000000A0
:10E080000000000000000000000000000000000090
:10E090000000000000000000000000000000000080
:10E0A0000000000000000000000000000000000070
:10E0B0000000000000000000000000000000000060
:10E0C0000000000000000000000000000000000050
:10E0D0000000000000000000000000000000000040
:10E0E0000000000000000000000000000000000030
:10E0F0000000000000000000000000000000000020
:10E10000000000000000000000000000000000000F
:10E1100000000000000000000000000000000000FF
:10E1200000000000000000000000000000000000EF
:10E1300000000000000000000000000000000000DF
:10E1400000000000000000000000000000000000CF
:10E1500000000000000000000000000000000000BF
:10E1600000000000000000000000000000000000AF
:10E17000000000000000000000000000000000009F
:10E18000000000000000000000000000000000008F
:10E19000000000000000000000000000000000007F
:10E1A000000000000000000000000000000000006F
:10E1B000000000000000000000000000000000005F
:10E1C000000000000000000000000000000000004F
:10E1D000000000000000000000000000000000003F
:10E1E000000000000000000000000000000000002F
:10E1F000000000000000000000000000000000001F
:10E20000000000000000000000000000000000000E
:10E2100000000000000000000000000000000000FE
:10E2200000000000000000000000000000000000EE
:10E2300000000000000000000000000000000000DE
:10E2400000000000000000000000000000000000CE
:10E2500000000000000000000000000000000000BE
:10E2600000000000000000000000000000000000AE
:10E27000000000000000000000000000000000009E
:10E28000000000000000000000000000000000008E
:10E29000000000000000000000000000000000007E
:10E2A000000000000000000000000000000000006E
:10E2B000000000000000000000000000000000005E
:10E2C000000000000000000000000000000000004E
:10E2D000000000000000000000000000000000003E
:10E2E000000000000000000000000000000000002E
:10E2F000000000000000000000000000000000001E
:10E30000000000000000000000000000000000000D
:10E3100000000000000000000000000000000000FD
:10E3200000000000000000000000000000000000ED
:10E3300000000000000000000000000000000000DD
:10E3400000000000000000000000000000000000CD
:10E3500000000000000000000000000000000000BD
:10E3600000000000000000000000000000000000AD
:10E37000000000000000000000000000000000009D
:10E38000000000000000000000000000000000008D
:10E39000000000000000000000000000000000007D
:10E3A000000000000000000000000000000000006D
:10E3B000000000000000000000000000000000005D
:10E3C000000000000000000000000000000000004D
:10E3D000000000000000000000000000000000003D
:10E3E000000000000000000000000000000000002D
:10E3F000000000000000000000000000000000001D
:10E40000000000000000000000000000000000000C
:10E4100000000000000000000000000000000000FC
:10E4200000000000000000000000000000000000EC
:10E4300000000000000000000000000000000000DC
:10E4400000000000000000000000000000000000CC
:10E4500000000000000000000000000000000000BC
:10E4600000000000000000000000000000000000AC
:10E47000000000000000000000000000000000009C
:10E48000000000000000000000000000000000008C
:10E49000000000000000000000000000000000007C
:10E4A000000000000000000000000000000000006C
:10E4B000000000000000000000000000000000005C
:10E4C000000000000000000000000000000000004C
:10E4D000000000000000000000000000000000003C
:10E4E000000000000000000000000000000000002C
:10E4F000000000000000000000000000000000001C
:10E50000000000000000000000000000000000000B
:10E5100000000000000000000000000000000000FB
:10E5200000000000000000000000000000000000EB
:10E5300000000000000000000000000000000000DB
:10E5400000000000000000000000000000000000CB
:10E5500000000000000000000000000000000000BB
:10E5600000000000000000000000000000000000AB
:10E57000000000000000000000000000000000009B
:10E58000000000000000000000000000000000008B
:10E59000000000000000000000000000000000007B
:10E5A000000000000000000000000000000000006B
:10E5B000000000000000000000000000000000005B
:10E5C000000000000000000000000000000000004B
:10E5D000000000000000000000000000000000003B
:10E5E000000000000000000000000000000000002B
:10E5F000000000000000000000000000000000001B
:10E60000000000000000000000000000000000000A
:10E6100000000000000000000000000000000000FA
:10E6200000000000000000000000000000000000EA
:10E6300000000000000000000000000000000000DA
:10E6400000000000000000000000000000000000CA
:10E6500000000000000000000000000000000000BA
:10E6600000000000000000000000000000000000AA
:10E67000000000000000000000000000000000009A
:10E68000000000000000000000000000000000008A
:10E69000000000000000000000000000000000007A
:10E6A000000000000000000000000000000000006A
:10E6B000000000000000000000000000000000005A
:10E6C000000000000000000000000000000000004A
:10E6D000000000000000000000000000000000003A
:10E6E000000000000000000000000000000000002A
:10E6F000000000000000000000000000000000001A
:10E700000000000000000000000000000000000009
:10E7100000000000000000000000000000000000F9
:10E7200000000000000000000000000000000000E9
:10E7300000000000000000000000000000000000D9
:10E7400000000000000000000000000000000000C9
:10E7500000000000000000000000000000000000B9
:10E7600000000000000000000000000000000000A9
:10E770000000000000000000000000000000000099
:10E780000000000000000000000000000000000089
:10E790000000000000000000000000000000000079
:10E7A0000000000000000000000000000000000069
:10E7B0000000000000000000000000000000000059
:10E7C0000000000000000000000000000000000049
:10E7D0000000000000000000000000000000000039
:10E7E0000000000000000000000000000000000029
:10E7F0000000000000000000000000000000000019
:10E800000000000000000000000000000000000008
:10E8100000000000000000000000000000000000F8
:10E8200000000000000000000000000000000000E8
:10E8300000000000000000000000000000000000D8
:10E8400000000000000000000000000000000000C8
:10E8500000000000000000000000000000000000B8
:10E8600000000000000000000000000000000000A8
:10E870000000000000000000000000000000000098
:10E880000000000000000000000000000000000088
:10E890000000000000000000000000000000000078
:10E8A0000000000000000000000000000000000068
:10E8B0000000000000000000000000000000000058
:10E8C0000000000000000000000000000000000048
:10E8D0000000000000000000000000000000000038
:10E8E0000000000000000000000000000000000028
:10E8F0000000000000000000000000000000000018
:10E900000000000000000000000000000000000007
:10E9100000000000000000000000000000000000F7
:10E9200000000000000000000000000000000000E7
:10E9300000000000000000000000000000000000D7
:10E9400000000000000000000000000000000000C7
:10E9500000000000000000000000000000000000B7
:10E9600000000000000000000000000000000000A7
:10E970000000000000000000000000000000000097
:10E980000000000000000000000000000000000087
:10E990000000000000000000000000000000000077
:10E9A0000000000000000000000000000000000067
:10E9B0000000000000000000000000000000000057
:10E9C0000000000000000000000000000000000047
:10E9D0000000000000000000000000000000000037
:10E9E0000000000000000000000000000000000027
:10E9F0000000000000000000000000000000000017
:10EA00000000000000000000000000000000000006
:10EA100000000000000000000000000000000000F6
:10EA200000000000000000000000000000000000E6
:10EA300000000000000000000000000000000000D6
:10EA400000000000000000000000000000000000C6
:10EA500000000000000000000000000000000000B6
:10EA600000000000000000000000000000000000A6
:10EA70000000000000000000000000000000000096
:10EA80000000000000000000000000000000000086
:10EA90000000000000000000000000000000000076
:10EAA0000000000000000000000000000000000066
:10EAB0000000000000000000000000000000000056
:10EAC0000000000000000000000000000000000046
:10EAD0000000000000000000000000000000000036
:10EAE0000000000000000000000000000000000026
:10EAF0000000000000000000000000000000000016
:10EB00000000000000000000000000000000000005
:10EB100000000000000000000000000000000000F5
:10EB200000000000000000000000000000000000E5
:10EB300000000000000000000000000000000000D5
:10EB400000000000000000000000000000000000C5
:10EB500000000000000000000000000000000000B5
:10EB600000000000000000000000000000000000A5
:10EB70000000000000000000000000000000000095
:10EB80000000000000000000000000000000000085
:10EB90000000000000000000000000000000000075
:10EBA0000000000000000000000000000000000065
:10EBB0000000000000000000000000000000000055
:10EBC0000000000000000000000000000000000045
:10EBD0000000000000000000000000000000000035
:10EBE0000000000000000000000000000000000025
:10EBF0000000000000000000000000000000000015
:10EC00000000000000000000000000000000000004
:10EC100000000000000000000000000000000000F4
:10EC200000000000000000000000000000000000E4
:10EC300000000000000000000000000000000000D4
:10EC400000000000000000000000000000000000C4
:10EC500000000000000000000000000000000000B4
:10EC600000000000000000000000000000000000A4
:10EC70000000000000000000000000000000000094
:10EC80000000000000000000000000000000000084
:10EC90000000000000000000000000000000000074
:10ECA0000000000000000000000000000000000064
:10ECB0000000000000000000000000000000000054
:10ECC0000000000000000000000000000000000044
:10ECD0000000000000000000000000000000000034
:10ECE0000000000000000000000000000000000024
:10ECF0000000000000000000000000000000000014
:10ED00000000000000000000000000000000000003
:10ED100000000000000000000000000000000000F3
:10ED200000000000000000000000000000000000E3
:10ED300000000000000000000000000000000000D3
:10ED400000000000000000000000000000000000C3
:10ED500000000000000000000000000000000000B3
:10ED600000000000000000000000000000000000A3
:10ED70000000000000000000000000000000000093
:10ED80000000000000000000000000000000000083
:10ED90000000000000000000000000000000000073
:10EDA0000000000000000000000000000000000063
:10EDB0000000000000000000000000000000000053
:10EDC0000000000000000000000000000000000043
:10EDD0000000000000000000000000000000000033
:10EDE0000000000000000000000000000000000023
:10EDF0000000000000000000000000000000000013
:10EE00000000000000000000000000000000000002
:10EE100000000000000000000000000000000000F2
:10EE200000000000000000000000000000000000E2
:10EE300000000000000000000000000000000000D2
:10EE400000000000000000000000000000000000C2
:10EE500000000000000000000000000000000000B2
:10EE600000000000000000000000000000000000A2
:10EE70000000000000000000000000000000000092
:10EE80000000000000000000000000000000000082
:10EE90000000000000000000000000000000000072
:10EEA0000000000000000000000000000000000062
:10EEB0000000000000000000000000000000000052
:10EEC0000000000000000000000000000000000042
:10EED0000000000000000000000000000000000032
:10EEE0000000000000000000000000000000000022
:10EEF0000000000000000000000000000000000012
:10EF00000000000000000000000000000000000001
:10EF100000000000000000000000000000000000F1
:10EF200000000000000000000000000000000000E1
:10EF300000000000000000000000000000000000D1
:10EF400000000000000000000000000000000000C1
:10EF500000000000000000000000000000000000B1
:10EF600000000000000000000000000000000000A1
:10EF70000000000000000000000000000000000091
:10EF80000000000000000000000000000000000081
:10EF90000000000000000000000000000000000071
:10EFA0000000000000000000000000000000000061
:10EFB0000000000000000000000000000000000051
:10EFC0000000000000000000000000000000000041
:10EFD0000000000000000000000000000000000031
:10EFE0000000000000000000000000000000000021
:10EFF0000000000000000000000000000000000011
:10F000000000000000000000000000000000000000
:10F0100000000000000000000000000000000000F0
:10F0200000000000000000000000000000000000E0
:10F0300000000000000000000000000000000000D0
:10F0400000000000000000000000000000000000C0
:10F0500000000000000000000000000000000000B0
:10F0600000000000000000000000000000000000A0
:10F070000000000000000000000000000000000090
:10F080000000000000000000000000000000000080
:10F090000000000000000000000000000000000070
:10F0A0000000000000000000000000000000000060
:10F0B0000000000000000000000000000000000050
:10F0C0000000000000000000000000000000000040
:10F0D0000000000000000000000000000000000030
:10F0E0000000000000000000000000000000000020
:10F0F0000000000000000000000000000000000010
:10F1000000000000000000000000000000000000FF
:10F1100000000000000000000000000000000000EF
:10F1200000000000000000000000000000000000DF
:10F1300000000000000000000000000000000000CF
:10F1400000000000000000000000000000000000BF
:10F1500000000000000000000000000000000000AF
:10F16000000000000000000000000000000000009F
:10F17000000000000000000000000000000000008F
:10F18000000000000000000000000000000000007F
:10F19000000000000000000000000000000000006F
:10F1A000000000000000000000000000000000005F
:10F1B000000000000000000000000000000000004F
:10F1C000000000000000000000000000000000003F
:10F1D000000000000000000000000000000000002F
:10F1E000000000000000000000000000000000001F
:10F1F000000000000000000000000000000000000F
:10F2000000000000000000000000000000000000FE
:10F2100000000000000000000000000000000000EE
:10F2200000000000000000000000000000000000DE
:10F2300000000000000000000000000000000000CE
:10F2400000000000000000000000000000000000BE
:10F2500000000000000000000000000000000000AE
:10F26000000000000000000000000000000000009E
:10F27000000000000000000000000000000000008E
:10F28000000000000000000000000000000000007E
:10F29000000000000000000000000000000000006E
:10F2A000000000000000000000000000000000005E
:10F2B000000000000000000000000000000000004E
:10F2C000000000000000000000000000000000003E
:10F2D000000000000000000000000000000000002E
:10F2E000000000000000000000000000000000001E
:10F2F000000000000000000000000000000000000E
:10F3000000000000000000000000000000000000FD
:10F3100000000000000000000000000000000000ED
:10F3200000000000000000000000000000000000DD
:10F3300000000000000000000000000000000000CD
:10F3400000000000000000000000000000000000BD
:10F3500000000000000000000000000000000000AD
:10F36000000000000000000000000000000000009D
:10F37000000000000000000000000000000000008D
:10F38000000000000000000000000000000000007D
:10F39000000000000000000000000000000000006D
:10F3A000000000000000000000000000000000005D
:10F3B000000000000000000000000000000000004D
:10F3C000000000000000000000000000000000003D
:10F3D000000000000000000000000000000000002D
:10F3E000000000000000000000000000000000001D
:10F3F000000000000000000000000000000000000D
:10F4000000000000000000000000000000000000FC
:10F4100000000000000000000000000000000000EC
:10F4200000000000000000000000000000000000DC
:10F4300000000000000000000000000000000000CC
:10F4400000000000000000000000000000000000BC
:10F4500000000000000000000000000000000000AC
:10F46000000000000000000000000000000000009C
:10F47000000000000000000000000000000000008C
:10F48000000000000000000000000000000000007C
:10F49000000000000000000000000000000000006C
:10F4A000000000000000000000000000000000005C
:10F4B000000000000000000000000000000000004C
:10F4C000000000000000000000000000000000003C
:10F4D000000000000000000000000000000000002C
:10F4E000000000000000000000000000000000001C
:10F4F000000000000000000000000000000000000C
:10F5000000000000000000000000000000000000FB
:10F5100000000000000000000000000000000000EB
:10F5200000000000000000000000000000000000DB
:10F5300000000000000000000000000000000000CB
:10F5400000000000000000000000000000000000BB
:10F5500000000000000000000000000000000000AB
:10F56000000000000000000000000000000000009B
:10F57000000000000000000000000000000000008B
:10F58000000000000000000000000000000000007B
:10F59000000000000000000000000000000000006B
:10F5A000000000000000000000000000000000005B
:10F5B000000000000000000000000000000000004B
:10F5C000000000000000000000000000000000003B
:10F5D000000000000000000000000000000000002B
:10F5E000000000000000000000000000000000001B
:10F5F000000000000000000000000000000000000B
:10F6000000000000000000000000000000000000FA
:10F6100000000000000000000000000000000000EA
:10F6200000000000000000000000000000000000DA
:10F6300000000000000000000000000000000000CA
:10F6400000000000000000000000000000000000BA
:10F6500000000000000000000000000000000000AA
:10F66000000000000000000000000000000000009A
:10F67000000000000000000000000000000000008A
:10F68000000000000000000000000000000000007A
:10F69000000000000000000000000000000000006A
:10F6A000000000000000000000000000000000005A
:10F6B000000000000000000000000000000000004A
:10F6C000000000000000000000000000000000003A
:10F6D000000000000000000000000000000000002A
:10F6E000000000000000000000000000000000001A
:10F6F000000000000000000000000000000000000A
:10F7000000000000000000000000000000000000F9
:10F7100000000000000000000000000000000000E9
:10F7200000000000000000000000000000000000D9
:10F7300000000000000000000000000000000000C9
:10F7400000000000000000000000000000000000B9
:10F7500000000000000000000000000000000000A9
:10F760000000000000000000000000000000000099
:10F770000000000000000000000000000000000089
:10F780000000000000000000000000000000000079
:10F790000000000000000000000000000000000069
:10F7A0000000000000000000000000000000000059
:10F7B0000000000000000000000000000000000049
:10F7C0000000000000000000000000000000000039
:10F7D0000000000000000000000000000000000029
:10F7E0000000000000000000000000000000000019
:10F7F0000000000000000000000000000000000009
:10F8000000000000000000000000000000000000F8
:10F8100000000000000000000000000000000000E8
:10F8200000000000000000000000000000000000D8
:10F8300000000000000000000000000000000000C8
:10F8400000000000000000000000000000000000B8
:10F8500000000000000000000000000000000000A8
:10F860000000000000000000000000000000000098
:10F870000000000000000000000000000000000088
:10F880000000000000000000000000000000000078
:10F890000000000000000000000000000000000068
:10F8A0000000000000000000000000000000000058
:10F8B0000000000000000000000000000000000048
:10F8C0000000000000000000000000000000000038
:10F8D0000000000000000000000000000000000028
:10F8E0000000000000000000000000000000000018
:10F8F0000000000000000000000000000000000008
:10F9000000000000000000000000000000000000F7
:10F9100000000000000000000000000000000000E7
:10F9200000000000000000000000000000000000D7
:10F9300000000000000000000000000000000000C7
:10F9400000000000000000000000000000000000B7
:10F9500000000000000000000000000000000000A7
:10F960000000000000000000000000000000000097
:10F970000000000000000000000000000000000087
:10F980000000000000000000000000000000000077
:10F990000000000000000000000000000000000067
:10F9A0000000000000000000000000000000000057
:10F9B0000000000000000000000000000000000047
:10F9C0000000000000000000000000000000000037
:10F9D0000000000000000000000000000000000027
:10F9E0000000000000000000000000000000000017
:10F9F0000000000000000000000000000000000007
:10FA000000000000000000000000000000000000F6
:10FA100000000000000000000000000000000000E6
:10FA200000000000000000000000000000000000D6
:10FA300000000000000000000000000000000000C6
:10FA400000000000000000000000000000000000B6
:10FA500000000000000000000000000000000000A6
:10FA60000000000000000000000000000000000096
:10FA70000000000000000000000000000000000086
:10FA80000000000000000000000000000000000076
:10FA90000000000000000000000000000000000066
:10FAA0000000000000000000000000000000000056
:10FAB0000000000000000000000000000000000046
:10FAC0000000000000000000000000000000000036
:10FAD0000000000000000000000000000000000026
:10FAE0000000000000000000000000000000000016
:10FAF0000000000000000000000000000000000006
:10FB000000000000000000000000000000000000F5
:10FB100000000000000000000000000000000000E5
:10FB200000000000000000000000000000000000D5
:10FB300000000000000000000000000000000000C5
:10FB400000000000000000000000000000000000B5
:10FB500000000000000000000000000000000000A5
:10FB60000000000000000000000000000000000095
:10FB70000000000000000000000000000000000085
:10FB80000000000000000000000000000000000075
:10FB90000000000000000000000000000000000065
:10FBA0000000000000000000000000000000000055
:10FBB0000000000000000000000000000000000045
:10FBC0000000000000000000000000000000000035
:10FBD0000000000000000000000000000000000025
:10FBE0000000000000000000000000000000000015
:10FBF0000000000000000000000000000000000005
:10FC000000000000000000000000000000000000F4
:10FC100000000000000000000000000000000000E4
:10FC200000000000000000000000000000000000D4
:10FC300000000000000000000000000000000000C4
:10FC400000000000000000000000000000000000B4
:10FC500000000000000000000000000000000000A4
:10FC60000000000000000000000000000000000094
:10FC70000000000000000000000000000000000084
:10FC80000000000000000000000000000000000074
:10FC90000000000000000000000000000000000064
:10FCA0000000000000000000000000000000000054
:10FCB0000000000000000000000000000000000044
:10FCC0000000000000000000000000000000000034
:10FCD0000000000000000000000000000000000024
:10FCE0000000000000000000000000000000000014
:10FCF0000000000000000000000000000000000004
:10FD000000000000000000000000000000000000F3
:10FD100000000000000000000000000000000000E3
:10FD200000000000000000000000000000000000D3
:10FD300000000000000000000000000000000000C3
:10FD400000000000000000000000000000000000B3
:10FD500000000000000000000000000000000000A3
:10FD60000000000000000000000000000000000093
:10FD70000000000000000000000000000000000083
:10FD80000000000000000000000000000000000073
:10FD90000000000000000000000000000000000063
:10FDA0000000000000000000000000000000000053
:10FDB0000000000000000000000000000000000043
:10FDC0000000000000000000000000000000000033
:10FDD0000000000000000000000000000000000023
:10FDE0000000000000000000000000000000000013
:10FDF0000000000000000000000000000000000003
:10FE0000313600000000000000000000000000008B
:10FE100010000000010000000024F400D886000853
:10FE20000800000019610008C16000088F5F000829
:10FE3000D9620008396E00080000000000000000D0
:04FE400000000000BE
:040000050800018965
:00000001FF
