:020000040801F1
:1000000088940120C90301088D110108931101088A
:1000100095110108971101089911010800000000CD
:10002000000000000000000000000000D5020108F0
:100030009B11010800000000310301080D3A03087C
:10004000E3030108E3030108E3030108E3030108F4
:10005000E30301089D110108E3030108E30301081C
:10006000E3030108E3030108E3030108E3030108D4
:10007000E3030108E3030108E3030108E3030108C4
:100080009F110108E3030108A5110108E30301081A
:10009000E3030108E3030108E3030108E3030108A4
:1000A000E3030108AB110108E3030108E3030108BE
:1000B000E3030108E3030108E3030108E303010884
:1000C000E3030108E3030108E3030108E303010874
:1000D000E3030108E3030108E3030108E303010864
:1000E000E3030108E3030108E3030108E303010854
:1000F000E3030108B1110108E3030108E303010868
:10010000E3030108E3030108E3030108E303010833
:10011000B7110108E3030108BD110108E303010859
:10012000D7110108E3030108E3030108E303010811
:10013000E30301080000000000000000E3030108E1
:10014000E3030108E3030108E3030108DD110108EB
:10015000E3030108E3030108E3030108E3030108E3
:10016000E3030108E3030108E3030108E3030108D3
:10017000E3030108E30301080000000000000000A1
:10018000E3030108E303010800F002F800F092F82D
:100190000AA090E8000C82448344AAF10107DA45E2
:1001A00001D100F087F8AFF2090EBAE80F0013F0A2
:1001B000010F18BFFB1A43F0010318474C700300EE
:1001C0008C7003000A444FF0000C10F8013B13F050
:1001D000070408BF10F8014B1D1108BF10F8015BA0
:1001E000641E05D010F8016B641E01F8016BF9D193
:1001F00013F0080F1EBF10F8014BAD1C0C1B09D1EA
:100200006D1E58BF01F801CBFAD505E014F8016B5B
:1002100001F8016B6D1EF9D59142D6D370470000ED
:10022000103A24BF78C878C1FAD8520724BF30C822
:1002300030C144BF04680C607047000000230024F4
:1002400000250026103A28BF78C1FBD8520728BFE6
:1002500030C148BF0B607047662935F015836429AB
:1002600031F0AE85752931F0AB85782931F0E48520
:10027000632932F0DA83732932F0DF83002070477C
:100280001FB535F0F4FA9DE8030032F0FDF831F0C7
:100290009CFF32F0ADFE04000020002134F0E4FCAD
:1002A000401C60600020002134F0C8FCE0601FBDED
:1002B00010B510BD33F083F91146FFF7E1FF00F0F0
:1002C000EDF833F0D3FB03B4FFF7F2FF03BC02F009
:1002D00019FB00002C4B19680868B0E8F04F80F358
:1002E0000988BFF36F8F4FF0000080F311887047CB
:1002F0000000000008480068006880F308884FF09C
:10030000000080F3148862B661B6BFF34F8FBFF36D
:100310006F8F00DF00BF00BF08ED00E0DFF80C00CA
:10032000016841F470010160704700BF88ED00E092
:10033000EFF30980BFF36F8F134B1A681EF0100F95
:1003400008BF20ED108A20E9F04F106009B44FF08B
:10035000500080F31188BFF34F8FBFF36F8F22F0EF
:100360007CF94FF0000080F3118809BC1968086817
:10037000B0E8F04F1EF0100F08BFB0EC108A80F309
:100380000988BFF36F8F704750C00120EFF30580DD
:10039000704700000B49D1F800C04A685CF8043B84
:1003A0001068184442F8040B8C4528BFA1F1DC0CFE
:1003B0008A4228BFA1F1DC02C1F800C04A6020F0E7
:1003C000004070471CD40120094880470948004775
:1003D000FEE7FEE7FEE7FEE7FEE7FEE7FEE7FEE7F5
:1003E000FEE7FEE704480549054A064B7047000052
:1003F000091301088901010888540120889401200B
:10040000887401208874012072B6FEE730B593B07D
:10041000302107A831F0C6FF142102A831F0C2FF35
:1004200000253F48016841F080510160006800F0FC
:10043000805001903B48016841F4804101600068B0
:1004400000F48040019001200790000408900224ED
:100450000D9480010E9019200F904FF4A870109009
:1004600011940720129007A818F0E6F908B1FFF7D9
:10047000CBFF0F200290039404954FF4A0500590F9
:100480004FF480500690052102A818F0DBFB08B15C
:10049000FFF7BAFF18F0C2FC13B030BD19F05AFFD5
:1004A000FFF7B4FF00F046F800F0BCFA00F028F9BE
:1004B00000F02EFA00F0DCFA00F0C1FB00F0B0FD15
:1004C00000F0C6FD00F0F6F900F03AFB00F061FC28
:1004D00000F080FC00F0D3FC00F094FC00F0F8FB8E
:1004E00024F0C2FE23F09FFA00F0F2F823F0D0FAD5
:1004F000FEE710B504460C492068884201D119F086
:100500005DFF0A492068884201D104F068FA084971
:100510002068884203D1BDE8104003F09DB910BDAA
:1005200040380240007000400010004000200040B1
:10053000004401402DE9F04F87B0142102A831F0AA
:1005400031FF00245A48016841F00401016001684C
:1005500001F004010191016841F08001016001682E
:1005600001F080010191016841F001010160016821
:1005700001F001010191016841F00201016001688F
:1005800001F002010191016841F008010160006879
:1005900000F008000190DFF81C8100224FF61F4197
:1005A000404619F089F9DFF81091002242F6FC016B
:1005B000484619F081F901221103484619F07CF9E7
:1005C000DFF8F8A04FF4807700223946504619F042
:1005D00073F9DFF8ECB000220421584619F06CF9E9
:1005E0004FF60E40029001250395022604960594CD
:1005F00002A9404618F0FAFF029503950495059468
:1006000002A9404618F0F2FF1020029003950494CE
:10061000059402A9404618F0E9FF4FF408700290D3
:100620000394049502A9404618F0E0FF44F201400B
:1006300002900394049502A9484618F0D7FF029649
:100640000394049402A9484618F0D0FF41F28400B4
:10065000029003950495059402A9484618F0C6FF38
:10066000E802029003950494059402A9484618F004
:10067000BDFF42F27800029003950496059402A90A
:10068000484618F0B3FF029703950496059402A913
:10069000504618F0ABFF0420029003950495059492
:1006A00002A9584618F0A2FF07B0BDE8F08F00007D
:1006B00030380240000802400004024000000240BE
:1006C000000C024024F0F2FD012023F0A7FCFBE720
:1006D00010B5084A0021AFF2130023F08AFA064C45
:1006E0002060044A00212432044823F082FA60602A
:1006F00010BD000088590408000000208D02020887
:100700002DE9FF410021009101910291039164487C
:10071000624A02604FF480324260816001240461C9
:10072000047680F82010C1625E4A8262C1600725AB
:10073000C56180F83040416119F06AFF08B1FFF7E8
:1007400063FE0327009701940624029469465448E7
:100750001AF061FB08B1FFF757FE0526009602204C
:10076000019069464E481AF056FB08B1FFF74CFE5F
:100770000094019769464A481AF04DFB08B1FFF70B
:1007800043FE009504200190694645481AF043FB5A
:1007900008B1FFF739FE10200090019669464048E5
:1007A0001AF039FB08B1FFF72FFE112000900194D9
:1007B00069463B481AF02FFB08B1FFF725FE1220CF
:1007C00000900195694636481AF025FB002801D0B3
:1007D000FFF71AFEBDE8FF8170B586B0064614210A
:1007E00001A831F0DFFD2D49306888423CD1002559
:1007F0002D48016841F480710160006800F4807048
:10080000009029481438016841F001010160006836
:1008100000F001000090E820019003200290039571
:1008200001A9224818F0E2FE1D4C214848342060FE
:100830006560A560E5600015206140006061800092
:10084000A061E56125626562204619F0C6F808B12D
:10085000FFF7DAFDB463A66300220521122019F028
:1008600008FC122019F023FC06B070BD10B5044638
:100870000A492068884210D10B48016821F4807130
:100880000160E821094818F083FFA06B19F00DF909
:10089000BDE81040122019F017BC10BD0020014027
:1008A0000CC101200100000F44380240000002404A
:1008B0001064024010B514491248086008461AF046
:1008C00046FF002803D0BDE81040FFF79DBD10BDD6
:1008D00008B500680B49884208D10C48016841F40A
:1008E00080510160006800F48050009008BD0068ED
:1008F0000449884204D10548016821F4805101600F
:1009000070470000003002400800002030380240EC
:100910001CB50024009401943E493D4808600846F7
:100920001AF071FF08B1FFF76FFD142000900194D9
:100930000022694637481BF0DBF8002801D0FFF79A
:1009400063FD1CBD70B586B00546142101A831F0C9
:1009500029FD2F492868884240D100262E48016889
:1009600041F000510160006800F0005000902A48FA
:100970001038016841F001010160006800F00100D9
:1009800000901020019003200290039601A92348B3
:1009900018F02CFE1F4C2248143420604FF0606089
:1009A00060604020A060E66000012061400060615E
:1009B0008000A0614011E06126626662204619F065
:1009C0000CF808B1FFF720FDAC60A56300220F21F1
:1009D000362019F04EFB362019F069FB06B070BDC9
:1009E00010B504460A492068884210D10A480168B7
:1009F00021F0005101601021084818F0C9FEA068DC
:100A000019F053F8BDE81040362019F05DBB10BD59
:100A100000740040F4000020403802400000024012
:100A20008860024008B51148016841F40011016076
:100A3000016801F400110091016841F48001016036
:100A4000006800F48000009000220521102019F0B9
:100A500010FB102019F02BFB00220521382019F083
:100A600008FBBDE80840382019F021BB30380240AF
:100A700010B52F482D4901602E4941600021816049
:100A8000C1604FF48042026141618161C1610162D4
:100A90001BF017F9002803D0BDE81040FFF7B4BCE5
:100AA00010BD10B586B00446142101A831F07AFCBF
:100AB0001E492068884220D11F48016841F0020188
:100AC0000160006800F0020000904FF44070019057
:100AD000122002900120039004900420059001A9A7
:100AE000164818F083FD14481030016841F40011D5
:100AF0000160006800F40010009006B010BD10B551
:100B000000680A49884210D10B481030016821F46E
:100B100000110160094C8115204618F039FE61155D
:100B20002046BDE8104018F033BE10BD0054004010
:100B3000B4C10120A0860100303802400004024008
:100B400010B514491248086008461EF0EAFD002856
:100B500003D0BDE81040FFF757BC10BD08B50068D2
:100B60000B49884208D10C48016841F040010160FE
:100B7000006800F04000009008BD00680449884209
:100B800004D10548016821F0400101607047000070
:100B90000008065008C201203438024030B587B042
:100BA0000446142102A831F0FDFB20680022F74919
:100BB00002234FF40044B0F1804F17D0F44DA84207
:100BC00027D1086840F004000860086800F00400BD
:100BD00001904FF4E0700290039304920592069303
:100BE00002A9EC4818F002FD07B030BD086840F0DB
:100BF00001000860086800F001000190029403936E
:100C0000049305920120069002A9E34818F0EEFC37
:100C1000EAE7E24DA842E7D1086840F00200086028
:100C2000086800F002000190029403930492059278
:100C30000920069002A9DA4818F0D8FCD4E730B5AC
:100C40008DB0002409940A940B940C940794089492
:100C50001C21684631F0A6FBD2484FF0804101606C
:100C600060254560846041F28831C1600461802163
:100C7000816111F05EFB08B1FFF7C6FB4FF48050B5
:100C8000099009A9C74814F078FA08B1FFF7BCFB2E
:100C9000C44812F076F808B1FFF7B6FB0794089441
:100CA00007A9C04815F0D3FC08B1FFF7ADFB0095CC
:100CB00001940294049400226946BA4813F044FE59
:100CC00008B1FFF7A1FBB748FFF768FF0DB030BDD3
:100CD00010B58EB000240A940B940C940D940894D3
:100CE00009941C2101A831F05DFBAE48A8494830A9
:100CF00001604FF49651416084606421C1600461D9
:100D00008021816111F015FB08B1FFF77DFB4FF4E5
:100D100080500A90A3480AA9483014F02EFA08B16E
:100D2000FFF772FB9F48483012F02BF808B1FFF72D
:100D30006BFB089409949B4808A9483015F087FC80
:100D400008B1FFF761FB60200190029403940594C1
:100D50009448002201A9483013F0F6FD08B1FFF7CE
:100D600053FB9048042201A9483013F0EDFD08B16F
:100D7000FFF74AFB8B48082201A9483013F0E4FD35
:100D800008B1FFF741FB87484830FFF707FF0EB077
:100D900010BD1CB500240094019482488249903013
:100DA00001600A21416084601E21C160802181614F
:100DB00011F0BFFA08B1FFF727FB20200090019443
:100DC00078486946903015F042FC002801D0FFF7C2
:100DD0001BFB1CBD10B573487449D8300160A821B5
:100DE0004160002181604FF47A72C260016180210C
:100DF000816111F09EFA002803D0BDE81040FFF792
:100E000003BB10BD10B58CB00024089409940A945B
:100E10000B941C2101A831F0C5FA65485F490160B7
:100E20002321416084606421C1600461802181616B
:100E300011F07FFA08B1FFF7E7FA4FF480500890FD
:100E400008A95B4814F099F908B1FFF7DDFA584892
:100E500011F097FF08B1FFF7D7FA602001900294D4
:100E600003940594042201A9514813F06DFD08B1C3
:100E7000FFF7CAFA4E48FFF791FE0CB010BD10B54F
:100E80004B484C4948300160542141600021816049
:100E90004FF47A72C26001618021816111F049FAD8
:100EA000002803D0BDE81040FFF7AEBA10BD08B56A
:100EB000364900681031B0F1804F0BD0344A90426F
:100EC00011D1086840F002000860086800F00200D4
:100ED000009008BD086840F001000860086800F054
:100EE0000100009008BD304A904208D1086840F0E7
:100EF00020000860086800F02000009008BD2B4A20
:100F0000904213D121481430016841F4003101604E
:100F1000006800F40030009000220521192019F02B
:100F2000A8F8BDE80840192019F0C1B81B4A904242
:100F300008D1086840F040000860086800F04000F0
:100F4000009008BD1B4A9042FBD1086840F48070B5
:100F50000860086800F480700090002205212D20B0
:100F600019F087F8BDE808402D2019F0A0B807490E
:100F700000681031B0F1804F1ED0054A904220D158
:100F8000086820F002000860704700003038024016
:100F90000004004000080240000002400018004029
:100FA0000004024018C20120001400400044014027
:100FB00038C3012000200040086820F001000860CC
:100FC000E2E7124A904204D1086820F0200008604D
:100FD000DAE70F4A904207D10E48016821F4003148
:100FE0000160192019F070B80B4A904204D10868CA
:100FF00020F040000860C7E7084A9042C4D1086862
:1010000020F4807008602D2019F05EB800140040B4
:1010100000440140443802400018004000200040D5
:1010200010B55648544901604FF4E1314160002148
:101030008160C16001610C2242618161C1611EF069
:10104000D5FC002803D0BDE81040FFF7DDB910BD86
:1010500010B54A484A49483001604FF4E1314160D7
:1010600000218160C16001610C2242618161C16126
:101070001EF0BCFC002803D0BDE81040FFF7C4B947
:1010800010BD30B587B00446142102A831F08AF9AA
:10109000394D216800243B4A02233B48A94225D10F
:1010A000384910310D6845F400250D60096801F4D8
:1010B00000210191116841F001011160116801F0F6
:1010C00001010191032102910393049305940821E6
:1010D000069102A918F08AFA00220521342018F09E
:1010E000C8FF342018F0E3FF07B030BD244DA942FB
:1010F000FAD1244914310D6845F010050D600968D6
:1011000001F010010191116841F0010111601168B5
:1011100001F0010101914FF4C06102910393049425
:1011200005940721069102A918F060FADCE710B5D2
:10113000114A0168144891420DD1124910310A68D0
:1011400022F400220A60032118F022FBBDE81040BF
:10115000342018F0B9BF0A4A91420BD10949143121
:101160000A6822F010020A60BDE810404FF4C06126
:1011700018F00EBB10BD0000004C004068010020BC
:1011800000100140303802400000024017F0DEFE3F
:10119000FEE7FEE7FEE7FEE7FEE77047704711480F
:1011A00018F010BE104819F060BC104813F068B970
:1011B0000F4813F065B90F481FF026BC10B50E4854
:1011C0000079002802D00C481AF041FCBDE810401C
:1011D0000A4813F055B90A4818F0F4BD094816F04A
:1011E0004BB80000080100200CC10120F0C2012012
:1011F00080C3012068010020F4000020F8010020D5
:1012000054C10120B440012008B51148016841F4DF
:1012100080410160006800F4804000900C48001F8D
:10122000016841F080510160006800F0805000903A
:1012300000220F21901E18F01CFF052100220846F5
:1012400018F017FFBDE80840052018F030BF000077
:101250004438024030B587B005460024254801686F
:1012600041F010010160006800F01000009001A939
:1012700002A817F04FFE0598A8B117F0DAFD40005C
:101280001D49B0FBF1F1491E1D481C4A026040F2A5
:10129000E732C260416004618460846111F049F802
:1012A00004461CB115E017F0C4FDE9E7144811F03D
:1012B000CFF804466CB9362018F0F9FE102D07D28D
:1012C00000222946362018F0D4FE0E48056000E0C2
:1012D000012407B0204630BD09480068C16821F0EC
:1012E0000101C160704706480068C16841F0010112
:1012F000C16070474038024040420F00001000407B
:10130000F801002048C001202248016841F4700122
:1013100001602049204880390860704770B51F4E31
:10132000306800F00C001E4B1E4900280ED01E4DE8
:1013300004280DD008280DD00B6030681B4AC0F37C
:101340000310105C0A68C2400A6070BD0B60F4E7CD
:101350000D60F2E7114A121F1068C0F38054106844
:1013600000F03F0034B1B5FBF0F01368C3F388130D
:10137000584305E0B3FBF0F01368C3F388135843F8
:101380001268C2F30142521C5200B0FBF2F0086036
:10139000D3E7000088ED00E00000010808380240B3
:1013A0000024F40000C0012040787D01D0590408D9
:1013B00070B50022294C2A4D0AE010F8016B2388F1
:1013C00086EA132635F8166086EA03232380521C2A
:1013D0008A42F2D320884FF6FF71484070BD1F4A01
:1013E0001F4B118880EA112033F8100080EA012099
:1013F00080B210804FF6FF714840704717494FF692
:10140000FF700880704715490880704770B500224A
:10141000124C144D09E0865C63685E40F6B255F8E4
:10142000266086EA13236360521C8A42F3D3606805
:10143000C04370BD094A0B4B51684840C0B253F8D5
:10144000200080EA11205060C043704703494FF0EC
:10145000FF304860704701494860704704C0012070
:10146000E8590408E85B0408012080F31388BFF3FF
:101470004F8FFE480168FE4A01F4E06111430160AC
:10148000BFF34F8F00BFFDE77047704710B50446AC
:10149000204600F08EFDF748210904F00F0430F8D3
:1014A00011200123A3401A4320F8112010BD10B5CC
:1014B0000446204600F07DFDEE48210904F00F04AB
:1014C00030F811200123A3409A4320F8112010BDC9
:1014D00010B50446204600F06CFDE649200931F9BC
:1014E000100004F00F01084100F0010018B120467F
:1014F000BDE81040DBE72046BDE81040C6E710B568
:101500000446204600F055FDDA49200931F9100063
:1015100004F00F01084100F0010008B1012010BDE6
:10152000002010BD10B50446204600F042FDD14910
:10153000200931F9100004F00F01084100F001000A
:1015400008B1002010BD012010BD10B50446204692
:1015500000F02FFDC748210930F9112004F00F00D9
:10156000024102F00102C44B33F91110014101F0B4
:10157000010002B108B1002010BD012010BD10B55E
:101580000446204600F015FDBA48210930F9112023
:1015900004F00F00024102F00102B74B33F91110C1
:1015A000014101F001000AB9012801D0002010BD5D
:1015B000012010BD2DE9F041904600F00F020125F9
:1015C00040F244449540AB4F00F58A4300F59366E2
:1015D00004EB1014002913D01846FFF757FF37F912
:1015E0001600404506DB37F81400284327F814009E
:1015F000BDE8F08137F81400A84327F81400F7E796
:101600001846FFF754FF37F81400A84327F81400D2
:10161000002027F81600EBE72DE9F041904644F250
:101620004052831800F00F0201254FF48964954061
:10163000904F00F59B6604EB1014002912D0184659
:10164000FFF724FF37F91600404505DB37F8140093
:10165000284327F81400CBE737F81400A84327F8ED
:101660001400C5E71846FFF722FF37F81400A84317
:1016700027F81400002027F81600B9E710B5044633
:10168000204600F09CFC7B4A002122F8141010BD7B
:1016900070B50546284600F092FC6C1CA0B200F024
:1016A0008EFC7449002021F8150021F8140070BD4B
:1016B00070B505460C46284600F081FC204600F037
:1016C0007EFC6C4830F8141020F8151070BD2DE920
:1016D000F04107460E46384600F071FC7D1CA8B26A
:1016E00000F06DFC304600F06AFC741CA0B200F003
:1016F00066FC604830F8161020F8171030F8141007
:1017000020F8151074E710B55A4B33F9104033F92F
:101710001220944201DB23F8102033F9102033F912
:1017200011108A4201DC23F8101010BD70B5054677
:101730000E46284600F043FC304600F040FC4D4C7D
:101740000020A4F8F00A40F6FF70A4F8F20A40F274
:101750007952511E3046FFF7D6FF34F916000A2899
:1017600040DBB4F9821A454ADFED450A002917DD4E
:10177000128800EE102AB8EE400A20EE201A00EE81
:10178000100AB8EEC00A21EE001A00EE101AB8EEE8
:10179000C00ADFED3C1A60EE211A81EE210A10E04A
:1017A000118800EE101AB8EE400A20EE201A00EE62
:1017B000100AB8EEC00A21EE000A9FED331A20EE9F
:1017C000010A324910EE100A884202D19FED300A18
:1017D0000AE09FED301A70EEC00A20EE011A81EE89
:1017E000200A01E09FED2C0A9FED2C1AC0EE010AA1
:1017F00010EE900A33F0CAFF41EC100B32F008FFF4
:101800009FED271B51EC100B53EC112B33F094FD83
:101810009FED251B53EC112B33F07AFA41EC100BA2
:1018200053EC102B9FED220B51EC100B33F02CFBE3
:101830009FED211B53EC112B33F0BEFE33F036FA33
:1018400000EE100A1E4910EE100A884201DB9FEDDF
:101850001D0A1D4910EE100A884201D39FED1B0A94
:10186000F2EE040A20EE200A32E000000CED00E067
:101870000400FA0540020020B00D00202A7AFF1F64
:1018800000404E45000080450000803900404E4534
:10189000FE23744900E09245CDCCCC3D00401C466F
:1018A000000000E032D9323F000000E0E1796B3FF8
:1018B000000000000000F03F666666666612714038
:1018C0000000C8420000C8420000C8C20000C8C2F0
:1018D000BDEEC00A10EE100A24F8150070BD70B5F8
:1018E00005460E46284600F06AFB304600F067FBCE
:1018F000FE4C0020A4F8F00A40F6FF70A4F8F20AAB
:1019000040F27952511E3046FFF7FDFE34F91600C1
:101910000A2840DBB4F9821AF54A1FED270A00298C
:1019200017DD12881FED291A00EE902AF8EE600AE2
:1019300060EE800A00EE100AB8EEC00A60EE800A7F
:1019400000EE101AB8EEC00A20EE011A80EE810AED
:1019500010E0118800EE901AF8EE600A60EE800A3E
:1019600000EE100AB8EEC00A20EE800A5FED3A0AD7
:1019700020EE200ADF4910EE100A884202D11FED46
:101980003C0A0AE09FEDDC1AC1EE000A1FED3F0A97
:1019900030EEC00A01E01FED400A1FED401AC0EE14
:1019A000010A10EE900A33F0F1FE41EC100B32F018
:1019B0002FFE1FED451B51EC100B53EC112B33F098
:1019C000BBFC1FED471B53EC112B33F0A1F941EC8D
:1019D000100B53EC102B1FED4A0B51EC100B33F096
:1019E00053FA1FED4B1B53EC112B33F0E5FD33F095
:1019F0005DF900EE100AC14910EE100A884201DBC1
:101A00001FED500ABE4910EE100A884201D31FEDA7
:101A1000510AF2EE040A20EE200ABDEEC00A10EED2
:101A2000100A24F8150070BD30B5B04CB04BB4F9B5
:101A3000822A1FED6D0A2546002A35F9111017DD9F
:101A40001B8800EE903AF8EE600A60EE800A00EE25
:101A5000101AB8EEC00A60EE800A00EE102AB8EE46
:101A6000C00A1FED781A20EE011A80EE810A10E0FC
:101A70001A8800EE902AF8EE600A60EE800A00EE06
:101A8000101AB8EEC00A20EE800A5FED810A20EE3F
:101A9000200ADFED9C0AB0EE041A70EE600A80EEB8
:101AA000810AF3EE090A30EE200A944A10EE101A69
:101AB000914201DB1FED7D0A934A10EE101A91420C
:101AC00001D3BBEE090AF2EE040A20EE200ABDEEB5
:101AD000C00A10EE101A24F8101030BD834931F8F6
:101AE0001020521C21F810207047804A47F6FF73DF
:101AF00032F91010994202DA491C22F8101070478E
:101B00007A4931F81020521E21F810207047774A88
:101B100032F9101011F5004F02DD491E22F81010A5
:101B20007047724901EB40000168491C0160704731
:101B30006E4901EB40006FF000420168914201D014
:101B4000491C01607047694901EB40000168491E6A
:101B500001607047654901EB40000168B1F1004F39
:101B600001DD491E01607047604B33F8100033F807
:101B70001110084423F8120070475C4B33F9100031
:101B800033F91110084447F6FF71884200DB08461C
:101B90005E49884200DC084623F812007047534B28
:101BA00053F8100053F81110084443F8120070471E
:101BB00030B54E4B53F8100053F811100844C117BC
:101BC0006FF00044041B71F1000402DB6FF0004071
:101BD00000210C464FF00045E9172D1AA14101DB09
:101BE0004FF0004043F8120030BD30B53F4B53F882
:101BF000100053F811100844C1176FF00044041B83
:101C000071F1000402DB6FF0004000210C464FF040
:101C10000045E9172D1AA14101DB4FF0004043F8C0
:101C2000120030BD314B33F8100033F81110401A58
:101C300023F8120070472D4B33F9100033F91110BF
:101C4000401A47F6FF71884200DB08462F49884258
:101C500000DC084623F812007047244A52F81000AE
:101C600052F81110401AC1176FF00042821A71F138
:101C7000000202DB6FF0004000214FF00043DA1752
:101C8000181A8A417047194B33F8100033F81110B5
:101C900010FB01F023F812007047144B33F81000CA
:101CA00033F8111010FB01F047F6FF71884200DB9A
:101CB00008461649884200DC084623F8120070479F
:101CC00010B50A4B441C33F81440240433F91000B7
:101CD00020434C1C33F81440240433F911102143E1
:101CE000484323F812000014521C11E04002002067
:101CF0002A7AFF1F00E09245F0A96C4B0000C84211
:101D00000000C8C200003E440000C8C10080FFFFC0
:101D100023F8120010BD70B500240023844D35F95E
:101D2000111005E0C61835F9166034445B1C9BB2EF
:101D30009942F7DC45F8124070BDF0B5002300244D
:101D40007B4D35F9116008E0C11835F91170A742D3
:101D500001DD35F811405B1C9BB29E42F4DC25F896
:101D60001240F0BDF0B500230024714D35F911602B
:101D700008E0C11835F91170A74201DD35F81140AE
:101D80005B1C9BB29E42F4DC25F81240F0BD70B59E
:101D900000230024664D35F9116007E0C11835F9BC
:101DA0001110A14200DD0C465B1C9BB29E42F5DC8B
:101DB00025F8124070BD70B5002300245C4D35F944
:101DC000116007E0C11835F91110A14200DD0C4681
:101DD0005B1C9BB29E42F5DC25F8124070BD544A54
:101DE00032F91110002902DB22F810107047494225
:101DF00022F8101070474E4A32F91110002902DB08
:101E000022F810107047494222F810107047484BD2
:101E100033F81110CAB2C1F30721114323F810108F
:101E2000704770B50023424C07E0CD18C61834F84F
:101E3000155024F816505B1C9BB29342F5D370BD2D
:101E400010B500F0B4F800F016F9BDE8104000F04D
:101E5000ADB810B500F0ABF800F03EF9BDE81040A9
:101E600000F0A4B810B500F0A2F800F0ADF8BDE89D
:101E7000104000F09BB810B500F099F800F0D1F9CF
:101E8000BDE8104000F092B810B5044600F08FF89D
:101E90001F2C00DD1F24002C00DA0024254880229E
:101EA00000EBC4114FF4087000EBC41080B200F0D6
:101EB0003BFE214B40F2ED1220A126A02FF010FF97
:101EC000BDE8104000F072B810B500F070F800F0F6
:101ED00089F9BDE8104000F069B870472DE9F0417C
:101EE00006460F4624A02FF0FBFE29482FF0F8FEEF
:101EF00028482FF0F5FE26F00F040D4D3E4413E068
:101F0000200704D124F00F0123A02FF0E9FE35F9BA
:101F1000141023A02FF0E4FEE043000702D122A01A
:101F20002FF0DEFE641CA4B2A642E9D8BDE8F08121
:101F30004002002020190020E85F04082E2E5C2EAD
:101F40002E5C73506C635C73506C6346756E2E63CD
:101F50000000000025732C25642C25733A736176EC
:101F600065204F6E65204644204E5652414D2064F8
:101F70006F6E652E2E2E0A004E5652414D204D4555
:101F80004D4F5259205441424C453A0A000000003E
:101F9000E46C04083C6D04082535643A0000000038
:101FA0002C253034580000000A00000070477047AC
:101FB000FEE745F67F31884200D9FEE77047B0F56D
:101FC000B76F00D3FEE770477FB54FF437663146F1
:101FD000F54830F0C5F94022F349002000F052FDE9
:101FE00003A941F6645000F0D9FC1022EE49EF48F5
:101FF00019F0EEFB0546EC494FF4806240310C4687
:10200000202000F03FFD02A941F6685000F0C6FC18
:102010004FF480722146E54819F0DAFB0446E249A4
:10202000324601F5376030F01CF90398CDE9000520
:10203000DF4B4322DFA1E4A02FF052FE0298CDE94E
:102040000004DB4B4422DBA1ECA02FF049FE0398F7
:10205000A84209D00298A04206D0D54B4622D5A16D
:10206000F3A02FF03DFE7FBDD14B4922D1A1F9A0B5
:102070002FF036FE7FBD1FB54022CB49002000F077
:1020800053FD1022C849C94819F0A2FB039003A9C7
:1020900041F6645000F0D8FCC3494FF480624031EF
:1020A0000C46202000F040FD4FF480722146BF48CE
:1020B00019F08EFB029002A941F6685000F0C4FCB2
:1020C000DDE90210BA4BCDE900010E335622B9A169
:1020D000E8A02FF005FE1FBD2DE9FE4F0026B24DF2
:1020E00005F53767002428783978884205D02946D5
:1020F000204600F070FC46F0FF066D1C7F1C641C3F
:10210000A4B2402CEFD356B11022A749A74819F02A
:102110005FFB029002A941F6645000F095FC002795
:10212000A14D4035AA4605F5376800244FF4806973
:10213000287898F80010884207D004F1200080B277
:10214000294600F048FC47F0FF076D1C08F1010824
:10215000641CA4B24C45EBD35FB14FF4807251467E
:10216000924819F035FB019001A941F6685000F042
:102170006BFC8D494FF4376201F5376030F071F830
:1021800046B102988A4B00901C337F2289A1C8A0D7
:102190002FF0A6FD002F08D00198854B00901C332E
:1021A000822284A1CFA02FF09BFDBDE8FE8F10B549
:1021B000FFF7FDFE022000F03FFD4FF4376421469B
:1021C000794830F0CDF82146D34830F0C9F8FFF710
:1021D000EDFE774BBDE810402C338B2275A1CFA0CC
:1021E0002FF07EBD10B5FFF7E2FE4FF48052D349C9
:1021F0004FF4087000F046FCFFF7D8FE40B16C4B7E
:10220000BDE810403B3393226AA1CDA02FF068BDFA
:10221000674BBDE810403B33962266A1D1A02FF05A
:102220005FBD10B5FFF7C3FE4FF48052C3494FF4B2
:10223000087000F079FC38B15D4B9E2249335DA1F6
:10224000D0A02FF04DFD06E0594BA122493359A1F2
:10225000D4A02FF045FDBDE81040A7E610B5FFF76C
:10226000A6FE032000F0E8FC4FF48051B34830F0A4
:1022700077F84F4BA92257334EA1D2A02FF030FD53
:10228000BDE8104092E610B5FFF791FE052000F082
:10229000D3FC474BAF22663346A1CAA02FF020FDE6
:1022A000BDE8104082E610B5FFF781FE062000F081
:1022B000C3FC3F4BB5227C333EA1CBA02FF010FDD9
:1022C000BDE8104072E62DE9F04145F28260FFF76B
:1022D0003CF9002866D045F2B1684046FFF70FF997
:1022E000314D45F2B06747F6FF76002448B1A5F8B6
:1022F000A86AA5F8A64A4046FFF7D9F83846FFF77E
:10230000D6F8B5F9A81AB5F9A60A81420CDB05F58D
:102310002A652C8128886880A888E880A5F52A6528
:102320003846FFF7B3F80DE0B5F9A20A814206D1AD
:10233000491CA5F8A81A3846FFF7B9F802E0491C6D
:10234000A5F8A81A45F2B3684046FFF7D8F845F259
:10235000B26748B1A5F8B26AA5F8B04A4046FFF79F
:10236000A6F83846FFF7A3F8B5F9B21AB5F9B00ADE
:1023700081420CDB05F6AA252C8128886880A88874
:10238000E880A5F6AA253846FFF780F841E1B5F9BF
:10239000AC0A814207D1491CA5F8B21A3846FFF7AA
:1023A00086F836E19BE131E1400200200800002080
:1023B000F25F04082E2E5C2E2E5C73506C635C73EF
:1023C000506C632E6300000025732C25642C25734C
:1023D0003A4D52204550524F4D204352433A3078A7
:1023E000253038582C4D522043414C432043524312
:1023F0003A3078253038580A0000000025732C2523
:10240000642C25733A444D204550524F4D20435281
:10241000433A3078253038582C444D2043414C43C2
:10242000204352433A3078253038580A00000000E3
:1024300025732C25642C25733A6C6F6164204E56ED
:1024400052414D20637263206661696C2E2E2E0A04
:102450000000000025732C25642C25733A6C6F61F5
:1024600064204E5652414D20646F6E652E2E2E0A0A
:102470000000000025732C25642C25733A736176C7
:1024800065204E5652414D20646F6E652E2E2E28CB
:102490004D52204352433A3078253038582C444D21
:1024A000204352433A307825303858290A0000003A
:1024B00025732C25642C25733A757064617465202E
:1024C0004D52204E5652414D20646F6E652E2E2E79
:1024D000284D52204352433A307825303858290A43
:1024E0000000000025732C25642C25733A75706458
:1024F00061746520444D204E5652414D20646F6EEC
:10250000652E2E2E28444D204352433A30782530F4
:102510003858290A00000000B00D002025732C2532
:10252000642C25733A636C656172204E5652414D9E
:1025300020646F6E652E2E2E0A00000020190020E8
:1025400025732C25642C25733A6C6F6164204644F6
:10255000204E5652414D20637263206661696C21A2
:1025600021210A0025732C25642C25733A6C6F6198
:1025700064204644204E5652414D20646F6E652EB5
:102580002E2E0A0025732C25642C25733A73617650
:1025900065204644204E5652414D206661696C2E9E
:1025A0002E2E0A0025732C25642C25733A73617630
:1025B00065204644204E5652414D20646F6E652E74
:1025C0002E2E0A0025732C25642C25733A636C6526
:1025D0006172204644204E5652414D20646F6E6514
:1025E0002E2E2E0A0000000025732C25642C257346
:1025F0003A636C65617220646576696365206C6F0F
:102600006720646F6E652E2E2E0A0000491CA5F807
:10261000B21A45F2B5684046FEF771FF45F2B4675D
:1026200048B1A5F8BC6AA5F8B04A4046FEF73FFF9E
:102630003846FEF73CFFB5F9BC1AB5F9BA0A814233
:102640000CDB05F6B4252C8128886880A888E880F2
:10265000A5F6B4253846FEF719FF0DE0B5F9B60A20
:10266000814206D1491CA5F8BC1A3846FEF71FFF67
:1026700002E0491CA5F8BC1A45F2B7684046FEF7CF
:102680003EFF45F2B66748B1A5F8C66AA5F8C44A48
:102690004046FEF70CFF3846FEF709FFB5F9C61AAB
:1026A000B5F9C40A81420BDB05F6BE252C812888CA
:1026B0006880A888E8803846BDE8F041FEF7E6BEAD
:1026C000B5F9C00A814207D1491CA5F8C61A384697
:1026D000BDE8F041FEF7EBBE491CA5F8C61ABDE8FF
:1026E000F08138B5614B40F21112AFF2383160A081
:1026F0002FF0F6FA00F058FA0EF01FFA05F085FCFC
:10270000FFF762FCFFF76EFD01F098FF5F4CA060E1
:1027100001F0A1FFE060A068544B4FF48E72AFF25D
:102720006C3100905AA02FF0DBFAE0684F4B40F27A
:102730001D12AFF2803100905DA02FF0D1FA4FF45E
:10274000AD40FEF7A3FE45F28160FEF79FFE00F06C
:102750000DFE00F0C9FE02F08FFC02F021FA01F03C
:1027600021F802F011F902F08CF80421574810F01A
:10277000B1FB0821554810F0ADFB0021534810F083
:10278000A9FB45F20320FEF792FE514B0A224F4867
:1027900093F93F10002901DD642902DD0168CA6355
:1027A00001E00468E16393F93E10002901DD64292A
:1027B00002DD01688A6301E00468A16393F94010B7
:1027C000002901DD642902DD0068426338BD00682C
:1027D000416338BD70B52D4D0024287800280ED0F7
:1027E00045F28260FEF774FE2C703A4947F6FF729C
:1027F000B1F9CE0A904202DA401CA1F8CE0A6878FC
:1028000020B145F28460FEF763FE6C70A87820B1B9
:1028100045F28560FEF75CFEAC70E87820B145F2C9
:102820008660FEF755FEEC70287920B145F287608E
:10283000FEF74EFE2C71687920B145F28860FEF7F4
:1028400047FE6C7100F09FFDFFF73DFDBDE8704055
:1028500002F0C8B910B500F071FEFFF73DFCBDE80D
:10286000104045F28160FEF722BE0000816004083E
:1028700025732C25642C25733A737461727420417E
:1028800070702E2E2E2E2E2E0A0000001400002016
:1028900025732C25642C25733A626F6F746C6F61FD
:1028A00064206372633A3078253038580A0000009B
:1028B00025732C25642C25733A6170702063726334
:1028C0003A3078253038580A0000000060C20120F4
:1028D000E84F00204002002038B5044600944FF431
:1028E0007A730122694608481DF0F1F9204638BD87
:1028F00008B564230122694603481DF042FA9DF899
:10290000000008BD70477047B001002030B50023BB
:1029100007E0C45CCD5CAC4201D0002030BD5B1C44
:102920009BB29342F5D3012030BD0EB5B0F5005FE8
:1029300001D301200EBD4FF47A720123CDE901329B
:10294000009102461023A121F8481AF021FE002828
:10295000F0D0F64819F07AFABDE80E40F34819F0C5
:10296000B0B90EB5421CB2F5005F01D301200EBD17
:102970004FF47A720223CDE901320091024610230E
:10298000A121EA481AF004FE0028F0D0E74819F027
:102990005DFABDE80E40E54819F093B90EB5C21CCA
:1029A000B2F5005F01D301200EBD4FF47A7204230B
:1029B000CDE90132009102461023A121DB481AF033
:1029C000E7FD0028F0D0D94819F040FABDE80E40E4
:1029D000D64819F076B90EB5B0F5005F01D30120E5
:1029E0000EBD4FF47A720123CDE901320091024607
:1029F0001023A021CD481AF085FC0028F0D0CB4848
:102A000019F024FABDE80E40C84819F05AB90EB5BD
:102A1000421CB2F5005F01D301200EBD4FF47A7263
:102A20000223CDE90132009102461023A021BF48C4
:102A30001AF068FC0028F0D0BC4819F007FABDE88D
:102A40000E40BA4819F03DB90EB5C21C41F6FF73ED
:102A50009A4201D301200EBD4FF47A720423CDE9CE
:102A60000132009102461023A021B0481AF04AFC1E
:102A70000028F0D0AD4819F0E9F9BDE80E40AB48A8
:102A800019F01FB970B588B003460C469D18B5F50E
:102A9000005F02D9012008B070BDD508069502F08C
:102AA000070205920793002104914FF47A750826D6
:102AB00019E0CDE90165BDF81C2010230094A12187
:102AC0009A481AF065FD28B1984819F0BFF997485F
:102AD00019F0F7F8BDF81C10083107910834BDF85B
:102AE0001010491C0491BDF81010BDF81820914237
:102AF000DFD3BDF814100029CDD0BDF81400CDE906
:102B00000105BDF81C2010230094A12187481AF06C
:102B10003FFD0028BFD0854819F098F908B08348D8
:102B2000BDE8704019F0CDB82DE9FE4F06460C46C1
:102B3000B118B1F5005F02D90120BDE8FE8F4FEA60
:102B4000D20802F0070700254FF47A794FF0080AFF
:102B500014E0CDE901A910233246A0217348009466
:102B60001AF0D0FB28B1714819F070F96F4819F0CC
:102B7000A8F80836B6B208346D1CADB24545E8D3A6
:102B8000002FDAD08DE8900210233246A02167484A
:102B90001AF0B8FB0028D0D0644819F057F9BDE806
:102BA000FE4F624819F08DB810B520231F22002176
:102BB0005FA02FF095F84FF40074234640F21F22D7
:102BC000202164A02FF08CF8A30040F61F224FF4C0
:102BD000087169A02FF084F841F66752D11E6FA0EA
:102BE0002FF07EF841F66B52D11E74A02FF078F8CA
:102BF00041F66F52D11E79A02FF072F841F6735250
:102C0000D11E80A02FF06CF841F67752D11E85A01E
:102C10002FF066F8234641F67F724FF4EC5189A0FD
:102C20002FF05EF8BDE81040802341F6FF724FF4AC
:102C3000FC518EA02FF054B8F8B5002100914FF44C
:102C400008744FF4FC554FF4005607280DD2DFE806
:102C500000F00C040D32465B65000024A0B269460A
:102C6000FFF7B9FE641CB442F8D3F8BD0025A8B242
:102C70006946FFF7B0FE6D1C1F2DF8D92025A8B2BC
:102C80006946FFF7A8FE6D1CA542F8D341F66454CF
:102C9000E51CA0B26946FFF79EFE641CAC42F8D961
:102CA00041F66854E51CA0B26946FFF794FE641C27
:102CB000AC42F8D9F8BD4FF42265A0B26946FFF7DF
:102CC0008AFE641CAC42F8D341F66C54E51CA0B2F9
:102CD0006946FFF780FE641CAC42F8D9F8BD41F6A6
:102CE0007054E51CA0B26946FFF775FE641CAC4247
:102CF000F8D941F67454E51CA0B26946FFF76BFEA3
:102D0000641CAC42F8D9F8BD4FF4EC54A0B269464B
:102D1000FFF761FE641CAC42F8D3F8BDA8B2694667
:102D2000FFF759FE6D1CB542F8D3F8BDB4C10120C0
:102D30004D52204550524F4D3A3078253034582D61
:102D40002D2D3078253034582873697A653A2564FA
:102D5000290A0000444D204550524F4D3A30782505
:102D60003034582D2D2D3078253034582873697A19
:102D7000653A2564290A00004644204550524F4DCB
:102D80003A3078253034582D2D2D30782530345870
:102D90002873697A653A2564290A00004D52204358
:102DA0005243204550524F4D3A3078253034582DFB
:102DB0002D2D3078253034580A000000444D204332
:102DC0005243204550524F4D3A3078253034582DDB
:102DD0002D2D3078253034580A0000004644204319
:102DE0005243204550524F4D3A3078253034582DBB
:102DF0002D2D3078253034582C28756E7573652943
:102E00000A0000004D435520435243204550524F85
:102E10004D3A3078253034582D2D2D3078253034EA
:102E2000580A00004C434420435243204550524F1F
:102E30004D3A3078253034582D2D2D3078253034CA
:102E4000580A0000434F4E464947204550524F4DC7
:102E50003A3078253034582D2D2D3078253034589F
:102E60002873697A653A2564290A00004C4F47495E
:102E70004E464F204550524F4D3A30782530345809
:102E80002D2D2D3078253034582873697A653A25F0
:102E900064290A00002205E0835CFF2B01D000209A
:102EA0007047521C8A42F7D3012070472DE9F04742
:102EB000A2B00025B74E3068816841F00101816001
:102EC0000024EA464FF40058B3481CF0B4FC0090CC
:102ED000A0B26946FFF77FFD601C80B20AF10101D4
:102EE000FFF779FDA01C80B20AF10201FFF773FD24
:102EF000E01C80B20AF10301FFF76DFD0122694673
:102F0000A44818F053FC8146241D4445DCD33068A6
:102F1000816841F001018160002401AFA0B201A9E4
:102F2000FFF703FD601C80B2791CFFF7FEFCA01CBC
:102F300080B2B91CFFF7F9FCE01C80B2F91CFFF766
:102F4000F4FC012201A9934818F030FC241D4445EB
:102F5000E4D3484507D1914B4FF4A97290A197A0B3
:102F60002EF0BEFE07E08D4B40F255128CA19FA0C3
:102F70002EF0B6FE00253068816841F001018160C5
:102F8000002485481CF057FC0090A0B26946FFF76A
:102F90003EFDA01C80B20AF10201FFF738FD0122BC
:102FA00069467C4818F002FC8146241D4445E8D35C
:102FB0003068816841F0010181600024A0B201A95C
:102FC000FFF7CFFCA01C80B2B91CFFF7CAFC01229E
:102FD00001A9704818F0EAFB241D4445EED348458A
:102FE00007D16E4B40F267126DA18CA02EF078FED7
:102FF00007E06A4B4FF4B57269A194A02EF070FE01
:1030000000253068816841F001018160002441F6AB
:10301000FC7761481CF00FFC0090A0B26946FFF7F6
:1030200013FD012269465B4818F0C0FB8046241D51
:10303000BC42EED33068816841F001018160002418
:10304000A0B201A9FFF7AAFC012201A9514818F07A
:10305000ADFB241DBC42F3D3404507D14F4B4FF489
:10306000BD724FA185A02EF03BFE07E04B4B40F216
:103070007D124BA18DA02EF033FE00254FF080086D
:103080004FF00009002423E0E2B2402102A82FF013
:103090005FF9402112A82FF085F908EB8416B0B231
:1030A000402202A9FFF740FDB0B2402212A9FFF76B
:1030B000E9FC402212A912A8FFF728FC38B9374BC7
:1030C00040F2891236A185A02EF00AFE0025641C6C
:1030D0004445D9D3FDF75EF9FF2190FBF1F201FBE6
:1030E0001202402102A82FF033F9402112A82FF03C
:1030F00059F9C9F50054A0B24A4602A9FFF714FDD8
:10310000A0B24A4612A9FFF7BDFC402212A912A89C
:10311000FFF7FCFB38B9214B4FF4C97220A16FA017
:103120002EF0DEFD00251D4B40F295121CA175A06E
:103130002EF0D6FD00244FF4CE7942F210761648D8
:103140001CF079FBB0FBF7F107FB110000900422A3
:1031500069464046FFF7E8FC042201A94046FFF714
:1031600091FCDDE90001884206D00C4B4A460CA1D7
:103170006EA02EF0B5FD0025641CB442DFD3074BD2
:103180004FF4D07206A171A02EF0AAFD22B02846FD
:10319000BDE8F0870800002008C201208A6004080A
:1031A0002E2E5C2E2E5C73506C63506F72745C73A9
:1031B000506C634570726F6D2E63000025732C2573
:1031C000642C25733A627974652838626974292001
:1031D00073657175656E7469616C20777269746569
:1031E0002070617373210D0A0000000025732C25E7
:1031F000642C25733A6279746528386269742920D1
:1032000073657175656E7469616C20776972746538
:10321000206661696C210D0A0000000025732C25D1
:10322000642C25733A68776F72642831366269744A
:10323000292073657175656E7469616C2077726998
:1032400074652070617373210D0A000025732C25AD
:10325000642C25733A686F7772642831366269741A
:10326000292073657175656E7469616C2077697268
:103270007465206661696C210D0A000025732C2598
:10328000642C25733A64776F7264283332626974F0
:10329000292073657175656E7469616C2077726938
:1032A00074652070617373210D0A000025732C254D
:1032B000642C25733A64776F7264283332626974C0
:1032C000292073657175656E7469616C2077697208
:1032D0007465206661696C210D0A000025732C2538
:1032E000642C25733A626C6F636B2073657175652E
:1032F0006E7469616C205772697465206661696CCF
:10330000210D0A0025732C25642C25733A626C6FFD
:10331000636B2073657175656E7469616C2057729B
:103320006974652070617373210D0A0025732C2563
:10333000642C25733A72616E646F6D2077726974C4
:1033400065206661696C210D0A00000025732C253B
:10335000642C25733A72616E646F6D2077726974A4
:10336000652070617373210D0A00000010B5802183
:103370004A482EF0F5FFBDE81040494B072249A10D
:103380004FA02EF0ADBC2DE9F041544F4FF48041D9
:10339000384616F08AFA524D404C6FF0070630B1AD
:1033A00094F90010B14210DD491E217013E094F928
:1033B0000010082902DA491C21700CE0B5F8300A27
:1033C00040F00100A5F8300A05E0B5F8300A20F019
:1033D0000100A5F8300A0221384616F066FA30B12D
:1033E00094F90110B14210DD491E617013E094F9A7
:1033F0000110082902DA491C61700CE0B5F8300AA6
:1034000040F00200A5F8300A05E0B5F8300A20F0D7
:103410000200A5F8300A0121384616F046FA30B10C
:1034200094F90200B04210DD401EA07013E094F940
:103430000200082802DA401CA0700CE0B5F8300A3F
:1034400040F00400A5F8300A05E0B5F8300A20F095
:103450000400A5F8300A2021224816F026FA012897
:1034600007D094F90300B04211DD401EE070BDE8C2
:10347000F08194F90300082802DA401CE070F6E7B6
:10348000B5F8300A40F00800A5F8300AEFE7B5F8C3
:10349000300A20F00800A5F8300AE8E7C8C3012088
:1034A000986004082E2E5C2E2E5C73506C63506F57
:1034B00072745C73506C63496F496E2E6300000038
:1034C00025732C25642C25733A696E7075742069F8
:1034D0006E69742E2E2E2E2E2E0A0000000402403D
:1034E000400200200008024010B555490020A1F814
:1034F000400A544C00224FF40061204616F0DCF9DB
:10350000042151480FF0E6FC08214F480FF0E2FC7F
:1035100000214D480FF0DEFC0022A114204616F0D9
:10352000CBF901229102494816F0C6F9BDE81040D6
:10353000474B0D2247A14EA02EF0D2BB2DE9F04102
:103540004FF4A4442046FEF700F818B108213E4885
:103550000FF061FC2046FEF712F818B108213A4836
:103560000FF0B8FC45F201242046FDF7EEFF18B13C
:10357000042135480FF04FFC2046FEF700F818B143
:10358000042131480FF0A6FC45F202242046FDF745
:10359000DCFF18B100212C480FF03DFC2046FDF760
:1035A000EEFF18B1002128480FF094FC45F20326E5
:1035B0003046FDF7CAFF234C4FF4805520B101225D
:1035C0002946204616F078F93046FDF7D8FF20B19D
:1035D00000222946204616F06FF945F204273846A6
:1035E000FDF7B3FF194E4FF4806520B10122294643
:1035F000304616F061F93846FDF7C1FF20B10122CF
:103600002946304616F058F945F206263046FDF7B1
:103610009CFF4FF4006520B101222946204616F098
:103620004BF93046FDF7ABFF002806D0294620466F
:10363000BDE8F041002216F03FB9BDE8F08100007E
:10364000400200200004024060C201200008024045
:10365000A66004082E2E5C2E2E5C73506C63506F97
:1036600072745C73506C63496F4F75742E63000005
:1036700025732C25642C25733A6F7574707574202E
:10368000696E69742E2E2E2E2E2E0A0010B58C4BCC
:103690007F228CA192A02EF023FB974CB4F840001F
:1036A000022807D1B4F94200022803DC1520A4F84F
:1036B000CC0A0BE042F21720FDF721FF18B11420CD
:1036C000A4F8CC0A02E01220A4F8CC0A40F24C4044
:1036D000A4F8CA0AB4F84400A4F8C80A0020A4F860
:1036E000CE0A86498880488148828870C87084499B
:1036F00009684862BDE8104081480EF0A9BE10B5C7
:10370000002800DA00207F49096848637B4C30B10B
:1037100000217C480FF07FFB0120207010BD0021AC
:1037200078480FF0D7FB0020207010BD70B5734CA7
:10373000A07801281DD1744D00220221284616F0E0
:10374000BBF800224FF40051284616F0B5F80022CD
:1037500010216E4816F0B0F867486D49B0F8460081
:1037600091F9411010FB01F000B2FFF7C8FF0020F3
:10377000A07070BD10B5524B97229B1D51A165A042
:103780002EF0AEFA5E480024006844625C480EF0F9
:1037900096FEFFF7CBFF5948848044818470012155
:1037A000C17010BD10B5584C00220221204616F001
:1037B00083F800224FF40051204616F07DF80022D5
:1037C0001021524816F078F80020FFF798FF4B4878
:1037D000002141708180C180018141818181C1814D
:1037E000018241828170C170354BBDE810400C33BD
:1037F000B02234A14DA02EF073BA70B53F4DA87819
:10380000002828D13C4C404E94F8EE04C10704D067
:1038100001220221304616F04FF894F8EE14890781
:1038200009D501225103304616F046F80122102135
:10383000364816F041F894F8EE0410F0050F08D061
:10384000B4F8FA044FF47A7110FB01F000B2FFF7FC
:1038500056FF0120A87070BD10B5284C204694F981
:103860000110B0F90400012922D002291FD100283B
:1038700005DBB4F90610884201DAFFF7BEFFB4F9A0
:103880000400B4F90610884205DBB4F90810884238
:1038900001DAFFF74BFFB4F90400B4F908108842CD
:1038A00002DB4FF0FF30A080A088401CA08010BD3C
:1038B0000028FCD1FFF7A1FFA088401CA08010BD0C
:1038C000B56004082E2E5C2E2E5C73506C63506F16
:1038D00072745C73506C634C617365722E6300008C
:1038E00025732C25642C25733A6C617365722073E3
:1038F00074617274210A00004002002014C001208B
:10390000F0C2012018C20120000802400004024059
:10391000E84F002025732C25642C25733A6C6173C5
:1039200065722073746F70210A00000025732C25C6
:10393000642C25733A6C617365722074696D6572CD
:1039400020696E69742E2E2E2E2E2E0A0000000085
:1039500000204FF47A7100BF00BF00BF00BF00BF5E
:1039600000BF00BF00BF00BF00BF401C8842F2D3B1
:10397000704710B588B01C2101A82EF013FDFF4838
:10398000FD49016000244460846040F61F51C1601D
:10399000046184610FF0F5F9602001904FF4D2606A
:1039A000029003940594002201A9F44810F0CCFF82
:1039B00008B010BD2DE9F04786B00026F04C206815
:1039C00040F001002060206800F001000090ED4F01
:1039D0004FF4805900224946384615F06DFFCDF866
:1039E00004904FF00108CDF8088002250395049655
:1039F00001A9384615F0FAFD00224946384615F06F
:103A00005BFF6420FFF7A4FF01224946384615F00A
:103A100053FF6420FFF79CFF4946384615F0B8FE77
:103A2000206820F001002060206840F04000206005
:103A3000206800F040000090DFF84CA3A71500229A
:103A40003946504615F038FF0197CDF808800395A8
:103A5000049601A9504615F0C9FDC820FFF778FF6C
:103A60004946504615F094FE206820F04000206042
:103A7000201D016821F080010160432016F024FB25
:103A8000432016F001FC06B0BDE8F08710B592B0F7
:103A9000302106A82EF086FC142101A82EF082FC0D
:103AA000BA480024046001210160B948046604603A
:103AB000B3481030026822F080520260026842F07F
:103AC00080520260006800F080500090B1480268A7
:103AD00042F480420260006800F4804000900220BE
:103AE0000690099110200A900C9406A814F0A4FEE8
:103AF00008B1FCF789FC0F200190029403944FF465
:103B0000805004900594002101A815F09BF800282E
:103B100001D0FCF779FC12B010BD10B516F033FCE3
:103B20009D48FCF7E4FE9D48FDF727F89C48FDF70B
:103B30001EFA9248FDF71BFA9A48FDF718FA9A48C0
:103B4000FDF715FA9948FDF712FA9948FDF70FFAB3
:103B50009848FCF7D4FF9848FDF7E9FA9748FDF735
:103B6000E6FA9748FCF782FE9648FCF7EBFE96488B
:103B700027F0E8FAFFF78AFFFFF71CFF62B610BDD7
:103B80001EF09ABC38B50446904DB5F90000A0422D
:103B90001AD0642C00DD6424002C00DA0024834851
:103BA0000068846324B1042180480FF034F903E0F5
:103BB00004217E480FF08EF92C80854BB12285A11F
:103BC0008BA000942EF08CF838BD70B530384FF4CF
:103BD00096754FF4617640F6B8341E2862D2DFE85D
:103BE00010F01E006200A60033017701BB01FF0147
:103BF00043028702CB026100610061006100610045
:103C00006100610011032B0361039703BF03CB0322
:103C1000010429045F047904AF04D7040F050421CB
:103C200056480FF0F8F828461EF046FC0421534889
:103C30000FF050F920461EF03FFC04214F480FF0D2
:103C4000EAF830461EF038FC04214C480FF042F9E7
:103C500020461EF031FC042148480FF0DCF83046C5
:103C60001EF02AFC042145480FF034F920461EF0CE
:103C700023FC042141480FF0CEF830461EF01CFC16
:103C800004213E480FF026F920461EF015FC0421C1
:103C90003A480FF0C0F830461EF00EFC04213748B9
:103CA0000FF018F923E2042134480FF0B4F8284645
:103CB0001EF002FC042131480FF00CF920461EF0E2
:103CC000FBFB04212D480FF0A6F830461EF0F4FB54
:103CD00004212A480FF0FEF820461EF0EDFB0421D7
:103CE00026480FF098F830461EF0E6FB04212348E2
:103CF0000FF0F0F820461EF0DFFB04211F480FF004
:103D00008AF830461EF0D8FB04211C480FF0E2F878
:103D100020461EF0D1FB042118480FF07CF83046F5
:103D20001EF0CAFB042115480FF0D4F8BAE70421AD
:103D300012480FF070F828461EF0BEFB04210F4811
:103D40000FF0C8F820461EF0B7FB04210B480FF017
:103D500062F828461EF0B0FB042108480FF0BAF8BC
:103D600020461EF0A9FB042104480FF054F8304609
:103D70001EF0A2FB042147E00004004060C20120C5
:103D8000303802400000024000180240400E474216
:103D900000004742007000400800002008C20120D7
:103DA00018C20120A8C20120F0C2012038C301209E
:103DB00080C30120B4C10120B001002068010020AF
:103DC0000CC10120F40000204CCB01202800002071
:103DD000CF6004082E2E5C2E2E5C73506C63506FE7
:103DE00072745C73506C634D6973632E63000000E2
:103DF00025732C25642C25733A7365742066616ED7
:103E00003A25640A00000000FD480FF063F82046E0
:103E10001EF052FB0421FA480EF0FDFF30461EF062
:103E20004BFB0421F6480FF055F820461EF044FBEA
:103E30000421F3480EF0EFFF30461EF03DFB042155
:103E4000EF480FF047F8F4E30421ED480EF0E3FFEC
:103E500028461EF031FB0421E9480FF03BF82046CC
:103E60001EF02AFB0421E6480EF0D5FF28461EF07E
:103E700023FB0421E2480FF02DF820461EF01CFB26
:103E80000421DF480EF0C7FF30461EF015FB042169
:103E9000DB480FF01FF820461EF00EFB0421D84827
:103EA0000EF0B9FF30461EF007FB0421D4480FF096
:103EB00011F820461EF000FB0421D1480EF0ABFFA4
:103EC00030461EF0F9FA0421CD480FF003F8B0E3B4
:103ED0000421CB480EF09FFF28461EF0EDFA042186
:103EE000C7480EF0F7FF20461EF0E6FA0421C4484A
:103EF0000EF091FF28461EF0DFFA0421C0480EF0B4
:103F0000E9FF20461EF0D8FA0421BD480EF083FFD9
:103F100030461EF0D1FA0421B9480EF0DBFF2046EE
:103F20001EF0CAFA0421B6480EF075FF28461EF0AE
:103F3000C3FA0421B2480EF0CDFF20461EF0BCFAB1
:103F40000421AF480EF067FF30461EF0B5FA042199
:103F5000AB480EF0BFFF6CE30421A9480EF05BFFF5
:103F600028461EF0A9FA0421A5480EF0B3FF20460A
:103F70001EF0A2FA0421A2480EF04DFF28461EF0C2
:103F80009BFA04219E480EF0A5FF20461EF094FAED
:103F900004219B480EF03FFF28461EF08DFA0421B5
:103FA00097480EF097FF20461EF086FA04219448A9
:103FB0000EF031FF28461EF07FFA042190480EF0E3
:103FC00089FF20461EF078FA04218D480EF023FF69
:103FD00028461EF071FA042189480EF07BFF28E381
:103FE000042187480EF017FF30461EF065FA0421C1
:103FF00083480EF06FFF20461EF05EFA04218048D1
:104000000EF009FF28461EF057FA04217C480EF0F6
:1040100061FF20461EF050FA042179480EF0FBFEA5
:1040200028461EF049FA042175480EF053FF204639
:104030001EF042FA042172480EF0EDFE28461EF0F2
:104040003BFA04216E480EF045FF20461EF034FA7C
:1040500004216B480EF0DFFE28461EF02DFA0421E5
:1040600067480EF037FFE4E2042165480EF0D3FE06
:1040700030461EF021FA042161480EF02BFF204645
:104080001EF01AFA04215E480EF0C5FE30461EF0FE
:1040900013FA04215A480EF01DFF20461EF00CFAB8
:1040A000042157480EF0B7FE28461EF005FA0421F9
:1040B00053480EF00FFF20461EF0FEF90421504831
:1040C0000EF0A9FE28461EF0F7F904214C480EF028
:1040D00001FF20461EF0F0F9042149480EF09BFE36
:1040E00028461EF0E9F9042145480EF0F3FEA0E24F
:1040F000042143480EF08FFE30461EF0DDF9042106
:104100003F480EF0E7FE20461EF0D6F904213C4859
:104110000EF081FE30461EF0CFF9042138480EF033
:10412000D9FE20461EF0C8F9042135480EF073FE72
:1041300030461EF0C1F9042131480EF0CBFE204676
:104140001EF0BAF904212E480EF065FE28461EF036
:10415000B3F904212A480EF0BDFE20461EF0ACF94A
:10416000042127480EF057FE28461EF0A5F9042129
:1041700023480EF0AFFE5CE2042121480EF04BFE16
:1041800030461EF099F904211D480EF0A3FE20468A
:104190001EF092F904211A480EF03DFE30461EF042
:1041A0008BF9042116480EF095FE20461EF084F986
:1041B000042113480EF02FFE30461EF07DF9042135
:1041C0000F480EF087FE20461EF076F904210C48B9
:1041D0000EF021FE30461EF06FF9042108480EF063
:1041E00079FE20461EF068F9042105480EF013FE02
:1041F00028461EF061F9042101480EF06BFE18E21A
:1042000060C201200421FD480EF005FE28461EF084
:1042100053F90421F9480EF05DFE20461EF04CF9DA
:104220000421F6480EF0F7FD30461EF045F9042152
:10423000F2480EF04FFEFCE10421F0480EF0EBFDD9
:1042400030461EF039F90421EC480EF043FE2046BA
:104250001EF032F90421E9480EF0DDFD28461EF07B
:104260002BF90421E5480EF035FE20461EF024F916
:104270000421E2480EF0CFFD28461EF01DF904216E
:10428000DE480EF027FE20461EF016F90421DB481A
:104290000EF0C1FD28461EF00FF90421D7480EF09C
:1042A00019FEC6E10421D5480EF0B5FD30461EF0DA
:1042B00003F90421D1480EF00DFE20461EF0FCF853
:1042C0000421CE480EF0A7FD28461EF0F5F8042183
:1042D000CA480EF0FFFD20461EF0EEF80421C74844
:1042E0000EF099FD30461EF0E7F80421C3480EF0A9
:1042F000F1FD20461EF0E0F80421C0480EF08BFDD1
:1043000028461EF0D9F80421BC480EF0E3FD90E1E8
:104310000421BA480EF07FFD30461EF0CDF804218E
:10432000B6480EF0D7FD20461EF0C6F80421B3486B
:104330000EF071FD28461EF0BFF80421AF480EF0C4
:10434000C9FD20461EF0B8F80421AC480EF063FD0C
:1043500028461EF0B1F80421A8480EF0BBFD68E124
:104360000421A6480EF057FD28461EF0A5F80421AA
:10437000A2480EF0AFFD5CE10421A0480EF04BFD19
:1043800028461EF099F804219C480EF0A3FD204613
:104390001EF092F8042199480EF03DFD28461EF0CB
:1043A0008BF8042195480EF095FD20461EF084F808
:1043B000042192480EF02FFD30461EF07DF80421B6
:1043C0008E480EF087FD20461EF076F804218B48BB
:1043D0000EF021FD28461EF06FF8042187480EF0EC
:1043E00079FD26E1042185480EF015FD30461EF0CA
:1043F00063F8042181480EF06DFD20461EF05CF844
:1044000004217E480EF007FD30461EF055F80421C9
:104410007A480EF05FFD20461EF04EF804217748E2
:104420000EF0F9FC28461EF047F8042173480EF000
:1044300051FDFEE0042171480EF0EDFC28461EF00F
:104440003BF804216D480EF045FD20461EF034F87F
:1044500004216A480EF0DFFC28461EF02DF80421E6
:1044600066480EF037FD20461EF026F8042163480A
:104470000EF0D1FC28461EF01FF804215F480EF014
:1044800029FD20461EF018F804215C480EF0C3FCFC
:1044900028461EF011F8042158480EF01BFDC8E014
:1044A000042156480EF0B7FC28461EF005F80421FA
:1044B00052480EF00FFD20461DF0FEFF04214F482C
:1044C0000EF0A9FC28461DF0F7FF04214B480EF022
:1044D00001FDAEE0042149480EF09DFC28461DF088
:1044E000EBFF042145480EF0F5FC20461DF0E4FFEB
:1044F000042142480EF08FFC30461DF0DDFF042100
:104500003E480EF0E7FC20461DF0D6FF04213B4854
:104510000EF081FC30461DF0CFFF042137480EF02D
:10452000D9FC20461DF0C8FF042134480EF073FC6E
:1045300030461DF0C1FF042130480EF0CBFC78E07E
:1045400004212E480EF067FC30461DF0B5FF042113
:104550002A480EF0BFFC20461DF0AEFF042127487C
:104560000EF059FC28461DF0A7FF042123480EF049
:10457000B1FC20461DF0A0FF042120480EF04BFCAA
:1045800030461DF099FF04211C480EF0A3FC50E0BA
:1045900004211A480EF03FFC28461DF08DFF04212F
:1045A00016480EF097FC20461DF086FF04211348A4
:1045B0000EF031FC30461DF07FFF04210F480EF055
:1045C00089FC20461DF078FF04210C480EF023FCE6
:1045D00028461DF071FF042108480EF07BFC2046A0
:1045E0001DF06AFF042105480EF015FC28461DF059
:1045F00063FF042101480EF06DFC1AE060C2012047
:1046000004211B480EF007FC30461DF055FF042125
:1046100017480EF05FFC20461DF04EFF04211448A1
:104620000EF0F9FB30461DF047FF042110480EF054
:1046300051FC2046BDE870401DF03EBF70B5FCF750
:1046400005FF4FF000640B4D2078FCF7F3FE641C6F
:10465000AC42F9D370BD70B5FCF7F8FE054C641C94
:10466000054D2078FCF7E6FE641CAC42F9D370BD22
:1046700060C20120FFFF0008FFFF0F0838B50446A5
:1046800093480DF0D2FE0021924817F0B4F941F2A0
:104690009410844200DD04464FF4FA70844200DA3C
:1046A000044614F0C6FB400A4000B0FBF4F000EEF4
:1046B000100AB8EE400A864887490160012141602E
:1046C00000248460BCEEC00A10EE101A89B2C160EA
:1046D0000461802181610DF02CFE38B17F4B3522C1
:1046E0007FA187A02DF0FCFAFBF78EFE78480DF035
:1046F0006AFE4FF48073894A00217648009417F0CF
:1047000008F938BD10B5864C2078002806D0012263
:104710005103844815F0D0F80020207010BD10B56A
:104720002DED0A8B642800DD64209FED7FAB9FEDAB
:1047300080BB002800DA002030F097FD9FED7E1B43
:1047400053EC112B30F0A0FB41EC190B53EC1A2B5E
:1047500051EC190B30F0F0FC22D053EC192B51EC3A
:10476000190B30F0E9FD41EC180B9FED75CB51ECC6
:10477000190B53EC1C2B30F0CBFA53EC182B30F008
:104780001BFF41EC180B53EC1C2B51EC190B30F0B8
:10479000D3FD53EC182B30F077FB41EC180B03E002
:1047A000B0EE4A8AF0EE6A8A9FED670B51EC180B67
:1047B00053EC102B30F0C0FD41EC180B53EC1A2BCE
:1047C00051EC180B30F07CFD03D2B0EE4A8AF0EECB
:1047D0006A8A53EC1B2B51EC180B30F0ABFE03D262
:1047E000B0EE4B8AF0EE6B8A51EC180B30F05EFAAB
:1047F000BDEC0A8B00EE100A10BD2DE9F0412DED45
:10480000028B474991F90110814236D0FFF787FFAB
:1048100010EE100A30F0BAFF41EC100B00249FEDAF
:104820004C1B51EC100B53EC112B30F085FD0F4657
:1048300006469FED498B394D47EC106B53EC182B16
:1048400051EC100B30F064FA30F0B2FC25F8140093
:10485000641C24B27F2CEFDB7F2447EC106B53ECFD
:10486000182B51EC100B30F09BFE30F0A1FC25F81A
:104870001400641C24B2FF2CEFDDBDEC028BBDE8FC
:10488000F08110B545F2A060FCF711FE3448B0F994
:104890004400FFF7B2FFFFF735FF40F24C40FFF74F
:1048A000EDFE0E4BBDE81040103B0B220CA12DA0DD
:1048B0002DF016BA10B51A4C2078012807D0002226
:1048C0004FF40051174814F0F7FF0120207010BD7D
:1048D000A8C20120F400002000140040EB6004088E
:1048E0002E2E5C2E2E5C73506C63506F72745C7352
:1048F000506C63537065616B65722E63000000003D
:1049000025732C25642C25733A74696D3720696EE4
:104910006974206661696C210A00000048C40120A6
:1049200028C0012000040240000000000000000038
:10493000000000000000F03F0000000000005940AF
:104940009A9999999999C93F000000606666E63F77
:104950000000000000FC9F40000000000000A0409C
:104960004002002025732C25642C25733A73706552
:10497000616B657220646D6120696E69742E2E2EE4
:104980002E2E2E0A0000000010B566480DF060FDC6
:1049900065490020087065490870654908706549D7
:1049A000087065490870654908806549088065494F
:1049B000088065490880654908806549088065491F
:1049C0000860BDE81040644B132264A16AA02DF07A
:1049D00087B954480DF073BD52480DF039BD2DE92B
:1049E000F05F4FF48B686C4F4FF4936444F26806A9
:1049F00047F6FF79002508EB060080B2FCF77FFD43
:104A000038B137F91800484505DA401C27F8180076
:104A100001E027F8185008F101081FFA88F8A045AE
:104A2000E9D3DFF818A14FF49B6B4FF00108BAF8F7
:104A300000000A2817D9A01980B2FCF760FD38B130
:104A400037F91400484505DA401C27F8140001E046
:104A500027F81450641CA4B25C45ECD3324880F8AB
:104A60000080AAF80050364C208864281BD90BEB34
:104A7000060080B2FCF743FD38B137F91B0048450A
:104A800005DA401C27F81B0001E027F81B500BF14A
:104A9000010B1FFA8BFB40F217508345E7D32348E5
:104AA00080F80080258027480188C82903D920493B
:104AB00081F80080058024490A88B2F5FA7F03D97D
:104AC0001C4A82F800800D80204A1388B3F57A7F53
:104AD00003D9194B83F8008015801D4B4EF66027D3
:104AE0001E88BE4203D92D4E86F800801D80BAF87C
:104AF00000506D1CAAF8005025886D1C2580048884
:104B0000641C04800888401C08801088401C1080A9
:104B10001888401C18800F490868401C0860BDE8D0
:104B2000F09F000080C30120140000201500002029
:104B30001600002017000020180000200CC00120E3
:104B40000EC001201000002010C001201200002023
:104B500012C001202CC00120FB6004082E2E5C2E08
:104B60002E5C73506C63506F72745C73506C635442
:104B7000696D65722E63000025732C25642C2573E6
:104B80003A73706C632074696D657220696E697424
:104B90002E2E2E2E2E2E0A0040020020190000205C
:104BA00010B58E490020087070218D482DF0D8FB7B
:104BB0008B48702170302DF0D3FB3822884989480A
:104BC00016F034F8BDE81040874B0D2287A18EA067
:104BD0002DF086B800689449884202D17F490120AF
:104BE00048707047F0B52DED028B87B07B4E707822
:104BF0000028FCD00027777030788C4DB4EE008A06
:104C00006C46002876D0774816F0CCF838227449E4
:104C1000744816F00BF837701C2168462DF0C2FB63
:104C200000206F4A70320021C1EBC106064454F8DF
:104C3000203032F81660334444F82030491CC9B2A1
:104C40000829F1D3401CC0B20728ECD39DED000A1F
:104C500005F67825B8EE400A20EE080ABCEEC00A38
:104C600010EE100AE8809DED010AB8EE400A20EE31
:104C7000080ABCEEC00A10EE100AA8809DED020AD8
:104C8000B8EE400A20EE080ABCEEC00A10EE100A88
:104C900068809DED030AB8EE400A20EE080ABCEEDB
:104CA000C00A10EE100A28809DED040AB8EE400AF2
:104CB00020EE080ABCEEC00A10EE100A28819DED15
:104CC000050AB8EE400A20EE080ABCEEC00A10EE53
:104CD000100A68819DED060AB8EE400A20EE080A27
:104CE000BCEEC00A10EE100AA88107B0BDEC028B22
:104CF000F0BDFFE73B4816F055F8394938227031CE
:104D0000384815F093FF012030701C2168462DF0C3
:104D100049FB0020324A0021C1EBC106064454F889
:104D2000203032F81660334444F82030491CC9B2B0
:104D30000829F1D3401CC0B20728ECD39DED000A2E
:104D400005F67825B8EE400A20EE080ABCEEC00A47
:104D500010EE100AE8809DED010AB8EE400A20EE40
:104D6000080ABCEEC00A10EE100AA8809DED020AE7
:104D7000B8EE400A20EE080ABCEEC00A10EE100A97
:104D800068809DED030AB8EE400A20EE080ABCEEEA
:104D9000C00A10EE100A28809DED040AB8EE400A01
:104DA00020EE080ABCEEC00A10EE100A28819DED24
:104DB000050AB8EE400A20EE080ABCEEC00A10EE62
:104DC000100A68819DED060AB8EE400A20EE080A36
:104DD000BCEEC00A10EE100AA88186E72A00002067
:104DE000203900200CC10120096104082E2E5C2E00
:104DF0002E5C73506C63506F72745C73506C6341C3
:104E000064632E630000000025732C25642C257339
:104E10003A73746172742061646320696E69742EE0
:104E20002E2E2E2E2E0A00000020014040020020CF
:104E300070B50446D94D00221021284614F03CFDDF
:104E4000C4F30B0040F4805040F4005600BF00BF94
:104E500000BF00BF00BF00BF00BF00BF00BF00BF5A
:104E60000024C4F10F0026FA00F101F00102042130
:104E7000284614F021FD00BF00BF00BF00BF00BFE7
:104E800000BF00BF00BF00BF00BF012208212846AD
:104E900014F012FD00BF00BF00BF00BF00BF00BF85
:104EA00000BF00BF00BF00BF00220821284614F049
:104EB00003FD00BF00BF00BF00BF00BF00BF00BFB9
:104EC00000BF00BF00BF641CE4B2102CC9D300BFF8
:104ED00000BF00BF00BF00BF00BF00BF00BF00BFDA
:104EE00000BF01222846BDE87040102114F0E4BC48
:104EF0002DE9F0410446A94D00220121284614F075
:104F0000DBFCC4F30B0040F4805040F4005800BFB9
:104F100000BF00BF00BF00BF00BF00BF00BF00BF99
:104F200000BF00244FF480477E00C4F10F0028FA30
:104F300000F202F001023946284614F0BDFC00BF21
:104F400000BF00BF00BF00BF00BF00BF00BF00BF69
:104F500000BF01223146284614F0AEFC00BF00BF5E
:104F600000BF00BF00BF00BF00BF00BF00BF00BF49
:104F700000223146284614F09FFC00BF00BF00BF4E
:104F800000BF00BF00BF00BF00BF00BF00BF641C68
:104F9000E4B2102CC9D300BF00BF00BF00BF00BFE8
:104FA00000BF00BF00BF00BF00BF01222846BDE810
:104FB000F041114614F080BC70B50446784D0022D3
:104FC0008021284614F078FCC4F30B0040F4805094
:104FD00040F4005600BF00BF00BF00BF00BF00BFCD
:104FE00000BF00BF00BF00BF0024C4F10F0026FABD
:104FF00000F101F001022021284614F05DFC00BF01
:1050000000BF00BF00BF00BF00BF00BF00BF00BFA8
:1050100000BF01224021284614F04EFC00BF00BF13
:1050200000BF00BF00BF00BF00BF00BF00BF00BF88
:1050300000224021284614F03FFC00BF00BF00BF03
:1050400000BF00BF00BF00BF00BF00BF00BF641CA7
:10505000E4B2102CC9D300BF00BF00BF00BF00BF27
:1050600000BF00BF00BF00BF00BF01222846BDE84F
:105070007040802114F020BC70B5484C01221021F2
:10508000204614F019FC01221146204614F014FCAD
:10509000434D01228021284614F00EFC01220821F4
:1050A000284614F009FC00220821204614F004FCD4
:1050B00000224FF40041204614F0FEFB0022402164
:1050C000284614F0F9FB00220421364814F0F4FBC2
:1050D00000BF00BF00BF00BF00BF00BF00BF00BFD8
:1050E00000BF00BF00BF00BF00BF00BF00BF00BFC8
:1050F00000BF00BF00BF00BF0020FFF799FE0020E7
:10510000FFF7F6FE0020FFF757FF274B492227A1A4
:105110002DA02CF0E5FDBDE87040234B4A2223A1D1
:1051200031A02CF0DDBD38B53648B0F88C0AC0F39C
:105130000B042046FFF77CFE1B4B51220E3B1BA1AC
:1051400031A000942CF0CCFD38BD38B52D48B0F816
:105150008E0AC0F30B042046FFF7CAFE2046FFF775
:105160002BFF114B5822DB1F10A12EA000942CF016
:10517000B7FD38BD10B50020FFF75AFE0020FFF73D
:10518000B7FE0020FFF718FF074BBDE81040143BA7
:105190005F2206A12AA02CF0A3BD00000008024057
:1051A00000040240000C0240296104082E2E5C2EEF
:1051B0002E5C73506C63506F72745C73506C6344FC
:1051C00061632E630000000025732C25642C257379
:1051D0003A696E69742064616320767265663D3257
:1051E0003034386D560A000025732C25642C257345
:1051F0003A696E69742064616320646F6E65210A88
:10520000000000004002002025732C25642C25732B
:105210003A75706461746520646163303D25640A89
:105220000000000025732C25642C25733A757064EA
:1052300061746520646163313D25640A00000000EB
:1052400025732C25642C25733A636C65617220618B
:105250006C6C20646163210A000000002D4900206D
:10526000488008802C4948600880704710B5294B59
:105270001A88511CC1F30B015C888C4202D01C1DA2
:105280001055198010BD234A51881388994206D0C1
:10529000131DCB5C0370491CC1F30B005080704799
:1052A0001C4801884088081A00F58050C11700EB9F
:1052B00011516FF30B01401A80B270472DE9F8438A
:1052C00005460E4600270097134C6FF440381CE04B
:1052D0006846FFF7D8FF22881AB99DF80000EE282B
:1052E00013D1B24204D29DF80010501C2080A95462
:1052F0009DF80000616840EA01226260424504D1E5
:10530000208867602780BDE8F883FFF7C9FF002881
:10531000DED1F8E7003A00202C0000204FF47A722A
:1053200004E01146491E0029FCDC401E0028F8DC80
:10533000704710B5044602E002F078FA641C207849
:105340000028F9D110BD70B505460E46002404E0D2
:10535000285D02F06BFA641CA4B2B442F8D370BDAD
:1053600070B505460E4600240AE035F81400000A20
:1053700002F05CFA15F8140002F058FA641CA4B2AA
:10538000B442F2D370BD10B5EE2002F04FFA042003
:1053900002F04CFAFF2002F049FAFC2002F046FA33
:1053A000FF2002F043FABDE81040FF2002F03EBAB1
:1053B00010B50446EE2002F039FA412002F036FA28
:1053C000200A02F033FAE0B202F030FAFF2002F0D5
:1053D0002DFAFC2002F02AFAFF2002F027FABDE89D
:1053E0001040FF2002F022BA10B50446EE2002F071
:1053F0001DFA422002F01AFA200A02F017FAE0B26F
:1054000002F014FAFF2002F011FAFC2002F00EFA6A
:10541000FF2002F00BFABDE81040FF2002F006BAB0
:1054200070B506460C461546EE2002F0FFF9A320A3
:1054300002F0FCF9304602F0F9F9200A02F0F6F920
:10544000E0B202F0F3F9280A02F0F0F9E8B202F053
:10545000EDF9FF2002F0EAF9FC2002F0E7F9FF2065
:1054600002F0E4F9BDE87040FF2002F0DFB910B5AA
:10547000EE2002F0DBF9012002F0D8F9FF2002F063
:10548000D5F9FC2002F0D2F9FF2002F0CFF9BDE8F7
:105490001040FF2002F0CAB970B505460C46EE2058
:1054A00002F0C4F9432002F0C1F9284602F0BEF927
:1054B000204602F0BBF9FF2002F0B8F9FC2002F010
:1054C000B5F9FF2002F0B2F9BDE87040FF2002F00C
:1054D000ADB970B506460C461546EE2002F0A6F9A9
:1054E000452002F0A3F9304602F0A0F9200A02F0AC
:1054F0009DF9E0B202F09AF9280A02F097F9E8B2B1
:1055000002F094F9FF2002F091F9FC2002F08EF9EC
:10551000FF2002F08BF9BDE87040FF2002F086B951
:1055200070B504460D46EE2002F080F9442002F0EA
:105530007DF9200A02F07AF9E0B202F077F9280A40
:1055400002F074F9E8B202F071F9FF2002F06EF98E
:10555000FC2002F06BF9FF2002F068F9BDE8704012
:10556000FF2002F063B92DE9F0410446DDF8188010
:105570000D4616461F46EE2002F058F9202002F094
:1055800055F9200A02F052F9E0B202F04FF9280A68
:1055900002F04CF9E8B202F049F9304602F046F95F
:1055A000384602F043F94046FFF7C3FEFF2002F001
:1055B0003DF9FC2002F03AF9FF2002F037F9BDE88E
:1055C000F041FF2002F032B92DE9F0418046069FFC
:1055D0000C4615461E46EE2002F028F9212002F066
:1055E00025F9404602F022F9200A02F01FF9E0B244
:1055F00002F01CF9280A02F019F9E8B202F016F9D3
:10560000304602F013F9384602F010F9FF2002F09C
:105610000DF9FC2002F00AF9FF2002F007F9BDE8BD
:10562000F041FF2002F002B970B504460D46EE20AD
:1056300002F0FCF8312002F0F9F8200A02F0F6F846
:10564000E0B202F0F3F8284602F0F0F8FF2002F092
:10565000EDF8FC2002F0EAF8FF2002F0E7F8BDE8E0
:105660007040FF2002F0E2B82DE9F04104460D46FB
:1056700016461F46EE2002F0D9F8322002F0D6F886
:10568000200A02F0D3F8E0B202F0D0F8280A02F0C3
:10569000CDF8E8B202F0CAF8300A02F0C7F8F0B26A
:1056A00002F0C4F8384602F0C1F8FF2002F0BEF85C
:1056B000FC2002F0BBF8FF2002F0B8F8BDE8F04192
:1056C000FF2002F0B3B82DE9F05F0446DDE90CAB32
:1056D000DDE90A890D4616461F46EE2002F0A6F8BF
:1056E000332002F0A3F8200A02F0A0F8E0B202F0A2
:1056F0009DF8280A02F09AF8E8B202F097F8300A0A
:1057000002F094F8F0B202F091F8380A02F08EF844
:10571000F8B202F08BF84FEA182002F087F808F090
:10572000FF0002F083F84FEA192002F07FF809F039
:10573000FF0002F07BF84FEA1A2002F077F80AF037
:10574000FF0002F073F8584602F070F8FF2002F0F4
:105750006DF8FC2002F06AF8FF2002F067F8BDE85F
:10576000F05FFF2002F062B82DE9F0410446DDF859
:1057700018800D4616461F46EE2002F057F880208E
:1057800002F054F8200A02F051F8E0B202F04EF8AC
:10579000280A02F04BF8E8B202F048F8300A02F0AA
:1057A00045F8F0B202F042F8384602F03FF84046C1
:1057B00002F03CF8FF2002F039F8FC2002F036F845
:1057C000FF2002F033F8BDE8F041FF2002F02EB8D0
:1057D00070B504460D46EE2002F028F8502002F085
:1057E00025F8200A02F022F8E0B202F01FF8280A99
:1057F00002F01CF8E8B202F019F8FF2002F016F8E7
:10580000FC2002F013F8FF2002F010F8BDE8704011
:10581000FF2002F00BB82DE9F04104460D46164674
:105820001F46EE2002F002F8512001F0FFFF200A8F
:1058300001F0FCFFE0B201F0F9FF280A01F0F6FFE9
:10584000E8B201F0F3FF300A01F0F0FFF0B201F02E
:10585000EDFF380A01F0EAFFF8B201F0E7FFFF20A0
:1058600001F0E4FFFC2001F0E1FFFF2001F0DEFF8A
:10587000BDE8F041FF2001F0D9BF70B506460D46E6
:105880001446EE2001F0D2FF632001F0CFFF304636
:1058900001F0CCFF4FF6FF7101EA44012846FFF703
:1058A0005FFDFF2001F0C2FFFC2001F0BFFFFF20E1
:1058B00001F0BCFFBDE87040FF2001F0B7BF2DE94B
:1058C000F04104460D4616461F46EE2001F0AEFF9D
:1058D000592001F0ABFF200A01F0A8FFE0B201F06F
:1058E000A5FF280A01F0A2FFE8B201F09FFF3946A8
:1058F0003046FFF735FDFF2001F098FFFC2001F056
:1059000095FFFF2001F092FFBDE8F041FF2001F07C
:105910008DBF2DE9F04104460D4616461F46EE2088
:1059200001F084FF752001F081FF200A01F07EFF65
:10593000E0B201F07BFF280A01F078FFE8B201F045
:1059400075FF39463046FFF70BFDFF2001F06EFF73
:10595000FC2001F06BFFFF2001F068FFBDE8F04183
:10596000FF2001F063BF2DE9F04104460D461646C5
:105970001F46EE2001F05AFF762001F057FF200A63
:1059800001F054FFE0B201F051FF280A01F04EFF90
:10599000E8B201F04BFF39463046FFF7E1FCFF204B
:1059A00001F044FFFC2001F041FFFF2001F03EFF29
:1059B000BDE8F041FF2001F039BF2DE9F041074675
:1059C0000C4615461E46EE2001F030FF772001F010
:1059D0002DFF384601F02AFF204601F027FF284618
:1059E00001F024FF304601F021FFFF2001F01EFFEF
:1059F000FC2001F01BFFFF2001F018FFBDE8F04183
:105A0000FF2001F013BF70B505460C46EE2001F0F3
:105A10000DFF682001F00AFF4FF6FF7101EA440113
:105A20002846FFF79DFCFF2001F000FFFC2001F05D
:105A3000FDFEFF2001F0FAFEBDE87040FF2001F0FE
:105A4000F5BE70B505460C46EE2001F0EFFE69206C
:105A500001F0ECFE4FF6FF7101EA44012846FFF722
:105A60007FFCFF2001F0E2FEFC2001F0DFFEFF20C2
:105A700001F0DCFEBDE87040FF2001F0D7BE70B53C
:105A800004460D461646EE2001F0D0FE522001F0ED
:105A9000CDFE200A01F0CAFEE0B201F0C7FE280ADE
:105AA00001F0C4FEE8B201F0C1FE300A01F0BEFE12
:105AB000F0B201F0BBFEFF2001F0B8FEFC2001F0C7
:105AC000B5FEFF2001F0B2FEBDE87040FF2001F0FE
:105AD000ADBE70B504460D461646EE2001F0A6FE9A
:105AE000532001F0A3FE200A01F0A0FEE0B201F075
:105AF0009DFE280A01F09AFEE8B201F097FE300AF6
:105B000001F094FEF0B201F091FEFF2001F08EFE54
:105B1000FC2001F08BFEFF2001F088FEBDE8704004
:105B2000FF2001F083BE2DE9F0410446DDF8188026
:105B30000D4616461F46EE2001F078FE672001F064
:105B400075FE200A01F072FEE0B201F06FFE280A35
:105B500001F06CFEE8B201F069FE300A01F066FE69
:105B6000F0B201F063FE380A01F060FEF8B201F015
:105B70005DFE4FEA182001F059FE08F0FF0001F029
:105B800055FEFF2001F052FEFC2001F04FFEFF20E9
:105B900001F04CFEBDE8F041FF2001F047BE2DE9C9
:105BA000F04104460D4616461F46EE2001F03EFE2B
:105BB000542001F03BFE200A01F038FEE0B201F073
:105BC00035FE280A01F032FEE8B201F02FFE300A5D
:105BD00001F02CFEF0B201F029FE380A01F026FE99
:105BE000F8B201F023FEFF2001F020FEFC2001F0BE
:105BF0001DFEFF2001F01AFEBDE8F041FF2001F07C
:105C000015BE2DE9F04104460D4616461F46EE200E
:105C100001F00CFE552001F009FE200A01F006FEFD
:105C2000E0B201F003FE280A01F000FEE8B201F044
:105C3000FDFD300A01F0FAFDF0B201F0F7FD380A7F
:105C400001F0F4FDF8B201F0F1FDFF2001F0EEFDEE
:105C5000FC2001F0EBFDFF2001F0E8FDBDE8F04184
:105C6000FF2001F0E3BD2DE9F04104460D46164644
:105C70001F46EE2001F0DAFD562001F0D7FD200A84
:105C800001F0D4FDE0B201F0D1FD280A01F0CEFD13
:105C9000E8B201F0CBFD300A01F0C8FDF0B201F02E
:105CA000C5FD380A01F0C2FDF8B201F0BFFDFF20CA
:105CB00001F0BCFDFC2001F0B9FDFF2001F0B6FDB4
:105CC000BDE8F041FF2001F0B1BD2DE9F0410446EF
:105CD0000D4616461F46EE2001F0A8FD572001F0A4
:105CE000A5FD200A01F0A2FDE0B201F09FFD280A07
:105CF00001F09CFDE8B201F099FD300A01F096FD3B
:105D0000F0B201F093FD380A01F090FDF8B201F015
:105D10008DFDFF2001F08AFDFC2001F087FDFF20B2
:105D200001F084FDBDE8F041FF2001F07FBD10B51A
:105D30000446EE2001F07AFD602001F077FD204658
:105D400001F074FDFF2001F071FDFC2001F06EFDFB
:105D5000FF2001F06BFDBDE81040FF2001F066BDA3
:105D600010B50446EE2001F061FD612001F05EFDFA
:105D7000204601F05BFDFF2001F058FDFC2001F002
:105D800055FDFF2001F052FDBDE81040FF2001F05D
:105D90004DBD2DE9F04104460D4616461F46EE2046
:105DA00001F044FD652001F041FD200A01F03EFDB7
:105DB000E0B201F03BFD280A01F038FDE8B201F045
:105DC00035FD300A01F032FDF0B201F02FFD380A46
:105DD00001F02CFDF8B201F029FDFF2001F026FDB5
:105DE000FC2001F023FDFF2001F020FDBDE8F04183
:105DF000FF2001F01BBD10B50024002800D00124B5
:105E000009B144F0020412B144EA8200C4B213B1F1
:105E100044EA4310C4B2EE2001F008FD702001F006
:105E200005FD204601F002FDFF2001F0FFFCFC20F3
:105E300001F0FCFCFF2001F0F9FCBDE81040FF2060
:105E400001F0F4BC10B5EE2001F0F0FC722001F07E
:105E5000EDFCFF2001F0EAFCFC2001F0E7FCFF2054
:105E600001F0E4FCBDE81040FF2001F0DFBC10B5FC
:105E7000EE2001F0DBFC732001F0D8FCFF2001F0E4
:105E8000D5FCFC2001F0D2FCFF2001F0CFFCBDE8E6
:105E90001040FF2001F0CABC10B5EE2001F0C6FC96
:105EA000092001F0C3FCDE2001F0C0FCED2001F070
:105EB000BDFC132001F0BAFC312001F0B7FCFF203B
:105EC00001F0B4FCFC2001F0B1FCFF2001F0AEFCBD
:105ED000BDE81040FF2001F0A9BC10B5EE2001F094
:105EE000A5FC082001F0A2FCA52001F09FFC5A208F
:105EF00001F09CFC5F2001F099FCF52001F096FC7C
:105F0000FF2001F093FCFC2001F090FCFF2001F049
:105F10008DFCBDE81040FF2001F088BC10B50446A0
:105F2000EE2001F083FCA02001F080FC204601F06F
:105F30007DFCFF2001F07AFCFC2001F077FCFF20C3
:105F400001F074FCBDE81040FF2001F06FBC10B5FB
:105F50000446EE2001F06AFCA12001F067FC204617
:105F600001F064FCFF2001F061FCFC2001F05EFC0C
:105F7000FF2001F05BFCBDE81040FF2001F056BCA3
:105F800010B50446EE2001F051FCA22001F04EFCB9
:105F9000204601F04BFCFF2001F048FCFC2001F002
:105FA00045FCFF2001F042FCBDE81040FF2001F05D
:105FB0003DBC70B505460C46EE2001F037FCA42030
:105FC00001F034FC284601F031FC204601F02EFCA3
:105FD000FF2001F02BFCFC2001F028FCFF2001F049
:105FE00025FCBDE87040FF2001F020BC10B5044640
:105FF000EE2001F01BFC052001F018FC204601F00A
:1060000015FCFF2001F012FCFC2001F00FFCFF202A
:1060100001F00CFCBDE81040FF2001F007BC2DE9A9
:10602000F0478146DDE908560F4690461C46EE20B3
:1060300001F0FCFB852001F0F9FB484601F0F6FB7E
:10604000384601F0F3FB404601F0F0FB200A01F076
:10605000EDFBE0B201F0EAFB280A01F0E7FBE8B251
:1060600001F0E4FB300A01F0E1FBF0B201F0DEFBED
:10607000FF2001F0DBFBFC2001F0D8FBFF2001F04A
:10608000D5FBBDE8F047FF2001F0D0BB70B504465A
:106090000E461546EE2001F0C9FB872001F0C6FB35
:1060A000200E01F0C3FBC4F3074001F0BFFBC4F3B3
:1060B000072001F0BBFBE0B201F0B8FB31462846F7
:1060C000FFF741F9FF2001F0B1FBFC2001F0AEFB2E
:1060D000FF2001F0ABFBBDE87040FF2001F0A6BB44
:1060E00070B504460D46EE2001F0A0FB882001F0BB
:1060F0009DFB200E01F09AFBC4F3074001F096FBD4
:10610000C4F3072001F092FBE0B201F08FFB280AF4
:1061100001F08CFBE8B201F089FBFF2001F086FB67
:10612000FC2001F083FBFF2001F080FBBDE8704004
:10613000FF2001F07BBB10B5EE2001F077FBB12012
:1061400001F074FB012001F071FBFF2001F06EFBF8
:10615000FC2001F06BFBFF2001F068FBBDE8104064
:10616000FF2001F063BB10B50446EE2001F05EFB9A
:10617000B12001F05BFB002001F058FB200A01F088
:1061800055FBE0B201F052FBFF2001F04FFBFC2079
:1061900001F04CFBFF2001F049FBBDE81040FF205F
:1061A00001F044BB10B50446EE2001F03FFBB320E4
:1061B00001F03CFB204601F039FBFF2001F036FBEB
:1061C000FC2001F033FBFF2001F030FBBDE8104064
:1061D000FF2001F02BBB70B504460D461646EE209D
:1061E00001F024FBB12001F021FB022001F01EFB95
:1061F000200A01F01BFBE0B201F018FB280A01F0B5
:1062000015FBE8B201F012FB304601F00FFBFF2056
:1062100001F00CFBFC2001F009FBFF2001F006FB64
:10622000BDE87040FF2001F001BB70B504460D468B
:106230001646EE2001F0FAFAB12001F0F7FA032039
:1062400001F0F4FA200A01F0F1FAE0B201F0EEFAFE
:10625000280A01F0EBFAE8B201F0E8FA304601F062
:10626000E5FAFF2001F0E2FAFC2001F0DFFAFF205E
:1062700001F0DCFABDE87040FF2001F0D7BA70B53C
:1062800004460D461646EE2001F0D0FAB12001F08A
:10629000CDFA042001F0CAFA200A01F0C7FAE0B2F0
:1062A00001F0C4FA280A01F0C1FAE8B201F0BEFA1E
:1062B000304601F0BBFAFF2001F0B8FAFC2001F0F3
:1062C000B5FAFF2001F0B2FABDE87040FF2001F0FE
:1062D000ADBA70B504460D461646EE2001F0A6FA9A
:1062E000B12001F0A3FA102001F0A0FA200A01F079
:1062F0009DFAE0B201F09AFA280A01F097FAE8B2A2
:1063000001F094FA304601F091FAFF2001F08EFA84
:10631000FC2001F08BFAFF2001F088FABDE8704004
:10632000FF2001F083BA70B504460D461646EE20F4
:1063300001F07CFAB12001F079FA102001F076FA30
:10634000200A01F073FAE0B201F070FA280A01F0B5
:106350006DFAE8B201F06AFA3046FEF7EAFFFF2074
:1063600001F064FAFC2001F061FAFF2001F05EFA0E
:10637000BDE87040FF2001F059BA2DE9F041054613
:10638000069F0E4614469846EE2001F04FFAB120C3
:1063900001F04CFA072001F049FA280A01F046FA08
:1063A000E8B201F043FA300A01F040FAF0B201F02D
:1063B0003DFAB8F1000F01D0012000E0002001F00B
:1063C00035FA07F00F0040F0800001F02FFA200EA0
:1063D00001F02CFAC4F3074001F028FAC4F30720B7
:1063E00001F024FAE0B201F021FAFF2001F01EFAD8
:1063F000FC2001F01BFAFF2001F018FABDE8F04183
:10640000FF2001F013BA2DE9FF4106462DED020BE6
:106410000D46174698460024EE2001F007FAB120F9
:1064200001F004FA072001F001FA300A01F0FEF948
:10643000F0B201F0FBF9280A01F0F8F9E8B201F036
:10644000F5F9022001F0F2F907F00F00B8F1000FA2
:1064500001D0802100E00021084301F0E7F96D46FA
:10646000C4F10300285C01F0E1F9641CE4B2042CDF
:10647000F6D3FF2001F0DAF9FC2001F0D7F9FF2074
:1064800001F0D4F906B0FF20BDE8F04101F0CEB92B
:1064900070B505460E461446EE2001F0C7F9B1204E
:1064A00001F0C4F9102001F0C1F9280A01F0BEF989
:1064B000E8B201F0BBF9300A01F0B8F9F0B201F02E
:1064C000B5F9200E01F0B2F9C4F3074001F0AEF9BE
:1064D000C4F3072001F0AAF9E0B201F0A7F9FF2008
:1064E00001F0A4F9FC2001F0A1F9FF2001F09EF9D0
:1064F000BDE87040FF2001F099B970B505460E4621
:106500001446EE2001F092F9B12001F08FF910202D
:1065100001F08CF9280A01F089F9E8B201F086F956
:10652000300A01F083F9F0B201F080F9200E01F099
:106530007DF9C4F3074001F079F9C4F3072001F0B5
:1065400075F9E0B201F072F9FF2001F06FF9FC205B
:1065500001F06CF9FF2001F069F9BDE87040FF20FF
:1065600001F064B970B504460D461646EE2001F000
:106570005DF9B12001F05AF9102001F057F9200A15
:1065800001F054F9E0B201F051F9280A01F04EF996
:10659000E8B201F04BF9300A01F048F9F0B201F02D
:1065A00045F9FF2001F042F9FC2001F03FF9FF20FE
:1065B00001F03CF9BDE87040FF2001F037B970B53B
:1065C00005460E461446EE2001F030F9B12001F0E8
:1065D0002DF9102001F02AF9280A01F027F9E8B274
:1065E00001F024F9300A01F021F9F0B201F01EF9AE
:1065F000200E01F01BF9C4F3074001F017F9C4F3B2
:10660000072001F013F9E0B201F010F9FF2001F0CA
:106610000DF9FC2001F00AF9FF2001F007F9BDE8AF
:106620007040FF2001F002B970B504460D461646D1
:10663000EE2001F0FBF8B12001F0F8F8102001F095
:10664000F5F8200A01F0F2F8E0B201F0EFF8280ABC
:1066500001F0ECF8E8B201F0E9F8304601F0E6F8B4
:10666000FF2001F0E3F8FC2001F0E0F8FF2001F04A
:10667000DDF8BDE87040FF2001F0D8B870B50446E1
:106680000D46EE2001F0D2F8B12001F0CFF8112034
:1066900001F0CCF8200A01F0C9F8E0B201F0C6F828
:1066A000280A01F0C3F8E8B201F0C0F8FF2001F0B9
:1066B000BDF8FC2001F0BAF8FF2001F0B7F8BDE802
:1066C0007040FF2001F0B2B870B504460D46EE20D0
:1066D00001F0ACF8B12001F0A9F8202001F0A6F8F3
:1066E000200A01F0A3F8E0B201F0A0F8280A01F0B6
:1066F0009DF8E8B201F09AF8FF2001F097F8FC202D
:1067000001F094F8FF2001F091F8BDE87040FF20FF
:1067100001F08CB870B504460D46EE2001F086F805
:10672000B12001F083F8212001F080F8200A01F067
:106730007DF8E0B201F07AF8280A01F077F8E8B2C3
:1067400001F074F8FF2001F071F8FC2001F06EF800
:10675000FF2001F06BF8BDE87040FF2001F066B843
:1067600070B504460D46EE2001F060F8B12001F04E
:106770005DF8222001F05AF8200A01F057F8E0B243
:1067800001F054F8280A01F051F8E8B201F04EF88F
:10679000FF2001F04BF8FC2001F048F8FF2001F049
:1067A00045F8BDE87040FF2001F040B870B50446E0
:1067B0000D461646EE2001F039F8B12001F036F80A
:1067C000232001F033F8200A01F030F8E0B201F0A4
:1067D0002DF8280A01F02AF8E8B201F027F830462F
:1067E00001F024F8FF2001F021F8FC2001F01EF850
:1067F000FF2001F01BF8BDE87040FF2001F016B843
:1068000070B504460D46EE2001F010F8B12001F0FD
:106810000DF8242001F00AF8200A01F007F8E0B290
:1068200001F004F8280A01F001F8E8B200F0FEFFD8
:10683000FF2000F0FBFFFC2000F0F8FFFF2000F03D
:10684000F5FFBDE87040FF2000F0F0BF70B50446D2
:106850000D46EE2000F0EAFFB12000F0E7FF252012
:1068600000F0E4FF200A00F0E1FFE0B200F0DEFFFC
:10687000280A00F0DBFFE8B200F0D8FFFF2000F0AC
:10688000D5FFFC2000F0D2FFFF2000F0CFFFBDE8D5
:106890007040FF2000F0CABF2DE9F04104460D46CC
:1068A00017461E46EE2000F0C1FFB12000F0BEFFEB
:1068B000302000F0BBFF200A00F0B8FFE0B200F08B
:1068C000B5FF280A00F0B2FFE8B200F0AFFF38468B
:1068D00000F0ACFF300A00F0A9FFF0B200F0A6FF14
:1068E000FF2000F0A3FFFC2000F0A0FFFF2000F03D
:1068F0009DFFBDE8F041FF2000F098BF70B5044651
:106900000D461646EE2000F091FFB12000F08EFFFC
:10691000312000F08BFF200A00F088FFE0B200F089
:1069200085FF280A00F082FFE8B200F07FFF3046C2
:1069300000F07CFFFF2000F079FFFC2000F076FFE4
:10694000FF2000F073FFBDE87040FF2000F06EBF35
:106950002DE9F0410546069C0E4617469846EE2066
:1069600000F064FFB12000F061FF322000F05EFF14
:10697000280A00F05BFFE8B200F058FF300A00F090
:1069800055FFF0B200F052FF384600F04FFF200AEA
:1069900000F04CFFE0B200F049FF21464046FEF710
:1069A000D2FCFF2000F042FFFC2000F03FFFFF2060
:1069B00000F03CFFBDE8F041FF2000F037BF70B5AC
:1069C00004460D461646EE2000F030FFB12000F0E0
:1069D0002DFF332000F02AFF200A00F027FFE0B24D
:1069E00000F024FF280A00F021FFE8B200F01EFFAB
:1069F000304600F01BFFFF2000F018FFFC2000F0E5
:106A000015FFFF2000F012FFBDE87040FF2000F0EE
:106A10000DBF2DE9F0470446DDE908890D4616460D
:106A20001F46EE2000F002FFB12000F0FFFE3420F0
:106A300000F0FCFE200A00F0F9FEE0B200F0F6FEE5
:106A4000280A00F0F3FEE8B200F0F0FEC6F30720DB
:106A500000F0ECFEF0B200F0E9FE380A00F0E6FECD
:106A6000F8B200F0E3FEC8F3072000F0DFFE08F004
:106A7000FF0000F0DBFE4FEA192000F0D7FE09F01E
:106A8000FF0000F0D3FEFF2000F0D0FEFC2000F05D
:106A9000CDFEFF2000F0CAFEBDE8F047FF2000F069
:106AA000C5BE10B50446EE2000F0C0FEB12000F0D7
:106AB000BDFE122000F0BAFE200A00F0B7FEE0B2E0
:106AC000BDE8104000F0B2BE70B504460D46200A85
:106AD00000F0ACFEE0B200F0A9FE002000F0A6FE3F
:106AE000012000F0A3FE2846BDE8704000F09EBEE5
:106AF00070B505460C46280A00F098FEE8B200F092
:106B000095FE002000F092FE042000F08FFE200E83
:106B100000F08CFEC4F3074000F088FEC4F30720A9
:106B200000F084FEE0B2BDE8704000F07FBE70B5BA
:106B300005460C46280A00F079FEE8B200F076FE21
:106B4000002000F073FE042000F070FE200E00F024
:106B50006DFEC4F3074000F069FEC4F3072000F0A7
:106B600065FEE0B2BDE8704000F060BE70B505465D
:106B70000C46280A00F05AFEE8B200F057FE00204A
:106B800000F054FE042000F051FE200E00F04EFEF6
:106B9000C4F3074000F04AFEC4F3072000F046FEAD
:106BA000E0B2BDE8704000F041BE024600E0401C8B
:106BB00001780029FBD1801A704770B504460D4654
:106BC000200A00F033FEE0B200F030FE2846FFF766
:106BD000ECFFC0F3072000F029FE2846FFF7E5FF91
:106BE000C0B200F023FE2846BDE87040FEF7A1BB0E
:106BF00070B504460D46200A00F018FEE0B200F021
:106C000015FE002000F012FE022000F00FFE280A00
:106C100000F00CFEE8B2BDE8704000F007BE70B5B1
:106C200004460D46200A00F001FEE0B200F0FEFD31
:106C3000012000F0FBFD2846BDE8704000F0F6BDE5
:106C400070B504460D46200A00F0F0FDE0B200F0F9
:106C5000EDFD022000F0EAFD2846BDE8704000F09E
:106C6000E5BD10B5FF2000F0E1FDFC2000F0DEFDE9
:106C7000FF2000F0DBFDBDE81040FF2000F0D6BD96
:106C800070B505460E461446EE2000F0CFFDB1204B
:106C900000F0CCFD402000F0C9FD280A00F0C6FD40
:106CA000E8B200F0C3FD300A00F0C0FDF0B200F021
:106CB000BDFD200E00F0BAFDC4F3074000F0B6FDA4
:106CC000C4F3072000F0B2FDE0B200F0AFFDFF20FA
:106CD00000F0ACFDFC2000F0A9FDFF2000F0A6FDB7
:106CE000BDE87040FF2000F0A1BD70B504460D4620
:106CF000EE2000F09BFDB12000F098FD412000F057
:106D000095FD200A00F092FDE0B200F08FFD280A08
:106D100000F08CFDE8B200F089FDFF2000F086FD58
:106D2000FC2000F083FDFF2000F080FDBDE87040F6
:106D3000FF2000F07BBD70B504460D46EE2000F04C
:106D400075FDB12000F072FD422000F06FFD200AB9
:106D500000F06CFDE0B200F069FD280A00F066FD6D
:106D6000E8B200F063FDFF2000F060FDFC2000F0C1
:106D70005DFDFF2000F05AFDBDE87040FF2000F0EF
:106D800055BD70B504460D46EE2000F04FFDB12014
:106D900000F04CFD442000F049FD200A00F046FDC3
:106DA000E0B200F043FD280A00F040FDE8B200F038
:106DB0003DFDFF2000F03AFDFC2000F037FDFF20F4
:106DC00000F034FDBDE87040FF2000F02FBD70B52D
:106DD00004460D461646EE2000F028FDB12000F0D6
:106DE00025FD182000F022FD200A00F01FFDE0B272
:106DF00000F01CFD280A00F019FDE8B200F016FDB5
:106E0000300A00F013FDF0B200F010FDFF2000F09A
:106E10000DFDFC2000F00AFDFF2000F007FDBDE89D
:106E20007040FF2000F002BD70B504460D461646C6
:106E3000EE2000F0FBFCB12000F0F8FC192000F07F
:106E4000F5FC200A00F0F2FCE0B200F0EFFC280AAA
:106E500000F0ECFCE8B200F0E9FC300A00F0E6FCDF
:106E6000F0B200F0E3FCFF2000F0E0FCFC2000F0BA
:106E7000DDFCFF2000F0DAFCBDE87040FF2000F0F0
:106E8000D5BC2DE9F04104460D4617461E46EE20BE
:106E900000F0CCFCB12000F0C9FC132000F0C6FCCF
:106EA000200A00F0C3FCE0B200F0C0FC280A00F0A9
:106EB000BDFCE8B200F0BAFC384600F0B7FC300A7E
:106EC00000F0B4FCF0B200F0B1FCFF2000F0AEFC2A
:106ED000FC2000F0ABFCFF2000F0A8FCBDE8F04176
:106EE000FF2000F0A3BC2DE9F0478146DDE90878DA
:106EF0000C4615461E46EE2000F098FC862000F059
:106F000095FC484600F092FC200A00F08FFCE0B2AD
:106F100000F08CFC280A00F089FCE8B200F086FC46
:106F2000304600F083FC384600F080FC404600F01C
:106F30007DFCFF2000F07AFCFC2000F077FCFF20B5
:106F400000F074FCBDE8F047FF2000F06FBC10B506
:106F50000446002901D044F08004EE2000F066FCD5
:106F6000C12000F063FC204600F060FCC134E0B2B8
:106F700000F05CFCFF2000F059FCFC2000F056FC07
:106F8000FF2000F053FCBDE81040FF2000F04EBC95
:106F900070B504460D46EE2000F048FCB12000F02C
:106FA00045FCAA2000F042FC200E00F03FFCC4F398
:106FB000074000F03BFCC4F3072000F037FCE0B2D0
:106FC00000F034FC280E00F031FCC5F3074000F05F
:106FD0002DFCC5F3072000F029FCE8B2BDE87040A5
:106FE00000F024BC70B504460D46200A00F01EFCDB
:106FF000E0B200F01BFC280A00F018FCE8B2BDE883
:10700000704000F013BC10B5FF2000F00FFCFC2016
:1070100000F00CFCFF2000F009FCBDE81040FF2050
:1070200000F004BC70B504460D46EE2000F0FEFBF7
:10703000B12000F0FBFBAB2000F0F8FB200E00F0CD
:10704000F5FBC4F3074000F0F1FBC4F3072000F0A8
:10705000EDFBE0B200F0EAFB280E00F0E7FBC5F321
:10706000074000F0E3FBC5F3072000F0DFFBE8B2C8
:1070700000F0DCFBFF2000F0D9FBFC2000F0D6FB89
:10708000FF2000F0D3FBBDE87040FF2000F0CEBB36
:107090002DE9F04104460D4616461F46EE2000F04D
:1070A000C5FBB12000F0C2FB602000F0BFFB200A4E
:1070B00000F0BCFBE0B200F0B9FB280A00F0B6FB20
:1070C000E8B200F0B3FB39463046FEF73CF9FF204A
:1070D00000F0ACFBFC2000F0A9FBFF2000F0A6FBB9
:1070E000BDE8F041FF2000F0A1BB2DE9F0410446CE
:1070F0000D4616461F46EE2000F098FBB12000F02A
:1071000095FB602000F092FB200A00F08FFBE0B2BC
:1071100000F08CFB280A00F089FBE8B200F086FB47
:1071200039463046FEF71CF9FF2000F07FFBFC20BB
:1071300000F07CFBFF2000F079FBBDE8F041FF2070
:1071400000F074BB2DE9F0410746884615461E46FF
:107150000024EE2000F06AFBB12000F067FB602005
:1071600000F064FB380A00F061FBF8B200F05EFB4F
:107170004FEA182000F05AFB08F0FF0000F056FB21
:1071800016E055F82400000E00F050FB55F82400DE
:10719000C0F3074000F04AFB35F82400C0F3072095
:1071A00000F044FB15F8240000F040FB641CE4B23E
:1071B000B442E6D3FF2000F039FBFC2000F036FBA0
:1071C000FF2000F033FBBDE8F041FF2000F02EBBB4
:1071D0002DE9F04180460C4616461F460025EE205C
:1071E00000F024FBB12000F021FB602000F01EFB2A
:1071F0004FEA182000F01AFB08F0FF0000F016FB21
:10720000200A00F013FBE0B200F010FB11E056F88A
:107210002540200E00F00AFBC4F3074000F006FBF7
:10722000C4F3072000F002FBE0B200F0FFFA6D1C8F
:10723000EDB2BD42EBD3FF2000F0F8FAFC2000F0E5
:10724000F5FAFF2000F0F2FABDE8F041FF2000F06F
:10725000EDBA70B504460D461646EE2000F0E6FA8B
:10726000B12000F0E3FA612000F0E0FA200A00F01B
:10727000DDFAE0B200F0DAFA280A00F0D7FAE8B254
:1072800000F0D4FA304600F0D1FAFF2000F0CEFA38
:10729000FC2000F0CBFAFF2000F0C8FABDE87040F7
:1072A000FF2000F0C3BA2DE9F04104460D46164612
:1072B0001F46EE2000F0BAFAB12000F0B7FA6220C3
:1072C00000F0B4FA200A00F0B1FAE0B200F0AEFA31
:1072D000280A00F0ABFAE8B200F0A8FA304600F055
:1072E000A5FA384600F0A2FAFF2000F09FFAFC2031
:1072F00000F09CFAFF2000F099FABDE8F041FF2071
:1073000000F094BA70B504460D461646EE2000F023
:107310008DFAB12000F08AFA632000F087FA200A83
:1073200000F084FAE0B200F081FA280A00F07EFA58
:10733000E8B200F07BFA002000F078FA300A00F0A2
:1073400075FAF0B200F072FAFF2000F06FFAFC203C
:1073500000F06CFAFF2000F069FABDE87040FF20F1
:1073600000F064BA70B504460D46EE2000F05EFAF7
:10737000B12000F05BFA632000F058FA200A00F018
:1073800055FAE0B200F052FA280A00F04FFAE8B2DB
:1073900000F04CFA012000F049FAFF2000F046FA14
:1073A000FC2000F043FAFF2000F040FABDE87040F6
:1073B000FF2000F03BBA2DE9F0410446DDF81880CB
:1073C0000D4616461F46EE2000F030FAB12000F0C0
:1073D0002DFA632000F02AFA200A00F027FAE0B222
:1073E00000F024FA280A00F021FAE8B200F01EFAB0
:1073F000022000F01BFA300A00F018FAF0B200F098
:1074000015FA380A00F012FAF8B200F00FFA4FEA53
:10741000182000F00BFA08F0FF0000F007FAFF2038
:1074200000F004FAFC2000F001FAFF2000F0FEF961
:10743000BDE8F041FF2000F0F9B92DE9F041074621
:107440000E4690461D460024EE2000F0EFF9B120D4
:1074500000F0ECF9502000F0E9F9380A00F0E6F904
:10746000F8B200F0E3F9300A00F0E0F9F0B200F011
:10747000DDF94FEA182000F0D9F908F0FF0000F01C
:10748000D5F935B1285D00F0D1F9641CE4B2072CC0
:10749000F8D3FF2000F0CAF9FC2000F0C7F9FF2064
:1074A00000F0C4F9BDE8F041FF2000F0BFB92DE9BC
:1074B000F04107460E4690461D460024EE2000F09F
:1074C000B5F9B12000F0B2F9512000F0AFF9380A57
:1074D00000F0ACF9F8B200F0A9F9300A00F0A6F912
:1074E000F0B200F0A3F94FEA182000F09FF908F07D
:1074F000FF0000F09BF935B1285D00F097F9641C9E
:10750000E4B2072CF8D3FF2000F090F9FC2000F043
:107510008DF9FF2000F08AF9BDE8F041FF2000F06E
:1075200085B970B504460D461646EE2000F07EF98A
:10753000B12000F07BF9522000F078F9200A00F029
:1075400075F9E0B200F072F9280A00F06FF9E8B2BC
:1075500000F06CF93046FDF7ECFEFF2000F066F914
:10756000FC2000F063F9FF2000F060F9BDE87040F6
:10757000FF2000F05BB970B504460D46EE2000F028
:1075800055F9B12000F052F9532000F04FF9200ACC
:1075900000F04CF9E0B200F049F9280A00F046F991
:1075A000E8B200F043F9FF2000F040F9FC2000F0C1
:1075B0003DF9FF2000F03AF9BDE87040FF2000F0EF
:1075C00035B970B504460D461646EE2000F02EF98A
:1075D000B12000F02BF9542000F028F9200A00F027
:1075E00025F9E0B200F022F9280A00F01FF9E8B20C
:1075F00000F01CF9300A00F019F9F0B200F016F9A9
:10760000FF2000F013F9FC2000F010F9FF2000F03B
:107610000DF9BDE87040FF2000F008B970B50446D0
:107620000D46EE2000F002F9B12000F0FFF85520E1
:1076300000F0FCF8200A00F0F9F8E0B200F0F6F8EB
:10764000280A00F0F3F8E8B200F0F0F8FF2000F0AC
:10765000EDF8FC2000F0EAF8FF2000F0E7F8BDE8C4
:107660007040FF2000F0E2B810B5EE2000F0DEF828
:10767000822000F0DBF8FF2000F0D8F8FC2000F0BA
:10768000D5F8FF2000F0D2F8BDE81040FF2000F050
:10769000CDB870B505460024EE2000F0C7F835B12E
:1076A000285D00F0C3F8641CE4B2132CF8D3FF206B
:1076B00000F0BCF8FC2000F0B9F8FF2000F0B6F8AC
:1076C000BDE87040FF2000F0B1B810B50446642C4E
:1076D00000D36424EE2000F0A9F8932000F0A6F86F
:1076E000204600F0A3F8FF2000F0A0F8FC2000F0F6
:1076F0009DF8FF2000F09AF8BDE81040FF2000F050
:1077000095B870B505460C46032C00D30324EE2033
:1077100000F08CF8902000F089F8012000F086F845
:10772000280A00F083F8E8B200F080F8204600F064
:107730007DF8FF2000F07AF8FC2000F077F8FF20B9
:1077400000F074F8BDE87040FF2000F06FB810B58D
:10775000EE2000F06BF8022000F068F8FF2000F047
:1077600065F8FC2000F062F8FF2000F05FF8BDE84B
:107770001040FF2000F05AB810B5EE2000F056F887
:10778000032000F053F8FF2000F050F8FC2000F038
:107790004DF8FF2000F04AF8BDE81040FF2000F04F
:1077A00045B810B5EE2000F041F8002000F03EF89A
:1077B000FF2000F03BF8FC2000F038F8FF2000F03C
:1077C00035F8BDE81040FF2000F030B810B5EE20CD
:1077D00000F02CF8072000F029F8352000F026F8FA
:1077E0005A2000F023F8532000F020F8A52000F0E4
:1077F0001DF8FF2000F01AF8FC2000F017F8FF2019
:1078000000F014F8BDE81040FF2000F00FB80000B1
:1078100010B501222449254818F041FBBDE810406D
:10782000234B282223A12AA02AF05ABA01B54FF4EB
:107830007A73012269461D4818F049FA002806D0DB
:107840001B4B33220C331BA12AA02AF049FA08BD96
:1078500010B50068304988420AD113480078FDF716
:1078600005FDBDE8104001220F49104818F017BB74
:1078700010BD10B50068284988420AD10A4800782E
:10788000FDF7F4FCBDE8104001220749074818F055
:1078900006BB10BD00682049884204D1012202497C
:1078A000024818F0FCBA704730C00120680100207F
:1078B000356104082E2E5C2E2E5C6463486D695C75
:1078C000686D6955736572556172742E63000000AE
:1078D00025732C25642C25733A73746172742068A7
:1078E0006D69207561727420696E69742E2E2E2E5A
:1078F0002E2E0A0025732C25642C25733A686D6999
:1079000020756172742074782074696D656F757468
:10791000212121210A000000004C004070477047DF
:10792000704770472DE9F8430125C4A293210D202B
:10793000FEF7F9FC4FF4487738461AF0BDFD0022F7
:10794000C7A1C8481FF012FEC74EB07058B101461B
:10795000C6A02AF0C5F9CEA293210D20FEF7E3FCC4
:107960000020BDE8F88341F270701AF0A5FD0122F5
:10797000D0A1D4481FF03AFEB070002810D00122E8
:10798000B7A100201FF0F2FDB278CAA1CEA02AF064
:10799000A7F9DBA293210D20FEF7C5FC0020E0E74C
:1079A00000221346C74820F0E6FAC6484FF480325A
:1079B000D0E904130020511A984112D2C14820F096
:1079C000C0FA0122A6A100201FF0D0FDB9A1D44821
:1079D0002AF086F9D3A293210D20FEF7A4FC002003
:1079E000BFE738461AF068FD0020F060F9F72EFD79
:1079F0004FF000644FF6FF79FF224946D2482AF043
:107A0000A7FC4FF480480FE06B464A46CE49AD488C
:107A10001FF0B6FFCC480099F9F7F8FCF060009829
:107A2000404500D200250444002DEDD1A54820F0AA
:107A300088FA01228AA100201FF098FDC34D04E0BE
:107A4000FF20F9F7F7FCF060641CAC42F8D3C048A3
:107A5000F268016891420CD1BEA02AF041F9CDA292
:107A600093210D20FEF75FFC38461AF025FD00201B
:107A700077E7CF482AF034F9CEA293210D20FEF704
:107A800052FC4FF49C74012221460D20FEF7CDFBE1
:107A9000651C012229460D20FEF7C7FB0122214665
:107AA0000D20FEF7ECFB012229460D20FEF7E7FB37
:107AB00038461AF001FD012053E72DE9F0411AF094
:107AC000AFFC72B600204FF0E021086111F0BEFB60
:107AD000C149C048086008F07BFB48B1BFA02AF04C
:107AE000FFF8BDE8F0419321C8A20D20FEF71BBCB2
:107AF0004FF448773846FBF72BFF4FF4803631467A
:107B0000F002FBF7C7F9002813D0C8A02AF0E8F864
:107B1000D0A293210D20FEF706FC44F62060FBF76F
:107B200017FFD3A293210D20FEF7FDFB0024864D05
:107B300009E0D7A02AF0D4F8BDE8F0419321B3A220
:107B40000D20FEF7F0BB295904F1006008F071FB2D
:107B500010B1D8A02AF0C4F8241DB442F3D311F018
:107B600086FBE1A02AF0BCF8E9A293210D20FEF7E4
:107B7000DAFB3846FBF7ECFEECA02AF0B1F8F6A2EF
:107B800093210D20FEF7CFFBFCF758FD704C2060D1
:107B900047F23050FBF7DCFE33482168C26891425F
:107BA00008D1F5482AF09CF8F4A293210D20FEF7A5
:107BB000BAFB0FE0FD482AF093F8FDA293210D20B7
:107BC000FEF7B1FB3F4820F0BCF9012224A10020C0
:107BD0001FF0CCFCF9F748FCFEE770B5394820F0FF
:107BE000B0F901221EA100201FF0C0FC4FF49670D6
:107BF0001AF062FC53A293210D20FEF794FB4FF480
:107C00009C74002221460D20FEF70FFB651C00220C
:107C100029460D20FEF709FB002221460D20FEF724
:107C20002EFB002229460D20FEF729FB611EBDE830
:107C3000704001220D20FEF722BB0000506C6561F0
:107C40007365205374616E6462792C446F204E6FAB
:107C50007420506F776572204F6666212100000006
:107C6000303A0000204B002034000020426F6F7437
:107C70006C6F616465723A4D6F756E742046617405
:107C8000667320657272726F723A2564210A000071
:107C90004D6F756E7420757362206469736B206517
:107CA0007272726F722C6578697420757064617479
:107CB000652100002F626F6F746C6F61642E6269C2
:107CC0006E000000604D0020426F6F744C6F616465
:107CD00065723A4F70656E202573206661696C2C61
:107CE000756E6D6F756E7420757362206469736B49
:107CF0002C45434F44453D307825303258480A00E2
:107D00004F70656E2066696C6520657272726F7265
:107D10002C657869742075706461746521000000B9
:107D2000BC6E040846696C65206973206F766572C5
:107D3000206C656E6774682C657869742075706452
:107D4000617465210000000000000010FFFF0008C2
:107D50001C000020426F6F744C6F616465723A6F53
:107D60006C6420637263253038583A20616E642059
:107D70006E6577206372633A253038582069732026
:107D800073616D652C736B697020757064617465C7
:107D9000210A000046696C652069732073616D6576
:107DA0002C736B6970207570646174652E2E2E00C3
:107DB000706E0408436F6E6669726D207570646141
:107DC00074652E2E2E594553204F52204E4F21219F
:107DD00021000000910001000C3C0240426F6F74D2
:107DE0004C6F616465723A457261736520626F6FB2
:107DF000746C6F6164206661696C2C2047616D65ED
:107E00004F76657221212121210A0000457261739C
:107E10006520626F6F746C6F6164206661696C2CA1
:107E200047616D65204F766572210000426F6F7467
:107E30006C6F616465723A4572617365206D63753C
:107E400020626F6F6C6F6164207375636573732E4E
:107E50000A000000457261736520626F6F746C6F79
:107E600061642073756365737366756C2E2E2E00C6
:107E7000537461727420757064617465206E6577E7
:107E800020626F6F746C6F61642E2E2E00000000F4
:107E9000426F6F746C6F616465723A4572617365AD
:107EA000206D637520626F6F6C6F6164206661691D
:107EB0006C2E0A00426F6F744C6F616465723A7782
:107EC00072697465206D637520626F6F746C6F6189
:107ED00064206661696C2C47616D654F766572211F
:107EE000212121210A000000426F6F744C6F6164F0
:107EF00065723A557064617465206E657720626FB3
:107F00006F746C6F616420646F6E652E2E2E0A0094
:107F1000557064617465206E657720626F6F746C54
:107F20006F616420646F6E652E2E2E00426F6F7439
:107F30004C6F616465723A53746172742063686552
:107F4000636B73756D206E657720626F6F746C6FF5
:107F500061642E2E2E0A00005374617274206368CF
:107F600065636B73756D206E657720626F6F746CDF
:107F70006F61642E2E2E0000006F04084368656355
:107F80006B73756D20626F6F746C6F6164207061CC
:107F900073732C706F776572206379636C652074DE
:107FA00068652073797374656D000000206E0408A5
:107FB000436865636B73756D20626F6F746C6F617E
:107FC00064206661696C2C47616D65204F7665722F
:107FD000212121001CB54622F5494FF4EC50FAF757
:107FE000A3FD1122F249F34813F0F2FB019001A91D
:107FF00041F67850FAF728FD01980090EE4BFA22EE
:10800000EEA1F5A029F06CFE1CBD2DE9F843462237
:10801000E7494FF4EC50FAF735FD694641F67850E0
:10802000FAF7BCFC1122E249E24813F0D1FB0099B7
:10803000814255D0E04BBA22113BE0A1F6A029F0D5
:108040004FFEDD4BBB22113BDCA1FEA029F048FE18
:10805000D74C092222801C2363803025A58044262A
:10806000E680572727814FF0690CA4F80AC04FF02B
:108070007808A4F80C804FF08509A4F80E909020A1
:10808000208299216182A282E38225836683A7836D
:10809000A4F81EC0A4F82080A4F82290A084E18453
:1080A0004FF41670A4F8420040F2E97020870620D1
:1080B00060870820A087EDA104F1280029F01CFEAC
:1080C000322084F83F0084F83E0084F840003C20D1
:1080D00084F84100012084F84400FFF77BFF40E46E
:1080E000B54BF222113BB5A1E3A029F0F9FD38E42C
:1080F00010B50446224602210820FEF7C0F80120F0
:10810000FBF726FC224603210820FEF7B8F80120E1
:10811000FBF71EFC224604210820FEF7B0F80120E0
:10812000FBF716FC224605210820FEF7A8F80120DF
:10813000FBF70EFC224606210820FEF7A0F80120DE
:10814000FBF706FC224607210820FEF798F80120DD
:10815000FBF7FEFB082122460846FEF790F80120B7
:10816000FBF7F6FB224609210820FEF788F80120DC
:10817000FBF7EEFB22460C210820FEF780F80120D9
:10818000FBF7E6FB22460D210820FEF778F80120D8
:10819000FBF7DEFB22460E21BDE810400820FEF76B
:1081A0006EB810B50446E2B263210620FEF73DF832
:1081B000E2B26321BDE810400720FEF736B810B5E3
:1081C000C4B04FF4807104A82AF0ECF8B44CB4F9B0
:1081D0006C05B4F96A15B4F90620B4F90430CDE998
:1081E0000210CDE90032B4F90230B4F90020ADA19B
:1081F00004A829F081FDB4F92600062807D0072835
:1082000003D104AA6321FEF78EF844B010BD04AA7E
:1082100063210620FEF787F8F7E770B52DED028B96
:10822000C2B00024624D4FF48076B2EE048A31462B
:1082300002A82AF0B7F835F8140000EE100AF8EE9C
:10824000400A80EE880A10EE100A2DF09FFA41ECE9
:10825000100BA1A153EC102B02A829F04DFD02AA8E
:1082600004F164010D20FEF75EF8641CE4B20A2CF0
:10827000DDD30024314602A82AF094F805EB44002F
:10828000808A00EE100AF8EE400A80EE880A10EEAE
:10829000100A2DF07BFA41EC100B8FA153EC102B40
:1082A00002A829F029FD02AA04F16E010D20FEF7B3
:1082B0003AF8641CE4B20A2CDCD30024009435F9AB
:1082C000382F01238C210D20FEF757F80094B5F9C3
:1082D000022001238D210D20FEF74FF80094B5F9FF
:1082E000042001238E210D20FEF747F8304A8F210C
:1082F00028320D20FEF717F8009495F90620012387
:1083000090210D20FEF739F8009495F907200123FC
:1083100091210D20FEF731F8009495F908200123F2
:1083200092210D20FEF729F8009495F909200123E8
:1083300094210D20FEF721F80094B5F90A200123BD
:1083400095210D20FEF719F840F23714012221463D
:108350000D20FDF794FF002221460D20FDF7B9FF07
:10836000641C002221460D20FDF789FF661C0022B7
:1083700031460D20FDF783FF002221460D20FDF739
:1083800054FF002231460D20FDF74FFF00229321BC
:108390000D20FDF74AFF0FA293210D20FDF7C3FF2B
:1083A000287BA11C10B100220D2099E09EE0000066
:1083B000E84F002008000020626104082E2E5C2E89
:1083C0002E5C4D61696E4170705C6463486D6941FB
:1083D00070702E630000000025732C25642C25731B
:1083E0003A736176652064657669636520636F6EB4
:1083F00066696720746F206570726F6D20646F6EA0
:10840000652E2E2E28434647204352433A30782586
:10841000303858290A00000025732C25642C257358
:108420003A6C6F61642064657669636520636F6E82
:1084300066696720637263206661696C2121210A85
:108440000000000025732C25642C25733A75736990
:108450006E672064656661756C7420646576696317
:108460006520636F6E666967210A00005858585886
:108470002D5858585800000025732C25642C25735E
:108480003A6C6F61642064657669636520636F6E22
:1084900066696720646F6E652E2E2E0A000000004C
:1084A0004E0700204C543A253035642C48543A2568
:1084B0003035642C4D543A253035642C42543A25DD
:1084C0003035642C4650443A253035642C4C5044A9
:1084D0003A2530356400000025342E316600000056
:1084E000FDF7F7FE42B0BDEC028B70BD01220D20FE
:1084F000FDF7EFFEF6E72DE9F043C9B04FF48075C4
:10850000294609A829F04EFFFE4CB4F96605B4F9D6
:108510006415B4F96225B4F96035CDE90232CDE9CC
:108520000410B4F95E05B4F95C15CDE90010B4F996
:108530005A35B4F95825F4A109A829F0DDFB09AA98
:1085400001210D20FDF7EFFE294609A829F02AFF99
:10855000B4F97605B4F97415B4F97225B4F9703527
:10856000CDE90232CDE90410B4F96E05B4F96C1509
:10857000CDE90010B4F96A35B4F96825F24909A8C3
:1085800029F0BAFB09AA02210D20FDF7CCFE2946ED
:1085900009A829F007FFB4F98C05B4F98A15B4F9D4
:1085A0008825B4F98635CDE90232CDE90410B4F955
:1085B0008405B4F98215CDE90010B4F98035B4F919
:1085C0007E25E2A109A829F097FB09AA03210D2025
:1085D000FDF7A9FE294609A829F0E4FE45F284101A
:1085E000F8F78DFF064645F28110F8F788FF8046C0
:1085F0004FF4A340F8F783FF814645F28210F8F765
:108600007EFF074645F28310F8F779FF0246B4F97A
:108610000630B4F96C05B4F96A15B4F904C0CDE9B3
:1086200005C3CDE90710B4F90200B4F90010CDE993
:108630000098CDE9026104903B46D44909A829F08D
:108640005BFB09AA04210D20FDF76DFE294609A850
:1086500029F0A8FEB4F90A000090B4F90830B4F982
:108660008C25CBA109A829F047FB09AA11210D20CF
:10867000FDF759FE294609A829F094FE45F2A960A4
:10868000F8F73DFF044645F2A860F8F738FF0246C8
:108690002346C6A109A829F02FFB09AA16210D20FF
:1086A000FDF741FE49B0BDE8F08310B50B20FEF7A1
:1086B000F8F900210420FEF707FA00210520FEF753
:1086C00003FA00210620FEF7FFF900210720FEF73C
:1086D000FBF900210820FEF7F7F900210920FEF739
:1086E000F3F900210A20FEF7EFF900210B20FEF735
:1086F000EBF900210C20FEF7E7F900210D20FEF731
:10870000E3F900210E20FEF7DFF900210F20FEF72C
:10871000DBF900211020FEF7D7F900211120FEF728
:10872000D3F900211220FEF7CFF900211320FEF724
:10873000CBF9BDE81040FEF794BA30B5C1B005469C
:108740000C464FF4807101A829F02CFE0A2D82F00E
:108750003880DFE815F04B0D0A004A014802FC049E
:1087600098067D079908BA09770C96A226210B2056
:10877000FDF7D9FD974C206829F054FD6C2808D8E6
:1087800001A8216829F02AFD01AA14210B20FDF778
:10879000CAFD606929F046FD6C2808D801A8616906
:1087A00029F01CFD01AA15210B20FDF7BCFDA06AD4
:1087B00029F038FD6C2808D801A8A16A29F00EFD1F
:1087C00001AA16210B20FDF7AEFD0B20FEF769F97B
:1087D00001210420FEF734FA01210520FEF730FACA
:1087E00001210620FEF72CFA00210720FEF728FAC7
:1087F00000210820FEF724FA00210920FEF720FAC4
:1088000000210A20FEF71CFA00210B20FEF718FABF
:1088100000210C20FEF714FA00210D20FEF710FABB
:1088200000210E20FEF70CFA00210F20FEF708FAB7
:1088300000211020FEF704FA00211120FEF700FAB3
:1088400000211220FEF7FCF900211320FEF7F8F9B1
:10885000FEF707FA0B20FEF724F901211420FEF79A
:10886000DEF901211520FEF7DAF901211620FEF7C5
:10887000D6F900211720FEF7D2F900211820FEF7C3
:10888000CEF900211920FEF7CAF900211A20FEF7BF
:10889000C6F900211B20FEF7C2F900211C20FEF7BB
:1088A000BEF900211D20FEF7BAF900211E20FEF7B7
:1088B000B6F900211F20FEF7B2F900212020FEF7B3
:1088C000AEF900212120FEF7AAF900212220FEF7AF
:1088D000A6F900212320FEF7A2F9FEF7C2F9002233
:1088E00027210B20FDF7CBFC002227210B20FDF7D1
:1088F0009CFC002228210B20FDF7C1FC002228212E
:108900000B2069E04E07002041303A253035642CB9
:1089100041313A253035642C41323A253035642CCA
:1089200041333A253035642C41343A253035642CB6
:1089300041353A253035642C41363A253035642CA2
:1089400041373A2530356400A06F040844303A2599
:108950003035642C44313A253035642C44323A2584
:108960003035642C44333A253035642C44343A2570
:108970003035642C44353A253035642C44363A255C
:108980003035642C44373A2530356400446F040890
:108990005049443A253035642C4650574D3A2530DD
:1089A00035642C4646473A253035640057465357C0
:1089B000204E433A2531642C57465357204E4F3AA8
:1089C000253164002D2050686C65626F6C6F67798B
:1089D000000000003C500020FDF727FC0022012190
:1089E0000B20FDF74CFC01F0ECBEFDA226210B2074
:1089F000FDF799FCFE4C206829F014FC6C2808D87F
:108A000001A8216829F0EAFB01AA14210B20FDF737
:108A10008AFC606929F006FC6C2808D801A8616905
:108A200029F0DCFB01AA15210B20FDF77CFCA06AD4
:108A300029F0F8FB6C2808D801A8A16A29F0CEFB20
:108A400001AA16210B20FDF76EFCE06B29F0EAFB72
:108A50006C2808D801A8E16B29F0C0FB01AA1721F6
:108A60000B20FDF760FC206D29F0DCFB6C2808D89A
:108A700001A8216D29F0B2FB01AA18210B20FDF7F6
:108A800052FC606E29F0CEFB6C2808D801A8616EFC
:108A900029F0A4FB01AA19210B20FDF744FC0B20AF
:108AA000FDF7FFFF01210420FEF7CAF80121052090
:108AB000FEF7C6F801210620FEF7C2F801210720C3
:108AC000FEF7BEF801210820FEF7BAF801210920BF
:108AD000FEF7B6F800210A20FEF7B2F800210B20BD
:108AE000FEF7AEF800210C20FEF7AAF800210D20B9
:108AF000FEF7A6F800210E20FEF7A2F800210F20B5
:108B0000FEF79EF800211020FEF79AF800211120B0
:108B1000FEF796F800211220FEF792F800211320AC
:108B2000FEF78EF8FEF79DF80B20FDF7BAFF012146
:108B30001420FEF774F801211520FEF770F80121CA
:108B40001620FEF76CF801211720FEF768F80121C6
:108B50001820FEF764F801211920FEF760F80021C3
:108B60001A20FEF75CF800211B20FEF758F80021C0
:108B70001C20FEF754F800211D20FEF750F80021BC
:108B80001E20FEF74CF800211F20FEF748F80021B8
:108B90002020FEF744F800212120FEF740F80021B4
:108BA0002220FEF73CF800212320FEF738F8FEF7DC
:108BB00058F8002227210B20FDF761FB0022272116
:108BC0000B20FDF732FB002228210B20FDF757FB7D
:108BD000002228210B20FDF728FB002201210B2079
:108BE000FDF74DFBFFE683A226210B20FDF79BFB43
:108BF000844D102C7EDA286829F014FB6C2808D8E4
:108C000001A8296829F0EAFA01AA14210B20FDF72E
:108C10008AFB686929F006FB6C2808D801A86969F5
:108C200029F0DCFA01AA15210B20FDF77CFBA86ACC
:108C300029F0F8FA6C2808D801A8A96A29F0CEFA18
:108C400001AA16210B20FDF76EFBE86B29F0EAFA6A
:108C50006C2808D801A8E96B29F0C0FA01AA1721ED
:108C60000B20FDF760FB286D29F0DCFA6C2808D892
:108C700001A8296D29F0B2FA01AA18210B20FDF7ED
:108C800052FB686E29F0CEFA6C2808D801A8696EEC
:108C900029F0A4FA01AA19210B20FDF744FBA86FC3
:108CA00029F0C0FA6C2808D801A8A96F29F096FA13
:108CB00001AA1A210B20FDF736FBD5F88C0029F00C
:108CC000B1FA6C2809D801A8D5F88C1029F086FAD9
:108CD00001AA1B210B20FDF726FBD5F8A00029F0E7
:108CE000A1FA6C280BD801A8D5F8A01029F076FAC3
:108CF00001AA00E027E11C210B20FDF714FBD5F8A9
:108D0000B40029F08FFA6C2809D801A8D5F8B4105E
:108D100029F064FA01AA1D210B20FDF704FBD5F808
:108D2000C80029F07FFA6C2809D801A8D5F8C81026
:108D300029F054FA01AA1E210B20FDF7F4FAD5F808
:108D4000DC0029F06FFA6C2809D801A8D5F8DC10EE
:108D500029F044FA01AA1F210B20FDF7E4FAD5F807
:108D6000F00029F05FFA6C2809D801A8D5F8F010B6
:108D700029F034FA01AA20210B20FDF7D4FAD5F806
:108D8000040129F04FFA6C2809D801A8D5F804117C
:108D900029F024FA01AA21210B20FDF7C4FAD5F805
:108DA000180129F03FFA6C2809D801A8D5F8181144
:108DB00029F014FA01AA22210B20FDF7B4FAD5F804
:108DC0002C0129F02FFA6C2809D801A8D5F82C110C
:108DD00029F004FA01AA23210B20FDF7A4FA13E0DD
:108DE0002D2050726F63746F6C6F67790000000004
:108DF000BC5200202D2047796E65636F6C6F6779D8
:108E0000000000003C5500200B20FDF74AFE012128
:108E10000420FDF715FF01210520FDF711FF0121B9
:108E20000620FDF70DFF01210720FDF709FF0121B5
:108E30000820FDF705FF01210920FDF701FF0121B1
:108E40000A20FDF7FDFE01210B20FDF7F9FE0121AF
:108E50000C20FDF7F5FE01210D20FDF7F1FE0121AB
:108E60000E20FDF7EDFE01210F20FDF7E9FE0121A7
:108E70001020FDF7E5FE01211120FDF7E1FE0121A3
:108E80001220FDF7DDFE01211320FDF7D9FEFDF7CD
:108E9000E8FE0B20FDF705FE01211420FDF7BFFEC3
:108EA00001211520FDF7BBFE01211620FDF7B7FEBD
:108EB00001211720FDF7B3FE01211820FDF7AFFEB9
:108EC00001211920FDF7ABFE01211A20FDF7A7FEB5
:108ED00001211B20FDF7A3FE01211C20FDF79FFEB1
:108EE00001211D20FDF79BFE01211E20FDF797FEAD
:108EF00001211F20FDF793FE01212020FDF78FFEA9
:108F000001212120FDF78BFE01212220FDF787FEA4
:108F100001212320FDF783FEFDF7A3FE0022272178
:108F20000B20FDF7ACF9002227210B20FDF77DF97E
:108F3000012228210B20FDF7A2F9012228210B2074
:108F4000FDF773F9FDE0D5F8400129F06BF96C28C5
:108F500009D801A8D5F8401129F040F901AA142137
:108F60000B20FDF7E0F9D5F8540129F05BF96C28E6
:108F700009D801A8D5F8541129F030F901AA152112
:108F80000B20FDF7D0F9D5F8680129F04BF96C28D2
:108F900009D801A8D5F8681129F020F901AA1621ED
:108FA0000B20FDF7C0F9D5F87C0129F03BF96C28BE
:108FB00009D801A8D5F87C1129F010F901AA1721C8
:108FC0000B20FDF7B0F9D5F8900129F02BF96C28AA
:108FD00009D801A8D5F8901129F000F901AA1821A3
:108FE0000B20FDF7A0F9D5F8A40129F01BF96C2896
:108FF00009D801A8D5F8A41129F0F0F801AA19217F
:109000000B20FDF790F90B20FDF74BFD012104200B
:10901000FDF716FE01210520FDF712FE01210620B5
:10902000FDF70EFE01210720FDF70AFE01210820B1
:10903000FDF706FE01210920FDF702FE00210A20AE
:10904000FDF7FEFD00210B20FDF7FAFD00210C20AD
:10905000FDF7F6FD00210D20FDF7F2FD00210E20A9
:10906000FDF7EEFD00210F20FDF7EAFD00211020A5
:10907000FDF7E6FD00211120FDF7E2FD00211220A1
:10908000FDF7DEFD00211320FDF7DAFDFDF7E9FD18
:109090000B20FDF706FD01211420FDF7C0FD012185
:1090A0001520FDF7BCFD01211620FDF7B8FD0121BB
:1090B0001720FDF7B4FD01211820FDF7B0FD0121B7
:1090C0001920FDF7ACFD00211A20FDF7A8FD0021B5
:1090D0001B20FDF7A4FD00211C20FDF7A0FD0021B1
:1090E0001D20FDF79CFD00211E20FDF798FD0021AD
:1090F0001F20FDF794FD00212020FDF790FD0021A9
:109100002120FDF78CFD00212220FDF788FD0021A4
:109110002320FDF784FDFDF7A4FD012227210B206C
:10912000FDF7ADF8012227210B20FDF77EF8002284
:1091300028210B20FDF7A3F8002228210B20FDF7A2
:1091400074F8002201210B20FDF799F84BE4FEA2F0
:1091500026210B20FDF7E7F8FD4C206829F062F886
:109160006C2808D801A8216829F038F801AA142130
:109170000B20FDF7D8F8606929F054F86C2808D85E
:1091800001A8616929F02AF801AA15210B20FDF731
:10919000CAF8A06A29F046F86C2808D801A8A16A84
:1091A00029F01CF801AA16210B20FDF7BCF8E06B92
:1091B00029F038F86C2808D801A8E16B29F00EF8DE
:1091C00001AA17210B20FDF7AEF8206D29F02AF82F
:1091D0006C2808D801A8216D29F000F801AA1821EF
:1091E0000B20FDF7A0F8606E29F01CF86C2808D859
:1091F00001A8616E28F0F2FF01AA19210B20FDF7EA
:1092000092F8A06F29F00EF86C2808D801A8A16F79
:1092100028F0E4FF01AA1A210B20FDF784F8D4F806
:109220008C0028F0FFFF6C2809D801A8D4F88C1016
:1092300028F0D4FF01AA1B210B20FDF774F8D4F805
:10924000A00028F0EFFF6C2809D801A8D4F8A010DE
:1092500028F0C4FF01AA1C210B20FDF764F8D4F804
:10926000B40028F0DFFF6C2809D801A8D4F8B410A6
:1092700028F0B4FF01AA1D210B20FDF754F8D4F803
:10928000C80028F0CFFF6C2809D801A8D4F8C8106E
:1092900028F0A4FF01AA1E210B20FDF744F8D4F802
:1092A000DC0028F0BFFF6C2809D801A8D4F8DC1036
:1092B00028F094FF01AA1F210B20FDF734F8D4F801
:1092C000F00028F0AFFF6C2809D801A8D4F8F010FE
:1092D00028F084FF01AA20210B20FDF724F8D4F800
:1092E000040128F09FFF6C2809D801A8D4F80411C4
:1092F00028F074FF01AA21210B20FDF714F8D4F8FF
:10930000180128F08FFF6C2809D801A8D4F82C1177
:1093100028F064FF01AA22210B20FDF704F8D4F8FD
:109320002C0128F07FFF6C2809D801A8D4F82C1153
:1093300028F054FF01AA23210B20FCF7F4FF0B2097
:10934000FDF7AFFB01210420FDF77AFC0121052088
:10935000FDF776FC01210620FDF772FC01210720B4
:10936000FDF76EFC01210820FDF76AFC01210920B0
:10937000FDF766FC01210A20FDF762FC01210B20AC
:10938000FDF75EFC01210C20FDF75AFC01210D20A8
:10939000FDF756FC01210E20FDF752FC01210F20A4
:1093A000FDF74EFC01211020FDF74AFC01211120A0
:1093B000FDF746FC01211220FDF742FC012113209C
:1093C000FDF73EFCFDF74DFC0B20FDF76AFB01218C
:1093D0001420FDF724FC01211520FDF720FC0121BC
:1093E0001620FDF71CFC01211720FDF718FC0121B8
:1093F0001820FDF714FC01211920FDF710FC0121B4
:109400001A20FDF70CFC01211B20FDF708FC0121AF
:109410001C20FDF704FC01211D20FDF700FC0121AB
:109420001E20FDF7FCFB01211F20FDF7F8FB0121A9
:109430002020FDF7F4FB01212120FDF7F0FB0121A5
:109440002220FDF7ECFB01212320FDF7E8FBFDF7CF
:1094500008FC002227210B20FCF711FF0022272106
:109460000B20FCF7E2FE002228210B20FCF707FF6F
:10947000002228210B20FCF7D8FE002201210B201E
:10948000FCF7FDFE62E633A226210B20FCF74BFF22
:10949000344C206828F0C6FE6C2808D801A8216842
:1094A00028F09CFE01AA14210B20FCF73CFF606908
:1094B00028F0B8FE6C2808D801A8616928F08EFE53
:1094C00001AA15210B20FCF72EFFA06A28F0AAFEA6
:1094D0006C2808D801A8A16A28F080FE01AA1621EC
:1094E0000B20FCF720FF0B20FDF7DBFA0121042005
:1094F000FDF7A6FB01210520FDF7A2FB01210620B7
:10950000FDF79EFB00210720FDF79AFB00210820B4
:10951000FDF796FB00210920FDF792FB00210A20B0
:10952000FDF78EFB00210B20FDF78AFB00210C20AC
:10953000FDF786FB00210D20FDF782FB00210E20A8
:10954000FDF77EFB00210FE02D20454E540000006A
:10955000BC5700202D204E6575726F73757267655C
:10956000727900003C5A00200F20FDF769FB0021B2
:109570001020FDF765FB00211120FDF761FB0021A4
:109580001220FDF75DFB00211320FDF759FBFDF7CD
:1095900068FB0B20FDF785FA01211420FDF73FFB46
:1095A00001211520FDF73BFB01211620FDF737FBBC
:1095B00000211720FDF733FB00211820FDF72FFBBA
:1095C00000211920FDF72BFB00211A20FDF727FBB6
:1095D00000211B20FDF723FB00211C20FDF71FFBB2
:1095E00000211D20FDF71BFB00211E20FDF717FBAE
:1095F00000211F20FDF713FB00212020FDF70FFBAA
:1096000000212120FDF70BFB00212220FDF707FBA5
:1096100000212320FDF703FBFDF723FB0022272178
:109620000B20FCF72CFE002227210B20FCF7FDFD70
:10963000002228210B20FCF722FE002228210B20EB
:10964000FCF7F3FD002201210B20FCF718FE7DE55D
:10965000FCA226210B20FCF766FEFE4C206828F0B9
:10966000E1FD6C2808D801A8216828F0B7FD01AAFF
:1096700014210B20FCF757FE606928F0D3FD6C28FD
:1096800008D801A8616928F0A9FD01AA15210B20BD
:10969000FCF749FEA06A28F0C5FD6C2808D801A88F
:1096A000A16A28F09BFD01AA16210B20FCF73BFEC6
:1096B000E06B28F0B7FD6C2808D801A8E16B28F012
:1096C0008DFD01AA17210B20FCF72DFE206D28F03F
:1096D000A9FD6C2808D801A8216D28F07FFD01AAFA
:1096E00018210B20FCF71FFE606E28F09BFD6C28F4
:1096F00008D801A8616E28F071FD01AA19210B207C
:10970000FCF711FEA06F28F08DFD6C2808D801A889
:10971000A16F28F063FD01AA1A210B20FCF703FEBC
:10972000D4F88C0028F07EFD6C2809D801A8D4F864
:109730008C1028F053FD01AA1B210B20FCF7F3FD30
:109740000B20FDF7AEF901210420FDF779FA012184
:109750000520FDF775FA01210620FDF771FA0121B8
:109760000720FDF76DFA01210820FDF769FA0121B4
:109770000920FDF765FA01210A20FDF761FA0121B0
:109780000B20FDF75DFA00210C20FDF759FA0021AE
:109790000D20FDF755FA00210E20FDF751FA0021AA
:1097A0000F20FDF74DFA00211020FDF749FA0021A6
:1097B0001120FDF745FA00211220FDF741FA0021A2
:1097C0001320FDF73DFAFDF74CFA0B20FDF769F980
:1097D00001211420FDF723FA01211520FDF71FFABE
:1097E00001211620FDF71BFA01211720FDF717FABA
:1097F00001211820FDF713FA01211920FDF70FFAB6
:1098000001211A20FDF70BFA01211B20FDF707FAB1
:1098100000211C20FDF703FA00211D20FDF7FFF9B0
:1098200000211E20FDF7FBF900211F20FDF7F7F9AD
:1098300000212020FDF7F3F900212120FDF7EFF9A9
:1098400000212220FDF7EBF900212320FDF7E7F9A5
:10985000FDF707FA002227210B20FCF710FD00225C
:1098600027210B20FCF7E1FC002228210B20FCF72C
:1098700006FD002228210B20FCF7D7FC0022012145
:109880000B20FCF7FCFC61E473A226210B20FCF703
:109890004AFD754C206828F0C5FC6C2808D801A842
:1098A000216828F09BFC01AA14210B20FCF73BFD4A
:1098B000606928F0B7FC6C2808D801A8616928F015
:1098C0008DFC01AA15210B20FCF72DFDA06A28F0C4
:1098D000A9FC6C2808D801A8A16A28F07FFC01AA7D
:1098E00016210B20FCF71FFDE06B28F09BFC6C2879
:1098F00008D801A8E16B28F071FC01AA17210B2000
:10990000FCF711FD206D28F08DFC6C2808D801A80B
:10991000216D28F063FC01AA18210B20FCF703FD40
:10992000606E28F07FFC6C2808D801A8616E28F0D2
:1099300055FC01AA19210B20FCF7F5FCA06F28F0BB
:1099400071FC6C2808D801A8A16F28F047FC01AA77
:109950001A210B20FCF7E7FC0B20FDF7A2F80121F0
:109960000420FDF76DF901210520FDF769F90121BA
:109970000620FDF765F901210720FDF761F90121B6
:109980000820FDF75DF901210920FDF759F90121B2
:109990000A20FDF755F900210B20FDF751F90021B0
:1099A0000C20FDF74DF900210D20FDF749F90021AC
:1099B0000E20FDF745F900210F20FDF741F90021A8
:1099C0001020FDF73DF900211120FDF739F90021A4
:1099D0001220FDF735F900211320FDF731F9FDF7CD
:1099E00040F90B20FDF75DF801211420FDF717F970
:1099F00001211520FDF713F901211620FDF70FF9BC
:109A000001211720FDF70BF901211820FDF707F9B7
:109A100001211920FDF703F901211A20FDF7FFF8B4
:109A200000211B20FDF7FBF800211C20FDF7F7F8B3
:109A300000211D20FDF7F3F800211E20FDF7EFF8AF
:109A4000002113E02D204465726D61746F6C6F67A7
:109A500079000000BC5C00202D204C69706F73758C
:109A60006374696F6E0000003C5F00201F20FDF7EB
:109A7000D6F800212020FDF7D2F800212120FDF7A3
:109A8000CEF800212220FDF7CAF800212320FDF79F
:109A9000C6F8FDF7E6F8002227210B20FCF7EFFBC4
:109AA000002227210B20FCF7C0FB002228210B20DD
:109AB000FCF7E5FB002228210B20FCF7B6FB002277
:109AC00001210B20FCF7DBFBDCE4FEA226210B20AE
:109AD000FCF729FCFE4D102C7EDA286828F0A2FB4A
:109AE0006C2808D801A8296828F078FB01AA14215D
:109AF0000B20FCF718FC686928F094FB6C2808D848
:109B000001A8696928F06AFB01AA15210B20FCF75E
:109B10000AFCA86A28F086FB6C2808D801A8A96A64
:109B200028F05CFB01AA16210B20FCF7FCFBE86B7C
:109B300028F078FB6C2808D801A8E96B28F04EFBC8
:109B400001AA17210B20FCF7EEFB286D28F06AFB19
:109B50006C2808D801A8296D28F040FB01AA18211B
:109B60000B20FCF7E0FB686E28F05CFB6C2808D843
:109B700001A8696E28F032FB01AA19210B20FCF71D
:109B8000D2FBA86F28F04EFB6C2808D801A8A96F5B
:109B900028F024FB01AA1A210B20FCF7C4FBD5F8FE
:109BA0008C0028F03FFB6C2809D801A8D5F88C1050
:109BB00028F014FB01AA1B210B20FCF7B4FBD5F8FD
:109BC000A00028F02FFB6C280BD801A8D5F8A01016
:109BD00028F004FB01AA00E017E11C210B20FCF790
:109BE000A2FBD5F8B40028F01DFB6C2809D801A809
:109BF000D5F8B41028F0F2FA01AA1D210B20FCF7C9
:109C000092FBD5F8C80028F00DFB6C2809D801A8F4
:109C1000D5F8C81028F0E2FA01AA1E210B20FCF7A3
:109C200082FBD5F8DC0028F0FDFA6C2809D801A8E1
:109C3000D5F8DC1028F0D2FA01AA1F210B20FCF77E
:109C400072FBD5F8F00028F0EDFA6C2809D801A8CD
:109C5000D5F8F01028F0C2FA01AA20210B20FCF759
:109C600062FBD5F8040128F0DDFA6C2809D801A8B8
:109C7000D5F8041128F0B2FA01AA21210B20FCF733
:109C800052FBD5F8180128F0CDFA6C2809D801A8A4
:109C9000D5F8181128F0A2FA01AA22210B20FCF70E
:109CA00042FBD5F82C0128F0BDFA6C2809D801A890
:109CB000D5F82C1128F092FA01AA23210B20FCF7E9
:109CC00032FB0B20FCF7EDFE01210420FCF7B8FF6E
:109CD00001210520FCF7B4FF01210620FCF7B0FFAD
:109CE00001210720FCF7ACFF01210820FCF7A8FFA9
:109CF00001210920FCF7A4FF01210A20FCF7A0FFA5
:109D000001210B20FCF79CFF01210C20FCF798FFA0
:109D100001210D20FCF794FF01210E20FCF790FF9C
:109D200001210F20FCF78CFF01211020FCF788FF98
:109D300001211120FCF784FF01211220FCF780FF94
:109D400001211320FCF77CFFFCF78BFF0B20FCF7B5
:109D5000A8FE01211420FCF762FF01211520FCF769
:109D60005EFF01211620FCF75AFF01211720FCF7A6
:109D700056FF01211820FCF752FF01211920FCF7A2
:109D80004EFF01211A20FCF74AFF01211B20FCF79E
:109D900046FF01211C20FCF742FF01211D20FCF79A
:109DA0003EFF01211E20FCF73AFF01211F20FCF796
:109DB00036FF01212020FCF732FF01212120FCF792
:109DC0002EFF01212220FCF72AFF01212320FCF78E
:109DD00026FFFCF746FF002227210B20FCF74FFA55
:109DE000002227210B20FCF720FA012228210B203A
:109DF000FCF745FA012228210B20FCF716FA002275
:109E000001210B20FCF73BFA21E4D5F8400128F0B2
:109E100009FA6C2809D801A8D5F8401128F0DEF914
:109E200001AA14210B20FCF77EFAD5F8540128F082
:109E3000F9F96C2809D801A8D5F8541128F0CEF901
:109E400001AA15210B20FCF76EFAD5F8680128F05D
:109E5000E9F96C2809D801A8D5F8681128F0BEF9ED
:109E600001AA16210B20FCF75EFAD5F87C0128F038
:109E7000D9F96C2809D801A8D5F87C1128F0AEF9D9
:109E800001AA17210B20FCF74EFAD5F8900128F013
:109E9000C9F96C2809D801A8D5F8901128F09EF9C5
:109EA00001AA18210B20FCF73EFAD5F8A40128F0EE
:109EB000B9F96C2812D801A8D5F8A41128F08EF9A8
:109EC00001AA07E02D2044656E74697374727900ED
:109ED000BC61002019210B20FCF725FAD5F8B80148
:109EE00028F0A0F96C2809D801A8D5F8B81128F0F5
:109EF00075F901AA1A210B20FCF715FA0B20FCF7C3
:109F0000D0FD01210420FCF79BFE01210520FCF778
:109F100097FE01210620FCF793FE01210720FCF7A4
:109F20008FFE01210820FCF78BFE01210920FCF7A0
:109F300087FE01210A20FCF783FE00210B20FCF79D
:109F40007FFE00210C20FCF77BFE00210D20FCF79A
:109F500077FE00210E20FCF773FE00210F20FCF796
:109F60006FFE00211020FCF76BFE00211120FCF792
:109F700067FE00211220FCF763FE00211320FCF78E
:109F80005FFEFCF76EFE0B20FCF78BFD0121142019
:109F9000FCF745FE01211520FCF741FE01211620AA
:109FA000FCF73DFE01211720FCF739FE01211820A6
:109FB000FCF735FE01211920FCF731FE01211A20A2
:109FC000FCF72DFE00211B20FCF729FE00211C20A0
:109FD000FCF725FE00211D20FCF721FE00211E209C
:109FE000FCF71DFE00211F20FCF719FE0021202098
:109FF000FCF715FE00212120FCF711FE0021222094
:10A00000FCF70DFE00212320FCF709FEFCF729FEDA
:10A01000012227210B20FCF732F9012227210B20F6
:10A02000FCF703F9002228210B20FCF728F9002275
:10A0300028210B20FCF7F9F8002201210B20FCF766
:10A040001EF9BEE3FCA226210B20FCF76CF9FD4CA7
:10A05000206828F0E7F86C2808D801A8216828F0C3
:10A06000BDF801AA14210B20FCF75DF9606928F006
:10A07000D9F86C2808D801A8616928F0AFF801AABE
:10A0800015210B20FCF74FF9A06A28F0CBF86C28BB
:10A0900008D801A8A16A28F0A1F801AA16210B206E
:10A0A000FCF741F90B20FCF7FCFC01210420FCF734
:10A0B000C7FD01210520FCF7C3FD01210620FCF7A7
:10A0C000BFFD00210720FCF7BBFD00210820FCF7A5
:10A0D000B7FD00210920FCF7B3FD00210A20FCF7A1
:10A0E000AFFD00210B20FCF7ABFD00210C20FCF79D
:10A0F000A7FD00210D20FCF7A3FD00210E20FCF799
:10A100009FFD00210F20FCF79BFD00211020FCF794
:10A1100097FD00211120FCF793FD00211220FCF790
:10A120008FFD00211320FCF78BFDFCF79AFD0B201F
:10A13000FCF7B7FC01211420FCF771FD012115206B
:10A14000FCF76DFD01211620FCF769FD00211720A9
:10A15000FCF765FD00211820FCF761FD00211920A6
:10A16000FCF75DFD00211A20FCF759FD00211B20A2
:10A17000FCF755FD00211C20FCF751FD00211D209E
:10A18000FCF74DFD00211E20FCF749FD00211F209A
:10A19000FCF745FD00212020FCF741FD0021212096
:10A1A000FCF73DFD00212220FCF739FD0021232092
:10A1B000FCF735FDFCF755FD002227210B20FCF7AD
:10A1C0005EF8002227210B20FCF72FF8002228211F
:10A1D0000B20FCF754F8002228210B20FCF725F86F
:10A1E000002201210B20FCF74AF8EAE296A2262180
:10A1F0000B20FCF798F8102C7EDA944828F012F81F
:10A200006C2809D86C22914901A828F02AF801AAE3
:10A2100014210B20FCF787F88C488030044628F086
:10A2200001F86C2809D86C22214601A828F019F8F9
:10A2300001AA15210B20FCF776F88548044627F083
:10A24000F1FF6C2809D86C22214601A828F009F8F2
:10A2500001AA16210B20FCF766F87D4880300446E1
:10A2600027F0E0FF6C2809D86C22214601A827F0CE
:10A27000F8FF01AA17210B20FCF755F87548044692
:10A2800027F0D0FF6C2809D86C22214601A827F0BE
:10A29000E8FF01AA18210B20FCF745F86D48803033
:10A2A000044627F0BFFF6C2809D86C22214601A87C
:10A2B00027F0D7FF01AA19210B20FCF734F86648D4
:10A2C000044627F0AFFF6C2809D86C22214601A86C
:10A2D00027F0C7FF01AA1A210B20FCF724F85E48DB
:10A2E0008030044627F09EFF6C280BD86C22214654
:10A2F00001A827F0B6FF00E0B8E001AA1B210B205F
:10A30000FCF711F85548044627F08CFF6C2809D853
:10A310006C22214601A827F0A4FF01AA1C210B20D2
:10A32000FCF701F84D488030044627F07BFF6C288D
:10A3300009D86C22214601A827F093FF01AA1D210C
:10A340000B20FBF7F0FF4648044627F06BFF6C2814
:10A3500009D86C22214601A827F083FF01AA1E21FB
:10A360000B20FBF7E0FF3E488030044627F05AFF01
:10A370006C2809D86C22214601A827F072FF01AA97
:10A380001F210B20FBF7CFFF3648044627F04AFF7A
:10A390006C2809D86C22214601A827F062FF01AA87
:10A3A00020210B20FBF7BFFF2E488030044627F00A
:10A3B00039FF6C2809D86C22214601A827F051FFEB
:10A3C00001AA21210B20FBF7AEFF2748044627F006
:10A3D00029FF6C2809D86C22214601A827F041FFEB
:10A3E00001AA22210B20FBF79EFF1F488030044664
:10A3F00027F018FF6C2809D86C22214601A827F005
:10A4000030FF01AA23210B20FBF78DFF002227211B
:10A410000B20FBF734FF002227210B20FBF705FF61
:10A42000012228210B20FBF72AFF012228210B20E3
:10A43000FBF7FBFE36E100002D2054686572617069
:10A44000790000003C64002000000000202900206A
:10A45000202A0020202B0020202C0020202D00204E
:10A46000202E0020202F002020300020FE4804460F
:10A4700027F0D8FE6C2809D86C22214601A827F0C5
:10A48000F0FE01AA14210B20FBF74DFFF6488030A7
:10A49000044627F0C7FE6C2809D86C22214601A883
:10A4A00027F0DFFE01AA15210B20FBF73CFFEF4848
:10A4B000044627F0B7FE6C2809D86C22214601A873
:10A4C00027F0CFFE01AA16210B20FBF72CFFE7484F
:10A4D0008030044627F0A6FE6C2809D86C2221465D
:10A4E00001A827F0BEFE01AA17210B20FBF71BFFD6
:10A4F000DF48044627F096FE6C2809D86C222146D6
:10A5000001A827F0AEFE01AA18210B20FBF70BFFD4
:10A51000D7488030044627F085FE6C2809D86C2285
:10A52000214601A827F09DFE01AA19210B20FBF767
:10A53000FAFED048044627F075FE6C2809D86C2234
:10A54000214601A827F08DFE01AA1A210B20FBF756
:10A55000EAFEC8488030044627F064FE6C2809D81B
:10A560006C22214601A827F07CFE01AA1B210B20AA
:10A57000FBF7D9FEC048044627F054FE6C2809D8E2
:10A580006C22214601A827F06CFE01AA1C210B2099
:10A59000FBF7C9FEB8488030044627F043FE6C281C
:10A5A00009D86C22214601A827F05BFE01AA1D21D3
:10A5B0000B20FBF7B8FEB148044627F033FE6C28A9
:10A5C00009D86C22214601A827F04BFE01AA1E21C2
:10A5D0000B20FBF7A8FEA9488030044627F022FE96
:10A5E0006C2809D86C22214601A827F03AFE01AA5E
:10A5F0001F210B20FBF797FEA148044627F012FE0F
:10A600006C2809D86C22214601A827F02AFE01AA4D
:10A6100020210B20FBF787FE99488030044627F065
:10A6200001FE6C2809D86C22214601A827F019FEEA
:10A6300001AA21210B20FBF776FE9248044627F061
:10A64000F1FD6C2809D86C22214601A827F009FEEB
:10A6500001AA22210B20FBF766FE8A4880300446BF
:10A6600027F0E0FD6C2809D86C22214601A827F0CC
:10A67000F8FD01AA23210B20FBF755FE012227211B
:10A680000B20FBF7FCFD012227210B20FBF7CDFD62
:10A69000002228210B20FBF7F2FD002228210B20AD
:10A6A000FBF7C3FD0B20FCF7FCF901210420FCF7AC
:10A6B000C7FA01210520FCF7C3FA01210620FCF7A7
:10A6C000BFFA01210720FCF7BBFA01210820FCF7A3
:10A6D000B7FA01210920FCF7B3FA01210A20FCF79F
:10A6E000AFFA01210B20FCF7ABFA01210C20FCF79B
:10A6F000A7FA01210D20FCF7A3FA01210E20FCF797
:10A700009FFA01210F20FCF79BFA01211020FCF792
:10A7100097FA01211120FCF793FA01211220FCF78E
:10A720008FFA01211320FCF78BFAFCF79AFA0B2021
:10A73000FCF7B7F901211420FCF771FA012115206B
:10A74000FCF76DFA01211620FCF769FA01211720A8
:10A75000FCF765FA01211820FCF761FA01211920A4
:10A76000FCF75DFA01211A20FCF759FA01211B20A0
:10A77000FCF755FA01211C20FCF751FA01211D209C
:10A78000FCF74DFA01211E20FCF749FA01211F2098
:10A79000FCF745FA01212020FCF741FA0121212094
:10A7A000FCF73DFA01212220FCF739FA0121232090
:10A7B000FCF735FAFCF755FA012211460B20FBF79E
:10A7C0005EFDFDF772FFAFF2803224210B20FBF714
:10A7D000AAFDAFF28C3225210B20FBF7A4FD41B07E
:10A7E00030BD10B5C2B0284A02210C20FBF79BFDFA
:10A7F000254A02210C20FBF796FD4FF48074214678
:10A8000002A827F0CFFD214A21A102A827F074FA5F
:10A8100002AA03210C20FBF786FD1F4A04210C200D
:10A82000FBF781FD1D4A05210C20FBF77CFD21462D
:10A8300002A827F0B7FD1A49481C0B78A3F1300194
:10A8400009293DD80078A0F13001092938D80090B5
:10A85000144A15A102A827F04FFA02AA06210C20DB
:10A86000FBF761FD36E0000020310020203200209F
:10A870002033002020340020203500202036002006
:10A8800020370020203800202463040810500020C6
:10A89000534E3A20257300004E63040838630408C1
:10A8A00000FE00080663040825733B20426F6F74A6
:10A8B0006C6F6164205665723A2025632E25630013
:10A8C000F84AF9A102A827F017FA02AA06210C20DB
:10A8D000FBF729FD214602A827F064FDF848F9A1FD
:10A8E000B0F93C200092B0F93A30B0F9382002A813
:10A8F00027F002FA02AA07210C20FBF714FD2146DB
:10A9000002A827F04FFDF748816800910CC8F6A116
:10A9100002A827F0F1F902AA08210C20FBF703FD99
:10A9200042B010BDF5484FF4C871A0F82C15B0F82E
:10A930003405FBF718BC70B5C0B04FF480716846A1
:10A9400027F030FDED4ED6F85005322190FBF1F5A1
:10A950003C2095FBF0F1CAB295FBF0F100FB1150E1
:10A96000C3B2E7A1684627F0C7F96A460821072065
:10A97000FBF7D9FCB6F9F004012802D1B6F92A4553
:10A980006C43022829D1B6F9FC044FF47A72904244
:10A9900003DBB6F9FE14914209DAB6F9FE14B6F9F2
:10A9A0002A2545436A43084492FBF0F415E090FBE6
:10A9B000F2F091FBF2F1014495FBF1F295FBF1F31A
:10A9C00001FB1353B6F92A1542434A43834202DC82
:10A9D00003FB012401E000FB0124002C00DA002429
:10A9E0006FF00040844200D10446C448C0F84C4592
:10A9F00000EE104AB2EE041AF8EEC00A80EE810AA8
:10AA000010EE100A2AF0C2FE41EC100BBFA153EC6D
:10AA1000102B684627F070F907216A460846FBF7B5
:10AA200082FC40B070BD10B54FF42970F6F730FECF
:10AA30004FF42A70F6F72CFE40F2A620F6F728FE17
:10AA4000BDE8104077E770B50446B34D6878A04282
:10AA500007D1AA48B149B0F93405B1F93415884293
:10AA600034D0112C2CD2DFE804F0090B0D0F111398
:10AA70001517191B1D1F212325272900A84A20E08F
:10AA8000A84A1EE0A84A1CE0A84A1AE0A84A18E012
:10AA9000A84A16E0A84A14E0A84A12E0A84A10E022
:10AAA000A84A0EE0A84A0CE0A84A0AE0A84A08E032
:10AAB000A84A06E0A84A04E0A84A02E0A84A00E042
:10AAC000974A20210620FBF72EFC6C7070BD2DE903
:10AAD000F04F05462DED028BADF5037D0C464FF48E
:10AAE000807B594643A827F05DFC594603A827F010
:10AAF00059FC0A2D1CD2DFE805F0D4051C334A614D
:10AB0000788FA6BD022C00DD0224964804EB840158
:10AB100000EB8100B0F904A0B0F90870B0F90A5058
:10AB2000B0F90C60B0F90E80B0F91090B0F90640A1
:10AB300054E1052C00DD05248B4804EB840100EB77
:10AB40008100B0F904A0B0F90870B0F90A50B0F96A
:10AB50000C60B0F90E80B0F91090B0F906403DE1FC
:10AB6000152C00DD1524814804EB840100EB8100E5
:10AB7000B0F904A0B0F90870B0F90A50B0F90C604F
:10AB8000B0F90E80B0F91090B0F9064026E10F2C14
:10AB900000DD0F24764804EB840100EB8100B0F95E
:10ABA00004A0B0F90870B0F90A50B0F90C60B0F91F
:10ABB0000E80B0F91090B0F906400FE1022C00DDD4
:10ABC00002246C4804EB840100EB8100B0F904A07E
:10ABD000B0F90870B0F90A50B0F90C60B0F90E8005
:10ABE000B0F91090B0F90640F8E0082C00DD082418
:10ABF000614804EB840100EB8100B0F904A0B0F9D6
:10AC00000870B0F90A50B0F90C60B0F90E80B0F9D4
:10AC10001090B0F90640E1E0062C00DD062457480C
:10AC200004EB840100EB8100B0F904A0B0F90870D6
:10AC3000B0F90A50B0F90C60B0F90E80B0F910907C
:10AC4000B0F90640CAE0162C00DD16244C4804EB8F
:10AC5000840100EB8100B0F904A0B0F90870B0F9EC
:10AC60000A50B0F90C60B0F90E80B0F91090B0F94C
:10AC70000640B3E0022C00DD0224424804EB8401CC
:10AC800000EB8100B0F904A0B0F90870B0F90A50E7
:10AC9000B0F90C60B0F90E80B0F91090B0F9064030
:10ACA0009CE071E00663040825733B20426F6F74DB
:10ACB0006C6F6164205665723A20312E30000000BE
:10ACC000E84F00204D414E554641435455524520D2
:10ACD000444154453A202534642D2532642D2532D3
:10ACE0006400000030500020555549443A2025307A
:10ACF0003858253038582530385800004002002098
:10AD00002533643A25303264000000002531312EAD
:10AD10003166204A0000000034000020B00D002001
:10AD20009C6104089D610408B9610408D2610408AB
:10AD3000DE610408F1610408096204081B6204086A
:10AD400038620408586204087862040889620408BA
:10AD50009F620408B4620408D4620408E462040830
:10AD6000F76204083C500020BC5200203C550020F3
:10AD7000BC5700203C5A0020BC5C00203C5F0020F7
:10AD8000BC6100203C640020002C00DA0024202C50
:10AD900000DD2024372000EB8411FE4830F911A09B
:10ADA000392101EB841130F911703A2101EB841142
:10ADB00030F911503D2101EB841130F911603E2131
:10ADC00001EB841130F911803F2101EB841130F93E
:10ADD0001190382101EB841130F91140B2EE048A50
:10ADE000BAF1010F09D0BAF1020F27D0BAF1050F5D
:10ADF00045D0BAF1070F20D162E000EE107AF8EEEC
:10AE0000C00A80EE880A10EE100A2AF0BFFC41EC5E
:10AE1000100BE1A153EC102B43A826F06DFF012C81
:10AE200003D1E1A103A826F067FF022C76D14B469F
:10AE30004246E0A103A826F05FFF6FE000EE105A43
:10AE4000F8EEC00A80EE880A10EE100A2AF09EFC86
:10AE500041EC100BE0A153EC102B43A826F04CFF63
:10AE6000012C03D1D0A103A826F046FF022C55D116
:10AE70004B464246CFA103A826F03EFF4EE000EE2F
:10AE8000106AF8EEC00A80EE880A10EE100A2AF066
:10AE90007DFC41EC100BD4A153EC102B43A826F001
:10AEA0002BFF012C03D1C0A103A826F025FF022C03
:10AEB00034D14B464246BFA103A826F01DFF2DE02A
:10AEC00000EE106AF8EEC00A80EE880A10EE100A52
:10AED0002AF05CFC00EE105A06460F46F8EEC00A57
:10AEE00080EE880A10EE100A2AF050FC41EC100B9C
:10AEF000C1A153EC102B43A8CDE9006726F0FCFE5E
:10AF0000012C03D1A8A103A826F0F6FE022C05D13E
:10AF10004B464246A7A103A826F0EEFE43AA2421F1
:10AF20000B20FBF700FA03AA25210B20FBF7FBF906
:10AF30000DF5037DBDEC028BBDE8F08F102801DB21
:10AF4000103800B2001D81B200220B20FBF7C1B9FE
:10AF500070B505460C46102C07DBA4F10C0189B234
:10AF600001220B20FBF7B5F905E0201D81B201227B
:10AF70000B20FBF7AEF921462846BDE87040A6E558
:10AF800010B50446E2B20D210720FBF778F9E2B2D2
:10AF90000E210720FBF773F9E2B20F210720FBF720
:10AFA0006EF9E2B21021BDE810400720FBF767B947
:10AFB000C2B20B210720FBF762B9C2B20B210720F6
:10AFC000FBF787B970B50446934D95F900008442AC
:10AFD00005D0E2B20B210620FBF751F92C7070BDB1
:10AFE00002460B210620FBF774B930B52DED028B1C
:10AFF000C1B08A4C4FF48075F2EE048AB4F8F004C4
:10B00000012813D1B7EE008A294601A827F0CAF912
:10B0100083A101A826F070FE01AA22210620FBF7D9
:10B0200082F901AA23210620FBF77DF9B4F8F00488
:10B03000022845D1294601A827F0B4F9B4F9FC0447
:10B04000B4F9FE14084400EE100AF8EEC00A9FEDB1
:10B05000751A81EE200A10EE100A2AF097FB41ECD7
:10B06000100B71A153EC102B01A826F045FE01AA8C
:10B0700022210620FBF757F9B4F9FC04B4F9FE14B9
:10B08000014400EE101AF8EEC00A00EE100AB8EE05
:10B09000C00A80EE208A9FED670A28EE000A10EEB3
:10B0A000100A2AF073FB41EC100B63A153EC102B38
:10B0B00001A826F021FE01AA23210620FBF733F97F
:10B0C000294601A827F06EF9B4F9EE0408284CD2FD
:10B0D000DFE800F04B040F4B4B1A2538B4F9F204AB
:10B0E00000EE100AB8EEC00A60EE080A80EEA80A68
:10B0F000AEE0B4F9F40400EE100AB8EEC00A60EE57
:10B10000080A80EEA80AA3E0B4F9FA0400EE100AD7
:10B11000B8EEC00A60EE080A80EEA80A98E0B4F91A
:10B12000F20400EE100AB4F9FA04F8EEC00A00EED8
:10B13000100AB8EEC00A30EE800A60EE080A80EE0F
:10B14000A80A85E0B4F9F40400EE100AB4F9FA0490
:10B15000F8EEC00A00EE100AB8EEC00A30EE800A1F
:10B1600060EE080A80EEA80A72E0B4F9F20400EE7C
:10B17000100AB4F9F404F8EEC00A00EE100AB4F9AB
:10B18000FA04B8EEC00A70EE800A00EE100AB8EEBB
:10B19000C00A57E020290020313437306E6D3A2044
:10B1A00025332E31665700004D6F64653A204357B2
:10B1B000000000004D6F64653A2050756C73652C7B
:10B1C000204F6E3A2025646D532C204F66663A203E
:10B1D00025646D53000000003938306E6D3A20252B
:10B1E000332E3166570000003633356E6D3A202518
:10B1F000332E3166570000003938306E6D3A202505
:10B20000332E3166572C203633356E6D3A20253378
:10B210002E3166570000000034000020400200205C
:10B220004E2F410000007A4425352E326620487AA0
:10B23000000000000000C84225342E31662025257C
:10B240000000000030EE800A60EE080A80EEA80AD6
:10B2500010EE100A2AF09AFA41EC100BFFA153EC01
:10B26000102B01A826F048FD01AA21210620FBF79A
:10B270005AF8294601A827F095F8B4F92A0500EEF6
:10B28000100AF8EEC00A80EEA80A10EE100A2AF0A2
:10B290007DFA41EC100BF1A153EC102B01A826F024
:10B2A0002BFD01AA26210620FBF73DF841B0BDEC9D
:10B2B000028B30BD00B5C1B0EA48B0F9FC244FF4B0
:10B2C0007A70824204DAE8A101A826F015FD05E0B3
:10B2D00092FBF0F2E6A101A826F00EFD01AA2421BE
:10B2E0000620FBF720F841B000BD00B5C1B0DD4835
:10B2F000B0F9FE244FF47A70824204DADAA101A890
:10B3000026F0FAFC05E092FBF0F2D9A101A826F0A4
:10B31000F3FC01AA25210620FBF705F8E3E770B549
:10B320002DED068BC0B04FF480763146684627F08D
:10B3300039F8CC4CB4F9EE04012802D0052805D028
:10B3400008E0B4F8F204A4F82A0503E0B4F8FA041B
:10B35000A4F82A05B4F8F00401284FD101220C21E9
:10B360000620FAF7B6FF00220D210620FAF7B1FFFA
:10B37000002213210620FAF758FF0022142106208C
:10B38000FAF753FF002215210620FAF74EFF00229C
:10B3900016210620FAF749FF002224210620FAF799
:10B3A00044FF002225210620FAF73FFF00222C212E
:10B3B0000620FAF73AFF002213210620FAF75FFF72
:10B3C000002214210620FAF75AFF00221521062038
:10B3D000FAF755FF002216210620FAF750FFAFF2C8
:10B3E000C011684626F088FC6A4622210620FAF73A
:10B3F0009AFF6A4623210620FAF795FFB4F8F00475
:10B40000022844D100220C210620FAF762FF012213
:10B410000D210620FAF75DFF012213210620FAF71D
:10B4200004FF012214210620FAF7FFFE0122152154
:10B430000620FAF7FAFE012216210620FAF7F5FE99
:10B44000012224210620FAF7F0FE01222521062000
:10B45000FAF7EBFE01222C210620FAF7E6FE012284
:10B4600013210620FAF70BFF012214210620FAF718
:10B4700006FF012215210620FAF701FF01221621FD
:10B480000620FAF7FCFEFFF715FFFFF72EFFB4F9D1
:10B4900046202B210620FAF7FBFF3146684626F0AE
:10B4A00081FFB4F8EE04DFED74AAB2EE04AA1FED3A
:10B4B0009F9A4FF08045F0EE009A012858D1B4F9D8
:10B4C000F20400EE100AF8EEC00A80EE8A0A10EECE
:10B4D000100A2AF05BF941EC100B68A153EC102B19
:10B4E000684626F009FC6A461B210620FAF71BFF76
:10B4F000B4F9F20400EE100AB8EEC00A20EE090A10
:10B5000080EE2A8A18EE100AA84201DCB0EE698AA1
:10B510002721BCEEC80A062010EE102AFAF7B8FF61
:10B52000012217210620FAF7D4FE01221721062056
:10B53000FAF77BFE012217210620FAF7A0FE00226F
:10B540002D210620FAF7C5FE00222D210620FAF74C
:10B550006CFE00222D210620FAF791FE0022182110
:10B560000620FAF7B6FE002219210620FAF7B1FEEE
:10B57000B4F8EE04022844D1B4F9F40400EE100A41
:10B58000F8EEC00A80EE8A0A10EE100A2AF0FEF8E1
:10B5900041EC100B39A153EC102B684626F0ACFBA4
:10B5A0006A461B210620FAF7BEFEB4F9F40400EE49
:10B5B000100AB8EEC00A20EE090AC0EE2A8A18EE78
:10B5C000900AA84201DCF0EE698A2721BCEEE80A65
:10B5D000062010EE102AFAF75BFF00221721062042
:10B5E000FAF777FE00222D210620FAF772FE0122DB
:10B5F00018210620FAF76DFE002219210620FAF71D
:10B6000068FEB4F8EE04052871D1B4F9FA0400EE2E
:10B61000100AF8EEC00A80EE8A0A10EE100A2AF02C
:10B62000B5F841EC100B15A153EC102B684626F031
:10B6300063FB6A461B210620FAF775FEB4F9FA048B
:10B64000F1EE040A00EE100AB8EEC00A20EE090A74
:10B6500080EE209A19EE100AA84215E025332E310B
:10B6600066205700400200202564206D7300000012
:10B6700025642053000000000000164325332E31BE
:10B680006620570A0000000001DCB0EE699A27210D
:10B69000BCEEC90A062010EE102AFAF7F9FE0022C5
:10B6A00017210620FAF715FE012217210620FAF7C6
:10B6B000BCFD012217210620FAF7E1FD00222D2111
:10B6C0000620FAF706FE00222D210620FAF7ADFD2E
:10B6D00000222D210620FAF7D2FD00221821062093
:10B6E000FAF7F7FD012219210620FAF7F2FD31469B
:10B6F000684626F057FEB4F9460000EB8000420091
:10B70000FEA1684626F0F8FA6A461F210620FAF7DD
:10B710000AFEFC4A1A210620FAF705FEFFF765FC2F
:10B7200040B0BDEC068B70BD38B50A20F5F7E7FEDA
:10B7300028B1082101220846FAF7CBFD04E00821D0
:10B7400000220846FAF7C5FD0B20F5F7D8FE28B110
:10B75000012211460820FAF7BCFD04E00022012175
:10B760000820FAF7B6FD0820FBF79BF9E64C0C2001
:10B77000B4F90010FBF7BCF9B4F904100D20FBF785
:10B78000B7F9FBF76EFA00250095B4F90020012304
:10B790000A210820FAF7F1FD0095B4F904200123ED
:10B7A0000B210820FAF7E9FD38BDF0B52DED028B2D
:10B7B000C1B00024D44D4FF48076443DB5F8F00478
:10B7C00001281DD1314601A826F0ECFDAFF25C1135
:10B7D00001A826F091FA01AA0B210720FAF7A3FD90
:10B7E000314601A826F0DEFDB5F91C25AFF2801127
:10B7F00001A826F081FA01AA0A210720FAF793FD91
:10B8000042F217273846F5F77AFE28B3B5F91C053A
:10B81000B5F9201590FBF1F004B2314601A826F0ED
:10B82000C1FD2246B9A101A826F066FA01AA0B21A2
:10B830000720FAF778FD314601A826F0B3FDB5F9E7
:10B840001C25AFF2D41101A826F056FA01AA0A214C
:10B850000720FAF768FD1AE0314601A826F0A2FD9C
:10B86000ACA101A826F048FA01AA0B210720FAF79B
:10B870005AFD314601A826F095FDAFF25C6101A8A2
:10B8800026F03AFA01AA0A210720FAF74CFD3146C0
:10B8900001A826F087FDB5F91A05F2EE040A00EEBC
:10B8A000100AB8EEC00A80EE208A3846F5F727FE67
:10B8B00060B118EE100A29F069FF41EC100B96A157
:10B8C00053EC102B01A826F017FA04E0AFF2B06198
:10B8D00001A826F011FA01AA09210720FAF723FD91
:10B8E000B5F91C0500908E4B40F681128D498EA053
:10B8F00026F0F6F9B5F91A050090894B40F6821248
:10B90000884991A026F0ECF9854B40F683128549D1
:10B9100095A0009426F0E4F941B0BDEC028BF0BD97
:10B9200030B52DED028BC1B04FF48075294601A8CA
:10B9300026F038FD744CF2EE048A443C2246B4F9F9
:10B94000EE14B2F9F204B2F9FA24082967D2DFE85A
:10B9500001F0660414666626364C00EE100AB8EE56
:10B96000C00A80EE288A88A101A826F0C5F901AA9C
:10B970000C210720FAF7D7FC74E0B4F9F40400EEC8
:10B98000100AB8EEC00A80EE288A81A101A826F02C
:10B99000B3F901AA0C210720FAF7C5FC62E000EE1A
:10B9A000102AB8EEC00A80EE288A7BA101A826F0F2
:10B9B000A3F901AA0C210720FAF7B5FC52E000EE2A
:10B9C000100AF8EEC00A00EE102AB8EEC00A30EEF7
:10B9D000800A80EE288A72A101A826F08DF901AABA
:10B9E0000C210720FAF79FFC3CE070A101A826F08B
:10B9F00083F901AA0C210720FAF795FCB4F9F404A5
:10BA000000EE100AB4F9FA04F8EEC00A00EE100ACB
:10BA1000B8EEC00A30EE800A80EE288A22E066A1E5
:10BA200001A826F069F901AA0C210720FAF77BFC8E
:10BA300004F2F244B4F9000000EE100AB4F9020076
:10BA4000F8EEC00A00EE100AB4F90800B8EEC00A19
:10BA500070EE800A00EE100AB8EEC00A30EE800ADE
:10BA600080EE288A294601A826F09CFC18EE100AD0
:10BA700029F08CFE41EC100B53EC102BAFF204417B
:10BA800001A826F039F901AA06210720FAF74BFC94
:10BA90001C4A01210720FAF746FCFEF7C4FFFEF717
:10BAA0004AFFFFF782FE41B0BDEC028B30BD2DE9AD
:10BAB000F8439FED440A444880ED000A9FED430A95
:10BAC00080ED010A9FED420A80ED020A4149FF2004
:10BAD00008700020F7F713FEFBF79AFE002005F030
:10BAE000D0FA094C241FB4F90210B4F9000005F093
:10BAF00081F80025A4F8EC546EE0000025642525AB
:10BB00000A000000C00600208402002025642043B3
:10BB100079636C650000000025342E31664A000010
:10BB200073610408BC83010825732C25642C2573DC
:10BB30003A61636F75737469632074696D65203D44
:10BB40002025640A0000000025732C25642C257331
:10BB50003A61636F757374696320656E65726779A6
:10BB6000203D2025640A000025732C25642C2573B4
:10BB70003A61636F7573746963206379636C6520E0
:10BB80003D2025640A000000313437306E6D00001E
:10BB90003938306E6D0000003633356E6D000000B0
:10BBA000313437302B3633356E6D00003938302B59
:10BBB0003633356E6D000000313437302B39383074
:10BBC0006E6D00000AD7A33D084B00200AD7A33BA7
:10BBD0009A99193E34000020A4F8B05A6426A4F8BB
:10BBE000B26A40F279574FF4AF683A464146222094
:10BBF000F5F789FDA4F8B05A0A20A4F8B20A3A462B
:10BC000041462320F5F77FFD0120A4F8B00AA4F8EF
:10BC1000B26A3A4641462420F5F775FDA4F8D65499
:10BC2000A4F8D85442F20320F5F730FC42F2042085
:10BC3000F5F73DFC42F20520F5F739FC42F206200B
:10BC4000F5F735FC42F20720F5F731FC42F20B2004
:10BC5000F5F72DFC45F2A060F5F729FCFE4806F04B
:10BC6000B2FB4FF48073FD4A0021FD4800950FF0B0
:10BC700050FEBDE8F8832DE9F05F40F23E5140F2FE
:10BC80008720F5F753FD40F23F514FF42270F5F74E
:10BC90004DFD4FF4A86140F28920F5F7C5FEF14C47
:10BCA000B4F90E05B0F5E17F03DB42F20420F5F7AD
:10BCB000EDFBB4F90E05B0F5C87F03DC42F20420B9
:10BCC000F5F7F5FBB4F90E0542F2052810F1FA0F6D
:10BCD00002DC4046F5F7DAFBB4F90E056FF0C70554
:10BCE000A84202DB4046F5F7E2FBB4F9121540F238
:10BCF000EE2042F20629814202DB4846F5F7C6FBF8
:10BD0000B4F91205B0F52F7F02DB4846F5F7CFFBFB
:10BD1000B4F9120542F2072AA84202DC5046F5F7B0
:10BD2000B5FBB4F9120510F1960F02DB5046F5F79A
:10BD3000BEFB45F28760F5F708FC6425CA4F002674
:10BD400045F2062BC8B1B4F90E25FA21C74804F014
:10BD50004BFEF988084400B2F880642800DBFD80BF
:10BD6000B7F90600002800DAFE803E81B7F9060028
:10BD7000002802DD5846F5F789FB45F28260F5F7A9
:10BD8000E4FB58B1B7F90800B7F90610884202DBA6
:10BD90005846F5F78CFB3889401C388145F287609E
:10BDA000F5F7D3FB00286DD042F20420F5F7A7FB8E
:10BDB00058B94046F5F7A3FB38B94846F5F79FFB5D
:10BDC00018B95046F5F79BFB10B1A4F8165553E08F
:10BDD000B4F9100510F1640F02DAA4F816554BE01F
:10BDE00000F16401FA2902D2A4F8166544E0A0F13A
:10BDF0009601322902D2A4F816653DE0A0F1C801EF
:10BE0000322903D21420A4F8160535E0A0F1FA0176
:10BE1000322903D21E20A4F816052DE0A0F5967154
:10BE2000322903D22820A4F8160525E0A0F5AF7129
:10BE3000322903D23220A4F816051DE0A0F5C871FE
:10BE4000322903D23C20A4F8160515E0A0F5E171D3
:10BE5000322903D24620A4F816050DE0A0F5FA71A8
:10BE6000322903D25020A4F8160505E040F226211D
:10BE7000884201DBA4F81655B4F91605BDE8F05F59
:10BE8000F7F780BEBDE8F09F2DE9F05F42F2102089
:10BE9000F5F735FB42F2022A18B15046F5F7F6FAEB
:10BEA0000BE045F28410F5F72AFB18B15046F5F780
:10BEB000EDFA02E05046F5F7FAFA42F20F20F5F7F4
:10BEC0001EFB42F2032910B14846F5F7DFFA42F2B1
:10BED0000C20F5F714FB4FF4085518B12846F5F778
:10BEE000D5FA0BE04FF4A340F5F709FB18B128464B
:10BEF000F5F7CCFA02E02846F5F7D9FA42F212201B
:10BF0000F5F7FDFA42F2012418B12046F5F7BEFA22
:10BF10001DE0574845F2811190F84400012807D0F0
:10BF20000846F5F7ECFA78B12046F5F7C0FA0EE0CE
:10BF30000846F5F7E4FA18B12046F5F7A7FA06E047
:10BF40002046F5F7B4FA02E02046F5F79FFA42F2F0
:10BF50000D20F5F7D4FA42F2042842F2052758B131
:10BF60004046F5F7A4FA3846F5F7A1FA781CF5F73C
:10BF70009EFAB81CF5F79BFA42F20E20F5F7BFFACD
:10BF800042F2092B42F2082670B13046F5F77EFAEC
:10BF9000B01CF5F7B4FA18B15846F5F777FA30E067
:10BFA0005846F5F784FA2CE045F2A860F5F7A7FAB1
:10BFB00078B13046F5F76AFA45F2A960F5F79FFACD
:10BFC00018B15846F5F762FA1BE05846F5F76FFAD4
:10BFD00017E045F28310F5F792FA18B13046F5F7FD
:10BFE00055FA02E03046F5F762FA45F28210F5F7AD
:10BFF00086FA18B15846F5F749FA02E05846F5F7BF
:10C0000056FA2846F5F78EFA05462046F5F78AFADD
:10C0100040EA05043046F5F785FA40EA0406504642
:10C02000F5F780FA40EA06054846F5F77BFA40EA5C
:10C0300005044046F5F763FA40EA04053846F5F78B
:10C040005EFA40EA050442F20720F5F758FA40EAA2
:10C05000040142F20B240DE0A8C2012048C40120D3
:10C06000F40000204002002034000020084B002093
:10C07000E84F002019B12046F5F708FA02E0204603
:10C08000F5F715FA2046F5F73AFA01004FF4A44007
:10C0900045F2022445F2012509D0F5F708FA2046B9
:10C0A000F5F705FA2846BDE8F05FF5F7EFB9FE4968
:10C0B000097849B1F5F7EAF92046F5F7F8F9284685
:10C0C000BDE8F05FF5F7E2B9F5F7E0F92046F5F7DE
:10C0D000EEF92846BDE8F05FF5F7E9B92DE9F04142
:10C0E00045F2A060F5F70BFAF04D45F2A166002885
:10C0F0007DD0B5F9C80AF8F780FBB5F9CC0A4FF046
:10C10000FF341038062833D2DFE800F0030F344F35
:10C1100082C13046F5F706FA002829D0F8F7CAFBA5
:10C120003046BDE8F041F5F7B1B9E14F022138469C
:10C130000DF0BBFB28B94FF4005138460DF0B5FBAC
:10C1400000B1012048B13046F5F7ECF970B1F8F7CD
:10C15000B1FB3046F5F79AF908E03046F5F7CFF92C
:10C1600020B1F8F7CFFA3046F5F7A1F9A5F8CE4A95
:10C17000BDE8F081B5F9CE1A322906D2F8F79AFB5C
:10C180003046BDE8F041F5F781B9A1F1320032281F
:10C1900006D2F8F7B7FA3046BDE8F041F5F787B9AF
:10C1A0006429E5DBA5F8CE4AE2E7B5F9CE1A0F29F6
:10C1B00006D2F8F77FFB3046BDE8F041F5F766B9E7
:10C1C000A1F10F000F2806D2F8F79CFA3046BDE81F
:10C1D000F041F5F76CB9A1F11E000F2806D2F8F76F
:10C1E00069FB3046BDE8F041F5F750B900E0EFE0FB
:10C1F000A1F12D000F2806D2F8F784FA3046BDE8E9
:10C20000F041F5F754B9C829B2DBA5F8CE4AAFE73B
:10C21000B5F9CE1A322906D2F8F74CFB3046BDE804
:10C22000F041F5F733B9A1F13200322806D2F8F720
:10C2300069FA3046BDE8F041F5F739B9642997DB72
:10C24000D5F850051930322190FBF1F0B5F91C15E5
:10C2500090FBF1F201FB120060B1B5F94400F8F770
:10C26000CCFA40F24C40A5F8CA0AF8F707FAA5F84C
:10C27000CE4A7DE7B5F844001E3000B2F8F7BDFAAB
:10C280004FF4AF60A5F8CA0AF8F7F8F9EFE7B5F987
:10C290004C0540F6C41188421ADAB5F9CE0A3228A4
:10C2A00006D2F8F707FB3046BDE8F041F5F7EEB8E7
:10C2B000A0F13201322906D2F8F724FA3046BDE85F
:10C2C000F041F5F7F4B86428A1DBA5F8CE4A4FE7B2
:10C2D000A0F6C4128A4230D2B5F9CE1A0F2906D27E
:10C2E000F8F7E8FA3046BDE8F041F5F7CFB8A1F12C
:10C2F0000F000A2806D2F8F705FA3046BDE8F041EB
:10C30000F5F7D5B8A1F11900192806D2F8F7D2FA35
:10C310003046BDE8F041F5F7B9B8A1F13200322856
:10C3200006D2F8F7EFF93046BDE8F041F5F7BFB8AF
:10C3300064299EDBA5F8CE4A1AE741F2883188428B
:10C3400097DDB5F9CE1A0E2906D2F8F7B3FA3046C2
:10C35000BDE8F041F5F79AB8A1F10E000C2806D21D
:10C36000F8F7D0F93046BDE8F041F5F7A0B8A1F1F3
:10C370001A000E2806D2F8F79DFA3046BDE8F041C3
:10C38000F5F784B8A1F128000C2806D2F8F7BAF91D
:10C390003046BDE8F041F5F78AB8A1F134000E2827
:10C3A00006D2F8F787FA3046BDE8F041F5F76EB8E7
:10C3B000A1F142005E2806D2F8F7A4F93046BDE8A4
:10C3C000F041F5F774B8A029B6DBA5F8CE4ACFE660
:10C3D000F8F798F93046F5F76AF80020A5F8CE0A84
:10C3E000C6E670B50021334BB0F82E2503F10A04E0
:10C3F00033F81150AA4207D1B0F8305534F8116023
:10C40000B54201D1012070BD491CC9B20529EFD345
:10C41000002070BD70B50646274845F2A9656C1E20
:10C420000078022813D02046F5F769F8002839D0A3
:10C430002046F5F73CF82846F5F739F8BDE8704096
:10C440001E4B40F6C3321E491EA025F049BC3046A3
:10C45000FFF7C7FF002825D02046F5F763F848B15D
:10C46000164B40F6A932164921A025F039FC20468A
:10C47000F5F70CF8304621F0A6FD00286DD021F02C
:10C48000AAFD0446312C09D10C4B4FF43B620C49F8
:10C4900021A025F025FC2846F4F7F8FF002C5CD1FC
:10C4A000064B4FE059E0000016C00120400200207A
:10C4B0000008024044000020810000208961040837
:10C4C000BC83010825732C25642C25733A77697287
:10C4D000656C65737320666F6F747377696368202A
:10C4E000756E706C75672E2E2E2E2E2E0A00000093
:10C4F00025732C25642C25733A776972656C6573F6
:10C500007320666F6F74737769636820706C7567EA
:10C510002E2E2E2E2E2E0A0025732C25642C2573EC
:10C520003A776972656C65737320666F6F747377A1
:10C530006963682070726573732E2E2E2E2E2E0A5C
:10C540000000000040F6B432FD49FEA025F0C8FB13
:10C550002846BDE87040F4F7AABF70BD7047704729
:10C5600070477047704770477047704770472DE9B4
:10C57000F34F83B0427890F802E090F807B0017969
:10C58000C37841EA03248179437941EA0321C37ADC
:10C5900090F808A0877A43EA0A66437A1D0445EAC0
:10C5A00007252E43F24D0D2AAF7895F803C095F874
:10C5B000048095F805902DD00CDC012A1ED0032AAA
:10C5C0001FD00B2A2BD00C2A18D105B00120BDE8B2
:10C5D000F04FCAE70F2A2BD0552A0FD0B12A2ED000
:10C5E000F72A0BD1E979287AAA79CDE900210290BE
:10C5F0004B4642466146384603F040FB05B0BDE875
:10C60000F08F687805B049EA08224CEA0721BDE8B6
:10C61000F04FABE705B00020BDE8F04FA5E7049868
:10C6200005B0801FA91CBDE8F04F82B201209BE736
:10C6300005B00022BDE8F04F1146104694E7BEF168
:10C64000010F0DD0ABF1100BBBF10C0FD6D2DFE810
:10C650000BF00C131B222806063A06062E34CDE7F3
:10C6600005B02046BDE8F04F7DE705B02046BDE8A7
:10C67000F04F1A4601F002BE00F1080205B0204654
:10C68000BDE8F04F03F0FCBA05B032462046BDE8E5
:10C69000F04F03F0EBB905B032462046BDE8F04F4D
:10C6A00060E705B032462046BDE8F04F59E705B0D7
:10C6B00052462046BDE8F04F52E705B052462046AC
:10C6C000BDE8F04F4BE705B02046BDE8F04F45E729
:10C6D0002DE9FC5FA748FFF79DFEFFF7FFFCFFF782
:10C6E000CAFAFFF7D1FB42F22020F4F708FFDFF887
:10C6F000888280B142F22620F4F701FF58B14FF44E
:10C7000080719B48F8F7DAFDA8F8040018B10146DB
:10C710009748FFF72CFF994C4FF0640B0025B4F9B4
:10C720002C0548B340F22D177E1E4FF49C7940F241
:10C73000391A64285ED0C8281CD0B0427DD10121AE
:10C7400046220846F4F768FF44F28140F4F7D7FE2A
:10C75000002873D045F2A060F4F7A9FE462200211C
:10C760000120F4F759FFA4F82C750420A4F834052F
:10C77000F9F7F9FCBDE8FC9F45F2A060F4F797FEDD
:10C780004A34A580E580A4F8F254A4F8F454208833
:10C79000C3B2A4F8A63AC0F30720A4F8AA0A628894
:10C7A000D1B2A4F8AE1AC2F30722A4F8B22A4A3CC6
:10C7B000303B0A2B0BD2302809DB392807DC302923
:10C7C00005DB392903DC302A01DB392A07DD43F296
:10C7D000300024F84A0F6080A080E0804A3C42F29A
:10C7E0001F20F4F753FEA8F80450F8F737FDA4F81B
:10C7F0002CB5BFE70A2201210020F4F70DFF4FF40A
:10C800008940F4F77CFE00287DD05D4B40F6F33282
:10C810004B495CA025F064FA00210A220846F4F78F
:10C82000FBFE42F21F20F4F742FE42F22020F4F712
:10C830002DFE42F22525284601E0E5E0E1E0F4F78F
:10C8400025FE00215748FAF7EDFB2846F4F72FFEA6
:10C85000681CF4F71BFE4434A4F8E864FF2088F851
:10C86000010000220B210620F9F733FD01220B21E4
:10C870000620F9F704FD002210210620F9F729FD12
:10C88000012210210620F9F7FAFC47A220210620F8
:10C89000F9F749FD00224FF497710D20F9F719FDC2
:10C8A000002239460D20F9F714FD00224FF499714A
:10C8B0000D20F9F70EFD002240F235110D20F9F799
:10C8C00008FD00224FF498710D20F9F702FD0022B7
:10C8D00031460D20F9F7FDFC002240F22F110D200A
:10C8E000F9F7F7FC002240F231110D20F9F7F1FCC5
:10C8F000002240F233110D20F9F7EBFCAFF2C03209
:10C9000093210D2000E079E0F9F70DFD002293213D
:10C910000D20F9F7DEFC002263210D20F9F7D9FC88
:10C92000012263210D20F9F7AAFC40F237150022FD
:10C9300029460D20F9F7CDFC002249460D2035E0AF
:10C94000BC83010825732C25642C25733A77697202
:10C95000656C65737320666F6F74737769636820A5
:10C9600072656C656173652E2E2E2E2E2E0A0000C8
:10C97000084A00204CCB0120340000204002002057
:10C980009261040825732C25642C25733A686D691F
:10C990002064656C617920646F6E652E2E2E2E2EBC
:10C9A0002E0A00000000BBAA20000000F9F791FC4D
:10C9B000002251460D20F9F78CFC012229460D205A
:10C9C000F9F75DFC002249460D20F9F758FC0022DA
:10C9D00051460D20F9F753FCB4F9040003F040FD73
:10C9E000F9F7A5F90120A4F8F004F9F7BCFB102031
:10C9F000A4F8880A2088A4F8840ABBE6A4F82CB519
:10CA0000B8E6A4F82C65B5E6B842F6D0B0F5977F45
:10CA1000F3D04FF4C87B07274FF0080845F284662F
:10CA200058457DD142F2152B5846F4F768FD28B1E0
:10CA3000F01CF4F78AFD08B1FBF7C1FB42F2322A81
:10CA40005046F4F782FD4FF47A5940B1B4F9FC0432
:10CA5000494603F09BFCA4F8FC04FEF72BFC50466F
:10CA6000F4F74DFD30B3502201210020F4F7A2FD70
:10CA700044F24040F4F743FDE0B13046F4F765FD81
:10CA800018B93046F4F77BFDA0B1B4F9FC0449466F
:10CA900003F07CFCA4F8FC04FEF70CFCB4F9FC04E5
:10CAA000484507DB5046F4F702FD002150220846B6
:10CAB000F4F780FD42F23320F4F721FD68B15046CF
:10CAC000F4F7F5FC002150220846F4F773FDFEF759
:10CAD0008CFA42F23320F4F7EAFC42F2342A504650
:10CAE000F4F733FD40B1B4F9FC04012103F070FC0C
:10CAF000A4F8FC04FEF7DEFB5046F4F700FD40B35B
:10CB0000012150220846F4F755FD44F24140F4F764
:10CB1000F6FCF0B13046F4F718FD28B9304600E0D5
:10CB2000EAE2F4F72CFDA0B1B4F9FC04012103F012
:10CB30004FFCA4F8FC04FEF7BDFBB4F9FC0401288B
:10CB400007DC5046F4F7B3FC502200210120F4F733
:10CB500031FD42F23520F4F7D2FC68B15046F4F7CB
:10CB6000A6FC502200210120F4F724FDFEF73DFA37
:10CB700042F23520F4F79BFC42F2362A5046F4F795
:10CB8000E4FC40B1B4F9FE04494603F0FFFBA4F80D
:10CB9000FE04FEF7AAFB5046F4F7B1FC30B3502276
:10CBA00001210220F4F706FD44F24240F4F7A7FC0D
:10CBB000E0B13046F4F7C9FC18B93046F4F7DFFCB1
:10CBC000A0B1B4F9FE04494603F0E0FBA4F8FE046A
:10CBD000FEF78BFBB4F9FE04484507DB5046F4F73B
:10CBE00066FC502200210220F4F7E4FC42F23729CF
:10CBF0004846F4F784FC60B15046F4F758FC5022E4
:10CC000000210220F4F7D6FCFEF7EFF94846F4F7CE
:10CC10004EFC42F238294846F4F797FC40B1B4F98B
:10CC2000FE04012103F0D4FBA4F8FE04FEF75DFB33
:10CC30004846F4F764FC40B3502201210320F4F786
:10CC4000B9FC44F24340F4F75AFCF0B13046F4F733
:10CC50007CFC18B93046F4F792FCB0B1B4F9FE048C
:10CC6000012103F0B5FBA4F8FE04FEF73EFBB4F986
:10CC7000FE04012807DC4846F4F719FC5022002185
:10CC80000320F4F797FCFEF730FB42F2392A5046B6
:10CC9000F4F735FC60B14846F4F709FC5022002156
:10CCA0000320F4F787FCFEF7A0F95046F4F7FFFBEA
:10CCB00045F28560F4F749FC88B342F20B20F4F7A3
:10CCC0001EFC68B342F20420F4F719FC18B10620E8
:10CCD000FDF7B9FE48E042F20520F4F710FC18B168
:10CCE0000720FDF7B0FE3FE042F20620F4F707FC14
:10CCF00018B10B20FDF7A7FE36E042F20720F4F74B
:10CD0000FEFB18B10C20FDF79EFE2DE04FF40850FD
:10CD1000F4F708FC28B10320FDF795FE24E03CE081
:10CD200031E042F20120F4F7FDFB18B10120FDF7DC
:10CD30008AFE19E042F20220F4F7F4FB18B1042055
:10CD4000FDF781FE10E042F20820F4F7EBFB18B18A
:10CD50000220FDF778FE07E042F20320F4F7E2FB41
:10CD600010B11020FDF76FFE0020FEF72BF9132005
:10CD7000A4F8CC0AB4F84400A4F8C80A45F2A060AC
:10CD8000F4F784FB09E045F2A060F4F790FB002083
:10CD9000FDF759FE0120FEF715F942F20B20F4F7DA
:10CDA000C1FB68B13046F4F7D0FB48B145F2A06052
:10CDB000F4F77DFB0020FDF746FE0120FEF702F9A7
:10CDC00042F23E263046F4F79AFB58B345F2A06093
:10CDD000F4F76DFB5846F4F792FB50B1012209219C
:10CDE0000820F9F722FA012209210820F9F747FA69
:10CDF00009E0002209210820F9F717FA0022092189
:10CE00000820F9F73CFA4FF4FA70A4F82C05FEF765
:10CE10008BFC4046A4F83485F9F7A5F93046F4F7C1
:10CE200046FB3FE142F23C263046F4F768FB00281F
:10CE3000F7D04FF42970F4F72BFC4FF42A70F4F775
:10CE400027FC94F8F004F84940B208700090F74BC2
:10CE500040F6F542F649F7A024F042FFFC49B4F948
:10CE6000FC040880B4F8FE14DFF8E8830144A8F855
:10CE700000100090ED4B40F6F842ED49F6A024F08A
:10CE80002FFFB8F900000090E84B40F6F942E8495E
:10CE9000FAA024F025FFB4F8F004012818D1B4F862
:10CEA0004000022819D042F21720F4F7EFFA04F2FA
:10CEB0001A540121E180208AA08061802080E181D4
:10CEC0003221A181608110FB01F02081A4F21A546B
:10CED000B4F8F004022811D041E0B4F9420040B1A6
:10CEE000012806D0022804D042F21720F4F7CEFA27
:10CEF000DDE742F21720F4F7DAFAD8E7B4F9FC04D8
:10CF00004FF47A78404526DBB4F9FE04404522DB35
:10CF100042F21720F4F7BAFA04F2FC44B4F9001014
:10CF2000B4F9022091FBF8F092FBF8F21044A084CF
:10CF3000208491FBF8F1E28D51436184E183A08567
:10CF400000EB800040006085218512FB00F0E0844A
:10CF5000A4F2FC4403E042F21720F4F7A8FA42F2EC
:10CF60001720F4F7CCFA38B1B04B40F62952B0494B
:10CF7000CCA024F0B5FE06E0AC4B40F62C52AC49F8
:10CF8000CFA024F0ADFE04F2EE44A84BB4F9320079
:10CF9000009040F62E52A649D0A024F0A1FEB4F98C
:10CFA0003A000090A14B40F62F52A149D4A024F0A2
:10CFB00097FEB4F9380000909C4B4FF453629C49A3
:10CFC000D8A024F08DFEB4F930000090974B40F6C5
:10CFD00032529749DCA024F083FEB4F93600009069
:10CFE000924B40F633529249E0A024F079FEB4F916
:10CFF000340000908D4B40F634528D49E4A024F06B
:10D000006FFE2088A4F2EE4401280CD1B4F9F2148A
:10D01000E84A03F04FFAA4F88C0AF8F784F8A4F869
:10D020008E5AF8F792F8B4F8EE0402280DD1A4F85D
:10D030008C5AF8F778F8B4F9F414DE4A022003F0B9
:10D0400039FAA4F88E0AF8F780F8B4F8EE04052847
:10D0500007D1A4F88C5AF8F766F8A4F88E5AF8F7B6
:10D0600074F8D449B4F8460091F9411010FB01F06E
:10D0700000B2F6F744FB40F29110A4F82C053046BC
:10D08000F4F715FA0020FDF7ABFF3846A4F8347525
:10D09000F9F769F80020FDF773FF0120FDF78DFF18
:10D0A000FEF73EFC42F242252846F4F728FA60B12A
:10D0B00003F056FDB4F94210B4F9400003F09AFDB4
:10D0C000FEF72DF92846F4F7F2F942F241252846F9
:10D0D000F4F715FA00283FF490AC03F082FD4034D9
:10D0E000B4F90210B4F9000003F084FDFEF717F95B
:10D0F0002846F4F7DCF980E4A0F580724FF4C9719A
:10D10000913A23D0B0F5C97F4FD0A0F58071933903
:10D110001FD0B0F5CA7F7CD040F29516B04279D1CD
:10D1200042F20920F4F7FEF9002874D045F2A0601D
:10D13000F4F7BDF90020FDF753FF0120FDF742FF92
:10D140000020FDF780FCA4F82CB556E4A4F82C15BB
:10D1500053E442F21520F4F7D2F930B145F287607A
:10D16000F4F7F3F908B1FBF72AF842F252273846F0
:10D17000F4F7EBF918B103F0D9F8FEF716FB3846CF
:10D18000F4F7BDF900284CD0502201210820F4F713
:10D1900011FA44F24840F4F7B2F90028F3D03046CF
:10D1A000F4F7D3F900283DD17DE1142201210220BA
:10D1B000F4F732FA44F28240F4F7A1F960B342F294
:10D1C0000920F4F7AFF938B3032200210220F4F765
:10D1D00023FA0120FDF7D4FE3846A4F83475F8F799
:10D1E000C2FF42F21720F4F78AF9C8B101220D21DB
:10D1F0000720F9F744F801220E210720F9F73FF83C
:10D2000001220F210720F9F73AF801221021072007
:10D2100003E0B4E277E373E3E7E0F9F730F8DFE047
:10D22000CAE058E143E1000015C001209261040802
:10D23000BC83010825732C25642C25733A7365740F
:10D24000206C61736572206D6F64653D25640A0012
:10D250001AC001201CC0012025732C25642C2573C5
:10D260003A736574204C6173657254696D65725FC1
:10D27000544D6174653D25640A00000025732C251A
:10D28000642C25733A736574204C6173657254691C
:10D290006D65725F544F76657274696D653D256486
:10D2A0000A00000025732C25642C25733A61636FF6
:10D2B000757374696320656E61626C65210A000094
:10D2C00025732C25642C25733A61636F757374691B
:10D2D000632064697361626C65210A0025732C25E3
:10D2E000642C25733A61636F757374696320746984
:10D2F0006D652073746570203D2025640A00000070
:10D3000025732C25642C25733A61636F75737469DA
:10D31000632074696D65206D696E203D2025640A67
:10D320000000000025732C25642C25733A61636F7F
:10D3300075737469632074696D65206D6178203D33
:10D340002025640A0000000025732C25642C257319
:10D350003A61636F757374696320656E657267798E
:10D360002073746570203D2025640A0025732C25E8
:10D37000642C25733A61636F757374696320656EFD
:10D3800065726779206D696E203D2025640A000072
:10D3900025732C25642C25733A61636F757374694A
:10D3A0006320656E65726779206D6178203D202568
:10D3B000640A0000E84F002000220D210720F8F742
:10D3C0005EFF00220E210720F8F759FF00220F21EF
:10D3D0000720F8F754FF002210210720F8F74FFF2D
:10D3E00040F29310A4F82C0585E642F23D20F4F7B4
:10D3F00086F868B145F2A060F4F759F803220021DD
:10D400000220F4F709F940F29310A4F82C0572E613
:10D4100042F209252846F4F798F870B31320A4F8CF
:10D42000CC0AB4F84400A4F8C80A45F2A060F4F7A6
:10D430002DF8B4F9CC0A0090F84B40F68552F84923
:10D44000F8A024F04DFCB4F9CA0A0090F34B40F662
:10D450008652F349FAA024F043FCF04B40F6875281
:10D46000EF49FEA024F03CFCB4F83405102804D0A9
:10D470001020A4F83405F8F776FE2846F4F77FF874
:10D4800060B145F2A060F4F712F8B4F8340507284B
:10D4900004D03846A4F83475F8F765FE4FF4C97027
:10D4A000A4F82C0527E63046F4F769F898B102F0A5
:10D4B0003DFFB4F91A15B4F92205814209DBA4F83D
:10D4C0001A053846F3F7F3FF502200210820F4F73D
:10D4D00071F8FEF76AF942F253284046F4F70FF864
:10D4E00050B13846F3F7E3FF502200210820F4F74B
:10D4F00061F84046F3F7DBFF42F254273846F4F771
:10D5000024F818B102F02AFFFEF74FF93846F3F776
:10D51000F6FF28B3502201210920F4F74BF844F21A
:10D520004940F3F7ECFFD8B13046F4F70EF818B9DC
:10D530003046F4F724F898B102F010FFB4F91A1548
:10D54000B4F92405814209DCA4F81A053846F3F73A
:10D55000AEFF502200210920F4F72CF8FEF725F940
:10D5600042F255284046F3F7CAFF50B13846F3F768
:10D570009EFF502200210920F4F71CF84046F3F7E3
:10D5800096FF42F256273846F3F7DFFF18B102F054
:10D590009DFEFEF70AF93846F3F7B1FF28B3502293
:10D5A00001210A20F4F706F844F24A40F3F7A7FFF6
:10D5B000D8B13046F3F7C9FF18B93046F3F7DFFFAB
:10D5C00098B102F083FEB4F91C15B4F92605814226
:10D5D00009DBA4F81C053846F3F769FF5022002147
:10D5E0000A20F3F7E7FFFEF7E0F842F2572840463B
:10D5F000F3F785FF50B13846F3F759FF5022002169
:10D600000A20F3F7D7FF4046F3F751FF42F25827BD
:10D610003846F3F79AFF18B102F070FEFEF7C5F82E
:10D620003846F3F76CFF28B3502201210B20F3F7A3
:10D63000C1FF44F24B40F3F762FFD8B13046F3F735
:10D6400084FF18B93046F3F79AFF98B102F056FEFE
:10D65000B4F91C15B4F92805814209DCA4F81C05AD
:10D660003846F3F724FF502200210B20F3F7A2FFE6
:10D67000FEF79BF842F259263046F3F740FF50B1CF
:10D680003846F3F714FF502200210B20F3F792FFE6
:10D690003046F3F70CFF42F23D263046F3F72FFFFA
:10D6A00020B942F20B20F3F72AFF40B3F6F762F8F5
:10D6B000A4F88C5AA4F88E5AF7F735FDF7F745FD14
:10D6C0000020F6F71CF8032200210220F3F7A4FF44
:10D6D0000620A4F83405F8F746FDFDF720FE0020EB
:10D6E000FDF77EFC3046F3F70AFF10B13046F3F742
:10D6F000DEFE0020FDF7A7F9A4F82CB5FBE40A2014
:10D70000F3F7FDFE40F24C45E0B142F20920F3F799
:10D710001CFF0028F2D0B4F94400F7F76EF8284651
:10D72000A4F8CA5AF6F7AAFF0020FDF729FC4FF427
:10D73000CA70A4F82C05F5F7A9FF45F2A060F3F72D
:10D74000A5FED8E442F20920F3F7D9FE0028D5D08F
:10D75000B4F94400F7F751F82846A4F8CA5AF6F786
:10D760008DFF0020FDF70CFC4FF4CA70A4F82C05C7
:10D77000F5F78CFF45F2A060F3F788FEBBE445F2B5
:10D7800082673846F3F7E1FE18B14FF42A70F4F7D8
:10D79000CFF93846F3F7D9FE30B13648007818B1E2
:10D7A0004FF42970F4F7C4F93046F3F7CEFE08B110
:10D7B000FDF7C1F842F21520F3F7A1FE30B145F2B2
:10D7C0008760F3F7C2FE08B1FAF7F9FC42F23D2692
:10D7D0003046F3F794FE20B942F20B20F3F78FFEA8
:10D7E000D0B1F5F7C7FFA4F88C5AA4F88E5AF7F712
:10D7F0009AFCF7F7AAFC0020F5F781FF0620A4F8B1
:10D800003405F8F7B0FCFDF78AFD0020FDF7E8FBD2
:10D810003046F3F774FE2FE038E000009261040810
:10D82000BC83010825732C25642C25733A73657419
:10D83000204265656D206D6F64653A25640A0000BD
:10D8400025732C25642C25733A7365742042656515
:10D850006D20667265713A25640A000025732C25D7
:10D86000642C25733A736574204265656D206F6E74
:10D870000A00000016C0012010B13046F3F717FE71
:10D880000020FDF7E0F8A4F82CB534E40A20F3F703
:10D8900036FED0B142F20920F3F757FE0028F4D04B
:10D8A000F5F768FF45F2A060F3F701FE40F2931030
:10D8B000A4F82C050120FDF763FBFE4B40F64A62FD
:10D8C000FD49FE4824F00CFA15E442F20920F3F772
:10D8D00029FE0028D9D0F5F74DFF45F2A060F3F7F7
:10D8E000E6FD40F29310A4F82C050120FDF748FB5B
:10D8F000F04B40F65362F049F14824F0F1F924E48A
:10D90000A4F82C6521E44FF4FA7B4FF416765845C1
:10D910007DD142F268273846F3F7F1FDC0B1B4F982
:10D920004410642911DA491C0AB2A4F84420A4F86E
:10D93000C82A01230A2108200095F8F71EFDB4F932
:10D9400044200C210820F8F7A3FD3846F3F7AFFD7B
:10D9500042F269273846F3F7D2FDC0B1B4F944105A
:10D96000002911DD491E0AB2A4F84420A4F8C82AEF
:10D9700001230A2108200095F8F7FFFCB4F94420A0
:10D980000C210820F8F784FD3846F3F790FD42F2A9
:10D990006A273846F3F7B3FDE0B1B4F948106429BB
:10D9A00015DA491C0AB224F8482F01230B2108205C
:10D9B0000095F8F7E2FCB4F900200D210820F8F7F3
:10D9C00067FD34F9480902F04BFDF8F7B0F9384625
:10D9D000F3F76DFD42F26B273846F3F790FDF0B197
:10D9E000B4F94810012917DD491E0AB224F8482F5E
:10D9F00001230B2108200095F8F7BFFCB4F90020A3
:10DA00000D210820F8F744FD34F9480900E02FE023
:10DA100002F026FDF8F78BF93846F3F748FD42F29D
:10DA200065252846F3F76BFD58B1FCF7DAFEA4F83C
:10DA30002C650C20A4F83405F8F795FB2846F3F77D
:10DA400036FD42F267252846F3F759FD00283FF4DA
:10DA500056AF4FF44870A4F82C050D20A4F83405F7
:10DA6000F8F781FBFAF7D9FB2846F3F720FDBBE472
:10DA7000B04211D142F26E252846F3F740FD00284E
:10DA8000F5D0A4F82CB54046A4F83485F8F76BFB24
:10DA90002846F3F70CFDA7E40B26B0F52F7F17D02F
:10DAA000B0F5617F7ED0B0F5487FE0D142F2A0268C
:10DAB0003046F3F724FD002875D0A4F82CB5404675
:10DAC000A4F83485F8F74FFB3046F3F7F0FC8BE40D
:10DAD00045F2A060F3F7EBFC42F27B294846F3F7EE
:10DAE0000EFDD8B1B4F93005FDF728FAB4F93005C8
:10DAF00018B1102801DAA4F83055B4F9300510280F
:10DB000003DD4FF01000A4F83005B4F93015B4F976
:10DB10003205FCF7DCFF4846F3F7C9FC42F27C25EE
:10DB20002846F3F7ECFCF0B1B4F93005FDF706FA3E
:10DB3000B4F93005012804D0102802DA0120A4F835
:10DB40003005B4F93005112804D0102802DB11206B
:10DB5000A4F83005B4F93015B4F93205FCF7B7FF75
:10DB60002846F3F7A4FC42F27D252846F3F7C7FCCC
:10DB700008B3B4F93005FDF7E1F9B4F9300502282E
:10DB800004D0102802DA0220A4F83005B4F93005D8
:10DB9000122804D0102802DB1220A4F83005B4F9B2
:10DBA000301501E00CE232E2B4F93205FCF78FFFE8
:10DBB0002846F3F77CFC42F27E252846F3F79FFCCB
:10DBC000F0B1B4F93005FDF7B9F9B4F9300503281F
:10DBD00004D0102802DA0320A4F83005B4F9300587
:10DBE000132804D0102802DB1320A4F83005B4F960
:10DBF0003015B4F93205FCF76AFF2846F3F757FCF5
:10DC000042F27F252846F3F77AFCF0B1B4F93005EB
:10DC1000FDF794F9B4F93005042804D0102802DA8D
:10DC20000420A4F83005B4F93005142804D01028D5
:10DC300002DB1420A4F83005B4F93015B4F932052C
:10DC4000FCF745FF2846F3F732FC4FF40A55284607
:10DC5000F3F755FCF0B1B4F93005FDF76FF9B4F9FD
:10DC60003005052804D0102802DA0520A4F8300574
:10DC7000B4F93005152804D0102802DB1520A4F8CB
:10DC80003005B4F93015B4F93205FCF720FF284609
:10DC9000F3F70DFC42F281252846F3F730FC38B348
:10DCA000B4F93005FDF74AF9B4F9300506280DD06E
:10DCB000102807E092610408BC830108946D0408F1
:10DCC000D86D040802DA0620A4F83005B4F930054E
:10DCD000162804D0102802DB1620A4F83005B4F969
:10DCE0003015B4F93205FCF7F2FE2846F3F7DFFBF6
:10DCF00042F282252846F3F702FCE8B1B4F9300578
:10DD0000FDF71CF9B4F93005072803D0102801DA13
:10DD1000A4F83075B4F93005172804D0102802DBB8
:10DD20001720A4F83005B4F93015B4F93205FCF722
:10DD3000CEFE2846F3F7BBFB42F283252846F3F7D5
:10DD4000DEFBE8B1B4F93005FDF7F8F8B4F93005B9
:10DD5000082803D0102801DAA4F83085B4F930057A
:10DD6000182804D0102802DB1820A4F83005B4F9D4
:10DD70003015B4F93205FCF7AAFE2846F3F797FBF5
:10DD800042F284252846F3F7BAFBF0B1B4F9300526
:10DD9000FDF7D4F8B4F93005092804D0102802DAC8
:10DDA0000920A4F83005B4F93005192804D010284A
:10DDB00002DB1920A4F83005B4F93015B4F93205A6
:10DDC000FCF785FE2846F3F772FB42F285252846CC
:10DDD000F3F795FBF0B1B4F93005FDF7AFF8B4F9FE
:10DDE00030050A2804D0102802DA0A20A4F83005E9
:10DDF000B4F930051A2804D0102802DB1A20A4F840
:10DE00003005B4F93015B4F93205FCF760FE284648
:10DE1000F3F74DFB42F286252846F3F770FBE8B195
:10DE2000B4F93005FDF78AF8B4F930050B2803D0B2
:10DE3000102801DAA4F83065B4F930051B2804D0A5
:10DE4000102802DB1B20A4F83005B4F93015B4F912
:10DE50003205FCF73CFE2846F3F729FB42F2872502
:10DE60002846F3F74CFBF0B1B4F93005FDF766F83E
:10DE7000B4F930050C2804D0102802DA0C20A4F8DC
:10DE80003005B4F930051C2804D0102802DB1C2012
:10DE9000A4F83005B4F93015B4F93205FCF717FED3
:10DEA0002846F3F704FB42F288252846F3F727FBC0
:10DEB000F0B1B4F93005FDF741F8B4F930050D289B
:10DEC00004D0102802DA0D20A4F83005B4F930058A
:10DED0001D2804D0102802DB1D20A4F83005B4F959
:10DEE0003015B4F93205FCF7F2FD2846F3F7DFFAF6
:10DEF00042F289263046F3F702FB0E25E8B1B4F969
:10DF00003005FDF71BF8B4F930050E2803D01028B2
:10DF100001DAA4F83055B4F930051E2804D01028D1
:10DF200002DB1E20A4F83005B4F93015B4F932052F
:10DF3000FCF7CDFD3046F3F7BAFA42F28A263046B6
:10DF4000F3F7DDFAF0B1B4F93005FCF7F7FFB4F9F7
:10DF500030050F2804D0102802DA0F20A4F830056D
:10DF6000B4F930051F2804D0102802DB1F20A4F8C4
:10DF70003005B4F93015B4F93205FCF7A8FD304688
:10DF8000F3F795FA42F278263046F3F7B8FA00280C
:10DF90003FF46DAD04F22C544FF461702080258164
:10DFA000B4F90400B44901EBC01201210E20F8F7C6
:10DFB000BAF92089F8F7D7F83046F3F778FA64E42D
:10DFC00042F2AC252846F3F79AFA60B14FF42F706D
:10DFD000A4F82C053046A4F83465F8F7C4F82846B0
:10DFE000F3F765FA51E442F2AB252846F3F787FAD6
:10DFF0000028E4D04FF42F70A4F82C053046A4F884
:10E000003465F8F7B0F82846F3F751FA3DE442F2E8
:10E010001320F3F774FA4FF47A64A8B10022632155
:10E020000D20F8F72CF9002181F31088F4F7BFF8E0
:10E03000F4F714F9F4F727F9F9F7C8FB2046F5F7D8
:10E0400087FCF3F711FA20E442F21420F3F757FAB1
:10E05000A8B1002263210D20F8F711F9002181F306
:10E060001088F4F708F8F4F7DCF8F9F7B3FFF9F7DC
:10E07000ADFB2046F5F76CFCF3F7F6F905E442F248
:10E080001820F3F73CFA90B3019585F3108801A9A5
:10E0900041F67450F4F79FFC01A941F67550F4F76E
:10E0A0009AFC01A941F67650F4F795FC01A941F6D6
:10E0B0007750F4F790FC01A941F67050F4F78BFC0F
:10E0C00001A941F67150F4F786FC01A941F672509E
:10E0D000F4F781FC01A941F67350F4F77CFCF9F7E1
:10E0E00075FB2046F5F734FCF3F7BEF907E4FFE7CC
:10E0F00042F219252846F3F702FAE8B301229321E8
:10E100000D20F8F792F8002263210D20F8F7B7F8F8
:10E1100040F23714002221460D20F8F7B0F8F9F745
:10E1200001FCA0B1012249460D20F8F77EF801223A
:10E1300051460D20F8F779F8012249460D20F8F7ED
:10E140009EF8012251460D20F8F799F824E00022AC
:10E1500049460D20F8F769F8002251460D20F8F7DE
:10E1600064F8002249460D20F8F789F8002251464C
:10E170000D20F8F784F800E012E0012263210D2061
:10E18000F8F77DF8002221460D20F8F7A2F80122C9
:10E1900021460D20F8F773F82846F3F788F966E46E
:10E1A00042F21A20F3F7ABF960B1002249460D2084
:10E1B000F8F765F8002251460D20F8F760F8F9F7F6
:10E1C0007CFC54E442F21B252846F3F798F950B33F
:10E1D000002249460D20F8F752F8002251460D2042
:10E1E000F8F74DF8F9F7F9FC40F237140022214610
:10E1F0000D20F8F76EF8012221460D20F8F73FF8C0
:10E20000002249460D20F8F710F8002251460D2053
:10E21000F8F70BF8012263210D20F8F730F82846B3
:10E22000F3F745F923E445F28560F3F78EF900280A
:10E23000B5D0FAF760F91AE430B500210546027846
:10E240002D2A01D02B2A00D1401C6FF02F0309E0AA
:10E25000A2F130040A2C08D201EB810103EB410149
:10E260001144401C0278002AF2D128782D2800D1D0
:10E270004942084630BD0000202900202DE9F04F1A
:10E28000EDB007460E461446A7F1040B4FF00B09FC
:10E290004FF0060A4FF004084FF0030C0223FE4D26
:10E2A000B5F9380540F031016C9140F444516B915F
:10E2B000B5F93A1541F031026A9241F4445269923B
:10E2C00040F03202689240F44852679241F03202C4
:10E2D000669241F44852659240F03302649240F4F1
:10E2E0004C52639241F03302629241F44C5261927B
:10E2F00040F03402609240F450525F9241F0340298
:10E300005E9241F450525D9240F035025C9240F4CE
:10E3100054525B9241F035025A9241F45452599250
:10E3200040F03602589240F45852579241F036026B
:10E33000569241F45852559240F03702549240F4AC
:10E340005C52539241F03702529241F45C52519226
:10E3500040F03802509240F460524F9241F038023F
:10E360004E9241F460524D9240F039024C9240F48A
:10E3700064524B9241F039024A9241F464524992FC
:10E3800040F03002489240F44052479241F030024F
:10E39000469241F440524592CAB2449201F47F42FF
:10E3A00012B24392C2B2429200F47F4212B2419240
:10E3B000B5F93625BBF10C0F4FD2DFE81BF00C008E
:10E3C000E10270051D075807C607E708B809B90735
:10E3D0009B0AF00AAE0700248DF80840DFF8B8B2B7
:10E3E0000F2EBBF94A90BBF94CB036D2DFE806F0ED
:10E3F0003508386696C4FBF9F8F7F6F5F4F3F20041
:10E4000032B1012A0BD0022A0FD0032A13D017E011
:10E410006C98A5F838050120A5F8360510E06B9832
:10E42000A5F83805A5F836350AE06A98A5F83A0542
:10E43000A5F836C504E06998A5F83A05A5F836852B
:10E44000B5F83805ADF80400B5F83A05ADF80600A2
:10E4500001AA0F213846F7F766FF6DB0BDE8F08FCF
:10E4600032B1012A0BD0022A0FD0032A13D017E0B1
:10E470006898A5F838050120A5F8360510E06798DA
:10E48000A5F83805A5F836350AE06698A5F83A05E6
:10E49000A5F836C504E06598A5F83A05A5F83685CF
:10E4A000B5F83805ADF80400B5F83A05ADF8060042
:10E4B00001AA0F213846F7F736FFCEE732B1012A1D
:10E4C0000BD0022A0FD0032A13D017E06498A5F8C6
:10E4D00038050120A5F8360510E06398A5F8380541
:10E4E000A5F836350AE06298A5F83A05A5F836C5CC
:10E4F00004E06198A5F83A05A5F83685B5F8380521
:10E50000ADF80400B5F83A05ADF806008DF80840FE
:10E5100001AA0F213846F7F706FF9EE732B1012A1C
:10E520000BD0022A0FD0032A13D017E06098A5F869
:10E5300038050120A5F8360510E05F98A5F83805E4
:10E54000A5F836350AE05E98A5F83A05A5F836C56F
:10E5500004E05D98A5F83A05A5F83685B5F83805C4
:10E56000ADF80400B5F83A05ADF8060001AA0F2190
:10E570003846F7F7D8FE70E732B1012A0BD0022AED
:10E580000FD0032A13D017E05C98A5F838050120B6
:10E59000A5F8360510E05B98A5F83805A5F83635DE
:10E5A0000AE05A98A5F83A05A5F836C504E0599846
:10E5B000A5F83A05A5F83685B5F83805ADF8040094
:10E5C000B5F83A05ADF8060001AA0F213846F7F76D
:10E5D000AAFE42E770E134E104E1EFE0C0E08FE041
:10E5E00060E02EE0FFE732B1012A0BD0022A0FD003
:10E5F000032A13D017E05898A5F838050120A5F88C
:10E60000360510E05798A5F83805A5F836350AE024
:10E610005698A5F83A05A5F836C504E05598A5F82A
:10E620003A05A5F83685B5F83805ADF80400B5F813
:10E630003A05ADF8060001AA0F213846F7F773FE38
:10E640000BE732B1012A0BD0022A0FD0032A13D0D4
:10E6500017E05498A5F838050120A5F8360510E014
:10E660005398A5F83805A5F836350AE05298A5F86C
:10E670003A05A5F836C504E05198A5F83A05A5F87D
:10E680003685B5F83805ADF80400B5F83A05ADF8AB
:10E69000060001AA0F2101E0400200203846F7F7EA
:10E6A00042FEDAE632B1012A0BD0022A0FD0032A49
:10E6B00013D017E05098A5F838050120A5F83605C5
:10E6C00010E04F98A5F83805A5F836350AE04E98C1
:10E6D000A5F83A05A5F836C504E04D98A5F83A0521
:10E6E000A5F83685B5F83805ADF80400B5F83A0553
:10E6F000ADF8060001AA0F213846F7F714FEACE684
:10E7000032B1012A0BD0022A0FD0032A13D017E00E
:10E710004C98A5F838050120A5F8360510E04B986F
:10E72000A5F83805A5F836350AE04A98A5F83A055F
:10E73000A5F836C504E04998A5F83A05A5F8368548
:10E74000B5F83805ADF80400B5F83A05ADF806009F
:10E750008DF8084001AA0F213846F7F7E4FD7CE662
:10E7600032B1012A0BD0022A0FD0032A13D017E0AE
:10E770004898A5F838050120A5F8360510E0479817
:10E78000A5F83805A5F836350AE04698A5F83A0503
:10E79000A5F836C504E04598A5F83A05A5F83685EC
:10E7A000B5F83805ADF80400B5F83A05ADF806003F
:10E7B00001AA0F213846F7F7B6FD4EE64FF4277051
:10E7C000F2F75CFF40F29D20F2F758FF40F29B20E9
:10E7D000F2F754FF4046A5F8348501AA0F21F7F758
:10E7E000A2FD3AE6042A06D0032A0AD0022A0ED055
:10E7F000012A13D017E04498A5F83A05A5F836C5C4
:10E8000011E04398A5F83A05A5F836350BE0429893
:10E81000A5F838050120A5F8360504E04198A5F8CB
:10E820003805A5F83645B5F83805ADF80400B5F853
:10E830003A05ADF8060001AA0F213846F7F773FD37
:10E840000BE648450BD1594509D14FF49770A5F80F
:10E850002C050520A5F83405F7F785FC10E0A0F598
:10E860005452323A0CD1A1F54050383808D14FF407
:10E870009770A5F82C050520A5F83405F7F773FC6B
:10E880004FF42770F2F7FAFE40F29D20F2F7F6FE01
:10E8900040F29B20F2F7F2FEB5F83805ADF804001F
:10E8A000B5F83A05ADF806008DF8084001AA0F2129
:10E8B0003846F7F738FDD0E5A0F5545242F215235B
:10E8C000323A03D1A1F54052383A4ED0484588D16A
:10E8D000594586D14FF4C870A5F82C051846F2F7B3
:10E8E000E6FD0020F9F75DFC4FF42770F2F7C6FE55
:10E8F00040F29D20F2F7C2FE40F29B20F2F7BEFEEE
:10E9000005F23455A888ADF80400E888ADF8060093
:10E910008DF80840012217210620F7F786FC012216
:10E9200017210620F7F7ABFC002218210620F7F785
:10E930007CFC002218210620F7F7A1FC01221921F6
:10E940000620F7F772FC012219210620F7F797FC41
:10E95000A5F800A001AA0F213846F7F7E4FC2888A3
:10E96000F7F701FCFCF7DBFC77E54FF4C870A5F87E
:10E970002C051846F2F78AFD0120F9F712FCB3E7DF
:10E980004FF000098DF8089040F22D140F2E92D20E
:10E99000DFE806F00809376593C1F8F6F5F4F3F2FD
:10E9A000F1F0EF0059E532B1012A0BD0022A0FD065
:10E9B000032A13D017E06C98A5F838050120A5F8B4
:10E9C000360510E06B98A5F83805A5F836350AE04D
:10E9D0006A98A5F83A05A5F836C504E06998A5F83F
:10E9E0003A05A5F83685B5F83805ADF80400B5F850
:10E9F0003A05ADF8060001AA0F213846F7F793FC57
:10EA00002BE532B1012A0BD0022A0FD0032A13D0F2
:10EA100017E06898A5F838050120A5F8360510E03C
:10EA20006798A5F83805A5F836350AE06698A5F880
:10EA30003A05A5F836C504E06598A5F83A05A5F8A5
:10EA40003685B5F83805ADF80400B5F83A05ADF8E7
:10EA5000060001AA0F213846F7F765FCFDE432B144
:10EA6000012A0BD0022A0FD0032A13D017E0649892
:10EA7000A5F838050120A5F8360510E06398A5F83B
:10EA80003805A5F836350AE06298A5F83A05A5F8E4
:10EA900036C504E06198A5F83A05A5F83685B5F8BD
:10EAA0003805ADF80400B5F83A05ADF8060001AA3E
:10EAB0000F213846F7F737FCCFE432B1012A0BD0EB
:10EAC000022A0FD0032A13D017E06098A5F8380562
:10EAD0000120A5F8360510E05F98A5F83805A5F8DF
:10EAE00036350AE05E98A5F83A05A5F836C504E083
:10EAF0005D98A5F83A05A5F83685B5F83805ADF85E
:10EB00000400B5F83A05ADF8060001AA0F21384611
:10EB1000F7F709FCA1E432B1012A0BD0022A0FD089
:10EB2000032A13D017E05C98A5F838050120A5F852
:10EB3000360510E05B98A5F83805A5F836350AE0EB
:10EB40005A98A5F83A05A5F836C504E05998A5F8ED
:10EB50003A05A5F83685B5F83805ADF80400B5F8DE
:10EB60003A05ADF8060001AA0F213846F7F7DBFB9E
:10EB700073E474E135E105E1EAE0BBE08CE05DE0DF
:10EB80002EE0FFE732B1012A0BD0022A0FD0032A70
:10EB900013D017E05898A5F838050120A5F83605D8
:10EBA00010E05798A5F83805A5F836350AE05698CC
:10EBB000A5F83A05A5F836C504E05598A5F83A0534
:10EBC000A5F83685B5F83805ADF80400B5F83A056E
:10EBD000ADF8060001AA0F213846F7F7A4FB3CE484
:10EBE00032B1012A0BD0022A0FD0032A13D017E02A
:10EBF0005498A5F838050120A5F8360510E053987B
:10EC0000A5F83805A5F836350AE05298A5F83A0572
:10EC1000A5F836C504E05198A5F83A05A5F836855B
:10EC2000B5F83805ADF80400B5F83A05ADF80600BA
:10EC300001AA0F213846F7F776FB0EE432B1012A1C
:10EC40000BD0022A0FD0032A13D017E05098A5F852
:10EC500038050120A5F8360510E04F98A5F83805CD
:10EC6000A5F836350AE04E98A5F83A05A5F836C558
:10EC700004E04D98A5F83A05A5F83685B5F83805AD
:10EC8000ADF80400B5F83A05ADF8060001AA0F2169
:10EC90003846F7F748FB10E432B1012A0BD0022ABC
:10ECA0000FD0032A13D017E04C98A5F8380501209F
:10ECB000A5F8360510E04B98A5F83805A5F83635C7
:10ECC0000AE04A98A5F83A05A5F836C504E049983F
:10ECD000A5F83A05A5F83685B5F83805ADF804006D
:10ECE000B5F83A05ADF8060001AA0F213846F7F746
:10ECF0001AFB12E432B1012A0BD0022A0FD0032AE8
:10ED000013D017E04898A5F838050120A5F8360576
:10ED100010E04798A5F83805A5F836350AE046987A
:10ED2000A5F83A05A5F836C504E04598A5F83A05D2
:10ED3000A5F83685B5F83805ADF80400B5F83A05FC
:10ED4000ADF8060001AA0F213846F7F7ECFA12E4F5
:10ED50004FF42770F2F792FC40F29D20F2F78EFC00
:10ED600040F29B20F2F78AFCB5F83805ADF80400B4
:10ED7000B5F83A05ADF8060001AA0F213846F7F7B5
:10ED8000D2FA26E4042A06D0032A0AD0022A0ED098
:10ED9000012A13D017E04498A5F83A05A5F836C51E
:10EDA00011E04398A5F83A05A5F836350BE04298EE
:10EDB000A5F838050120A5F8360504E04198A5F826
:10EDC0003805A5F83695B5F83805ADF80400B5F85E
:10EDD0003A05ADF8060001AA0F213846F7F7A3FA65
:10EDE0002EE4042A1ADBC8B1A5F84A00A5F84C1095
:10EDF000F3F72FF840F29B20F2F740FC4FF4277016
:10EE0000F2F73CFC40F29D20F2F738FCA5F82C45C7
:10EE10004046A5F83485F7F7A6F912E040F29B20AA
:10EE2000F2F72CFC4FF42770F2F728FC40F29D20FB
:10EE3000F2F724FC4FF49770A5F82C050520A5F8EF
:10EE40003405B5F83805ADF80400B5F83A05ADF865
:10EE5000060001AA0F213846F7F765FA21E44FF4BE
:10EE60002770F2F70BFC40F29D20F2F707FC40F20E
:10EE70009B20F2F703FC05F22C552C80A889ADF8F5
:10EE80000400E889ADF8060001AA0F213846F7F71B
:10EE90004AFA4046A5F80880F7F765F92FE4FB4ADF
:10EEA00040F2792A40F27A27B2F94600B2F9F21418
:10EEB000B2F9EEC4B2F9F494B2F9FA2440F27D2822
:10EEC0002E2EEBD2DFE806F01718438D9FB1C4D782
:10EED000F8F6F5F4F3F2F1F0EFEEEDECEBEAE96EB3
:10EEE0007E851717171717171717171717171717DD
:10EEF00017171717177602E4002CCFD0BCF1010FBB
:10EF000004D1962902DA5046F2F7EFFDB5F8EE0487
:10EF1000022806D1B5F9F404962802DA3846F2F749
:10EF2000E4FDB5F8EE04052806D1B5F9FA04052884
:10EF300002DA4046F2F7D9FD05F2F24528886988E1
:10EF40000844298908442887FCF7E9F907E4002CDC
:10EF5000FCD0BCF1010F04D1012902DD5046F2F7CB
:10EF6000D6FDB5F8EE04022806D1B5F9F40401285F
:10EF700002DD3846F2F7CBFDB5F8EE04052806D1E0
:10EF8000B5F9FA04012802DD4046F2F7C0FD05F2AA
:10EF9000F245288869880844298908442887FCF7AD
:10EFA000BEF90AE4002CFCD00120A5F8EE04FCF721
:10EFB000B6F916E4002CFCD00120A5F8EE04FCF70D
:10EFC000AEF90EE4002CF4D0A5F8EE34FCF7A7F966
:10EFD00007E4002CEDD00520A5F8EE04FCF79FF91E
:10EFE0002EE4002CFCD09629FADA5046F2F77DFD8B
:10EFF00005F2F24528886988084429890844288749
:10F00000FCF78DF91CE4002CEAD00129E8DD50461C
:10F01000F2F77DFD05F2F2452888698808442989C0
:10F0200008442887FCF77BF90AE4002CD8D0B9F112
:10F03000960FD5DA3846F2F758FD05F2F2452888E2
:10F0400069880844298908442887FCF768F932E46C
:10F05000002CFCD0B9F1010FF9DD3846F2F757FD6D
:10F0600005F2F245288869880844298908442887D8
:10F07000FCF755F91FE4002CE9D0052AE7DA4046F1
:10F08000F2F733FD05F2F24528886988084429899A
:10F0900008442887FCF743F90DE454E048E03CE0DD
:10F0A00030E06AE070E059E09AE092E084E079E0D4
:10F0B00071E01DE012E0FFE7002CC8D0012AC6DD98
:10F0C0004046F2F724FD05F2F24528886988084495
:10F0D000298908442887FCF722F945E4002CFCD054
:10F0E0000A28FADA2320F2F700FDFCF718F93BE4CE
:10F0F000002CF2D00028F0DD2320F2F708FDFCF709
:10F100000EF931E424B142F23220F2F7BFF92BE4D8
:10F1100042F23320F2F7BAF926E424B142F2342065
:10F12000F2F7B4F920E442F23520F2F7AFF91BE42C
:10F1300024B142F23620F2F7A9F915E442F2372061
:10F14000F2F7A4F910E424B142F23820F2F79EF964
:10F150000AE442F23920F2F799F905E4002CBCD018
:10F16000B5F840000028B8D115F8420F01F089F930
:10F17000B5F90000F2F788FE42E4002CFCD042F220
:10F180004120F2F783F93BE4002CF5D042F2422013
:10F19000F2F77CF934E4002CEED042F23C20F2F796
:10F1A00075F92DE4002CE7D00120A5F8F004FBF759
:10F1B0001CFFFCF7B4F823E4002CDDD0A5F8F034F4
:10F1C000FCF778F8FCF791F8FBF70FFFFCF7A7F8CE
:10F1D00016E4002CD0D042F23E20F2F757F90FE4AB
:10F1E000002CC9D04FF42F70A5F82C050A20A5F8E3
:10F1F0003405F6F7B8FF03E40D3E052EBCD2DFE878
:10F2000006F00A15202B0300002CB5D142F23D2058
:10F21000F2F73CF922E424B142F25220F2F736F937
:10F220001CE442F25320F2F731F917E424B142F220
:10F230005420F2F72BF911E442F25520F2F726F9A7
:10F240000CE424B142F25620F2F720F906E442F22F
:10F250005720F2F71BF92FE424B142F25820F2F7BD
:10F2600015F929E442F25920F2F710F924E40A2EA4
:10F27000F1D2DFE806F0050611181F26342D424BA7
:10F280001AE42CB10B20F2F701F915E4400200203A
:10F290000B20F2F70CF90FE4002CDCD042F26820CE
:10F2A000F2F7F4F808E4002CD5D042F26920F2F726
:10F2B000EDF82FE4002CFCD042F26A20F2F7E6F8D9
:10F2C00028E4002CF5D042F26B20F2F7DFF821E4BD
:10F2D000002CEED042F26520F2F7D8F81AE4002CA8
:10F2E000E7D04FF4C870A5F82C055046A5F834A512
:10F2F000F6F739FFFCF713F80CE41CB10A20F2F71B
:10F30000C5F807E40A20F2F7D2F803E4002CD0D0C5
:10F3100042F26720F2F7BAF82AE4022E08D13CB193
:10F3200001F077F8F2F78CFDF2F7A5FDF2F79CF803
:10F33000012EF1D124B142F26E20F2F7A7F817E4C2
:10F3400042F26F20F2F7A2F812E40C2EE4D2DFE8CA
:10F3500006F00607213A546E88A2BCD6F2F007E404
:10F36000002CD9D005F5A6650120688000202880F2
:10F370004846A5F80490F6F7F6FEB5F90010B5F981
:10F380000200F9F7DAF9B5F90010B5F90200FBF758
:10F39000DFFD24E4002CFCD005F5A6656B80002081
:10F3A00028804846A5F80490F6F7DDFEB5F9001070
:10F3B000B5F90200F9F7C1F9B5F90010B5F9020085
:10F3C000FBF7C6FD0BE4002CE3D005F5A665A5F818
:10F3D00002C0002028804846A5F80490F6F7C3FE36
:10F3E000B5F90010B5F90200F9F7A7F9B5F9001061
:10F3F000B5F90200FBF7ACFD1FE4002CFCD005F5CD
:10F40000A665A5F80280002028804846A5F804904B
:10F41000F6F7A9FEB5F90010B5F90200F9F78DF974
:10F42000B5F90010B5F90200FBF792FD05E4002CD8
:10F43000E2D005F5A66505206880002028804846B2
:10F44000A5F80490F6F78FFEB5F90010B5F90200A3
:10F45000F9F773F9B5F90010B5F90200FBF778FD7B
:10F4600019E4002CFCD005F5A665A5F802A0002043
:10F4700028804846A5F80490F6F775FEB5F9001007
:10F48000B5F90200F9F759F9B5F90010B5F902001C
:10F49000FBF75EFD2DE4002CFCD005F5A6650720EA
:10F4A0006880002028804846A5F80490F6F75BFEA7
:10F4B000B5F90010B5F90200F9F73FF9B5F90010F8
:10F4C000B5F90200FBF744FD13E4002CE2D005F58A
:10F4D000A66508206880002028804846A5F804908A
:10F4E000F6F741FEB5F90010B5F90200F9F725F974
:10F4F000B5F90010B5F90200FBF72AFD27E4002C4E
:10F50000FCD005F5A66509206880002028804846C3
:10F51000A5F80490F6F727FEB5F90010B5F902003A
:10F52000F9F70BF9B5F90010B5F90200FBF710FD7A
:10F530000DE41FE0FFE7002CE0D04FF48052FA49C1
:10F54000FA4822F08EFE05F5A66500206880288026
:10F550004846A5F80490F6F706FEB5F90010B5F98F
:10F560000200F9F7EAF8B5F90010B5F90200FBF767
:10F57000EFFC06E45046A5F834A5F6F7F4FD4FF489
:10F58000C870A5F82C05FBF7CAFE29E40C2EFCD2A6
:10F59000DFE806F00607213A0654066E0688A2C187
:10F5A0001EE4002CF1D005F5A6650120688000203E
:10F5B00028804846A5F80490F6F7D5FDB5F9001067
:10F5C000B5F90200F9F7B9F8B5F90010B5F902007C
:10F5D000FBF7BEFC04E4002CD7D005F5A6656B80D4
:10F5E000002028804846A5F80490F6F7BCFDB5F940
:10F5F0000010B5F90200F9F7A0F8B5F90010B5F957
:10F600000200FBF7A5FC29E4002CFCD005F5A6655B
:10F61000A5F802C0002028804846A5F80490F6F717
:10F62000A2FDB5F90010B5F90200F9F786F8B5F9B1
:10F630000010B5F90200FBF78BFC0FE4002CE2D0C0
:10F6400005F5A66505206880002028804846A5F8B5
:10F650000490F6F788FDB5F90010B5F90200F9F746
:10F660006CF8B5F90010B5F90200FBF771FC15E470
:10F67000002CFCD005F5A6650720688000202880B6
:10F680004846A5F80490F6F76EFDB5F90010B5F9F7
:10F690000200F9F752F8B5F90010B5F90200FBF7CE
:10F6A00057FC53E4002CFCD005F5A66509206880C2
:10F6B000002028804846A5F80490F6F754FDB5F9D7
:10F6C0000010B5F90200F9F738F8B5F90010B5F9EE
:10F6D0000200FBF73DFC39E4002CE2D04FF48052ED
:10F6E0009149924822F0BDFD05F5A665002068808D
:10F6F00028804846A5F80490F6F735FDB5F90010C6
:10F70000B5F90200F9F719F8B5F90010B5F90200DA
:10F71000FBF71EFC1AE45046A5F834A5F6F723FDC6
:10F720004FF4C870A5F82C05FBF7F9FD0EE48048EE
:10F73000292EB0F93275B4D2DFE806F015161D3A5D
:10F74000424950575E656C737A81888F969DA4AB51
:10F750001515151515151515151515151515151559
:10F76000151515C7B2009CE7002C9AD042F27820FC
:10F77000F1F78CFE15E4002CFCD02FB94FF4805229
:10F780006A49694822F06DFD4035B5F9F014698089
:10F790002F80384601F02EFA4FF4C870A5F8EC041B
:10F7A0005046A5F8F4A4F6F7DEFCFBF7B8FD08E434
:10F7B000002CFCD00A20A5F83405F6F7D4FC07E4A9
:10F7C000002CFCD042F27B20F1F760FE08E4002C14
:10F7D000FCD042F27C20F1F759FE13E4002CFCD05F
:10F7E00042F27D20F1F752FE0CE4002CF5D042F2FB
:10F7F0007E20F1F74BFE05E4002CEED042F27F2094
:10F80000F1F744FE10E4002CFCD04FF40A50F1F75D
:10F810003DFE09E4002CF5D042F28120F1F736FEDE
:10F8200015E4002CFCD042F28220F1F72FFE0EE40A
:10F83000002CF5D042F28320F1F728FE07E4002CDB
:10F84000EED042F28420F1F721FE13E4002CFCD02C
:10F8500042F28520F1F71AFE0CE4002CF5D042F2BA
:10F860008620F1F713FE05E4002CEED042F287204B
:10F87000F1F70CFE10E4002CFCD042F28820F1F7E6
:10F8800005FE09E4002CF5D042F28920F1F7FEFDD7
:10F8900023E4002CFCD042F28A20F1F7F7FD1CE4AF
:10F8A000002CF5D005F5A665102129803846F8F71B
:10F8B00044FF012204210B20F6F70BFDB5F90010DF
:10F8C000B5F90200FBF703F907E4002CE0D005F5D9
:10F8D000A665002129803846F8F72FFF0122042170
:10F8E0000B20F6F7F6FCB5F90010B5F90200FBF7AE
:10F8F000EEF806E440F23311A6F233108E426DD0DA
:10F900001FDC40F22F11A6F22F108E4239D011DCED
:10F91000632E1ED0B6F5967F2AD0A6F580702D38BE
:10F920004AD001283BD13EE02019002020290020A8
:10F9300040020020012812D002282BD003282ED10B
:10F9400043E008282BD2DFE800F084635258696F47
:10F95000757B24B342F2A020F1F798FD79E042F2E2
:10F960000E2014B1F1F792FD73E0F1F7A0FD70E005
:10F9700042F20D2014B1F1F789FD6AE0F1F797FD2D
:10F9800067E042F20C2014B1F1F780FD61E0F1F77D
:10F990008EFD5EE042F2122014B1F1F777FD58E0DF
:10F9A000F1F785FD55E042F20F2014B1F1F76EFD3D
:10F9B0004FE0F1F77CFD4CE042F2102014B1F1F77A
:10F9C00065FD46E0F1F773FD43E042F2112014B10A
:10F9D000F1F75CFD3DE0F1F76AFD3AE042F21620F6
:10F9E00014B1F1F753FD34E0F1F761FD31E004B3F8
:10F9F00042F21320F1F74AFD2BE0D4B1002263213B
:10FA00000D20F6F73CFC42F21820F1F73FFD20E014
:10FA10007CB142F21420F1F739FD1AE04CB142F208
:10FA20001920F1F733FD14E01CB142F21A20F1F76E
:10FA30002DFD0EE06CB142F21B20F1F727FD08E02E
:10FA400009481CB1002180F8441002E0012180F82F
:10FA50004410032E7FF44DAF002C3FF44AAF42F226
:10FA6000AB20F1F713FD10E4E84F002038B57F4CD0
:10FA7000062809D008287DD100200C297BD00D292B
:10FA800078D1002A78D0DCE079482739B1EE041A21
:10FA90004388058800892B441844B2EE040A00B25A
:10FAA0009FED742ADFED741A052963D2DFE801F0B7
:10FAB000035D7C97B000642A00D96422012A00D833
:10FAC0000122B4F9EE044FF07E51F7EE002A01282E
:10FAD00013D100EE102AF8EE400A80EEA10A20EEC3
:10FAE000020A10EE103A8B4201DAB0EE620ABDEE65
:10FAF000C00A10EE103AA4F8F234022813D100EE36
:10FB0000102AF8EE400A80EEA10A60EE020A10EE1A
:10FB1000903A8B4201DAF0EE620ABDEEE00A10EE96
:10FB2000103AA4F8F434052813D100EE102AB8EEE8
:10FB3000400AC0EE210A20EE811A11EE100A884216
:10FB400001DAB0EE621ABDEEC10A10EE100AA4F896
:10FB5000FA0404F2F24420886188084421890844A8
:10FB60002087BDE83840FBF7DABB642A00D964225D
:10FB700022B902E063E054E062E0012200EE902A44
:10FB8000F8EE600A80EEA11A61EE020A20EE800A09
:10FB9000BDEEC00A10EE101AA4F80015A4F82A054C
:10FBA000BDE83840FBF7BBBB642A00D9642202B928
:10FBB000012200EE902AF8EE600A80EEA11A61EEB2
:10FBC000020A20EE800ABDEEC00A10EE101AA4F858
:10FBD0000215A4F82A05BDE83840FBF7A0BB642A4B
:10FBE00000D9642200EE902AF8EE600A80EEA12A85
:10FBF00062EE010A20EE800ABDEEC00A10EE101A75
:10FC0000A4F80815A4F82A05BDE83840FBF787BB1F
:10FC10000A2A00D90A22A4F84620BDE83840FBF79A
:10FC20007EBB642A00D9642212B2A4F84420A4F84E
:10FC3000C82A009001230A210820F6F79EFB38BD50
:10FC40000122642A00D9642212B224F8482F0090BD
:10FC500001230B210820F6F790FBB4F9000000F017
:10FC6000FFFBBDE83840F6F762B800004002002014
:10FC700032070020000016430000C8427047000011
:10FC8000F0B52DED028B83B017460D2825D00E2838
:10FC90001FD101291DD1F84DB5F83045384622F065
:10FCA000C1FA6C2815D8F548394600EBC41022F08B
:10FCB00095FA1434A1B23A460B20F6F734FBB5F9A5
:10FCC0003015B5F93205F8F738FD42F2AC20F1F7FE
:10FCD000DDFB03B0BDEC028BF0BD64390125642669
:10FCE000E74CB2EE048A3229F3D2DFE801F01A2998
:10FCF00038475665748392A1B0BFCEDDFBF9F8F7A3
:10FD0000F6F51919191919191919191919191919AA
:10FD1000191919191919F4F3F2F1F0EFEE19EDECC4
:10FD2000D7E701AAD7A1384622F076F99DED010A5E
:10FD300020EE080ABCEEC00A10EE100A2080C8E7C8
:10FD400001AAD0A1384622F067F99DED010A20EE04
:10FD5000080ABCEEC00A10EE100A6080B9E701AADA
:10FD6000C8A1384622F058F99DED010A20EE080A94
:10FD7000BCEEC00A10EE100AA080AAE701AAC1A139
:10FD8000384622F049F99DED010A20EE080ABCEE42
:10FD9000C00A10EE100AE0809BE701AAB9A138461C
:10FDA00022F03AF99DED010A20EE080ABCEEC00AE5
:10FDB00010EE100A20818CE701AAB2A1384622F089
:10FDC0002BF99DED010A20EE080ABCEEC00A10EEE8
:10FDD000100A60817DE701AAAAA1384622F01CF929
:10FDE0009DED010A20EE080ABCEEC00A10EE100AD2
:10FDF000A0816EE701AAA3A1384622F00DF99DED7E
:10FE0000010A20EE080ABCEEC00A10EE100AE081DA
:10FE10005FE701AA9BA1384622F0FEF89DED010A9A
:10FE200020EE080ABCEEC00A10EE100A208250E74D
:10FE300001AA94A1384622F0EFF89DED010A20EEC8
:10FE4000080ABCEEC00A10EE100A608241E701AA5F
:10FE50008CA1384622F0E0F89DED010A20EE080A58
:10FE6000BCEEC00A10EE100AA08232E701AA85A1FA
:10FE7000384622F0D1F89DED010A20EE080ABCEECA
:10FE8000C00A10EE100AE08223E701AA7DA13846DD
:10FE900022F0C2F89DED010A20EE080ABCEEC00A6D
:10FEA00010EE100A208314E701AA76A1384622F04A
:10FEB000B3F89DED010A20EE080ABCEEC00A10EE70
:10FEC000100A608305E7F3E0E0E0C4E0B2E0A0E000
:10FED00062E08DE07BE066E04FE03FE02FE01FE076
:10FEE0000FE0FFE701AA67A1384622F095F89DEDE3
:10FEF000010A20EE080ABCEEC00A10EE100AA08328
:10FF0000E7E601AA5FA1384622F086F89DED010AD6
:10FF100020EE080ABCEEC00A10EE100AE083D8E614
:10FF200001AA58A1384622F077F89DED010A20EE8B
:10FF3000080ABCEEC00A10EE100A2084C9E601AA25
:10FF400050A1384622F068F89DED010A20EE080A1B
:10FF5000BCEEC00A10EE100A6084BAE601AA49A1FC
:10FF6000384622F059F89DED010A20EE080ABCEE51
:10FF7000C00A10EE100AA084ABE601AA41A13846DF
:10FF800022F04AF89DED010A20EE080ABCEEC00AF4
:10FF900010EE100AE0849CE63948102239462830D9
:10FFA00022F027FA95E602AA37A1384622F034F863
:10FFB000029940F2E670814200DA0290029940F61E
:10FFC0003300814200DD02900298208781E602AA78
:10FFD0002DA1384622F020F802980C2801DD0C20D3
:10FFE00002900298012800DA02950298608770E674
:10FFF00002AA25A1384622F00FF802981F2801DD39
:020000040802F0
:100000001F2002900298012800DA02950298A0872A
:100010005FE602AA1CA1384621F0FEFF0298642880
:1000200000DD02960298012800DA0295029884F811
:100030003E004EE602AA14A1384621F0EDFF0298D8
:10004000642800DD02960298012800DA02950298E1
:1000500084F83F003DE602AA0BA1384621F0DCFF00
:100060000298642800DD02960298012800DA0295C1
:10007000029884F840002CE640020020202900204D
:10008000E84F0020256600002564000002AAAFF2B8
:100090000801384621F0C0FF0298642800DD02966E
:1000A0000298012800DA0295029884F8410010E6CF
:1000B00002AAAFF22C01384621F0AEFF0298B0F54B
:1000C000805F02DB40F6FF7002900298012800DAA0
:1000D00002950298A4F84200FBE5000009F0B6B8CA
:1000E00070B500245B4D5C49E8680861084609F07A
:1000F00068FAE868012800D10124204670BD014655
:100100000020A1F100624FF480439A4204D3534887
:100110000844984201D2012070475148084498424F
:1001200001D2022070474F480844984201D2032070
:1001300070474D480844B0F5803F01D20420704715
:100140004A484FF400320844904201D205207047DB
:1001500047480844904201D2062070474548084469
:10016000904201D20720704743480844904201D290
:100170000820704741480844904201D20920704746
:100180003F480844904201D20A2070470B20704734
:1001900010B535484042FFF7B2FF2E4C2060394879
:1001A000FFF7ADFF2168401A401C60602A4A002317
:1001B0001C3213609160D0600220106104F10801CC
:1001C000104609F0ECF808B1012010BD002010BD68
:1001D00010B54FF00060FFF792FF1E4C20602A48D8
:1001E000FFF78DFF2168401A401C60601A4A002307
:1001F0001C3213609160D0600220106104F108018C
:10020000104609F0CCF808B1012010BD002010BD47
:1002100010B50A461B49884207D801460023022030
:1002200008F04CFF18B1012010BD012010BD0020C6
:1002300010BD10B50A461449884207D8014600236C
:10024000022008F03BFF18B1012010BD012010BDB5
:10025000002010BD34C00120B84F002000C0FFF7BF
:100260000080FFF70040FFF70000FFF70000FEF7F7
:100270000000FCF70000FAF70000F8F70000F6F7BE
:100280000000F4F7FBFF0F08FBFF0008F2F729FA64
:1002900045F281650B4CF2F79DFA2846F1F72FF9EC
:1002A00008B1FBF704FCFCF713FAF2F7D3FA94F861
:1002B00042002028EFD10122034902480FF0EFFD50
:1002C000E9E700006801002030C0012010B5FD4CB6
:1002D0006088E1880844608040F29322511C881FA6
:1002E000F1F711FA2088A1880844208040F2912279
:1002F000511CBDE81040481FF1F705BA10B5F14C8C
:100300006088E188401A608040F29322511C881F67
:10031000F1F7F9F92088A188401A208040F2912253
:10032000511CBDE81040481FF1F7EDB910B5E54C80
:100330006088E1880844608040F29322511C881F45
:10034000F1F7E1F92088A1880844208040F2912249
:10035000511CBDE81040481FF1F7D5B910B5D94C74
:100360006088E188401A608040F29322511C881F07
:10037000F1F7C9F92088A188401A208040F2912223
:10038000511CBDE81040481FF1F7BDB9421E092AB3
:1003900002D2401C00B217E0A0F10A025A2A02D28F
:1003A0000A3000B210E0A0F16402B2F5617F02D21F
:1003B000323000B208E0A0F57A7247F618139A427C
:1003C00002D200F57A7000B2884200DB084670471E
:1003D000821E082A02D8401E00B216E0A0F10B02CD
:1003E000592A02D80A3800B20FE0A0F16502B2F52E
:1003F000617F02D2323800B207E0A0F2E93247F65C
:1004000017139A4201D8501C00B2884200DC0846FB
:10041000704710B50A20F1F74AF80B20F1F747F8BA
:1004200042F20F20F1F743F842F21020F1F73FF8C3
:1004300042F21120F1F73BF8A34C3220A0800A20B1
:10044000E08064202081012000F01BFE012020803C
:1004500000206080F1F70FFDBDE81040F1F7F0BC1F
:10046000C0F1640000B2002800DC0020502800DB4E
:100470005020C0EB002080B26421B0FBF1F0C0B28C
:100480007047924901EBC0108E499A39802221F0C1
:10049000E8BE9622C1EB0131012803D0022805D025
:1004A0000020704791FBF2F080B2704791FBF2F0B0
:1004B00080B270472DE9F0430C462DED0A8B85B0D4
:1004C000012802D0022808D103E096260127804D9A
:1004D00003E0962601277E4D1435B44200DD3446F4
:1004E000BC4200DA3C46204624F0BFFE41EC1A0B29
:1004F00089468046774B992277A17EA0009421F00F
:10050000EFFB744B9A2274A184A0009621F0E8FBC3
:10051000704B9B2270A18BA0009721F0E1FB42F26F
:100520001620F0F7FFFF9FED91CB9FED92BB0028C7
:100530007DD09FED920A002C13DD2888A04210DBAD
:1005400000EE900AB8EE601AC1EE000A10EE900AB2
:1005500025F01CF941EC180BB0EE4B9AF0EE6B9ABB
:10056000CFE12E88A64223DA6888A04220DB801BD8
:1005700000EE900AB8EEE01AC1EE000A10EE900A02
:1005800025F004F941EC180B9FED7D0B51EC180B95
:1005900053EC102B24F0D0FE41EC190B304624F024
:1005A0007BFE53EC192B25F007F841EC190BA8E161
:1005B0006E88A64223DAA888A04220DB801B00EECA
:1005C000900AB8EEE01AC1EE000A10EE900A25F08B
:1005D000DDF841EC180B9FED6C0B51EC180B53EC54
:1005E000102B24F0A9FE41EC190B304624F054FEE8
:1005F00053EC192B24F0E0FF41EC190B81E1AE889C
:10060000A64225DAE888A04222DB801B00EE900A91
:10061000B8EEE01AC1EE000A10EE900A25F0B6F826
:1006200041EC180B9FED5A0B53EC102B00E092E1BC
:1006300051EC180B24F080FE41EC190B304624F0ED
:100640002BFE53EC192B24F0B7FF41EC190B58E1AA
:10065000EE88A64223DA2889A04220DB801B00EE28
:10066000900AB8EEE01AC1EE000A10EE900A25F0EA
:100670008DF841EC180B9FED480B51EC180B53EC27
:10068000102B24F059FE41EC190B304624F004FEE7
:1006900053EC192B24F090FF41EC190B31E12E891A
:1006A000A6420EDA6889A0420BDB801B00EE900A9E
:1006B000B8EEE01AC1EE000A10EE900A25F066F8D6
:1006C0006EE083E05A0700208002002020190020FD
:1006D000E84F0020686304082E2E5C2E2E5C4D61CE
:1006E000696E4170705C4D61696E4170704C6962F9
:1006F0002E63000025732C25642C25733A43616C0E
:100700006962726174696F6E20696E7075742070B1
:100710006F776572203D2025640A000025732C2523
:10072000642C25733A43616C6962726174696F6EFF
:10073000206D617820706F776572203D2025640AF6
:100740000000000025732C25642C25733A43616C4E
:100750006962726174696F6E206D696E20706F7767
:100760006572203D2025640A0000000000000000A2
:1007700000FEAF400000000000000000CDCCCC3DEA
:100780009A9999999999B93F9A9999999999C93F3B
:10079000333333333333D33F9A9999999999D93F66
:1007A00041EC180B9FEDAC0B51EC180B53EC102BDC
:1007B00024F0C2FD41EC190B304624F06DFD53ECE2
:1007C000192B24F0F9FE41EC190B9AE06E89A64230
:1007D00023DAA889A04220DB801B00EE900AB8EE45
:1007E000E01AC1EE000A10EE900A24F0CFFF41ECAF
:1007F000180B9FED9B0B51EC180B53EC102B24F0B6
:100800009BFD41EC190B304624F046FD53EC192BAF
:1008100024F0D2FE41EC190B73E0AE89A64223DA34
:10082000E889A04220DB801B00EE900AB8EEE01AB7
:10083000C1EE000A10EE900A24F0A8FF41EC180B5C
:100840009FED890B51EC180B53EC102B24F074FD29
:1008500041EC190B304624F01FFD53EC192B24F00A
:10086000ABFE41EC190B4CE0EE89A64223DA288A54
:10087000A04220DB801B00EE900AB8EEE01AC1EE29
:10088000000A10EE900A24F081FF41EC180B9FED56
:10089000780B51EC180B53EC102B24F04DFD41EC70
:1008A000190B304624F0F8FC53EC192B24F084FE8D
:1008B00041EC190B25E02E8AA64222DA688AA04272
:1008C0001FDB801B00EE900AB8EEE01AC1EE000AB2
:1008D00010EE900A24F05AFF41EC180B9FED660BC6
:1008E00051EC180B53EC102B24F026FD41EC190BA6
:1008F000304624F0D1FC53EC192B24F05DFE41EC82
:10090000190B49EC108B53EC192B51EC100B24F004
:1009100053FE53EC182B24F0B7FA41EC1A0B584B4A
:10092000C822AFF24C2157A021F0DAF98DED029BDD
:10093000534B8DED008BC922AFF264215AA021F0F8
:10094000CFF94F4B8DED00ABCA22AFF274215FA0FF
:1009500021F0C6F913E04A4BCD22AFF2842163A007
:1009600021F0BEF9304624F080FC41EC100B51EC34
:100970001A0B53EC102B24F087FA41EC1A0B53ECB2
:100980001C2B51EC1A0B24F0D7FC41EC190B53EC47
:100990001C2B51EC190B24F0CDFD03D2B0EE4C9A78
:1009A000F0EE6C9A53EC1B2B51EC190B24F088FCE5
:1009B00003D2B0EE4B9AF0EE6B9A51EC190B24F087
:1009C00027FC84B22E4BD822AFF2F42150A0009421
:1009D00021F086F905B02046BDEC0A8BBDE8F08316
:1009E0000020704700207047891A00EE101AB8EEF8
:1009F000C00AB1EE400A80ED030A10EE101A11F1A0
:100A0000814F08D810EE101AB1F17E5F03DC9FED24
:100A1000480A80ED030AD0ED000A90ED030A20EEAB
:100A2000801AD0ED011AD0ED040A61EEA01A90ED03
:100A3000022AD0ED052A22EE222A31EE611A31EE89
:100A4000021AC0ED050A80ED040ABDEEC10A10EEDF
:100A5000100A00B270470000000000000000E03FF4
:100A6000333333333333E33F666666666666E63FA9
:100A70009A9999999999E93FCDCCCCCCCCCCEC3FC3
:100A80006863040825732C25642C25733A456E6130
:100A9000626C652063616C6962726174696F6E205B
:100AA0006D6F64650A00000025732C25642C257386
:100AB0003A43616C6962726174696F6E20664B3D86
:100AC00025662C2066423D25660A000025732C25EC
:100AD000642C25733A43616C6962726174696F6E4C
:100AE00020664F75743D25660A00000025732C258D
:100AF000642C25733A44697361626C652063616C90
:100B00006962726174696F6E206D6F64650A0000BE
:100B100025732C25642C25733A43616C69627261DC
:100B200074696F6E20664F75743D25640A0000007D
:100B30000000000008480088704707481238016824
:100B40000648016004490E390968416002490A39C2
:100B50000968816070470000227AFF1F3050002032
:100B6000F948B0F94010B0F942000A2938D2DFE85C
:100B700001F032050A0F14191E23282D02282FDA3E
:100B80002120F0F7B2BF05282ADA2120F0F7ADBF07
:100B9000152825DA2120F0F7A8BF0F2820DA212018
:100BA000F0F7A3BF02281BDA2120F0F79EBF082828
:100BB00016DA2120F0F799BF062811DA2120F0F784
:100BC00094BF16280CDA2120F0F78FBF022807DA2D
:100BD0002120F0F78ABF1F2802DA2120F0F785BF15
:100BE0007047D948B0F94200002802DD2120F0F713
:100BF0008EBF70472DE9F84307460C46D24D0A2FA9
:100C000005F590662AD2DFE807F0F2052A4B6C8DD5
:100C1000AECFF3F0B5F94200022802DD0220A5F8BC
:100C20004200DFF8289304EB8408304659F8281076
:100C300021F0D4FA09EB880105F2EE458888288076
:100C4000C88868800889A8804889E8808889A88140
:100C5000C889E881088A2882A5F2EE4543E1052C7F
:100C600000DD0524DFF8E89204EB8408304659F8EB
:100C7000281021F0B3FA09EB880105F2EE458888C7
:100C80002880C88868800889A8804889E880888981
:100C9000A881C889E881088A2882A5F2EE4522E168
:100CA000152C00DD1524DFF8AC9204EB84083046E7
:100CB00059F8281021F092FA09EB880105F2EE4567
:100CC00088882880C88868800889A8804889E88042
:100CD0008889A881C889E881088A2882A5F2EE451A
:100CE00001E10F2C00DD0F24DFF86C9204EB840887
:100CF000304659F8281021F071FA09EB880105F205
:100D0000EE4588882880C88868800889A880488936
:100D1000E8808889A881C889E881088A2882A5F2A4
:100D2000EE45E0E0022C00DD0224DFF8309204EB17
:100D30008408304659F8281021F050FA09EB880051
:100D400005F2EE4581882980C18869800189A980E2
:100D50004189E9808189A981C189E981008A288244
:100D6000A5F2EE45BFE0082C00DD0824DFF8F09185
:100D700004EB8408304659F8281021F02FFA09EBCB
:100D8000880005F2EE4581882980C1886980018943
:100D9000A9804189E9808189A981C189E981008A85
:100DA0002882A5F2EE459EE0062C00DD0624DFF841
:100DB000B49104EB8408304659F8281021F00EFA5B
:100DC00009EB880005F2EE4581882980C188698099
:100DD0000189A9804189E9808189A981C189E98145
:100DE000008A2882A5F2EE457DE022E000E041E0A5
:100DF000162C00DD1624DFF8709104EB84083046D1
:100E000059F8281021F0EAF909EB880005F2EE45BF
:100E100081882980C18869800189A9804189E98008
:100E20008189A981C189E981008A2882A5F2EE45DC
:100E300059E0022C00DD0224DFF8309104EB840835
:100E4000304659F8281021F0C9F909EB880005F25D
:100E5000EE4581882980C18869800189A9804189FE
:100E6000E9808189A981C189E981008A2882A5F266
:100E7000EE4538E01F2C00DD1F24DFF8F4807022DF
:100E800008EBC411304621F0ECF9372000EB841058
:100E900005F2EE4538F810002880382000EB841069
:100EA00038F810006880392000EB841038F8100002
:100EB000A8803A2000EB841038F81000E8803D202C
:100EC00000EB841038F81000A8813E2000EB84105D
:100ED00038F81000E8813F2000EB841038F810004B
:100EE0002882A5F2EE45234BE92223A12AA00097F0
:100EF00020F0F6FE1F4BEA221FA12FA0009420F045
:100F0000EFFE1C4BEB221CA132A0009620F0E8FE65
:100F100005F2EE45174BB5F900000090EC2216A142
:100F200033A020F0DDFEB5F902000090114BED2258
:100F300011A136A020F0D4FEB5F904000D4BEE222D
:100F40000DA1009070E00000400200203C50002005
:100F5000BC5200203C550020BC5700203C5A0020C9
:100F6000BC5C00203C5F0020BC6100203C64002091
:100F700020190020776304082E2E5C2E2E5C6465F9
:100F800076696365496E666F5C7072655363686508
:100F90006D652E630000000025732C25642C2573DD
:100FA0003A736368656D6520636C61737369667914
:100FB0003A25640A0000000025732C25642C257353
:100FC0003A736368656D6520696E6465783A256477
:100FD0000A00000025732C25642C25733A7363687E
:100FE000656D65206E616D653A25730A000000002D
:100FF00025732C25642C25733A736368656D652011
:1010000073656C6563743A25640A000025732C25AA
:10101000642C25733A736368656D65206D6F646534
:101020003A25640A00000000F1A020F059FEB5F94D
:101030000600F74BEF22AFF2C0010090F5A020F0C0
:101040004FFEB5F90C00F24BF022AFF2D401009044
:10105000F8A020F045FEB5F90E00ED4BF122AFF2FD
:10106000E8010090FBA020F03BFEB5F91000E84B32
:10107000F222AFF2FC010090FEA020F031FEBDE8AC
:10108000F8832DE9F14F0027DFF8088401264FF09F
:10109000370A4FF0380B0A254FF47A74009801286C
:1010A00001F00E800AEB871938F9190001282CD0BD
:1010B00002282AD0052828D0062826D0072824D0A0
:1010C00008EBC7107A1CF4A120F016FE28F819606E
:1010D0000BEB871028F81060392000EB871028F8F8
:1010E00010503A2000EB871028F810603D2000EBEC
:1010F000871028F810603E2000EB871028F8104079
:101100003F2000EB871028F810407F1C3FB2202FB3
:10111000C4DBE748E3A101608680C6804FF0500A37
:10112000A0F808A046818681C4814FF47A710182BB
:10113000E0A14161068346833C238383C683068402
:101140004FF47A7141848184DDA181628685C685F0
:101150001E210186468686864FF47A71C1860187F4
:1011600000F52070DBA101608680C68046270781DC
:10117000468186814FF47A71C1810182DCA141618F
:1011800006834683A0F81CA0C68306844FF47A71B8
:1011900041848184DDA181628685C685A0F830A066
:1011A000468686864FF47A71C18601873C30DEA17F
:1011B00001608680C6804FF07808A0F808804681DC
:1011C00086814FF47A71C18101821430D8A1016007
:1011D0008680C680A0F80880468186814FF47A71A7
:1011E000C18101821430D6A101608680C68007814A
:1011F000468186814FF47A71C181018200F50770C2
:10120000D4A1016086800222C2800381468186814A
:101210004FF4FA71C18101820FF25C3CC0F814C036
:10122000068342838783C6830684418481840FF2C8
:101230006C3CC0F828C08685C285A0F830A04686E0
:101240008686C18601873C300FF2743CC0F800C02E
:101250008680C280A0F808A046818681C181018273
:101260001430E0A101608680C680038146818681BA
:101270004FF47A71C18101821430E2A1016086804D
:10128000C680642303814681868143F69821C1810B
:1012900004821430E4A101608680C6804FF0320CD5
:1012A000A0F808C046818681C48104821430E5A17B
:1012B00001608680C680A0F808C046818681C4810E
:1012C00004821430E5A101608680C680A0F808A0E1
:1012D00046818681C48104821430E8A10160868041
:1012E000C680A0F8088046818681C48104821430BB
:1012F000E7A101608680C680A0F808A046818681AB
:10130000C48104821430E7A101608680C680038115
:1013100046818681C48104821430E7A10160868001
:10132000C680038146818681C48104821430E8A18D
:1013300001608680C680A0F8088046818681C481CD
:1013400004821430EAA101608680C680A0F808807B
:1013500046818681C48104821430EBA101608680BD
:10136000C680A0F8088046818681C481048214303A
:10137000ECA101608680C680A0F808804681868145
:10138000C48104821430ECA101608680C680038190
:1013900046818681C48104821430EEA1016086807A
:1013A000C680038146818681C48104821430EFA106
:1013B00001608680C680038146818681C481048263
:1013C00000F11401F0A0086030468E80C8800B81C7
:1013D00048818881CC810C8214310FF2C03CC1F865
:1013E00000C08880C8800B8148818881CC81E3E17E
:1013F00025732C25642C25733A736368656D65200D
:10140000706F77657220313437303A25640A0000F6
:101410007763040825732C25642C25733A7363685D
:10142000656D6520706F776572203938303A2564B4
:101430000A00000025732C25642C25733A73636819
:10144000656D6520706F776572203633353A256497
:101450000A00000025732C25642C25733A736368F9
:10146000656D6520706F7377696474683A25640AE6
:101470000000000025732C25642C25733A736368E3
:10148000656D65206E656777696474683A25640ADE
:101490000000000020190020437573746F6D202533
:1014A0006400000045564C4120546869676800009C
:1014B0003C50002045564C412063616C66000000A2
:1014C00045564C4120536D616C6C205665737365B5
:1014D0006C00000048656D6F7272686F69647320FC
:1014E000477261646520322C203235304A0000009A
:1014F00048656D6F7272686F6964732047726164CA
:101500006520332C203335304A00000048656D6F6C
:101510007272686F69647320477261646520342C4D
:10152000203335304A00000046697374756C6100E1
:1015300050696C6F6E6964616C2053696E757300DD
:10154000466973737572652041626C6174696F6E70
:10155000000000004C6173657220566167696E611E
:101560006C205469676874656E696E6720317374A6
:10157000203630304A0000004C617365722056619D
:1015800067696E616C205469676874656E696E671F
:1015900020326E64203630304A0000004C617365A2
:1015A0007220566167696E616C2054696768746562
:1015B0006E696E6720337264203630304A00000056
:1015C0004C6173657220566167696E616C20546965
:1015D000676874656E696E672034746820363030D1
:1015E0004A0000004C6173657220566167696E6144
:1015F0006C2052656A7576656E6174696F6E203312
:1016000036304A004C6173657220566167696E61BD
:101610006C2052656A7576656E6174696F6E2B20F9
:101620003630304A000000005374726573732049ED
:101630006E636F6E74696E656E63652C2037354A14
:1016400000000000496E66656374696F6E20636F09
:101650006E74726F6C2C2035304A000054726561D4
:10166000746D656E74206166746572204D656E6F71
:1016700070617573652C203438304A004879737472
:1016800065726F73636F7079204D796F6D61730050
:101690004879737465726F73636F707920506F6CE3
:1016A000797073004879737465726F73636F7079C2
:1016B0002053657074756D004879737465726F732B
:1016C000636F7079204164686573696F6E00000014
:1016D0004879737465726F73636F7079204479739E
:1016E0006D6F727068696320557465727573000060
:1016F0004879737465726F73636F7079204973747E
:10170000686D6F63656C65004879737465726F739B
:10171000636F707920542D5368617065205574652E
:10172000727573004C617061726F73636F707920B2
:101730004D796F6D617300004C617061726F7363FE
:101740006F7079204F76617269616E20437973748E
:10175000730000004C617061726F73636F70792069
:101760004164686573696F6E000000004C617061D0
:10177000726F73636F70792053616C70696E676507
:1017800063746F6D790000004C617061726F7363F8
:101790006F70792043797374730000004C6170613D
:1017A000726F73636F707920456E646F6D657472CC
:1017B000696F7369730000000C8201F557710FF2B5
:1017C000544CC1F800C08880CA800F81488188814C
:1017D000CC8141F2883CA1F810C00FF25C49C1F8FD
:1017E000149008834A838F83C88308844C84A1F8AB
:1017F00024C00FF26049C1F828908885CA850F86F9
:1018000048868886CC86A1F838C0A1F520710FF2F1
:101810005449C1F800908A80C88008814FF082093D
:10182000A1F80A908881CC810C820FF2484BC1F854
:1018300014B00A8348838883A1F81E8008844C84EE
:101840008C840FF23C4BC1F828B08A85C885088685
:101850004FF08C0BA1F832B08886CC860C873C31D7
:101860000FF2304EC1F800E08A80C8800881A1F8EC
:101870000AB08881CC810C8214310FF2244EC1F859
:1018800000E08A80C8800881A1F80AB08881CC81F4
:101890000C8214310FF2144EC1F800E08A80C88027
:1018A0000881A1F80AB08881CC810C8214310FF232
:1018B000144BC1F800B08A80C8800881A1F80A9052
:1018C0008881CC810C8214310FF2084BC1F800B032
:1018D0008A80C8800881A1F80A908881CC810C8216
:1018E00014310FF2044BC1F800B08A80C88008811F
:1018F0004B818881CC810C8201F11400FEA1016032
:101900008280C6800681A0F80A908681C4814FF447
:101910007A7101821430FCA101608280C680068148
:10192000A0F80A9086814FF47A71C1810182143047
:10193000FAA101608280C6800681438186814FF4CE
:101940007A71C18101821430FBA101608280C6805E
:101950000681A0F80A9086814FF47A71C1810182D4
:101960001430F8A101608280C280068143818681A3
:101970004FF0320BA0F80EB05A2101821430F8A1BA
:1019800001608280C6800681438186814FF47A712E
:10199000C18101821430F7A101608280C680068176
:1019A000A0F80A8086814FF47A71C181018200F526
:1019B0007570F5A101608280C680068143818681B1
:1019C0004FF47A71C18101820146F0A048610A8317
:1019D0004E838E831E20C8830E844FF47A79A1F83B
:1019E0002290A1F824900FF2B039C1F828908A858E
:1019F000CE850E86A1F832A08E864FF47A79A1F8B2
:101A00003690A1F838903C310FF29C39C1F8009023
:101A10008A80CE800E814B818E814FF47A79A1F835
:101A20000E90A1F8109014310FF28C39C1F800908B
:101A30008A80CA800E814FF03C09A1F80A908E81FD
:101A40004FF47A7EA1F80EE0A1F810E014310FF205
:101A5000743EC1F800E08A80CA800E814FF0960E75
:101A6000A1F80AE08E81CF81A1F810801431D8A7A7
:101A70000F608A80CA800E81A1F80AA08E814FF47F
:101A80007A77CF81A1F810C01431D6A70F608A8071
:101A9000CA800E81A1F80AA08E81CC81A1F810C065
:101AA0001431D4A70F608A80CA800E81A1F80AA0E1
:101AB0008E81CC81A1F810C001F5F071D2A70F6022
:101AC0008E80CE8008814E818E81CC810C8208462A
:101AD000D3A1416106834683A0F81C90C683068487
:101AE00044848484D3A181628685C685A0F830A011
:101AF00046868686C48604873C30D2A101608680F3
:101B0000C680A0F8088046818681C4810482143092
:101B1000D1A101608680C680038146818681C4810F
:101B200004821430D1A101608680C680A0F808A08C
:101B300046818681C48104821430D1A101608680EF
:101B4000C680A0F808A046818681C481048200F581
:101B50000270CFA101608280C68006810C21418184
:101B60008681C4810482D2A3436102834683868333
:101B7000C583068444848484D5A383628285C28518
:101B80000686142343868686A0F836B0A0F838B0BF
:101B90003C30D6A303608280C28006810F2343813C
:101BA0008681A0F80EB0A0F810B01430D2A707605C
:101BB0008280C680068145818681C481048214307A
:101BC000D4A707608280C680068145818681C48152
:101BD00004821430D3A707608280C68006814581C5
:101BE0008681C48104821430D1A707608280C680B8
:101BF000068145818681C48104821430D0A70760A4
:101C00008280C680068145818681C4810482143029
:101C10009EE10000504C4444204C322D4C332C208B
:101C20004C332D4C342C204C352D53312038303052
:101C30002D313530304A0000504C4444204C342D76
:101C40004C3520546F74616C203830302D31383071
:101C5000304A000054756D6F757220313437306E24
:101C60006D000000566F63616C20506F6C7970736B
:101C700000000000436F72646563746F6D7900004B
:101C80004C6172796E6765616C2043617263696E45
:101C90006F6D61004861656D61746F6D6173000007
:101CA000466962726F6D6173000000004C61727969
:101CB0006E78706170696C6C6F6D61746F7369734D
:101CC000000000005061726163656E746573697332
:101CD0000000000041636F7573746963204E657581
:101CE000726F6D610000000043686F6C657374650E
:101CF00061746F6D61000000546F6E73696C6C6588
:101D000063746F6D7900000054756D6F75722056A5
:101D100061706F7269736174696F6E005576756C6E
:101D20006F70616C61746F706C6173747920284C92
:101D30004155502900000000436F6E63686F746F57
:101D40006D79000044616372796F637973746F72A7
:101D500068696E6F73746F6D79202844435229004F
:101D600054757262696E617465205265647563743E
:101D7000696F6E004E6173616C20506F6C79706595
:101D800063746F6D7900000043757400436F616781
:101D9000756C6174696F6E004D6F6C657320526570
:101DA0006D6F76616C00000057617274732052652C
:101DB0006D6F76616C0000004E61696C2046756E37
:101DC0006775730056656E656374617369610000C1
:101DD000537069646572205665696E20302E356DCA
:101DE0006D000000537069646572205665696E204D
:101DF000316D6D00537069646572205665696E209F
:101E0000312E356D6D0000004C69706F7375637411
:101E1000696F6E20556E646572204579650000001B
:101E20004C69706F73756374696F6E204368696E77
:101E3000000000004C69706F73756374696F6E20E9
:101E400041726D004C69706F73756374696F6E20B9
:101E50004162646F6D656E004C69706F7375637479
:101E6000696F6E20427574746F636B004C69706F9C
:101E700073756374696F6E20546869676800000049
:101E800047796E65636F6D6173746961000000006E
:101E9000496E636973696F6E202620447261696EB2
:101EA000616765204F66204162736365737300004C
:101EB0004578636973696F6E202620496E63697384
:101EC000696F6E616C2042696F7073790000000069
:101ED00041706874686F757320556C636572202655
:101EE00020686572706574696300000050756C70DD
:101EF0006F746F6D790000004578706F7365206FA7
:101F00006620756E6572757074656420746565749D
:101F100068000000466962726F6D612052656D6FE6
:101F200076616C004672656E6563746F6D79000052
:101F300047696E6769766563746F6D7900000000AC
:101F400047696E6769766F706C6173747900000021
:101F500070A707608280C680068145818681C48122
:101F60000482143075A707608280C2800681122720
:101F700047818681A0F80EB0A0F810B014300FF29F
:101F8000D01CC0F800C08280C68006814381868153
:101F9000C481048214300FF2DC1CC0F800C08280BF
:101FA000C680068145818681C481048214300FF287
:101FB000D81CC0F800C08280C6800681418186811D
:101FC000C4810482143077A101608280C6800681BA
:101FD00047818681C4810482143077A101608280A8
:101FE000C680068143818681C4810482143076A133
:101FF00001608280C680068147818681C481048217
:10200000143078A101608280C68006810821418158
:102010008681C4810482143078A303608280C680E4
:10202000068141818681C4810482143079A10160D6
:102030008280C680068145818681C48104821430F5
:1020400077A101608280C680068145818681C48136
:102050000482143076A101608280C6800681092145
:1020600041818681C4810482143076A1016082801E
:10207000C2800681A0F80AB08681A0F80EB0A0F850
:1020800010B0C83073A1016005218180C68006812F
:1020900046818181C481048272A2426101834683A8
:1020A0008683C68301844484848473A2826281858A
:1020B000C685068646868186C4860487BDE8F88F75
:1020C00008EBC7107A1CAFF630411FF015FE0AEB83
:1020D000871028F810600BEB871028F81060392063
:1020E00000EB871028F810503A2000EB871028F8F2
:1020F00010603D2000EB871028F810603E2000EBB8
:10210000871028F810403F2000EB871028F8104077
:10211000FEF7FBBF47696E676976616C20696E6385
:102120006973696F6E2026206578636973696F6EC5
:102130002048656D6F7374617369730043726F77C4
:102140006E204C656E677468656E696E670000008E
:10215000526564756374696F6E206F662047696E9F
:10216000676976616C20487970657274726F706807
:1021700079000000496D706C616E74205265636F68
:10218000766572790000000048656D6F7374617345
:10219000697320616E6420436F6167756C61746957
:1021A0006F6E000047696E676976616C2054726FCC
:1021B000756768696E6700004F70657263756C655E
:1021C00063746F6D79000000496E666563746564C1
:1021D00020506F636B6574732052656D6F76616C10
:1021E0000000000047696E676976616C20426C658B
:1021F0006564696E6720496E6465780053756C6329
:10220000756C617220446562726964656D656E7497
:10221000000000004C65756B6F706C616B6961004C
:10222000566573746962756C6F706C617374790054
:102230004F72616C20506170696C6563746F6D6979
:1022400065730000546F6F74682057686974656E19
:10225000696E6700576F756E64204865616C696EC2
:10226000670000004C6F77204C61736572205468E2
:10227000657261707900000042696F7374696D75F1
:102280006C6174696F6E00002DE9F0410268FE4DCB
:10229000FE4EFF4FDFF8FCC3FF4B4FF08048A842D3
:1022A00009D0404507D0B04205D0B84203D06045C0
:1022B00001D0984203D122F070044A682243A84218
:1022C0001BD0404519D0B04217D0B84215D0604558
:1022D00013D0984211D0F14CA0420ED0F04CA04245
:1022E0000BD0F04CA04208D0EF4CA04205D0EF4CF0
:1022F000A04202D0EE4CA04203D122F44074CA683E
:1023000022434C6922F0800222438C68C4620C682C
:102310008462A84201D0984201D109690163016831
:1023200041F004010160012141610260BDE8F081DA
:10233000704710B50446002C03D094F83D0010B14E
:1023400007E0012010BD002084F83C002046EEF795
:10235000AEFD022084F83D00211D2068FFF794FFA8
:1023600001203D3460726070A070E0702071607177
:10237000A071E07120722070002010BD704710B570
:102380000446022084F83D002068016A41F21112DF
:10239000114207D1016A9210114203D1016821F064
:1023A000010101602046EEF7E2FD00203C34A072FE
:1023B000A070E07020716071A071E0712072607295
:1023C0006070207010BD90F83D10012901D00120EF
:1023D0007047022180F83D100068AB49884214D054
:1023E000B0F1804F11D0A94988420ED0A849884247
:1023F0000BD0A849884208D0A749884205D0A749F0
:10240000884202D0A849884209D1816801F00701B9
:10241000062908D0016841F00101016003E001686C
:1024200041F0010101600020704701680A6A41F231
:1024300011131A4207D10A6A9B101A4203D10A6883
:1024400022F001020A60012180F83D10002070474F
:1024500090F83D10012901D001207047022180F839
:102460003D100168CA6842F00102CA6000688649EE
:10247000884214D0B0F1804F11D0844988420ED0E8
:10248000834988420BD08349884208D082498842D8
:1024900005D08249884202D08349884209D18168A7
:1024A00001F00701062908D0016841F0010101602F
:1024B00003E0016841F001010160002070470168FC
:1024C000CA6822F00102CA6001680A6A41F2111367
:1024D0001A4207D10A6A9B101A4203D10A6822F0F5
:1024E00001020A60012180F83D100020704770470A
:1024F00010B5846B0121626A824203D1217784F88E
:102500003E1019E0A26A824204D10220207784F8AA
:102510003F1011E0E26A824204D10420207784F85F
:10252000401009E0226B824204D10820207784F811
:10253000411001E084F83D102046FFF7D8FF00204D
:10254000207710BD704710B5806BFFF7FBFF10BD03
:10255000704710B5806B016AC969002902D1012159
:1025600080F83D10EDF7C5FF10BD10B504461346C9
:1025700094F83D00022805D094F83D00012803D0CE
:10258000012010BD022010BDA9B1A3B1022084F822
:102590003D00226A4748D063226A47481064AFF280
:1025A000AF00226AD0642268206A2C3207F0E8FA71
:1025B00018B1012010BD012010BD2068C16841F490
:1025C0008071C16030492068884214D0B0F1804FDA
:1025D00011D02E4988420ED02D4988420BD02D496A
:1025E000884208D02C49884205D02C49884202D024
:1025F0002D49884209D1816801F00701062908D0D8
:10260000016841F00101016003E0016841F001014E
:102610000160002010BD10B504462068C16821F497
:102620008071C160206A07F027FB2068016A41F2CF
:102630001112114207D1016A9210114203D10168AF
:1026400021F001010160012084F83D00002010BD4F
:10265000704710B50446002C03D094F83D0010B12B
:1026600007E0012010BD002084F83C002046FFF761
:10267000EFFF022084F83D00211D2068FFF704FED3
:1026800001203D34607219E0000001400004004068
:1026900000080040000C00400004014000400140E0
:1026A000004401400048014000180040001C004068
:1026B0000020004053250208472502086070A070E2
:1026C000E07020716071A071E071207220700020B4
:1026D00010BD704710B50446022084F83D00206804
:1026E000016A41F21112114207D1016A921011429E
:1026F00003D1016821F0010101602046FFF7E9FFE5
:1027000000203C34A072A070E07020716071A07154
:10271000E071207260726070207010BD10B501F021
:102720001F0101238B40046A9C430462036A8A40B0
:102730001343036210BD10B50446002909D00429D3
:102740000AD008290BD094F8410001280AD00120B2
:1027500010BD94F83E00F8E794F83F00F5E794F8D0
:102760004000F2E70220A9B3042937D0082938D065
:1027700084F8410001222068FFF7D0FFFB49206860
:10278000FB4A884201D0904203D1436C43F400439A
:1027900043642068884213D0B0F1804F10D0F549CF
:1027A00088420DD0F44988420AD0F449884207D0C3
:1027B000904205D0F249884202D0F249884213D1B2
:1027C000816801F00701062912D0016841F001017A
:1027D00001600DE0FFE784F83E00CBE784F83F009E
:1027E000C8E784F84000C5E7016841F001010160D5
:1027F000002010BD30B504460D4600222946206851
:10280000FFF78CFFD94A41F2111120688B109042DA
:1028100002D0D74A904209D1026A0A4206D1026A1E
:102820001A4203D1426C22F4004242642068026AD8
:102830000A4206D1016A194203D1016821F001015F
:10284000016001203DB1042D08D0082D09D084F885
:102850004100002030BD84F83E00FAE784F83F00D4
:10286000F7E784F84000F4E730B504460025002976
:1028700009D004290AD008290BD094F84100012876
:102880000AD0012030BD94F83E00F8E794F83F00EC
:10289000F5E794F84000F2E7022079B1042910D05E
:1028A000082911D084F8410089B1042915D00829DC
:1028B00019D00C291DD001250DB354E084F83E0039
:1028C000F2E784F83F00EFE784F84000ECE7206887
:1028D000C26842F00202C260EEE72068C26842F0BD
:1028E0000402C260E8E72068C26842F00802C260E1
:1028F000E2E72068C26842F01002C260DCE7012211
:102900002068FFF70BFF994A20689949904201D04F
:10291000884203D1436C43F40043436420689042EF
:1029200013D0B0F1804F10D0924A90420DD0924A0D
:1029300090420AD0914A904207D0884205D09049EF
:10294000884202D08F49884209D1816801F007018D
:10295000062908D0016841F00101016003E0016827
:1029600041F001010160284630BD70B504460D46B6
:102970000026002D08D0042D0CD0082D10D00C2DD1
:1029800014D00126C6B143E02068C16821F00201DD
:10299000C160F7E72068C16821F00401C160F1E778
:1029A0002068C16821F00801C160EBE72068C168B8
:1029B00021F01001C160E5E7002229462068FFF7F9
:1029C000ADFE6A4B41F2111120688A10984202D084
:1029D000674B984209D1036A0B4206D1036A13423E
:1029E00003D1436C23F4004343642068036A0B4221
:1029F00006D1016A114203D1016821F00101016091
:102A000001203DB1042D08D0082D09D084F84100E3
:102A1000304670BD84F83E00FAE784F83F00F7E7DF
:102A200084F84000F4E7704710B5846B616A814216
:102A300002D10120207710E0A16A814202D1022058
:102A400020770AE0E16A814202D10420207704E085
:102A5000216B814201D1082020772046FFF7E3FF58
:102A60000020207710BD704710B5846B0121626A89
:102A7000824205D12177C069F8B984F83E101CE084
:102A8000A26A824206D102222277C069A8B984F8DC
:102A90003F1012E0E26A824206D104222277C06926
:102AA00058B984F8401008E0226B824205D1082210
:102AB0002277C06908B984F841102046FFF7D3FF98
:102AC0000020207710BD2DE9F0410D460446114647
:102AD0000026002D12D0042D13D0082D14D094F808
:102AE0004100022813D0A5B1042D15D0082D16D011
:102AF00094F84100012815D0012017E494F83E0015
:102B0000EFE794F83F00ECE794F84000E9E7022093
:102B10000CE494F83E00EDE794F83F00EAE794F8FF
:102B20004000E7E749B143B1022045B1042D09D087
:102B3000082D0AD084F8410009E00120DDE784F87F
:102B40003E0004E084F83F0001E084F840000E48B5
:102B5000AFF22B12AFF26767C5B1042D2CD0082D50
:102B600041D00C2D55D00126B6B39DE000000140A8
:102B7000000401400004004000080040000C004038
:102B80000040014000180040692A0208D4F824C01F
:102B9000CCF83C00606A0264606AC7642268606ABC
:102BA000343206F0EDFF08B10120A6E72068C168C5
:102BB00041F40071C160D7E7D4F828C0CCF83C00DC
:102BC000A06A0264A06AC7642268A06A383206F06C
:102BD000D7FF10B1012090E731E02068C16841F4CF
:102BE0008061C160C0E7D4F82CC0CCF83C00E06A3A
:102BF0000264E06AC7642268E06A3C3206F0C0FF03
:102C000008B1012079E72068C16841F40061C16022
:102C1000AAE7D4F830C0CCF83C00206B0264206BEB
:102C2000C7642268206B403206F0AAFF08B1012079
:102C300063E72068C16841F48051C16094E70122D4
:102C400029462068FFF76AFDFD4A2068FD49904249
:102C500001D0884203D1436C43F4004343642068AD
:102C6000904213D0B0F1804F10D0F74A90420DD06F
:102C7000F64A90420AD0F64A904207D0884205D0E0
:102C8000F449884202D0F449884209D1816801F0B0
:102C90000701062908D0016841F00101016003E045
:102CA000016841F001010160304626E770B5044635
:102CB0000D460026002D08D0042D0FD0082D16D06B
:102CC0000C2D1DD0012626B34FE02068C16821F4E9
:102CD0000071C160606A06F0CFFFF4E72068C16848
:102CE00021F48061C160A06A06F0C6FFEBE72068AE
:102CF000C16821F40061C160E06A06F0BDFFE2E74F
:102D00002068C16821F48051C160206B06F0B4FFD7
:102D1000D9E7002229462068FFF700FDC84941F2A3
:102D2000111220689310884202D0C649884209D106
:102D3000016A114206D1016A194203D1416C21F4A2
:102D4000004141642068016A114206D1016A1942BA
:102D500003D1016821F00101016001203DB1042D82
:102D600008D0082D09D084F84100304670BD84F8A1
:102D70003E00FAE784F83F00F7E784F84000F4E704
:102D8000704710B50446002C03D094F83D0010B1F4
:102D900007E0012010BD002084F83C002046FFF72A
:102DA000EFFF022084F83D00211D2068FFF76CFA38
:102DB00001203D3460726070A070E070207160711D
:102DC000A071E07120722070002010BD704710B516
:102DD0000446022084F83D002068016A41F2111285
:102DE000114207D1016A9210114203D1016821F00A
:102DF000010101602046FFF7E9FF00203C34A0728A
:102E0000A070E07020716071A071E071207260723A
:102E10006070207010BD10B50446002909D0042947
:102E20000AD008290BD094F8410001280AD00120CB
:102E300010BD94F83E00F8E794F83F00F5E794F8E9
:102E40004000F2E70220A9B3042937D0082938D07E
:102E500084F8410001222068FFF760FC784920686F
:102E6000784A884201D0904203D1436C43F4004336
:102E700043642068884213D0B0F1804F10D072496B
:102E800088420DD0714988420AD07149884207D0E2
:102E9000904205D06F49884202D06F49884213D1D1
:102EA000816801F00701062912D0016841F0010193
:102EB00001600DE0FFE784F83E00CBE784F83F00B7
:102EC000C8E784F84000C5E7016841F001010160EE
:102ED000002010BD30B504460D460022294620686A
:102EE000FFF71CFC564A41F2111120688B109042EA
:102EF00002D0544A904209D1026A0A4206D1026ABB
:102F00001A4203D1426C22F4004242642068026AF1
:102F10000A4206D1016A194203D1016821F0010178
:102F2000016001203DB1042D08D0082D09D084F89E
:102F30004100002030BD84F83E00FAE784F83F00ED
:102F4000F7E784F84000F4E730B50446002500298F
:102F500009D004290AD008290BD094F8410001288F
:102F60000AD0012030BD94F83E00F8E794F83F0005
:102F7000F5E794F84000F2E7022079B1042910D077
:102F8000082911D084F8410089B1042915D00829F5
:102F900019D00C291DD001250DB363E084F83E0043
:102FA000F2E784F83F00EFE784F84000ECE72068A0
:102FB000C26842F00202C260EEE72068C26842F0D6
:102FC0000402C260E8E72068C26842F00802C260FA
:102FD000E2E72068C26842F01002C260DCE701222A
:102FE0002068FFF79BFB164A20681649904201D0E3
:102FF000884203D1436C43F4004343642068904209
:1030000013D0B0F1804F10D00F4A90420DD00F4A2C
:1030100090420AD00E4A904207D0884205D00D490E
:10302000884202D00C49884218D1816801F007011A
:10303000062917D0016841F00101016012E000008B
:10304000000001400004014000040040000800406E
:10305000000C00400040014000180040016841F0B1
:1030600001010160284630BD70B504460D460026BA
:10307000002D08D0042D0CD0082D10D00C2D14D00C
:103080000126C6B143E02068C16821F00201C16099
:10309000F7E72068C16821F00401C160F1E720680A
:1030A000C16821F00801C160EBE72068C16821F028
:1030B0001001C160E5E7002229462068FFF72EFBDA
:1030C000F74B41F2111120688A10984202D0F54B5B
:1030D000984209D1036A0B4206D1036A134203D115
:1030E000436C23F4004343642068036A0B4206D117
:1030F000016A114203D1016821F001010160012040
:103100003DB1042D08D0082D09D084F84100304687
:1031100070BD84F83E00FAE784F83F00F7E784F8D2
:103120004000F4E72DE9F0410D4604461146002623
:10313000002D12D0042D13D0082D14D094F8410086
:10314000022813D0A5B1042D15D0082D16D094F85F
:103150004100012815D00120CFE494F83E00EFE7AC
:1031600094F83F00ECE794F84000E9E70220C4E45B
:1031700094F83E00EDE794F83F00EAE794F8400049
:10318000E7E749B143B1022045B1042D09D0082D2C
:103190000AD084F8410009E00120AEE484F83E0042
:1031A00004E084F83F0001E084F84000BE48AFF23C
:1031B0008772AFF6C34745B1042D1CD0082D30D01F
:1031C0000C2D45D00126E6B38DE0D4F824C0CCF810
:1031D0003C00606A0264606AC7642268606A3432D4
:1031E00006F0CEFC08B1012087E42068C16841F4F4
:1031F0000071C160E7E7D4F828C0CCF83C00A06AB1
:103200000264A06AC7642268A06A383206F0B8FC7B
:1032100008B1012071E42068C16841F48061C16097
:10322000D1E7D4F82CC0CCF83C00E06A0264E06A34
:10323000C7642268E06A3C3206F0A2FC10B10120AB
:103240005BE41BE02068C16841F40061C160BAE73B
:10325000D4F830C0CCF83C00206B0264206BC7640B
:103260002268206B403206F08BFC08B1012044E458
:103270002068C16841F48051C160A4E70122294659
:103280002068FFF74BFA864A20688649904201D0B1
:10329000884203D1436C43F4004343642068904266
:1032A00013D0B0F1804F10D0804A90420DD0804AA8
:1032B00090420AD07F4A904207D0884205D07E498A
:1032C000884202D07D49884209D1816801F0070116
:1032D000062908D0016841F00101016003E001689E
:1032E00041F001010160304607E470B504460D4627
:1032F0000026002D08D0042D0FD0082D16D00C2D3F
:103300001DD0012626B34FE02068C16821F400716A
:10331000C160606A06F0B0FCF4E72068C16821F47F
:103320008061C160A06A06F0A7FCEBE72068C16875
:1033300021F40061C160E06A06F09EFCE2E72068CB
:10334000C16821F48051C160206B06F095FCD9E77B
:10335000002229462068FFF7E1F9514941F2111294
:1033600020689310884202D04E49884209D1016AF0
:10337000114206D1016A194203D1416C21F4004186
:1033800041642068016A114206D1016A194203D1E1
:10339000016821F00101016001203DB1042D08D038
:1033A000082D09D084F84100304670BD84F83E00F5
:1033B000FAE784F83F00F7E784F84000F4E7704745
:1033C00010B50446002C03D094F83D0010B107E07E
:1033D000012010BD002084F83C002046FFF7EFFFDD
:1033E000022084F83D00211D2068FEF74DFF0120DA
:1033F0003D3460726070A070E07020716071A071E7
:10340000E07120722070002010BD704710B5044696
:10341000022084F83D002068016A41F21112114235
:1034200007D1016A9210114203D1016821F0010114
:1034300001602046FFF7E9FF00203C34A072A07035
:10344000E07020716071A071E07120726072607034
:10345000207010BD10B5044600290FD0042910D0EB
:10346000082911D094F8410089B1042912D0082903
:1034700013D094F84520012824D121E094F83E008F
:10348000F2E794F83F00EFE794F84000ECE794F897
:103490004220F0E794F84320EDE794F84420EAE76F
:1034A0000000014000040140692A020800040040B5
:1034B00000080040000C004000400140001800409F
:1034C000012A01D0012010BD022099B3042936D071
:1034D000082937D084F8410069B3042938D0082975
:1034E00039D084F8450001222068FFF717F9F74921
:1034F0002068884214D0B0F1804F11D0F44988423E
:103500000ED0F44988420BD0F349884208D0F349E1
:10351000884205D0F249884202D0F24988421DD142
:10352000816801F0070106291CD0016841F0010102
:10353000016017E000E008E084F83E00CCE784F882
:103540003F00C9E784F84000C6E784F84200CAE7B4
:1035500084F84300C7E784F84400C4E7016841F0F9
:1035600001010160002010BD30B504460D46002267
:1035700029462068FFF7D2F82068016A41F211124B
:10358000114207D1016A9210114203D1016821F062
:1035900001010160012075B1042D0FD0082D10D05C
:1035A00084F8410085B1042D11D0082D12D084F883
:1035B0004500002030BD84F83E00F3E784F83F006A
:1035C000F0E784F84000EDE784F84200F1E784F882
:1035D0004300EEE784F84400EBE730B504460025ED
:1035E00000290FD0042910D0082911D094F84100E7
:1035F00089B1042912D0082913D094F84520012854
:1036000014D111E094F83E00F2E794F83F00EFE7A0
:1036100094F84000ECE794F84220F0E794F8432057
:10362000EDE794F84420EAE7012A01D0012030BDFB
:103630000220B1B1042917D0082918D084F841001C
:10364000C1B1042919D008291AD084F84500D1B194
:1036500004291ED0082922D00C2926D0012555B3D3
:1036600054E084F83E00EBE784F83F00E8E784F894
:103670004000E5E784F84200E9E784F84300E6E724
:1036800084F84400E3E72068C26842F00202C260A6
:10369000E5E72068C26842F00402C260DFE7206804
:1036A000C26842F00802C260D9E72068C26842F0EE
:1036B0001002C260D3E701222068FFF72FF8834988
:1036C0002068884214D0B0F1804F11D080498842E0
:1036D0000ED0804988420BD07F49884208D07F496C
:1036E000884205D07E49884202D07E49884209D16D
:1036F000816801F00701062908D0016841F0010145
:10370000016003E0016841F001010160284630BD1D
:1037100070B504460D460026002D08D0042D0CD0AF
:10372000082D10D00C2D14D00126C6B139E0206828
:10373000C16821F00201C160F7E72068C16821F08B
:103740000401C160F1E72068C16821F00801C1608F
:10375000EBE72068C16821F01001C160E5E70022B5
:1037600029462068FEF7DAFF2068016A41F211124B
:10377000114207D1016A9210114203D1016821F070
:1037800001010160012075B1042D0FD0082D10D06A
:1037900084F8410085B1042D11D0082D12D084F891
:1037A0004500304670BD84F83E00F3E784F83F00E2
:1037B000F0E784F84000EDE784F84200F1E784F890
:1037C0004300EEE784F84400EBE7704710B5846BE4
:1037D000616A814202D10120207710E0A16A814212
:1037E00002D1022020770AE0E16A814202D104205E
:1037F000207704E0216B814201D108202077204608
:10380000FFF7E3FF0020207710BD704710B5846BF1
:103810000121626A824207D12177C06938BB84F8EE
:103820003E1084F8421022E0A26A824208D10222AD
:103830002277C069D8B984F83F1084F8431016E0A5
:10384000E26A824208D104222277C06978B984F8FA
:10385000401084F844100AE0226B824207D108220B
:103860002277C06918B984F8411084F845102046C1
:10387000FFF7CBFF0020207710BD2DE9F041044673
:103880000D46174698460026002D13D0042D14D05F
:10389000082D15D094F84100ADB1042D24D0082D89
:1038A00025D094F84510022824D0022922D00128DE
:1038B00022D023E094F83E00EEE794F83F00EBE7D7
:1038C00094F84000E8E794F84210ECE7000001406B
:1038D0000004004000080040000C004000040140CB
:1038E000004001400018004094F84310DBE794F8D2
:1038F0004410D8E702202FE4012901D001202BE455
:1039000097B1B8F1000F0FD002207DB1042D10D077
:10391000082D11D084F841008DB1042D12D0082D4E
:1039200013D084F8450012E0012015E484F83E002D
:10393000F2E784F83F00EFE784F84000ECE784F812
:10394000420004E084F8430001E084F844000122CE
:1039500029462068FEF7E2FEAFF24F10AFF2931156
:10396000FE4A4DB3042D3DD0082D51D00C2D65D00D
:103970000126FB492068884214D0B0F1804F11D055
:10398000F84988420ED0F84988420BD0F74988425E
:1039900008D0F749884205D0F649884202D0F64956
:1039A000884261D1816801F00701062960D0016871
:1039B00041F0010101605BE0636AD863606A016401
:1039C000606AC2642168434634313A46606A06F050
:1039D000D7F808B1012007E42068C16841F40071FC
:1039E000C160C6E7A36AD863A06A0164A06AC26422
:1039F0002168434638313A46A06A06F0C1F808B15A
:103A0000012007E42068C16841F48061C160B0E72B
:103A1000E36AD863E06A0164E06AC26421684346ED
:103A20003C313A46E06A06F0ABF808B1012007E401
:103A30002068C16841F40061C1609AE7236BD863D4
:103A4000206B0164206BC2642168434640313A46D2
:103A5000206B06F095F808B1012008E42068C168E1
:103A600041F48051C16084E7016841F001010160C7
:103A7000304639E470B504460D460026002229463A
:103A80002068FEF74BFE45B1042D0FD0082D16D04F
:103A90000C2D1DD0012626B340E02068C16821F41A
:103AA0000071C160606A06F0E7F8F4E72068C16859
:103AB00021F48061C160A06A06F0DEF8EBE72068BF
:103AC000C16821F40061C160E06A06F0D5F8E2E760
:103AD0002068C16821F48051C160206B06F0CCF8E9
:103AE000D9E72068016A41F21112114207D1016A37
:103AF0009210114203D1016821F0010101600120FF
:103B000075B1042D0FD0082D10D084F8410085B177
:103B1000042D11D0082D12D084F84500304670BD18
:103B200084F83E00F3E784F83F00F0E784F84000B3
:103B3000EDE784F84200F1E784F84300EEE784F80B
:103B40004400EBE7704770B504460D46002C03D0E7
:103B500094F83D0010B107E0012070BD002084F80A
:103B60003C002046FFF7EEFF022084F83D00211DB7
:103B70002068FEF789FB273454F8270C016821F0F0
:103B80000801016054F8270C0168294301600120F5
:103B9000E077E0752076E0762077A075002070BD94
:103BA000704710B50446022084F83D002068016A81
:103BB00041F21112114207D1016A9210114203D150
:103BC000016821F0010101602046FFF7E9FF0020B4
:103BD0003C34A072A070E070A071E0716070207041
:103BE00010BD10B5044614F83E1F62782379607941
:103BF0003E3C012905D1012A03D1012B01D1012825
:103C000001D0012010BD022084F83E0084F83F005E
:103C100084F8420084F84300012200212068FEF766
:103C20007DFD012204212068FEF778FD4C492068C3
:103C3000884202D04E49884203D1416C41F4004190
:103C40004164002010BD10B50446002211462068D2
:103C5000FEF764FD002204212068FEF75FFD404965
:103C600041F2111320689A10884202D040498842DC
:103C700009D1016A194206D1016A114203D1416C8E
:103C800021F4004141642068016A194206D1016AA9
:103C9000114203D1016821F001010160012004F803
:103CA0003E0F607020716071002010BD10B5044699
:103CB00014F83E0F6178227963793E3C012805D1E2
:103CC000012903D1012A01D1012B01D0012010BD0E
:103CD000022084F83E0084F83F0084F8420084F813
:103CE00043002068C16841F00201C1602068C168DA
:103CF00041F00401C160012200212068FEF70EFDA1
:103D0000012204212068FEF709FD15492068884238
:103D100002D01749884203D1416C41F4004141640B
:103D2000002010BD10B504462068C16821F00201D2
:103D3000C1602068C16821F00401C1600022114601
:103D40002068FEF7EBFC002204212068FEF7E6FC69
:103D500041F21111024B8A1020680FE0F124020891
:103D6000000001400004004000080040000C00403A
:103D7000000401400040014000180040984202D079
:103D8000F94B984209D1036A0B4206D1036A1342E8
:103D900003D1436C23F4004343642068036A0B425D
:103DA00006D1016A114203D1016821F001010160CD
:103DB000012004F83E0F607020716071002010BD7A
:103DC00070472DE9F04104460D46002C03D094F8CD
:103DD0003D0010B107E001208DE5002084F83C0093
:103DE0002046FFF7EDFF022084F83D00206881683F
:103DF00044F2070291438160211D2068FEF744FAD6
:103E0000273454F8270C81688269066A2B680B43B3
:103E100040F203318A43AF69A96842EA072211439D
:103E200040F60C4291434FF2F0029143EF69EA6889
:103E300041EA07210A4329692F6A090141EA07314A
:103E4000114326F0220222F088066A686D6946EA6C
:103E500005152A43836054F8270C816154F8270C18
:103E600002620120E077E0752076E0762077A07589
:103E7000002040E5704710B50446022084F83D005C
:103E80002068016A41F21112114207D1016A9210B1
:103E9000114203D1016821F0010101602046FFF7C2
:103EA000E9FF00203C34A072A070E070A071E071C6
:103EB0006070207010BD70B5044614F83E0F627833
:103EC000237965793E3C0226002904D004290DD0CF
:103ED00001281CD115E0012801D1012B01D00120BE
:103EE00070BD84F83E6084F8426018E0012A01D178
:103EF000012D01D0012070BD84F83F6084F843603B
:103F00000DE0012A03D1012B01D1012D01D00120A7
:103F100070BD04F83E6F6670267166713E3C91B1CB
:103F2000042916D0012200212068FEF7F7FB0122A8
:103F300004212068FEF7F2FB2068016841F00101CE
:103F40000160002070BD012200212068FEF7E6FB21
:103F5000F2E7012204212068FEF7E0FBECE730B530
:103F600004460D462068002D23D0042D26D00022C3
:103F70001146FEF7D3FB002204212068FEF7CEFB9A
:103F80002068016A41F21112114207D1016A9210B0
:103F9000114203D1016821F001010160012095B1B6
:103FA000042D10D004F83E0F607020716071002065
:103FB00030BD00221146FEF7B1FBE1E700220421EB
:103FC000FEF7ACFBDCE76DB1042D0ED0082D0FD051
:103FD00084F841007DB1042D10D0082D11D084F853
:103FE0004500E4E784F83E00F4E784F83F00F1E799
:103FF00084F84000EEE784F84200D8E784F84300F4
:10400000D5E784F84400D2E770B5044614F83E0FB3
:104010006278237965793E3C0226002904D0042980
:104020000DD001281CD115E0012801D1012B01D0B0
:10403000012070BD84F83E6084F8426018E0012AD7
:1040400001D1012D01D0012070BD84F83F6084F8BA
:1040500043600DE0012A03D1012B01D1012D01D0D4
:10406000012070BD04F83E6F6670267166713E3C9B
:10407000E1B1042925D0012200212068FEF74EFB82
:10408000012204212068FEF749FB2068C16841F045
:104090000201C1602068C16841F00401C16020686C
:1040A000016841F001010160002070BD0122002182
:1040B0002068FEF733FB2068C16841F00201C1604F
:1040C000EDE7012204212068FEF728FB2068C16883
:1040D00041F00401C160E2E730B504460D462068B6
:1040E000002D2DD0042D35D000221146FEF716FBF1
:1040F000002204212068FEF711FB2068C16821F02E
:104100000201C1602068C16821F00401C16020681B
:10411000016A41F21112114207D1016A9210114253
:1041200003D1016821F0010101600120F5B1042DE6
:104130001CD004F83E0F607020716071002030BD0B
:1041400000221146FEF7EAFA2068C16821F0020158
:10415000C160DCE700220421FEF7E0FA2068C168B4
:1041600021F00401C160D2E7000401406DB1042DCB
:104170000ED0082D0FD084F841007DB1042D10D051
:10418000082D11D084F84500D8E784F83E00F4E704
:1041900084F83F00F1E784F84000EEE784F842003D
:1041A000CCE784F84300C9E784F84400C6E72DE96A
:1041B000F0470446089E1746984614F83E0F62786A
:1041C000237965793E3C4FF0020C00290CD004297C
:1041D00021D0022837D0022A35D0022B33D0022D2D
:1041E00031D0012831D036E0022804D0022B02D091
:1041F000012803D004E00220BDE8F087012B01D0A4
:104200000120F9E72FB126B184F83EC084F842C0FE
:1042100030E00120F0E7022A04D0022D02D0012A6A
:1042200002D003E00220E7E7012D01D00120E3E7FF
:10423000B8F1000F05D026B184F83FC084F843C020
:1042400018E00120D8E70220D6E7012A03D1012B8C
:1042500001D1012D01D00120CEE737B3B8F1000F15
:1042600023D016B384F83EC084F83FC084F842C01F
:1042700084F843C0AFF66B25AFF6AF29DFF850A73F
:10428000A9B1042935D0606AC563606AC0F840905E
:10429000606AC0F84CA02168334634313A46606AFF
:1042A00005F06EFCB8B30120A6E70120A4E7606A20
:1042B000C563606AC0F84090606AC0F84CA021688D
:1042C000334634313A46606A05F05AFC08B10120A1
:1042D00092E72068C16841F40071C16001220021A9
:1042E0002068FEF71BFA2068016841F001010160B7
:1042F0004DE0A06AC563A06AC0F84090A06AC0F80B
:104300004CA02168334638314246A06A05F038FC9B
:1043100010B1012070E70FE02068C16841F48061AE
:10432000C160012204212068FEF7F8F920680168C5
:1043300041F0010101602AE0A06AC563A06AC0F8EB
:104340004090A06AC0F84CA02168334638314246FC
:10435000A06A05F015FC08B101204DE72068C1688E
:1043600041F40071C1602068C16841F48061C1609E
:10437000012200212068FEF7D1F9012204212068E2
:10438000FEF7CCF92068016841F0010101600020CE
:1043900032E770B504460D462068002D33D0042D59
:1043A0003ED000221146FEF7B9F900220421206810
:1043B000FEF7B4F92068C16821F40071C16020687B
:1043C000C16821F48061C160606A05F055FCA06A93
:1043D00005F052FC2068016A41F21112114207D126
:1043E000016A9210114203D1016821F001010160BC
:1043F000012015B3042D20D004F83E0F6070207109
:104400006071002070BD00221146FEF787F9206818
:10441000C16821F40071C160606A05F02DFCD9E724
:1044200000220421FEF77AF92068C16821F4806136
:10443000C160A06A05F020FCCCE76DB1042D0ED060
:10444000082D0FD084F841007DB1042D10D0082D27
:1044500011D084F84500D4E784F83E00F4E784F8EE
:104460003F00F1E784F84000EEE784F84200C8E737
:1044700084F84300C5E784F84400C2E770477047FA
:104480002DE9F04104462068C56806694FF0000731
:10449000B10714D5A90712D5F91E016101202077B3
:1044A00020688069800703D02046FFF7AEF905E059
:1044B0002046FFF7E4FF2046FEF7D5FA277770077E
:1044C00017D5680715D521686FF004000861022030
:1044D00020772068806910F4407F03D02046FFF7E2
:1044E00094F905E02046FFF7CAFF2046FEF7BBFA25
:1044F0002777300716D5280714D521686FF00800F4
:104500000861042020772068C069800703D0204616
:10451000FFF77BF905E02046FFF7B1FF2046FEF7E5
:10452000A2FA2777F00617D5E80615D521686FF0AF
:1045300010000861082020772068C06910F4407FCF
:1045400003D02046FFF761F905E02046FFF797FF0B
:104550002046FEF788FA2777F00708D0E80706D04C
:1045600021686FF0010008612046EBF7C2FF3006BA
:1045700008D5280606D521686FF08000086120461E
:1045800002F0D8F8700608D5680606D521686FF0E5
:10459000400008612046FFF771FFB0060AD5A80663
:1045A00008D521686FF0200008612046BDE8F04181
:1045B00002F001B810E430B5036A026A22F48052B6
:1045C00002624268C46924F4E04424F440740D6833
:1045D00044EA052423F400538D6843EA0533FD4D76
:1045E000A84202D0FC4DA84204D122F480424D6979
:1045F00042EA85124260C46149680164036230BDC9
:10460000F0B5026A036A23F4807303624368C469E5
:1046100024F0700424F003050C682C4322F400728B
:104620008D6842EA0522EB4DEB4EA84201D0B04224
:1046300006D122F40062CF6842EA072222F48062A7
:10464000A84201D0B04209D123F4805323F400538F
:104650004D6943EA05138D6943EA05134360C4615C
:104660004968C1630262F0BDF0B5026A036A23F0D3
:10467000100303624368846924F4E04424F4407422
:104680000D6844EA052422F020028D6842EA0512F2
:10469000D04DD14EA84201D0B04206D122F08002C6
:1046A000CF6842EA071222F04002A84201D0B0428D
:1046B00009D123F4806323F400634D6943EA850341
:1046C0008D6943EA850343608461496881630262BE
:1046D000F0BDF0B5056A026A22F001020262436889
:1046E000826922F0700222F003020C68144325F064
:1046F00002058A682A43B74EB74FB04201D0B8428C
:1047000005D122F00805CA682A4322F00402B0420B
:1047100001D0B84207D123F4807323F400734D69AC
:104720001D438B692B434360846149684163026286
:10473000F0BD70B50446002594F83C0001280FD068
:10474000012084F83C006AB1042A0FD0082A11D055
:104750000C2A13D00125002084F83C00284670BDA7
:10476000022070BD2068FFF7B4FFF4E72068FFF770
:104770007BFFF0E72068FFF743FFECE72068FFF7D7
:104780001AFFE8E730B5056A046A24F4805404622D
:10479000C46924F4407444EA022222F470444FF6BF
:1047A000FF7202EA0332224325F420434FF42044EF
:1047B00004EA01311943C261016230BD30B5056AB6
:1047C000046A24F480740462C46924F0030414436A
:1047D00024F0F0041A0744EA126225F420634FF42F
:1047E000206404EA01211943C261016230BD30B581
:1047F000056A046A24F010040462846924F4407495
:1048000044EA022222F470444FF6FF7202EA0332B5
:10481000224325F0A003A02404EA01111943826178
:10482000016230BD70B5056A046A24F001040462B7
:104830008469684EB04214D0B0F1804F11D0674EF9
:10484000B0420ED0664EB0420BD0664EB04208D099
:10485000614EB04205D0644EB04202D0634EB042C9
:1048600003D124F00304144301E044F0010424F0D4
:10487000F0041A0744EA126225F00A0301F00A0163
:1048800019438261016270BD70B505460C46002671
:1048900095F83C0001280FD0012085F83C006AB152
:1048A000042A1CD0082A2CD00C2A3BD00126002038
:1048B00085F83C00304670BD022070BDD4E900127E
:1048C000E3682868FFF7AEFF2868816921F00C01D2
:1048D000816128688169A26811438161E7E7D4E9B1
:1048E0000012E3682868FFF782FF2868816921F4D5
:1048F0004061816128688169A26841EA0221816181
:10490000D5E7D4E90012E3682868FFF757FF286865
:10491000C16921F00C01C1612868C169A268114315
:10492000C161C4E7D4E90012E3682868FFF72AFFF1
:104930002868C16921F44061C1612868C169A26821
:1049400041EA0221C161B2E770B504460D46002676
:1049500094F83C0001280FD0012084F83C006AB193
:10496000042A1FD0082A43D00C2A55D00126002043
:1049700084F83C00304670BD022070BD2946206896
:10498000FFF7A7FE2068816941F008018161206876
:10499000816921F004018161206881692A691143DC
:1049A0008161E4E729462068FFF75EFE206881699F
:1049B00041F4006181612068816921F48061816135
:1049C000206881692A6941EA02218161CFE70000FC
:1049D000F1240208000001400004014000040040EE
:1049E00000080040000C004000400140001800405A
:1049F00029462068FFF704FE2068C16941F00801DC
:104A0000C1612068C16921F00401C1612068C169E8
:104A10002A691143C161AAE729462068FFF7CBFD47
:104A20002068C16941F40061C1612068C16921F455
:104A30008061C1612068C1692A6941EA0221C161BE
:104A400095E72DE9F04188B004460D4698460026CA
:104A5000424574D094F83C00012817D0012784F80F
:104A60003C70022084F83D0028680190686802903C
:104A7000A8680390E8680490286906906869079020
:104A80003AB1042A0AD001266EB113E0022008B020
:104A900090E501A92068FFF71CFEF5E701A9206851
:104AA000FFF7E2FDF0E7B8F1000F09D0B8F1040F0D
:104AB00025D001263C346770002020703046E6E7A0
:104AC000183520680ECDFFF7ADFE2068816921F012
:104AD0000C0181612068816821F07001816020688B
:104AE000816841F0500181602068816821F00701F0
:104AF00081602068816841F006018160DAE718353D
:104B000020680ECDFFF773FE2068816921F44061B3
:104B100081612068816821F070018160206881686E
:104B200041F0600181602068816821F007018160A7
:104B30002068816841F006018160BBE7FFE7012042
:104B4000A5E7704710B5806BFFF7FBFF10BD10B5F0
:104B5000806B816BC969002902D1012180F83D1069
:104B6000FFF78CFC10BD2DE9F04788461946DDE9BA
:104B7000087304461546002694F84600022804D01F
:104B800094F84600012803D009E00220BDE8F08730
:104B900011B90FB10120F9E7022084F84600FA4864
:104BA000FA4ADFF8ECC3B5F5006F50D009DCB5F573
:104BB000807F13D0B5F5007F25D0B5F5806F09D182
:104BC00033E0B5F5805F54D0B5F5005F63D0B5F53F
:104BD000804F77D00126002E73D091E0D4F820C00A
:104BE000EC4ACCF83C20D4F820C0EB4ACCF840206A
:104BF000226AD0642268206A4C3204F0C1FF002887
:104C0000E9D00120C2E7D4F82490C9F83C20626AB8
:104C1000C2F840C0626AD0642268606A4C3204F014
:104C2000AFFF0028D7D00120B0E7D4F82890C9F80A
:104C30003C20A26AC2F840C0A26AD0642268A06A7E
:104C40004C3204F09DFF0028C5D001209EE7D4F827
:104C50002C90C9F83C20E26AC2F840C0E26AD064F5
:104C60002268E06A4C3204F08BFF0028B3D00120A8
:104C70008CE7D4F83090C9F83C20226BC2F840C0D1
:104C8000226BD0642268206B4C3204F079FF00283C
:104C9000A1D001207AE7D4F834C0C04ACCF83C2037
:104CA000D4F834C0BE4ACCF84020626BD06422688D
:104CB000606B4C3204F064FF00288CD0012065E763
:104CC00000E014E0D4F838C0B64ACCF83C20D4F860
:104CD00038C0B54ACCF84020A26BD0642268A06BE3
:104CE0004C3204F04DFF00288AD001204EE72068A6
:104CF00048EA0708C0F848802068C1682943C160B5
:104D0000304643E77CB5069C250A6D1CCDE900457D
:104D1000FFF729FF7CBD70B504460D460026B5F5AA
:104D2000006F22D009DCB5F5807F12D0B5F5007F89
:104D300013D0B5F5806F09D113E0B5F5805F18D0B9
:104D4000B5F5005F19D0B5F5804F1AD00126E6B150
:104D500022E0206A04F090FFF9E7606A04F08CFF1B
:104D6000F5E7A06A04F088FFF1E7E06A04F084FF49
:104D7000EDE7206B04F080FFE9E7606B04F07CFF57
:104D8000E5E7A06B04F078FFE1E72068C168A9437C
:104D9000C160012084F84600304670BD2DE9F0471F
:104DA00015461A46DDE9087304468846002694F83D
:104DB0004600022804D094F84600012802D008E0FA
:104DC0000220E3E612B90FB10120DFE6022084F8E9
:104DD00046006D487549DFF8D8C1B5F5006F50D071
:104DE00009DCB5F5807F13D0B5F5007F25D0B5F58A
:104DF000806F09D133E0B5F5805F54D0B5F5005F21
:104E000063D0B5F5804F77D00126002E73D091E0A6
:104E1000D4F820C05F49CCF83C10D4F820C05E49DB
:104E2000CCF84010216AC8642168206A4C3104F033
:104E3000A7FE0028E9D00120A8E6D4F82490C9F8FC
:104E40003C10616AC1F840C0616AC8642168606A48
:104E50004C3104F095FE0028D7D0012096E6D4F816
:104E60002890C9F83C10A16AC1F840C0A16AC86482
:104E70002168A06A4C3104F083FE0028C5D00120CF
:104E800084E6D4F82C90C9F83C10E16AC1F840C01F
:104E9000E16AC8642168E06A4C3104F071FE0028C0
:104EA000B3D0012072E6D4F83090C9F83C10216BE1
:104EB000C1F840C0216BC8642168206B4C3104F0FC
:104EC0005FFE0028A1D0012060E6D4F834C0334949
:104ED000CCF83C10D4F834C03149CCF84010616BA8
:104EE000C8642168606B4C3104F04AFE00288CD005
:104EF00001204BE600E014E0D4F838C02949CCF892
:104F00003C10D4F838C02849CCF84010A16BC864D4
:104F10002168A06B4C3104F033FE00288AD00120B8
:104F200034E6206848EA0708C0F848802068C1686D
:104F30002943C160304629E67CB5069C250A6D1CD4
:104F4000CDE90045FFF72AFF7CBD70B504460D464C
:104F50000026B5F5006F39D009DCB5F5807F29D082
:104F6000B5F5007F2AD0B5F5806F09D12AE0B5F5F7
:104F7000805F2FD0B5F5005F30D0B5F5804F32D0CF
:104F800001267EB33AE00000F1240208692A0208F3
:104F9000292A02085325020847250208B965020894
:104FA000A76502084F4B0208454B02080D3802085E
:104FB000CD370208206A04F05FFEE2E7606A04F081
:104FC0005BFEDEE7A06A04F057FEDAE7E06A04F071
:104FD00053FED6E7206B04F04FFED2E7606B04F07F
:104FE0004BFECEE703E0A06B04F046FEC9E7206865
:104FF000C168A943C160012084F84600304670BDF5
:1050000090F83C20012A0CD0012200F83C2F02230A
:10501000437050F83C3C59614270002101700020FF
:1050200070470220704710B5846824F47F4442EA38
:1050300003220A432243826010BD2DE9F043044657
:105040000D461646002794F83C0001280ED04FF07C
:10505000010884F83C80022084F83D006868B94665
:1050600038B101280BD00127BFB155E00220BDE8BF
:10507000F0832068816821F47F418160F4E7E9686A
:1050800029B184F83D8084F83C900120EFE72B693A
:10509000AA682068FFF7C7FFE6E736B1042E12D0F2
:1050A000082E1ED00C2E37D129E0286828B12068A0
:1050B000816941F0800181612EE02068816921F0E1
:1050C0008001816128E0286828B12068816941F465
:1050D0000041816120E02068816921F40041816103
:1050E0001AE0286828B12068C16941F08001C161D7
:1050F00012E02068C16921F08001C1610CE02868DC
:1051000028B12068C16941F40041C16104E0206810
:10511000C16921F40041C16184F83D8084F83C906C
:105120003846A4E7826822F070020A4342F0070181
:105130008160704710B5036A046A24F001040462B8
:10514000846924F0F00444EA021423F00A020A43BA
:105150008461026210BD10B5036A046A24F0100471
:105160000462846924F4704444EA023223F0A00308
:1051700043EA01118261016210BD70B50446002549
:1051800094F83C00012817D0012684F83C600220E6
:1051900084F83D002068826822F0770222F47F4282
:1051A00082600868502838D00DDC202853D005DCF8
:1051B00090B3102811D14EE0022070BD30284AD0A3
:1051C00040280AD13DE0602831D070280CD0B0F5DD
:1051D000805F03D0B0F5005F12D001253C346670CB
:1051E00000202070284670BDCB68D1E901212068DD
:1051F000FFF719FF2068816841F077018160EDE7D2
:10520000CB68D1E901212068FFF70DFF2068816894
:1052100041F480418160E1E71DE0CA684968206887
:10522000FFF788FF50212068FFF77CFFD6E7CA68A8
:1052300049682068FFF78FFF60212068FFF772FF41
:10524000CCE7CA6849682068FFF774FF40212068EE
:10525000FFF768FFC2E7226801461046FFF762FFCA
:10526000BCE70068426822F080020A4342600020E6
:10527000704770B500240268936823F070054B688E
:105280002B4323F007050B682B4393604A6812F009
:105290000F0F31D11211082A2ED2DFE802F02E2E84
:1052A0002E2E0B2127040B69D1E902210068FFF79C
:1052B000BAFE22E00A68052A10D00268136A156A4D
:1052C00025F0010515620268956925F0F005096968
:1052D00045EA01119161006803620EE0012070BD92
:1052E0000A6989680068FFF725FF06E00A6989688E
:1052F0000068FFF730FF00E00124204670BD70B564
:10530000044694F83C0001280FD0012584F83C5055
:10531000022084F83D002046FFF7ABFF002130B1AA
:105320003C3465702170012070BD022070BD206882
:10533000C26822F04002C2602068C26822F4804243
:10534000C26084F83D5084F83C10002070BD70B5F8
:10535000044694F83C0001280FD0012584F83C5005
:10536000022084F83D002046FFF783FF002130B182
:105370003C3465702170012070BD022070BD206832
:10538000C26842F04002C2602068C26822F48042D3
:10539000C26084F83D5084F83C10002070BD024685
:1053A0000020002908D0042909D008290AD00C2996
:1053B00001D11068006C70471068406B704710682E
:1053C000806B70471068C06B704790F83D00704765
:1053D00090F83D00704790F83D00704790F83D0010
:1053E000704790F83D00704790F83D007047007F8F
:1053F0007047002906D0042907D0082908D090F862
:105400004100704790F83E00704790F83F007047A9
:1054100090F84000704790F846007047704770B5AC
:1054200088B004460D46002C04D094F83D000026B8
:1054300018B107E0012008B070BD84F83C60204638
:10544000FFF7ECFF022084F83D00211D2068FCF7E7
:105450001BFFAB68296803222068FFF7E3F9206887
:10546000816921F00C018161206881696A681143BA
:1054700081612068416841F0800141602068816855
:1054800021F0700181602068816841F040018160F5
:105490002068816821F0070181602068816841F0FF
:1054A0000401816005960696702001900796049687
:1054B0000396E868029001A92068FFF7D5F82068F4
:1054C000416821F0700141602068416841F050015D
:1054D0004160012084F8460084F83E0084F83F00D3
:1054E00084F8420084F8430084F83D000020A2E7DD
:1054F000704710B50446022084F83D002068016A18
:1055000041F21112114207D1016A9210114203D1E6
:10551000016821F0010101602046FFF7E9FF00204A
:105520003C34A072A070E070A071E07160702070D7
:1055300010BD10B5044614F83E2F637820796179C8
:105540003E3C012A05D1012B03D1012801D10129BB
:1055500001D0012010BD022004F83E0F60702071C0
:10556000607154F83E0C01220021FDF7D7F854F881
:105570003E0CF749884214D0B0F1804F11D0F54964
:1055800088420ED0F44988420BD0F449884208D0B2
:10559000F349884205D0F349884202D0F249884253
:1055A00009D1816801F00701062908D0016841F09E
:1055B0000101016003E0016841F001010160002088
:1055C00010BD10B50446002211462068FDF7A6F86C
:1055D0002068016A41F21112114207D1016A92104A
:1055E000114203D1016821F001010160012004F89A
:1055F0003E0F607020716071002010BD10B5044630
:1056000014F83E0F6178227963793E3C012805D178
:10561000012903D1012A01D1012B01D0012010BDA4
:10562000022084F83E0084F83F0084F8420084F8A9
:1056300043002068C16841F00201C16001220021DD
:105640002068FDF76BF8C2492068884214D0B0F199
:10565000804F11D0BF4988420ED0BF4988420BD03D
:10566000BE49884208D0BE49884205D0BD4988421B
:1056700002D0BD49884209D1816801F0070106299D
:1056800008D0016841F00101016003E0016841F0C8
:1056900001010160002010BD10B504460022114632
:1056A0002068FDF73BF82068C16821F00201C16065
:1056B0002068016A41F21112114207D1016A921069
:1056C000114203D1016821F001010160012004F8B9
:1056D0003E0F607020716071002010BD70B50446EF
:1056E0000E46154694F83E0094F84210022804D065
:1056F000022902D0012802D003E0022070BD012956
:1057000001D0012070BDEEB1E5B1022084F83E0069
:1057100084F84200012200212068FCF7FFFF616A43
:105720009248C863616A92480864616A9148C86493
:1057300021682B4634313246606A04F021FA18B1F0
:10574000012070BD012070BD2068C16841F4007166
:10575000C1607F492068884214D0B0F1804F11D0D9
:105760007C4988420ED07C4988420BD07B498842D4
:1057700008D07B49884205D07A49884202D07A49CC
:10578000884209D1816801F00701062908D0016823
:1057900041F00101016003E0016841F00101016095
:1057A000002070BD10B50446002211462068FCF7A9
:1057B000B5FF2068C16821F40071C160606A04F01F
:1057C0005BFA2068016A41F21112114207D1016AA5
:1057D0009210114203D1016821F001010160012002
:1057E00004F83E0F2071002010BD10B501F00F012C
:1057F00004238B40046A9C430462036A8A40134377
:10580000036210BD10B50446002909D004290AD04E
:1058100008290BD094F8450001280AD0012010BDBA
:1058200094F84200F8E794F84300F5E794F8440050
:10583000F2E7022089B3042933D0082934D084F850
:10584000450004222068FFF7D0FF2068416C41F436
:10585000004141643E492068884214D0B0F1804F35
:1058600011D03C4988420ED03B4988420BD03B497D
:10587000884208D03A49884205D03A49884202D045
:105880003949884213D1816801F00701062912D0F5
:10589000016841F0010101600DE0FFE784F842007A
:1058A000CFE784F84300CCE784F84400C9E70168F7
:1058B00041F001010160002010BD70B504460D46A5
:1058C000002229462068FFF790FF2068036A41F212
:1058D00011110B4240F2444206D1036A134203D134
:1058E000436C23F4004343642068036A0B4206D1EF
:1058F000016A114203D1016821F001010160012018
:105900003DB1042D08D0082D09D084F845000020B1
:1059100070BD84F84200FAE784F84300F7E784F8A2
:105920004400F4E770B504460025002909D0042995
:105930000AD0082920D094F8450001281FD0012062
:1059400070BD94F84200F8E794F84300F5E70000D2
:10595000000001400004004000080040000C00402E
:105960000004014000400140001800400D380208CA
:10597000CD370208F124020894F84400DDE7022044
:1059800069B104290ED008290FD084F8450079B1F7
:10599000042913D0082917D00125DDB14FE084F880
:1059A0004200F4E784F84300F1E784F84400EEE7AE
:1059B0002068C26842F00202C260EEE72068C26856
:1059C00042F00402C260E8E72068C26842F00802C0
:1059D000C260E2E72068C26842F08002C26004222E
:1059E0002068FFF702FF2068416C41F400414164E8
:1059F000F9492068884214D0B0F1804F11D0F7499E
:105A000088420ED0F64988420BD0F649884208D029
:105A1000F549884205D0F549884202D0F4498842C8
:105A200009D1816801F00701062908D0016841F019
:105A30000101016003E0016841F0010101602846B5
:105A400070BD70B504460D460026002D06D0042D0D
:105A50000AD0082D0ED0012696B140E02068C1681A
:105A600021F00201C160F7E72068C16821F004015C
:105A7000C160F1E72068C16821F00801C160EBE76F
:105A8000002229462068FFF7B0FE2068026A40F233
:105A900044410A4203D1C26822F08002C2602068F9
:105AA000036A41F21112134206D1036A0B4203D179
:105AB000436C23F4004343642068036A134206D115
:105AC000026A0A4203D1016821F00101016001204C
:105AD0003DB1042D08D0082D09D084F8450030468A
:105AE00070BD84F84200FAE784F84300F7E784F8D1
:105AF0004400F4E710B5846B0121626A824203D14D
:105B0000217784F842100EE0A26A824204D102207A
:105B1000207784F8431006E0E26A824203D1042031
:105B2000207784F844102046FCF7E1FC0020207721
:105B300010BD10B5846B0121626A824205D12177C4
:105B4000C069A8B984F8421012E0A26A824206D164
:105B500002222277C06958B984F8431008E0E26A4B
:105B6000824205D104222277C06908B984F8441022
:105B70002046FCF778FF0020207710BD2DE9F0418A
:105B80000D46044611460026002D13D0042D14D0D6
:105B9000082D15D094F84500022814D0ADB1042D7D
:105BA00016D0082D17D094F84500012816D00120F2
:105BB000BDE8F08194F84200EEE794F84300EBE78B
:105BC00094F84400E8E70220F2E794F84200ECE79A
:105BD00094F84300E9E794F84400E6E749B143B19B
:105BE000022045B1042D09D0082D0AD084F84500C3
:105BF00009E00120DCE784F8420004E084F8430077
:105C000001E084F844007B487B4A7C4F35B1042D89
:105C10001AD0082D2ED00126E6B373E0D4F824C0A4
:105C2000CCF83C00606A0264606AC7642268606AFB
:105C3000343203F0A5FF08B10120B9E72068C1683C
:105C400041F40071C160E7E7D4F828C0CCF83C000B
:105C5000A06A0264A06AC7642268A06A383203F0AE
:105C60008FFF08B10120A3E72068C16841F480617B
:105C7000C160D1E7D4F82CC0CCF83C00E06A0264E3
:105C8000E06AC7642268E06A3C3203F079FF10B131
:105C900001208DE705E02068C16841F40061C16022
:105CA000BAE7042229462068FFF79FFD2068416C6F
:105CB00041F40041416448492068884214D0B0F161
:105CC000804F11D0454988420ED0454988420BD0BB
:105CD0004449884208D04449884205D04349884213
:105CE00002D04349884209D1816801F007010629A1
:105CF00008D0016841F00101016003E0016841F052
:105D000001010160304653E770B504460D46002698
:105D1000002D06D0042D0DD0082D14D00126DEB1A3
:105D200041E02068C16821F40071C160606A03F03D
:105D3000A3FFF4E72068C16821F48061C160A06A14
:105D400003F09AFFEBE72068C16821F40061C160AD
:105D5000E06A03F091FFE2E7002229462068FFF79E
:105D600044FD2068026A41F211110A4240F24443A4
:105D700006D1026A1A4203D1426C22F40042426404
:105D80002068026A0A4206D1016A194203D10168F9
:105D900021F00101016001203DB1042D08D0082D42
:105DA00009D084F84500304670BD84F84200FAE717
:105DB00084F84300F7E784F84400F4E710B504469C
:105DC00000291DD004291ED008291FD094F84500B1
:105DD00001281ED0012010BD000001400004004039
:105DE00000080040000C0040000401400040014059
:105DF00000180040335B0208292A0208F55A0208FD
:105E000094F84200E4E794F84300E1E794F8440092
:105E1000DEE7022089B3042933D0082934D084F87E
:105E2000450004222068FFF7E0FC2068416C41F443
:105E300000414164FC492068884214D0B0F1804F91
:105E400011D0FA4988420ED0F94988420BD0F9495D
:105E5000884208D0F849884205D0F849884202D0E3
:105E6000F749884213D1816801F00701062912D051
:105E7000016841F0010101600DE0FFE784F8420094
:105E8000CFE784F84300CCE784F84400C9E7016811
:105E900041F00101016000209DE770B504460D4608
:105EA000002229462068FFF7A0FC2068036A41F21F
:105EB00011110B4240F2444206D1036A134203D14E
:105EC000436C23F4004343642068036A0B4206D109
:105ED000016A114203D1016821F001010160012032
:105EE0003DB1042D08D0082D09D084F845000020CC
:105EF00070BD84F84200FAE784F84300F7E784F8BD
:105F00004400F4E770B504460025002909D00429AF
:105F10000AD008290BD094F8450001280AD00120A6
:105F200070BD94F84200F8E794F84300F5E794F860
:105F30004400F2E7022069B104290ED008290FD0ED
:105F400084F8450079B1042913D0082917D0012518
:105F5000DDB14FE084F84200F4E784F84300F1E754
:105F600084F84400EEE72068C26842F00202C26092
:105F7000EEE72068C26842F00402C260E8E72068E9
:105F8000C26842F00802C260E2E72068C26842F0DC
:105F90008002C26004222068FFF727FC2068416C61
:105FA00041F400414164A0492068884214D0B0F116
:105FB000804F11D09D4988420ED09D4988420BD018
:105FC0009C49884208D09C49884205D09B49884218
:105FD00002D09B49884209D1816801F00701062956
:105FE00008D0016841F00101016003E0016841F05F
:105FF00001010160284670BD70B504460D460026BB
:10600000002D06D0042D0AD0082D0ED0012696B101
:1060100040E02068C16821F00201C160F7E7206814
:10602000C16821F00401C160F1E72068C16821F076
:106030000801C160EBE7002229462068FFF7D5FB85
:106040002068026A40F244410A4203D1C26822F049
:106050008002C2602068036A41F21112134206D125
:10606000036A0B4203D1436C23F40043436420686A
:10607000036A134206D1026A0A4203D1016821F081
:106080000101016001203DB1042D08D0082D09D087
:1060900084F84500304670BD84F84200FAE784F881
:1060A0004300F7E784F84400F4E72DE9F0410D469A
:1060B000044611460026002D12D0042D13D0082DC1
:1060C00014D094F84500022813D0A5B1042D15D0A2
:1060D000082D16D094F84500012815D0012067E559
:1060E00094F84200EFE794F84300ECE794F844009A
:1060F000E9E702205CE594F84200EDE794F84300FC
:10610000EAE794F84400E7E749B143B1022045B11A
:10611000042D09D0082D0AD084F8450009E001209B
:1061200046E584F8420004E084F8430001E084F886
:1061300044004448444A454F35B1042D1AD0082D37
:106140002ED00126E6B387E0D4F824C0CCF83C007A
:10615000606A0264606AC7642268606A343203F06D
:106160000FFD08B1012023E52068C16841F40071EA
:10617000C160E7E7D4F828C0CCF83C00A06A02640C
:10618000A06AC7642268A06A383203F0F9FC08B13B
:1061900001200DE52068C16841F48061C160D1E74C
:1061A000D4F82CC0CCF83C00E06A0264E06AC76412
:1061B0002268E06A3C3203F0E3FC10B10120F7E40E
:1061C00005E02068C16841F40061C160BAE70422BB
:1061D00029462068FFF709FB2068416C41F4004123
:1061E000416411492068884214D0B0F1804F11D029
:1061F0000E4988420ED00E4988420BD00D49884284
:1062000008D00D49884205D00C49884202D00C497B
:1062100088421DD1816801F0070106291CD0016860
:1062200041F00101016017E000000140000400405E
:1062300000080040000C0040000401400040014004
:1062400000180040335B0208292A0208F55A0208A8
:10625000016841F0010101603046A9E470B50446CF
:106260000D460026002D06D0042D0DD0082D14D08B
:106270000126DEB141E02068C16821F40071C160EF
:10628000606A03F0F9FCF4E72068C16821F48061DA
:10629000C160A06A03F0F0FCEBE72068C16821F45C
:1062A0000061C160E06A03F0E7FCE2E700222946F2
:1062B0002068FFF79AFA2068026A41F211110A4237
:1062C00040F2444306D1026A1A4203D1426C22F4DE
:1062D000004242642068026A0A4206D1016A1942F9
:1062E00003D1016821F00101016001203DB1042DBD
:1062F00008D0082D09D084F84500304670BD84F8D8
:106300004200FAE784F84300F7E784F84400F4E732
:1063100070B50446002909D0002514F83E0F6278B4
:10632000237966793E3C012808D101E00425F4E791
:10633000012A03D1012B01D1012E01D0012070BD12
:10634000022084F83E0084F83F0084F8420084F87C
:10635000430004222068FFF748FA012229462068FA
:10636000FCF7DCF92068416C41F4004141640020F5
:1063700070BD70B5044600292BD00025002220688E
:10638000FFF733FA002229462068FCF7C7F9206896
:10639000016A41F21113194240F2444206D1016AE6
:1063A000114203D1416C21F4004141642068016A2B
:1063B000194206D1016A114203D1016821F001019D
:1063C0000160012004F83E0F6070207160710020B0
:1063D00070BD0425D2E770B50446002909D0002518
:1063E00014F83E3F6678207962793E3C012B08D153
:1063F00001E00425F4E7012E03D1012801D1012A8F
:1064000001D0012070BD022084F83E0084F83F00D6
:1064100084F8420084F843002068C26842F0020217
:10642000C2602068C26842F00402C2600422206890
:10643000FFF7DBF9012229462068FCF76FF9206895
:10644000416C41F400414164002070BD70B50446C8
:10645000002935D000252068C26822F00202C260FF
:106460002068C26822F00402C26000222068FFF7A0
:10647000BCF9002229462068FCF750F92068026A1E
:1064800041F211131A4240F2444106D1026A0A4213
:1064900003D1426C22F4004242642068026A1A422C
:1064A00006D1026A0A4203D1016821F001010160AC
:1064B000012004F83E0F607020716071002070BDF3
:1064C0000425C8E710B590F83C30012B0AD0012311
:1064D00080F83C3041B1102906D0202904D0302961
:1064E00002D00AE0022076E403689C6824F070047D
:1064F0009C6003689C680C439C6001684B6843F097
:1065000001034B6001684B6823F004034B60016892
:106510004B6813434B600168CA6822F02002CA60CE
:106520000168CA6822F40052CA60002180F83C1059
:10653000002050E410B590F83C30012B0AD0012324
:1065400080F83C3041B1102906D0202904D03029F0
:1065500002D00AE002203EE403689C6824F0700444
:106560009C6003689C680C439C6001684B6843F026
:1065700001034B6001684B6823F004034B60016822
:106580004B6813434B600168CA6822F40052CA602A
:106590000168CA6842F02002CA60002180F83C10FD
:1065A000002018E4704710B5806B012180F83D1081
:1065B000FFF7F8FF0FE4704710B5806B012180F8FA
:1065C0003D10FFF7F8FF06E410B590F83C30012BC2
:1065D0000AD0012380F83C3041B1102906D020298F
:1065E00004D0302902D00AE0022055E403689C68F8
:1065F00024F070049C6003689C680C439C600168F4
:106600004B6843F001034B6001684B6823F00403BF
:106610004B6001684B6813434B60AFF26301426B00
:10662000D163AFF27D01426B1164426B4C49D1647E
:106630000168CA6822F02002CA600168CA6842F490
:106640000052CA60002180F83C10002024E470B59C
:1066500090F83C20012A31D0012680F83C600222CB
:1066600080F83D2002685468936824F070050C6837
:106670002C4354603B4C0268A24214D0B2F1804FCC
:1066800011D0394CA2420ED0384CA2420BD0384C1B
:10669000A24208D0374CA24205D0374CA24202D0C9
:1066A000364CA24204D123F080034968194391601B
:1066B0003C30467000210170002070BD022070BD8A
:1066C00010B590F83C20012A22D0012280F83C200D
:1066D000CA6800238C6822F4407222434C6822F47A
:1066E000806222430C6822F4006222430C6922F487
:1066F000805222434C6922F400522243C96922F499
:1067000080420A4301684A6480F83C300020EAE68F
:106710000220E8E690F83C20012A09D0012280F806
:106720003C2002681165002180F83C100020704771
:1067300002207047704790F83D007047002906D04E
:10674000042907D0082908D090F84500704790F830
:106750004200704790F84300704790F8440070473B
:10676000F12402080000014000040040000800403D
:10677000000C0040000401400040014000180040AF
:106780007047F8B50446002C05D0256894F8D50369
:10679000002610B106E00120F8BD84F8D46320463D
:1067A0000EF0CAFD032084F8D503B5F1A04F00D147
:1067B000A671206800F032FF207C8DF8000094E87C
:1067C0000F0000F08FFE022518B184F8D553012088
:1067D000F8BD0121206800F02BFF18B184F8D553D3
:1067E0000120F8BD207C8DF8000094E80F0001F036
:1067F00080FC18B184F8D5530120F8BD012084F83D
:10680000D5030020F8BDC1EB011100EB810000228F
:1068100000F81A2F4270C2728272002070472DE970
:10682000FF4F83B00546DDE91078129E8A469346F5
:1068300095F8D40301281CD0012385F8D433CAEB82
:106840000A1005EB80044FF0000984F819900698AF
:10685000207584F815A084F826800BF07F00A075C1
:1068600051462846FFF7CFFF5FEA0B6005D5E37579
:1068700005E0022007B0BDE8F08F84F81790286883
:1068800001F0F6FCB8F1010F05D1012F03D110B9C9
:10689000BC2E00D9BC262776B0B22085CDE9007881
:1068A000029028685A465146069B01F0EDFC85F897
:1068B000D493DFE710B5044694F8D403012809D037
:1068C000012084F8D403206801F0DBFE002084F866
:1068D000D40310BD022010BD704710B50446002C33
:1068E0000CD0032084F8D50320460EF062FD20680A
:1068F00000F094FE002084F8D50310BD012010BDE7
:106900002DE9F003DDE9078C069F099DC1EB011419
:1069100000EB8404E27584F826300226002F0AD0AA
:1069200084F82A60002563B1012B4FD0022B27D0B9
:10693000032B4DD137E04FF0030984F82A90657698
:10694000F0E7012F44D11AB1A27E012A0FD03FE017
:10695000BCF1000F02D1012284F83D2094F83D20C3
:1069600012B184F82A6033E084F82A5030E094F8B9
:106970003C2012B184F82A602AE084F82A5027E0EB
:106980002AB194F83C205AB184F82A6020E094F8A7
:106990003D2012B184F82A601AE084F82A5017E0EA
:1069A00084F82A5014E02AB194F83C205AB184F8B3
:1069B0002A600DE094F83D2012B184F82A6007E0C7
:1069C00084F82A5004E084F82A5001E084F82A5020
:1069D000C4F82C80C4F834C084F84C50A5636175A9
:1069E00084F84D50827904F114010068BDE8F00389
:1069F00001F0ECBC2DE9F041034618680746016A36
:106A000001F00F06C1F34342C1F30A15022A2ED149
:106A1000002D2CD0C6EB061103EB8104E16A00299E
:106A200025D0A26B636B2A449A4222D8AAB201F005
:106A30002FFAE06A2844E062A06B2844A06307EBC9
:106A40004610D0F81015C1F3C941228DAA420ED1CB
:106A500000290CD0D0F8001521F0804141F0004110
:106A6000C0F8001514F83C0F80F001002070BDE85C
:106A7000F081042084F84C00F9E770472DE9F05FBD
:106A800005460F4628680646394601F0C8FAC7EBA6
:106A9000071140074FF0040B05EB81040CD506EB02
:106AA0004710C0F808B5072084F84D00394628681B
:106AB000BDE8F05F01F0E5BD3946286801F0AFFAA6
:106AC00080064FF000084FF0010A4FF0020928D568
:106AD00006EB47112020C1F80805607E0326012837
:106AE00009D184F8198084F84C9084F84D603946B7
:106AF000286801F0C6FDA07E012810D1E07E0028A4
:106B00000DD194F82600012801D084F81BA084F848
:106B10004D603946286801F0B4FDC4F84480BDE8F2
:106B2000F09F3946286801F07AFA80050BD506EB0C
:106B300047114FF40070C1F8080539462868BDE8D0
:106B4000F05F01F09EBD3946286801F068FAC00781
:106B500026D0C4F844803946286801F060FA40061F
:106B600006D584F819A006EB47114020C1F80805A6
:106B7000E07E48B184F81B8006EB4710D0F804157E
:106B800021F48031C0F8041506EB4710C0F808A5C1
:106B900084F84DA039462868BDE8F05F01F071BD6A
:106BA0003946286801F03BFA400612D5052084F8E2
:106BB0004D00A07E08B984F819A0C4F84480394675
:106BC000286801F05EFD06EB47114020C1F808057A
:106BD000A5E73946286801F022FA00070DD506EB33
:106BE00047110820C1F80805062084F84D003946F1
:106BF0002868BDE8F05F01F044BD3946286801F01F
:106C00000EFAC00613D5C4F8448084F84DB0607EF7
:106C100018B9207E08B984F819A03946286801F00F
:106C200030FD06EB47111020C1F8080577E739461B
:106C3000286801F0F4F900062AD5A87970B1606CD3
:106C4000401C6064022811D9C4F844805A4684F874
:106C50004CB0394628460EF0CEFB13E0072084F8EE
:106C60004D003946286801F00CFD0BE084F84C908B
:106C700006EB4710D0F8001521F0804141F00041AB
:106C8000C0F8001506EB47118020C1F8080546E75B
:106C90003946286801F0C3F940050DD5092084F86C
:106CA0004D003946286801F0ECFC06EB47114FF423
:106CB0008060C1F8080532E73946286801F0AFF96D
:106CC000800785D506EB4711C1F8089594F84D006B
:106CD000012817D003283AD0042840D005284ED0E8
:106CE000062851D0072801D009289FD184F84D905B
:106CF000606C401C606402284CD9C4F8448084F85D
:106D00004CB051E084F84D9084F84CA094F82600E3
:106D1000022801D0032847D1A87928B994F83D006A
:106D200080F0010084F83D00A87901283CD1606B17
:106D300020B3218D0844401EB0FBF1F0C00733D0D2
:106D400094F83D0080F0010084F83D002CE084F8C8
:106D50004D90E07E012827D184F84C9024E084F8FF
:106D60004D9084F84C90E07E01281DD184F81B8062
:106D7000D1F8040520F48030C1F8040514E084F84B
:106D80004D9084F84C900FE084F84D90052084F8E5
:106D90004C0009E084F84C90D1F8000520F08040C8
:106DA00040F00040C1F8000594F84C2039462846D0
:106DB0000EF021FBB3E62DE9F05F05460E4628688C
:106DC0008346314601F02BF9C6EB061140074FF020
:106DD00007074FF0040805EB81040AD50BEB4610BA
:106DE000C0F8088584F84D703146286801F049FCE8
:106DF0004BE03146286801F012F9C0054FF0080950
:106E00000CD50BEB46114FF48070C1F8080584F8DF
:106E10004D903146286801F034FC36E03146286850
:106E200001F0FDF800070BD50BEB4610C0F80895F4
:106E3000062084F84D003146286801F022FC24E049
:106E40003146286801F0EBF840050DD50BEB4611F3
:106E50004FF48060C1F80805092084F84D003146E0
:106E6000286801F00EFC10E03146286801F0D7F8E0
:106E700000060AD50BEB46118020C1F8080584F8FE
:106E80004D703146286801F0FCFB3146286801F05E
:106E9000C6F880050AD53146286801F0F2FB0BEBF5
:106EA00046114FF40070C1F8080538E631462868ED
:106EB00001F0B5F8C0074FF0200A4FF001094FF07C
:106EC000000751D00BEB4618C8F808A5E07E012852
:106ED00006D1E776D8F8040520F48030C8F8040518
:106EE000A87930B1206BD8F81015C1F31201401AFF
:106EF000A0634A4684F84D906764C8F8082594F862
:106F0000260030B1022804D003280AD0012808D076
:106F100013E03146286801F0B4FB1020C8F80805DA
:106F20000BE0D8F8000540F00050C8F8000584F8E0
:106F30004C20314628460EF05EFAA879012805D08B
:106F400014F83C0F80F001002070E8E5208DA16B63
:106F50000144491EB1FBF0F0C007A6D014F83C0F65
:106F600080F001002070DAE53146286801F057F81A
:106F7000800611D50BEB4610C0F808A5A07E0128AD
:106F800093D184F81B90032084F84D003146286883
:106F9000BDE8F05F01F075BB3146286801F03FF8AD
:106FA00080074FF0050A7DD50BEB46100222C0F892
:106FB000082594F84D10012916D0062919D0072963
:106FC0001CD009291AD005293ED0032971D00429E3
:106FD0006AD0082969D00229B7D094F84C203146EC
:106FE00028460EF008FA9AE584F84D2084F84C9073
:106FF000F3E784F84D2084F84CA0EEE784F84D20A8
:10700000616C491C616402290ED96764A17E012963
:1070100007D1E7762777D0F8041521F48031C0F83E
:10702000041584F84C80D8E784F84C2094F8261096
:1070300009B10229D1D1D0F8001521F0804141F0E9
:107040000041C0F80015C8E784F84D20E17E012911
:10705000C3D194F8261003290FD084F84C2094F85B
:10706000261009B10229B8D1D0F8001521F08041CD
:1070700041F00041C0F80015AFE7A16C491CA164C4
:10708000022913D9A764E776616C032901D284F839
:107090001C90D0F8041521F48031C0F8041584F850
:1070A0004C80DCE744E004E028E039E084F84C2040
:1070B000D5E784F84D20E17E01298ED184F84C205B
:1070C00000F20450016841F480310160816841F0B0
:1070D00040018160816821F020018160A0F20450AC
:1070E00094F8261009B1022987D1D0F8001521F0B3
:1070F000804141F00041C0F800156EE784F84D2052
:1071000084F84C2094F8261009B102298BD1D0F8CC
:10711000001521F0804141F00041C0F800155CE706
:1071200084F84D20606C401C606484F84C8054E707
:107130003146286800F073FF40060FD50BEB46116F
:107140004020C1F8080584F84DA0A07E00B967640E
:1071500031462868BDE8F05F01F093BA31462868EF
:1071600000F05DFFC0067FF5A0AE94F8260003286E
:1071700003D050B1022808D013E0676484F84D8032
:107180003146286801F07DFA0BE06764A87910B1F8
:10719000E07E012805D184F84D803146286801F051
:1071A00070FAE07E01280CD1E7760BEB461000F276
:1071B0000450016821F480310160816841F02001B0
:1071C00081600BEB46111020C1F80805A7E4704759
:1071D0007047704770477CB505462C68D4F840046A
:1071E0000190D4F840040090009820F02E00009008
:1071F0000198800709D50198C00702D028460EF0F3
:10720000F2F8009840F0020000900198000727D59E
:10721000009840F008000090019840071DD5687A5A
:10722000022803D0E87901280FD012E00198C0F3BA
:107230004140022804D00121286800F0C4FF08E082
:107240000221286800F0BFFF03E04EF66020C4F87A
:10725000040428460EF0D3F802E028460EF0D3F8D6
:107260000198800603D5009840F020000090009817
:10727000C4F840047CBD70472DE9F0410446206805
:10728000064600F0D1F9012876D1206800F0C3FE4F
:10729000002871D0206800F0BEFE800203D521686E
:1072A0004FF400104861206800F0B5FEC00203D51D
:1072B00021684FF480104861206800F0ACFE400166
:1072C00003D521684FF080604861206800F0A3FE7C
:1072D000800702D5216802204861206800F09BFEEB
:1072E000800018D521684FF000504861D6F840045E
:1072F000C00710D11021304600F0EAF9304600F006
:10730000C7F9607A022803D10121206800F05BFFF1
:1073100020460EF06CF8206800F07DFEC00102D51A
:107320002046FFF758FF206800F075FE000705D5DE
:1073300020460EF054F8216808204861206800F0CB
:107340006AFE800125D5206801F097F907460025DF
:107350004FF0010816E005F00F0108FA01F038427D
:107360000FD006EB4510D0F80005000405D5E9B2B2
:107370002046FFF720FD04E01EE0E9B22046FFF7BB
:107380007DFB6D1C6079A842E5D821684FF0007044
:107390004861206800F03FFEC043C0060CD420685E
:1073A000816921F0100181612046FFF723FB2068ED
:1073B000816941F010018161BDE8F081704710B52D
:1073C000044694F8D40301280DD0012084F8D40396
:1073D0000121206800F02FFF206800F019F900203B
:1073E00084F8D40310BD022010BD10B5044694F8F3
:1073F000D403012809D0012084F8D403206801F0C7
:10740000BBF9002084F8D40310BD022010BD006831
:1074100000F0F7BE90F8D5037047C1EB011100EB07
:10742000810090F84C007047C1EB011100EB810026
:10743000806B7047C1EB011100EB810090F84D00AB
:107440007047006800F01CBF006800F011BF2DE914
:10745000F04105460C4617469846286800F008FF9C
:107460000646C4EB041005EB8000017E49B146B925
:107470000121817690F826201AB9C27D0AB180F8E0
:107480003C1080F8257080F82480002094E70000EC
:1074900008B5002100914FF070620099491C0091DD
:1074A0000099914201D9032008BD01690029F4DA4D
:1074B0000A21009102E00099491E009100990029DB
:1074C000F9D1016941F0010101610099491C009164
:1074D0000099914201D9032008BD0169C907F4D17F
:1074E000002008BD0FB410B504469DF81100012816
:1074F0001CD0E06840F04000E0602046FFF7C8FF85
:107500009DF8151051B3A16B21F48031A1639DF852
:107510000E10012907D1A16841F00601A160A16800
:1075200041F02001A16010BC5DF814FBA06B20F4B9
:107530008030A063E068FD490840E060E06820F426
:107540004010E0609DF81800012803D1E06840F485
:107550008010E0602046FFF79BFFD8E7A16B41F465
:107560008031A163D3E7022A0ED082B30921C26819
:1075700022F47052C260C2684FF4705303EA812152
:107580000A43C26000207047E94AEA4B0A449A4223
:1075900001D20F21EBE7E84AE84B0A449A4201D2B4
:1075A0000E21E4E7E64AE74B0A449A4201D20D2154
:1075B000DDE7E54AE54B0A449A4201D20C21D6E7C1
:1075C000E34AE44B0A449A4202D20B21CFE71DE082
:1075D000E14AE24B0A449A4201D20A21C7E7E04A53
:1075E000E04B0A449A4201D20921C0E7DE4ADF4B50
:1075F0000A449A4201D20821B9E7DD4A1144DD4A22
:10760000914201D20721B2E70621B0E70921AEE796
:10761000816841F00101816000207047816821F09C
:107620000101816000207047406900F0010070474F
:1076300070B505460024E86820F0C040E8600129E4
:1076400002D089B1012070BDE86840F00050E860C8
:107650000A2002F0D1FE0A342846FFF7E5FF012890
:1076600010D0C82CF4D30DE0E86840F08040E8600A
:107670000A2002F0C1FE0A342846FFF7D5FF08B100
:10768000C82CF5D3C82C01D0002070BD012070BDDE
:1076900008B5002300934FF070620099491C0091D7
:1076A0000099914201D9032008BD01690029F4DA4B
:1076B0000093102101610099491C009100999142A9
:1076C00001D9032008BD0169C906F4D4002008BD12
:1076D00018B5002400944FF07063009A521C009279
:1076E000009A9A4201D9032018BD0269002AF4DAEF
:1076F0000094202242EA811101610099491C009105
:107700000099994201D9032018BD01698906F4D472
:10771000002018BDD0F800280A43C0F80028002037
:1077200070470FB42DE9F0430446002500200027E0
:1077300004EB8001C1F80471401C0F28F8D39DF8B8
:107740002A6066B3A06B20F40011A163A06B40F423
:107750000021A163C4F8007E9DF82500012831D0E6
:1077600003212046FFF7D6FF10212046FFF7B0FF88
:1077700000B101252046FFF78BFF00B10125C4F8B9
:107780001078C4F81478C4F81C7800204FF0006317
:107790004FF0904C4FF67F389DF8202034E0D4F81D
:1077A000040840F00201C4F80418A06B40F4001172
:1077B000A163A06B20F40021A163A06B20F48021C1
:1077C000A163C7E79DF8230020B101212046FFF700
:1077D000A1FFC9E700212046FFF79CFFC4E704EBA7
:1077E0004011D1F80099B9F1000F06DA10B1C1F8D3
:1077F00000C904E0C4F8003901E0C1F80079C1F81B
:107800001079C1F80889401C8242E8D8002014E0B1
:1078100004EB4011D1F8009BB9F1000F06DA10B16A
:10782000C1F800CB04E0C4F8003B01E0C1F8007BE4
:10783000C1F8107BC1F8088B401C8242E8D8D4F80C
:10784000100820F48071C4F81018A7616FF0804010
:1078500060619DF8220018B9A06940F01000A06195
:10786000A06945490843A0619DF8260018B1A069A8
:1078700040F00800A061012E03D1A0693F490843F0
:10788000A0612846BDE8F0035DF814FBD0F80808B5
:1078900000F00600002805D0022805D0062803D0F5
:1078A0000F207047002070470220704770B50A789B
:1078B0004E78012302F00F04314DA340012E19D060
:1078C000D0F81C4844EA0343C0F81C3800EB4210CF
:1078D000D0F8002B12040BD4D0F8002B0B890979B7
:1078E000C3F30A031A4345EA81410A43C0F8002B57
:1078F000002070BDD0F81C489BB21C43C0F81C4847
:1079000000EB4210D0F800391B04F1D4D0F8003954
:107910000C890979C4F30A048904234341EA82519A
:107920000B432B43C0F80039E2E70000BFFFBDFF67
:10793000405327FF00350C00401E1BFF40420F0044
:1079400000DC0BFF804F1200808CF9FE20D6130064
:1079500060B6E5FE60E3160000D3CEFE40771B0064
:10796000C05BB3FEC091210000CA91FE20753800B3
:10797000E05459FEE09C410000383C800400004087
:107980000080001070B50B784C780A78012500EB68
:107990004212012C1ED0D2F8004B24040ED4D2F88F
:1079A000004B0E89C6F30A0634430E79B60446EA44
:1079B00083531C4344F40043C2F8003BD0F83C28F6
:1079C000097801F00F018D4042EA0541C0F83C18EA
:1079D000002070BDD2F8004924040ED4D2F800492A
:1079E0000E89C6F30A0634430E79B60446EA835379
:1079F0001C43FA4B1C43C2F80049D0F83C280978D4
:107A000001F00F018D40A9B20A43C0F83C28DFE71E
:107A100070B54B780A78012500EB4212012B2BD070
:107A2000D2F8003B002B0BDAD2F8003B43F00063A6
:107A3000C2F8003BD2F8003B43F08043C2F8003B61
:107A400000F61C00046A0B7803F00F0605FA06F333
:107A500024EA034404620468097801F00F0105FA7E
:107A600001F324EA03410160D2F8000BDC4908402D
:107A7000C2F8000B002070BDD2F80039002B0BDAE1
:107A8000D2F8003943F00063C2F80039D2F8003967
:107A900043F08043C2F8003900F61C00046A0B78FA
:107AA00003F00F0605FA06F39EB2B44304620468BD
:107AB000097801F00F0105FA01F399B28C430460D3
:107AC000D2F80009C7490840C2F80009D2E710B54A
:107AD0004C780A78012300EB4212012C21D0D2F815
:107AE000004B002C0BDAD2F8004B44F00064C2F8D3
:107AF000004BD2F8004B44F08044C2F8004BD2F85F
:107B0000004B24F40044C2F8004BD0F81C2809783C
:107B100001F00F018B4022EA0341C0F81C1800203D
:107B200010BDD2F80049002C0BDAD2F8004944F01D
:107B30000064C2F80049D2F8004944F08044C2F819
:107B40000049D2F8004924F40044C2F80049D0F8B2
:107B50001C28097801F00F018B4099B28A43C0F8C4
:107B60001C28DCE710B5029C002C0DD1DB1C9C0806
:107B7000002300EB023000F5805003E051F8042BA5
:107B800002605B1CA342F9D3002010BDF8B50C784D
:107B90004F780B78944D6FF0604600EB4313012F44
:107BA00029D0D3F8107B6FF31207C3F8107BD3F8FA
:107BB000107B2F40C3F8107B002C7DD00D69002D69
:107BC0007BD08C6825446D1EB5FBF4F5ADB26C43DB
:107BD0000C62D3F8104B06EAC5452C43C3F8104B92
:107BE000D3F8104B0D6AC5F312052C43C3F8104BA4
:107BF000012A6FD0D6E00F69EFB1D3F810796FF397
:107C00001207C3F81079D3F810792F40C3F8107910
:107C1000FCB10F698D682F447F1EB7FBF5F5ADB23F
:107C2000D3F8107906EAC5463743C3F810790E79C0
:107C3000012E1AD028E003F511631E682E401E6045
:107C40001D6845F400251D601D686FF312051D6059
:107C500022E00E698D68AE4200D90D61D0F810594E
:107C600045F40026C0F810690EE0D3F8106926F03C
:107C7000C046C3F81069D3F810694FF0C04707EA4F
:107C800045752E43C3F81069D3F810590E69C6F331
:107C900012063543C3F81059012A1CD000EB4413D7
:107CA000D3F8004944F00444C3F800490C79012C8E
:107CB00038D00A69002A01E04DE060E009D0D0F830
:107CC0003428097801F00F03012199400A43C0F8D4
:107CD000342881E062E0CA691AB100EB4413C3F8AA
:107CE00014290979012914D1D0F80818C90508D434
:107CF00000EB4411D1F8002942F00052C1F80029EC
:107D000007E000EB4411D1F8002942F08052C1F89D
:107D1000002900EB4410D0F8001941F00441C0F8EC
:107D2000001959E0D0F80848E40506D4D3F8004912
:107D300044F00054C3F8004905E0D3F8004944F08A
:107D40008054C3F8004900920A8A93B20A78C9683D
:107D5000FFF708FF40E00C690CB18C680C618C687F
:107D60000C62D0F8105BC4F312042543C0F8105B1A
:107D7000D0F8104B44F40024C0F8104B38E7D3F887
:107D8000104B8D68C5F312052C43C3F8104BD3F884
:107D9000104B44F40024C3F8104B29E7CA680AB119
:107DA000C3F8142B0979012910D1D0F80808C005AF
:107DB00006D4D3F8000B40F00050C3F8000B05E0E8
:107DC000D3F8000B40F08050C3F8000BD3F8000B41
:107DD00040F00440C3F8000B0020F8BD0080001004
:107DE0000078F3EF007833ECFFFF07E038B50022AE
:107DF00000920B784D7800EB431442F21073012D82
:107E00001AD0D4F8005B002D40DAD4F8005B45F0BE
:107E10000065C4F8005B0C7800EB4414D4F8005BF8
:107E200045F08045C4F8005B009C641C0094009CF5
:107E30009C4224D9012229E0D4F80059002D25DAEA
:107E4000D4F8005945F00065C4F800590C7800EBEF
:107E50004414D4F8005945F08045C4F80059009CFA
:107E6000641C0094009C9C4201D901220EE00C7815
:107E700000EB4414D4F80049002CF0DB06E00C7849
:107E800000EB4414D4F8004B002CCDDB104638BD79
:107E900030B503460846940802F00301002203F5BA
:107EA000805303E01D6840F8045B521CA242F9D3E2
:107EB00000290BD000221C68D50024FA05F300F835
:107EC000013B521C491E89B20029F5D130BD0A7808
:107ED0004B780978012B00EB411012D0D0F8001B31
:107EE000002906DB2AB1D0F8001B21F08041C0F840
:107EF000001BD0F8001B41F40011C0F8001B00204B
:107F00007047D0F80019002906DB2AB1D0F8001913
:107F100021F08041C0F80019D0F8001941F4001197
:107F2000C0F80019EBE74A780B78012A00EB431000
:107F30000BD0D0F8002B22F40012C0F8002B0979E6
:107F4000032914D0022912D017E0D0F8002922F416
:107F50000012C0F800290979032901D002290CD1A7
:107F6000D0F8001941F08051C0F8001905E0D0F8B0
:107F7000001B41F08051C0F8001B0020704710B575
:107F8000044600214FF67F3304EB4112C2F8083952
:107F9000C2F8083B491C0F29F6D30020C4F810088A
:107FA000C4F81408C4F81C082046FFF771FB002829
:107FB00005D12046BDE810401021FFF789BB10BD58
:107FC00000F50060026822F4FE62026002684FF46D
:107FD000FE6303EA01110A43026000207047D0F8F3
:107FE000001E21F00301C0F8001ED0F8041821F093
:107FF0000201C0F8041800207047D0F8001E21F0DC
:108000000301C0F8001ED0F8041841F00201C0F8C6
:10801000041800207047416980690840704700EBF0
:108020004110D0F80815D0F80C0508407047D0F87A
:108030001818D0F81C080840000C7047D0F8181821
:10804000D0F81C08084080B2704700EB4111D1F80D
:10805000081BD0F814080840704710B5D0F8103845
:10806000D0F8342801F00F04E24002F0010243EAA4
:10807000C21200EB4110D0F80809104010BD42694F
:108080000A4042617047D0F800196FF30A01C0F846
:108090000019D0F8041841F48071C0F804180020C9
:1080A000704710B5036CF74CA34205D9D0F8003BDC
:1080B000002B01DA002010BD00F5316000230360C1
:1080C000036843F400230360036843F0180303606C
:1080D000036843F0C0430360A0F53160012906D175
:1080E00000F530604261016841F0802101600020AC
:1080F00010BD0FB470B5044600250026C4F8006E0C
:10810000A06B40F40010A063A06B20F40020A063DB
:10811000A06B20F48020A063E068400611D49DF895
:108120001700012806D0D4F8000420F00401C4F898
:1081300000140CE0D4F8000440F00401C4F800146A
:1081400005E0D4F8000420F00401C4F80014102164
:108150002046FFF7BDFA00B101252046FFF798FA47
:1081600000B101250020421E9DF8153006E004EB09
:108170004011C1F80825C1F80C65401C8342F6D8AF
:10818000A6616261C048844207D140156062BF4861
:10819000A062BF48C4F8000106E080206062BD48CC
:1081A000A062BD48C4F800019DF8160018B9A06986
:1081B00040F01000A061A069B8490843A0612846BA
:1081C00070BC5DF814FBD0F8002422F00302C0F864
:1081D0000024D0F8002401F003031A43C0F800245F
:1081E000012903D0022906D0012070474BF68031C7
:1081F000C0F8041403E041F27071C0F804140020C8
:10820000704738B5044604F58864206800900098EB
:1082100020F02E000090009840F4807020606420D0
:1082200002F0EAF8009820F4807020600A2002F042
:10823000E3F8002038BD08B5D0F840240092009A39
:1082400022F02E020092009AD20406D4012904D111
:10825000009A42F48052C0F84024009AD20405D516
:1082600021B9009921F48051C0F84014002008BDC4
:1082700008B5D0F8400400900098C0F3414008BD14
:10828000D0F8080480B270472DE9F0431F46DDE9BD
:108290000859DDF81C80002600EB4114731EC4F859
:1082A0000835002D22D0012D45D0022D1ED0032DE2
:1082B00034D001260023C4F80435D4F80C3543F03B
:1082C0000203C4F80C35D0F8183401F00F0C01216A
:1082D00001FA0CF10B43C0F81834816941F00071C8
:1082E0008161110634D54FF4004132E040F29D43E4
:1082F000C4F80C35130606D5D4F80C3543F4807356
:10830000C4F80C35D6E7DFF880C16045D2D1D4F887
:108310000C3543F06003C4F80C35CBE740F29D63A5
:10832000C4F80C351306C5D5D4F80C3543F4807366
:10833000C4F80C35BEE740F22523C4F80C3513060B
:10834000B8D5D4F80C3543F4C073C4F80C35B1E794
:108350000021FFF78DFFB8F1020F04D1022802D0EF
:108360004FF4003000E000204FF0FE5303EA875343
:108370004FF4F04707EAC22213434FF4402202EAC7
:1083800085421343C9F30A0213430B43034343F4E7
:108390008010C4F80005032D01D0012D05D1D4F8BB
:1083A000000540F00050C4F800053046BDE8F083F9
:1083B00000EB411000F5A060394A0261016821F02C
:1083C000804141F00041016000207047FCB54D78CC
:1083D0004FF480772C4B984216D1012A02D00B79AA
:1083E0007BB111E08C7C0CB1022C0DD18B795BB987
:1083F00000EB4514D4F80C3523F07003C4F80C35A9
:1084000002E04B79012B10D08B79012B12D00E6A30
:10841000B6B38C8A33195B1EB3FBF4F39BB2BB4239
:108420004DD93B462402CC6149E02946FFF7C0FF05
:108430000020FCBD0123CC7814B18C8ACC6145E0CE
:108440008C7C012C02D0012A2FD034E00C6ABC2C89
:108450000DD98C8ACC610C62CC68012C04D0022C22
:1084600002D00124CC6031E00224CC602EE0CC614B
:10847000CC68012C16D0022C14D00424CC6025E04A
:108480001CE000000A30544F0000044000020001CC
:108490000003E00080006000E0004000080020A32E
:1084A000000008800324CC6010E08C8A0E6AA6428B
:1084B00001D9CC610AE00C6ACC6107E00123CC78D9
:1084C0001CB18C8A5C43CC6100E0CE61CC696FF05A
:1084D0006046C4F3120406EAC3431C438B7D4FF08D
:1084E000C04606EA43731C4300EB4513C3F810452E
:1084F00012B18C69C3F81445D0F8084444F3000461
:10850000641CD3F8005525F00055C3F80055D3F886
:10851000005545EA4474C3F800458C790025012CC8
:108520000FD0C3F80455D3F800450194019C24F002
:1085300080440194CC78ECB3019C44F40044019451
:1085400061E04E7C0C7C4FF0004747EAC61634438E
:10855000C3F80445D3F80C4544F06004C3F80C4557
:10856000CC79012C0DD1CC785CB9D3F8044544F416
:108570008034C3F80445D3F80C4544F04004C3F8F4
:108580000C458C7C012C01D0032C0BD1CC79012C17
:1085900008D1CC78012C05D1D3F8044544F48034BB
:1085A000C3F804458C7C012CBDD1CC78002CBAD109
:1085B000CC6800E023E0012C0CD0022C11D0032C5D
:1085C00016D0042CAFD1D3F8044544F44044C3F88A
:1085D0000445A8E7D3F8044544F40044C3F804452F
:1085E000A1E7D3F8044544F00E04C3F804459AE724
:1085F000D3F8044544F48044C3F8044593E7019C50
:1086000024F400440194019C44F000440194019C32
:10861000C3F800450AB10020FCBDCA785ABB0B6AFA
:108620004BB3CA793ABB8A7C32B1012A10D0022AF4
:1086300002D0032A18D10BE0DB1CC3F38F02C36AFC
:108640009BB2934210D2826942F0200282610BE019
:10865000DB1CC3F38F02D0F810349BB2934203D2D9
:10866000826942F08062826100950A8C93B24A78F6
:108670008969FFF777FA0020FCBDD0F8140480B2B6
:10868000704738B50022009200EB4111D1F8002567
:10869000C2F38142D1F80035DB0FD1F80445E40F75
:1086A0008568AD0605D524B9DBB1012A19D0032AA6
:1086B00017D04FF47A73B2B1022A14D0D1F8002542
:1086C00042F08042C1F80025D0F8100410F47F0F6A
:1086D0003BD0D1F8000540F00040C1F80005002073
:1086E00038BD002038BDD1F8002542F08042C1F8E5
:1086F00000258268920621D4C06A10F47F0F06D04C
:10870000D1F8000540F00040C1F80005E7E7D1F8D6
:10871000000520F00040C1F80005D1F8000540F048
:108720000040C1F800050098401C00900098984255
:10873000D5D8D1F800050028F5DBD0E7D1F8000541
:1087400040F00040C1F80005C9E7D1F8000520F06D
:108750000040C1F80005D1F8000540F00040C1F824
:1087600000050098401C009000989842B7D8D1F8B6
:1087700000050028F5DBB2E738B5044600250020E7
:1087800000902046FEF74AFF10212046FEF7A0FF8A
:1087900000B101252046FEF77BFF00B10125002135
:1087A00004EB4110D0F8002542F0804222F0004254
:1087B00022F40042C0F80025491C0F29F0D90021FD
:1087C0004FF47A7304EB4112D2F8000540F0804078
:1087D00040F0004020F40040C2F800050098401C22
:1087E00000900098984203D8D2F800050028F5DBE5
:1087F000491C0F29E6D94FF0FF30C4F8140460611A
:108800002046FEF705FF284638BDD0F80818C907EE
:1088100005D0D0F8041841F00101C0F80418002078
:108820007047D0F8041821F00101C0F804180020A6
:1088300070470000002070472DE9F84F0446002CD7
:1088400013D02078DFF89884C007A8F1040556D02B
:1088500008F104000168C1F3810101290CD000680E
:10886000C0F38100022803D00DE00120BDE8F88F9D
:10887000D8F80000400206D5286880033FD560681C
:1088800070BB0120F2E76068B0F5803F10D0B0F512
:10889000A02F12D0286820F480302860286820F4A7
:1088A000802028606068E0B101F08EFD064614E08B
:1088B000286840F480302860F4E7286840F480207D
:1088C0002860286840F480302860EBE701F07CFDE8
:1088D000801B642801D90320C8E728688003F5D5E8
:1088E0000DE001F071FD064606E001F06DFD801B14
:1088F000642801D90320B9E728688003F5D42078DB
:10890000F84F80074FF0000948D5F548001D016871
:1089100011F00C0F08D00068C0F38100022813D1B9
:10892000D8F8000040020FD42868800704D5E0681A
:10893000012801D0012099E72868216920F0F8007A
:1089400040EAC100286029E0E068B8B10120386041
:1089500001F03AFD064606E001F036FD801B0228D4
:1089600001D9032082E728688007F5D528682169A6
:1089700020F0F80040EAC10028600FE0C7F800903E
:1089800001F022FD064606E001F01EFD801B0228D4
:1089900001D903206AE728688007F5D4207800070A
:1089A00029D5DFF83CA3D04861690AF1700A89B182
:1089B0000121016001F008FD064606E001F004FD1A
:1089C000801B022801D9032050E7DAF80000800755
:1089D000F4D510E0C0F8009001F0F6FC064606E081
:1089E00001F0F2FC801B022801D903203EE7DAF8EF
:1089F00000008007F4D42078400778D54FF0000AB3
:108A0000B7483C300068C0000BD4B5483C30016822
:108A100041F080510160006800F0805000904FF0FC
:108A2000010ADFF8C8B2DBF80000C00514D4DBF897
:108A3000000040F48070CBF8000001F0C5FC064651
:108A400006E001F0C1FC801B022801D903200DE7DC
:108A5000DBF80000C005F4D5A14EA0686C360128F3
:108A60000FD0052812D0306820F001003060306847
:108A700020F004003060A068F8B101F0A5FC834646
:108A800017E0306840F001003060F4E7306840F0F3
:108A900004003060306840F001003060EBE701F026
:108AA00093FCA0EB0B0141F28830814201D90320F5
:108AB000DCE630688007F2D510E001F085FC8346E3
:108AC00009E001F081FCA0EB0B0141F2883081420A
:108AD00001D90320CAE630688007F2D4BAF1010F49
:108AE00005D17F483C30016821F080510160A069C8
:108AF000C0B37B49091D09684FF0FF36C1F38101FE
:108B0000022946D0022805D0C7F8609001F05CFC2D
:108B100004463AE0C7F8609001F056FC814607E051
:108B200001F052FCA0EB0900022801D903209DE6C8
:108B300028688001F4D4D4E907010843616AA26A75
:108B4000890106EB520241EA0241084394F82C10D5
:108B500040EA0160C8F800000120386601F034FCEA
:108B6000044607E03DE001F02FFC001B022801D97C
:108B700003207BE628688001F5D532E001F024FC73
:108B8000001B022801D9032070E628688001F5D473
:108B900027E0012823D0D8F80000E26900F4800122
:108BA00091421AD1226A00F03F01914215D147F655
:108BB000C071626A0140B1EB821F0ED1A26A00F45B
:108BC000403106EB5202B1EB024F06D194F82C1063
:108BD00000F07060B0EB016F03D0012046E6012089
:108BE00044E6002042E610B53D48001D006810F044
:108BF0000C013F4815D03F4B042911D0082910D152
:108C0000374C216801F03F02216849020AD52068EB
:108C1000C0F38810A0FB0301002318F0EAFF09E06D
:108C2000184610BD21680023C1F38811A1FB000183
:108C300018F0DFFF2168C1F30141491C4900B0FB76
:108C4000F1F010BD2DE9F04704460D46002C13D07D
:108C5000DFF8A490D9F80000EFB200F00700A842B6
:108C60000CD289F80070D9F8000000F00700A84283
:108C700004D00120BDE8F0870120FBE720681F4EEB
:108C8000810712D5400703D5306840F4E0503060CA
:108C90002078000703D5306840F4604030603068C9
:108CA000A16820F0F000084330602078C00741D070
:108CB0000B496068091F012808D002280BD003283F
:108CC00009D0096889071BD40120D3E70968890303
:108CD00016D40120CEE70968890111D40120C9E723
:108CE0000438024000004742800E474200700040B6
:108CF0000024F40040787D01003C02400838024026
:108D0000316821F003010143316001F05DFB8046D1
:108D100041F2883A07E001F057FBA0EB080050450C
:108D200001D90320A6E73068616800F00C00B0EBC1
:108D3000810FF0D1D9F8000000F00700A84209D94E
:108D400089F80070D9F8000000F00700A84201D0AF
:108D500001208FE72078400705D53068E16820F4CE
:108D6000E050084330602078000706D5306821695C
:108D700020F4604040EAC1003060FFF734FF316802
:108D8000794AC1F30311515CC840784908607848BA
:108D90000068E8F75FFA00206CE7F0B587B00C4692
:108DA0001546744E0021734B02270322283E0028EB
:108DB0001AD0186840F004001860186800F0040029
:108DC000019058150290039705920491069102A90B
:108DD000694800F00BFC306844EAC50120F0784097
:108DE0000843306007B0F0BD186840F0010018601B
:108DF000186800F0010001904FF480700290039712
:108E000005920491069102A95C4800F0EFFB3068DE
:108E10002C4320F0EC6020433060E3E75849012008
:108E2000C864704756490020C86470474F480068BE
:108E3000704700B5FFF7FAFF4E4928390968514AD3
:108E4000C1F38221515CC84000BD00B5FFF7EEFFC1
:108E50004849283909684B4AC1F34231515CC8403E
:108E600000BD30B50F210160424B303B19684A0309
:108E70004FF0000103D54FF4A022426007E01A68CA
:108E8000D20303D54FF48032426000E041601A689B
:108E9000D4074FF0010201D0C26000E0C1601C683D
:108EA000C4F3C4040461334C403425686D0702D513
:108EB0000524846005E02468E40701D0826000E0B6
:108EC00081602C4C44342468E40701D0426100E006
:108ED00041611968C90102D50221816100E0826106
:108EE00024492C390A6802F48002C2610A6802F03F
:108EF0003F0202620A68C2F3881242620A6802F400
:108F0000403202F58032D20B82620968C1F30361FC
:108F1000C16230BD0F220260164A283A136803F07E
:108F200003034360136803F0F0038360136803F4E2
:108F3000E053C360126802F46042D2080261124832
:108F4000006800F0070008607047704710B50948D6
:108F500024380068000605D5FFF7F7FF0549802093
:108F60002239087010BD0000D059040800C001204B
:108F700048C0012030380240000802400000024092
:108F800000004742E0590408003C0240CD4908680F
:108F9000C206CD4805D5C26942F01002C261102256
:108FA0000A600A68920605D5C26942F00802C261E9
:108FB00020220A600A68520605D5C26942F00402FE
:108FC000C26140220A600A68120605D5C26942F0F1
:108FD0000202C26180220A600A68920705D5C2694E
:108FE00042F02002C26102200860704770B504465A
:108FF000B5490020C86101F0E7F90546B14E09E026
:10900000601C07D024B101F0DFF9401BA04201D958
:10901000032070BD3068C003F2D43068C00701D0AF
:1090200001203060306810F0F20F03D0FFF7AEFF80
:10903000012070BD002070BD10B5A249091D0C684B
:1090400024F440740C600C6844F440740C600C68A8
:1090500044F001040C600260BFF36F8F436010BDE9
:10906000984A121D136823F440731360136843F485
:1090700000731360136843F00103136001607047CD
:10908000904A121D136823F440731360136843F46D
:1090900080731360136843F001031360018070470D
:1090A000884A121D136823F4407313601368136019
:1090B000136843F001031360017070472DE9F04716
:1090C0000646894614461D467F4F387E012808D043
:1090D000012038764CF250384046FFF787FF18B130
:1090E00015E00220BDE8F087A6B1012E17D0022EB0
:1090F0001AD022462B464846FFF79EFF4046FFF710
:1091000075FF7049091D0A6822F001020A600021FA
:109110003976E7E7E1B24846FFF7C2FFEEE7A1B2D2
:109120004846FFF7ADFFE9E721464846FFF798FFBD
:10913000E4E770B50446084600256249091D0E683B
:1091400046F080760E600E6846F000760E605E494E
:1091500003260E704861002C07D0012C09D0022C88
:109160000BD0FFF769FF284670BDD1B2FFF798FF1B
:10917000F9E791B2FFF784FFF5E71146FFF770FFBB
:10918000F1E7704770472DE9F041DFF83881D8F8F2
:1091900000004D4D10F0F20F4FF0FF374FF000067A
:1091A0000CD0287801282DD0287802282DD06C6981
:1091B000FFF7ECFE2046FFF7E5FF2E70D8F8000021
:1091C000C0070CD00120C8F80000287801281ED064
:1091D0002878022834D06869FFF7D3FF2E702878EA
:1091E00000280DD13748001D016821F07F01016082
:1091F000016821F080710160016821F00071016057
:10920000BDE8F081EC68EF60D2E72C69D0E76868D0
:10921000401E6860686850B1E868FFF7B2FFE86810
:10922000401CE860E868297A00F080F8D7E73C46FF
:10923000EF602E7000F052F82046FFF7A2FFCEE755
:1092400000F04CF82869FFF79CFFC7E700201D4994
:10925000091D0A68002A09DA1A4A1C4B083A1360E9
:109260001B4B13600968002900DA0120704715487C
:10927000001D016841F00041016000207047114865
:1092800008300068C00707D00E481249001F01606F
:1092900011490160002070470120704709480830DB
:1092A000016841F001010160002070470548083065
:1092B000017841F0020101704CF2503096E602480C
:1092C000C06970470C3C0240BC6600202301674522
:1092D000AB89EFCD3B2A19087F6E5D4CC148016810
:1092E00089050FD5016821F400710160016841F41E
:1092F00000610160016821F400610160016841F4CE
:1093000000710160016849050FD5016821F4806191
:109310000160016841F480510160016821F48051CD
:109320000160016841F480610160704700220029FA
:1093300005D001291BD002291CD04FF44072A94945
:1093400010310B6823F440730B600B6813430B6000
:109350000A6822F078020A600A68022303EBC00060
:1093600002430A60086840F48030086070474FF498
:109370008072E4E74FF40072E1E79A4910310A681D
:1093800022F440720A600A6842F004020A600A6825
:109390004FF4803343EA002002430A6070472DE90E
:1093A000F04704460E46DFF8408298F8180001287E
:1093B0000BD0012088F818004CF250394846FFF7CE
:1093C00015FE0246100003D030E00220BDE8F08711
:1093D0004FF0FF303060834F20681037012801D0F4
:1093E000A5681CE0207C6168FFF7C7FF4846FFF7CF
:1093F000FDFD0246386820F00400386014E0217C4E
:109400002846FFF793FF4846FFF7F0FD024638680D
:1094100020F07A0038600AB1356005E06D1CD4E9AF
:1094200002100844A842EAD8FFF758FF002088F845
:1094300018001046CAE710B500246A4910310A68BE
:1094400042F080720A600A6842F000720A60654A5F
:10945000F3210C32116002686349012A0DD0012208
:109460000A70C2684A608268CA60027C0A72017C23
:109470008068FFF75BFF204610BD02220A70426839
:109480000A614168007CFFF778FFF4E75549143121
:109490000A7822F00C020A700A7802430A7000204F
:1094A00070472DE9F04106460C4617464CF2503005
:1094B000FFF79CFD002808D14A4D1435297801F0AA
:1094C0001F031C433C4334432C70BDE8F08110B5AE
:1094D00004464CF25030FFF789FD002802D1414983
:1094E00015310C7010BD10B504464CF25030FFF72A
:1094F0007DFD002804D13B4A16321188214311809A
:1095000010BD10B504464CF25030FFF76FFD002837
:1095100004D1344A16321188A143118010BD70B5B0
:1095200004460120304D297E012926D001212976CB
:109530002178C90706D06068012820D0D4E902014B
:10954000FFF7D1FF2178890702D5207CFFF7BFFF05
:109550002178490708D5207E00F0800200F0400104
:1095600000F02000FFF79DFF2178090702D5207D3C
:10957000FFF78CFF0021297670BD022070BDD4E971
:109580000201FFF7BEFFDDE716481430007800F057
:109590000C00704713481430006800F0E00070477A
:1095A000AA20104915310A78CC2A04D00978AA29B2
:1095B00000D055207047CC2070470A4816300088EC
:1095C000704710B504460F202060FFF7F6FFA0603B
:1095D000FFF7E6FF2061FFF7DDFF2076FFF7D4FFFE
:1095E000606110BD003C0240BC6600202DE9F84FD0
:1095F0000022DFF81C934FF0010803274FF00F0CF7
:1096000009F1040AA9F1040B08FA02F50B682B40D2
:10961000AB426ED10C7904F00304012C01D0022C72
:1096200015D18668540007FA04FE26EA0E06D1F822
:109630000CE00EFA04FE4EEA060EC0F808E044689C
:10964000AC430D79C5F300159540254345600C7971
:10965000E443A40708D0C568540007FA04F6B543EC
:109660008E68A6402E43C6600C7904F00304022CD9
:1096700011D1D40800EB8406356A5407E40E0CFAC5
:1096800004FE25EA0E05D1F810E00EFA04FE4EEABB
:10969000050EC6F820E00568540007FA04F6B54345
:1096A0000E7906F00306A6402E4306604C6814F4BB
:1096B000403F67D0974C256845F480452560246875
:1096C00004F480440094944C22F003052E19D6F83B
:1096D000085894074FEA147E0CFA0EF4A5438F4CF9
:1096E000A04201D1002424E08D4CA04202D10124EB
:1096F0001FE047E08B4CA04201D1022419E08A4CC4
:10970000A04201D1032414E0884CA04201D10424DA
:109710000FE0874CA04201D105240AE0854CA0420D
:1097200001D1062405E0844CA04201D1072400E0C9
:10973000082404FA0EF42C43C6F80848D9F800406F
:109740009C434D68ED0200D51C43C9F80040DAF88F
:1097500000409C434D68AD0200D51C43CAF8004050
:10976000DBF800409C434D68AD0300D51C43CBF8AB
:109770000040674D083D2C689C434E68F60300D5B9
:109780001C432C60521C102AFFF43EAFBDE8F88F3A
:109790002DE9F04F0023DFF880914FF001084FF0E2
:1097A0000F0C08FA03F501EA0504AC4277D123F067
:1097B000030202EB0906D6F808289F074FEA177A3A
:1097C0000CFA0AF707EA020B544A904201D1002230
:1097D00023E0534A904201D101221EE0514A9042B7
:1097E00001D1022219E0504A904201D1032214E033
:1097F0004E4A904201D104220FE04D4A904201D1DD
:1098000005220AE04B4A904201D1062205E04A4A6D
:10981000904201D1072200E0082202FA0AF25A45DA
:1098200023D1DFF8ECA0AAF1080ADAF80020A2435D
:10983000CAF800200AF1040ADAF80020A243CAF8A4
:109840000020334A121DD2F800A02AEA040AC2F806
:1098500000A0DFF8BCA0DAF80020A243CAF800207C
:10986000D6F80828BA43C6F8082804685E00032220
:10987000B24094430460DC0800EB8404276A5E076E
:109880004FEAD66A0CFA0AF6B7432762C4689443D3
:10989000C4604468AC4344608468944384605B1C47
:1098A000102BFFF47EAFBDE8F08F0069084201D0B5
:1098B0000120704700207047002A01D08161704765
:1098C000090481617047426921EA02030A4043EAC0
:1098D00002418161704708B541F480320092009ADC
:1098E000C261C1610099C161C1690091C069C003D1
:1098F00001D5002008BD012008BD704710B50449FE
:109900000C310A68024202D00860FFF7F6FF10BD72
:10991000083C014044380240003001400000024051
:109920000004024000080240000C02400010024007
:109930000014024000180240001C02400168CAB234
:10994000103A1823B2FBF3F2FE4B9B5CC3656FF336
:109950000901032A02D9091D816500E08165806D36
:10996000704710B5014600208A6A8B694FF0C074B9
:10997000002B0ED0B3F5005F1AD062B3012A2AD0B3
:10998000022A28D0032A03D1C96AC90100D50120BF
:1099900010BD1AB1012A06D0022AF9D1C96AC9013B
:1099A000F6D5012010BDC96AA142FBD1012010BD2E
:1099B00052B1012A0AD0022A06D0032AF7D1C96A75
:1099C000A142F4D1012010BD012010BDC96AC90116
:1099D000FBD5012010BD012010BD2DE9F04104464A
:1099E00000F0F2FC05465CB1022084F83500002648
:1099F00084F834602068016821F0010101600DE005
:109A00000120BDE8F08100F0DFFC401B052805D9EE
:109A100020206065032084F83500F2E720680068A4
:109A2000C007F0D121680A68C7480240D4E90103A1
:109A30001843D4E903352B43184363691843A369DA
:109A40001843E3691843236A18431043626A042ADF
:109A500003D1D4E90B231A431043086020684069FE
:109A600020F00700656A29460543012704290DD126
:109A7000A06A0543E06A48B12046FFF772FF28B1AB
:109A80004020606584F835700120BAE720684561A0
:109A90002046FFF753FF94F85C203F2191408160FE
:109AA000666584F835700020ABE770B50446002C7D
:109AB0002AD094F83500022828D02068016821F0C7
:109AC000010101602068002505602068456020686C
:109AD00085602068C5602068056121682120486193
:109AE0002046FFF72BFF3434A560E56025616561F2
:109AF000A561E56194F828203F21914081602562AD
:109B000065702570002070BD012070BD022070BD01
:109B100030B50468256825F48025256004686360F5
:109B20008368402B04D0036899600068C26030BD30
:109B300003689A600068C16030BD70B504460025B6
:109B400094F8340001280CD0012084F8340094F8F3
:109B500035600020012E06D084F834000225284606
:109B600070BD022070BD022684F835606065204615
:109B7000FFF7CEFF2068016841F001010160EEE7C8
:109B80002DE9F04104460025A66D94F83400012823
:109B90000CD0012084F8340094F835700020012F97
:109BA00006D084F83400022528462AE7022028E758
:109BB000022784F8357060652046FFF7A9FF94F806
:109BC0005C103F208840B0602068016841F01601B9
:109BD0000160206C20B12068016841F0080101603B
:109BE0002068016841F001010160DDE72DE9F041E5
:109BF0000446A76D00F0E8FB054694F83500002602
:109C0000022805D08020606584F834600120F8E6E1
:109C10002068016821F0160101602068416921F087
:109C200080014161206C08B9A06C20B120680168F6
:109C300021F0080101602068016821F00101016044
:109C40000BE000F0C1FB401B052806D9202034346E
:109C50002062032060702670D3E620680068C00789
:109C6000EFD134343F2094F828108840B8600120A8
:109C7000607026700020C4E690F83510022903D0E9
:109C80008021416501207047052180F8351000686A
:109C9000016821F001010160002070472DE9F84FB3
:109CA00004468B4616460020009000F08DFB81464E
:109CB00094F835004FF0000A022806D08020606535
:109CC00084F834A00120BDE8F88F20680068C00542
:109CD00004D54FF4807060650120F4E7BBF1000FFC
:109CE00008D094F85C0010278740A56D28684FF0D5
:109CF00001083CE094F85C0020278740F5E7701CE1
:109D00000ED02EB100F060FBA0EB0900B04207D9E5
:109D10002020606584F8358084F834A00320D2E7E1
:109D2000286894F85C2008219140014204D0626DBB
:109D300042F001026265A96094F85C2008FA02F121
:109D4000014203E0886304083F8010F004D0626D94
:109D500042F002026265A96094F85C2004219140FF
:109D6000014204D0626D42F004026265A96038428B
:109D700002D1606DC007C2D0606D302678B1606DD1
:109D8000C0070CD02046FFF731FF94F85C008640F6
:109D9000AE6084F8358084F834A0012093E7BBF1ED
:109DA000000F06D094F85C1010208840A86000983E
:109DB00089E794F85C008640AE6084F8358084F8CA
:109DC00034A0F4E72DE9F84304464FF00009CDF83C
:109DD0000090A0484FF416510068B0FBF1F7A56D54
:109DE0002E6894F85C00082202FA00F1314210D08B
:109DF0002068016849070CD5016821F00401016061
:109E000094F85C0002FA00F1A960606D40F0010076
:109E1000606594F85C104FF0010808FA01F03042D8
:109E200008D021684969090604D5A860606D40F032
:109E30000200606594F85C1004208840304208D02D
:109E400021680968890704D5A860606D40F00400A6
:109E5000606594F85C1010208840304220D0216862
:109E6000096809071CD5A8602068016849030CD55A
:109E70000068000304D4216C91B1204688470FE0AC
:109E8000A16C69B1204688470AE00168C90503D47E
:109E9000016821F008010160216C09B12046884762
:109EA00094F85C102020884030424CD0216809682A
:109EB000C90648D5A86094F8350005280BD020685D
:109EC0000168490330D50068000328D4616C51B3A0
:109ED0002046884737E02068016821F016010160BC
:109EE0002068416921F080014161206C08B9A06CB3
:109EF00020B12068016821F00801016094F85C102D
:109F00003F208840A86084F8358084F83490216D23
:109F100000293BD001B02046BDE8F0430847E16B83
:109F200009B1204688470EE00168C90507D40168D9
:109F300021F01001016084F8358084F83490E16BE1
:109F400009B120468847606D00281FD0606DC007AA
:109F500014D0052084F835002068016821F0010143
:109F600001600098401C0090B84203D82068006847
:109F7000C007F6D184F8358084F83490E16C00296C
:109F800004D001B02046BDE8F0430847BDE8F8839F
:109F900010B5002390F83440012C0CD0012480F837
:109FA000344090F83540012C07D00123002180F87F
:109FB0003410184610BD022010BD062910D2DFE86B
:109FC00001F0030507090B0DC263EFE70264EDE73B
:109FD0004264EBE78264E9E7C264E7E70265E5E72C
:109FE0000123E3E710B5002390F83420012A0CD0B8
:109FF000012280F8342090F835400022012C06D050
:10A00000012380F83420184610BD022010BD072916
:10A0100018D2DFE801F00406080A0C0E1000C26333
:10A02000EFE70264EDE74264EBE78264E9E7C264CC
:10A03000E7E70265E5E7C263026442648264C264E2
:10A040000265DEE70123DCE790F835007047406DDC
:10A050007047000000C0012000F00701AC4A106802
:10A060004FF6FF03184040EA0120AA490843106058
:10A070007047F0B40D46A64B1B68C3F30223C3F12F
:10A080000704042C00D90424191D072901D2002338
:10A0900000E0DB1E012606FA04F1491E2940994022
:10A0A0009E40761E16403143F0BC00F021B90028D6
:10A0B00009DB00F01F02012191404009800000F1FE
:10A0C000E020C0F80011704700280DDB00F01F02EF
:10A0D000012191404009800000F1E020C0F880118A
:10A0E000BFF34F8FBFF36F8F7047BFF34F8F884819
:10A0F0000168884A01F4E061121D11430160BFF359
:10A100004F8F00BFFDE710B5401EB0F1807F01D337
:10A11000012010BD4FF0E02460610F21601700F0B6
:10A12000E7F80020A06107202061002010BDBFF3E8
:10A130005F8F77481830016821F4803101607449DD
:10A140000020883108607047714940F00100883173
:10A1500008606F481830016841F480310160BFF336
:10A160004F8FBFF36F8F704769498C310860684823
:10A170009430016841F001010160704764498C31FD
:10A18000086063489430016821F001010160704764
:10A190005F4A41788C3211605D4994310A6822F03F
:10A1A00001020A600B1F42681A60027BC37A120721
:10A1B00042EA0362837A42EAC342437B42EA834231
:10A1C000837B42EA4342C37B42EA0342437A42EA48
:10A1D0000322037A007842EA430202430A6070478E
:10A1E00040BF20BF70474A480068C0F30220704754
:10A1F000F0B5002805DB00F1E02090F80004040928
:10A2000006E000F00F0000F1E02090F8140D0409C2
:10A2100001F00700C0F10701042900D90421051D40
:10A22000072D01D2002000E0C01E012724FA00F60D
:10A2300007FA01F56D1E2E40166007FA00F56D1E37
:10A2400025401D60F0BD002809DB00F01F02012140
:10A2500091404009800000F1E020C0F800127047F2
:10A2600000280FDB4109890001F1E021D1F800123B
:10A2700000F01F0201209040014201D001207047F0
:10A280000020704700207047002809DB00F01F0203
:10A29000012191404009800000F1E020C0F88012C7
:10A2A000704700280FDB4109890001F1E021D1F856
:10A2B000001300F01F0201209040014201D0012054
:10A2C000704700207047002070474FF0E0210428BD
:10A2D00004D0086920F0040008617047086940F064
:10A2E000040008617047704710B5FFF7FCFF10BD10
:10A2F0000907090E002804DB00F1E02080F80014B3
:10A30000704700F00F0000F1E02080F8141D704746
:10A310000CED00E00000FA05704770B50446664D8C
:10A320004FF47A712878B1FBF0F064490968B1FB09
:10A33000F0F0FFF7E8FE08B1012070BD102C07D245
:10A3400000222146501EFFF794FE6C60002070BD75
:10A35000012070BD10B55A48016841F400710160D8
:10A36000016841F480610160016841F4807101601D
:10A370000320FFF771FE0F20E6F76CFFE6F744FFBE
:10A38000002010BD704710B54F494E4808600020AE
:10A390000860091D4D4A0A6008604B494C4A103953
:10A3A0000A600860C122091D0A6008600122091DB7
:10A3B0000A600860FFF7E6FF002010BD3E48816894
:10A3C00002781144816070473B48806870473A4882
:10A3D0004068704770B501460020374D2C788C429C
:10A3E00006D029706868E6F735FF002800D02C7089
:10A3F00070BD31480078704770B50446FFF7E4FF40
:10A400000546601C02D02C4800780444FFF7DCFFAE
:10A41000401BA042FAD370BD4FF0E020016921F04B
:10A420000201016170474FF0E020016941F0020133
:10A43000016170472748704727480068000C704743
:10A4400025480068C0F30B0070472348416841F07D
:10A450000101416070472048416821F001014160DD
:10A4600070471D48416841F00201416070471A4839
:10A47000416821F00201416070471748416841F08E
:10A480000401416070471448416821F004014160B3
:10A490007047124901200860704710490020086089
:10A4A00070470F48006870470D48001D00687047EE
:10A4B0000B4808300068704744C0012000C00120EC
:10A4C000003C0240FFC9FEF6203802403379770491
:10A4D000FF11602000040801002004E0000427426E
:10A4E000107AFF1FF7494A6822F440324A604A68EE
:10A4F00043681A434A6001684A6822F480724A60DD
:10A5000001684A68036942EA03224A6001684A68AE
:10A5100022F040724A6001684A6883681A434A60C0
:10A5200001688A6822F400628A6001688A68C368E8
:10A530001A438A60816A6FF07062D14214D0016858
:10A540008A6822F070628A6001688A68836A1A43A6
:10A550008A6001688A6822F040528A6001688A68CD
:10A56000C36A1A438A6009E001688A6822F070624F
:10A570008A6001688A6822F040528A6001688A68AD
:10A5800022F002028A6001688A68037E42EA43027E
:10A590008A6090F8201089B101684A6842F400622C
:10A5A0004A6001684A6822F460424A6001684B6868
:10A5B000426A521E43EA42324A6004E001684A6835
:10A5C00022F400624A600168CA6A22F47002CA6218
:10A5D0000168CB6A828B521E43EA0252CA6201684A
:10A5E0008A6822F400728A6001688A6890F83030C4
:10A5F00042EA43228A6001688A6822F480628A60A3
:10A6000001688A68406942EA802088607047704724
:10A6100070B504460026002C03D0206C002510B134
:10A6200007E0012070BD2046E6F7D6F8656484F89F
:10A630003C50206CC00610D4206C20F4885040F0B0
:10A64000020020642046FFF74DFF6564206C20F077
:10A65000020040F00100206400E0012684F83C5034
:10A66000304670BD704770B50446002C0FD0206C8A
:10A6700040F0020020642068816821F001018160BF
:10A68000206880684FF00005C00702D006E0012076
:10A6900070BD2046E6F7EAF86564256484F83C500E
:10A6A000284670BD18B50022009290F83C10012990
:10A6B00007D0012180F83C1001688B68DB0702D0CD
:10A6C00014E0022018BD8B6843F001038B607E49C3
:10A6D0007E4B0968B1FBF3F101EB4101009102E00F
:10A6E0000099491E009100990029F9D101688B68F1
:10A6F000DB074BD0036C40F20164A34343F4807347
:10A7000003644B685B0505D5036C23F4005343F4E5
:10A7100080530364036CDB0404D5436C23F006030D
:10A72000436400E0426480F83C20664A6FF02203F4
:10A730000B605168CA06664907D0006888422DD16F
:10A74000816811F0405F1CD028E0006888420FD07B
:10A75000604A904203D1D1F80423D20608D05E4A61
:10A7600090421BD1D1F8041301F01F01102915D21A
:10A77000816811F0405F11D1816841F080418160B2
:10A780000CE0816841F08041816007E0016C41F09C
:10A7900010010164416C41F001014164002018BDC9
:10A7A00090F83C1001290CD0012180F83C10016880
:10A7B0008A6822F001028A6001688968C90702D0AC
:10A7C00007E002207047016C21F4885141F001013B
:10A7D0000164002180F83C10002070472DE9F04111
:10A7E00004460D46206881684FF0000749050BD5E7
:10A7F0008068C00508D5206C40F02000206484F8F3
:10A800003C700120BDE8F081FFF7DEFD064613E055
:10A81000681C11D025B1FFF7D7FD801BA8420BD9CA
:10A8200020680068800707D4206C40F00400206492
:10A8300084F83C700320E5E7206800688007E7D5CE
:10A8400021686FF012000860206C40F400702064F2
:10A850002068816811F0405F13D1217E89B9C16AF7
:10A8600011F4700F02D0806840050AD4206C20F4E7
:10A8700080702064206CC00403D4206C40F0010080
:10A8800020640020BEE72DE9F04104460E4615463F
:10A89000FFF79AFD074621E0681C1FD025B1FFF79E
:10A8A00093FDC01BA84219D92068006836EA000051
:10A8B00014D0206C40F004002064002084F83C0098
:10A8C00003209FE70023014000C0012040420F0009
:10A8D0000020014000210140002201402068006862
:10A8E00036EA0000D8D1012E0DD0206C40F48060F3
:10A8F0002064606C40F00200606421686FF020000A
:10A90000086000207EE7206C40F4803020642168DD
:10A910006FF001000860F4E718B50022009290F88B
:10A920003C10012907D0012180F83C1001688B6898
:10A93000DB0702D014E0022018BD8B6843F001034E
:10A940008B60F849F84B0968B1FBF3F101EB410169
:10A95000009102E00099491E009100990029F9D167
:10A9600001688B68DB0750D0036C40F20164A3439D
:10A9700043F4807303644B685B0505D5036C23F4D3
:10A98000005343F480530364036CDB0404D5436C2D
:10A9900023F00603436400E0426480F83C20E34A6D
:10A9A0006FF022030B6001684B68E14C23434B605E
:10A9B0005168CA06DF4907D0006888422DD18168F6
:10A9C00011F0405F1CD028E0006888420FD0DA4ABE
:10A9D000904203D1D1F80423D20608D0D74A90423E
:10A9E0001BD1D1F8041301F01F01102915D2816881
:10A9F00011F0405F11D1816841F0804181600CE02D
:10AA0000816841F08041816007E0016C41F01001F4
:10AA10000164416C41F001014164002018BD90F8CF
:10AA20003C1001290CD0012180F83C1001688A6893
:10AA300022F001028A6001688A68D20702D00CE025
:10AA4000022070474A68BA4BDB431A404A60016CE7
:10AA500021F4885141F001010164002180F83C108B
:10AA60000020704770477047704770B504462068F3
:10AA70000568466805F0020106F0200200292AD088
:10AA80004AB3216CC90603D4216C41F400712164DE
:10AA9000816811F0405F17D1217EA9B9C16A11F414
:10AAA000700F02D0816849050ED4416821F0200161
:10AAB0004160206C20F480702064206CC00403D4BA
:10AAC000206C40F0010020642046EAF783F82168FA
:10AAD0006FF01200086005F0040006F0800190B3EA
:10AAE00089B3206CC00603D4206C40F4005020646D
:10AAF0002068816811F4401F1ED1816B11F4401F42
:10AB000002D08168490517D44168490514D4816889
:10AB100011F0405F10D1217E71B9416821F08001B0
:10AB20004160206C20F480502064206CC00503D468
:10AB3000206C40F001002064204600F0EFFC21680A
:10AB40006FF00C00086005F0010006F0400178B1DC
:10AB500071B120680068C0070AD0206C40F48030D2
:10AB600020642046FFF77FFF21686FF00100086036
:10AB700005F0200006F0806100280ED000290CD0DE
:10AB8000606C40F00200606420686FF02005056092
:10AB90002046FFF767FF2068056070BD10B5806B29
:10ABA00040210164416C41F004014164FFF75AFF08
:10ABB00010BD704710B5806BFFF7FBFF10BD10B5DF
:10ABC0000146886B026C12F0500F05D0026CD20661
:10ABD00026D5FFF747FF10BD016C41F400710164F9
:10ABE00001688A6812F0405F17D1027EAAB9CA6A6A
:10ABF00012F4700F02D08A6852050ED44A6822F00F
:10AC000020024A60016C21F480710164016CC90466
:10AC100003D4016C41F001010164E9F7DBFF10BDD1
:10AC2000806BC26CBDE8104008461047F8B504467A
:10AC3000134600250095002294F83C00012807D017
:10AC4000012084F83C0020688668F60702D014E0F2
:10AC50000220F8BD866846F0010686603148324E13
:10AC60000068B0FBF6F000EB4000009002E00098B6
:10AC7000401E009000980028F9D120688668F605EB
:10AC800003D5866826F48076866020688668F60795
:10AC90007ED0226C40F20166B24342F4807222649C
:10ACA0004068400505D5206C20F4005040F48050E9
:10ACB0002064206CC00404D5606C20F00600606441
:10ACC00000E0656484F83C50184DA26B1C48D063CA
:10ACD000A26B1C481064A26B1B48D06422686FF002
:10ACE000220010602068426842F080624260206862
:10ACF000826842F48072826020680A464C30A66BFB
:10AD000001463046FEF73CFF024668680949C00626
:10AD10001CD02068884243D1816811F0405F32D056
:10AD20003EE0000000C0012040420F00002301402F
:10AD300020000004002001400021014000220140C9
:10AD4000BFAB0208B5AB02089DAB02082068884281
:10AD50000FD0A04B984203D1D1F80433DB0608D0C2
:10AD60009D4B98421CD1D1F8041301F01F0110290A
:10AD700016D2816811F0405F12D1816841F08041A4
:10AD800081600DE004E0816841F08041816007E06E
:10AD9000206C40F010002064606C40F001006064A2
:10ADA0001046F8BD10B50446002094F83C10012967
:10ADB0000CD0012184F83C1021688A6822F001023D
:10ADC0008A6021688A68D20702D01DE0022010BD87
:10ADD0008A6822F480728A60A16B91F83520022A79
:10ADE00007D10846FEF702FF18B1216C41F040017F
:10ADF000216421684A6822F080624A60216C21F453
:10AE0000885141F001012164002184F83C1010BDFB
:10AE10000068C06C704778B50024009490F83C201E
:10AE2000012A19D0012280F83C200A680725092A46
:10AE300014D90368DE680A3A02EB42029540AE4339
:10AE4000DE600A788B680A3A02EB4202934002689D
:10AE5000D5682B43D36011E0022078BD03681E69DA
:10AE600002EB42029540AE431E610A788B6802EB0A
:10AE700042029340026815692B4313614A681F25FB
:10AE8000072A13D203685E6B521E02EB82029540C2
:10AE9000AE435E630A8893B20A79521E02EB8202C5
:10AEA00093400268556B2B43536328E00D2A13D25D
:10AEB00003681E6BD21F02EB82029540AE431E63F5
:10AEC0000A8893B20A79D21F02EB82029340026889
:10AED000156B2B43136312E00368DE6A0D3A02EB35
:10AEE00082029540AE43DE620A8893B20A790D3A37
:10AEF00002EB820293400268D56A2B43D362374A41
:10AF0000374B05689D4206D10D68122D03D1556857
:10AF100045F48005556005689D421BD10B68102BD8
:10AF200001D0112B16D1536843F400035360096814
:10AF300010290FD12B492C4A0968B1FBF2F101EB22
:10AF400081014900009102E00099491E0091009999
:10AF50000029F9D180F83C40002078BD10B590F868
:10AF60003C20012A2AD0012280F83C200A7C012AB8
:10AF700026D00268536823F0400353600268536888
:10AF80001A4C23405360026853680C682343536093
:10AF900003684A685A6203688A689A62026853685A
:10AFA00023F01F03536002685368898989B20B43F9
:10AFB0005360002180F83C10002010BD022010BD1D
:10AFC0000268536843F040035360D7E7006C704752
:10AFD000406C7047002101400022014000230140E5
:10AFE0000020014000C0012040420F00FFFD3FFF54
:10AFF00018B50022009290F83C10012907D00121D9
:10B0000080F83C1001688B68DB0702D014E0022056
:10B0100018BD8B6843F001038B60FE49FE4B096845
:10B02000B1FBF3F101EB4101009102E00099491EEF
:10B03000009100990029F9D101688B68DB073CD0A9
:10B04000036C42F20104A34343F480530364036C92
:10B05000DB0500D4426480F83C206FF004020A60F3
:10B06000EE494968C90613D00068816811F4401F91
:10B0700021D00021426842F38022521CE84B9842C2
:10B0800023D111B30AB3816841F4800181601CE0CF
:10B090000068816811F4401F0BD00021426842F320
:10B0A0008022521C89B182B1816841F480018160A3
:10B0B0000BE00121F2E70121DCE7016C41F0100116
:10B0C0000164416C41F001014164002018BD18B5D4
:10B0D0000022009290F83C10012907D0012180F84D
:10B0E0003C1001688B68DB0702D014E0022018BD19
:10B0F0008B6843F001038B60C649C74B0968B1FBFD
:10B10000F3F101EB4101009102E00099491E009129
:10B1100000990029F9D101688B68DB0741D0036CE5
:10B1200042F20104A34343F480530364036CDB0540
:10B1300000D4426480F83C206FF004020A60016889
:10B140004A6842F080024A60B4494968C90613D08F
:10B150000068816811F4401F21D00021426842F349
:10B160008022521CAE4B984223D111B30AB381689E
:10B1700041F4800181601CE00068816811F4401F87
:10B180000BD00021426842F38022521C89B182B167
:10B19000816841F4800181600BE00121F2E7012127
:10B1A000DCE7016C41F010010164416C41F00101E8
:10B1B0004164002018BD002190F83C20012A12D0E3
:10B1C000012280F83C20026CD20515D40268536835
:10B1D0005B0511D4936823F00103936002689268C1
:10B1E000D20702D00DE002207047026C22F4885290
:10B1F00042F00102026404E0016C41F020010164AC
:10B200000121002280F83C200846704770B50446B2
:10B210000D46FFF7D9F8064612E0681C10D025B19C
:10B22000FFF7D2F8801BA8420AD9206800684007BF
:10B2300006D404202064002084F83C00032070BD64
:10B24000206800684007E8D521686FF00C000860AE
:10B25000206C40F4005020642068816811F4401F85
:10B260001AD1816B11F4401F02D08168490513D4B3
:10B270004168490510D4806810F0405F0CD1207EF1
:10B2800050B9206C20F480502064206CC00503D499
:10B29000206C40F001002064002070BD002190F877
:10B2A0003C20012A12D0012280F83C20026CD205F9
:10B2B00019D4026853685B0515D4936823F0010321
:10B2C000936002689368DB0702D011E002207047A8
:10B2D000536823F080035360026C22F4885242F0DA
:10B2E0000102026404E0016C41F0200101640121CB
:10B2F000002280F83C200846704708B500220092E2
:10B300000368521F1A60012911D002290BD00329AA
:10B3100005D004290ED10068806C00900AE0006816
:10B32000406C009006E00068006C009002E000684D
:10B33000C06B0090009808BD806B40210164416C97
:10B3400041F004014164FFF78DBB806BFFF731BC16
:10B350000146886B026C12F0500F03D0806BC26CF8
:10B3600008461047016C41F40071016401688A6865
:10B3700012F0405F17D1027EAAB9CA6A12F4700FA8
:10B3800002D08A6852050ED44A6822F020024A6030
:10B39000016C21F480710164016CC90403D4016C57
:10B3A00041F001010164E9F715BCF8B50446134604
:10B3B00000250095002294F83C00012807D00120C8
:10B3C00084F83C0020688668F60702D014E002206A
:10B3D000F8BD866846F0010686600E480E4E00688D
:10B3E000B0FBF6F000EB4000009002E00098401E39
:10B3F000009000980028F9D120688668F60753D09D
:10B40000226C40F20166B24342F4807222644068CA
:10B41000400507E000C0012040420F00002301402A
:10B420000020014005D5206C20F4005040F48050ED
:10B430002064206CC00404D5606C20F006006064B9
:10B4400000E0656484F83C50A26BBA48D063A26BFC
:10B45000B9481064A26BB948D06422686FF002004A
:10B4600010602068426842F080624260B44894F8FC
:10B47000302022B1426842F40052426003E0426848
:10B4800022F4005242600A46AD49A06B0831FEF733
:10B4900077FB02462068816811F0405F0CD181681B
:10B4A00041F08041816007E0206C40F01000206492
:10B4B000606C40F0010060641046F8BD10B50446B1
:10B4C000002094F83C1001290DD0012184F83C1093
:10B4D00021688A6822F001028A609949226892688C
:10B4E000D20702D013E0022010BD486820F40050BB
:10B4F0004860A06BFEF77AFB21684A6822F0806200
:10B500004A60216C21F4885141F00101216400213D
:10B5100084F83C1010BD8A4880687047704770B549
:10B52000884C8A6990F83C20012A19D0012280F8C1
:10B530003C200A680725092A14D90368DE680A3AFC
:10B5400002EB42029540AE43DE600A788B680A3A0D
:10B5500002EB420293400268D5682B43D36011E0AE
:10B56000022070BD03681E6902EB42029540AE43A3
:10B570001E610A788B6802EB4202934002681569EB
:10B580002B4313610268936B23F4401393630268A7
:10B59000956B0B8A5B1E45EA035393630A790B7C18
:10B5A000D21AD21C02EB82021F2393400268956BD1
:10B5B0009D4395630A790B7CD21A0B88D21C02EB4F
:10B5C00082029BB293400268956B2B4393638A6916
:10B5D000A24214D00268936823F470239360026837
:10B5E00093688C69234393600268936823F4401343
:10B5F000936002689368CC692343936009E0026812
:10B60000936823F4702393600268936823F44013D3
:10B6100093604A7D2AB10268536843F480635360A3
:10B6200004E00268536823F4806353600A7D2AB102
:10B630000268536843F48053536004E0026853681F
:10B6400023F4805353604A68012A16D0022A1FD07F
:10B65000032A28D00268136A6FF30B03136202688F
:10B66000136ACC6823431362354A374B04689C4203
:10B6700028D10C68122C21D024E0026853696FF3A2
:10B680000B03536102685369CC6823435361EBE7B2
:10B69000026893696FF30B03936102689369CC6846
:10B6A00023439361E0E70268D3696FF30B03D3612F
:10B6B0000268D369CC682343D361D5E7546844F466
:10B6C0008004546004689C4208D10968102901D0A4
:10B6D000112903D1516841F400015160002180F823
:10B6E0003C10002070BD10B590F83C20012A1FD0FE
:10B6F000012200F83C2F124A536823F01F035360C5
:10B7000053680C6823435360536823F440435360E9
:10B7100053684C6823435360536823F47063536049
:10B72000536889680B43536000210170002010BDED
:10B73000022010BD51B302084BB3020839B302080E
:10B740000023014001000F0000200140704710B5A8
:10B750000446002C02D0607910B106E0012010BD33
:10B76000002020712046E5F7B3F801206071002029
:10B7700010BD704770B50446002C13D060790228C4
:10B7800012D0022060712068816841F0010181605F
:10B790002068002505712046E5F7A9F86571257137
:10B7A000002070BD012070BD022070BD30B50223A5
:10B7B0004371002304E0056851F823402C605B1CB2
:10B7C0009342F8D30168096801224271084630BDEE
:10B7D00030B50223437103689C6844F001049C6007
:10B7E000002304E0056851F823402C605B1C934261
:10B7F000F8D30168096801224271084630BD4079DA
:10B8000070470000704770B50446002C03D02079C3
:10B81000002510B105E0012070BD65712046E5F7F7
:10B8200091F802202071256101202071002070BD57
:10B83000704710B50446002C09D002202071204624
:10B84000E5F7CEF8002020612071607110BD012065
:10B8500010BD70B5002820D04279012A1FD00126E2
:10B86000344646710222027103681D6801F010021D
:10B87000944025431D60A1B101680B6803F4701466
:10B880003C2393409C4203D14A6842F002024A6042
:10B89000067100214171002070BD012070BD0220A1
:10B8A00070BD01680A68C2F383020F2AF0D14A68AA
:10B8B00042F001024A60EBE730B500280BD0026885
:10B8C000136801F01004012505FA04F18B4313609D
:10B8D0000571002030BD012030BD704710B5846B6C
:10B8E000206940F0040020612046FFF7F6FF0120A8
:10B8F000207110BD704710B5806BFFF7FBFF10BDC6
:10B90000704710B5846B2046FFF7FAFF01202071C5
:10B9100010BD2DE9F041044606980D461746002C4F
:10B920002DD0617901292CD0012666710221217167
:10B930004DB3E2688449D163E26884491164E268E6
:10B940008349D16421680A6842F080520A6088B352
:10B9500004283AD022681C326DB32068016841F097
:10B96000005101603946E068FEF70AF90021617173
:10B97000C0B3216941F004012161BDE8F0810120DB
:10B98000FBE70220F9E7AFF28501A268D163AFF2CD
:10B990009901A2681164AFF2BB01A268D164216869
:10B9A0000A6842F480520A6030B1042807D0226845
:10B9B0001032D1E706E00BE022680832CCE72268BB
:10B9C0000C32C9E722681432C6E722681832C3E78E
:10B9D0002068016841F4005101603946A068FEF713
:10B9E000CFF8C3E7FFE721680A6805F010039E401F
:10B9F00032430A60C1E770B50446002C1BD02268B0
:10BA0000136801F010004FF480558540AB4313607C
:10BA100022681368012505FA00F08343136061B1C1
:10BA2000E068FEF7E3F82068016821F0005101604A
:10BA30002571002070BD012070BDA068FEF7D6F80A
:10BA40002068016821F400510160F1E770472DE999
:10BA5000F041044620680568466BA9044FF00407CE
:10BA600010D5B1040ED52771216941F00101216182
:10BA7000F90241632068016821F480510160204689
:10BA8000FFF7E4FFA80014D5B00012D52771206994
:10BA900040F00200206121684FF0005048632068A8
:10BAA000016821F0805101602046BDE8F04100F0BE
:10BAB000E6B862E718B50024009400280AD00068B0
:10BAC000009049B100981044143000900098036031
:10BAD000002018BD012018BD0098104408300090C7
:10BAE000F4E70068002901D0006B7047C06A704716
:10BAF00070B5002820D0F9B14379012B1ED0012662
:10BB000046710223037103681D6802F0100240F6BB
:10BB1000FE749440A543D1E900410C4394402C436A
:10BB20001C6001680B68C0249440A3430B6006713D
:10BB300000214171084670BD012070BD022070BD1A
:10BB400000797047006970478DBC02089DBC0208EF
:10BB5000A7BC020810B50021002817D04279012A9D
:10BB600016D001244471022202710268136843F066
:10BB7000010313600268136843F4803313600268A2
:10BB80001368C3F383030F2B04D004E0012010BD1E
:10BB9000022010BD01211368C3F383430F2B01D191
:10BBA00041F0020153680B4353600471002141715D
:10BBB000002010BD00280DD001680A6822F00102A3
:10BBC0000A6001680A6822F480320A60012101716A
:10BBD000002070470120704770B5002818D04379C5
:10BBE000012B17D0012545710223037103681C68DE
:10BBF00001F010014FF47C668E4042F08002B443A5
:10BC00008A4014431C60057100214171002070BD01
:10BC1000012070BD022070BD70B5002818D0437996
:10BC2000012B17D0012545710223037103681C689D
:10BC300001F010014FF47C668E4042F04002B443A4
:10BC40008A4014431C60057100214171002070BDC1
:10BC5000012070BD022070BD002808D0082908D03E
:10BC600042EA034200680844026200207047012053
:10BC7000704742EA0322F5E7704770477047704704
:10BC80000068C16A006B41EA0040704710B5846BE0
:10BC90002046FFF7F1FF0120207110BD10B5806B29
:10BCA000FFF7EBFF10BD10B5846B206940F0040076
:10BCB00020612046FFF7E2FF0120207110BD000047
:10BCC000704770B50446002C04D094F83D00002560
:10BCD00010B106E0012070BD84F83C502046E4F726
:10BCE000E0FE242084F83D002068016821F0010175
:10BCF00001602068016841F400410160206801682A
:10BD000021F400410160FDF794F8FD4B6168994210
:10BD100003D8FC49884203D304E0FB49884201D29E
:10BD2000012070BDF949B0FBF1F12268566826F098
:10BD30003F060E43566062689A4201D8491C07E0EC
:10BD40004FF4967251434FF47A72B1FBF2F1491CF1
:10BD50002268166A26F03F063143116261689942F3
:10BD600010D84900401EB0FBF1F2521CC2F30B0286
:10BD7000042A01D2042022E0B0FBF1F0401CC0F301
:10BD80000B001CE0A268EAB301EBC10303EB011650
:10BD9000431EB3FBF6F35B1C43F480431B0549D001
:10BDA0008AB301EBC10202EB0111401EB0FBF1F0BE
:10BDB000401CC0F30B0040F4804040F40040216878
:10BDC000CA694CF6FF739A431043C861D4E907105F
:10BDD00001432068026822F0C00211430160D4E9E7
:10BDE000030101432068826848F2FF339A431143FC
:10BDF0008160D4E9051001432068C26822F0FF0287
:10BE0000114301E00FE017E0C1602068016841F0D4
:10BE1000010101602564202084F83D00256384F839
:10BE20003E50002070BD01EB4106431EB3FBF6F30C
:10BE30005B1CB3E70120C2E701EB4101401EB0FBF0
:10BE4000F1F0401CC0F30B00B7E7704710B5044693
:10BE5000002C12D0242084F83D002068016821F0D5
:10BE6000010101602046E4F74AFE002030342061E1
:10BE700060732060A073207310BD012010BD0068A6
:10BE80004169C943090601D4002101617047016875
:10BE90004A69D24352050FD46FF480624A6100218F
:10BEA00040F8301F202242738173026942F004027D
:10BEB00002610173012070470020704770B504468D
:10BEC0000D4616461FE02046FFF7E1FF08B10120AE
:10BED00070BD681C17D0FEF777FA801BA84200D807
:10BEE0008DB920684069C04340070CD5002044F854
:10BEF000300F20216173A073216941F0200121617D
:10BF00002073012070BD20684069C0434007DAD427
:10BF1000002070BD70B504460D4616461FE0204651
:10BF2000FFF7B5FF08B1012070BD681C17D0FEF700
:10BF30004BFA801BA84200D88DB920684069C043E5
:10BF400000060CD5002044F8300F20216173A07347
:10BF5000216941F0200121612073012070BD20681A
:10BF60004069C0430006DAD4002070BD2DE9F047D7
:10BF700004460D46164698464FF000094FF0200A39
:10BF8000C5F3074743E020684069C043400517D424
:10BF90002068016841F40071016021686FF48060DD
:10BFA0004861C4F8309084F83DA084F83E90206C3D
:10BFB00040F00400206484F83C900120BDE8F08744
:10BFC000701C24D0FEF700FAA0EB0800B04200D8A5
:10BFD000EEB9012F14D02068806925EA0000000422
:10BFE000000C14D0C4F8309084F83DA084F83E9042
:10BFF000206C40F02000206484F83C900120DDE7B4
:10C000002068406925EA00000004000CEAD1012FF5
:10C0100008D02068806925EA00000004000CB2D135
:10C020000020CBE72068406925EA00000004000CEE
:10C03000F6D0A8E72DE9F0470446DDF820900D463C
:10C0400090461E46C5F307472EE0701C2CD0FEF725
:10C05000BBF9A0EB0900B04200D82EBB012F16D0CF
:10C060002068806925EA00000004000C1AD0002036
:10C07000404519D1002044F8300F20216173A0738E
:10C08000216941F0200121612073012096E7206899
:10C09000406925EA00000004000C01D00020E7E719
:10C0A0000120E5E70120E3E7012F0BD0206880693C
:10C0B00025EA00000004000C0FD000204045C4D049
:10C0C00000207BE72068406925EA00000004000C9E
:10C0D00001D00020F2E70120F0E70120EEE7F8B5FB
:10C0E00004460D4617461E46E06A082810D001286F
:10C0F0000ED010F5803F0BD0206B12280ED012E02E
:10C10000A086010080841E0000093D0040420F000F
:10C110002068016841F48071016004E020680168D2
:10C1200041F4807101603B4600224FF0011120462E
:10C130000096FFF77FFF40B120680068C00502D578
:10C140004FF4007020640320F8BD2069B0F5804FE3
:10C150000FD005F44070F02141EAD0102168086149
:10C1600033463A46F7492046FFF700FF30B1012039
:10C17000F8BD216805F0FE00086102E02168E8B220
:10C180000861F04933463A46891F2046FFF7EEFE24
:10C1900008B10120F8BD0020F8BD2DE9F84F044694
:10C1A0008A4615469946DDF82880FEF70DF90646C1
:10C1B00094F83D00202802D00220BDE8F88F192312
:10C1C0000122E14920460096FFF734FF08B1022022
:10C1D000F3E794F83C00012807D0012084F83C00E4
:10C1E00020680168C90702D005E00220E5E7016880
:10C1F00041F0010101602068016821F400610160E3
:10C20000212084F83D00102084F83E000027276498
:10C210006562A4F82A90608D2085CC48E0623346A0
:10C22000424651462046FFF75AFF08B10120C4E7B5
:10C2300020684169806900903EE0324641462046D0
:10C24000FFF768FE48B1206C042804D1206801681B
:10C2500041F4007101600120AFE7606A2168007855
:10C260000861656A6D1C6562608D401E6085208D69
:10C27000401E80B2208522685169C94349070BD40A
:10C2800050B128781061606A401C6062608D401E69
:10C290006085208D401E2085324641462046FFF7AE
:10C2A0000DFE48B1206C042804D12068016841F4D7
:10C2B00000710160012080E7208D0028BDD11F346E
:10C2C00054F81F0C016841F4007101602020A07730
:10C2D000E7776777002070E72DE9F04104460D46C7
:10C2E000164600274FF020082AE04069C043C006E8
:10C2F0000FD421686FF010004861276384F83D80F7
:10C3000084F83E70206C206484F83C700120BDE805
:10C31000F081FEF759F8801BA84200D885B9206843
:10C320004069C04340060BD544F8307F84F80D8047
:10C33000A773206940F02000206127730120E6E701
:10C3400020684169C9434906CFD40020DFE72DE9C1
:10C35000F84F04468B4692461D46E06A21680A68FB
:10C3600042F480620A60082808D0012806D010F53F
:10C37000803F03D0206B112806D00AE020680168B6
:10C3800041F48071016004E02068016841F480712B
:10C3900001604FF0011853460022414620460095A7
:10C3A000FFF748FE4FF4007730B120680068C00501
:10C3B00000D52764032000E7DFF888912069A9F100
:10C3C0000609B0F5804F0FD021680BF44076F020BD
:10C3D00040EAD61008612B4652465A492046FFF7DC
:10C3E000C5FD40B10120E8E621680BF0FF0040F0F8
:10C3F0000100086128E021680BF0FF0008612B466E
:10C40000524649462046FFF7B1FD08B10120D4E667
:10C410002068416981690091016841F4807101607F
:10C4200053460022414620460095FFF703FE30B1F7
:10C4300020680068C00500D527640320BDE6216898
:10C44000F12040EAD61008612B4652464946204664
:10C45000FFF78CFD08B10120AFE60020ADE62DE925
:10C46000F84F04468A4617469946DDF82880FDF7BE
:10C47000ABFF054694F83D00202801D002209CE641
:10C4800019230122304920460095FFF7D3FD08B15A
:10C49000022092E694F83C00012807D0012084F89D
:10C4A0003C0020680168C90702D005E0022084E64C
:10C4B000016841F0010101602068016821F4006118
:10C4C0000160222084F83D00102084F83E00002600
:10C4D00026646762A4F82A90608D20851B48E0627C
:10C4E0002B46424651462046FFF731FF08B1012056
:10C4F00063E6208D78B1012816D0022828D0206864
:10C50000016841F4806101602068416980690090A0
:10C510000C4F3F1FE7E02068416981690091016885
:10C5200041F400710160F3E72068016821F4806143
:10C5300001602068416981690091016841F40071DE
:10C540000160E5E708000100020010000000FFFFA5
:10C550002068016821F4806101602068016841F46D
:10C56000006101602068416980690090D0E703287C
:10C570007ED801280BD002281FD04346002239461E
:10C5800020460095FFF756FDF0B3012015E62A4638
:10C5900041462046FFF7A0FE08B101200DE62068C5
:10C5A0000069616A0870606A401C6062208D401EEC
:10C5B0002085608D401E608595E043460022394607
:10C5C00020460095FFF736FD08B10120F5E520680B
:10C5D000016841F40071016020680069616A0870B7
:10C5E000606A401C6062218D491E2185618D491E53
:10C5F0006185216809690170606A401C6062208D54
:10C60000401E2085608D00E002E0401E60856AE0EB
:10C610002068016821F48061016020680069616A16
:10C620000870606A401C6062208D401E2085608D0D
:10C63000401E608543460022394620460095FFF79C
:10C64000F9FC08B10120B8E52068016841F40071E7
:10C65000016020680069616A0870606A401C60625D
:10C66000218D491E2185618D491E6185216800E06B
:10C670000BE009690170606A401C6062208D401EF9
:10C680002085608D401E60852DE02A46414620466B
:10C69000FFF722FE08B101208FE520680069616A7A
:10C6A0000870606A401C6062208D401E81B2218546
:10C6B000608D401E608520684269D243520712D4C3
:10C6C000032903D1016821F48061016020680069B9
:10C6D000616A0870606A401C6062208D401E20857F
:10C6E000608D401E6085208D00287FF440AF2020A3
:10C6F0003C346070A670267000205EE52DE9F84F8E
:10C7000004460D4616469A46FDF75EFE074694F827
:10C710003D00202801D002204FE565B15EB194F8BC
:10C720003C00012809D0012084F83C002068016801
:10C73000C90704D007E001203FE502203DE501687C
:10C7400041F0010101602068016821F4006101608D
:10C75000212084F83D004FF0200884F83E804FF0FF
:10C760000009C4F8409065626685608D2085FD48AB
:10C77000E0622068016841F480610160FA4D53462F
:10C780000022294620460097FFF754FC08B10120FB
:10C7900013E520684169806900902069B0F5404F39
:10C7A0003AD153460022294620460097FFF742FC23
:10C7B00008B1012001E520684169806900902BE003
:10C7C0003A4651462046FFF7A5FB30B12068016884
:10C7D00021F4806101600120EFE4606A2168007843
:10C7E0000861606A401C6062618D491E6185218D0F
:10C7F000491E8DB2258526687169C94349070BD446
:10C8000055B100783061606A401C6062608D401EE6
:10C810006085208D401E2085208D0028D0D1534674
:10C8200000224FF4823120460097FFF703FC08B145
:10C830000120C2E421686FF48060486120680168CB
:10C8400021F48061016084F83D8084F83E9084F892
:10C850003C900020B1E470B504460D4616461DE03C
:10C860002046FFF714FB08B1012070BDFDF7ACFDB9
:10C87000801BA84200D88DB920684069C043C0061B
:10C880000CD5002044F8300F20216173A07321697A
:10C8900041F0200121612073012070BD20684069B2
:10C8A000C043C006DCD4002070BD2DE9F84F04461B
:10C8B0000D4616469A46FDF787FD074694F83D005B
:10C8C000202801D0022078E465B15EB194F83C00E4
:10C8D000012809D0012084F83C0020680168C907BC
:10C8E00004D007E0012068E4022066E4016841F01A
:10C8F000010101602068016821F4006101602220CB
:10C9000084F83D004FF0200884F83E804FF0000985
:10C91000C4F8409065626685608D20859148E0622C
:10C920002068016841F480610160534600228E490D
:10C9300020460097FFF77EFB08B101203DE4206808
:10C940004169806900902BE03A4651462046FFF746
:10C95000C3FC30B12068016821F4806101600120CE
:10C960002BE420680069616A0870606A401C60629C
:10C97000218D491E8DB22585618D491E61852668F0
:10C980007169C94349070BD455B131690170606AB7
:10C99000401C6062208D401E2085608D401E608599
:10C9A000208D0028D0D13A4651462046FFF753FF4C
:10C9B00030B12068016821F480610160012007E442
:10C9C000206841690091016841F00101016020681F
:10C9D000016821F48061016084F83D8084F83E9014
:10C9E00084F83C90002022E478B50025009590F86A
:10C9F0003D40202C01D0022078BD5C4C46F2A816A8
:10CA00002468B4FBF6F404EBC40606EB04140094AB
:10CA1000009C641E0094009C84B10468A469E443F3
:10CA2000A407F5D590F83C40012C12D0012480F8E1
:10CA30003C4004682668F6070DD010E040F8305FEF
:10CA4000202141738573016941F0200101610220B9
:10CA500078BD022078BD266846F00106266004688D
:10CA6000266826F400662660212480F83D401024C4
:10CA700080F83E40056442624385428D0285394A12
:10CA8000C262416480F83C5001684A6842F4E06246
:10CA90004A600068016841F480710160002078BD3F
:10CAA00078B50025009590F83D40202C01D002205B
:10CAB00078BD2E4C46F2A8162468B4FBF6F404EBBD
:10CAC000C40606EB04140094009C641E0094009CB1
:10CAD00084B10468A469E443A407F5D590F83C4008
:10CAE000012C12D0012480F83C4004682668F60727
:10CAF0000DD010E040F8305F20214173857301694B
:10CB000041F020010161022078BD022078BD266835
:10CB100046F0010626600468266826F40066266052
:10CB2000222480F83D40102480F83E400564426293
:10CB30004385428D02850B4AC262416480F83C50B5
:10CB400001684A6842F4E0624A6001680A6842F497
:10CB500080620A600068016841F480710160002011
:10CB600078BD00000000FFFF0200010000C00120AE
:10CB700010B590F83D30202B01D0022010BD61B1DE
:10CB80005AB190F83C30012B09D0012380F83C3099
:10CB900003681C68E40704D007E0012010BD0220F0
:10CBA00010BD1C6844F001041C6003681C6824F478
:10CBB00000641C60212380F83D30202380F83E3043
:10CBC0000023036441624285418D0185FE49C162B3
:10CBD00001680A6842F480620A6080F83C300068AC
:10CBE000416841F4E0614160002010BD10B590F84B
:10CBF0003D30202B01D0022010BD61B15AB190F818
:10CC00003C30012B09D0012380F83C3003681C68BC
:10CC1000E40704D007E0012010BD022010BD1C680D
:10CC200044F001041C6003681C6824F400641C6068
:10CC3000222380F83D30202380F83E300023036417
:10CC400041624285418D0185DF49C16201680A6800
:10CC500042F480620A6080F83C300068416841F428
:10CC6000E0614160002010BD704770B501468C6BDB
:10CC70000025606B002800D0C563A06B00B1C563C0
:10CC80000846FDF7E4F9022811D02068016821F474
:10CC9000806101606585202084F83D0084F83E5065
:10CCA000206C40F0100020642046FFF7DDFF70BDCF
:10CCB00070477047704770472DE9F041846B94F8D6
:10CCC0003D1094F83E50E06A2268536823F44073A4
:10CCD0005360626B0023002A00D0D363A26B02B1C1
:10CCE000D363212737EA01064FF022020CD032EA43
:10CCF000010601D1202D07D094F83E10002921D043
:10CD0000618D012920D024E02068456825F4006564
:10CD1000456063852820292902D02A2907D00CE004
:10CD2000276384F83D002046FFF7C5FF05E0226336
:10CD300084F83D002046FFF7BDFF2068416841F4BC
:10CD400040714160BDE8F08121680A6822F4806288
:10CD50000A6021684A6822F440724A6010F5803FF8
:10CD600006D0082804D0B0F12A4F01D0202804D1E1
:10CD700021680A6842F400720A6021684A6822F455
:10CD800080524A6021684A6822F400624A606385E2
:10CD9000216C19B12046FFF767FFD3E7202184F803
:10CDA0003D1094F83E1040290BD084F83E300828FE
:10CDB0000ED020280CD0122020632046FFF778FFE9
:10CDC000C0E784F83E3023632046FFF772FFB9E7DF
:10CDD0002363F2E7F8B504460025009594F83D007A
:10CDE000202801D00220F8BD784846F2A816006835
:10CDF000B0FBF6F000EBC00606EB0010009020261A
:10CE00000098401E0090009880B120688069C0435F
:10CE10008007F5D594F83C00012811D0012084F852
:10CE20003C0020680768FF070CD00FE044F8305F33
:10CE30006673A573206940F0200020610220F8BDD0
:10CE40000220F8BD076847F00107076020680768FF
:10CE500027F400670760212084F83D00102084F843
:10CE60003E00256462626385608D20855648E062DD
:10CE70006164208DF0B3606BF0B15549C163616BA3
:10CE80005448C864606B0564606B4564606B85647E
:10CE9000606B05652268238D1032616A606BFCF758
:10CEA0006FFE98B13C346670A570606840F0100069
:10CEB000606025700120F8BD3C346670A570606824
:10CEC00040F08000606025700120F8BD84F83C507F
:10CED0002068416841F4407141602068416841F434
:10CEE000006141602068016841F480610160206850
:10CEF000016800E003E041F48071016010E0206807
:10CF0000016841F4806101602068016841F480712A
:10CF1000016084F83C502068416841F4E061416060
:10CF20000020F8BDF8B504460025009594F83D00B2
:10CF3000202801D00220F8BD244846F2A816006837
:10CF4000B0FBF6F000EBC00606EB001000902026C8
:10CF50000098401E0090009880B120688069C0430E
:10CF60008007F5D594F83C00012811D0012084F801
:10CF70003C0020680768FF070CD00FE044F8305FE2
:10CF80006673A573206940F0200020610220F8BD7F
:10CF90000220F8BD076847F00107076020680768AE
:10CFA00027F400670760222084F83D00102084F8F1
:10CFB0003E00256462626385608D20850248E062E0
:10CFC0006164208D98B307E00000FFFF00C00120DE
:10CFD000B9CC02086BCC0208A06BF0B1F949C1636F
:10CFE000A16BF948C864A06B0564A06B4564A06B95
:10CFF0008564A06B05652168238D1031626AA06B82
:10D00000FCF7BEFDA0B13C346670A570606840F0CE
:10D010001000606025700120F8BD3C346670A5707A
:10D02000606840F08000606025700120F8BD16E067
:10D030002068016841F4806101602068016841F462
:10D040008071016084F83C502068416841F440716F
:10D0500041602068416841F40061416010E084F85B
:10D060003C502068416841F4E061416020680168FB
:10D0700041F4806101602068016841F480710160C1
:10D080000020D3E770B5044694F83D00202801D075
:10D09000022070BD61B15AB194F83C00012809D05A
:10D0A000012084F83C0020680368DB0704D007E017
:10D0B000012070BD022070BD036843F001030360CE
:10D0C0002068036823F400630360212084F83D0096
:10D0D000202684F83E600025256461626285608DAB
:10D0E0002085BA48E062606BF0B1B649C163616BFC
:10D0F000B548C864606B0564606B4564606B8564AB
:10D10000606B05652268238D1032616A606BFCF7E5
:10D1100037FDA0B13C346670A570606840F0100027
:10D1200060602570012070BD28203C346070A570BF
:10D13000606840F0800060602570012070BD20684C
:10D14000016841F48061016084F83C5020684168C6
:10D1500041F4407141602068416841F400614160E0
:10D16000002070BD70B5044694F83D00202801D021
:10D17000022070BD61B15AB194F83C00012809D079
:10D18000012084F83C0020680368DB0704D007E036
:10D19000012070BD022070BD036843F001030360ED
:10D1A0002068036823F400630360222084F83D00B4
:10D1B000202684F83E600025256461626285608DCA
:10D1C00020858248E062A06BF0B17E49C163A16B0B
:10D1D0007D48C864A06B0564A06B4564A06B856442
:10D1E000A06B05652168238D1031626AA06BFCF786
:10D1F000C7FCA0B13C346670A570606840F01000B8
:10D2000060602570012070BD28203C346070A570DE
:10D21000606840F0800060602570012070BD20686B
:10D22000016841F48061016084F83C5020684168E5
:10D2300041F4407141602068416841F400614160FF
:10D24000002070BD2DE9F8430446DDE908970D463E
:10D25000164698462068016841F4807101604B468B
:10D2600000224FF0011120460097FEF7E3FE48B17F
:10D2700020680068C00502D54FF4007020640320C8
:10D28000BDE8F883216805F0FE0008613B464A4688
:10D290004F492046FEF76AFE08B10120F0E72068FA
:10D2A0004169806900903A4649462046FEF732FEC1
:10D2B00048B1206C042804D12068016841F4007151
:10D2C00001600120DCE7F5B2B8F1010F0CD0216854
:10D2D000300A08613A4649462046FEF71BFE68B10F
:10D2E000206C042803D007E02068056108E020686E
:10D2F000016841F4007101600120C1E72068056107
:10D300000020BDE72DE9FF4F83B00446DDE9119809
:10D310008A469346109DFDF757F8064694F83D005F
:10D32000202803D0022007B0BDE8F08F1923012286
:10D33000284920460096FEF77DFE08B10220F2E75C
:10D3400094F83C00012807D0012084F83C002068B4
:10D350000168C90702D005E00220E4E7016841F056
:10D36000010101602068016821F400610160212051
:10D3700084F83D00402084F83E0000272764656261
:10D38000A4F82A90608D20851048E062CDE90086DF
:10D390005A4651462046069BFFF754FFD8B301205A
:10D3A000C1E7324641462046FEF7B4FDA0B1206CED
:10D3B000042804D12068016841F400710160012053
:10D3C000B1E70000B9CC02086BCC02080000FFFFF7
:10D3D0000200010002001000606A21680078086104
:10D3E000656A6D1C6562208D401E80B22085618D4E
:10D3F000491E618523685969C94349070BD450B157
:10D4000028781861606A401C6062208D401E20856B
:10D41000608D401E6085208D0028C2D13246414675
:10D420002046FEF74BFD48B1206C042804D120684B
:10D43000016841F400710160012074E71F3454F861
:10D440001F0C016841F4007101602020A077E7778C
:10D450006777002067E72DE9F84F04460B9E0F46DB
:10D4600090461D462068016841F480610160206893
:10D47000016841F48071016000964FF0011A0022AA
:10D48000514620460A9BFEF7D5FD4FF4007940B186
:10D4900020680068C00501D5C4F840900320BDE8AD
:10D4A000F88F216807F0FE000861DFF804B5334605
:10D4B000594620460A9AFEF759FD08B10120EEE7C9
:10D4C0002068416980690090324620460A99FEF73B
:10D4D00021FD48B1206C042804D12068016841F482
:10D4E000007101600120DAE7284608F0FF050128F5
:10D4F0000DD021684FEA18200861324620460A996B
:10D50000FEF708FD68B1206C042803D007E020680E
:10D51000056108E02068016841F4007101600120A4
:10D52000BDE720680561324620460A99FEF7F2FC05
:10D5300048B1206C042804D12068016841F40071CE
:10D5400001600120ABE72068016841F4807101604F
:10D5500000960022514620460A9BFEF76BFD38B12B
:10D5600020680068C00501D5C4F84090032096E704
:10D570002168F8B240F00100086133465946204660
:10D580000A9AFEF7F3FC08B1012088E7002086E73D
:10D590002DE9FF4F83B00446DDE911988A46934692
:10D5A000109FFCF711FF054694F83D00202801D09C
:10D5B0000220B8E619230122FE4920460095FEF715
:10D5C00039FD08B10220AEE694F83C00012807D0EE
:10D5D000012084F83C0020680168C90702D005E0FA
:10D5E0000220A0E6016841F00101016020680168A5
:10D5F00021F400610160222084F83D00402084F87D
:10D600003E00002626646762A4F82A90608D20857B
:10D61000E948E062CDE900855A4651462046069B1E
:10D62000FFF719FF08B101207DE6208D50B10128D8
:10D6300011D002281DD02068416980690290DC4F1A
:10D64000BF1CE1E02068416981690291016841F4F1
:10D6500000710160F3E72068016821F480610160D6
:10D660002068416981690291016841F4007101609B
:10D67000E5E72068016821F48061016020680168A5
:10D6800041F4006101602068416980690290D6E739
:10D6900003287DD801280BD002281FD04346002242
:10D6A000394620460095FEF7C5FCE8B301203AE66E
:10D6B0002A4641462046FEF70FFE08B1012032E619
:10D6C00020680069616A0870606A401C6062208D91
:10D6D000401E2085608D401E608595E043460022F7
:10D6E000394620460095FEF7A5FC08B101201AE650
:10D6F0002068016841F40071016020680069616A76
:10D700000870606A401C6062218D491E2185618D10
:10D71000491E6185216809690170606A401C606268
:10D72000208D401E208500E003E0608D401E608556
:10D730006AE02068016821F4806101602068006966
:10D74000616A0870606A401C6062208D401E2085FE
:10D75000608D401E60854346002239462046009574
:10D76000FEF768FC08B10120DDE52068016841F49E
:10D770000071016020680069616A0870606A401C7D
:10D780006062218D491E2185618D491E618500E001
:10D790000CE0216809690170606A401C6062208D9C
:10D7A000401E2085608D401E60852DE02A46414642
:10D7B0002046FEF791FD08B10120B4E5206800691C
:10D7C000616A0870606A401C6062208D401E81B2F0
:10D7D0002185608D401E608520684269D2435207D2
:10D7E00012D4032903D1016821F48061016020680B
:10D7F0000069616A0870606A401C6062208D401E8A
:10D800002085608D401E6085208D00287FF440AF0C
:10D8100020203C346070A6702670002083E5F8B5A7
:10D82000DDE906670025009590F83D40202C01D0E9
:10D83000022026E4614C46F2A81C2468B4FBFCF4E8
:10D8400004EBC40C0CEB04140094009C641E0094C4
:10D85000009C94B10468A469E443A407F5D590F84A
:10D860003C40012C14D0012480F83C400468D4F8DA
:10D8700000C05FEACC7C0DD012E040F8305F202180
:10D8800041738573016941F0200101610220D0E7F5
:10D890000220CEE7D4F800C04CF0010CC4F800C060
:10D8A0000468D4F800C02CF4006CC4F800C0212433
:10D8B00080F83D40402480F83E400564466247853C
:10D8C000448D04853C4CC46241648264C364056534
:10D8D00001680A6842F480720A6080F83C5000686F
:10D8E000416841F4E06141600020A2E7F8B5DDE95C
:10D8F00006670025009590F83D40202C01D00220BD
:10D9000097E72E4C46F2A81C2468B4FBFCF404EB09
:10D91000C40C0CEB04140094009C641E0094009C46
:10D9200094B10468A469E443A407F5D590F83C4099
:10D93000012C14D0012480F83C400468D4F800C0C5
:10D940005FEACC7C0DD012E040F8305F20214173BB
:10D950008573016941F020010161022069E702201D
:10D9600067E7D4F800C04CF0010CC4F800C00468AC
:10D97000D4F800C02CF4006CC4F800C0222480F855
:10D980003D40402480F83E40056446624785448D12
:10D990000485094CC46241648264C36405650168FE
:10D9A0000A6842F480620A6001680A6808E00000C0
:10D9B00002000100020010000000FFFF00C0012073
:10D9C00042F480720A6080F83C50018D21B10068F9
:10D9D000416841F4E061416000202AE72DE9FE4FF3
:10D9E0000446DDF830B0884691469A4600250295F7
:10D9F000FCF7EAFC074694F83D00202802D00220FC
:10DA0000BDE8FE8FFD48016846F2A810B1FBF0F0BA
:10DA100000EBC00101EB0010029020260298401E8E
:10DA20000290029880B120688069C0438007F5D5D4
:10DA300094F83C00012811D0012084F83C002068B3
:10DA40000168C9070CD00FE044F8305F6673A57316
:10DA5000206940F0200020610220D1E70220CFE7BA
:10DA6000016841F0010101602068016821F4006152
:10DA70000160212084F83D00402084F83E002564A8
:10DA8000C4F824B00D986085608D2085DC48E06284
:10DA9000C4F84480C4F84890C4F84CA02565208D93
:10DAA000002858D0606BF0B1D649C163616BD6488D
:10DAB000C864606B0564606B4564606B8564606B13
:10DAC00005652268238D1032616A606BFCF758F897
:10DAD00098B13C346670A570606840F010006060DA
:10DAE000257001208CE73C346670A570606840F0BA
:10DAF000800060602570012082E72320CDE90007C7
:10DB000053464A4641462046FFF79CFB90B1606B66
:10DB1000FCF7B2F8606BC5632068016821F480618E
:10DB20000160258565852068016821F0010101609B
:10DB3000012065E7206841698169019184F83C50C2
:10DB4000416841F4807141602068416841F400619E
:10DB50004160002054E73C346670A570606840F076
:10DB600040006060257001204AE72DE9FE4F044621
:10DB7000894692469B46DDF83080FCF725FC054639
:10DB80000026029694F83D00202801D0022037E7B5
:10DB90009A4846F2A8110068B0FBF1F000EBC00112
:10DBA00001EB0010029020270298401E029002987C
:10DBB00080B120688069C0438007F5D594F83C00A7
:10DBC000012811D0012084F83C0020680168C907B1
:10DBD0000CD00FE044F8306F6773A673206940F0F3
:10DBE0002000206102200BE7022009E7016841F0D4
:10DBF000010101602068016821F4006101602220B8
:10DC000084F83D00402084F83E002664C4F8248057
:10DC10000D986085608D20857948E062C4F8449055
:10DC2000C4F848A0C4F84CB02665208D4FF02308F6
:10DC3000002864D0A06BF0B17249C163A16B724837
:10DC4000C864A06B0664A06B4664A06B8664A06B7E
:10DC500006652168238D1031626AA06BFBF790FF87
:10DC600098B13C346770A670606840F01000606046
:10DC700026700120C4E63C346770A670606840F0EE
:10DC80008000606026700120BAE6CDE900855B4621
:10DC9000524649462046FFF7DEFB90B1A06BFBF7EA
:10DCA000EBFFA06BC6632068016821F4806101600E
:10DCB000268566852068016821F001010160012048
:10DCC0009EE6208D012814D02068416841F48051DF
:10DCD0004160206841698169019184F83C60416834
:10DCE00041F4807141602068416841F40061416005
:10DCF0001CE02068016821F480610160E9E7CDE95A
:10DD000000855B46524649462046FFF7A4FB08B112
:10DD1000012075E62068416981690191016841F43B
:10DD20000071016084F83D7084F83C60002067E673
:10DD30002DE9FF4F81B004468B461F46FCF744FB9C
:10DD40000546002694F83D00202803D0022005B0A7
:10DD5000BDE8F08F192301222C4920460095FEF7DB
:10DD600069F908B10220F2E794F83C00012807D0D5
:10DD7000012084F83C0020680168C90702D005E052
:10DD80000220E4E7016841F00101016020680168B8
:10DD900021F400610160242084F83D004FF0000A66
:10DDA000C4F840A01648E0624FF0200920680168DE
:10DDB00041F4807101603B4600224FF00111204682
:10DDC0000095FEF737F940B120680068C00502D51C
:10DDD0004FF4007020640320B9E721680BF0FE00C7
:10DDE0000861FCF7F1FA054620684169C1F340017A
:10DDF0004069C0F380204FF0A00818E000C0012067
:10DE00000000FFFFB9CC02086BCC02080200100032
:10DE1000FCF7DAFA401BB84200D80FB984F83D800D
:10DE200020684169C1F340014069C0F3802094F843
:10DE30003D20A02A02D009B90028E9D084F83D90FD
:10DE400020684169C943890718D42168096841F4E9
:10DE500000710160206841698069009019230122E6
:10DE6000FE4920460095FEF7E5F808B101206EE76F
:10DE700084F83D9084F83CA0002068E7016841F4F4
:10DE80000071016021686FF48060486119230122EC
:10DE9000F24920460095FEF7CDF808B1012056E77B
:10DEA000761C0398864281D384F83D9084F83CA088
:10DEB00001204CE7FCB5079D00270197009790F8DB
:10DEC0003D40202C01D00220FCBD04682668B60528
:10DED00003D4082D01D0012D13D1E14E46F2A81C28
:10DEE0003668B6FBFCF606EBC60C0CEB0616009685
:10DEF000009E761E0096009E76B1A669F643B60790
:10DF0000F6D590F83C60012E11D0012680F83C60D7
:10DF10002668F6070DD010E040F8307F20214173CD
:10DF20008773016941F0200101610220FCBD0220DC
:10DF3000FCBD266846F0010626600468266826F4C3
:10DF400000662660212480F83D40102480F83E4081
:10DF5000076442624385428D0285C5624164016B5C
:10DF600001910199112905D1B5F52A0F02D0B5F11A
:10DF70002A4F04D101680A6842F480720A6080F86E
:10DF80003C700068416841F4E06141600020FCBDE4
:10DF90002DE9FC4704460A9D00270197009794F855
:10DFA0003D00202802D00220BDE8FC8720680668DA
:10DFB0004FF02008B60503D4082D01D0012D13D150
:10DFC000A74E46F2A81C3668B6FBFCF606EBC60C5C
:10DFD0000CEB06160096009E761E0096009E76B10B
:10DFE0008669F643B607F6D594F83C60012E11D049
:10DFF000012684F83C600668F6070DD010E0276320
:10E0000084F83D8084F83E70206C40F0200020644D
:10E010000220C9E70220C7E7066846F0010606604D
:10E020002068066826F400660660212084F83D001A
:10E03000102084F83E00276462626385608D20852D
:10E04000E5626164206B0190208D4FF42A064FF049
:10E050002A49E8B3606BD8B18249C163616B8248D9
:10E06000C864606B0764606B07652268238D10329B
:10E07000616A606BFBF784FDA8B13C3484F80180D1
:10E08000A770606840F010006060277001208BE787
:10E090003C3484F80180A770606840F080006060C4
:10E0A0002770012080E72068016841F480610160E9
:10E0B0000198112803D1B54201D04D4504D1206803
:10E0C000016841F48071016084F83C70042D00E027
:10E0D0000FE003D0202D01D0102D04D1206841681D
:10E0E00041F4006141602068416841F44071416041
:10E0F00017E02068016841F48061016001981128EF
:10E1000003D1B54201D04D4504D12068016841F4E6
:10E110008071016084F83C702068416841F4E061DE
:10E120004160002040E72DE9FC41089C4FF0000CC5
:10E13000CDF804C0CDF800C04FF4E06690F83D5033
:10E14000202D02D00220BDE8FC8105682F68BF05A4
:10E1500003D4082C01D0012C13D1414F46F2A8184A
:10E160003F68B7FBF8F707EBC70808EB07170097FE
:10E17000009F7F1E0097009F77B1AF69FF43BF07E5
:10E18000F6D590F83C70012F13D0012780F83C7031
:10E190002F68FF070FD012E0C0F830C0202180F8B0
:10E1A0003D1080F83EC0016C41F020010164022066
:10E1B000C9E70220C7E72F6847F001072F6005680D
:10E1C0002F6827F400672F60222580F83D50102526
:10E1D00080F83E50C0F840C042624385428D0285BF
:10E1E000C4624164016B0191418D022903D1202C4D
:10E1F0000AD0102C08D001680A6842F480620A60D4
:10E20000019912291CD115E00199122905D0016844
:10E210000A6842F480620A60F2E701680A6822F440
:10E2200080620A6001680A6842F400620A6026F4AB
:10E230008066E5E7B4F52A0F02D0B4F12A4F04D185
:10E2400001680A6842F480720A6080F83CC0006885
:10E25000416831434160002075E700000200100072
:10E2600000C00120B9CC02086BCC02082DE9FC47A4
:10E2700004460A9D0027019700974FF4E06C94F83C
:10E280003D00202801D002208EE6206806684FF06D
:10E290002008B60503D4082D01D0012D13D1FE4E60
:10E2A00046F2A8193668B6FBF9F606EBC60909EB83
:10E2B00006160096009E761E0096009E76B1866930
:10E2C000F643B607F6D594F83C60012E11D001262E
:10E2D00084F83C600668F6070DD010E0276384F8E8
:10E2E0003D8084F83E70206C40F0200020640220C5
:10E2F0005AE6022058E6066846F0010606602068E5
:10E30000066826F4006606602068466826F4805693
:10E310004660222084F83D00102084F83E002764E7
:10E3200062626385608D2085E5626164206B019087
:10E33000208D4FF42A094FF02A4600287DD0608DA9
:10E34000022803D1202D0DD0102D0BD0206801689C
:10E3500041F480610160202D1DD0B5421BD0102DED
:10E3600019D01DE00198122805D02068016841F4F9
:10E370008061016014E02068016821F4806101601F
:10E380002068016841F4006101602068416841F43F
:10E390008051416004E02068416841F4805141604F
:10E3A000A06BD8B1BD49C163A16BBD48C864A06B67
:10E3B0000764A06B07652168238D1031626AA06B2A
:10E3C000FBF7DEFBA8B13C3484F80180A7706068DD
:10E3D00040F01000606027700120E5E53C3484F8CF
:10E3E0000180A770606840F08000606027700120A5
:10E3F000DAE50198122803D14D4501D0B54207D185
:10E400002068016841F4807101604FF4407001E0C0
:10E410004FF4807084F83C70042D03D0202D01D07F
:10E42000102D04D121684A6842F400624A602168D4
:10E430004A6802434A6018E0FFE72068016841F437
:10E44000806101600198122803D14D4501D0B54289
:10E4500004D12068016841F48071016084F83C7047
:10E460002068416841EA0C01416000209CE538B514
:10E4700090F83D502824AC4301D0022038BD61B152
:10E480005AB190F83C40012C09D0012480F83C405E
:10E4900004682568ED0704D007E0012038BD02209C
:10E4A00038BD256845F0010525600468256825F418
:10E4B00000652560292480F83D40202480F83E40F6
:10E4C0000024046441624285418D0185C362016874
:10E4D0004A698A69009280F83C40486840F4E060EC
:10E4E0004860002038BD704738B50022806B90F836
:10E4F0003D30694946F2A8140968B1FBF4F1C1EB5B
:10E50000C10101EB81010091009969B30099491E95
:10E510000091016809688905F6D4416B01B1CA63AD
:10E52000816B01B1CA6301680C6824F480640C60DB
:10E530004285416B01B10A65816B01B10A650168D1
:10E540000C6824F001040C6090F83D102024602930
:10E550000FD0282535EA030113D080F83D4080F81C
:10E560003E20FEF781FB38BD016C41F020010164C3
:10E57000D3E780F83D4080F83E200264FFF7B3FF08
:10E5800038BD01680B6843F001030B6001680B683C
:10E5900043F480630B60026380F83D50E1E72DE9AE
:10E5A000F84F04460D461646984694F83D00282735
:10E5B00037EA000002D00220BDE8F88FB5B1AEB155
:10E5C00094F83C00012813D0012084F83C00206816
:10E5D000416821F44071416094F83D0031492A2896
:10E5E00008D094F83D00292818D029E00120E3E75D
:10E5F0000220E1E720684268120521D5A26BFAB13A
:10E60000426822F400624260A06B0165A06BFBF7D8
:10E6100033FBA8B1A06B016D884711E02068426808
:10E6200012050DD5426822F400624260606B38B179
:10E630000165606BFBF720FB10B1606B016D8847D3
:10E6400020680168C90703D1016841F00101016038
:10E650002068016821F400610160292084F83D00F0
:10E660004FF0200A84F83EA04FF00009C4F8409013
:10E6700065626685608D2085C4F82C80606B38B338
:10E680000649C163616B0648C864606BC0F840907E
:10E69000606BC0F8509007E000C00120B9CC0208C0
:10E6A0006BCC0208E9E402082268238D1032616A0B
:10E6B000606BFBF765FAB8B184F83DA084F83E9032
:10E6C000206C40F01000206484F83C90012073E737
:10E6D00084F83D7084F83E90206C40F08000206407
:10E6E00084F83C90012067E72068016841F480616C
:10E6F0000160206841698169009184F83C9041681B
:10E7000041F4407141602068416841F4006141601A
:10E71000002051E738B590F83D502824AC4301D093
:10E72000022038BD61B15AB190F83C40012C09D0AB
:10E73000012480F83C4004682568ED0704D007E018
:10E74000012038BD022038BD256845F0010525604F
:10E750000468256825F4006525602A2480F83D407A
:10E76000202480F83E400024046441624285418DAB
:10E770000185C36201684A698A69009280F83C4059
:10E78000486840F4E0604860002038BD2DE9F84F4B
:10E7900004460D461646984694F83D00282737EA69
:10E7A000000001D0022007E7B5B1AEB194F83C00FB
:10E7B000012813D0012084F83C002068416821F42E
:10E7C0004071416094F83D00FE492A2808D094F831
:10E7D0003D00292818D029E00120EDE60220EBE6D3
:10E7E00020684268120521D5A26BFAB1426822F472
:10E7F00000624260A06B0165A06BFBF73DFAA8B117
:10E80000A06B016D884711E02068426812050DD5A4
:10E81000426822F400624260606B38B10165606B4F
:10E82000FBF72AFA10B1606B016D88472068016818
:10E83000C90703D1016841F0010101602068016846
:10E8400021F4006101602A2084F83D004FF0200A85
:10E8500084F83EA04FF00009C4F8409065626685D8
:10E86000608D2085C4F82C80A06BF0B1D649C163BF
:10E87000A16BD648C864A06BC0F84090A06BC0F8EC
:10E8800050902168238D1031626AA06BFBF778F9F4
:10E89000B8B184F83DA084F83E90206C40F01000A0
:10E8A000206484F83C90012086E684F83D7084F86A
:10E8B0003E90206C40F08000206484F83C90012061
:10E8C0007AE62068016841F480610160206841694E
:10E8D0008169009184F83C90416841F40061416095
:10E8E0002068416841F440714160002064E690F87E
:10E8F0003D10202901D002207047282180F83D10CA
:10E9000001680A68D20703D10A6842F001020A606E
:10E9100001680A6842F480620A600068416841F454
:10E92000407141600020704790F83D10282901D0C7
:10E93000022070472030417F01F00301827F0A43AB
:10E940000261202141770021817750F8201C0A685C
:10E9500022F480620A6050F8200C416821F4407172
:10E96000416000207047704770B5044694F83D0040
:10E9700094F83E10102901D0402906D1222804D154
:10E9800021680A6822F400620A60282131EA000244
:10E990004FF000054FF0200628D02168496809058E
:10E9A00005D4602803D084F83D6084F83E50256388
:10E9B00020684168090539D5416821F4006141604A
:10E9C000606B90F835207F49012A13D00165606B98
:10E9D000FBF752F948B32068016821F0010101609A
:10E9E00084F83D60606B016D884730E0256384F8F2
:10E9F0003D10DDE7A06B0165A06BFBF73DF9A0B111
:10EA000020684169C943490605D40069616A0870F4
:10EA1000606A401C60622068016821F001010160A9
:10EA200084F83D60A06B016D884710E094F83D10BC
:10EA3000602910D04169C943490605D40069616A5B
:10EA40000870606A401C60622046FEF70DF9206C79
:10EA5000C1071CD115E084F83D6025644169C943B4
:10EA6000490605D40069616A0870606A401C6062EA
:10EA70002068016821F0010101602046FFF733FDA5
:10EA8000E5E7810703D4410701D4000704D52068D6
:10EA9000416821F4E061416094F83D00216C490730
:10EAA0000BD5282809D14A48E062256384F83D60E7
:10EAB00084F83E502046FFF756FF70BD10B590F821
:10EAC0003E1002689369DB439B0703D4102903D0EF
:10EAD000402901D0012010BD90F83C1001291CD024
:10EAE000012180F83C1000230363602180F83D1071
:10EAF000116821F48061116001680A6842F40072B3
:10EB00000A60438501684A6822F4E0624A6080F83E
:10EB10003C30FFF729FF002010BD022010BD418DC1
:10EB2000002909D001680969426A1170416A491CCB
:10EB30004162418D491E4185704710B590F83D10E6
:10EB4000428D002A1AD002681269436A1A70426A1A
:10EB5000521C4262428D521E4285428D002A0DD1C6
:10EB60002A290BD101684A6822F480624A60222176
:10EB70000163282180F83D10FEF79CF810BD418DFF
:10EB8000002909D0416A026809781161416A491C6B
:10EB90004162418D491E4185704710B590F83D1086
:10EBA000428D002A23D0426A036812781A61426AB1
:10EBB000521C4262428D521E4285428D002A16D15D
:10EBC000292907E0E9E40208B9CC02086BCC020865
:10EBD0000000FFFF0BD101684A6822F480624A609E
:10EBE00021210163282180F83D10FEF764F810BD53
:10EBF000F8B5044694F83D502068416821F4E0617E
:10EC000041600026206841690091016841F00101DE
:10EC100001602068016821F480610160206841681A
:10EC2000090520D5F74F222D47D02A2D45D0616BFD
:10EC3000096849686185618D19B1216C41F0040151
:10EC40002164416821F400614160606BFBF7FCF9CD
:10EC5000012808D0606B0765606BFBF70DF810B1F9
:10EC6000606B016D8847608D08B320684169C943B6
:10EC7000490708D40069616A0870606A401C6062D4
:10EC8000608D401E608520684169C943490608D4EB
:10EC90000069616A0870606A401C6062608D401E95
:10ECA0006085608D18B1206C40F004002064206CF9
:10ECB00008B32046BDE8F84056E6A16B09684968EC
:10ECC0006185618D19B1216C41F0040121644168B5
:10ECD00021F400614160A06BFBF7B6F90128C2D0B6
:10ECE000A06B0765A06BFAF7C7FF0028BBD0A06B2D
:10ECF000016D8847B7E72A2D06D12663282084F8BE
:10ED00003D002046FDF7D6FF94F83D10202028292D
:10ED10000DD0216B222901D0222D07D1266384F842
:10ED20003D0084F83E602046FDF7C4FFF8BDB649BB
:10ED3000E162266384F83D0084F83E602046FFF7D8
:10ED400012FEF8BD704738B50C46002190F83D2002
:10ED50002825954302680B4605D0516991690091B9
:10ED600080F83C3038BD556825F480655560E24335
:10ED7000540700D50121120602D5828992B201E022
:10ED8000028B92B280F83C30FFF7DCFF38BD10B543
:10ED9000C26A438D0168042B0FD0438D032B1BD017
:10EDA000438D022B30D00969426A1170416A491CB7
:10EDB0004162418D491E418510BD4A6822F480623E
:10EDC0004A6001680969426A1170416A491C4162DE
:10EDD000418D491E418510BD4B6823F480634B6013
:10EDE000042A06D0022A04D001680A6822F480624C
:10EDF0000A6001680969426A1170416A491C4162EE
:10EE0000418D491E418510BD012A34D0102A32D0CF
:10EE1000042A35D0022A33D00B6843F400730B6008
:10EE200001680969436A1970416A491C4162438D4E
:10EE30005B1E438503681B690B70416A491C416274
:10EE4000418D491E418501684B6823F440734B6036
:10EE5000202180F83D1090F83E300021402B14D046
:10EE600080F83E10082A16D0202A14D012210163FF
:10EE7000FDF71EFF10BD0B6823F480630B60CFE726
:10EE80000B6843F480630B60CAE780F83E100163AF
:10EE9000FDF70FFF10BD0163EAE708B55B4946F2D5
:10EEA000A8120968B1FBF2F101EB81010091009910
:10EEB000491E0091009929B1016809688905F6D4B5
:10EEC000002008BD016C41F020010164012008BD53
:10EED00070B5044694F83D00222815D1E56A608D8E
:10EEE000032812D920680069616A0870606A401CB2
:10EEF0006062608D401E6085608D032804D12068AB
:10EF0000416821F48061416070BDE16A022902D04C
:10EF1000012806D028B12068416821F48061416051
:10EF200070BD2046FFF7B9FF20220021B0B1206854
:10EF3000436823F4E063436020680069636A1870E3
:10EF4000606A401C6062608D401E608584F83D20D0
:10EF500084F83E102046FDF787FE70BD20680368E8
:10EF600023F4806303602068436823F4E063436014
:10EF700020680069636A1870606A401C6062608D76
:10EF8000401E608584F83D2094F83E0040280BD058
:10EF900084F83E10082D0ED0202D0CD012202063B6
:10EFA0002046FDF785FE70BD84F83E1021632046A3
:10EFB000FDF77FFE70BD2163F2E7704710B590F852
:10EFC0003D10026D002A09D0026D012A20D0026D89
:10EFD000022A25D0BDE81040FCF751BFC16C0129C1
:10EFE00008D0816C0268C1F307211161016D491CD1
:10EFF000016510BD816C0268C9B21161016D891C87
:10F00000016510BDE9E402080000FFFF00C0012017
:10F01000816C0268C9B21161016D491C0165F0E79C
:10F0200022291CD0428D0AB1212921D0428D002AEB
:10F03000E7D12129E5D101684A6822F4E0624A60FB
:10F0400001680A6842F400720A600021016320220C
:10F0500080F83D2080F83E10FFF7AFFFD1E7016850
:10F060000A6842F480720A60016D491C0165C8E7B4
:10F07000416A026809781161416A491C4162418D07
:10F08000491E4185BDE7704710B5C16A90F83D2023
:10F09000212AB6D1428D52B1416A026809781161C4
:10F0A000416A491C4162418D491E4185A9E72023DF
:10F0B0000022082912D0202910D011F5803F0DD050
:10F0C00001684C6824F4E0644C601121016380F80D
:10F0D0003E2080F83D30FFF7D6FF92E701684C688C
:10F0E00024F4E0644C6001680C6844F400740C6023
:10F0F000026380F83D3090F83E10402904D080F83B
:10F100003E20FFF7C0FF7CE780F83E20FFF755FF69
:10F1100077E710B590F83D1090F83E30C26A048D44
:10F12000002C01D1212916D0212903D0402B11D147
:10F1300022290FD1418DD9B390F83E10402943D0F8
:10F14000416A026809781161416A491C4162418D36
:10F15000491E418555E720240023082A12D0202A81
:10F1600010D012F5803F0DD001684A6822F4E062A9
:10F170004A601121016380F83E3080F83D40FFF77E
:10F1800082FF3EE701684A6822F4E0624A60016853
:10F190000A6842F400720A60036380F83D4090F808
:10F1A0003E10402905D080F83E30FFF76CFF28E77D
:10F1B00004E080F83E30FFF700FF22E70068416876
:10F1C00021F4806141601CE7BDE81040F6E678B5A7
:10F1D00090F83E40C26A056B90F83D6000230168DC
:10F1E000222E03D048698869009078BD066D0EB95B
:10F1F000402C02D0046D24B107E048698869009072
:10F2000078BD0469B4F5404F1BD0448D24B3468DBE
:10F21000F94C012E28D0458D022D69D00D6845F49A
:10F2200080650D6001684D682D0509D5A2426FD03B
:10F23000012A6DD0082A6BD0102A69D0202A67D005
:10F2400086E04A698A6900920A6842F480720A601C
:10F25000016D491C016578BD4A698A6900920A6896
:10F2600042F400720A6077E0A24218D10A6822F4E0
:10F2700080620A6001684A68120508D50A6822F4AB
:10F2800080620A6001684A698969009164E04A699C
:10F290008A6900920A6842F400720A605CE0082AF7
:10F2A00005D0202A03D0122D0ED1012A0CD00A68D5
:10F2B00022F480620A6001684A698A6900920A68D9
:10F2C00042F400720A6047E0042A08D0022A06D0FD
:10F2D000102A04D00A6822F480620A6003E00A68F7
:10F2E00042F480620A6001684A698969009133E0EA
:10F2F000042A0ED0022A0CD0102A0AD00D6825F458
:10F3000080650D6001680D6845F400650D6004E0DE
:10F310001AE00D6845F480650D6001684D682D05A3
:10F320000DD5A24207D0012A05D0082A03D0102A01
:10F3300001D0202A03D14A6842F480524A60016811
:10F340004A698969009107E04A6842F480524A603C
:10F3500001684A6989690091036578BD416C02685A
:10F36000C9B21161416B002901D0C96B29B9816B08
:10F37000002907D0C96B002904D00068416841F416
:10F3800000614160704790F83E10402911D001693A
:10F39000B1F5804F1CD0016D79B3016D012907D102
:10F3A000416C006801F44071F12242EAD11101611F
:10F3B0007047016D31B1416C0068C9B241F0010183
:10F3C00001617047416C006801F0FE010161704706
:10F3D00090F83D1021290AD0416C0268C9B241F071
:10F3E00001011161416B49B1C96B69B906E0416C1A
:10F3F000026801F0FE011161F4E70BE0816B002966
:10F40000E5D0C96B0029E2D00068416841F4006191
:10F4100041607047416C006801F44071F02242EA9B
:10F42000D11101617047C16AB1F52A0F06D0C16AD6
:10F43000B1F12A4F01D10821C16270470121C16297
:10F4400070472DE9F041054600212B685A68EE6AA5
:10F4500095F83E4095F83D00102C05D0402C03D087
:10F460002C6CE4B35C6965E09F695969C9435FEA44
:10F47000C17C05D0B6F52A0F7ED0B6F12A4F7BD0DD
:10F48000CE0709D1D643B60506D42846FFF7CBFFF1
:10F490002846BDE8F04176E70E0706D4D643B60508
:10F4A00003D42846BDE8F04158E78E0706D4D6437A
:10F4B000B60503D42846BDE8F04188E6FE4376074A
:10F4C0001FD45B681B057FD40B0609D4D3435B05AF
:10F4D00006D44B0704D52846BDE8F04119E627E0DD
:10F4E000490771D4D14389056ED4212805D0402C19
:10F4F0006AD12846BDE8F04160E52846BDE8F04104
:10F50000C2E5586800055FD4480608D4D0434005DA
:10F5100005D4480703D52846BDE8F041D8E448079C
:10F5200052D4D04380054FD42846BDE8F0412EE4A4
:10F5300099695C69E443A6070AD4D643B60507D4A3
:10F54000286C00B199692846BDE8F041FFF7FBBB84
:10F55000E10607D4D143890504D42846BDE8F0412B
:10F56000FFF746BB21280FD029280DD0600621D4F3
:10F57000D04340051ED400E026E060071AD5284697
:10F58000BDE8F041FFF7D9BA200609D4D0434005C1
:10F5900006D4600704D52846BDE8F041FFF7FDBA60
:10F5A000600711D4D04380050ED42846BDE8F04151
:10F5B000FFF7E5BA600707D4D043800504D4284696
:10F5C000BDE8F041FFF7ABBABDE8F0812DE9F041AD
:10F5D000044694F83D10E26A00252027064E206874
:10F5E0006FF48063082A01D0202A01D1282905D090
:10F5F000212918D04361E7E70000FFFFE662416878
:10F6000021F4E0614160206843612068016821F4D1
:10F6100080610160256384F83D7084F83E50204687
:10F62000FFF7A1F9D0E7E6622121216384F83D705C
:10F6300084F83E50416821F4E061416020684361F4
:10F640002068016821F4806101602046FCF717FC06
:10F650002046FDF730FBB7E72DE9F041044621686D
:10F660004A694E68002594F83E00D743FA0506D44F
:10F67000F243D20503D401256FF480724A61B905C3
:10F6800008D4F143C90505D445F0020522686FF49A
:10F6900000715161790525D4F143C90522D4628DE9
:10F6A00094F83D10236B202808D13AB9212910D0B5
:10F6B00029290ED0282901D1212B0AD022686FF4E4
:10F6C0008061516145F00405102806D0402804D01F
:10F6D00008E02046FFF77AFF04E02068016841F463
:10F6E00000710160380508D4F043C00505D445F029
:10F6F000080521686FF400604861002D07D0206C78
:10F70000284320642046BDE8F041FFF72DB95BE7B0
:10F7100090F83D00704790F83E007047006C7047CD
:10F72000704770B50446002C03D06079002510B1F5
:10F7300005E0012070BD25712046E1F70FFA022097
:10F7400060712068016841F004010160012060716E
:10F75000A560002070BD704710B50446002C11D084
:10F760002068016821F00C0101602068416821F0E7
:10F77000600141602046E1F700FA00206071A0605E
:10F78000207110BD012010BD2DE9F04704468A46C6
:10F790000027207901280ED00126267160794FF0CC
:10F7A0000008012809D00420A060012784F8048003
:10F7B0003846BDE8F0870220FBE74FF0020984F8E5
:10F7C0000590FAF701FE054610E0FAF7FDFD401B33
:10F7D00002280BD920684068C043C00706D0667174
:10F7E000C4F8089084F804800120E2E720684068AB
:10F7F000C043C007E9D120688068E060CAF8000013
:10F800006671D3E700210279012A0AD00122027130
:10F810004279012A07D00171042181600121084643
:10F82000704702207047022242710068026842F06D
:10F8300008020260F3E710B5044604F10C0120460B
:10F84000FFF7A2FF08B1002010BDE06810BD0179EC
:10F8500001290AD0012101710221417101688868E2
:10F860000A6842F008020A60704702207047704739
:10F87000704710B504460020226851688B0603D5F6
:10F880001020A060012004E04B0602D50820A060F3
:10F890000120012813D0C80710D0106820F00800FC
:10F8A000106020688168E1606079042806D001203A
:10F8B0006071002020712046FFF7D9FF10BD0420A1
:10F8C00060712046FFF7D4FF21686FF06000486048
:10F8D00010BDC0687047407970478068704700006D
:10F8E0002DE9F041044620680169E26821F44051A5
:10F8F00011430161A1682069E26901436069104315
:10F9000001432068C26849F20C639A430A43C2600B
:10F9100020684169A26921F4407111434161FA49AB
:10F920002068884202D0F949884202D1F9F78DFA5D
:10F9300001E0F9F77EFAE1690023192764253226F0
:10F94000B1F5004F28D061688B0F8A00A0FB07013A
:10F9500012F04FF90146B0FBF5F07A42504301EB4B
:10F96000800006EB0010B0FBF5F000F0F002B1FBF8
:10F97000F5F002EB0012B1FBF5F07B42584301EBCE
:10F98000800006EB0010B0FBF5F0216800F00F00DE
:10F9900010448860BDE8F08161684A18A0FB070147
:10F9A0005B4112F026F90146B0FBF5F00201B1FB14
:10F9B000F5F06FF01803584301EB800006EBC00030
:10F9C000B0FBF5F000F0F80002EB4002B1FBF5F0FF
:10F9D000584301EB800006EBC000B0FBF5F0216856
:10F9E00000F0070010448860D4E7704770B5044603
:10F9F000002C04D094F84100002510B106E001204D
:10FA000070BD84F840502046E1F73BFB242084F889
:10FA100041002068C16821F40051C1602046FFF711
:10FA20005FFF2068016921F490410161206841690C
:10FA300021F02A0141612068C16841F40051C16090
:10FA40006564202084F8410084F84200656300204A
:10FA500070BD70B50446002C04D094F84100002518
:10FA600010B106E0012070BD84F840502046E1F757
:10FA700008FB242084F841002068C16821F400516B
:10FA8000C1602046FFF72CFF2068016921F49041F6
:10FA900001612068416921F02201416120684169CA
:10FAA00041F0080141612068C16841F40051C16022
:10FAB0006564202084F8410084F8420065630020DA
:10FAC00070BD70B504460E46002C04D094F8410079
:10FAD000002510B106E0012070BD84F8405020469A
:10FAE000E1F7CFFA242084F841002068C16821F4AE
:10FAF0000051C1602046FFF7F3FE2068016921F440
:10FB0000006101612068416921F02A01416120689A
:10FB1000016941F4804101612068016921F02001FF
:10FB2000016120680169314301612068C16841F4C5
:10FB30000051C1606564202084F8410084F84200CF
:10FB40006563002070BD2DE9F04104460E4617465E
:10FB5000002C04D094F84100002510B106E00120EB
:10FB600018E784F840502046E1F78BFA242084F807
:10FB700041002068C16821F40051C1602046FFF7B0
:10FB8000AFFE2068016921F490410161206841695C
:10FB900021F02A0141612068016921F00F01016112
:10FBA00020680169314301612068C16821F4006166
:10FBB000C1602068C1683943C1602068C16841F4F0
:10FBC0000051C1606564202084F8410084F842003F
:10FBD00065630020DEE6704710B50446002C13D0A4
:10FBE000242084F841002068C16821F40051C160DC
:10FBF0002046E1F79CFA0020303460616074A07404
:10FC000020606060207410BD012010BD01680C31BF
:10FC100051E8002F22F4907241E80023002BF5D127
:10FC20000168143151E8002F22F0010241E800235D
:10FC3000002BF5D1016B012909D101680C3151E884
:10FC4000002F22F0100241E80023002BF5D12021E3
:10FC500080F842100021016370472DE9F843044603
:10FC60000D4617469846089E25E0701C23D0FAF7EB
:10FC7000ABFBA0EB0800B0421BD8D6B12068C1682E
:10FC8000490718D5802D16D0402D14D00168C943DE
:10FC9000090710D4002521680968406800902046B3
:10FCA000FFF7B4FF0820606484F840500120BDE8ED
:10FCB000F8830320FBE72068006835EA000004D0E1
:10FCC0000020B842D1D00020F1E70120F9E72DE96A
:10FCD000F84304460E4615461F4694F84100202876
:10FCE00001D00220E3E79EB195B10020606421209D
:10FCF00084F84100FAF768FB8146A584E584A06892
:10FD0000B0F5805F06D007E000100140001401400C
:10FD10000120CCE7206920B1354600264FF02008AD
:10FD200015E00025FAE74B46002280212046009787
:10FD3000FFF793FF18B184F841800320B7E7ADB116
:10FD4000216815F8010B4860E08C401EE084E08CCF
:10FD50000028E8D14B460022402120460097FFF7BB
:10FD60007CFF50B184F841800320A0E736F8020BF5
:10FD70002168C0F308004860E6E784F8418000206D
:10FD800095E72DE9F84F04460E461546984694F837
:10FD90004200202802D00220BDE8F88FBEB1B5B1E4
:10FDA00000206064222184F842102063FAF70CFBE3
:10FDB0008246A585E585A0684FF48057B84201D1F9
:10FDC000206930B1354600264FF0200928E0012097
:10FDD000E2E70025F8E75346002220212046CDF82F
:10FDE0000080FFF73AFF18B184F842900320D3E770
:10FDF00025B1A068B84219D038B108E02068406841
:10FE0000C0F3080026F8020B07E0206970B12068F3
:10FE1000406800F07F0028706D1CE08D401EE0857A
:10FE2000E08D0028D7D184F84290B5E7206840687B
:10FE30002870F1E790F84130202B01D00220704764
:10FE400079B172B101628284C284002141642121AE
:10FE500080F841100068C16841F08001C160002055
:10FE600070470120704781628285C285002141640C
:10FE7000222180F842100169002904D00168CA6873
:10FE800042F48072CA6001684A6942F001024A6124
:10FE90000068C16841F02001C1600020704790F8FF
:10FEA0004230202B01D00220704719B112B100233B
:10FEB0000363D8E701207047704701680C3151E8AF
:10FEC000002F22F0C00241E80023002BF5D12021B1
:10FED00080F84110704770B5846B20684069C0F3AA
:10FEE000C01094F841100025212904D118B1E584EF
:10FEF0002046FFF7E2FF20684069C0F3801094F8C5
:10FF00004210222904D118B1E5852046FFF77EFE74
:10FF1000606C40F0100060642046E7F7BBFC70BDE9
:10FF2000704710B5806BFFF7FBFF10BD704710B531
:10FF30000146886B09680968C90516D40021C18487
:10FF40000168143151E8002F22F0800241E80023BB
:10FF5000002BF5D101680C3151E8002F42F040022E
:10FF600041E80023002BF5D110BDFFF7DFFF10BDE6
:10FF700037B5044694F84100202801D002203EBD48
:10FF8000019919B312B32162A284E2840020606453
:10FF9000212384F84130A56BFC4BEB63A56BFC4B34
:10FFA0002B64A56BFB4BEB64A36B186520681346B1
:10FFB000001DA56B02462846F9F7E2FD40B110206E
:10FFC0006064202084F8410001203EBD01203EBD38
:10FFD00021686FF0400008602068143050E8001F6E
:10FFE00041F0800140E80012002AF5D100203EBD1A
:10FFF0007047704710B5806B01214163016B012987
:020000040803EF
:1000000002D0E7F736FC10BD818D4908FFF7F1FFFC
:1000100010BD704710B50146886B096809684FF03C
:100020000003C9052ED4C38501680C3151E8002FA7
:1000300022F4807241E80024002CF5D101681431CB
:1000400051E8002F22F0010241E80024002CF5D1F4
:100050000168143151E8002F22F0400241E80024E9
:10006000002CF5D1202180F84210016B012909D123
:1000700001680C3151E8002F22F0100241E8002401
:10008000002CF5D14363016B012902D0E7F7E0FBB7
:1000900010BD818DFFF7ADFF10BD37B582B00446AE
:1000A0001346039AA262A38500206064222184F88B
:1000B0004210E56BB849E963E56BB8492964E56B23
:1000C000B449E964E16B08652168E06B091DF9F743
:1000D00057FD38B110206064202084F842000120D0
:1000E00005B030BD2068016840680190206948B1C2
:1000F00020680C3050E8001F41F4807140E8001285
:10010000002AF5D12068143050E8001F41F00101A9
:1001100040E80012002AF5D12068143050E8001F92
:1001200041F0400140E80012002AF5D10020D7E755
:1001300090F84230202B01D00220704719B112B143
:1001400000230363A9E70120704701684969C1F3EF
:10015000C01190F84120212A0AD149B10168143117
:1001600051E8002F22F0800241E80023002BF5D156
:1001700001684969C1F3801190F84220222A1ED1FA
:10018000E9B101680C3151E8002F22F4807241E896
:100190000023002BF5D10168143151E8002F22F023
:1001A000010241E80023002BF5D10168143151E828
:1001B000002F22F0400241E80023002BF5D100205F
:1001C000704708B590F84110212909D10168143110
:1001D00051E8002F42F0800241E80023002BF5D1C6
:1001E00090F84210222923D101680A6849680091D9
:1001F000016949B101680C3151E8002F42F4807265
:1002000041E80023002BF5D10168143151E8002F9B
:1002100042F0010241E80023002BF5D101681431BE
:1002200051E8002F42F0400241E80023002BF5D1B5
:10023000002008BD10B5044620684069C0F3C01016
:1002400094F84110212911D180B12068143050E870
:10025000001F21F0800140E80012002AF5D1A06BB8
:1002600008B1F9F7C3FC2046FFF727FE2068406974
:10027000C0F3801094F84210222911D180B1206877
:10028000143050E8001F21F0400140E80012002A1D
:10029000F5D1E06B08B1F9F7A9FC2046FFF7B6FCF1
:1002A000002010BD2DE9F84F0446DDF828800E46E9
:1002B00015461F4694F84200202801D002206BE525
:1002C000F6B1EDB14FF0000AC4F844A0222084F842
:1002D000420001202063C4F834A0FAF775F8814683
:1002E000A585E585A0684FF4805B584501D120695C
:1002F00040B135460026A7F800A04FF0200A3AE0AA
:10030000012049E50025F6E720680168C9060AD5FD
:10031000016841680091398829B10220606384F83E
:1003200042A0002038E50168890618D525B1A168EA
:10033000594536D031B107E04068C0F3080026F8CF
:10034000020B06E0216959B3406800F07F00287075
:100350006D1C3888401C3880E08D401EE085B8F167
:10036000FF3F08D0FAF730F8A0EB090040451BD852
:10037000B8F1000F18D0E08D0028C5D1A08DE18D17
:10038000401A388084F842A0002005E52FFF0208BB
:1003900023FF0208D7FE020815000308F5FF020834
:1003A000FFE740682870D3E784F842A00320F3E415
:1003B00018B5034693F84200202801D0022018BD4A
:1003C00051B14AB101201863002058631846FFF765
:1003D0004AFD014611B105E0012018BD186B012846
:1003E00002D00121084618BD1868026840680090D4
:1003F00018680C3050E8002F42F0100240E800244A
:10040000002CF5D1EEE738B5044694F842002028D8
:1004100001D0022038BD71B16AB1012020630020F3
:1004200060632046FFF739FE0346206B012804D0A5
:100430000123184638BD012038BD20680168406896
:10044000009020680C3050E8001F41F0100140E897
:100450000012002AF5D1ECE7406B704770B50446F6
:1004600020680C3050E8001F21F4F07140E80012C1
:10047000002AF5D12068143050E8001F21F0010156
:1004800040E80012002AF5D1206B012809D120682C
:100490000C3050E8001F21F0100140E80012002A43
:1004A000F5D1206840694FF0100600064FF00005B6
:1004B00015D52068143050E8001F21F0800140E875
:1004C0000012002AF5D1A06B48B10565A06BF9F7C1
:1004D0008DFB20B1A06BF9F7BAFD202824D020684D
:1004E0004069400615D52068143050E8001F21F0FF
:1004F000400140E80012002AF5D1E06B48B10565E3
:10050000E06BF9F773FB20B1E06BF9F7A0FD202851
:100510000DD0E584E5856564202084F8420084F8E8
:1005200041002563002070BD6664032070BD6664D1
:10053000032070BD70B5044620680C3050E8001FE1
:1005400021F0C00140E80012002AF5D1206840697E
:100550001546000615D52068143050E8001F21F01C
:10056000800140E80012002AF5D1A06B48B1056572
:10057000A06BF9F73BFB20B1A06BF9F768FD2028D1
:1005800005D0E584202084F84100002070BD1020B3
:100590006064032070BD70B5044620680C3050E8DC
:1005A000001F21F4907140E80012002AF5D1206864
:1005B000143050E8001F21F0010140E80012002A29
:1005C000F5D1206B012809D120680C3050E8001FBC
:1005D00021F0100140E80012002AF5D1206840699E
:1005E0004FF00005400615D52068143050E8001F74
:1005F00021F0400140E80012002AF5D1E06B48B13B
:100600000565E06BF9F7F2FA20B1E06BF9F71FFD31
:10061000202806D0E585202084F8420025630020AC
:1006200070BD10206064032070BD704710B5806BF2
:100630000022C16B0A65816B002902D0096D002977
:100640000AD1C284C2854264202180F8411080F81A
:1006500042100263FFF7E9FF10BD10B5806B002266
:10066000816B0A65C16B002902D0096D00290AD18E
:10067000C284C2854264202180F8411080F8421073
:100680000263FFF7D2FF10BD70B504460125206854
:100690000C3050E8001F21F4F07140E80012002AED
:1006A000F5D12068143050E8001F21F0010140E826
:1006B0000012002AF5D1206B012809D120680C30E6
:1006C00050E8001F21F0100140E80012002AF5D187
:1006D000A06B002638B121684969090602D5FE4998
:1006E000016500E00665E06B38B12168496949069B
:1006F00002D5FA49016500E00665206840690006F8
:1007000012D52068143050E8001F21F0800140E825
:100710000012002AF5D1A06B30B1F9F7ADFA10B193
:10072000A06B066500E0002520684069400613D5EF
:100730002068143050E8001F21F0400140E800120A
:10074000002AF5D1E06B38B1F9F796FA18B1E06BF1
:100750000665012500E00025012D0BD1E684E68524
:100760006664202084F8410084F842002663204615
:10077000FFF75BFF002070BD704710B5806B002154
:10078000C184202180F84110FFF7F6FF10BD70B53D
:10079000044620680C3050E8001F21F0C00140E8FA
:1007A0000012002AF5D120684069134600064FF078
:1007B00020051CD52068143050E8001F21F080016E
:1007C00040E80012002AF5D1A06B48B1C449016588
:1007D000A06BF9F751FA80B1A06B016D88470CE06E
:1007E000E38484F841502046FFF7C6FF05E0E38428
:1007F00084F841502046FFF7BFFF002070BD7047CE
:1008000010B5806B0021C185202280F84220016351
:10081000FFF7F5FF10BD70B5044620680C3050E8B6
:10082000001F21F4907140E80012002AF5D12068E1
:10083000143050E8001F21F0010140E80012002AA6
:10084000F5D1206B012809D120680C3050E8001F39
:1008500021F0100140E80012002AF5D1206840691B
:100860004FF0000340064FF020051DD520681430DE
:1008700050E8001F21F0400140E80012002AF5D1A5
:10088000E06B48B197490165E06BF9F7F5F990B174
:10089000E06B016D88470EE0E38584F842502363E6
:1008A0002046FFF7ACFF06E0E38584F8425023635F
:1008B0002046FFF7A4FF002070BD10B50168CA688C
:1008C00022F04002CA60202180F84110FFF72EFB81
:1008D000002010BD90F84110212901D0022070475E
:1008E0008168B1F5805F01D1016961B1016A4A1C7B
:1008F0000262026809785160C18C491E0904090C22
:10090000C1840AD013E0016A02680988C1F30801B2
:100910005160016A891C0162EEE70168CA6822F031
:100920008002CA600068C16841F04001C1600020D7
:10093000704710B5806B0021C185E6F7ABFF10BD95
:1009400008B590F84210222901D0022008BD826823
:100950004FF480539A4201D1016921B1816A9A42D0
:100960001DD052B10BE0816A02685268C2F30802DE
:100970000A80816A891C816209E002697AB1026891
:10098000526802F07F020A70816A491C8162C18D3F
:10099000491E0904090CC18505D0002008BD026864
:1009A00052680A70F0E70168CA6822F02002CA6043
:1009B0000168CA6822F48072CA6001684A6922F03C
:1009C00001024A61202180F8421000214163026B3C
:1009D000012A03D0E6F73CFF002008BD016301684F
:1009E0000C3151E8002F22F0100241E80023002BC7
:1009F000F5D101680A68D20602D50A6849680091F3
:100A0000818DFFF7F6FAE7E7F8B50446226810682B
:100A1000D168536900F00F06002E07D1850605D571
:100A20008D0603D52046BDE8F84089E70025002E55
:100A300073D003F0010601F4907737436DD0C207FD
:100A400005D0CA0503D5626C42F001026264420718
:100A500005D5DA0703D0626C42F0020262648207B5
:100A600005D5DA0703D0626C42F004026264020723
:100A700007D501F02002324303D0626C42F0080235
:100A80006264626C002A3CD0800604D5880602D5D8
:100A90002046FFF755FF20684069C0F38010616C65
:100AA000090700D490B32046FFF7B0F820684069EA
:100AB000400627D52068143050E8001F21F040017F
:100AC00040E80012002AF5D1E06BB8B10649016593
:100AD000E06BF9F7D1F809E05B0603082D0603087F
:100AE0007B0703080108030833090308002808D01E
:100AF000E06B016D01B0BDE8F04008472046E6F725
:100B0000C9FEF8BD2046E6F7C5FEF8BD00E004E0EA
:100B10002046E6F7BFFE6564F7E7236B012B7DD126
:100B2000C3067BD5CB0679D5106850680090506914
:100B30004FF0200340064FF002064FD5E26B1068DD
:100B4000406880B2DF00E8B3A18D81423BD9E085E7
:100B5000D069B8422DD020680C3050E8001F21F435
:100B6000807140E80012002AF5D12068143050E866
:100B7000001F21F0010140E80012002AF5D1206891
:100B8000143050E8001F21F0400140E80012002A14
:100B9000F5D184F84230256320680C3050E8001FFE
:100BA00021F0100140E80012002AF5D1E06BF9F7BE
:100BB0001DF86663A08DE18D401A81B22046FFF7D3
:100BC00018FAA2E7FFE7A18D81429ED1D069B84211
:100BD0009BD166632046FFF70CFA96E7A08DE18D66
:100BE000401A81B2E08D00288FD000298DD0206876
:100BF0000C3050E8002F22F4907240E80027002FBC
:100C0000F5D12068143050E8002F22F0010240E8AE
:100C10000027002FF5D184F8423000E00FE0256373
:100C200020680C3050E8002F22F0100240E800232A
:100C3000002BF5D166632046FFF7DBF965E7020676
:100C400005D50A0603D52046BDE8F84042E6400631
:100C5000B7D54806B5D52046BDE8F8402DE690F852
:100C60004010012916D0012180F84010242180F87D
:100C7000411001680C3151E8002F42F0010241E8B7
:100C80000023002BF5D1202140304170002101705C
:100C9000002070470220704790F84010012917D0BB
:100CA000012180F84010242180F8411001680C31A6
:100CB00051E8002F42F0020241E80023002BF5D159
:100CC00020213430417300210160017300207047FE
:100CD0000220704790F84010012917D0012180F8B8
:100CE0004010242180F8411001680C3151E8002F98
:100CF00022F0020241E80023002BF5D120213430FC
:100D00004173002101600173002070470220704789
:100D100090F84010012912D0012100F8401F242131
:100D2000417050F8401CCA6822F00C0242F00802E0
:100D3000CA6020214170002101700020704702200C
:100D4000704790F84010012912D0012100F8401F8F
:100D50002421417050F8401CCA6822F00C0242F075
:100D60000402CA60202141700021017000207047F8
:100D700002207047014611F8410F49780843704737
:100D8000406C704738B500280BD0202100910446F4
:100D900000202060201D00F0C5F9012020772046AA
:100DA00038BD502080F31188BFF34F8FBFF36F8F92
:100DB000FEE770B5202003F090FF04462CB100251B
:100DC0002560201D00F0AEF92577204670BD2DE985
:100DD000F04188460025044600280AD05FEA1860E2
:100DE0000FD0502080F31188BFF34F8FBFF36F8F68
:100DF000FEE7502080F31188BFF34F8FBFF36F8F52
:100E0000FEE7261D06F1080701F00AFBF0682168DD
:100E100041EA0801216020E046680168002201F0F3
:100E20007F4321F07F415FEA431C06D4D4F800C021
:100E30001CEA010F07D0012205E0D4F800C031EA16
:100E40000C0C00D101223AB1DA0100D50D43216822
:100E500041F0007101F04AFF3046B842DCD1206811
:100E6000A843206001F04DFA2068BDE8F0812DE92B
:100E7000F0410446884615461F46280E07D05020EC
:100E800080F31188BFF34F8FBFF36F8FFEE71DB163
:100E900001F0CEFF40B110E0502080F31188BFF385
:100EA0004F8FBFF36F8FFEE73FB1502080F3118863
:100EB000BFF34F8FBFF36F8FFEE701F0B1FA2668E3
:100EC00041462046FFF783FF46EA080635EA06005A
:100ED00008D067B145F0A0613A46201D01F091FEAF
:100EE000002605E02068A8432060002700E026686F
:100EF00001F007FAD7B138B989494FF0805008603E
:100F0000BFF34F8FBFF36F8F02F05DF80646B0015D
:100F10000AD404F06FF8266835EA060002D126EA02
:100F20000500206004F082F826F07F4630469CE7FA
:100F300003460020002A03D0994300D101207047C6
:100F40000B42FCD0012070472DE9F0470D46089F69
:100F50009046994604460026002809D0280E0FD056
:100F6000502080F31188BFF34F8FBFF36F8FFEE7E0
:100F7000502080F31188BFF34F8FBFF36F8FFEE7D0
:100F80001DB101F055FF40B110E0502080F31188F1
:100F9000BFF34F8FBFF36F8FFEE73FB1502080F359
:100FA0001188BFF34F8FBFF36F8FFEE701F038FA60
:100FB000D4F800A04A4629465046FFF7B9FF40B191
:100FC00056460027B8F1000F15D02068A8432060CE
:100FD00011E0AFB1B8F1000F01D04FF08076B9F158
:100FE000000F01D046F0806645EA06013A46201D12
:100FF00001F007FE002601F084F91FB310B109E0EB
:101000005646F8E746494FF080500860BFF34F8FCF
:10101000BFF36F8F01F0D7FF0646B00110D403F085
:10102000E9FF26684A4629463046FFF781FF28B186
:10103000B8F1000F02D02068A843206003F0F6FF4B
:1010400026F07F463046BDE8F08770B50E46044670
:10105000002809D0300E0FD0502080F31188BFF344
:101060004F8FBFF36F8FFEE7502080F31188BFF3DF
:101070004F8FBFF36F8FFEE703F0BCFF256825EAB3
:101080000600206003F0D2FF284670BDDDE70A4667
:1010900000230146AFF20B0002F085BC5022EFF3B3
:1010A000118182F31188BFF34F8FBFF36F8F0068F8
:1010B00081F3118870472DE9F0410646341D01F097
:1010C000AFF904F108054FF000770DE0E068A842A1
:1010D00007D1502080F31188BFF34F8FBFF36F8F7C
:1010E000FEE7394601F002FE20680028EED1307F8D
:1010F00010B9304603F05CFEBDE8F04101F001B9E3
:1011000065E613460A460146AFF20B0002F04BBCFF
:10111000002801D0806970470020704781617047C6
:1011200004ED00E000F1080141604FF0FF32826001
:10113000C1600161002101607047002101617047B9
:1011400042684A6093688B60936859609160086157
:101150000168491C0160704730B50C68621C02D000
:1011600000F1080202E0026904E01A4653681D68B3
:10117000A542FAD953684B6099608A605160086152
:101180000168491C016030BD0169D0E901329A60F3
:10119000D0E901235A604A68824201D182684A60DC
:1011A000002202610868401E08600868704700005D
:1011B00070B504460D46002C25D003F01BFFD4E982
:1011C0000F20216802FB0011A1600021A1632168AA
:1011D0006160E06B2268216C401E00FB0121E16030
:1011E0004FF0FF3084F8440084F8450004F110000B
:1011F0008DB1FFF797FF04F12400FFF793FF03F091
:1012000015FF012070BD502080F31188BFF34F8F70
:10121000BFF36F8FFEE721690029F0D001F031FDA7
:101220000028ECD0FA494FF080500860BFF34F8F90
:10123000BFF36F8FE3E770B51D46049C002909D00A
:101240002260E063216401212046FFF7B1FF84F8AA
:101250004C5070BD2460F4E738B5049D002804D0DC
:101260005BB102B189B1C2B120E0502080F3118896
:10127000BFF34F8FBFF36F8FFEE7502080F31188CD
:10128000BFF34F8FBFF36F8FFEE7502080F31188BD
:10129000BFF34F8FBFF36F8FFEE739B1502080F35C
:1012A0001188BFF34F8FBFF36F8FFEE75024009478
:1012B0001C46012384F846302B460094FFF7BBFF01
:1012C000204638BDF8B505460E461746002D13D00A
:1012D00005FB06F0503003F000FD044654B12246F1
:1012E0005032002084F846003B46314628460094A0
:1012F000FFF7A1FF2046F8BD502080F31188BFF30F
:101300004F8FBFF36F8FFEE72DE9F041044603F0E6
:1013100071FE94F9455004F1240609E0606A48B171
:10132000304601F0AEFC08B101F06BFD6D1E6DB2F0
:10133000002DF3DC4FF0FF3684F8456003F076FEB5
:1013400003F058FE94F9445004F1100709E02069B5
:1013500048B1384601F095FC08B101F052FD6D1E10
:101360006DB2002DF3DC84F84460BDE8F04103F079
:101370005DBE10B5044603F03DFEA06BE16B8842F4
:1013800001D1012400E0002403F050FE204610BDEE
:101390002DE9F041044617460026A56B226C002A71
:1013A00010D0C7B1E06810F05CFFE168206C091A4A
:1013B000E1602268914202D2A168081AE060022F1F
:1013C00016D017E02068A8B9A06801F077FD06469E
:1013D0000020A0600EE0606810F043FF216C6068A0
:1013E00008446060A168884204D32068606001E01E
:1013F00005B16D1E6D1CA5633046BDE8F0812DE979
:10140000FF4782B004468A461E460025002C03D0C2
:10141000BAF1000F08D011E0502080F31188BFF31B
:101420004F8FBFF36F8FFEE7206C38B1502080F3F1
:101430001188BFF34F8FBFF36F8FFEE7022E0AD1E3
:10144000E06B012807D0502080F31188BFF34F8F45
:10145000BFF36F8FFEE701F0EBFC48B9049838B199
:10146000502080F31188BFF34F8FBFF36F8FFEE7DB
:101470004FF000094FF08057DFF8948103F0BAFD78
:10148000A06BE16B884205D3022E03D0049808B309
:1014900025B327E0324651462046FFF779FF616ABF
:1014A00059B104F1240001F0ECFB68B1C8F80070F8
:1014B000BFF34F8FBFF36F8F06E028B1C8F80070FD
:1014C000BFF34F8FBFF36F8F03F0B0FD012006B065
:1014D000BDE8F08703F0AAFD0020F8E7684601F0B8
:1014E00050FC012503F0A2FD00F09AFF03F082FDFD
:1014F00094F94400401C01D184F8449094F94500CB
:10150000401C01D184F8459003F090FD04A9684681
:1015100001F03DFC30B12046FFF7F6FE00F0F1FE91
:101520000020D4E72046FFF724FF90B104F110001B
:10153000049901F04FFB2046FFF7E6FE00F0E1FEC4
:1015400000289BD1C8F80070BFF34F8FBFF36F8F97
:1015500094E72046FFF7D8FE00F0D3FE8EE7002880
:1015600007D0002181600160C16000231A4619463E
:1015700045E7704710B5024600210120FFF7A2FEA3
:1015800004462046FFF7EBFF204610BD38B50B465A
:101590000022009011460120FFF75EFE044620461F
:1015A000FFF7DDFF204638BD10B5044603F022FDED
:1015B000206820B1002403F039FD204610BDA46846
:1015C000F9E7002803D0016849B100207047502096
:1015D00080F31188BFF34F8FBFF36F8FFEE78068F2
:1015E000704710B50446002C09D001F01EFCA1681C
:1015F000884217D1E068401EE06058B110E05020EA
:1016000080F31188BFF34F8FBFF36F8FFEE70000A9
:1016100004ED00E000231A4619462046FFF7EFFECE
:10162000012010BD002010BD416A002904D0006BCC
:101630000068C0F1380070470020704710B50446BC
:1016400003F0D8FCA06B20B1002403F0EFFC20468F
:1016500010BD0124F9E72DE9F34383B004460025CA
:10166000A946002C09D0206C78B1502080F3118855
:10167000BFF34F8FBFF36F8FFEE7502080F31188C9
:10168000BFF34F8FBFF36F8FFEE701F0D1FB48B977
:10169000049838B1502080F31188BFF34F8FBFF307
:1016A0006F8FFEE700264FF08057DFF8788803F051
:1016B000A1FCA06BC8B1401EA063206810B901F066
:1016C0008CFCA060206950B104F1100001F0D9FA3F
:1016D00028B1C8F80070BFF34F8FBFF36F8F03F0CE
:1016E000A5FC012005B0BDE8F083049808B17DB1E8
:1016F00012E0B9F1000F07D0502080F31188BFF33A
:101700004F8FBFF36F8FFEE703F090FC0020E9E7F7
:1017100001A801F036FB012503F088FC00F080FEF3
:1017200003F068FC94F94400401C01D184F8446043
:1017300094F94500401C01D184F8456003F076FC23
:1017400004A901A801F023FBC8B12046FFF7DCFD86
:1017500000F0D7FD2046FFF771FF0028A7D0B9F1B0
:10176000000F0AD003F046FC2046FFF75DFF01465C
:10177000A06801F0DDFB03F059FC0020B2E7204631
:10178000FFF75CFFE8B1206838B903F033FCA068CC
:1017900001F05AFB814603F049FC04F1240004994E
:1017A00001F018FA2046FFF7AFFD00F0AAFD00286F
:1017B0007FF47DAFC8F80070BFF34F8FBFF36F8F1A
:1017C00075E72046FFF7A0FD00F09BFD6FE770B5C1
:1017D00004460D46002C09D001F027FBA268904278
:1017E0000CD1E068401CE060012070BD502080F307
:1017F0001188BFF34F8FBFF36F8FFEE72946204656
:10180000FFF729FF0028F0D0E168491CE16070BDB6
:1018100038B50C46002809D084420FD9502080F3F7
:101820001188BFF34F8FBFF36F8FFEE7502080F317
:101830001188BFF34F8FBFF36F8FFEE7022113466E
:10184000002200911146FFF707FD002800D08463B5
:1018500038BD10B50C46002809D084420FD950205D
:1018600080F31188BFF34F8FBFF36F8FFEE75020D7
:1018700080F31188BFF34F8FBFF36F8FFEE7022213
:101880000021FFF71FFD002800D0846310BD2DE963
:10189000F0470446894690461F46002C03D0B9F114
:1018A000000F08D011E0502080F31188BFF34F8F54
:1018B000BFF36F8FFEE7206C38B1502080F31188A2
:1018C000BFF34F8FBFF36F8FFEE7022F0AD1E06B9C
:1018D000012807D0502080F31188BFF34F8FBFF34A
:1018E0006F8FFEE703F0C9FB5020EFF3118680F302
:1018F0001188BFF34F8FBFF36F8FA06BE16B8842EE
:1019000005D3022F03D0002086F31188E0E594F977
:101910004550A06B3A4649462046FFF739FD681C02
:1019200004D06D1C84F845500120EDE7606A002862
:10193000FAD004F1240001F0A4F90028F4D0B8F1A1
:10194000000FF1D00120C8F80000EDE770B50446A3
:101950000E46002C09D0206C78B1502080F31188FD
:10196000BFF34F8FBFF36F8FFEE7502080F31188D6
:10197000BFF34F8FBFF36F8FFEE7206848B9A068B1
:1019800038B1502080F31188BFF34F8FBFF36F8FB2
:10199000FEE703F072FB5020EFF3118580F311880E
:1019A000BFF34F8FBFF36F8FA26BE06B904218D9DC
:1019B00094F94500521CA263411C04D0401C84F8D9
:1019C000450001200EE0606A0028FAD004F12400EE
:1019D00001F057F90028F4D0002EF2D00120306039
:1019E000EFE7002085F3118870BD30B40B46026C20
:1019F000002A0CD0C1681144C1608468A14201D39F
:101A00000168C160C16830BC184610F02ABC30BC07
:101A100070472DE9F74783B004468A460026002C1C
:101A200003D0BAF1000F08D011E0502080F31188E4
:101A3000BFF34F8FBFF36F8FFEE7206C38B150209C
:101A400080F31188BFF34F8FBFF36F8FFEE701F074
:101A5000EFF948B9059838B1502080F31188BFF3E9
:101A60004F8FBFF36F8FFEE700274FF08058DFF8EE
:101A7000B49403F0BFFAA56BB5B151462046FFF709
:101A8000B4FF6D1EA563206950B104F1100001F090
:101A9000F8F828B1C9F80080BFF34F8FBFF36F8FFC
:101AA00003F0C4FA012012E5059808B126B107E059
:101AB00003F0BCFA00200AE501A801F062F9012652
:101AC00003F0B4FA00F0ACFC03F094FA94F944008B
:101AD000401C01D184F8447094F94500401C01D1A8
:101AE00084F8457003F0A2FA05A901A801F04FF9A6
:101AF00058B12046FFF708FC00F003FC2046FFF732
:101B00009DFD0028B5D00020E1E42046FFF796FDBA
:101B100090B104F12400059901F05CF82046FFF72C
:101B2000F3FB00F0EEFB0028A3D1C9F80080BFF35F
:101B30004F8FBFF36F8F9CE72046FFF7E5FB00F068
:101B4000E0FB96E72DE9F74382B00446894600257D
:101B5000002C03D0B9F1000F08D011E0502080F321
:101B60001188BFF34F8FBFF36F8FFEE7206C38B142
:101B7000502080F31188BFF34F8FBFF36F8FFEE7C4
:101B800001F056F948B9049838B1502080F3118813
:101B9000BFF34F8FBFF36F8FFEE700264FF08057E4
:101BA000DFF8808303F026FAA06BB0B1E568494600
:101BB0002046FFF71AFFE560606A50B104F1240087
:101BC00001F05FF828B1C8F80070BFF34F8FBFF382
:101BD0006F8F03F02BFA012084E5049808B125B13A
:101BE00007E003F023FA00207CE5684601F0C9F81D
:101BF000012503F01BFA00F013FC03F0FBF994F944
:101C00004400401C01D184F8446094F94500401C14
:101C100001D184F8456003F009FA04A9684601F08F
:101C2000B6F858B12046FFF76FFB00F06AFB20467C
:101C3000FFF704FD0028B5D0002053E52046FFF74C
:101C4000FDFC90B104F12400049900F0C3FF20468C
:101C5000FFF75AFB00F055FB0028A3D1C8F800702D
:101C6000BFF34F8FBFF36F8F9CE72046FFF74CFB0E
:101C700000F047FB96E72DE9F04704468946904679
:101C8000002C03D0B9F1000F08D011E0502080F3F0
:101C90001188BFF34F8FBFF36F8FFEE7206C38B111
:101CA000502080F31188BFF34F8FBFF36F8FFEE793
:101CB00003F0E3F95020EFF3118780F31188BFF3AD
:101CC0004F8FBFF36F8FA66BF6B194F9445049461E
:101CD0002046FFF78AFE761EA663681C04D06D1CA2
:101CE00084F84450012010E020690028FAD004F163
:101CF000100000F0C6FF0028F4D0B8F1000FF1D0BA
:101D00000120C8F80000EDE7002087F31188FDE509
:101D10002DE9F04104460F46002C01D047B111E0F7
:101D2000502080F31188BFF34F8FBFF36F8FFEE712
:101D3000206C38B1502080F31188BFF34F8FBFF370
:101D40006F8FFEE7206CA0B103F097F95020EFF3FE
:101D5000118580F31188BFF34F8FBFF36F8FA06B96
:101D600078B1E66839462046FFF73FFEE66001207D
:101D700008E0502080F31188BFF34F8FBFF36F8FBF
:101D8000FEE7002085F31188BDE8F08110B5044618
:101D9000002C06D003F02EF9A46B03F047F920467F
:101DA00010BD502080F31188BFF34F8FBFF36F8FAA
:101DB000FEE710B50446002C08D003F01BF9D4E967
:101DC0000E10441A03F032F9204610BD502080F363
:101DD0001188BFF34F8FBFF36F8FFEE7002801D04C
:101DE000806B7047502080F31188BFF34F8FBFF393
:101DF0006F8FFEE700214C4A02EBC1035B68834210
:101E000006D1002042F8310002EBC1014860704762
:101E1000491C0829F0D3704710B50446002C0BD09C
:101E20002046FFF7E7FF94F8460000280CD1204633
:101E3000BDE8104002F0BCBF502080F31188BFF312
:101E40004F8FBFF36F8FFEE710BD806C70478164CA
:101E5000704790F84C007047002803D0806B48B161
:101E600000207047502080F31188BFF34F8FBFF3DD
:101E70006F8FFEE701207047002805D0816BC06B93
:101E8000814209D101207047502080F31188BFF3AF
:101E90004F8FBFF36F8FFEE70020704710B5002211
:101EA000214B53F832401CB1521C082AF9D310BD03
:101EB00043F8321003EBC201486010BD10B5002496
:101EC0000021194A02EBC1035B68834202D152F838
:101ED000314002E0491C0829F4D3204610BD70B5FA
:101EE00004460D46164603F085F894F944304FF049
:101EF00000005B1C01D184F8440094F94510491C92
:101F000001D184F8450003F091F8A06B28B932465E
:101F1000294604F1240000F099FE2046BDE87040F7
:101F2000FFF7F2B904ED00E048C6012070B50024C7
:101F3000FC4D04EB840005EB8000FFF7F3F8641C14
:101F4000382CF6D3F848FFF7EDF8F7481430FFF7D0
:101F5000E9F8F5482830FFF7E5F8F3483C30FFF79B
:101F6000E1F8F1485030FFF7DDF8F048EE49416301
:101F70001431816370BD70B5044603F03BF8EB4D3E
:101F8000A868401CA860286810B1686938B10CE0E6
:101F90002C60A868012808D1FFF7C8FF05E0286871
:101FA000E16AC06A884200D82C60686A401C686296
:101FB0006064E06A2969884200D92861D94900EB48
:101FC000800001EB8000211DFFF7BAF803F02EF826
:101FD000686900280CD02868E16AC06A884207D284
:101FE000D3494FF080500860BFF34F8FBFF36F8F1E
:101FF00070BD2DE9F05F8246DDE90A590C9C0E4662
:1020000017469B46B900A522206B10F0A1F9206B62
:102010007F1E00EB870020F00707780707D05020CD
:1020200080F31188BFF34F8FBFF36F8FFEE74FF040
:10203000000866B100202218315C82F83410315C4F
:1020400011B1401C1028F6D384F8438001E084F8D5
:102050003480382D00D33725E562E564C4F850801C
:10206000201DFFF76AF804F11800FFF766F82461F5
:10207000C5F13800A0616462C4F85480C4F8588087
:1020800084F85C805A465146384602F017FF2060BB
:10209000B9F1000F01D0C9F80040BDE8F09FF0B5DC
:1020A00085B00746DDE90A600C9C002815D0E4B134
:1020B000602503952063022084F85D00002004ADB4
:1020C000CDE90240CDE900653846FFF792FF204692
:1020D000FFF751FF049805B0F0BD502080F3118840
:1020E000BFF34F8FBFF36F8FFEE7502080F311884F
:1020F000BFF34F8FBFF36F8FFEE72DE9FF5F814680
:10210000DDE90E788A4616469B46B00002F0E5FDF2
:10211000054628000AD0602002F0DFFD04460CB11D
:10212000256304E0284602F043FE00E0002494B159
:10213000002084F85D00CDE90240CDE900785B46DF
:10214000324651464846FFF754FF2046FFF713FF3B
:10215000012004B0A1E74FF0FF30FAE77348416B6C
:102160000968002905D0416BC968C968496881625E
:1021700070474FF0FF318162704710B5044694F804
:102180005D0000280BD0012811D0022814D0502067
:1021900080F31188BFF34F8FBFF36F8FFEE7206B83
:1021A00002F006FE2046BDE8104002F001BE2046C7
:1021B000BDE8104002F0FCBD10BD70B5044602F051
:1021C00019FF5A4D04B92C68201DFEF7DDFFA06AE7
:1021D00018B104F11800FEF7D7FF686A401C686266
:1021E0002868844208D15048211D3C30FEF7A8FFE2
:1021F0006868401C686007E0A868401EA860204628
:10220000FFF7BBFFFFF7AAFF02F010FF6869002885
:1022100014D02868844211D1286B38B1502080F343
:102220001188BFF34F8FBFF36F8FFEE740494FF028
:1022300080500860BFF34F8FBFF36F8F70BD2DE9E3
:10224000F0410026394F386B002805D0B869401C92
:10225000B8613046BDE8F081FD686D1CFD609DB938
:10226000786B006838B1502080F31188BFF34F8F2E
:10227000BFF36F8FFEE7786BB96B7963B863386A29
:10228000401C3862FFF76AFFB86ADFF89880854221
:102290000DD3786B006838B1786BC068C46860682B
:1022A000854212D2B86202E04FF0FF30B86238685F
:1022B000C06A00EB800058F82000012800D90126F0
:1022C000F8690028C5D00126C3E7201DFEF75CFF92
:1022D000A06A18B104F11800FEF756FFE06A3969E8
:1022E000884200D9386100EB800008EB8000211D96
:1022F000FEF726FFE06A3968C96A8842C9D3012619
:10230000C7E72DE9F04100240027084D286B00287D
:1023100010D002F06FFE286B401E2863286B88B136
:102320004FE0000088C60120E8CA012050C001200B
:1023300004ED00E0502080F31188BFF34F8FBFF30E
:102340006F8FFEE7A868E0B3DFF8008401261CE089
:10235000D8F80C00C46804F11800FEF715FF201D22
:10236000FEF712FFE06A2969884200D92861F8491E
:1023700000EB800001EB8000211DFEF7E1FEE06A2A
:102380002968C96A884200D3EE61D8F800000028A5
:10239000DED10CB1FFF7E2FEAC6944B1FFF74FFFAD
:1023A00000B1EE61641E002CF8D10020A861E8693C
:1023B00038B10127E74938070860BFF34F8FBFF3F3
:1023C0006F8F02F033FE384644E72DE9F0410446B2
:1023D0000F46E14EF5683068001DFEF7D5FE601C23
:1023E00008D13FB13168BDE8F041D848091D283017
:1023F000FEF7A6BE2C4430684460AC4206D2316879
:10240000B06B091DBDE8F041FEF7A6BE3168706BE8
:10241000091DFEF7A1FEB06A844200D2B46219E73A
:10242000CD48016B491C0163704770B505460E46E7
:102430000023002D0BD096B1C74A106BB8B15020C5
:1024400080F31188BFF34F8FBFF36F8FFEE75020EB
:1024500080F31188BFF34F8FBFF36F8FFEE75020DB
:1024600080F31188BFF34F8FBFF36F8FFEE7FFF745
:10247000D7FFD2682C68A119944205D98C4208D99B
:10248000914206D9012304E08C4201D8914200D93F
:10249000012329601BB1881A0021FFF796FFFFF77F
:1024A00030FF002807D1AB494FF080500860BFF3E0
:1024B0004F8FBFF36F8F70BD10B502460020002A0A
:1024C00012D0A548006B38B1502080F31188BFF3BB
:1024D0004F8FBFF36F8FFEE7FFF7A2FF002110467B
:1024E000FFF773FFFFF70DFF002807D199494FF061
:1024F00080500860BFF34F8FBFF36F8F10BD2DE981
:10250000F0410446002C05D0934F3868844209D12D
:1025100000209FE6502080F31188BFF34F8FBFF358
:102520006F8FFEE702F066FD65697E6BBF6B02F0A0
:102530007DFDB54201D0BD4201D102208AE683482B
:10254000283085420BD1A06A08B1022082E694F8B7
:102550005C00012801D003207CE602207AE67B485B
:102560001430854202D00DB1012073E6042071E6DB
:1025700010B5044602F03EFD0CB977480468E46AE1
:1025800002F054FD204610BD10B5044602F075FD62
:102590005020EFF3118180F31188BFF34F8FBFF309
:1025A0006F8F0CB96C480468E06A81F3118810BD24
:1025B0002DE9F04104460D460026382D07D3502062
:1025C00080F31188BFF34F8FBFF36F8FFEE702F0E8
:1025D00011FD614F04B93C68E06CA84239D08542D6
:1025E00008D939688C4209D03968C96AA94205D826
:1025F000012603E039688C4200D10126E16A884255
:1026000000D1E562E564A069002802DBC5F138006D
:10261000A0614F4D01EB8101606905EB81018842AA
:102620000ED1201DFEF7B0FDE06A3969884200D95D
:10263000386100EB800005EB8000211DFEF780FD76
:102640003EB144494FF080500860BFF34F8FBFF355
:102650006F8FBDE8F04102F0E9BC10B53E4B186B3E
:10266000002802D00120D86110BD0020D86118696F
:10267000374901E0C0B1401E00EB800251F8222032
:10268000002AF7D000EB800201EB82014A68526811
:102690004A6001F10804A24201D152684A604968C7
:1026A000C9681960186110BD502080F31188BFF30C
:1026B0004F8FBFF36F8FFEE770B5044602F09AFCB0
:1026C000254D04B92C68201DFEF75EFDA06A18B1E7
:1026D00004F11800FEF758FD1C48211D2830FEF7B4
:1026E0002FFD94F85C000026012801D184F85C607D
:1026F00002F09CFC686928B102F07CFCFFF72EFD1B
:1027000002F094FC2868844213D1686990B1286B68
:1027100038B1502080F31188BFF34F8FBFF36F8F14
:10272000FEE70C494FF080500860BFF34F8FBFF3B6
:102730006F8F70BD054828300068A968884201D1B4
:102740002E6070BDBDE8704087E7000010CB01200F
:1027500088C6012004ED00E050C0012000210028BF
:102760000AD0F94B42699A420FD1806AA3F128023C
:1027700090420AD040B108E0502080F31188BFF3A6
:102780004F8FBFF36F8FFEE701210846704770B58A
:10279000044600282AD0ED4D286884422ED002F04D
:1027A00029FC2046FFF7DAFFE0B1201DFEF7ECFC24
:1027B000E06A2969884200D92861E54900EB800078
:1027C00001EB8000211DFEF7BBFCE06A2968C96AA5
:1027D000884207D3DF494FF080500860BFF34F8F26
:1027E000BFF36F8FBDE8704002F020BC502080F333
:1027F0001188BFF34F8FBFF36F8FFEE770BD2DE9D8
:10280000F0410026044600281BD002F036FC502080
:10281000EFF3118580F31188BFF34F8FBFF36F8FF4
:102820002046FFF79BFF40B1C84F386B88B1C648C0
:1028300004F118012838FEF783FC85F3118830462F
:1028400008E5502080F31188BFF34F8FBFF36F8FDF
:10285000FEE7E06A3968C96A884200D30126201D74
:10286000FEF792FCE06A3969884200D93861B849BC
:1028700000EB800001EB8000211DFEF761FCDCE72E
:1028800070B5B14EB14D143E11E002F0B3FBF068EB
:10289000C468201DFEF778FCA868401EA860686820
:1028A000401E686002F0C2FB2046FFF766FC6868C5
:1028B0000028EAD170BDA64E4FF08054A54DFFF719
:1028C000DFFF30680128FAD92C60BFF34F8FBFF3C8
:1028D0006F8FF4E730B587B000250695059504AAFB
:1028E00005A906A802F095F9DDE90510CDE900512A
:1028F0000290002398A19A48049AFFF7D0FB934CCA
:10290000E06208B1012000E00020012801D100F0C0
:102910000BFF012809D0401C19D1502080F31188E9
:10292000BFF34F8FBFF36F8FFEE7502080F3118806
:10293000BFF34F8FBFF36F8F4FF0FF30A0620120C6
:102940006061E56007B0BDE8304002F0D6BA07B07C
:1029500030BD502080F31188BFF34F8FBFF36F8FCE
:102960007A490020486102F037BB7848C068704758
:1029700010B502F082FB7548C06810BD73488068CE
:102980007047002801D17148006808B134307047A1
:10299000502080F31188BFF34F8FBFF36F8FFEE796
:1029A000002101E0401C491C0278A52AFAD08808C1
:1029B00080B270472DE9F0410C4617466349002864
:1029C00015D00546256005F134006060E86A206195
:1029D000286BE061686CA060E86C60610026A6610D
:1029E000052B12D00868854203D1267311E00D68CB
:1029F000E8E72373032B0CD1FFF712FDA86A08B197
:102A000002202073FFF77DFC03E02846FFF777FDE7
:102A1000207327B1286BFFF7C3FF20841AE42684B4
:102A200018E42DE9F04780460C46914600262068C0
:102A3000002821D0214648684068486001F1080715
:102A4000B84201D1406848604868D0F80CA060687E
:102A500045686560BD4201D1696861606068C568AC
:102A600006EBC60008EB80014B4601222846FFF723
:102A7000A1FF761C5545EAD13046BDE8F0872DE927
:102A8000F04706460B46174600243825FFF7C8FCDA
:102A9000DFF8B880D8F8080083423AD3DFF8B09066
:102AA0006D1E05EB850009EB800104EBC40006EB0D
:102AB00080000122FFF7B5FF0444002DF0D104EBA4
:102AC000C40006EB80000222D8F83410FFF7A9FFFB
:102AD000044404EBC40006EB80000222D8F838104E
:102AE000FFF79FFF0444184904EBC40006EB800085
:102AF00004221439FFF795FF044404EBC40006EBED
:102B0000800003221049FFF78CFF04440FB100201E
:102B10003860FFF7F6FB2046AFE710B503460B4AD7
:102B2000116B002907D0502080F31188BFF34F8F1D
:102B3000BFF36F8FFEE7FFF773FC9169C8189061D0
:102B4000BDE81040FFF7DDBB38CB012050C00120AD
:102B500088C6012004ED00E049444C450000000017
:102B6000B728030870B50D46002807D0044602F0C8
:102B700041FA6565BDE8704002F058BAFA48046849
:102B8000F5E710B5002807D0044602F033FA646D6B
:102B900002F04CFA204610BDF3480468F5E700281F
:102BA00001D1F14800685022EFF3118182F31188BE
:102BB000BFF34F8FBFF36F8F406D81F31188704764
:102BC000002801D1E8480068426D0AB10846104764
:102BD0000020704710B50C4600280AD0E249096869
:102BE0001831FEF7B9FA2046BDE810400121FFF781
:102BF000ECBB502080F31188BFF34F8FBFF36F8F72
:102C0000FEE710B51446002810D0D74B1A6BAAB1B6
:102C10001A6841F00041916119681831FEF790FA85
:102C20002046BDE810400121FFF7CFBB502080F3C4
:102C30001188BFF34F8FBFF36F8FFEE7502080F3F3
:102C40001188BFF34F8FBFF36F8FFEE770B50D464E
:102C5000144600280DD0C44909681831FEF770FAEF
:102C60000CB14FF0FF3521462846BDE87040FFF714
:102C7000ACBB502080F31188BFF34F8FBFF36F8F31
:102C8000FEE770B5C068C468002C14D004F11800C9
:102C90000646FEF779FAB44D2A6BA2B13146B34825
:102CA000FEF74EFAE06A2968C96A88421CD90120F9
:102CB0000121E96170BD502080F31188BFF34F8F6F
:102CC000BFF36F8FFEE7201DFEF75EFAE06A296909
:102CD000884200D92861A64900EB800001EB800002
:102CE000211DFEF72DFADDE7002070BD70B59E4D69
:102CF0002A6B002A1ED041F000410160C4680CB369
:102D0000FEF742FA201DFEF73FFAE06A2969884281
:102D100000D92861964900EB800001EB8000211D5D
:102D2000FEF70EFAE06A2968C96A884201D90120D3
:102D3000E86170BD502080F31188BFF34F8FBFF35F
:102D40006F8FFEE7502080F31188BFF34F8FBFF3E2
:102D50006F8FFEE710B50446002C0AD002F04AF946
:102D60008148016A2160C0686060BDE8104002F0DF
:102D70005DB9502080F31188BFF34F8FBFF36F8F81
:102D8000FEE779490A6A0260C968416070472DE927
:102D9000F04105460C46002D11D0C4B102F02AF9CD
:102DA000714EF0686B68C11A2268571C17D02F68E3
:102DB000366AB74215D0834213D801241DE0502053
:102DC00080F31188BFF34F8FBFF36F8FFEE7502062
:102DD00080F31188BFF34F8FBFF36F8FFEE700249E
:102DE0000BE08A4206D9501A20602846FFF7C9FF37
:102DF000002402E000202060012402F017F92046A0
:102E00001EE559490120C8617047002801D0806C37
:102E1000704700207047002800D081647047002868
:102E200001D151480068006BBAE54F48006870470F
:102E30004D484169002903D0006B18B1002070474C
:102E4000012070470220704770B504460020002C16
:102E50002CD0454DE16A2A68D26A914227D2A069F6
:102E6000002804DB2868C06AC0F13800A061E06A6D
:102E70003F4E00EB8000616906EB8000814211D17A
:102E8000201DFEF781F92868C06AE062296988423E
:102E900000D9286100EB800006EB8000211DFEF7C1
:102EA0004FF902E02868C06AE062012070BDE16C61
:102EB0002A68D26A9142F9D2012070BD70B50446E9
:102EC0000020002C2BD0284D29688C4207D05020A0
:102ED00080F31188BFF34F8FBFF36F8FFEE7216D33
:102EE000F1B1491E2165E36CE26A9A4217D00029CC
:102EF00015D1201DFEF748F9E06CE062C0F1380002
:102F0000A061E06A2969884200D92861184900EB6C
:102F1000800001EB8000211DFEF712F9012070BD39
:102F2000502080F31188BFF34F8FBFF36F8FFEE700
:102F300070B50B460446002844D0226DD2B1E16C36
:102F4000994200D21946E06A88423BD0012A39D121
:102F5000054D2A68944215D1502080F31188BFF3A3
:102F60004F8FBFF36F8FFEE750C0012010CB0120C1
:102F700088C60120502080F31188BFF34F8FBFF324
:102F80006F8FFEE7E162A269002A02DBC1F138011E
:102F9000A161F94E00EB8000616906EB800081427F
:102FA00010D1201DFEF7F0F8E06A2969884200D9A7
:102FB000286100EB800006EB8000211DBDE8704019
:102FC000FEF7BEB870BDED49086880690A680968F7
:102FD000D26AC2F138028A617047E849086800285D
:102FE00003D00868026D521C02650868704770B50E
:102FF00006460C4601F0FEFFE04D2868806D80B962
:103000002A68012082F85C005CB101212046FFF7AC
:10301000DCF9DB494FF080500860BFF34F8FBFF3FE
:103020006F8F02F003F801F0E5FF2868846D00203F
:1030300034B116B12968886502E02A68611E91657D
:10304000296881F85C0001F0F1FF204670BD2DE990
:10305000F04781460F461646984601F0CBFFC74D14
:10306000286890F85C00022817D02C68A06D20EA30
:103070000900A0652968012081F85C00B8F1000F03
:103080000BD001214046FFF7A0F9BD494FF0805019
:103090000860BFF34F8FBFF36F8F01F0C7FF01F0E0
:1030A000A9FF16B12868806D3060286890F85C0030
:1030B000022801D0002404E02868816DB9438165AD
:1030C00001242968002081F85C0001F0AFFF204650
:1030D000D3E42DE9F0410D4690461F460126002815
:1030E00012D0044601F086FF0FB1A06D386094F84D
:1030F0005C00022184F85C10B8F1050F1CD2DFE8F7
:1031000008F0260B0F131500502080F31188BFF331
:103110004F8FBFF36F8FFEE7A16D2943A16516E0C6
:10312000A16D491CA16512E0A56510E0022801D03F
:10313000A5650CE000260AE0A16D491C07D05020CF
:1031400080F31188BFF34F8FBFF36F8FFEE7012825
:1031500027D1201DFEF718F8884DE06A29698842BA
:1031600000D92861844900EB800001EB8000211D1B
:10317000FDF7E6FFA06A38B1502080F31188BFF355
:103180004F8FBFF36F8FFEE7E06A2968C96A8842F4
:1031900007D97B494FF080500860BFF34F8FBFF3D2
:1031A0006F8F01F043FF304638E42DE9F0470446C5
:1031B000DDF820800D4691469A460127002C1DD04F
:1031C00001F05BFF5020EFF3118680F31188BFF30D
:1031D0004F8FBFF36F8FBAF1000F02D0A06DCAF806
:1031E000000094F85C00022184F85C10B9F1050F2E
:1031F0001CD2DFE809F0260B0F131500502080F3D6
:103200001188BFF34F8FBFF36F8FFEE7A16D294386
:10321000A16516E0A16D491CA16512E0A56510E04D
:10322000022801D0A5650CE000270AE0A16D491C29
:1032300007D0502080F31188BFF34F8FBFF36F8FFB
:10324000FEE701281DD1A06A38B1502080F3118813
:10325000BFF34F8FBFF36F8FFEE7484D286BA0B1D0
:1032600004F118014748FDF76BFFE06A2968C96A55
:10327000884206D90120B8F1000F01D0C8F800003B
:10328000E86186F31188384646E4201DFDF77CFF8F
:10329000E06A2969884200D9286100EB800136483C
:1032A00000EB8100211DFDF74BFFDEE72DE9F0412A
:1032B00004460F46002C15D001F0DFFE5020EFF33E
:1032C000118680F31188BFF34F8FBFF36F8F94F88F
:1032D0005C00022184F85C10A16D491CA1650128E5
:1032E00008D022E0502080F31188BFF34F8FBFF346
:1032F0006F8FFEE7A06A38B1502080F31188BFF3CA
:103300004F8FBFF36F8FFEE71C4D286B80B104F128
:1033100018011C48FDF714FFE06A2968C96A884251
:1033200003D9012007B13860E86186F3118867E5A9
:10333000201DFDF729FFE06A2969884200D928612C
:103340000D4900EB800001EB8000211DFDF7F8FE28
:10335000E2E710B500280BD0044601F04BFE94F8CC
:103360005C00022810D0002401F060FE204610BD51
:1033700002480468F1E7000088C6012050C001201F
:1033800004ED00E010CB0120002084F85C00012453
:10339000EAE770B50E46084D00280BD0044601F050
:1033A00029FE2868856DA06DB043A06501F03EFE42
:1033B000284670BD2C68F2E750C0012070B500248B
:1033C00041600061FD4D91420AD8D11A8269914253
:1033D00001D301240EE0011D2869FDF7BDFE09E0BF
:1033E0009A4203D2994201D3012403E0011DE86807
:1033F000FDF7B2FE204670BD2DE9FF4106460A9F4B
:103400009C460020002E15D0EC4D2C68002C0ED0D0
:1034100000910192029606291BDAFFF709FD0228A6
:1034200010D000231A4669462868FDF7E8FF04B06B
:10343000BDE8F081502080F31188BFF34F8FBFF3B8
:103440006F8FFEE700233A4669462868FDF7D7FFED
:10345000EDE70023624669462046FEF718FAE6E7E4
:10346000F8B5D64E20E0C0680568C468201DFDF799
:103470008BFE216A2046884794F82800400713D520
:10348000A0692844A84206D960602461211DF06823
:10349000FDF762FE08E000200346014600902A4640
:1034A0002046FFF7A9FF40B1F06801680029DAD192
:1034B000F0683169F1603061F8BD502080F3118807
:1034C000BFF34F8FBFF36F8FFEE770B50546FFF771
:1034D0004CFA0446B94EB068844204D2FFF7C0FFEC
:1034E0000120286001E000202860B460204670BD03
:1034F00030B587B0B14D6EE00398002803DADDE9FE
:103500000420069990470398002864DB059C6069B5
:1035100010B1201DFDF738FE02A8FFF7D6FF0246C6
:1035200003980A2857D2DFE800F00505052D334A35
:1035300005052D3394F8280040F0010084F8280098
:103540000498A169034601442046FFF737FF68B39A
:10355000216A2046884794F8280040073BD5002080
:1035600000900498A1690023421819462046FFF7ED
:1035700043FFD8B9502080F31188BFF34F8FBFF3BA
:103580006F8FFEE714F8280F20F00100207022E072
:1035900094F8280040F0010084F828000498A06105
:1035A00028B1811813462046FFF708FF13E050208A
:1035B00080F31188BFF34F8FBFF36F8FFEE794F84E
:1035C0002800810703D4204601F0F2FB03E020F03D
:1035D000010084F82800002203A92868FEF719FAE0
:1035E000002889D107B030BDF8B505460E467348AE
:1035F000C068C068C468201DFDF7C6FD94F82800A7
:10360000410718D5A0692B46411932462046FFF7DD
:10361000D5FEA0B100200346014600902A46204670
:10362000FFF7EAFE58B9502080F31188BFF34F8F9F
:10363000BFF36F8FFEE720F0010084F82800216AB5
:1036400001B02046BDE8F0400847F8B506460D46F3
:10365000FEF7E6FE6846FFF738FF0446009810B113
:10366000FEF74FFEF8BD45B9A64206D8FEF749FE63
:1036700021463046FFF7B8FFF8BD50481DB101693B
:10368000096891B10025311B2A460068FEF727FC26
:10369000FEF737FE0028EFD149494FF0805008600F
:1036A000BFF34F8FBFF36F8FF8BD0125EBE74349A1
:1036B000CA681168002904D00021016019B10020F6
:1036C00070470121F9E7D0680068704708B568467F
:1036D000FFF7EDFF0099FFF7B8FFFFF709FFF6E7E7
:1036E00038B501F087FC354C2068C8B93548FDF77E
:1036F00019FD34481430FDF715FD3248E0601430F0
:103700002061304B0020F03B009003F1500210216B
:103710000A20FDF7A1FD206010B12BA1FEF7BEFB32
:10372000BDE8384001F082BC30B587B00024FFF717
:10373000D7FF224D2868B0B100200690059004AA5A
:1037400005A906A801F06EFADDE905100222CDE90F
:103750000021029000231EA11F48049AFEF79FFC3F
:10376000686000B101240CB120463BE7502080F393
:103770001188BFF34F8FBFF36F8FFEE72DE9F0473E
:103780000646DDE908940D4617469846002D25D0DB
:10379000002C11D0FFF7A4FF2660A561C4F81C809F
:1037A000C4F82090201DFDF7C8FC002F04D014F8A9
:1037B000280F40F004002070BDE8F087580000207A
:1037C00004ED00E0CC670020546D72510000000051
:1037D000546D722053766300CD360308502080F379
:1037E0001188BFF34F8FBFF36F8FFEE72DE9FC47C2
:1037F00006460A9D0F46904699462C2001F06DFA28
:10380000044654B1002084F82800CDE900544B460A
:10381000424639463046FFF7B1FF2046BDE8FC87F7
:103820007CB50646DDE906042C250195002C09D05F
:10383000022584F82850CDE900043046FFF79EFFAA
:1038400020467CBD502080F31188BFF34F8FBFF31B
:103850006F8FFEE76C484068002807D1502080F346
:103860001188BFF34F8FBFF36F8FFEE770470028BB
:1038700001D080697047502080F31188BFF34F8FCB
:10388000BFF36F8FFEE770B50D460446002808D0E1
:1038900001F0B0FB6DB114F8280F40F00400207067
:1038A0000CE0502080F31188BFF34F8FBFF36F8F70
:1038B000FEE714F8280F20F004002070BDE87040E7
:1038C00001F0B4BB10B50446002807D001F092FB0C
:1038D00094F82800400709D4002408E0502080F321
:1038E0001188BFF34F8FBFF36F8FFEE7012401F004
:1038F0009DFB204610BD002801D040687047502035
:1039000080F31188BFF34F8FBFF36F8FFEE700285E
:1039100001D000687047502080F31188BFF34F8FAB
:10392000BFF36F8FFEE710B5044600280AD001F000
:1039300061FB94F82800C0070CD0012401F076FB4D
:10394000204610BD502080F31188BFF34F8FBFF386
:103950006F8FFEE70024F1E710B50446002806D07B
:1039600001F048FBE46901F061FB204610BD5020E6
:1039700080F31188BFF34F8FBFF36F8FFEE770B5F1
:103980000D460446002806D001F034FBE561BDE891
:10399000704001F04BBB502080F31188BFF34F8F74
:1039A000BFF36F8FFEE77FB51D466FF001040094F3
:1039B000019002910392144800232A466946006848
:1039C000FDF765FF04B070BD7FB504461E460E4886
:1039D000006800280BD04FF0FF350095019402914C
:1039E0000392002332466946FDF709FDEAE75020BD
:1039F00080F31188BFF34F8FBFF36F8FFEE7406AEC
:103A000070474162704700005800002010B54FF029
:103A1000E0200069FFF70CFA012803D0BDE8104050
:103A200001F017BB10BDEFF30580002802D06FF046
:103A300005007047FE48016811B14FF0FF30704734
:103A4000012101600020704710B50B46002802D00C
:103A5000F849016041603BB132B1112A00D911220D
:103A6000F5A118460EF0FDFB002010BD10B5FFF7C4
:103A7000DFF948B1022805D0ED480068012805D0DB
:103A8000002010BD022010BD032010BD012010BD7C
:103A900010B5EFF30580002802D06FF0050010BDCF
:103AA000E3480168012902D04FF0FF3010BDE74A1A
:103AB0000021117002210160FEF70CFF002010BDF3
:103AC00010B5EFF30580002802D06FF0050010BD9F
:103AD000FFF7AEF920B1022804D04FF0FF3010BD3F
:103AE000012010BDFEF79CFC002010BD70B5EFF367
:103AF0000580002802D06FF0050407E0FFF798F971
:103B00004FF0FF3520B102280DD02C46204670BD65
:103B10000124FEF7F6FB0128F8D0FFF789F9002809
:103B2000F4D12C46F2E70024F0E770B50446EFF339
:103B3000058010B16FF0050407E0FFF779F94FF049
:103B4000FF3520B1022802D02C46204670BD012C42
:103B500002D024B12C46F8E7FEF762FCF5E7FEF749
:103B6000D0FB0128F1D0FFF763F90228EDD02C46F5
:103B7000EBE7EFF30580002801D0FEF7F9BEFEF772
:103B8000F4BE4FF47A7070474FF0E02148698969BC
:103B9000401A70474FF0E0200069C0F300407047C2
:103BA0004FF0E0204069401C704770B5EFF3108083
:103BB000002802D1EFF3118008B1012500E00025B3
:103BC00072B6FEF7D2FE0446FFF7DEFF0646FFF7A9
:103BD000E1FF18B1FFF7D8FF0646641CFFF7E0FFCE
:103BE00004FB0060002D00D162B670BD98480068EB
:103BF00070472DE9FF470B464FF00008CDF80C80C9
:103C0000EFF30581A1BB98B34FF40076182400258B
:103C1000691E72B3176807B13D46976907B13C4604
:103C2000671E382F02D21779FF0703D0002004B097
:103C3000BDE8F087576907B1BE08D2F808C0BCF1EB
:103C4000000F0CD0D2F80C90B9F1600F07D3D2F866
:103C50001090B9F1000F02D00FB101210BE0BCF1BF
:103C6000000F08D1D76837B9176927B9002102E0DA
:103C70001BE0FFE70021012901D059B115E091684F
:103C800012690291CDE9004232462946FEF707FA51
:103C900003900AE003A9CDE90041B2B22946FEF73C
:103CA0002CFA012801D0CDF80C800398BFE7EFF380
:103CB0000581002902D108B1FEF763BE00207047DC
:103CC000FFF7B3B810B54FF0FF34EFF3058149B9F2
:103CD00040B1FEF714FC05280ED2DFE800F005071E
:103CE00009090B00204610BD022010BD012010BDA7
:103CF000032010BD042010BD204610BD10B5EFF309
:103D00000581002904D118B1FFF789F8800010BDA2
:103D1000002010BD10B5EFF30582002A02D06FF02D
:103D200005040AE018B1012901DB382902DD6FF032
:103D3000030402E00024FEF73BFC204610BDEFF335
:103D40000581002902D108B1FEF712BC4FF0FF3007
:103D50007047EFF30580002802D06FF00500704730
:103D600000203A4A4FF080511B3A1160BFF34F8F49
:103D7000BFF36F8F704710B5EFF30581002902D0B4
:103D80006FF0050403E020B10024FEF795FC204607
:103D900010BD6FF00304FAE710B5EFF305810029B9
:103DA00002D06FF0050403E020B10024FEF7EFFC21
:103DB000204610BD6FF00304FAE70020FEF7FDF97E
:103DC000FEE770B50546EFF3058010B16FF005040E
:103DD0000FE04DB12846FEF792FB042807D00024DF
:103DE0002846FEF7EAF904E06FF0030401E06FF003
:103DF0000204204670BDEFF30580002801D00020AA
:103E00007047FEF7BBBD2DE9F04106460F46EFF3C4
:103E1000058038BB36B32FB3FEF702FBFEF7AEFDCD
:103E2000044604EBC400800000F057FF054611E093
:103E30006C00002031F5F5054672656552544F530C
:103E4000205631302E332E31000000001FED00E0EF
:103E500000C00120280012D000222146FEF70FFEEC
:103E6000002408E000240FE004EBC40155F8211001
:103E700046F82410641C844201D2BC42F4D3FEF7FD
:103E800040FA284600F094FF2046BDE8F0813EB598
:103E90000446002C01D0002903DA6FF003000290E1
:103EA0002BE04FF0FF300290EFF30580D0B10025FA
:103EB000019501A80090002301222046FFF775F923
:103EC000002202AB114620460095FFF76EF90198DB
:103ED00098B1FA494FF080500860BFF34F8FBFF39D
:103EE0006F8F0AE0002301222046FFF7F2F800223C
:103EF00002AB11462046FFF7ECF802983EBDF8B53C
:103F00000546EFF3058010B16FF0050412E0002DB7
:103F100002DA6FF003040DE0FEF787FF0746002288
:103F20006B4611463846FFF7D4F84FF0FF360128AC
:103F300002D034462046F8BD009C24EA05010091D9
:103F4000002303223846FFF7C4F80128F2D0344694
:103F5000F0E708B5EFF30580002803D06FF0050007
:103F600000900BE0FEF761FF00226B461146FFF761
:103F7000B0F8012802D04FF0FF300090009808BD43
:103F80002DE9FC5F064689461746EFF3058010B120
:103F90006FF0050422E0002E02DA6FF003041DE04A
:103FA0005FEA897002D50020009000E000960024AE
:103FB0003D46FEF7DAFC82466FF0020B2B4601AA63
:103FC00000200099FFF743F88046B8F1010F08D0B0
:103FD00017B36FF00104B8F1000FEFD12046BDE830
:103FE000FC9F3440019804435FEAC97005D036EA6B
:103FF0000400F3D027B95C46F0E72642EED13FB18A
:10400000FEF7B3FCA0EB0A00A84203D90025E2E7C3
:104010005C46E3E72D1ADEE75C46DCE710B5EFF31C
:104020000581002902D06FF0050403E0002408B1E7
:10403000FEF742FA204610BD38B50546EFF305807D
:1040400010B16FF005040CE00024FEF78EFC009028
:10405000291A002903DD6846FEF7E7F901E06FF051
:104060000304204638BD10B5FFF776FC002804D0C5
:1040700006C8BDE810401046084710BD2DE9FC47B2
:104080000746884691461C464FF00006EFF3058030
:1040900088BB87B3082000F020FE0546280035D0F5
:1040A0002F60C5F80490B8F1000F0ED001224FF038
:1040B000FF31002084B1236803B11846A36833B1EF
:1040C000E7682C2F03D3012107E00022EFE723B993
:1040D000E36813B9002100E00021794B012901D0E8
:1040E00051B10FE0A168CDE900312B460121FFF766
:1040F00097FB064606E009E000932B460121FFF7F7
:1041000075FB064616B9284600F052FE3046BDE85B
:10411000FC87EFF30581002902D108B1FFF7F7BB57
:104120000020704708B5EFF30583002B02D06FF035
:10413000050008BD50B100230A4604210093FFF793
:104140005BF9012805D06FF0020008BD6FF0030095
:1041500008BD002008BD38B50446EFF3058010B156
:104160006FF0050038BD84B12046FFF7DCFB78B165
:10417000002003460246009003212046FFF73CF949
:10418000012808D04FF0FF3038BD6FF0030038BD74
:104190006FF0020038BD002038BDEFF30581002923
:1041A00002D108B1FFF7BFBB0020704738B5044605
:1041B000EFF3058010B16FF0050038BD84B12046E3
:1041C000FFF7CAFB05460020034602460090052182
:1041D0002046FFF711F9012805D06FF0020038BD25
:1041E0006FF0030038BD284600F0E2FD002038BD26
:1041F00010B54FF00002EFF3058100291AD1491ED6
:1042000058B1836823B1C468202C01D3012105E093
:1042100023B9C36813B9002100E00021012901D0AE
:1042200029B107E08068FCF7ADFD024602E0FCF72B
:10423000C0FD0246104610BD38B50C46002802D01D
:10424000210E002902D06FF0030038BDEFF3058185
:10425000B1B1002100916A462146FCF752FF60B1DE
:10426000204600990029F0D0144A4FF08051116087
:10427000BFF34F8FBFF36F8F38BD6FF0020038BDB3
:104280002146FCF7A4FD38BD70B504460E46002C4F
:1042900002D0300E002802D06FF0030517E0EFF3D4
:1042A000058078B12046FCF7F9FE054631462046E8
:1042B000FCF7EDFE58B96FF0020508E004ED00E0F0
:1042C0006740030831462046FCF7BFFE05462846F6
:1042D00070BD002804D0EFF3058119B1FCF7DEBEF4
:1042E000002070470021FCF7B0BEF8B50C4615461B
:1042F0001E46002802D0210E002902D06FF00300D4
:10430000F8BDEFF3058111B16FF00500F8BDE907C5
:1043100001D0012300E00023A90701D5002200E01D
:10432000012221460096FCF70FFEE9076FF001021B
:104330006FF0020306D08443E8D00EB11046F8BDFA
:104340001846F8BD0442FCD10EB11046F8BD18461F
:10435000F8BD10B5EFF30581002902D06FF0050418
:1043600003E020B10024FCF7A6FE204610BD6FF04C
:104370000304FAE770B504464FF00005EFF305803B
:1043800088BB0CB1606800E00020C10701D00126A5
:1043900000E00026000737D44FF0FF305CB1A16881
:1043A00021B1E268502A01D3012005E021B9E1687A
:1043B00011B9002000E00020012801D068B117E009
:1043C0002EB10420A168FDF7E1F8054610E00120B8
:1043D000A168FDF7DBF805460AE02EB10420FDF7E1
:1043E000C9F8054604E00FE00120FDF7C3F80546D3
:1043F00035B10CB1216800E000212846FDF74EFDE3
:1044000015B10EB145F00105284670BD2DE9F0410A
:1044100002460D4622F0010002F001014FF00004B7
:10442000EFF305820AB1A41F1BE060B16FF0010633
:104430006FF0020761B12946FDF7C9F9012810D0D4
:1044400025B134460DE06FF003040AE03C4608E075
:104450002946FDF700F9012803D00DB1344600E0EC
:104460003C46204611E570B5014621F0010001F0FF
:1044700001014FF00004EFF305820AB1A41F14E01C
:1044800040B16FF0020541B1FDF7ABF801280CD047
:104490002C460AE06FF0030407E000231A46194691
:1044A000FCF7ADFF012800D02C46204670BD20F05F
:1044B0000100EFF30581002902D108B1FDF774B8BE
:1044C0000020704770B520F00105EFF3058000284B
:1044D00002D06FF0050407E045B12846FDF78AFCDD
:1044E00000242846FDF798FC204670BD6FF00304B9
:1044F000FAE7F8B50E4614464FF00005EFF30581D4
:1045000000294DD1B8B386424AD84A1E5CB1A3688F
:1045100023B1E168502901D3012205E023B9E16804
:1045200011B9002200E00022511C39D0012809D025
:10453000012A2BD03146FDF78CF90546DDB15CB37D
:1045400021682AE0012A17D0032200210120FCF76C
:10455000B9FE0546002DF1D0002EEFD000231A46FB
:1045600019462846FCF74BFF0128E7D02846FDF7FF
:1045700053FC0025E2E713E00320009000221146DF
:104580000120A368FCF768FE0546E3E73146A26810
:10459000FDF73EF90546D1E700212846FDF77EFCF0
:1045A0002846F8BDF8B50D460024221F561C0028E9
:1045B00005D0EFF30581C1B11DB114461FE01446CB
:1045C0001DE0002100916A46FDF755FB012801D04E
:1045D000344614E0009890B1F7494FF080500860DD
:1045E000BFF34F8FBFF36F8F09E02946FDF733F814
:1045F000012804D015B16FF0010400E034462046D4
:10460000F8BD38B50024E51E00280BD0EFF3058176
:10461000B1B1002100916946FDF798F9012804D055
:104620002C4615E06FF0030412E0009880B1E249D7
:104630004FF080500860BFF34F8FBFF36F8F07E0DC
:1046400000231A461946FCF7DAFE012800D02C4652
:10465000204638BD002804D0EFF3058119B1FDF7DD
:10466000BDBB00207047FDF791BB70B50446EFF36A
:10467000058010B16FF0050507E044B12046FDF755
:10468000B9FB00252046FDF7C7FB284670BD6FF03B
:104690000305FAE7F8B514464FF00005EFF305827D
:1046A000002A33D190B389B3521EB4B1A3685BB171
:1046B000E668502E08D3266936B1676900FB01F61B
:1046C000B74201D3012209E043B9E36833B9236952
:1046D00023B9636913B9002200E00022012A01D046
:1046E00042B10BE000220092A3682269FCF7B4FDFE
:1046F000054603E00022FCF7E5FD054635B10CB1A7
:10470000216800E000212846FDF7C8FB2846F8BDD7
:10471000F8B51D466FF003036FF002064FF000047A
:10472000EFF30582CAB108B101B10DB11C4623E017
:104730000022009200236A46FDF7A9F8012801D063
:10474000344619E00098B8B19B494FF0805008609A
:10475000BFF34F8FBFF36F8F0EE050B149B100230D
:104760002A46FCF74CFE012806D025B16FF0010463
:1047700002E01C4600E034462046F8BDF8B51D4670
:104780006FF003036FF002064FF00004EFF30582B1
:10479000C2B108B101B10DB11C4621E00022009266
:1047A0006A46FDF768FA012801D0344618E00098FF
:1047B000B0B181494FF080500860BFF34F8FBFF315
:1047C0006F8F0DE048B141B12A46FDF722F901286B
:1047D00006D025B16FF0010402E01C4600E034462B
:1047E0002046F8BD002801D0C06B704700207047FC
:1047F000002801D0006C704700207047002804D0CA
:10480000EFF3058119B1FDF7E9BA00207047FDF714
:10481000BDBA002811D0EFF3058181B15022EFF32A
:10482000118182F31188BFF34F8FBFF36F8FC26B7B
:10483000806B101A81F31188704700207047FDF7D4
:10484000B8BA10B5EFF30581002902D06FF0050466
:1048500004E028B100240021FCF7AAFC204610BD8A
:104860006FF00304FAE770B50446EFF3058010B16A
:104870006FF0050507E044B12046FDF7BBFA0025BF
:104880002046FDF7C9FA284670BD6FF00305FAE728
:104890002DE9F05F804689461546EFF3058008B1A3
:1048A00000246DE0B8F1000F19D0B9F1000F16D057
:1048B00009F10300800800FB08F04FEA800B4FF07D
:1048C000000A4FF0FF363746F5B1286800B182463E
:1048D000A86830B1E968742903D3012605E00024F3
:1048E0004EE010B9E86800B90026286908B969697E
:1048F00019B158B1800702D008E0002706E06869C6
:10490000584503D3012701E000260027F6B1AC6823
:1049100054B104F1240241464046FCF779FF60603F
:1049200010B1C7B12869A06024B3A06810B30020FB
:104930002060C4F80CB0C4F810A0C4F81490C4F8F7
:104940001880E0611D48206256B10DE0742000F02F
:10495000C4F90446DCE7584600F0BFF9A060E3E77D
:10496000206A40F00100206257B9206A40F002003E
:10497000206205E01EB914B1204600F019FA0024A7
:104980002046BDE8F09FEFF30581002901D000200B
:104990007047010001D00069704700207047002275
:1049A000D0E90631994205D24369826803FB0122AE
:1049B000491CC1611046704704ED00E00000ED5E47
:1049C000024600201168002902D0084601681160E3
:1049D000704770B5002808D000250446206A964E1E
:1049E00026EA0000002802D03BE0002539E0EFF382
:1049F000058000B3A9BB002211466068FDF73BF9B2
:104A000001282ED1206A86432BD15020EFF3118646
:104A100080F31188BFF34F8FBFF36F8F2046FFF7EE
:104A2000CFFF0546280003D12046FFF7B8FF054613
:104A300086F3118815E06068FCF70DFE012810D19F
:104A4000206A86430DD100F0D5FA2046FFF7B8FF63
:104A50000546280003D12046FFF7A1FF054600F0D8
:104A6000E5FA284670BD02680A6001607047F8B533
:104A70000E466FF00305002854D0E6B30446216AC1
:104A80006D486FF00207884301D03D464AE0A068B8
:104A9000B04247D8E1680844401EB04242D34FF0CC
:104AA0000005EFF3058038B36068FDF797F9A16959
:104AB000884201D13D4635E05020EFF3118780F365
:104AC0001188BFF34F8FBFF36F8F31462046FFF73A
:104AD000CAFF87F311880020009069466068FCF7E0
:104AE00035FF009838B155494FF080500860BFF34A
:104AF0004F8FBFF36F8F15E06068FDF747F9A1692D
:104B0000884201D13D460DE000F074FA314620465E
:104B1000FFF7A9FF00F08AFA00231A4619466068D9
:104B2000FCF76DFC2846F8BD002805D0026A424912
:104B3000914303D000207047002070478069704780
:104B4000002805D0026A3C49914303D000207047F9
:104B5000002070474069704710B5002807D0044610
:104B6000216A35488843002803D0002010BD00206A
:104B700010BDEFF3058018B16068FDF72FF902E072
:104B80006068FDF703F9A169081A10BD002806D076
:104B9000026A29499143002903D000207047002070
:104BA0007047EFF3058111B14068FDF717B9406810
:104BB000FDF7ECB810B5002805D0EFF3058129B159
:104BC0006FF0050010BD6FF0030010BD044600F04B
:104BD00011FA206A00F00300206200231A461946E9
:104BE0006068FCF70CFC0128F7D0002020606061B1
:104BF000A061206A800702D5A06800F0D9F8206A79
:104C0000C00702D0204600F0D3F800F00FFA0020D1
:104C100010BD0B4B036003F1600008604FF400709F
:104C200010607047074B036003F1600008604FF4A9
:104C300080601060704700000000ED5E04ED00E051
:104C4000F46700205470002030B5904900E0114610
:104C50000A688242FBD34B685C18844203D14068E7
:104C60001844486008460D6844682318AB420DD1CB
:104C7000864B183B1B689A4206D052682244426019
:104C80000A681268026002E0036000E0026081428C
:104C900000D0086030BD4FF440417D48420706D047
:104CA000C01D20F007007A49411AC1F54041774AFA
:104CB0001060002353600144083921F00701183ABD
:104CC00011604B600B600B1A43600160406890609C
:104CD00050604FF00040506170472DE9F0410546AB
:104CE0000026FDF79DFB694F183F386808B9FFF7AC
:104CF000D2FF786905424CD18DB1083568070ED0D6
:104D000005F00700C0F108000544680707D05020EF
:104D100080F31188BFF34F8FBFF36F8FFEE7C5B3EA
:104D20007868854235D859490846046801E021462B
:104D300004466068A84202D220680028F7D138688B
:104D4000844226D00E680836206808606068411BDF
:104D500010290ED96019420707D0502080F311881E
:104D6000BFF34F8FBFF36F8FFEE741606560FFF7C2
:104D70006BFF61687868401A7860BA68904200D228
:104D8000B86078690143616000202060F868401CC9
:104D9000F860FDF7B6FA700707D0502080F311884D
:104DA000BFF34F8FBFF36F8FFEE73046BDE8F08152
:104DB00070B500282BD008380446344D6068183D83
:104DC0006969084207D1502080F31188BFF34F8FE3
:104DD000BFF36F8FFEE722683AB1502080F311884D
:104DE000BFF34F8FBFF36F8FFEE788436060FDF71F
:104DF00017FB60686968084468602046FFF724FF75
:104E00002869401C2861BDE87040FDF77ABA70BD82
:104E10001E481838406870471C481838806870472A
:104E200070472DE9F04705464FF000080026771E31
:104E3000FDF7F6FA15480168A0F1180969B1D9F82B
:104E4000000008F101084C68B44200D92646BC4273
:104E500000D2274609688142F3D1FDF752FA6E600D
:104E6000AF60C5F80C8000F0C5F8D9F804002860E0
:104E7000D9F80C006861D9F81000A861D9F80800C9
:104E80002861BDE8F04700F0D1B80000A4C00120BF
:104E9000B48000208C484068401C07D0502080F32C
:104EA0001188BFF34F8FBFF36F8FFEE7502080F361
:104EB0001188BFF34F8FBFF36F8FFEE724384FF099
:104EC0008073036221F00101C16180498161426008
:104ED0006FF0020140F8201970474FF0E0200021E8
:104EE000016181617A494FF47A720968B1FBF2F18C
:104EF000491E41610721016170471CB57548016871
:104F0000754A914207D1502080F31188BFF34F8F2B
:104F1000BFF36F8FFEE700686F49491E884207D1D3
:104F2000502080F31188BFF34F8FBFF36F8FFEE7E0
:104F30006A4908780190FF200870087800909DF871
:104F400000009DF8002000F0F000904207D05020B3
:104F500080F31188BFF34F8FBFF36F8FFEE79DF88B
:104F60000000594C00F0500020700720A06006E0BF
:104F7000A068401EA0609DF80000400000909DF8D1
:104F800000000006F4D4A068032807D0502080F366
:104F90001188BFF34F8FBFF36F8FFEE74FF4407060
:104FA000A060019808704B482030016841F47001FE
:104FB0000160016841F070410160FFF78EFF002041
:104FC0006060DBF7ABF94648016841F040410160A1
:104FD000DBF790F900201CBD3B484068B0F57A7FB4
:104FE00007D0502080F31188BFF34F8FBFF36F8F2E
:104FF000FEE77047502080F31188BFF34F8FBFF357
:105000006F8F31494868401C486001280DD13148F4
:10501000001D006810F0FF0F07D0502080F31188AA
:10502000BFF34F8FBFF36F8FFEE770472649486885
:10503000002806D0401E4860002801D180F3118866
:105040007047502080F31188BFF34F8FBFF36F8FED
:10505000FEE710B5502080F31188BFF34F8FBFF3E8
:105060006F8FFDF7ECF820B11A494FF08050091D01
:105070000860002080F3118810BD10B5DBF786F9B9
:10508000114910280ED300F1E02090F8F0030A78BF
:10509000904207D2502080F31188BFF34F8FBFF3A7
:1050A0006F8FFEE70B480C300068896800F4E06001
:1050B000884207D9502080F31188BFF34F8FBFF388
:1050C0006F8FFEE710BD000070000020954E0308B2
:1050D00000C0012000ED00E071C20F4100E400E0DB
:1050E00034EF00E00020704710B5012401464C4821
:1050F00009F092FD00B10024204610BD30B58FB0FC
:105100000546012400930B462946454809F0B3FDA6
:1051100068B102AA2946424809F093FD9DF815009E
:10512000042806D0282804D03A280CD101E0002415
:1051300009E03CA00CF0D4FD3CA00CF0D1FD41A056
:105140000CF0CEFD032420460FB030BD30B58FB03B
:105150000546012400930B462946314809F0C8FD55
:1051600078B102AA29462E4809F06BFD9DF815007A
:10517000042813D0272806D028280FD03A2817D182
:105180000CE0002414E027A00CF0AAFD2EA00CF0E7
:10519000A7FD2CA00CF0A4FD022409E021A00CF036
:1051A0009FFD22A00CF09CFD26A00CF099FD03248D
:1051B0002046C9E730B58DB015460124002909D035
:1051C000012909D0022912D003291CD004240DB0D2
:1051D000204630BD0024FAE701466A46104809F02F
:1051E00030FD0028F3D1019828600024EFE7014644
:1051F0006A460B4809F025FD0028E8D1BDF80800F3
:1052000028600024E3E701466A46054809F019FDD5
:105210000028DCD1BDF80800400A28600024D6E749
:105220004CCB01204552524F523A20005553422058
:105230004469736B206973206E6F742072656164BA
:10524000792100000A000000555342204469736B25
:105250002069732057726974652070726F7465637A
:10526000746564210000000010B50549054805F08B
:1052700090F80349491E087010BD002070470000D7
:105280007D00002090630408012908D022480229EB
:1052900006D0042907D0052901D1032101707047E8
:1052A00002210170704701210170704710B5012281
:1052B0001A491B4805F010FE08B1DBF7A5F819499B
:1052C000174805F05FFF08B1DBF79EF81649144850
:1052D00005F058FF08B1DBF797F81449104805F0BE
:1052E00051FF08B1DBF790F811490D4805F04AFF6E
:1052F00008B1DBF789F80F49094805F043FF08B109
:10530000DBF782F8064805F0F8F8002803D0BDE87E
:105310001040DBF779B810BD8100002089520308E6
:105320004CCB012084000020B4C00120ECC001203F
:10533000A4000020D400002010B586B0044614213B
:1053400001A80DF02FF82068B0F1A04F2FD1002157
:105350009048026842F001020260006800F001001B
:1053600000904FF4C050019002200290039103205E
:1053700004900A20059001A98748F4F737F9854879
:10538000001D016841F0800101608248143001680D
:1053900041F480410160006800F4804000900022E8
:1053A00005214320F4F765FE4320F4F780FE06B0A4
:1053B00010BD10B50068B0F1A04F0FD17548001DA9
:1053C000016821F0800101604FF4C0517248F4F788
:1053D000DFF9BDE810404320F4F776BE10BDD0F8E9
:1053E000DC0305F0B2BFD0F8DC0305F0C2BFD0F893
:1053F000DC0305F0CEBFD0F8DC0305F0E7BFD0F842
:10540000DC0305F0A8BFD0F8DC0305F0ABBF10B596
:10541000044694F89C0701281CD16048C0F8DC437E
:10542000C4F8A0074FF0A04101600821417101219B
:10543000C17100218171022242728172F1F7A1F9DA
:1054400008B1DAF7E1FF5548F1F7FBFF01462046C6
:1054500005F06EFF002010BD01460020002906D097
:10546000012905D0022905D0032905D00220704763
:1054700002207047012070470220704710B5D0F815
:10548000A007F1F72AFABDE81040E5E710B5D0F81B
:10549000A007F1F794FFBDE81040DDE710B5D0F8A4
:1054A000A007F1F7A2FFBDE81040D5E710B5012431
:1054B000D0F8A007F1F7C8FF20B1012805D00228D5
:1054C00003D101E0002400E00224204610BD10B505
:1054D000D0F8A007F1F79BFFBDE81040BCE7D0F87B
:1054E000A007F1F7A1BFFEB5DDE908650A9CCDE98B
:1054F00000650294D0F8A007F1F791F9BDE8FE40ED
:10550000AAE700207047002070472DE9FF41DDE940
:105510000B760A9D0D9CCDE9017600950394D0F899
:10552000A007F1F7EDF904B0BDE8F04194E7D0F839
:10553000A007F1F772BF10B590F89C07012802D1BF
:10554000084600F02DF8C820F4F756FF002010BDE3
:10555000D0F8A007C1EB011100EB8100C17D00294B
:1055600002D080F83C2001E080F83D200020704708
:10557000D0F8A007C1EB011100EB8100C17D00292B
:1055800002D090F83C00704790F83D007047F4F767
:1055900033BF00003038024000000240B440012018
:1055A000002805D001224FF480710248F4F784B935
:1055B0000022F8E70000024020490A1801EB8000B1
:1055C000127A406841681046084770B504460020CA
:1055D0001A4D295D00290AD105EB84012819496873
:1055E000007A09688847002801D10121295570BD3A
:1055F00030B4124C251804EB80002D7A4068846882
:105600002846A44630BC604730B40C4C251804EB47
:1056100080002D7A4068C4682846A44630BC6047A4
:1056200030B4064B1C1803EB8000247A40680369F1
:10563000204630BC184700207047000000D30120EE
:105640004178007840EA01207047C178827842EAC8
:105650000121427842EA0121007840EA01207047A6
:1056600010B5C17983790A0E43EA01211202437908
:1056700042EA116243EA01211202037942EA11620D
:1056800043EA01211202C37842EA116243EA01218E
:105690001202837842EA116243EA0121130243EACB
:1056A00011630A0241780A431902007841EA126143
:1056B00040EA0222104610BD0170090A417070478D
:1056C0000170090A4170090A8170090AC1707047A6
:1056D0000270120A42EA03621B0A4270120A42EA8C
:1056E00003621B0A8270120A42EA03621B0AC2703A
:1056F000120A42EA03621B0A0271120A42EA0362B8
:105700001B0A4271120A42EA03621B0A8271120AE0
:1057100042EA0362C2717047002A05D011F8013BCA
:1057200000F8013B521EF9D17047C9B200F8011BC5
:10573000521EFBD1704710B510F8013B11F8014B18
:105740001B1B521E01D0002BF6D0184610BD00E0E6
:10575000401C02780AB18A42FAD10078704710B52D
:10576000002805D0406904F044FE08B1012010BDB6
:10577000002010BD002808D00C2906D00B2904D029
:105780000F2902D0406904F03EBE7047F0B50022F8
:105790001546FE4E11E006EB02131C685CB107686B
:1057A000BC4209D15C688768BC4205D19B68046B28
:1057B000A34204D000E00125521CFF2AEBD3FF2AAC
:1057C00001D079B906E01DB9022901D01220F0BD3F
:1057D0000020F0BD06EB02108089B0F5807F01D07B
:1057E0000020F0BD1020F0BD0020E84900E0401C82
:1057F000FF2804D201EB00121268002AF7D1FF281B
:1058000001D00120704700207047F0B5024600200B
:10581000DE4D146805EB00131E68A64207D15E68D2
:105820009768BE4203D19B68166BB34202D0401CFE
:10583000FF28EFD3FF2814D1002000E0401CFF28F0
:1058400004D205EB00131B68002BF7D1FF280FD003
:1058500005EB00131C6094685C60126B9A60002278
:105860009A8139B105EB001292891AB10020F0BD7E
:105870000020F0BD11B14FF4807103E005EB001181
:105880008989491C05EB00129181401CF0BD401E26
:10589000FF2810D2BD4901EB00118889B0F5807F47
:1058A00000D1002008B1401E80B2888108B90020D4
:1058B0000860002070470220704730B50021B34BCC
:1058C000002403EB01121568854200D11460491CC5
:1058D000FF29F6D330BD2DE9F04104460027E078DA
:1058E00000281FD0A66B04F13C01607801233246EA
:1058F0008846FFF789FE08B1012713E00020E07019
:10590000E06A616A301A88420CD2A57808E0606AC1
:1059100006446078012332464146FFF775FE6D1E4E
:10592000022DF4D23846BDE8F08170B504460E462B
:105930000025A06BB04210D02046FFF7CCFF0546F3
:105940005DB960780123324604F13C01FFF750FE57
:1059500010B14FF0FF360125A663284670BD70B523
:1059600004462046FFF7B7FF0546B5BB207803285D
:105970002CD12079012829D1420204F13C000021D8
:105980000646FFF7D2FE4AF6552104F23A20FFF709
:1059900093FE7F493046FFF793FE7E4904F5087079
:1059A000FFF78EFE04F50970E169FFF789FE04F543
:1059B0000A70A169FFF784FEA26A521CA263607894
:1059C00001233146FFF720FE00202071002260787D
:1059D0001146FFF725FE00B10125284670BD891E3E
:1059E000026A921E8A4201D800207047426B4089A9
:1059F00001FB002070472DE9F04702460D46146870
:105A0000022D02D3206AA84201D801268BE04FF074
:105A1000FF362078012809D002282DD0F10D01EAA7
:105A20008507032837D004287CD142E005EB5507D1
:105A3000E06A00EB57212046FFF777FF002872D17C
:105A4000C7F30800204407F1010890F83C90E06A91
:105A500000EB58212046FFF768FF48BBC8F3080059
:105A6000204490F83C0049EA0020E90701D00609EB
:105A700059E0C0F30B0656E0E06A00EB1521204622
:105A8000FFF753FFA0B9E8B204EB40003C30FFF74A
:105A9000D7FD064647E0E06A00EBD5112046FFF748
:105AA00044FF28B938193C30FFF7CFFD20F070468D
:105AB00039E0D2E9040150EA010333D09368EB1ACC
:105AC000401E41F1FF31400A40EAC1506189B0FBFC
:105AD000F1F1D0796FF0004C022807D18B4205D844
:105AE00001D166461FE005F101061CE0032804D140
:105AF0009169994201D96E1C15E0022812D0D06933
:105B000008B166460FE0E06A00EBD5112046FFF7CA
:105B10000CFF40B938193C30FFF797FD20F00046E4
:105B200001E0FFE701263046BDE8F0872DE9F047A8
:105B300004460D4617460226022D7ED3206AA8424F
:105B40007BD920784FF00109012806D0022843D0E4
:105B5000032854D0042870D151E005EB5508E06AC1
:105B600000EB58212046FFF7E0FE0646300064D1E6
:105B7000C8F30800204408F1010A3C30E9070BD0C3
:105B80000178FAB262F31F1107E00000944401208B
:105B900052526141727241613946017084F803903A
:105BA000E06A00EB5A212046FFF7BFFE06463000B0
:105BB00043D1CAF3080020443C30E90702D0C7F3C0
:105BC000071105E00178C7F3032201F0F00111434A
:105BD000017084F8039030E0E06A00EB1521204664
:105BE000FFF7A3FE0646300027D1E8B204EB4000E1
:105BF000B9B23C30FFF760FD84F803901DE0E06A25
:105C000000EBD5112046FFF790FE0646300014D178
:105C100040F2FF1000EA8500217805193C3504297F
:105C200005D02846FFF711FD67F31B0007462846FD
:105C30003946FFF745FD84F80390304674E72DE9B7
:105C4000F047064691468F1E306A801EB84200D843
:105C500000273C46A04600254FF4007A706B00EB0D
:105C600014313046FFF761FE10B14FF0FF305BE7B3
:105C7000C4F3C80104F0070201209040C0B2336AA7
:105C80009B1E721892F83C2002404006000E641CD5
:105C90009C4202D30024002051462AB1A046002590
:105CA000BC4207D100203FE76D1C4D45F8D108F1FB
:105CB000020039E70028E4D10120491C5145E0D316
:105CC000CCE72DE9F05F804617469A46891ED8F842
:105CD000340000EB1139C1F3C80501F007004FF0A3
:105CE000010B0BFA00F0C4B2494609F10109404624
:105CF000FFF71BFE10B10120BDE8F09F4FF40072CA
:105D000008EB050191F83C6016EA040000D0012080
:105D1000504501D10220EFE7664081F83C6088F8E9
:105D200003B07F1E09D0600010F0FF04EAD1012407
:105D30006D1C9542E4D30025D6E70020DCE770B562
:105D40000646F07903280FD1B468B56908E0621CF3
:105D500021463068FFF7EAFE002806D1641C6D1E5C
:105D6000002DF4D10020F071002070BD70B5044604
:105D70000D4616460FE0012802D92A1A921C00E0AF
:105D80003246291A491C2068FFF7D0FE002805D1A9
:105D9000E069401EE061E0690028ECD170BD2DE9AA
:105DA000FC4780460F469146D8F80040BA463E462A
:105DB000022F02D3206AB84202D80220BDE8FC8735
:105DC000B9F1000F0ED02078042803D198F807000D
:105DD000022807D04FF0FF3249462046FFF7A6FEC3
:105DE0000028EBD139464046FFF705FE054628005E
:105DF00046D0012D1BD0681C1BD02078042806D06B
:105E0000002239462046FFF791FE0028D6D1D4E97A
:105E10000701891E884205D2401CE061207940F0CC
:105E200001002071701CA84205D12E4624E00220FA
:105E3000C4E70120C2E72078042809D1A6EB0A02B2
:105E4000521C002351462046FFF73BFF0028B5D1E6
:105E500051462046FFF7C3FD009031462046FFF72C
:105E6000BEFD6189401E0844019060786A460421A5
:105E7000FFF7D6FB2E46AA462F46206AB842B1D875
:105E80002078042817D1B9F1000F04D098F8070042
:105E9000032804D00FE0002088F807000BE0D8F8B2
:105EA0000800484507D8D8F818100844484502D3D8
:105EB000022088F80700002080E72DE9F047074618
:105EC00088463D68B8F1000F07D041463846FFF7D5
:105ED00092FD022808D2012026E6AE6916B1286A92
:105EE000B04207D8012605E0411CF5D0296A81425D
:105EF000F2D8464628784FF0FF39042809D03446B6
:105F0000641C286AA0424AD80224022E47D20020EC
:105F10000AE6012231462846FFF791FE044620009A
:105F200012D0601C10D001231A4621462846FFF7E4
:105F3000C8FE02280AD001280AD0B8F1000F09D003
:105F4000F979022909D010E02046EDE50120EBE5C2
:105F50004846E9E50221F97107E0711C8C4204D042
:105F6000B968711AB9610321F971F979022931D03F
:105F700008F101018C4206D1F96909B1491C00E020
:105F80000221F96126E0F869012600B9FE61224686
:105F900041463846FFF7EAFEE0B9FE611AE02146C5
:105FA0003846FFF728FD38B1012895D0411C93D021
:105FB000B442A5D10020B7E54A4621462846FFF75E
:105FC000B5FD38B9B8F1000F04D022464146284645
:105FD000FFF7ACFD20B101280FD001242046A3E536
:105FE000AC61D5E90701891E884201D8401EE861ED
:105FF000287940F001002871F0E74C46EEE770B5D3
:106000000168046D241D4D89500A40EAC350590AA5
:106010002A4600230BF0EDFD02CC21B1884204D2C8
:106020002168084470BD002070BD401A241DF3E7AC
:106030002DE9F04106460D4637683878042807D028
:106040004FF40010A84201D9E80604D002206AE407
:106050004FF08050F6E73563B4682CB938780328E0
:1060600002D33C6B0020F0711CB178894FEA4028C4
:106070001AE03889B0EB551F01D8022053E4386B81
:10608000B06318E021463046FFF7B5FC0446601CBB
:1060900006D0022C02D3386AA04203D8022042E480
:1060A000012040E4A5EB08054545EBD221463846E2
:1060B000FFF795FCB0637463B06B48B100EB5520FB
:1060C000B063C5F3080038443C30F06300202AE494
:1060D000022028E42DE9F04705460F462C68D5F844
:1060E000308008F12008A86B002806D02178042908
:1060F00005D04FF40011414504D8042014E54FF0B9
:106100008051F8E75FEAC8516AD1401CA863696B07
:106110004FF0000929B16089401E10EA582F08D0BD
:106120005EE02089B0EB581F5AD8C5F8389004209B
:10613000FAE42846FFF75FFC0646012E01D802204C
:10614000F2E4701C18D0206AB04243D8B7B1284698
:10615000696BFFF7B2FE0646300013D0012E13D054
:10616000701C13D0E87940F00400E8712046FFF776
:10617000B2FB68B10120D7E40120D5E4C5F838901E
:106180000420D1E40720CFE40220CDE40120CBE4B9
:106190004FF40072002104F13C00FFF7C6FA00271B
:1061A00031462046FFF71BFCA0634FF001090BE0CE
:1061B00084F803902046FFF78EFB08B10120B3E47A
:1061C0007F1CA06B401CA0636089B842F0D8A06B14
:1061D000C01BA0636E6331462046FFF700FCA86336
:1061E000C5F83080C8F3080020443C30E863002044
:1061F0009AE42DE9F04104460F4626680021204626
:10620000FFF716FFF8B900253046A16BFFF78DFBAD
:10621000C8B93178042905D0E16B0A78E52A07D09E
:1062200032B109E0E16B097841F3C011491C03D098
:106230006D1CBD4207D000E0002501212046FFF77C
:1062400049FF0028E0D0042800D10720FFE670B500
:1062500006460D4605F11A00FFF7F2F904463078BC
:10626000032805D105F11400FFF7EAF944EA0044D8
:10627000204670BD70B506460C461546A9B204F11D
:106280001A00FFF719FA3078032806D1290C04F117
:106290001400BDE87040FFF70FBA70BD2DE9F0475C
:1062A0008146884608F11A00FFF7CAF908B10020B4
:1062B0003AE498F8000000F03F00401E00EB800137
:1062C00001EBC00401270025DFF83CA51AF8050002
:1062D0004044FFF7B5F906468FB1FF2C0BD230468C
:1062E00004F0ACF807462046641C39F8100004F0AE
:1062F000A5F8874201D0002016E4374605E0A6F550
:106300007F40FF3801D000200EE46D1C0D2DDDD341
:1063100098F80000400605D527B139F8140008B1F7
:1063200000208BE4012089E42DE9F04707460E4662
:1063300006F11A00FFF784F908B100207EE43078F6
:1063400020F04000401E00EB800101EBC0044FF044
:10635000010A0025DFF8B0844FF6FF7918F8050030
:106360003044FFF76DF9BAF1000F09D0FF2C01D3CB
:10637000002063E421468246641C27F8110003E0F4
:10638000484501D0002059E46D1C0D2DE6D330782E
:10639000400606D5FF2C01D300204FE4002027F84B
:1063A000140001204AE42DE9F05F81460E46904634
:1063B00073730F20F07200203073002106F11A0071
:1063C000FFF77AF9A8F1010000EB800101EBC005AD
:1063D00000242746DFF830B44FF6FF7A544503D047
:1063E00028466D1C39F810401BF807002146304440
:1063F000FFF762F904B954467F1C0D2FEED35445C4
:1064000002D039F8150008B948F0400886F8008035
:1064100072E47CB5054616461C460B222846FFF75B
:106420007BF9052C11D9F9480CE0B61C0023224653
:106430000C4662F35F044908E20300D544405B1C4C
:10644000102BF4D331880029EFD107216B4604F0DB
:106450000F023032392A01D9D21DD2B20846491E64
:106460001A542409002CF2D17E205854002200E056
:10647000521C8A4202D2A85C2028F9D1082903D2F2
:106480000846491C185C00E020201446521C285580
:10649000082AF3D37CBD014600200B22430803EBFE
:1064A000C01011F8013B1844C0B2521EF6D170471B
:1064B00030B504466078401C4301002001464FF48B
:1064C00000450EE0022903D0C20703D02A4602E0AD
:1064D000032105E0002202EB5000625C104480B210
:1064E000491C9942EED330BD70B5054600244FF4E7
:1064F000004615E003F0A2FFE10701D0314600E0BD
:10650000002101EB5401C2B2114489B2CA0701D083
:10651000324600E0002202EB510101EB102084B270
:1065200035F8020B0028E5D1204670BDCA0702D01D
:106530004FF0004200E0002202EB51010844704796
:106540002DE9F04107460E4600244025A04614E000
:10655000E80600D1AD1C7819FFF772F8002103F0AE
:1065600055FF08B1FF2C01D300240AE02146314435
:10657000641C8876AD1C08F1010897F8230040459B
:10658000E6D814B93F200124B0760020311988766E
:10659000707338793073C00602D50020014603E0DD
:1065A00007F13800FFF75CF8C6E9000107F10C00BD
:1065B000FFF746F8708107F10E00FFF741F83081D0
:1065C00045E52DE9F041044620680669A16BFFF717
:1065D000ACF9002804D1E16B0878852801D00220AD
:1065E00035E520223046FFF797F87078401C4701C8
:1065F000A7F16000B0F5007F01D9022027E5002156
:106600002046FFF767FD0028EAD1A16B2068FFF75D
:106610008CF90028E4D1E16B0878C02801D0022071
:1066200015E5202206F12000FFF776F896F8230002
:106630000F212C30B0FBF1F0B7EB401F01D202204C
:1066400005E540254FF4187800212046FFF742FD6C
:106650000028C5D1A16B2068FFF767F90028BFD1DA
:10666000E16B0878C12801D00220F0E4454503D24F
:1066700070192022FFF750F82035BD42E4D345457C
:106680000AD83046FFF714FF0446B01CFEF7D8FFC7
:10669000844201D00220DAE40020D8E410B5044698
:1066A00008682060086AA06091F82400E071486AD8
:1066B000002220F0FF00C4E90402896AE164204658
:1066C000FFF7B6FC002803D12046BDE8104078E76C
:1066D00010BD2DE9F0410546286806693046FFF7F0
:1066E000E7FE0146B01CFEF7E7FF77787F1C2846DF
:1066F000E96CFFF79DFC044615E0A96B2868FFF7DD
:1067000014F904468CB920223146E86BFFF704F8EF
:1067100029680120C8707F1E07D020360021284636
:10672000FFF7D8FC0446002CE7D01CB1012C01D0A7
:1067300002208CE420468AE42DE9F05F0646894673
:10674000402200213046FEF7F0FF85203070C02047
:1067500086F8200000254FF00108012740244FF063
:10676000000A4FF0C10B601C06F804B0441C06F888
:1067700000A027B139F815700FB16D1CEDB23019BA
:106780003946FEF799FFA41CE006F2D108F1010892
:1067900008F0FF0839F815000028E4D186F82350E6
:1067A00086F801804846FFF79FFE014606F1240067
:1067B000BDE8F05FFEF780BF2DE9F04705468A4649
:1067C0000427D5F80080FF26B14669E04046FFF770
:1067D000ACF80746380066D1E86B0478C4B198F885
:1067E0000010042916D0C17A01F03F01A971E52CEF
:1067F00008D02E2C06D021F02002082A21D0002219
:10680000524520D0FF263BE02464040821100100FB
:10681000042748E0BAF1000F02D0832C43D02FE0C8
:10682000852C2DD1286BE8642846FFF7CAFE074661
:10683000380038D1D8F81000007900F03F00A87176
:1068400031E00122DCE70F2901D02EBB20E06106F8
:1068500006D590F80D9004F0BF042646296BE96434
:10686000B4420BD1417B494508D1D8F80C200146F0
:106870001046FFF759FD08B1761E00E0FF26F6B27C
:1068800000212846FFF726FC0746380008D00AE01A
:10689000FFF701FE484506D04FF0FF30E86402E004
:1068A000A96B002992D10FB10020A863384625E4D6
:1068B0002DE9F05F0446266800212046FFF7B8FB6B
:1068C000002848D1307804280ED0FF27B9464FF071
:1068D000FF3AC4F84CA03046A16BFFF726F880467B
:1068E0005FEA08004BD137E0F068FFF7FDFD824614
:1068F00029E030692430FEF7A3FE504523D13069EA
:1069000090F8237040254FF0000815E0E80600D10C
:10691000AD1C30692844FEF793FE03F08FFD8146DD
:10692000F06830F8180003F089FD814506D17F1E1C
:10693000FFB2AD1C08F10108002FE7D11FB9F068C4
:1069400030F8180030B100212046FFF735FFB0F1D4
:10695000000BCED058465BE5E06B05786DB1C17A8F
:1069600001F03F01A171E52D03D00A0708D50F29D9
:1069700006D0FF27C4F84CA035E04FF004083BE0F8
:106980000F2901D0EFB120E094F84B1049062AD42A
:10699000690606D590F80D9005F0BF052F46216BCE
:1069A000E164BD420AD1417B494507D1F268014605
:1069B0001046FFF773FC08B17F1E00E0FF27FFB20F
:1069C00011E0FFF768FD484516D094F84B00C0076A
:1069D00006D10B2204F14001E06BFEF7ACFE58B18A
:1069E000FF27C4F84CA000212046FFF773FB804628
:1069F0005FEA08003FF46FAF404609E52DE9F04734
:106A00009AB00446256894F84B0010F0A00F02D00D
:106A100006201AB04CE40026E86800E0761C30F846
:106A200016100029FAD12878042819D004F1400161
:106A30000C22884616A8FEF76FFE9DF86300C0077B
:106A40006AD0402084F84B0001273B4616A94046F7
:106A5000EA68FFF7DEFC2046FFF72AFFF0BB50E0B4
:106A60000E360F20B6FBF0F6B61C31462046FFF777
:106A7000C0FB0028CDD1761E206B714200EB411087
:106A8000E064A06858B3E079400734D56989D4E957
:106A900004304902591840F10000C4E904102046AE
:106AA000FFF74DF90028B4D1421E2046616BFFF775
:106AB0005DF90028ADD121466846FFF7EFFD0028BB
:106AC000A7D1D4E9042328693830FEF701FED4E9C0
:106AD000042328692830FEF7FBFD01E014E00AE0FA
:106AE000E079296940F0010081F821006846FFF74C
:106AF000F0FD00288DD1D5E90310FFF71DFE002021
:106B000087E77F1C642FA0D3642F0FD0042880D187
:106B10009DF8630084F84B009DF86300800707D55B
:106B20000C360D20B6FBF0F77F1C02E0072070E763
:106B3000012739462046FFF75CFB06464FF0010966
:106B40002EBB7F1E23D0206B794200EB41112046E3
:106B5000FFF76EFA0646300019D14046FFF79BFC5E
:106B600082462846A16BFEF7E0FE06467EB9FAB2E1
:106B7000E16B5346E868FFF716FC85F803900021A7
:106B80002046FFF7A7FA06460EB97F1EE9D1C6B91F
:106B90002846A16BFEF7C9FE0646300011D120221F
:106BA0000021E06BFEF7C1FD0B224146E06BFEF7D2
:106BB000B3FD94F84B00E16B00F01800087385F802
:106BC0000390304625E770B504462568266BE16CD6
:106BD000481C0AD02046FFF72BFA00281BD1284674
:106BE000A16BFEF7A2FE98B901E00020F5E7297835
:106BF000042911D0E26BE52111700121E970216BAC
:106C0000B14205D200212046FFF764FA0028E6D001
:106C1000042800D1022070BDE16B0A7802F07F02E7
:106C20000A70EAE72DE9F04706460C46D6F80090D0
:106C30004FF0000884F81A80B06B002875D099F8DE
:106C40000000042805D0F06C401C21D000252F4600
:106C500013E02146D9F81000BDE8F04770E40021A8
:106C600003F0D4FB18B1FF2D03D300250DE0002560
:106C70000BE0294621446D1C8876D9F80C10384663
:106C80007F1C31F810000028E9D1601980F81A80C3
:106C900000221346A07E4FF02E0C29E0F56B19461A
:106CA0005B1C695C202923D0052900D1E521092B33
:106CB00008D110B9A51885F81AC015462544521CEC
:106CC00085F80DC0A518697388B9A1F14107192F7E
:106CD0000CD8F76B092B97F80C9001D3102700E024
:106CE000082719EA070F01D02031C9B2A976521C32
:106CF0000B2BD3D330B9A01880F81A80F06B007B2F
:106D000000B90022A01880F80D80F06BC07A2073C3
:106D1000F06B1C30FEF799FCC4E90008F06B1630EC
:106D2000FEF793FC6081000C2081C0E501684A1CDD
:106D300002600878A0F16101192901D8203880B2D9
:106D4000802803D3F849084410F8800C7047FFB539
:106D500083B0054614461E4603E004A8FFF7E6FF8D
:106D600028B1641E601CF8D1287818B105E0002015
:106D700007B0F0BD0EB10120FAE70295049801902A
:106D8000029800783F280FD02A280DD002A8FFF7DC
:106D9000CDFF074601A8FFF7C9FF0446A7421CD153
:106DA000002FEDD10120E3E700221346029810F8EE
:106DB000011B02903F290CD0012300783F28F5D019
:106DC0002A28F3D0DDE90110FFF7C1FF18B1012037
:106DD000CEE7521CF1E70198047804A8FFF7A6FF5C
:106DE0000EB1002CC9D10020C2E72DE9F35F88461F
:106DF000D8F8007000980068D0F80C900024254660
:106E000028466D1C385C20280ED32F2807D05C281C
:106E100005D0FF2C0FD30620BDE8FC9F6D1C795DCB
:106E20002F29FBD05C29F9D07919C8F80010202847
:106E300017D204261FE0C0B2012103F0E7FA06468C
:106E400046B1802E08D23146B8A0FEF780FC18B1BA
:106E50000620E1E70620DFE72046641C29F81060E1
:106E6000CEE7002607E0601E39F81000202801D088
:106E70002E2802D1641E002CF5D1002029F8140020
:106E80003CB100980B2220214030FEF74EFC002739
:106E900002E00620C0E77F1C39F817002028FAD04E
:106EA0002E28F8D01FB146F0030600E0641E24B17E
:106EB000601E39F810002E28F8D14FF00008C246A5
:106EC0004FF0080B38467F1C39F8105005B3202DC1
:106ED00003D02E2D04D1A74202D046F00306F1E7DD
:106EE000DA4501D2A74219D1BBF10B0F0ED0A74250
:106EF00001D046F003060BD827464FF0080A4FF0A2
:106F00000B0B4FEA88604FEA1068DBE746F0030698
:106F1000009890F84000E5282FD032E0802D0BD368
:106F20000021284603F072FA05461DB17E48284428
:106F300010F8805C46F0020625B129467EA0FEF7D7
:106F400006FC18B15F2546F003060EE0A5F14100EE
:106F5000192802D848F0020807E0A5F161001928B5
:106F600003D848F00108203DADB2009950460844CE
:106F70000AF1010A80F84050A4E70098052180F842
:106F80004010BBF1080F03D14FEA88604FEA106848
:106F9000C8F38100032803D06FEA0801890701D1F3
:106FA00046F00206B10709D408F00301012901D116
:106FB00046F01006012801D146F00806009880F836
:106FC0004B60002028E773B50446256801E0401CAB
:106FD0000190019801782F29F9D05C29F7D0002081
:106FE000A060E06101980078202807D2802084F812
:106FF0004B0000212046FFF71BF87CBD01A920466D
:10700000FFF7F3FE0028F8D12046FFF751FC94F873
:107010004B1028B10428F0D14907EED405207CBDDF
:107020004907FCD4A079C00601D405207CBD28788E
:10703000042809D0208EC0F3080041193C312846AD
:10704000FFF705F9A060D9E7A16821622069E1791D
:1070500020F0FF0008436062E16CA16228693430CF
:10706000FEF7F3FAA060286990F8210000F0020111
:10707000E17128693830FEF7F3FAC4E90401BDE78D
:1070800010B504464FF0FF302368002B0BD0194693
:1070900000E0491C0A78202A01D33A2AF9D10A785B
:1070A0003A2A01D0002010BD13F8012B303A0A2AE9
:1070B000F9D28B42F7D1002AF5D11046491C216044
:1070C00010BD10B504460020E070401EA0632046AD
:1070D000FEF72BFC08B1042010BD04F23A20FEF7A5
:1070E000AFFAA0F52A41553901D0032010BD94F81C
:1070F0003C00E92805D0EB2826D194F83E009028E2
:1071000022D104F17200FEF7A0FA0D49B1EB002F75
:1071100001D1002010BD04F18E00FEF796FA094956
:10712000884211D1002010BDA4630408222A3A3CF1
:107130003E3F7C7F000000002B2C3B3D5B5D000050
:1071400000464154464154330B22FCA104F13C005B
:10715000FEF7F1FA08B10220E5E70120E3E72DE9A7
:10716000FF5F0E4617464FF00008C6F80080FFF795
:1071700087FF0546280002D50B2004B03DE4F24805
:1071800050F82540BCB12046FEF7E9FAA8B13460BA
:1071900007F0FE06207820B16078FEF70DFAC107EF
:1071A0000DD084F80080E8B26070FEF70EFAC107D7
:1071B0000CD00320E1E70C20DFE70F20DDE71EB154
:1071C000400701D50A20D8E70020D6E71EB14007C6
:1071D00001D50A20D1E7002529462046FFF771FF97
:1071E00002281FD16F4604EB051000F5FD700179F0
:1071F00019B10830FEF729FA00E0002047F8250011
:107200006D1C042DEFD3002657F8265025B12946D2
:107210002046FFF756FF00E00320022802D3761C29
:10722000042EF1D3042803D0022803D30D20A4E7B1
:107230000120A2E74FF0FF394FF4007A012807D070
:1072400004F14700FEF7FCF950457AD00D2094E791
:107250000B2000E0401C402804D2211891F83C107B
:107260000029F7D0402801D20D2086E704F1A400C0
:10727000FEF7E6F9B0F5807F01D00D207DE794F8A8
:10728000A8004FF0010B0BFA00F0504501D00D2083
:1072900073E704F18400FEF7E3F9461941EB0807B0
:1072A000012F01D30D2068E704F19000FEF7CDF91E
:1072B000606294F8AA00A070012801D00D205CE75C
:1072C00094F8A9000BFA00FB1FFA8BF0608148B11B
:1072D00004F19800FEF7B9F983469C498B4503D920
:1072E0000D204AE70D2048E70BF102002062A5625D
:1072F00004F19400FEF7A9F92844606304F18C00BE
:10730000FEF7A3F92844E0626089616B00FB0BF093
:10731000081848EB0808301A77EB080701D20D204F
:107320002BE704F19C00FEF790F92063014620460C
:10733000FEF755FB01462046FEF7F7FA10B1012093
:107340001BE717E00025601990F83C10812904D153
:107350005030FEF77AF9022802D020355545F2D395
:10736000554501D10D2008E7C4F81C90C4F81890C9
:107370000426BBE004F15200FEF762F918B904F1EB
:107380006000FEF762F9606294F84C70A770012FFC
:1073900003D0022F01D00D20EFE6474394F84900B7
:1073A000608110B1411E084201D00D20E5E604F1D4
:1073B0004D00FEF745F92081000701D00D20DCE6E5
:1073C00004F14F00FEF73CF90646300004D104F109
:1073D0005C00FEF73AF9064604F14A00FEF730F980
:1073E000014639B12389C81900EB1312964203D222
:1073F0000D20C2E60D20C0E6B01A6689B0FBF6F09B
:1074000030B303264FF6F57C604500D8022640F6DF
:10741000F57C604500D80126801C2062A5622944C5
:10742000E1622A446263032E14D033B339442163EA
:10743000022E24D000F0010100EB400001EB5000CF
:10744000616A00F2FF10B1EB502F1AD20D2094E6C2
:107450000D2092E604F16600FEF7F2F808B10D2067
:107460008BE6208908B10D2087E604F16800FEF75D
:10747000ECF82063206A8000E2E70D207DE6400002
:10748000DEE7C4F81C90C4F8189080202071032E09
:107490002CD104F16C00FEF7D3F8012826D1691C29
:1074A0002046FEF742FA08BB84F8048004F23A2032
:1074B000FEF7C6F8A0F52A41553917D104F13C0072
:1074C000FEF7C3F82249884210D104F50870FEF790
:1074D000BCF82049884209D104F50970FEF7B5F8D7
:1074E000E06104F50A70FEF7B0F8A0612670164955
:1074F000091F0888401C0880E0802046FEF7DDF95F
:1075000000203AE670B504460E460925002C26D028
:10751000206810B3017801B3A188C28891421ED1BE
:10752000FEF71DF9D0B120684078FEF745F8C00796
:1075300012D000212068FEF71DF910E0EB7690458F
:107540005846415420202000B0C00120FDFFFF7F9D
:107550005252614172724161002500E00F251DB158
:1075600000203060284670BD2068FAE72DE9F74119
:1075700081B01746029800906846FFF781FD0446E7
:10758000200003D50B2004B0BDE8F081FA4E56F878
:1075900024504FF0000845B12846FEF78EF968697F
:1075A00002F022FF90B185F80080019931B181F895
:1075B0000080E0B2143102F00DFF48B1019846F8A6
:1075C000240008B1012F05D00020DCE70220DAE713
:1075D0000220D8E7002201A902A8FFF7C0FD044657
:1075E00021460198FEF7C6F82046CCE72DE9F74F73
:1075F000ADF5986D0646002E0DD002F03F042246F0
:107600000DF264410DF2C440FFF7A9FD07464FF0AB
:1076100000092FB1A6E109200DF2CC4DBDE8F08F95
:10762000DDF86404CDF8680499A9C16001A901617D
:107630000DF58D60DDF8C414FFF7C5FC0746380072
:107640000FD19DF8B304000601D5062709E06008B4
:1076500001D0012100E000210DF58D60FEF796F8C4
:10766000074614F01C0F7DD077B1042F09D1FEF727
:10767000BBF828B10DF58D60FFF7C0F9074600E0B3
:10768000122744F0080409E09DF86E0410F0110F71
:1076900001D0072702E0600700D50827002F40D15E
:1076A00020073ED5FDF7E9FD8246DDF8640401259B
:1076B0004FF020080178042934D0DDF8A4045146A5
:1076C0000E30FDF7FDFFDDF8A40451461630FDF73E
:1076D000F7FFDDF8A40480F80B80DDF8A414DDF8D2
:1076E0006404FEF7B4FD80460022DDF8A414DDF842
:1076F0006404FEF7BFFDDDF8A40400211C30FDF793
:10770000DFFFDDF86404C570B8F1000F09D0856BA8
:10771000002241460DF58D60FEF741FB074638001B
:1077200061D079E03060DDF8640400693430FDF741
:107730008CFFB060DDF8640400693830FDF790FF1D
:10774000C6E90401DDF86404016991F8211001F033
:107750000201F171C6F81C90006951460830FDF72E
:10776000AFFF00E04CE0DDF86404016981F814909B
:10777000006951460C30FDF7A3FFDDF86404016990
:1077800081F81590016981F8048000690021343086
:10779000FDF796FFDDF864040022134600693830D7
:1077A000FDF796FFDDF864040022134600692830D7
:1077B000FDF78EFFDDF86404006980F821500DF5B7
:1077C0008D60FEF786FF0746380025D1B16819B3F2
:1077D00000223046FEF7E3FA0746B068DDF864148D
:1077E000401E886118E02946DDF86404FEF79DF824
:1077F0000746DDF86404A8F10108C0F818800BE022
:1078000057B99DF86E04C10601D5042704E0A1070D
:1078100002D5C00700D00727B7B9200701D544F02B
:107820004004DDF86404806BB064DDF8A404F06407
:10783000600801D0012100E000210DF58D60FDF709
:10784000E4FFF06200B90227002F7DD1DDF8640467
:107850000178042935D0DDF8A414FEF7F8FCB060F7
:10786000DDF8A4041C30FDF7F0FEC6E90409C6F8F3
:107870005090DDF864043060DDF86404C088B080A6
:1078800086F8304086F83190C6F844900021B16304
:10789000F16306F154004FF400728246FDF745FF94
:1078A000A0065FD5D6E9044554EA05005AD0C6E9DA
:1078B0000E45DDF8640440894FEA4028B168CB46A4
:1078C00031E0DDF870143162DDF878149DF86F2432
:1078D00021F0FF0111437162DDF8B414B162006957
:1078E0003430FDF7B2FEB060DDF864040069383072
:1078F000FDF7B6FEC6E90401DDF86404006990F8FE
:10790000210000F00200F071B1E73046FEF773F895
:107910000146012900D80227481C00D10127B4EBF9
:10792000080465EB0B0527B9B8EB04007BEB0500F9
:10793000EBD3316447B9E00514D0DDF86404FEF7F9
:107940004EF8D8B1610A00E00CE041EAC5510A18CE
:107950007264DDF86404012351464078FDF748FE67
:1079600000B101270FB1C6F800903946DDF8640474
:10797000FDF700FF38464FE6B0C001200227F1E7CF
:107980002DE9FC5F04460F46164698464FF0000965
:10799000C8F8009069462046FFF7B4FD054615B9C2
:1079A00094F8315035B129460098FDF7E3FE28469A
:1079B000BDE8FC9F94F83000C00711D0D4E9043131
:1079C000D4E90E02181A61EB0201831B71F1000168
:1079D00000D2064604F154004FF001090190C2E0C4
:1079E00007210098FDF7C6FE0720E1E7208FC005BC
:1079F0007ED1D4E90E230098550A45EAC355408943
:107A0000401E0540E5B952EA030005D0206D28B1BB
:107A10002046FEF7F4FA05E0A06803E02046216C5A
:107A2000FDF7E9FF022808D2022084F83100022184
:107A30000098FDF79FFE0220BAE7411C23D0206486
:107A4000216C0098FDF7CBFF28B300EB050B4FEA44
:107A5000562ABAF1000F3AD0009805EB0A02418984
:107A60008A4201D9A1EB050A407853465A46394665
:107A7000FDF7BEFDC0B184F8319001210098FDF7FB
:107A800079FE012094E784F8319001210098FDF7F8
:107A900071FE01208CE7022084F831000221009859
:107AA000FDF768FE022083E794F8300000060BD54E
:107AB000606CA0EB0B00504506D207EB40204FF462
:107AC00000720199FDF728FE4FEA4A253DE0626CFD
:107AD0005A452AD094F83000000616D500980123A4
:107AE00001994078FDF790FD48B184F8319000E0AD
:107AF0001DE001210098FDF73DFE012058E794F8B4
:107B0000300000F07F0084F83000009801235A46CE
:107B100040780199FDF76CFD38B184F8319001216E
:107B20000098FDF727FE012042E7C4F844B0208FFB
:107B3000C0F30800C0F50075B54200D935460119FB
:107B400054312A463846FDF7E7FD2F44D4E90E208C
:107B5000521940F10000C4E90E20D8F80000284472
:107B6000C8F80000761B002E7FF440AF002100987B
:107B7000FDF700FE00201BE72DE9FC5F0646894665
:107B800090469A460020CAF8000069463046FFF742
:107B9000B9FC044614B996F831402CB1214600983E
:107BA000FDF7E8FD204603E796F83000800705D48E
:107BB00007210098FDF7DEFD0720F9E60098007820
:107BC000042806D0B06B10EB0801814201D26FEAA5
:107BD000000806F154004FF0010B0190DCE0308FFB
:107BE000C00572D1D6E90E230098540A44EAC35462
:107BF0004089401E044074BB52EA030005D0306D3A
:107C000050B13046FEF7FBF90AE0B06840B90021F8
:107C10003046FEF752F903E03046316CFEF74DF97D
:107C2000002870D0012805D0411C0CD03064B16808
:107C300091B112E0022086F8310002210098FDF790
:107C400099FD0220B4E686F831B001210098FDF7D5
:107C500091FD0120ACE600E0B06096F8300000062F
:107C600015D50098726C012340780199FDF7CCFC82
:107C700038B186F831B001210098FDF77BFD012075
:107C800096E696F8300000F07F0086F83000316C00
:107C90000098FDF7A4FEC8B107194FEA58258DB327
:107CA0000098621941898A4200D90D1B40782B4601
:107CB0003A464946FDF7A8FC88B186F831B0012163
:107CC0000098FDF757FD012072E638E0022086F8A3
:107CD000310002210098FDF74DFD022068E6706C2E
:107CE000C01BA8420CD209EB40214FF4007201984E
:107CF000FDF712FD96F8300000F07F0086F83000A6
:107D00006F0230E000E04BE0706CB84216D0D6E96C
:107D10000423D6E90E10891A98410FD20098012346
:107D20003A4640780199FDF763FC38B186F831B0E6
:107D300001210098FDF71EFD012039E67764308FA0
:107D4000C0F30800C0F50077474500D947463044E6
:107D500054303A464946FDF7DFFC96F8300040F0D3
:107D6000800086F83000B944D6E90E01C01941F10F
:107D70000001C6E90E01D6E90445221A75EB01029D
:107D800001D320462946C6E90401DAF80000384448
:107D9000CAF80000A8EB0708B8F1000F7FF41FAF86
:107DA00016F8300F40F04000307000210098FDF7C9
:107DB000E1FC0020FCE570B5ADF5986D04460DF5CD
:107DC00097612046FFF79EFB0546002D2CD194F8C5
:107DD0003000410628D5000618D5DDF8B804626CDD
:107DE0000123407804F15401FDF70EFC40B101215C
:107DF000DDF8B804FDF7BEFC01200DF5986D70BDEF
:107E000094F8300000F07F0084F83000FDF735FA78
:107E10000646DDF8B8040178042906D0A16CFDF708
:107E200084FD0546002D5FD084E02046FDF787FFE6
:107E3000054635B94FF0FF322046216CFDF796FF1D
:107E40000546002D76D1DDF8B80498A9C160C0F8C8
:107E500010D021460DF58C60FEF720FC0546002D64
:107E600068D1DDF8B80401690A7942F020020A718C
:107E7000E179026941F0010182F821100069A168ED
:107E80003430FDF71DFCD4E90423DDF8B8040069A3
:107E90003830FDF71DFCD4E90423DDF8B80400698F
:107EA0002830FDF715FCDDF8B804314600690C30C8
:107EB000FDF706FCDDF8B804002102695175006980
:107EC0001030FDF7FDFB0DF58C60FEF702FC05465A
:107ED0004DB9DDF8B804FDF742FD054614F8300F42
:107EE00000F0BF00207025E0E56CE87A40F020004B
:107EF000E8722946A2682068FEF7BCF905F11C006B
:107F00002169FDF7DDFB314605F11600FDF7D8FBD1
:107F1000002105F11200FDF7CFFBDDF8B8040121C7
:107F2000C170FDF71CFD054694F8300000F0BF005D
:107F300084F830002946DDF8B804FDF71BFC28461C
:107F40005BE738B505462846FFF735FF044684B998
:107F500069462846FFF7D6FA044654B9E86AFDF7A1
:107F600096FC04460CB90020286000210098FDF71B
:107F700001FC204638BD2DE9FF5F824614461D46B0
:107F800001A95046FFF7BEFA0290029810B99AF87C
:107F900031000290029850B901980078042806D167
:107FA000421F5046DAF84010FDF7E0FE02900298BA
:107FB00038B1DDE90101FDF7DDFB029804B0BDE851
:107FC000F09FDAF850600AF154004FF0000B039074
:107FD000002E74D0E04370EA05003ED0DAE90401D7
:107FE000021B71EB050201D204460D46CAE90E459B
:107FF00054EA050061D0621E45F1FF3316461F4664
:108000005046FDF7FCFFCAF8400001460198FDF715
:10801000E6FCE0B30199720A42EAC7524B895B1E43
:108020001A401418BAF83800C005E3D0DAF8442032
:10803000A242DFD09AF8300000065CD548780123D0
:108040000399FDF7E1FAC8B301208AF83100012154
:108050000198FDF78FFB0120B0E756F8049B02253D
:10806000DAF8081011B388460024AD1C0F46641CD2
:108070005046FDF7C0FC0146012909D802208AF8C4
:10808000310002210198FDF775FB022096E723E0FD
:10809000481C15D07F1CB942E8D04D4502D810C607
:1080A00046F8048B0198006A8842DCD8DAF8500060
:1080B00005604D450DD8C6F800B04AE115E02EE048
:1080C00001208AF8310001210198FDF753FB0120BE
:1080D00074E7112002903CE102208AF8310002216D
:1080E0000198FDF747FB022068E79AF8300000F09E
:1080F0007F008AF8300001980123224640780399D6
:10810000FDF776FA40B101208AF83100012101988B
:10811000FDF730FB012051E7CAF8444019E1019A0C
:108120001078042804D0012D02D34FF0FF3400252D
:10813000DAE90401031B71EB050305D29AF830302C
:108140009B0701D40D460446DAE90E890020009011
:10815000CAF83800CAF83C0054EA050072D05089C9
:108160004FEA402B58EA090023D0601E45F1FF3149
:108170005A46002309F03DFD0646B8F101000F46BE
:1081800049F1FF31804689465A46002309F031FD06
:10819000301A8F410DD3ABF10102D64308EA060035
:1081A000CAE90E094946241A65EB0105DAF84010C0
:1081B0000FE0DAF8081051B900215046FDF77DFEB6
:1081C0000146012908D0481C0FD0CAF80810CAF887
:1081D0004010B9B3002656E002208AF8310002218F
:1081E0000198FDF7C7FA0220E8E601208AF831007D
:1081F00001210198FDF7BEFA0120DFE63046B4EB1D
:108200000B0465EB0005DAE90E2312EB0B02434188
:10821000CAE90E239AF83000870714D5DAE904C7B3
:10822000BCEB020C9F4105D2CAE9042340F0400098
:108230008AF830005046FDF740FE014639B9002467
:10824000254625E035E05046FDF7D5FB0146481CA4
:108250000ED0012903D90198006A884211D8022062
:108260008AF8310002210198FDF784FA0220A5E680
:1082700001208AF8310001210198FDF77BFA0120E5
:108280009CE6CAF84010BBEB040076EB0500B5D3C2
:10829000DAE90E2012196841CAE90E20E00508D07B
:1082A0000198FDF79CFB80B3610A41EAC55108447F
:1082B0000090DAE90432DAE90E011B1A8A4107D28A
:1082C000CAE904019AF8300040F040008AF8300012
:1082D000BAF83800C0053CD0DAF844200098824251
:1082E00037D09AF8300000061FD501980123039972
:1082F0004078FDF789F990B101208AF83100012119
:108300000198FDF737FA012058E6FFE702208AF8C6
:10831000310002210198FDF72DFA02204EE69AF86D
:10832000300000F07F008AF8300001980123009AA5
:1083300040780399FDF75CF940B101208AF83100DB
:1083400001210198FDF716FA012037E60098CAF8D6
:108350004400DDE90101FDF70DFA02982EE673B540
:10836000ADF58D6D0446002C0AD000220DF264415B
:108370000DF26C40FEF7F3FE0546002625B160E0E5
:1083800009200DF58E6D70BDDDF864142160DDF8F7
:10839000640499A9C16001A901612046DDF86C144B
:1083A000FEF711FE0546280048D194F84B00000660
:1083B0002DD4A079C00629D5DDF8640401780429FC
:1083C00004D0E16BFDF743FFA06020E0A2682262C9
:1083D0002169E27921F0FF0111436162E26CA2623E
:1083E00000693430FDF731F9A060DDF864040069FC
:1083F0003830FDF735F9C4E90401DDF8640400699B
:1084000090F8210000F00201E17100E00525ADB90E
:10841000DDF86404C188A18000212046FDF708FE34
:10842000054628000AD1A06838B100212046FDF792
:10843000ECF9E06210B9122500E0E662042D00D1EB
:10844000052505B126602946DDF86404FDF792F99B
:10845000284696E738B5054669462846FFF752F89C
:1084600004465CB9E86A10B1FDF711FA04460CB98C
:108470000020286000210098FDF77CF9204638BDD7
:1084800070B5ADF58D6D06460D460DF26441304672
:10849000FFF738F8044614BB6DB1DDF8640499A900
:1084A000C16001A9016100213046FEF785F904464B
:1084B000042C06D006E000213046FDF7B9FD044645
:1084C0000DE000245CB929463046FEF7ABFB0021E5
:1084D0003046FDF7FFFD0446042C00D10024214660
:1084E000DDF86404FDF746F90DF58D6D204670BD8D
:1084F0002DE9F04106460C4604F11A0721463046A4
:10850000FFF7BEFF054655B94CB1A07E38B1002338
:108510001A463946306DFEF71AFC0028EED0284680
:10852000BDE8F08170B50D4604461146236520462E
:10853000FFF715FF002804D129462046BDE870400A
:10854000D6E770BD33B5ADF2BC4D0D4600220DF53A
:108550008C610DF2BC40FEF702FE0446DCB9DDF88A
:10856000601498A8C860DDF86014C1F810D00DF54B
:108570008C60DDF8BC14FEF726FD04465CB99DF85E
:10858000AB04000601D5062405E025B129460DF50A
:108590008C60FEF747FB2146DDF86004FDF7EAF842
:1085A0000DF2C44D204630BD2DE9F7478DB0894608
:1085B000144600220CA90DA8FEF7D1FD80465FEA03
:1085C00008007ED10C9820600C98D0E90716B21EE6
:1085D000914202D8C9F8001073E000240178012903
:1085E00007D004291ED0D0F82CA000250027D5B331
:1085F00048E00225009029466846FDF7FCF9411C39
:1086000003D0012804D030B106E04FF0010850E05B
:108610004FF002084DE0641C0C986D1C006A854206
:10862000E9D346E0B61E476B00253DB939467F1CAD
:108630000C98FDF77AF9B0F100083AD108220C98AD
:10864000284490F83C0005E0C10700D1641C4008B4
:10865000521E761E0AB1002EF6D16D1CC5F3080518
:10866000002EE2D125E0FFE751460AF1010A0C98FD
:10867000FDF75BF980465FEA08001AD10C9F3C3792
:108680004FF400750C980078022805D03846FCF7A6
:10869000DCFF000108D008E03846FCF7D1FF00B944
:1086A000641CBF1CAD1E02E0641C3F1D2D1F761E06
:1086B0009DD1C9F800400C98C461017941F00101D5
:1086C000017141460C98FDF755F810B04046BDE8E1
:1086D000F08738B5044669462046FEF713FF054685
:1086E000280002D194F831502DB129460098FDF7A9
:1086F00041F8284638BD94F83000800705D407219A
:108700000098FDF737F8072038BDD4E90423D4E9F1
:108710000E01821A71EB030247D2084307D02046AC
:10872000216CFDF768F90146481C09D009E00022D8
:108730002046A168FDF733FB05460020A0600DE050
:108740000125012900D1022545B90098006A884217
:1087500004D92046226CFDF722FB0546D4E90E0120
:10876000C4E9040194F8300040F0400084F830007F
:1087700095B9000610D50098626C0123407804F189
:108780005401FCF741FF08B1012505E094F83000E1
:1087900000F07F0084F830003DB184F83150294664
:1087A0000098FCF7E7FF284638BD29460098FCF7FB
:1087B000E1FF284638BD31B5ADF5A96D002502228F
:1087C0000DF294410DF5A960FEF7C9FC0446DDF8F1
:1087D0009404CDF8F004002C7ED198A9C160C0F8B3
:1087E00010D00DF59E60DDF84815FEF7ECFB044651
:1087F000200005D102210DF59E60FCF7C7FF04465D
:10880000002C76D19DF83B05000601D5062404E036
:108810009DF8F604C00700D007249CBBDDF8940443
:10882000CDF860040178042912D0DDF82C15FDF78D
:108830000EFD05469DF8F604C00642D5DDF8940409
:10884000CDF89804CDF8A054007804281BD024E07B
:1088500000693430FCF7F9FE0546CDF86804DDF810
:10886000940400693830FCF7FBFE0DF58E6203C2FC
:10887000DDF89404006990F8210000F002008DF802
:108880006704D7E71DE00DF58E600DF5956203C80E
:1088900003C29DF867048DF89F0400210DF59360D5
:1088A000FDF7C6FB044620000BD100210DF59360B7
:1088B000FDF782FF0446200000D10724042C00D1DC
:1088C00000244CB90DF59E60FEF77DF904462000AA
:1088D00009D145B1002200E00BE029460DF58C607E
:1088E000FDF75DFA044624B9DDF89404FDF737F886
:1088F00004462146DDF89404FCF73CFF0DF24C5D84
:10890000204630BD2DE9F14FADF5996D02220DF2F3
:1089100064410DF59960FEF722FC0446DDF864140D
:10892000CDF86814002C76D198A8C860C1F810D092
:108930000DF58D60DDF8C814FEF745FB04462000F8
:1089400000D10824042C66D100210DF58D60FDF7BF
:10895000B4FA8046DDF864040DF58F63418949025D
:10896000002206C30024B8F1000F00D10724B8F19B
:10897000010F00D10224B8F1FF3F00D1012414B946
:10898000FCF7A9FF0446FCF778FCCDF860044FF033
:1089900010094FF0010AECBB4146DDF86404FDF715
:1089A0001EF80746DDF864643C364FF4007B5A46F7
:1089B00000213046FCF7B9FEDDF864040078042895
:1089C00030D00B2220213046FCF7AFFE2E2535702B
:1089D00086F80B9006F11600DDF86014FCF770FEC7
:1089E00042463146DDF86404FDF744FC06F1200000
:1089F00020223146CDF8C004FCF78EFE86F82150C7
:108A0000DDF87024DDF864040178032906D1016BD8
:108A1000914201E01DE029E000D10022DDF8C01400
:108A2000FDF728FCDDF86404458995B1DDF86404A0
:108A300087637F1C80F803A0FCF74DFF04462000ED
:108A400007D15A4600213046FCF76FFE6D1E002DFF
:108A5000ECD124B90DF58D60FDF7D0FF04467CB153
:108A6000002241460DF58D60FDF799F92146DDF8AC
:108A70006404FCF77FFE0DF2CC4D2046BDE8F08F7C
:108A8000DDF86404017804291BD0DDF8A454DDF876
:108A9000601405F11600FCF713FE42462946DDF886
:108AA0006404FDF7E7FB85F80B90DDF8640480F8BB
:108AB00003A0002CDAD1DDF86404FCF750FF044673
:108AC000D4E70069DDF860140C30FCF7F9FDDDF83F
:108AD0006404414600693430FCF7F2FDDDF86404BB
:108AE000DDF8781400693830FCF7EAFDDDF864043D
:108AF000DDF8781400692830FCF7E2FDDDF8640445
:108B00000321026982F82110006980F804900DF5B4
:108B10008D60FDF7DEFD0446CBE773B5ADF5AB6DBB
:108B20000DF25C50FEF7ACFA02220DF2A4410DF5F5
:108B3000AB60FEF714FB044620007CD1DDF8A404F2
:108B4000CDF8000599A9C16001A901610DF5A060EA
:108B5000DDF85815FEF737FA0446200005D19DF8D8
:108B60004B0510F0A00F00D006242CB902210DF502
:108B7000A060FCF70BFE0446002CDED1DDF8A40457
:108B80000178042918D0DDF83C1515220B310DF2BF
:108B90006440FCF7C1FD58220DF5A0610DF595600C
:108BA000FCF7BAFD0DF59560DDF85C15FEF70BFAE4
:108BB0000446200056D064E0016940220DF2644072
:108BC000FCF7AAFD58220DF5A0610DF59560FCF7A4
:108BD000A3FD0DF59560DDF85C15FEF7F4F904468C
:108BE00020000ED1DDF80815DDF8B004884207D169
:108BF000DDF83015DDF8D804884201D1042400E006
:108C00000824042C2DD10DF59560FDF7F7FE0446E0
:108C100020007BD1DDF8A4040069457890F823405A
:108C20002430FCF70DFD0646DDF8A40440220DF2C9
:108C30006441006900E076E0FCF76EFDDDF8A40415
:108C400000694570DDF8A404016981F823400069DA
:108C500031462430FCF730FD0DF59560FDF739FD08
:108C6000044653E0DDF80815DDF8B004884207D16A
:108C7000DDF83015DDF8D804884201D1042400E085
:108C80000824042C42D10DF59560FDF7B7FE04468B
:108C900020003BD1DDF8E45413220DF2664105F1CA
:108CA0000D00FCF739FD9DF8640440F02000E872E7
:108CB000DDF8A4040126C670E97AC90626D5DDF8D8
:108CC000B024DDF80815914220D02946FDF7BFFAFF
:108CD0000146DDF8A404FCF782FE014651B1DDF83F
:108CE000A404FCF722FE0446DDF8A40400F15C01B4
:108CF00014B10BE0022409E04A782E2A06D1DDF8EF
:108D0000B024FDF7B7FADDF8A404C6705CB90DF520
:108D1000A060FDF758FF0446200004D1DDF8A4044C
:108D2000FCF71DFE04462146DDF8A404FCF722FDF5
:108D30000DF5AC6D204670BD77B5ADF2C44D0D4656
:108D4000164602220DF264410DF2C440FEF707FA06
:108D50000446DDF86414CDF8681434BB99A8C860E3
:108D600001A808610DF58D60DDF8C414FEF72BF93C
:108D70000446200005D19DF8B30410F0A00F00D0E8
:108D8000062494B906F02700DDF864140A78042A52
:108D90000CD0DDF8A4240540D27A8243DDF8A40487
:108DA0001543C5720120C87064B110E0096905401F
:108DB0000A79824315430D710DF58D60FDF789FC2D
:108DC0000446F1E7DDF86404FCF7C9FD04462146DA
:108DD000DDF86404FCF7CEFC0DF59A6D204670BDFD
:108DE00033B5ADF2C44D0D4602220DF264410DF2D1
:108DF000C440FEF7B4F90446DDF86414CDF86814F5
:108E000034BB99A8C86001A808610DF58D60DDF834
:108E1000C414FEF7D8F80446200005D19DF8B30429
:108E200010F0A00F00D0062494B9DDF86404017896
:108E300004290ED06889298940EA0141DDF8A4049B
:108E40001630FCF73DFCDDF864140120C87074B1E5
:108E500012E069892A89006941EA02410C30FCF775
:108E60002FFC0DF58D60FDF734FC0446EFE7DDF8CF
:108E70006404FCF774FD04462146DDF86404FCF745
:108E800079FC0DF2CC4D204630BD2DE9F74799B065
:108E90000C469146002201A919A8FEF760F9054683
:108EA00028004AD154B301980290A846CDF810800A
:108EB000002102A8FDF7BCF8054628001CD10121BD
:108EC00002A8FDF779FC0546280015D10198007825
:108ED000042814D000200146119B0246401C9B5CD4
:108EE0000A46491CA3540B29F6D304F8018019B192
:108EF000491E605C2028F8D0042D1BD01DE0002600
:108F000037464FF0020A0EE011980AEB460108447A
:108F1000FCF796FB002101F079FA00B93F203946B1
:108F20007F1C6054761C11984078B042ECD804F84D
:108F30000780E1E784F800800025B5B9B9F1000F9A
:108F400013D00198816AFCF7F0FC054628000CD18B
:108F500001990878032812D004280ED0272008444D
:108F60003C30FCF772FBC9F8000029460198FCF779
:108F700001FC1CB02846BDE8F0876420EFE74320E1
:108F8000EDE72DE9F1439EB0022207A91EA8FEF7E6
:108F9000E6F804463CB121460798FCF7EBFB204677
:108FA0001FB0BDE8F083079A089200241E9800E0E5
:108FB000641C015D2029FBD211784FF000090DF1EE
:108FC0000408042923D100252E4615E01E993046B9
:108FD000761C085C012101F019FA074687B1394671
:108FE000FE48FCF7B4FB58B9162D09D008EB050074
:108FF0003946FCF761FBAD1CA642E7D32C464BE09B
:1090000006210798FCF7B6FB0620C9E7641E24B1C9
:10901000011911F8011C2029F8D094B38DF804909F
:1090200000252F461E9938467F1C085C012101F05F
:10903000EDF901F003FA002101F0E8F906465EB10E
:109040003146E648FCF783FB30B9FF2E01D90A20F0
:1090500000E00B20A84205D806210798FCF78AFB00
:1090600006209DE7FF2E04D9310A28466D1C08F81A
:10907000001028466D1C08F80060A742D2D32020BB
:1090800004E009E029466D1C08F801000B2DF9D316
:109090009DF80400E52808D0CDF82890002108A804
:1090A000FCF7C6FF054635B14BE006210798FCF7F3
:1090B00061FB062074E7012108A8FDF77DFB05464A
:1090C000012615B1042D1ED03BE007980078042836
:1090D00006D07CB10B2201A91798FCF71DFB0CE010
:1090E00017996008487017982246801C01A9FCF760
:1090F00013FB02E01799E52008700798C670FCF78B
:109100002EFC05461DE00025DCB1012108A8FDF775
:1091100070F80546ADB9202200211798FCF705FB31
:1091200007980078042812D017990820C8720B22DB
:1091300001A91798FCF7F0FA0798C670FCF70FFC26
:10914000054629460798FCF715FB284628E7179996
:109150008320087017996008487017982246801C71
:1091600001A9FCF7D9FAE7E72DE9FE4F814614463D
:109170001D4602A94846FEF7C5F90646300002D151
:1091800099F8316036B131460298FCF7F3FA30466F
:10919000BDE8FE8F54EA050007D0D9E90401084371
:1091A00003D199F83000800705D407210298FCF715
:1091B000E1FA0720ECE7029F97F80080B8F1040F6E
:1091C00007D0012D05D307213846FCF7D3FA072035
:1091D000DEE77889420293464FF0000A5346204664
:1091E000294608F006FD0146ABF1010204EA02003F
:1091F00050EA0A0001D0012000E00020084400905D
:10920000D7F818B04FF0000ABBF1020F02D3386A4A
:10921000584501D84FF0020BB8F1040F1CD05F463F
:10922000B8460020019041464846FCF7E4FB02990D
:1092300008F10108096A884501D34FF002080128A6
:1092400029D0411C29D050B3474600200190D84571
:10925000E9D1072656B34BE059463846009AFCF749
:10926000EEFC0746380000D10726781C00D1012605
:109270007EBB0C9860B101233946009A0298FCF736
:1092800020FD0646009807EB000AAAF1010A2FE02C
:10929000A7F1010A2CE00226DCE70126DAE70198B3
:1092A0000099401C01908842D4D0D0E70C98E8B1D6
:1092B000B846DDF800B015E0BBF1010F0AD008F1A7
:1092C000010241460298FCF731FC064630000FD1FE
:1092D00003E00DE04FF0FF32F3E7C24608F101086A
:1092E000ABF1010BBBF1000FE6D101E0A7F1010AE0
:1092F000EEB90298C0F818A00C99C1B1C9F808706D
:10930000C9E90445022189F8071099F8301041F0A5
:10931000400189F83010D0E90712921E914206D818
:10932000009A891AC161017941F001010171314648
:109330000298FCF71FFA30462AE72DE9F84F044659
:10934000884615461F464FF0000AC7F800A0694638
:109350002046FEF7D7F8064616B994F8316036B1C4
:1093600031460098FCF706FA3046BDE8F88F94F8CD
:109370003000C00710D0D4E90431D4E90E02181A25
:1093800061EB0201421B71EB0A0100D205464FF06E
:10939000020B04F1540986E007210098FCF7EAF972
:1093A0000720E2E7D4E90E01009A460A46EAC156D0
:1093B0005289521E1640228FD20518D1BEB90843D9
:1093C00010D02046216CFCF716FB01280CD884F83D
:1093D00031B002210098FCF7CDF901E031640408B6
:1093E0000220C2E7A068F0E7411C1DD02064216C78
:1093F0000098FCF7F4FA00B30644626CB2423BD02A
:1094000094F83000000626D500980123494640789C
:10941000FCF7FAF8C8B1012084F831000121009866
:10942000FCF7A8F90120A0E7012084F83100012110
:109430000098FCF79FF9012097E784F831B00221EA
:109440000098FCF797F902208FE794F8300000F0BD
:109450007F0084F830000098012332464078494666
:10946000FCF7C6F840B1012084F8310001210098D2
:10947000FCF780F9012078E76664208FC0F30800CC
:10948000C0F50071A94200D929464844C047B8B187
:10949000D4E90E21121841EB0A01C4E90E21396802
:1094A000014439602D1A2DB100210846C04700281B
:1094B0007FF478AF00210098FCF75CF9002054E7B6
:1094C00084F831B002210098FCF754F902204CE7EF
:1094D0002DE9FF4FA5B01446329E984625A8FDF70A
:1094E000CFFD002803DA0B2029B0BDE8F08FF94941
:1094F00051F8201009B100220A70C0B217901798D5
:10950000FCF763F8C10701D00320EDE7400701D560
:109510000A20E9E715AA03211798FCF781F838B962
:10952000159828B1B0F5004F02D8411E084201D06D
:10953000012015904FF4007514B1B4F5007F05D3E8
:10954000B4F1807F02D8601E044201D01320CBE723
:10955000B4FBF5F74446B6FBF5FA4FEA4A201690FD
:10956000169838B10EAA01211798FCF759F818B1CE
:109570000120B9E70E20B7E7269800076FEAA01090
:109580004FEA90690E98484501D20E20ACE7A0EB57
:1095900009000E90802801D20E20A5E726994FF0F1
:1095A00080664A0701F0070108D5042903D0B042BC
:1095B00001D2802F02D94FF0040810E0802F01D98A
:1095C000132091E7269A920704D5022915D02699EF
:1095D000C90712D02699C90712D04FF00208B8F176
:1095E000040F0FD04FF6F57340F6F57E3E46B8F106
:1095F000030F7DD0002E7CD0FBE24FF00308EEE796
:10960000132071E7B0F5805F01D20E206CE7CDF832
:109610001C904844401E089007AA04211798FBF7A5
:10962000FFFF4FB908270E98B0F5002F00D3402751
:10963000B04201D34FF4807709F1200010900E98CA
:10964000B0FBF7F1891C05EB8101491EB1FBF5F276
:109650000C920C9A10990A4415990A44521E491EFC
:109660008A430F920F9AB2EB500F01D30E203BE7C3
:109670000F99A1EB0901401AB0FBF7F02491149067
:109680001498102801D20E202EE79349149888428E
:1096900001D90E2028E71498C01DC008069006982E
:1096A000401E07FB05007902B0FBF1F00790079917
:1096B0000F9807FB010013900020049000260596E8
:1096C0000A96B34600960098B0B301285DD01FFA01
:1096D0008BF0029006EB0B0086B2002000900298FF
:1096E0000A99C0B260540499FCF720FF014601E0DA
:1096F0004EE26EE20A9A02982244000A5070FCF789
:1097000015FF04900A98801C0A900598801C05900B
:109710001EB116990A98884247D10A982844401EDB
:10972000B0FBF5F011902146119B139A1798FBF7A7
:109730006BFF98B30120D7E6FFE7304600F07EFECE
:1097400002900298B04202D0761CB6B2C7E74FF042
:10975000010B01E00BF1010B06EB0B002390000461
:10976000000C07D0239880B200F068FE239989B2DC
:109770008842EFD0BBF1800F05D34FF6FF70029007
:1097800002200090ABE7012000900296761CB6B252
:10979000BBF1010BA3D100200090A0E7FFE71199D6
:1097A00013980844139000200A90002E8BD105983E
:1097B000401E07FB050107FB05F0B1FBF0F0089028
:1097C000012009900F98139006982844401EB0FB82
:1097D000F5FBDDE907014618761C00212046169AA4
:1097E000FBF7A3FF0020FF2103E00246401CA15429
:1097F000083E082E02D3169A9042F6D3012105E0C6
:10980000225C0A4322544906090E761E16B1169AA6
:109810009042F5D3D34501D9504600E05846119007
:109820002146119B139A1798FBF7EEFE08B1012011
:109830005AE611991398084413901198ABEB000B5A
:10984000BBF1000FC9D1109813900C98129000260C
:109850000396019600212046169AFBF766FF4FF00B
:10986000000B0398F8B920466FF00701FBF728FFBB
:10987000201D4FF0FF31FBF723FF4FF0080B0220B4
:10988000039010E0012E02D90399491C01E04FF02A
:10989000FF3104EB0B00FBF713FF0BF1040B0398F4
:1098A000401C0390761E16B116988345EAD346B93C
:1098B0000198032805D20199481C019007A850F887
:1098C000216016B116988345EDD31298504505D9FD
:1098D000D34605E0B0C00120FDFFFF7FDDF848B0B2
:1098E00021465B46139A1798FBF78EFE08B10120BC
:1098F000FAE51398584413901298A0EB0B001290BD
:1099000012980028A6D100212046169AFBF70DFFD9
:1099100083202070812084F82000022104F134008B
:10992000FBF7CEFE04F138000699FBF7C9FE822052
:1099300084F8400004F144000499FBF7C1FE079944
:1099400004F15400891C2290FBF7BAFE04F1580080
:1099500005992190FBF7B4FEDDE9070101440F985A
:1099600007FB010013903E46564501D9D34600E05F
:10997000B3465B462146139A1798FBF745FE08B19C
:109980000120B1E52A4600212046FBF7CEFE1398C0
:1099900058441390A6EB0B06002EE5D1CA460020D2
:1099A000119004F14000209008301F901098A0EB17
:1099B00009001E9004F150001D900C301C90001DF9
:1099C0001B90001D1A90001D19902A460021204668
:1099D000FBF7ABFE0B22FE492046FBF79DFE4946F6
:1099E0002098FBF76DFE0E991F98FBF769FEDDE9E5
:1099F0001D01FBF765FE0C992298FBF761FE249987
:109A00002198FBF75DFE14991C98FBF759FEDDE9E0
:109A100007010144891C1B98FBF752FEFBF72DFC44
:109A200001461A98FBF74CFE4FF480711998FBF72A
:109A300043FE002284F86C20284604E094F86C1061
:109A4000491C84F86C104008F8D184F86D203E461B
:109A500004E094F86D00401C84F86D007608F8D19D
:109A6000012084F86E00802084F86F004FF6EB61CF
:109A700004F17800FBF720FE4AF6552B594604F511
:109A8000FF70FBF719FE002004900BE06A2E08D04F
:109A90006B2E06D0702E04D0A05D0499FCF746FD15
:109AA0000490761CAE42F1D30AF10106524601231E
:109AB00021461798FBF7A8FD08B1012014E52A46B6
:109AC00000212046FBF731FE6019801E5946FBF746
:109AD000F3FD4FF0010A4FF0000B07E058460BF181
:109AE000010B205C0499FCF721FD0490AB45F5D3F4
:109AF0003246761C012321461798FBF785FD08B1F5
:109B00000120F1E40AF1010ABAF1090FE3D32A4670
:109B100000212046FBF709FE18E04FF0000B07E09C
:109B200058460BF1010B205C0499FCF7FFFC0490F4
:109B3000AB45F5D33246761C012321461798FBF737
:109B400063FD08B10120CFE40AF1010ABAF10B0F5D
:109B5000E3D34FF0000A06E004EB0A000499FBF798
:109B6000AFFD0AF1040AAA45F6D306F1010A32460E
:109B7000012321461798FBF747FD08B10120B3E404
:109B80001198401C119011980228FFF41EAFFEE1BD
:109B90006EB94FEA504C00210126DFF838B201E0DF
:109BA000491C76003BF811200AB16245F8D9B0FB98
:109BB000F6F105EB8102D21DB2FBF5FB20220D92DE
:109BC00000220B92994202D9834A91422BD90E204E
:109BD0008AE44FEA103C00210126DFF8F8B1ABF12E
:109BE0000E0B01E0491C76003BF811200AB16245DA
:109BF000F8D9B0FBF6F1714503D9042202EB41011B
:109C000007E04FF0010801EB4101491C032202EB80
:109C100051012944491EB1FBF5FB01210D91890336
:109C2000B1FBF5F10B910D9949441091109901EB9D
:109C30000B020B990A44159902EB010CACF1010CD3
:109C4000491E2CEA010CACEB0201B8F1030F08D05D
:109C50008B4402EB0611A1EB090181420BD90E20C6
:109C600042E4DDF834C08C44CDF834C0DDF840C0A7
:109C700061441091EDE70D99411AA1EB0B020B998C
:109C8000511AB1FBF6F11491B8F1030F08D11499F0
:109C9000994205D817B977087FF4A8AC0E2023E4C1
:109CA000B8F1020F1ED11499994212D92FB940214F
:109CB000B1EB460F01D3770098E42699890702D5C6
:109CC0004FF0030892E417B97700802FF4D90E20E3
:109CD0000AE41499714505D817B97700802FEBD99C
:109CE0000E2012E4B8F1010F04D11499714501D985
:109CF0000E200AE4CDF81C904844401E089007AAA4
:109D000004211798FBF78CFC2A4600212046FBF71C
:109D10000CFD0B2231A12046FBF7FEFC294604F185
:109D20000B00FBF7C9FC66730D9881B204F10E00BD
:109D3000FBF7C2FC01202074B8F1030F0ED04102E2
:109D400004F11100FBF7B8FC0E99B1F5803F07D282
:109D500089B204F11300FBF7AFFC05E00021EFE747
:109D600004F12000FBF7ACFCF82060753F2104F102
:109D70001800FBF7A1FCFF2104F11A00FBF79CFC83
:109D8000494604F11C00FBF79BFC2927B8F1030F9F
:109D90003FD0FBF772FA014604F12700FBF790FC75
:109DA0001FFA8BF104F11600FBF786FC802084F883
:109DB000240084F8267013220BA104F12B00FBF77A
:109DC000ABFC4AF6552704F5FF703946189015E0AC
:109DD0003C75030850640408F5FFFF0FEBFE904D3F
:109DE00053444F53352E30004E4F204E414D4520A9
:109DF000202020464154202020202000FBF75CFC3E
:109E000001234A4621461798FBF7FEFB40B3012089
:109E10002DE4FBF732FA014604F14300FBF750FC56
:109E2000594604F12400FBF74BFC022104F12C00FD
:109E3000FBF746FC012104F13000FBF73DFC062155
:109E400004F13200FBF738FC802084F8400084F8ED
:109E500042701322F9A104F14700FBF75DFCB0E763
:109E6000B8F1030F31D1012309F1060221461798F9
:109E7000FBF7CAFB2A4600212046FBF756FCF449B3
:109E80002046FBF71DFCF34904F5F270FBF718FCC4
:109E9000149904F5F470491EFBF712FC022104F535
:109EA000F670FBF70DFC39461898FBF705FC01230B
:109EB00009F1070221461798FBF7A6FB012309F1D8
:109EC000010221461798FBF79FFB00212046169AB6
:109ED000FBF72BFC1098139000200A90B8F1030FA9
:109EE0000CD0B8F1010F1AD06FF007012046FBF734
:109EF000E7FB5F46574514D9504613E06FF0070162
:109F00002046FBF7DDFB4FF0FF31201DFBF7D8FBB0
:109F10006FF0704104F10800FBF7D2FBE9E7CE498E
:109F2000E4E7384611902146119B139A1798FBF7E6
:109F30006BFB08B101207BE42A4600212046FBF799
:109F4000F4FB119913980844139011983F1A002FAD
:109F5000D0D10A98401C0A900A980028BED0B8F1C7
:109F6000030F00D00B9E564501D9574600E03746F7
:109F70003B462146139A1798FBF746FB08B1012090
:109F800056E4139838441390F61B002EEBD1B8F129
:109F9000040F08D0B8F1030F07D00E98B0F5803F3A
:109FA00005D3062607E0072605E00C2603E0B8F1F6
:109FB000020F37D001262698000735D42A46002103
:109FC0002046FBF7B2FB4AF6552104F5FF70FBF77C
:109FD00073FB04F5DF750020287001216970A970FA
:109FE000E8702E710E9843F6C1614844B0FBF1F061
:109FF000FE2169713F2141EA9001A971E87149464A
:10A0000005F10800FBF75CFB05F10C000E99FBF76E
:10A0100057FB0123002221461798FBF7F5FA18B1E8
:10A02000012005E40426C6E7002211461798FBF735
:10A03000F7FA08B101205BE4002059E42DE9FC4166
:10A040000746904600253C464E1E11E06B46012215
:10A0500001A94046FDF794FC009801280AD19DF81B
:10A0600004000D2804D004F8010B6D1C0A2801D04F
:10A07000B542EBDB0020207015B13846BDE8FC810D
:10A080000020FBE7F8B504460E460A2E03D10D2149
:10A090002046FFF7F7FF6068002816DB451C2044C8
:10A0A00006733D2D0DDB6B462A4604F10C0120683A
:10A0B000FDF762FD0098A84201D1002501E04FF0B4
:10A0C000FF356560A068401CA060F8BD38B5044647
:10A0D0006268002A0CDB6B4604F10C012068FDF776
:10A0E0004BFD28B960680099884201D1A06838BD4D
:10A0F0004FF0FF3038BD0160002141608160704742
:10A1000010B594B0044601A8FFF7F5FF214601A859
:10A11000FFF7B8FF01A8FFF7D9FF14B010BD10B5C5
:10A1200094B0044601A8FFF7E6FF03E0641C01A811
:10A13000FFF7A8FF21780029F8D101A8FFF7C6FF93
:10A14000EBE70FB42DE9F0439DB0014609A8FFF7F6
:10A15000D2FF26A81C900DF10408259810F8011BC9
:10A16000259000297AD0252903D009A8FFF78AFF76
:10A17000F3E700252E4610F8011B2590302902D068
:10A180002D2905D012E0012510F8011B25900DE0C6
:10A19000022510F8011B259008E006EB860001EB74
:10A1A0004006303E259810F8011B2590A1F13000A3
:10A1B0000928F2D96C2901D04C2905D145F00405B4
:10A1C000259810F8011B2590002947D00A46A2F1D6
:10A1D0006100192801D8203AD2B24F2A52D006DCA9
:10A1E000422A4DD0432A43D0442A06D14CE0532A78
:10A1F00007D0552A48D0582A48D009A8FFF742FF6F
:10A20000ABE71C9880C81C90002400E0641C385DFB
:10A210000028FBD1A80704D50CE0202109A8FFF7EE
:10A2200031FF2046641CB042F7D303E07F1C09A82D
:10A23000FFF728FF39780029F8D114E04E4F204E5F
:10A24000414D45202020204641543332202020001B
:10A250005252614172724161F8FFFF0073E02021A8
:10A2600009A8FFF70FFF2046641CB042C8D2F6E7EA
:10A270001C9810F8041B1C9009A8FFF703FF6CE75B
:10A28000022304E0082302E00A2300E01023680709
:10A2900003D51C9C01CC1C9404E0442A05D01C9CD2
:10A2A00001CC1C94442A04D008E01C9C01CC1C94D2
:10A2B000F8E7002802DA404245F008050024B0FB28
:10A2C000F3F203FB1202D2B2B0FBF3F0092A04D975
:10A2D000782917D007273A44D2B230322746641C77
:10A2E00008F8072008B1202CE9D3280704D52D222F
:10A2F0002046641C08F800202746E80704D04FF0E9
:10A30000300908E02727E6E74FF0200903E0494637
:10A3100009A8FFF7B7FEA80703D438467F1CB04250
:10A32000F5D3641E09A818F80410FFF7ABFE002C43
:10A33000F7D103E0494609A8FFF7A4FE38467F1C81
:10A34000B0429CD2F6E709A8FFF7C0FE1DB0BDE8F9
:10A35000F0035DF814FB000030B5044601201C4BEF
:10A360005D7A002D14D1587A1D54587A03EB800081
:10A3700044605C7A03F108002254587A421C5A72F5
:10A38000303008703A2048702F208870CD7000203F
:10A3900030BD0022E0E710B5014601200C4B5A7A8F
:10A3A000002A0FD009783039C9B203EB8102546812
:10A3B000002C07D00020506019440872587A401EC3
:10A3C0005872002010BD0021E5E70148407A70472F
:10A3D00000D3012010B50C460020F9F7CBFF206018
:10A3E000002800D0012010BD10B5FAF76BF801204D
:10A3F00010BD10B500244FF47A71FAF707F800B9D0
:10A400000124204610BDFAF72EB80000802804D39E
:10A410002B4A39B1FF2801D900207047803832F823
:10A4200010007047002132F81130834203D0491CDC
:10A4300089B28029F7D38031C8B2704730B5B0F502
:10A44000805F01D21F4900E01F4931F8022B002A2A
:10A4500014D0904212D331F8023B1C0ADBB2D5185B
:10A46000854228D9092C09D2DFE804F005090F122A
:10A4700015181B1E2100801A31F8100030BD811AFA
:10A4800001F00101401A80B230BD103880B230BDF9
:10A49000203880B230BD303880B230BD1A3880B23A
:10A4A00030BD083080B230BD503880B230BDA0F52C
:10A4B000E35080B230BD002CC7D101EB4301C4E7AB
:10A4C0005E6404085E6504085067040870B50446BD
:10A4D00015461E46C4F8B017D4F8A807FAF799F93C
:10A4E000002809D0F2B22B4604F5F661D4F8A8078B
:10A4F000BDE87040FAF70CB970BD10B504462046AF
:10A50000FAF7C4FF01212046FBF715F8002010BD23
:10A5100070B504460020002204EB8001C1F85427E6
:10A52000401C1028F8D300204FF48065211881F8D2
:10A530001C21401CA842F9D3227062700120A07037
:10A54000C4F8942720764021A171627684F81C25F6
:10A5500084F81D0584F81F2584F81E25010204F1E6
:10A560001C0007F01FFF294604F58E7007F01AFF44
:10A57000122104F2265007F0F3FE4FF4FF7104F5A8
:10A58000A76007F00FFF002070BD2DE9FE430446D1
:10A590000126607800250D274FF0010904F58E781B
:10A5A00008280CD2DFE800F0044E8DD0F7F6F5F461
:10A5B0000821204601F03EF910B103281FD0B4E174
:10A5C00094F82D05A07184F8019094F81D15CDE93B
:10A5D0000015029094F81C3521798022204601F064
:10A5E000C2FBA07994F81D15CDE90015029094F8EE
:10A5F0001C3561790022204601F0B5FB95E1EEA003
:10A6000007F06EFBEEA007F06BFBFAA007F068FB0B
:10A6100094F81E05401CC0B284F81E05032807D913
:10A62000F5A007F05DFBF3A007F05AFB27707CE173
:10A630006179204601F0CAFB2179204601F0C6FB72
:10A64000257072E11221204601F0F4F810B10328C0
:10A6500013D06AE1B4F83015F7A007F041FBE5A08C
:10A6600007F03EFBB4F82E15F6A007F039FBE1A089
:10A6700007F036FB0220607057E1CFA007F030FBF7
:10A68000F3A007F02DFBDBA007F02AFB94F81E05D2
:10A69000401CC0B284F81E05032807D9D6A007F0D5
:10A6A0001FFBD4A007F01CFB27703EE16179204618
:10A6B00001F08CFB2179204601F088FB6570257044
:10A6C00033E10121204601F075FA10B1032829D0A9
:10A6D0002BE10220FAF75BFF494684F81C95EBA0BA
:10A6E00007F0FEFAC3A007F0FBFA03206070A07920
:10A6F00094F81D15CDE90015029094F81C352179C8
:10A700008022204601F02FFBA07994F81D15CDE999
:10A710000015029094F81C3561790022204601F062
:10A7200022FB02E1A4A007F0DBFADEA007F0D8FAD2
:10A73000B0A007F0D5FAB0A007F0D2FAADA007F0AC
:10A74000CFFA27706570F0E00921204601F0B2F9D8
:10A7500010B1032803D0E8E004206070E5E096A083
:10A7600007F0BEFADC4807F0BBFAA2A007F0B8FA7F
:10A7700094F81E05401CC0B284F81E0503280BD9AE
:10A780009DA007F0ADFA9BA007F0AAFA2770CCE0D5
:10A79000A7E074E03BE00AE06179204601F016FB97
:10A7A0002179204601F012FB65702570BDE0B4F8F8
:10A7B0003A15204601F07EF910B1032803D0B4E029
:10A7C00005206070B1E07CA007F08AFAC24807F06B
:10A7D00087FA88A007F084FA94F81E05401CC0B2DE
:10A7E00084F81E05032807D983A007F079FA81A011
:10A7F00007F076FA277098E06179204601F0E6FAD2
:10A800002179204601F0E2FA657025708DE094F818
:10A810003415062529B3FF234246204601F084F96A
:10A8200010B103280FD080E04146ACA007F058FAE1
:10A8300070A007F055FA657000231A4605212046DE
:10A84000FFF744FE71E0AAA007F04AFA69A007F0FA
:10A8500047FA657000231A4605212046FFF736FEA9
:10A8600063E0A3A007F03CFA62A007F039FA657034
:10A8700000231A4605212046FFF728FE55E094F8EC
:10A8800035150725F9B1FF234246204601F04CF962
:10A8900010B1032809D048E041469AA007F020FAF9
:10A8A00054A007F01DFA65703FE09AA007F018FA6F
:10A8B00050A007F015FA657000231A4605212046BE
:10A8C000FFF704FE31E093A007F00AFA49A007F071
:10A8D00007FA657000231A4605212046FFF7F6FDAA
:10A8E00023E094F83615C9B1FF234246204601F013
:10A8F0001BF910B1032809D017E0414689A007F0E1
:10A90000EFF93CA007F0ECF900260EE08AA007F072
:10A91000E7F938A007F0E4F9002606E086A007F082
:10A92000DFF934A007F0DCF900263046BDE8FE83ED
:10A930002DE9FF4104464FF00208CDF80C800020BD
:10A9400094F82115012901D10321217021780D26C8
:10A95000082700250C2923D2DFE801F0062C2B2A3A
:10A96000222928272625242394F82005002817D0FB
:10A9700076A007F0B5F91FA007F0B2F9012020700A
:10A98000C820FAF704FE2046FAF7A1FD84F81C550A
:10A99000C4F8985700231A4601212046FFF796FD78
:10A9A0007EE24FE2C7E199E182E172E118E249E11A
:10A9B0004FE20CE1D6E000004552524F523A2000DF
:10A9C000436F6E74726F6C206572726F723A2047BB
:10A9D00065742044657669636520446573637269B4
:10A9E00070746F7220726571756573742066616929
:10A9F0006C6564000A000000436F6E74726F6C2017
:10AA00006572726F722C20446576696365206E6F83
:10AA10007420526573706F6E64696E6720506C6548
:10AA200061736520756E706C75672074686520446D
:10AA300065766963652E00005049443A20257868A0
:10AA4000000000005649443A2025786800000000C4
:10AA5000436F6E74726F6C206572726F723A20472A
:10AA600065742046756C6C20446576696365204486
:10AA7000657363726970746F722072657175657346
:10AA800074206661696C6564000000004164647252
:10AA90006573732028232564292061737369676EA9
:10AAA00065642E00436F6E74726F6C206572726FF6
:10AAB000723A204465766963652053657420416469
:10AAC0006472657373207265717565737420666155
:10AAD000696C656400000000E86F04084D616E75E4
:10AAE0006661637475726572203A202573000000F8
:10AAF0004D616E756661637475726572203A204EA1
:10AB00002F41000050726F64756374203A202573E2
:10AB10000000000050726F64756374203A204E2F5D
:10AB20004100000053657269616C204E756D62656D
:10AB300072203A202573000053657269616C204EC3
:10AB4000756D626572203A204E2F410055534220A8
:10AB500044657669636520436F6E6E6563746564F2
:10AB60000000000094F82305012815D0D4F89807B8
:10AB7000B0F57A7F1ED994F81F05401CC0B284F846
:10AB80001F05032814D9F5A007F0AAF8AFF29C100E
:10AB900007F0A6F8267013E0FBA007F0A1F8AFF2CB
:10ABA000AC1007F09DF884F81F5584F8008007E08A
:10ABB000257005E00A30C4F898070A20FAF7E7FC88
:10ABC00000231A4601212046FFF780FC68E1D4F8F3
:10ABD000A42712B10421204690476420FAF7D7FC3D
:10ABE0002046FAF763FC84F81D050520207000213B
:10ABF000204601F0D7F860718021204601F0D2F89C
:10AC00002071A17994F81D25CDE900250291014616
:10AC100094F81C358022204601F0A5F8A07994F81C
:10AC20001D15CDE90015029094F81C3561790022BC
:10AC3000204601F098F800231A4601212046FFF72C
:10AC400045FC2DE12046FFF7A0FC03909DF80C0089
:10AC50000028BBD1D3A007F043F8AFF2682007F07B
:10AC60003FF884F8245594F83705012808D00720C8
:10AC7000207000231A4605212046FFF727FC0FE12C
:10AC8000CDA007F02DF8AFF2942007F029F8277037
:10AC9000EFE7D4F8A427002A98D001212046904756
:10ACA000277000231A4605212046FFF70FFCF7E026
:10ACB00094F83D15204600F08AFF40B90920207025
:10ACC000C7A007F00DF8AFF2D42007F009F8002371
:10ACD0001A4601212046FFF7F9FBE1E094F83F0511
:10ACE0004FF00A0580061ED50121204600F089FF9D
:10ACF00003909DF80C0020B19DF80C00032809D0AA
:10AD000012E0BEA006F0ECFFAFF2183006F0E8FF4C
:10AD1000257009E0C1A006F0E3FFAFF2283006F08D
:10AD2000DFFF257000E0257000231A460121204630
:10AD3000FFF7CCFBB4E0D4F8501789B1C4F84C57F6
:10AD400094F8471504EB8002D2F8382712798A422A
:10AD50000ED104EB8000D0F83807C4F84C070BE0A4
:10AD6000B9A006F0BDFFAFF2743006F0B9FF30E0D5
:10AD7000401CC0B20528E5D3D4F84C0708B381685D
:10AD80002046884758B12670D4F84C070168B6A011
:10AD900006F0A6FFAFF2A43006F0A2FF19E00620ED
:10ADA0002070D4F84C070168B7A006F099FFAFF205
:10ADB000BC3006F095FFD4F8A42703212046904725
:10ADC00007E02670B5A006F08BFFAFF2D83006F092
:10ADD00087FF00231A4605212046FFF777FB5FE037
:10ADE000D4F84C07D8B101692046884703909DF8F4
:10ADF0000C0020B19DF80C00022803D01BE00B20B2
:10AE0000207018E02670AFF2504006F069FFADA048
:10AE100006F066FFAFF2244006F062FF0BE02670FA
:10AE2000AFF26C4006F05CFFB0A006F059FFAFF245
:10AE30003C4006F055FF00231A4605212046FFF747
:10AE400045FB2DE0D4F84C0750B3416920468847B4
:10AE500026E084F821552046FFF75AFBD4F84C072A
:10AE600020B1C16820468847C4F84C57D4F8A427BD
:10AE700012B1052120469047A2A006F031FFAFF2A3
:10AE80008C4006F02DFF94F8220501280CD02046B6
:10AE9000FAF7FCFA00231A4601212046FFF716FBB9
:10AEA00004B00020BDE8F08184F822552046FFF769
:10AEB00024FBEFE704464FF0FF3604F5F665334612
:10AEC00000222946D4F8A807F9F758FC0028F6D143
:10AED0002046FFF72DFDF2E770B504460E46002C24
:10AEE0002FD084F89C270025C4F84C57C4F850573D
:10AEF0002046FFF70DFB84F8235584F8205584F88D
:10AF0000215584F822550EB1C4F8A467002204210B
:10AF10001020F9F7BFFBC4F8A80783487FA10160A0
:10AF20004FF40071416118218161024621467F483A
:10AF3000F8F75FFEC4F8AC072046FAF768FA00207D
:10AF400070BDAFF28C5006F0CBFE79A006F0C8FEC3
:10AF5000AFF2605006F0C4FE022070BD555342208F
:10AF60005265736574204661696C65642C20506C71
:10AF70006561736520756E706C75672074686520F7
:10AF80004465766963652E005553422044657669B1
:10AF9000636520526573657420436F6D706C6574D2
:10AFA00065640000456E756D65726174696F6E2031
:10AFB000646F6E652E0000005468697320646576C6
:10AFC00069636520686173206F6E6C79203120633E
:10AFD0006F6E66696775726174696F6E2E0000002E
:10AFE00044656661756C7420636F6E66696775721F
:10AFF0006174696F6E207365742E00004465766914
:10B0000063652072656D6F74652077616B6575701F
:10B0100020656E61626C65640000000052656D6FB2
:10B0200074652077616B657570206E6F7420737521
:10B0300070706F7274656420627920746865206432
:10B0400065766963650000004E6F20436C61737321
:10B0500020686173206265656E207265676973742C
:10B06000657265642E000000446576696365206E34
:10B070006F7420737570706F7274696E67202573BA
:10B0800020636C6173732E00257320636C6173738E
:10B0900020737461727465642E0000004E6F20721C
:10B0A00065676973746572656420636C617373208E
:10B0B000666F722074686973206465766963652EB3
:10B0C00000000000446576696365206E6F7420722D
:10B0D0006573706F6E64696E6720506C656173652F
:10B0E00020556E706C75672E00000000496E766109
:10B0F0006C696420436C6173732044726976657275
:10B100002E00000055534220446576696365206433
:10B110006973636F6E6E656374656400555342486E
:10B120005F517565756500000CD30120B5AE03084D
:10B13000496E76616C696420486F73742068616E33
:10B14000646C650010B504462046FFF7E1F904F28F
:10B150001E5400206071A070E0702071607020703B
:10B16000D4F88202A4F21E5410B12046FAF796F9E0
:10B17000D4F8AC07F8F725FED4F8A807F9F773FB65
:10B18000002010BD10B502460020002918D0D2F8CA
:10B190005037052B07D25C1CC2F8504702EB8302E4
:10B1A000C2F8381710BDAFF2F07006F099FD8BA011
:10B1B00006F096FDAFF2C47006F092FD022010BDBD
:10B1C000AFF60C0006F08CFD8BA006F089FDAFF207
:10B1D000DC7006F085FD022010BD70B505460C46FA
:10B1E000002695F83C05A0422AD985F82445214639
:10B1F00087A006F075FDAFF6040006F071FD04EBC4
:10B20000C40000EB041005EB400404F2475488A08E
:10B21000217806F065FDAFF6240006F061FD617847
:10B2200087A006F05DFDAFF6340006F059FDA17869
:10B2300087A006F055FDAFF6440006F051FD0BE087
:10B24000AFF68C0006F04CFD85A006F049FDAFF688
:10B250005C0006F045FD0226304670BD90F84705BB
:10B26000704770B50546002005F5A76517E000EBAF
:10B27000C00404EB001405EB44040A3466798E42E2
:10B2800001D0FF2909D1A679964201D0FF2A04D125
:10B29000E4799C4206D0FF2B04D0401CC0B20A289F
:10B2A000E5D3FF2070BD30B50446002004F5A76447
:10B2B0000EE000EBC00303EB001304EB43030A337F
:10B2C0009D788D4202D1DB78934204D0401CC0B2FD
:10B2D0000A28EED3FF2030BD10B5044600212046D9
:10B2E000FAF729F92046FAF7D9F82179204600F033
:10B2F0006DFD6179204600F069FD002010BD90F8D9
:10B300002305704770B504462046FFF7F8FF38B1B3
:10B31000012584F822552046FFF7DEFF84F82155E9
:10B3200000231A4601212046FFF7D0F8002070BD07
:10B33000C0F89417704701780B2905D1D0F84C1745
:10B34000002901D0896908477047D0F89417491C33
:10B35000C0F89417EFE7012180F8231500231A465F
:10B36000FFF7B4B8002180F82315012180F82115DA
:10B37000704710B5012180F82015002180F82115B3
:10B3800080F8221500231A460121FFF79FF80020BC
:10B3900010BD10B50446012084F82105002084F872
:10B3A000200584F823052046FAF778F8217920460D
:10B3B00000F00CFD6179204600F008FD00231A46DC
:10B3C00001212046FFF782F8002010BD10B50023B0
:10B3D0001A460121FFF77AF8002010BD4D61782050
:10B3E000436C617373204E756D6265722072656186
:10B3F0006368656400000000496E76616C696420D2
:10B40000436C6173732068616E646C6500000000BA
:10B41000537769746368696E6720746F20496E742E
:10B420006572666163652028232564290000000099
:10B43000436C617373202020203A20257868000037
:10B44000537562436C617373203A2025786800005D
:10B4500050726F746F636F6C203A2025786800001B
:10B4600043616E6E6F742053656C6563742054681D
:10B47000697320496E746572666163652E00000011
:10B4800070B5054605F226500024002934D00B780B
:10B4900003704B7843708B78CE7843EA0623438061
:10B4A0000B7903714B7943718B798371CB79C371BC
:10B4B00095F81D5508260DB3012D1FD0022D27D05C
:10B4C0000324082A16D90A7A4B7A42EA0322028117
:10B4D0008A7ACB7A42EA032242810A7B4B7B42EA98
:10B4E000032282818A7B8273CA7BC2730A7C0274C4
:10B4F000497C4174204670BD022070BD082BE0D00D
:10B50000102BDED0202BDCD0402BDAD0C671D8E750
:10B51000082BD6D0C671D4E72DE9F84F0446012593
:10B52000207E01210B2609274FF007084FF005095F
:10B530004FF00D0A0C280FD2DFE800F00E060F3C8A
:10B54000486B78AAB6DBE8F3627904F11001204673
:10B5500000F074FB0220207621E161792046F9F7A2
:10B56000E6FF012804D004281CD002281AD016E1D6
:10B57000207C00F08000E18A39B1802802D084F874
:10B58000189006E00320207603E0802808D084F895
:10B59000188000231A4603212046FEF797FFFEE09D
:10B5A0002776F6E7267600231A4603212046FEF783
:10B5B0008DFFF4E0D4F89407E0812379A289204636
:10B5C000A16800F05FFB04202076E8E021792046A6
:10B5D000F9F7ADFF012804D005280AD0042810D0BF
:10B5E000DDE0277600231A4603212046FEF76EFF92
:10B5F000D5E0032500231A4603212046FEF766FF07
:10B60000CDE0267600231A4603212046FEF75EFF92
:10B61000C5E000916379A2892046A16800F01DFB76
:10B62000D4F89407E08106202076B8E061792046BE
:10B63000F9F77DFF012806D005280DD0022815D086
:10B6400004281CD0ABE084F8188000231A4603219C
:10B650002046FEF73BFFA2E00C20207603250023C6
:10B660001A4603212046FEF731FF98E084F818902F
:10B6700000231A4603212046FEF728FF8FE0267696
:10B68000022500231A4603212046FEF71FFF86E00D
:10B69000002223791146204600F0F4FAD4F89407EA
:10B6A000E081082020767AE021792046F9F73FFFF3
:10B6B000012804D004280CD0052812D06FE084F8AB
:10B6C00018A0002500231A4603212046FEF7FEFE9F
:10B6D00065E0267600231A4603212046FEF7F6FE93
:10B6E0005DE0032500231A4603212046FEF7EEFE07
:10B6F00055E00091002263791146204600F0ADFA32
:10B70000D4F89407E0810A20207648E06179204649
:10B71000F9F70DFF012805D002280DD0042813D019
:10B720003DE019E0002584F818A000231A46032103
:10B730002046FEF7CBFE32E0277600231A4603218F
:10B740002046FEF7C3FE2AE0267600231A46032190
:10B750002046FEF7BBFE22E0607E401CC0B2607651
:10B76000022802D82176A17019E0D4F8A427062176
:10B770002046904700256576F5A006F0B1FAF6A0C0
:10B7800006F0AEFAFEA006F0ABFA6179204600F0B2
:10B790001DFB2179204600F019FB25700225284663
:10B7A000BDE8F88F70B504460125A0780126012870
:10B7B00002D0022821D10BE0A160A28126760220CE
:10B7C000A07000231A4603212046FEF77FFE14E0F6
:10B7D0002046FFF7A1FE054625B1032D02D0022D1C
:10B7E00004D004E0A6700020207600E0A6700023BC
:10B7F0001A4603212046FEF769FE284670BD30B484
:10B800000C4602998578012D10D144F0800404740F
:10B810000624447442820324B4EB122F03D140F275
:10B820000942828201E000228282C1820A4630BC43
:10B830001946B7E7F8B505460C46B4F5806F0AD946
:10B84000C3A006F04DFACF4806F04AFACCA006F0A5
:10B8500047FA0320F8BD05F58E731E464FF480723B
:10B86000002128460094FFF7CAFF0028F2D12246A3
:10B8700031462846BDE8F84002E670B5054600208E
:10B8800013780B7053784B7093788B70D478CC709E
:10B890001379567943EA06238B8092798A714FF4A3
:10B8A0008066002B01D0B34200D9032095F81D1506
:10B8B00029B101291ED0022939D0032070BD04F01E
:10B8C0000301022908D0A5070BD001290DD0E143BF
:10B8D00089070AD0032070BDB3F5007FFBD9032090
:10B8E00070BD402BFCD9032070BD0AB1102AFBD9D2
:10B8F000032070BD04F00301022908D0A50706D07B
:10B90000012908D0E14389070CD0032070BD402BEA
:10B91000FCD9032070BD1AB1102A01D8402BF9D9E7
:10B92000032070BD0AB1B342FBD3032070BDA10751
:10B9300004D0E143890705D0032070BD082BFCD05B
:10B94000032070BD0AB1082BFBD9032070BD0A8803
:10B9500003781A440A800178084470470A78027014
:10B960004A7842708A788270CA78C2700A79027105
:10B970004A7942718A798271CA79C271097A0172EF
:10B9800070472DE9F74F82B0029E06F5A7664FF08B
:10B99000000AD046002924D00C46214620784FF0DA
:10B9A0000909092801D084F8009008783070487897
:10B9B00070708878CB7840EA0320FF2801D94FF4D3
:10B9C0008070708008793071487970718879B071B1
:10B9D000C879F071087A3072092A69D9CDF80490D3
:10B9E00056E0022005B0BDE8F08F01A92046FFF720
:10B9F000AEFF0446607804284AD12078092801D097
:10BA000084F8009008EBC80000EB081006EB400B30
:10BA10000BF10A0721463846FFF7A0FF00251BE07F
:10BA200001A92046FFF793FF04466078052813D14B
:10BA30007879012804D1B87902281CD003281AD0BB
:10BA4000072020700BEBC501143122460298FFF746
:10BA500014FF82466D1CEDB2052D07D23879A8423D
:10BA600004D97088BDF804108842D9D83879A84222
:10BA70000AD90320B6E7F8790028E3D1207809280D
:10BA8000E0D084F80090DDE708F1010808F0FF0835
:10BA9000B8F10A0F04D27088BDF804108842A4D807
:10BAA00030790A2800D30A20404501D9032099E7BC
:10BAB000504697E7F8B506460C4606F11C05B4F566
:10BAC000807F0AD922A006F00BF92F4806F008F96A
:10BAD0002BA006F005F90320F8BD2B464FF40072A9
:10BAE000002130460094FFF78AFE0028F4D1224658
:10BAF00029463046BDE8F84043E710B54378032BAC
:10BB000011D103789C1E944200D89A1E93B2801CD7
:10BB1000002204E0845C01F8014B921C92B29A422C
:10BB2000F8D30020087010BDF8B516461C46B4F5D1
:10BB3000806F2BD85EB141F4407200F58E731F46C2
:10BB400000210094FFF75BFE054665B330E01DE081
:10BB50004552524F523A2000436F6E74726F6C2000
:10BB60006572726F723A20446576696365206E6F04
:10BB70007420726573706F6E64696E6700000000F8
:10BB80000A0000002C700408B4700408AFF24000F2
:10BB900006F0A6F8284806F0A3F8AFF21C0006F05D
:10BBA0009FF80320F8BD224631463846FFF7A5FF2F
:10BBB0002846F8BD8278012A06D1002202740523A6
:10BBC000437441828282C28200221146EAE5827871
:10BBD000012A06D100220274092343744182828221
:10BBE000C28200221146DDE58378012B06D1037461
:10BBF0000B234374428281820021C18200221146BC
:10BC0000D0E58278012A06D100220274032343740E
:10BC100041828282C28200221146C3E58278012AD3
:10BC200007D10222027401224274002242828182E0
:10BC3000C28200221146B5E5707004087FB5154632
:10BC400000230824CDE90031CDE902431A462946F4
:10BC5000F9F75BFC002004B070BD7FB50C46089975
:10BC60001E4690F81D55002D00D00021CDE902217F
:10BC70000125CDE9005400231A463146F9F745FC69
:10BC80000020E8E77FB51E4600240125CDE90051DC
:10BC9000CDE9022423462A463146F9F736FC002036
:10BCA000D9E77FB50C4608991E4690F81D55002D22
:10BCB00000D00021CDE902210125CDE90054022365
:10BCC00000223146F9F721FC0020C4E77FB51E466B
:10BCD00001250024CDE90051CDE9022402232A46A2
:10BCE0003146F9F712FC0020B5E77FB51E46012565
:10BCF0000024CDE90051CDE9022403232A46314630
:10BD0000F9F703FC0020A6E77FB51E4600240125B5
:10BD1000CDE90051CDE90224032322463146F9F74B
:10BD2000F4FB002097E77FB51E460125002492B260
:10BD3000CDE90051CDE902242B462A463146F9F7D8
:10BD4000E4FB002087E77FB51E460125002492B260
:10BD5000CDE90051CDE902242B4622463146F9F7C0
:10BD6000D4FB002077E7FEB5DDE908650A9CCDE944
:10BD700000650294F9F7B7FB0020FEBD10B5F9F796
:10BD8000C0FB002010BD0146002001EB8002B2F88C
:10BD90005427120405D5401CC0B21028F5D34FF625
:10BDA000FF70704770B504460D462046FFF7EBFF65
:10BDB000A0F57F42FF3A07D000F00F0204EB8202A9
:10BDC00045F40041C2F85417C0B270BD102907D223
:10BDD00000EB8100B0F85417C1F30E01C0F85417FE
:10BDE0000020704730B5D0F84C07C0690022B0F889
:10BDF000EE3012E000EB8204D4F8904024798C42BB
:10BE000009D100EB8200D0F89000C07842EA0040EF
:10BE100040F4C06030BD521CD2B29342EAD8002236
:10BE2000B0F8F24015E000EB8203D3F8A0305D7962
:10BE30008D4202D09B798B4209D100EB8200D0F871
:10BE4000A000C07842EA004040F4806030BD521C3F
:10BE5000D2B29442E7D80022B0F8F03012E000EB02
:10BE60008204D4F8B04064798C4209D100EB82009E
:10BE7000D0F8B000C07842EA004040F4A06030BD85
:10BE8000521CD2B29342EAD80022B0F8EC3012E051
:10BE900000EB8204D4F88040E4798C4209D100EBB5
:10BEA0008200D0F88000C07842EA004040F4407040
:10BEB00030BD521CD2B29342EAD8002030BD2DE9E9
:10BEC000F041064600210025D6F84C07C469002041
:10BED00040F20127B4F8EA3013E004EB8002126F5D
:10BEE00092F804C052794CEA0222BA4207D104EB1C
:10BEF0008000006FC178C07984F8510103E0401CD4
:10BF0000C0B28342E9D83046FFF76CFF90B1C2B2AD
:10BF1000C0F30723C0F30741032B16D0042B0ED028
:10BF2000052B0FD0062B07D00225032BEBD128467B
:10BF3000BDE8F0810220FBE784F84F21F5E784F8A3
:10BF40004D21F2E784F84E21EFE784F85021ECE729
:10BF50002DE9F041064600210025D6F84C07C469BA
:10BF6000002040F20117B4F8EA3013E004EB80023D
:10BF7000126F92F804C052794CEA0222BA4207D1F9
:10BF800004EB8000006FC178C07984F8090103E0F8
:10BF9000401CC0B28342E9D80020B4F8E8200BE08E
:10BFA00004EBC003D3F8C030DB788B4202D184F8B5
:10BFB000040103E0401CC0B28242F1D83046FFF7D2
:10BFC00011FF88B1C2B2C0F30723C0F30741032BAE
:10BFD00015D0042B0DD0052B0ED0062B06D0022534
:10BFE000032BEBD12846A3E70220A1E784F8072121
:10BFF000F6E784F80521F3E784F80621F0E784F8F2
:10C000000821042A0DD204EB8200D0F880000279C6
:10C01000407942EA0020A0F58072033AE0D0002087
:10C0200086E70225DCE7012902D0022938D04BE05F
:10C030009178072948D2DFE801F04704060F2A214A
:10C040001800026040E0B0F87E104B1CA0F87E3073
:10C0500000EB8100426037E0B0F880104B1CA0F884
:10C06000803000EB810042612EE0B0F882104B1C62
:10C07000A0F8823000EB8100426225E0B0F8841025
:10C080004B1CA0F8843000EB810042641CE0B0F847
:10C0900086104B1CA0F8863000EB8100426313E051
:10C0A0009178012902D002290ED105E0B0F87C1068
:10C0B00000EBC100426507E0B0F87C104B1CA0F813
:10C0C0007C3000EBC1008265002070472DE9F84309
:10C0D00005464FF000090026B046D5F84C07C76961
:10C0E00005F11C04092000900020E837F8807880D2
:10C0F000B88027F8E80937E069462046FFF727FCB3
:10C1000004466078042802D024282DD108E094F851
:10C110000280E27841462846FFF7C5F8064623E04C
:10C1200095F83C0540451FD3FF2E01D00A2E0ED3B3
:10C13000F2A005F0D5FDD5F84C070168F2A005F096
:10C14000CFFDFEA005F0CCFD4FF002090CE006EBA0
:10C15000C60000EB061005EB4000224690F848159B
:10C1600007F16C00FFF75FFFB5F83A05BDF8001066
:10C170008842C1D84846BDE8F88370B50546022616
:10C18000D5F84C07C4690122FF2311462846FFF762
:10C1900068F8FF2801D00A2801D3022070BD0021D1
:10C1A00001EBC10000EB011005EB400292F84705DE
:10C1B00003281DD1B2F85005D0B192F84E05000603
:10C1C00016D501EBC10000EB011005EB400004F5B2
:10C1D000C27490F84E05207002F24452908960803B
:10C1E00010782071907BE07101206071002603E0DF
:10C1F000491CC9B20A29D3D3304670BDF0B5022616
:10C20000D0F84C17CF690024002303EBC30101EBE6
:10C21000031100EB410191F84725012A1ED191F845
:10C220004825022A1AD191F84E552A0616D4B1F89B
:10C2300050259AB104EB840207EB420202F8385F02
:10C2400001F244518D8955800D7855714D781571E5
:10C25000897B118101219171641CE4B25B1CDBB20A
:10C260000A2BD2D304B100263046F0BDF0B5022629
:10C27000D0F84C17CF690024002303EBC30101EB76
:10C28000031100EB410191F84725012A1DD191F8D6
:10C290004825022A19D191F84E552A0615D5B1F82C
:10C2A000502592B104EB840207EB4202957101F232
:10C2B00044518D8915810D78D5724D789572897BA1
:10C2C000D18101211173641CE4B25B1CDBB20A2B27
:10C2D000D3D304B100263046F0BD2DE9FE43054618
:10C2E0000027B8460122002311462846FEF7B9FF71
:10C2F000FF2817D04FF4D276304605F024FCD5F84D
:10C300004C17C861044620001BD0314606F04AF89D
:10C310002846FFF7ABFF06462846FFF76FFF022EC1
:10C320001AD01BE075A005F0DBFCD5F84C070168BE
:10C3300083A005F0D5FC81A005F0D2FC0220BDE869
:10C34000FE836EA005F0CCFC87A005F0C9FC7BA0A5
:10C3500005F0C6FC0220F2E702280BD000214FF0C6
:10C36000010901EB810004EB400090F83E20012A16
:10C370000ED021E061A005F0B3FCD5F84C070168B0
:10C3800083A005F0ADFC6DA005F0AAFC0220D6E765
:10C39000468FBE4210D937463830F4344279227184
:10C3A000027962710278227042886280027A38389B
:10C3B000227284F80690F43C027B012A14D102898F
:10C3C000424511D9904604F59E74C27A2271827A50
:10C3D0006271827922700289628090F84000207236
:10C3E00084F80690A4F59E74491CC9B20529B8D3F7
:10C3F0002846FFF7C2FE08B984F889912846FFF75E
:10C4000065FE94F8FA0001281BD12846FFF7A0FD2D
:10C4100014F8F41F2846FFF7C5FCE071618895F811
:10C420001D25CDE900290291014695F81C35227899
:10C430002846FFF798FCE179F43C00222846F9F7FA
:10C4400087F894F8420101281DD12846FFF737FDEF
:10C4500004F59E7428462178FFF7A4FCE0716188FA
:10C4600095F81D25CDE900290291014695F81C3566
:10C4700022782846FFF777FCE179A4F59E74002224
:10C480002846F9F765F894F8890101281BD104F5CD
:10C49000C27428462178FFF785FCA071618895F861
:10C4A0001D2502910323CDE90023014695F81C3593
:10C4B00022782846FFF757FCA179A4F5C274002220
:10C4C0002846F9F745F884F8009084F80390002096
:10C4D00035E770B50546D5F84C07C469002694F8D1
:10C4E0004311002909D02846FFF748FC94F843116E
:10C4F0002846FFF76BFC84F843615DE044454255F4
:10C5000047203A200000000043616E6E6F742046A1
:10C51000696E642074686520617564696F20696E56
:10C520007465726661636520696E64657820666F04
:10C530007220257320636C6173732E000A00000063
:10C5400043616E6E6F742046696E64207468652066
:10C55000696E7465726661636520666F722025730B
:10C5600020636C6173732E0043616E6E6F74206183
:10C570006C6C6F63617465206D656D6F7279206698
:10C580006F7220415544494F2048616E646C6500CC
:10C59000257320636C61737320636F6E66696775C2
:10C5A000726174696F6E206E6F7420737570706F36
:10C5B000727465642E00000094F8FB1049B128469F
:10C5C000FFF7DCFB94F8FB102846FFF7FFFB84F82D
:10C5D000FB6094F88A1149B12846FFF7CFFB94F825
:10C5E0008A112846FFF7F2FB84F88A61D5F84C07D8
:10C5F000C06920B105F0D6FAD5F84C07C661002015
:10C6000070BD2DE9F00F9046DDE908A90025002650
:10C6100000220027D0F84C47E46994464FF4807B11
:10C6200002290CD003291FD0062912D04FF0020C8A
:10C63000BCF1000F20D06046BDE8F00F7047216FBD
:10C64000C97847EA01265D460021A4F8901101222D
:10C65000EEE704EB8801D1F89010C97847EA01268B
:10C660004AEA03254A46E3E7D4F88010C97847EA46
:10C6700001265D460122DBE7A1210174842141747A
:10C6800045828682C28204F5C871BDE8F00FFFF7CB
:10C6900089B82DE9F00F9046DDE908A900250026AC
:10C6A00000220027D0F84C47E46994464FF4807B81
:10C6B00002290AD003291DD0062910D04FF0020C00
:10C6C000BCF1000F1ED06046B6E7216FC97847EA7B
:10C6D00001265D460021A4F890110122F0E704EB49
:10C6E0008801D1F89010C97847EA01264AEA032563
:10C6F0004A46E5E7D4F88010C97847EA01265D4646
:10C700000122DDE7A12101748321417445828682E3
:10C71000C28204F5C871BDE8F00FFFF743B82DE9F8
:10C72000F00F9046DDE908A9002500260022002729
:10C73000D0F84C47E46994464FF4807B02290AD034
:10C7400003291DD0062910D04FF0020CBCF1000FB8
:10C750001ED0604670E7216FC97847EA01265D4622
:10C760000021A4F890110122F0E704EB8801D1F830
:10C770009010C97847EA01264AEA03254A46E5E7C8
:10C78000D4F88010C97847EA01265D460122DDE72A
:10C79000A12101748221417445828682C28204F5FE
:10C7A000C871BDE8F00FFEF7FDBF2DE9F00F904610
:10C7B000DDE908A90025002600220027D0F84C4713
:10C7C000E46994464FF4807B02290AD003291DD0E6
:10C7D000062910D04FF0020CBCF1000F1ED06046AD
:10C7E0002AE7216FC97847EA01265D460021A4F8AF
:10C7F00090110122F0E704EB8801D1F89010C9787C
:10C8000047EA01264AEA03254A46E5E7D4F88010BC
:10C81000C97847EA01265D460122DDE7A1210174BE
:10C820008121417445828682C28204F5C871BDE8C7
:10C83000F00FFEF7B7BF2DE9FC41D0F84C37DC69AB
:10C840000126022367784FF6FF753F1F052F61D23F
:10C85000DFE807F0182D034A5F00CDE900230A4600
:10C8600002230621FFF7A1FF012853D004206070A6
:10C87000B4F89211B4F8900105EA01210843C4F814
:10C88000340147E0CDE900230A4602230621FFF7E1
:10C8900046FF01283ED005206070B4F89211B4F82C
:10C8A000900105EA01210843C4F82C0132E0CDE9EA
:10C8B00000230A4602230621FFF7EBFE012829D0B8
:10C8C00007206070B4F89211B4F8900105EA0121D4
:10C8D0000843C4F83001D4F82C1188421AD24FF41E
:10C8E0007F40C4F8300115E0CDE900230A46022359
:10C8F0000621FFF786FE01280CD008206070B4F8EE
:10C900009211B4F8900105EA01210843C4F83801F6
:10C9100000E000263046BDE8FC8170B506460125E2
:10C92000D6F84C07C469304694F8A12194F8A011B8
:10C93000FFF781FF01280ED094F8A11101290CD036
:10C94000491E84F8A1110620607000231A460221B6
:10C950003046FDF7BBFD284670BD94F8070184F80A
:10C96000A001002084F8A1010025ECE72DE9F041A9
:10C970000546D5F84C07C469012606272078082803
:10C9800011D2DFE800F0BC04AE042963885B94F8A0
:10C9900042010427012807D0277000231A460221EC
:10C9A0002846FDF793FDAAE094F84011002228469E
:10C9B000FFF71AF910B1032802D0A0E027709EE01B
:10C9C000FDA005F08DF9FEA005F08AF9AFF29440C4
:10C9D00005F086F9022692E094F8FA004FF0070875
:10C9E000012809D084F80080677000231A460221CC
:10C9F0002846FDF76BFD82E094F8F81000222846E7
:10CA0000FFF7F2F810B103280CD078E084F800802A
:10CA1000677094F8070184F8A00194F8090184F87C
:10CA2000A1016CE0E4A005F05BF9E5A005F058F980
:10CA3000AFF2F84005F054F9022660E02846FFF70F
:10CA40006CFF00285BD10520207058E094F842016B
:10CA5000012807D0277000231A4602212846FDF737
:10CA600035FD4CE094F8412194F840112846FFF739
:10CA7000BBF810B1032802D041E027703FE0CEA000
:10CA800005F02EF9CEA005F02BF9AFF2505005F0CD
:10CA900027F9022633E094F8FA000227012807D08C
:10CAA000277000231A4602212846FDF70FFD26E0D5
:10CAB00094F8F92094F8F8102846FFF795F810B18B
:10CAC000032802D01BE0277019E0BBA005F008F98D
:10CAD000BBA005F005F9AFF29C5005F001F9022664
:10CAE0000DE00120A070D5F8A42702212846904728
:10CAF000002600231A4604212846FDF7E7FC3046AD
:10CB0000BDE8F0810120704770472DE9F0039146A0
:10CB1000DDE9068C002500260022D0F84C47E469A8
:10CB20000027022907D0062911D00227DFB1384695
:10CB3000BDE8F0037047216FC978002242EA012660
:10CB40004FF480750021A4F890110122EEE704EB68
:10CB50008901D1F89010C978002545EA012648EAF4
:10CB600003256246E2E721210174012141744582D7
:10CB70008682C28204F5C871BDE8F003FEF712BEDA
:10CB80001CB51446D0F84C27D269A2F89031022285
:10CB9000CDE9004213460A460621FFF7B6FF1CBD49
:10CBA00070B506460125D6F84C07C469012928D07E
:10CBB00002292DD0022504F5987003C8814201D9BD
:10CBC000C4F83401D4F83411D4F82C01814201D2D4
:10CBD000C4F83401B4F8340194F8A12183B294F874
:10CBE000A0113046FFF7CCFF012808D094F8A1012E
:10CBF000012814D0401E84F8A10106206070284648
:10CC000070BD04F59A7003C80844C4F83401D2E733
:10CC100004F59A7003C8401AC4F83401CBE794F8BD
:10CC2000070184F8A00194F8090184F8A101002506
:10CC3000E3E72DE9F04105460126D5F84C07C46924
:10CC4000E078012807D0022821D0012704284AD003
:10CC5000052857D14FE0D5F89407C00752D1D5F831
:10CC60009407C4F88C0194F88A3194F8862104F56D
:10CC7000C8712846FFF739F894F8070184F8A00135
:10CC800094F8090184F8A1010220E0703AE094F8D8
:10CC90008A112846F8F74BFC01280DD194F892111F
:10CCA00094F89001FF2202EA01210843C1B228460C
:10CCB000FFF776FF012825D0D5F89407D4F88C111A
:10CCC000401A94F88B1188421CD3D5F89407C4F805
:10CCD0008C0194F88A3194F8862104F5C8712846AD
:10CCE000FFF703F80EE001212846FFF759FF48B986
:10CCF000E770002606E002212846FFF751FF08B939
:10CD0000E77000263046FBE670B505460126D5F8EB
:10CD10004C07C4692079012804D0022823D00226B8
:10CD2000304670BDD5F89407C00709D00120F7F749
:10CD300075F900231A4604212846FDF7C7FBEFE7E3
:10CD4000D5F89407E434E061022004F8E00CE37DB8
:10CD5000A28F2846E16AFEF7F6FFA08F6063A0630A
:10CD6000E06A2063DCE794F8FB102846F8F7DFFB65
:10CD70000128D5D1D5F89407D4F80011401A94F8B9
:10CD8000FC108842CCD3D5F89407C4F8000194F87D
:10CD90008901012802D12846FFF74BFFD4F824115E
:10CDA000D4F81C01884236D8FC34284614F8013CDB
:10CDB000A28CA16922E000004552524F523A200055
:10CDC000436F6E74726F6C206572726F723A20419D
:10CDD0005544494F3A20446576696365205365742C
:10CDE00020696E7465726661636520726571756530
:10CDF0007374206661696C6564000000FEF7A3FF30
:10CE0000A08CA1690144A161E1690144E161216A49
:10CE10000844206284E74FF0FF30C4F81801052071
:10CE2000A0702846FFF770FE7AE7704730B41446CA
:10CE30004FF4807303222225057401254574438233
:10CE40008182C282214630BCFEF7ACBC2DE9F041A4
:10CE500006460125D6F84C07C4690527A0780628A0
:10CE600042D2DFE800F0410327173D3594F8040172
:10CE700004EBC000D0F8C400C07940B10220A0701B
:10CE800000231A4602213046FDF720FB2CE0032048
:10CE9000A070F5E794F8040104EBC000D0F8C420BA
:10CEA000083294F8F4103046FFF7C0FF0546DDB9AC
:10CEB000A77019E004F5867294F8F4103046FFF775
:10CEC000B5FF054685B9A7703046FFF7AEFF0BE00A
:10CED000002500231A4604213046FDF7F7FA03E047
:10CEE0003046FFF711FF0025284609E670B50646D3
:10CEF0000125D6F84C07C46994F8FA00012802D13C
:10CF00003046FFF7A3FF94F84201012802D13046D2
:10CF1000FFF7F8FD284670BD002070472DE9F04767
:10CF200004464FF00108002025780B2D52D1D4F88B
:10CF30004C47E669B478052C4CD196F8044106EBD1
:10CF4000C404D4F8C450EC7944B12C78083C0327CD
:10CF5000B4FBF7F404F0FF0C00242CE06C7AAF7AF9
:10CF6000240244EA07472C7A27432C7B95F80DC00E
:10CF70002402ED7A44EA0C442C43B9421DD3A14269
:10CF80001BD8012019E004EB440707F1090915F843
:10CF900009904FEA092A07F10A09083715F809909C
:10CFA000EF5D4AEA094949EA0709894501D10120AB
:10CFB00003E0641CE4B26445E5D301280DD0AFF270
:10CFC000082004F08DFE4BA004F08AFEAFF69420FA
:10CFD00004F086FE4046BDE8F087C6F80C115943C0
:10CFE00051434FF4FA50B1FBF0F0A6F820010220B3
:10CFF000B0704FF00008EDE770B5022403780B2BFA
:10D0000014D1D0F84C37DB699D78052D0ED1C3F8CB
:10D010001011C3F82421042199700121D9701971CC
:10D02000002400231A460421FDF750FA204670BD63
:10D03000014602200A780B2A0AD1D1F84C17C96997
:10D040008A78042A04D10320C87005208870002043
:10D050007047EDE7022102780B2A09D1D0F84C077E
:10D06000C0698278052A03D10122C270042282702D
:10D070000846704701780B2905D1D0F84C07C069E4
:10D080008178042902D04FF0FF307047D0F81801A2
:10D0900070470246022013780B2B13D1D2F84C278D
:10D0A000D2699378042B0DD1D2F810318B4209D874
:10D0B000C2F81411D2F81001884202D10020C2F83F
:10D0C000180100207047D0F84C27D269012901D0FF
:10D0D000022905D100780B2802D19078042801D0CC
:10D0E00002207047012903D00520D070002070472E
:10D0F0000420FAE753616D706C65205261746520FD
:10D100006E6F7420737570706F72746564206279CD
:10D110002074686520417564696F20446576696391
:10D1200065000000FEB5054602220123114628468F
:10D13000FEF797F80646FF2E01D00A2E0DD3EBA07E
:10D1400004F0CEFDD5F84C070168EBA004F0C8FD53
:10D15000F9A004F0C5FD0220FEBD31462846FEF7C9
:10D160003CF808B10220FEBD502004F0ECFCD5F8DC
:10D170004C17C8610446200040D0502105F012F938
:10D1800006EBC60000EB061005EB400090F84E15CC
:10D190000A0603D56170B0F85005608161782846B1
:10D1A000FEF700FE2070618995F81D25029103238A
:10D1B000CDE90023014695F81C3562782846FEF734
:10D1C000D2FD217800222846F8F7C2F900231A463A
:10D1D0000A212846FEF745F8FF2801D00A2818D36F
:10D1E000C2A004F07DFDD5F84C070168D3A004F07F
:10D1F00077FDD1A004F074FD0220FEBDBBA004F0B9
:10D200006FFDDBA004F06CFDCBA004F069FD0220F3
:10D21000FEBD00EBC00101EB001005EB400090F8F3
:10D220004E150A0604D5E173B0F85015618303E08A
:10D23000A173B0F85015218390F856150A0604D54D
:10D24000E173B0F85805608303E0A173B0F85805A6
:10D250002083A17B2846FEF7A5FD6073E17B28466D
:10D26000FEF7A0FD2073208B95F81D150226CDE951
:10D270000016029095F81C35A27B617B2846FEF7CC
:10D2800072FD608B95F81D15CDE90016029095F89A
:10D290001C35E27B217B2846FEF765FD002084F8E3
:10D2A0004C00617B00222846F8F752F9217B0022CE
:10D2B0002846F8F74DF90020FEBD70B50546D5F8B3
:10D2C0004C07C46900262178002907D02846FEF7BC
:10D2D00055FD21782846FEF779FD2670217B39B16E
:10D2E0002846FEF74BFD217B2846FEF76FFD26738F
:10D2F000617B39B12846FEF741FD617B2846FEF788
:10D3000065FD6673D5F84C07C06920B104F04AFC8E
:10D31000D5F84C07C661002070BDA12202742122FD
:10D3200042740022428282820722C282FEF73ABA07
:10D3300070B50546D5F84C07C16928464031FFF75E
:10D34000ECFF044614B1032C06D00EE0D5F8A42758
:10D3500002212846904708E08FA004F0C1FC90A06D
:10D3600004F0BEFC74A004F0BBFC204670BD704706
:10D3700070B50546D5F84C07C46994F84E000328EB
:10D380001AD0042821D1217B2846F8F7D0F80128AB
:10D390001BD1217B2846F8F7A2F8A16A814215D05B
:10D3A000628B824212D1091AA162216A084420626A
:10D3B000032084F84E000FE0237B628B2846216A0D
:10D3C000FEF784FC042084F84E0070BD002084F831
:10D3D0004E002846FFF7CBFF2846BDE870400023EB
:10D3E0001A460421FDF772B87047F8B50546D5F81E
:10D3F0004C07C469012694F84D00012814D0022876
:10D4000027D1617B2846F8F792F8012822D002281C
:10D410001FD184F84D6001B02846BDE8F0400023DC
:10D420001A460421FDF752B8228B606A904206D951
:10D430000096637B2846E169FEF733FC06E0009620
:10D4400082B2637B2846E169FEF72BFC022084F858
:10D450004D00F8BD208B616A0022814205D9091A6E
:10D460006162E1690844E06100E06262606A10B1F3
:10D4700084F84D6004E084F84D202846FFF7B4FF9F
:10D4800001B02846BDE8F04000231A460421FDF70C
:10D490001DB8704721220274202242740022428269
:10D4A00082820722C282FEF77DB92DE9F04106464D
:10D4B0000125D6F84C07C46904274FF0000894F8FA
:10D4C0004C00052805D2DFE800F003058FB4BB004F
:10D4D0000025BCE03046A16CFFF7DCFF20B101283D
:10D4E00001D084F84C70B2E07AE000004445425527
:10D4F00047203A200000000043616E6E6F742046A2
:10D50000696E642074686520696E74657266616313
:10D510006520666F7220436F6D6D756E696361740F
:10D52000696F6E20496E7465726661636520436C35
:10D530006173732E000000000A00000043616E6EEC
:10D540006F742046696E642074686520696E746526
:10D55000726661636520666F722044617461204960
:10D560006E7465726661636520436C6173732E002F
:10D5700043616E6E6F7420616C6C6F6361746520C3
:10D580006D656D6F727920666F7220434443204849
:10D59000616E646C650000004552524F523A2000A3
:10D5A000436F6E74726F6C206572726F723A2043B3
:10D5B00044433A2044657669636520476574204C8E
:10D5C000696E6520436F64696E6720636F6E66697C
:10D5D0006775726174696F6E206661696C6564005D
:10D5E000022084F84C0032E004F140013046FFF79D
:10D5F00094FE20B101282AD084F84C7027E084F8EA
:10D600004C80A06C94F84410027991421FD194F898
:10D610004610827991421AD194F84510427991428C
:10D6200015D1216C0068814211D13046FFF731FFDE
:10D630000DE03046FFF7D9FE3046FFF799FE06E0D1
:10D6400000213046FEF7EAFA08B984F84C802846F3
:10D65000BDE8F0810020704770B50546D5F84C074D
:10D66000C46928780B280ED1002084F84C0021785A
:10D670002846FEF783FB217B2846FEF77FFB617B74
:10D680002846FEF77BFB002070BD10B5D0F84C2774
:10D69000D26903780B2B08D1012382F84C309164B6
:10D6A00000231A460421FCF711FF002010BDD0F81A
:10D6B0004C27D26903780B2B04D00078062801D0C0
:10D6C00002207047D2E9100205C10020704710B552
:10D6D000D0F84C17C96902780B2A02D0002080B21A
:10D6E00010BD097BF7F7FBFEF9E770B50125D0F80F
:10D6F0004C37DB6993F84C40002C01D0032C0DD142
:10D70000D9615A62032183F84C10012183F84D102E
:10D71000002500231A460421FCF7D8FE284670BDD8
:10D7200070B50125D0F84C37DB6993F84C40002CDC
:10D7300001D0032C0CD119629A62032183F84C109A
:10D7400083F84E10002500231A460421FCF7BEFE84
:10D75000284670BD2DE9FE4F05460026D5F84C073A
:10D76000FF23012201792846FDF77BFD0746FF2FA5
:10D7700001D00A2F0ED3F4A004F0B2FAD5F84C076A
:10D780000168F4A004F0ACFAFCA004F0A9FA0220AD
:10D79000BDE8FE8F39462846FDF71FFD08B102207F
:10D7A000F6E7342004F0CFF9D5F84C17C8610446E9
:10D7B000200018D0342104F0F5FD0720A07007EBFD
:10D7C000C70000EB071005EB400797F84905012853
:10D7D00014D002281BD0EAA004F082FAE7A004F0DB
:10D7E0007FFA0220D4E7D8A004F07AFAEAA004F085
:10D7F00077FAE2A004F074FA0220C9E7F0A004F07E
:10D800006FFADEA004F06CFAF348206307E0F3A09F
:10D8100004F066FAD9A004F063FAF548206300200A
:10D82000A070607197F84E05A076B7F85005208378
:10D8300097F85205A0830A2801D20A20A08397F8FE
:10D840004695B9F1050F01D94FF005094FF0030ACC
:10D8500038E007EBC60898F84E15080618D5217170
:10D860002846FEF79FFA6070B8F8501595F81D2508
:10D87000CDE9002A0291014695F81C352279284607
:10D88000FEF771FA617800222846F7F761FE17E08B
:10D89000E1702846FEF786FA2070B8F8501595F822
:10D8A0001D25CDE9002A0291014695F81C35E27844
:10D8B0002846FEF758FA217800222846F7F748FE56
:10D8C000761CF6B24E45C4D3002061E770B505461C
:10D8D000D5F84C07C46900266178002907D028468E
:10D8E000FEF74CFA61782846FEF770FA66702178E8
:10D8F00039B12846FEF742FA21782846FEF766FA43
:10D900002670D5F84C07C06920B104F04BF9D5F862
:10D910004C07C661002070BD212202740B224274A4
:10D920000022002901D0428201E00121418282824D
:10D93000C28200221146FDF735BF212303740A235A
:10D94000437442EA0121418200218182C182002286
:10D950001146FDF727BF08B5B1F5806F0AD9A5A01C
:10D9600004F0BEF9A54804F0BBF984A004F0B8F9AE
:10D97000032008BD009100F58E734FF40852012179
:10D98000FDF73DFF08BD38B5044608468A78C978DA
:10D9900042EA0125092D0CD90921009105E06946CB
:10D9A000FDF7D5FF4178212904D0BDF80010A94228
:10D9B000F5D338BD01782170417861708178C278E3
:10D9C00041EA022161800179217141796171817996
:10D9D000A171C179007A41EA0020208138BD70B57B
:10D9E00005460126D5F84C07C469607906284CD253
:10D9F000DFE800F0034B0C03223005F11C0104F1B9
:10DA00002600FFF7C0FF022060713EE0E18D28464E
:10DA1000FFF7A1FF10B1032803D036E004206071A6
:10DA200033E074A004F05CF975A004F059F953A038
:10DA300004F056F9022628E0002211462846FFF796
:10DA40007CFF052110B1032802D01EE061711CE0AB
:10DA500061711AE000212846FFF75EFF10B103282C
:10DA600009D012E001206071D5F8A42702212846D0
:10DA70009047002609E05FA004F032F970A004F09E
:10DA80002FF93EA004F02CF90226304670BD7047F5
:10DA9000F0B5837A0027002B1ED101238372002367
:10DAA00018E08488C5882646641CAC4217D0B0F8BC
:10DAB00008C0644500D195B1056811F8014BAC551B
:10DAC0008488641CA4B284800589AC4200D187801C
:10DAD0005B1C9BB29342E4D387721046F0BD877201
:10DAE0001846F0BD30B41446029AA12505740125EC
:10DAF000457444EA0121418200218182C28230BC06
:10DB00001946FDF74FBE2DE9F84306460025D6F825
:10DB10004C07C46901274FF00408A0784FF00709AB
:10DB200007280FD2DFE800F004BB0E0EE9DCF90095
:10DB3000216B304688470546280004D02DA004F00C
:10DB4000CFF899E019E1A8E04445425547203A2032
:10DB50000000000043616E6E6F742046696E6420A1
:10DB600074686520696E7465726661636520666FAE
:10DB70007220257320636C6173732E000A0000000D
:10DB800050726F746F636F6C206E6F74207375705A
:10DB9000706F727465642E0043616E6E6F742061E5
:10DBA0006C6C6F63617465206D656D6F7279206652
:10DBB0006F72204849442048616E646C6500000023
:10DBC0004B6579426F617264206465766963652094
:10DBD000666F756E64210000D1DE03084D6F7573AA
:10DBE000652064657669636520666F756E642100E3
:10DBF0000DE003084552524F523A20005471040878
:10DC0000436F6E74726F6C206572726F723A204847
:10DC100049443A204465766963652047657420521B
:10DC200065706F72742044657363726970746F728B
:10DC30002072657175657374206661696C65640036
:10DC4000436F6E74726F6C206572726F723A204807
:10DC500049443A20446576696365205365742070B1
:10DC6000726F746F636F6C20726571756573742069
:10DC70006661696C656400008EA004F031F8AFF253
:10DC8000041004F02DF884F80290022500231A46AF
:10DC900002213046FCF71AFC6FE0A770F6E7207E01
:10DCA00000900022012130466369FFF71BFF054603
:10DCB00005206DB1012D0DD0032D0ED084F80290FA
:10DCC000022500231A4602213046FCF7FFFB54E0F0
:10DCD000A070F6E7A7700025F3E7A0700025F0E735
:10DCE000D6F89407C00701D084F8028000231A46B2
:10DCF00002213046FCF7EAFB3FE06378227E3046A3
:10DD00006169FDF7F2FF0620A070D6F89407206243
:10DD1000002084F8240030E0FFE761783046F7F710
:10DD200006FC012806D061783046F7F700FC05288C
:10DD30001CD022E061783046F7F7D1FB94F824102C
:10DD4000D9B9D0B1A068C0B1228B04F108006169D3
:10DD5000FFF79EFE84F824703046FFF798FE0023FC
:10DD60001A4602213046FCF7B1FB06E0A17E3046A0
:10DD7000FDF754FF08B984F802802846BDE8F8830F
:10DD800010B5D0F84C17C9698A78062A0DD1D0F899
:10DD900094270B6AD21A8B8B9A4206D304228A707C
:10DDA00000231A460221FCF791FB002010BD08B5A4
:10DDB000B1F5806F0CD9AFF2C41003F091FF434866
:10DDC00003F08EFFAFF24C2003F08AFF032008BD62
:10DDD000009100F58E734FF404520121FDF70FFD01
:10DDE00008BD30B41446029A2125057409254574EE
:10DDF00044EA0121418200218182C28230BC19465D
:10DE0000FDF7D0BC0246FF2011780B290ED192F805
:10DE1000241501EBC10303EB011102EB410191F861
:10DE20004915012903D0022900D1012070470220A1
:10DE30007047D0F84C17C9690278062A0DD00278CD
:10DE4000072A0AD00278082A07D002780A2A04D0C2
:10DE500000780B2801D000207047087F704700230E
:10DE60008380C380837202810160704770B5837ABA
:10DE70000025002B17D101238372002311E0C488F1
:10DE80008688B44212D00668345D01F8014BC4881C
:10DE9000641CA4B2C4800689B44200D1C5805B1C56
:10DEA0009BB29342EBD38572104670BD85721846C3
:10DEB00070BD000048494420436C61737320496E73
:10DEC0006974206661696C65640000001071040863
:10DED00070B50146D1F84C07C3694748002242702B
:10DEE0008270C270027142718271C271027200202E
:10DEF000424DA5F108042A542254401C0828FAD3A4
:10DF0000188B082801D9082018835C61502201F57C
:10DF10008E7103F10800FFF7A2FF002070BD70B5FD
:10DF2000D0F84C07C469228B002A48D0A068E8B317
:10DF3000324904F10800FFF799FF218B884240D154
:10DF400000212F4800F0CAF82B4D68702C480021A2
:10DF5000203000F0C3F8A87029480021403000F0BC
:10DF6000BDF8E87026480021603000F0B7F828714D
:10DF700023480021803000F0B1F86871204800216A
:10DF8000A03000F0ABF8A8711D480021C03000F0AF
:10DF9000A5F8E8711A480021E03000F09FF82872D7
:10DFA00000242146174800F099F800E007E02919FD
:10DFB0004872641CE4B2062CF3D3002070BD02202A
:10DFC00070BD022070BD10B5FFF7A9FF08B1002099
:10DFD00010BD094810BD0C4A417A8378515C002B72
:10DFE00001D1807918B108488438405C70470548F1
:10DFF0002030405C7047000030D30120CC0000206E
:10E000000C6804080C690408346A040870B50146F9
:10E01000D1F84C07C3692F480025057045708570FD
:10E02000C570057100202B4C641D04F108022554B5
:10E030001554401C0828FAD3188B082801D9082049
:10E0400018835A61502201F58E7103F10800FFF721
:10E0500006FF002070BD10B5D0F84C07C469228BB4
:10E06000002A2AD0A06840B31A4904F10800491DCB
:10E07000FFF7FCFE218B884221D10021164800F0D9
:10E080002DF8144C207014480021203000F026F8A0
:10E09000607011480021603800F020F8A0700E4830
:10E0A0000021403800F01AF8E0700B4800212038B9
:10E0B00000F014F82071002010BD022010BD0220D5
:10E0C00010BD10B5FFF7C7FF08B1002010BD014813
:10E0D00010BD0000D4C001207C6B0408F0B5002303
:10E0E00000220568077A447A002C0AD08C4201D8B5
:10E0F0000020F0BD44684C43E11905EBD10501F067
:10E1000007074468E60803E02B78D1008B40521CD7
:10E11000610701D0711C00E031469142F4D8FB4008
:10E12000012202FA04F1491E0B40C5689D4202D843
:10E1300005699D4201D20020F0BD857A65B1641E5B
:10E14000A2401A4208D063EA0101C069012801D047
:10E150004843F0BD0846F0BDC069012801D05843CE
:10E16000F0BD1846F0BDF0B5037A44698C4202D880
:10E1700084698C4201D20120F0BD447A44B19442BA
:10E1800001D30020F0BD04795443E21802F00703E4
:10E19000C269012A01D0B1FBF2F102790126964051
:10E1A000761E3140994000220DE00368D50026FA22
:10E1B00005F49F5C21FA05FCA7430CEA040C47EA2E
:10E1C0000C079F54521C43685C0702D0DB085B1CA1
:10E1D00000E0DB089342E8D80020F0BDFEB505461C
:10E1E0005023D5F84C07062201792846FDF739F867
:10E1F0000646FF2E01D00A2E0DD3F5A003F070FDC8
:10E20000D5F84C070168F5A003F06AFDFDA003F006
:10E2100067FD0220FEBD31462846FCF7DEFF08B14F
:10E220000220FEBD4FF48277384603F08CFCD5F80F
:10E230004C17C8610446200011D0394604F0B2F8EA
:10E2400006EBC60000EB061005EB400090F84E15FB
:10E250000A060FD5E171B0F8501561810EE0DCA01F
:10E2600003F03EFDE8A003F03BFDE6A003F038FD1F
:10E270000220FEBDA171B0F85015218190F856150D
:10E280000A0604D5E171B0F85805608103E0A17178
:10E29000B0F858052081002020736073A073A17925
:10E2A0002846FDF77FFD6071E1792846FDF77AFD8C
:10E2B0002071284600F071FDA27942B3208930B365
:10E2C00095F81D150226CDE90016029095F81C352B
:10E2D00061792846FDF747FDE279D2B16089C0B186
:10E2E00095F81D15CDE90016029095F81C35217999
:10E2F0002846FDF738FD217900222846F7F728F94E
:10E30000617900222846F7F723F90020FEBD03209B
:10E31000FEBD0320FEBD70B50546D5F84C07C469A7
:10E3200000266179002907D02846FDF727FD61798D
:10E330002846FDF74BFD6671217939B12846FDF776
:10E340001DFD21792846FDF741FD2671D5F84C07C2
:10E35000C06920B103F026FCD5F84C07C661002047
:10E3600070BD70B50246D2F84C07C4690125A07B88
:10E37000002804D0022802D0032833D12BE0214604
:10E38000104600F0FFFC05460026032D01D1267043
:10E390000025FDB92078022801D9022000E0401CA8
:10E3A000C1B22170A2A003F09BFC96A003F098FCE0
:10E3B000002102200BE001EB810202EBC10204EB21
:10E3C000820282F8920082F8C160491CC9B22278A8
:10E3D0008A42F0D806E000211046FDF71FFC08B97C
:10E3E000E07BA073284670BD2DE9F05F0546D5F8A7
:10E3F0004C07C4694FF0010B0027207B4FF0010848
:10E40000002804D001287CD00A287BD1C6E2B4F8C9
:10E41000F8002178884276D200EB800101EBC00041
:10E4200004EB800080F89180B4F8F810022601EB2C
:10E43000810000EBC10004EB80024FF0080992F864
:10E4400090004FF0050A09281BD2DFE800F0051AFA
:10E4500082BE1BBD1A1ABC007CA003F041FC69A05F
:10E4600003F03EFCB4F8F800042100EB800202EB5C
:10E47000C00004EB800080F89010D5F89407C4F831
:10E48000000179E29F32C9B2284600F087FE20B130
:10E4900002283ED0042847D06EE2B4F8F80000EB22
:10E4A000800101EBC00004EB8001A2316AA003F0FF
:10E4B00017FC54A003F014FCB4F8F80000EB800142
:10E4C00001EBC00004EB8001AB3169A003F008FC54
:10E4D0004CA003F005FCB4F8F80000EB800101EB60
:10E4E000C00004EB8001BC3167A003F0F9FB45A03C
:10E4F00003F0F6FBB4F8F80000EB800101EBC0007C
:10E5000002E076E23EE23EE204EB800080F89060BA
:10E5100032E2B4F8F80000EB800101EBC00004EB3C
:10E52000800080F890A027E2B4F8F80000EB8001AA
:10E5300001EBC00004EB800080F89090B4F8F80084
:10E5400000EB800101EBC00004EB800080F89160DB
:10E5500012E2C9B2284600F0B9FD20B1022835D038
:10E56000042834D008E2B4F8F80000EB800101EB95
:10E57000C00004EB800090F8921041B180F8C18097
:10E5800047A003F0ADFB1FA003F0AAFB01E080F859
:10E59000C170B4F8F800032100EB800202EBC00068
:10E5A00004EB800080F89010B4F8F80000EB8001D4
:10E5B00001EBC00004EB800080F89170B4F8F80023
:10E5C00000EB800176E0D4E144E1C6E079E0AFE021
:10E5D0004445425547203A200000000043616E6EDA
:10E5E0006F742046696E642074686520696E746576
:10E5F000726661636520666F7220257320636C61AB
:10E6000073732E000A00000043616E6E6F74206108
:10E610006C6C6F63617465206D656D6F72792066D7
:10E620006F72204D53432048616E646C650000009A
:10E630004E756D626572206F6620737570706F72B3
:10E64000746564204C554E3A202564004C554E208C
:10E650002325643A20000000496E717569727920A3
:10E6600056656E646F7220203A202573000000000A
:10E67000496E71756972792050726F647563742088
:10E680003A20257300000000496E71756972792087
:10E6900056657273696F6E203A2025730000000082
:10E6A0004D534320446576696365207265616479E2
:10E6B0000000000001EBC00004EB800080F89270C5
:10E6C0005AE1B4F8F80000EB800101EBC00004EB64
:10E6D000800090F89210022909D080F8C180F9A03A
:10E6E00003F0FEFAAFF2E40003F0FAFA01E080F87A
:10E6F000C170B4F8F80000EB800101EBC00004EB3E
:10E70000800080F890A0B4F8F80000EB800101EBE5
:10E71000C00004EB800080F89180B4F8F80000EBB2
:10E72000800101EBC00004EB800080F8926023E1DF
:10E73000B4F8F80000EB800101EBC00004EB8000AE
:10E7400080F89090B4F8F80000EB800101EBC00075
:10E7500004EB800080F891600EE19432C9B2284643
:10E7600000F0D9FC20B1022854D004285DD003E188
:10E77000B4F8F80000EB800101EBC00004EB80006E
:10E7800090F8C11001292CD150F8941F8088414382
:10E79000D2A003F0A5FAAFF2941003F0A1FAB4F8F6
:10E7A000F80000EB800101EBC00004EB8000D0F822
:10E7B0009410D2A003F094FAAFF2B81003F090FADC
:10E7C000B4F8F80000EB800101EBC00004EB80001E
:10E7D000B0F89810CEA003F083FAAFF2D81003F08F
:10E7E0007FFAB4F8F80000EB800101EBC00004EB05
:10E7F000800080F89080B4F8F80000EB800101EB15
:10E80000C00004EB800080F8917034F8F80F401CD1
:10E810002080B1E0B4F8F80000EB800101EBC0000B
:10E8200004EB800080F890A0A6E0B4F8F80000EBBC
:10E83000800101EBC00004EB800080F89090B4F8F8
:10E84000F80000EB800101EBC00004EB800080F8D1
:10E85000916091E09C32C9B2284600F003FD20B1DE
:10E86000022854D004286FD086E0B4F8F80000EBFA
:10E87000800101EBC00004EB800090F89C10062999
:10E8800001D002290BD1D5F89427D4F80031D21A3F
:10E8900042F210739A4202D280F890606CE0A1A01C
:10E8A00003F01EFAAFF2A42003F01AFAB4F8F8004D
:10E8B00000EB800101EBC00004EB800090F89D109C
:10E8C0009CA003F00DFAAFF2C42003F009FAB4F8EB
:10E8D000F80000EB800101EBC00004EB800090F831
:10E8E0009E109BA003F0FCF9AFF2E82003F0F8F9CA
:10E8F000B4F8F80000EB800101EBC00004EB8000ED
:10E9000080F8908034F8F80F401C208034E06DA02F
:10E9100003F0E6F9AFF2143003F0E2F9B4F8F800CE
:10E9200000EB800101EBC00004EB800080F89090C8
:10E93000B4F8F80000EB800101EBC00004EB8000AC
:10E9400080F8916018E0FFE7B4F8F80000EB800170
:10E9500001EBC00004EB800080F89090B4F8F80060
:10E9600000EB800101EBC00004EB800080F89160B7
:10E9700002E0491CA4F8F81000231A460421284696
:10E98000FBF7A4FD37E0A4F8F8700A2020730023F9
:10E990001A4604212846FBF799FD2CE0B4F8FA004A
:10E9A000217888421AD2A4F8F80000EB800101EB2C
:10E9B000C00004EB800090F8910048B1D5F8A4277E
:10E9C00006212846904734F8FA0F401C208009E0C1
:10E9D000D5F8A427022128469047F4E7A4F8FA7056
:10E9E00084F80C8000231A4604212846FBF76EFDAC
:10E9F00001E04FF0000B5846BDE8F09F0020704743
:10EA00002DE9F8438046D8F84C07C069012501EB91
:10EA1000810202EBC10200EB8204012694F890000F
:10EA20000827052841D000224FF00509062802D00A
:10EA300007281CD11CE0002300921A46404600F033
:10EA4000A3FC20B1022806D0042807D009E084F8EE
:10EA50009060002505E084F8909002E084F89070C2
:10EA6000022500231A4604214046FBF72FFDB6E09D
:10EA7000002300921A46404600F040FC20B10228D4
:10EA800006D0042807D009E084F89060002505E04E
:10EA900084F8909002E084F89070022500231A46D2
:10EAA00004214046FBF712FD99E004F19C02404628
:10EAB00000F0D8FB20B102287FD004287CD088E069
:10EAC00058E000004D534320446576696365204E4D
:10EAD0004F54207265616479000000004D5343205B
:10EAE0004465766963652063617061636974792048
:10EAF0003A2025752042797465730000426C6F637B
:10EB00006B206E756D626572203A202575000000DD
:10EB1000426C6F636B2053697A652020203A202570
:10EB20007500000053656E7365204B657920203AAF
:10EB3000202578004164646974696F6E616C2053AC
:10EB4000656E736520436F6465203A202578000068
:10EB50004164646974696F6E616C2053656E73659E
:10EB600020436F6465205175616C69666965723A0E
:10EB7000202578009034217BAFF2580003F0B0F8E4
:10EB8000AFF2805003F0ACF8617BAFF2580003F0B5
:10EB9000A7F8AFF2905003F0A3F8A17BAFF25000BA
:10EBA00003F09EF8AFF2A45003F09AF8267002200A
:10EBB000607002250DE000E008E0AFF2F80003F01D
:10EBC0008FF8AFF2C05003F08BF802E084F8907039
:10EBD000022500231A4604214046FBF777FC28460D
:10EBE000BDE8F883D0F84C17C96900780B2802D12A
:10EBF000087B012801D00020704701207047D0F821
:10EC00004C17C96900780B2802D1087B012801D074
:10EC1000FF20704708787047D0F84C27D269A2F8D7
:10EC2000F81000780B2808D101EB810000EBC1003F
:10EC300002EB800090F8910008B10020704701209D
:10EC4000704710B503461446D3F84C07C069A0F8C6
:10EC5000F8101A780B2A01D0022010BD01EB8102B6
:10EC600002EBC10100EB810190313422204603F018
:10EC70003DFB002010BDF8B50446069D0E46D4F8B5
:10EC80004C07C069A0F8F86094F8231500290CD04F
:10EC900021780B2909D106EB860101EBC60100EBB7
:10ECA000810090F89010012901D00220F8BD0621C2
:10ECB00080F8901031462046009500F065FBD4F8AE
:10ECC000947740F27120454308E0D4F89407C01BC4
:10ECD000B0EB051F0AD894F8230538B13146204619
:10ECE000FFF78EFE0128F0D00020F8BD0220F8BD0D
:10ECF000F8B50446069D0E46D4F84C07C069A0F846
:10ED0000F86094F8231500290CD021780B2909D13B
:10ED100006EB860101EBC60100EB810090F8901034
:10ED2000012901D00220F8BD072180F8901031465A
:10ED30002046009500F0E2FAD4F8947740F2712072
:10ED4000454308E0D4F89407C01BB0EB051F0AD870
:10ED500094F8230538B131462046FFF751FE0128CB
:10ED6000F0D00020F8BD0220F8BD00002121017480
:10ED7000FF214174002141828182C182002211461B
:10ED8000FCF710BDA1220274FE22427400224282CE
:10ED900082820122C282FCF705BDD0F84C07C0690F
:10EDA000C74950304160C7498160012101708170BD
:10EDB0000020704703460220D3F84C17C969002A87
:10EDC00005D0012A07D189791846FCF727BFC979F0
:10EDD0001846FCF723BF704770B5D0F84C17CC69C4
:10EDE00001252179F6F77BFB0D2801D0022514E0DF
:10EDF000B549A06F88420FD1A16DE06F88420CD158
:10EE000094F8840020B1012807D0022802D004E041
:10EE1000002502E0022500E00225284670BD2DE90C
:10EE2000F84F07460125D7F84C07C4690726A846BE
:10EE300094F850004FF00B0B4FF00A094FF0090AFD
:10EE40000C2815D2DFE800F014061549548693D338
:10EE5000DEF9F8F784F86110022084F85000CDF84C
:10EE6000008063791F2204F154013846FCF719FF32
:10EE700023E161793846F6F75AFB012804D00228CD
:10EE800019D0052820D018E1E06D58B194F8600041
:10EE9000000603D5032084F8500005E0052084F81F
:10EEA000500001E084F8506000231A4602213846E1
:10EEB000FBF70CFB01E184F8508000231A46022185
:10EEC0003846FBF703FBF8E084F8509000231A461D
:10EED00002213846FBF7FAFAEFE0237962893846D7
:10EEE000D4F88C10FCF7F2FE042084F85000E4E023
:10EEF00021793846F6F71BFB012802D0052820D0DF
:10EF0000DBE06289E06D904207D9D4F88C1011449F
:10EF1000C4F88C10801AE06501E00020E065E06D27
:10EF200030B123793846D4F88C10FCF7CFFEC4E01A
:10EF300084F8506000231A4602213846FBF7C6FACF
:10EF4000BBE084F850A000231A4602213846FBF7A4
:10EF5000BDFAB2E0CDF80080637922893846D4F852
:10EF60008C10FCF79EFE062084F85000A5E0617925
:10EF70003846F6F7DCFA012804D0022824D0052808
:10EF80002CD09AE02289E06D904207D9D4F88C10F9
:10EF90001144C4F88C10801AE06501E00020E0659F
:10EFA000E06D40B1CDF8008063793846D4F88C101C
:10EFB000FCF777FE01E084F8506000231A46022136
:10EFC0003846FBF783FA78E0052084F850000023E8
:10EFD0001A4602213846FBF779FA6EE084F8509021
:10EFE00000231A4602213846FBF770FA65E02379C0
:10EFF0000D2204F178013846FCF768FE082084F8F9
:10F0000050005AE021793846F6F791FA012802D0EB
:10F01000052815D051E084F8508084F85280384695
:10F02000FFF7DAFE50B1022500231A4602213846C6
:10F03000FBF74CFA41E038E019E00AE00025F3E77D
:10F0400084F850A000231A4602213846FBF73EFA06
:10F0500033E000223846FFF7ADFE10B1042803D09C
:10F060002BE084F8506028E084F850B025E00122BD
:10F070003846FFF79FFE10B1042813D01DE06179D8
:10F080003846F6F775FAC0F10100C2B26179384628
:10F09000F6F75EFA217900223846F6F759FA84F835
:10F0A00050A00AE084F850B007E03846FFF75EFE53
:10F0B0000546280001D184F850802846BDE8F88F25
:10F0C00055534243504030205553425370B5034688
:10F0D0000220D3F84C27D46994F85220012A06D094
:10F0E000022A17D1BDE870401846FFF798BE0025E8
:10F0F000E56584F860500A2084F86200102104F16C
:10F10000630003F02DF95034E574012020700220D3
:10F11000A070012070BD70B5034616460125D3F8D6
:10F120004C07C46994F85200012802D0022833D158
:10F1300019E00820E065802084F860000A2084F847
:10F140006200102104F1630003F00AF92520503415
:10F15000E074012020700220A070503C04F11000E7
:10F16000C4F88C0018E01846FFF759FE0546280041
:10F1700012D154F88C0FC178827841EA022142788A
:10F180000078120442EA0060014331602068C179CE
:10F19000807941EA0020B080284670BD2DE9F04119
:10F1A000034615460226D3F84C07C46900274FF0E2
:10F1B000010894F85200012802D002284FD11EE025
:10F1C00024205334C4F80900802262730A22E273B7
:10F1D0002761676127831222227449016174A77431
:10F1E000E7742075677504F8038C022004F8010C9D
:10F1F000533C04F11000C4F88C0001262FE018469F
:10F20000FFF70DFE0646300029D12221284603F0E3
:10F21000A7F854F88C0F007800F01F006870206881
:10F2200000784009287054F88C094078000602D50F
:10F2300085F8028000E0AF7054F88C0F8168C5F843
:10F240000310C068C5F8070021681022103105F1CD
:10F250000C0003F006F82068006AC5F81D0030466F
:10F26000BDE8F08170B503460E4615460220D3F87E
:10F270004C17CC6994F85220012A1DD0022A1AD1C9
:10F2800031461846FFF7CBFD002814D154F88C1FE7
:10F29000897801F00F0129702168097B6970226863
:10F2A000527BAA703A2906D15AA002F019FD61A03A
:10F2B00002F016FD042070BD0E25E565802084F85F
:10F2C00060000A2084F86200102104F1630003F05A
:10F2D00047F803205034E0747001207500206075F9
:10F2E000A075E5752076012020700220A070503CAA
:10F2F00004F11000C4F88C00012070BD7FB50546F4
:10F300001E460220D5F84C27D46994F85220012AD1
:10F3100007D0022A36D104B02846BDE87040FFF776
:10F320007EBD01EB810000EBC10004EB8000089979
:10F33000B0F898004843E065002084F860000A2097
:10F3400084F86200102104F1630003F009F82A2018
:10F350005034E0749DF80B0060759DF80A00A075AC
:10F360009DF80900E0759DF8080020769DF82100C1
:10F37000A0769DF82000E076012020700220A07089
:10F38000E663012004B070BD7FB505461E4602202D
:10F39000D5F84C27D46994F85220012A07D0022AC4
:10F3A000F0D104B02846BDE87040FFF738BD01EB4E
:10F3B000810000EBC10004EB80000899B0F89800D0
:10F3C0004843E065802084F860000A2084F86200E9
:10F3D000102104F1630002F0C3FF28205034E074D0
:10F3E0009DF80B0060759DF80A00A0759DF8090056
:10F3F000E0759DF8080020769DF82100A0769DF824
:10F400002000E076012020700220A070E663012039
:10F41000B8E700004D534320446576696365204D8D
:10F42000454449554D206E6F742070726573656E4A
:10F43000740000000A00000030B50446002101EB12
:10F44000C10000EB011004EB400393F847050628C8
:10F4500011D1002003EBC00292F84E552D0606D4C0
:10F46000B2F850551DB192F84F25920708D4401CB0
:10F47000C0B20528EED3491CC9B20A29DFD3FF2048
:10F4800030BD30B50446002101EBC10000EB011096
:10F4900004EB400393F84705062811D1002003EB45
:10F4A000C00292F84E552D0606D5B2F850551DB142
:10F4B00092F84F25920708D4401CC0B20528EED31D
:10F4C000491CC9B20A29DFD3FF2030BD30B504463C
:10F4D000002101EBC10000EB011004EB400393F8A5
:10F4E0004705062812D1002003EBC00292F84E55C2
:10F4F0002D0607D5B2F8505525B192F84F25D243C5
:10F50000920708D0401CC0B20528EDD3491CC9B2EF
:10F510000A29DED3FF2030BD2DE9FE430546012335
:10F520001A4606212846FBF79CFE0446FF2C01D014
:10F530000A2C0BD3EAA002F0D3FBECA002F0D0FB24
:10F54000F7A002F0CDFB0220BDE8FE83214628464D
:10F55000FBF743FE21462846FBF73FFE08B1022099
:10F56000F2E72846FFF7B2FF0746FF2F01D0052F2D
:10F570000AD3DBA002F0B4FBEAA002F0B1FBE8A0E2
:10F5800002F0AEFB0220DFE742F2D018404602F064
:10F59000DAFAD5F84C17C8610646300041D041462A
:10F5A00002F000FF04EBC40000EB041005EB400880
:10F5B00008EBC70707F24E5706F5805404F62E54A1
:10F5C0003978E170788820812846FCF7EBFB2070C1
:10F5D0003979E182218995F81D2502910323CDE92E
:10F5E0000023014695F81C35E2782846FCF7BBFB62
:10F5F0002178A4F62E5400222846F5F7A9FF2846C4
:10F60000FFF73FFFFF2801D0052815D3B4A002F073
:10F6100067FBCCA002F064FBC1A002F061FB0220FA
:10F6200092E7AFA002F05CFBCEA002F059FBBCA0B9
:10F6300002F056FB022087E708EBC00004F62C54CA
:10F6400090F84E152171B0F8500520812846FCF73E
:10F65000A9FB2070218995F81D250227CDE90027F7
:10F660000291014695F81C3522792846FCF77BFB70
:10F670002178A4F62C5400222846F5F769FF284685
:10F68000FFF7DAFEFF2801D005280AD394A002F084
:10F6900027FBBEA002F024FBA1A002F021FB022068
:10F6A00052E708EBC00004F62D5490F84E15A170F7
:10F6B000B0F85005A4F805002846FCF773FB20704D
:10F6C000B4F8051095F81D25CDE9002702910146F3
:10F6D00095F81C35A2782846FCF745FB21780022D6
:10F6E0002846F5F735FFE77206F500560020C6F804
:10F6F000CC01E0732846BDE8FE4300F0D1BF70B5F1
:10F700000546D5F84C07C469002604F5805494F8E2
:10F710002D1D002909D02846FCF730FB94F82D1D3B
:10F720002846FCF753FB84F82D6D94F82C1D49B145
:10F730002846FCF723FB94F82C1D2846FCF746FBD3
:10F7400084F82C6D94F82E1D49B12846FCF716FB61
:10F7500094F82E1D2846FCF739FB84F82E6DD5F859
:10F760004C07C06920B102F01DFAD5F84C07C661FC
:10F77000002070BD10B500231A460521FAF7A6FE39
:10F78000002010BD70472DE9F0410646D6F84C0721
:10F79000C46904F58052B2F84E5DD2F8547DA5F5E7
:10F7A00080400F2879D2DFE800F008162432404E5E
:10F7B0005C6A798799989796950049A002F090FA2B
:10F7C00004F500547AA0D4F8A81102F089FA54A0E4
:10F7D00002F086FA1DE242A002F082FA04F500541B
:10F7E0007CA0D4F8A81102F07BFA4DA002F078FAC0
:10F7F0000FE23BA002F074FA04F5005480A0D4F8A4
:10F80000A81102F06DFA46A002F06AFA01E234A0F3
:10F8100002F066FA04F5005483A0D4F8A81102F0AF
:10F820005FFA3FA002F05CFAF3E12DA002F058FA73
:10F8300004F5005486A0D4F8A81102F051FA38A0BB
:10F8400002F04EFAE5E126A002F04AFA04F500546F
:10F8500089A0D4F8A81102F043FA31A002F040FACE
:10F86000D7E11FA002F03CFA04F500548CA0D4F8B4
:10F87000A81102F035FA2AA002F032FAC9E118A064
:10F8800002F02EFA04F5005490A0D4F8A81102F06A
:10F8900027FA23A002F024FABBE1ABE110A002F0AA
:10F8A0001FFA04F5005494A0D4F8A81102F018FA35
:10F8B0001BA002F015FAACE109A002F011FA04F560
:10F8C000005498A0D4F8A81102F00AFA14A002F08B
:10F8D00007FA9EE17EE16DE15CE14BE13AE1000077
:10F8E0004445425547203A200000000043616E6EB7
:10F8F0006F742046696E642074686520696E746553
:10F90000726661636520666F72205374696C6C2047
:10F91000496D61676520436C6173732E00000000C0
:10F920000A000000496E76616C696420436F6E7452
:10F93000726F6C20656E64706F696E74206E756D89
:10F9400062657200496E76616C696420446174611D
:10F9500020494E20656E64706F696E74206E756DFF
:10F960006265720043616E6E6F7420616C6C6F63D0
:10F97000617465206D656D6F727920666F72204DC0
:10F9800054502048616E646C65000000496E7661D9
:10F990006C69642044617461204F555420656E6425
:10F9A000706F696E74206E756D6265720000000084
:10F9B0004556543A205054505F45435F556E646538
:10F9C00066696E656420696E2073657373696F6E16
:10F9D000202575004556543A205054505F45435FEA
:10F9E00043616E63656C5472616E73616374696FB9
:10F9F0006E20696E2073657373696F6E20257500C4
:10FA00004556543A205054505F45435F4F626A65F3
:10FA10006374416464656420696E207365737369FF
:10FA20006F6E2025750000004556543A2050545002
:10FA30005F45435F4F626A65637452656D6F7665BB
:10FA40006420696E2073657373696F6E202575007D
:10FA50004556543A205054505F45435F53746F727B
:10FA600065416464656420696E2073657373696FB2
:10FA70006E202575000000004556543A2050545021
:10FA80005F45435F53746F726552656D6F76656451
:10FA900020696E2073657373696F6E202575000091
:10FAA0004556543A205054505F45435F446576694B
:10FAB000636550726F704368616E67656420696E3C
:10FAC0002073657373696F6E202575004556543A2F
:10FAD000205054505F45435F4F626A656374496EBE
:10FAE000666F4368616E67656420696E2073657335
:10FAF00073696F6E202575004556543A2050545056
:10FB00005F45435F446576696365496E666F436828
:10FB1000616E67656420696E2073657373696F6ECB
:10FB2000202575004556543A205054505F45435F98
:10FB3000526571756573744F626A6563745472615E
:10FB40006E7366657220696E2073657373696F6E7C
:10FB500020257500AFF2782002F0C2F804F50054B9
:10FB6000EBA0D4F8A81102F0BBF8AFF24C2002F0E1
:10FB7000B7F84EE0AFF2982002F0B2F804F5005466
:10FB8000ECA0D4F8A81102F0ABF8AFF26C2002F0B0
:10FB9000A7F83EE0AFF2B82002F0A2F804F5005456
:10FBA000EEA0D4F8A81102F09BF8AFF28C2002F07E
:10FBB00097F82EE0AFF2D82002F092F804F5005446
:10FBC000F2A0D4F8A81102F08BF8AFF2AC2002F04A
:10FBD00087F81EE0AFF2F82002F082F804F5005436
:10FBE000F5A0D4F8A81102F07BF8AFF2CC2002F017
:10FBF00077F80EE0AFF2183002F072F804F5005416
:10FC0000F8A0D4F8A81102F06BF8AFF2EC2002F0E3
:10FC100067F83A4629463046FFF7B4FDBDE8F08163
:10FC20002DE9F04105460127D5F84C07C66941F694
:10FC3000485806F5805494F83C0D002802D001285D
:10FC400034D113E0D5F89407C0072FD1D5F8940725
:10FC500004F62E54C4F812002378227A06EB080129
:10FC60002846FCF742F80120A0731FE094F82E1DEF
:10FC70002846F5F75CFC012802D12846FFF783FDF2
:10FC8000D5F89407D4F8401D401AB4F8441D8842B2
:10FC90000CD3D5F89407C4F8400D94F82E3D94F891
:10FCA000362D06EB08012846FCF71FF83846B5E765
:10FCB0002DE9F04780460126D8F84C07C469002595
:10FCC00004F58057A94697F8380D4FF0010A062829
:10FCD0001AD2DFE800F0FC1A0319C2FD01214046E8
:10FCE00001F08BFA064630000ED1C8A001F0F8FFF3
:10FCF000AFF2D43001F0F4FF87F838AD00231A4694
:10FD000005214046FAF7E2FB8DE22146404601F02C
:10FD100010FB06463000F7D1AFF23C4001F0E0FFA7
:10FD2000C0A001F0DDFFAFF2084001F0D9FFAFF253
:10FD3000504001F0D5FF2188C2A001F0D1FFAFF201
:10FD4000204001F0CDFFAFF2684001F0C9FF6068CC
:10FD500006287ED0C1A1C5A001F0C2FFAFF240408D
:10FD600001F0BEFFAFF2884001F0BAFFB4F80A011B
:10FD7000002870D0C2A1C4A001F0B2FFAFF2604071
:10FD800001F0AEFFAFF2A84001F0AAFFC4A0D4F882
:10FD90000C1101F0A5FFAFF2784001F0A1FFAFF226
:10FDA000C04001F09DFFC8A0D4F8D81101F098FF21
:10FDB000AFF2944001F094FFAFF2DC4001F090FF0D
:10FDC000CAA0D4F8A41201F08BFFAFF2AC4001F04E
:10FDD00087FFAFF2F44001F083FF04F5A161CDA0ED
:10FDE00001F07EFFAFF2C84001F07AFFAFF2105091
:10FDF00001F076FF04F20761CBA001F071FFAFF2D2
:10FE0000E04001F06DFFAFF2285001F069FF04F20D
:10FE10000671C8A001F064FFAFF2FC4001F060FF82
:10FE2000AFF2445001F05CFF04F60501C6A001F0FA
:10FE300057FFAFF2145001F053FF042087F8380D3C
:10FE400000231A4605214046FAF740FBEBE100E0AB
:10FE500001E0C2A17FE7C2A18DE704F6041140468C
:10FE600001F0AFFA06463000F0D1AFF28C5001F04D
:10FE700037FFBEA0D4F8041901F032FFAFF2605092
:10FE800001F02EFF10E0AFF2A85001F029FF04EBC3
:10FE900085002946D0F80829BCA001F021FFAFF267
:10FEA000805001F01DFF6D1CD4F80409A842EAD867
:10FEB00004F50054C4F8C891052087F8380D0023D4
:10FEC0001A4605214046FAF701FBACE100E09DE14E
:10FED00004F50055D5F8C80100EB001104EB411200
:10FEE00004EB800002F51262D0F80819404601F0D8
:10FEF000B0FA064630000AD1D5F8C81101EB01105E
:10FF000004EB401202F63B2302F63C1248E18AE180
:10FF10004556543A205054505F45435F53746F72B6
:10FF20006546756C6C20696E2073657373696F6EBE
:10FF3000202575004556543A205054505F45435F84
:10FF4000446576696365526573657420696E2073D4
:10FF5000657373696F6E2025750000004556543A2D
:10FF6000205054505F45435F53746F726167654919
:10FF70006E666F4368616E67656420696E207365A5
:10FF80007373696F6E202575000000004556543A62
:10FF9000205054505F45435F4361707475726543F0
:10FFA0006F6D706C65746520696E2073657373691D
:10FFB0006F6E2025750000004556543A205054506D
:10FFC0005F45435F556E7265706F727465645374FC
:10FFD0006174757320696E2073657373696F6E2029
:10FFE00025750000526563656976656420756E6BE2
:10FFF0006E6F776E206576656E7420696E2073650E
:020000040804EE
:100000007373696F6E202575000000004D545020F9
:1000100053657373696F6E202330204F70656E6572
:10002000640000003E3E3E3E3E204D54502044655C
:100030007669636520496E666F726D6174696F6E73
:10004000000000005374616E646172642076657212
:1000500073696F6E203A2025780000004E4F5420BF
:10006000535550504F5254454400000056656E643D
:100070006F72204578744944203A202573000000AF
:1000800056656E646F72000046756E6374696F6EBC
:10009000616C206D6F6465203A20257300000000BC
:1000A0004E756D626572206F6620537570706F7249
:1000B000746564204F7065726174696F6E2873296E
:1000C000203A2025640000004E756D626572206F35
:1000D0006620537570706F72746564204576656E26
:1000E0007473287329203A20256400004E756D62D0
:1000F0006572206F6620537570706F72746564202E
:1001000050726F7072696574696573203A20256456
:10011000000000004D616E756661637475726572F2
:10012000203A2025730000004D6F64656C203A2052
:10013000257300004465766963652076657273698E
:100140006F6E203A2025730053657269616C206ED2
:10015000756D626572203A20257300004D54500081
:100160005374616E64617264000000004E756D62CC
:100170006572206F662073746F72616765204944F1
:10018000206974656D73203A2025640073746F7262
:10019000616765232564204944203A2025780000C2
:1001A000FBA001F09DFDAFF6880001F099FDD5F8A8
:1001B000C801401CC5F8C801D4F8041988421ED3F0
:1001C00087F8389DC5F8CCA1C5F8C891D4F80809BE
:1001D000C7F8180DF4A001F083FDAFF6BC0001F0E4
:1001E0007FFD04F63C11F6A001F07AFDAFF6D000D9
:1001F00001F076FDD8F8A42702214046904700235D
:100200001A4605214046FAF761F90CE04046FFF72F
:1002100007FD0A20F3F702FF00231A460521404696
:10022000FAF754F900263046BDE8F0870020704701
:10023000D0F84C07C06900F5005090F8CC01704729
:1002400002460220D2F84C27D26942F2CC139B58C6
:10025000002B03D092F80409087000207047024672
:100260000220D2F84C27D269D2F804398B420DD93A
:1002700042F2CC139B58012B08D102EB810002F50E
:100280008052D0F80809C2F8180D0020704770B5E8
:1002900015460223D0F84C07C069D0F804298A42D9
:1002A00010D942F2CC142258012A0BD101EB0111D2
:1002B00000EB411101F512614FF40872284602F07B
:1002C00015F80023184670BD2DE9F84F04460A9F23
:1002D00091469A460220D4F84C27D569D4F8946701
:1002E000D5F804298A421BD942F2CC125259012A6C
:1002F00016D141F2883805EB810507E0D4F8940760
:10030000801B40450ED894F8200558B100975346FD
:100310004A462046D5F8081901F0ECF80128EDD03E
:10032000BDE8F88F0220FBE72DE9F84F04460A9F4D
:1003300091469A460220D4F84C27D569D4F89467A0
:10034000D5F804298A42EBD942F2CC125259012A3B
:10035000E6D141F2883805EB810507E0D4F894072F
:10036000801B40450DD894F8200550B100975346A6
:100370004A462046D5F8081901F005F90128EDD0C4
:10038000CEE70220CCE72DE9F04104460F46904627
:100390000220D4F84C17C969D4F8945701F50051DC
:1003A000D1F8CC11002911D041F2883607E0D4F8F9
:1003B0009407401BB0420AD894F8200538B1424651
:1003C0003946204601F035F90128F0D026E4022014
:1003D00024E42DE9F04104460F4690460220D4F86B
:1003E0004C17C969D4F8945701F50051D1F8CC11D4
:1003F000002911D041F2883607E0D4F89407401B59
:10040000B0420AD894F8200538B142463946204611
:1004100001F05DF90128F0D049E4022047E42DE91C
:10042000F04104460F4690460220D4F84C17C969A3
:10043000D4F8945701F50051D1F8CC11002911D00E
:1004400041F2883607E0D4F89407401BB0420AD83E
:1004500094F8200538B142463946204601F073F938
:100460000128F0D023E4022021E42DE9FC5F0446BA
:10047000DDE90C67894692469B460220D4F84C176A
:10048000C969D4F8945701F50051D1F8CC1100296D
:1004900014D041F2883807E0D4F89407401B404557
:1004A0000ED894F8200558B15B465246494620467E
:1004B000CDE9006701F09DF90128EDD0BDE8FC9F72
:1004C0000220FBE72DE9F04704460F469046994687
:1004D0000220D4F84C17C969D4F8945701F500519B
:1004E000D1F8CC11002912D041F2883607E0D4F8B7
:1004F0009407401BB0420BD894F8200540B14B46FE
:1005000042463946204601F0D1F90128EFD08BE66A
:10051000022089E62DE9F04704460F4690469946A9
:100520000220D4F84C17C969D4F8945701F500514A
:10053000D1F8CC11002912D041F2883607E0D4F866
:100540009407401BB0420BD894F8200540B14B46AD
:1005500042463946204601F0FAF90128EFD063E619
:10056000022061E62DE9F04704460F469046994681
:100570000220D4F84C17C969D4F8945701F50051FA
:10058000D1F8CC11002939D041F288362EE0000094
:10059000566F6C756D6523256C753A202573202088
:1005A000205B25735D0000004D545020436C617347
:1005B0007320696E697469616C697A65642E0000E4
:1005C00025732069732064656661756C742073748B
:1005D0006F7261676520756E69740000D4F89407C6
:1005E000401BB0420BD894F8200540B14B46424620
:1005F0003946204601F0FCF90128EFD014E602202C
:1006000012E62DE9F04704460F469046994602202F
:10061000D4F84C17C969D4F8945701F50051D1F8B2
:10062000CC11002912D041F2883607E0D4F89407A3
:10063000401BB0420BD894F8200540B14B464246CF
:100640003946204601F038FA0128EFD0ECE50220C7
:10065000EAE52DE9F04104460F4690460220D4F821
:100660004C17C969D4F8945701F50051D1F8CC1151
:10067000002911D041F2883607E0D4F89407401BD6
:10068000B0420AD894F8200538B14246394620468F
:1006900000F0F0FD0128F0D098E6022096E6000078
:1006A000D0F84C07C069002100F5805080F8601D2B
:1006B000012180F8611D0020704702460020D2F819
:1006C0004C27D26902F5005202F5C67232F8023C9C
:1006D0000B80D3694B6013688B605368CB60936861
:1006E0000B61D3684B6113698B615269CA617047B2
:1006F00010B50B78138011F8012B5300002204E091
:100700008C5C00F8014B921C92B29A42F8D3002103
:10071000017010BD70B5044600238D18885C6E789A
:1007200040EA0620AE78ED78360446EA05652843AF
:1007300006E09D1C02EB45054D5D24F813505B1C43
:100740009842F6D870BDF8B50C46D0F84C07C6698B
:1007500041F690503518FDA001F0C2FAFE4801F0B4
:10076000BFFAFEA001F0BCFA06F50056D6F8BC01AF
:1007700000287DD12878697840EA01202080A87877
:10078000E9786A7940EA01202979090441EA02619D
:1007900008436060A879E97940EA012020816A462F
:1007A00005F1080104F10A00FFF7A2FFBDF80000FF
:1007B000012101EB4006A819017A407A41EA0020A4
:1007C000A4F80A0106F10A02294604F58870FFF729
:1007D000A1FFC4F80C0106EB4006361D06F10A0223
:1007E000294604F5EE70FFF795FFC4F8D80106EB33
:1007F0004006361D06F10A02294604F52A70FFF765
:1008000089FFC4F8A40206EB4006361D06F10A0271
:10081000294604F55D70FFF77DFFC4F8700306EB11
:100820004006361D06F10A02294604F58860FFF7E6
:1008300071FFC4F83C0406EB4006361DA9190A31C5
:100840006A4604F5A160FFF753FFBDF8000006EB10
:100850004006761CA9190A316A4604F20760FFF7C0
:1008600047FFBDF8000006EB4006761CA91900E022
:1008700011E00A316A4604F20670FFF739FFBDF84D
:10088000000006EB4000401C29180A316A4604F6B5
:100890000500FFF72DFFF8BD10B5D0F84C17C9695A
:1008A00041F68A526FF48053525AD2181AD0082A4D
:1008B00003D00C2A19D01A2A13D101F50054D4F808
:1008C000BC0100280DD104F5D87441F690534FF4C3
:1008D0007D721944606901F0C4FC606900F57D70A7
:1008E000206010BDBDE810402DE701F50051D1F8A2
:1008F000BC010028F5D1D1F8C40100F57D70C1F824
:10090000B00110BD2DE9F04F8BB081460126D9F81A
:100910004C07C569002705F58054B24694F8600D70
:100920004FF0090B4FF007080A2816D2DFE800F055
:100930001505164F60BBCAFDFCFBCDF800A0B4F84E
:10094000640D94F82D3D82B241F664502918484652
:10095000FBF7A7F9022084F8600D55E194F82D1DEE
:100960004846F4F7E4FD012804D002281DD00528EC
:1009700024D049E105F50055D5F8AC0120B1012896
:1009800005D0022807D009E084F8608D06E0032036
:1009900084F8600D02E0052084F8600D00231A46FB
:1009A00002214846F9F792FD2EE184F860AD00235C
:1009B0001A4602214846F9F789FD25E184F860BD11
:1009C00000231A4602214846F9F780FD1CE1CDF8C4
:1009D00000A005F5005594F82D3DB4F8322D484699
:1009E000D5F8B011FBF75DF9042084F8600D0BE138
:1009F00094F82D1D4846F4F79AFD012804D00228EA
:100A00003ED0052846D0FFE005F50055B4F8320D7C
:100A1000D5F8B411814219D905F5D8752A68024470
:100A20002A60091A6960A9680844A860A5F5D87504
:100A3000B0F57D7F0CD34846FFF72EFFC5F8B8719F
:100A4000D5F8BC01401CC5F8BC0101E0C5F8B47183
:100A5000D5F8B40158B1CDF800A094F82D3DB4F804
:100A6000322D4846D5F8B011FBF71BF901E084F8A8
:100A7000608D00231A4602214846F9F727FDC3E09E
:100A8000032084F8600D00231A4602214846F9F736
:100A90001DFDB9E084F860BD00231A4602214846D6
:100AA000F9F714FDB0E005F5005594F82C3DB4F8C5
:100AB000342D4846D5F8B011FBF708F9062084F824
:100AC000600DA1E094F82C1D4846F4F730FD012894
:100AD00002D005285DD097E094F82C1D4846F4F725
:100AE000FEFC05F50055D5F8C011491CC5F8C0112C
:100AF000012906D1D5F8B0110968C5F8B411C5F8B7
:100B0000BC71B4F8341D814235D8D5F8B41139B36D
:100B100005F5D8752A6802442A60091A6960A9682F
:100B20000844A86002E06DE049E03BE0A5F5D87517
:100B3000B0F57D7F09D34846FFF7AEFEC5F8B87122
:100B4000D5F8BC01401CC5F8BC010AE0444542553B
:100B500047203A2000000000A47104080A000000A9
:100B600009E094F82C3DB4F8342D4846D5F8B0117E
:100B7000FBF7ACF848E0D5F8B411081AC5F8B40191
:100B800084F8608D00231A4602214846F9F79EFC3E
:100B90003AE084F860BD00231A4602214846F9F77E
:100BA00095FC31E042F28410291894F82C3D3F2244
:100BB0004846FBF78BF8082084F8600D24E094F891
:100BC0002C1D4846F4F7B3FC012802D0052810D0AC
:100BD0001AE002A94846FFF770FDBDF8080042F28E
:100BE0000101884201D1002600E0022684F861ADAF
:100BF0000AE084F860BD00231A4602214846F9F74E
:100C000065FC01E084F861AD0BB03046BDE8F08FC3
:100C100070B50D460026D0F84C07C46941F6645003
:100C20002021204401F0BEFB95F8200004F58054FB
:100C3000C0F105004042202104F6645401EB80001D
:100C400020600120A0802888E080A868A060E86873
:100C5000E0602869206168696061A869A061E8694D
:100C6000E061304670BDF0B5054600238C18885C05
:100C7000667840EA0620A678E478360446EA0464FA
:100C8000204310E05C1C02EB84040E5D0C4467788A
:100C900046EA0726A778E4783F0447EA0464264337
:100CA00045F823605B1C9842ECD8F0BD10B50C46AB
:100CB000D0F84C07C06941F6905101440022201D34
:100CC000FFF7D1FF206010BD38B51546D0F84C07AE
:100CD000C06941F6905144182078617840EA0120BB
:100CE0002880A078E17840EA012068802079617945
:100CF00040EA0120A880E079A179020E41EA0021B2
:100D0000207A41EA004142EA1042607A41EA0061F9
:100D100042EA1022A07A0243E07A42EA0022207BD3
:100D200042EA0042607B42EA0062C5E90212E07BCF
:100D3000A17B020E41EA0021207C41EA004142EA07
:100D40001042607C41EA006142EA1022A07C02432A
:100D5000E07C42EA0022207D42EA0042607D42EAD5
:100D60000062C5E90412A07DE17D627E40EA0120B7
:100D7000217E090441EA02610843A8616A4604F140
:100D80001A0105F11C00FFF7B3FCBDF800006A462C
:100D900004EB40011B3105F21B10FFF7A9FC38BD25
:100DA00038B50B46D0F84C07C06941F69051014464
:100DB00008784A78CC7840EA02208A78120442EA1D
:100DC00004621043186008794A7940EA022098804A
:100DD0008879CA7940EA0220D880487A0C7A020ED3
:100DE00044EA0024887A44EA004442EA1042C87A7D
:100DF00044EA006442EA1022087B0243487B42EA4C
:100E00000022887B42EA0042C87B42EA0062C3E9D2
:100E1000024291F83400002803D191F8380000B163
:100E2000091D11F80C0F4A7840EA022018828878D0
:100E3000CA784C7940EA02200A79120442EA046234
:100E4000104358618879CA794C7A40EA02200A7ABC
:100E5000120442EA046210439861887ACA7A4C7B91
:100E600040EA02200A7B120442EA04621043D8617D
:100E7000887BCA7B4C7C40EA02200A7C120442EA4E
:100E8000046210431862887CCA7C4C7D40EA0220D0
:100E90000A7D120442EA046210435862887DCA7DCA
:100EA0004C7E40EA02200A7E120442EA04621043A9
:100EB0009862887ECA7E4C7F40EA02200A7F120434
:100EC00042EA04621043D862887FCA7F40EA022067
:100ED000188691F8200011F8212F40EA02204A7864
:100EE0008C78120442EA046210435863C87811F8FF
:100EF000042F40EA02204A788C781204313942EA01
:100F00000462104398636A46343103F13C00FFF7F2
:100F1000EFFB38BDF8B50546069A0C461846D5F8DD
:100F20004C17C96941F690531944062A73D006DC60
:100F3000062A32D2DFE802F031464D545B66092AB8
:100F400068D02BDC072A7AD0082A26D122684B1CCD
:100F5000D35C8E5C1D0E46EA03268B1CD35C46EAEE
:100F6000034645EA1345CB1CD35C46EA036645EAD3
:100F700013250B1DD35C1D434B1DD35C45EA032594
:100F80008B1DC91DD35C515C45EA034545EA0165EB
:100F9000C0E90065206808302060F8BD0A2A56D0F4
:100FA000A2F57F42FF3AF8D1226811446A46FFF762
:100FB0009FFBBDF800100122206802EB41010844AC
:100FC0002060F8BD2268895C01702068401C2060A8
:100FD000F8BD2268895C01702068401C2060F8BD63
:100FE0002268895A01802068801C2060F8BD226830
:100FF0008B5C491C515C43EA012101802068801C04
:101000002060F8BD2268895801602068001D2060BA
:10101000F8BD00E01FE022684B1C8D5CD35C45EA04
:1010200003238D1C555D2D04C91C515C45EA0161EB
:101030000B4303602068001D2060E9E7FFE722689A
:10104000114406C906C0206808302060E0E7206827
:1010500010302060DCE7206810302060D8E72DE9F0
:10106000FC4106460C461746D6F84C07C06941F6C7
:1010700090514518002001902878697840EA0120B5
:101080002080A878E97840EA0120608028792071E2
:10109000052001906088009004F108033A4601A9F8
:1010A0003046FFF737FF019968186A5C437842EAD7
:1010B00003228378C0781B0443EA00600243C4F82B
:1010C0000821091D0191685C84F80C01491C0191FB
:1010D00094F80C0101280CD0022825D16A18685C0C
:1010E000527840EA0220A4F81001891C01910025E1
:1010F00028E06088009004F588733A4601A93046DC
:10110000FFF708FF6088009004F504733A4601A9D0
:101110003046FFF7FFFE6088009004F544733A46BE
:1011200001A93046FFF7F6FEBDE8FC81608804EBBC
:101130000523009003F58C733A4601A93046FFF76A
:10114000E9FE6D1CB4F81001A842EFD8ECE72DE9D8
:10115000FC4782468846DAF84C07C06941F6905150
:1011600044184FF00009CDF804902078617840EAE7
:101170000127A078E178000440EA01600743002FCE
:1011800003D0241D121F002530E00020BDE8FC879D
:1011900082B320786178E37840EA0121A0780004E6
:1011A00040EA0360014305EB451008EBC0035960BA
:1011B000241D121F2178667841EA062128F8301094
:1011C000A41C2078617840EA01205880A41C161FD6
:1011D000CDF80490588800900833324601A9504653
:1011E000FFF798FE01980444321A6D1CBD42CFD31C
:1011F0003846CBE7FFE70020C8E7F0B589B00546E1
:101200000126D5F84C07C26902F5805494F8610DA7
:10121000012802D002282AD125E002F5005202F569
:10122000D272002010605160906041F20200ADF86F
:1012300000000191106802901068401C106003913A
:1012400001278DF8207069462846FFF7E1FC84F8F5
:10125000607D022084F8610D00231A46052128468E
:10126000F9F734F903E02846FFF74CFB0646304611
:1012700009B0F0BD2DE9F0478AB0814616464FF01F
:101280000108D9F84C07C56941F690502C1805F5AE
:1012900080574FF0000A97F8610D012802D002280C
:1012A00043D12DE005F5005303F5D27302249C6071
:1012B00041F684502844D860C3F810A0C3F81CA09D
:1012C000C3F814A041F21400ADF80400586802906D
:1012D000186803901868401C1860049101258DF867
:1012E000245001A94846FFF793FC87F8605D87F812
:1012F000614D00231A4605214846F9F7E7F814E046
:101300004846FFF7FFFA80465FEA08000DD12078D3
:10131000617840EA01203080A078E17840EA01203D
:1013200070802079307186F808A20AB04046BDE886
:10133000F087F0B589B006460F460125D6F84C0770
:10134000C36903F5805494F8612D012A02D0022A62
:1013500035D12AE003F5005202F5D27202279760D8
:1013600041F684501844D06000201061D061506173
:1013700041F20101ADF8001051680191116802912C
:101380001168491C11608DF8200069463046FFF74E
:101390003FFC012084F8600D84F8617D00231A462B
:1013A00005213046F9F792F809E03046FFF7AAFA2E
:1013B0000546280003D139463046FFF7C4F92846D0
:1013C00056E7F0B589B006460F460125D6F84C071A
:1013D000C36903F5805494F8612D012A02D0022AD2
:1013E00035D12AE003F5005202F5D2720227976048
:1013F00041F684501844D06000201061D0615061E3
:1014000041F20401ADF80010516801911168029198
:101410001168491C11608DF8200069463046FFF7BD
:10142000F7FB012084F8600D84F8617D00231A46E3
:1014300005213046F9F74AF809E03046FFF762FA2D
:101440000546280003D139463046FFF72FFC2846D1
:101450000EE72DE9F04389B00746884691460126FC
:10146000D7F84C07C46904F5805595F8610D01283B
:1014700002D002283AD12EE004F5005303F5D273CE
:101480004FF00209C3F8089041F684502044D86018
:1014900000201861D861586141F20500ADF80000E4
:1014A00058680190186802901868401C1860CDF8C0
:1014B0000C8001248DF8204069463846FFF7A8FBD0
:1014C00085F8604D85F8619D00231A460521384650
:1014D000F8F7FCFF0AE03846FFF714FA064630003A
:1014E00004D14A4641463846FFF7EEFB304609B084
:1014F000BDE8F0832DE9F04389B08046DDF84090E7
:101500000127D8F84C07C46904F5805595F8616D3A
:10151000012E02D0022E34D127E004F5005404F548
:10152000D2740020A06041F20600ADF800006068AF
:101530000190206802902068401C20600391049272
:10154000059303208DF8200069464046FFF760FBB5
:10155000012085F8600D022085F8610D00231A46F0
:1015600005214046F8F7B2FF0BE04046FFF7CAF905
:101570000746380005D104F50054D4F89001C9F8A5
:1015800000003846B3E72DE9F04389B08046DDF826
:1015900040900127D8F84C07C56905F5805696F8A4
:1015A000614D012C02D0022C41D130E005F50054F0
:1015B00004F5D2744FF00209C4F8089041F6845043
:1015C0002844E06000202061E061606141F2070092
:1015D000ADF8000060680190206802902068401C0F
:1015E000206003910492059303208DF82000694642
:1015F0004046FFF70DFB012086F8600D86F8619DDF
:1016000000231A4605214046F8F760FF0FE04046E8
:10161000FFF778F90746380009D141F690502918AC
:10162000002209F10400FFF71EFBC9F8000038464C
:101630005DE72DE9F0418AB0074690460126D7F8CC
:101640004C07C46904F5805595F8613D012B02D023
:10165000022B38D12DE004F5005303F5D2734FF07F
:101660000208C3F8088041F684502044D860002066
:101670001861D861586141F20800ADF8040058685B
:101680000290186803901868401C186004910124A7
:101690008DF8244001A93846FFF7BAFA85F8604D65
:1016A00085F8618D00231A4605213846F8F70EFFAC
:1016B00009E03846FFF726F90646300003D14146D7
:1016C0003846FFF76DFB30460AB0BDE8F081F0B553
:1016D00089B006460127D6F84C07C46904F5805541
:1016E00095F8613D012B02D0022B2AD125E004F5AB
:1016F000005404F5D2740020A06041F20B00ADF854
:10170000000060680190206802902068401C206002
:101710000391049202248DF8204069463046FFF779
:1017200077FA012085F8600D85F8614D00231A468F
:1017300005213046F8F7CAFE03E03046FFF7E2F82D
:101740000746384694E52DE9F04389B080460127E5
:10175000D8F84C07C56905F5805696F8613D012B10
:1017600002D0022B43D12EE005F5005404F5D274CB
:101770004FF00209C4F8089041F684502844E06014
:1017800000202061E0616061226241F20900ADF851
:10179000000060680190206802902068401C206072
:1017A000039101248DF8204069464046FFF730FA46
:1017B00086F8604D86F8619D00231A460521404653
:1017C000F8F784FE13E04046FFF79CF80746380020
:1017D0000DD105F50051D1F8BC0140B9D1F8C401D3
:1017E00041F690514FF47D72294400F03AFD38469D
:1017F0007DE62DE9F04389B08046DDE910C401277C
:10180000D8F84C07C56905F5805696F8610D012892
:1018100002D0022848D132E005F5005404F5D27414
:101820004FF00209C4F8089041F684502844E06063
:1018300000202061E0616061C4F820C041F21B001B
:10184000ADF8000060680190206802902068401C9C
:10185000206003910492059303208DF820006946CF
:101860004046FFF7D5F9012086F8600D86F8619DA6
:1018700000231A4605214046F8F728FE14E04046AA
:10188000FFF740F8074638000ED105F50051D1F8B2
:1018900090212260D1F8BC0130B9D1F8C40141F6E1
:1018A0009051294400F0DDFC384620E62DE9F04354
:1018B00089B08046144699460127D8F84C07C56977
:1018C00005F5805696F8610D012802D002283CD11A
:1018D0002DE005F5005404F5D2744FF00209C4F868
:1018E000089041F684502844E06000202061E061C7
:1018F000606149F60100ADF8000060680190206861
:1019000002902068401C2060039101248DF8204043
:1019100069464046FFF77CF986F8604D86F8619D80
:1019200000231A4605214046F8F7D0FD0DE0404659
:10193000FEF7E8FF0746380007D141F69050291816
:1019400000224846FEF7E6FE20603846CFE52DE946
:10195000F04389B0804699460127D8F84C07C569FD
:1019600005F5805696F8614D012C02D0022C3DD130
:101970002EE005F5005404F5D2744FF00209C4F8C6
:10198000089041F684502844E06000202061E06126
:10199000606149F60200ADF80000606801902068BF
:1019A00002902068401C2060039104928DF82090E2
:1019B00069464046FFF72CF9012086F8600D86F84D
:1019C000619D00231A4605214046F8F77FFD0DE092
:1019D0004046FEF797FF0746380007D105F500554A
:1019E00049464046D5F8B421FFF739FB38467EE535
:1019F0002DE9F04F89B081468B4614464FF001081F
:101A0000D9F84C07C56905F5805797F8610D01288D
:101A100002D002284CD13CE005F5005404F5D27404
:101A20004FF0020AC4F808A041F684502844E06050
:101A300000262661E661666141F690504FF47D72A2
:101A40002844216A00F00DFC49F60500ADF80000BD
:101A500060680190206802902068401C2060CDF8EA
:101A60000CB00496701E05900696079005208DF820
:101A7000200069464846FFF7CBF8012087F8600D43
:101A800087F861AD00231A4605214846F8F71EFD88
:101A90000EE04846FEF736FF80465FEA080007D1B1
:101AA00005F5005521464846D5F8B421FFF74FFB10
:101AB00009B04046BDE8F08F2DE9F0418AB00646F6
:101AC0000127D6F84C07C46904F5805595F8611DC7
:101AD000012902D0022933D12EE004F5005101F58D
:101AE000D2714FF00108C1F8088041F684502044BB
:101AF000C8600020C861486188610A620B6141F2D8
:101B00000D02ADF804204A6802920A6803920A683E
:101B1000521C0A608DF8240001A93046FFF778F8BE
:101B200085F8608D022085F8610D00231A46052195
:101B30003046F8F7CBFC03E03046FEF7E3FE0746FD
:101B40003846C1E5704770B5064600F081FC05686F
:101B500006F10B0020F00704B4429CBF002070BDCA
:101B60002B466A68BAB11068A04210D304F108018C
:101B700088423CBF5068586007D3516810194160D3
:101B80001168091B016058601460101D70BD134678
:101B90005268002AE7D12146284600F061FC00285F
:101BA000DED170BD70B50446051F00F051FC006821
:101BB000002C14BF446870BD002C18BFAC423CBF61
:101BC00020466468F8D301680A18AA4218BF456025
:101BD00003D12A6805461144016028684119A142D1
:101BE0001CBF6C6070BD6168696021680844286032
:101BF00070BD53EA020C00F069802DE9F04B4FF004
:101C00000006002B1FBFB3FA83F503FA05F424FA8C
:101C100005F65E4012BF1643B2FA82F502FA05F4E9
:101C2000C5F120051EBF22FA05FC44EA0C0420354C
:101C300056EA044C4FEA144418BF641C4FF00008E5
:101C40004FF00009904271EB030C39D3002919BF02
:101C5000B1FA81F701FA07F6B0FA80F700FA07F651
:101C6000C7F120071EBF20FA07FC46EA0C06203702
:101C7000B6FBF4FCA7EB0507103F07F01F0BCBF1F9
:101C800020060CFA0BFB2CFA06F644BFB3460026DE
:101C9000202FA4BF5E464FF0000B5BEA060C08BF86
:101CA0004FF0010B19EB0B09ABFB027C48EB06086C
:101CB000C01B06FB02CC0BFB03CC71EB0C01C1E794
:101CC0000B46024641464846BDE8F08B13B54FF03F
:101CD00000004FF00001AFF30080BDE81C407047EA
:101CE0000FB4044910B503AA029800F0ABFE10BC73
:101CF0005DF814FB240000200FB41CB5074B06AAA6
:101D00007B4469460090059800F06DFE002069460E
:101D100000F07CFE1CBC5DF814FB0000090D000007
:101D200070B5044685690068C10601D5302600E01B
:101D30002026C00707D070BDD4E901213046904766
:101D4000206A401C20626D1EF6D570BD70B5044639
:101D500085690078C00707D170BDD4E90121202032
:101D60009047206A401C20626D1EF6D570BD70B58C
:101D70000C460546012A05D02878800600D5EA6978
:101D8000002302E0012305E05B1C934202D2E05CE9
:101D90000028F9D1A869E618C01AA861286A184471
:101DA00028622846FFF7BCFF04E0D5E9012114F8BA
:101DB000010B9047B442F8D32846FFF7C7FF70BD28
:101DC0002DE9F0410646002410687529314616A514
:101DD00010D0AFF30080002802DA404213A507E0DC
:101DE00031688A0701D512A502E0490704D511A57B
:101DF000012401E0AFF3008000210A2206F124074C
:101E000009E0B0FBF2FCB0FBF2F302FB1C00303047
:101E100078541846491C0028F3D123462A463046F8
:101E2000BDE8F04100F071BB000000002D00000093
:101E30002B0000002000000070B504460D4621462E
:101E40001068AFF300802188090502D50F4A7A4453
:101E500002E00E4A7A440E32002104F1240305E028
:101E600000F00F060009965D5E54491C0028F7D16A
:101E700020780023000704D5702D02D009B1022379
:101E800011322046BDE8704000F03FBB6A4D0000B3
:101E90002DE9F05F894604464FF0000ADFF874B17F
:101EA000FB44C0F820A02046E1688847002874D091
:101EB000252806D0D4E901219047206A401C2062E1
:101EC000F1E700265F462046E1688847202805465E
:101ED00007DB312D05D2781910F8200C08B1064324
:101EE000F1E7B00701D526F00406C4F81CA00027CE
:101EF000C4F818A02A2D09D0284602F050FE38B3A5
:101F000004EB8708303DC8F8185019E059F8041B55
:101F1000204604EB87029161E1688847012F05465E
:101F200018D1E069002820DA26F020061DE0D8F854
:101F3000180000EB800005EB40003038C8F81800AE
:101F40002046E1688847054602F029FE0028EED1C8
:101F5000012F0AD02E2D08D12046E16888477F1C2A
:101F60000546022F46F02006C4DBA069002803DAEC
:101F7000404246F00106A061F00701D026F01006AD
:101F80006C2D0BD0682D09D04C2D39D06A2D35D051
:101F9000742D35D07A2D33D016E038E0E1682F4625
:101FA00020468847B842054609D16C2F26D04FF409
:101FB0008060E168064320468847054604E06C2FB0
:101FC0001AD04FF4807006430DB3A5F141001928D3
:101FD00002D8203546F400664A4629462046266047
:101FE0004E46CEF739F980B101280BD0F61D26F008
:101FF000070000F1080956E74020E4E78020D8E711
:102000000020D6E706F104094DE7284652E7206A8A
:10201000BDE8F09F404D00000FB400B58DB010A991
:10202000099000910B904FF0FF300A9000200C9027
:10203000064878440690064878446A4607900F9907
:1020400009A800F0A1FF0DB05DF814FB730F0000AC
:102050008B0F00002DE9FF5F1D464FF0FF3B9146BF
:102060004FF000085F46D5E90146A96901987F1C39
:102070008847296A824688470028F6D1BAF1FF3F8F
:102080000CD0002E24F4C06419DD600614D5BAF11A
:102090002B0F09D0BAF12D0F0ED103E0584604B032
:1020A000BDE8F09F44F48064A96901987F1C8847CB
:1020B000761E8246002E02DDBAF1300F03D0B9F150
:1020C000000F26D032E0A969761E01987F1C44F4E7
:1020D00000748847002E824605DDBAF1780F06D0DD
:1020E000BAF1580F03D0B9F1000F10D01EE0B9F1CA
:1020F000000F02D0B9F1100F18D1A969761E01980E
:102100007F1C24F4007488478246102002E00820D7
:1021100000E00A20814609E0A96908FB0908761E4B
:1021200001987F1C44F4007488478246002E05DD28
:102130004946504600F098FC0028EDDAE96901981C
:102140008847A00502D46FF00100A8E7E00725D179
:10215000600613D5600502D5C8F1000000E04046D6
:1021600029680A1D2A600968220501D5087015E052
:10217000220701D5088011E008600FE02868011DE2
:1021800029600068210502D580F8008006E021075B
:1021900002D5A0F8008001E0C0F8008038467EE754
:1021A0000B4910B5A1F17C020A4CC2E93712372164
:1021B00006E000EB104342F82130074B00FB0340E0
:1021C0000B1EA1F10101F4DC10BD0120E8E70000C5
:1021D000BCD30120E119D666CD0D010040EA010310
:1021E000024630B59B0710D14FF0013400E008C221
:1021F00008C91D1B9D4315EAC41FF8D013F0FF0149
:1022000002F8011B0DD01B0AF8E711F8013B002B67
:1022100002F8013B05D011F8013B002B02F8013B0D
:10222000F3D130BD10B5431C02E010F8011B71B1B1
:102230008107FAD14FF0013202C88C1A8C4314EA9C
:10224000C211F9D0C01A0A0603D0C01E10BDC01AB0
:1022500010BD0A0401D0801E10BD0902FCD0401E32
:1022600010BD032A40F2308010F0030C00F01580FE
:1022700011F8013BBCF1020F624498BF11F801CB89
:1022800000F8013B38BF11F8013BA2F1040298BFEE
:1022900000F801CB38BF00F8013B11F0030300F058
:1022A0002580083AC0F0088051F8043B083A51F8FC
:1022B00004CBA0E80810F5E7121D5CBF51F8043B01
:1022C00040F8043BAFF30080D20724BF11F8013B74
:1022D00011F801CB48BF11F8012B24BF00F8013BD6
:1022E00000F801CB48BF00F8012B704710B5203A29
:1022F000C0F00B80B1E81850203AA0E81850B1E8BF
:102300001850A0E81850BFF4F5AF5FEA027C24BF74
:10231000B1E81850A0E8185044BF18C918C0BDE86B
:1023200010405FEA827C24BF51F8043B40F8043B34
:1023300008BF7047D20728BF31F8023B48BF11F8E9
:10234000012B28BF20F8023B48BF00F8012B704743
:1023500002F0FF0343EA032242EA024200F002B81D
:102360004FF000020429C0F0128010F0030C00F0BE
:102370001B80CCF1040CBCF1020F18BF00F8012B3C
:10238000A8BF20F8022BA1EB0C0100F00DB85FEA0A
:10239000C17C24BF00F8012B00F8012B48BF00F8D6
:1023A000012B70474FF0000200B513469446964645
:1023B000203922BFA0E80C50A0E80C50B1F1200158
:1023C000BFF4F7AF090728BFA0E80C5048BF0CC006
:1023D0005DF804EB890028BF40F8042B08BF704764
:1023E00048BF20F8022B11F0804F18BF00F8012BD6
:1023F000704710B5044610F0030F08BF11F0030F2B
:1024000040F015804FF0013E121FC0F20E8051F8CF
:10241000043BA3EB0E0C2CEA030C1CEACE1C08BFF9
:1024200040F8043BF0D0A1F1040102F10402521E75
:1024300008DB11F8013B002B00F8013BF7D11146F6
:10244000FFF78EFF204610BD7047704770470000B1
:10245000004870472CD40120704770477047704780
:1024600038B504460A4600206946AFF300800028CC
:1024700008BF38BD02460099204600F0C1FD01208A
:1024800038BD012001F094B8F8B5AFF300800546DF
:1024900000200C46102000BF0646A819A0420DD906
:1024A000324669460020AFF30080070008BF01F004
:1024B0007FF80098A04218BF0546C419FFF7C8FF6F
:1024C00005600746F01D20F007004619284600F079
:1024D0000AF8B44208BFF8BDA21B31463868BDE80F
:1024E000F84000F08DBD00210160C0E90110704787
:1024F0001020704710B500F07FFD006810BD10B5CA
:10250000044600F079FD046010BD2DE9F0470D464A
:1025100099469246044600F124080168880604D5CD
:10252000E06921F01001216000E00120A84201DDF6
:10253000471B00E00027A1697A1902EB0900081A7D
:10254000A0612078C00602D42046FFF7E9FB0026F0
:1025500008E0D4E901211AF806009047206A401CDF
:10256000761C20624E45F4DB2078C0060AD5204652
:10257000FFF7D6FB06E0D4E9012130209047206A1E
:10258000401C2062381EA7F10107F4DC07E0D4E903
:10259000012118F805009047206A401C2062281E7F
:1025A000A5F10105F3DC2046FFF7D0FB20780006FB
:1025B00002D50220BDE8F0870120FBE770472DE936
:1025C000FF4F0C461E464FF0FF378BB0D2E900019B
:1025D000DDF860800A908A46C1F30A5505B93D4688
:1025E000002108464FF00000BAF1000F00F440004F
:1025F00005DA00EB80004FF4400101EA50004FEA99
:102600009059B9F1010F00DDB9460A9850EA4A0025
:102610000ED044F61050A5F2FF3545432F14B8F103
:10262000000F1ED07542291E1EDDC9F100021CE0FC
:10263000B8F1010F4FF0000001D0302103E0F24368
:1026400005E02154401CB042FBDB30460022002153
:1026500021540B99C1F80880C1E900200FB0BDE8F2
:10266000F08FBD1B6D1CDEE74A4600DA694206A802
:1026700000F028FF06AB93E8070003AB83E80700F0
:1026800050460A9901F094FA8DE80700A0F5005031
:102690001F3800900398002D0ADD42F21F014A46C0
:1026A0000844002303A90390684601F03FFD09E0B8
:1026B000A0F500504A461F38002303A9039068463E
:1026C00001F05EFD8DE807000004000C03D04FF020
:1026D000FF30410800E01046B8F1000F03D000229F
:1026E000009215461EE0751E05D400F0A3FC3032A2
:1026F00062556D1EF9D5B3460122084302D000226F
:102700007F1C04E02078302801D100227F1E002A9F
:10271000099784D01DE0112D07DA00F08BFC3032D0
:1027200062556D1C50EA0102F5D1084302D00098B1
:10273000C8B10EE00021681E05E0235C625C6354B2
:102740002254401E491C8142F7DBAB46A81B401EA9
:102750000990002004F80B000B98099AC0F8088033
:10276000C0E9002B7AE711264FF0000857E72DE962
:10277000F04F88460446D21D22F0070191B0D1E9FE
:102780000001CDE90A0101F047FE02460B98C00F97
:1027900001D02D2007E02068810701D52B2002E021
:1027A000202101EAC000032A099001D0072A05DB95
:1027B00003464146204600F08BFC0BE12078800662
:1027C00001D5E06900E00620B8F1650F814606D02A
:1027D000B8F1660F18D0B8F1670F70D131E0002062
:1027E000B9F1110F009001DB112301E009F10103A0
:1027F0000AAA01A90CA8FFF7E2FEDDE90C70002689
:1028000009F10105834647E001204B4600904FF057
:1028100000470AAA01A90CA8FFF7D1FEDDE90DB017
:102820000C995D46002610B909F101000D18B9EBAD
:10283000050003D4C0F1FF3609F10105A5EB09003D
:102840002BE0B9F1010F01DA4FF001090020B9F1D5
:10285000110F0090484601DD112300E003460AAA4B
:1028600001A90CA8FFF7ABFEDDE90C704D46002670
:102870008346207800070AD4AB4500DA5D4601A8FC
:10288000012D04DD411911F8011C302907D04F45F5
:1028900002DA17F1040F04DA012082460FE06D1E00
:1028A000EEE7002F02DCED1B3E4403E0781CA8425B
:1028B00000DD7D1CB81B00F1010A4FF000472078B5
:1028C000000703D4AA4501DB4FF0FF3A0021B7F11E
:1028D000004F0DF143088DF8431024D002202B2324
:1028E000002F01DA7F422D230A21021EA0F10100F0
:1028F00000DC5FB197FBF1FC97FBF1F201FB1C7C64
:1029000017460CF1300C08F801CDEEE7A8F10100F4
:1029100003702188090501D5452100E06521A0F15A
:10292000010800F8011C09980FA9A1EB0807FF1D79
:1029300000B10120411901EBEA70A1693844081A7D
:10294000401EA0612078C00602D42046FFF7E8F9B7
:10295000099828B1D4E901219047206A401C2062DF
:102960002078C00622D52046FFF7DAF91EE0002EB7
:1029700004DBB34502DD01A8805D00E03020D4E92E
:1029800001219047206A401C2062761CAAF10100B8
:102990005FEA000A0AD100F02BFBC0680168405CC6
:1029A000D4E901219047206A401C2062281EA5F12D
:1029B0000105DCDC07E0D4E9012118F8010B9047A0
:1029C000206A401C2062381EA7F10107F3DC204674
:1029D000FFF7BCF9032011B041E6000001694A1C71
:1029E00002610878704700B58FB0CDE90131002150
:1029F000059105497944CDE9031011466846FFF772
:102A000047FA0FB000BD0000E5FFFFFF0A6802F8BB
:102A1000010B0A60704710B5436913B1AFF3008032
:102A200001E0FFF7A4F9012010BD127800F12401A4
:102A30000A7000224A700122EDE711684FF0FF3260
:102A4000E9E70000074B70B50D467B44FFF7CBFF6D
:102A50000446284600F0A8FD10B14FF0FF3070BDCD
:102A6000204670BD8BFEFCFF3A2800D2303820F0A3
:102A70002002412A01D3A2F13700884201D34FF04E
:102A8000FF3070472DE9FF4F06468BB00878FF28CE
:102A900006D0491C2D2805D000244FF0000908E07D
:102AA00000200CE00124F8E709EB8903491C00EB46
:102AB00043090878FF28F7D114B1C9F10000814615
:102AC000107800252C46AA4629462D2801D02B280F
:102AD00004D1521C2D2813D0002082468B4610783A
:102AE000FF280FD04FF0000C0A21521CA5FB0178E3
:102AF00004FB018105FB0C11C5194BEB0104EEE74A
:102B00000120EAE7002108464FF00000BAF1000F6B
:102B100002D000EB80004008C0F38157012F01DD97
:102B20004FF0FF370E9955EA040009EB01080BD06E
:102B30004FF0020918F5FA7F16DA4FEACA70002F33
:102B4000706008DD012007E04FEACA70C6E900B0F6
:102B50000FB0BDE8F08F0020306000F04DFAC0F8F3
:102B600000901821084616E0B8F5FA7F18DD002F0E
:102B700002DAF748784401E0F6487844D0E90010DA
:102B8000C6E9001040EACA70706000F035FAC0F87B
:102B90000090142108460FB0BDE8F04F02F071BE5E
:102BA000002108464FF00000B8F10001099002DA58
:102BB000C7F1000200E03A4601DAC8F1000106A8B8
:102BC00000F080FC06AB93E8070003AB83E8070046
:102BD00044F23E005BEA04010090584604D144F2FE
:102BE0001E012C465D460091210C0904014306D1CB
:102BF0000099240444EA15442D041039009104F08E
:102C00007F41014306D10099240244EA15642D0254
:102C10000839009104F07041014306D10099240164
:102C200044EA15742D01091F009104F0404101434D
:102C300006D10099A40044EA9574AD00891E009164
:102C400004F00041084304D100986D196441401E0E
:102C500000904FF001033A466846B8F1000FCDE905
:102C6000014503A902DD01F0A0FA01E001F073FAC9
:102C7000BAF1000F04460D4601D084F00044002153
:102C800008464FF00000099940F2FF77484010F0E5
:102C90000C0F07D124F00040284303D0C4F30A509E
:102CA000B84212D100F0A8F9C0F80090C4F30A505D
:102CB000B8420AD1A8487844D0E90010C6E900100B
:102CC00004F000410843706042E7C6E900543FE762
:102CD0002DE9FF4F1F464FF0000A4FF0FF384546E1
:102CE00091B0D7E90146CDF83CA000F081F9C06869
:102CF0000168405C1090B96912986D1C8847396A68
:102D0000814688470028F6D1B9F1FF3F0AD0002E4E
:102D100024F4D06411DDB9F12B0F08D0B9F12D0FD7
:102D20000BD102E0404615B013E744F48064B96962
:102D300012986D1C8847761E8146600504A901D54E
:102D40002D2000E02B20002E01F1010B0DF13008A9
:102D50008DF810003FDDB9F1690F08D0B9F1490FC6
:102D600005D0B9F16E0F02D0B9F14E0F1CD13B4620
:102D700001A8009580E85002DDE912126FF0020010
:102D800002F0E8FDC11CCED10EE0B96912986D1CAD
:102D9000884781461398761E44F4007405600F98A6
:102DA000401C002E0F9016DDB9F1300FEDD0B9F1B7
:102DB000780F02D0B9F1580F0DD10F9801280AD120
:102DC0003B46CDE90054DDE91212001F029602F0E5
:102DD000BFFDC11CA7D1109989453ED144F08004A4
:102DE00006E01399681CAAF1010A44F40074086013
:102DF000B9696D1C1298761E884730288146F0D03C
:102E00002BE01099894505D1200603D4761E44F0A5
:102E1000800418E0484601F0C2FE08B3761E0DF1AA
:102E200023018B4544F4007408D2A9F130000BF85B
:102E3000010B200607D5AAF1010003E0200602D409
:102E40000AF101008246A00502D51399681C0860AA
:102E5000B96912986D1C88478146002ED1DC53E079
:102E6000002E51DDB9F1650F02D0B9F1450F4BD1FC
:102E7000A00549D5B9696D1C1298761E24F44074DA
:102E80008847002E81460CDD2B2804D0B9F12D0F88
:102E900007D144F48074B96912986D1C8847761E76
:102EA0008146E00501D52D2100E02B2108F8011B0A
:102EB000CDF8008021E0761E0DF13901884544F4FB
:102EC00000740CD2A9F1300010F0FF0088F8000067
:102ED00002D10099884509D908F1010806E0E0050A
:102EE00001D51E4801E042F20F708246B96912987E
:102EF0006D1C8847814613980560002E04DD484606
:102F000001F04DFE0028D6D1F96912988847FF20BC
:102F100053468BF8000088F8000000200A900B90C0
:102F200004AA0CA90AA8FFF7ADFDA00502D46FF012
:102F30000100F8E614F0240F12D0E0071CD1386825
:102F4000DDE90A12031D3B600068C0E9001213E0CE
:102F5000D8460000CA4600008E450000F1D8FFFFA9
:102F60000AA9684601F008FEE00705D13868009A12
:102F7000011D3960006802602846D4E602681144E9
:102F80001378016018467047D16005497944516152
:102F900004497944116200211161114600F0D8B84A
:102FA000EDFFFFFF29010000426842B1016811F8FE
:102FB000013B23B1521EC0E900121846704701219F
:102FC000C160881E704742685AB1C368016843B93E
:102FD00083688B4205D0491E521CC0E900120020B4
:102FE00070474FF0FF3070470048704724D40120ED
:102FF0000048704744D401200048704724D4012081
:10300000034640688C46002818BF88423CBF0346F0
:103010004068F8D318681844884207D00CF10300C0
:1030200020F00700001D411A521A0146081D0A60CF
:10303000FEF7B8BD30B5B0F10A024FEA900E71F15B
:1030400000034EEA817EB0EB0E0061EB91014FEA86
:10305000101E4EEA017E10EB0E0041EB11114FEAFB
:10306000102E4EEA016E10EB0E0041EB11214FEADB
:10307000104E4EEA014E10EB0E0041EB114140188C
:1030800041F100014FEAD00040EA41704FEAD1011E
:1030900010EB80054FEA810444EA907444EB01048C
:1030A0006D1944EB0404521BA3414FF0000348BFC9
:1030B0000A3200D530BD401C41F1000130BD10B5D1
:1030C000044600F0A1FA0068005D00F0010010BDA8
:1030D0002DE9F0411F46044603260168072A01F442
:1030E000006004DB08B116A505E016A503E008B1F1
:1030F00015A500E015A521F010002060A069C01EF4
:10310000A0610FB1401EA0612046FEF709FE4FB13D
:10311000D4E9012138469047206A401C2062C01C37
:10312000206206E0206AFAE7D4E9012115F8010BD4
:103130009047761EF8D22046FEF708FEBDE8F081E3
:103140004E414E006E616E00494E4600696E66004B
:103150002DE9F34F4FF0000A0C4656468DB0012082
:103160000C9001F10C000B9062690B9801219047C3
:10317000051E2DD0252D2CD0216A8847C0B162694B
:103180000B9801219047216A88470028F7D162698E
:10319000411E0B98904700E0761CA1690D98884766
:1031A000216A88470028F7D1E1690D988847DBE755
:1031B000A1690D988847A842074601D1761CD3E73C
:1031C000E1690D9888477F1C02D1BAF1000F6FD0DA
:1031D0006BE162690B9800273D46394690472A28E3
:1031E00004D162690B98012190470125DFF8D08254
:1031F00062690B9801219047A0F130010A290AD297
:103200004745E5DC07EB870100EB4107303FDFD4A2
:1032100045F01005ECE7E90601D46FF000476C2893
:103220000AD04C2814D0682815D06A280DD07428EC
:103230001CD07A281AD01DE062690B9801219047B2
:103240006C2802D045F0040514E045F002050DE0BD
:1032500045F020050AE062690B9801219047682833
:1032600002D045F0080505E045F4006562690B9859
:1032700001219047C4E9015765283DD019DC582841
:103280007AD00CDC452837D004DC252826D041280C
:103290009ED131E046282FD0472899D12CE05B28D9
:1032A00077D0612828D063287CD0642823D15AE0C5
:1032B000F6E06F2848D008DC66281DD067281BD0B0
:1032C000692821D06E2816D127E0702845D07328B0
:1032D00068D0752847D078280DD14DE0A1690D98A8
:1032E0008847252805463FF469AFE1690D9888476E
:1032F0006D1C3FF46AAFD8E00D9923466A466FF023
:10330000010002F023FBC5E045F0400023464FF0EA
:1033100000026060A80736D43EE0E8077FF447AFBC
:103320002068011D21600068290501D506701BE792
:10333000290701D5068017E7A90703D5F117C0E9CA
:10334000006111E706600FE745F0400023464FF0AB
:1033500008026060A80716D41EE040F60E0125EAB8
:103360000100606016E045F0400023464FF00A027D
:103370006060A80707D40FE045F040006060A80730
:1033800008D5234610220D996FF00100AFF300809D
:1033900080E007E0102223460D996FF00100FEF750
:1033A00059FE77E04FF0000963284F46C8464B4668
:1033B000CB4602D05B2806D038E0E80601D40120D5
:1033C000A060012732E06269D4F80CB00B980121AB
:1033D00090475E2807D14FF0010949466269D4F849
:1033E0000CB00B989047216939B900210A4603AB0C
:1033F00043F82120491C0829FADBD8B3216949B3D5
:1034000008F1010862690B98012190475D28F4D109
:10341000B9F1000F09D0002003A951F82020D243B0
:1034200041F82020401C0828F7DB03AB2069002866
:1034300020794FEA40701ED05B462246CDF80080CE
:10344000CDE901970D9900286FF0010020DAAFF364
:1034500000801FE0C11703AA00EBD1614B1121F0DE
:103460001F0102EB8302411A1368012088400343C5
:103470001360C7E719E00D99224600286FF001009C
:10348000009702DAAFF3008004E0AFF3008001E0C0
:10349000AFF3008000280ADA401C06D10C9820B156
:1034A0004FF0FF300FB0BDE8F08F5046FAE7E90764
:1034B00001D10AF1010A064400200C9054E60000F4
:1034C000CCCCCC0C2DE9F047814616468AB0354865
:1034D00078440DC88DE80D0032487844801C03AC58
:1034E0000DC884E80D0041F69B300844372190FB5D
:1034F000F1F290FBF1F5A5F1800501FB12041B3CF4
:1035000002D56442012000E00020DFF898A0804648
:103510000027FA44AAF1BE0A0EE0E0070AD03246BC
:10352000684607EB470101230AEB810100F028FE02
:103530008DE8070064107F1C002CEED1194F7F44EA
:10354000AE3F19E0E80715D007EB04100DF1180A9B
:1035500090E80E008AE80E00C068F04201D1981988
:1035600008903246012306A903A800F009FE03AB28
:1035700083E807006D10641C002DE3D14FF00103B8
:1035800032466946B8F1000F03A802D000F0CEFD24
:1035900001E000F0F5FDC9E90001C9F808200AB012
:1035A000BDE8F087E0370000007B00F08000704746
:1035B00010B500F069FABDE8104000F060BA754639
:1035C000FFF712FDAE4605006946534620F007009E
:1035D000854618B020B5CCF705FFBDE820404FF078
:1035E00000064FF000074FF000084FF0000B21F0ED
:1035F0000701AC46ACE8C009ACE8C009ACE8C009BA
:10360000ACE8C0098D46704710B5FFF7F1FC001D0E
:1036100010BD00BF551600002DE9FF4F1F464FF0AB
:103620003C0987B04FF00042DDE9141001F10108B8
:10363000DDF858A002EA4050039000200590834630
:10364000054604460490B969461E08988847AAF1C1
:10365000010A0290BAF1000F3BDD02982E2815D026
:103660001021FFF701FA00282EDB4FF0010B05991E
:10367000014317D0B9F1000F0BDB4A46C11700F028
:103680006BFA05430C43A9F1040905E001200490FD
:103690000BE008B145F0010501200590049820B920
:1036A000361D02E0049800B1361FB969089808F188
:1036B00001088847BBF1000FAAF1010A0290C9D0A6
:1036C0000999C1F80080C5E70298702808D05028F1
:1036D00006D0F96908988847BBF1000F14D04FE075
:1036E000002002900120BBF1000F049009D0B969BD
:1036F000089808F101088847AAF10109B9F1000FFB
:1037000007DCF969089888476FF001000BB0BDE845
:10371000F08F2B2804D02D280CD14FF0FF300490CF
:10372000B969089808F101088847A9F10109B9F1B8
:10373000000FE6DD411CE4D00A21FFF795F90028CF
:10374000DFDB029908F1010801EB810100EB410088
:103750000290B969089888470A21FFF785F9099A04
:10376000A9F10109B9F1000FC2F8008001DD0028BC
:10377000E7DAF969089888470499029800FB01661E
:1037800055EA040004D004F04041090002D006E0EC
:10379000039898E0A40044EA9574AD00B61E04F0C6
:1037A0000041080002D16D196441761E159810F091
:1037B000240F03D04FF00B095C4803E04FF02809B9
:1037C0006FF07D008246564507DAAAEB0601894470
:1037D000B9F1410F01DD4FF0410901200021A9F1AC
:1037E000010200F0B9F9024628400B462140084387
:1037F00001D0012100E00021501E029143F1FF3170
:1038000028402140084301D0012000E00020029917
:10381000834651EA0B014FD0002108464FF00000CB
:10382000039900F4400039B100EB80004FF44001EF
:1038300000EBD07001EA60008015012802DD4FF036
:10384000FF3000E013D0401C36D0029860B3BBF1CB
:10385000000F0CD14A460120002100F07DF92840DC
:103860002140084301D0012000E00020E0B1012008
:103870004A46002100F070F9034640190A466141AA
:103880002D1A8C4111D3B9F1400F09DD159810F0B4
:10389000240F02D0AAF1340603E0AAF1170600E0D3
:1038A000761C00254FF0004406E05B1E42F1FF321B
:1038B00020EA030521EA0204CAF10100B04206DA57
:1038C0001B49039808430190002000900EE0039AE2
:1038D000C4F3D321E80A0A43164940EA44500A4394
:1038E0003146CDE90002684601F04FF9159810F015
:1038F000240F0BD01598C00715D13868DDE90012E8
:10390000031D3B600068C0E900120CE002A8694694
:1039100001F032F91598C00705D13868029A011DE7
:103920003960006802604046F0E6000002FCFFFFDC
:103930000000F07F0000F03F2DE9FF4F92461D464A
:1039400085B04FF00041DDE9124BDDE914727F1EB6
:1039500001EA4B50414940F0FF4940EA010800218B
:1039600022F020004928049102D04E2828D04CE0B3
:103970003BA0012607C88DE80700A9690698641CCA
:1039800088477F1E014606D41DF8060018B121F0B5
:10399000200181420BD0E96906988847032E34D074
:1039A000082E32D06FF0010009B0BDE8F08F761C10
:1039B000032E01D0082EE0D1601CCAF80000DCE71D
:1039C000A9690698641C88477F1E2AD420F020002D
:1039D000412826D1A9690698641C88477F1E20D4F7
:1039E00020F020004E281CD1A9690698641C884745
:1039F0007F1E48F4002849F48009CAF8004001D429
:103A0000282806D0E969069888475FEACB7012D06B
:103A100022E0A9690698641C88477F1E01D400280B
:103A200003DAE96906988847BCE72928F1D1641CC4
:103A3000CAF80040E9E71BF0240F07D02868049972
:103A4000031D2B600068C0E9001805E02868021D0E
:103A50002A600068C0F800902046A5E70000F07FCB
:103A6000494E46494E4954590000000010B50446DD
:103A7000AFF300802046BDE81040CCF724BC0028FE
:103A800001D0CEF73FBF704710B5012805D0002107
:103A900003A000F074F8012010BD09A1F8E70000B0
:103AA00053494752544D454D3A204F7574206F6627
:103AB0002068656170206D656D6F7279000000008F
:103AC0003A2048656170206D656D6F727920636F73
:103AD00072727570746564004FF0013C50F8042BED
:103AE00051F8043B9A4221D1A2EB0C03934313EA11
:103AF000CC1317D150F8042B51F8043B9A4215D13E
:103B0000A2EB0C03934313EACC130BD150F8042B14
:103B100051F8043B9A4209D1A2EB0C03934313EAF8
:103B2000CC13DBD04FF00000704700BFD01A01BAB1
:103B3000B1FA81F101F0180122FA01F0CB40C1F194
:103B40002001DBB2C0B2C01A2CFA01F3D11A9143A2
:103B500011EAC311E6D17047B2F120030AD5C2F1D0
:103B6000200301FA02F120FA03F300FA02F041EA1D
:103B70000301704700FA03F14FF00000704770B581
:103B800005460C460A2000E06D1CCEF7BCFE35B1A0
:103B900028780028F8D102E0641CCEF7B4FE14B1F6
:103BA00020780028F8D1BDE870400A20CEF7ABBEDF
:103BB0005FEA400C08BF91F0000F4FEA8C234FEAF8
:103BC000C12243EA51514FEA1C5018BF00F5F040A2
:103BD0004FEA300018BF41F000415FEA6C5C00F032
:103BE0002980BCF1FF3F08BF40F080407047130CB4
:103BF00006BF12044FF0100C4FF0000C130E04BF60
:103C000012020CF1080C130F04BF12010CF1040C8A
:103C1000930F04BF92000CF1020CD30F04BF5200AB
:103C20000CF1010C11464FF00002A0F11F00A0EBB7
:103C30000C00704711F0004F08BF704731F0004191
:103C40003FF4D5AF0B0C06BF09044FF0100C4FF03A
:103C5000000C0B0E04BF09020CF1080C0B0F04BF83
:103C600009010CF1040C8B0F04BF89000CF1020C4C
:103C7000CB0F04BF49000CF1010CCCF12003A0EBE9
:103C80000C0022FA03F302FA0CF241EA030100F1FC
:103C90000100704720F07F4C80EA030023F07F474B
:103CA000ACEB070303F57C5300F0004003F1FF0386
:103CB0002DE980494FEA154B09B44FEA144325EA30
:103CC0000B4E24EA03480FF2042606EB132749089B
:103CD0003E785FEA320203FB0667C7F5000707FB81
:103CE00006F64FEA54374FEAD64606F1020607FBBE
:103CF000066CCCF1005C4FEA1C472CEA074C07FB32
:103D000006F40CFB06F504EB15464FEA961634BF95
:103D100000204FF000404FEAD13706FB07FC4FEA86
:103D20001C4C0CFB0BF7D21B03FB0CF761EB0701E0
:103D30000CFB0EF7B0EB074072EB17420CFB08F7D9
:103D400034BFA2EB0742B2EB074261EB17414FEAE7
:103D50000C444FEA910706FB07FC4FEA1C4C0CFB96
:103D60000BF7B0EBC74072EB573203FB0CF734BFD5
:103D7000A2EBC742B2EBC74261EB57310CFB0EF727
:103D8000B0EBC70072EB57720CFB08F734BFA2EB25
:103D9000C702B2EBC70261EB5771039F4FEA816123
:103DA00041EA921104EBCC044FEAD1374FEA826228
:103DB00006FB07FC42EA90124FEA80604FEA1C4C77
:103DC0000CFB0BF7D21B03FB0CF761EB07010CFBA1
:103DD0000EF7B0EB074072EB17420CFB08F734BF4D
:103DE000A2EB0742B2EB074261EB17414FEA8C5559
:103DF0004FEA910704EB9C2406FB07FC4FEA1C4C9E
:103E00000CFB0BF7B0EBC74072EB573203FB0CF720
:103E100034BFA2EBC742B2EBC74261EB57310CFB98
:103E20000EF7B0EBC70072EB57720CFB08F734BF0C
:103E3000A2EBC702B2EBC70261EB577115EB4C2541
:103E40004FEA816141EA92114FEA82624FEAD1372B
:103E500042EA901206FB07FC44F100044FEA80603E
:103E60004FEA1C4C0CFB0BF7D21B03FB0CF761EB6E
:103E700007010CFB0EF7B0EB074072EB17420CFB8F
:103E800008F734BFA2EB0742B2EB074261EB1741E0
:103E900015EB1C154FEA813141EA92414FEA82321B
:103EA00042EA90424FEA80304FEA0C7644F1000437
:103EB00048EA03434EEA0B484FF0000EB2EB080C01
:103EC00071EB030724BF624639464EEB0E0E4FF0EE
:103ED000000B0018524149414BEB0B0BB2EB080CA5
:103EE00071EB03077BF1000B24BF624639464EEBB2
:103EF0000E0E4FF0000B0018524149414BEB0B0BDB
:103F0000B2EB080C71EB03077BF1000B24BF624698
:103F100039464EEB0E0E51EA020718BF46F0010675
:103F200016EB0E7655F1000254F1000103D5BDE801
:103F30008901BDE80088BDE88901BDE80048B619DF
:103F4000524141EB0101A3F10103704780807F7E64
:103F50007D7C7B7A797877767675747372717170FF
:103F60006F6E6E6D6C6C6B6A6A69686867666665B1
:103F70006464636362616160605F5F5E5E5D5D5C3F
:103F80005C5B5B5A5A5959585857575656555555B0
:103F90005454535352525251515050504F4F4F4E10
:103FA0004E4D4D4D4C4C4C4B4B4B4A4A4A4949495E
:103FB00048484847474747464646454545444444A0
:103FC00044434343434242424241414146EA06465A
:103FD000A3F570534FEA164646EA42564FEAD222FC
:103FE00042EA415210B54FEAD121A3F1010300F09A
:103FF0002FF820F0004000F1020C00F0004701EB28
:1040000000501146BCF5006F40EA070000D210BD19
:10401000BAF1000F0AD01CB503B44FF004004FF002
:1040200004014FF000000FBCBDE810404FF000014C
:10403000BBF1010FB9BF04484FF0FF310348002125
:1040400040EA070010BD00BFFFFFEF7F0000F07FD8
:10405000002B9C4630D477002BD01CB54FEA370795
:1040600003B44FF010004FF01001BAF1000F06D06A
:10407000BCF1000FDCBF40F0080040F008014FF039
:1040800000000FBCBDE810400BF1010BBBF1010FAC
:1040900008BF5FEA170722BF12F1010211F1010107
:1040A0004FF0004143F1000300F0004043EA0000FC
:1040B0007047F9D35708D0E746EA064613F1400F98
:1040C0004FEA16461FDD13F1200FDFBF16430A46E5
:1040D000002120335B42BED0C3F1200746EA0646EA
:1040E00002FA07F74FEA164646EA0706C3F1200729
:1040F00022FA03F201FA07F721FA03F14FF0000365
:1041000042EA0702A7E746EA020646EA06464FEAFF
:10411000164646EA0106BCBF46EA0646360C4FF094
:1041200000034FF000024FF0000194E72DE9804CAE
:104130009A46934670B491E8380007C831EA400CBB
:1041400048BF34EA430C03D5FFF7A4FDFFF780FF17
:10415000F0BCBDE8008C2DE9804C9A46934670B4C3
:1041600091E8380007C831EA400C48BF34EA430CF4
:1041700003D5FFF78FFDFFF729FFF0BCBDE8008CEA
:104180002DE9804C9A46934670B491E8380007C8F0
:1041900010F0804F08BF13F0804F03D100F01AF8E1
:1041A000FFF756FFF0BCBDE8008C2DE9804C9A4625
:1041B000934670B491E8380007C810F0804F08BFEC
:1041C00013F0804F03D100F005F8FFF7FFFEF0BCBD
:1041D000BDE8008C20F07F4780EA030023F07F4C8D
:1041E00007EB0C03A3F57C5300F00040A3F1FE03A2
:1041F00092F0000F00F0B38095F0000F00F0778090
:104200002DE901494FEA11404FEA144621EA0048DE
:1042100000FB06FC24EA064708FB06F607FB08F845
:1042200000FB07F718EB06484CEB164C4FEA124B15
:1042300018EB07484FEA15464CEB174022EA0B4EA5
:104240000BFB06FC25EA06470EFB06F607FB0EFEF7
:104250000BFB07F71EEB064E4CEB164C4FF000061F
:104260001EEB074E4CEB174B18EB0B0840F1000010
:1042700018EB0E0B58EB000840F100008F1A4FF0BE
:1042800000013CBFC943661B14BFB5EB040C002101
:104290003CBFC943F61B4FEA17444EEA8E0E27EA8D
:1042A00004454FEA1C4704FB07622CEA074C05FB58
:1042B00007F70CFB05F604FB0CFC16EB074642EB7C
:1042C000174216EB0C4642EB1C421BEB060658EB62
:1042D0000202414146EA9E0601D5BDE80189B619B0
:1042E000524141EB0101A3F10103BDE801894FEA0D
:1042F00014454FEA114724EA054621EA074C05FB1D
:1043000007F406FB07F70CFB06F105FB0CFC11EBB1
:10431000074144EB17444FEA124711EB0C4144EBC1
:104320001C4422EA074C05FB07F206FB07F70CFBCF
:1043300006F605FB0CFC16EB074642EB174216EBA4
:104340000C4642EB1C456A1854F1000148BF704707
:10435000B619524141EB0101A3F10103704795F0F9
:10436000000F37D04FEA11424FEA144721EA0246C4
:1043700024EA074C02FB07F106FB07F70CFB06F4E7
:1043800002FB0CFC14EB074441EB17414FEA1547C5
:1043900014EB0C4441EB1C4125EA074C02FB07F5EA
:1043A00006FB07F70CFB06F602FB0CFC16EB0746B8
:1043B00045EB174516EB0C4645EB1C42121951F123
:1043C000000148BF7047B619524141EB0101A3F10A
:1043D000010370474FEA14454FEA114724EA0546A6
:1043E00021EA074C05FB07F106FB07F70CFB06F279
:1043F0004FF0000605FB0CFC12EB074241EB1741A6
:1044000012EB0C4251EB1C4148BF7047921841EB34
:104410000101A3F10103704703B401984100009822
:1044200050EAC12018BF04204A0D18BF40F0010017
:1044300040F2FF72B2EB515F08BF40F0020001286A
:1044400008BF052002B0704730B52DED048B81B058
:10445000B0EE408AF0EE608A6A4651EC180B00F02C
:10446000A7FB00989FED329B7E300090002821DC56
:1044700053EC192B51EC180B00F05EFE1AD0002102
:1044800040F608004FF00000044651EC180B00F015
:104490000DFC08EE100A40F6080004EA00014FF097
:1044A0000000B5EEC08AF1EE10FA04BF0220FEF75C
:1044B00026F82DE00098FF2830DB002108464FF059
:1044C000000000F4400553EC192B51EC180B01F0DF
:1044D00031F88CBF002401240220FEF710F89FED74
:1044E000168A4DB1002C0CBF4FF400004FF4800031
:1044F000A84218BF9FED118A042108464FF0000022
:10450000002C01BFB1EE480A01B0BDEC048B30BDF8
:10451000B0EE480A01B0BDEC048B30BD51EC180B75
:1045200000F0C4FB01B000EE100ABDEC048B30BDFE
:1045300000000000000000000000807FFFFF7F7F80
:1045400030B540F2FF742DED048BF0EE608A18EE6A
:10455000901A85B0B0EE408A9FED2B9B05468DEDFD
:10456000008B34EA115147D053EC192B51EC180B46
:1045700000F0E2FD40D02A4651EC180B01F0B8F9EA
:1045800041EC180B18EE900A8DED008B34EA1050B8
:104590001CD053EC192B51EC180B00F0CDFD2BD196
:1045A0000220FDF7ACFF00F0D7FA10EE901A18EEDB
:1045B000900A8DED020B8DED008B61F31E000390D0
:1045C0009DED020B05B0BDEC048B30BD0220FDF764
:1045D00096FF00F0B1FA10EE901A18EE900A8DEDE9
:1045E000020B8DED008B61F31E0003909DED020B1D
:1045F00005B0BDEC048B30BD05B0B0EE480AF0EE5E
:10460000680ABDEC048B30BD000000000000000013
:1046100070B5D94B00242DED020B2DED108BDDE98B
:104620001010984205DA20F000429A4201D809D1D0
:1046300041B19DED100BBDEC108B02B0BDE8704098
:1046400000F05EBAB0F5801F26DA11430BD00028C7
:1046500013DA0120FDF753FFBDEC108B02B0BDE86B
:10466000704000F059BA0220FDF749FF00F030FA1F
:1046700051EC100B00F00EFB9EE06FF035049FED47
:10468000C00B53EC102B9DED100B51EC100B00F0F8
:1046900053FECDE91001084604EB2051C0F313048A
:1046A000B948A1F2FF31204400F4801080F07F620D
:1046B00082F04052224301EB20559FEDB50B119241
:1046C00053EC102B9DED100B51EC100B00F074FF10
:1046D00041EC180BA01CC0F313009FEDAFDB9FED66
:1046E000B0EBB14E7E4403286CD296ED000B51EC3A
:1046F000180B53EC102B00F01FFD1DD1002D01BF36
:1047000096ED000BBDEC108B02B070BD284600F09A
:10471000ACFD41EC180B53EC1D2B00F00DFE41ECF1
:10472000190B53EC1E2B51EC180B00F005FE53EC4B
:10473000192B00F0EDFA3FE09FED9D0B51EC180BAB
:1047400053EC102B00F0F8FD9FED9B1B53EC112B4D
:1047500000F026FF41EC190B53EC182B51EC180B11
:1047600000F0EAFD53EC192B00F0E6FD41EC190BCB
:10477000002D04BF53EC192B51EC180B1AD028460E
:1047800000F073FD41EC1A0B53EC1D2B00F0D4FD2F
:1047900053EC192B00F004FF53EC182B00F00CFF26
:1047A00041EC180B53EC1E2B51EC1A0B00F0C4FD1E
:1047B00053EC182B00F000FFBDEC108B02B041EC65
:1047C000100B70BD9FED7E0B51EC180B53EC102BB2
:1047D00000F09EFA41EC100B51EC180B53EC102B2F
:1047E00000F052FB41EC190B284600F03EFD41EC75
:1047F0001B0B53EC192B51EC190B00F09DFD41ECF8
:104800001A0B714853EC1A2B261851EC1A0B00F0B6
:1048100093FD41EC1F0B6D48C4F1510404F5D724FE
:10482000B0EE4F0AF0EE6F0A0321784400F0D2F8A0
:1048300053EC1F2B51EC100B00F07EFD41EC1C0BD8
:104840006348B0EE4F0AF0EE6F0A0421784400F09E
:10485000C1F853EC1A2B51EC100B00F06DFD3443F2
:1048600053EC1C2B00F054FA41EC1C0B002C4CDDDB
:104870009FED510B51EC180B53EC102B00F05CFD2D
:1048800053EC182B00F058FD41EC1A0B55B353ECC8
:104890001D2B51EC1B0B00F04FFD41EC1D0B53EC9D
:1048A0001C2B51EC1A0B00F033FA53EC192B00F0CF
:1048B00043FD53EC1D2B00F02BFA53EC1A2B00F0A8
:1048C0006FFE53EC182B00F077FE41EC180B53EC05
:1048D0001E2B51EC1B0B00F02FFD53EC182B00F09E
:1048E0006BFE69E753EC1C2B51EC1A0B00F010FA2D
:1048F00053EC192B00F020FD53EC1A2B00F050FE66
:1049000053EC182B00F04CFE56E735B353EC1D2B3F
:1049100051EC1B0B00F010FD41EC1A0B53EC1C2B5F
:1049200051EC180B00F048FE53EC192B00F004FD7D
:1049300053EC1A2B00F040FE53EC182B00F03CFE19
:1049400041EC180B53EC1E2B51EC1B0B00F0F4FC4C
:1049500053EC182B00F030FE2EE753EC1C2B51ECDF
:10496000180B00F029FE53EC192B00F0E5FC53EC7A
:10497000182B00F015FE1FE70000F07F000000007C
:104980000000000000005043645F090000000000C8
:10499000000000000000F03F763C7935EF39EA3D39
:1049A0000000E0FE422EE63F482500000000000027
:1049B000555555555555D53F000000000000E03FC6
:1049C000000000000000004086EBF9FFCA23000051
:1049D000C023000070B504462DED028B4D1E00EB88
:1049E000C500B0EE408AF0EE608A90ED000B35F025
:1049F000060017D053EC182B51EC100B00F09CFC68
:104A000041EC100B6D1E04EBC50090ED001B51EC4A
:104A1000100B53EC112B00F07BF941EC100B35F02F
:104A20000600E7D1022D36D0042D1CD0062D1CBF68
:104A3000BDEC028B70BD53EC182B51EC100B00F049
:104A40007BFC94ED0A1B53EC112B00F061F953EC45
:104A5000182B00F071FC94ED081B53EC112B00F0A7
:104A600057F941EC100B53EC182B51EC100B00F0E4
:104A700063FC94ED061B53EC112B00F049F953EC49
:104A8000182B00F059FC94ED040B53EC102B00F0A4
:104A90003FF941EC100B53EC182B51EC100B00F0CC
:104AA0004BFC94ED021B53EC112B00F031F953EC4D
:104AB000182B00F041FC94ED001B53EC112B00F07F
:104AC00027F9BDEC028B41EC100B70BD000000001B
:104AD0009FED070B10B553EC102B9FED070B51EC1E
:104AE000100B00F0D1F941EC100B10BD00000000DC
:104AF0000000000000000000000000000000F03F87
:104B000010B553EC102B51EC100B00F001F941ECF7
:104B1000100B10BD000000009FED050B10B553EC0D
:104B2000102B51EC100B00F0AFF941EC100B10BD45
:104B300000000000000000009FED050B10B553ECD5
:104B4000102B51EC100B00F0F7FB41EC100B10BDDB
:104B500000000000000000709FED050B10B553EC45
:104B6000102B51EC100B00F0E7FB41EC100B10BDCB
:104B7000000000000000001010B5044691ED000B8D
:104B8000FFF762FC84ED000A10BD10B5044690EDFD
:104B9000000B0846FFF7D4FC84ED000B10BD303845
:104BA0000A2801D201207047002070470000000051
:104BB00010B582B01446CDE900010023009A2360AD
:104BC000194B21F0004098422ADA024328D0B0F570
:104BD000801FA8BF226810DA9FED150B53EC102B35
:104BE0009DED000B51EC100B00F0A6FBCDE9000190
:104BF0006FF0350221F0004022600F4B6FF31E5121
:104C000003EB20501044206041F0FF5040F0005072
:104C100001909DED000B00BF02B051EC100B10BDD8
:104C20009DED000BF8E700000000F07F00000000A1
:104C3000000000000000504302FCFFFF10B50029F7
:104C40000AD00878002807D005487844FEF744FFCA
:104C5000002801D0002010BD0248784410BD00009B
:104C60000E2600000626000010B500290AD008789C
:104C7000002807D005487844FEF72EFF002801D011
:104C8000002010BD0248784410BD0000FE25000041
:104C9000F625000081F00041704780F00040704729
:104CA00021F00041704720F00040704721F00042A1
:104CB000A2F16052B2F5801F01F0004328BFD2F18B
:104CC0007F6C0BD95FEA001C43EAC20242EB5070D2
:104CD00018BF704728BF20F001007047B2F5801F51
:104CE000BCBF184670474FEA410C1CF5001F02D2AA
:104CF000084600F0C1BD70B500F0C8FB0000008997
:104D0000FFF7F6BF4FF00040A0F5800070470000AD
:104D100010B591EA030F48BF83F0004300F15484BB
:104D2000841A71EB030C05D2121943EB0C03001B20
:104D300061EB0C01DFF824E14FEA1154A4EB135CA2
:104D40001EEA430F18BF9EEA445F73D023EA0E03A6
:104D5000DCF1200E21EA045143F4801332D322FA0D
:104D60000CFE10EB0E0023FA0CFE41EB0E01CCF111
:104D7000200E03FA0EFE10EB0E0051F10001B1F50A
:104D8000801FCCF1200E32D201EB045112FA0EF248
:104D9000BDE8104058BF7047401C38BF5FEA420270
:104DA00018BF7047002814BF20F0010041F1000136
:104DB0004FEA410313F5001F38BF7047A1F1C0410E
:104DC00000F0B2BB012A43EB0302ACF1200CDCF192
:104DD0001F0E32BF4FF0000E23FA0CF310EB03004E
:104DE00041EB0451B4EB115FD0D0A1EB045101F5BC
:104DF000801149085FEA300001EB04510ED350F1F5
:104E0000000038BF12FA0EFE08D1BDE81040C9E715
:104E1000401C38BF5FEA4202CAD1C3E7BDE8104078
:104E20004FEA410313F5001F38BF7047A1F1C0419D
:104E300000F07ABB9EEA445F08D011EA5E0FBDE83D
:104E4000104004BF01F0004100207047BDE8104051
:104E500070B500F01BFB00BF64FBBE3E0000E0FF2E
:104E600002494FF0000000F011BD00BF0000F87FC4
:104E7000491058BFC1F140415B1058BFC3F14043D6
:104E80008B42EFF3008070472DE9C04130B4DFF86A
:104E9000A0C23CEA111418BF3CEA131400F0EC80E5
:104EA00081EA03051CEA111444EAD57418BF1CEA10
:104EB000131500F0C780A4EB05044FF0004545EA48
:104EC000C12145EAC32341EA505143EA525304F158
:104ED0007F74994204F500344FEAC0204FEAC222A1
:104EE00008BF904200F09C804FEA13650FF2401615
:104EF000765D4FEA134506FB05F7C7F1807706FBA1
:104F000007F74FEAD737A7FB03687642C8F5803822
:104F1000A7FB06CE38BFA8F1010807FB08E64FF053
:104F2000000EA6FB028CE6FB03CEDCF1000CCEF1FA
:104F3000004E38BFAEF1010EA6FB0C584FF0000733
:104F40004FF00005E6FB0E87A1FB08C6A0FB07CECD
:104F500016EB0E0645F10005E1FB076515F1E04E85
:104F60007EBFA4F580345FEA46066D4116F18007E6
:104F700045F100054FEA17274FEA066647EA05673D
:104F8000A6F1DE46B6F1805F4FEA15251FD93846F7
:104F900024F0010C05EBC471BCF1FE6F01EB0C11A8
:104FA00002D8F0BCBDE8008124425CBF01F5801E40
:104FB0009EEAC47F02D4F0BCBDE80081244238D40C
:104FC000F0BCA1F1C041BDE8004100F0ADBA4FEA2C
:104FD000D22242EA43524FEAD323A7FB02864FEA8A
:104FE000D02040EA415007FB03661EEA0E0F4FEA4D
:104FF000D12105FB026658BFA6EB0056B6EB005662
:105000004FEA520E4EEAC37E18EB0E0E56EB530ECD
:10501000BDD518EB02085E417F1C55F10005B6E7CF
:105020004FF480154FF000074FF000064FF00008D6
:10503000ADE7F0BC4FF0000001F1C04101F00041CC
:10504000BDE8008111EA0C1F0CEA131500D00CE03A
:1050500013EA0C1F00F025804FF00000F0BC81EA3D
:10506000030101F00041BDE80081F0BCBDE8004152
:1050700081EA030100F058BAF0BCBDE8004170B508
:1050800000F004FA097EFC3E00F007B881EA030153
:105090004FF0000001F00041704781EA030100F089
:1050A00043BAF0BCBDE800414FF000002149704711
:1050B000FFFDFBF9F7F5F4F2F0EEEDEBE9E8E6E4DD
:1050C000E3E1E0DEDDDBDAD8D7D5D4D3D1D0CFCD64
:1050D000CCCBCAC8C7C6C5C4C2C1C0BFBEBDBCBB9D
:1050E000BAB9B8B7B6B5B4B3B2B1B0AFAEADACAB98
:1050F000AAA9A8A8A7A6A5A4A3A3A2A1A09F9F9E72
:105100009D9C9C9B9A999998979796959594939323
:10511000929191908F8F8E8E8D8C8C8B8B8A8989BA
:10512000888887878685858484838382828181803D
:105130000000FF070000F87F51EA030C17D41CF5AC
:10514000801F58BFBCF5801F00F10680994218BF30
:10515000704708BF9042704707D711F5801F58BFAE
:1051600013F5801F19D499427047894270471CF586
:10517000801F08D5BCF5801FF7D58B4218BF70473C
:1051800008BF824270474FF4001C1CEB410F38BF30
:105190001CEB430F01D28B42704770B500F076F9DB
:1051A000922449004FF000514FF08053FFF760BE4A
:1051B0004FEA41034FEA5353A3F58063D3F11E0333
:1051C000C8BFD3F1210C0CDD4FF0004242EAC122EE
:1051D00042EA505232FA03FC8CEAE17CACEBE1701B
:1051E0007047102BC4BF0020704703F5787CBCF1DA
:1051F000FF3F04D06FF0004282EA2100704770B593
:1052000000F044F94992248000207047F2E7000042
:105210004FEA1153A3F58063D3F11E03A8BFD3F166
:10522000200C08DB4FF0004242EAC12252EA505201
:1052300032FA03F0704709420BD4102BC4BF002090
:10524000704703F5787CBCF1FF3F05D04FF0FF308D
:1052500070474FF00000704770B500F017F900BFBD
:105260004992248000207047F0E710F0004248BFC8
:105270004042B0FA80F310FA03F10AD0C3F11D03E3
:1052800003F580634FEA415002EB035202EBD12158
:1052900070474FF000007047B0FA80F310FA03F146
:1052A0000AD0C3F11D0303F580634FEA41504FEA72
:1052B000035202EBD12170474FF00000704700000D
:1052C00051EA030C17D41CF5801F58BFBCF5801F92
:1052D00000F10680994218BF704708BF904270479E
:1052E00007D711F5801F58BF13F5801F19D49942B5
:1052F0007047894270471CF5801F08D5BCF5801F98
:10530000F7D58B4218BF704708BF824270474FF4F1
:10531000001C1CEB410F38BF1CEB430F01D28B422A
:10532000704770B500F0B2F8922449004FF0005178
:105330004FF08053FFF79CBDDFF848C170B51CEA01
:10534000111E1EBF1CEA13159EEA0C0F95EA0C0FE6
:1053500000F06F8081EA030423EA4C134EEAD47E06
:1053600021EA4C1141F4801143F48013AE44A1FBB7
:10537000024CA0FB0365AEF17F7E361955EB0C05A0
:10538000A1FB034C4CF10003A0FB021C16EB0C0626
:10539000654153F10003094218BF46F0010613F4BA
:1053A000007F0BD14FEA03314FEA0530340341EA65
:1053B000155140EA16506FF003020AE04FEAC3218C
:1053C0004FEAC520F40241EA555140EA56506FF0C9
:1053D000020202EB2E4201EB025585EACE710AD0A1
:1053E0005FEA440C18BF24F0004450F1000041F182
:1053F000000120EAD47040F2FE7C624500D270BD0C
:10540000A84214BF4FF080444FF04044002E08BF24
:105410000024BEF1806FA8BFA1F1C041BDE870407B
:1054200080F282804FF0000001F1C04101F00041A4
:1054300070479EEA0C0F0CEA131518BF95EA0C0F83
:1054400006D04FF0000081EA030E0EF0004170BD5F
:1054500000F01CF88900013E00F007B800F009B820
:105460004FEA430C5FEA5C5C08D081EA030100F07C
:105470005BB84FEA410C5FEA5C5CF6D14FF000008C
:10548000014970470000FF070000F87F0EF1020E8F
:105490002EF0030E5EF8046B364205D4012A43EB6E
:1054A000030515F5001F12D8012841EB010C1CF56E
:1054B000001F0CD80ED14FEAD17C15F5001F0CEB64
:1054C0004C0C0CF1020C08BF4CEBD37C04E04FF009
:1054D000080C01E04FEAD37C0CEB4C0526FA05F6EC
:1054E00006F00706B6F1040C06D20EEB860CBDE8FA
:1054F00070404CF0010C6047DFE80CF0090B020231
:105500004FF000414FF00000A1F5002170BD194699
:105510001046012851EB010418BFD4F5001484BFD4
:10552000002001F0004170BD0808A0F500114FEA0D
:105530003101704753EA010C17D41CF5801F58BF86
:10554000BCF5801F00F106808B4218BF704708BF72
:105550008242704707D713F5801F58BF11F5801F8F
:1055600019D48B4270479B4270471CF5801F08D5A9
:10557000BCF5801FF7D5994218BF704708BF90420D
:1055800070474FF4001C1CEB430F38BF1CEB410F5E
:1055900001D2994270470FB40CBC03BCFFF7C1BEE7
:1055A00091EA030F10B581F000413FF5B9AB83F0EC
:1055B000004300F009B8000010B591EA030F48BF9E
:1055C00083F000433FF5ACAB841A71EB030C07D2B8
:1055D00012198CF0004C43EB0C03001B61EB0C0127
:1055E000DFF8A4E14FEA1154A4EB135C1EEA430F69
:1055F00018BF9EEA445F00F0B08023EA6E03524277
:1056000021EA0451C3EB6E0338BF5B1EDCF1200EB0
:1056100025D322FA0CFE10EB0E0043FA0CFE41EBF0
:105620000E01CCF1200E03FA0EFE10EB0E0051F12C
:105630000001CCF1200E29D412FA0EF201EB045134
:10564000BDE8104058BF7047401C1CBFB2F1004F6E
:10565000704700280CBF491C20F00100704712EB76
:10566000020E43EB030218BF4FF0010E4EEA420256
:10567000ACF1200CDCF11E0E54D943FA0CFE10EBF9
:105680000E0051F1FF31CCF11E0ED5D50EF1010EF9
:1056900012FA0EFE404141EB010101EB445C5FEA6E
:1056A0005C5C10D910EBDE7001EB045138BFBEF129
:1056B000004FBDE8104018BF704700280CBF491CC0
:1056C00020F00100704730D24FEAD42C11F50011C0
:1056D00024F400641BD0B1FA81F20B3AA41AA41E80
:1056E000D2F12003914030FA03F31943904001EBCB
:1056F000CC71002C01EB0451BDE81040A8BF7047ED
:1057000001F1C0414FF0000001F000417047B0FAD4
:1057100080F310FA03F100D110BDE41A173C4805DC
:10572000C90AE4E701EB045110BD491001EB045133
:10573000BDE810404FEA300002E04FF00001704732
:105740004A0008BF0042F8D0B2F5001F28BF7047DA
:1057500001F000414FF0000070479EEA445F07D01F
:1057600011EA5E0FBDE8104004BF00210020704721
:10577000BDE8104070B5FFF789FE00BF40DFF63E80
:1057800083F00041104670470000E0FF43004FEAFD
:10579000D30C4FEA3C0C43401FBF40070CF1605153
:1057A00013F0FE4F70471CF0006F03D100200CF087
:1057B000004170470CF0004343EA507010B540EAD6
:1057C000CC0000F00EF800BF000000924FEA00018C
:1057D000FFF7AABE4FF000414FF00000A1F50021F5
:1057E00070470EF1020E2EF0030E5EF8044B2442B9
:1057F00004D44FEA4102B2F17F4F11D84FEA40037F
:10580000B3F17F4F0CD80ED14FEAD07CB2F17F4F6D
:105810000CEB4C0C0CF1020C08BF4CEBD17C04E0FF
:105820004FF0080C01E04FEAD17C0CEB4C0324FA5A
:1058300003F404F00704B4F1040C06D20EEB840C5C
:10584000BDE810404CF0010C6047DFE80CF00708A1
:1058500002024FF00040A0F5800010BD0846420053
:1058600018BFD2F1807288BF00F0004010BD4FF029
:105870004070E1EE100A7047FF2141EAD050C005A8
:1058800070474FF000007047FCF771BF0CF00F033A
:10589000092B08BF082000F05F800A2B0BD0082BD3
:1058A00018BF704708BF1CF0400F0AD04FF000002F
:1058B0004FF0000170471CF0400F18BF4FF0004040
:1058C00070471CF0100F08D020F0704300F07F42AA
:1058D00042EAD3014FEA4370704700F0604021F084
:1058E0007F4242EA000201F07F4040EA7270704756
:1058F0004FF0FF0C4CF4E06C1CEA11531CBF9CEA07
:10590000030C9445C2BFDA4201EB02517047002BF1
:105910000DD0BCF1000F0FD0002A01F00041A4BF50
:1059200041F0E04141F07F614FF00000704701F02D
:1059300000414FF00000704750EA01334FF09B0CDC
:1059400018BF4CF0806C7FF48BAA7047FDF7C0B98C
:10595000FDF762BEFDF7F0BF1CF4801F11D01CF4F0
:10596000E02F03D06FEACC31490070474FF0405030
:10597000EFF3008222F0704242EA000282F30088D4
:1059800070474FF000007047D86C0408000000001A
:1059900000000000000000000000000000080000FF
:1059A000180000000000000000000000CC6C04089B
:1059B00000000000000000000000000000000000E7
:1059C000004000001800000000000000000000007F
:1059D000000000000000000001020304060708099F
:1059E0000000000001020304000021104220633087
:1059F0008440A550C660E770088129914AA16BB127
:105A00008CC1ADD1CEE1EFF13112100273325222CE
:105A1000B5529442F772D662399318837BB35AA376
:105A2000BDD39CC3FFF3DEE362244334200401149E
:105A3000E664C774A44485546AA54BB528850995C6
:105A4000EEE5CFF5ACC58DD553367226111630066E
:105A5000D776F6669556B4465BB77AA71997388716
:105A6000DFF7FEE79DD7BCC7C448E5588668A7782E
:105A70004008611802282338CCC9EDD98EE9AFF966
:105A8000488969990AA92BB9F55AD44AB77A966A0E
:105A9000711A500A333A122AFDDBDCCBBFFB9EEBB6
:105AA000799B588B3BBB1AABA66C877CE44CC55CDE
:105AB000222C033C600C411CAEED8FFDECCDCDDD06
:105AC0002AAD0BBD688D499D977EB66ED55EF44EAE
:105AD000133E322E511E700E9FFFBEEFDDDFFCCF56
:105AE0001BBF3AAF599F788F8891A981CAB1EBA1AA
:105AF0000CD12DC14EF16FE18010A100C230E32026
:105B00000450254046706760B9839893FBA3DAB3CD
:105B10003DC31CD37FE35EF3B1029012F322D23275
:105B20003542145277625672EAB5CBA5A89589859D
:105B30006EF54FE52CD50DC5E234C324A0148104C5
:105B40006674476424540544DBA7FAB79987B8976D
:105B50005FE77EF71DC73CD7D326F2369106B01615
:105B600057667676154634564CD96DC90EF92FE92D
:105B7000C899E9898AB9ABA9445865480678276865
:105B8000C018E1088238A3287DCB5CDB3FEB1EFB0D
:105B9000F98BD89BBBAB9ABB754A545A376A167AB5
:105BA000F10AD01AB32A923A2EFD0FED6CDD4DCDDD
:105BB000AABD8BADE89DC98D267C076C645C454C05
:105BC000A23C832CE01CC10C1FEF3EFF5DCF7CDFAD
:105BD0009BAFBABFD98FF89F176E367E554E745E55
:105BE000932EB23ED10EF01E0000000096300777D3
:105BF0002C610EEEBA51099919C46D078FF46A70C1
:105C000035A563E9A395649E3288DB0EA4B8DC79E0
:105C10001EE9D5E088D9D2972B4CB609BD7CB17E60
:105C2000072DB8E7911DBF906410B71DF220B06A30
:105C30004871B9F3DE41BE847DD4DA1AEBE4DD6D40
:105C400051B5D4F4C785D38356986C13C0A86B6440
:105C50007AF962FDECC9658A4F5C0114D96C066360
:105C6000633D0FFAF50D088DC8206E3B5E10694C40
:105C7000E44160D5727167A2D1E4033C47D4044B80
:105C8000FD850DD26BB50AA5FAA8B5356C98B24260
:105C9000D6C9BBDB40F9BCACE36CD832755CDF45E0
:105CA000CF0DD6DC593DD1ABAC30D9263A00DE5110
:105CB0008051D7C81661D0BFB5F4B42123C4B35600
:105CC0009995BACF0FA5BDB89EB802280888055F80
:105CD000B2D90CC624E90BB1877C6F2F114C6858E0
:105CE000AB1D61C13D2D66B69041DC760671DB01CE
:105CF000BC20D2982A10D5EF8985B1711FB5B606A0
:105D0000A5E4BF9F33D4B8E8A2C9077834F9000FDF
:105D10008EA8099618980EE1BB0D6A7F2D3D6D087F
:105D2000976C6491015C63E6F4516B6B62616C1C6F
:105D3000D83065854E0062F2ED95066C7BA5011B9F
:105D4000C1F4088257C40FF5C6D9B06550E9B7123F
:105D5000EAB8BE8B7C88B9FCDF1DDD62492DDA15FF
:105D6000F37CD38C654CD4FB5861B24DCE51B53A1F
:105D70007400BCA3E230BBD441A5DF4AD795D83D1F
:105D80006DC4D1A4FBF4D6D36AE96943FCD96E345F
:105D9000468867ADD0B860DA732D0444E51D03333F
:105DA0005F4C0AAAC97C0DDD3C710550AA4102274F
:105DB00010100BBE86200CC925B56857B3856F201F
:105DC00009D466B99FE461CE0EF9DE5E98C9D9297F
:105DD0002298D0B0B4A8D7C7173DB359810DB42EBF
:105DE0003B5CBDB7AD6CBAC02083B8EDB6B3BF9A0B
:105DF0000CE2B6039AD2B1743947D5EAAF77D29D97
:105E00001526DB048316DC73120B63E3843B649476
:105E10003E6A6D0DA85A6A7A0BCF0EE49DFF099376
:105E200027AE000AB19E077D44930FF0D2A30887E6
:105E300068F2011EFEC206695D5762F7CB67658096
:105E400071366C19E7066B6E761BD4FEE02BD38996
:105E50005A7ADA10CC4ADD676FDFB9F9F9EFBE8EF6
:105E600043BEB717D58EB060E8A3D6D67E93D1A136
:105E7000C4C2D83852F2DF4FF167BBD16757BCA616
:105E8000DD06B53F4B36B248DA2B0DD84C1B0AAFB6
:105E9000F64A0336607A0441C3EF60DF55DF67A836
:105EA000EF8E6E3179BE69468CB361CB1A8366BCC6
:105EB000A0D26F2536E2685295770CCC03470BBB16
:105EC000B91602222F260555BE3BBAC5280BBDB216
:105ED000925AB42B046AB35CA7FFD7C231CFD0B5B6
:105EE0008B9ED92C1DAEDE5BB0C2649B26F263ECA8
:105EF0009CA36A750A936D02A906099C3F360EEBB6
:105F00008567077213570005824ABF95147AB8E275
:105F1000AE2BB17B381BB60C9B8ED2920DBED5E555
:105F2000B7EFDC7C21DFDB0BD4D2D38642E2D4F1A5
:105F3000F8B3DD686E83DA1FCD16BE815B26B9F635
:105F4000E177B06F7747B718E65A0888706A0FFF95
:105F5000CA3B06665C0B0111FF9E658F69AE62F855
:105F6000D3FF6B6145CF6C1678E20AA0EED20DD755
:105F70005483044EC2B30339612667A7F71660D075
:105F80004D476949DB776E3E4A6AD1AEDC5AD6D9B5
:105F9000660BDF40F03BD83753AEBCA9C59EBBDED5
:105FA0007FCFB247E9FFB5301CF2BDBD8AC2BACA85
:105FB0003093B353A6A3B4240536D0BA9306D7CDF5
:105FC0002957DE54BF67D9232E7A66B3B84A61C415
:105FD000021B685D942B6F2A37BE0BB4A18E0CC3D5
:105FE0001BDF055A8DEF022D46445341565F4F4E3D
:105FF000450073506C634E7672616D4C6F61640046
:1060000073506C634E7672616D53617665007350A8
:106010006C634E7672616D55706461746500735087
:106020006C634E7672616D436C6561720073506C87
:1060300063466472616D4C6F61640073506C6346BB
:106040006472616D536176650073506C634664726F
:10605000616D436C6561720073506C634465766971
:106060006365436F6E666967436C65617200735068
:106070006C634465766963654C6F67436C656172F8
:106080000073506C63496E69740073506C634570A3
:10609000726F6D546573740073506C63496E7075E4
:1060A00074496E69740073506C634F7574707574C5
:1060B000496E69740053544C41520045444C41525E
:1060C0000073506C634C61736572496E6974007340
:1060D000657446616E53706565640073506C6353FC
:1060E0007065616B6572496E69740073506C6353BF
:1060F0007065616B6572467265710073506C6354B4
:10610000696D6572496E69740073506C63416463B4
:10611000496E697400434C44414300555044414327
:1061200030005550444143310073506C6344616307
:10613000496E697400686D6955617274496E69745D
:1061400000686D695561727453656E64436861726D
:10615000006C6F6164446576696365436F6E666960
:10616000670073617665446576696365436F6E6643
:1061700069670075706461746541636F75737469F4
:1061800063446973706C617900776673774C6F6FE5
:1061900070006463486D694C6F6F700000446F6FEE
:1061A0007220696E7465726C6F636B2064697363CF
:1061B0006F6E6E656374656400466F6F74737769A4
:1061C000746368206E6F7420636F6E6E65637465B0
:1061D00064004553544F50205072657373004E6FE6
:1061E00020666962657220636F6E6E6563746564B4
:1061F00000456E65726779206F7574206F66207434
:106200006F6C6572616E6365004C61736572206FBF
:1062100076657268656174696E67004C617365725A
:10622000204E5443206F70656E206F72206C6F7724
:1062300068656174696E67004C617365722063758F
:106240007272656E7420657863656564732073652A
:10625000742076616C7565004C617365722063759E
:106260007272656E7420657863656564732073650A
:10627000742076616C756500546865726D6973741D
:106280006F72204572726F7200456E7669204869A0
:1062900067682054656D706572617475726500453C
:1062A0006E7669204C6F772054656D7065726174ED
:1062B00075726500466F6F742F66696E6765722030
:1062C000737769746368206973206465707265739D
:1062D000736564004C61736572206973206669722E
:1062E000696E670057616974204C61736572205450
:1062F000726967676572004669626572206E6F74C5
:10630000206D617465004170702056657273696F0D
:106310006E3A20332E3161313562302D41312D44BA
:1063200075616C00545950453A205056474C5320E3
:10633000313437302F3135004C415345525F504F87
:106340005745523A203135572B302E35570057419B
:106350005645204C454E4754483A20313437306E2C
:106360006D2B3633356E6D006669744C61736572E2
:10637000546F436F6465006C6F616453656C656353
:1063800074536368656D65000006101600061016EC
:10639000E5500308E9500308FD5003084D51030878
:1063A000B5510308809A45418E418F804545454946
:1063B00049498E8F9092924F994F555559999A9B72
:1063C0009C9D9E9F41494F55A5A5A6A7A8A9AAABEC
:1063D000ACADAEAFB0B1B2B3B4B5B6B7B8B9BABB85
:1063E000BCBDBEBFC0C1C2C3C4C5C6C7C8C9CACB75
:1063F000CCCDCECFD0D1D2D3D4D5D6D7D8D9DADB65
:10640000DCDDDEDFE0E1E2E3E4E5E6E7E8E9EAEB54
:10641000ECEDEEEFF0F1F2F3F4F5F6F7F8F9FAFB44
:10642000FCFDFEFF01030507090E10121416181CCF
:106430001E222A2B2C2E3A3B3C3D3E3F5B5D7C7F4F
:1064400000000100040010004000000100020000F4
:106450000100020004000800100020000000C70036
:10646000FC00E900E200E400E000E500E700EA00EB
:10647000EB00E800EF00EE00EC00C400C500C9002E
:10648000E600C600F400F600F200FB00F900FF0091
:10649000D600DC00A200A300A500A7209201E10025
:1064A000ED00F300FA00F100D100AA00BA00BF002D
:1064B0001023AC00BD00BC00A100AB00BB009125C7
:1064C00092259325022524256125622556255525EB
:1064D0006325512557255D255C255B251025142551
:1064E00034252C251C2500253C255E255F255A25B5
:1064F000542569256625602550256C256725682566
:106500006425652559255825522553256B256A256F
:1065100018250C25882584258C2590258025B103F8
:10652000DF009303C003A303C303B500C403A603A2
:106530009803A903B4031E22C603B50329226122CE
:10654000B1006522642220232123F7004822B000F5
:106550001922B7001A227F20B200A025A0006100F6
:106560001A03E0001703F8000703FF000100780199
:106570000001300132010601390110014A012E01EA
:106580007901060180014D004302810182018201EF
:106590008401840186018701870189018A018B01B9
:1065A0008B018D018E018F01900191019101930169
:1065B0009401F60196019701980198013D029B0113
:1065C0009C019D0120029F01A001A001A201A20146
:1065D000A401A401A601A701A701A901AA01AB0179
:1065E000AC01AC01AE01AF01AF01B101B201B30129
:1065F000B301B501B501B701B801B801BA01BB01DA
:10660000BC01BC01BE01F701C001C101C201C3014F
:10661000C401C501C401C701C801C701CA01CB013A
:10662000CA01CD011001DD0101008E01DE01120160
:10663000F3010300F101F401F401F8012801220241
:1066400012013A020900652C3B023B023D02662C16
:106650003F0240024102410246020A015302400049
:1066600081018601550289018A0158028F015A026F
:1066700090015C025D025E025F02930161026202B0
:1066800094016402650266026702970196016A023C
:10669000622C6C026D026E029C01700271029D01FF
:1066A000730274029F0176027702780279027A02FD
:1066B0007B027C02642C7E027F02A60181028202A0
:1066C000A9018402850286028702AE014402B1015B
:1066D000B20145028D028E028F0290029102B70133
:1066E0007B030300FD03FE03FF03AC0304008603EA
:1066F000880389038A03B1031103C2030200A303C1
:10670000A303C4030803CC0303008C038E038F038D
:10671000D8031801F2030A00F903F303F403F503A5
:10672000F603F703F703F903FA03FA03300420032F
:1067300050041007600422018A043601C1040E01CE
:10674000CF040100C004D004440161052604000008
:106750007D1D0100632C001E9601A01E5A01001F22
:106760000806101F0606201F0806301F0806401FD7
:106770000606511F0700591F521F5B1F541F5D1F44
:10678000561F5F1F601F0806701F0E00BA1FBB1F39
:10679000C81FC91FCA1FCB1FDA1FDB1FF81FF91F35
:1067A000EA1FEB1FFA1FFB1F801F0806901F080639
:1067B000A01F0806B01F0400B81FB91FB21FBC1FDE
:1067C000CC1F0100C31FD01F0206E01F0206E51FF9
:1067D0000100EC1FF21F0100FC1F4E2101003221BD
:1067E00070211002842101008321D0241A05302C4D
:1067F0002F04602C0201672C0601752C0201802CED
:106800006401002D260841FF1A030000CC0000207F
:106810000100000000000000000000000100000076
:10682000000000000100000001000000CC0000207A
:106830000100000001000000000000000100000055
:10684000000000000100000001000000CC0000205A
:106850000100000002000000000000000100000034
:10686000000000000100000001000000CC0000203A
:106870000100000003000000000000000100000013
:10688000000000000100000001000000CC0000201A
:1068900001000000040000000000000001000000F2
:1068A000000000000100000001000000CC000020FA
:1068B00001000000050000000000000001000000D1
:1068C000000000000100000001000000CC000020DA
:1068D00001000000060000000000000001000000B0
:1068E000000000000100000001000000CC000020BA
:1068F000010000000700000000000000010000008F
:10690000000000000100000001000000CE00002097
:106910000800000000060000000000006500000004
:10692000000000006500000001000000006031323E
:1069300033343536373839302D3D000809717765E5
:1069400072747975696F705B5D5C00617364666712
:10695000686A6B6C3B27000A00007A786376626E87
:106960006D2C2E2F00000000002000000000000011
:106970000000000000000000000000000D0000000A
:1069800000000000000000373431002F383532306D
:106990002A3936332E2D2B000A001B000000000080
:1069A00000000000000000000000000000000000E7
:1069B000007E21402324255E262A28295F2B0008FB
:1069C0000051574552545955494F507B7D7C0041E9
:1069D00053444647484A4B4C3A22000A00005A5852
:1069E0004356424E4D3C3E3F000000000020000058
:1069F0000000000000000000000000000000000097
:106A00000000000000000000000000000000002F57
:106A1000000000002A000000002D2B000A001B00CF
:106A20000000000000000000000000000000000066
:106A300000000000000000001F3230211322232438
:106A4000182526273433191A111420151731122F3F
:106A5000162E02030405060708090A0B2B6E0F10F9
:106A60003D0C0D1B1C1D2A2829013536371E70715F
:106A700072737475767778797A7B7C7D7E4B50550E
:106A80004C5156594F54535A5F64696A6C5D626742
:106A90005C61665B606563682D810000000000003A
:106AA00000000000000000000000000000000000E6
:106AB0000000000000000000006B00380000000033
:106AC00000000000000000000000000000000000C6
:106AD00000000000000000000000000000000000B6
:106AE00000000000000000000000000000000000A6
:106AF0000000000000000000000000000000000096
:106B00000000000000000000000000000000000085
:106B1000000000003A2C3C7F40393E80D9C0012063
:106B20000100000000000000000000000100000063
:106B3000000000000100000001000000D9C0012099
:106B40000100000001000000000000000100000042
:106B5000000000000100000001000000D9C0012079
:106B60000100000002000000000000000100000021
:106B7000000000000100000001000000DAC0012058
:106B8000080000000000010000000000FFFF0000FE
:106B900000000000FFFF000001000000DBC001203A
:106BA000080000000000010000000000FFFF0000DE
:106BB00000000000FFFF0000010000003031323310
:106BC0003435363738394142434445464030580021
:106BD0003031323334353637383961626364656653
:106BE00040307800040000080000000000000002AF
:106BF000000100001000000004FA97999999D93F0C
:106C0000AF788E1DC571CC3F9FC678D0099AC33F1F
:106C1000935555555555E53F599322942449D23FF4
:106C2000DE03CB966446C73F44523EDF12F1C23FBB
:106C3000000000000000000002400000000000A072
:106C40000000000005400000000000C80000000037
:106C50000C4000000000409C0000000019400000B3
:106C60000020BCBE0000000034400000BFC91B8EE5
:106C700000000004B5400000504BCFD06607E2CFC3
:106C8000010000006C4100003E8251AADFEEA734F3
:106C900001000000D9420000DCB5A0E23A301F97A5
:106CA000FFFFFFFFB4450000FD25A0C8E9A3C14FC9
:106CB000FFFFFFFFFF3F000000000080000000001A
:106CC000FF3F000000000080000000006D61696E61
:106CD0004170705461736B0064656661756C7454C7
:106CE00061736B0020204144523A20202B302C202D
:106CF000202B312C20202B322C20202B332C202019
:106D00002B342C20202B352C20202B362020202B00
:106D1000372C20202B382C20202B392C202B3130C5
:106D20002C202B31312C202B31322C202B31332CA9
:106D3000202B31342C202B31350A000030303030FC
:106D4000303A464646462C464646462C4646464639
:106D50002C464646462C464646462C464646462C3B
:106D6000464646462C464646462C464646462C4611
:106D70004646462C464646462C464646462C464601
:106D800046462C464646462C464646462C464646F1
:106D9000460A000025732C25642C25733A68616E21
:106DA0006420737769746368206D6F64652C666F07
:106DB0006F747377697463682070726573732C7372
:106DC000746F70204C6173657220656D69742072F8
:106DD00065712121210A000025732C25642C25735F
:106DE0003A666F6F7420737769746368206D6F649F
:106DF000652C666F6F7473776974636820756E7045
:106E0000726573732C73746F70204C61736572209C
:106E1000656D6974207265712121210A00000000EE
:106E2000426F6F744C6F616465723A436865636B5F
:106E300073756D20626F6F746C6F61642066616939
:106E40006C2C666C617368206372633A2530385825
:106E50002C2066696C65206372633A253038580AC5
:106E60002C47616D65204F7665722121210A000053
:106E7000426F6F744C6F616465723A6F6C6420632B
:106E80007263253038583A20616E64206E65772031
:106E90006372633A25303858206973206E6F74200E
:106EA00073616D652C6E65656420636F6E666972D3
:106EB0006D20757064617465210A0000426F6F7403
:106EC0004C6F616465723A46696C65202573206970
:106ED00073206F766572206C656E6774682C206312
:106EE0006C6F73652066696C6520616E6420756ED9
:106EF0006D6F756E74206469736B210A0000000069
:106F0000426F6F744C6F616465723A436865636B7E
:106F100073756D20626F6F746C6F61642070617344
:106F2000732C666C617368206372633A253038583D
:106F30002C2066696C65206372633A253038580AE4
:106F4000000000004653204E433A2531642C46533E
:106F5000204E4F3A2531642C45533A25642C494C38
:106F60003A2531642C46503A2531642C4C543A254C
:106F70003035642C48543A253035642C42543A2537
:106F80003035642C4D543A253035642C4650443A03
:106F9000253035642C4C50443A253035642C0000A3
:106FA00041383A253035642C41393A253035642C46
:106FB0004131303A253035642C4131313A25303574
:106FC000642C4131323A253035642C4131333A2535
:106FD0003035642C4131343A253035642C4131351B
:106FE0003A25303564000000436F6E74726F6C2078
:106FF0006572726F723A20476574204465766963E2
:107000006520636F6E66696775726174696F6E2063
:1070100064657363726970746F72207265717565EF
:107020007374206661696C6564000000436F6E7460
:10703000726F6C206572726F723A204765742044DB
:1070400065766963652044657363726970746F72F5
:10705000206661696C65642C2064617461206275CE
:10706000666665722073697A652069737375650059
:10707000436F6E74726F6C206572726F723A204744
:10708000657420537472696E672044657363726916
:1070900070746F72206661696C65642C2064617421
:1070A00061206275666665722073697A652069730E
:1070B00073756500436F6E74726F6C206572726FCA
:1070C000723A2047657420636F6E666967757261F6
:1070D00074696F6E2044657363726970746F722097
:1070E0006661696C65642C206461746120627566F8
:1070F0006665722073697A6520697373756500002F
:10710000415544494F00000043444300484944006E
:10711000436F6E74726F6C206572726F723A2047A3
:107120006574204849442044657363726970746FC4
:1071300072206661696C65642C20646174612062F0
:1071400075666665722073697A6520697373756503
:1071500000000000436F6E74726F6C206572726F76
:10716000723A2047657420484944205265706F7216
:10717000742044657363726970746F72206661690C
:107180006C65642C2064617461206275666665724A
:107190002073697A65206973737565004D534300E8
:1071A0004D545000204D545020646576696365202D
:1071B000696E666F2073697A6520657863656564BA
:1071C0007320696E7465726E616C206275666665A7
:1071D000722073697A652E20202020202020202014
:1071E0002020202020206F6E6C7920617661696CF0
:1071F00061626C6520646174612061726520646500
:10720000636F6465642E000084730408000000202E
:10721000F4000000200201087874040800C0012076
:107220000C0100002002010878740408F40000201A
:10723000949301003C020108847504080CC10120EC
:10724000781300003C020108000000000000F07FFD
:10725000FFFFFFFFFFFFEF7F1C0000004300000067
:10726000F8FFFFFF0C0000000E0000000F00000000
:107270002E0000001001000043000000F8FFFFFF97
:107280000040404040404040404041414141414039
:1072900040404040404040404040404040404040EE
:1072A000400502020202020202020202020202027D
:1072B0000220202020202020202020020202020282
:1072C00002029090909090901010101010101010DA
:1072D00010101010101010101010101002020202E6
:1072E000020288888888888808080808080808082A
:1072F0000808080808080808080808080202020226
:10730000400000000000000000000000000000003D
:10731000000000000000000000000000000000006D
:10732000000000000000000000000000000000005D
:10733000000000000000000000000000000000004D
:10734000000000000000000000000000000000003D
:10735000000000000000000000000000000000002D
:10736000000000000000000000000000000000001D
:10737000000000000000000000000000000000000D
:1073800000000000000000000000000000000000FD
:1073900000000000000000000000000000000000ED
:1073A000000000000000000000000000FFFF0000DF
:1073B0000000000000000000FFFF000000000000CF
:1073C0000000000000000000C016000000000000E7
:1073D0000000E205000000000000000000000000C6
:1073E000000000000000000000000000000000009D
:1073F0000000000000000000AAAAAAAA00000000E5
:1074000000000000000000000071040801000000FE
:10741000DBC20308D3C403086DC90308EDCE03081B
:1074200019CF0308000000000C71040803000000DD
:1074300055D70308CDD80308DFD9030807DB0308B5
:1074400081DD0308000000000000000000000000D3
:107450000000000000000000A07104080600000009
:1074600019F50308FFF6030875F70308B1FC0308D4
:107470002D020408000000000024F40000000000B9
:1074800000000000000000000000000000000000FC
:1074900000000000000000000000000000000000EC
:1074A000FFFF0000000000000000000000000000DE
:1074B00000000000000000000000000001000000CB
:1074C00010000000000000000000000000000000AC
:1074D00000000000000000000000000000000000AC
:1074E000000000000000000000000000000000009C
:1074F000000000000000000000000000000000008C
:10750000000000000000000000000000000000007B
:10751000000000000000000000000000000000006B
:1075200000000000000000000000000008710408D6
:107530000200000025D10308BBD2030831D30308A1
:10754000ABD4030855D6030800000000000000007B
:10755000000000000000000000000000000000002B
:10756000000000009C71040808000000DDE1030831
:1075700017E3030863E30308E9E30308FDE90308ED
:047580000000000007
:040000050801018964
:00000001FF
