L 1 "../Middlewares/Third_Party/FreeRTOS/Source/stream_buffer.c"
N/*
N * FreeRTOS Kernel V10.3.1
N * Copyright (C) 2020 Amazon.com, Inc. or its affiliates.  All Rights Reserved.
N *
N * Permission is hereby granted, free of charge, to any person obtaining a copy of
N * this software and associated documentation files (the "Software"), to deal in
N * the Software without restriction, including without limitation the rights to
N * use, copy, modify, merge, publish, distribute, sublicense, and/or sell copies of
N * the Software, and to permit persons to whom the Software is furnished to do so,
N * subject to the following conditions:
N *
N * The above copyright notice and this permission notice shall be included in all
N * copies or substantial portions of the Software.
N *
N * THE SOFTWARE IS PROVIDED "AS IS", WITHOUT WARRANTY OF ANY KIND, EXPRESS OR
N * IMPLIED, INCLUDING BUT NOT LIMITED TO THE WARRANTIES OF MERCHANTABILITY, FITNESS
N * FOR A PARTICULAR PURPOSE AND NONINFRINGEMENT. IN NO EVENT SHALL THE AUTHORS OR
N * COPYRIGHT HOLDERS BE LIABLE FOR ANY CLAIM, DAMAGES OR OTHER LIABILITY, WHETHER
N * IN AN ACTION OF CONTRACT, TORT OR OTHERWISE, ARISING FROM, OUT OF OR IN
N * CONNECTION WITH THE SOFTWARE OR THE USE OR OTHER DEALINGS IN THE SOFTWARE.
N *
N * http://www.FreeRTOS.org
N * http://aws.amazon.com/freertos
N *
N * 1 tab == 4 spaces!
N */
N
N/* Standard includes. */
N#include <stdint.h>
L 1 "C:\Keil_v5\ARM\ARMCC\Bin\..\include\stdint.h" 1
N/* Copyright (C) ARM Ltd., 1999,2014 */
N/* All rights reserved */
N
N/*
N * RCS $Revision$
N * Checkin $Date$
N * Revising $Author: agrant $
N */
N
N#ifndef __stdint_h
N#define __stdint_h
N#define __ARMCLIB_VERSION 5060044
N
N  #ifdef __INT64_TYPE__
S    /* armclang predefines '__INT64_TYPE__' and '__INT64_C_SUFFIX__' */
S    #define __INT64 __INT64_TYPE__
N  #else
N    /* armcc has builtin '__int64' which can be used in --strict mode */
N    #define __INT64 __int64
N    #define __INT64_C_SUFFIX__ ll
N  #endif
N  #define __PASTE2(x, y) x ## y
N  #define __PASTE(x, y) __PASTE2(x, y)
N  #define __INT64_C(x)  __ESCAPE__(__PASTE(x, __INT64_C_SUFFIX__))
N  #define __UINT64_C(x)  __ESCAPE__(__PASTE(x ## u, __INT64_C_SUFFIX__))
N  #if defined(__clang__) || (defined(__ARMCC_VERSION) && !defined(__STRICT_ANSI__))
X  #if 0L || (1L && !0L)
N    /* armclang and non-strict armcc allow 'long long' in system headers */
N    #define __LONGLONG long long
N  #else
S    /* strict armcc has '__int64' */
S    #define __LONGLONG __int64
N  #endif
N
N  #ifndef __STDINT_DECLS
N  #define __STDINT_DECLS
N
N    #undef __CLIBNS
N
N    #ifdef __cplusplus
S      namespace std {
S          #define __CLIBNS std::
S          extern "C" {
N    #else
N      #define __CLIBNS
N    #endif  /* __cplusplus */
N
N
N/*
N * 'signed' is redundant below, except for 'signed char' and if
N * the typedef is used to declare a bitfield.
N */
N
N    /* 7.18.1.1 */
N
N    /* exact-width signed integer types */
Ntypedef   signed          char int8_t;
Ntypedef   signed short     int int16_t;
Ntypedef   signed           int int32_t;
Ntypedef   signed       __INT64 int64_t;
Xtypedef   signed       __int64 int64_t;
N
N    /* exact-width unsigned integer types */
Ntypedef unsigned          char uint8_t;
Ntypedef unsigned short     int uint16_t;
Ntypedef unsigned           int uint32_t;
Ntypedef unsigned       __INT64 uint64_t;
Xtypedef unsigned       __int64 uint64_t;
N
N    /* 7.18.1.2 */
N
N    /* smallest type of at least n bits */
N    /* minimum-width signed integer types */
Ntypedef   signed          char int_least8_t;
Ntypedef   signed short     int int_least16_t;
Ntypedef   signed           int int_least32_t;
Ntypedef   signed       __INT64 int_least64_t;
Xtypedef   signed       __int64 int_least64_t;
N
N    /* minimum-width unsigned integer types */
Ntypedef unsigned          char uint_least8_t;
Ntypedef unsigned short     int uint_least16_t;
Ntypedef unsigned           int uint_least32_t;
Ntypedef unsigned       __INT64 uint_least64_t;
Xtypedef unsigned       __int64 uint_least64_t;
N
N    /* 7.18.1.3 */
N
N    /* fastest minimum-width signed integer types */
Ntypedef   signed           int int_fast8_t;
Ntypedef   signed           int int_fast16_t;
Ntypedef   signed           int int_fast32_t;
Ntypedef   signed       __INT64 int_fast64_t;
Xtypedef   signed       __int64 int_fast64_t;
N
N    /* fastest minimum-width unsigned integer types */
Ntypedef unsigned           int uint_fast8_t;
Ntypedef unsigned           int uint_fast16_t;
Ntypedef unsigned           int uint_fast32_t;
Ntypedef unsigned       __INT64 uint_fast64_t;
Xtypedef unsigned       __int64 uint_fast64_t;
N
N    /* 7.18.1.4 integer types capable of holding object pointers */
N#if __sizeof_ptr == 8
X#if 4 == 8
Stypedef   signed       __INT64 intptr_t;
Stypedef unsigned       __INT64 uintptr_t;
N#else
Ntypedef   signed           int intptr_t;
Ntypedef unsigned           int uintptr_t;
N#endif
N
N    /* 7.18.1.5 greatest-width integer types */
Ntypedef   signed     __LONGLONG intmax_t;
Xtypedef   signed     long long intmax_t;
Ntypedef unsigned     __LONGLONG uintmax_t;
Xtypedef unsigned     long long uintmax_t;
N
N
N#if !defined(__cplusplus) || defined(__STDC_LIMIT_MACROS)
X#if !0L || 0L
N
N    /* 7.18.2.1 */
N
N    /* minimum values of exact-width signed integer types */
N#define INT8_MIN                   -128
N#define INT16_MIN                -32768
N#define INT32_MIN          (~0x7fffffff)   /* -2147483648 is unsigned */
N#define INT64_MIN  __INT64_C(~0x7fffffffffffffff) /* -9223372036854775808 is unsigned */
N
N    /* maximum values of exact-width signed integer types */
N#define INT8_MAX                    127
N#define INT16_MAX                 32767
N#define INT32_MAX            2147483647
N#define INT64_MAX  __INT64_C(9223372036854775807)
N
N    /* maximum values of exact-width unsigned integer types */
N#define UINT8_MAX                   255
N#define UINT16_MAX                65535
N#define UINT32_MAX           4294967295u
N#define UINT64_MAX __UINT64_C(18446744073709551615)
N
N    /* 7.18.2.2 */
N
N    /* minimum values of minimum-width signed integer types */
N#define INT_LEAST8_MIN                   -128
N#define INT_LEAST16_MIN                -32768
N#define INT_LEAST32_MIN          (~0x7fffffff)
N#define INT_LEAST64_MIN  __INT64_C(~0x7fffffffffffffff)
N
N    /* maximum values of minimum-width signed integer types */
N#define INT_LEAST8_MAX                    127
N#define INT_LEAST16_MAX                 32767
N#define INT_LEAST32_MAX            2147483647
N#define INT_LEAST64_MAX  __INT64_C(9223372036854775807)
N
N    /* maximum values of minimum-width unsigned integer types */
N#define UINT_LEAST8_MAX                   255
N#define UINT_LEAST16_MAX                65535
N#define UINT_LEAST32_MAX           4294967295u
N#define UINT_LEAST64_MAX __UINT64_C(18446744073709551615)
N
N    /* 7.18.2.3 */
N
N    /* minimum values of fastest minimum-width signed integer types */
N#define INT_FAST8_MIN           (~0x7fffffff)
N#define INT_FAST16_MIN          (~0x7fffffff)
N#define INT_FAST32_MIN          (~0x7fffffff)
N#define INT_FAST64_MIN  __INT64_C(~0x7fffffffffffffff)
N
N    /* maximum values of fastest minimum-width signed integer types */
N#define INT_FAST8_MAX             2147483647
N#define INT_FAST16_MAX            2147483647
N#define INT_FAST32_MAX            2147483647
N#define INT_FAST64_MAX  __INT64_C(9223372036854775807)
N
N    /* maximum values of fastest minimum-width unsigned integer types */
N#define UINT_FAST8_MAX            4294967295u
N#define UINT_FAST16_MAX           4294967295u
N#define UINT_FAST32_MAX           4294967295u
N#define UINT_FAST64_MAX __UINT64_C(18446744073709551615)
N
N    /* 7.18.2.4 */
N
N    /* minimum value of pointer-holding signed integer type */
N#if __sizeof_ptr == 8
X#if 4 == 8
S#define INTPTR_MIN INT64_MIN
N#else
N#define INTPTR_MIN INT32_MIN
N#endif
N
N    /* maximum value of pointer-holding signed integer type */
N#if __sizeof_ptr == 8
X#if 4 == 8
S#define INTPTR_MAX INT64_MAX
N#else
N#define INTPTR_MAX INT32_MAX
N#endif
N
N    /* maximum value of pointer-holding unsigned integer type */
N#if __sizeof_ptr == 8
X#if 4 == 8
S#define UINTPTR_MAX UINT64_MAX
N#else
N#define UINTPTR_MAX UINT32_MAX
N#endif
N
N    /* 7.18.2.5 */
N
N    /* minimum value of greatest-width signed integer type */
N#define INTMAX_MIN  __ESCAPE__(~0x7fffffffffffffffll)
N
N    /* maximum value of greatest-width signed integer type */
N#define INTMAX_MAX  __ESCAPE__(9223372036854775807ll)
N
N    /* maximum value of greatest-width unsigned integer type */
N#define UINTMAX_MAX __ESCAPE__(18446744073709551615ull)
N
N    /* 7.18.3 */
N
N    /* limits of ptrdiff_t */
N#if __sizeof_ptr == 8
X#if 4 == 8
S#define PTRDIFF_MIN INT64_MIN
S#define PTRDIFF_MAX INT64_MAX
N#else
N#define PTRDIFF_MIN INT32_MIN
N#define PTRDIFF_MAX INT32_MAX
N#endif
N
N    /* limits of sig_atomic_t */
N#define SIG_ATOMIC_MIN (~0x7fffffff)
N#define SIG_ATOMIC_MAX   2147483647
N
N    /* limit of size_t */
N#if __sizeof_ptr == 8
X#if 4 == 8
S#define SIZE_MAX UINT64_MAX
N#else
N#define SIZE_MAX UINT32_MAX
N#endif
N
N    /* limits of wchar_t */
N    /* NB we have to undef and redef because they're defined in both
N     * stdint.h and wchar.h */
N#undef WCHAR_MIN
N#undef WCHAR_MAX
N
N#if defined(__WCHAR32) || (defined(__ARM_SIZEOF_WCHAR_T) && __ARM_SIZEOF_WCHAR_T == 4)
X#if 0L || (0L && __ARM_SIZEOF_WCHAR_T == 4)
S  #define WCHAR_MIN   0
S  #define WCHAR_MAX   0xffffffffU
N#else
N  #define WCHAR_MIN   0
N  #define WCHAR_MAX   65535
N#endif
N
N    /* limits of wint_t */
N#define WINT_MIN (~0x7fffffff)
N#define WINT_MAX 2147483647
N
N#endif /* __STDC_LIMIT_MACROS */
N
N#if !defined(__cplusplus) || defined(__STDC_CONSTANT_MACROS)
X#if !0L || 0L
N
N    /* 7.18.4.1 macros for minimum-width integer constants */
N#define INT8_C(x)   (x)
N#define INT16_C(x)  (x)
N#define INT32_C(x)  (x)
N#define INT64_C(x)  __INT64_C(x)
N
N#define UINT8_C(x)  (x ## u)
N#define UINT16_C(x) (x ## u)
N#define UINT32_C(x) (x ## u)
N#define UINT64_C(x) __UINT64_C(x)
N
N    /* 7.18.4.2 macros for greatest-width integer constants */
N#define INTMAX_C(x)  __ESCAPE__(x ## ll)
N#define UINTMAX_C(x) __ESCAPE__(x ## ull)
N
N#endif /* __STDC_CONSTANT_MACROS */
N
N    #ifdef __cplusplus
S         }  /* extern "C" */
S      }  /* namespace std */
N    #endif /* __cplusplus */
N  #endif /* __STDINT_DECLS */
N
N  #ifdef __cplusplus
S    #ifndef __STDINT_NO_EXPORTS
S      using ::std::int8_t;
S      using ::std::int16_t;
S      using ::std::int32_t;
S      using ::std::int64_t;
S      using ::std::uint8_t;
S      using ::std::uint16_t;
S      using ::std::uint32_t;
S      using ::std::uint64_t;
S      using ::std::int_least8_t;
S      using ::std::int_least16_t;
S      using ::std::int_least32_t;
S      using ::std::int_least64_t;
S      using ::std::uint_least8_t;
S      using ::std::uint_least16_t;
S      using ::std::uint_least32_t;
S      using ::std::uint_least64_t;
S      using ::std::int_fast8_t;
S      using ::std::int_fast16_t;
S      using ::std::int_fast32_t;
S      using ::std::int_fast64_t;
S      using ::std::uint_fast8_t;
S      using ::std::uint_fast16_t;
S      using ::std::uint_fast32_t;
S      using ::std::uint_fast64_t;
S      using ::std::intptr_t;
S      using ::std::uintptr_t;
S      using ::std::intmax_t;
S      using ::std::uintmax_t;
S    #endif
N  #endif /* __cplusplus */
N
N#undef __INT64
N#undef __LONGLONG
N
N#endif /* __stdint_h */
N
N/* end of stdint.h */
L 30 "../Middlewares/Third_Party/FreeRTOS/Source/stream_buffer.c" 2
N#include <string.h>
L 1 "C:\Keil_v5\ARM\ARMCC\Bin\..\include\string.h" 1
N/* string.h: ANSI 'C' (X3J11 Oct 88) library header, section 4.11 */
N/* Copyright (C) Codemist Ltd., 1988-1993.                        */
N/* Copyright 1991-1993 ARM Limited. All rights reserved.          */
N/* version 0.04 */
N
N/*
N * RCS $Revision$
N * Checkin $Date$
N */
N
N/*
N * string.h declares one type and several functions, and defines one macro
N * useful for manipulating character arrays and other objects treated as
N * character arrays. Various methods are used for determining the lengths of
N * the arrays, but in all cases a char * or void * argument points to the
N * initial (lowest addresses) character of the array. If an array is written
N * beyond the end of an object, the behaviour is undefined.
N */
N
N#ifndef __string_h
N#define __string_h
N#define __ARMCLIB_VERSION 5060044
N
N#define _ARMABI __declspec(__nothrow)
N
N  #ifndef __STRING_DECLS
N  #define __STRING_DECLS
N
N    #undef __CLIBNS
N
N    #ifdef __cplusplus
S        namespace std {
S        #define __CLIBNS std::
S        extern "C" {
N    #else
N      #define __CLIBNS
N    #endif  /* __cplusplus */
N
N#if defined(__cplusplus) || !defined(__STRICT_ANSI__)
X#if 0L || !0L
N /* unconditional in C++ and non-strict C for consistency of debug info */
N  #if __sizeof_ptr == 8
X  #if 4 == 8
S    typedef unsigned long size_t;   /* see <stddef.h> */
N  #else
N    typedef unsigned int size_t;   /* see <stddef.h> */
N  #endif
N#elif !defined(__size_t)
S  #define __size_t 1
S  #if __sizeof_ptr == 8
S    typedef unsigned long size_t;   /* see <stddef.h> */
S  #else
S    typedef unsigned int size_t;   /* see <stddef.h> */
S  #endif
N#endif
N
N#undef NULL
N#define NULL 0                   /* see <stddef.h> */
N
Nextern _ARMABI void *memcpy(void * __restrict /*s1*/,
Xextern __declspec(__nothrow) void *memcpy(void * __restrict  ,
N                    const void * __restrict /*s2*/, size_t /*n*/) __attribute__((__nonnull__(1,2)));
N   /*
N    * copies n characters from the object pointed to by s2 into the object
N    * pointed to by s1. If copying takes place between objects that overlap,
N    * the behaviour is undefined.
N    * Returns: the value of s1.
N    */
Nextern _ARMABI void *memmove(void * /*s1*/,
Xextern __declspec(__nothrow) void *memmove(void *  ,
N                    const void * /*s2*/, size_t /*n*/) __attribute__((__nonnull__(1,2)));
N   /*
N    * copies n characters from the object pointed to by s2 into the object
N    * pointed to by s1. Copying takes place as if the n characters from the
N    * object pointed to by s2 are first copied into a temporary array of n
N    * characters that does not overlap the objects pointed to by s1 and s2,
N    * and then the n characters from the temporary array are copied into the
N    * object pointed to by s1.
N    * Returns: the value of s1.
N    */
Nextern _ARMABI char *strcpy(char * __restrict /*s1*/, const char * __restrict /*s2*/) __attribute__((__nonnull__(1,2)));
Xextern __declspec(__nothrow) char *strcpy(char * __restrict  , const char * __restrict  ) __attribute__((__nonnull__(1,2)));
N   /*
N    * copies the string pointed to by s2 (including the terminating nul
N    * character) into the array pointed to by s1. If copying takes place
N    * between objects that overlap, the behaviour is undefined.
N    * Returns: the value of s1.
N    */
Nextern _ARMABI char *strncpy(char * __restrict /*s1*/, const char * __restrict /*s2*/, size_t /*n*/) __attribute__((__nonnull__(1,2)));
Xextern __declspec(__nothrow) char *strncpy(char * __restrict  , const char * __restrict  , size_t  ) __attribute__((__nonnull__(1,2)));
N   /*
N    * copies not more than n characters (characters that follow a null
N    * character are not copied) from the array pointed to by s2 into the array
N    * pointed to by s1. If copying takes place between objects that overlap,
N    * the behaviour is undefined.
N    * Returns: the value of s1.
N    */
N
Nextern _ARMABI char *strcat(char * __restrict /*s1*/, const char * __restrict /*s2*/) __attribute__((__nonnull__(1,2)));
Xextern __declspec(__nothrow) char *strcat(char * __restrict  , const char * __restrict  ) __attribute__((__nonnull__(1,2)));
N   /*
N    * appends a copy of the string pointed to by s2 (including the terminating
N    * null character) to the end of the string pointed to by s1. The initial
N    * character of s2 overwrites the null character at the end of s1.
N    * Returns: the value of s1.
N    */
Nextern _ARMABI char *strncat(char * __restrict /*s1*/, const char * __restrict /*s2*/, size_t /*n*/) __attribute__((__nonnull__(1,2)));
Xextern __declspec(__nothrow) char *strncat(char * __restrict  , const char * __restrict  , size_t  ) __attribute__((__nonnull__(1,2)));
N   /*
N    * appends not more than n characters (a null character and characters that
N    * follow it are not appended) from the array pointed to by s2 to the end of
N    * the string pointed to by s1. The initial character of s2 overwrites the
N    * null character at the end of s1. A terminating null character is always
N    * appended to the result.
N    * Returns: the value of s1.
N    */
N
N/*
N * The sign of a nonzero value returned by the comparison functions is
N * determined by the sign of the difference between the values of the first
N * pair of characters (both interpreted as unsigned char) that differ in the
N * objects being compared.
N */
N
Nextern _ARMABI int memcmp(const void * /*s1*/, const void * /*s2*/, size_t /*n*/) __attribute__((__nonnull__(1,2)));
Xextern __declspec(__nothrow) int memcmp(const void *  , const void *  , size_t  ) __attribute__((__nonnull__(1,2)));
N   /*
N    * compares the first n characters of the object pointed to by s1 to the
N    * first n characters of the object pointed to by s2.
N    * Returns: an integer greater than, equal to, or less than zero, according
N    *          as the object pointed to by s1 is greater than, equal to, or
N    *          less than the object pointed to by s2.
N    */
Nextern _ARMABI int strcmp(const char * /*s1*/, const char * /*s2*/) __attribute__((__nonnull__(1,2)));
Xextern __declspec(__nothrow) int strcmp(const char *  , const char *  ) __attribute__((__nonnull__(1,2)));
N   /*
N    * compares the string pointed to by s1 to the string pointed to by s2.
N    * Returns: an integer greater than, equal to, or less than zero, according
N    *          as the string pointed to by s1 is greater than, equal to, or
N    *          less than the string pointed to by s2.
N    */
Nextern _ARMABI int strncmp(const char * /*s1*/, const char * /*s2*/, size_t /*n*/) __attribute__((__nonnull__(1,2)));
Xextern __declspec(__nothrow) int strncmp(const char *  , const char *  , size_t  ) __attribute__((__nonnull__(1,2)));
N   /*
N    * compares not more than n characters (characters that follow a null
N    * character are not compared) from the array pointed to by s1 to the array
N    * pointed to by s2.
N    * Returns: an integer greater than, equal to, or less than zero, according
N    *          as the string pointed to by s1 is greater than, equal to, or
N    *          less than the string pointed to by s2.
N    */
Nextern _ARMABI int strcasecmp(const char * /*s1*/, const char * /*s2*/) __attribute__((__nonnull__(1,2)));
Xextern __declspec(__nothrow) int strcasecmp(const char *  , const char *  ) __attribute__((__nonnull__(1,2)));
N   /*
N    * compares the string pointed to by s1 to the string pointed to by s2,
N    * case-insensitively as defined by the current locale.
N    * Returns: an integer greater than, equal to, or less than zero, according
N    *          as the string pointed to by s1 is greater than, equal to, or
N    *          less than the string pointed to by s2.
N    */
Nextern _ARMABI int strncasecmp(const char * /*s1*/, const char * /*s2*/, size_t /*n*/) __attribute__((__nonnull__(1,2)));
Xextern __declspec(__nothrow) int strncasecmp(const char *  , const char *  , size_t  ) __attribute__((__nonnull__(1,2)));
N   /*
N    * compares not more than n characters (characters that follow a null
N    * character are not compared) from the array pointed to by s1 to the array
N    * pointed to by s2, case-insensitively as defined by the current locale.
N    * Returns: an integer greater than, equal to, or less than zero, according
N    *          as the string pointed to by s1 is greater than, equal to, or
N    *          less than the string pointed to by s2.
N    */
Nextern _ARMABI int strcoll(const char * /*s1*/, const char * /*s2*/) __attribute__((__nonnull__(1,2)));
Xextern __declspec(__nothrow) int strcoll(const char *  , const char *  ) __attribute__((__nonnull__(1,2)));
N   /*
N    * compares the string pointed to by s1 to the string pointed to by s2, both
N    * interpreted as appropriate to the LC_COLLATE category of the current
N    * locale.
N    * Returns: an integer greater than, equal to, or less than zero, according
N    *          as the string pointed to by s1 is greater than, equal to, or
N    *          less than the string pointed to by s2 when both are interpreted
N    *          as appropriate to the current locale.
N    */
N
Nextern _ARMABI size_t strxfrm(char * __restrict /*s1*/, const char * __restrict /*s2*/, size_t /*n*/) __attribute__((__nonnull__(2)));
Xextern __declspec(__nothrow) size_t strxfrm(char * __restrict  , const char * __restrict  , size_t  ) __attribute__((__nonnull__(2)));
N   /*
N    * transforms the string pointed to by s2 and places the resulting string
N    * into the array pointed to by s1. The transformation function is such that
N    * if the strcmp function is applied to two transformed strings, it returns
N    * a value greater than, equal to or less than zero, corresponding to the
N    * result of the strcoll function applied to the same two original strings.
N    * No more than n characters are placed into the resulting array pointed to
N    * by s1, including the terminating null character. If n is zero, s1 is
N    * permitted to be a null pointer. If copying takes place between objects
N    * that overlap, the behaviour is undefined.
N    * Returns: The length of the transformed string is returned (not including
N    *          the terminating null character). If the value returned is n or
N    *          more, the contents of the array pointed to by s1 are
N    *          indeterminate.
N    */
N
N
N#ifdef __cplusplus
Sextern _ARMABI const void *memchr(const void * /*s*/, int /*c*/, size_t /*n*/) __attribute__((__nonnull__(1)));
Sextern "C++" void *memchr(void * __s, int __c, size_t __n) __attribute__((__nonnull__(1)));
Sextern "C++" inline void *memchr(void * __s, int __c, size_t __n)
S    { return const_cast<void *>(memchr(const_cast<const void *>(__s), __c, __n)); }
N#else
Nextern _ARMABI void *memchr(const void * /*s*/, int /*c*/, size_t /*n*/) __attribute__((__nonnull__(1)));
Xextern __declspec(__nothrow) void *memchr(const void *  , int  , size_t  ) __attribute__((__nonnull__(1)));
N#endif
N   /*
N    * locates the first occurence of c (converted to an unsigned char) in the
N    * initial n characters (each interpreted as unsigned char) of the object
N    * pointed to by s.
N    * Returns: a pointer to the located character, or a null pointer if the
N    *          character does not occur in the object.
N    */
N
N#ifdef __cplusplus
Sextern _ARMABI const char *strchr(const char * /*s*/, int /*c*/) __attribute__((__nonnull__(1)));
Sextern "C++" char *strchr(char * __s, int __c) __attribute__((__nonnull__(1)));
Sextern "C++" inline char *strchr(char * __s, int __c)
S    { return const_cast<char *>(strchr(const_cast<const char *>(__s), __c)); }
N#else
Nextern _ARMABI char *strchr(const char * /*s*/, int /*c*/) __attribute__((__nonnull__(1)));
Xextern __declspec(__nothrow) char *strchr(const char *  , int  ) __attribute__((__nonnull__(1)));
N#endif
N   /*
N    * locates the first occurence of c (converted to an char) in the string
N    * pointed to by s (including the terminating null character).
N    * Returns: a pointer to the located character, or a null pointer if the
N    *          character does not occur in the string.
N    */
N
Nextern _ARMABI size_t strcspn(const char * /*s1*/, const char * /*s2*/) __attribute__((__nonnull__(1,2)));
Xextern __declspec(__nothrow) size_t strcspn(const char *  , const char *  ) __attribute__((__nonnull__(1,2)));
N   /*
N    * computes the length of the initial segment of the string pointed to by s1
N    * which consists entirely of characters not from the string pointed to by
N    * s2. The terminating null character is not considered part of s2.
N    * Returns: the length of the segment.
N    */
N
N#ifdef __cplusplus
Sextern _ARMABI const char *strpbrk(const char * /*s1*/, const char * /*s2*/) __attribute__((__nonnull__(1,2)));
Sextern "C++" char *strpbrk(char * __s1, const char * __s2) __attribute__((__nonnull__(1,2)));
Sextern "C++" inline char *strpbrk(char * __s1, const char * __s2)
S    { return const_cast<char *>(strpbrk(const_cast<const char *>(__s1), __s2)); }
N#else
Nextern _ARMABI char *strpbrk(const char * /*s1*/, const char * /*s2*/) __attribute__((__nonnull__(1,2)));
Xextern __declspec(__nothrow) char *strpbrk(const char *  , const char *  ) __attribute__((__nonnull__(1,2)));
N#endif
N   /*
N    * locates the first occurence in the string pointed to by s1 of any
N    * character from the string pointed to by s2.
N    * Returns: returns a pointer to the character, or a null pointer if no
N    *          character form s2 occurs in s1.
N    */
N
N#ifdef __cplusplus
Sextern _ARMABI const char *strrchr(const char * /*s*/, int /*c*/) __attribute__((__nonnull__(1)));
Sextern "C++" char *strrchr(char * __s, int __c) __attribute__((__nonnull__(1)));
Sextern "C++" inline char *strrchr(char * __s, int __c)
S    { return const_cast<char *>(strrchr(const_cast<const char *>(__s), __c)); }
N#else
Nextern _ARMABI char *strrchr(const char * /*s*/, int /*c*/) __attribute__((__nonnull__(1)));
Xextern __declspec(__nothrow) char *strrchr(const char *  , int  ) __attribute__((__nonnull__(1)));
N#endif
N   /*
N    * locates the last occurence of c (converted to a char) in the string
N    * pointed to by s. The terminating null character is considered part of
N    * the string.
N    * Returns: returns a pointer to the character, or a null pointer if c does
N    *          not occur in the string.
N    */
N
Nextern _ARMABI size_t strspn(const char * /*s1*/, const char * /*s2*/) __attribute__((__nonnull__(1,2)));
Xextern __declspec(__nothrow) size_t strspn(const char *  , const char *  ) __attribute__((__nonnull__(1,2)));
N   /*
N    * computes the length of the initial segment of the string pointed to by s1
N    * which consists entirely of characters from the string pointed to by S2
N    * Returns: the length of the segment.
N    */
N
N#ifdef __cplusplus
Sextern _ARMABI const char *strstr(const char * /*s1*/, const char * /*s2*/) __attribute__((__nonnull__(1,2)));
Sextern "C++" char *strstr(char * __s1, const char * __s2) __attribute__((__nonnull__(1,2)));
Sextern "C++" inline char *strstr(char * __s1, const char * __s2)
S    { return const_cast<char *>(strstr(const_cast<const char *>(__s1), __s2)); }
N#else
Nextern _ARMABI char *strstr(const char * /*s1*/, const char * /*s2*/) __attribute__((__nonnull__(1,2)));
Xextern __declspec(__nothrow) char *strstr(const char *  , const char *  ) __attribute__((__nonnull__(1,2)));
N#endif
N   /*
N    * locates the first occurence in the string pointed to by s1 of the
N    * sequence of characters (excluding the terminating null character) in the
N    * string pointed to by s2.
N    * Returns: a pointer to the located string, or a null pointer if the string
N    *          is not found.
N    */
N
Nextern _ARMABI char *strtok(char * __restrict /*s1*/, const char * __restrict /*s2*/) __attribute__((__nonnull__(2)));
Xextern __declspec(__nothrow) char *strtok(char * __restrict  , const char * __restrict  ) __attribute__((__nonnull__(2)));
Nextern _ARMABI char *_strtok_r(char * /*s1*/, const char * /*s2*/, char ** /*ptr*/) __attribute__((__nonnull__(2,3)));
Xextern __declspec(__nothrow) char *_strtok_r(char *  , const char *  , char **  ) __attribute__((__nonnull__(2,3)));
N#ifndef __STRICT_ANSI__
Nextern _ARMABI char *strtok_r(char * /*s1*/, const char * /*s2*/, char ** /*ptr*/) __attribute__((__nonnull__(2,3)));
Xextern __declspec(__nothrow) char *strtok_r(char *  , const char *  , char **  ) __attribute__((__nonnull__(2,3)));
N#endif
N   /*
N    * A sequence of calls to the strtok function breaks the string pointed to
N    * by s1 into a sequence of tokens, each of which is delimited by a
N    * character from the string pointed to by s2. The first call in the
N    * sequence has s1 as its first argument, and is followed by calls with a
N    * null pointer as their first argument. The separator string pointed to by
N    * s2 may be different from call to call.
N    * The first call in the sequence searches for the first character that is
N    * not contained in the current separator string s2. If no such character
N    * is found, then there are no tokens in s1 and the strtok function returns
N    * a null pointer. If such a character is found, it is the start of the
N    * first token.
N    * The strtok function then searches from there for a character that is
N    * contained in the current separator string. If no such character is found,
N    * the current token extends to the end of the string pointed to by s1, and
N    * subsequent searches for a token will fail. If such a character is found,
N    * it is overwritten by a null character, which terminates the current
N    * token. The strtok function saves a pointer to the following character,
N    * from which the next search for a token will start.
N    * Each subsequent call, with a null pointer as the value for the first
N    * argument, starts searching from the saved pointer and behaves as
N    * described above.
N    * Returns: pointer to the first character of a token, or a null pointer if
N    *          there is no token.
N    *
N    * strtok_r() is a common extension which works exactly like
N    * strtok(), but instead of storing its state in a hidden
N    * library variable, requires the user to pass in a pointer to a
N    * char * variable which will be used instead. Any sequence of
N    * calls to strtok_r() passing the same char ** pointer should
N    * behave exactly like the corresponding sequence of calls to
N    * strtok(). This means that strtok_r() can safely be used in
N    * multi-threaded programs, and also that you can tokenise two
N    * strings in parallel.
N    */
N
Nextern _ARMABI void *memset(void * /*s*/, int /*c*/, size_t /*n*/) __attribute__((__nonnull__(1)));
Xextern __declspec(__nothrow) void *memset(void *  , int  , size_t  ) __attribute__((__nonnull__(1)));
N   /*
N    * copies the value of c (converted to an unsigned char) into each of the
N    * first n charactes of the object pointed to by s.
N    * Returns: the value of s.
N    */
Nextern _ARMABI char *strerror(int /*errnum*/);
Xextern __declspec(__nothrow) char *strerror(int  );
N   /*
N    * maps the error number in errnum to an error message string.
N    * Returns: a pointer to the string, the contents of which are
N    *          implementation-defined. The array pointed to shall not be
N    *          modified by the program, but may be overwritten by a
N    *          subsequent call to the strerror function.
N    */
Nextern _ARMABI size_t strlen(const char * /*s*/) __attribute__((__nonnull__(1)));
Xextern __declspec(__nothrow) size_t strlen(const char *  ) __attribute__((__nonnull__(1)));
N   /*
N    * computes the length of the string pointed to by s.
N    * Returns: the number of characters that precede the terminating null
N    *          character.
N    */
N
Nextern _ARMABI size_t strlcpy(char * /*dst*/, const char * /*src*/, size_t /*len*/) __attribute__((__nonnull__(1,2)));
Xextern __declspec(__nothrow) size_t strlcpy(char *  , const char *  , size_t  ) __attribute__((__nonnull__(1,2)));
N   /*
N    * copies the string src into the string dst, using no more than
N    * len bytes of dst. Always null-terminates dst _within the
N    * length len (i.e. will copy at most len-1 bytes of string plus
N    * a NUL), unless len is actually zero.
N    * 
N    * Return value is the length of the string that _would_ have
N    * been written, i.e. the length of src. Thus, the operation
N    * succeeded without truncation if and only if ret < len;
N    * otherwise, the value in ret tells you how big to make dst if
N    * you decide to reallocate it. (That value does _not_ include
N    * the NUL.)
N    * 
N    * This is a BSD-derived library extension, which we are
N    * permitted to declare in a standard header because ISO defines
N    * function names beginning with 'str' as reserved for future
N    * expansion of <string.h>.
N    */
N
Nextern _ARMABI size_t strlcat(char * /*dst*/, const char * /*src*/, size_t /*len*/) __attribute__((__nonnull__(1,2)));
Xextern __declspec(__nothrow) size_t strlcat(char *  , const char *  , size_t  ) __attribute__((__nonnull__(1,2)));
N   /*
N    * concatenates the string src to the string dst, using no more
N    * than len bytes of dst. Always null-terminates dst _within the
N    * length len (i.e. will copy at most len-1 bytes of string plus
N    * a NUL), unless len is actually zero.
N    * 
N    * Return value is the length of the string that _would_ have
N    * been written, i.e. the length of src plus the original length
N    * of dst. Thus, the operation succeeded without truncation if
N    * and only if ret < len; otherwise, the value in ret tells you
N    * how big to make dst if you decide to reallocate it. (That
N    * value does _not_ include the NUL.)
N    * 
N    * If no NUL is encountered within the first len bytes of dst,
N    * then the length of dst is considered to have been equal to
N    * len for the purposes of the return value (as if there were a
N    * NUL at dst[len]). Thus, the return value in this case is len
N    * + strlen(src).
N    * 
N    * This is a BSD-derived library extension, which we are
N    * permitted to declare in a standard header because ISO defines
N    * function names beginning with 'str' as reserved for future
N    * expansion of <string.h>.
N    */
N
Nextern _ARMABI void _membitcpybl(void * /*dest*/, const void * /*src*/, int /*destoffset*/, int /*srcoffset*/, size_t /*nbits*/) __attribute__((__nonnull__(1,2)));
Xextern __declspec(__nothrow) void _membitcpybl(void *  , const void *  , int  , int  , size_t  ) __attribute__((__nonnull__(1,2)));
Nextern _ARMABI void _membitcpybb(void * /*dest*/, const void * /*src*/, int /*destoffset*/, int /*srcoffset*/, size_t /*nbits*/) __attribute__((__nonnull__(1,2)));
Xextern __declspec(__nothrow) void _membitcpybb(void *  , const void *  , int  , int  , size_t  ) __attribute__((__nonnull__(1,2)));
Nextern _ARMABI void _membitcpyhl(void * /*dest*/, const void * /*src*/, int /*destoffset*/, int /*srcoffset*/, size_t /*nbits*/) __attribute__((__nonnull__(1,2)));
Xextern __declspec(__nothrow) void _membitcpyhl(void *  , const void *  , int  , int  , size_t  ) __attribute__((__nonnull__(1,2)));
Nextern _ARMABI void _membitcpyhb(void * /*dest*/, const void * /*src*/, int /*destoffset*/, int /*srcoffset*/, size_t /*nbits*/) __attribute__((__nonnull__(1,2)));
Xextern __declspec(__nothrow) void _membitcpyhb(void *  , const void *  , int  , int  , size_t  ) __attribute__((__nonnull__(1,2)));
Nextern _ARMABI void _membitcpywl(void * /*dest*/, const void * /*src*/, int /*destoffset*/, int /*srcoffset*/, size_t /*nbits*/) __attribute__((__nonnull__(1,2)));
Xextern __declspec(__nothrow) void _membitcpywl(void *  , const void *  , int  , int  , size_t  ) __attribute__((__nonnull__(1,2)));
Nextern _ARMABI void _membitcpywb(void * /*dest*/, const void * /*src*/, int /*destoffset*/, int /*srcoffset*/, size_t /*nbits*/) __attribute__((__nonnull__(1,2)));
Xextern __declspec(__nothrow) void _membitcpywb(void *  , const void *  , int  , int  , size_t  ) __attribute__((__nonnull__(1,2)));
Nextern _ARMABI void _membitmovebl(void * /*dest*/, const void * /*src*/, int /*destoffset*/, int /*srcoffset*/, size_t /*nbits*/) __attribute__((__nonnull__(1,2)));
Xextern __declspec(__nothrow) void _membitmovebl(void *  , const void *  , int  , int  , size_t  ) __attribute__((__nonnull__(1,2)));
Nextern _ARMABI void _membitmovebb(void * /*dest*/, const void * /*src*/, int /*destoffset*/, int /*srcoffset*/, size_t /*nbits*/) __attribute__((__nonnull__(1,2)));
Xextern __declspec(__nothrow) void _membitmovebb(void *  , const void *  , int  , int  , size_t  ) __attribute__((__nonnull__(1,2)));
Nextern _ARMABI void _membitmovehl(void * /*dest*/, const void * /*src*/, int /*destoffset*/, int /*srcoffset*/, size_t /*nbits*/) __attribute__((__nonnull__(1,2)));
Xextern __declspec(__nothrow) void _membitmovehl(void *  , const void *  , int  , int  , size_t  ) __attribute__((__nonnull__(1,2)));
Nextern _ARMABI void _membitmovehb(void * /*dest*/, const void * /*src*/, int /*destoffset*/, int /*srcoffset*/, size_t /*nbits*/) __attribute__((__nonnull__(1,2)));
Xextern __declspec(__nothrow) void _membitmovehb(void *  , const void *  , int  , int  , size_t  ) __attribute__((__nonnull__(1,2)));
Nextern _ARMABI void _membitmovewl(void * /*dest*/, const void * /*src*/, int /*destoffset*/, int /*srcoffset*/, size_t /*nbits*/) __attribute__((__nonnull__(1,2)));
Xextern __declspec(__nothrow) void _membitmovewl(void *  , const void *  , int  , int  , size_t  ) __attribute__((__nonnull__(1,2)));
Nextern _ARMABI void _membitmovewb(void * /*dest*/, const void * /*src*/, int /*destoffset*/, int /*srcoffset*/, size_t /*nbits*/) __attribute__((__nonnull__(1,2)));
Xextern __declspec(__nothrow) void _membitmovewb(void *  , const void *  , int  , int  , size_t  ) __attribute__((__nonnull__(1,2)));
N    /*
N     * Copies or moves a piece of memory from one place to another,
N     * with one-bit granularity. So you can start or finish a copy
N     * part way through a byte, and you can copy between regions
N     * with different alignment within a byte.
N     * 
N     * All these functions have the same prototype: two void *
N     * pointers for destination and source, then two integers
N     * giving the bit offset from those pointers, and finally the
N     * number of bits to copy.
N     * 
N     * Just like memcpy and memmove, the "cpy" functions copy as
N     * fast as they can in the assumption that the memory regions
N     * do not overlap, while the "move" functions cope correctly
N     * with overlap.
N     *
N     * Treating memory as a stream of individual bits requires
N     * defining a convention about what order those bits are
N     * considered to be arranged in. The above functions support
N     * multiple conventions:
N     * 
N     *  - the "bl" functions consider the unit of memory to be the
N     *    byte, and consider the bits within each byte to be
N     *    arranged in little-endian fashion, so that the LSB comes
N     *    first. (For example, membitcpybl(a,b,0,7,1) would copy
N     *    the MSB of the byte at b to the LSB of the byte at a.)
N     * 
N     *  - the "bb" functions consider the unit of memory to be the
N     *    byte, and consider the bits within each byte to be
N     *    arranged in big-endian fashion, so that the MSB comes
N     *    first.
N     * 
N     *  - the "hl" functions consider the unit of memory to be the
N     *    16-bit halfword, and consider the bits within each word
N     *    to be arranged in little-endian fashion.
N     * 
N     *  - the "hb" functions consider the unit of memory to be the
N     *    16-bit halfword, and consider the bits within each word
N     *    to be arranged in big-endian fashion.
N     * 
N     *  - the "wl" functions consider the unit of memory to be the
N     *    32-bit word, and consider the bits within each word to be
N     *    arranged in little-endian fashion.
N     * 
N     *  - the "wb" functions consider the unit of memory to be the
N     *    32-bit word, and consider the bits within each word to be
N     *    arranged in big-endian fashion.
N     */
N
N    #ifdef __cplusplus
S         }  /* extern "C" */
S      }  /* namespace std */
N    #endif /* __cplusplus */
N  #endif /* __STRING_DECLS */
N
N  #ifdef __cplusplus
S    #ifndef __STRING_NO_EXPORTS
S      using ::std::size_t;
S      using ::std::memcpy;
S      using ::std::memmove;
S      using ::std::strcpy;
S      using ::std::strncpy;
S      using ::std::strcat;
S      using ::std::strncat;
S      using ::std::memcmp;
S      using ::std::strcmp;
S      using ::std::strncmp;
S      using ::std::strcasecmp;
S      using ::std::strncasecmp;
S      using ::std::strcoll;
S      using ::std::strxfrm;
S      using ::std::memchr;
S      using ::std::strchr;
S      using ::std::strcspn;
S      using ::std::strpbrk;
S      using ::std::strrchr;
S      using ::std::strspn;
S      using ::std::strstr;
S      using ::std::strtok;
S#ifndef __STRICT_ANSI__
S      using ::std::strtok_r;
S#endif
S      using ::std::_strtok_r;
S      using ::std::memset;
S      using ::std::strerror;
S      using ::std::strlen;
S      using ::std::strlcpy;
S      using ::std::strlcat;
S      using ::std::_membitcpybl;
S      using ::std::_membitcpybb;
S      using ::std::_membitcpyhl;
S      using ::std::_membitcpyhb;
S      using ::std::_membitcpywl;
S      using ::std::_membitcpywb;
S      using ::std::_membitmovebl;
S      using ::std::_membitmovebb;
S      using ::std::_membitmovehl;
S      using ::std::_membitmovehb;
S      using ::std::_membitmovewl;
S      using ::std::_membitmovewb;
S    #endif /* __STRING_NO_EXPORTS */
N  #endif /* __cplusplus */
N
N#endif
N
N/* end of string.h */
N
L 31 "../Middlewares/Third_Party/FreeRTOS/Source/stream_buffer.c" 2
N
N/* Defining MPU_WRAPPERS_INCLUDED_FROM_API_FILE prevents task.h from redefining
Nall the API functions to use the MPU wrappers.  That should only be done when
Ntask.h is included from an application file. */
N#define MPU_WRAPPERS_INCLUDED_FROM_API_FILE
N
N/* FreeRTOS includes. */
N#include "FreeRTOS.h"
L 1 "../Middlewares/Third_Party/FreeRTOS/Source/include/FreeRTOS.h" 1
N/*
N * FreeRTOS Kernel V10.3.1
N * Copyright (C) 2020 Amazon.com, Inc. or its affiliates.  All Rights Reserved.
N *
N * Permission is hereby granted, free of charge, to any person obtaining a copy of
N * this software and associated documentation files (the "Software"), to deal in
N * the Software without restriction, including without limitation the rights to
N * use, copy, modify, merge, publish, distribute, sublicense, and/or sell copies of
N * the Software, and to permit persons to whom the Software is furnished to do so,
N * subject to the following conditions:
N *
N * The above copyright notice and this permission notice shall be included in all
N * copies or substantial portions of the Software.
N *
N * THE SOFTWARE IS PROVIDED "AS IS", WITHOUT WARRANTY OF ANY KIND, EXPRESS OR
N * IMPLIED, INCLUDING BUT NOT LIMITED TO THE WARRANTIES OF MERCHANTABILITY, FITNESS
N * FOR A PARTICULAR PURPOSE AND NONINFRINGEMENT. IN NO EVENT SHALL THE AUTHORS OR
N * COPYRIGHT HOLDERS BE LIABLE FOR ANY CLAIM, DAMAGES OR OTHER LIABILITY, WHETHER
N * IN AN ACTION OF CONTRACT, TORT OR OTHERWISE, ARISING FROM, OUT OF OR IN
N * CONNECTION WITH THE SOFTWARE OR THE USE OR OTHER DEALINGS IN THE SOFTWARE.
N *
N * http://www.FreeRTOS.org
N * http://aws.amazon.com/freertos
N *
N * 1 tab == 4 spaces!
N */
N
N#ifndef INC_FREERTOS_H
N#define INC_FREERTOS_H
N
N/*
N * Include the generic headers required for the FreeRTOS port being used.
N */
N#include <stddef.h>
L 1 "C:\Keil_v5\ARM\ARMCC\Bin\..\include\stddef.h" 1
N/* stddef.h: ANSI 'C' (X3J11 Oct 88) library header, section 4.1.4 */
N
N/* Copyright (C) ARM Ltd., 1999
N * All rights reserved
N * RCS $Revision$
N * Checkin $Date$
N * Revising $Author: agrant $
N */
N
N/* Copyright (C) Codemist Ltd., 1988                            */
N/* Copyright 1991 ARM Limited. All rights reserved.             */
N/* version 0.05 */
N
N/*
N * The following types and macros are defined in several headers referred to in
N * the descriptions of the functions declared in that header. They are also
N * defined in this header file.
N */
N
N#ifndef __stddef_h
N#define __stddef_h
N#define __ARMCLIB_VERSION 5060044
N
N  #ifndef __STDDEF_DECLS
N  #define __STDDEF_DECLS
N    #undef __CLIBNS
N    #ifdef __cplusplus
S        namespace std {
S        #define __CLIBNS ::std::
S        extern "C" {
N    #else
N      #define __CLIBNS
N    #endif  /* __cplusplus */
N
N#if __sizeof_ptr == 8
X#if 4 == 8
S  typedef signed long ptrdiff_t;
N#else
N  typedef signed int ptrdiff_t;
N#endif
N
N#if defined(__cplusplus) || !defined(__STRICT_ANSI__)
X#if 0L || !0L
N /* unconditional in C++ and non-strict C for consistency of debug info */
N  #if __sizeof_ptr == 8
X  #if 4 == 8
S    typedef unsigned long size_t;   /* see <stddef.h> */
N  #else
N    typedef unsigned int size_t;   /* see <stddef.h> */
N  #endif
N#elif !defined(__size_t)
S  #define __size_t 1
S  #if __sizeof_ptr == 8
S    typedef unsigned long size_t;   /* see <stddef.h> */
S  #else
S    typedef unsigned int size_t;   /* see <stddef.h> */
S  #endif
S   /* the unsigned integral type of the result of the sizeof operator. */
N#endif
N
N#ifndef __cplusplus  /* wchar_t is a builtin type for C++ */
N  #if !defined(__STRICT_ANSI__)
X  #if !0L
N  /* unconditional in non-strict C for consistency of debug info */
N    #if defined(__WCHAR32) || (defined(__ARM_SIZEOF_WCHAR_T) && __ARM_SIZEOF_WCHAR_T == 4)
X    #if 0L || (0L && __ARM_SIZEOF_WCHAR_T == 4)
S      typedef unsigned int wchar_t; /* also in <stdlib.h> and <inttypes.h> */
N    #else
N      typedef unsigned short wchar_t; /* also in <stdlib.h> and <inttypes.h> */
N    #endif
N  #elif !defined(__wchar_t)
S    #define __wchar_t 1
S    #if defined(__WCHAR32) || (defined(__ARM_SIZEOF_WCHAR_T) && __ARM_SIZEOF_WCHAR_T == 4)
S      typedef unsigned int wchar_t; /* also in <stdlib.h> and <inttypes.h> */
S    #else
S      typedef unsigned short wchar_t; /* also in <stdlib.h> and <inttypes.h> */
S    #endif
S   /*
S    * An integral type whose range of values can represent distinct codes for
S    * all members of the largest extended character set specified among the
S    * supported locales; the null character shall have the code value zero and
S    * each member of the basic character set shall have a code value when used
S    * as the lone character in an integer character constant.
S    */
N  #endif
N#endif
N
N#undef NULL  /* others (e.g. <stdio.h>) also define */
N#define NULL 0
N   /* null pointer constant. */
N
N#ifdef __clang__
S  #define offsetof(t, d) __builtin_offsetof(t, d)
N#else
N  /* EDG uses __INTADDR__ to avoid errors when strict */
N  #define offsetof(t, memb) ((__CLIBNS size_t)__INTADDR__(&(((t *)0)->memb)))
N#endif
N
N#if !defined(__STRICT_ANSI__) || (defined(__STDC_VERSION__) && 201112L <= __STDC_VERSION__) || (defined(__cplusplus) && 201103L <= __cplusplus)
X#if !0L || (1L && 201112L <= 199901L) || (0L && 201103L <= __cplusplus)
N  typedef long double max_align_t;
N#endif
N
N    #ifdef __cplusplus
S         }  /* extern "C" */
S      }  /* namespace std */
N    #endif /* __cplusplus */
N  #endif /* __STDDEF_DECLS */
N
N
N  #ifdef __cplusplus
S    #ifndef __STDDEF_NO_EXPORTS
S      using ::std::size_t;
S      using ::std::ptrdiff_t;
S      #if !defined(__STRICT_ANSI__) || (defined(__cplusplus) && 201103L <= __cplusplus)
S        using ::std::max_align_t;
S      #endif
S    #endif 
N  #endif /* __cplusplus */
N
N#endif
N
N/* end of stddef.h */
N
L 35 "../Middlewares/Third_Party/FreeRTOS/Source/include/FreeRTOS.h" 2
N
N/*
N * If stdint.h cannot be located then:
N *   + If using GCC ensure the -nostdint options is *not* being used.
N *   + Ensure the project's include path includes the directory in which your
N *     compiler stores stdint.h.
N *   + Set any compiler options necessary for it to support C99, as technically
N *     stdint.h is only mandatory with C99 (FreeRTOS does not require C99 in any
N *     other way).
N *   + The FreeRTOS download includes a simple stdint.h definition that can be
N *     used in cases where none is provided by the compiler.  The files only
N *     contains the typedefs required to build FreeRTOS.  Read the instructions
N *     in FreeRTOS/source/stdint.readme for more information.
N */
N#include <stdint.h> /* READ COMMENT ABOVE. */
N
N#ifdef __cplusplus
Sextern "C" {
N#endif
N
N/* Application specific configuration options. */
N#include "FreeRTOSConfig.h"
L 1 "../Core/Inc/FreeRTOSConfig.h" 1
N/* USER CODE BEGIN Header */
N/*
N * FreeRTOS Kernel V10.3.1
N * Portion Copyright (C) 2017 Amazon.com, Inc. or its affiliates.  All Rights Reserved.
N * Portion Copyright (C) 2019 StMicroelectronics, Inc.  All Rights Reserved.
N *
N * Permission is hereby granted, free of charge, to any person obtaining a copy of
N * this software and associated documentation files (the "Software"), to deal in
N * the Software without restriction, including without limitation the rights to
N * use, copy, modify, merge, publish, distribute, sublicense, and/or sell copies of
N * the Software, and to permit persons to whom the Software is furnished to do so,
N * subject to the following conditions:
N *
N * The above copyright notice and this permission notice shall be included in all
N * copies or substantial portions of the Software.
N *
N * THE SOFTWARE IS PROVIDED "AS IS", WITHOUT WARRANTY OF ANY KIND, EXPRESS OR
N * IMPLIED, INCLUDING BUT NOT LIMITED TO THE WARRANTIES OF MERCHANTABILITY, FITNESS
N * FOR A PARTICULAR PURPOSE AND NONINFRINGEMENT. IN NO EVENT SHALL THE AUTHORS OR
N * COPYRIGHT HOLDERS BE LIABLE FOR ANY CLAIM, DAMAGES OR OTHER LIABILITY, WHETHER
N * IN AN ACTION OF CONTRACT, TORT OR OTHERWISE, ARISING FROM, OUT OF OR IN
N * CONNECTION WITH THE SOFTWARE OR THE USE OR OTHER DEALINGS IN THE SOFTWARE.
N *
N * http://www.FreeRTOS.org
N * http://aws.amazon.com/freertos
N *
N * 1 tab == 4 spaces!
N */
N/* USER CODE END Header */
N
N#ifndef FREERTOS_CONFIG_H
N#define FREERTOS_CONFIG_H
N
N/*-----------------------------------------------------------
N * Application specific definitions.
N *
N * These definitions should be adjusted for your particular hardware and
N * application requirements.
N *
N * These parameters and more are described within the 'configuration' section of the
N * FreeRTOS API documentation available on the FreeRTOS.org web site.
N *
N * See http://www.freertos.org/a00110.html
N *----------------------------------------------------------*/
N
N/* USER CODE BEGIN Includes */
N/* Section where include file can be added */
N/* USER CODE END Includes */
N
N/* Ensure definitions are only used by the compiler, and not by the assembler. */
N#if defined(__ICCARM__) || defined(__CC_ARM) || defined(__GNUC__)
X#if 0L || 1L || 0L
N  #include <stdint.h>
N  extern uint32_t SystemCoreClock;
N#endif
N#ifndef CMSIS_device_header
N#define CMSIS_device_header "stm32f4xx.h"
N#endif /* CMSIS_device_header */
N
N#define configENABLE_FPU                         1
N#define configENABLE_MPU                         0
N
N#define configUSE_PREEMPTION                     1
N#define configSUPPORT_STATIC_ALLOCATION          1
N#define configSUPPORT_DYNAMIC_ALLOCATION         1
N#define configUSE_IDLE_HOOK                      0
N#define configUSE_TICK_HOOK                      0
N#define configCPU_CLOCK_HZ                       ( SystemCoreClock )
N#define configTICK_RATE_HZ                       ((TickType_t)1000)
N#define configMAX_PRIORITIES                     ( 56 )
N#define configMINIMAL_STACK_SIZE                 ((uint16_t)512)
N#define configTOTAL_HEAP_SIZE                    ((size_t)49152)
N#define configMAX_TASK_NAME_LEN                  ( 16 )
N#define configUSE_TRACE_FACILITY                 1
N#define configUSE_16_BIT_TICKS                   0
N#define configUSE_MUTEXES                        1
N#define configQUEUE_REGISTRY_SIZE                8
N#define configUSE_RECURSIVE_MUTEXES              1
N#define configUSE_APPLICATION_TASK_TAG           1
N#define configUSE_COUNTING_SEMAPHORES            1
N#define configUSE_PORT_OPTIMISED_TASK_SELECTION  0
N/* USER CODE BEGIN MESSAGE_BUFFER_LENGTH_TYPE */
N/* Defaults to size_t for backward compatibility, but can be changed
N   if lengths will always be less than the number of bytes in a size_t. */
N#define configMESSAGE_BUFFER_LENGTH_TYPE         size_t
N/* USER CODE END MESSAGE_BUFFER_LENGTH_TYPE */
N
N/* Co-routine definitions. */
N#define configUSE_CO_ROUTINES                    0
N#define configMAX_CO_ROUTINE_PRIORITIES          ( 2 )
N
N/* Software timer definitions. */
N#define configUSE_TIMERS                         1
N#define configTIMER_TASK_PRIORITY                ( 2 )
N#define configTIMER_QUEUE_LENGTH                 10
N#define configTIMER_TASK_STACK_DEPTH             1024
N
N/* CMSIS-RTOS V2 flags */
N#define configUSE_OS2_THREAD_SUSPEND_RESUME  1
N#define configUSE_OS2_THREAD_ENUMERATE       1
N#define configUSE_OS2_EVENTFLAGS_FROM_ISR    1
N#define configUSE_OS2_THREAD_FLAGS           1
N#define configUSE_OS2_TIMER                  1
N#define configUSE_OS2_MUTEX                  1
N
N/* Set the following definitions to 1 to include the API function, or zero
Nto exclude the API function. */
N#define INCLUDE_vTaskPrioritySet             1
N#define INCLUDE_uxTaskPriorityGet            1
N#define INCLUDE_vTaskDelete                  1
N#define INCLUDE_vTaskCleanUpResources        0
N#define INCLUDE_vTaskSuspend                 1
N#define INCLUDE_vTaskDelayUntil              1
N#define INCLUDE_vTaskDelay                   1
N#define INCLUDE_xTaskGetSchedulerState       1
N#define INCLUDE_xTimerPendFunctionCall       1
N#define INCLUDE_xQueueGetMutexHolder         1
N#define INCLUDE_uxTaskGetStackHighWaterMark  1
N#define INCLUDE_xTaskGetCurrentTaskHandle    1
N#define INCLUDE_eTaskGetState                1
N
N/*
N * The CMSIS-RTOS V2 FreeRTOS wrapper is dependent on the heap implementation used
N * by the application thus the correct define need to be enabled below
N */
N#define USE_FreeRTOS_HEAP_4
N
N/* Cortex-M specific definitions. */
N#ifdef __NVIC_PRIO_BITS
S /* __BVIC_PRIO_BITS will be specified when CMSIS is being used. */
S #define configPRIO_BITS         __NVIC_PRIO_BITS
N#else
N #define configPRIO_BITS         4
N#endif
N
N/* The lowest interrupt priority that can be used in a call to a "set priority"
Nfunction. */
N#define configLIBRARY_LOWEST_INTERRUPT_PRIORITY   15
N
N/* The highest interrupt priority that can be used by any interrupt service
Nroutine that makes calls to interrupt safe FreeRTOS API functions.  DO NOT CALL
NINTERRUPT SAFE FREERTOS API FUNCTIONS FROM ANY INTERRUPT THAT HAS A HIGHER
NPRIORITY THAN THIS! (higher priorities are lower numeric values. */
N#define configLIBRARY_MAX_SYSCALL_INTERRUPT_PRIORITY 5
N
N/* Interrupt priorities used by the kernel port layer itself.  These are generic
Nto all Cortex-M ports, and do not rely on any particular library functions. */
N#define configKERNEL_INTERRUPT_PRIORITY 		( configLIBRARY_LOWEST_INTERRUPT_PRIORITY << (8 - configPRIO_BITS) )
N/* !!!! configMAX_SYSCALL_INTERRUPT_PRIORITY must not be set to zero !!!!
NSee http://www.FreeRTOS.org/RTOS-Cortex-M3-M4.html. */
N#define configMAX_SYSCALL_INTERRUPT_PRIORITY 	( configLIBRARY_MAX_SYSCALL_INTERRUPT_PRIORITY << (8 - configPRIO_BITS) )
N
N/* Normal assert() semantics without relying on the provision of an assert.h
Nheader file. */
N/* USER CODE BEGIN 1 */
N#define configASSERT( x ) if ((x) == 0) {taskDISABLE_INTERRUPTS(); for( ;; );}
N/* USER CODE END 1 */
N
N/* Definitions that map the FreeRTOS port interrupt handlers to their CMSIS
Nstandard names. */
N#define vPortSVCHandler    SVC_Handler
N#define xPortPendSVHandler PendSV_Handler
N
N/* IMPORTANT: After 10.3.1 update, Systick_Handler comes from NVIC (if SYS timebase = systick), otherwise from cmsis_os2.c */
N
N#define USE_CUSTOM_SYSTICK_HANDLER_IMPLEMENTATION 0
N
N/* USER CODE BEGIN Defines */
N/* Section where parameter definitions can be added (for instance, to override default ones in FreeRTOS.h) */
N/* USER CODE END Defines */
N
N#endif /* FREERTOS_CONFIG_H */
L 57 "../Middlewares/Third_Party/FreeRTOS/Source/include/FreeRTOS.h" 2
N
N/* Basic FreeRTOS definitions. */
N#include "projdefs.h"
L 1 "../Middlewares/Third_Party/FreeRTOS/Source/include/projdefs.h" 1
N/*
N * FreeRTOS Kernel V10.3.1
N * Copyright (C) 2020 Amazon.com, Inc. or its affiliates.  All Rights Reserved.
N *
N * Permission is hereby granted, free of charge, to any person obtaining a copy of
N * this software and associated documentation files (the "Software"), to deal in
N * the Software without restriction, including without limitation the rights to
N * use, copy, modify, merge, publish, distribute, sublicense, and/or sell copies of
N * the Software, and to permit persons to whom the Software is furnished to do so,
N * subject to the following conditions:
N *
N * The above copyright notice and this permission notice shall be included in all
N * copies or substantial portions of the Software.
N *
N * THE SOFTWARE IS PROVIDED "AS IS", WITHOUT WARRANTY OF ANY KIND, EXPRESS OR
N * IMPLIED, INCLUDING BUT NOT LIMITED TO THE WARRANTIES OF MERCHANTABILITY, FITNESS
N * FOR A PARTICULAR PURPOSE AND NONINFRINGEMENT. IN NO EVENT SHALL THE AUTHORS OR
N * COPYRIGHT HOLDERS BE LIABLE FOR ANY CLAIM, DAMAGES OR OTHER LIABILITY, WHETHER
N * IN AN ACTION OF CONTRACT, TORT OR OTHERWISE, ARISING FROM, OUT OF OR IN
N * CONNECTION WITH THE SOFTWARE OR THE USE OR OTHER DEALINGS IN THE SOFTWARE.
N *
N * http://www.FreeRTOS.org
N * http://aws.amazon.com/freertos
N *
N * 1 tab == 4 spaces!
N */
N
N#ifndef PROJDEFS_H
N#define PROJDEFS_H
N
N/*
N * Defines the prototype to which task functions must conform.  Defined in this
N * file to ensure the type is known before portable.h is included.
N */
Ntypedef void (*TaskFunction_t)( void * );
N
N/* Converts a time in milliseconds to a time in ticks.  This macro can be
Noverridden by a macro of the same name defined in FreeRTOSConfig.h in case the
Ndefinition here is not suitable for your application. */
N#ifndef pdMS_TO_TICKS
N	#define pdMS_TO_TICKS( xTimeInMs ) ( ( TickType_t ) ( ( ( TickType_t ) ( xTimeInMs ) * ( TickType_t ) configTICK_RATE_HZ ) / ( TickType_t ) 1000 ) )
N#endif
N
N#define pdFALSE			( ( BaseType_t ) 0 )
N#define pdTRUE			( ( BaseType_t ) 1 )
N
N#define pdPASS			( pdTRUE )
N#define pdFAIL			( pdFALSE )
N#define errQUEUE_EMPTY	( ( BaseType_t ) 0 )
N#define errQUEUE_FULL	( ( BaseType_t ) 0 )
N
N/* FreeRTOS error definitions. */
N#define errCOULD_NOT_ALLOCATE_REQUIRED_MEMORY	( -1 )
N#define errQUEUE_BLOCKED						( -4 )
N#define errQUEUE_YIELD							( -5 )
N
N/* Macros used for basic data corruption checks. */
N#ifndef configUSE_LIST_DATA_INTEGRITY_CHECK_BYTES
N	#define configUSE_LIST_DATA_INTEGRITY_CHECK_BYTES 0
N#endif
N
N#if( configUSE_16_BIT_TICKS == 1 )
X#if( 0 == 1 )
S	#define pdINTEGRITY_CHECK_VALUE 0x5a5a
N#else
N	#define pdINTEGRITY_CHECK_VALUE 0x5a5a5a5aUL
N#endif
N
N/* The following errno values are used by FreeRTOS+ components, not FreeRTOS
Nitself. */
N#define pdFREERTOS_ERRNO_NONE			0	/* No errors */
N#define	pdFREERTOS_ERRNO_ENOENT			2	/* No such file or directory */
N#define	pdFREERTOS_ERRNO_EINTR			4	/* Interrupted system call */
N#define	pdFREERTOS_ERRNO_EIO			5	/* I/O error */
N#define	pdFREERTOS_ERRNO_ENXIO			6	/* No such device or address */
N#define	pdFREERTOS_ERRNO_EBADF			9	/* Bad file number */
N#define	pdFREERTOS_ERRNO_EAGAIN			11	/* No more processes */
N#define	pdFREERTOS_ERRNO_EWOULDBLOCK	11	/* Operation would block */
N#define	pdFREERTOS_ERRNO_ENOMEM			12	/* Not enough memory */
N#define	pdFREERTOS_ERRNO_EACCES			13	/* Permission denied */
N#define	pdFREERTOS_ERRNO_EFAULT			14	/* Bad address */
N#define	pdFREERTOS_ERRNO_EBUSY			16	/* Mount device busy */
N#define	pdFREERTOS_ERRNO_EEXIST			17	/* File exists */
N#define	pdFREERTOS_ERRNO_EXDEV			18	/* Cross-device link */
N#define	pdFREERTOS_ERRNO_ENODEV			19	/* No such device */
N#define	pdFREERTOS_ERRNO_ENOTDIR		20	/* Not a directory */
N#define	pdFREERTOS_ERRNO_EISDIR			21	/* Is a directory */
N#define	pdFREERTOS_ERRNO_EINVAL			22	/* Invalid argument */
N#define	pdFREERTOS_ERRNO_ENOSPC			28	/* No space left on device */
N#define	pdFREERTOS_ERRNO_ESPIPE			29	/* Illegal seek */
N#define	pdFREERTOS_ERRNO_EROFS			30	/* Read only file system */
N#define	pdFREERTOS_ERRNO_EUNATCH		42	/* Protocol driver not attached */
N#define	pdFREERTOS_ERRNO_EBADE			50	/* Invalid exchange */
N#define	pdFREERTOS_ERRNO_EFTYPE			79	/* Inappropriate file type or format */
N#define	pdFREERTOS_ERRNO_ENMFILE		89	/* No more files */
N#define	pdFREERTOS_ERRNO_ENOTEMPTY		90	/* Directory not empty */
N#define	pdFREERTOS_ERRNO_ENAMETOOLONG 	91	/* File or path name too long */
N#define	pdFREERTOS_ERRNO_EOPNOTSUPP		95	/* Operation not supported on transport endpoint */
N#define	pdFREERTOS_ERRNO_ENOBUFS		105	/* No buffer space available */
N#define	pdFREERTOS_ERRNO_ENOPROTOOPT	109	/* Protocol not available */
N#define	pdFREERTOS_ERRNO_EADDRINUSE		112	/* Address already in use */
N#define	pdFREERTOS_ERRNO_ETIMEDOUT		116	/* Connection timed out */
N#define	pdFREERTOS_ERRNO_EINPROGRESS	119	/* Connection already in progress */
N#define	pdFREERTOS_ERRNO_EALREADY		120	/* Socket already connected */
N#define	pdFREERTOS_ERRNO_EADDRNOTAVAIL 	125	/* Address not available */
N#define	pdFREERTOS_ERRNO_EISCONN		127	/* Socket is already connected */
N#define	pdFREERTOS_ERRNO_ENOTCONN		128	/* Socket is not connected */
N#define	pdFREERTOS_ERRNO_ENOMEDIUM		135	/* No medium inserted */
N#define	pdFREERTOS_ERRNO_EILSEQ			138	/* An invalid UTF-16 sequence was encountered. */
N#define	pdFREERTOS_ERRNO_ECANCELED		140	/* Operation canceled. */
N
N/* The following endian values are used by FreeRTOS+ components, not FreeRTOS
Nitself. */
N#define pdFREERTOS_LITTLE_ENDIAN		0
N#define pdFREERTOS_BIG_ENDIAN			1
N
N/* Re-defining endian values for generic naming. */
N#define pdLITTLE_ENDIAN					pdFREERTOS_LITTLE_ENDIAN
N#define pdBIG_ENDIAN					pdFREERTOS_BIG_ENDIAN
N
N
N#endif /* PROJDEFS_H */
N
N
N
L 60 "../Middlewares/Third_Party/FreeRTOS/Source/include/FreeRTOS.h" 2
N
N/* Definitions specific to the port being used. */
N#include "portable.h"
L 1 "../Middlewares/Third_Party/FreeRTOS/Source/include/portable.h" 1
N/*
N * FreeRTOS Kernel V10.3.1
N * Copyright (C) 2020 Amazon.com, Inc. or its affiliates.  All Rights Reserved.
N *
N * Permission is hereby granted, free of charge, to any person obtaining a copy of
N * this software and associated documentation files (the "Software"), to deal in
N * the Software without restriction, including without limitation the rights to
N * use, copy, modify, merge, publish, distribute, sublicense, and/or sell copies of
N * the Software, and to permit persons to whom the Software is furnished to do so,
N * subject to the following conditions:
N *
N * The above copyright notice and this permission notice shall be included in all
N * copies or substantial portions of the Software.
N *
N * THE SOFTWARE IS PROVIDED "AS IS", WITHOUT WARRANTY OF ANY KIND, EXPRESS OR
N * IMPLIED, INCLUDING BUT NOT LIMITED TO THE WARRANTIES OF MERCHANTABILITY, FITNESS
N * FOR A PARTICULAR PURPOSE AND NONINFRINGEMENT. IN NO EVENT SHALL THE AUTHORS OR
N * COPYRIGHT HOLDERS BE LIABLE FOR ANY CLAIM, DAMAGES OR OTHER LIABILITY, WHETHER
N * IN AN ACTION OF CONTRACT, TORT OR OTHERWISE, ARISING FROM, OUT OF OR IN
N * CONNECTION WITH THE SOFTWARE OR THE USE OR OTHER DEALINGS IN THE SOFTWARE.
N *
N * http://www.FreeRTOS.org
N * http://aws.amazon.com/freertos
N *
N * 1 tab == 4 spaces!
N */
N
N/*-----------------------------------------------------------
N * Portable layer API.  Each function must be defined for each port.
N *----------------------------------------------------------*/
N
N#ifndef PORTABLE_H
N#define PORTABLE_H
N
N/* Each FreeRTOS port has a unique portmacro.h header file.  Originally a
Npre-processor definition was used to ensure the pre-processor found the correct
Nportmacro.h file for the port being used.  That scheme was deprecated in favour
Nof setting the compiler's include path such that it found the correct
Nportmacro.h file - removing the need for the constant and allowing the
Nportmacro.h file to be located anywhere in relation to the port being used.
NPurely for reasons of backward compatibility the old method is still valid, but
Nto make it clear that new projects should not use it, support for the port
Nspecific constants has been moved into the deprecated_definitions.h header
Nfile. */
N#include "deprecated_definitions.h"
L 1 "../Middlewares/Third_Party/FreeRTOS/Source/include/deprecated_definitions.h" 1
N/*
N * FreeRTOS Kernel V10.3.1
N * Copyright (C) 2020 Amazon.com, Inc. or its affiliates.  All Rights Reserved.
N *
N * Permission is hereby granted, free of charge, to any person obtaining a copy of
N * this software and associated documentation files (the "Software"), to deal in
N * the Software without restriction, including without limitation the rights to
N * use, copy, modify, merge, publish, distribute, sublicense, and/or sell copies of
N * the Software, and to permit persons to whom the Software is furnished to do so,
N * subject to the following conditions:
N *
N * The above copyright notice and this permission notice shall be included in all
N * copies or substantial portions of the Software.
N *
N * THE SOFTWARE IS PROVIDED "AS IS", WITHOUT WARRANTY OF ANY KIND, EXPRESS OR
N * IMPLIED, INCLUDING BUT NOT LIMITED TO THE WARRANTIES OF MERCHANTABILITY, FITNESS
N * FOR A PARTICULAR PURPOSE AND NONINFRINGEMENT. IN NO EVENT SHALL THE AUTHORS OR
N * COPYRIGHT HOLDERS BE LIABLE FOR ANY CLAIM, DAMAGES OR OTHER LIABILITY, WHETHER
N * IN AN ACTION OF CONTRACT, TORT OR OTHERWISE, ARISING FROM, OUT OF OR IN
N * CONNECTION WITH THE SOFTWARE OR THE USE OR OTHER DEALINGS IN THE SOFTWARE.
N *
N * http://www.FreeRTOS.org
N * http://aws.amazon.com/freertos
N *
N * 1 tab == 4 spaces!
N */
N
N#ifndef DEPRECATED_DEFINITIONS_H
N#define DEPRECATED_DEFINITIONS_H
N
N
N/* Each FreeRTOS port has a unique portmacro.h header file.  Originally a
Npre-processor definition was used to ensure the pre-processor found the correct
Nportmacro.h file for the port being used.  That scheme was deprecated in favour
Nof setting the compiler's include path such that it found the correct
Nportmacro.h file - removing the need for the constant and allowing the
Nportmacro.h file to be located anywhere in relation to the port being used.  The
Ndefinitions below remain in the code for backward compatibility only.  New
Nprojects should not use them. */
N
N#ifdef OPEN_WATCOM_INDUSTRIAL_PC_PORT
S	#include "..\..\Source\portable\owatcom\16bitdos\pc\portmacro.h"
S	typedef void ( __interrupt __far *pxISR )();
N#endif
N
N#ifdef OPEN_WATCOM_FLASH_LITE_186_PORT
S	#include "..\..\Source\portable\owatcom\16bitdos\flsh186\portmacro.h"
S	typedef void ( __interrupt __far *pxISR )();
N#endif
N
N#ifdef GCC_MEGA_AVR
S	#include "../portable/GCC/ATMega323/portmacro.h"
N#endif
N
N#ifdef IAR_MEGA_AVR
S	#include "../portable/IAR/ATMega323/portmacro.h"
N#endif
N
N#ifdef MPLAB_PIC24_PORT
S	#include "../../Source/portable/MPLAB/PIC24_dsPIC/portmacro.h"
N#endif
N
N#ifdef MPLAB_DSPIC_PORT
S	#include "../../Source/portable/MPLAB/PIC24_dsPIC/portmacro.h"
N#endif
N
N#ifdef MPLAB_PIC18F_PORT
S	#include "../../Source/portable/MPLAB/PIC18F/portmacro.h"
N#endif
N
N#ifdef MPLAB_PIC32MX_PORT
S	#include "../../Source/portable/MPLAB/PIC32MX/portmacro.h"
N#endif
N
N#ifdef _FEDPICC
S	#include "libFreeRTOS/Include/portmacro.h"
N#endif
N
N#ifdef SDCC_CYGNAL
S	#include "../../Source/portable/SDCC/Cygnal/portmacro.h"
N#endif
N
N#ifdef GCC_ARM7
S	#include "../../Source/portable/GCC/ARM7_LPC2000/portmacro.h"
N#endif
N
N#ifdef GCC_ARM7_ECLIPSE
S	#include "portmacro.h"
N#endif
N
N#ifdef ROWLEY_LPC23xx
S	#include "../../Source/portable/GCC/ARM7_LPC23xx/portmacro.h"
N#endif
N
N#ifdef IAR_MSP430
S	#include "..\..\Source\portable\IAR\MSP430\portmacro.h"
N#endif
N
N#ifdef GCC_MSP430
S	#include "../../Source/portable/GCC/MSP430F449/portmacro.h"
N#endif
N
N#ifdef ROWLEY_MSP430
S	#include "../../Source/portable/Rowley/MSP430F449/portmacro.h"
N#endif
N
N#ifdef ARM7_LPC21xx_KEIL_RVDS
S	#include "..\..\Source\portable\RVDS\ARM7_LPC21xx\portmacro.h"
N#endif
N
N#ifdef SAM7_GCC
S	#include "../../Source/portable/GCC/ARM7_AT91SAM7S/portmacro.h"
N#endif
N
N#ifdef SAM7_IAR
S	#include "..\..\Source\portable\IAR\AtmelSAM7S64\portmacro.h"
N#endif
N
N#ifdef SAM9XE_IAR
S	#include "..\..\Source\portable\IAR\AtmelSAM9XE\portmacro.h"
N#endif
N
N#ifdef LPC2000_IAR
S	#include "..\..\Source\portable\IAR\LPC2000\portmacro.h"
N#endif
N
N#ifdef STR71X_IAR
S	#include "..\..\Source\portable\IAR\STR71x\portmacro.h"
N#endif
N
N#ifdef STR75X_IAR
S	#include "..\..\Source\portable\IAR\STR75x\portmacro.h"
N#endif
N
N#ifdef STR75X_GCC
S	#include "..\..\Source\portable\GCC\STR75x\portmacro.h"
N#endif
N
N#ifdef STR91X_IAR
S	#include "..\..\Source\portable\IAR\STR91x\portmacro.h"
N#endif
N
N#ifdef GCC_H8S
S	#include "../../Source/portable/GCC/H8S2329/portmacro.h"
N#endif
N
N#ifdef GCC_AT91FR40008
S	#include "../../Source/portable/GCC/ARM7_AT91FR40008/portmacro.h"
N#endif
N
N#ifdef RVDS_ARMCM3_LM3S102
S	#include "../../Source/portable/RVDS/ARM_CM3/portmacro.h"
N#endif
N
N#ifdef GCC_ARMCM3_LM3S102
S	#include "../../Source/portable/GCC/ARM_CM3/portmacro.h"
N#endif
N
N#ifdef GCC_ARMCM3
S	#include "../../Source/portable/GCC/ARM_CM3/portmacro.h"
N#endif
N
N#ifdef IAR_ARM_CM3
S	#include "../../Source/portable/IAR/ARM_CM3/portmacro.h"
N#endif
N
N#ifdef IAR_ARMCM3_LM
S	#include "../../Source/portable/IAR/ARM_CM3/portmacro.h"
N#endif
N
N#ifdef HCS12_CODE_WARRIOR
S	#include "../../Source/portable/CodeWarrior/HCS12/portmacro.h"
N#endif
N
N#ifdef MICROBLAZE_GCC
S	#include "../../Source/portable/GCC/MicroBlaze/portmacro.h"
N#endif
N
N#ifdef TERN_EE
S	#include "..\..\Source\portable\Paradigm\Tern_EE\small\portmacro.h"
N#endif
N
N#ifdef GCC_HCS12
S	#include "../../Source/portable/GCC/HCS12/portmacro.h"
N#endif
N
N#ifdef GCC_MCF5235
S    #include "../../Source/portable/GCC/MCF5235/portmacro.h"
N#endif
N
N#ifdef COLDFIRE_V2_GCC
S	#include "../../../Source/portable/GCC/ColdFire_V2/portmacro.h"
N#endif
N
N#ifdef COLDFIRE_V2_CODEWARRIOR
S	#include "../../Source/portable/CodeWarrior/ColdFire_V2/portmacro.h"
N#endif
N
N#ifdef GCC_PPC405
S	#include "../../Source/portable/GCC/PPC405_Xilinx/portmacro.h"
N#endif
N
N#ifdef GCC_PPC440
S	#include "../../Source/portable/GCC/PPC440_Xilinx/portmacro.h"
N#endif
N
N#ifdef _16FX_SOFTUNE
S	#include "..\..\Source\portable\Softune\MB96340\portmacro.h"
N#endif
N
N#ifdef BCC_INDUSTRIAL_PC_PORT
S	/* A short file name has to be used in place of the normal
S	FreeRTOSConfig.h when using the Borland compiler. */
S	#include "frconfig.h"
S	#include "..\portable\BCC\16BitDOS\PC\prtmacro.h"
S    typedef void ( __interrupt __far *pxISR )();
N#endif
N
N#ifdef BCC_FLASH_LITE_186_PORT
S	/* A short file name has to be used in place of the normal
S	FreeRTOSConfig.h when using the Borland compiler. */
S	#include "frconfig.h"
S	#include "..\portable\BCC\16BitDOS\flsh186\prtmacro.h"
S    typedef void ( __interrupt __far *pxISR )();
N#endif
N
N#ifdef __GNUC__
S   #ifdef __AVR32_AVR32A__
S	   #include "portmacro.h"
S   #endif
N#endif
N
N#ifdef __ICCAVR32__
S   #ifdef __CORE__
S      #if __CORE__ == __AVR32A__
S	      #include "portmacro.h"
S      #endif
S   #endif
N#endif
N
N#ifdef __91467D
S	#include "portmacro.h"
N#endif
N
N#ifdef __96340
S	#include "portmacro.h"
N#endif
N
N
N#ifdef __IAR_V850ES_Fx3__
S	#include "../../Source/portable/IAR/V850ES/portmacro.h"
N#endif
N
N#ifdef __IAR_V850ES_Jx3__
S	#include "../../Source/portable/IAR/V850ES/portmacro.h"
N#endif
N
N#ifdef __IAR_V850ES_Jx3_L__
S	#include "../../Source/portable/IAR/V850ES/portmacro.h"
N#endif
N
N#ifdef __IAR_V850ES_Jx2__
S	#include "../../Source/portable/IAR/V850ES/portmacro.h"
N#endif
N
N#ifdef __IAR_V850ES_Hx2__
S	#include "../../Source/portable/IAR/V850ES/portmacro.h"
N#endif
N
N#ifdef __IAR_78K0R_Kx3__
S	#include "../../Source/portable/IAR/78K0R/portmacro.h"
N#endif
N
N#ifdef __IAR_78K0R_Kx3L__
S	#include "../../Source/portable/IAR/78K0R/portmacro.h"
N#endif
N
N#endif /* DEPRECATED_DEFINITIONS_H */
N
L 46 "../Middlewares/Third_Party/FreeRTOS/Source/include/portable.h" 2
N
N/* If portENTER_CRITICAL is not defined then including deprecated_definitions.h
Ndid not result in a portmacro.h header file being included - and it should be
Nincluded here.  In this case the path to the correct portmacro.h header file
Nmust be set in the compiler's include path. */
N#ifndef portENTER_CRITICAL
N	#include "portmacro.h"
L 1 "../Middlewares/Third_Party/FreeRTOS/Source/portable/RVDS/ARM_CM4F/portmacro.h" 1
N/*
N * FreeRTOS Kernel V10.3.1
N * Copyright (C) 2020 Amazon.com, Inc. or its affiliates.  All Rights Reserved.
N *
N * Permission is hereby granted, free of charge, to any person obtaining a copy of
N * this software and associated documentation files (the "Software"), to deal in
N * the Software without restriction, including without limitation the rights to
N * use, copy, modify, merge, publish, distribute, sublicense, and/or sell copies of
N * the Software, and to permit persons to whom the Software is furnished to do so,
N * subject to the following conditions:
N *
N * The above copyright notice and this permission notice shall be included in all
N * copies or substantial portions of the Software.
N *
N * THE SOFTWARE IS PROVIDED "AS IS", WITHOUT WARRANTY OF ANY KIND, EXPRESS OR
N * IMPLIED, INCLUDING BUT NOT LIMITED TO THE WARRANTIES OF MERCHANTABILITY, FITNESS
N * FOR A PARTICULAR PURPOSE AND NONINFRINGEMENT. IN NO EVENT SHALL THE AUTHORS OR
N * COPYRIGHT HOLDERS BE LIABLE FOR ANY CLAIM, DAMAGES OR OTHER LIABILITY, WHETHER
N * IN AN ACTION OF CONTRACT, TORT OR OTHERWISE, ARISING FROM, OUT OF OR IN
N * CONNECTION WITH THE SOFTWARE OR THE USE OR OTHER DEALINGS IN THE SOFTWARE.
N *
N * http://www.FreeRTOS.org
N * http://aws.amazon.com/freertos
N *
N * 1 tab == 4 spaces!
N */
N
N
N#ifndef PORTMACRO_H
N#define PORTMACRO_H
N
N#ifdef __cplusplus
Sextern "C" {
N#endif
N
N/*-----------------------------------------------------------
N * Port specific definitions.
N *
N * The settings in this file configure FreeRTOS correctly for the
N * given hardware and compiler.
N *
N * These settings should not be altered.
N *-----------------------------------------------------------
N */
N
N/* Type definitions. */
N#define portCHAR		char
N#define portFLOAT		float
N#define portDOUBLE		double
N#define portLONG		long
N#define portSHORT		short
N#define portSTACK_TYPE	uint32_t
N#define portBASE_TYPE	long
N
Ntypedef portSTACK_TYPE StackType_t;
Xtypedef uint32_t StackType_t;
Ntypedef long BaseType_t;
Ntypedef unsigned long UBaseType_t;
N
N#if( configUSE_16_BIT_TICKS == 1 )
X#if( 0 == 1 )
S	typedef uint16_t TickType_t;
S	#define portMAX_DELAY ( TickType_t ) 0xffff
N#else
N	typedef uint32_t TickType_t;
N	#define portMAX_DELAY ( TickType_t ) 0xffffffffUL
N
N	/* 32-bit tick type on a 32-bit architecture, so reads of the tick count do
N	not need to be guarded with a critical section. */
N	#define portTICK_TYPE_IS_ATOMIC 1
N#endif
N/*-----------------------------------------------------------*/
N
N/* Architecture specifics. */
N#define portSTACK_GROWTH			( -1 )
N#define portTICK_PERIOD_MS			( ( TickType_t ) 1000 / configTICK_RATE_HZ )
N#define portBYTE_ALIGNMENT			8
N
N/* Constants used with memory barrier intrinsics. */
N#define portSY_FULL_READ_WRITE		( 15 )
N
N/*-----------------------------------------------------------*/
N
N/* Scheduler utilities. */
N#define portYIELD()																\
N{																				\
N	/* Set a PendSV to request a context switch. */								\
N	portNVIC_INT_CTRL_REG = portNVIC_PENDSVSET_BIT;								\
N																				\
N	/* Barriers are normally not required but do ensure the code is completely	\
N	within the specified behaviour for the architecture. */						\
N	__dsb( portSY_FULL_READ_WRITE );											\
N	__isb( portSY_FULL_READ_WRITE );											\
N}
X#define portYIELD()																{																					 									portNVIC_INT_CTRL_REG = portNVIC_PENDSVSET_BIT;																													 							__dsb( portSY_FULL_READ_WRITE );												__isb( portSY_FULL_READ_WRITE );											}
N/*-----------------------------------------------------------*/
N
N#define portNVIC_INT_CTRL_REG		( * ( ( volatile uint32_t * ) 0xe000ed04 ) )
N#define portNVIC_PENDSVSET_BIT		( 1UL << 28UL )
N#define portEND_SWITCHING_ISR( xSwitchRequired ) if( xSwitchRequired != pdFALSE ) portYIELD()
N#define portYIELD_FROM_ISR( x ) portEND_SWITCHING_ISR( x )
N/*-----------------------------------------------------------*/
N
N/* Critical section management. */
Nextern void vPortEnterCritical( void );
Nextern void vPortExitCritical( void );
N
N#define portDISABLE_INTERRUPTS()				vPortRaiseBASEPRI()
N#define portENABLE_INTERRUPTS()					vPortSetBASEPRI( 0 )
N#define portENTER_CRITICAL()					vPortEnterCritical()
N#define portEXIT_CRITICAL()						vPortExitCritical()
N#define portSET_INTERRUPT_MASK_FROM_ISR()		ulPortRaiseBASEPRI()
N#define portCLEAR_INTERRUPT_MASK_FROM_ISR(x)	vPortSetBASEPRI(x)
N
N/*-----------------------------------------------------------*/
N
N/* Tickless idle/low power functionality. */
N#ifndef portSUPPRESS_TICKS_AND_SLEEP
N	extern void vPortSuppressTicksAndSleep( TickType_t xExpectedIdleTime );
N	#define portSUPPRESS_TICKS_AND_SLEEP( xExpectedIdleTime ) vPortSuppressTicksAndSleep( xExpectedIdleTime )
N#endif
N/*-----------------------------------------------------------*/
N
N/* Port specific optimisations. */
N#ifndef configUSE_PORT_OPTIMISED_TASK_SELECTION
S	#define configUSE_PORT_OPTIMISED_TASK_SELECTION 1
N#endif
N
N#if configUSE_PORT_OPTIMISED_TASK_SELECTION == 1
X#if 0 == 1
S
S	/* Check the configuration. */
S	#if( configMAX_PRIORITIES > 32 )
S		#error configUSE_PORT_OPTIMISED_TASK_SELECTION can only be set to 1 when configMAX_PRIORITIES is less than or equal to 32.  It is very rare that a system requires more than 10 to 15 difference priorities as tasks that share a priority will time slice.
S	#endif
S
S	/* Store/clear the ready priorities in a bit map. */
S	#define portRECORD_READY_PRIORITY( uxPriority, uxReadyPriorities ) ( uxReadyPriorities ) |= ( 1UL << ( uxPriority ) )
S	#define portRESET_READY_PRIORITY( uxPriority, uxReadyPriorities ) ( uxReadyPriorities ) &= ~( 1UL << ( uxPriority ) )
S
S	/*-----------------------------------------------------------*/
S
S	#define portGET_HIGHEST_PRIORITY( uxTopPriority, uxReadyPriorities ) uxTopPriority = ( 31UL - ( uint32_t ) __clz( ( uxReadyPriorities ) ) )
S
N#endif /* taskRECORD_READY_PRIORITY */
N/*-----------------------------------------------------------*/
N
N/* Task function macros as described on the FreeRTOS.org WEB site.  These are
Nnot necessary for to use this port.  They are defined so the common demo files
N(which build with all the ports) will build. */
N#define portTASK_FUNCTION_PROTO( vFunction, pvParameters ) void vFunction( void *pvParameters )
N#define portTASK_FUNCTION( vFunction, pvParameters ) void vFunction( void *pvParameters )
N/*-----------------------------------------------------------*/
N
N#ifdef configASSERT
N	void vPortValidateInterruptPriority( void );
N	#define portASSERT_IF_INTERRUPT_PRIORITY_INVALID() 	vPortValidateInterruptPriority()
N#endif
N
N/* portNOP() is not required by this port. */
N#define portNOP()
N
N#define portINLINE __inline
N
N#ifndef portFORCE_INLINE
N	#define portFORCE_INLINE __forceinline
N#endif
N
N/*-----------------------------------------------------------*/
N
Nstatic portFORCE_INLINE void vPortSetBASEPRI( uint32_t ulBASEPRI )
Xstatic __forceinline void vPortSetBASEPRI( uint32_t ulBASEPRI )
N{
N	__asm
N	{
N		/* Barrier instructions are not used as this function is only used to
N		lower the BASEPRI value. */
N		msr basepri, ulBASEPRI
N	}
N}
N/*-----------------------------------------------------------*/
N
Nstatic portFORCE_INLINE void vPortRaiseBASEPRI( void )
Xstatic __forceinline void vPortRaiseBASEPRI( void )
N{
Nuint32_t ulNewBASEPRI = configMAX_SYSCALL_INTERRUPT_PRIORITY;
Xuint32_t ulNewBASEPRI = ( 5 << (8 - 4) );
N
N	__asm
N	{
N		/* Set BASEPRI to the max syscall priority to effect a critical
N		section. */
N		msr basepri, ulNewBASEPRI
N		dsb
N		isb
N	}
N}
N/*-----------------------------------------------------------*/
N
Nstatic portFORCE_INLINE void vPortClearBASEPRIFromISR( void )
Xstatic __forceinline void vPortClearBASEPRIFromISR( void )
N{
N	__asm
N	{
N		/* Set BASEPRI to 0 so no interrupts are masked.  This function is only
N		used to lower the mask in an interrupt, so memory barriers are not 
N		used. */
N		msr basepri, #0
N	}
N}
N/*-----------------------------------------------------------*/
N
Nstatic portFORCE_INLINE uint32_t ulPortRaiseBASEPRI( void )
Xstatic __forceinline uint32_t ulPortRaiseBASEPRI( void )
N{
Nuint32_t ulReturn, ulNewBASEPRI = configMAX_SYSCALL_INTERRUPT_PRIORITY;
Xuint32_t ulReturn, ulNewBASEPRI = ( 5 << (8 - 4) );
N
N	__asm
N	{
N		/* Set BASEPRI to the max syscall priority to effect a critical
N		section. */
N		mrs ulReturn, basepri
N		msr basepri, ulNewBASEPRI
N		dsb
N		isb
N	}
N
N	return ulReturn;
N}
N/*-----------------------------------------------------------*/
N
Nstatic portFORCE_INLINE BaseType_t xPortIsInsideInterrupt( void )
Xstatic __forceinline BaseType_t xPortIsInsideInterrupt( void )
N{
Nuint32_t ulCurrentInterrupt;
NBaseType_t xReturn;
N
N	/* Obtain the number of the currently executing interrupt. */
N	__asm
N	{
N		mrs ulCurrentInterrupt, ipsr
N	}
N
N	if( ulCurrentInterrupt == 0 )
N	{
N		xReturn = pdFALSE;
X		xReturn = ( ( BaseType_t ) 0 );
N	}
N	else
N	{
N		xReturn = pdTRUE;
X		xReturn = ( ( BaseType_t ) 1 );
N	}
N
N	return xReturn;
N}
N
N
N#ifdef __cplusplus
S}
N#endif
N
N#endif /* PORTMACRO_H */
N
L 53 "../Middlewares/Third_Party/FreeRTOS/Source/include/portable.h" 2
N#endif
N
N#if portBYTE_ALIGNMENT == 32
X#if 8 == 32
S	#define portBYTE_ALIGNMENT_MASK ( 0x001f )
N#endif
N
N#if portBYTE_ALIGNMENT == 16
X#if 8 == 16
S	#define portBYTE_ALIGNMENT_MASK ( 0x000f )
N#endif
N
N#if portBYTE_ALIGNMENT == 8
X#if 8 == 8
N	#define portBYTE_ALIGNMENT_MASK ( 0x0007 )
N#endif
N
N#if portBYTE_ALIGNMENT == 4
X#if 8 == 4
S	#define portBYTE_ALIGNMENT_MASK	( 0x0003 )
N#endif
N
N#if portBYTE_ALIGNMENT == 2
X#if 8 == 2
S	#define portBYTE_ALIGNMENT_MASK	( 0x0001 )
N#endif
N
N#if portBYTE_ALIGNMENT == 1
X#if 8 == 1
S	#define portBYTE_ALIGNMENT_MASK	( 0x0000 )
N#endif
N
N#ifndef portBYTE_ALIGNMENT_MASK
S	#error "Invalid portBYTE_ALIGNMENT definition"
N#endif
N
N#ifndef portNUM_CONFIGURABLE_REGIONS
N	#define portNUM_CONFIGURABLE_REGIONS 1
N#endif
N
N#ifndef portHAS_STACK_OVERFLOW_CHECKING
N	#define portHAS_STACK_OVERFLOW_CHECKING 0
N#endif
N
N#ifndef portARCH_NAME
N	#define portARCH_NAME NULL
N#endif
N
N#ifdef __cplusplus
Sextern "C" {
N#endif
N
N#include "mpu_wrappers.h"
L 1 "../Middlewares/Third_Party/FreeRTOS/Source/include/mpu_wrappers.h" 1
N/*
N * FreeRTOS Kernel V10.3.1
N * Copyright (C) 2020 Amazon.com, Inc. or its affiliates.  All Rights Reserved.
N *
N * Permission is hereby granted, free of charge, to any person obtaining a copy of
N * this software and associated documentation files (the "Software"), to deal in
N * the Software without restriction, including without limitation the rights to
N * use, copy, modify, merge, publish, distribute, sublicense, and/or sell copies of
N * the Software, and to permit persons to whom the Software is furnished to do so,
N * subject to the following conditions:
N *
N * The above copyright notice and this permission notice shall be included in all
N * copies or substantial portions of the Software.
N *
N * THE SOFTWARE IS PROVIDED "AS IS", WITHOUT WARRANTY OF ANY KIND, EXPRESS OR
N * IMPLIED, INCLUDING BUT NOT LIMITED TO THE WARRANTIES OF MERCHANTABILITY, FITNESS
N * FOR A PARTICULAR PURPOSE AND NONINFRINGEMENT. IN NO EVENT SHALL THE AUTHORS OR
N * COPYRIGHT HOLDERS BE LIABLE FOR ANY CLAIM, DAMAGES OR OTHER LIABILITY, WHETHER
N * IN AN ACTION OF CONTRACT, TORT OR OTHERWISE, ARISING FROM, OUT OF OR IN
N * CONNECTION WITH THE SOFTWARE OR THE USE OR OTHER DEALINGS IN THE SOFTWARE.
N *
N * http://www.FreeRTOS.org
N * http://aws.amazon.com/freertos
N *
N * 1 tab == 4 spaces!
N */
N
N#ifndef MPU_WRAPPERS_H
N#define MPU_WRAPPERS_H
N
N/* This file redefines API functions to be called through a wrapper macro, but
Nonly for ports that are using the MPU. */
N#ifdef portUSING_MPU_WRAPPERS
S
S	/* MPU_WRAPPERS_INCLUDED_FROM_API_FILE will be defined when this file is
S	included from queue.c or task.c to prevent it from having an effect within
S	those files. */
S	#ifndef MPU_WRAPPERS_INCLUDED_FROM_API_FILE
S
S		/*
S		 * Map standard (non MPU) API functions to equivalents that start
S		 * "MPU_".  This will cause the application code to call the MPU_
S		 * version, which wraps the non-MPU version with privilege promoting
S		 * then demoting code, so the kernel code always runs will full
S		 * privileges.
S		 */
S
S		/* Map standard tasks.h API functions to the MPU equivalents. */
S		#define xTaskCreate								MPU_xTaskCreate
S		#define xTaskCreateStatic						MPU_xTaskCreateStatic
S		#define xTaskCreateRestricted					MPU_xTaskCreateRestricted
S		#define vTaskAllocateMPURegions					MPU_vTaskAllocateMPURegions
S		#define vTaskDelete								MPU_vTaskDelete
S		#define vTaskDelay								MPU_vTaskDelay
S		#define vTaskDelayUntil							MPU_vTaskDelayUntil
S		#define xTaskAbortDelay							MPU_xTaskAbortDelay
S		#define uxTaskPriorityGet						MPU_uxTaskPriorityGet
S		#define eTaskGetState							MPU_eTaskGetState
S		#define vTaskGetInfo							MPU_vTaskGetInfo
S		#define vTaskPrioritySet						MPU_vTaskPrioritySet
S		#define vTaskSuspend							MPU_vTaskSuspend
S		#define vTaskResume								MPU_vTaskResume
S		#define vTaskSuspendAll							MPU_vTaskSuspendAll
S		#define xTaskResumeAll							MPU_xTaskResumeAll
S		#define xTaskGetTickCount						MPU_xTaskGetTickCount
S		#define uxTaskGetNumberOfTasks					MPU_uxTaskGetNumberOfTasks
S		#define pcTaskGetName							MPU_pcTaskGetName
S		#define xTaskGetHandle							MPU_xTaskGetHandle
S		#define uxTaskGetStackHighWaterMark				MPU_uxTaskGetStackHighWaterMark
S		#define uxTaskGetStackHighWaterMark2			MPU_uxTaskGetStackHighWaterMark2
S		#define vTaskSetApplicationTaskTag				MPU_vTaskSetApplicationTaskTag
S		#define xTaskGetApplicationTaskTag				MPU_xTaskGetApplicationTaskTag
S		#define vTaskSetThreadLocalStoragePointer		MPU_vTaskSetThreadLocalStoragePointer
S		#define pvTaskGetThreadLocalStoragePointer		MPU_pvTaskGetThreadLocalStoragePointer
S		#define xTaskCallApplicationTaskHook			MPU_xTaskCallApplicationTaskHook
S		#define xTaskGetIdleTaskHandle					MPU_xTaskGetIdleTaskHandle
S		#define uxTaskGetSystemState					MPU_uxTaskGetSystemState
S		#define vTaskList								MPU_vTaskList
S		#define vTaskGetRunTimeStats					MPU_vTaskGetRunTimeStats
S		#define ulTaskGetIdleRunTimeCounter				MPU_ulTaskGetIdleRunTimeCounter
S		#define xTaskGenericNotify						MPU_xTaskGenericNotify
S		#define xTaskNotifyWait							MPU_xTaskNotifyWait
S		#define ulTaskNotifyTake						MPU_ulTaskNotifyTake
S		#define xTaskNotifyStateClear					MPU_xTaskNotifyStateClear
S		#define ulTaskNotifyValueClear					MPU_ulTaskNotifyValueClear
S		#define xTaskCatchUpTicks						MPU_xTaskCatchUpTicks
S
S		#define xTaskGetCurrentTaskHandle				MPU_xTaskGetCurrentTaskHandle
S		#define vTaskSetTimeOutState					MPU_vTaskSetTimeOutState
S		#define xTaskCheckForTimeOut					MPU_xTaskCheckForTimeOut
S		#define xTaskGetSchedulerState					MPU_xTaskGetSchedulerState
S
S		/* Map standard queue.h API functions to the MPU equivalents. */
S		#define xQueueGenericSend						MPU_xQueueGenericSend
S		#define xQueueReceive							MPU_xQueueReceive
S		#define xQueuePeek								MPU_xQueuePeek
S		#define xQueueSemaphoreTake						MPU_xQueueSemaphoreTake
S		#define uxQueueMessagesWaiting					MPU_uxQueueMessagesWaiting
S		#define uxQueueSpacesAvailable					MPU_uxQueueSpacesAvailable
S		#define vQueueDelete							MPU_vQueueDelete
S		#define xQueueCreateMutex						MPU_xQueueCreateMutex
S		#define xQueueCreateMutexStatic					MPU_xQueueCreateMutexStatic
S		#define xQueueCreateCountingSemaphore			MPU_xQueueCreateCountingSemaphore
S		#define xQueueCreateCountingSemaphoreStatic		MPU_xQueueCreateCountingSemaphoreStatic
S		#define xQueueGetMutexHolder					MPU_xQueueGetMutexHolder
S		#define xQueueTakeMutexRecursive				MPU_xQueueTakeMutexRecursive
S		#define xQueueGiveMutexRecursive				MPU_xQueueGiveMutexRecursive
S		#define xQueueGenericCreate						MPU_xQueueGenericCreate
S		#define xQueueGenericCreateStatic				MPU_xQueueGenericCreateStatic
S		#define xQueueCreateSet							MPU_xQueueCreateSet
S		#define xQueueAddToSet							MPU_xQueueAddToSet
S		#define xQueueRemoveFromSet						MPU_xQueueRemoveFromSet
S		#define xQueueSelectFromSet						MPU_xQueueSelectFromSet
S		#define xQueueGenericReset						MPU_xQueueGenericReset
S
S		#if( configQUEUE_REGISTRY_SIZE > 0 )
S			#define vQueueAddToRegistry						MPU_vQueueAddToRegistry
S			#define vQueueUnregisterQueue					MPU_vQueueUnregisterQueue
S			#define pcQueueGetName							MPU_pcQueueGetName
S		#endif
S
S		/* Map standard timer.h API functions to the MPU equivalents. */
S		#define xTimerCreate							MPU_xTimerCreate
S		#define xTimerCreateStatic						MPU_xTimerCreateStatic
S		#define pvTimerGetTimerID						MPU_pvTimerGetTimerID
S		#define vTimerSetTimerID						MPU_vTimerSetTimerID
S		#define xTimerIsTimerActive						MPU_xTimerIsTimerActive
S		#define xTimerGetTimerDaemonTaskHandle			MPU_xTimerGetTimerDaemonTaskHandle
S		#define xTimerPendFunctionCall					MPU_xTimerPendFunctionCall
S		#define pcTimerGetName							MPU_pcTimerGetName
S		#define vTimerSetReloadMode						MPU_vTimerSetReloadMode
S		#define uxTimerGetReloadMode					MPU_uxTimerGetReloadMode
S		#define xTimerGetPeriod							MPU_xTimerGetPeriod
S		#define xTimerGetExpiryTime						MPU_xTimerGetExpiryTime
S		#define xTimerGenericCommand					MPU_xTimerGenericCommand
S
S		/* Map standard event_group.h API functions to the MPU equivalents. */
S		#define xEventGroupCreate						MPU_xEventGroupCreate
S		#define xEventGroupCreateStatic					MPU_xEventGroupCreateStatic
S		#define xEventGroupWaitBits						MPU_xEventGroupWaitBits
S		#define xEventGroupClearBits					MPU_xEventGroupClearBits
S		#define xEventGroupSetBits						MPU_xEventGroupSetBits
S		#define xEventGroupSync							MPU_xEventGroupSync
S		#define vEventGroupDelete						MPU_vEventGroupDelete
S
S		/* Map standard message/stream_buffer.h API functions to the MPU
S		equivalents. */
S		#define xStreamBufferSend						MPU_xStreamBufferSend
S		#define xStreamBufferReceive					MPU_xStreamBufferReceive
S		#define xStreamBufferNextMessageLengthBytes		MPU_xStreamBufferNextMessageLengthBytes
S		#define vStreamBufferDelete						MPU_vStreamBufferDelete
S		#define xStreamBufferIsFull						MPU_xStreamBufferIsFull
S		#define xStreamBufferIsEmpty					MPU_xStreamBufferIsEmpty
S		#define xStreamBufferReset						MPU_xStreamBufferReset
S		#define xStreamBufferSpacesAvailable			MPU_xStreamBufferSpacesAvailable
S		#define xStreamBufferBytesAvailable				MPU_xStreamBufferBytesAvailable
S		#define xStreamBufferSetTriggerLevel			MPU_xStreamBufferSetTriggerLevel
S		#define xStreamBufferGenericCreate				MPU_xStreamBufferGenericCreate
S		#define xStreamBufferGenericCreateStatic		MPU_xStreamBufferGenericCreateStatic
S
S
S		/* Remove the privileged function macro, but keep the PRIVILEGED_DATA
S		macro so applications can place data in privileged access sections
S		(useful when using statically allocated objects). */
S		#define PRIVILEGED_FUNCTION
S		#define PRIVILEGED_DATA __attribute__((section("privileged_data")))
S		#define FREERTOS_SYSTEM_CALL
S
S	#else /* MPU_WRAPPERS_INCLUDED_FROM_API_FILE */
S
S		/* Ensure API functions go in the privileged execution section. */
S		#define PRIVILEGED_FUNCTION __attribute__((section("privileged_functions")))
S		#define PRIVILEGED_DATA __attribute__((section("privileged_data")))
S		#define FREERTOS_SYSTEM_CALL __attribute__((section( "freertos_system_calls")))
S
S	#endif /* MPU_WRAPPERS_INCLUDED_FROM_API_FILE */
S
N#else /* portUSING_MPU_WRAPPERS */
N
N	#define PRIVILEGED_FUNCTION
N	#define PRIVILEGED_DATA
N	#define FREERTOS_SYSTEM_CALL
N	#define portUSING_MPU_WRAPPERS 0
N
N#endif /* portUSING_MPU_WRAPPERS */
N
N
N#endif /* MPU_WRAPPERS_H */
N
L 100 "../Middlewares/Third_Party/FreeRTOS/Source/include/portable.h" 2
N
N/*
N * Setup the stack of a new task so it is ready to be placed under the
N * scheduler control.  The registers have to be placed on the stack in
N * the order that the port expects to find them.
N *
N */
N#if( portUSING_MPU_WRAPPERS == 1 )
X#if( 0 == 1 )
S	#if( portHAS_STACK_OVERFLOW_CHECKING == 1 )
S		StackType_t *pxPortInitialiseStack( StackType_t *pxTopOfStack, StackType_t *pxEndOfStack, TaskFunction_t pxCode, void *pvParameters, BaseType_t xRunPrivileged ) PRIVILEGED_FUNCTION;
S	#else
S		StackType_t *pxPortInitialiseStack( StackType_t *pxTopOfStack, TaskFunction_t pxCode, void *pvParameters, BaseType_t xRunPrivileged ) PRIVILEGED_FUNCTION;
S	#endif
N#else
N	#if( portHAS_STACK_OVERFLOW_CHECKING == 1 )
X	#if( 0 == 1 )
S		StackType_t *pxPortInitialiseStack( StackType_t *pxTopOfStack, StackType_t *pxEndOfStack, TaskFunction_t pxCode, void *pvParameters ) PRIVILEGED_FUNCTION;
N	#else
N		StackType_t *pxPortInitialiseStack( StackType_t *pxTopOfStack, TaskFunction_t pxCode, void *pvParameters ) PRIVILEGED_FUNCTION;
X		StackType_t *pxPortInitialiseStack( StackType_t *pxTopOfStack, TaskFunction_t pxCode, void *pvParameters ) ;
N	#endif
N#endif
N
N/* Used by heap_5.c to define the start address and size of each memory region
Nthat together comprise the total FreeRTOS heap space. */
Ntypedef struct HeapRegion
N{
N	uint8_t *pucStartAddress;
N	size_t xSizeInBytes;
N} HeapRegion_t;
N
N/* Used to pass information about the heap out of vPortGetHeapStats(). */
Ntypedef struct xHeapStats
N{
N	size_t xAvailableHeapSpaceInBytes;		/* The total heap size currently available - this is the sum of all the free blocks, not the largest block that can be allocated. */
N	size_t xSizeOfLargestFreeBlockInBytes; 	/* The maximum size, in bytes, of all the free blocks within the heap at the time vPortGetHeapStats() is called. */
N	size_t xSizeOfSmallestFreeBlockInBytes; /* The minimum size, in bytes, of all the free blocks within the heap at the time vPortGetHeapStats() is called. */
N	size_t xNumberOfFreeBlocks;				/* The number of free memory blocks within the heap at the time vPortGetHeapStats() is called. */
N	size_t xMinimumEverFreeBytesRemaining;	/* The minimum amount of total free memory (sum of all free blocks) there has been in the heap since the system booted. */
N	size_t xNumberOfSuccessfulAllocations;	/* The number of calls to pvPortMalloc() that have returned a valid memory block. */
N	size_t xNumberOfSuccessfulFrees;		/* The number of calls to vPortFree() that has successfully freed a block of memory. */
N} HeapStats_t;
N
N/*
N * Used to define multiple heap regions for use by heap_5.c.  This function
N * must be called before any calls to pvPortMalloc() - not creating a task,
N * queue, semaphore, mutex, software timer, event group, etc. will result in
N * pvPortMalloc being called.
N *
N * pxHeapRegions passes in an array of HeapRegion_t structures - each of which
N * defines a region of memory that can be used as the heap.  The array is
N * terminated by a HeapRegions_t structure that has a size of 0.  The region
N * with the lowest start address must appear first in the array.
N */
Nvoid vPortDefineHeapRegions( const HeapRegion_t * const pxHeapRegions ) PRIVILEGED_FUNCTION;
Xvoid vPortDefineHeapRegions( const HeapRegion_t * const pxHeapRegions ) ;
N
N/*
N * Returns a HeapStats_t structure filled with information about the current
N * heap state.
N */
Nvoid vPortGetHeapStats( HeapStats_t *pxHeapStats );
N
N/*
N * Map to the memory management routines required for the port.
N */
Nvoid *pvPortMalloc( size_t xSize ) PRIVILEGED_FUNCTION;
Xvoid *pvPortMalloc( size_t xSize ) ;
Nvoid vPortFree( void *pv ) PRIVILEGED_FUNCTION;
Xvoid vPortFree( void *pv ) ;
Nvoid vPortInitialiseBlocks( void ) PRIVILEGED_FUNCTION;
Xvoid vPortInitialiseBlocks( void ) ;
Nsize_t xPortGetFreeHeapSize( void ) PRIVILEGED_FUNCTION;
Xsize_t xPortGetFreeHeapSize( void ) ;
Nsize_t xPortGetMinimumEverFreeHeapSize( void ) PRIVILEGED_FUNCTION;
Xsize_t xPortGetMinimumEverFreeHeapSize( void ) ;
N
N/*
N * Setup the hardware ready for the scheduler to take control.  This generally
N * sets up a tick interrupt and sets timers for the correct tick frequency.
N */
NBaseType_t xPortStartScheduler( void ) PRIVILEGED_FUNCTION;
XBaseType_t xPortStartScheduler( void ) ;
N
N/*
N * Undo any hardware/ISR setup that was performed by xPortStartScheduler() so
N * the hardware is left in its original condition after the scheduler stops
N * executing.
N */
Nvoid vPortEndScheduler( void ) PRIVILEGED_FUNCTION;
Xvoid vPortEndScheduler( void ) ;
N
N/*
N * The structures and methods of manipulating the MPU are contained within the
N * port layer.
N *
N * Fills the xMPUSettings structure with the memory region information
N * contained in xRegions.
N */
N#if( portUSING_MPU_WRAPPERS == 1 )
X#if( 0 == 1 )
S	struct xMEMORY_REGION;
S	void vPortStoreTaskMPUSettings( xMPU_SETTINGS *xMPUSettings, const struct xMEMORY_REGION * const xRegions, StackType_t *pxBottomOfStack, uint32_t ulStackDepth ) PRIVILEGED_FUNCTION;
N#endif
N
N#ifdef __cplusplus
S}
N#endif
N
N#endif /* PORTABLE_H */
N
L 63 "../Middlewares/Third_Party/FreeRTOS/Source/include/FreeRTOS.h" 2
N
N/* Must be defaulted before configUSE_NEWLIB_REENTRANT is used below. */
N#ifndef configUSE_NEWLIB_REENTRANT
N	#define configUSE_NEWLIB_REENTRANT 0
N#endif
N
N/* Required if struct _reent is used. */
N#if ( configUSE_NEWLIB_REENTRANT == 1 )
X#if ( 0 == 1 )
S	#include <reent.h>
N#endif
N/*
N * Check all the required application specific macros have been defined.
N * These macros are application specific and (as downloaded) are defined
N * within FreeRTOSConfig.h.
N */
N
N#ifndef configMINIMAL_STACK_SIZE
S	#error Missing definition:  configMINIMAL_STACK_SIZE must be defined in FreeRTOSConfig.h.  configMINIMAL_STACK_SIZE defines the size (in words) of the stack allocated to the idle task.  Refer to the demo project provided for your port for a suitable value.
N#endif
N
N#ifndef configMAX_PRIORITIES
S	#error Missing definition:  configMAX_PRIORITIES must be defined in FreeRTOSConfig.h.  See the Configuration section of the FreeRTOS API documentation for details.
N#endif
N
N#if configMAX_PRIORITIES < 1
X#if ( 56 ) < 1
S	#error configMAX_PRIORITIES must be defined to be greater than or equal to 1.
N#endif
N
N#ifndef configUSE_PREEMPTION
S	#error Missing definition:  configUSE_PREEMPTION must be defined in FreeRTOSConfig.h as either 1 or 0.  See the Configuration section of the FreeRTOS API documentation for details.
N#endif
N
N#ifndef configUSE_IDLE_HOOK
S	#error Missing definition:  configUSE_IDLE_HOOK must be defined in FreeRTOSConfig.h as either 1 or 0.  See the Configuration section of the FreeRTOS API documentation for details.
N#endif
N
N#ifndef configUSE_TICK_HOOK
S	#error Missing definition:  configUSE_TICK_HOOK must be defined in FreeRTOSConfig.h as either 1 or 0.  See the Configuration section of the FreeRTOS API documentation for details.
N#endif
N
N#ifndef configUSE_16_BIT_TICKS
S	#error Missing definition:  configUSE_16_BIT_TICKS must be defined in FreeRTOSConfig.h as either 1 or 0.  See the Configuration section of the FreeRTOS API documentation for details.
N#endif
N
N#ifndef configUSE_CO_ROUTINES
S	#define configUSE_CO_ROUTINES 0
N#endif
N
N#ifndef INCLUDE_vTaskPrioritySet
S	#define INCLUDE_vTaskPrioritySet 0
N#endif
N
N#ifndef INCLUDE_uxTaskPriorityGet
S	#define INCLUDE_uxTaskPriorityGet 0
N#endif
N
N#ifndef INCLUDE_vTaskDelete
S	#define INCLUDE_vTaskDelete 0
N#endif
N
N#ifndef INCLUDE_vTaskSuspend
S	#define INCLUDE_vTaskSuspend 0
N#endif
N
N#ifndef INCLUDE_vTaskDelayUntil
S	#define INCLUDE_vTaskDelayUntil 0
N#endif
N
N#ifndef INCLUDE_vTaskDelay
S	#define INCLUDE_vTaskDelay 0
N#endif
N
N#ifndef INCLUDE_xTaskGetIdleTaskHandle
N	#define INCLUDE_xTaskGetIdleTaskHandle 0
N#endif
N
N#ifndef INCLUDE_xTaskAbortDelay
N	#define INCLUDE_xTaskAbortDelay 0
N#endif
N
N#ifndef INCLUDE_xQueueGetMutexHolder
S	#define INCLUDE_xQueueGetMutexHolder 0
N#endif
N
N#ifndef INCLUDE_xSemaphoreGetMutexHolder
N	#define INCLUDE_xSemaphoreGetMutexHolder INCLUDE_xQueueGetMutexHolder
N#endif
N
N#ifndef INCLUDE_xTaskGetHandle
N	#define INCLUDE_xTaskGetHandle 0
N#endif
N
N#ifndef INCLUDE_uxTaskGetStackHighWaterMark
S	#define INCLUDE_uxTaskGetStackHighWaterMark 0
N#endif
N
N#ifndef INCLUDE_uxTaskGetStackHighWaterMark2
N	#define INCLUDE_uxTaskGetStackHighWaterMark2 0
N#endif
N
N#ifndef INCLUDE_eTaskGetState
S	#define INCLUDE_eTaskGetState 0
N#endif
N
N#ifndef INCLUDE_xTaskResumeFromISR
N	#define INCLUDE_xTaskResumeFromISR 1
N#endif
N
N#ifndef INCLUDE_xTimerPendFunctionCall
S	#define INCLUDE_xTimerPendFunctionCall 0
N#endif
N
N#ifndef INCLUDE_xTaskGetSchedulerState
S	#define INCLUDE_xTaskGetSchedulerState 0
N#endif
N
N#ifndef INCLUDE_xTaskGetCurrentTaskHandle
S	#define INCLUDE_xTaskGetCurrentTaskHandle 0
N#endif
N
N#if configUSE_CO_ROUTINES != 0
X#if 0 != 0
S	#ifndef configMAX_CO_ROUTINE_PRIORITIES
S		#error configMAX_CO_ROUTINE_PRIORITIES must be greater than or equal to 1.
S	#endif
N#endif
N
N#ifndef configUSE_DAEMON_TASK_STARTUP_HOOK
N	#define configUSE_DAEMON_TASK_STARTUP_HOOK 0
N#endif
N
N#ifndef configUSE_APPLICATION_TASK_TAG
S	#define configUSE_APPLICATION_TASK_TAG 0
N#endif
N
N#ifndef configNUM_THREAD_LOCAL_STORAGE_POINTERS
N	#define configNUM_THREAD_LOCAL_STORAGE_POINTERS 0
N#endif
N
N#ifndef configUSE_RECURSIVE_MUTEXES
S	#define configUSE_RECURSIVE_MUTEXES 0
N#endif
N
N#ifndef configUSE_MUTEXES
S	#define configUSE_MUTEXES 0
N#endif
N
N#ifndef configUSE_TIMERS
S	#define configUSE_TIMERS 0
N#endif
N
N#ifndef configUSE_COUNTING_SEMAPHORES
S	#define configUSE_COUNTING_SEMAPHORES 0
N#endif
N
N#ifndef configUSE_ALTERNATIVE_API
N	#define configUSE_ALTERNATIVE_API 0
N#endif
N
N#ifndef portCRITICAL_NESTING_IN_TCB
N	#define portCRITICAL_NESTING_IN_TCB 0
N#endif
N
N#ifndef configMAX_TASK_NAME_LEN
S	#define configMAX_TASK_NAME_LEN 16
N#endif
N
N#ifndef configIDLE_SHOULD_YIELD
N	#define configIDLE_SHOULD_YIELD		1
N#endif
N
N#if configMAX_TASK_NAME_LEN < 1
X#if ( 16 ) < 1
S	#error configMAX_TASK_NAME_LEN must be set to a minimum of 1 in FreeRTOSConfig.h
N#endif
N
N#ifndef configASSERT
S	#define configASSERT( x )
S	#define configASSERT_DEFINED 0
N#else
N	#define configASSERT_DEFINED 1
N#endif
N
N/* configPRECONDITION should be defined as configASSERT.
NThe CBMC proofs need a way to track assumptions and assertions.
NA configPRECONDITION statement should express an implicit invariant or
Nassumption made.  A configASSERT statement should express an invariant that must
Nhold explicit before calling the code. */
N#ifndef configPRECONDITION
N	#define configPRECONDITION( X ) configASSERT(X)
N	#define configPRECONDITION_DEFINED 0
N#else
S	#define configPRECONDITION_DEFINED 1
N#endif
N
N#ifndef portMEMORY_BARRIER
N	#define portMEMORY_BARRIER()
N#endif
N
N#ifndef portSOFTWARE_BARRIER
N	#define portSOFTWARE_BARRIER()
N#endif
N
N/* The timers module relies on xTaskGetSchedulerState(). */
N#if configUSE_TIMERS == 1
X#if 1 == 1
N
N	#ifndef configTIMER_TASK_PRIORITY
S		#error If configUSE_TIMERS is set to 1 then configTIMER_TASK_PRIORITY must also be defined.
N	#endif /* configTIMER_TASK_PRIORITY */
N
N	#ifndef configTIMER_QUEUE_LENGTH
S		#error If configUSE_TIMERS is set to 1 then configTIMER_QUEUE_LENGTH must also be defined.
N	#endif /* configTIMER_QUEUE_LENGTH */
N
N	#ifndef configTIMER_TASK_STACK_DEPTH
S		#error If configUSE_TIMERS is set to 1 then configTIMER_TASK_STACK_DEPTH must also be defined.
N	#endif /* configTIMER_TASK_STACK_DEPTH */
N
N#endif /* configUSE_TIMERS */
N
N#ifndef portSET_INTERRUPT_MASK_FROM_ISR
S	#define portSET_INTERRUPT_MASK_FROM_ISR() 0
N#endif
N
N#ifndef portCLEAR_INTERRUPT_MASK_FROM_ISR
S	#define portCLEAR_INTERRUPT_MASK_FROM_ISR( uxSavedStatusValue ) ( void ) uxSavedStatusValue
N#endif
N
N#ifndef portCLEAN_UP_TCB
N	#define portCLEAN_UP_TCB( pxTCB ) ( void ) pxTCB
N#endif
N
N#ifndef portPRE_TASK_DELETE_HOOK
N	#define portPRE_TASK_DELETE_HOOK( pvTaskToDelete, pxYieldPending )
N#endif
N
N#ifndef portSETUP_TCB
N	#define portSETUP_TCB( pxTCB ) ( void ) pxTCB
N#endif
N
N#ifndef configQUEUE_REGISTRY_SIZE
S	#define configQUEUE_REGISTRY_SIZE 0U
N#endif
N
N#if ( configQUEUE_REGISTRY_SIZE < 1 )
X#if ( 8 < 1 )
S	#define vQueueAddToRegistry( xQueue, pcName )
S	#define vQueueUnregisterQueue( xQueue )
S	#define pcQueueGetName( xQueue )
N#endif
N
N#ifndef portPOINTER_SIZE_TYPE
N	#define portPOINTER_SIZE_TYPE uint32_t
N#endif
N
N/* Remove any unused trace macros. */
N#ifndef traceSTART
N	/* Used to perform any necessary initialisation - for example, open a file
N	into which trace is to be written. */
N	#define traceSTART()
N#endif
N
N#ifndef traceEND
N	/* Use to close a trace, for example close a file into which trace has been
N	written. */
N	#define traceEND()
N#endif
N
N#ifndef traceTASK_SWITCHED_IN
N	/* Called after a task has been selected to run.  pxCurrentTCB holds a pointer
N	to the task control block of the selected task. */
N	#define traceTASK_SWITCHED_IN()
N#endif
N
N#ifndef traceINCREASE_TICK_COUNT
N	/* Called before stepping the tick count after waking from tickless idle
N	sleep. */
N	#define traceINCREASE_TICK_COUNT( x )
N#endif
N
N#ifndef traceLOW_POWER_IDLE_BEGIN
N	/* Called immediately before entering tickless idle. */
N	#define traceLOW_POWER_IDLE_BEGIN()
N#endif
N
N#ifndef	traceLOW_POWER_IDLE_END
N	/* Called when returning to the Idle task after a tickless idle. */
N	#define traceLOW_POWER_IDLE_END()
N#endif
N
N#ifndef traceTASK_SWITCHED_OUT
N	/* Called before a task has been selected to run.  pxCurrentTCB holds a pointer
N	to the task control block of the task being switched out. */
N	#define traceTASK_SWITCHED_OUT()
N#endif
N
N#ifndef traceTASK_PRIORITY_INHERIT
N	/* Called when a task attempts to take a mutex that is already held by a
N	lower priority task.  pxTCBOfMutexHolder is a pointer to the TCB of the task
N	that holds the mutex.  uxInheritedPriority is the priority the mutex holder
N	will inherit (the priority of the task that is attempting to obtain the
N	muted. */
N	#define traceTASK_PRIORITY_INHERIT( pxTCBOfMutexHolder, uxInheritedPriority )
N#endif
N
N#ifndef traceTASK_PRIORITY_DISINHERIT
N	/* Called when a task releases a mutex, the holding of which had resulted in
N	the task inheriting the priority of a higher priority task.
N	pxTCBOfMutexHolder is a pointer to the TCB of the task that is releasing the
N	mutex.  uxOriginalPriority is the task's configured (base) priority. */
N	#define traceTASK_PRIORITY_DISINHERIT( pxTCBOfMutexHolder, uxOriginalPriority )
N#endif
N
N#ifndef traceBLOCKING_ON_QUEUE_RECEIVE
N	/* Task is about to block because it cannot read from a
N	queue/mutex/semaphore.  pxQueue is a pointer to the queue/mutex/semaphore
N	upon which the read was attempted.  pxCurrentTCB points to the TCB of the
N	task that attempted the read. */
N	#define traceBLOCKING_ON_QUEUE_RECEIVE( pxQueue )
N#endif
N
N#ifndef traceBLOCKING_ON_QUEUE_PEEK
N	/* Task is about to block because it cannot read from a
N	queue/mutex/semaphore.  pxQueue is a pointer to the queue/mutex/semaphore
N	upon which the read was attempted.  pxCurrentTCB points to the TCB of the
N	task that attempted the read. */
N	#define traceBLOCKING_ON_QUEUE_PEEK( pxQueue )
N#endif
N
N#ifndef traceBLOCKING_ON_QUEUE_SEND
N	/* Task is about to block because it cannot write to a
N	queue/mutex/semaphore.  pxQueue is a pointer to the queue/mutex/semaphore
N	upon which the write was attempted.  pxCurrentTCB points to the TCB of the
N	task that attempted the write. */
N	#define traceBLOCKING_ON_QUEUE_SEND( pxQueue )
N#endif
N
N#ifndef configCHECK_FOR_STACK_OVERFLOW
N	#define configCHECK_FOR_STACK_OVERFLOW 0
N#endif
N
N#ifndef configRECORD_STACK_HIGH_ADDRESS
N	#define configRECORD_STACK_HIGH_ADDRESS 0
N#endif
N
N#ifndef configINCLUDE_FREERTOS_TASK_C_ADDITIONS_H
N	#define configINCLUDE_FREERTOS_TASK_C_ADDITIONS_H 0
N#endif
N
N/* The following event macros are embedded in the kernel API calls. */
N
N#ifndef traceMOVED_TASK_TO_READY_STATE
N	#define traceMOVED_TASK_TO_READY_STATE( pxTCB )
N#endif
N
N#ifndef tracePOST_MOVED_TASK_TO_READY_STATE
N	#define tracePOST_MOVED_TASK_TO_READY_STATE( pxTCB )
N#endif
N
N#ifndef traceQUEUE_CREATE
N	#define traceQUEUE_CREATE( pxNewQueue )
N#endif
N
N#ifndef traceQUEUE_CREATE_FAILED
N	#define traceQUEUE_CREATE_FAILED( ucQueueType )
N#endif
N
N#ifndef traceCREATE_MUTEX
N	#define traceCREATE_MUTEX( pxNewQueue )
N#endif
N
N#ifndef traceCREATE_MUTEX_FAILED
N	#define traceCREATE_MUTEX_FAILED()
N#endif
N
N#ifndef traceGIVE_MUTEX_RECURSIVE
N	#define traceGIVE_MUTEX_RECURSIVE( pxMutex )
N#endif
N
N#ifndef traceGIVE_MUTEX_RECURSIVE_FAILED
N	#define traceGIVE_MUTEX_RECURSIVE_FAILED( pxMutex )
N#endif
N
N#ifndef traceTAKE_MUTEX_RECURSIVE
N	#define traceTAKE_MUTEX_RECURSIVE( pxMutex )
N#endif
N
N#ifndef traceTAKE_MUTEX_RECURSIVE_FAILED
N	#define traceTAKE_MUTEX_RECURSIVE_FAILED( pxMutex )
N#endif
N
N#ifndef traceCREATE_COUNTING_SEMAPHORE
N	#define traceCREATE_COUNTING_SEMAPHORE()
N#endif
N
N#ifndef traceCREATE_COUNTING_SEMAPHORE_FAILED
N	#define traceCREATE_COUNTING_SEMAPHORE_FAILED()
N#endif
N
N#ifndef traceQUEUE_SEND
N	#define traceQUEUE_SEND( pxQueue )
N#endif
N
N#ifndef traceQUEUE_SEND_FAILED
N	#define traceQUEUE_SEND_FAILED( pxQueue )
N#endif
N
N#ifndef traceQUEUE_RECEIVE
N	#define traceQUEUE_RECEIVE( pxQueue )
N#endif
N
N#ifndef traceQUEUE_PEEK
N	#define traceQUEUE_PEEK( pxQueue )
N#endif
N
N#ifndef traceQUEUE_PEEK_FAILED
N	#define traceQUEUE_PEEK_FAILED( pxQueue )
N#endif
N
N#ifndef traceQUEUE_PEEK_FROM_ISR
N	#define traceQUEUE_PEEK_FROM_ISR( pxQueue )
N#endif
N
N#ifndef traceQUEUE_RECEIVE_FAILED
N	#define traceQUEUE_RECEIVE_FAILED( pxQueue )
N#endif
N
N#ifndef traceQUEUE_SEND_FROM_ISR
N	#define traceQUEUE_SEND_FROM_ISR( pxQueue )
N#endif
N
N#ifndef traceQUEUE_SEND_FROM_ISR_FAILED
N	#define traceQUEUE_SEND_FROM_ISR_FAILED( pxQueue )
N#endif
N
N#ifndef traceQUEUE_RECEIVE_FROM_ISR
N	#define traceQUEUE_RECEIVE_FROM_ISR( pxQueue )
N#endif
N
N#ifndef traceQUEUE_RECEIVE_FROM_ISR_FAILED
N	#define traceQUEUE_RECEIVE_FROM_ISR_FAILED( pxQueue )
N#endif
N
N#ifndef traceQUEUE_PEEK_FROM_ISR_FAILED
N	#define traceQUEUE_PEEK_FROM_ISR_FAILED( pxQueue )
N#endif
N
N#ifndef traceQUEUE_DELETE
N	#define traceQUEUE_DELETE( pxQueue )
N#endif
N
N#ifndef traceTASK_CREATE
N	#define traceTASK_CREATE( pxNewTCB )
N#endif
N
N#ifndef traceTASK_CREATE_FAILED
N	#define traceTASK_CREATE_FAILED()
N#endif
N
N#ifndef traceTASK_DELETE
N	#define traceTASK_DELETE( pxTaskToDelete )
N#endif
N
N#ifndef traceTASK_DELAY_UNTIL
N	#define traceTASK_DELAY_UNTIL( x )
N#endif
N
N#ifndef traceTASK_DELAY
N	#define traceTASK_DELAY()
N#endif
N
N#ifndef traceTASK_PRIORITY_SET
N	#define traceTASK_PRIORITY_SET( pxTask, uxNewPriority )
N#endif
N
N#ifndef traceTASK_SUSPEND
N	#define traceTASK_SUSPEND( pxTaskToSuspend )
N#endif
N
N#ifndef traceTASK_RESUME
N	#define traceTASK_RESUME( pxTaskToResume )
N#endif
N
N#ifndef traceTASK_RESUME_FROM_ISR
N	#define traceTASK_RESUME_FROM_ISR( pxTaskToResume )
N#endif
N
N#ifndef traceTASK_INCREMENT_TICK
N	#define traceTASK_INCREMENT_TICK( xTickCount )
N#endif
N
N#ifndef traceTIMER_CREATE
N	#define traceTIMER_CREATE( pxNewTimer )
N#endif
N
N#ifndef traceTIMER_CREATE_FAILED
N	#define traceTIMER_CREATE_FAILED()
N#endif
N
N#ifndef traceTIMER_COMMAND_SEND
N	#define traceTIMER_COMMAND_SEND( xTimer, xMessageID, xMessageValueValue, xReturn )
N#endif
N
N#ifndef traceTIMER_EXPIRED
N	#define traceTIMER_EXPIRED( pxTimer )
N#endif
N
N#ifndef traceTIMER_COMMAND_RECEIVED
N	#define traceTIMER_COMMAND_RECEIVED( pxTimer, xMessageID, xMessageValue )
N#endif
N
N#ifndef traceMALLOC
N    #define traceMALLOC( pvAddress, uiSize )
N#endif
N
N#ifndef traceFREE
N    #define traceFREE( pvAddress, uiSize )
N#endif
N
N#ifndef traceEVENT_GROUP_CREATE
N	#define traceEVENT_GROUP_CREATE( xEventGroup )
N#endif
N
N#ifndef traceEVENT_GROUP_CREATE_FAILED
N	#define traceEVENT_GROUP_CREATE_FAILED()
N#endif
N
N#ifndef traceEVENT_GROUP_SYNC_BLOCK
N	#define traceEVENT_GROUP_SYNC_BLOCK( xEventGroup, uxBitsToSet, uxBitsToWaitFor )
N#endif
N
N#ifndef traceEVENT_GROUP_SYNC_END
N	#define traceEVENT_GROUP_SYNC_END( xEventGroup, uxBitsToSet, uxBitsToWaitFor, xTimeoutOccurred ) ( void ) xTimeoutOccurred
N#endif
N
N#ifndef traceEVENT_GROUP_WAIT_BITS_BLOCK
N	#define traceEVENT_GROUP_WAIT_BITS_BLOCK( xEventGroup, uxBitsToWaitFor )
N#endif
N
N#ifndef traceEVENT_GROUP_WAIT_BITS_END
N	#define traceEVENT_GROUP_WAIT_BITS_END( xEventGroup, uxBitsToWaitFor, xTimeoutOccurred ) ( void ) xTimeoutOccurred
N#endif
N
N#ifndef traceEVENT_GROUP_CLEAR_BITS
N	#define traceEVENT_GROUP_CLEAR_BITS( xEventGroup, uxBitsToClear )
N#endif
N
N#ifndef traceEVENT_GROUP_CLEAR_BITS_FROM_ISR
N	#define traceEVENT_GROUP_CLEAR_BITS_FROM_ISR( xEventGroup, uxBitsToClear )
N#endif
N
N#ifndef traceEVENT_GROUP_SET_BITS
N	#define traceEVENT_GROUP_SET_BITS( xEventGroup, uxBitsToSet )
N#endif
N
N#ifndef traceEVENT_GROUP_SET_BITS_FROM_ISR
N	#define traceEVENT_GROUP_SET_BITS_FROM_ISR( xEventGroup, uxBitsToSet )
N#endif
N
N#ifndef traceEVENT_GROUP_DELETE
N	#define traceEVENT_GROUP_DELETE( xEventGroup )
N#endif
N
N#ifndef tracePEND_FUNC_CALL
N	#define tracePEND_FUNC_CALL(xFunctionToPend, pvParameter1, ulParameter2, ret)
N#endif
N
N#ifndef tracePEND_FUNC_CALL_FROM_ISR
N	#define tracePEND_FUNC_CALL_FROM_ISR(xFunctionToPend, pvParameter1, ulParameter2, ret)
N#endif
N
N#ifndef traceQUEUE_REGISTRY_ADD
N	#define traceQUEUE_REGISTRY_ADD(xQueue, pcQueueName)
N#endif
N
N#ifndef traceTASK_NOTIFY_TAKE_BLOCK
N	#define traceTASK_NOTIFY_TAKE_BLOCK()
N#endif
N
N#ifndef traceTASK_NOTIFY_TAKE
N	#define traceTASK_NOTIFY_TAKE()
N#endif
N
N#ifndef traceTASK_NOTIFY_WAIT_BLOCK
N	#define traceTASK_NOTIFY_WAIT_BLOCK()
N#endif
N
N#ifndef traceTASK_NOTIFY_WAIT
N	#define traceTASK_NOTIFY_WAIT()
N#endif
N
N#ifndef traceTASK_NOTIFY
N	#define traceTASK_NOTIFY()
N#endif
N
N#ifndef traceTASK_NOTIFY_FROM_ISR
N	#define traceTASK_NOTIFY_FROM_ISR()
N#endif
N
N#ifndef traceTASK_NOTIFY_GIVE_FROM_ISR
N	#define traceTASK_NOTIFY_GIVE_FROM_ISR()
N#endif
N
N#ifndef traceSTREAM_BUFFER_CREATE_FAILED
N	#define traceSTREAM_BUFFER_CREATE_FAILED( xIsMessageBuffer )
N#endif
N
N#ifndef traceSTREAM_BUFFER_CREATE_STATIC_FAILED
N	#define traceSTREAM_BUFFER_CREATE_STATIC_FAILED( xReturn, xIsMessageBuffer )
N#endif
N
N#ifndef traceSTREAM_BUFFER_CREATE
N	#define traceSTREAM_BUFFER_CREATE( pxStreamBuffer, xIsMessageBuffer )
N#endif
N
N#ifndef traceSTREAM_BUFFER_DELETE
N	#define traceSTREAM_BUFFER_DELETE( xStreamBuffer )
N#endif
N
N#ifndef traceSTREAM_BUFFER_RESET
N	#define traceSTREAM_BUFFER_RESET( xStreamBuffer )
N#endif
N
N#ifndef traceBLOCKING_ON_STREAM_BUFFER_SEND
N	#define traceBLOCKING_ON_STREAM_BUFFER_SEND( xStreamBuffer )
N#endif
N
N#ifndef traceSTREAM_BUFFER_SEND
N	#define traceSTREAM_BUFFER_SEND( xStreamBuffer, xBytesSent )
N#endif
N
N#ifndef traceSTREAM_BUFFER_SEND_FAILED
N	#define traceSTREAM_BUFFER_SEND_FAILED( xStreamBuffer )
N#endif
N
N#ifndef traceSTREAM_BUFFER_SEND_FROM_ISR
N	#define traceSTREAM_BUFFER_SEND_FROM_ISR( xStreamBuffer, xBytesSent )
N#endif
N
N#ifndef traceBLOCKING_ON_STREAM_BUFFER_RECEIVE
N	#define traceBLOCKING_ON_STREAM_BUFFER_RECEIVE( xStreamBuffer )
N#endif
N
N#ifndef traceSTREAM_BUFFER_RECEIVE
N	#define traceSTREAM_BUFFER_RECEIVE( xStreamBuffer, xReceivedLength )
N#endif
N
N#ifndef traceSTREAM_BUFFER_RECEIVE_FAILED
N	#define traceSTREAM_BUFFER_RECEIVE_FAILED( xStreamBuffer )
N#endif
N
N#ifndef traceSTREAM_BUFFER_RECEIVE_FROM_ISR
N	#define traceSTREAM_BUFFER_RECEIVE_FROM_ISR( xStreamBuffer, xReceivedLength )
N#endif
N
N#ifndef configGENERATE_RUN_TIME_STATS
N	#define configGENERATE_RUN_TIME_STATS 0
N#endif
N
N#if ( configGENERATE_RUN_TIME_STATS == 1 )
X#if ( 0 == 1 )
S
S	#ifndef portCONFIGURE_TIMER_FOR_RUN_TIME_STATS
S		#error If configGENERATE_RUN_TIME_STATS is defined then portCONFIGURE_TIMER_FOR_RUN_TIME_STATS must also be defined.  portCONFIGURE_TIMER_FOR_RUN_TIME_STATS should call a port layer function to setup a peripheral timer/counter that can then be used as the run time counter time base.
S	#endif /* portCONFIGURE_TIMER_FOR_RUN_TIME_STATS */
S
S	#ifndef portGET_RUN_TIME_COUNTER_VALUE
S		#ifndef portALT_GET_RUN_TIME_COUNTER_VALUE
S			#error If configGENERATE_RUN_TIME_STATS is defined then either portGET_RUN_TIME_COUNTER_VALUE or portALT_GET_RUN_TIME_COUNTER_VALUE must also be defined.  See the examples provided and the FreeRTOS web site for more information.
S		#endif /* portALT_GET_RUN_TIME_COUNTER_VALUE */
S	#endif /* portGET_RUN_TIME_COUNTER_VALUE */
S
N#endif /* configGENERATE_RUN_TIME_STATS */
N
N#ifndef portCONFIGURE_TIMER_FOR_RUN_TIME_STATS
N	#define portCONFIGURE_TIMER_FOR_RUN_TIME_STATS()
N#endif
N
N#ifndef configUSE_MALLOC_FAILED_HOOK
N	#define configUSE_MALLOC_FAILED_HOOK 0
N#endif
N
N#ifndef portPRIVILEGE_BIT
N	#define portPRIVILEGE_BIT ( ( UBaseType_t ) 0x00 )
N#endif
N
N#ifndef portYIELD_WITHIN_API
N	#define portYIELD_WITHIN_API portYIELD
N#endif
N
N#ifndef portSUPPRESS_TICKS_AND_SLEEP
S	#define portSUPPRESS_TICKS_AND_SLEEP( xExpectedIdleTime )
N#endif
N
N#ifndef configEXPECTED_IDLE_TIME_BEFORE_SLEEP
N	#define configEXPECTED_IDLE_TIME_BEFORE_SLEEP 2
N#endif
N
N#if configEXPECTED_IDLE_TIME_BEFORE_SLEEP < 2
X#if 2 < 2
S	#error configEXPECTED_IDLE_TIME_BEFORE_SLEEP must not be less than 2
N#endif
N
N#ifndef configUSE_TICKLESS_IDLE
N	#define configUSE_TICKLESS_IDLE 0
N#endif
N
N#ifndef configPRE_SUPPRESS_TICKS_AND_SLEEP_PROCESSING
N	#define configPRE_SUPPRESS_TICKS_AND_SLEEP_PROCESSING( x )
N#endif
N
N#ifndef configPRE_SLEEP_PROCESSING
N	#define configPRE_SLEEP_PROCESSING( x )
N#endif
N
N#ifndef configPOST_SLEEP_PROCESSING
N	#define configPOST_SLEEP_PROCESSING( x )
N#endif
N
N#ifndef configUSE_QUEUE_SETS
N	#define configUSE_QUEUE_SETS 0
N#endif
N
N#ifndef portTASK_USES_FLOATING_POINT
N	#define portTASK_USES_FLOATING_POINT()
N#endif
N
N#ifndef portALLOCATE_SECURE_CONTEXT
N	#define portALLOCATE_SECURE_CONTEXT( ulSecureStackSize )
N#endif
N
N#ifndef portDONT_DISCARD
N	#define portDONT_DISCARD
N#endif
N
N#ifndef configUSE_TIME_SLICING
N	#define configUSE_TIME_SLICING 1
N#endif
N
N#ifndef configINCLUDE_APPLICATION_DEFINED_PRIVILEGED_FUNCTIONS
N	#define configINCLUDE_APPLICATION_DEFINED_PRIVILEGED_FUNCTIONS 0
N#endif
N
N#ifndef configUSE_STATS_FORMATTING_FUNCTIONS
N	#define configUSE_STATS_FORMATTING_FUNCTIONS 0
N#endif
N
N#ifndef portASSERT_IF_INTERRUPT_PRIORITY_INVALID
S	#define portASSERT_IF_INTERRUPT_PRIORITY_INVALID()
N#endif
N
N#ifndef configUSE_TRACE_FACILITY
S	#define configUSE_TRACE_FACILITY 0
N#endif
N
N#ifndef mtCOVERAGE_TEST_MARKER
N	#define mtCOVERAGE_TEST_MARKER()
N#endif
N
N#ifndef mtCOVERAGE_TEST_DELAY
N	#define mtCOVERAGE_TEST_DELAY()
N#endif
N
N#ifndef portASSERT_IF_IN_ISR
N	#define portASSERT_IF_IN_ISR()
N#endif
N
N#ifndef configUSE_PORT_OPTIMISED_TASK_SELECTION
S	#define configUSE_PORT_OPTIMISED_TASK_SELECTION 0
N#endif
N
N#ifndef configAPPLICATION_ALLOCATED_HEAP
N	#define configAPPLICATION_ALLOCATED_HEAP 0
N#endif
N
N#ifndef configUSE_TASK_NOTIFICATIONS
N	#define configUSE_TASK_NOTIFICATIONS 1
N#endif
N
N#ifndef configUSE_POSIX_ERRNO
N	#define configUSE_POSIX_ERRNO 0
N#endif
N
N#ifndef portTICK_TYPE_IS_ATOMIC
S	#define portTICK_TYPE_IS_ATOMIC 0
N#endif
N
N#ifndef configSUPPORT_STATIC_ALLOCATION
S	/* Defaults to 0 for backward compatibility. */
S	#define configSUPPORT_STATIC_ALLOCATION 0
N#endif
N
N#ifndef configSUPPORT_DYNAMIC_ALLOCATION
S	/* Defaults to 1 for backward compatibility. */
S	#define configSUPPORT_DYNAMIC_ALLOCATION 1
N#endif
N
N#ifndef configSTACK_DEPTH_TYPE
N	/* Defaults to uint16_t for backward compatibility, but can be overridden
N	in FreeRTOSConfig.h if uint16_t is too restrictive. */
N	#define configSTACK_DEPTH_TYPE uint16_t
N#endif
N
N#ifndef configMESSAGE_BUFFER_LENGTH_TYPE
S	/* Defaults to size_t for backward compatibility, but can be overridden
S	in FreeRTOSConfig.h if lengths will always be less than the number of bytes
S	in a size_t. */
S	#define configMESSAGE_BUFFER_LENGTH_TYPE size_t
N#endif
N
N/* Sanity check the configuration. */
N#if( configUSE_TICKLESS_IDLE != 0 )
X#if( 0 != 0 )
S	#if( INCLUDE_vTaskSuspend != 1 )
S		#error INCLUDE_vTaskSuspend must be set to 1 if configUSE_TICKLESS_IDLE is not set to 0
S	#endif /* INCLUDE_vTaskSuspend */
N#endif /* configUSE_TICKLESS_IDLE */
N
N#if( ( configSUPPORT_STATIC_ALLOCATION == 0 ) && ( configSUPPORT_DYNAMIC_ALLOCATION == 0 ) )
X#if( ( 1 == 0 ) && ( 1 == 0 ) )
S	#error configSUPPORT_STATIC_ALLOCATION and configSUPPORT_DYNAMIC_ALLOCATION cannot both be 0, but can both be 1.
N#endif
N
N#if( ( configUSE_RECURSIVE_MUTEXES == 1 ) && ( configUSE_MUTEXES != 1 ) )
X#if( ( 1 == 1 ) && ( 1 != 1 ) )
S	#error configUSE_MUTEXES must be set to 1 to use recursive mutexes
N#endif
N
N#ifndef configINITIAL_TICK_COUNT
N	#define configINITIAL_TICK_COUNT 0
N#endif
N
N#if( portTICK_TYPE_IS_ATOMIC == 0 )
X#if( 1 == 0 )
S	/* Either variables of tick type cannot be read atomically, or
S	portTICK_TYPE_IS_ATOMIC was not set - map the critical sections used when
S	the tick count is returned to the standard critical section macros. */
S	#define portTICK_TYPE_ENTER_CRITICAL() portENTER_CRITICAL()
S	#define portTICK_TYPE_EXIT_CRITICAL() portEXIT_CRITICAL()
S	#define portTICK_TYPE_SET_INTERRUPT_MASK_FROM_ISR() portSET_INTERRUPT_MASK_FROM_ISR()
S	#define portTICK_TYPE_CLEAR_INTERRUPT_MASK_FROM_ISR( x ) portCLEAR_INTERRUPT_MASK_FROM_ISR( ( x ) )
N#else
N	/* The tick type can be read atomically, so critical sections used when the
N	tick count is returned can be defined away. */
N	#define portTICK_TYPE_ENTER_CRITICAL()
N	#define portTICK_TYPE_EXIT_CRITICAL()
N	#define portTICK_TYPE_SET_INTERRUPT_MASK_FROM_ISR() 0
N	#define portTICK_TYPE_CLEAR_INTERRUPT_MASK_FROM_ISR( x ) ( void ) x
N#endif
N
N/* Definitions to allow backward compatibility with FreeRTOS versions prior to
NV8 if desired. */
N#ifndef configENABLE_BACKWARD_COMPATIBILITY
N	#define configENABLE_BACKWARD_COMPATIBILITY 1
N#endif
N
N#ifndef configPRINTF
N	/* configPRINTF() was not defined, so define it away to nothing.  To use
N	configPRINTF() then define it as follows (where MyPrintFunction() is
N	provided by the application writer):
N
N	void MyPrintFunction(const char *pcFormat, ... );
N	#define configPRINTF( X )   MyPrintFunction X
N
N	Then call like a standard printf() function, but placing brackets around
N	all parameters so they are passed as a single parameter.  For example:
N	configPRINTF( ("Value = %d", MyVariable) ); */
N	#define configPRINTF( X )
N#endif
N
N#ifndef configMAX
N	/* The application writer has not provided their own MAX macro, so define
N	the following generic implementation. */
N	#define configMAX( a, b ) ( ( ( a ) > ( b ) ) ? ( a ) : ( b ) )
N#endif
N
N#ifndef configMIN
N	/* The application writer has not provided their own MAX macro, so define
N	the following generic implementation. */
N	#define configMIN( a, b ) ( ( ( a ) < ( b ) ) ? ( a ) : ( b ) )
N#endif
N
N#if configENABLE_BACKWARD_COMPATIBILITY == 1
X#if 1 == 1
N	#define eTaskStateGet eTaskGetState
N	#define portTickType TickType_t
N	#define xTaskHandle TaskHandle_t
N	#define xQueueHandle QueueHandle_t
N	#define xSemaphoreHandle SemaphoreHandle_t
N	#define xQueueSetHandle QueueSetHandle_t
N	#define xQueueSetMemberHandle QueueSetMemberHandle_t
N	#define xTimeOutType TimeOut_t
N	#define xMemoryRegion MemoryRegion_t
N	#define xTaskParameters TaskParameters_t
N	#define xTaskStatusType	TaskStatus_t
N	#define xTimerHandle TimerHandle_t
N	#define xCoRoutineHandle CoRoutineHandle_t
N	#define pdTASK_HOOK_CODE TaskHookFunction_t
N	#define portTICK_RATE_MS portTICK_PERIOD_MS
N	#define pcTaskGetTaskName pcTaskGetName
N	#define pcTimerGetTimerName pcTimerGetName
N	#define pcQueueGetQueueName pcQueueGetName
N	#define vTaskGetTaskInfo vTaskGetInfo
N	#define xTaskGetIdleRunTimeCounter ulTaskGetIdleRunTimeCounter
N
N	/* Backward compatibility within the scheduler code only - these definitions
N	are not really required but are included for completeness. */
N	#define tmrTIMER_CALLBACK TimerCallbackFunction_t
N	#define pdTASK_CODE TaskFunction_t
N	#define xListItem ListItem_t
N	#define xList List_t
N
N	/* For libraries that break the list data hiding, and access list structure
N	members directly (which is not supposed to be done). */
N	#define pxContainer pvContainer
N#endif /* configENABLE_BACKWARD_COMPATIBILITY */
N
N#if( configUSE_ALTERNATIVE_API != 0 )
X#if( 0 != 0 )
S	#error The alternative API was deprecated some time ago, and was removed in FreeRTOS V9.0 0
N#endif
N
N/* Set configUSE_TASK_FPU_SUPPORT to 0 to omit floating point support even
Nif floating point hardware is otherwise supported by the FreeRTOS port in use.
NThis constant is not supported by all FreeRTOS ports that include floating
Npoint support. */
N#ifndef configUSE_TASK_FPU_SUPPORT
N	#define configUSE_TASK_FPU_SUPPORT 1
N#endif
N
N/* Set configENABLE_MPU to 1 to enable MPU support and 0 to disable it. This is
Ncurrently used in ARMv8M ports. */
N#ifndef configENABLE_MPU
S	#define configENABLE_MPU 0
N#endif
N
N/* Set configENABLE_FPU to 1 to enable FPU support and 0 to disable it. This is
Ncurrently used in ARMv8M ports. */
N#ifndef configENABLE_FPU
S	#define configENABLE_FPU 1
N#endif
N
N/* Set configENABLE_TRUSTZONE to 1 enable TrustZone support and 0 to disable it.
NThis is currently used in ARMv8M ports. */
N#ifndef configENABLE_TRUSTZONE
N	#define configENABLE_TRUSTZONE 1
N#endif
N
N/* Set configRUN_FREERTOS_SECURE_ONLY to 1 to run the FreeRTOS ARMv8M port on
Nthe Secure Side only. */
N#ifndef configRUN_FREERTOS_SECURE_ONLY
N	#define configRUN_FREERTOS_SECURE_ONLY 0
N#endif
N
N/* Sometimes the FreeRTOSConfig.h settings only allow a task to be created using
N * dynamically allocated RAM, in which case when any task is deleted it is known
N * that both the task's stack and TCB need to be freed.  Sometimes the
N * FreeRTOSConfig.h settings only allow a task to be created using statically
N * allocated RAM, in which case when any task is deleted it is known that neither
N * the task's stack or TCB should be freed.  Sometimes the FreeRTOSConfig.h
N * settings allow a task to be created using either statically or dynamically
N * allocated RAM, in which case a member of the TCB is used to record whether the
N * stack and/or TCB were allocated statically or dynamically, so when a task is
N * deleted the RAM that was allocated dynamically is freed again and no attempt is
N * made to free the RAM that was allocated statically.
N * tskSTATIC_AND_DYNAMIC_ALLOCATION_POSSIBLE is only true if it is possible for a
N * task to be created using either statically or dynamically allocated RAM.  Note
N * that if portUSING_MPU_WRAPPERS is 1 then a protected task can be created with
N * a statically allocated stack and a dynamically allocated TCB.
N *
N * The following table lists various combinations of portUSING_MPU_WRAPPERS,
N * configSUPPORT_DYNAMIC_ALLOCATION and configSUPPORT_STATIC_ALLOCATION and
N * when it is possible to have both static and dynamic allocation:
N *  +-----+---------+--------+-----------------------------+-----------------------------------+------------------+-----------+
N * | MPU | Dynamic | Static |     Available Functions     |       Possible Allocations        | Both Dynamic and | Need Free |
N * |     |         |        |                             |                                   | Static Possible  |           |
N * +-----+---------+--------+-----------------------------+-----------------------------------+------------------+-----------+
N * | 0   | 0       | 1      | xTaskCreateStatic           | TCB - Static, Stack - Static      | No               | No        |
N * +-----|---------|--------|-----------------------------|-----------------------------------|------------------|-----------|
N * | 0   | 1       | 0      | xTaskCreate                 | TCB - Dynamic, Stack - Dynamic    | No               | Yes       |
N * +-----|---------|--------|-----------------------------|-----------------------------------|------------------|-----------|
N * | 0   | 1       | 1      | xTaskCreate,                | 1. TCB - Dynamic, Stack - Dynamic | Yes              | Yes       |
N * |     |         |        | xTaskCreateStatic           | 2. TCB - Static, Stack - Static   |                  |           |
N * +-----|---------|--------|-----------------------------|-----------------------------------|------------------|-----------|
N * | 1   | 0       | 1      | xTaskCreateStatic,          | TCB - Static, Stack - Static      | No               | No        |
N * |     |         |        | xTaskCreateRestrictedStatic |                                   |                  |           |
N * +-----|---------|--------|-----------------------------|-----------------------------------|------------------|-----------|
N * | 1   | 1       | 0      | xTaskCreate,                | 1. TCB - Dynamic, Stack - Dynamic | Yes              | Yes       |
N * |     |         |        | xTaskCreateRestricted       | 2. TCB - Dynamic, Stack - Static  |                  |           |
N * +-----|---------|--------|-----------------------------|-----------------------------------|------------------|-----------|
N * | 1   | 1       | 1      | xTaskCreate,                | 1. TCB - Dynamic, Stack - Dynamic | Yes              | Yes       |
N * |     |         |        | xTaskCreateStatic,          | 2. TCB - Dynamic, Stack - Static  |                  |           |
N * |     |         |        | xTaskCreateRestricted,      | 3. TCB - Static, Stack - Static   |                  |           |
N * |     |         |        | xTaskCreateRestrictedStatic |                                   |                  |           |
N * +-----+---------+--------+-----------------------------+-----------------------------------+------------------+-----------+
N */
N#define tskSTATIC_AND_DYNAMIC_ALLOCATION_POSSIBLE	( ( ( portUSING_MPU_WRAPPERS == 0 ) && ( configSUPPORT_DYNAMIC_ALLOCATION == 1 ) && ( configSUPPORT_STATIC_ALLOCATION == 1 ) ) || \
N													  ( ( portUSING_MPU_WRAPPERS == 1 ) && ( configSUPPORT_DYNAMIC_ALLOCATION == 1 ) ) )
X#define tskSTATIC_AND_DYNAMIC_ALLOCATION_POSSIBLE	( ( ( portUSING_MPU_WRAPPERS == 0 ) && ( configSUPPORT_DYNAMIC_ALLOCATION == 1 ) && ( configSUPPORT_STATIC_ALLOCATION == 1 ) ) || 													  ( ( portUSING_MPU_WRAPPERS == 1 ) && ( configSUPPORT_DYNAMIC_ALLOCATION == 1 ) ) )
N
N/*
N * In line with software engineering best practice, FreeRTOS implements a strict
N * data hiding policy, so the real structures used by FreeRTOS to maintain the
N * state of tasks, queues, semaphores, etc. are not accessible to the application
N * code.  However, if the application writer wants to statically allocate such
N * an object then the size of the object needs to be know.  Dummy structures
N * that are guaranteed to have the same size and alignment requirements of the
N * real objects are used for this purpose.  The dummy list and list item
N * structures below are used for inclusion in such a dummy structure.
N */
Nstruct xSTATIC_LIST_ITEM
N{
N	#if( configUSE_LIST_DATA_INTEGRITY_CHECK_BYTES == 1 )
X	#if( 0 == 1 )
S		TickType_t xDummy1;
N	#endif
N	TickType_t xDummy2;
N	void *pvDummy3[ 4 ];
N	#if( configUSE_LIST_DATA_INTEGRITY_CHECK_BYTES == 1 )
X	#if( 0 == 1 )
S		TickType_t xDummy4;
N	#endif
N};
Ntypedef struct xSTATIC_LIST_ITEM StaticListItem_t;
N
N/* See the comments above the struct xSTATIC_LIST_ITEM definition. */
Nstruct xSTATIC_MINI_LIST_ITEM
N{
N	#if( configUSE_LIST_DATA_INTEGRITY_CHECK_BYTES == 1 )
X	#if( 0 == 1 )
S		TickType_t xDummy1;
N	#endif
N	TickType_t xDummy2;
N	void *pvDummy3[ 2 ];
N};
Ntypedef struct xSTATIC_MINI_LIST_ITEM StaticMiniListItem_t;
N
N/* See the comments above the struct xSTATIC_LIST_ITEM definition. */
Ntypedef struct xSTATIC_LIST
N{
N	#if( configUSE_LIST_DATA_INTEGRITY_CHECK_BYTES == 1 )
X	#if( 0 == 1 )
S		TickType_t xDummy1;
N	#endif
N	UBaseType_t uxDummy2;
N	void *pvDummy3;
N	StaticMiniListItem_t xDummy4;
N	#if( configUSE_LIST_DATA_INTEGRITY_CHECK_BYTES == 1 )
X	#if( 0 == 1 )
S		TickType_t xDummy5;
N	#endif
N} StaticList_t;
N
N/*
N * In line with software engineering best practice, especially when supplying a
N * library that is likely to change in future versions, FreeRTOS implements a
N * strict data hiding policy.  This means the Task structure used internally by
N * FreeRTOS is not accessible to application code.  However, if the application
N * writer wants to statically allocate the memory required to create a task then
N * the size of the task object needs to be know.  The StaticTask_t structure
N * below is provided for this purpose.  Its sizes and alignment requirements are
N * guaranteed to match those of the genuine structure, no matter which
N * architecture is being used, and no matter how the values in FreeRTOSConfig.h
N * are set.  Its contents are somewhat obfuscated in the hope users will
N * recognise that it would be unwise to make direct use of the structure members.
N */
Ntypedef struct xSTATIC_TCB
N{
N	void				*pxDummy1;
N	#if ( portUSING_MPU_WRAPPERS == 1 )
X	#if ( 0 == 1 )
S		xMPU_SETTINGS	xDummy2;
N	#endif
N	StaticListItem_t	xDummy3[ 2 ];
N	UBaseType_t			uxDummy5;
N	void				*pxDummy6;
N	uint8_t				ucDummy7[ configMAX_TASK_NAME_LEN ];
X	uint8_t				ucDummy7[ ( 16 ) ];
N	#if ( ( portSTACK_GROWTH > 0 ) || ( configRECORD_STACK_HIGH_ADDRESS == 1 ) )
X	#if ( ( ( -1 ) > 0 ) || ( 0 == 1 ) )
S		void			*pxDummy8;
N	#endif
N	#if ( portCRITICAL_NESTING_IN_TCB == 1 )
X	#if ( 0 == 1 )
S		UBaseType_t		uxDummy9;
N	#endif
N	#if ( configUSE_TRACE_FACILITY == 1 )
X	#if ( 1 == 1 )
N		UBaseType_t		uxDummy10[ 2 ];
N	#endif
N	#if ( configUSE_MUTEXES == 1 )
X	#if ( 1 == 1 )
N		UBaseType_t		uxDummy12[ 2 ];
N	#endif
N	#if ( configUSE_APPLICATION_TASK_TAG == 1 )
X	#if ( 1 == 1 )
N		void			*pxDummy14;
N	#endif
N	#if( configNUM_THREAD_LOCAL_STORAGE_POINTERS > 0 )
X	#if( 0 > 0 )
S		void			*pvDummy15[ configNUM_THREAD_LOCAL_STORAGE_POINTERS ];
N	#endif
N	#if ( configGENERATE_RUN_TIME_STATS == 1 )
X	#if ( 0 == 1 )
S		uint32_t		ulDummy16;
N	#endif
N	#if ( configUSE_NEWLIB_REENTRANT == 1 )
X	#if ( 0 == 1 )
S		struct	_reent	xDummy17;
N	#endif
N	#if ( configUSE_TASK_NOTIFICATIONS == 1 )
X	#if ( 1 == 1 )
N		uint32_t 		ulDummy18;
N		uint8_t 		ucDummy19;
N	#endif
N	#if ( tskSTATIC_AND_DYNAMIC_ALLOCATION_POSSIBLE != 0 )
X	#if ( ( ( ( 0 == 0 ) && ( 1 == 1 ) && ( 1 == 1 ) ) || ( ( 0 == 1 ) && ( 1 == 1 ) ) ) != 0 )
N		uint8_t			uxDummy20;
N	#endif
N
N	#if( INCLUDE_xTaskAbortDelay == 1 )
X	#if( 0 == 1 )
S		uint8_t ucDummy21;
N	#endif
N	#if ( configUSE_POSIX_ERRNO == 1 )
X	#if ( 0 == 1 )
S		int				iDummy22;
N	#endif
N} StaticTask_t;
N
N/*
N * In line with software engineering best practice, especially when supplying a
N * library that is likely to change in future versions, FreeRTOS implements a
N * strict data hiding policy.  This means the Queue structure used internally by
N * FreeRTOS is not accessible to application code.  However, if the application
N * writer wants to statically allocate the memory required to create a queue
N * then the size of the queue object needs to be know.  The StaticQueue_t
N * structure below is provided for this purpose.  Its sizes and alignment
N * requirements are guaranteed to match those of the genuine structure, no
N * matter which architecture is being used, and no matter how the values in
N * FreeRTOSConfig.h are set.  Its contents are somewhat obfuscated in the hope
N * users will recognise that it would be unwise to make direct use of the
N * structure members.
N */
Ntypedef struct xSTATIC_QUEUE
N{
N	void *pvDummy1[ 3 ];
N
N	union
N	{
N		void *pvDummy2;
N		UBaseType_t uxDummy2;
N	} u;
N
N	StaticList_t xDummy3[ 2 ];
N	UBaseType_t uxDummy4[ 3 ];
N	uint8_t ucDummy5[ 2 ];
N
N	#if( ( configSUPPORT_STATIC_ALLOCATION == 1 ) && ( configSUPPORT_DYNAMIC_ALLOCATION == 1 ) )
X	#if( ( 1 == 1 ) && ( 1 == 1 ) )
N		uint8_t ucDummy6;
N	#endif
N
N	#if ( configUSE_QUEUE_SETS == 1 )
X	#if ( 0 == 1 )
S		void *pvDummy7;
N	#endif
N
N	#if ( configUSE_TRACE_FACILITY == 1 )
X	#if ( 1 == 1 )
N		UBaseType_t uxDummy8;
N		uint8_t ucDummy9;
N	#endif
N
N} StaticQueue_t;
Ntypedef StaticQueue_t StaticSemaphore_t;
N
N/*
N * In line with software engineering best practice, especially when supplying a
N * library that is likely to change in future versions, FreeRTOS implements a
N * strict data hiding policy.  This means the event group structure used
N * internally by FreeRTOS is not accessible to application code.  However, if
N * the application writer wants to statically allocate the memory required to
N * create an event group then the size of the event group object needs to be
N * know.  The StaticEventGroup_t structure below is provided for this purpose.
N * Its sizes and alignment requirements are guaranteed to match those of the
N * genuine structure, no matter which architecture is being used, and no matter
N * how the values in FreeRTOSConfig.h are set.  Its contents are somewhat
N * obfuscated in the hope users will recognise that it would be unwise to make
N * direct use of the structure members.
N */
Ntypedef struct xSTATIC_EVENT_GROUP
N{
N	TickType_t xDummy1;
N	StaticList_t xDummy2;
N
N	#if( configUSE_TRACE_FACILITY == 1 )
X	#if( 1 == 1 )
N		UBaseType_t uxDummy3;
N	#endif
N
N	#if( ( configSUPPORT_STATIC_ALLOCATION == 1 ) && ( configSUPPORT_DYNAMIC_ALLOCATION == 1 ) )
X	#if( ( 1 == 1 ) && ( 1 == 1 ) )
N			uint8_t ucDummy4;
N	#endif
N
N} StaticEventGroup_t;
N
N/*
N * In line with software engineering best practice, especially when supplying a
N * library that is likely to change in future versions, FreeRTOS implements a
N * strict data hiding policy.  This means the software timer structure used
N * internally by FreeRTOS is not accessible to application code.  However, if
N * the application writer wants to statically allocate the memory required to
N * create a software timer then the size of the queue object needs to be know.
N * The StaticTimer_t structure below is provided for this purpose.  Its sizes
N * and alignment requirements are guaranteed to match those of the genuine
N * structure, no matter which architecture is being used, and no matter how the
N * values in FreeRTOSConfig.h are set.  Its contents are somewhat obfuscated in
N * the hope users will recognise that it would be unwise to make direct use of
N * the structure members.
N */
Ntypedef struct xSTATIC_TIMER
N{
N	void				*pvDummy1;
N	StaticListItem_t	xDummy2;
N	TickType_t			xDummy3;
N	void 				*pvDummy5;
N	TaskFunction_t		pvDummy6;
N	#if( configUSE_TRACE_FACILITY == 1 )
X	#if( 1 == 1 )
N		UBaseType_t		uxDummy7;
N	#endif
N	uint8_t 			ucDummy8;
N
N} StaticTimer_t;
N
N/*
N* In line with software engineering best practice, especially when supplying a
N* library that is likely to change in future versions, FreeRTOS implements a
N* strict data hiding policy.  This means the stream buffer structure used
N* internally by FreeRTOS is not accessible to application code.  However, if
N* the application writer wants to statically allocate the memory required to
N* create a stream buffer then the size of the stream buffer object needs to be
N* know.  The StaticStreamBuffer_t structure below is provided for this purpose.
N* Its size and alignment requirements are guaranteed to match those of the
N* genuine structure, no matter which architecture is being used, and no matter
N* how the values in FreeRTOSConfig.h are set.  Its contents are somewhat
N* obfuscated in the hope users will recognise that it would be unwise to make
N* direct use of the structure members.
N*/
Ntypedef struct xSTATIC_STREAM_BUFFER
N{
N	size_t uxDummy1[ 4 ];
N	void * pvDummy2[ 3 ];
N	uint8_t ucDummy3;
N	#if ( configUSE_TRACE_FACILITY == 1 )
X	#if ( 1 == 1 )
N		UBaseType_t uxDummy4;
N	#endif
N} StaticStreamBuffer_t;
N
N/* Message buffers are built on stream buffers. */
Ntypedef StaticStreamBuffer_t StaticMessageBuffer_t;
N
N#ifdef __cplusplus
S}
N#endif
N
N#endif /* INC_FREERTOS_H */
N
L 39 "../Middlewares/Third_Party/FreeRTOS/Source/stream_buffer.c" 2
N#include "task.h"
L 1 "../Middlewares/Third_Party/FreeRTOS/Source/include/task.h" 1
N/*
N * FreeRTOS Kernel V10.3.1
N * Copyright (C) 2020 Amazon.com, Inc. or its affiliates.  All Rights Reserved.
N *
N * Permission is hereby granted, free of charge, to any person obtaining a copy of
N * this software and associated documentation files (the "Software"), to deal in
N * the Software without restriction, including without limitation the rights to
N * use, copy, modify, merge, publish, distribute, sublicense, and/or sell copies of
N * the Software, and to permit persons to whom the Software is furnished to do so,
N * subject to the following conditions:
N *
N * The above copyright notice and this permission notice shall be included in all
N * copies or substantial portions of the Software.
N *
N * THE SOFTWARE IS PROVIDED "AS IS", WITHOUT WARRANTY OF ANY KIND, EXPRESS OR
N * IMPLIED, INCLUDING BUT NOT LIMITED TO THE WARRANTIES OF MERCHANTABILITY, FITNESS
N * FOR A PARTICULAR PURPOSE AND NONINFRINGEMENT. IN NO EVENT SHALL THE AUTHORS OR
N * COPYRIGHT HOLDERS BE LIABLE FOR ANY CLAIM, DAMAGES OR OTHER LIABILITY, WHETHER
N * IN AN ACTION OF CONTRACT, TORT OR OTHERWISE, ARISING FROM, OUT OF OR IN
N * CONNECTION WITH THE SOFTWARE OR THE USE OR OTHER DEALINGS IN THE SOFTWARE.
N *
N * http://www.FreeRTOS.org
N * http://aws.amazon.com/freertos
N *
N * 1 tab == 4 spaces!
N */
N
N
N#ifndef INC_TASK_H
N#define INC_TASK_H
N
N#ifndef INC_FREERTOS_H
S	#error "include FreeRTOS.h must appear in source files before include task.h"
N#endif
N
N#include "list.h"
L 1 "../Middlewares/Third_Party/FreeRTOS/Source/include/list.h" 1
N/*
N * FreeRTOS Kernel V10.3.1
N * Copyright (C) 2020 Amazon.com, Inc. or its affiliates.  All Rights Reserved.
N *
N * Permission is hereby granted, free of charge, to any person obtaining a copy of
N * this software and associated documentation files (the "Software"), to deal in
N * the Software without restriction, including without limitation the rights to
N * use, copy, modify, merge, publish, distribute, sublicense, and/or sell copies of
N * the Software, and to permit persons to whom the Software is furnished to do so,
N * subject to the following conditions:
N *
N * The above copyright notice and this permission notice shall be included in all
N * copies or substantial portions of the Software.
N *
N * THE SOFTWARE IS PROVIDED "AS IS", WITHOUT WARRANTY OF ANY KIND, EXPRESS OR
N * IMPLIED, INCLUDING BUT NOT LIMITED TO THE WARRANTIES OF MERCHANTABILITY, FITNESS
N * FOR A PARTICULAR PURPOSE AND NONINFRINGEMENT. IN NO EVENT SHALL THE AUTHORS OR
N * COPYRIGHT HOLDERS BE LIABLE FOR ANY CLAIM, DAMAGES OR OTHER LIABILITY, WHETHER
N * IN AN ACTION OF CONTRACT, TORT OR OTHERWISE, ARISING FROM, OUT OF OR IN
N * CONNECTION WITH THE SOFTWARE OR THE USE OR OTHER DEALINGS IN THE SOFTWARE.
N *
N * http://www.FreeRTOS.org
N * http://aws.amazon.com/freertos
N *
N * 1 tab == 4 spaces!
N */
N
N/*
N * This is the list implementation used by the scheduler.  While it is tailored
N * heavily for the schedulers needs, it is also available for use by
N * application code.
N *
N * list_ts can only store pointers to list_item_ts.  Each ListItem_t contains a
N * numeric value (xItemValue).  Most of the time the lists are sorted in
N * descending item value order.
N *
N * Lists are created already containing one list item.  The value of this
N * item is the maximum possible that can be stored, it is therefore always at
N * the end of the list and acts as a marker.  The list member pxHead always
N * points to this marker - even though it is at the tail of the list.  This
N * is because the tail contains a wrap back pointer to the true head of
N * the list.
N *
N * In addition to it's value, each list item contains a pointer to the next
N * item in the list (pxNext), a pointer to the list it is in (pxContainer)
N * and a pointer to back to the object that contains it.  These later two
N * pointers are included for efficiency of list manipulation.  There is
N * effectively a two way link between the object containing the list item and
N * the list item itself.
N *
N *
N * \page ListIntroduction List Implementation
N * \ingroup FreeRTOSIntro
N */
N
N#ifndef INC_FREERTOS_H
S	#error FreeRTOS.h must be included before list.h
N#endif
N
N#ifndef LIST_H
N#define LIST_H
N
N/*
N * The list structure members are modified from within interrupts, and therefore
N * by rights should be declared volatile.  However, they are only modified in a
N * functionally atomic way (within critical sections of with the scheduler
N * suspended) and are either passed by reference into a function or indexed via
N * a volatile variable.  Therefore, in all use cases tested so far, the volatile
N * qualifier can be omitted in order to provide a moderate performance
N * improvement without adversely affecting functional behaviour.  The assembly
N * instructions generated by the IAR, ARM and GCC compilers when the respective
N * compiler's options were set for maximum optimisation has been inspected and
N * deemed to be as intended.  That said, as compiler technology advances, and
N * especially if aggressive cross module optimisation is used (a use case that
N * has not been exercised to any great extend) then it is feasible that the
N * volatile qualifier will be needed for correct optimisation.  It is expected
N * that a compiler removing essential code because, without the volatile
N * qualifier on the list structure members and with aggressive cross module
N * optimisation, the compiler deemed the code unnecessary will result in
N * complete and obvious failure of the scheduler.  If this is ever experienced
N * then the volatile qualifier can be inserted in the relevant places within the
N * list structures by simply defining configLIST_VOLATILE to volatile in
N * FreeRTOSConfig.h (as per the example at the bottom of this comment block).
N * If configLIST_VOLATILE is not defined then the preprocessor directives below
N * will simply #define configLIST_VOLATILE away completely.
N *
N * To use volatile list structure members then add the following line to
N * FreeRTOSConfig.h (without the quotes):
N * "#define configLIST_VOLATILE volatile"
N */
N#ifndef configLIST_VOLATILE
N	#define configLIST_VOLATILE
N#endif /* configSUPPORT_CROSS_MODULE_OPTIMISATION */
N
N#ifdef __cplusplus
Sextern "C" {
N#endif
N
N/* Macros that can be used to place known values within the list structures,
Nthen check that the known values do not get corrupted during the execution of
Nthe application.   These may catch the list data structures being overwritten in
Nmemory.  They will not catch data errors caused by incorrect configuration or
Nuse of FreeRTOS.*/
N#if( configUSE_LIST_DATA_INTEGRITY_CHECK_BYTES == 0 )
X#if( 0 == 0 )
N	/* Define the macros to do nothing. */
N	#define listFIRST_LIST_ITEM_INTEGRITY_CHECK_VALUE
N	#define listSECOND_LIST_ITEM_INTEGRITY_CHECK_VALUE
N	#define listFIRST_LIST_INTEGRITY_CHECK_VALUE
N	#define listSECOND_LIST_INTEGRITY_CHECK_VALUE
N	#define listSET_FIRST_LIST_ITEM_INTEGRITY_CHECK_VALUE( pxItem )
N	#define listSET_SECOND_LIST_ITEM_INTEGRITY_CHECK_VALUE( pxItem )
N	#define listSET_LIST_INTEGRITY_CHECK_1_VALUE( pxList )
N	#define listSET_LIST_INTEGRITY_CHECK_2_VALUE( pxList )
N	#define listTEST_LIST_ITEM_INTEGRITY( pxItem )
N	#define listTEST_LIST_INTEGRITY( pxList )
N#else
S	/* Define macros that add new members into the list structures. */
S	#define listFIRST_LIST_ITEM_INTEGRITY_CHECK_VALUE				TickType_t xListItemIntegrityValue1;
S	#define listSECOND_LIST_ITEM_INTEGRITY_CHECK_VALUE				TickType_t xListItemIntegrityValue2;
S	#define listFIRST_LIST_INTEGRITY_CHECK_VALUE					TickType_t xListIntegrityValue1;
S	#define listSECOND_LIST_INTEGRITY_CHECK_VALUE					TickType_t xListIntegrityValue2;
S
S	/* Define macros that set the new structure members to known values. */
S	#define listSET_FIRST_LIST_ITEM_INTEGRITY_CHECK_VALUE( pxItem )		( pxItem )->xListItemIntegrityValue1 = pdINTEGRITY_CHECK_VALUE
S	#define listSET_SECOND_LIST_ITEM_INTEGRITY_CHECK_VALUE( pxItem )	( pxItem )->xListItemIntegrityValue2 = pdINTEGRITY_CHECK_VALUE
S	#define listSET_LIST_INTEGRITY_CHECK_1_VALUE( pxList )		( pxList )->xListIntegrityValue1 = pdINTEGRITY_CHECK_VALUE
S	#define listSET_LIST_INTEGRITY_CHECK_2_VALUE( pxList )		( pxList )->xListIntegrityValue2 = pdINTEGRITY_CHECK_VALUE
S
S	/* Define macros that will assert if one of the structure members does not
S	contain its expected value. */
S	#define listTEST_LIST_ITEM_INTEGRITY( pxItem )		configASSERT( ( ( pxItem )->xListItemIntegrityValue1 == pdINTEGRITY_CHECK_VALUE ) && ( ( pxItem )->xListItemIntegrityValue2 == pdINTEGRITY_CHECK_VALUE ) )
S	#define listTEST_LIST_INTEGRITY( pxList )			configASSERT( ( ( pxList )->xListIntegrityValue1 == pdINTEGRITY_CHECK_VALUE ) && ( ( pxList )->xListIntegrityValue2 == pdINTEGRITY_CHECK_VALUE ) )
N#endif /* configUSE_LIST_DATA_INTEGRITY_CHECK_BYTES */
N
N
N/*
N * Definition of the only type of object that a list can contain.
N */
Nstruct xLIST;
Nstruct xLIST_ITEM
N{
N	listFIRST_LIST_ITEM_INTEGRITY_CHECK_VALUE			/*< Set to a known value if configUSE_LIST_DATA_INTEGRITY_CHECK_BYTES is set to 1. */
X				 
N	configLIST_VOLATILE TickType_t xItemValue;			/*< The value being listed.  In most cases this is used to sort the list in descending order. */
X	 TickType_t xItemValue;			 
N	struct xLIST_ITEM * configLIST_VOLATILE pxNext;		/*< Pointer to the next ListItem_t in the list. */
X	struct xLIST_ITEM *  pxNext;		 
N	struct xLIST_ITEM * configLIST_VOLATILE pxPrevious;	/*< Pointer to the previous ListItem_t in the list. */
X	struct xLIST_ITEM *  pxPrevious;	 
N	void * pvOwner;										/*< Pointer to the object (normally a TCB) that contains the list item.  There is therefore a two way link between the object containing the list item and the list item itself. */
N	struct xLIST * configLIST_VOLATILE pxContainer;		/*< Pointer to the list in which this list item is placed (if any). */
X	struct xLIST *  pvContainer;		 
N	listSECOND_LIST_ITEM_INTEGRITY_CHECK_VALUE			/*< Set to a known value if configUSE_LIST_DATA_INTEGRITY_CHECK_BYTES is set to 1. */
X				 
N};
Ntypedef struct xLIST_ITEM ListItem_t;					/* For some reason lint wants this as two separate definitions. */
N
Nstruct xMINI_LIST_ITEM
N{
N	listFIRST_LIST_ITEM_INTEGRITY_CHECK_VALUE			/*< Set to a known value if configUSE_LIST_DATA_INTEGRITY_CHECK_BYTES is set to 1. */
X				 
N	configLIST_VOLATILE TickType_t xItemValue;
X	 TickType_t xItemValue;
N	struct xLIST_ITEM * configLIST_VOLATILE pxNext;
X	struct xLIST_ITEM *  pxNext;
N	struct xLIST_ITEM * configLIST_VOLATILE pxPrevious;
X	struct xLIST_ITEM *  pxPrevious;
N};
Ntypedef struct xMINI_LIST_ITEM MiniListItem_t;
N
N/*
N * Definition of the type of queue used by the scheduler.
N */
Ntypedef struct xLIST
N{
N	listFIRST_LIST_INTEGRITY_CHECK_VALUE				/*< Set to a known value if configUSE_LIST_DATA_INTEGRITY_CHECK_BYTES is set to 1. */
X					 
N	volatile UBaseType_t uxNumberOfItems;
N	ListItem_t * configLIST_VOLATILE pxIndex;			/*< Used to walk through the list.  Points to the last item returned by a call to listGET_OWNER_OF_NEXT_ENTRY (). */
X	ListItem_t *  pxIndex;			 
N	MiniListItem_t xListEnd;							/*< List item that contains the maximum possible item value meaning it is always at the end of the list and is therefore used as a marker. */
N	listSECOND_LIST_INTEGRITY_CHECK_VALUE				/*< Set to a known value if configUSE_LIST_DATA_INTEGRITY_CHECK_BYTES is set to 1. */
X					 
N} List_t;
N
N/*
N * Access macro to set the owner of a list item.  The owner of a list item
N * is the object (usually a TCB) that contains the list item.
N *
N * \page listSET_LIST_ITEM_OWNER listSET_LIST_ITEM_OWNER
N * \ingroup LinkedList
N */
N#define listSET_LIST_ITEM_OWNER( pxListItem, pxOwner )		( ( pxListItem )->pvOwner = ( void * ) ( pxOwner ) )
N
N/*
N * Access macro to get the owner of a list item.  The owner of a list item
N * is the object (usually a TCB) that contains the list item.
N *
N * \page listGET_LIST_ITEM_OWNER listSET_LIST_ITEM_OWNER
N * \ingroup LinkedList
N */
N#define listGET_LIST_ITEM_OWNER( pxListItem )	( ( pxListItem )->pvOwner )
N
N/*
N * Access macro to set the value of the list item.  In most cases the value is
N * used to sort the list in descending order.
N *
N * \page listSET_LIST_ITEM_VALUE listSET_LIST_ITEM_VALUE
N * \ingroup LinkedList
N */
N#define listSET_LIST_ITEM_VALUE( pxListItem, xValue )	( ( pxListItem )->xItemValue = ( xValue ) )
N
N/*
N * Access macro to retrieve the value of the list item.  The value can
N * represent anything - for example the priority of a task, or the time at
N * which a task should be unblocked.
N *
N * \page listGET_LIST_ITEM_VALUE listGET_LIST_ITEM_VALUE
N * \ingroup LinkedList
N */
N#define listGET_LIST_ITEM_VALUE( pxListItem )	( ( pxListItem )->xItemValue )
N
N/*
N * Access macro to retrieve the value of the list item at the head of a given
N * list.
N *
N * \page listGET_LIST_ITEM_VALUE listGET_LIST_ITEM_VALUE
N * \ingroup LinkedList
N */
N#define listGET_ITEM_VALUE_OF_HEAD_ENTRY( pxList )	( ( ( pxList )->xListEnd ).pxNext->xItemValue )
N
N/*
N * Return the list item at the head of the list.
N *
N * \page listGET_HEAD_ENTRY listGET_HEAD_ENTRY
N * \ingroup LinkedList
N */
N#define listGET_HEAD_ENTRY( pxList )	( ( ( pxList )->xListEnd ).pxNext )
N
N/*
N * Return the next list item.
N *
N * \page listGET_NEXT listGET_NEXT
N * \ingroup LinkedList
N */
N#define listGET_NEXT( pxListItem )	( ( pxListItem )->pxNext )
N
N/*
N * Return the list item that marks the end of the list
N *
N * \page listGET_END_MARKER listGET_END_MARKER
N * \ingroup LinkedList
N */
N#define listGET_END_MARKER( pxList )	( ( ListItem_t const * ) ( &( ( pxList )->xListEnd ) ) )
N
N/*
N * Access macro to determine if a list contains any items.  The macro will
N * only have the value true if the list is empty.
N *
N * \page listLIST_IS_EMPTY listLIST_IS_EMPTY
N * \ingroup LinkedList
N */
N#define listLIST_IS_EMPTY( pxList )	( ( ( pxList )->uxNumberOfItems == ( UBaseType_t ) 0 ) ? pdTRUE : pdFALSE )
N
N/*
N * Access macro to return the number of items in the list.
N */
N#define listCURRENT_LIST_LENGTH( pxList )	( ( pxList )->uxNumberOfItems )
N
N/*
N * Access function to obtain the owner of the next entry in a list.
N *
N * The list member pxIndex is used to walk through a list.  Calling
N * listGET_OWNER_OF_NEXT_ENTRY increments pxIndex to the next item in the list
N * and returns that entry's pxOwner parameter.  Using multiple calls to this
N * function it is therefore possible to move through every item contained in
N * a list.
N *
N * The pxOwner parameter of a list item is a pointer to the object that owns
N * the list item.  In the scheduler this is normally a task control block.
N * The pxOwner parameter effectively creates a two way link between the list
N * item and its owner.
N *
N * @param pxTCB pxTCB is set to the address of the owner of the next list item.
N * @param pxList The list from which the next item owner is to be returned.
N *
N * \page listGET_OWNER_OF_NEXT_ENTRY listGET_OWNER_OF_NEXT_ENTRY
N * \ingroup LinkedList
N */
N#define listGET_OWNER_OF_NEXT_ENTRY( pxTCB, pxList )										\
N{																							\
NList_t * const pxConstList = ( pxList );													\
N	/* Increment the index to the next item and return the item, ensuring */				\
N	/* we don't return the marker used at the end of the list.  */							\
N	( pxConstList )->pxIndex = ( pxConstList )->pxIndex->pxNext;							\
N	if( ( void * ) ( pxConstList )->pxIndex == ( void * ) &( ( pxConstList )->xListEnd ) )	\
N	{																						\
N		( pxConstList )->pxIndex = ( pxConstList )->pxIndex->pxNext;						\
N	}																						\
N	( pxTCB ) = ( pxConstList )->pxIndex->pvOwner;											\
N}
X#define listGET_OWNER_OF_NEXT_ENTRY( pxTCB, pxList )										{																							List_t * const pxConstList = ( pxList );														 					 								( pxConstList )->pxIndex = ( pxConstList )->pxIndex->pxNext;								if( ( void * ) ( pxConstList )->pxIndex == ( void * ) &( ( pxConstList )->xListEnd ) )		{																								( pxConstList )->pxIndex = ( pxConstList )->pxIndex->pxNext;							}																							( pxTCB ) = ( pxConstList )->pxIndex->pvOwner;											}
N
N
N/*
N * Access function to obtain the owner of the first entry in a list.  Lists
N * are normally sorted in ascending item value order.
N *
N * This function returns the pxOwner member of the first item in the list.
N * The pxOwner parameter of a list item is a pointer to the object that owns
N * the list item.  In the scheduler this is normally a task control block.
N * The pxOwner parameter effectively creates a two way link between the list
N * item and its owner.
N *
N * @param pxList The list from which the owner of the head item is to be
N * returned.
N *
N * \page listGET_OWNER_OF_HEAD_ENTRY listGET_OWNER_OF_HEAD_ENTRY
N * \ingroup LinkedList
N */
N#define listGET_OWNER_OF_HEAD_ENTRY( pxList )  ( (&( ( pxList )->xListEnd ))->pxNext->pvOwner )
N
N/*
N * Check to see if a list item is within a list.  The list item maintains a
N * "container" pointer that points to the list it is in.  All this macro does
N * is check to see if the container and the list match.
N *
N * @param pxList The list we want to know if the list item is within.
N * @param pxListItem The list item we want to know if is in the list.
N * @return pdTRUE if the list item is in the list, otherwise pdFALSE.
N */
N#define listIS_CONTAINED_WITHIN( pxList, pxListItem ) ( ( ( pxListItem )->pxContainer == ( pxList ) ) ? ( pdTRUE ) : ( pdFALSE ) )
N
N/*
N * Return the list a list item is contained within (referenced from).
N *
N * @param pxListItem The list item being queried.
N * @return A pointer to the List_t object that references the pxListItem
N */
N#define listLIST_ITEM_CONTAINER( pxListItem ) ( ( pxListItem )->pxContainer )
N
N/*
N * This provides a crude means of knowing if a list has been initialised, as
N * pxList->xListEnd.xItemValue is set to portMAX_DELAY by the vListInitialise()
N * function.
N */
N#define listLIST_IS_INITIALISED( pxList ) ( ( pxList )->xListEnd.xItemValue == portMAX_DELAY )
N
N/*
N * Must be called before a list is used!  This initialises all the members
N * of the list structure and inserts the xListEnd item into the list as a
N * marker to the back of the list.
N *
N * @param pxList Pointer to the list being initialised.
N *
N * \page vListInitialise vListInitialise
N * \ingroup LinkedList
N */
Nvoid vListInitialise( List_t * const pxList ) PRIVILEGED_FUNCTION;
Xvoid vListInitialise( List_t * const pxList ) ;
N
N/*
N * Must be called before a list item is used.  This sets the list container to
N * null so the item does not think that it is already contained in a list.
N *
N * @param pxItem Pointer to the list item being initialised.
N *
N * \page vListInitialiseItem vListInitialiseItem
N * \ingroup LinkedList
N */
Nvoid vListInitialiseItem( ListItem_t * const pxItem ) PRIVILEGED_FUNCTION;
Xvoid vListInitialiseItem( ListItem_t * const pxItem ) ;
N
N/*
N * Insert a list item into a list.  The item will be inserted into the list in
N * a position determined by its item value (descending item value order).
N *
N * @param pxList The list into which the item is to be inserted.
N *
N * @param pxNewListItem The item that is to be placed in the list.
N *
N * \page vListInsert vListInsert
N * \ingroup LinkedList
N */
Nvoid vListInsert( List_t * const pxList, ListItem_t * const pxNewListItem ) PRIVILEGED_FUNCTION;
Xvoid vListInsert( List_t * const pxList, ListItem_t * const pxNewListItem ) ;
N
N/*
N * Insert a list item into a list.  The item will be inserted in a position
N * such that it will be the last item within the list returned by multiple
N * calls to listGET_OWNER_OF_NEXT_ENTRY.
N *
N * The list member pxIndex is used to walk through a list.  Calling
N * listGET_OWNER_OF_NEXT_ENTRY increments pxIndex to the next item in the list.
N * Placing an item in a list using vListInsertEnd effectively places the item
N * in the list position pointed to by pxIndex.  This means that every other
N * item within the list will be returned by listGET_OWNER_OF_NEXT_ENTRY before
N * the pxIndex parameter again points to the item being inserted.
N *
N * @param pxList The list into which the item is to be inserted.
N *
N * @param pxNewListItem The list item to be inserted into the list.
N *
N * \page vListInsertEnd vListInsertEnd
N * \ingroup LinkedList
N */
Nvoid vListInsertEnd( List_t * const pxList, ListItem_t * const pxNewListItem ) PRIVILEGED_FUNCTION;
Xvoid vListInsertEnd( List_t * const pxList, ListItem_t * const pxNewListItem ) ;
N
N/*
N * Remove an item from a list.  The list item has a pointer to the list that
N * it is in, so only the list item need be passed into the function.
N *
N * @param uxListRemove The item to be removed.  The item will remove itself from
N * the list pointed to by it's pxContainer parameter.
N *
N * @return The number of items that remain in the list after the list item has
N * been removed.
N *
N * \page uxListRemove uxListRemove
N * \ingroup LinkedList
N */
NUBaseType_t uxListRemove( ListItem_t * const pxItemToRemove ) PRIVILEGED_FUNCTION;
XUBaseType_t uxListRemove( ListItem_t * const pxItemToRemove ) ;
N
N#ifdef __cplusplus
S}
N#endif
N
N#endif
N
L 37 "../Middlewares/Third_Party/FreeRTOS/Source/include/task.h" 2
N
N#ifdef __cplusplus
Sextern "C" {
N#endif
N
N/*-----------------------------------------------------------
N * MACROS AND DEFINITIONS
N *----------------------------------------------------------*/
N
N#define tskKERNEL_VERSION_NUMBER "V10.3.1"
N#define tskKERNEL_VERSION_MAJOR 10
N#define tskKERNEL_VERSION_MINOR 3
N#define tskKERNEL_VERSION_BUILD 1
N
N/* MPU region parameters passed in ulParameters
N * of MemoryRegion_t struct. */
N#define tskMPU_REGION_READ_ONLY			( 1UL << 0UL )
N#define tskMPU_REGION_READ_WRITE		( 1UL << 1UL )
N#define tskMPU_REGION_EXECUTE_NEVER		( 1UL << 2UL )
N#define tskMPU_REGION_NORMAL_MEMORY		( 1UL << 3UL )
N#define tskMPU_REGION_DEVICE_MEMORY		( 1UL << 4UL )
N
N/**
N * task. h
N *
N * Type by which tasks are referenced.  For example, a call to xTaskCreate
N * returns (via a pointer parameter) an TaskHandle_t variable that can then
N * be used as a parameter to vTaskDelete to delete the task.
N *
N * \defgroup TaskHandle_t TaskHandle_t
N * \ingroup Tasks
N */
Nstruct tskTaskControlBlock; /* The old naming convention is used to prevent breaking kernel aware debuggers. */
Ntypedef struct tskTaskControlBlock* TaskHandle_t;
N
N/*
N * Defines the prototype to which the application task hook function must
N * conform.
N */
Ntypedef BaseType_t (*TaskHookFunction_t)( void * );
N
N/* Task states returned by eTaskGetState. */
Ntypedef enum
N{
N	eRunning = 0,	/* A task is querying the state of itself, so must be running. */
N	eReady,			/* The task being queried is in a read or pending ready list. */
N	eBlocked,		/* The task being queried is in the Blocked state. */
N	eSuspended,		/* The task being queried is in the Suspended state, or is in the Blocked state with an infinite time out. */
N	eDeleted,		/* The task being queried has been deleted, but its TCB has not yet been freed. */
N	eInvalid		/* Used as an 'invalid state' value. */
N} eTaskState;
N
N/* Actions that can be performed when vTaskNotify() is called. */
Ntypedef enum
N{
N	eNoAction = 0,				/* Notify the task without updating its notify value. */
N	eSetBits,					/* Set bits in the task's notification value. */
N	eIncrement,					/* Increment the task's notification value. */
N	eSetValueWithOverwrite,		/* Set the task's notification value to a specific value even if the previous value has not yet been read by the task. */
N	eSetValueWithoutOverwrite	/* Set the task's notification value if the previous value has been read by the task. */
N} eNotifyAction;
N
N/*
N * Used internally only.
N */
Ntypedef struct xTIME_OUT
N{
N	BaseType_t xOverflowCount;
N	TickType_t xTimeOnEntering;
N} TimeOut_t;
N
N/*
N * Defines the memory ranges allocated to the task when an MPU is used.
N */
Ntypedef struct xMEMORY_REGION
N{
N	void *pvBaseAddress;
N	uint32_t ulLengthInBytes;
N	uint32_t ulParameters;
N} MemoryRegion_t;
N
N/*
N * Parameters required to create an MPU protected task.
N */
Ntypedef struct xTASK_PARAMETERS
N{
N	TaskFunction_t pvTaskCode;
N	const char * const pcName;	/*lint !e971 Unqualified char types are allowed for strings and single characters only. */
N	configSTACK_DEPTH_TYPE usStackDepth;
X	uint16_t usStackDepth;
N	void *pvParameters;
N	UBaseType_t uxPriority;
N	StackType_t *puxStackBuffer;
N	MemoryRegion_t xRegions[ portNUM_CONFIGURABLE_REGIONS ];
X	MemoryRegion_t xRegions[ 1 ];
N	#if ( ( portUSING_MPU_WRAPPERS == 1 ) && ( configSUPPORT_STATIC_ALLOCATION == 1 ) )
X	#if ( ( 0 == 1 ) && ( 1 == 1 ) )
S		StaticTask_t * const pxTaskBuffer;
N	#endif
N} TaskParameters_t;
N
N/* Used with the uxTaskGetSystemState() function to return the state of each task
Nin the system. */
Ntypedef struct xTASK_STATUS
N{
N	TaskHandle_t xHandle;			/* The handle of the task to which the rest of the information in the structure relates. */
N	const char *pcTaskName;			/* A pointer to the task's name.  This value will be invalid if the task was deleted since the structure was populated! */ /*lint !e971 Unqualified char types are allowed for strings and single characters only. */
N	UBaseType_t xTaskNumber;		/* A number unique to the task. */
N	eTaskState eCurrentState;		/* The state in which the task existed when the structure was populated. */
N	UBaseType_t uxCurrentPriority;	/* The priority at which the task was running (may be inherited) when the structure was populated. */
N	UBaseType_t uxBasePriority;		/* The priority to which the task will return if the task's current priority has been inherited to avoid unbounded priority inversion when obtaining a mutex.  Only valid if configUSE_MUTEXES is defined as 1 in FreeRTOSConfig.h. */
N	uint32_t ulRunTimeCounter;		/* The total run time allocated to the task so far, as defined by the run time stats clock.  See http://www.freertos.org/rtos-run-time-stats.html.  Only valid when configGENERATE_RUN_TIME_STATS is defined as 1 in FreeRTOSConfig.h. */
N	StackType_t *pxStackBase;		/* Points to the lowest address of the task's stack area. */
N	configSTACK_DEPTH_TYPE usStackHighWaterMark;	/* The minimum amount of stack space that has remained for the task since the task was created.  The closer this value is to zero the closer the task has come to overflowing its stack. */
X	uint16_t usStackHighWaterMark;	 
N} TaskStatus_t;
N
N/* Possible return values for eTaskConfirmSleepModeStatus(). */
Ntypedef enum
N{
N	eAbortSleep = 0,		/* A task has been made ready or a context switch pended since portSUPPORESS_TICKS_AND_SLEEP() was called - abort entering a sleep mode. */
N	eStandardSleep,			/* Enter a sleep mode that will not last any longer than the expected idle time. */
N	eNoTasksWaitingTimeout	/* No tasks are waiting for a timeout so it is safe to enter a sleep mode that can only be exited by an external interrupt. */
N} eSleepModeStatus;
N
N/**
N * Defines the priority used by the idle task.  This must not be modified.
N *
N * \ingroup TaskUtils
N */
N#define tskIDLE_PRIORITY			( ( UBaseType_t ) 0U )
N
N/**
N * task. h
N *
N * Macro for forcing a context switch.
N *
N * \defgroup taskYIELD taskYIELD
N * \ingroup SchedulerControl
N */
N#define taskYIELD()					portYIELD()
N
N/**
N * task. h
N *
N * Macro to mark the start of a critical code region.  Preemptive context
N * switches cannot occur when in a critical region.
N *
N * NOTE: This may alter the stack (depending on the portable implementation)
N * so must be used with care!
N *
N * \defgroup taskENTER_CRITICAL taskENTER_CRITICAL
N * \ingroup SchedulerControl
N */
N#define taskENTER_CRITICAL()		portENTER_CRITICAL()
N#define taskENTER_CRITICAL_FROM_ISR() portSET_INTERRUPT_MASK_FROM_ISR()
N
N/**
N * task. h
N *
N * Macro to mark the end of a critical code region.  Preemptive context
N * switches cannot occur when in a critical region.
N *
N * NOTE: This may alter the stack (depending on the portable implementation)
N * so must be used with care!
N *
N * \defgroup taskEXIT_CRITICAL taskEXIT_CRITICAL
N * \ingroup SchedulerControl
N */
N#define taskEXIT_CRITICAL()			portEXIT_CRITICAL()
N#define taskEXIT_CRITICAL_FROM_ISR( x ) portCLEAR_INTERRUPT_MASK_FROM_ISR( x )
N/**
N * task. h
N *
N * Macro to disable all maskable interrupts.
N *
N * \defgroup taskDISABLE_INTERRUPTS taskDISABLE_INTERRUPTS
N * \ingroup SchedulerControl
N */
N#define taskDISABLE_INTERRUPTS()	portDISABLE_INTERRUPTS()
N
N/**
N * task. h
N *
N * Macro to enable microcontroller interrupts.
N *
N * \defgroup taskENABLE_INTERRUPTS taskENABLE_INTERRUPTS
N * \ingroup SchedulerControl
N */
N#define taskENABLE_INTERRUPTS()		portENABLE_INTERRUPTS()
N
N/* Definitions returned by xTaskGetSchedulerState().  taskSCHEDULER_SUSPENDED is
N0 to generate more optimal code when configASSERT() is defined as the constant
Nis used in assert() statements. */
N#define taskSCHEDULER_SUSPENDED		( ( BaseType_t ) 0 )
N#define taskSCHEDULER_NOT_STARTED	( ( BaseType_t ) 1 )
N#define taskSCHEDULER_RUNNING		( ( BaseType_t ) 2 )
N
N
N/*-----------------------------------------------------------
N * TASK CREATION API
N *----------------------------------------------------------*/
N
N/**
N * task. h
N *<pre>
N BaseType_t xTaskCreate(
N							  TaskFunction_t pvTaskCode,
N							  const char * const pcName,
N							  configSTACK_DEPTH_TYPE usStackDepth,
N							  void *pvParameters,
N							  UBaseType_t uxPriority,
N							  TaskHandle_t *pvCreatedTask
N						  );</pre>
N *
N * Create a new task and add it to the list of tasks that are ready to run.
N *
N * Internally, within the FreeRTOS implementation, tasks use two blocks of
N * memory.  The first block is used to hold the task's data structures.  The
N * second block is used by the task as its stack.  If a task is created using
N * xTaskCreate() then both blocks of memory are automatically dynamically
N * allocated inside the xTaskCreate() function.  (see
N * http://www.freertos.org/a00111.html).  If a task is created using
N * xTaskCreateStatic() then the application writer must provide the required
N * memory.  xTaskCreateStatic() therefore allows a task to be created without
N * using any dynamic memory allocation.
N *
N * See xTaskCreateStatic() for a version that does not use any dynamic memory
N * allocation.
N *
N * xTaskCreate() can only be used to create a task that has unrestricted
N * access to the entire microcontroller memory map.  Systems that include MPU
N * support can alternatively create an MPU constrained task using
N * xTaskCreateRestricted().
N *
N * @param pvTaskCode Pointer to the task entry function.  Tasks
N * must be implemented to never return (i.e. continuous loop).
N *
N * @param pcName A descriptive name for the task.  This is mainly used to
N * facilitate debugging.  Max length defined by configMAX_TASK_NAME_LEN - default
N * is 16.
N *
N * @param usStackDepth The size of the task stack specified as the number of
N * variables the stack can hold - not the number of bytes.  For example, if
N * the stack is 16 bits wide and usStackDepth is defined as 100, 200 bytes
N * will be allocated for stack storage.
N *
N * @param pvParameters Pointer that will be used as the parameter for the task
N * being created.
N *
N * @param uxPriority The priority at which the task should run.  Systems that
N * include MPU support can optionally create tasks in a privileged (system)
N * mode by setting bit portPRIVILEGE_BIT of the priority parameter.  For
N * example, to create a privileged task at priority 2 the uxPriority parameter
N * should be set to ( 2 | portPRIVILEGE_BIT ).
N *
N * @param pvCreatedTask Used to pass back a handle by which the created task
N * can be referenced.
N *
N * @return pdPASS if the task was successfully created and added to a ready
N * list, otherwise an error code defined in the file projdefs.h
N *
N * Example usage:
N   <pre>
N // Task to be created.
N void vTaskCode( void * pvParameters )
N {
N	 for( ;; )
N	 {
N		 // Task code goes here.
N	 }
N }
N
N // Function that creates a task.
N void vOtherFunction( void )
N {
N static uint8_t ucParameterToPass;
N TaskHandle_t xHandle = NULL;
N
N	 // Create the task, storing the handle.  Note that the passed parameter ucParameterToPass
N	 // must exist for the lifetime of the task, so in this case is declared static.  If it was just an
N	 // an automatic stack variable it might no longer exist, or at least have been corrupted, by the time
N	 // the new task attempts to access it.
N	 xTaskCreate( vTaskCode, "NAME", STACK_SIZE, &ucParameterToPass, tskIDLE_PRIORITY, &xHandle );
N	 configASSERT( xHandle );
N
N	 // Use the handle to delete the task.
N	 if( xHandle != NULL )
N	 {
N	 	vTaskDelete( xHandle );
N	 }
N }
N   </pre>
N * \defgroup xTaskCreate xTaskCreate
N * \ingroup Tasks
N */
N#if( configSUPPORT_DYNAMIC_ALLOCATION == 1 )
X#if( 1 == 1 )
N	BaseType_t xTaskCreate(	TaskFunction_t pxTaskCode,
N							const char * const pcName,	/*lint !e971 Unqualified char types are allowed for strings and single characters only. */
N							const configSTACK_DEPTH_TYPE usStackDepth,
X							const uint16_t usStackDepth,
N							void * const pvParameters,
N							UBaseType_t uxPriority,
N							TaskHandle_t * const pxCreatedTask ) PRIVILEGED_FUNCTION;
X							TaskHandle_t * const pxCreatedTask ) ;
N#endif
N
N/**
N * task. h
N *<pre>
N TaskHandle_t xTaskCreateStatic( TaskFunction_t pvTaskCode,
N								 const char * const pcName,
N								 uint32_t ulStackDepth,
N								 void *pvParameters,
N								 UBaseType_t uxPriority,
N								 StackType_t *pxStackBuffer,
N								 StaticTask_t *pxTaskBuffer );</pre>
N *
N * Create a new task and add it to the list of tasks that are ready to run.
N *
N * Internally, within the FreeRTOS implementation, tasks use two blocks of
N * memory.  The first block is used to hold the task's data structures.  The
N * second block is used by the task as its stack.  If a task is created using
N * xTaskCreate() then both blocks of memory are automatically dynamically
N * allocated inside the xTaskCreate() function.  (see
N * http://www.freertos.org/a00111.html).  If a task is created using
N * xTaskCreateStatic() then the application writer must provide the required
N * memory.  xTaskCreateStatic() therefore allows a task to be created without
N * using any dynamic memory allocation.
N *
N * @param pvTaskCode Pointer to the task entry function.  Tasks
N * must be implemented to never return (i.e. continuous loop).
N *
N * @param pcName A descriptive name for the task.  This is mainly used to
N * facilitate debugging.  The maximum length of the string is defined by
N * configMAX_TASK_NAME_LEN in FreeRTOSConfig.h.
N *
N * @param ulStackDepth The size of the task stack specified as the number of
N * variables the stack can hold - not the number of bytes.  For example, if
N * the stack is 32-bits wide and ulStackDepth is defined as 100 then 400 bytes
N * will be allocated for stack storage.
N *
N * @param pvParameters Pointer that will be used as the parameter for the task
N * being created.
N *
N * @param uxPriority The priority at which the task will run.
N *
N * @param pxStackBuffer Must point to a StackType_t array that has at least
N * ulStackDepth indexes - the array will then be used as the task's stack,
N * removing the need for the stack to be allocated dynamically.
N *
N * @param pxTaskBuffer Must point to a variable of type StaticTask_t, which will
N * then be used to hold the task's data structures, removing the need for the
N * memory to be allocated dynamically.
N *
N * @return If neither pxStackBuffer or pxTaskBuffer are NULL, then the task will
N * be created and a handle to the created task is returned.  If either
N * pxStackBuffer or pxTaskBuffer are NULL then the task will not be created and
N * NULL is returned.
N *
N * Example usage:
N   <pre>
N
N    // Dimensions the buffer that the task being created will use as its stack.
N    // NOTE:  This is the number of words the stack will hold, not the number of
N    // bytes.  For example, if each stack item is 32-bits, and this is set to 100,
N    // then 400 bytes (100 * 32-bits) will be allocated.
N    #define STACK_SIZE 200
N
N    // Structure that will hold the TCB of the task being created.
N    StaticTask_t xTaskBuffer;
N
N    // Buffer that the task being created will use as its stack.  Note this is
N    // an array of StackType_t variables.  The size of StackType_t is dependent on
N    // the RTOS port.
N    StackType_t xStack[ STACK_SIZE ];
N
N    // Function that implements the task being created.
N    void vTaskCode( void * pvParameters )
N    {
N        // The parameter value is expected to be 1 as 1 is passed in the
N        // pvParameters value in the call to xTaskCreateStatic().
N        configASSERT( ( uint32_t ) pvParameters == 1UL );
N
N        for( ;; )
N        {
N            // Task code goes here.
N        }
N    }
N
N    // Function that creates a task.
N    void vOtherFunction( void )
N    {
N        TaskHandle_t xHandle = NULL;
N
N        // Create the task without using any dynamic memory allocation.
N        xHandle = xTaskCreateStatic(
N                      vTaskCode,       // Function that implements the task.
N                      "NAME",          // Text name for the task.
N                      STACK_SIZE,      // Stack size in words, not bytes.
N                      ( void * ) 1,    // Parameter passed into the task.
N                      tskIDLE_PRIORITY,// Priority at which the task is created.
N                      xStack,          // Array to use as the task's stack.
N                      &xTaskBuffer );  // Variable to hold the task's data structure.
N
N        // puxStackBuffer and pxTaskBuffer were not NULL, so the task will have
N        // been created, and xHandle will be the task's handle.  Use the handle
N        // to suspend the task.
N        vTaskSuspend( xHandle );
N    }
N   </pre>
N * \defgroup xTaskCreateStatic xTaskCreateStatic
N * \ingroup Tasks
N */
N#if( configSUPPORT_STATIC_ALLOCATION == 1 )
X#if( 1 == 1 )
N	TaskHandle_t xTaskCreateStatic(	TaskFunction_t pxTaskCode,
N									const char * const pcName, /*lint !e971 Unqualified char types are allowed for strings and single characters only. */
N									const uint32_t ulStackDepth,
N									void * const pvParameters,
N									UBaseType_t uxPriority,
N									StackType_t * const puxStackBuffer,
N									StaticTask_t * const pxTaskBuffer ) PRIVILEGED_FUNCTION;
X									StaticTask_t * const pxTaskBuffer ) ;
N#endif /* configSUPPORT_STATIC_ALLOCATION */
N
N/**
N * task. h
N *<pre>
N BaseType_t xTaskCreateRestricted( TaskParameters_t *pxTaskDefinition, TaskHandle_t *pxCreatedTask );</pre>
N *
N * Only available when configSUPPORT_DYNAMIC_ALLOCATION is set to 1.
N *
N * xTaskCreateRestricted() should only be used in systems that include an MPU
N * implementation.
N *
N * Create a new task and add it to the list of tasks that are ready to run.
N * The function parameters define the memory regions and associated access
N * permissions allocated to the task.
N *
N * See xTaskCreateRestrictedStatic() for a version that does not use any
N * dynamic memory allocation.
N *
N * @param pxTaskDefinition Pointer to a structure that contains a member
N * for each of the normal xTaskCreate() parameters (see the xTaskCreate() API
N * documentation) plus an optional stack buffer and the memory region
N * definitions.
N *
N * @param pxCreatedTask Used to pass back a handle by which the created task
N * can be referenced.
N *
N * @return pdPASS if the task was successfully created and added to a ready
N * list, otherwise an error code defined in the file projdefs.h
N *
N * Example usage:
N   <pre>
N// Create an TaskParameters_t structure that defines the task to be created.
Nstatic const TaskParameters_t xCheckTaskParameters =
N{
N	vATask,		// pvTaskCode - the function that implements the task.
N	"ATask",	// pcName - just a text name for the task to assist debugging.
N	100,		// usStackDepth	- the stack size DEFINED IN WORDS.
N	NULL,		// pvParameters - passed into the task function as the function parameters.
N	( 1UL | portPRIVILEGE_BIT ),// uxPriority - task priority, set the portPRIVILEGE_BIT if the task should run in a privileged state.
N	cStackBuffer,// puxStackBuffer - the buffer to be used as the task stack.
N
N	// xRegions - Allocate up to three separate memory regions for access by
N	// the task, with appropriate access permissions.  Different processors have
N	// different memory alignment requirements - refer to the FreeRTOS documentation
N	// for full information.
N	{
N		// Base address					Length	Parameters
N		{ cReadWriteArray,				32,		portMPU_REGION_READ_WRITE },
N		{ cReadOnlyArray,				32,		portMPU_REGION_READ_ONLY },
N		{ cPrivilegedOnlyAccessArray,	128,	portMPU_REGION_PRIVILEGED_READ_WRITE }
N	}
N};
N
Nint main( void )
N{
NTaskHandle_t xHandle;
N
N	// Create a task from the const structure defined above.  The task handle
N	// is requested (the second parameter is not NULL) but in this case just for
N	// demonstration purposes as its not actually used.
N	xTaskCreateRestricted( &xRegTest1Parameters, &xHandle );
N
N	// Start the scheduler.
N	vTaskStartScheduler();
N
N	// Will only get here if there was insufficient memory to create the idle
N	// and/or timer task.
N	for( ;; );
N}
N   </pre>
N * \defgroup xTaskCreateRestricted xTaskCreateRestricted
N * \ingroup Tasks
N */
N#if( portUSING_MPU_WRAPPERS == 1 )
X#if( 0 == 1 )
S	BaseType_t xTaskCreateRestricted( const TaskParameters_t * const pxTaskDefinition, TaskHandle_t *pxCreatedTask ) PRIVILEGED_FUNCTION;
N#endif
N
N/**
N * task. h
N *<pre>
N BaseType_t xTaskCreateRestrictedStatic( TaskParameters_t *pxTaskDefinition, TaskHandle_t *pxCreatedTask );</pre>
N *
N * Only available when configSUPPORT_STATIC_ALLOCATION is set to 1.
N *
N * xTaskCreateRestrictedStatic() should only be used in systems that include an
N * MPU implementation.
N *
N * Internally, within the FreeRTOS implementation, tasks use two blocks of
N * memory.  The first block is used to hold the task's data structures.  The
N * second block is used by the task as its stack.  If a task is created using
N * xTaskCreateRestricted() then the stack is provided by the application writer,
N * and the memory used to hold the task's data structure is automatically
N * dynamically allocated inside the xTaskCreateRestricted() function.  If a task
N * is created using xTaskCreateRestrictedStatic() then the application writer
N * must provide the memory used to hold the task's data structures too.
N * xTaskCreateRestrictedStatic() therefore allows a memory protected task to be
N * created without using any dynamic memory allocation.
N *
N * @param pxTaskDefinition Pointer to a structure that contains a member
N * for each of the normal xTaskCreate() parameters (see the xTaskCreate() API
N * documentation) plus an optional stack buffer and the memory region
N * definitions.  If configSUPPORT_STATIC_ALLOCATION is set to 1 the structure
N * contains an additional member, which is used to point to a variable of type
N * StaticTask_t - which is then used to hold the task's data structure.
N *
N * @param pxCreatedTask Used to pass back a handle by which the created task
N * can be referenced.
N *
N * @return pdPASS if the task was successfully created and added to a ready
N * list, otherwise an error code defined in the file projdefs.h
N *
N * Example usage:
N   <pre>
N// Create an TaskParameters_t structure that defines the task to be created.
N// The StaticTask_t variable is only included in the structure when
N// configSUPPORT_STATIC_ALLOCATION is set to 1.  The PRIVILEGED_DATA macro can
N// be used to force the variable into the RTOS kernel's privileged data area.
Nstatic PRIVILEGED_DATA StaticTask_t xTaskBuffer;
Nstatic const TaskParameters_t xCheckTaskParameters =
N{
N	vATask,		// pvTaskCode - the function that implements the task.
N	"ATask",	// pcName - just a text name for the task to assist debugging.
N	100,		// usStackDepth	- the stack size DEFINED IN WORDS.
N	NULL,		// pvParameters - passed into the task function as the function parameters.
N	( 1UL | portPRIVILEGE_BIT ),// uxPriority - task priority, set the portPRIVILEGE_BIT if the task should run in a privileged state.
N	cStackBuffer,// puxStackBuffer - the buffer to be used as the task stack.
N
N	// xRegions - Allocate up to three separate memory regions for access by
N	// the task, with appropriate access permissions.  Different processors have
N	// different memory alignment requirements - refer to the FreeRTOS documentation
N	// for full information.
N	{
N		// Base address					Length	Parameters
N		{ cReadWriteArray,				32,		portMPU_REGION_READ_WRITE },
N		{ cReadOnlyArray,				32,		portMPU_REGION_READ_ONLY },
N		{ cPrivilegedOnlyAccessArray,	128,	portMPU_REGION_PRIVILEGED_READ_WRITE }
N	}
N
N	&xTaskBuffer; // Holds the task's data structure.
N};
N
Nint main( void )
N{
NTaskHandle_t xHandle;
N
N	// Create a task from the const structure defined above.  The task handle
N	// is requested (the second parameter is not NULL) but in this case just for
N	// demonstration purposes as its not actually used.
N	xTaskCreateRestricted( &xRegTest1Parameters, &xHandle );
N
N	// Start the scheduler.
N	vTaskStartScheduler();
N
N	// Will only get here if there was insufficient memory to create the idle
N	// and/or timer task.
N	for( ;; );
N}
N   </pre>
N * \defgroup xTaskCreateRestrictedStatic xTaskCreateRestrictedStatic
N * \ingroup Tasks
N */
N#if( ( portUSING_MPU_WRAPPERS == 1 ) && ( configSUPPORT_STATIC_ALLOCATION == 1 ) )
X#if( ( 0 == 1 ) && ( 1 == 1 ) )
S	BaseType_t xTaskCreateRestrictedStatic( const TaskParameters_t * const pxTaskDefinition, TaskHandle_t *pxCreatedTask ) PRIVILEGED_FUNCTION;
N#endif
N
N/**
N * task. h
N *<pre>
N void vTaskAllocateMPURegions( TaskHandle_t xTask, const MemoryRegion_t * const pxRegions );</pre>
N *
N * Memory regions are assigned to a restricted task when the task is created by
N * a call to xTaskCreateRestricted().  These regions can be redefined using
N * vTaskAllocateMPURegions().
N *
N * @param xTask The handle of the task being updated.
N *
N * @param xRegions A pointer to an MemoryRegion_t structure that contains the
N * new memory region definitions.
N *
N * Example usage:
N   <pre>
N// Define an array of MemoryRegion_t structures that configures an MPU region
N// allowing read/write access for 1024 bytes starting at the beginning of the
N// ucOneKByte array.  The other two of the maximum 3 definable regions are
N// unused so set to zero.
Nstatic const MemoryRegion_t xAltRegions[ portNUM_CONFIGURABLE_REGIONS ] =
N{
N	// Base address		Length		Parameters
N	{ ucOneKByte,		1024,		portMPU_REGION_READ_WRITE },
N	{ 0,				0,			0 },
N	{ 0,				0,			0 }
N};
N
Nvoid vATask( void *pvParameters )
N{
N	// This task was created such that it has access to certain regions of
N	// memory as defined by the MPU configuration.  At some point it is
N	// desired that these MPU regions are replaced with that defined in the
N	// xAltRegions const struct above.  Use a call to vTaskAllocateMPURegions()
N	// for this purpose.  NULL is used as the task handle to indicate that this
N	// function should modify the MPU regions of the calling task.
N	vTaskAllocateMPURegions( NULL, xAltRegions );
N
N	// Now the task can continue its function, but from this point on can only
N	// access its stack and the ucOneKByte array (unless any other statically
N	// defined or shared regions have been declared elsewhere).
N}
N   </pre>
N * \defgroup xTaskCreateRestricted xTaskCreateRestricted
N * \ingroup Tasks
N */
Nvoid vTaskAllocateMPURegions( TaskHandle_t xTask, const MemoryRegion_t * const pxRegions ) PRIVILEGED_FUNCTION;
Xvoid vTaskAllocateMPURegions( TaskHandle_t xTask, const MemoryRegion_t * const pxRegions ) ;
N
N/**
N * task. h
N * <pre>void vTaskDelete( TaskHandle_t xTask );</pre>
N *
N * INCLUDE_vTaskDelete must be defined as 1 for this function to be available.
N * See the configuration section for more information.
N *
N * Remove a task from the RTOS real time kernel's management.  The task being
N * deleted will be removed from all ready, blocked, suspended and event lists.
N *
N * NOTE:  The idle task is responsible for freeing the kernel allocated
N * memory from tasks that have been deleted.  It is therefore important that
N * the idle task is not starved of microcontroller processing time if your
N * application makes any calls to vTaskDelete ().  Memory allocated by the
N * task code is not automatically freed, and should be freed before the task
N * is deleted.
N *
N * See the demo application file death.c for sample code that utilises
N * vTaskDelete ().
N *
N * @param xTask The handle of the task to be deleted.  Passing NULL will
N * cause the calling task to be deleted.
N *
N * Example usage:
N   <pre>
N void vOtherFunction( void )
N {
N TaskHandle_t xHandle;
N
N	 // Create the task, storing the handle.
N	 xTaskCreate( vTaskCode, "NAME", STACK_SIZE, NULL, tskIDLE_PRIORITY, &xHandle );
N
N	 // Use the handle to delete the task.
N	 vTaskDelete( xHandle );
N }
N   </pre>
N * \defgroup vTaskDelete vTaskDelete
N * \ingroup Tasks
N */
Nvoid vTaskDelete( TaskHandle_t xTaskToDelete ) PRIVILEGED_FUNCTION;
Xvoid vTaskDelete( TaskHandle_t xTaskToDelete ) ;
N
N/*-----------------------------------------------------------
N * TASK CONTROL API
N *----------------------------------------------------------*/
N
N/**
N * task. h
N * <pre>void vTaskDelay( const TickType_t xTicksToDelay );</pre>
N *
N * Delay a task for a given number of ticks.  The actual time that the
N * task remains blocked depends on the tick rate.  The constant
N * portTICK_PERIOD_MS can be used to calculate real time from the tick
N * rate - with the resolution of one tick period.
N *
N * INCLUDE_vTaskDelay must be defined as 1 for this function to be available.
N * See the configuration section for more information.
N *
N *
N * vTaskDelay() specifies a time at which the task wishes to unblock relative to
N * the time at which vTaskDelay() is called.  For example, specifying a block
N * period of 100 ticks will cause the task to unblock 100 ticks after
N * vTaskDelay() is called.  vTaskDelay() does not therefore provide a good method
N * of controlling the frequency of a periodic task as the path taken through the
N * code, as well as other task and interrupt activity, will effect the frequency
N * at which vTaskDelay() gets called and therefore the time at which the task
N * next executes.  See vTaskDelayUntil() for an alternative API function designed
N * to facilitate fixed frequency execution.  It does this by specifying an
N * absolute time (rather than a relative time) at which the calling task should
N * unblock.
N *
N * @param xTicksToDelay The amount of time, in tick periods, that
N * the calling task should block.
N *
N * Example usage:
N
N void vTaskFunction( void * pvParameters )
N {
N // Block for 500ms.
N const TickType_t xDelay = 500 / portTICK_PERIOD_MS;
N
N	 for( ;; )
N	 {
N		 // Simply toggle the LED every 500ms, blocking between each toggle.
N		 vToggleLED();
N		 vTaskDelay( xDelay );
N	 }
N }
N
N * \defgroup vTaskDelay vTaskDelay
N * \ingroup TaskCtrl
N */
Nvoid vTaskDelay( const TickType_t xTicksToDelay ) PRIVILEGED_FUNCTION;
Xvoid vTaskDelay( const TickType_t xTicksToDelay ) ;
N
N/**
N * task. h
N * <pre>void vTaskDelayUntil( TickType_t *pxPreviousWakeTime, const TickType_t xTimeIncrement );</pre>
N *
N * INCLUDE_vTaskDelayUntil must be defined as 1 for this function to be available.
N * See the configuration section for more information.
N *
N * Delay a task until a specified time.  This function can be used by periodic
N * tasks to ensure a constant execution frequency.
N *
N * This function differs from vTaskDelay () in one important aspect:  vTaskDelay () will
N * cause a task to block for the specified number of ticks from the time vTaskDelay () is
N * called.  It is therefore difficult to use vTaskDelay () by itself to generate a fixed
N * execution frequency as the time between a task starting to execute and that task
N * calling vTaskDelay () may not be fixed [the task may take a different path though the
N * code between calls, or may get interrupted or preempted a different number of times
N * each time it executes].
N *
N * Whereas vTaskDelay () specifies a wake time relative to the time at which the function
N * is called, vTaskDelayUntil () specifies the absolute (exact) time at which it wishes to
N * unblock.
N *
N * The constant portTICK_PERIOD_MS can be used to calculate real time from the tick
N * rate - with the resolution of one tick period.
N *
N * @param pxPreviousWakeTime Pointer to a variable that holds the time at which the
N * task was last unblocked.  The variable must be initialised with the current time
N * prior to its first use (see the example below).  Following this the variable is
N * automatically updated within vTaskDelayUntil ().
N *
N * @param xTimeIncrement The cycle time period.  The task will be unblocked at
N * time *pxPreviousWakeTime + xTimeIncrement.  Calling vTaskDelayUntil with the
N * same xTimeIncrement parameter value will cause the task to execute with
N * a fixed interface period.
N *
N * Example usage:
N   <pre>
N // Perform an action every 10 ticks.
N void vTaskFunction( void * pvParameters )
N {
N TickType_t xLastWakeTime;
N const TickType_t xFrequency = 10;
N
N	 // Initialise the xLastWakeTime variable with the current time.
N	 xLastWakeTime = xTaskGetTickCount ();
N	 for( ;; )
N	 {
N		 // Wait for the next cycle.
N		 vTaskDelayUntil( &xLastWakeTime, xFrequency );
N
N		 // Perform action here.
N	 }
N }
N   </pre>
N * \defgroup vTaskDelayUntil vTaskDelayUntil
N * \ingroup TaskCtrl
N */
Nvoid vTaskDelayUntil( TickType_t * const pxPreviousWakeTime, const TickType_t xTimeIncrement ) PRIVILEGED_FUNCTION;
Xvoid vTaskDelayUntil( TickType_t * const pxPreviousWakeTime, const TickType_t xTimeIncrement ) ;
N
N/**
N * task. h
N * <pre>BaseType_t xTaskAbortDelay( TaskHandle_t xTask );</pre>
N *
N * INCLUDE_xTaskAbortDelay must be defined as 1 in FreeRTOSConfig.h for this
N * function to be available.
N *
N * A task will enter the Blocked state when it is waiting for an event.  The
N * event it is waiting for can be a temporal event (waiting for a time), such
N * as when vTaskDelay() is called, or an event on an object, such as when
N * xQueueReceive() or ulTaskNotifyTake() is called.  If the handle of a task
N * that is in the Blocked state is used in a call to xTaskAbortDelay() then the
N * task will leave the Blocked state, and return from whichever function call
N * placed the task into the Blocked state.
N *
N * There is no 'FromISR' version of this function as an interrupt would need to
N * know which object a task was blocked on in order to know which actions to
N * take.  For example, if the task was blocked on a queue the interrupt handler
N * would then need to know if the queue was locked.
N *
N * @param xTask The handle of the task to remove from the Blocked state.
N *
N * @return If the task referenced by xTask was not in the Blocked state then
N * pdFAIL is returned.  Otherwise pdPASS is returned.
N *
N * \defgroup xTaskAbortDelay xTaskAbortDelay
N * \ingroup TaskCtrl
N */
NBaseType_t xTaskAbortDelay( TaskHandle_t xTask ) PRIVILEGED_FUNCTION;
XBaseType_t xTaskAbortDelay( TaskHandle_t xTask ) ;
N
N/**
N * task. h
N * <pre>UBaseType_t uxTaskPriorityGet( const TaskHandle_t xTask );</pre>
N *
N * INCLUDE_uxTaskPriorityGet must be defined as 1 for this function to be available.
N * See the configuration section for more information.
N *
N * Obtain the priority of any task.
N *
N * @param xTask Handle of the task to be queried.  Passing a NULL
N * handle results in the priority of the calling task being returned.
N *
N * @return The priority of xTask.
N *
N * Example usage:
N   <pre>
N void vAFunction( void )
N {
N TaskHandle_t xHandle;
N
N	 // Create a task, storing the handle.
N	 xTaskCreate( vTaskCode, "NAME", STACK_SIZE, NULL, tskIDLE_PRIORITY, &xHandle );
N
N	 // ...
N
N	 // Use the handle to obtain the priority of the created task.
N	 // It was created with tskIDLE_PRIORITY, but may have changed
N	 // it itself.
N	 if( uxTaskPriorityGet( xHandle ) != tskIDLE_PRIORITY )
N	 {
N		 // The task has changed it's priority.
N	 }
N
N	 // ...
N
N	 // Is our priority higher than the created task?
N	 if( uxTaskPriorityGet( xHandle ) < uxTaskPriorityGet( NULL ) )
N	 {
N		 // Our priority (obtained using NULL handle) is higher.
N	 }
N }
N   </pre>
N * \defgroup uxTaskPriorityGet uxTaskPriorityGet
N * \ingroup TaskCtrl
N */
NUBaseType_t uxTaskPriorityGet( const TaskHandle_t xTask ) PRIVILEGED_FUNCTION;
XUBaseType_t uxTaskPriorityGet( const TaskHandle_t xTask ) ;
N
N/**
N * task. h
N * <pre>UBaseType_t uxTaskPriorityGetFromISR( const TaskHandle_t xTask );</pre>
N *
N * A version of uxTaskPriorityGet() that can be used from an ISR.
N */
NUBaseType_t uxTaskPriorityGetFromISR( const TaskHandle_t xTask ) PRIVILEGED_FUNCTION;
XUBaseType_t uxTaskPriorityGetFromISR( const TaskHandle_t xTask ) ;
N
N/**
N * task. h
N * <pre>eTaskState eTaskGetState( TaskHandle_t xTask );</pre>
N *
N * INCLUDE_eTaskGetState must be defined as 1 for this function to be available.
N * See the configuration section for more information.
N *
N * Obtain the state of any task.  States are encoded by the eTaskState
N * enumerated type.
N *
N * @param xTask Handle of the task to be queried.
N *
N * @return The state of xTask at the time the function was called.  Note the
N * state of the task might change between the function being called, and the
N * functions return value being tested by the calling task.
N */
NeTaskState eTaskGetState( TaskHandle_t xTask ) PRIVILEGED_FUNCTION;
XeTaskState eTaskGetState( TaskHandle_t xTask ) ;
N
N/**
N * task. h
N * <pre>void vTaskGetInfo( TaskHandle_t xTask, TaskStatus_t *pxTaskStatus, BaseType_t xGetFreeStackSpace, eTaskState eState );</pre>
N *
N * configUSE_TRACE_FACILITY must be defined as 1 for this function to be
N * available.  See the configuration section for more information.
N *
N * Populates a TaskStatus_t structure with information about a task.
N *
N * @param xTask Handle of the task being queried.  If xTask is NULL then
N * information will be returned about the calling task.
N *
N * @param pxTaskStatus A pointer to the TaskStatus_t structure that will be
N * filled with information about the task referenced by the handle passed using
N * the xTask parameter.
N *
N * @xGetFreeStackSpace The TaskStatus_t structure contains a member to report
N * the stack high water mark of the task being queried.  Calculating the stack
N * high water mark takes a relatively long time, and can make the system
N * temporarily unresponsive - so the xGetFreeStackSpace parameter is provided to
N * allow the high water mark checking to be skipped.  The high watermark value
N * will only be written to the TaskStatus_t structure if xGetFreeStackSpace is
N * not set to pdFALSE;
N *
N * @param eState The TaskStatus_t structure contains a member to report the
N * state of the task being queried.  Obtaining the task state is not as fast as
N * a simple assignment - so the eState parameter is provided to allow the state
N * information to be omitted from the TaskStatus_t structure.  To obtain state
N * information then set eState to eInvalid - otherwise the value passed in
N * eState will be reported as the task state in the TaskStatus_t structure.
N *
N * Example usage:
N   <pre>
N void vAFunction( void )
N {
N TaskHandle_t xHandle;
N TaskStatus_t xTaskDetails;
N
N    // Obtain the handle of a task from its name.
N    xHandle = xTaskGetHandle( "Task_Name" );
N
N    // Check the handle is not NULL.
N    configASSERT( xHandle );
N
N    // Use the handle to obtain further information about the task.
N    vTaskGetInfo( xHandle,
N                  &xTaskDetails,
N                  pdTRUE, // Include the high water mark in xTaskDetails.
N                  eInvalid ); // Include the task state in xTaskDetails.
N }
N   </pre>
N * \defgroup vTaskGetInfo vTaskGetInfo
N * \ingroup TaskCtrl
N */
Nvoid vTaskGetInfo( TaskHandle_t xTask, TaskStatus_t *pxTaskStatus, BaseType_t xGetFreeStackSpace, eTaskState eState ) PRIVILEGED_FUNCTION;
Xvoid vTaskGetInfo( TaskHandle_t xTask, TaskStatus_t *pxTaskStatus, BaseType_t xGetFreeStackSpace, eTaskState eState ) ;
N
N/**
N * task. h
N * <pre>void vTaskPrioritySet( TaskHandle_t xTask, UBaseType_t uxNewPriority );</pre>
N *
N * INCLUDE_vTaskPrioritySet must be defined as 1 for this function to be available.
N * See the configuration section for more information.
N *
N * Set the priority of any task.
N *
N * A context switch will occur before the function returns if the priority
N * being set is higher than the currently executing task.
N *
N * @param xTask Handle to the task for which the priority is being set.
N * Passing a NULL handle results in the priority of the calling task being set.
N *
N * @param uxNewPriority The priority to which the task will be set.
N *
N * Example usage:
N   <pre>
N void vAFunction( void )
N {
N TaskHandle_t xHandle;
N
N	 // Create a task, storing the handle.
N	 xTaskCreate( vTaskCode, "NAME", STACK_SIZE, NULL, tskIDLE_PRIORITY, &xHandle );
N
N	 // ...
N
N	 // Use the handle to raise the priority of the created task.
N	 vTaskPrioritySet( xHandle, tskIDLE_PRIORITY + 1 );
N
N	 // ...
N
N	 // Use a NULL handle to raise our priority to the same value.
N	 vTaskPrioritySet( NULL, tskIDLE_PRIORITY + 1 );
N }
N   </pre>
N * \defgroup vTaskPrioritySet vTaskPrioritySet
N * \ingroup TaskCtrl
N */
Nvoid vTaskPrioritySet( TaskHandle_t xTask, UBaseType_t uxNewPriority ) PRIVILEGED_FUNCTION;
Xvoid vTaskPrioritySet( TaskHandle_t xTask, UBaseType_t uxNewPriority ) ;
N
N/**
N * task. h
N * <pre>void vTaskSuspend( TaskHandle_t xTaskToSuspend );</pre>
N *
N * INCLUDE_vTaskSuspend must be defined as 1 for this function to be available.
N * See the configuration section for more information.
N *
N * Suspend any task.  When suspended a task will never get any microcontroller
N * processing time, no matter what its priority.
N *
N * Calls to vTaskSuspend are not accumulative -
N * i.e. calling vTaskSuspend () twice on the same task still only requires one
N * call to vTaskResume () to ready the suspended task.
N *
N * @param xTaskToSuspend Handle to the task being suspended.  Passing a NULL
N * handle will cause the calling task to be suspended.
N *
N * Example usage:
N   <pre>
N void vAFunction( void )
N {
N TaskHandle_t xHandle;
N
N	 // Create a task, storing the handle.
N	 xTaskCreate( vTaskCode, "NAME", STACK_SIZE, NULL, tskIDLE_PRIORITY, &xHandle );
N
N	 // ...
N
N	 // Use the handle to suspend the created task.
N	 vTaskSuspend( xHandle );
N
N	 // ...
N
N	 // The created task will not run during this period, unless
N	 // another task calls vTaskResume( xHandle ).
N
N	 //...
N
N
N	 // Suspend ourselves.
N	 vTaskSuspend( NULL );
N
N	 // We cannot get here unless another task calls vTaskResume
N	 // with our handle as the parameter.
N }
N   </pre>
N * \defgroup vTaskSuspend vTaskSuspend
N * \ingroup TaskCtrl
N */
Nvoid vTaskSuspend( TaskHandle_t xTaskToSuspend ) PRIVILEGED_FUNCTION;
Xvoid vTaskSuspend( TaskHandle_t xTaskToSuspend ) ;
N
N/**
N * task. h
N * <pre>void vTaskResume( TaskHandle_t xTaskToResume );</pre>
N *
N * INCLUDE_vTaskSuspend must be defined as 1 for this function to be available.
N * See the configuration section for more information.
N *
N * Resumes a suspended task.
N *
N * A task that has been suspended by one or more calls to vTaskSuspend ()
N * will be made available for running again by a single call to
N * vTaskResume ().
N *
N * @param xTaskToResume Handle to the task being readied.
N *
N * Example usage:
N   <pre>
N void vAFunction( void )
N {
N TaskHandle_t xHandle;
N
N	 // Create a task, storing the handle.
N	 xTaskCreate( vTaskCode, "NAME", STACK_SIZE, NULL, tskIDLE_PRIORITY, &xHandle );
N
N	 // ...
N
N	 // Use the handle to suspend the created task.
N	 vTaskSuspend( xHandle );
N
N	 // ...
N
N	 // The created task will not run during this period, unless
N	 // another task calls vTaskResume( xHandle ).
N
N	 //...
N
N
N	 // Resume the suspended task ourselves.
N	 vTaskResume( xHandle );
N
N	 // The created task will once again get microcontroller processing
N	 // time in accordance with its priority within the system.
N }
N   </pre>
N * \defgroup vTaskResume vTaskResume
N * \ingroup TaskCtrl
N */
Nvoid vTaskResume( TaskHandle_t xTaskToResume ) PRIVILEGED_FUNCTION;
Xvoid vTaskResume( TaskHandle_t xTaskToResume ) ;
N
N/**
N * task. h
N * <pre>void xTaskResumeFromISR( TaskHandle_t xTaskToResume );</pre>
N *
N * INCLUDE_xTaskResumeFromISR must be defined as 1 for this function to be
N * available.  See the configuration section for more information.
N *
N * An implementation of vTaskResume() that can be called from within an ISR.
N *
N * A task that has been suspended by one or more calls to vTaskSuspend ()
N * will be made available for running again by a single call to
N * xTaskResumeFromISR ().
N *
N * xTaskResumeFromISR() should not be used to synchronise a task with an
N * interrupt if there is a chance that the interrupt could arrive prior to the
N * task being suspended - as this can lead to interrupts being missed. Use of a
N * semaphore as a synchronisation mechanism would avoid this eventuality.
N *
N * @param xTaskToResume Handle to the task being readied.
N *
N * @return pdTRUE if resuming the task should result in a context switch,
N * otherwise pdFALSE. This is used by the ISR to determine if a context switch
N * may be required following the ISR.
N *
N * \defgroup vTaskResumeFromISR vTaskResumeFromISR
N * \ingroup TaskCtrl
N */
NBaseType_t xTaskResumeFromISR( TaskHandle_t xTaskToResume ) PRIVILEGED_FUNCTION;
XBaseType_t xTaskResumeFromISR( TaskHandle_t xTaskToResume ) ;
N
N/*-----------------------------------------------------------
N * SCHEDULER CONTROL
N *----------------------------------------------------------*/
N
N/**
N * task. h
N * <pre>void vTaskStartScheduler( void );</pre>
N *
N * Starts the real time kernel tick processing.  After calling the kernel
N * has control over which tasks are executed and when.
N *
N * See the demo application file main.c for an example of creating
N * tasks and starting the kernel.
N *
N * Example usage:
N   <pre>
N void vAFunction( void )
N {
N	 // Create at least one task before starting the kernel.
N	 xTaskCreate( vTaskCode, "NAME", STACK_SIZE, NULL, tskIDLE_PRIORITY, NULL );
N
N	 // Start the real time kernel with preemption.
N	 vTaskStartScheduler ();
N
N	 // Will not get here unless a task calls vTaskEndScheduler ()
N }
N   </pre>
N *
N * \defgroup vTaskStartScheduler vTaskStartScheduler
N * \ingroup SchedulerControl
N */
Nvoid vTaskStartScheduler( void ) PRIVILEGED_FUNCTION;
Xvoid vTaskStartScheduler( void ) ;
N
N/**
N * task. h
N * <pre>void vTaskEndScheduler( void );</pre>
N *
N * NOTE:  At the time of writing only the x86 real mode port, which runs on a PC
N * in place of DOS, implements this function.
N *
N * Stops the real time kernel tick.  All created tasks will be automatically
N * deleted and multitasking (either preemptive or cooperative) will
N * stop.  Execution then resumes from the point where vTaskStartScheduler ()
N * was called, as if vTaskStartScheduler () had just returned.
N *
N * See the demo application file main. c in the demo/PC directory for an
N * example that uses vTaskEndScheduler ().
N *
N * vTaskEndScheduler () requires an exit function to be defined within the
N * portable layer (see vPortEndScheduler () in port. c for the PC port).  This
N * performs hardware specific operations such as stopping the kernel tick.
N *
N * vTaskEndScheduler () will cause all of the resources allocated by the
N * kernel to be freed - but will not free resources allocated by application
N * tasks.
N *
N * Example usage:
N   <pre>
N void vTaskCode( void * pvParameters )
N {
N	 for( ;; )
N	 {
N		 // Task code goes here.
N
N		 // At some point we want to end the real time kernel processing
N		 // so call ...
N		 vTaskEndScheduler ();
N	 }
N }
N
N void vAFunction( void )
N {
N	 // Create at least one task before starting the kernel.
N	 xTaskCreate( vTaskCode, "NAME", STACK_SIZE, NULL, tskIDLE_PRIORITY, NULL );
N
N	 // Start the real time kernel with preemption.
N	 vTaskStartScheduler ();
N
N	 // Will only get here when the vTaskCode () task has called
N	 // vTaskEndScheduler ().  When we get here we are back to single task
N	 // execution.
N }
N   </pre>
N *
N * \defgroup vTaskEndScheduler vTaskEndScheduler
N * \ingroup SchedulerControl
N */
Nvoid vTaskEndScheduler( void ) PRIVILEGED_FUNCTION;
Xvoid vTaskEndScheduler( void ) ;
N
N/**
N * task. h
N * <pre>void vTaskSuspendAll( void );</pre>
N *
N * Suspends the scheduler without disabling interrupts.  Context switches will
N * not occur while the scheduler is suspended.
N *
N * After calling vTaskSuspendAll () the calling task will continue to execute
N * without risk of being swapped out until a call to xTaskResumeAll () has been
N * made.
N *
N * API functions that have the potential to cause a context switch (for example,
N * vTaskDelayUntil(), xQueueSend(), etc.) must not be called while the scheduler
N * is suspended.
N *
N * Example usage:
N   <pre>
N void vTask1( void * pvParameters )
N {
N	 for( ;; )
N	 {
N		 // Task code goes here.
N
N		 // ...
N
N		 // At some point the task wants to perform a long operation during
N		 // which it does not want to get swapped out.  It cannot use
N		 // taskENTER_CRITICAL ()/taskEXIT_CRITICAL () as the length of the
N		 // operation may cause interrupts to be missed - including the
N		 // ticks.
N
N		 // Prevent the real time kernel swapping out the task.
N		 vTaskSuspendAll ();
N
N		 // Perform the operation here.  There is no need to use critical
N		 // sections as we have all the microcontroller processing time.
N		 // During this time interrupts will still operate and the kernel
N		 // tick count will be maintained.
N
N		 // ...
N
N		 // The operation is complete.  Restart the kernel.
N		 xTaskResumeAll ();
N	 }
N }
N   </pre>
N * \defgroup vTaskSuspendAll vTaskSuspendAll
N * \ingroup SchedulerControl
N */
Nvoid vTaskSuspendAll( void ) PRIVILEGED_FUNCTION;
Xvoid vTaskSuspendAll( void ) ;
N
N/**
N * task. h
N * <pre>BaseType_t xTaskResumeAll( void );</pre>
N *
N * Resumes scheduler activity after it was suspended by a call to
N * vTaskSuspendAll().
N *
N * xTaskResumeAll() only resumes the scheduler.  It does not unsuspend tasks
N * that were previously suspended by a call to vTaskSuspend().
N *
N * @return If resuming the scheduler caused a context switch then pdTRUE is
N *		  returned, otherwise pdFALSE is returned.
N *
N * Example usage:
N   <pre>
N void vTask1( void * pvParameters )
N {
N	 for( ;; )
N	 {
N		 // Task code goes here.
N
N		 // ...
N
N		 // At some point the task wants to perform a long operation during
N		 // which it does not want to get swapped out.  It cannot use
N		 // taskENTER_CRITICAL ()/taskEXIT_CRITICAL () as the length of the
N		 // operation may cause interrupts to be missed - including the
N		 // ticks.
N
N		 // Prevent the real time kernel swapping out the task.
N		 vTaskSuspendAll ();
N
N		 // Perform the operation here.  There is no need to use critical
N		 // sections as we have all the microcontroller processing time.
N		 // During this time interrupts will still operate and the real
N		 // time kernel tick count will be maintained.
N
N		 // ...
N
N		 // The operation is complete.  Restart the kernel.  We want to force
N		 // a context switch - but there is no point if resuming the scheduler
N		 // caused a context switch already.
N		 if( !xTaskResumeAll () )
N		 {
N			  taskYIELD ();
N		 }
N	 }
N }
N   </pre>
N * \defgroup xTaskResumeAll xTaskResumeAll
N * \ingroup SchedulerControl
N */
NBaseType_t xTaskResumeAll( void ) PRIVILEGED_FUNCTION;
XBaseType_t xTaskResumeAll( void ) ;
N
N/*-----------------------------------------------------------
N * TASK UTILITIES
N *----------------------------------------------------------*/
N
N/**
N * task. h
N * <PRE>TickType_t xTaskGetTickCount( void );</PRE>
N *
N * @return The count of ticks since vTaskStartScheduler was called.
N *
N * \defgroup xTaskGetTickCount xTaskGetTickCount
N * \ingroup TaskUtils
N */
NTickType_t xTaskGetTickCount( void ) PRIVILEGED_FUNCTION;
XTickType_t xTaskGetTickCount( void ) ;
N
N/**
N * task. h
N * <PRE>TickType_t xTaskGetTickCountFromISR( void );</PRE>
N *
N * @return The count of ticks since vTaskStartScheduler was called.
N *
N * This is a version of xTaskGetTickCount() that is safe to be called from an
N * ISR - provided that TickType_t is the natural word size of the
N * microcontroller being used or interrupt nesting is either not supported or
N * not being used.
N *
N * \defgroup xTaskGetTickCountFromISR xTaskGetTickCountFromISR
N * \ingroup TaskUtils
N */
NTickType_t xTaskGetTickCountFromISR( void ) PRIVILEGED_FUNCTION;
XTickType_t xTaskGetTickCountFromISR( void ) ;
N
N/**
N * task. h
N * <PRE>uint16_t uxTaskGetNumberOfTasks( void );</PRE>
N *
N * @return The number of tasks that the real time kernel is currently managing.
N * This includes all ready, blocked and suspended tasks.  A task that
N * has been deleted but not yet freed by the idle task will also be
N * included in the count.
N *
N * \defgroup uxTaskGetNumberOfTasks uxTaskGetNumberOfTasks
N * \ingroup TaskUtils
N */
NUBaseType_t uxTaskGetNumberOfTasks( void ) PRIVILEGED_FUNCTION;
XUBaseType_t uxTaskGetNumberOfTasks( void ) ;
N
N/**
N * task. h
N * <PRE>char *pcTaskGetName( TaskHandle_t xTaskToQuery );</PRE>
N *
N * @return The text (human readable) name of the task referenced by the handle
N * xTaskToQuery.  A task can query its own name by either passing in its own
N * handle, or by setting xTaskToQuery to NULL.
N *
N * \defgroup pcTaskGetName pcTaskGetName
N * \ingroup TaskUtils
N */
Nchar *pcTaskGetName( TaskHandle_t xTaskToQuery ) PRIVILEGED_FUNCTION; /*lint !e971 Unqualified char types are allowed for strings and single characters only. */
Xchar *pcTaskGetName( TaskHandle_t xTaskToQuery ) ;  
N
N/**
N * task. h
N * <PRE>TaskHandle_t xTaskGetHandle( const char *pcNameToQuery );</PRE>
N *
N * NOTE:  This function takes a relatively long time to complete and should be
N * used sparingly.
N *
N * @return The handle of the task that has the human readable name pcNameToQuery.
N * NULL is returned if no matching name is found.  INCLUDE_xTaskGetHandle
N * must be set to 1 in FreeRTOSConfig.h for pcTaskGetHandle() to be available.
N *
N * \defgroup pcTaskGetHandle pcTaskGetHandle
N * \ingroup TaskUtils
N */
NTaskHandle_t xTaskGetHandle( const char *pcNameToQuery ) PRIVILEGED_FUNCTION; /*lint !e971 Unqualified char types are allowed for strings and single characters only. */
XTaskHandle_t xTaskGetHandle( const char *pcNameToQuery ) ;  
N
N/**
N * task.h
N * <PRE>UBaseType_t uxTaskGetStackHighWaterMark( TaskHandle_t xTask );</PRE>
N *
N * INCLUDE_uxTaskGetStackHighWaterMark must be set to 1 in FreeRTOSConfig.h for
N * this function to be available.
N *
N * Returns the high water mark of the stack associated with xTask.  That is,
N * the minimum free stack space there has been (in words, so on a 32 bit machine
N * a value of 1 means 4 bytes) since the task started.  The smaller the returned
N * number the closer the task has come to overflowing its stack.
N *
N * uxTaskGetStackHighWaterMark() and uxTaskGetStackHighWaterMark2() are the
N * same except for their return type.  Using configSTACK_DEPTH_TYPE allows the
N * user to determine the return type.  It gets around the problem of the value
N * overflowing on 8-bit types without breaking backward compatibility for
N * applications that expect an 8-bit return type.
N *
N * @param xTask Handle of the task associated with the stack to be checked.
N * Set xTask to NULL to check the stack of the calling task.
N *
N * @return The smallest amount of free stack space there has been (in words, so
N * actual spaces on the stack rather than bytes) since the task referenced by
N * xTask was created.
N */
NUBaseType_t uxTaskGetStackHighWaterMark( TaskHandle_t xTask ) PRIVILEGED_FUNCTION;
XUBaseType_t uxTaskGetStackHighWaterMark( TaskHandle_t xTask ) ;
N
N/**
N * task.h
N * <PRE>configSTACK_DEPTH_TYPE uxTaskGetStackHighWaterMark2( TaskHandle_t xTask );</PRE>
N *
N * INCLUDE_uxTaskGetStackHighWaterMark2 must be set to 1 in FreeRTOSConfig.h for
N * this function to be available.
N *
N * Returns the high water mark of the stack associated with xTask.  That is,
N * the minimum free stack space there has been (in words, so on a 32 bit machine
N * a value of 1 means 4 bytes) since the task started.  The smaller the returned
N * number the closer the task has come to overflowing its stack.
N *
N * uxTaskGetStackHighWaterMark() and uxTaskGetStackHighWaterMark2() are the
N * same except for their return type.  Using configSTACK_DEPTH_TYPE allows the
N * user to determine the return type.  It gets around the problem of the value
N * overflowing on 8-bit types without breaking backward compatibility for
N * applications that expect an 8-bit return type.
N *
N * @param xTask Handle of the task associated with the stack to be checked.
N * Set xTask to NULL to check the stack of the calling task.
N *
N * @return The smallest amount of free stack space there has been (in words, so
N * actual spaces on the stack rather than bytes) since the task referenced by
N * xTask was created.
N */
NconfigSTACK_DEPTH_TYPE uxTaskGetStackHighWaterMark2( TaskHandle_t xTask ) PRIVILEGED_FUNCTION;
Xuint16_t uxTaskGetStackHighWaterMark2( TaskHandle_t xTask ) ;
N
N/* When using trace macros it is sometimes necessary to include task.h before
NFreeRTOS.h.  When this is done TaskHookFunction_t will not yet have been defined,
Nso the following two prototypes will cause a compilation error.  This can be
Nfixed by simply guarding against the inclusion of these two prototypes unless
Nthey are explicitly required by the configUSE_APPLICATION_TASK_TAG configuration
Nconstant. */
N#ifdef configUSE_APPLICATION_TASK_TAG
N	#if configUSE_APPLICATION_TASK_TAG == 1
X	#if 1 == 1
N		/**
N		 * task.h
N		 * <pre>void vTaskSetApplicationTaskTag( TaskHandle_t xTask, TaskHookFunction_t pxHookFunction );</pre>
N		 *
N		 * Sets pxHookFunction to be the task hook function used by the task xTask.
N		 * Passing xTask as NULL has the effect of setting the calling tasks hook
N		 * function.
N		 */
N		void vTaskSetApplicationTaskTag( TaskHandle_t xTask, TaskHookFunction_t pxHookFunction ) PRIVILEGED_FUNCTION;
X		void vTaskSetApplicationTaskTag( TaskHandle_t xTask, TaskHookFunction_t pxHookFunction ) ;
N
N		/**
N		 * task.h
N		 * <pre>void xTaskGetApplicationTaskTag( TaskHandle_t xTask );</pre>
N		 *
N		 * Returns the pxHookFunction value assigned to the task xTask.  Do not
N		 * call from an interrupt service routine - call
N		 * xTaskGetApplicationTaskTagFromISR() instead.
N		 */
N		TaskHookFunction_t xTaskGetApplicationTaskTag( TaskHandle_t xTask ) PRIVILEGED_FUNCTION;
X		TaskHookFunction_t xTaskGetApplicationTaskTag( TaskHandle_t xTask ) ;
N
N		/**
N		 * task.h
N		 * <pre>void xTaskGetApplicationTaskTagFromISR( TaskHandle_t xTask );</pre>
N		 *
N		 * Returns the pxHookFunction value assigned to the task xTask.  Can
N		 * be called from an interrupt service routine.
N		 */
N		TaskHookFunction_t xTaskGetApplicationTaskTagFromISR( TaskHandle_t xTask ) PRIVILEGED_FUNCTION;
X		TaskHookFunction_t xTaskGetApplicationTaskTagFromISR( TaskHandle_t xTask ) ;
N	#endif /* configUSE_APPLICATION_TASK_TAG ==1 */
N#endif /* ifdef configUSE_APPLICATION_TASK_TAG */
N
N#if( configNUM_THREAD_LOCAL_STORAGE_POINTERS > 0 )
X#if( 0 > 0 )
S
S	/* Each task contains an array of pointers that is dimensioned by the
S	configNUM_THREAD_LOCAL_STORAGE_POINTERS setting in FreeRTOSConfig.h.  The
S	kernel does not use the pointers itself, so the application writer can use
S	the pointers for any purpose they wish.  The following two functions are
S	used to set and query a pointer respectively. */
S	void vTaskSetThreadLocalStoragePointer( TaskHandle_t xTaskToSet, BaseType_t xIndex, void *pvValue ) PRIVILEGED_FUNCTION;
S	void *pvTaskGetThreadLocalStoragePointer( TaskHandle_t xTaskToQuery, BaseType_t xIndex ) PRIVILEGED_FUNCTION;
S
N#endif
N
N/**
N * task.h
N * <pre>BaseType_t xTaskCallApplicationTaskHook( TaskHandle_t xTask, void *pvParameter );</pre>
N *
N * Calls the hook function associated with xTask.  Passing xTask as NULL has
N * the effect of calling the Running tasks (the calling task) hook function.
N *
N * pvParameter is passed to the hook function for the task to interpret as it
N * wants.  The return value is the value returned by the task hook function
N * registered by the user.
N */
NBaseType_t xTaskCallApplicationTaskHook( TaskHandle_t xTask, void *pvParameter ) PRIVILEGED_FUNCTION;
XBaseType_t xTaskCallApplicationTaskHook( TaskHandle_t xTask, void *pvParameter ) ;
N
N/**
N * xTaskGetIdleTaskHandle() is only available if
N * INCLUDE_xTaskGetIdleTaskHandle is set to 1 in FreeRTOSConfig.h.
N *
N * Simply returns the handle of the idle task.  It is not valid to call
N * xTaskGetIdleTaskHandle() before the scheduler has been started.
N */
NTaskHandle_t xTaskGetIdleTaskHandle( void ) PRIVILEGED_FUNCTION;
XTaskHandle_t xTaskGetIdleTaskHandle( void ) ;
N
N/**
N * configUSE_TRACE_FACILITY must be defined as 1 in FreeRTOSConfig.h for
N * uxTaskGetSystemState() to be available.
N *
N * uxTaskGetSystemState() populates an TaskStatus_t structure for each task in
N * the system.  TaskStatus_t structures contain, among other things, members
N * for the task handle, task name, task priority, task state, and total amount
N * of run time consumed by the task.  See the TaskStatus_t structure
N * definition in this file for the full member list.
N *
N * NOTE:  This function is intended for debugging use only as its use results in
N * the scheduler remaining suspended for an extended period.
N *
N * @param pxTaskStatusArray A pointer to an array of TaskStatus_t structures.
N * The array must contain at least one TaskStatus_t structure for each task
N * that is under the control of the RTOS.  The number of tasks under the control
N * of the RTOS can be determined using the uxTaskGetNumberOfTasks() API function.
N *
N * @param uxArraySize The size of the array pointed to by the pxTaskStatusArray
N * parameter.  The size is specified as the number of indexes in the array, or
N * the number of TaskStatus_t structures contained in the array, not by the
N * number of bytes in the array.
N *
N * @param pulTotalRunTime If configGENERATE_RUN_TIME_STATS is set to 1 in
N * FreeRTOSConfig.h then *pulTotalRunTime is set by uxTaskGetSystemState() to the
N * total run time (as defined by the run time stats clock, see
N * http://www.freertos.org/rtos-run-time-stats.html) since the target booted.
N * pulTotalRunTime can be set to NULL to omit the total run time information.
N *
N * @return The number of TaskStatus_t structures that were populated by
N * uxTaskGetSystemState().  This should equal the number returned by the
N * uxTaskGetNumberOfTasks() API function, but will be zero if the value passed
N * in the uxArraySize parameter was too small.
N *
N * Example usage:
N   <pre>
N    // This example demonstrates how a human readable table of run time stats
N	// information is generated from raw data provided by uxTaskGetSystemState().
N	// The human readable table is written to pcWriteBuffer
N	void vTaskGetRunTimeStats( char *pcWriteBuffer )
N	{
N	TaskStatus_t *pxTaskStatusArray;
N	volatile UBaseType_t uxArraySize, x;
N	uint32_t ulTotalRunTime, ulStatsAsPercentage;
N
N		// Make sure the write buffer does not contain a string.
N		*pcWriteBuffer = 0x00;
N
N		// Take a snapshot of the number of tasks in case it changes while this
N		// function is executing.
N		uxArraySize = uxTaskGetNumberOfTasks();
N
N		// Allocate a TaskStatus_t structure for each task.  An array could be
N		// allocated statically at compile time.
N		pxTaskStatusArray = pvPortMalloc( uxArraySize * sizeof( TaskStatus_t ) );
N
N		if( pxTaskStatusArray != NULL )
N		{
N			// Generate raw status information about each task.
N			uxArraySize = uxTaskGetSystemState( pxTaskStatusArray, uxArraySize, &ulTotalRunTime );
N
N			// For percentage calculations.
N			ulTotalRunTime /= 100UL;
N
N			// Avoid divide by zero errors.
N			if( ulTotalRunTime > 0 )
N			{
N				// For each populated position in the pxTaskStatusArray array,
N				// format the raw data as human readable ASCII data
N				for( x = 0; x < uxArraySize; x++ )
N				{
N					// What percentage of the total run time has the task used?
N					// This will always be rounded down to the nearest integer.
N					// ulTotalRunTimeDiv100 has already been divided by 100.
N					ulStatsAsPercentage = pxTaskStatusArray[ x ].ulRunTimeCounter / ulTotalRunTime;
N
N					if( ulStatsAsPercentage > 0UL )
N					{
N						sprintf( pcWriteBuffer, "%s\t\t%lu\t\t%lu%%\r\n", pxTaskStatusArray[ x ].pcTaskName, pxTaskStatusArray[ x ].ulRunTimeCounter, ulStatsAsPercentage );
N					}
N					else
N					{
N						// If the percentage is zero here then the task has
N						// consumed less than 1% of the total run time.
N						sprintf( pcWriteBuffer, "%s\t\t%lu\t\t<1%%\r\n", pxTaskStatusArray[ x ].pcTaskName, pxTaskStatusArray[ x ].ulRunTimeCounter );
N					}
N
N					pcWriteBuffer += strlen( ( char * ) pcWriteBuffer );
N				}
N			}
N
N			// The array is no longer needed, free the memory it consumes.
N			vPortFree( pxTaskStatusArray );
N		}
N	}
N	</pre>
N */
NUBaseType_t uxTaskGetSystemState( TaskStatus_t * const pxTaskStatusArray, const UBaseType_t uxArraySize, uint32_t * const pulTotalRunTime ) PRIVILEGED_FUNCTION;
XUBaseType_t uxTaskGetSystemState( TaskStatus_t * const pxTaskStatusArray, const UBaseType_t uxArraySize, uint32_t * const pulTotalRunTime ) ;
N
N/**
N * task. h
N * <PRE>void vTaskList( char *pcWriteBuffer );</PRE>
N *
N * configUSE_TRACE_FACILITY and configUSE_STATS_FORMATTING_FUNCTIONS must
N * both be defined as 1 for this function to be available.  See the
N * configuration section of the FreeRTOS.org website for more information.
N *
N * NOTE 1: This function will disable interrupts for its duration.  It is
N * not intended for normal application runtime use but as a debug aid.
N *
N * Lists all the current tasks, along with their current state and stack
N * usage high water mark.
N *
N * Tasks are reported as blocked ('B'), ready ('R'), deleted ('D') or
N * suspended ('S').
N *
N * PLEASE NOTE:
N *
N * This function is provided for convenience only, and is used by many of the
N * demo applications.  Do not consider it to be part of the scheduler.
N *
N * vTaskList() calls uxTaskGetSystemState(), then formats part of the
N * uxTaskGetSystemState() output into a human readable table that displays task
N * names, states and stack usage.
N *
N * vTaskList() has a dependency on the sprintf() C library function that might
N * bloat the code size, use a lot of stack, and provide different results on
N * different platforms.  An alternative, tiny, third party, and limited
N * functionality implementation of sprintf() is provided in many of the
N * FreeRTOS/Demo sub-directories in a file called printf-stdarg.c (note
N * printf-stdarg.c does not provide a full snprintf() implementation!).
N *
N * It is recommended that production systems call uxTaskGetSystemState()
N * directly to get access to raw stats data, rather than indirectly through a
N * call to vTaskList().
N *
N * @param pcWriteBuffer A buffer into which the above mentioned details
N * will be written, in ASCII form.  This buffer is assumed to be large
N * enough to contain the generated report.  Approximately 40 bytes per
N * task should be sufficient.
N *
N * \defgroup vTaskList vTaskList
N * \ingroup TaskUtils
N */
Nvoid vTaskList( char * pcWriteBuffer ) PRIVILEGED_FUNCTION; /*lint !e971 Unqualified char types are allowed for strings and single characters only. */
Xvoid vTaskList( char * pcWriteBuffer ) ;  
N
N/**
N * task. h
N * <PRE>void vTaskGetRunTimeStats( char *pcWriteBuffer );</PRE>
N *
N * configGENERATE_RUN_TIME_STATS and configUSE_STATS_FORMATTING_FUNCTIONS
N * must both be defined as 1 for this function to be available.  The application
N * must also then provide definitions for
N * portCONFIGURE_TIMER_FOR_RUN_TIME_STATS() and portGET_RUN_TIME_COUNTER_VALUE()
N * to configure a peripheral timer/counter and return the timers current count
N * value respectively.  The counter should be at least 10 times the frequency of
N * the tick count.
N *
N * NOTE 1: This function will disable interrupts for its duration.  It is
N * not intended for normal application runtime use but as a debug aid.
N *
N * Setting configGENERATE_RUN_TIME_STATS to 1 will result in a total
N * accumulated execution time being stored for each task.  The resolution
N * of the accumulated time value depends on the frequency of the timer
N * configured by the portCONFIGURE_TIMER_FOR_RUN_TIME_STATS() macro.
N * Calling vTaskGetRunTimeStats() writes the total execution time of each
N * task into a buffer, both as an absolute count value and as a percentage
N * of the total system execution time.
N *
N * NOTE 2:
N *
N * This function is provided for convenience only, and is used by many of the
N * demo applications.  Do not consider it to be part of the scheduler.
N *
N * vTaskGetRunTimeStats() calls uxTaskGetSystemState(), then formats part of the
N * uxTaskGetSystemState() output into a human readable table that displays the
N * amount of time each task has spent in the Running state in both absolute and
N * percentage terms.
N *
N * vTaskGetRunTimeStats() has a dependency on the sprintf() C library function
N * that might bloat the code size, use a lot of stack, and provide different
N * results on different platforms.  An alternative, tiny, third party, and
N * limited functionality implementation of sprintf() is provided in many of the
N * FreeRTOS/Demo sub-directories in a file called printf-stdarg.c (note
N * printf-stdarg.c does not provide a full snprintf() implementation!).
N *
N * It is recommended that production systems call uxTaskGetSystemState() directly
N * to get access to raw stats data, rather than indirectly through a call to
N * vTaskGetRunTimeStats().
N *
N * @param pcWriteBuffer A buffer into which the execution times will be
N * written, in ASCII form.  This buffer is assumed to be large enough to
N * contain the generated report.  Approximately 40 bytes per task should
N * be sufficient.
N *
N * \defgroup vTaskGetRunTimeStats vTaskGetRunTimeStats
N * \ingroup TaskUtils
N */
Nvoid vTaskGetRunTimeStats( char *pcWriteBuffer ) PRIVILEGED_FUNCTION; /*lint !e971 Unqualified char types are allowed for strings and single characters only. */
Xvoid vTaskGetRunTimeStats( char *pcWriteBuffer ) ;  
N
N/**
N* task. h
N* <PRE>uint32_t ulTaskGetIdleRunTimeCounter( void );</PRE>
N*
N* configGENERATE_RUN_TIME_STATS and configUSE_STATS_FORMATTING_FUNCTIONS
N* must both be defined as 1 for this function to be available.  The application
N* must also then provide definitions for
N* portCONFIGURE_TIMER_FOR_RUN_TIME_STATS() and portGET_RUN_TIME_COUNTER_VALUE()
N* to configure a peripheral timer/counter and return the timers current count
N* value respectively.  The counter should be at least 10 times the frequency of
N* the tick count.
N*
N* Setting configGENERATE_RUN_TIME_STATS to 1 will result in a total
N* accumulated execution time being stored for each task.  The resolution
N* of the accumulated time value depends on the frequency of the timer
N* configured by the portCONFIGURE_TIMER_FOR_RUN_TIME_STATS() macro.
N* While uxTaskGetSystemState() and vTaskGetRunTimeStats() writes the total
N* execution time of each task into a buffer, ulTaskGetIdleRunTimeCounter()
N* returns the total execution time of just the idle task.
N*
N* @return The total run time of the idle task.  This is the amount of time the
N* idle task has actually been executing.  The unit of time is dependent on the
N* frequency configured using the portCONFIGURE_TIMER_FOR_RUN_TIME_STATS() and
N* portGET_RUN_TIME_COUNTER_VALUE() macros.
N*
N* \defgroup ulTaskGetIdleRunTimeCounter ulTaskGetIdleRunTimeCounter
N* \ingroup TaskUtils
N*/
Nuint32_t ulTaskGetIdleRunTimeCounter( void ) PRIVILEGED_FUNCTION;
Xuint32_t ulTaskGetIdleRunTimeCounter( void ) ;
N
N/**
N * task. h
N * <PRE>BaseType_t xTaskNotify( TaskHandle_t xTaskToNotify, uint32_t ulValue, eNotifyAction eAction );</PRE>
N *
N * configUSE_TASK_NOTIFICATIONS must be undefined or defined as 1 for this
N * function to be available.
N *
N * When configUSE_TASK_NOTIFICATIONS is set to one each task has its own private
N * "notification value", which is a 32-bit unsigned integer (uint32_t).
N *
N * Events can be sent to a task using an intermediary object.  Examples of such
N * objects are queues, semaphores, mutexes and event groups.  Task notifications
N * are a method of sending an event directly to a task without the need for such
N * an intermediary object.
N *
N * A notification sent to a task can optionally perform an action, such as
N * update, overwrite or increment the task's notification value.  In that way
N * task notifications can be used to send data to a task, or be used as light
N * weight and fast binary or counting semaphores.
N *
N * A notification sent to a task will remain pending until it is cleared by the
N * task calling xTaskNotifyWait() or ulTaskNotifyTake().  If the task was
N * already in the Blocked state to wait for a notification when the notification
N * arrives then the task will automatically be removed from the Blocked state
N * (unblocked) and the notification cleared.
N *
N * A task can use xTaskNotifyWait() to [optionally] block to wait for a
N * notification to be pending, or ulTaskNotifyTake() to [optionally] block
N * to wait for its notification value to have a non-zero value.  The task does
N * not consume any CPU time while it is in the Blocked state.
N *
N * See http://www.FreeRTOS.org/RTOS-task-notifications.html for details.
N *
N * @param xTaskToNotify The handle of the task being notified.  The handle to a
N * task can be returned from the xTaskCreate() API function used to create the
N * task, and the handle of the currently running task can be obtained by calling
N * xTaskGetCurrentTaskHandle().
N *
N * @param ulValue Data that can be sent with the notification.  How the data is
N * used depends on the value of the eAction parameter.
N *
N * @param eAction Specifies how the notification updates the task's notification
N * value, if at all.  Valid values for eAction are as follows:
N *
N * eSetBits -
N * The task's notification value is bitwise ORed with ulValue.  xTaskNofify()
N * always returns pdPASS in this case.
N *
N * eIncrement -
N * The task's notification value is incremented.  ulValue is not used and
N * xTaskNotify() always returns pdPASS in this case.
N *
N * eSetValueWithOverwrite -
N * The task's notification value is set to the value of ulValue, even if the
N * task being notified had not yet processed the previous notification (the
N * task already had a notification pending).  xTaskNotify() always returns
N * pdPASS in this case.
N *
N * eSetValueWithoutOverwrite -
N * If the task being notified did not already have a notification pending then
N * the task's notification value is set to ulValue and xTaskNotify() will
N * return pdPASS.  If the task being notified already had a notification
N * pending then no action is performed and pdFAIL is returned.
N *
N * eNoAction -
N * The task receives a notification without its notification value being
N * updated.  ulValue is not used and xTaskNotify() always returns pdPASS in
N * this case.
N *
N *  pulPreviousNotificationValue -
N *  Can be used to pass out the subject task's notification value before any
N *  bits are modified by the notify function.
N *
N * @return Dependent on the value of eAction.  See the description of the
N * eAction parameter.
N *
N * \defgroup xTaskNotify xTaskNotify
N * \ingroup TaskNotifications
N */
NBaseType_t xTaskGenericNotify( TaskHandle_t xTaskToNotify, uint32_t ulValue, eNotifyAction eAction, uint32_t *pulPreviousNotificationValue ) PRIVILEGED_FUNCTION;
XBaseType_t xTaskGenericNotify( TaskHandle_t xTaskToNotify, uint32_t ulValue, eNotifyAction eAction, uint32_t *pulPreviousNotificationValue ) ;
N#define xTaskNotify( xTaskToNotify, ulValue, eAction ) xTaskGenericNotify( ( xTaskToNotify ), ( ulValue ), ( eAction ), NULL )
N#define xTaskNotifyAndQuery( xTaskToNotify, ulValue, eAction, pulPreviousNotifyValue ) xTaskGenericNotify( ( xTaskToNotify ), ( ulValue ), ( eAction ), ( pulPreviousNotifyValue ) )
N
N/**
N * task. h
N * <PRE>BaseType_t xTaskNotifyFromISR( TaskHandle_t xTaskToNotify, uint32_t ulValue, eNotifyAction eAction, BaseType_t *pxHigherPriorityTaskWoken );</PRE>
N *
N * configUSE_TASK_NOTIFICATIONS must be undefined or defined as 1 for this
N * function to be available.
N *
N * When configUSE_TASK_NOTIFICATIONS is set to one each task has its own private
N * "notification value", which is a 32-bit unsigned integer (uint32_t).
N *
N * A version of xTaskNotify() that can be used from an interrupt service routine
N * (ISR).
N *
N * Events can be sent to a task using an intermediary object.  Examples of such
N * objects are queues, semaphores, mutexes and event groups.  Task notifications
N * are a method of sending an event directly to a task without the need for such
N * an intermediary object.
N *
N * A notification sent to a task can optionally perform an action, such as
N * update, overwrite or increment the task's notification value.  In that way
N * task notifications can be used to send data to a task, or be used as light
N * weight and fast binary or counting semaphores.
N *
N * A notification sent to a task will remain pending until it is cleared by the
N * task calling xTaskNotifyWait() or ulTaskNotifyTake().  If the task was
N * already in the Blocked state to wait for a notification when the notification
N * arrives then the task will automatically be removed from the Blocked state
N * (unblocked) and the notification cleared.
N *
N * A task can use xTaskNotifyWait() to [optionally] block to wait for a
N * notification to be pending, or ulTaskNotifyTake() to [optionally] block
N * to wait for its notification value to have a non-zero value.  The task does
N * not consume any CPU time while it is in the Blocked state.
N *
N * See http://www.FreeRTOS.org/RTOS-task-notifications.html for details.
N *
N * @param xTaskToNotify The handle of the task being notified.  The handle to a
N * task can be returned from the xTaskCreate() API function used to create the
N * task, and the handle of the currently running task can be obtained by calling
N * xTaskGetCurrentTaskHandle().
N *
N * @param ulValue Data that can be sent with the notification.  How the data is
N * used depends on the value of the eAction parameter.
N *
N * @param eAction Specifies how the notification updates the task's notification
N * value, if at all.  Valid values for eAction are as follows:
N *
N * eSetBits -
N * The task's notification value is bitwise ORed with ulValue.  xTaskNofify()
N * always returns pdPASS in this case.
N *
N * eIncrement -
N * The task's notification value is incremented.  ulValue is not used and
N * xTaskNotify() always returns pdPASS in this case.
N *
N * eSetValueWithOverwrite -
N * The task's notification value is set to the value of ulValue, even if the
N * task being notified had not yet processed the previous notification (the
N * task already had a notification pending).  xTaskNotify() always returns
N * pdPASS in this case.
N *
N * eSetValueWithoutOverwrite -
N * If the task being notified did not already have a notification pending then
N * the task's notification value is set to ulValue and xTaskNotify() will
N * return pdPASS.  If the task being notified already had a notification
N * pending then no action is performed and pdFAIL is returned.
N *
N * eNoAction -
N * The task receives a notification without its notification value being
N * updated.  ulValue is not used and xTaskNotify() always returns pdPASS in
N * this case.
N *
N * @param pxHigherPriorityTaskWoken  xTaskNotifyFromISR() will set
N * *pxHigherPriorityTaskWoken to pdTRUE if sending the notification caused the
N * task to which the notification was sent to leave the Blocked state, and the
N * unblocked task has a priority higher than the currently running task.  If
N * xTaskNotifyFromISR() sets this value to pdTRUE then a context switch should
N * be requested before the interrupt is exited.  How a context switch is
N * requested from an ISR is dependent on the port - see the documentation page
N * for the port in use.
N *
N * @return Dependent on the value of eAction.  See the description of the
N * eAction parameter.
N *
N * \defgroup xTaskNotify xTaskNotify
N * \ingroup TaskNotifications
N */
NBaseType_t xTaskGenericNotifyFromISR( TaskHandle_t xTaskToNotify, uint32_t ulValue, eNotifyAction eAction, uint32_t *pulPreviousNotificationValue, BaseType_t *pxHigherPriorityTaskWoken ) PRIVILEGED_FUNCTION;
XBaseType_t xTaskGenericNotifyFromISR( TaskHandle_t xTaskToNotify, uint32_t ulValue, eNotifyAction eAction, uint32_t *pulPreviousNotificationValue, BaseType_t *pxHigherPriorityTaskWoken ) ;
N#define xTaskNotifyFromISR( xTaskToNotify, ulValue, eAction, pxHigherPriorityTaskWoken ) xTaskGenericNotifyFromISR( ( xTaskToNotify ), ( ulValue ), ( eAction ), NULL, ( pxHigherPriorityTaskWoken ) )
N#define xTaskNotifyAndQueryFromISR( xTaskToNotify, ulValue, eAction, pulPreviousNotificationValue, pxHigherPriorityTaskWoken ) xTaskGenericNotifyFromISR( ( xTaskToNotify ), ( ulValue ), ( eAction ), ( pulPreviousNotificationValue ), ( pxHigherPriorityTaskWoken ) )
N
N/**
N * task. h
N * <PRE>BaseType_t xTaskNotifyWait( uint32_t ulBitsToClearOnEntry, uint32_t ulBitsToClearOnExit, uint32_t *pulNotificationValue, TickType_t xTicksToWait );</pre>
N *
N * configUSE_TASK_NOTIFICATIONS must be undefined or defined as 1 for this
N * function to be available.
N *
N * When configUSE_TASK_NOTIFICATIONS is set to one each task has its own private
N * "notification value", which is a 32-bit unsigned integer (uint32_t).
N *
N * Events can be sent to a task using an intermediary object.  Examples of such
N * objects are queues, semaphores, mutexes and event groups.  Task notifications
N * are a method of sending an event directly to a task without the need for such
N * an intermediary object.
N *
N * A notification sent to a task can optionally perform an action, such as
N * update, overwrite or increment the task's notification value.  In that way
N * task notifications can be used to send data to a task, or be used as light
N * weight and fast binary or counting semaphores.
N *
N * A notification sent to a task will remain pending until it is cleared by the
N * task calling xTaskNotifyWait() or ulTaskNotifyTake().  If the task was
N * already in the Blocked state to wait for a notification when the notification
N * arrives then the task will automatically be removed from the Blocked state
N * (unblocked) and the notification cleared.
N *
N * A task can use xTaskNotifyWait() to [optionally] block to wait for a
N * notification to be pending, or ulTaskNotifyTake() to [optionally] block
N * to wait for its notification value to have a non-zero value.  The task does
N * not consume any CPU time while it is in the Blocked state.
N *
N * See http://www.FreeRTOS.org/RTOS-task-notifications.html for details.
N *
N * @param ulBitsToClearOnEntry Bits that are set in ulBitsToClearOnEntry value
N * will be cleared in the calling task's notification value before the task
N * checks to see if any notifications are pending, and optionally blocks if no
N * notifications are pending.  Setting ulBitsToClearOnEntry to ULONG_MAX (if
N * limits.h is included) or 0xffffffffUL (if limits.h is not included) will have
N * the effect of resetting the task's notification value to 0.  Setting
N * ulBitsToClearOnEntry to 0 will leave the task's notification value unchanged.
N *
N * @param ulBitsToClearOnExit If a notification is pending or received before
N * the calling task exits the xTaskNotifyWait() function then the task's
N * notification value (see the xTaskNotify() API function) is passed out using
N * the pulNotificationValue parameter.  Then any bits that are set in
N * ulBitsToClearOnExit will be cleared in the task's notification value (note
N * *pulNotificationValue is set before any bits are cleared).  Setting
N * ulBitsToClearOnExit to ULONG_MAX (if limits.h is included) or 0xffffffffUL
N * (if limits.h is not included) will have the effect of resetting the task's
N * notification value to 0 before the function exits.  Setting
N * ulBitsToClearOnExit to 0 will leave the task's notification value unchanged
N * when the function exits (in which case the value passed out in
N * pulNotificationValue will match the task's notification value).
N *
N * @param pulNotificationValue Used to pass the task's notification value out
N * of the function.  Note the value passed out will not be effected by the
N * clearing of any bits caused by ulBitsToClearOnExit being non-zero.
N *
N * @param xTicksToWait The maximum amount of time that the task should wait in
N * the Blocked state for a notification to be received, should a notification
N * not already be pending when xTaskNotifyWait() was called.  The task
N * will not consume any processing time while it is in the Blocked state.  This
N * is specified in kernel ticks, the macro pdMS_TO_TICSK( value_in_ms ) can be
N * used to convert a time specified in milliseconds to a time specified in
N * ticks.
N *
N * @return If a notification was received (including notifications that were
N * already pending when xTaskNotifyWait was called) then pdPASS is
N * returned.  Otherwise pdFAIL is returned.
N *
N * \defgroup xTaskNotifyWait xTaskNotifyWait
N * \ingroup TaskNotifications
N */
NBaseType_t xTaskNotifyWait( uint32_t ulBitsToClearOnEntry, uint32_t ulBitsToClearOnExit, uint32_t *pulNotificationValue, TickType_t xTicksToWait ) PRIVILEGED_FUNCTION;
XBaseType_t xTaskNotifyWait( uint32_t ulBitsToClearOnEntry, uint32_t ulBitsToClearOnExit, uint32_t *pulNotificationValue, TickType_t xTicksToWait ) ;
N
N/**
N * task. h
N * <PRE>BaseType_t xTaskNotifyGive( TaskHandle_t xTaskToNotify );</PRE>
N *
N * configUSE_TASK_NOTIFICATIONS must be undefined or defined as 1 for this macro
N * to be available.
N *
N * When configUSE_TASK_NOTIFICATIONS is set to one each task has its own private
N * "notification value", which is a 32-bit unsigned integer (uint32_t).
N *
N * Events can be sent to a task using an intermediary object.  Examples of such
N * objects are queues, semaphores, mutexes and event groups.  Task notifications
N * are a method of sending an event directly to a task without the need for such
N * an intermediary object.
N *
N * A notification sent to a task can optionally perform an action, such as
N * update, overwrite or increment the task's notification value.  In that way
N * task notifications can be used to send data to a task, or be used as light
N * weight and fast binary or counting semaphores.
N *
N * xTaskNotifyGive() is a helper macro intended for use when task notifications
N * are used as light weight and faster binary or counting semaphore equivalents.
N * Actual FreeRTOS semaphores are given using the xSemaphoreGive() API function,
N * the equivalent action that instead uses a task notification is
N * xTaskNotifyGive().
N *
N * When task notifications are being used as a binary or counting semaphore
N * equivalent then the task being notified should wait for the notification
N * using the ulTaskNotificationTake() API function rather than the
N * xTaskNotifyWait() API function.
N *
N * See http://www.FreeRTOS.org/RTOS-task-notifications.html for more details.
N *
N * @param xTaskToNotify The handle of the task being notified.  The handle to a
N * task can be returned from the xTaskCreate() API function used to create the
N * task, and the handle of the currently running task can be obtained by calling
N * xTaskGetCurrentTaskHandle().
N *
N * @return xTaskNotifyGive() is a macro that calls xTaskNotify() with the
N * eAction parameter set to eIncrement - so pdPASS is always returned.
N *
N * \defgroup xTaskNotifyGive xTaskNotifyGive
N * \ingroup TaskNotifications
N */
N#define xTaskNotifyGive( xTaskToNotify ) xTaskGenericNotify( ( xTaskToNotify ), ( 0 ), eIncrement, NULL )
N
N/**
N * task. h
N * <PRE>void vTaskNotifyGiveFromISR( TaskHandle_t xTaskHandle, BaseType_t *pxHigherPriorityTaskWoken );
N *
N * configUSE_TASK_NOTIFICATIONS must be undefined or defined as 1 for this macro
N * to be available.
N *
N * When configUSE_TASK_NOTIFICATIONS is set to one each task has its own private
N * "notification value", which is a 32-bit unsigned integer (uint32_t).
N *
N * A version of xTaskNotifyGive() that can be called from an interrupt service
N * routine (ISR).
N *
N * Events can be sent to a task using an intermediary object.  Examples of such
N * objects are queues, semaphores, mutexes and event groups.  Task notifications
N * are a method of sending an event directly to a task without the need for such
N * an intermediary object.
N *
N * A notification sent to a task can optionally perform an action, such as
N * update, overwrite or increment the task's notification value.  In that way
N * task notifications can be used to send data to a task, or be used as light
N * weight and fast binary or counting semaphores.
N *
N * vTaskNotifyGiveFromISR() is intended for use when task notifications are
N * used as light weight and faster binary or counting semaphore equivalents.
N * Actual FreeRTOS semaphores are given from an ISR using the
N * xSemaphoreGiveFromISR() API function, the equivalent action that instead uses
N * a task notification is vTaskNotifyGiveFromISR().
N *
N * When task notifications are being used as a binary or counting semaphore
N * equivalent then the task being notified should wait for the notification
N * using the ulTaskNotificationTake() API function rather than the
N * xTaskNotifyWait() API function.
N *
N * See http://www.FreeRTOS.org/RTOS-task-notifications.html for more details.
N *
N * @param xTaskToNotify The handle of the task being notified.  The handle to a
N * task can be returned from the xTaskCreate() API function used to create the
N * task, and the handle of the currently running task can be obtained by calling
N * xTaskGetCurrentTaskHandle().
N *
N * @param pxHigherPriorityTaskWoken  vTaskNotifyGiveFromISR() will set
N * *pxHigherPriorityTaskWoken to pdTRUE if sending the notification caused the
N * task to which the notification was sent to leave the Blocked state, and the
N * unblocked task has a priority higher than the currently running task.  If
N * vTaskNotifyGiveFromISR() sets this value to pdTRUE then a context switch
N * should be requested before the interrupt is exited.  How a context switch is
N * requested from an ISR is dependent on the port - see the documentation page
N * for the port in use.
N *
N * \defgroup xTaskNotifyWait xTaskNotifyWait
N * \ingroup TaskNotifications
N */
Nvoid vTaskNotifyGiveFromISR( TaskHandle_t xTaskToNotify, BaseType_t *pxHigherPriorityTaskWoken ) PRIVILEGED_FUNCTION;
Xvoid vTaskNotifyGiveFromISR( TaskHandle_t xTaskToNotify, BaseType_t *pxHigherPriorityTaskWoken ) ;
N
N/**
N * task. h
N * <PRE>uint32_t ulTaskNotifyTake( BaseType_t xClearCountOnExit, TickType_t xTicksToWait );</pre>
N *
N * configUSE_TASK_NOTIFICATIONS must be undefined or defined as 1 for this
N * function to be available.
N *
N * When configUSE_TASK_NOTIFICATIONS is set to one each task has its own private
N * "notification value", which is a 32-bit unsigned integer (uint32_t).
N *
N * Events can be sent to a task using an intermediary object.  Examples of such
N * objects are queues, semaphores, mutexes and event groups.  Task notifications
N * are a method of sending an event directly to a task without the need for such
N * an intermediary object.
N *
N * A notification sent to a task can optionally perform an action, such as
N * update, overwrite or increment the task's notification value.  In that way
N * task notifications can be used to send data to a task, or be used as light
N * weight and fast binary or counting semaphores.
N *
N * ulTaskNotifyTake() is intended for use when a task notification is used as a
N * faster and lighter weight binary or counting semaphore alternative.  Actual
N * FreeRTOS semaphores are taken using the xSemaphoreTake() API function, the
N * equivalent action that instead uses a task notification is
N * ulTaskNotifyTake().
N *
N * When a task is using its notification value as a binary or counting semaphore
N * other tasks should send notifications to it using the xTaskNotifyGive()
N * macro, or xTaskNotify() function with the eAction parameter set to
N * eIncrement.
N *
N * ulTaskNotifyTake() can either clear the task's notification value to
N * zero on exit, in which case the notification value acts like a binary
N * semaphore, or decrement the task's notification value on exit, in which case
N * the notification value acts like a counting semaphore.
N *
N * A task can use ulTaskNotifyTake() to [optionally] block to wait for a
N * the task's notification value to be non-zero.  The task does not consume any
N * CPU time while it is in the Blocked state.
N *
N * Where as xTaskNotifyWait() will return when a notification is pending,
N * ulTaskNotifyTake() will return when the task's notification value is
N * not zero.
N *
N * See http://www.FreeRTOS.org/RTOS-task-notifications.html for details.
N *
N * @param xClearCountOnExit if xClearCountOnExit is pdFALSE then the task's
N * notification value is decremented when the function exits.  In this way the
N * notification value acts like a counting semaphore.  If xClearCountOnExit is
N * not pdFALSE then the task's notification value is cleared to zero when the
N * function exits.  In this way the notification value acts like a binary
N * semaphore.
N *
N * @param xTicksToWait The maximum amount of time that the task should wait in
N * the Blocked state for the task's notification value to be greater than zero,
N * should the count not already be greater than zero when
N * ulTaskNotifyTake() was called.  The task will not consume any processing
N * time while it is in the Blocked state.  This is specified in kernel ticks,
N * the macro pdMS_TO_TICSK( value_in_ms ) can be used to convert a time
N * specified in milliseconds to a time specified in ticks.
N *
N * @return The task's notification count before it is either cleared to zero or
N * decremented (see the xClearCountOnExit parameter).
N *
N * \defgroup ulTaskNotifyTake ulTaskNotifyTake
N * \ingroup TaskNotifications
N */
Nuint32_t ulTaskNotifyTake( BaseType_t xClearCountOnExit, TickType_t xTicksToWait ) PRIVILEGED_FUNCTION;
Xuint32_t ulTaskNotifyTake( BaseType_t xClearCountOnExit, TickType_t xTicksToWait ) ;
N
N/**
N * task. h
N * <PRE>BaseType_t xTaskNotifyStateClear( TaskHandle_t xTask );</pre>
N *
N * If the notification state of the task referenced by the handle xTask is
N * eNotified, then set the task's notification state to eNotWaitingNotification.
N * The task's notification value is not altered.  Set xTask to NULL to clear the
N * notification state of the calling task.
N *
N * @return pdTRUE if the task's notification state was set to
N * eNotWaitingNotification, otherwise pdFALSE.
N * \defgroup xTaskNotifyStateClear xTaskNotifyStateClear
N * \ingroup TaskNotifications
N */
NBaseType_t xTaskNotifyStateClear( TaskHandle_t xTask );
N
N/**
N* task. h
N* <PRE>uint32_t ulTaskNotifyValueClear( TaskHandle_t xTask, uint32_t ulBitsToClear );</pre>
N*
N* Clears the bits specified by the ulBitsToClear bit mask in the notification
N* value of the task referenced by xTask.
N*
N* Set ulBitsToClear to 0xffffffff (UINT_MAX on 32-bit architectures) to clear
N* the notification value to 0.  Set ulBitsToClear to 0 to query the task's
N* notification value without clearing any bits.
N*
N* @return The value of the target task's notification value before the bits
N* specified by ulBitsToClear were cleared.
N* \defgroup ulTaskNotifyValueClear ulTaskNotifyValueClear
N* \ingroup TaskNotifications
N*/
Nuint32_t ulTaskNotifyValueClear( TaskHandle_t xTask, uint32_t ulBitsToClear ) PRIVILEGED_FUNCTION;
Xuint32_t ulTaskNotifyValueClear( TaskHandle_t xTask, uint32_t ulBitsToClear ) ;
N
N/**
N * task.h
N * <pre>void vTaskSetTimeOutState( TimeOut_t * const pxTimeOut )</pre>
N *
N * Capture the current time for future use with xTaskCheckForTimeOut().
N *
N * @param pxTimeOut Pointer to a timeout object into which the current time
N * is to be captured.  The captured time includes the tick count and the number
N * of times the tick count has overflowed since the system first booted.
N * \defgroup vTaskSetTimeOutState vTaskSetTimeOutState
N * \ingroup TaskCtrl
N */
Nvoid vTaskSetTimeOutState( TimeOut_t * const pxTimeOut ) PRIVILEGED_FUNCTION;
Xvoid vTaskSetTimeOutState( TimeOut_t * const pxTimeOut ) ;
N
N/**
N * task.h
N * <pre>BaseType_t xTaskCheckForTimeOut( TimeOut_t * const pxTimeOut, TickType_t * const pxTicksToWait );</pre>
N *
N * Determines if pxTicksToWait ticks has passed since a time was captured
N * using a call to vTaskSetTimeOutState().  The captured time includes the tick
N * count and the number of times the tick count has overflowed.
N *
N * @param pxTimeOut The time status as captured previously using
N * vTaskSetTimeOutState. If the timeout has not yet occurred, it is updated
N * to reflect the current time status.
N * @param pxTicksToWait The number of ticks to check for timeout i.e. if
N * pxTicksToWait ticks have passed since pxTimeOut was last updated (either by
N * vTaskSetTimeOutState() or xTaskCheckForTimeOut()), the timeout has occurred.
N * If the timeout has not occurred, pxTIcksToWait is updated to reflect the
N * number of remaining ticks.
N *
N * @return If timeout has occurred, pdTRUE is returned. Otherwise pdFALSE is
N * returned and pxTicksToWait is updated to reflect the number of remaining
N * ticks.
N *
N * @see https://www.freertos.org/xTaskCheckForTimeOut.html
N *
N * Example Usage:
N * <pre>
N	// Driver library function used to receive uxWantedBytes from an Rx buffer
N	// that is filled by a UART interrupt. If there are not enough bytes in the
N	// Rx buffer then the task enters the Blocked state until it is notified that
N	// more data has been placed into the buffer. If there is still not enough
N	// data then the task re-enters the Blocked state, and xTaskCheckForTimeOut()
N	// is used to re-calculate the Block time to ensure the total amount of time
N	// spent in the Blocked state does not exceed MAX_TIME_TO_WAIT. This
N	// continues until either the buffer contains at least uxWantedBytes bytes,
N	// or the total amount of time spent in the Blocked state reaches
N	// MAX_TIME_TO_WAIT – at which point the task reads however many bytes are
N	// available up to a maximum of uxWantedBytes.
N
N	size_t xUART_Receive( uint8_t *pucBuffer, size_t uxWantedBytes )
N	{
N	size_t uxReceived = 0;
N	TickType_t xTicksToWait = MAX_TIME_TO_WAIT;
N	TimeOut_t xTimeOut;
N
N		// Initialize xTimeOut.  This records the time at which this function
N		// was entered.
N		vTaskSetTimeOutState( &xTimeOut );
N
N		// Loop until the buffer contains the wanted number of bytes, or a
N		// timeout occurs.
N		while( UART_bytes_in_rx_buffer( pxUARTInstance ) < uxWantedBytes )
N		{
N			// The buffer didn't contain enough data so this task is going to
N			// enter the Blocked state. Adjusting xTicksToWait to account for
N			// any time that has been spent in the Blocked state within this
N			// function so far to ensure the total amount of time spent in the
N			// Blocked state does not exceed MAX_TIME_TO_WAIT.
N			if( xTaskCheckForTimeOut( &xTimeOut, &xTicksToWait ) != pdFALSE )
N			{
N				//Timed out before the wanted number of bytes were available,
N				// exit the loop.
N				break;
N			}
N
N			// Wait for a maximum of xTicksToWait ticks to be notified that the
N			// receive interrupt has placed more data into the buffer.
N			ulTaskNotifyTake( pdTRUE, xTicksToWait );
N		}
N
N		// Attempt to read uxWantedBytes from the receive buffer into pucBuffer.
N		// The actual number of bytes read (which might be less than
N		// uxWantedBytes) is returned.
N		uxReceived = UART_read_from_receive_buffer( pxUARTInstance,
N													pucBuffer,
N													uxWantedBytes );
N
N		return uxReceived;
N	}
N </pre>
N * \defgroup xTaskCheckForTimeOut xTaskCheckForTimeOut
N * \ingroup TaskCtrl
N */
NBaseType_t xTaskCheckForTimeOut( TimeOut_t * const pxTimeOut, TickType_t * const pxTicksToWait ) PRIVILEGED_FUNCTION;
XBaseType_t xTaskCheckForTimeOut( TimeOut_t * const pxTimeOut, TickType_t * const pxTicksToWait ) ;
N
N/*-----------------------------------------------------------
N * SCHEDULER INTERNALS AVAILABLE FOR PORTING PURPOSES
N *----------------------------------------------------------*/
N
N/*
N * THIS FUNCTION MUST NOT BE USED FROM APPLICATION CODE.  IT IS ONLY
N * INTENDED FOR USE WHEN IMPLEMENTING A PORT OF THE SCHEDULER AND IS
N * AN INTERFACE WHICH IS FOR THE EXCLUSIVE USE OF THE SCHEDULER.
N *
N * Called from the real time kernel tick (either preemptive or cooperative),
N * this increments the tick count and checks if any tasks that are blocked
N * for a finite period required removing from a blocked list and placing on
N * a ready list.  If a non-zero value is returned then a context switch is
N * required because either:
N *   + A task was removed from a blocked list because its timeout had expired,
N *     or
N *   + Time slicing is in use and there is a task of equal priority to the
N *     currently running task.
N */
NBaseType_t xTaskIncrementTick( void ) PRIVILEGED_FUNCTION;
XBaseType_t xTaskIncrementTick( void ) ;
N
N/*
N * THIS FUNCTION MUST NOT BE USED FROM APPLICATION CODE.  IT IS AN
N * INTERFACE WHICH IS FOR THE EXCLUSIVE USE OF THE SCHEDULER.
N *
N * THIS FUNCTION MUST BE CALLED WITH INTERRUPTS DISABLED.
N *
N * Removes the calling task from the ready list and places it both
N * on the list of tasks waiting for a particular event, and the
N * list of delayed tasks.  The task will be removed from both lists
N * and replaced on the ready list should either the event occur (and
N * there be no higher priority tasks waiting on the same event) or
N * the delay period expires.
N *
N * The 'unordered' version replaces the event list item value with the
N * xItemValue value, and inserts the list item at the end of the list.
N *
N * The 'ordered' version uses the existing event list item value (which is the
N * owning tasks priority) to insert the list item into the event list is task
N * priority order.
N *
N * @param pxEventList The list containing tasks that are blocked waiting
N * for the event to occur.
N *
N * @param xItemValue The item value to use for the event list item when the
N * event list is not ordered by task priority.
N *
N * @param xTicksToWait The maximum amount of time that the task should wait
N * for the event to occur.  This is specified in kernel ticks,the constant
N * portTICK_PERIOD_MS can be used to convert kernel ticks into a real time
N * period.
N */
Nvoid vTaskPlaceOnEventList( List_t * const pxEventList, const TickType_t xTicksToWait ) PRIVILEGED_FUNCTION;
Xvoid vTaskPlaceOnEventList( List_t * const pxEventList, const TickType_t xTicksToWait ) ;
Nvoid vTaskPlaceOnUnorderedEventList( List_t * pxEventList, const TickType_t xItemValue, const TickType_t xTicksToWait ) PRIVILEGED_FUNCTION;
Xvoid vTaskPlaceOnUnorderedEventList( List_t * pxEventList, const TickType_t xItemValue, const TickType_t xTicksToWait ) ;
N
N/*
N * THIS FUNCTION MUST NOT BE USED FROM APPLICATION CODE.  IT IS AN
N * INTERFACE WHICH IS FOR THE EXCLUSIVE USE OF THE SCHEDULER.
N *
N * THIS FUNCTION MUST BE CALLED WITH INTERRUPTS DISABLED.
N *
N * This function performs nearly the same function as vTaskPlaceOnEventList().
N * The difference being that this function does not permit tasks to block
N * indefinitely, whereas vTaskPlaceOnEventList() does.
N *
N */
Nvoid vTaskPlaceOnEventListRestricted( List_t * const pxEventList, TickType_t xTicksToWait, const BaseType_t xWaitIndefinitely ) PRIVILEGED_FUNCTION;
Xvoid vTaskPlaceOnEventListRestricted( List_t * const pxEventList, TickType_t xTicksToWait, const BaseType_t xWaitIndefinitely ) ;
N
N/*
N * THIS FUNCTION MUST NOT BE USED FROM APPLICATION CODE.  IT IS AN
N * INTERFACE WHICH IS FOR THE EXCLUSIVE USE OF THE SCHEDULER.
N *
N * THIS FUNCTION MUST BE CALLED WITH INTERRUPTS DISABLED.
N *
N * Removes a task from both the specified event list and the list of blocked
N * tasks, and places it on a ready queue.
N *
N * xTaskRemoveFromEventList()/vTaskRemoveFromUnorderedEventList() will be called
N * if either an event occurs to unblock a task, or the block timeout period
N * expires.
N *
N * xTaskRemoveFromEventList() is used when the event list is in task priority
N * order.  It removes the list item from the head of the event list as that will
N * have the highest priority owning task of all the tasks on the event list.
N * vTaskRemoveFromUnorderedEventList() is used when the event list is not
N * ordered and the event list items hold something other than the owning tasks
N * priority.  In this case the event list item value is updated to the value
N * passed in the xItemValue parameter.
N *
N * @return pdTRUE if the task being removed has a higher priority than the task
N * making the call, otherwise pdFALSE.
N */
NBaseType_t xTaskRemoveFromEventList( const List_t * const pxEventList ) PRIVILEGED_FUNCTION;
XBaseType_t xTaskRemoveFromEventList( const List_t * const pxEventList ) ;
Nvoid vTaskRemoveFromUnorderedEventList( ListItem_t * pxEventListItem, const TickType_t xItemValue ) PRIVILEGED_FUNCTION;
Xvoid vTaskRemoveFromUnorderedEventList( ListItem_t * pxEventListItem, const TickType_t xItemValue ) ;
N
N/*
N * THIS FUNCTION MUST NOT BE USED FROM APPLICATION CODE.  IT IS ONLY
N * INTENDED FOR USE WHEN IMPLEMENTING A PORT OF THE SCHEDULER AND IS
N * AN INTERFACE WHICH IS FOR THE EXCLUSIVE USE OF THE SCHEDULER.
N *
N * Sets the pointer to the current TCB to the TCB of the highest priority task
N * that is ready to run.
N */
NportDONT_DISCARD void vTaskSwitchContext( void ) PRIVILEGED_FUNCTION;
X void vTaskSwitchContext( void ) ;
N
N/*
N * THESE FUNCTIONS MUST NOT BE USED FROM APPLICATION CODE.  THEY ARE USED BY
N * THE EVENT BITS MODULE.
N */
NTickType_t uxTaskResetEventItemValue( void ) PRIVILEGED_FUNCTION;
XTickType_t uxTaskResetEventItemValue( void ) ;
N
N/*
N * Return the handle of the calling task.
N */
NTaskHandle_t xTaskGetCurrentTaskHandle( void ) PRIVILEGED_FUNCTION;
XTaskHandle_t xTaskGetCurrentTaskHandle( void ) ;
N
N/*
N * Shortcut used by the queue implementation to prevent unnecessary call to
N * taskYIELD();
N */
Nvoid vTaskMissedYield( void ) PRIVILEGED_FUNCTION;
Xvoid vTaskMissedYield( void ) ;
N
N/*
N * Returns the scheduler state as taskSCHEDULER_RUNNING,
N * taskSCHEDULER_NOT_STARTED or taskSCHEDULER_SUSPENDED.
N */
NBaseType_t xTaskGetSchedulerState( void ) PRIVILEGED_FUNCTION;
XBaseType_t xTaskGetSchedulerState( void ) ;
N
N/*
N * Raises the priority of the mutex holder to that of the calling task should
N * the mutex holder have a priority less than the calling task.
N */
NBaseType_t xTaskPriorityInherit( TaskHandle_t const pxMutexHolder ) PRIVILEGED_FUNCTION;
XBaseType_t xTaskPriorityInherit( TaskHandle_t const pxMutexHolder ) ;
N
N/*
N * Set the priority of a task back to its proper priority in the case that it
N * inherited a higher priority while it was holding a semaphore.
N */
NBaseType_t xTaskPriorityDisinherit( TaskHandle_t const pxMutexHolder ) PRIVILEGED_FUNCTION;
XBaseType_t xTaskPriorityDisinherit( TaskHandle_t const pxMutexHolder ) ;
N
N/*
N * If a higher priority task attempting to obtain a mutex caused a lower
N * priority task to inherit the higher priority task's priority - but the higher
N * priority task then timed out without obtaining the mutex, then the lower
N * priority task will disinherit the priority again - but only down as far as
N * the highest priority task that is still waiting for the mutex (if there were
N * more than one task waiting for the mutex).
N */
Nvoid vTaskPriorityDisinheritAfterTimeout( TaskHandle_t const pxMutexHolder, UBaseType_t uxHighestPriorityWaitingTask ) PRIVILEGED_FUNCTION;
Xvoid vTaskPriorityDisinheritAfterTimeout( TaskHandle_t const pxMutexHolder, UBaseType_t uxHighestPriorityWaitingTask ) ;
N
N/*
N * Get the uxTCBNumber assigned to the task referenced by the xTask parameter.
N */
NUBaseType_t uxTaskGetTaskNumber( TaskHandle_t xTask ) PRIVILEGED_FUNCTION;
XUBaseType_t uxTaskGetTaskNumber( TaskHandle_t xTask ) ;
N
N/*
N * Set the uxTaskNumber of the task referenced by the xTask parameter to
N * uxHandle.
N */
Nvoid vTaskSetTaskNumber( TaskHandle_t xTask, const UBaseType_t uxHandle ) PRIVILEGED_FUNCTION;
Xvoid vTaskSetTaskNumber( TaskHandle_t xTask, const UBaseType_t uxHandle ) ;
N
N/*
N * Only available when configUSE_TICKLESS_IDLE is set to 1.
N * If tickless mode is being used, or a low power mode is implemented, then
N * the tick interrupt will not execute during idle periods.  When this is the
N * case, the tick count value maintained by the scheduler needs to be kept up
N * to date with the actual execution time by being skipped forward by a time
N * equal to the idle period.
N */
Nvoid vTaskStepTick( const TickType_t xTicksToJump ) PRIVILEGED_FUNCTION;
Xvoid vTaskStepTick( const TickType_t xTicksToJump ) ;
N
N/* Correct the tick count value after the application code has held
Ninterrupts disabled for an extended period.  xTicksToCatchUp is the number
Nof tick interrupts that have been missed due to interrupts being disabled.
NIts value is not computed automatically, so must be computed by the
Napplication writer.
N
NThis function is similar to vTaskStepTick(), however, unlike
NvTaskStepTick(), xTaskCatchUpTicks() may move the tick count forward past a
Ntime at which a task should be removed from the blocked state.  That means
Ntasks may have to be removed from the blocked state as the tick count is
Nmoved. */
NBaseType_t xTaskCatchUpTicks( TickType_t xTicksToCatchUp ) PRIVILEGED_FUNCTION;
XBaseType_t xTaskCatchUpTicks( TickType_t xTicksToCatchUp ) ;
N
N/*
N * Only available when configUSE_TICKLESS_IDLE is set to 1.
N * Provided for use within portSUPPRESS_TICKS_AND_SLEEP() to allow the port
N * specific sleep function to determine if it is ok to proceed with the sleep,
N * and if it is ok to proceed, if it is ok to sleep indefinitely.
N *
N * This function is necessary because portSUPPRESS_TICKS_AND_SLEEP() is only
N * called with the scheduler suspended, not from within a critical section.  It
N * is therefore possible for an interrupt to request a context switch between
N * portSUPPRESS_TICKS_AND_SLEEP() and the low power mode actually being
N * entered.  eTaskConfirmSleepModeStatus() should be called from a short
N * critical section between the timer being stopped and the sleep mode being
N * entered to ensure it is ok to proceed into the sleep mode.
N */
NeSleepModeStatus eTaskConfirmSleepModeStatus( void ) PRIVILEGED_FUNCTION;
XeSleepModeStatus eTaskConfirmSleepModeStatus( void ) ;
N
N/*
N * For internal use only.  Increment the mutex held count when a mutex is
N * taken and return the handle of the task that has taken the mutex.
N */
NTaskHandle_t pvTaskIncrementMutexHeldCount( void ) PRIVILEGED_FUNCTION;
XTaskHandle_t pvTaskIncrementMutexHeldCount( void ) ;
N
N/*
N * For internal use only.  Same as vTaskSetTimeOutState(), but without a critial
N * section.
N */
Nvoid vTaskInternalSetTimeOutState( TimeOut_t * const pxTimeOut ) PRIVILEGED_FUNCTION;
Xvoid vTaskInternalSetTimeOutState( TimeOut_t * const pxTimeOut ) ;
N
N
N#ifdef __cplusplus
S}
N#endif
N#endif /* INC_TASK_H */
N
N
N
L 40 "../Middlewares/Third_Party/FreeRTOS/Source/stream_buffer.c" 2
N#include "stream_buffer.h"
L 1 "../Middlewares/Third_Party/FreeRTOS/Source/include/stream_buffer.h" 1
N/*
N * FreeRTOS Kernel V10.3.1
N * Copyright (C) 2020 Amazon.com, Inc. or its affiliates.  All Rights Reserved.
N *
N * Permission is hereby granted, free of charge, to any person obtaining a copy of
N * this software and associated documentation files (the "Software"), to deal in
N * the Software without restriction, including without limitation the rights to
N * use, copy, modify, merge, publish, distribute, sublicense, and/or sell copies of
N * the Software, and to permit persons to whom the Software is furnished to do so,
N * subject to the following conditions:
N *
N * The above copyright notice and this permission notice shall be included in all
N * copies or substantial portions of the Software.
N *
N * THE SOFTWARE IS PROVIDED "AS IS", WITHOUT WARRANTY OF ANY KIND, EXPRESS OR
N * IMPLIED, INCLUDING BUT NOT LIMITED TO THE WARRANTIES OF MERCHANTABILITY, FITNESS
N * FOR A PARTICULAR PURPOSE AND NONINFRINGEMENT. IN NO EVENT SHALL THE AUTHORS OR
N * COPYRIGHT HOLDERS BE LIABLE FOR ANY CLAIM, DAMAGES OR OTHER LIABILITY, WHETHER
N * IN AN ACTION OF CONTRACT, TORT OR OTHERWISE, ARISING FROM, OUT OF OR IN
N * CONNECTION WITH THE SOFTWARE OR THE USE OR OTHER DEALINGS IN THE SOFTWARE.
N *
N * http://www.FreeRTOS.org
N * http://aws.amazon.com/freertos
N *
N * 1 tab == 4 spaces!
N */
N
N/*
N * Stream buffers are used to send a continuous stream of data from one task or
N * interrupt to another.  Their implementation is light weight, making them
N * particularly suited for interrupt to task and core to core communication
N * scenarios.
N *
N * ***NOTE***:  Uniquely among FreeRTOS objects, the stream buffer
N * implementation (so also the message buffer implementation, as message buffers
N * are built on top of stream buffers) assumes there is only one task or
N * interrupt that will write to the buffer (the writer), and only one task or
N * interrupt that will read from the buffer (the reader).  It is safe for the
N * writer and reader to be different tasks or interrupts, but, unlike other
N * FreeRTOS objects, it is not safe to have multiple different writers or
N * multiple different readers.  If there are to be multiple different writers
N * then the application writer must place each call to a writing API function
N * (such as xStreamBufferSend()) inside a critical section and set the send
N * block time to 0.  Likewise, if there are to be multiple different readers
N * then the application writer must place each call to a reading API function
N * (such as xStreamBufferReceive()) inside a critical section section and set the
N * receive block time to 0.
N *
N */
N
N#ifndef STREAM_BUFFER_H
N#define STREAM_BUFFER_H
N
N#ifndef INC_FREERTOS_H
S	#error "include FreeRTOS.h must appear in source files before include stream_buffer.h"
N#endif
N
N#if defined( __cplusplus )
X#if 0L
Sextern "C" {
N#endif
N
N/**
N * Type by which stream buffers are referenced.  For example, a call to
N * xStreamBufferCreate() returns an StreamBufferHandle_t variable that can
N * then be used as a parameter to xStreamBufferSend(), xStreamBufferReceive(),
N * etc.
N */
Nstruct StreamBufferDef_t;
Ntypedef struct StreamBufferDef_t * StreamBufferHandle_t;
N
N
N/**
N * message_buffer.h
N *
N<pre>
NStreamBufferHandle_t xStreamBufferCreate( size_t xBufferSizeBytes, size_t xTriggerLevelBytes );
N</pre>
N *
N * Creates a new stream buffer using dynamically allocated memory.  See
N * xStreamBufferCreateStatic() for a version that uses statically allocated
N * memory (memory that is allocated at compile time).
N *
N * configSUPPORT_DYNAMIC_ALLOCATION must be set to 1 or left undefined in
N * FreeRTOSConfig.h for xStreamBufferCreate() to be available.
N *
N * @param xBufferSizeBytes The total number of bytes the stream buffer will be
N * able to hold at any one time.
N *
N * @param xTriggerLevelBytes The number of bytes that must be in the stream
N * buffer before a task that is blocked on the stream buffer to wait for data is
N * moved out of the blocked state.  For example, if a task is blocked on a read
N * of an empty stream buffer that has a trigger level of 1 then the task will be
N * unblocked when a single byte is written to the buffer or the task's block
N * time expires.  As another example, if a task is blocked on a read of an empty
N * stream buffer that has a trigger level of 10 then the task will not be
N * unblocked until the stream buffer contains at least 10 bytes or the task's
N * block time expires.  If a reading task's block time expires before the
N * trigger level is reached then the task will still receive however many bytes
N * are actually available.  Setting a trigger level of 0 will result in a
N * trigger level of 1 being used.  It is not valid to specify a trigger level
N * that is greater than the buffer size.
N *
N * @return If NULL is returned, then the stream buffer cannot be created
N * because there is insufficient heap memory available for FreeRTOS to allocate
N * the stream buffer data structures and storage area.  A non-NULL value being
N * returned indicates that the stream buffer has been created successfully -
N * the returned value should be stored as the handle to the created stream
N * buffer.
N *
N * Example use:
N<pre>
N
Nvoid vAFunction( void )
N{
NStreamBufferHandle_t xStreamBuffer;
Nconst size_t xStreamBufferSizeBytes = 100, xTriggerLevel = 10;
N
N    // Create a stream buffer that can hold 100 bytes.  The memory used to hold
N    // both the stream buffer structure and the data in the stream buffer is
N    // allocated dynamically.
N    xStreamBuffer = xStreamBufferCreate( xStreamBufferSizeBytes, xTriggerLevel );
N
N    if( xStreamBuffer == NULL )
N    {
N        // There was not enough heap memory space available to create the
N        // stream buffer.
N    }
N    else
N    {
N        // The stream buffer was created successfully and can now be used.
N    }
N}
N</pre>
N * \defgroup xStreamBufferCreate xStreamBufferCreate
N * \ingroup StreamBufferManagement
N */
N#define xStreamBufferCreate( xBufferSizeBytes, xTriggerLevelBytes ) xStreamBufferGenericCreate( xBufferSizeBytes, xTriggerLevelBytes, pdFALSE )
N
N/**
N * stream_buffer.h
N *
N<pre>
NStreamBufferHandle_t xStreamBufferCreateStatic( size_t xBufferSizeBytes,
N                                                size_t xTriggerLevelBytes,
N                                                uint8_t *pucStreamBufferStorageArea,
N                                                StaticStreamBuffer_t *pxStaticStreamBuffer );
N</pre>
N * Creates a new stream buffer using statically allocated memory.  See
N * xStreamBufferCreate() for a version that uses dynamically allocated memory.
N *
N * configSUPPORT_STATIC_ALLOCATION must be set to 1 in FreeRTOSConfig.h for
N * xStreamBufferCreateStatic() to be available.
N *
N * @param xBufferSizeBytes The size, in bytes, of the buffer pointed to by the
N * pucStreamBufferStorageArea parameter.
N *
N * @param xTriggerLevelBytes The number of bytes that must be in the stream
N * buffer before a task that is blocked on the stream buffer to wait for data is
N * moved out of the blocked state.  For example, if a task is blocked on a read
N * of an empty stream buffer that has a trigger level of 1 then the task will be
N * unblocked when a single byte is written to the buffer or the task's block
N * time expires.  As another example, if a task is blocked on a read of an empty
N * stream buffer that has a trigger level of 10 then the task will not be
N * unblocked until the stream buffer contains at least 10 bytes or the task's
N * block time expires.  If a reading task's block time expires before the
N * trigger level is reached then the task will still receive however many bytes
N * are actually available.  Setting a trigger level of 0 will result in a
N * trigger level of 1 being used.  It is not valid to specify a trigger level
N * that is greater than the buffer size.
N *
N * @param pucStreamBufferStorageArea Must point to a uint8_t array that is at
N * least xBufferSizeBytes + 1 big.  This is the array to which streams are
N * copied when they are written to the stream buffer.
N *
N * @param pxStaticStreamBuffer Must point to a variable of type
N * StaticStreamBuffer_t, which will be used to hold the stream buffer's data
N * structure.
N *
N * @return If the stream buffer is created successfully then a handle to the
N * created stream buffer is returned. If either pucStreamBufferStorageArea or
N * pxStaticstreamBuffer are NULL then NULL is returned.
N *
N * Example use:
N<pre>
N
N// Used to dimension the array used to hold the streams.  The available space
N// will actually be one less than this, so 999.
N#define STORAGE_SIZE_BYTES 1000
N
N// Defines the memory that will actually hold the streams within the stream
N// buffer.
Nstatic uint8_t ucStorageBuffer[ STORAGE_SIZE_BYTES ];
N
N// The variable used to hold the stream buffer structure.
NStaticStreamBuffer_t xStreamBufferStruct;
N
Nvoid MyFunction( void )
N{
NStreamBufferHandle_t xStreamBuffer;
Nconst size_t xTriggerLevel = 1;
N
N    xStreamBuffer = xStreamBufferCreateStatic( sizeof( ucBufferStorage ),
N                                               xTriggerLevel,
N                                               ucBufferStorage,
N                                               &xStreamBufferStruct );
N
N    // As neither the pucStreamBufferStorageArea or pxStaticStreamBuffer
N    // parameters were NULL, xStreamBuffer will not be NULL, and can be used to
N    // reference the created stream buffer in other stream buffer API calls.
N
N    // Other code that uses the stream buffer can go here.
N}
N
N</pre>
N * \defgroup xStreamBufferCreateStatic xStreamBufferCreateStatic
N * \ingroup StreamBufferManagement
N */
N#define xStreamBufferCreateStatic( xBufferSizeBytes, xTriggerLevelBytes, pucStreamBufferStorageArea, pxStaticStreamBuffer ) xStreamBufferGenericCreateStatic( xBufferSizeBytes, xTriggerLevelBytes, pdFALSE, pucStreamBufferStorageArea, pxStaticStreamBuffer )
N
N/**
N * stream_buffer.h
N *
N<pre>
Nsize_t xStreamBufferSend( StreamBufferHandle_t xStreamBuffer,
N                          const void *pvTxData,
N                          size_t xDataLengthBytes,
N                          TickType_t xTicksToWait );
N</pre>
N *
N * Sends bytes to a stream buffer.  The bytes are copied into the stream buffer.
N *
N * ***NOTE***:  Uniquely among FreeRTOS objects, the stream buffer
N * implementation (so also the message buffer implementation, as message buffers
N * are built on top of stream buffers) assumes there is only one task or
N * interrupt that will write to the buffer (the writer), and only one task or
N * interrupt that will read from the buffer (the reader).  It is safe for the
N * writer and reader to be different tasks or interrupts, but, unlike other
N * FreeRTOS objects, it is not safe to have multiple different writers or
N * multiple different readers.  If there are to be multiple different writers
N * then the application writer must place each call to a writing API function
N * (such as xStreamBufferSend()) inside a critical section and set the send
N * block time to 0.  Likewise, if there are to be multiple different readers
N * then the application writer must place each call to a reading API function
N * (such as xStreamBufferReceive()) inside a critical section and set the receive
N * block time to 0.
N *
N * Use xStreamBufferSend() to write to a stream buffer from a task.  Use
N * xStreamBufferSendFromISR() to write to a stream buffer from an interrupt
N * service routine (ISR).
N *
N * @param xStreamBuffer The handle of the stream buffer to which a stream is
N * being sent.
N *
N * @param pvTxData A pointer to the buffer that holds the bytes to be copied
N * into the stream buffer.
N *
N * @param xDataLengthBytes   The maximum number of bytes to copy from pvTxData
N * into the stream buffer.
N *
N * @param xTicksToWait The maximum amount of time the task should remain in the
N * Blocked state to wait for enough space to become available in the stream
N * buffer, should the stream buffer contain too little space to hold the
N * another xDataLengthBytes bytes.  The block time is specified in tick periods,
N * so the absolute time it represents is dependent on the tick frequency.  The
N * macro pdMS_TO_TICKS() can be used to convert a time specified in milliseconds
N * into a time specified in ticks.  Setting xTicksToWait to portMAX_DELAY will
N * cause the task to wait indefinitely (without timing out), provided
N * INCLUDE_vTaskSuspend is set to 1 in FreeRTOSConfig.h.  If a task times out
N * before it can write all xDataLengthBytes into the buffer it will still write
N * as many bytes as possible.  A task does not use any CPU time when it is in
N * the blocked state.
N *
N * @return The number of bytes written to the stream buffer.  If a task times
N * out before it can write all xDataLengthBytes into the buffer it will still
N * write as many bytes as possible.
N *
N * Example use:
N<pre>
Nvoid vAFunction( StreamBufferHandle_t xStreamBuffer )
N{
Nsize_t xBytesSent;
Nuint8_t ucArrayToSend[] = { 0, 1, 2, 3 };
Nchar *pcStringToSend = "String to send";
Nconst TickType_t x100ms = pdMS_TO_TICKS( 100 );
N
N    // Send an array to the stream buffer, blocking for a maximum of 100ms to
N    // wait for enough space to be available in the stream buffer.
N    xBytesSent = xStreamBufferSend( xStreamBuffer, ( void * ) ucArrayToSend, sizeof( ucArrayToSend ), x100ms );
N
N    if( xBytesSent != sizeof( ucArrayToSend ) )
N    {
N        // The call to xStreamBufferSend() times out before there was enough
N        // space in the buffer for the data to be written, but it did
N        // successfully write xBytesSent bytes.
N    }
N
N    // Send the string to the stream buffer.  Return immediately if there is not
N    // enough space in the buffer.
N    xBytesSent = xStreamBufferSend( xStreamBuffer, ( void * ) pcStringToSend, strlen( pcStringToSend ), 0 );
N
N    if( xBytesSent != strlen( pcStringToSend ) )
N    {
N        // The entire string could not be added to the stream buffer because
N        // there was not enough free space in the buffer, but xBytesSent bytes
N        // were sent.  Could try again to send the remaining bytes.
N    }
N}
N</pre>
N * \defgroup xStreamBufferSend xStreamBufferSend
N * \ingroup StreamBufferManagement
N */
Nsize_t xStreamBufferSend( StreamBufferHandle_t xStreamBuffer,
N						  const void *pvTxData,
N						  size_t xDataLengthBytes,
N						  TickType_t xTicksToWait ) PRIVILEGED_FUNCTION;
X						  TickType_t xTicksToWait ) ;
N
N/**
N * stream_buffer.h
N *
N<pre>
Nsize_t xStreamBufferSendFromISR( StreamBufferHandle_t xStreamBuffer,
N                                 const void *pvTxData,
N                                 size_t xDataLengthBytes,
N                                 BaseType_t *pxHigherPriorityTaskWoken );
N</pre>
N *
N * Interrupt safe version of the API function that sends a stream of bytes to
N * the stream buffer.
N *
N * ***NOTE***:  Uniquely among FreeRTOS objects, the stream buffer
N * implementation (so also the message buffer implementation, as message buffers
N * are built on top of stream buffers) assumes there is only one task or
N * interrupt that will write to the buffer (the writer), and only one task or
N * interrupt that will read from the buffer (the reader).  It is safe for the
N * writer and reader to be different tasks or interrupts, but, unlike other
N * FreeRTOS objects, it is not safe to have multiple different writers or
N * multiple different readers.  If there are to be multiple different writers
N * then the application writer must place each call to a writing API function
N * (such as xStreamBufferSend()) inside a critical section and set the send
N * block time to 0.  Likewise, if there are to be multiple different readers
N * then the application writer must place each call to a reading API function
N * (such as xStreamBufferReceive()) inside a critical section and set the receive
N * block time to 0.
N *
N * Use xStreamBufferSend() to write to a stream buffer from a task.  Use
N * xStreamBufferSendFromISR() to write to a stream buffer from an interrupt
N * service routine (ISR).
N *
N * @param xStreamBuffer The handle of the stream buffer to which a stream is
N * being sent.
N *
N * @param pvTxData A pointer to the data that is to be copied into the stream
N * buffer.
N *
N * @param xDataLengthBytes The maximum number of bytes to copy from pvTxData
N * into the stream buffer.
N *
N * @param pxHigherPriorityTaskWoken  It is possible that a stream buffer will
N * have a task blocked on it waiting for data.  Calling
N * xStreamBufferSendFromISR() can make data available, and so cause a task that
N * was waiting for data to leave the Blocked state.  If calling
N * xStreamBufferSendFromISR() causes a task to leave the Blocked state, and the
N * unblocked task has a priority higher than the currently executing task (the
N * task that was interrupted), then, internally, xStreamBufferSendFromISR()
N * will set *pxHigherPriorityTaskWoken to pdTRUE.  If
N * xStreamBufferSendFromISR() sets this value to pdTRUE, then normally a
N * context switch should be performed before the interrupt is exited.  This will
N * ensure that the interrupt returns directly to the highest priority Ready
N * state task.  *pxHigherPriorityTaskWoken should be set to pdFALSE before it
N * is passed into the function.  See the example code below for an example.
N *
N * @return The number of bytes actually written to the stream buffer, which will
N * be less than xDataLengthBytes if the stream buffer didn't have enough free
N * space for all the bytes to be written.
N *
N * Example use:
N<pre>
N// A stream buffer that has already been created.
NStreamBufferHandle_t xStreamBuffer;
N
Nvoid vAnInterruptServiceRoutine( void )
N{
Nsize_t xBytesSent;
Nchar *pcStringToSend = "String to send";
NBaseType_t xHigherPriorityTaskWoken = pdFALSE; // Initialised to pdFALSE.
N
N    // Attempt to send the string to the stream buffer.
N    xBytesSent = xStreamBufferSendFromISR( xStreamBuffer,
N                                           ( void * ) pcStringToSend,
N                                           strlen( pcStringToSend ),
N                                           &xHigherPriorityTaskWoken );
N
N    if( xBytesSent != strlen( pcStringToSend ) )
N    {
N        // There was not enough free space in the stream buffer for the entire
N        // string to be written, ut xBytesSent bytes were written.
N    }
N
N    // If xHigherPriorityTaskWoken was set to pdTRUE inside
N    // xStreamBufferSendFromISR() then a task that has a priority above the
N    // priority of the currently executing task was unblocked and a context
N    // switch should be performed to ensure the ISR returns to the unblocked
N    // task.  In most FreeRTOS ports this is done by simply passing
N    // xHigherPriorityTaskWoken into taskYIELD_FROM_ISR(), which will test the
N    // variables value, and perform the context switch if necessary.  Check the
N    // documentation for the port in use for port specific instructions.
N    taskYIELD_FROM_ISR( xHigherPriorityTaskWoken );
N}
N</pre>
N * \defgroup xStreamBufferSendFromISR xStreamBufferSendFromISR
N * \ingroup StreamBufferManagement
N */
Nsize_t xStreamBufferSendFromISR( StreamBufferHandle_t xStreamBuffer,
N								 const void *pvTxData,
N								 size_t xDataLengthBytes,
N								 BaseType_t * const pxHigherPriorityTaskWoken ) PRIVILEGED_FUNCTION;
X								 BaseType_t * const pxHigherPriorityTaskWoken ) ;
N
N/**
N * stream_buffer.h
N *
N<pre>
Nsize_t xStreamBufferReceive( StreamBufferHandle_t xStreamBuffer,
N                             void *pvRxData,
N                             size_t xBufferLengthBytes,
N                             TickType_t xTicksToWait );
N</pre>
N *
N * Receives bytes from a stream buffer.
N *
N * ***NOTE***:  Uniquely among FreeRTOS objects, the stream buffer
N * implementation (so also the message buffer implementation, as message buffers
N * are built on top of stream buffers) assumes there is only one task or
N * interrupt that will write to the buffer (the writer), and only one task or
N * interrupt that will read from the buffer (the reader).  It is safe for the
N * writer and reader to be different tasks or interrupts, but, unlike other
N * FreeRTOS objects, it is not safe to have multiple different writers or
N * multiple different readers.  If there are to be multiple different writers
N * then the application writer must place each call to a writing API function
N * (such as xStreamBufferSend()) inside a critical section and set the send
N * block time to 0.  Likewise, if there are to be multiple different readers
N * then the application writer must place each call to a reading API function
N * (such as xStreamBufferReceive()) inside a critical section and set the receive
N * block time to 0.
N *
N * Use xStreamBufferReceive() to read from a stream buffer from a task.  Use
N * xStreamBufferReceiveFromISR() to read from a stream buffer from an
N * interrupt service routine (ISR).
N *
N * @param xStreamBuffer The handle of the stream buffer from which bytes are to
N * be received.
N *
N * @param pvRxData A pointer to the buffer into which the received bytes will be
N * copied.
N *
N * @param xBufferLengthBytes The length of the buffer pointed to by the
N * pvRxData parameter.  This sets the maximum number of bytes to receive in one
N * call.  xStreamBufferReceive will return as many bytes as possible up to a
N * maximum set by xBufferLengthBytes.
N *
N * @param xTicksToWait The maximum amount of time the task should remain in the
N * Blocked state to wait for data to become available if the stream buffer is
N * empty.  xStreamBufferReceive() will return immediately if xTicksToWait is
N * zero.  The block time is specified in tick periods, so the absolute time it
N * represents is dependent on the tick frequency.  The macro pdMS_TO_TICKS() can
N * be used to convert a time specified in milliseconds into a time specified in
N * ticks.  Setting xTicksToWait to portMAX_DELAY will cause the task to wait
N * indefinitely (without timing out), provided INCLUDE_vTaskSuspend is set to 1
N * in FreeRTOSConfig.h.  A task does not use any CPU time when it is in the
N * Blocked state.
N *
N * @return The number of bytes actually read from the stream buffer, which will
N * be less than xBufferLengthBytes if the call to xStreamBufferReceive() timed
N * out before xBufferLengthBytes were available.
N *
N * Example use:
N<pre>
Nvoid vAFunction( StreamBuffer_t xStreamBuffer )
N{
Nuint8_t ucRxData[ 20 ];
Nsize_t xReceivedBytes;
Nconst TickType_t xBlockTime = pdMS_TO_TICKS( 20 );
N
N    // Receive up to another sizeof( ucRxData ) bytes from the stream buffer.
N    // Wait in the Blocked state (so not using any CPU processing time) for a
N    // maximum of 100ms for the full sizeof( ucRxData ) number of bytes to be
N    // available.
N    xReceivedBytes = xStreamBufferReceive( xStreamBuffer,
N                                           ( void * ) ucRxData,
N                                           sizeof( ucRxData ),
N                                           xBlockTime );
N
N    if( xReceivedBytes > 0 )
N    {
N        // A ucRxData contains another xRecievedBytes bytes of data, which can
N        // be processed here....
N    }
N}
N</pre>
N * \defgroup xStreamBufferReceive xStreamBufferReceive
N * \ingroup StreamBufferManagement
N */
Nsize_t xStreamBufferReceive( StreamBufferHandle_t xStreamBuffer,
N							 void *pvRxData,
N							 size_t xBufferLengthBytes,
N							 TickType_t xTicksToWait ) PRIVILEGED_FUNCTION;
X							 TickType_t xTicksToWait ) ;
N
N/**
N * stream_buffer.h
N *
N<pre>
Nsize_t xStreamBufferReceiveFromISR( StreamBufferHandle_t xStreamBuffer,
N                                    void *pvRxData,
N                                    size_t xBufferLengthBytes,
N                                    BaseType_t *pxHigherPriorityTaskWoken );
N</pre>
N *
N * An interrupt safe version of the API function that receives bytes from a
N * stream buffer.
N *
N * Use xStreamBufferReceive() to read bytes from a stream buffer from a task.
N * Use xStreamBufferReceiveFromISR() to read bytes from a stream buffer from an
N * interrupt service routine (ISR).
N *
N * @param xStreamBuffer The handle of the stream buffer from which a stream
N * is being received.
N *
N * @param pvRxData A pointer to the buffer into which the received bytes are
N * copied.
N *
N * @param xBufferLengthBytes The length of the buffer pointed to by the
N * pvRxData parameter.  This sets the maximum number of bytes to receive in one
N * call.  xStreamBufferReceive will return as many bytes as possible up to a
N * maximum set by xBufferLengthBytes.
N *
N * @param pxHigherPriorityTaskWoken  It is possible that a stream buffer will
N * have a task blocked on it waiting for space to become available.  Calling
N * xStreamBufferReceiveFromISR() can make space available, and so cause a task
N * that is waiting for space to leave the Blocked state.  If calling
N * xStreamBufferReceiveFromISR() causes a task to leave the Blocked state, and
N * the unblocked task has a priority higher than the currently executing task
N * (the task that was interrupted), then, internally,
N * xStreamBufferReceiveFromISR() will set *pxHigherPriorityTaskWoken to pdTRUE.
N * If xStreamBufferReceiveFromISR() sets this value to pdTRUE, then normally a
N * context switch should be performed before the interrupt is exited.  That will
N * ensure the interrupt returns directly to the highest priority Ready state
N * task.  *pxHigherPriorityTaskWoken should be set to pdFALSE before it is
N * passed into the function.  See the code example below for an example.
N *
N * @return The number of bytes read from the stream buffer, if any.
N *
N * Example use:
N<pre>
N// A stream buffer that has already been created.
NStreamBuffer_t xStreamBuffer;
N
Nvoid vAnInterruptServiceRoutine( void )
N{
Nuint8_t ucRxData[ 20 ];
Nsize_t xReceivedBytes;
NBaseType_t xHigherPriorityTaskWoken = pdFALSE;  // Initialised to pdFALSE.
N
N    // Receive the next stream from the stream buffer.
N    xReceivedBytes = xStreamBufferReceiveFromISR( xStreamBuffer,
N                                                  ( void * ) ucRxData,
N                                                  sizeof( ucRxData ),
N                                                  &xHigherPriorityTaskWoken );
N
N    if( xReceivedBytes > 0 )
N    {
N        // ucRxData contains xReceivedBytes read from the stream buffer.
N        // Process the stream here....
N    }
N
N    // If xHigherPriorityTaskWoken was set to pdTRUE inside
N    // xStreamBufferReceiveFromISR() then a task that has a priority above the
N    // priority of the currently executing task was unblocked and a context
N    // switch should be performed to ensure the ISR returns to the unblocked
N    // task.  In most FreeRTOS ports this is done by simply passing
N    // xHigherPriorityTaskWoken into taskYIELD_FROM_ISR(), which will test the
N    // variables value, and perform the context switch if necessary.  Check the
N    // documentation for the port in use for port specific instructions.
N    taskYIELD_FROM_ISR( xHigherPriorityTaskWoken );
N}
N</pre>
N * \defgroup xStreamBufferReceiveFromISR xStreamBufferReceiveFromISR
N * \ingroup StreamBufferManagement
N */
Nsize_t xStreamBufferReceiveFromISR( StreamBufferHandle_t xStreamBuffer,
N									void *pvRxData,
N									size_t xBufferLengthBytes,
N									BaseType_t * const pxHigherPriorityTaskWoken ) PRIVILEGED_FUNCTION;
X									BaseType_t * const pxHigherPriorityTaskWoken ) ;
N
N/**
N * stream_buffer.h
N *
N<pre>
Nvoid vStreamBufferDelete( StreamBufferHandle_t xStreamBuffer );
N</pre>
N *
N * Deletes a stream buffer that was previously created using a call to
N * xStreamBufferCreate() or xStreamBufferCreateStatic().  If the stream
N * buffer was created using dynamic memory (that is, by xStreamBufferCreate()),
N * then the allocated memory is freed.
N *
N * A stream buffer handle must not be used after the stream buffer has been
N * deleted.
N *
N * @param xStreamBuffer The handle of the stream buffer to be deleted.
N *
N * \defgroup vStreamBufferDelete vStreamBufferDelete
N * \ingroup StreamBufferManagement
N */
Nvoid vStreamBufferDelete( StreamBufferHandle_t xStreamBuffer ) PRIVILEGED_FUNCTION;
Xvoid vStreamBufferDelete( StreamBufferHandle_t xStreamBuffer ) ;
N
N/**
N * stream_buffer.h
N *
N<pre>
NBaseType_t xStreamBufferIsFull( StreamBufferHandle_t xStreamBuffer );
N</pre>
N *
N * Queries a stream buffer to see if it is full.  A stream buffer is full if it
N * does not have any free space, and therefore cannot accept any more data.
N *
N * @param xStreamBuffer The handle of the stream buffer being queried.
N *
N * @return If the stream buffer is full then pdTRUE is returned.  Otherwise
N * pdFALSE is returned.
N *
N * \defgroup xStreamBufferIsFull xStreamBufferIsFull
N * \ingroup StreamBufferManagement
N */
NBaseType_t xStreamBufferIsFull( StreamBufferHandle_t xStreamBuffer ) PRIVILEGED_FUNCTION;
XBaseType_t xStreamBufferIsFull( StreamBufferHandle_t xStreamBuffer ) ;
N
N/**
N * stream_buffer.h
N *
N<pre>
NBaseType_t xStreamBufferIsEmpty( StreamBufferHandle_t xStreamBuffer );
N</pre>
N *
N * Queries a stream buffer to see if it is empty.  A stream buffer is empty if
N * it does not contain any data.
N *
N * @param xStreamBuffer The handle of the stream buffer being queried.
N *
N * @return If the stream buffer is empty then pdTRUE is returned.  Otherwise
N * pdFALSE is returned.
N *
N * \defgroup xStreamBufferIsEmpty xStreamBufferIsEmpty
N * \ingroup StreamBufferManagement
N */
NBaseType_t xStreamBufferIsEmpty( StreamBufferHandle_t xStreamBuffer ) PRIVILEGED_FUNCTION;
XBaseType_t xStreamBufferIsEmpty( StreamBufferHandle_t xStreamBuffer ) ;
N
N/**
N * stream_buffer.h
N *
N<pre>
NBaseType_t xStreamBufferReset( StreamBufferHandle_t xStreamBuffer );
N</pre>
N *
N * Resets a stream buffer to its initial, empty, state.  Any data that was in
N * the stream buffer is discarded.  A stream buffer can only be reset if there
N * are no tasks blocked waiting to either send to or receive from the stream
N * buffer.
N *
N * @param xStreamBuffer The handle of the stream buffer being reset.
N *
N * @return If the stream buffer is reset then pdPASS is returned.  If there was
N * a task blocked waiting to send to or read from the stream buffer then the
N * stream buffer is not reset and pdFAIL is returned.
N *
N * \defgroup xStreamBufferReset xStreamBufferReset
N * \ingroup StreamBufferManagement
N */
NBaseType_t xStreamBufferReset( StreamBufferHandle_t xStreamBuffer ) PRIVILEGED_FUNCTION;
XBaseType_t xStreamBufferReset( StreamBufferHandle_t xStreamBuffer ) ;
N
N/**
N * stream_buffer.h
N *
N<pre>
Nsize_t xStreamBufferSpacesAvailable( StreamBufferHandle_t xStreamBuffer );
N</pre>
N *
N * Queries a stream buffer to see how much free space it contains, which is
N * equal to the amount of data that can be sent to the stream buffer before it
N * is full.
N *
N * @param xStreamBuffer The handle of the stream buffer being queried.
N *
N * @return The number of bytes that can be written to the stream buffer before
N * the stream buffer would be full.
N *
N * \defgroup xStreamBufferSpacesAvailable xStreamBufferSpacesAvailable
N * \ingroup StreamBufferManagement
N */
Nsize_t xStreamBufferSpacesAvailable( StreamBufferHandle_t xStreamBuffer ) PRIVILEGED_FUNCTION;
Xsize_t xStreamBufferSpacesAvailable( StreamBufferHandle_t xStreamBuffer ) ;
N
N/**
N * stream_buffer.h
N *
N<pre>
Nsize_t xStreamBufferBytesAvailable( StreamBufferHandle_t xStreamBuffer );
N</pre>
N *
N * Queries a stream buffer to see how much data it contains, which is equal to
N * the number of bytes that can be read from the stream buffer before the stream
N * buffer would be empty.
N *
N * @param xStreamBuffer The handle of the stream buffer being queried.
N *
N * @return The number of bytes that can be read from the stream buffer before
N * the stream buffer would be empty.
N *
N * \defgroup xStreamBufferBytesAvailable xStreamBufferBytesAvailable
N * \ingroup StreamBufferManagement
N */
Nsize_t xStreamBufferBytesAvailable( StreamBufferHandle_t xStreamBuffer ) PRIVILEGED_FUNCTION;
Xsize_t xStreamBufferBytesAvailable( StreamBufferHandle_t xStreamBuffer ) ;
N
N/**
N * stream_buffer.h
N *
N<pre>
NBaseType_t xStreamBufferSetTriggerLevel( StreamBufferHandle_t xStreamBuffer, size_t xTriggerLevel );
N</pre>
N *
N * A stream buffer's trigger level is the number of bytes that must be in the
N * stream buffer before a task that is blocked on the stream buffer to
N * wait for data is moved out of the blocked state.  For example, if a task is
N * blocked on a read of an empty stream buffer that has a trigger level of 1
N * then the task will be unblocked when a single byte is written to the buffer
N * or the task's block time expires.  As another example, if a task is blocked
N * on a read of an empty stream buffer that has a trigger level of 10 then the
N * task will not be unblocked until the stream buffer contains at least 10 bytes
N * or the task's block time expires.  If a reading task's block time expires
N * before the trigger level is reached then the task will still receive however
N * many bytes are actually available.  Setting a trigger level of 0 will result
N * in a trigger level of 1 being used.  It is not valid to specify a trigger
N * level that is greater than the buffer size.
N *
N * A trigger level is set when the stream buffer is created, and can be modified
N * using xStreamBufferSetTriggerLevel().
N *
N * @param xStreamBuffer The handle of the stream buffer being updated.
N *
N * @param xTriggerLevel The new trigger level for the stream buffer.
N *
N * @return If xTriggerLevel was less than or equal to the stream buffer's length
N * then the trigger level will be updated and pdTRUE is returned.  Otherwise
N * pdFALSE is returned.
N *
N * \defgroup xStreamBufferSetTriggerLevel xStreamBufferSetTriggerLevel
N * \ingroup StreamBufferManagement
N */
NBaseType_t xStreamBufferSetTriggerLevel( StreamBufferHandle_t xStreamBuffer, size_t xTriggerLevel ) PRIVILEGED_FUNCTION;
XBaseType_t xStreamBufferSetTriggerLevel( StreamBufferHandle_t xStreamBuffer, size_t xTriggerLevel ) ;
N
N/**
N * stream_buffer.h
N *
N<pre>
NBaseType_t xStreamBufferSendCompletedFromISR( StreamBufferHandle_t xStreamBuffer, BaseType_t *pxHigherPriorityTaskWoken );
N</pre>
N *
N * For advanced users only.
N *
N * The sbSEND_COMPLETED() macro is called from within the FreeRTOS APIs when
N * data is sent to a message buffer or stream buffer.  If there was a task that
N * was blocked on the message or stream buffer waiting for data to arrive then
N * the sbSEND_COMPLETED() macro sends a notification to the task to remove it
N * from the Blocked state.  xStreamBufferSendCompletedFromISR() does the same
N * thing.  It is provided to enable application writers to implement their own
N * version of sbSEND_COMPLETED(), and MUST NOT BE USED AT ANY OTHER TIME.
N *
N * See the example implemented in FreeRTOS/Demo/Minimal/MessageBufferAMP.c for
N * additional information.
N *
N * @param xStreamBuffer The handle of the stream buffer to which data was
N * written.
N *
N * @param pxHigherPriorityTaskWoken *pxHigherPriorityTaskWoken should be
N * initialised to pdFALSE before it is passed into
N * xStreamBufferSendCompletedFromISR().  If calling
N * xStreamBufferSendCompletedFromISR() removes a task from the Blocked state,
N * and the task has a priority above the priority of the currently running task,
N * then *pxHigherPriorityTaskWoken will get set to pdTRUE indicating that a
N * context switch should be performed before exiting the ISR.
N *
N * @return If a task was removed from the Blocked state then pdTRUE is returned.
N * Otherwise pdFALSE is returned.
N *
N * \defgroup xStreamBufferSendCompletedFromISR xStreamBufferSendCompletedFromISR
N * \ingroup StreamBufferManagement
N */
NBaseType_t xStreamBufferSendCompletedFromISR( StreamBufferHandle_t xStreamBuffer, BaseType_t *pxHigherPriorityTaskWoken ) PRIVILEGED_FUNCTION;
XBaseType_t xStreamBufferSendCompletedFromISR( StreamBufferHandle_t xStreamBuffer, BaseType_t *pxHigherPriorityTaskWoken ) ;
N
N/**
N * stream_buffer.h
N *
N<pre>
NBaseType_t xStreamBufferReceiveCompletedFromISR( StreamBufferHandle_t xStreamBuffer, BaseType_t *pxHigherPriorityTaskWoken );
N</pre>
N *
N * For advanced users only.
N *
N * The sbRECEIVE_COMPLETED() macro is called from within the FreeRTOS APIs when
N * data is read out of a message buffer or stream buffer.  If there was a task
N * that was blocked on the message or stream buffer waiting for data to arrive
N * then the sbRECEIVE_COMPLETED() macro sends a notification to the task to
N * remove it from the Blocked state.  xStreamBufferReceiveCompletedFromISR()
N * does the same thing.  It is provided to enable application writers to
N * implement their own version of sbRECEIVE_COMPLETED(), and MUST NOT BE USED AT
N * ANY OTHER TIME.
N *
N * See the example implemented in FreeRTOS/Demo/Minimal/MessageBufferAMP.c for
N * additional information.
N *
N * @param xStreamBuffer The handle of the stream buffer from which data was
N * read.
N *
N * @param pxHigherPriorityTaskWoken *pxHigherPriorityTaskWoken should be
N * initialised to pdFALSE before it is passed into
N * xStreamBufferReceiveCompletedFromISR().  If calling
N * xStreamBufferReceiveCompletedFromISR() removes a task from the Blocked state,
N * and the task has a priority above the priority of the currently running task,
N * then *pxHigherPriorityTaskWoken will get set to pdTRUE indicating that a
N * context switch should be performed before exiting the ISR.
N *
N * @return If a task was removed from the Blocked state then pdTRUE is returned.
N * Otherwise pdFALSE is returned.
N *
N * \defgroup xStreamBufferReceiveCompletedFromISR xStreamBufferReceiveCompletedFromISR
N * \ingroup StreamBufferManagement
N */
NBaseType_t xStreamBufferReceiveCompletedFromISR( StreamBufferHandle_t xStreamBuffer, BaseType_t *pxHigherPriorityTaskWoken ) PRIVILEGED_FUNCTION;
XBaseType_t xStreamBufferReceiveCompletedFromISR( StreamBufferHandle_t xStreamBuffer, BaseType_t *pxHigherPriorityTaskWoken ) ;
N
N/* Functions below here are not part of the public API. */
NStreamBufferHandle_t xStreamBufferGenericCreate( size_t xBufferSizeBytes,
N												 size_t xTriggerLevelBytes,
N												 BaseType_t xIsMessageBuffer ) PRIVILEGED_FUNCTION;
X												 BaseType_t xIsMessageBuffer ) ;
N
NStreamBufferHandle_t xStreamBufferGenericCreateStatic( size_t xBufferSizeBytes,
N													   size_t xTriggerLevelBytes,
N													   BaseType_t xIsMessageBuffer,
N													   uint8_t * const pucStreamBufferStorageArea,
N													   StaticStreamBuffer_t * const pxStaticStreamBuffer ) PRIVILEGED_FUNCTION;
X													   StaticStreamBuffer_t * const pxStaticStreamBuffer ) ;
N
Nsize_t xStreamBufferNextMessageLengthBytes( StreamBufferHandle_t xStreamBuffer ) PRIVILEGED_FUNCTION;
Xsize_t xStreamBufferNextMessageLengthBytes( StreamBufferHandle_t xStreamBuffer ) ;
N
N#if( configUSE_TRACE_FACILITY == 1 )
X#if( 1 == 1 )
N	void vStreamBufferSetStreamBufferNumber( StreamBufferHandle_t xStreamBuffer, UBaseType_t uxStreamBufferNumber ) PRIVILEGED_FUNCTION;
X	void vStreamBufferSetStreamBufferNumber( StreamBufferHandle_t xStreamBuffer, UBaseType_t uxStreamBufferNumber ) ;
N	UBaseType_t uxStreamBufferGetStreamBufferNumber( StreamBufferHandle_t xStreamBuffer ) PRIVILEGED_FUNCTION;
X	UBaseType_t uxStreamBufferGetStreamBufferNumber( StreamBufferHandle_t xStreamBuffer ) ;
N	uint8_t ucStreamBufferGetStreamBufferType( StreamBufferHandle_t xStreamBuffer ) PRIVILEGED_FUNCTION;
X	uint8_t ucStreamBufferGetStreamBufferType( StreamBufferHandle_t xStreamBuffer ) ;
N#endif
N
N#if defined( __cplusplus )
X#if 0L
S}
N#endif
N
N#endif	/* !defined( STREAM_BUFFER_H ) */
L 41 "../Middlewares/Third_Party/FreeRTOS/Source/stream_buffer.c" 2
N
N#if( configUSE_TASK_NOTIFICATIONS != 1 )
X#if( 1 != 1 )
S	#error configUSE_TASK_NOTIFICATIONS must be set to 1 to build stream_buffer.c
N#endif
N
N/* Lint e961, e9021 and e750 are suppressed as a MISRA exception justified
Nbecause the MPU ports require MPU_WRAPPERS_INCLUDED_FROM_API_FILE to be defined
Nfor the header files above, but not in this file, in order to generate the
Ncorrect privileged Vs unprivileged linkage and placement. */
N#undef MPU_WRAPPERS_INCLUDED_FROM_API_FILE /*lint !e961 !e750 !e9021. */
N
N/* If the user has not provided application specific Rx notification macros,
Nor #defined the notification macros away, them provide default implementations
Nthat uses task notifications. */
N/*lint -save -e9026 Function like macros allowed and needed here so they can be overidden. */
N#ifndef sbRECEIVE_COMPLETED
N	#define sbRECEIVE_COMPLETED( pxStreamBuffer )										\
N		vTaskSuspendAll();																\
N		{																				\
N			if( ( pxStreamBuffer )->xTaskWaitingToSend != NULL )						\
N			{																			\
N				( void ) xTaskNotify( ( pxStreamBuffer )->xTaskWaitingToSend,			\
N									  ( uint32_t ) 0,									\
N									  eNoAction );										\
N				( pxStreamBuffer )->xTaskWaitingToSend = NULL;							\
N			}																			\
N		}																				\
N		( void ) xTaskResumeAll();
X	#define sbRECEIVE_COMPLETED( pxStreamBuffer )												vTaskSuspendAll();																		{																							if( ( pxStreamBuffer )->xTaskWaitingToSend != NULL )									{																							( void ) xTaskNotify( ( pxStreamBuffer )->xTaskWaitingToSend,												  ( uint32_t ) 0,																		  eNoAction );														( pxStreamBuffer )->xTaskWaitingToSend = NULL;										}																					}																						( void ) xTaskResumeAll();
N#endif /* sbRECEIVE_COMPLETED */
N
N#ifndef sbRECEIVE_COMPLETED_FROM_ISR
N	#define sbRECEIVE_COMPLETED_FROM_ISR( pxStreamBuffer,								\
N										  pxHigherPriorityTaskWoken )					\
N	{																					\
N	UBaseType_t uxSavedInterruptStatus;													\
N																						\
N		uxSavedInterruptStatus = ( UBaseType_t ) portSET_INTERRUPT_MASK_FROM_ISR();		\
N		{																				\
N			if( ( pxStreamBuffer )->xTaskWaitingToSend != NULL )						\
N			{																			\
N				( void ) xTaskNotifyFromISR( ( pxStreamBuffer )->xTaskWaitingToSend,	\
N											 ( uint32_t ) 0,							\
N											 eNoAction,									\
N											 pxHigherPriorityTaskWoken );				\
N				( pxStreamBuffer )->xTaskWaitingToSend = NULL;							\
N			}																			\
N		}																				\
N		portCLEAR_INTERRUPT_MASK_FROM_ISR( uxSavedInterruptStatus );					\
N	}
X	#define sbRECEIVE_COMPLETED_FROM_ISR( pxStreamBuffer,																		  pxHigherPriorityTaskWoken )						{																						UBaseType_t uxSavedInterruptStatus;																																					uxSavedInterruptStatus = ( UBaseType_t ) portSET_INTERRUPT_MASK_FROM_ISR();				{																							if( ( pxStreamBuffer )->xTaskWaitingToSend != NULL )									{																							( void ) xTaskNotifyFromISR( ( pxStreamBuffer )->xTaskWaitingToSend,												 ( uint32_t ) 0,																		 eNoAction,																				 pxHigherPriorityTaskWoken );								( pxStreamBuffer )->xTaskWaitingToSend = NULL;										}																					}																						portCLEAR_INTERRUPT_MASK_FROM_ISR( uxSavedInterruptStatus );						}
N#endif /* sbRECEIVE_COMPLETED_FROM_ISR */
N
N/* If the user has not provided an application specific Tx notification macro,
Nor #defined the notification macro away, them provide a default implementation
Nthat uses task notifications. */
N#ifndef sbSEND_COMPLETED
N	#define sbSEND_COMPLETED( pxStreamBuffer )											\
N		vTaskSuspendAll();																\
N		{																				\
N			if( ( pxStreamBuffer )->xTaskWaitingToReceive != NULL )						\
N			{																			\
N				( void ) xTaskNotify( ( pxStreamBuffer )->xTaskWaitingToReceive,		\
N									  ( uint32_t ) 0,									\
N									  eNoAction );										\
N				( pxStreamBuffer )->xTaskWaitingToReceive = NULL;						\
N			}																			\
N		}																				\
N		( void ) xTaskResumeAll();
X	#define sbSEND_COMPLETED( pxStreamBuffer )													vTaskSuspendAll();																		{																							if( ( pxStreamBuffer )->xTaskWaitingToReceive != NULL )									{																							( void ) xTaskNotify( ( pxStreamBuffer )->xTaskWaitingToReceive,											  ( uint32_t ) 0,																		  eNoAction );														( pxStreamBuffer )->xTaskWaitingToReceive = NULL;									}																					}																						( void ) xTaskResumeAll();
N#endif /* sbSEND_COMPLETED */
N
N#ifndef sbSEND_COMPLETE_FROM_ISR
N	#define sbSEND_COMPLETE_FROM_ISR( pxStreamBuffer, pxHigherPriorityTaskWoken )		\
N	{																					\
N	UBaseType_t uxSavedInterruptStatus;													\
N																						\
N		uxSavedInterruptStatus = ( UBaseType_t ) portSET_INTERRUPT_MASK_FROM_ISR();		\
N		{																				\
N			if( ( pxStreamBuffer )->xTaskWaitingToReceive != NULL )						\
N			{																			\
N				( void ) xTaskNotifyFromISR( ( pxStreamBuffer )->xTaskWaitingToReceive,	\
N											 ( uint32_t ) 0,							\
N											 eNoAction,									\
N											 pxHigherPriorityTaskWoken );				\
N				( pxStreamBuffer )->xTaskWaitingToReceive = NULL;						\
N			}																			\
N		}																				\
N		portCLEAR_INTERRUPT_MASK_FROM_ISR( uxSavedInterruptStatus );					\
N	}
X	#define sbSEND_COMPLETE_FROM_ISR( pxStreamBuffer, pxHigherPriorityTaskWoken )			{																						UBaseType_t uxSavedInterruptStatus;																																					uxSavedInterruptStatus = ( UBaseType_t ) portSET_INTERRUPT_MASK_FROM_ISR();				{																							if( ( pxStreamBuffer )->xTaskWaitingToReceive != NULL )									{																							( void ) xTaskNotifyFromISR( ( pxStreamBuffer )->xTaskWaitingToReceive,												 ( uint32_t ) 0,																		 eNoAction,																				 pxHigherPriorityTaskWoken );								( pxStreamBuffer )->xTaskWaitingToReceive = NULL;									}																					}																						portCLEAR_INTERRUPT_MASK_FROM_ISR( uxSavedInterruptStatus );						}
N#endif /* sbSEND_COMPLETE_FROM_ISR */
N/*lint -restore (9026) */
N
N/* The number of bytes used to hold the length of a message in the buffer. */
N#define sbBYTES_TO_STORE_MESSAGE_LENGTH ( sizeof( configMESSAGE_BUFFER_LENGTH_TYPE ) )
N
N/* Bits stored in the ucFlags field of the stream buffer. */
N#define sbFLAGS_IS_MESSAGE_BUFFER		( ( uint8_t ) 1 ) /* Set if the stream buffer was created as a message buffer, in which case it holds discrete messages rather than a stream. */
N#define sbFLAGS_IS_STATICALLY_ALLOCATED ( ( uint8_t ) 2 ) /* Set if the stream buffer was created using statically allocated memory. */
N
N/*-----------------------------------------------------------*/
N
N/* Structure that hold state information on the buffer. */
Ntypedef struct StreamBufferDef_t /*lint !e9058 Style convention uses tag. */
N{
N	volatile size_t xTail;				/* Index to the next item to read within the buffer. */
N	volatile size_t xHead;				/* Index to the next item to write within the buffer. */
N	size_t xLength;						/* The length of the buffer pointed to by pucBuffer. */
N	size_t xTriggerLevelBytes;			/* The number of bytes that must be in the stream buffer before a task that is waiting for data is unblocked. */
N	volatile TaskHandle_t xTaskWaitingToReceive; /* Holds the handle of a task waiting for data, or NULL if no tasks are waiting. */
N	volatile TaskHandle_t xTaskWaitingToSend;	/* Holds the handle of a task waiting to send data to a message buffer that is full. */
N	uint8_t *pucBuffer;					/* Points to the buffer itself - that is - the RAM that stores the data passed through the buffer. */
N	uint8_t ucFlags;
N
N	#if ( configUSE_TRACE_FACILITY == 1 )
X	#if ( 1 == 1 )
N		UBaseType_t uxStreamBufferNumber;		/* Used for tracing purposes. */
N	#endif
N} StreamBuffer_t;
N
N/*
N * The number of bytes available to be read from the buffer.
N */
Nstatic size_t prvBytesInBuffer( const StreamBuffer_t * const pxStreamBuffer ) PRIVILEGED_FUNCTION;
Xstatic size_t prvBytesInBuffer( const StreamBuffer_t * const pxStreamBuffer ) ;
N
N/*
N * Add xCount bytes from pucData into the pxStreamBuffer message buffer.
N * Returns the number of bytes written, which will either equal xCount in the
N * success case, or 0 if there was not enough space in the buffer (in which case
N * no data is written into the buffer).
N */
Nstatic size_t prvWriteBytesToBuffer( StreamBuffer_t * const pxStreamBuffer, const uint8_t *pucData, size_t xCount ) PRIVILEGED_FUNCTION;
Xstatic size_t prvWriteBytesToBuffer( StreamBuffer_t * const pxStreamBuffer, const uint8_t *pucData, size_t xCount ) ;
N
N/*
N * If the stream buffer is being used as a message buffer, then reads an entire
N * message out of the buffer.  If the stream buffer is being used as a stream
N * buffer then read as many bytes as possible from the buffer.
N * prvReadBytesFromBuffer() is called to actually extract the bytes from the
N * buffer's data storage area.
N */
Nstatic size_t prvReadMessageFromBuffer( StreamBuffer_t *pxStreamBuffer,
N										void *pvRxData,
N										size_t xBufferLengthBytes,
N										size_t xBytesAvailable,
N										size_t xBytesToStoreMessageLength ) PRIVILEGED_FUNCTION;
X										size_t xBytesToStoreMessageLength ) ;
N
N/*
N * If the stream buffer is being used as a message buffer, then writes an entire
N * message to the buffer.  If the stream buffer is being used as a stream
N * buffer then write as many bytes as possible to the buffer.
N * prvWriteBytestoBuffer() is called to actually send the bytes to the buffer's
N * data storage area.
N */
Nstatic size_t prvWriteMessageToBuffer(  StreamBuffer_t * const pxStreamBuffer,
N										const void * pvTxData,
N										size_t xDataLengthBytes,
N										size_t xSpace,
N										size_t xRequiredSpace ) PRIVILEGED_FUNCTION;
X										size_t xRequiredSpace ) ;
N
N/*
N * Read xMaxCount bytes from the pxStreamBuffer message buffer and write them
N * to pucData.
N */
Nstatic size_t prvReadBytesFromBuffer( StreamBuffer_t *pxStreamBuffer,
N									  uint8_t *pucData,
N									  size_t xMaxCount,
N									  size_t xBytesAvailable ) PRIVILEGED_FUNCTION;
X									  size_t xBytesAvailable ) ;
N
N/*
N * Called by both pxStreamBufferCreate() and pxStreamBufferCreateStatic() to
N * initialise the members of the newly created stream buffer structure.
N */
Nstatic void prvInitialiseNewStreamBuffer( StreamBuffer_t * const pxStreamBuffer,
N										  uint8_t * const pucBuffer,
N										  size_t xBufferSizeBytes,
N										  size_t xTriggerLevelBytes,
N										  uint8_t ucFlags ) PRIVILEGED_FUNCTION;
X										  uint8_t ucFlags ) ;
N
N/*-----------------------------------------------------------*/
N
N#if( configSUPPORT_DYNAMIC_ALLOCATION == 1 )
X#if( 1 == 1 )
N
N	StreamBufferHandle_t xStreamBufferGenericCreate( size_t xBufferSizeBytes, size_t xTriggerLevelBytes, BaseType_t xIsMessageBuffer )
N	{
N	uint8_t *pucAllocatedMemory;
N	uint8_t ucFlags;
N
N		/* In case the stream buffer is going to be used as a message buffer
N		(that is, it will hold discrete messages with a little meta data that
N		says how big the next message is) check the buffer will be large enough
N		to hold at least one message. */
N		if( xIsMessageBuffer == pdTRUE )
X		if( xIsMessageBuffer == ( ( BaseType_t ) 1 ) )
N		{
N			/* Is a message buffer but not statically allocated. */
N			ucFlags = sbFLAGS_IS_MESSAGE_BUFFER;
X			ucFlags = ( ( uint8_t ) 1 );
N			configASSERT( xBufferSizeBytes > sbBYTES_TO_STORE_MESSAGE_LENGTH );
X			if ((xBufferSizeBytes > ( sizeof( size_t ) )) == 0) {vPortRaiseBASEPRI(); for( ;; );};
N		}
N		else
N		{
N			/* Not a message buffer and not statically allocated. */
N			ucFlags = 0;
N			configASSERT( xBufferSizeBytes > 0 );
X			if ((xBufferSizeBytes > 0) == 0) {vPortRaiseBASEPRI(); for( ;; );};
N		}
N		configASSERT( xTriggerLevelBytes <= xBufferSizeBytes );
X		if ((xTriggerLevelBytes <= xBufferSizeBytes) == 0) {vPortRaiseBASEPRI(); for( ;; );};
N
N		/* A trigger level of 0 would cause a waiting task to unblock even when
N		the buffer was empty. */
N		if( xTriggerLevelBytes == ( size_t ) 0 )
N		{
N			xTriggerLevelBytes = ( size_t ) 1;
N		}
N
N		/* A stream buffer requires a StreamBuffer_t structure and a buffer.
N		Both are allocated in a single call to pvPortMalloc().  The
N		StreamBuffer_t structure is placed at the start of the allocated memory
N		and the buffer follows immediately after.  The requested size is
N		incremented so the free space is returned as the user would expect -
N		this is a quirk of the implementation that means otherwise the free
N		space would be reported as one byte smaller than would be logically
N		expected. */
N		xBufferSizeBytes++;
N		pucAllocatedMemory = ( uint8_t * ) pvPortMalloc( xBufferSizeBytes + sizeof( StreamBuffer_t ) ); /*lint !e9079 malloc() only returns void*. */
N
N		if( pucAllocatedMemory != NULL )
X		if( pucAllocatedMemory != 0 )
N		{
N			prvInitialiseNewStreamBuffer( ( StreamBuffer_t * ) pucAllocatedMemory, /* Structure at the start of the allocated memory. */ /*lint !e9087 Safe cast as allocated memory is aligned. */ /*lint !e826 Area is not too small and alignment is guaranteed provided malloc() behaves as expected and returns aligned buffer. */
N										   pucAllocatedMemory + sizeof( StreamBuffer_t ),  /* Storage area follows. */ /*lint !e9016 Indexing past structure valid for uint8_t pointer, also storage area has no alignment requirement. */
N										   xBufferSizeBytes,
N										   xTriggerLevelBytes,
N										   ucFlags );
N
N			traceSTREAM_BUFFER_CREATE( ( ( StreamBuffer_t * ) pucAllocatedMemory ), xIsMessageBuffer );
X			;
N		}
N		else
N		{
N			traceSTREAM_BUFFER_CREATE_FAILED( xIsMessageBuffer );
X			;
N		}
N
N		return ( StreamBufferHandle_t ) pucAllocatedMemory; /*lint !e9087 !e826 Safe cast as allocated memory is aligned. */
N	}
N
N#endif /* configSUPPORT_DYNAMIC_ALLOCATION */
N/*-----------------------------------------------------------*/
N
N#if( configSUPPORT_STATIC_ALLOCATION == 1 )
X#if( 1 == 1 )
N
N	StreamBufferHandle_t xStreamBufferGenericCreateStatic( size_t xBufferSizeBytes,
N														   size_t xTriggerLevelBytes,
N														   BaseType_t xIsMessageBuffer,
N														   uint8_t * const pucStreamBufferStorageArea,
N														   StaticStreamBuffer_t * const pxStaticStreamBuffer )
N	{
N	StreamBuffer_t * const pxStreamBuffer = ( StreamBuffer_t * ) pxStaticStreamBuffer; /*lint !e740 !e9087 Safe cast as StaticStreamBuffer_t is opaque Streambuffer_t. */
N	StreamBufferHandle_t xReturn;
N	uint8_t ucFlags;
N
N		configASSERT( pucStreamBufferStorageArea );
X		if ((pucStreamBufferStorageArea) == 0) {vPortRaiseBASEPRI(); for( ;; );};
N		configASSERT( pxStaticStreamBuffer );
X		if ((pxStaticStreamBuffer) == 0) {vPortRaiseBASEPRI(); for( ;; );};
N		configASSERT( xTriggerLevelBytes <= xBufferSizeBytes );
X		if ((xTriggerLevelBytes <= xBufferSizeBytes) == 0) {vPortRaiseBASEPRI(); for( ;; );};
N
N		/* A trigger level of 0 would cause a waiting task to unblock even when
N		the buffer was empty. */
N		if( xTriggerLevelBytes == ( size_t ) 0 )
N		{
N			xTriggerLevelBytes = ( size_t ) 1;
N		}
N
N		if( xIsMessageBuffer != pdFALSE )
X		if( xIsMessageBuffer != ( ( BaseType_t ) 0 ) )
N		{
N			/* Statically allocated message buffer. */
N			ucFlags = sbFLAGS_IS_MESSAGE_BUFFER | sbFLAGS_IS_STATICALLY_ALLOCATED;
X			ucFlags = ( ( uint8_t ) 1 ) | ( ( uint8_t ) 2 );
N		}
N		else
N		{
N			/* Statically allocated stream buffer. */
N			ucFlags = sbFLAGS_IS_STATICALLY_ALLOCATED;
X			ucFlags = ( ( uint8_t ) 2 );
N		}
N
N		/* In case the stream buffer is going to be used as a message buffer
N		(that is, it will hold discrete messages with a little meta data that
N		says how big the next message is) check the buffer will be large enough
N		to hold at least one message. */
N		configASSERT( xBufferSizeBytes > sbBYTES_TO_STORE_MESSAGE_LENGTH );
X		if ((xBufferSizeBytes > ( sizeof( size_t ) )) == 0) {vPortRaiseBASEPRI(); for( ;; );};
N
N		#if( configASSERT_DEFINED == 1 )
X		#if( 1 == 1 )
N		{
N			/* Sanity check that the size of the structure used to declare a
N			variable of type StaticStreamBuffer_t equals the size of the real
N			message buffer structure. */
N			volatile size_t xSize = sizeof( StaticStreamBuffer_t );
N			configASSERT( xSize == sizeof( StreamBuffer_t ) );
X			if ((xSize == sizeof( StreamBuffer_t )) == 0) {vPortRaiseBASEPRI(); for( ;; );};
N		} /*lint !e529 xSize is referenced is configASSERT() is defined. */
N		#endif /* configASSERT_DEFINED */
N
N		if( ( pucStreamBufferStorageArea != NULL ) && ( pxStaticStreamBuffer != NULL ) )
X		if( ( pucStreamBufferStorageArea != 0 ) && ( pxStaticStreamBuffer != 0 ) )
N		{
N			prvInitialiseNewStreamBuffer( pxStreamBuffer,
N										  pucStreamBufferStorageArea,
N										  xBufferSizeBytes,
N										  xTriggerLevelBytes,
N										  ucFlags );
N
N			/* Remember this was statically allocated in case it is ever deleted
N			again. */
N			pxStreamBuffer->ucFlags |= sbFLAGS_IS_STATICALLY_ALLOCATED;
X			pxStreamBuffer->ucFlags |= ( ( uint8_t ) 2 );
N
N			traceSTREAM_BUFFER_CREATE( pxStreamBuffer, xIsMessageBuffer );
X			;
N
N			xReturn = ( StreamBufferHandle_t ) pxStaticStreamBuffer; /*lint !e9087 Data hiding requires cast to opaque type. */
N		}
N		else
N		{
N			xReturn = NULL;
X			xReturn = 0;
N			traceSTREAM_BUFFER_CREATE_STATIC_FAILED( xReturn, xIsMessageBuffer );
X			;
N		}
N
N		return xReturn;
N	}
N
N#endif /* ( configSUPPORT_STATIC_ALLOCATION == 1 ) */
N/*-----------------------------------------------------------*/
N
Nvoid vStreamBufferDelete( StreamBufferHandle_t xStreamBuffer )
N{
NStreamBuffer_t * pxStreamBuffer = xStreamBuffer;
N
N	configASSERT( pxStreamBuffer );
X	if ((pxStreamBuffer) == 0) {vPortRaiseBASEPRI(); for( ;; );};
N
N	traceSTREAM_BUFFER_DELETE( xStreamBuffer );
X	;
N
N	if( ( pxStreamBuffer->ucFlags & sbFLAGS_IS_STATICALLY_ALLOCATED ) == ( uint8_t ) pdFALSE )
X	if( ( pxStreamBuffer->ucFlags & ( ( uint8_t ) 2 ) ) == ( uint8_t ) ( ( BaseType_t ) 0 ) )
N	{
N		#if( configSUPPORT_DYNAMIC_ALLOCATION == 1 )
X		#if( 1 == 1 )
N		{
N			/* Both the structure and the buffer were allocated using a single call
N			to pvPortMalloc(), hence only one call to vPortFree() is required. */
N			vPortFree( ( void * ) pxStreamBuffer ); /*lint !e9087 Standard free() semantics require void *, plus pxStreamBuffer was allocated by pvPortMalloc(). */
N		}
N		#else
S		{
S			/* Should not be possible to get here, ucFlags must be corrupt.
S			Force an assert. */
S			configASSERT( xStreamBuffer == ( StreamBufferHandle_t ) ~0 );
S		}
N		#endif
N	}
N	else
N	{
N		/* The structure and buffer were not allocated dynamically and cannot be
N		freed - just scrub the structure so future use will assert. */
N		( void ) memset( pxStreamBuffer, 0x00, sizeof( StreamBuffer_t ) );
N	}
N}
N/*-----------------------------------------------------------*/
N
NBaseType_t xStreamBufferReset( StreamBufferHandle_t xStreamBuffer )
N{
NStreamBuffer_t * const pxStreamBuffer = xStreamBuffer;
NBaseType_t xReturn = pdFAIL;
XBaseType_t xReturn = ( ( ( BaseType_t ) 0 ) );
N
N#if( configUSE_TRACE_FACILITY == 1 )
X#if( 1 == 1 )
N	UBaseType_t uxStreamBufferNumber;
N#endif
N
N	configASSERT( pxStreamBuffer );
X	if ((pxStreamBuffer) == 0) {vPortRaiseBASEPRI(); for( ;; );};
N
N	#if( configUSE_TRACE_FACILITY == 1 )
X	#if( 1 == 1 )
N	{
N		/* Store the stream buffer number so it can be restored after the
N		reset. */
N		uxStreamBufferNumber = pxStreamBuffer->uxStreamBufferNumber;
N	}
N	#endif
N
N	/* Can only reset a message buffer if there are no tasks blocked on it. */
N	taskENTER_CRITICAL();
X	vPortEnterCritical();
N	{
N		if( pxStreamBuffer->xTaskWaitingToReceive == NULL )
X		if( pxStreamBuffer->xTaskWaitingToReceive == 0 )
N		{
N			if( pxStreamBuffer->xTaskWaitingToSend == NULL )
X			if( pxStreamBuffer->xTaskWaitingToSend == 0 )
N			{
N				prvInitialiseNewStreamBuffer( pxStreamBuffer,
N											  pxStreamBuffer->pucBuffer,
N											  pxStreamBuffer->xLength,
N											  pxStreamBuffer->xTriggerLevelBytes,
N											  pxStreamBuffer->ucFlags );
N				xReturn = pdPASS;
X				xReturn = ( ( ( BaseType_t ) 1 ) );
N
N				#if( configUSE_TRACE_FACILITY == 1 )
X				#if( 1 == 1 )
N				{
N					pxStreamBuffer->uxStreamBufferNumber = uxStreamBufferNumber;
N				}
N				#endif
N
N				traceSTREAM_BUFFER_RESET( xStreamBuffer );
X				;
N			}
N		}
N	}
N	taskEXIT_CRITICAL();
X	vPortExitCritical();
N
N	return xReturn;
N}
N/*-----------------------------------------------------------*/
N
NBaseType_t xStreamBufferSetTriggerLevel( StreamBufferHandle_t xStreamBuffer, size_t xTriggerLevel )
N{
NStreamBuffer_t * const pxStreamBuffer = xStreamBuffer;
NBaseType_t xReturn;
N
N	configASSERT( pxStreamBuffer );
X	if ((pxStreamBuffer) == 0) {vPortRaiseBASEPRI(); for( ;; );};
N
N	/* It is not valid for the trigger level to be 0. */
N	if( xTriggerLevel == ( size_t ) 0 )
N	{
N		xTriggerLevel = ( size_t ) 1;
N	}
N
N	/* The trigger level is the number of bytes that must be in the stream
N	buffer before a task that is waiting for data is unblocked. */
N	if( xTriggerLevel <= pxStreamBuffer->xLength )
N	{
N		pxStreamBuffer->xTriggerLevelBytes = xTriggerLevel;
N		xReturn = pdPASS;
X		xReturn = ( ( ( BaseType_t ) 1 ) );
N	}
N	else
N	{
N		xReturn = pdFALSE;
X		xReturn = ( ( BaseType_t ) 0 );
N	}
N
N	return xReturn;
N}
N/*-----------------------------------------------------------*/
N
Nsize_t xStreamBufferSpacesAvailable( StreamBufferHandle_t xStreamBuffer )
N{
Nconst StreamBuffer_t * const pxStreamBuffer = xStreamBuffer;
Nsize_t xSpace;
N
N	configASSERT( pxStreamBuffer );
X	if ((pxStreamBuffer) == 0) {vPortRaiseBASEPRI(); for( ;; );};
N
N	xSpace = pxStreamBuffer->xLength + pxStreamBuffer->xTail;
N	xSpace -= pxStreamBuffer->xHead;
N	xSpace -= ( size_t ) 1;
N
N	if( xSpace >= pxStreamBuffer->xLength )
N	{
N		xSpace -= pxStreamBuffer->xLength;
N	}
N	else
N	{
N		mtCOVERAGE_TEST_MARKER();
X		;
N	}
N
N	return xSpace;
N}
N/*-----------------------------------------------------------*/
N
Nsize_t xStreamBufferBytesAvailable( StreamBufferHandle_t xStreamBuffer )
N{
Nconst StreamBuffer_t * const pxStreamBuffer = xStreamBuffer;
Nsize_t xReturn;
N
N	configASSERT( pxStreamBuffer );
X	if ((pxStreamBuffer) == 0) {vPortRaiseBASEPRI(); for( ;; );};
N
N	xReturn = prvBytesInBuffer( pxStreamBuffer );
N	return xReturn;
N}
N/*-----------------------------------------------------------*/
N
Nsize_t xStreamBufferSend( StreamBufferHandle_t xStreamBuffer,
N						  const void *pvTxData,
N						  size_t xDataLengthBytes,
N						  TickType_t xTicksToWait )
N{
NStreamBuffer_t * const pxStreamBuffer = xStreamBuffer;
Nsize_t xReturn, xSpace = 0;
Nsize_t xRequiredSpace = xDataLengthBytes;
NTimeOut_t xTimeOut;
N
N	configASSERT( pvTxData );
X	if ((pvTxData) == 0) {vPortRaiseBASEPRI(); for( ;; );};
N	configASSERT( pxStreamBuffer );
X	if ((pxStreamBuffer) == 0) {vPortRaiseBASEPRI(); for( ;; );};
N
N	/* This send function is used to write to both message buffers and stream
N	buffers.  If this is a message buffer then the space needed must be
N	increased by the amount of bytes needed to store the length of the
N	message. */
N	if( ( pxStreamBuffer->ucFlags & sbFLAGS_IS_MESSAGE_BUFFER ) != ( uint8_t ) 0 )
X	if( ( pxStreamBuffer->ucFlags & ( ( uint8_t ) 1 ) ) != ( uint8_t ) 0 )
N	{
N		xRequiredSpace += sbBYTES_TO_STORE_MESSAGE_LENGTH;
X		xRequiredSpace += ( sizeof( size_t ) );
N
N		/* Overflow? */
N		configASSERT( xRequiredSpace > xDataLengthBytes );
X		if ((xRequiredSpace > xDataLengthBytes) == 0) {vPortRaiseBASEPRI(); for( ;; );};
N	}
N	else
N	{
N		mtCOVERAGE_TEST_MARKER();
X		;
N	}
N
N	if( xTicksToWait != ( TickType_t ) 0 )
N	{
N		vTaskSetTimeOutState( &xTimeOut );
N
N		do
N		{
N			/* Wait until the required number of bytes are free in the message
N			buffer. */
N			taskENTER_CRITICAL();
X			vPortEnterCritical();
N			{
N				xSpace = xStreamBufferSpacesAvailable( pxStreamBuffer );
N
N				if( xSpace < xRequiredSpace )
N				{
N					/* Clear notification state as going to wait for space. */
N					( void ) xTaskNotifyStateClear( NULL );
X					( void ) xTaskNotifyStateClear( 0 );
N
N					/* Should only be one writer. */
N					configASSERT( pxStreamBuffer->xTaskWaitingToSend == NULL );
X					if ((pxStreamBuffer->xTaskWaitingToSend == 0) == 0) {vPortRaiseBASEPRI(); for( ;; );};
N					pxStreamBuffer->xTaskWaitingToSend = xTaskGetCurrentTaskHandle();
N				}
N				else
N				{
N					taskEXIT_CRITICAL();
X					vPortExitCritical();
N					break;
N				}
N			}
N			taskEXIT_CRITICAL();
X			vPortExitCritical();
N
N			traceBLOCKING_ON_STREAM_BUFFER_SEND( xStreamBuffer );
X			;
N			( void ) xTaskNotifyWait( ( uint32_t ) 0, ( uint32_t ) 0, NULL, xTicksToWait );
X			( void ) xTaskNotifyWait( ( uint32_t ) 0, ( uint32_t ) 0, 0, xTicksToWait );
N			pxStreamBuffer->xTaskWaitingToSend = NULL;
X			pxStreamBuffer->xTaskWaitingToSend = 0;
N
N		} while( xTaskCheckForTimeOut( &xTimeOut, &xTicksToWait ) == pdFALSE );
X		} while( xTaskCheckForTimeOut( &xTimeOut, &xTicksToWait ) == ( ( BaseType_t ) 0 ) );
N	}
N	else
N	{
N		mtCOVERAGE_TEST_MARKER();
X		;
N	}
N
N	if( xSpace == ( size_t ) 0 )
N	{
N		xSpace = xStreamBufferSpacesAvailable( pxStreamBuffer );
N	}
N	else
N	{
N		mtCOVERAGE_TEST_MARKER();
X		;
N	}
N
N	xReturn = prvWriteMessageToBuffer( pxStreamBuffer, pvTxData, xDataLengthBytes, xSpace, xRequiredSpace );
N
N	if( xReturn > ( size_t ) 0 )
N	{
N		traceSTREAM_BUFFER_SEND( xStreamBuffer, xReturn );
X		;
N
N		/* Was a task waiting for the data? */
N		if( prvBytesInBuffer( pxStreamBuffer ) >= pxStreamBuffer->xTriggerLevelBytes )
N		{
N			sbSEND_COMPLETED( pxStreamBuffer );
X			vTaskSuspendAll(); { if( ( pxStreamBuffer )->xTaskWaitingToReceive != 0 ) { ( void ) xTaskGenericNotify( ( ( pxStreamBuffer )->xTaskWaitingToReceive ), ( ( uint32_t ) 0 ), ( eNoAction ), 0 ); ( pxStreamBuffer )->xTaskWaitingToReceive = 0; } } ( void ) xTaskResumeAll();;
N		}
N		else
N		{
N			mtCOVERAGE_TEST_MARKER();
X			;
N		}
N	}
N	else
N	{
N		mtCOVERAGE_TEST_MARKER();
X		;
N		traceSTREAM_BUFFER_SEND_FAILED( xStreamBuffer );
X		;
N	}
N
N	return xReturn;
N}
N/*-----------------------------------------------------------*/
N
Nsize_t xStreamBufferSendFromISR( StreamBufferHandle_t xStreamBuffer,
N								 const void *pvTxData,
N								 size_t xDataLengthBytes,
N								 BaseType_t * const pxHigherPriorityTaskWoken )
N{
NStreamBuffer_t * const pxStreamBuffer = xStreamBuffer;
Nsize_t xReturn, xSpace;
Nsize_t xRequiredSpace = xDataLengthBytes;
N
N	configASSERT( pvTxData );
X	if ((pvTxData) == 0) {vPortRaiseBASEPRI(); for( ;; );};
N	configASSERT( pxStreamBuffer );
X	if ((pxStreamBuffer) == 0) {vPortRaiseBASEPRI(); for( ;; );};
N
N	/* This send function is used to write to both message buffers and stream
N	buffers.  If this is a message buffer then the space needed must be
N	increased by the amount of bytes needed to store the length of the
N	message. */
N	if( ( pxStreamBuffer->ucFlags & sbFLAGS_IS_MESSAGE_BUFFER ) != ( uint8_t ) 0 )
X	if( ( pxStreamBuffer->ucFlags & ( ( uint8_t ) 1 ) ) != ( uint8_t ) 0 )
N	{
N		xRequiredSpace += sbBYTES_TO_STORE_MESSAGE_LENGTH;
X		xRequiredSpace += ( sizeof( size_t ) );
N	}
N	else
N	{
N		mtCOVERAGE_TEST_MARKER();
X		;
N	}
N
N	xSpace = xStreamBufferSpacesAvailable( pxStreamBuffer );
N	xReturn = prvWriteMessageToBuffer( pxStreamBuffer, pvTxData, xDataLengthBytes, xSpace, xRequiredSpace );
N
N	if( xReturn > ( size_t ) 0 )
N	{
N		/* Was a task waiting for the data? */
N		if( prvBytesInBuffer( pxStreamBuffer ) >= pxStreamBuffer->xTriggerLevelBytes )
N		{
N			sbSEND_COMPLETE_FROM_ISR( pxStreamBuffer, pxHigherPriorityTaskWoken );
X			{ UBaseType_t uxSavedInterruptStatus; uxSavedInterruptStatus = ( UBaseType_t ) ulPortRaiseBASEPRI(); { if( ( pxStreamBuffer )->xTaskWaitingToReceive != 0 ) { ( void ) xTaskGenericNotifyFromISR( ( ( pxStreamBuffer )->xTaskWaitingToReceive ), ( ( uint32_t ) 0 ), ( eNoAction ), 0, ( pxHigherPriorityTaskWoken ) ); ( pxStreamBuffer )->xTaskWaitingToReceive = 0; } } vPortSetBASEPRI(uxSavedInterruptStatus); };
N		}
N		else
N		{
N			mtCOVERAGE_TEST_MARKER();
X			;
N		}
N	}
N	else
N	{
N		mtCOVERAGE_TEST_MARKER();
X		;
N	}
N
N	traceSTREAM_BUFFER_SEND_FROM_ISR( xStreamBuffer, xReturn );
X	;
N
N	return xReturn;
N}
N/*-----------------------------------------------------------*/
N
Nstatic size_t prvWriteMessageToBuffer( StreamBuffer_t * const pxStreamBuffer,
N									   const void * pvTxData,
N									   size_t xDataLengthBytes,
N									   size_t xSpace,
N									   size_t xRequiredSpace )
N{
N	BaseType_t xShouldWrite;
N	size_t xReturn;
N
N	if( xSpace == ( size_t ) 0 )
N	{
N		/* Doesn't matter if this is a stream buffer or a message buffer, there
N		is no space to write. */
N		xShouldWrite = pdFALSE;
X		xShouldWrite = ( ( BaseType_t ) 0 );
N	}
N	else if( ( pxStreamBuffer->ucFlags & sbFLAGS_IS_MESSAGE_BUFFER ) == ( uint8_t ) 0 )
X	else if( ( pxStreamBuffer->ucFlags & ( ( uint8_t ) 1 ) ) == ( uint8_t ) 0 )
N	{
N		/* This is a stream buffer, as opposed to a message buffer, so writing a
N		stream of bytes rather than discrete messages.  Write as many bytes as
N		possible. */
N		xShouldWrite = pdTRUE;
X		xShouldWrite = ( ( BaseType_t ) 1 );
N		xDataLengthBytes = configMIN( xDataLengthBytes, xSpace );
X		xDataLengthBytes = ( ( ( xDataLengthBytes ) < ( xSpace ) ) ? ( xDataLengthBytes ) : ( xSpace ) );
N	}
N	else if( xSpace >= xRequiredSpace )
N	{
N		/* This is a message buffer, as opposed to a stream buffer, and there
N		is enough space to write both the message length and the message itself
N		into the buffer.  Start by writing the length of the data, the data
N		itself will be written later in this function. */
N		xShouldWrite = pdTRUE;
X		xShouldWrite = ( ( BaseType_t ) 1 );
N		( void ) prvWriteBytesToBuffer( pxStreamBuffer, ( const uint8_t * ) &( xDataLengthBytes ), sbBYTES_TO_STORE_MESSAGE_LENGTH );
X		( void ) prvWriteBytesToBuffer( pxStreamBuffer, ( const uint8_t * ) &( xDataLengthBytes ), ( sizeof( size_t ) ) );
N	}
N	else
N	{
N		/* There is space available, but not enough space. */
N		xShouldWrite = pdFALSE;
X		xShouldWrite = ( ( BaseType_t ) 0 );
N	}
N
N	if( xShouldWrite != pdFALSE )
X	if( xShouldWrite != ( ( BaseType_t ) 0 ) )
N	{
N		/* Writes the data itself. */
N		xReturn = prvWriteBytesToBuffer( pxStreamBuffer, ( const uint8_t * ) pvTxData, xDataLengthBytes ); /*lint !e9079 Storage buffer is implemented as uint8_t for ease of sizing, alighment and access. */
N	}
N	else
N	{
N		xReturn = 0;
N	}
N
N	return xReturn;
N}
N/*-----------------------------------------------------------*/
N
Nsize_t xStreamBufferReceive( StreamBufferHandle_t xStreamBuffer,
N							 void *pvRxData,
N							 size_t xBufferLengthBytes,
N							 TickType_t xTicksToWait )
N{
NStreamBuffer_t * const pxStreamBuffer = xStreamBuffer;
Nsize_t xReceivedLength = 0, xBytesAvailable, xBytesToStoreMessageLength;
N
N	configASSERT( pvRxData );
X	if ((pvRxData) == 0) {vPortRaiseBASEPRI(); for( ;; );};
N	configASSERT( pxStreamBuffer );
X	if ((pxStreamBuffer) == 0) {vPortRaiseBASEPRI(); for( ;; );};
N
N	/* This receive function is used by both message buffers, which store
N	discrete messages, and stream buffers, which store a continuous stream of
N	bytes.  Discrete messages include an additional
N	sbBYTES_TO_STORE_MESSAGE_LENGTH bytes that hold the length of the
N	message. */
N	if( ( pxStreamBuffer->ucFlags & sbFLAGS_IS_MESSAGE_BUFFER ) != ( uint8_t ) 0 )
X	if( ( pxStreamBuffer->ucFlags & ( ( uint8_t ) 1 ) ) != ( uint8_t ) 0 )
N	{
N		xBytesToStoreMessageLength = sbBYTES_TO_STORE_MESSAGE_LENGTH;
X		xBytesToStoreMessageLength = ( sizeof( size_t ) );
N	}
N	else
N	{
N		xBytesToStoreMessageLength = 0;
N	}
N
N	if( xTicksToWait != ( TickType_t ) 0 )
N	{
N		/* Checking if there is data and clearing the notification state must be
N		performed atomically. */
N		taskENTER_CRITICAL();
X		vPortEnterCritical();
N		{
N			xBytesAvailable = prvBytesInBuffer( pxStreamBuffer );
N
N			/* If this function was invoked by a message buffer read then
N			xBytesToStoreMessageLength holds the number of bytes used to hold
N			the length of the next discrete message.  If this function was
N			invoked by a stream buffer read then xBytesToStoreMessageLength will
N			be 0. */
N			if( xBytesAvailable <= xBytesToStoreMessageLength )
N			{
N				/* Clear notification state as going to wait for data. */
N				( void ) xTaskNotifyStateClear( NULL );
X				( void ) xTaskNotifyStateClear( 0 );
N
N				/* Should only be one reader. */
N				configASSERT( pxStreamBuffer->xTaskWaitingToReceive == NULL );
X				if ((pxStreamBuffer->xTaskWaitingToReceive == 0) == 0) {vPortRaiseBASEPRI(); for( ;; );};
N				pxStreamBuffer->xTaskWaitingToReceive = xTaskGetCurrentTaskHandle();
N			}
N			else
N			{
N				mtCOVERAGE_TEST_MARKER();
X				;
N			}
N		}
N		taskEXIT_CRITICAL();
X		vPortExitCritical();
N
N		if( xBytesAvailable <= xBytesToStoreMessageLength )
N		{
N			/* Wait for data to be available. */
N			traceBLOCKING_ON_STREAM_BUFFER_RECEIVE( xStreamBuffer );
X			;
N			( void ) xTaskNotifyWait( ( uint32_t ) 0, ( uint32_t ) 0, NULL, xTicksToWait );
X			( void ) xTaskNotifyWait( ( uint32_t ) 0, ( uint32_t ) 0, 0, xTicksToWait );
N			pxStreamBuffer->xTaskWaitingToReceive = NULL;
X			pxStreamBuffer->xTaskWaitingToReceive = 0;
N
N			/* Recheck the data available after blocking. */
N			xBytesAvailable = prvBytesInBuffer( pxStreamBuffer );
N		}
N		else
N		{
N			mtCOVERAGE_TEST_MARKER();
X			;
N		}
N	}
N	else
N	{
N		xBytesAvailable = prvBytesInBuffer( pxStreamBuffer );
N	}
N
N	/* Whether receiving a discrete message (where xBytesToStoreMessageLength
N	holds the number of bytes used to store the message length) or a stream of
N	bytes (where xBytesToStoreMessageLength is zero), the number of bytes
N	available must be greater than xBytesToStoreMessageLength to be able to
N	read bytes from the buffer. */
N	if( xBytesAvailable > xBytesToStoreMessageLength )
N	{
N		xReceivedLength = prvReadMessageFromBuffer( pxStreamBuffer, pvRxData, xBufferLengthBytes, xBytesAvailable, xBytesToStoreMessageLength );
N
N		/* Was a task waiting for space in the buffer? */
N		if( xReceivedLength != ( size_t ) 0 )
N		{
N			traceSTREAM_BUFFER_RECEIVE( xStreamBuffer, xReceivedLength );
X			;
N			sbRECEIVE_COMPLETED( pxStreamBuffer );
X			vTaskSuspendAll(); { if( ( pxStreamBuffer )->xTaskWaitingToSend != 0 ) { ( void ) xTaskGenericNotify( ( ( pxStreamBuffer )->xTaskWaitingToSend ), ( ( uint32_t ) 0 ), ( eNoAction ), 0 ); ( pxStreamBuffer )->xTaskWaitingToSend = 0; } } ( void ) xTaskResumeAll();;
N		}
N		else
N		{
N			mtCOVERAGE_TEST_MARKER();
X			;
N		}
N	}
N	else
N	{
N		traceSTREAM_BUFFER_RECEIVE_FAILED( xStreamBuffer );
X		;
N		mtCOVERAGE_TEST_MARKER();
X		;
N	}
N
N	return xReceivedLength;
N}
N/*-----------------------------------------------------------*/
N
Nsize_t xStreamBufferNextMessageLengthBytes( StreamBufferHandle_t xStreamBuffer )
N{
NStreamBuffer_t * const pxStreamBuffer = xStreamBuffer;
Nsize_t xReturn, xBytesAvailable, xOriginalTail;
NconfigMESSAGE_BUFFER_LENGTH_TYPE xTempReturn;
Xsize_t xTempReturn;
N
N	configASSERT( pxStreamBuffer );
X	if ((pxStreamBuffer) == 0) {vPortRaiseBASEPRI(); for( ;; );};
N
N	/* Ensure the stream buffer is being used as a message buffer. */
N	if( ( pxStreamBuffer->ucFlags & sbFLAGS_IS_MESSAGE_BUFFER ) != ( uint8_t ) 0 )
X	if( ( pxStreamBuffer->ucFlags & ( ( uint8_t ) 1 ) ) != ( uint8_t ) 0 )
N	{
N		xBytesAvailable = prvBytesInBuffer( pxStreamBuffer );
N		if( xBytesAvailable > sbBYTES_TO_STORE_MESSAGE_LENGTH )
X		if( xBytesAvailable > ( sizeof( size_t ) ) )
N		{
N			/* The number of bytes available is greater than the number of bytes
N			required to hold the length of the next message, so another message
N			is available.  Return its length without removing the length bytes
N			from the buffer.  A copy of the tail is stored so the buffer can be
N			returned to its prior state as the message is not actually being
N			removed from the buffer. */
N			xOriginalTail = pxStreamBuffer->xTail;
N			( void ) prvReadBytesFromBuffer( pxStreamBuffer, ( uint8_t * ) &xTempReturn, sbBYTES_TO_STORE_MESSAGE_LENGTH, xBytesAvailable );
X			( void ) prvReadBytesFromBuffer( pxStreamBuffer, ( uint8_t * ) &xTempReturn, ( sizeof( size_t ) ), xBytesAvailable );
N			xReturn = ( size_t ) xTempReturn;
N			pxStreamBuffer->xTail = xOriginalTail;
N		}
N		else
N		{
N			/* The minimum amount of bytes in a message buffer is
N			( sbBYTES_TO_STORE_MESSAGE_LENGTH + 1 ), so if xBytesAvailable is
N			less than sbBYTES_TO_STORE_MESSAGE_LENGTH the only other valid
N			value is 0. */
N			configASSERT( xBytesAvailable == 0 );
X			if ((xBytesAvailable == 0) == 0) {vPortRaiseBASEPRI(); for( ;; );};
N			xReturn = 0;
N		}
N	}
N	else
N	{
N		xReturn = 0;
N	}
N
N	return xReturn;
N}
N/*-----------------------------------------------------------*/
N
Nsize_t xStreamBufferReceiveFromISR( StreamBufferHandle_t xStreamBuffer,
N									void *pvRxData,
N									size_t xBufferLengthBytes,
N									BaseType_t * const pxHigherPriorityTaskWoken )
N{
NStreamBuffer_t * const pxStreamBuffer = xStreamBuffer;
Nsize_t xReceivedLength = 0, xBytesAvailable, xBytesToStoreMessageLength;
N
N	configASSERT( pvRxData );
X	if ((pvRxData) == 0) {vPortRaiseBASEPRI(); for( ;; );};
N	configASSERT( pxStreamBuffer );
X	if ((pxStreamBuffer) == 0) {vPortRaiseBASEPRI(); for( ;; );};
N
N	/* This receive function is used by both message buffers, which store
N	discrete messages, and stream buffers, which store a continuous stream of
N	bytes.  Discrete messages include an additional
N	sbBYTES_TO_STORE_MESSAGE_LENGTH bytes that hold the length of the
N	message. */
N	if( ( pxStreamBuffer->ucFlags & sbFLAGS_IS_MESSAGE_BUFFER ) != ( uint8_t ) 0 )
X	if( ( pxStreamBuffer->ucFlags & ( ( uint8_t ) 1 ) ) != ( uint8_t ) 0 )
N	{
N		xBytesToStoreMessageLength = sbBYTES_TO_STORE_MESSAGE_LENGTH;
X		xBytesToStoreMessageLength = ( sizeof( size_t ) );
N	}
N	else
N	{
N		xBytesToStoreMessageLength = 0;
N	}
N
N	xBytesAvailable = prvBytesInBuffer( pxStreamBuffer );
N
N	/* Whether receiving a discrete message (where xBytesToStoreMessageLength
N	holds the number of bytes used to store the message length) or a stream of
N	bytes (where xBytesToStoreMessageLength is zero), the number of bytes
N	available must be greater than xBytesToStoreMessageLength to be able to
N	read bytes from the buffer. */
N	if( xBytesAvailable > xBytesToStoreMessageLength )
N	{
N		xReceivedLength = prvReadMessageFromBuffer( pxStreamBuffer, pvRxData, xBufferLengthBytes, xBytesAvailable, xBytesToStoreMessageLength );
N
N		/* Was a task waiting for space in the buffer? */
N		if( xReceivedLength != ( size_t ) 0 )
N		{
N			sbRECEIVE_COMPLETED_FROM_ISR( pxStreamBuffer, pxHigherPriorityTaskWoken );
X			{ UBaseType_t uxSavedInterruptStatus; uxSavedInterruptStatus = ( UBaseType_t ) ulPortRaiseBASEPRI(); { if( ( pxStreamBuffer )->xTaskWaitingToSend != 0 ) { ( void ) xTaskGenericNotifyFromISR( ( ( pxStreamBuffer )->xTaskWaitingToSend ), ( ( uint32_t ) 0 ), ( eNoAction ), 0, ( pxHigherPriorityTaskWoken ) ); ( pxStreamBuffer )->xTaskWaitingToSend = 0; } } vPortSetBASEPRI(uxSavedInterruptStatus); };
N		}
N		else
N		{
N			mtCOVERAGE_TEST_MARKER();
X			;
N		}
N	}
N	else
N	{
N		mtCOVERAGE_TEST_MARKER();
X		;
N	}
N
N	traceSTREAM_BUFFER_RECEIVE_FROM_ISR( xStreamBuffer, xReceivedLength );
X	;
N
N	return xReceivedLength;
N}
N/*-----------------------------------------------------------*/
N
Nstatic size_t prvReadMessageFromBuffer( StreamBuffer_t *pxStreamBuffer,
N										void *pvRxData,
N										size_t xBufferLengthBytes,
N										size_t xBytesAvailable,
N										size_t xBytesToStoreMessageLength )
N{
Nsize_t xOriginalTail, xReceivedLength, xNextMessageLength;
NconfigMESSAGE_BUFFER_LENGTH_TYPE xTempNextMessageLength;
Xsize_t xTempNextMessageLength;
N
N	if( xBytesToStoreMessageLength != ( size_t ) 0 )
N	{
N		/* A discrete message is being received.  First receive the length
N		of the message.  A copy of the tail is stored so the buffer can be
N		returned to its prior state if the length of the message is too
N		large for the provided buffer. */
N		xOriginalTail = pxStreamBuffer->xTail;
N		( void ) prvReadBytesFromBuffer( pxStreamBuffer, ( uint8_t * ) &xTempNextMessageLength, xBytesToStoreMessageLength, xBytesAvailable );
N		xNextMessageLength = ( size_t ) xTempNextMessageLength;
N
N		/* Reduce the number of bytes available by the number of bytes just
N		read out. */
N		xBytesAvailable -= xBytesToStoreMessageLength;
N
N		/* Check there is enough space in the buffer provided by the
N		user. */
N		if( xNextMessageLength > xBufferLengthBytes )
N		{
N			/* The user has provided insufficient space to read the message
N			so return the buffer to its previous state (so the length of
N			the message is in the buffer again). */
N			pxStreamBuffer->xTail = xOriginalTail;
N			xNextMessageLength = 0;
N		}
N		else
N		{
N			mtCOVERAGE_TEST_MARKER();
X			;
N		}
N	}
N	else
N	{
N		/* A stream of bytes is being received (as opposed to a discrete
N		message), so read as many bytes as possible. */
N		xNextMessageLength = xBufferLengthBytes;
N	}
N
N	/* Read the actual data. */
N	xReceivedLength = prvReadBytesFromBuffer( pxStreamBuffer, ( uint8_t * ) pvRxData, xNextMessageLength, xBytesAvailable ); /*lint !e9079 Data storage area is implemented as uint8_t array for ease of sizing, indexing and alignment. */
N
N	return xReceivedLength;
N}
N/*-----------------------------------------------------------*/
N
NBaseType_t xStreamBufferIsEmpty( StreamBufferHandle_t xStreamBuffer )
N{
Nconst StreamBuffer_t * const pxStreamBuffer = xStreamBuffer;
NBaseType_t xReturn;
Nsize_t xTail;
N
N	configASSERT( pxStreamBuffer );
X	if ((pxStreamBuffer) == 0) {vPortRaiseBASEPRI(); for( ;; );};
N
N	/* True if no bytes are available. */
N	xTail = pxStreamBuffer->xTail;
N	if( pxStreamBuffer->xHead == xTail )
N	{
N		xReturn = pdTRUE;
X		xReturn = ( ( BaseType_t ) 1 );
N	}
N	else
N	{
N		xReturn = pdFALSE;
X		xReturn = ( ( BaseType_t ) 0 );
N	}
N
N	return xReturn;
N}
N/*-----------------------------------------------------------*/
N
NBaseType_t xStreamBufferIsFull( StreamBufferHandle_t xStreamBuffer )
N{
NBaseType_t xReturn;
Nsize_t xBytesToStoreMessageLength;
Nconst StreamBuffer_t * const pxStreamBuffer = xStreamBuffer;
N
N	configASSERT( pxStreamBuffer );
X	if ((pxStreamBuffer) == 0) {vPortRaiseBASEPRI(); for( ;; );};
N
N	/* This generic version of the receive function is used by both message
N	buffers, which store discrete messages, and stream buffers, which store a
N	continuous stream of bytes.  Discrete messages include an additional
N	sbBYTES_TO_STORE_MESSAGE_LENGTH bytes that hold the length of the message. */
N	if( ( pxStreamBuffer->ucFlags & sbFLAGS_IS_MESSAGE_BUFFER ) != ( uint8_t ) 0 )
X	if( ( pxStreamBuffer->ucFlags & ( ( uint8_t ) 1 ) ) != ( uint8_t ) 0 )
N	{
N		xBytesToStoreMessageLength = sbBYTES_TO_STORE_MESSAGE_LENGTH;
X		xBytesToStoreMessageLength = ( sizeof( size_t ) );
N	}
N	else
N	{
N		xBytesToStoreMessageLength = 0;
N	}
N
N	/* True if the available space equals zero. */
N	if( xStreamBufferSpacesAvailable( xStreamBuffer ) <= xBytesToStoreMessageLength )
N	{
N		xReturn = pdTRUE;
X		xReturn = ( ( BaseType_t ) 1 );
N	}
N	else
N	{
N		xReturn = pdFALSE;
X		xReturn = ( ( BaseType_t ) 0 );
N	}
N
N	return xReturn;
N}
N/*-----------------------------------------------------------*/
N
NBaseType_t xStreamBufferSendCompletedFromISR( StreamBufferHandle_t xStreamBuffer, BaseType_t *pxHigherPriorityTaskWoken )
N{
NStreamBuffer_t * const pxStreamBuffer = xStreamBuffer;
NBaseType_t xReturn;
NUBaseType_t uxSavedInterruptStatus;
N
N	configASSERT( pxStreamBuffer );
X	if ((pxStreamBuffer) == 0) {vPortRaiseBASEPRI(); for( ;; );};
N
N	uxSavedInterruptStatus = ( UBaseType_t ) portSET_INTERRUPT_MASK_FROM_ISR();
X	uxSavedInterruptStatus = ( UBaseType_t ) ulPortRaiseBASEPRI();
N	{
N		if( ( pxStreamBuffer )->xTaskWaitingToReceive != NULL )
X		if( ( pxStreamBuffer )->xTaskWaitingToReceive != 0 )
N		{
N			( void ) xTaskNotifyFromISR( ( pxStreamBuffer )->xTaskWaitingToReceive,
N										 ( uint32_t ) 0,
N										 eNoAction,
N										 pxHigherPriorityTaskWoken );
X			( void ) xTaskGenericNotifyFromISR( ( ( pxStreamBuffer )->xTaskWaitingToReceive ), ( ( uint32_t ) 0 ), ( eNoAction ), 0, ( pxHigherPriorityTaskWoken ) );
N			( pxStreamBuffer )->xTaskWaitingToReceive = NULL;
X			( pxStreamBuffer )->xTaskWaitingToReceive = 0;
N			xReturn = pdTRUE;
X			xReturn = ( ( BaseType_t ) 1 );
N		}
N		else
N		{
N			xReturn = pdFALSE;
X			xReturn = ( ( BaseType_t ) 0 );
N		}
N	}
N	portCLEAR_INTERRUPT_MASK_FROM_ISR( uxSavedInterruptStatus );
X	vPortSetBASEPRI(uxSavedInterruptStatus);
N
N	return xReturn;
N}
N/*-----------------------------------------------------------*/
N
NBaseType_t xStreamBufferReceiveCompletedFromISR( StreamBufferHandle_t xStreamBuffer, BaseType_t *pxHigherPriorityTaskWoken )
N{
NStreamBuffer_t * const pxStreamBuffer = xStreamBuffer;
NBaseType_t xReturn;
NUBaseType_t uxSavedInterruptStatus;
N
N	configASSERT( pxStreamBuffer );
X	if ((pxStreamBuffer) == 0) {vPortRaiseBASEPRI(); for( ;; );};
N
N	uxSavedInterruptStatus = ( UBaseType_t ) portSET_INTERRUPT_MASK_FROM_ISR();
X	uxSavedInterruptStatus = ( UBaseType_t ) ulPortRaiseBASEPRI();
N	{
N		if( ( pxStreamBuffer )->xTaskWaitingToSend != NULL )
X		if( ( pxStreamBuffer )->xTaskWaitingToSend != 0 )
N		{
N			( void ) xTaskNotifyFromISR( ( pxStreamBuffer )->xTaskWaitingToSend,
N										 ( uint32_t ) 0,
N										 eNoAction,
N										 pxHigherPriorityTaskWoken );
X			( void ) xTaskGenericNotifyFromISR( ( ( pxStreamBuffer )->xTaskWaitingToSend ), ( ( uint32_t ) 0 ), ( eNoAction ), 0, ( pxHigherPriorityTaskWoken ) );
N			( pxStreamBuffer )->xTaskWaitingToSend = NULL;
X			( pxStreamBuffer )->xTaskWaitingToSend = 0;
N			xReturn = pdTRUE;
X			xReturn = ( ( BaseType_t ) 1 );
N		}
N		else
N		{
N			xReturn = pdFALSE;
X			xReturn = ( ( BaseType_t ) 0 );
N		}
N	}
N	portCLEAR_INTERRUPT_MASK_FROM_ISR( uxSavedInterruptStatus );
X	vPortSetBASEPRI(uxSavedInterruptStatus);
N
N	return xReturn;
N}
N/*-----------------------------------------------------------*/
N
Nstatic size_t prvWriteBytesToBuffer( StreamBuffer_t * const pxStreamBuffer, const uint8_t *pucData, size_t xCount )
N{
Nsize_t xNextHead, xFirstLength;
N
N	configASSERT( xCount > ( size_t ) 0 );
X	if ((xCount > ( size_t ) 0) == 0) {vPortRaiseBASEPRI(); for( ;; );};
N
N	xNextHead = pxStreamBuffer->xHead;
N
N	/* Calculate the number of bytes that can be added in the first write -
N	which may be less than the total number of bytes that need to be added if
N	the buffer will wrap back to the beginning. */
N	xFirstLength = configMIN( pxStreamBuffer->xLength - xNextHead, xCount );
X	xFirstLength = ( ( ( pxStreamBuffer->xLength - xNextHead ) < ( xCount ) ) ? ( pxStreamBuffer->xLength - xNextHead ) : ( xCount ) );
N
N	/* Write as many bytes as can be written in the first write. */
N	configASSERT( ( xNextHead + xFirstLength ) <= pxStreamBuffer->xLength );
X	if ((( xNextHead + xFirstLength ) <= pxStreamBuffer->xLength) == 0) {vPortRaiseBASEPRI(); for( ;; );};
N	( void ) memcpy( ( void* ) ( &( pxStreamBuffer->pucBuffer[ xNextHead ] ) ), ( const void * ) pucData, xFirstLength ); /*lint !e9087 memcpy() requires void *. */
N
N	/* If the number of bytes written was less than the number that could be
N	written in the first write... */
N	if( xCount > xFirstLength )
N	{
N		/* ...then write the remaining bytes to the start of the buffer. */
N		configASSERT( ( xCount - xFirstLength ) <= pxStreamBuffer->xLength );
X		if ((( xCount - xFirstLength ) <= pxStreamBuffer->xLength) == 0) {vPortRaiseBASEPRI(); for( ;; );};
N		( void ) memcpy( ( void * ) pxStreamBuffer->pucBuffer, ( const void * ) &( pucData[ xFirstLength ] ), xCount - xFirstLength ); /*lint !e9087 memcpy() requires void *. */
N	}
N	else
N	{
N		mtCOVERAGE_TEST_MARKER();
X		;
N	}
N
N	xNextHead += xCount;
N	if( xNextHead >= pxStreamBuffer->xLength )
N	{
N		xNextHead -= pxStreamBuffer->xLength;
N	}
N	else
N	{
N		mtCOVERAGE_TEST_MARKER();
X		;
N	}
N
N	pxStreamBuffer->xHead = xNextHead;
N
N	return xCount;
N}
N/*-----------------------------------------------------------*/
N
Nstatic size_t prvReadBytesFromBuffer( StreamBuffer_t *pxStreamBuffer, uint8_t *pucData, size_t xMaxCount, size_t xBytesAvailable )
N{
Nsize_t xCount, xFirstLength, xNextTail;
N
N	/* Use the minimum of the wanted bytes and the available bytes. */
N	xCount = configMIN( xBytesAvailable, xMaxCount );
X	xCount = ( ( ( xBytesAvailable ) < ( xMaxCount ) ) ? ( xBytesAvailable ) : ( xMaxCount ) );
N
N	if( xCount > ( size_t ) 0 )
N	{
N		xNextTail = pxStreamBuffer->xTail;
N
N		/* Calculate the number of bytes that can be read - which may be
N		less than the number wanted if the data wraps around to the start of
N		the buffer. */
N		xFirstLength = configMIN( pxStreamBuffer->xLength - xNextTail, xCount );
X		xFirstLength = ( ( ( pxStreamBuffer->xLength - xNextTail ) < ( xCount ) ) ? ( pxStreamBuffer->xLength - xNextTail ) : ( xCount ) );
N
N		/* Obtain the number of bytes it is possible to obtain in the first
N		read.  Asserts check bounds of read and write. */
N		configASSERT( xFirstLength <= xMaxCount );
X		if ((xFirstLength <= xMaxCount) == 0) {vPortRaiseBASEPRI(); for( ;; );};
N		configASSERT( ( xNextTail + xFirstLength ) <= pxStreamBuffer->xLength );
X		if ((( xNextTail + xFirstLength ) <= pxStreamBuffer->xLength) == 0) {vPortRaiseBASEPRI(); for( ;; );};
N		( void ) memcpy( ( void * ) pucData, ( const void * ) &( pxStreamBuffer->pucBuffer[ xNextTail ] ), xFirstLength ); /*lint !e9087 memcpy() requires void *. */
N
N		/* If the total number of wanted bytes is greater than the number
N		that could be read in the first read... */
N		if( xCount > xFirstLength )
N		{
N			/*...then read the remaining bytes from the start of the buffer. */
N			configASSERT( xCount <= xMaxCount );
X			if ((xCount <= xMaxCount) == 0) {vPortRaiseBASEPRI(); for( ;; );};
N			( void ) memcpy( ( void * ) &( pucData[ xFirstLength ] ), ( void * ) ( pxStreamBuffer->pucBuffer ), xCount - xFirstLength ); /*lint !e9087 memcpy() requires void *. */
N		}
N		else
N		{
N			mtCOVERAGE_TEST_MARKER();
X			;
N		}
N
N		/* Move the tail pointer to effectively remove the data read from
N		the buffer. */
N		xNextTail += xCount;
N
N		if( xNextTail >= pxStreamBuffer->xLength )
N		{
N			xNextTail -= pxStreamBuffer->xLength;
N		}
N
N		pxStreamBuffer->xTail = xNextTail;
N	}
N	else
N	{
N		mtCOVERAGE_TEST_MARKER();
X		;
N	}
N
N	return xCount;
N}
N/*-----------------------------------------------------------*/
N
Nstatic size_t prvBytesInBuffer( const StreamBuffer_t * const pxStreamBuffer )
N{
N/* Returns the distance between xTail and xHead. */
Nsize_t xCount;
N
N	xCount = pxStreamBuffer->xLength + pxStreamBuffer->xHead;
N	xCount -= pxStreamBuffer->xTail;
N	if ( xCount >= pxStreamBuffer->xLength )
N	{
N		xCount -= pxStreamBuffer->xLength;
N	}
N	else
N	{
N		mtCOVERAGE_TEST_MARKER();
X		;
N	}
N
N	return xCount;
N}
N/*-----------------------------------------------------------*/
N
Nstatic void prvInitialiseNewStreamBuffer( StreamBuffer_t * const pxStreamBuffer,
N										  uint8_t * const pucBuffer,
N										  size_t xBufferSizeBytes,
N										  size_t xTriggerLevelBytes,
N										  uint8_t ucFlags )
N{
N	/* Assert here is deliberately writing to the entire buffer to ensure it can
N	be written to without generating exceptions, and is setting the buffer to a
N	known value to assist in development/debugging. */
N	#if( configASSERT_DEFINED == 1 )
X	#if( 1 == 1 )
N	{
N		/* The value written just has to be identifiable when looking at the
N		memory.  Don't use 0xA5 as that is the stack fill value and could
N		result in confusion as to what is actually being observed. */
N		const BaseType_t xWriteValue = 0x55;
N		configASSERT( memset( pucBuffer, ( int ) xWriteValue, xBufferSizeBytes ) == pucBuffer );
X		if ((memset( pucBuffer, ( int ) xWriteValue, xBufferSizeBytes ) == pucBuffer) == 0) {vPortRaiseBASEPRI(); for( ;; );};
N	} /*lint !e529 !e438 xWriteValue is only used if configASSERT() is defined. */
N	#endif
N
N	( void ) memset( ( void * ) pxStreamBuffer, 0x00, sizeof( StreamBuffer_t ) ); /*lint !e9087 memset() requires void *. */
N	pxStreamBuffer->pucBuffer = pucBuffer;
N	pxStreamBuffer->xLength = xBufferSizeBytes;
N	pxStreamBuffer->xTriggerLevelBytes = xTriggerLevelBytes;
N	pxStreamBuffer->ucFlags = ucFlags;
N}
N
N#if ( configUSE_TRACE_FACILITY == 1 )
X#if ( 1 == 1 )
N
N	UBaseType_t uxStreamBufferGetStreamBufferNumber( StreamBufferHandle_t xStreamBuffer )
N	{
N		return xStreamBuffer->uxStreamBufferNumber;
N	}
N
N#endif /* configUSE_TRACE_FACILITY */
N/*-----------------------------------------------------------*/
N
N#if ( configUSE_TRACE_FACILITY == 1 )
X#if ( 1 == 1 )
N
N	void vStreamBufferSetStreamBufferNumber( StreamBufferHandle_t xStreamBuffer, UBaseType_t uxStreamBufferNumber )
N	{
N		xStreamBuffer->uxStreamBufferNumber = uxStreamBufferNumber;
N	}
N
N#endif /* configUSE_TRACE_FACILITY */
N/*-----------------------------------------------------------*/
N
N#if ( configUSE_TRACE_FACILITY == 1 )
X#if ( 1 == 1 )
N
N	uint8_t ucStreamBufferGetStreamBufferType( StreamBufferHandle_t xStreamBuffer )
N	{
N		return ( xStreamBuffer->ucFlags & sbFLAGS_IS_MESSAGE_BUFFER );
X		return ( xStreamBuffer->ucFlags & ( ( uint8_t ) 1 ) );
N	}
N
N#endif /* configUSE_TRACE_FACILITY */
N/*-----------------------------------------------------------*/
