:020000040801F1
:10000000887801204D030108011401080914010832
:100010000D14010811140108151401080000000056
:100020000000000000000000000000008D02010838
:100030001914010800000000E9020108317B0208E0
:1000400067030108670301086703010867030108E4
:10005000670301081B14010867030108670301080F
:1000600067030108670301086703010867030108C4
:1000700067030108670301086703010867030108B4
:100080001D1401086703010827140108670301080C
:100090006703010867030108670301086703010894
:1000A00067030108311401086703010867030108A9
:1000B0006703010867030108670301086703010874
:1000C0006703010867030108670301086703010864
:1000D0006703010867030108670301086703010854
:1000E0006703010867030108670301086703010844
:1000F0003B14010845140108670301086703010860
:100100006703010867030108670301086703010823
:100110004F14010867030108591401086703010817
:1001200063140108670301086703010867030108F6
:1001300067030108000000000000000067030108D9
:100140006703010867030108670301086D140108CC
:1001500067030108670301086703010867030108D3
:1001600067030108670301086703010867030108C3
:100170006703010867030108000000000000000099
:10018000670301086703010800F002F800F06EF849
:100190000AA090E8000C82448344AAF10107DA45E2
:1001A00001D100F063F8AFF2090EBAE80F0013F0C6
:1001B000010F18BFFB1A43F0010318475043020018
:1001C000704302000A444FF0000C10F8013B13F09A
:1001D000070408BF10F8014B1D1108BF10F8015BA0
:1001E000641E05D010F8016B641E01F8016BF9D193
:1001F00013F0080F1EBF10F8014BAD1C0C1B09D1EA
:100200006D1E58BF01F801CBFAD505E014F8016B5B
:1002100001F8016B6D1EF9D59142D6D370470000ED
:100220000023002400250026103A28BF78C1FBD8FF
:10023000520728BF30C148BF0B607047642923F0C4
:100240008D82752923F08A82782923F0C38273294D
:1002500023F05285002070471FB523F007FE9DE86C
:10026000030023F08FFC1FBD10B510BD23F083FDEC
:100270001146FFF7F1FF00F0E4F823F0A1FD03B40D
:10028000FFF7F2FF03BC01F02EFA00002C4B1968B7
:100290000868B0E8F04F80F30988BFF36F8F4FF024
:1002A000000080F3118870470000000008480068D3
:1002B000006880F308884FF0000080F3148862B66D
:1002C00061B6BFF34F8FBFF36F8F00DF00BF00BF7A
:1002D00008ED00E0DFF80C00016841F470010160F6
:1002E000704700BF88ED00E0EFF30980BFF36F8F28
:1002F000134B1A681EF0100F08BF20ED108A20E97A
:10030000F04F106009B44FF0500080F31188BFF334
:100310004F8FBFF36F8F15F086FF4FF0000080F313
:10032000118809BC19680868B0E8F04F1EF0100F7A
:1003300008BFB0EC108A80F30988BFF36F8F704755
:1003400030000020EFF30580704700000948804727
:1003500009480047FEE7FEE7FEE7FEE7FEE7FEE7A7
:10036000FEE7FEE7FEE7FEE704480549054A064BBF
:1003700070470000D915010889010108883801205B
:1003800088780120885801208858012072B600BF63
:10039000FEE700B593B0302107A823F0ACFB142191
:1003A00002A823F0A8FB00BF00200190404800688D
:1003B00040F080503E4908600846006800F08050D8
:1003C000019000BF00BF00BF0020019039480068C5
:1003D00040F48040374908600846006800F48040D7
:1003E000019000BF00BF0120079000040890022088
:1003F0000D9041050E9119210F914FF4A8711091A4
:10040000022111910721129107A80AF081F908B180
:10041000FFF7BCFF0F200290022003900020049001
:100420004FF4A05005904FF480500690052102A88B
:100430000AF00AFC08B1FFF7A9FF0AF025FD13B086
:1004400000BD0BF038FEFFF7A4FF00F037F800F016
:1004500005FB00F041F900F061FA00F033FB00F019
:100460004CFC00F093FE00F0A8FE00F0BDFE00F092
:1004700023FA00F09FFB00F0EDFC00F00CFD00F013
:1004800062FD00F01EFD00F087FC19F015FA17F070
:100490005AFB00F012F917F095FB00BFFEE710B50C
:1004A000044605492068884201D10BF03FFE10BD8B
:1004B0004038024000700040001C004000B587B08A
:1004C000142102A823F017FB00BF002001907248FE
:1004D000006840F00400704908600846006800F0B9
:1004E0000400019000BF00BF00BF0020019008463B
:1004F000006840F0800008600846006800F0800056
:10050000019000BF00BF00BF0020019008460068B6
:1005100040F0010008600846006800F0010001900A
:1005200000BF00BF00BF002001900846006840F0F7
:10053000020008600846006800F00200019000BF59
:1005400000BF00BF002001900846006840F008008E
:1005500008600846006800F00800019000BF00BF76
:1005600000224FF61F414D480AF001FF002242F6DB
:10057000FC014B480AF0FBFE0122110348480AF037
:10058000F6FE00224FF4807146480AF0F0FE002289
:10059000042145480AF0EBFE4FF60E400290012080
:1005A0000390022004900020059002A93B480AF025
:1005B00051FD01200290039004900020059002A9B3
:1005C00036480AF047FD10200290012003900020D9
:1005D0000490059002A931480AF03CFD4FF40870E0
:1005E0000290002003900120049002A92B480AF0F9
:1005F00031FD44F20140029000200390012004905C
:1006000002A927480AF026FD02200290002003904C
:10061000049002A922480AF01DFD41F284000290D4
:100620000120039004900020059002A91C480AF0C4
:1006300011FD4FF40060029001200390002004900F
:10064000059002A916480AF005FD42F278000290D2
:1006500001200390022004900020059002A9104878
:100660000AF0F8FC4FF48070029001200390022001
:1006700004900020059002A90A480AF0EBFC04202F
:1006800002900120039004900020059002A90648E2
:100690000AF0E0FC07B000BD30380240000802401C
:1006A0000004024000000240000C024019F02DF945
:1006B00000BF012017F0BBFDFBE710B5044A002185
:1006C000AFF2170017F058FB0249086010BD000098
:1006D000783E0308000000201FB500200090019024
:1006E000029003906D486E4908604FF48030486076
:1006F00000216B488160012101610176002180F8B1
:100700002010C162674981620021C1600621C16178
:10071000012180F83010002141610BF060FE08B12A
:10072000FFF734FE05200090012001900620029082
:1007300069465B480CF009FB08B1FFF727FE06206D
:10074000009002200190694655480CF0FEFA08B16D
:10075000FFF71CFE072000900320019069465048D7
:100760000CF0F3FA08B1FFF711FE102000900420FE
:10077000019069464A480CF0E8FA08B1FFF706FE16
:100780001120009005200190694645480CF0DDFAE3
:1007900008B1FFF7FBFD122000900620019069468A
:1007A0003F480CF0D2FA08B1FFF7F0FD1FBD10B5BD
:1007B00086B00446142101A823F09DF9374920682A
:1007C000884251D100BF002000903748006840F4B3
:1007D0008070354908600846006800F48070009019
:1007E00000BF00BF00BF002000902F4814380068F1
:1007F00040F001002C49143908600846006800F0F8
:100800000100009000BF00BFE02001900320029093
:100810000020039001A925480AF01CFC2448254922
:10082000086000204860002122488160C1604FF4C8
:100830008061016149004161890081610021C161DC
:10084000016241620AF04CFE08B1FFF79FFD00BF54
:100850001848A063846300BF0022052112200BF01A
:100860004FFA12200BF08AFA06B010BD10B50446FC
:100870000A49206888420FD10B48006820F4807034
:1008800009490860E02109480AF0C7FCA06B0AF09A
:100890009BFE12200BF086FA10BD000000200140E4
:1008A000800100200100000F443802400000024097
:1008B00010640240C801002010B5154815490860B1
:1008C00008460CF0C6FF08B1FFF760FD10BD08B583
:1008D0000F4A016891420FD100BF002100910E49DB
:1008E000096841F480510C4A11601146096801F40D
:1008F0008051009100BF00BF08BD054A01689142C8
:1009000005D10549096821F48051034A11607047F7
:100910000030024004000020303802401CB50020A6
:100920000090019047484849086008460CF0F3FFE2
:1009300008B1FFF72BFD1420009000200190002249
:10094000694641480DF0AAF908B1FFF71FFD1CBD2B
:1009500010B586B00446142101A823F0CCF839491B
:100960002068884254D100BF0020009037480068BA
:1009700040F00050354908600846006800F000501B
:10098000009000BF00BF00BF002000902F4810382B
:10099000006840F001002D491039086008460068E1
:1009A00000F00100009000BF00BF10200190032064
:1009B00002900020039001A925480AF04BFB25482E
:1009C000254908604FF060604860402122488160FE
:1009D0000021C1604FF480610161490041618900DB
:1009E00081614911C1610021016241620AF078FD13
:1009F00008B1FFF7CBFC00BF1748A060846300BFBD
:100A00000022052136200BF07BF936200BF0B6F9D9
:100A100006B010BD10B504460A49206888420FD1BF
:100A20000A48006820F00050084908601021084872
:100A30000AF0F3FBA0680AF0C7FD36200BF0B2F90C
:100A400010BD000000740040280200204038024021
:100A500000000240886002403C02002008B500BF50
:100A6000002000901648006840F400101449086007
:100A70000846006800F40010009000BF00BF00BFEF
:100A8000002000900846006840F480000860084696
:100A9000006800F48000009000BF00BF0022052124
:100AA00010200BF02DF910200BF068F90022052121
:100AB00038200BF025F938200BF060F908BD000054
:100AC0003038024010B5364836490860364848602C
:100AD000002134488160C1604FF4804101610021F0
:100AE00041618161C16101620DF0F9F908B1FFF75F
:100AF0004DFC10BD10B586B00446142101A822F0AB
:100B0000FAFF2749206888422FD100BF00200090BB
:100B10002648006840F00200244908600846006842
:100B200000F00200009000BF00BF4FF44070019041
:100B3000122002900120039004900420059001A946
:100B40001B480AF087FA00BF0020009017481030B9
:100B5000006840F40010154910310860084600682C
:100B600000F40010009000BF00BF06B010BD10B52B
:100B700004460B492068884210D10C4810300068A8
:100B800020F40010094910310860891508480AF05E
:100B900044FB4FF4007106480AF03FFB10BD000013
:100BA000005400409C020020A08601003038024022
:100BB0000004024010B5154815490860084611F0B8
:100BC000C8FC08B1FFF7E2FB10BD08B50F4A016889
:100BD00091420FD100BF002100910E49096841F0F8
:100BE00040010C4A11601146096801F04001009172
:100BF00000BF00BF08BD054A0168914205D1054903
:100C0000096821F04001034A11607047000806504E
:100C1000F00200203438024010B586B0044614219A
:100C200001A822F068FF2068B0F1804F1ED100BFFC
:100C300000200090FE48006840F00100FC49086078
:100C40000846006800F00100009000BF00BF4FF4AC
:100C500000400190022002900390002004900120A7
:100C6000059001A9F3480AF0F5F944E0F24920683B
:100C700088421ED100BF00200090ED48006840F07F
:100C80000400EB4908600846006800F0040000908A
:100C900000BF00BF4FF4E0700190022002900020DE
:100CA000039004900220059001A9E4480AF0D2F9CB
:100CB00021E0E349206888421DD100BF0020009058
:100CC000DB48006840F00200D94908600846006827
:100CD00000F00200009000BF00BF4FF40040019000
:100CE000022002900020039004900920059001A9A1
:100CF000D4480AF0AFF906B010BD00B58DB00020A1
:100D000009900A900B900C90079008901C2168465F
:100D100022F0F1FE4FF08040CB490860602048602F
:100D20000021C948816041F28831C1600021016120
:100D30008021816100F0B6FF08B1FFF727FB4FF477
:100D40008050099009A9C04804F0F7FB08B1FFF7EB
:100D50001DFBBD4801F039FE08B1FFF717FB00206D
:100D60000790089007A9B84806F0AFF808B1FFF758
:100D70000DFB602000900020019002900490002262
:100D80006946B14803F034FF08B1FFF7FFFAAE48F7
:100D9000FFF742FF0DB000BD00B58DB000200990F7
:100DA0000A900B900C90079008901C21684622F046
:100DB000A2FEA148A54908604FF496504860002162
:100DC000A24881606421C1600021016180218161AC
:100DD00000F068FF08B1FFF7D9FA4FF4805009908E
:100DE00009A99A4804F0A9FB08B1FFF7CFFA974880
:100DF00001F0EBFD08B1FFF7C9FA00200790089059
:100E000007A9924806F061F808B1FFF7BFFA602021
:100E100000900020019002900490002269468B48C7
:100E200003F0E6FE08B1FFF7B1FA042269468748ED
:100E300003F0DEFE08B1FFF7A9FA082269468348ED
:100E400003F0D6FE08B1FFF7A1FA8048FFF7E4FEF1
:100E50000DB000BD1CB50020009001907C487D497C
:100E600008600A20486000217A4881601E21C16024
:100E70008021816100F016FF08B1FFF787FA20207A
:100E80000090002001906946724806F01EF808B1F3
:100E9000FFF77CFA1CBD10B56F4870490860A820A8
:100EA000486000216D4881604FF47A71C160002173
:100EB00001618021816100F0F5FE08B1FFF766FA5B
:100EC00010BD00B58BB000200790089009900A90E3
:100ED0001C21684622F00FFE5948614908602E2007
:100EE000486000215E4881606421C1604FF48071D8
:100EF00001618021816100F0D5FE08B1FFF746FA5B
:100F00004FF48050079007A9554804F016FB08B12C
:100F1000FFF73CFA524801F058FD08B1FFF736FAE6
:100F20006020009000200190029004900422694605
:100F30004B4803F05DFE08B1FFF728FA4848FFF779
:100F40006BFE0BB000BD10B5464847490860542001
:100F500048600021444881604FF47A71C1600021EB
:100F600001618021816100F09DFE08B1FFF70EFA5A
:100F700010BD38B504462068B0F1804F11D100BFD4
:100F8000002000902A481030006840F001002849F5
:100F9000103108600846006800F00100009000BFB2
:100FA0009AE025492068884211D100BF00200090B6
:100FB0001F481030006840F002001D4910310860E1
:100FC0000846006800F00200009000BF84E020495D
:100FD0002068884211D100BF0020009014481030D2
:100FE000006840F02000124910310860084600688F
:100FF00000F02000009000BF6EE017492068884292
:101000003AD100BF0020009009481430006840F435
:1010100000300749143108600846006800F40030C9
:10102000009000BF00BF0022052119201EE0000033
:101030003038024000000240000400400008024036
:101040000018004000040240000300204803002074
:10105000001400409003002000440140D803002009
:101060002004002000200040680400200AF048FE10
:1010700019200AF083FE2FE03E49206888420FD1F4
:1010800000BF002000903C48006840F040003A4912
:1010900008600846006800F04000009000BF1BE0B8
:1010A00036492068884217D100BF0020009032489E
:1010B000006840F48070304908600846006800F419
:1010C0008070009000BF00BF002205212D200AF093
:1010D00017FE2D200AF052FE38BD10B504462068D8
:1010E000B0F1804F06D12448006820F00100224969
:1010F00008603DE022492068884206D11E48006809
:1011000020F002001C49086032E01E492068884235
:1011100006D11948006820F020001749086027E030
:101120001949206888420BD11348001D006820F43B
:1011300000301149091D086019200AF033FE17E03C
:101140000C492068884206D10B48006820F0400016
:10115000094908600CE009492068884208D106481E
:10116000006820F48070044908602D200AF01AFEFF
:1011700010BD000000180040403802400020004030
:1011800000040040001400400044014010B59448A1
:10119000944908604FF4E130486000219148816033
:1011A000C16001610C21416100218161C16111F0C7
:1011B000E5FB08B1FFF7EAF810BD10B58A488B4986
:1011C00008604FF4E1304860002188488160C160C8
:1011D00001610C21416100218161C16111F0CEFBEF
:1011E00008B1FFF7D3F810BD10B5814881490860F8
:1011F0004FF4E130486000217E488160C1600161A8
:101200000C21416100218161C16111F0B7FB08B17E
:10121000FFF7BCF810BD10B586B00446142101A834
:1012200022F069FC6E492068884237D100BF002057
:1012300000907148006840F400206F49086008463B
:10124000006800F40020009000BF00BF00BF002035
:10125000009069481038006840F001006649103974
:1012600008600846006800F00100009000BF00BF61
:101270000320019002200290039000200490082097
:10128000059001A95D4809F0E5FE00220521342002
:101290000AF036FD34200AF071FD69E052492068F9
:1012A000884232D100BF002000905348001D0068E2
:1012B00040F010005049091D08600846006800F021
:1012C0001000009000BF00BF00BF002000904A48FF
:1012D0001038006840F0010047491039086008469E
:1012E000006800F00100009000BF00BF4FF4C06034
:1012F00001900220029000200390049007200590A6
:1013000001A93E4809F0A6FE32E03949206888422A
:101310002ED100BF002000903748006840F4003014
:10132000354908600846006800F40030009000BFAE
:1013300000BF00BF002000902F481038006840F028
:1013400001002D49103908600846006800F00100CE
:10135000009000BF00BF0C2001900220029003907B
:10136000012004900720059001A9244809F072FE8D
:1013700006B010BD10B504461949206888420DD149
:101380001D48006820F400201B49086003211B4809
:1013900009F043FF34200AF005FD1FE012492068E0
:1013A00088420DD11448001D006820F01000124939
:1013B000091D08604FF4C061104809F02EFF0DE0D0
:1013C0000B492068884209D10B48006820F400309E
:1013D000094908600C21094809F01FFF10BD0000F1
:1013E000004C0040B004002000100140F804002030
:1013F0000044004040050020403802400000024008
:1014000009F015FE00BFFEE700BFFEE700BFFEE7E4
:1014100000BFFEE700BFFEE77047704710B51648F3
:101420000AF0B7FA10BD10B514480BF06EFA10BDF3
:1014300010B5134803F01EF910BD10B5114803F0A4
:1014400019F910BD10B5104803F014F910BD10B50E
:101450000E4812F090FC10BD10B50D480CF0BBFB0F
:1014600010BD10B50B480AF094FA10BD10B50A482B
:1014700007F0F0F910BD00003C02002080010020C0
:10148000D80300208805002068040020B004002054
:1014900028020020C80100200434012008B500BF44
:1014A000002000901548006840F48040134908600F
:1014B0000846006800F48040009000BF00BF00BFF5
:1014C00000200090081F006840F08050091F08604D
:1014D0000846006800F08050009000BF00BF002266
:1014E0000F21901E0AF00CFC0022052108460AF08C
:1014F00007FC05200AF042FC08BD00004438024009
:101500002DE9F04188B004460027B84600BF00200E
:1015100001902C48006840F080002A490860084685
:10152000006800F08000019000BF00BF02A903A87E
:1015300009F05BFD069F1FB909F0B1FC054602E00A
:1015400009F0ADFC45002048B5FBF0F0A0F1010822
:101550001E481F49086040F2E7311D48C160C0F8CD
:101560000480002101618160816100F09BFB0646DF
:1015700096B9174800F05EFC06466EB92C200AF0BA
:10158000FDFB102C07D2002221462C200AF0B8FBCC
:101590001048046000E00126304608B0BDE8F08144
:1015A0000B480068C06820F0010009490968C8605C
:1015B000704707480068C06840F0010004490968A6
:1015C000C86070474038024040420F00001C004095
:1015D00088050020280000203048006840F4700092
:1015E0002E4908604FF000602C4980390860704730
:1015F00070B500200022022300240221284D2D680E
:1016000005F00C0020B1042806D0082834D107E0EA
:10161000244D254E356033E0244D234E35602FE0B8
:101620001F4D2D1F2D68C5F380541D4D2D1F2D6896
:1016300005F03F0154B11D4DB5FBF1F5184E361FB5
:101640003668C6F3881605FB06F209E0154DB5FBB2
:10165000F1F5134E361F3668C6F3881605FB06F201
:101660000F4D2D1F2D68C5F301456D1C6B00B2FB9E
:10167000F3F50D4E356003E00A4D0B4E356000BFAB
:1016800000BF074D2D68C5F30315094E705D064D6B
:101690002D68C540044E356070BD000088ED00E047
:1016A000083802400024F4000C00002040787D013E
:1016B0009C3E030838B504460D46E0B200904FF456
:1016C0007A73012269460A4811F008FB204638BDAA
:1016D00038B50446642301226946054811F05DFBD4
:1016E0009DF8000038BD00BF704700BF7047000084
:1016F000F804002010B500209C49087060219C4827
:1017000022F0D7F960219B4822F0D3F93022984982
:1017100099480BF0FFF9994B0D2299A19FA021F058
:10172000E7FF10BDA54A0168914202D10121A44AF8
:101730001170704730B587B000BFA148007800280D
:10174000FBD000209E4908708848007800287DD191
:1017500089480BF0B6FA3022864987480BF0DAF94F
:10176000012082490870182101A822F0C4F9002440
:1017700015E000250FE001A850F8240005EB450115
:1017800004EB41017A4A32F81110084401A941F8EA
:101790002400681CC5B2082DEDDB601CC4B2062C09
:1017A000E7DB9DED010AB8EE400AF2EE000A80EE9A
:1017B000201ABCEEC10A10EE100A00B28149A1F84D
:1017C000660A9DED020AB8EE400AF2EE000A80EECB
:1017D000201ABCEEC10A10EE100A00B2A1F8680A85
:1017E0009DED030AB8EE400AF2EE000A80EE201AE0
:1017F000BCEEC10A10EE100A00B2A1F86A0A9DED13
:10180000040AB8EE400AF2EE000A80EE201ABCEE9E
:10181000C10A10EE100A00B2A1F86C0A9DED050A8B
:10182000B8EE400AF2EE000A80EE201ABCEEC10AC1
:1018300010EE100A00B2A1F86E0A9DED060AB8EE8D
:10184000400AF2EE000A80EE201A00E007E0BCEE4B
:10185000C10A10EE100A00B2A1F8700A83E04648EF
:101860000BF02FFA3022424943480BF053F9002085
:101870003E490870182101A822F03DF9002415E026
:1018800000250FE001A850F8240005EB450104EB0A
:101890004101384A32F81110084401A941F82400E6
:1018A000681CC5B2082DEDDB601CC4B2062CE7DB5A
:1018B0009DED010AB8EE400AF2EE000A80EE201A11
:1018C000BCEEC10A10EE100A00B23E49A1F8660A49
:1018D0009DED020AB8EE400AF2EE000A80EE201AF0
:1018E000BCEEC10A10EE100A00B2A1F8680A9DED24
:1018F000030AB8EE400AF2EE000A80EE201ABCEEAF
:10190000C10A10EE100A00B2A1F86A0A9DED040A9D
:10191000B8EE400AF2EE000A80EE201ABCEEC10AD0
:1019200010EE100A00B2A1F86C0A9DED050AB8EE9F
:10193000400AF2EE000A80EE201ABCEEC10A10EE58
:10194000100A00B2A1F86E0A9DED060AB8EE400A30
:10195000F2EE000A80EE201ABCEEC10A10EE100A68
:1019600000B2A1F8700A07B030BD000018000020D6
:10197000B03C0020103D002080010020B43E030850
:101980002E2E5C2E2E5C73506C63506F72745C73E1
:10199000506C634164632E630000000025732C25A6
:1019A000642C25733A7374617274206164632069D6
:1019B0006E69742E2E2E2E2E2E0A0000002001405D
:1019C00019000020D00500200020414948800880EF
:1019D0004049086040490880704701463C4B1B88DD
:1019E000581CC31700EB13531B13A0EB03339AB21D
:1019F00037484088904205D035480388001DC154BF
:101A0000001F02807047014631484088304A1288E2
:101A100090420FD02E484288001D805C08702C4AEE
:101A20005288501CC21700EB12521213A0EB023264
:101A3000274B5A8070472648008800F58050244A7A
:101A40005288811AC81701EB10500013A1EB003027
:101A500080B27047F8B504460D460026002000907D
:101A60002FE06846FFF7CFFF1B48008820B99DF89C
:101A70000000EE2800D024E017480088A84208DAC9
:101A80009DF80010144802880088401C124B1880F2
:101A9000A1549DF800000F49096840EA01200D4952
:101AA0000860084600686FF44031884208D10A484F
:101AB0000688002007490860074908803046F8BDBD
:101AC00000BFFFF7B8FF0028CBDC0020F7E70000DD
:101AD000703D00201C0000202000002010B50122D5
:101AE0002349244811F0F6F9234B282223A12AA0E8
:101AF00021F0FEFD10BD31B54FF47A730122694625
:101B00001C4811F0EBF804462CB12C4B33221BA1DE
:101B10002BA021F0EDFD38BD10B5044631492068F9
:101B2000884208D112480078FFF757FF0122104978
:101B3000104811F0CFF910BD10B5044629492068AE
:101B4000884208D10A480078FFF747FF0122084978
:101B5000084811F0BFF910BD10B5044621492068AE
:101B6000884204D101220249024811F0B3F910BDA4
:101B700022000020B0040020C03E03082E2E5C2E60
:101B80002E5C6463486D695C686D69557365725558
:101B90006172742E6300000025732C25642C25735C
:101BA0003A737461727420686D6920756172742073
:101BB000696E69742E2E2E2E2E2E0A00CC3E03083E
:101BC00025732C25642C25733A686D692075617224
:101BD000742074782074696D656F757421212121DA
:101BE0000A000000004C004010B50268FD4B98420E
:101BF0000ED0B0F1804F0BD0FB4B984208D0FB4B7E
:101C0000984205D0FA4B984202D0FA4B984203D141
:101C100022F070024B681A43F24B984220D0B0F188
:101C2000804F1DD0F04B98421AD0F04B984217D0FD
:101C3000EF4B984214D0EF4B984211D0EE4B9842A4
:101C40000ED0EE4B98420BD0ED4B984208D0ED4BA6
:101C5000984205D0EC4B984202D0EC4B984203D10D
:101C600022F44072CB681A4322F080034C6943EAA5
:101C7000040202608B68C3620B688362D94B98428E
:101C800002D0DC4B984201D10B690363012343610D
:101C9000036903F001031BB1036923F0010303612E
:101CA00010BD704710B504460CB9012010BD94F862
:101CB0003D0028B9002084F83C002046FFF759F980
:101CC000022084F83D00211D2068FFF78DFF0120D0
:101CD00084F8460000BF84F83E0001213F200155F2
:101CE000402001554120015500BF00BF012084F86C
:101CF000420043200155442001554520015500BFB5
:101D0000012084F83D000020D0E7704710B504465C
:101D1000022084F83D0000BF2068006A41F21111E2
:101D2000084050B92068006A8910084028B9206826
:101D3000006820F001002168086000BF2046FFF71E
:101D4000CCF9002084F8460000BF84F83E00002152
:101D50003F200155402001554120015500BF00BFE3
:101D6000002084F8420043200155442001554520BD
:101D7000015500BF002084F83D0000BF84F83C00FE
:101D800000BF10BD014691F83D00012801D001209F
:101D90007047022081F83D00924B086898421BD0A2
:101DA0000868B0F1804F17D08F4B0868984213D065
:101DB0008E4B086898420FD08D4B086898420BD024
:101DC0008C4B0868984207D08B4B0868984203D028
:101DD0008C4B086898420CD10868806800F00702B4
:101DE000062A0CD00868006840F001000B681860F3
:101DF00005E00868006840F001000B6818600020EA
:101E0000C6E7014600BF0868006A41F2111210409F
:101E100050B90868006A9210104028B90868006834
:101E200020F001000A68106000BF012081F83D0029
:101E300000207047014691F83D00012801D00120A3
:101E40007047022081F83D000868C06840F001003A
:101E50000B68D860634B086898421BD00868B0F1E3
:101E6000804F17D0604B0868984213D05F4B0868CA
:101E700098420FD05E4B086898420BD05D4B0868C3
:101E8000984207D05C4B0868984203D05D4B0868C5
:101E900098420CD10868806800F00702062A0CD02E
:101EA0000868006840F001000B68186005E00868E9
:101EB000006840F001000B6818600020C0E7014690
:101EC0000868C06820F001000A68D06000BF086898
:101ED000006A41F21112104050B90868006A92106D
:101EE000104028B90868006820F001000A681060F6
:101EF00000BF012081F83D0000207047704770B599
:101F00000546AC6B606AA84204D10120207784F8B2
:101F10003E001DE0A06AA84205D1022020770121E1
:101F20003F20015514E0E06AA84205D10420207743
:101F30000121402001550BE0206BA84205D108206B
:101F4000207701214120015502E0012084F83D0065
:101F50002046FFF7D3FF0020207770BD704770B593
:101F60000446A56B2846FFF7F9FF70BD704770B5B2
:101F70000546AC6B206AC06910B9012084F83D00A9
:101F80002046FEF78CFA70BD2DE9F04104460E465E
:101F9000154694F83D00022801D1BDE8F08194F87F
:101FA0003D00012807D106B10DB90120F5E7022057
:101FB00084F83D0001E00120EFE71548216AC8637D
:101FC0001448216A0864AFF2C900216AC864216814
:101FD00001F12C022B463146206A09F076FBD8B17C
:101FE0000120DAE700000140000400400008004042
:101FF000000C00400004014000400140004401404A
:102000000048014000180040001C00400020004033
:102010006F1F01085F1F01082068C06840F48070CE
:102020002168C860F849206888421BD02068B0F158
:10203000804F17D0F5492068884213D0F4492068B2
:1020400088420FD0F349206888420BD0F2492068BB
:10205000884207D0F1492068884203D0F0492068BF
:1020600088420CD12068806800F00707062F0CD04A
:102070002068006840F001002168086005E02068E1
:10208000006840F0010021680860002085E710B575
:1020900004462068C06820F480702168C860206A07
:1020A00009F0B6FB00BF2068006A41F21111084038
:1020B00050B92068006A8910084028B92068006873
:1020C00020F001002168086000BF012084F83D0075
:1020D000002010BD704710B504460CB9012010BD9A
:1020E00094F83D0028B9002084F83C002046FFF712
:1020F000F1FF022084F83D00211D2068FFF774FDE8
:10210000012084F8460000BF84F83E0001213F20F2
:102110000155402001554120015500BF00BF01205D
:1021200084F84200432001554420015545200155C3
:1021300000BF012084F83D000020D0E7704710B5B3
:102140000446022084F83D0000BF2068006A41F286
:102150001111084050B92068006A8910084028B958
:102160002068006820F001002168086000BF204658
:10217000FFF7E4FF002084F8460000BF84F83E002B
:1021800000213F200155402001554120015500BF4D
:1021900000BF002084F8420043200155442001552F
:1021A0004520015500BF002084F83D0000BF84F8A1
:1021B0003C0000BF10BD30B501F01F05012404FA3A
:1021C00005F3046A9C430462046A01F01F0502FAE5
:1021D00005F52C43046230BD70B504460D4615B9B3
:1021E00094F83E000BE0042D02D13F20005D06E094
:1021F000082D02D14020005D01E04120005D012852
:1022000001D0012070BD1DB9022084F83E000EE00F
:10221000042D03D102213F20015508E0082D03D1F0
:1022200002214020015502E00221412001550122F6
:1022300029462068FFF7BFFF73492068884203D012
:1022400075492068884201D1012000E0002028B1B2
:102250002068406C40F40040216848646A49206866
:1022600088421BD02068B0F1804F17D067492068A2
:10227000884213D06649206888420FD0654920689B
:1022800088420BD064492068884207D0634920689F
:10229000884203D06249206888420CD12068806857
:1022A00000F00706062E0CD02068006840F0010000
:1022B0002168086005E02068006840F0010021689E
:1022C000086000209EE730B504460D4600222946EE
:1022D0002068FFF770FF4C492068884203D04E49C0
:1022E0002068884201D1012000E0002090B100BFA9
:1022F0002068006A41F21111084050B92068006A54
:102300008910084028B92068406C20F400402168FA
:10231000486400BF00BF2068006A41F21111084004
:1023200050B92068006A8910084028B92068006800
:1023300020F001002168086000BF1DB9012084F869
:102340003E000EE0042D03D101213F20015508E09D
:10235000082D03D101214020015502E00121412037
:102360000155002030BDF0B504460D46002615B9D4
:1023700094F83E000BE0042D02D13F20005D06E002
:10238000082D02D14020005D01E04120005D0128C0
:1023900001D00120F0BD1DB9022084F83E000EE0FE
:1023A000042D03D102213F20015508E0082D03D15F
:1023B00002214020015502E002214120015535B1A2
:1023C000042D0BD0082D10D00C2D2BD114E020683B
:1023D000C06840F002002168C86025E02068C0683D
:1023E00040F004002168C8601EE02068C06840F02A
:1023F00008002168C86017E02068C06840F010003D
:102400002168C86010E000000000014000040040A6
:1024100000080040000C0040000401400040014062
:1024200000180040012600BF00BFEEBB0122294674
:102430002068FFF7C0FEFA492068884203D0F949B6
:102440002068884201D1012000E0002028B12068E6
:10245000406C40F4004021684864F149206888429B
:102460001BD02068B0F1804F17D0EF492068884218
:1024700013D0EE49206888420FD0ED492068884289
:102480000BD0E8492068884207D0EA492068884292
:1024900003D0E949206888420ED12068806800F0A6
:1024A0000707062F0ED000E00CE02068006840F01F
:1024B00001002168086005E02068006840F0010024
:1024C00021680860304665E770B504460D46002671
:1024D00035B1042D0BD0082D10D00C2D1CD114E0DB
:1024E0002068C06820F002002168C86016E02068FB
:1024F000C06820F004002168C8600FE02068C06850
:1025000020F008002168C86008E02068C06820F05A
:1025100010002168C86001E0012600BF00BF002E46
:102520004AD1002229462068FFF745FEBC492068B1
:10253000884203D0BB492068884201D1012000E0D5
:10254000002090B100BF2068006A41F211110840DC
:1025500050B92068006A8910084028B92068406C8A
:1025600020F400402168486400BF00BF2068006A72
:1025700041F21111084050B92068006A89100840E2
:1025800028B92068006820F001002168086000BFB9
:102590001DB9012084F83E000EE0042D03D1012175
:1025A0003F20015508E0082D03D1012140200155AD
:1025B00002E0012141200155304670BD704770B5E1
:1025C0000546AC6B606AA84202D10120207710E07A
:1025D000A06AA84202D1022020770AE0E06AA8425D
:1025E00002D10420207704E0206BA84201D108200A
:1025F00020772046FFF7E2FF0020207770BD70476C
:1026000070B50546AC6B606AA84207D101202077FF
:10261000E86918BB012084F83E001FE0A06AA842C8
:1026200007D102202077E869C0B901213F20015578
:1026300014E0E06AA84207D104202077E86968B96D
:1026400001214020015509E0206BA84206D1082055
:102650002077E86910B90121412001552046FFF794
:10266000CEFF0020207770BD2DE9F04704460D46CF
:1026700016461F464FF0000815B994F83E000BE0CF
:10268000042D02D13F20005D06E0082D02D140203C
:10269000005D01E04120005D022801D1BDE8F08726
:1026A00015B994F83E000BE0042D02D13F20005DE7
:1026B00006E0082D02D14020005D01E04120005DD0
:1026C000012818D106B10FB90120E7E71DB9022092
:1026D00084F83E0011E0042D03D102213F20015572
:1026E0000BE0082D03D102214020015505E0022115
:1026F0004120015501E00120D0E735B1042D21D062
:10270000082D3CD00C2D75D156E04C49606AC16350
:10271000AFF25511606A0164AFF61D01606AC164D1
:10272000216801F134023B463146606A08F0CDFF72
:1027300008B10120B2E72068C06840F40070216849
:10274000C8605AE03D49A06AC163AFF28D11A06A2A
:102750000164AFF65501A06AC164216801F1380235
:102760003B463146A06A08F0B0FF08B1012095E76A
:102770002068C06840F480602168C8603DE02F494F
:10278000E06AC163AFF2C911E06A0164AFF691017A
:10279000E06AC164216801F13C023B463146E06ACF
:1027A00008F093FF08B1012078E72068C06840F482
:1027B00000602168C86020E02049206BC163AFF24F
:1027C0000121206B0164AFF6C901206BC16421684F
:1027D00001F140023B463146206B08F076FF08B11C
:1027E00001205BE72068C06840F480502168C86021
:1027F00003E0FFE74FF0010800BF00BFB8F1000F92
:102800005AD1012229462068FFF7D5FC04492068E7
:10281000884203D003492068884211D1012010E08A
:102820000000014000040140000400400008004096
:10283000000C004000400140001800400126010843
:10284000002028B12068406C40F4004021684864B2
:10285000F749206888421BD02068B0F1804F17D01C
:10286000F4492068884213D0F349206888420FD089
:10287000F249206888420BD0F1492068884207D08D
:10288000F0492068884203D0EF49206888420DD182
:102890002068806800F00709B9F1060F0CD02068A5
:1028A000006840F001002168086005E020680068C9
:1028B00040F00100216808604046EFE670B504462C
:1028C0000D46002635B1042D0ED0082D16D00C2D46
:1028D00028D11DE02068C06820F400702168C8601D
:1028E000606A08F095FF1FE02068C06820F48060EF
:1028F0002168C860A06A08F08BFF15E02068C068F6
:1029000020F400602168C860E06A08F081FF0BE0F5
:102910002068C06820F480502168C860206B08F0EF
:1029200077FF01E0012600BF00BF002E4AD1002240
:1029300029462068FFF73FFCBD492068884203D044
:10294000BF492068884201D1012000E0002090B1F9
:1029500000BF2068006A41F21111084050B9206898
:10296000006A8910084028B92068406C20F40040B3
:102970002168486400BF00BF2068006A41F211115D
:10298000084050B92068006A8910084028B92068BA
:10299000006820F001002168086000BF1DB9012017
:1029A00084F83E000EE0042D03D101213F200155A3
:1029B00008E0082D03D101214020015502E001214A
:1029C00041200155304670BD704710B504460CB922
:1029D000012010BD94F83D0028B9002084F83C0087
:1029E0002046FFF7F1FF022084F83D00211D2068FA
:1029F000FFF7FAF8012084F8460000BF84F83E0093
:102A000001213F200155402001554120015500BFC3
:102A100000BF012084F842004320015544200155A5
:102A20004520015500BF012084F83D000020D0E77B
:102A3000704710B50446022084F83D0000BF2068AE
:102A4000006A41F21111084050B92068006A8910EB
:102A5000084028B92068006820F00100216808605B
:102A600000BF2046FFF7E4FF002084F8460000BFC7
:102A700084F83E0000213F200155402001554120AF
:102A8000015500BF00BF002084F8420043200155DB
:102A9000442001554520015500BF002084F83D0029
:102AA00000BF84F83C0000BF10BD70B504460D4661
:102AB00015B994F83E000BE0042D02D13F20005DD3
:102AC00006E0082D02D14020005D01E04120005DBC
:102AD000012801D0012070BD1DB9022084F83E00FC
:102AE0000EE0042D03D102213F20015508E0082DFE
:102AF00003D102214020015502E00221412001556D
:102B0000012229462068FFF756FB49492068884280
:102B100003D04B492068884201D1012000E0002009
:102B200028B12068406C40F4004021684864404966
:102B3000206888421BD02068B0F1804F17D03D49F3
:102B40002068884213D03C49206888420FD03B4916
:102B5000206888420BD03A492068884207D039491A
:102B60002068884203D03849206888420CD1206808
:102B7000806800F00706062E0CD02068006840F040
:102B800001002168086005E02068006840F001004D
:102B90002168086000209EE730B504460D460022FB
:102BA00029462068FFF707FB21492068884203D0A7
:102BB00023492068884201D1012000E0002090B123
:102BC00000BF2068006A41F21111084050B9206826
:102BD000006A8910084028B92068406C20F4004041
:102BE0002168486400BF00BF2068006A41F21111EB
:102BF000084050B92068006A8910084028B9206848
:102C0000006820F001002168086000BF1DB90120A4
:102C100084F83E001DE0042D03D101213F20015521
:102C200017E0082D12D101214020015511E00000CC
:102C3000000001400004004000080040000C00407B
:102C400000040140004001400018004001214120E3
:102C50000155002030BDF0B504460D46002615B9DB
:102C600094F83E000BE0042D02D13F20005D06E009
:102C7000082D02D14020005D01E04120005D0128C7
:102C800001D00120F0BD1DB9022084F83E000EE005
:102C9000042D03D102213F20015508E0082D03D166
:102CA00002214020015502E002214120015535B1A9
:102CB000042D0BD0082D10D00C2D1CD114E0206851
:102CC000C06840F002002168C86016E02068C06853
:102CD00040F004002168C8600FE02068C06840F040
:102CE00008002168C86008E02068C06840F0100053
:102CF0002168C86001E0012600BF00BFF6BB0122C9
:102D000029462068FFF757FAF7492068884203D020
:102D1000F6492068884201D1012000E0002028B156
:102D20002068406C40F4004021684864EE49206807
:102D300088421BD02068B0F1804F17D0EC49206842
:102D4000884213D0EB49206888420FD0EA492068B6
:102D500088420BD0E5492068884207D0E7492068BF
:102D6000884203D0E649206888420ED120688068F6
:102D700000F00707062F0ED0206800E00BE0006887
:102D800040F001002168086005E02068006840F01C
:102D9000010021680860304674E770B504460D46AE
:102DA000002635B1042D0BD0082D10D00C2D1CD1D0
:102DB00014E02068C06820F002002168C86016E0B6
:102DC0002068C06820F004002168C8600FE0206817
:102DD000C06820F008002168C86008E02068C0686A
:102DE00020F010002168C86001E0012600BF00BF8C
:102DF000002E4AD1002229462068FFF7DCF9BA49A3
:102E00002068884203D0B9492068884201D1012056
:102E100000E0002090B100BF2068006A41F211116B
:102E2000084050B92068006A8910084028B9206815
:102E3000406C20F400402168486400BF00BF206857
:102E4000006A41F21111084050B92068006A8910E7
:102E5000084028B92068006820F001002168086057
:102E600000BF1DB9012084F83E000EE0042D03D1FF
:102E700001213F20015508E0082D03D10121402008
:102E8000015502E0012141200155304670BD2DE978
:102E9000F04704460D4616461F464FF0000815B988
:102EA00094F83E000BE0042D02D13F20005D06E0C7
:102EB000082D02D14020005D01E04120005D022884
:102EC00001D1BDE8F08715B994F83E000BE0042D60
:102ED00002D13F20005D06E0082D02D14020005DB8
:102EE00001E04120005D012818D106B10FB9012091
:102EF000E7E71DB9022084F83E0011E0042D03D15C
:102F000002213F2001550BE0082D03D10221402072
:102F1000015505E002214120015501E00120D0E7E3
:102F200035B1042D20D0082D3AD00C2D71D153E0AD
:102F30007449606AC163AFF67911606A01647249CD
:102F4000606AC164216801F134023B463146606A1F
:102F500008F0BBFB08B10120B3E72068C06840F46B
:102F600000702168C86057E06649A06AC163AFF687
:102F7000B111A06A01646449A06AC164216801F1C9
:102F800038023B463146A06A08F09FFB08B1012099
:102F900097E72068C06840F480602168C8603BE023
:102FA0005849E06AC163AFF6E911E06A0164564925
:102FB000E06AC164216801F13C023B463146E06AA7
:102FC00008F083FB08B101207BE72068C06840F46B
:102FD00000602168C8601FE04A49206BC163AFF6FA
:102FE0002121206B01644849206BC164216801F1F3
:102FF00040023B463146206B08F067FB08B10120D8
:103000005FE72068C06840F480502168C86003E032
:10301000FFE74FF0010800BF00BFB8F1000F4AD131
:10302000012229462068FFF7C6F82F492068884208
:1030300003D02E492068884201D1012000E0002001
:1030400028B12068406C40F400402168486426495B
:10305000206888421BD02068B0F1804F17D02449E7
:103060002068884213D02349206888420FD0224923
:10307000206888420BD01D492068884207D01F492C
:103080002068884203D01E49206888420DD12068FC
:10309000806800F00709B9F1060F0CD020680068BD
:1030A00040F001002168086005E02068006840F0F9
:1030B000010021680860404603E770B504460D46EC
:1030C000002635B1042D21D0082D29D00C2D3BD15F
:1030D00030E02068C06820F400702168C860606A31
:1030E00008F096FB32E000000000014000040140BF
:1030F0000004004000080040000C00400040014077
:103100000018004001260108FF1E01082068C06861
:1031100020F480602168C860A06A08F079FB15E09F
:103120002068C06820F400602168C860E06A08F088
:103130006FFB0BE02068C06820F480502168C860F5
:10314000206B08F065FB01E0012600BF00BF002EE8
:103150004AD1002229462068FFF72DF8FA49206855
:10316000884203D0F9492068884201D1012000E05B
:10317000002090B100BF2068006A41F211110840A0
:1031800050B92068006A8910084028B92068406C4E
:1031900020F400402168486400BF00BF2068006A36
:1031A00041F21111084050B92068006A89100840A6
:1031B00028B92068006820F001002168086000BF7D
:1031C0001DB9012084F83E000EE0042D03D1012139
:1031D0003F20015508E0082D03D101214020015571
:1031E00002E0012141200155304670BD704710B505
:1031F00004460CB9012010BD94F83D0028B9002008
:1032000084F83C002046FFF7F1FF022084F83D00DF
:10321000211D2068FEF7E8FC012084F8460000BF6D
:1032200084F83E0001213F200155402001554120F6
:10323000015500BF00BF012084F842004320015522
:10324000442001554520015500BF012084F83D0070
:103250000020D0E7704710B50446022084F83D00F6
:1032600000BF2068006A41F21111084050B920687F
:10327000006A8910084028B92068006820F0010021
:103280002168086000BF2046FFF7E4FF002084F8B3
:10329000460000BF84F83E0000213F200155402039
:1032A00001554120015500BF00BF002084F84200B5
:1032B00043200155442001554520015500BF002001
:1032C00084F83D0000BF84F83C0000BF10BD2DE92C
:1032D000F04104460D4615B994F83E000BE0042D6C
:1032E00002D13F20005D06E0082D02D14020005DA4
:1032F00001E04120005D074615B994F842000BE05B
:10330000042D02D14320005D06E0082D02D14420A7
:10331000005D01E04520005D8046012F02D1B8F13B
:10332000010F02D00120BDE8F0811DB9022084F810
:103330003E000EE0042D03D102213F20015508E09C
:10334000082D03D102214020015502E00221412035
:1033500001551DB9022084F842000EE0042D03D16E
:1033600002214320015508E0082D03D10221442009
:10337000015502E00221452001550122294620681D
:10338000FEF719FF7049206888421BD02068B0F111
:10339000804F17D06E492068884213D06D4920684D
:1033A00088420FD06C49206888420BD0674920685A
:1033B000884207D069492068884203D0684920685C
:1033C00088420CD12068806800F00706062E0CD0D9
:1033D0002068006840F001002168086005E020686E
:1033E000006840F001002168086000209BE730B5CC
:1033F00004460D46002229462068FEF7DCFE00BF89
:103400002068006A41F21111084050B92068006A32
:103410008910084028B92068006820F00100216860
:10342000086000BF1DB9012084F83E000EE0042DA5
:1034300003D101213F20015508E0082D03D10121CE
:103440004020015502E00121412001551DB9012014
:1034500084F842000EE0042D03D1012143200155E0
:1034600008E0082D03D101214420015502E001218B
:1034700045200155002030BD2DE9F04304460D469E
:10348000002615B994F83E000BE0042D02D13F2030
:10349000005D06E0082D02D14020005D01E04120E2
:1034A000005D804615B994F842000BE0042D02D16E
:1034B0004320005D06E0082D02D14420005D01E0BC
:1034C0004520005D8146B8F1010F02D1B9F1010F2D
:1034D00002D00120BDE8F0831DB9022084F83E002F
:1034E0000EE0042D03D102213F20015508E0082DF4
:1034F00003D102214020015502E002214120015563
:103500001DB9022084F842000EE0042D03D10221EF
:103510004320015508E0082D03D102214420015524
:1035200002E002214520015535B1042D1AD0082DA5
:103530001FD00C2D2BD123E02068C06840F0020082
:103540002168C86025E0000000000140000401403F
:103550000004004000080040000C00400040014012
:10356000001800402068C06840F004002168C8606E
:103570000FE02068C06840F008002168C86008E0DB
:103580002068C06840F010002168C86001E0012692
:1035900000BF00BF86BB012229462068FEF70BFE54
:1035A000F649206888421BD02068B0F1804F17D0C0
:1035B000F3492068884213D0F249206888420FD02E
:1035C000F149206888420BD0F0492068884207D032
:1035D000EF492068884203D0EE49206888420CD128
:1035E0002068806800F00707062F0CD0206800686C
:1035F00040F001002168086005E02068006840F0A4
:10360000010021680860304664E770B504460D4645
:10361000002635B1042D0BD0082D10D00C2D1CD157
:1036200014E02068C06820F002002168C86016E03D
:103630002068C06820F004002168C8600FE020689E
:10364000C06820F008002168C86008E02068C068F1
:1036500020F010002168C86001E0012600BF00BF13
:10366000002E3FD1002229462068FEF7A4FD00BFAE
:103670002068006A41F21111084050B92068006AC0
:103680008910084028B92068006820F001002168EE
:10369000086000BF1DB9012084F83E000EE0042D33
:1036A00003D101213F20015508E0082D03D101215C
:1036B0004020015502E00121412001551DB90120A2
:1036C00084F842000EE0042D03D10121432001556E
:1036D00008E0082D03D101214420015502E0012119
:1036E00045200155304670BD704770B50546AC6B3E
:1036F000606AA84202D10120207710E0A06AA842A7
:1037000002D1022020770AE0E06AA84202D1042018
:10371000207704E0206BA84201D1082020772046C2
:10372000FFF7E2FF0020207770BD704770B50546B7
:10373000AC6B606AA8420AD101202077E8690028B2
:103740002BD1012084F83E0084F8420025E0A06AD5
:10375000A84209D102202077E869F0B901213F2071
:1037600001554320015518E0E06AA84209D1042020
:103770002077E86988B9012140200155442001558E
:103780000BE0206BA84208D108202077E86920B917
:10379000012141200155452001552046FFF7C5FF75
:1037A0000020207770BD2DE9F05F04460D461646D7
:1037B0001F464FF0000B15B994F83E000BE0042DA6
:1037C00002D13F20005D06E0082D02D14020005DBF
:1037D00001E04120005D814615B994F842000BE0FC
:1037E000042D02D14320005D06E0082D02D14420C3
:1037F000005D01E04520005D8246B9F1020F02D074
:10380000BAF1020F02D10220BDE8F09FB9F1010F19
:103810002FD1BAF1010F2CD106B10FB90120F3E776
:103820001DB9022084F83E000EE0042D03D10221D0
:103830003F20015508E0082D03D102214020015509
:1038400002E00221412001551DB9022084F8420006
:1038500011E0042D03D10221432001550BE0082D76
:1038600003D102214420015505E0022145200155E4
:1038700001E00120C8E7012229462068FEF79BFCF1
:1038800035B1042D21D0082D3CD00C2D74D156E03B
:10389000AFF26711606AC163AFF2B111606A01648F
:1038A0003D49606AC164226802F134013B463246F8
:1038B000606A07F00AFF08B10120A5E72068C06828
:1038C00040F400702168C8606BE0AFF29F11A06AFD
:1038D000C163AFF2E911A06A01642F49A06AC16413
:1038E000226802F138013B463246A06A07F0EDFE3D
:1038F00008B1012088E72068C06840F48060216832
:10390000C8604EE0AFF2DB11E06AC163AFF225217F
:10391000E06A01642049E06AC164226802F13C0166
:103920003B463246E06A07F0D0FE08B101206BE763
:103930002068C06840F400602168C86031E0AFF2E0
:103940001321206BC163AFF25D21206B016412492A
:10395000206BC164226802F140013B463246206B75
:1039600007F0B3FE08B101204EE72068C06840F4BC
:1039700080502168C86014E010E0000000000140A1
:103980000004004000080040000C0040000401401A
:103990000040014000180040FF1E01084FF0010BDD
:1039A00000BF00BFF849206888421BD02068B0F1F2
:1039B000804F17D0F5492068884213D0F449206819
:1039C00088420FD0F349206888420BD0F249206822
:1039D000884207D0F1492068884203D0F049206826
:1039E00088420DD12068806800F00708B8F1060F02
:1039F0000CD02068006840F001002168086005E0F4
:103A00002068006840F00100216808605846FBE625
:103A100070B504460D460026002229462068FEF7B0
:103A2000CAFB35B1042D0ED0082D16D00C2D28D18F
:103A30001DE02068C06820F400702168C860606ADA
:103A400007F0E6FE1FE02068C06820F4806021686F
:103A5000C860A06A07F0DCFE15E02068C06820F4AA
:103A600000602168C860E06A07F0D2FE0BE02068C1
:103A7000C06820F480502168C860206B07F0C8FE41
:103A800001E0012600BF00BF56BB00BF2068006AEE
:103A900041F21111084050B92068006A89100840AD
:103AA00028B92068006820F001002168086000BF84
:103AB0001DB9012084F83E000EE0042D03D1012140
:103AC0003F20015508E0082D03D101214020015578
:103AD00002E00121412001551DB9012084F8420076
:103AE0000EE0042D03D101214320015508E0082DEB
:103AF00003D101214420015502E001214520015557
:103B0000304670BD704770B504460D460CB90120B3
:103B100070BD94F83D0028B9002084F83C00204690
:103B2000FFF7F0FF022084F83D00211D2068FEF71A
:103B30005BF82068006820F00800216808602068B1
:103B40000068284321680860012084F8460084F852
:103B50003E0001213F200155012084F8420043200E
:103B60000155012084F83D000020D1E7704710B5D1
:103B70000446022084F83D0000BF2068006A41F23C
:103B80001111084050B92068006A8910084028B90E
:103B90002068006820F001002168086000BF20460E
:103BA000FFF7E4FF002084F8460084F83E0000217F
:103BB0003F200155002084F8420043200155002099
:103BC00084F83D0000BF84F83C0000BF10BD2DE923
:103BD000F0430446894694F83E503F20065D94F831
:103BE0004270432010F80480012D06D1012E04D12B
:103BF000012F02D1B8F1010F02D00120BDE8F083FE
:103C0000022084F83E0002213F200155022084F862
:103C1000420043200155012200212068FEF7CBFA23
:103C2000012204212068FEF7C6FA5749206888421D
:103C300003D059492068884201D1012000E00020CA
:103C400028B12068406C40F400402168486400209E
:103C5000D4E730B504460D46002211462068FEF731
:103C6000AAFA002204212068FEF7A5FA4649206836
:103C7000884203D048492068884201D1012000E0F1
:103C8000002090B100BF2068006A41F21111084085
:103C900050B92068006A8910084028B92068406C33
:103CA00020F400402168486400BF00BF2068006A1B
:103CB00041F21111084050B92068006A891008408B
:103CC00028B92068006820F001002168086000BF62
:103CD000012084F83E0001213F200155012084F895
:103CE000420043200155002030BD2DE9F043044639
:103CF000894694F83E503F20065D94F84270432078
:103D000010F80480012D06D1012E04D1012F02D11B
:103D1000B8F1010F02D00120BDE8F083022084F841
:103D20003E0002213F200155022084F8420043203A
:103D300001552068C06840F002002168C860206812
:103D4000C06840F004002168C8600122002120689A
:103D5000FEF731FA012204212068FEF72CFA0A4905
:103D60002068884203D00C492068884201D1012094
:103D700000E0002028B12068406C40F40040216839
:103D800048640020C8E70000000001400004004033
:103D900000080040000C00400004014000400140C9
:103DA0000018004030B504460D462068C06820F079
:103DB00002002168C8602068C06820F00400216803
:103DC000C860002211462068FEF7F5F900220421A0
:103DD0002068FEF7F0F9FC492068884203D0FB49CF
:103DE0002068884201D1012000E0002090B100BF8E
:103DF0002068006A41F21111084050B92068006A39
:103E00008910084028B92068406C20F400402168DF
:103E1000486400BF00BF2068006A41F211110840E9
:103E200050B92068006A8910084028B920680068E5
:103E300020F001002168086000BF012084F83E00E6
:103E400001213F200155012084F842004320015503
:103E5000002030BD70472DE9F04104460D4614B9ED
:103E60000120BDE8F08194F83D0028B9002084F8D5
:103E70003C002046FFF7EEFF022084F83D0020685A
:103E8000806844F20701884321688860211D20680A
:103E9000FDF7AAFE2068D0F80880206886692068AF
:103EA000076A286840EA080840F203308643A96997
:103EB000A86840EA0120064340F60C4086434FF2D2
:103EC000F0008643E969E86840EA01200643286972
:103ED0000001296A40EA0130064327F0220727F053
:103EE00088076969686840EA011007432068C0F8DC
:103EF00008802068866120680762012084F84600F7
:103F000084F83E0001213F200155012084F8420041
:103F100043200155012084F83D000020A1E77047AF
:103F200010B50446022084F83D0000BF2068006AF6
:103F300041F21111084050B92068006A8910084008
:103F400028B92068006820F001002168086000BFDF
:103F50002046FFF7E4FF002084F8460084F83E0086
:103F600000213F200155002084F8420043200155E4
:103F7000002084F83D0000BF84F83C0000BF10BD65
:103F80002DE9F04304460D4694F83E603F20075D5E
:103F900094F84280432010F804906DB9012E02D1AC
:103FA000B8F1010F02D00120BDE8F083022084F8AF
:103FB0003E0084F8420025E0042D0CD1012F02D1EF
:103FC000B9F1010F01D00120EEE702213F20015598
:103FD0004320015516E0012E07D1012F05D1B8F17C
:103FE000010F02D1B9F1010F01D00120DCE702205D
:103FF00084F83E0002213F200155022084F842004F
:104000004320015515B1042D0CD105E001220021FA
:104010002068FEF7D0F810E0012204212068FEF7A6
:10402000CAF80AE0012200212068FEF7C4F8012244
:1040300004212068FEF7BFF800BF00BF20680068B9
:1040400040F00100216808600020ADE730B504466B
:104050000D4615B1042D0CD105E000221146206853
:10406000FEF7A9F810E0002204212068FEF7A3F86B
:104070000AE0002211462068FEF79DF80022042184
:104080002068FEF798F800BF00BF00BF2068006AF4
:1040900041F21111084050B92068006A89100840A7
:1040A00028B92068006820F001002168086000BF7E
:1040B0000DB1042D28D11DB9012084F83E000EE079
:1040C000042D03D101213F20015508E0082D03D123
:1040D00001214020015502E00121412001551DB977
:1040E000012084F842001AE0042D03D1012143206D
:1040F000015514E0082D03D10121442001550EE0A3
:104100000121452001550AE0012084F83E000121EB
:104110003F200155012084F8420043200155002032
:1041200030BD2DE9F04304460D4694F83E603F2033
:10413000075D94F84280432010F804906DB9012E79
:1041400002D1B8F1010F02D00120BDE8F0830220B6
:1041500084F83E0084F8420025E0042D0CD1012FA4
:1041600002D1B9F1010F01D00120EEE702213F2079
:1041700001554320015516E0012E07D1012F05D12D
:10418000B8F1010F02D1B9F1010F01D00120DCE734
:10419000022084F83E0002213F200155022084F8CD
:1041A00042004320015515B1042D1DD110E001221C
:1041B00000212068FDF7FFFF2068C06840F0020082
:1041C0002168C86027E000000000014000040140B1
:1041D000012204212068FDF7EEFF2068C06840F04E
:1041E00004002168C86016E0012200212068FDF764
:1041F000E2FF012204212068FDF7DDFF2068C0688E
:1042000040F002002168C8602068C06840F00400E7
:104210002168C86000BF00BF2068006840F001004E
:1042200021680860002090E730B504460D465DB96E
:10423000002211462068FDF7BEFF2068C06820F00C
:1042400002002168C86023E0042D0BD10022042164
:104250002068FDF7B0FF2068C06820F004002168E6
:10426000C86015E0002211462068FDF7A4FF002277
:1042700004212068FDF79FFF2068C06820F002003D
:104280002168C8602068C06820F004002168C86008
:1042900000BF2068006A41F21111084050B920683F
:1042A000006A8910084028B92068006820F00100E1
:1042B0002168086000BF0DB1042D28D11DB901206F
:1042C00084F83E000EE0042D03D101213F2001556A
:1042D00008E0082D03D101214020015502E0012111
:1042E000412001551DB9012084F842001AE0042D37
:1042F00003D101214320015514E0082D03D10121F0
:10430000442001550EE00121452001550AE001201D
:1043100084F83E0001213F200155012084F842002D
:1043200043200155002030BD2DE9FF5F04460D46B6
:104330001E460E9F94F83E803F2010F8049094F89B
:1043400042A0432010F804B0E5B9B8F1020F02D042
:10435000BAF1020F03D1022004B0BDE8F09FB8F11A
:10436000010F0DD1BAF1010F0AD1029800B10FB9B6
:104370000120F1E7022084F83E0084F842004BE07F
:104380000120E9E7042D19D1B9F1020F02D0BBF1E8
:10439000020F01D10220DFE7B9F1010F0CD1BBF10F
:1043A000010F09D106B10FB90120D5E702213F2045
:1043B0000155432001552FE00120CDE7B8F1020F50
:1043C00008D0B9F1020F05D0BAF1020F02D0BBF14B
:1043D000020F01D10220BFE7B8F1010F1AD1B9F1E4
:1043E000010F17D1BAF1010F14D1BBF1010F11D197
:1043F000029808B106B10FB90120ADE7022084F898
:104400003E0002213F200155022084F84200432053
:10441000015501E001209FE715B1042D50D127E09F
:10442000AFF6F741606AC163AFF64151606A01645B
:10443000FE49606AC164226802F134013B46606A49
:10444000029A07F042F908B1012085E72068C068A8
:1044500040F400702168C860012200212068FDF747
:10446000AAFE2068006840F001002168086070E042
:10447000AFF64751A06AC163AFF69151A06A0164DB
:10448000EA49A06AC164226802F138013B4632461B
:10449000A06A07F01AF908B101205DE72068C0683A
:1044A00040F480602168C860012204212068FDF783
:1044B00082FE2068006840F001002168086048E042
:1044C000AFF69751606AC163AFF6E151606A01646B
:1044D000D649606AC164226802F134013B46606AD1
:1044E000029A07F0F2F808B1012035E7AFF6C351A0
:1044F000A06AC163AFF60D61A06A0164CB49A06AEE
:10450000C164226802F138013B463246A06A07F0D6
:10451000DCF808B101201FE72068C06840F4007093
:104520002168C8602068C06840F480602168C86065
:10453000012200212068FDF73EFE012204212068AF
:10454000FDF739FE2068006840F00100216808602E
:1045500000BF00BF0020FFE670B504460D4675B9E8
:10456000002211462068FDF726FE2068C06820F46E
:1045700000702168C860606A07F04AF92CE0042DD9
:104580000ED1002204212068FDF715FE2068C068C6
:1045900020F480602168C860A06A07F039F91BE048
:1045A000002211462068FDF706FE00220421206843
:1045B000FDF701FE2068C06820F400702168C86023
:1045C0002068C06820F480602168C860606A07F0D5
:1045D0001FF9A06A07F01CF900BF2068006A41F2C9
:1045E0001111084050B92068006A8910084028B9A4
:1045F0002068006820F001002168086000BF0DB14C
:10460000042D28D11DB9012084F83E000EE0042DB0
:1046100003D101213F20015508E0082D03D10121DC
:104620004020015502E00121412001551DB9012022
:1046300084F842001AE0042D03D1012143200155E2
:1046400014E0082D03D10121442001550EE0012181
:10465000452001550AE0012084F83E0001213F2059
:104660000155012084F8420043200155002070BD0F
:104670007047704770B504462068C56820680669B1
:1046800006F00200022819D105F00200022815D117
:10469000401F21680861012020772068806900F0B0
:1046A000030018B12046FFF740F805E02046FFF769
:1046B000E0FF2046FDF7A3FF0020207706F004006E
:1046C000042819D105F00400042815D1C04321683D
:1046D0000861022020772068806900F4407018B1DA
:1046E0002046FFF722F805E02046FFF7C2FF2046EC
:1046F000FDF785FF0020207706F00800082819D173
:1047000005F00800082815D1C0432168086104207D
:1047100020772068C06900F0030018B12046FFF739
:1047200004F805E02046FFF7A4FF2046FDF767FFE9
:104730000020207706F01000102819D105F0100095
:10474000102815D1C043216808610820207720680F
:10475000C06900F4407018B12046FEF7E6FF05E09E
:104760002046FFF786FF2046FDF749FF002020770F
:1047700006F0010048B105F0010030B16FF0010012
:10478000216808612046FBF78AFE06F08000802839
:1047900009D105F08000802805D1C0432168086157
:1047A000204602F02CFC06F04000402809D105F01C
:1047B0004000402805D1C043216808612046FFF72A
:1047C00057FF06F02000202809D105F020002028FE
:1047D00005D1C04321680861204602F01DFB70BD71
:1047E00030B5036A056A25F4805505624468C269DC
:1047F00022F4E04222F440720D6842EA052223F4DA
:1048000000538D6843EA0533094DA84202D0094D93
:10481000A84204D124F480444D6944EA85144460DC
:10482000C2614D680564036230BD0000FF1E0108CF
:10483000000001400004014030B5026A056A25F419
:10484000807505624368C46924F0700424F0030491
:104850000D682C4322F400728D6842EA0522FD4D5A
:10486000A84200D103E0FC4DA84207D100BF22F4CA
:104870000062CD6842EA052222F48062F54DA8422A
:1048800002D0F54DA84209D123F4805323F40053FC
:104890004D6943EA05138D6943EA05134360C4611A
:1048A0004D68C563026230BD30B5026A056A25F005
:1048B000100505624368846924F4E04424F44074DC
:1048C0000D6844EA052422F020028D6842EA0512B0
:1048D000E04DA84200D103E0DF4DA84207D100BF60
:1048E00022F08002CD6842EA051222F04002D94D42
:1048F000A84202D0D84DA84209D123F4806323F402
:1049000000634D6943EA85038D6943EA850343608B
:1049100084614D688563026230BD30B5026A056A04
:1049200025F0010505624368846924F0700424F0D1
:1049300003040D682C4322F002028D682A43C54D02
:10494000A84200D103E0C44DA84206D100BF22F026
:104950000802CD682A4322F00402BE4DA84202D0CC
:10496000BD4DA84207D123F4807323F400734D6931
:104970002B438D692B43436084614D68456302621C
:1049800030BD2DE9F04104460E461546002700BF14
:1049900094F83C00012802D10220BDE8F0810120FA
:1049A00084F83C0000BF35B1042D09D0082D0CD08F
:1049B0000C2D14D10EE031462068FFF7AEFF10E059
:1049C00031462068FFF770FF0BE031462068FFF7A3
:1049D00033FF06E031462068FFF702FF01E00127C0
:1049E00000BF00BF00BF002084F83C0000BF384675
:1049F000D3E770B50C461546026A066A26F480565F
:104A00000662C16921F4407141EA052121F4704137
:104A10004FF4704606EA0336314322F420424FF445
:104A2000204606EA04363243C161026270BD70B5A9
:104A30000C461546026A066A26F480760662C1694B
:104A400021F00301294321F0F001F02606EA0316C4
:104A5000314322F420624FF4206606EA04263243F2
:104A6000C161026270BD70B50C461546026A066AE5
:104A700026F010060662816921F4407141EA0521A1
:104A800021F470414FF4704606EA0336314322F0B8
:104A9000A002A02606EA041632438161026270BDBC
:104AA00070B50C461546026A066A26F001060662D3
:104AB0008169684EB04214D0B0F1804F11D0674E7A
:104AC000B0420ED0664EB0420BD0664EB04208D017
:104AD000614EB04205D0644EB04202D0634EB04247
:104AE00001D1012600E000261EB121F00301294377
:104AF00001E041F0010121F0F001F02606EA031681
:104B0000314322F00A0204F00A0632438161026254
:104B100070BD2DE9F04104460D461646002700BF42
:104B200094F83C00012802D10220BDE8F081012068
:104B300084F83C0000BF96B9EB68D5E90012206804
:104B4000FFF7AEFF2068806920F00C0021688861C3
:104B500020688069A96808432168886141E0042EC3
:104B600013D1EB68D5E900122068FFF77CFF2068BD
:104B7000806920F440602168886120688069A968A4
:104B800040EA0120216888612BE0082E12D1EB68F1
:104B9000D5E900122068FFF74AFF2068C06920F0BD
:104BA0000C002168C8612068C069A96808432168B1
:104BB000C86116E00C2E13D1EB68D5E9001220680D
:104BC000FFF717FF2068C06920F440602168C861C2
:104BD0002068C069A96840EA01202168C86100E036
:104BE000012700BF002084F83C0000BF38469CE746
:104BF0002DE9F04104460D461646002700BF94F803
:104C00003C00012802D10220BDE8F081012084F897
:104C10003C0000BF36B1042E2AD0082E40D00C2E06
:104C20006DD154E029462068FFF777FE206880693F
:104C300040F00800216888612068806920F0040045
:104C40002168886120688069296908432168886132
:104C500057E0000000000140000401400004004053
:104C600000080040000C00400040014000180040D7
:104C700029462068FFF718FE2068806940F400602C
:104C8000216888612068806920F4806021688861DB
:104C900020688069296940EA01202168886130E044
:104CA00029462068FFF7C8FD2068C06940F0080069
:104CB0002168C8612068C06920F004002168C861CB
:104CC0002068C069296908432168C86119E029463C
:104CD0002068FFF785FD2068C06940F40060216806
:104CE000C8612068C06920F480602168C8612068BC
:104CF000C069296940EA01202168C86101E00127F3
:104D000000BF00BF00BF002084F83C0000BF384651
:104D10007AE72DE9F04188B004460D4616461F4655
:104D20004FF00008BE427DD000BF94F83C0001283F
:104D300003D1022008B0BDE8F081012084F83C00D6
:104D400000BF022084F83D00286801906868029046
:104D5000A8680390E868049028690690686907903D
:104D600016B1042E0AD104E001A92068FFF7D5FD91
:104D700007E001A92068FFF797FD02E04FF0010866
:104D800000BF00BFB8F1000F53D117B1042F4CD1B1
:104D900024E0D5E90723A9692068FFF781FE206890
:104DA000806920F00C00216888612068806820F00C
:104DB0007000216888602068806840F05000216899
:104DC00088602068806820F007002168886020687B
:104DD000806840F006002168886029E0D5E9072353
:104DE000A9692068FFF73FFE2068806920F44060D1
:104DF000216888612068806820F0700021688860E0
:104E00002068806840F060002168886020688068C1
:104E100020F00700216888602068806840F0060064
:104E2000216800E00FE0886002E04FF0010800BF59
:104E300000BF012084F83D0000BF002084F83C0042
:104E400000BF404676E7012074E7704770B504461E
:104E5000A56B2846FFF7F9FF70BD70B50546AC6B32
:104E6000A06BC06910B9012084F83D002046FFF70F
:104E7000FFFB70BD2DE9F04704460F4615461E4660
:104E8000DDE9088A4FF0000994F84600022801D1B4
:104E9000BDE8F08794F84600012807D11EB9B8F1A3
:104EA000000F00D0F4E7022084F84600B5F5006F4B
:104EB00053D009DCB5F5807F10D0B5F5007F22D046
:104EC000B5F5806F72D133E0B5F5805F5AD0B5F596
:104ED000005F6ED0B5F5804FF4D17FE0F848216ACD
:104EE000C863F848216A0864F748216AC8642168E1
:104EF00001F14C0253463146206A06F0E6FB08B148
:104F00000120C5E782E0F149606AC163F049606A47
:104F10000164ED49606AC164216801F14C025346A5
:104F20003146606A06F0D1FB08B10120B0E76DE0C0
:104F3000E649A06AC163E649A06A0164E249A06A41
:104F4000C164216801F14C0253463146A06A06F063
:104F5000BCFB08B101209BE758E0DC49E06AC16373
:104F6000DB49E06A0164D849E06AC164216801F163
:104F70004C0253463146E06A06F0A7FB08B1012017
:104F800086E743E0D149206BC163D149206B0164BE
:104F9000CD49206BC164216801F14C025346314672
:104FA000206B06F092FB18B1012071E72BE000E0C6
:104FB0002CE0C849606BC163C749606B0164C2499A
:104FC000606BC164216801F14C0253463146606B4D
:104FD00006F07BFB08B101205AE717E0BF49A06B40
:104FE000C163BF49A06B0164B749A06BC16421686C
:104FF00001F14C0253463146A06B06F066FB08B146
:10500000012045E702E04FF0010900BF00BFB9F100
:10501000000F08D147EA0800216888642068C0684A
:1050200028432168C860484632E72DE9FC47054619
:105030000E46174698460A9C200A401C43463A46AC
:105040003146CDE900402846FFF714FF8146484627
:10505000BDE8FC8770B504460D460026B5F5006F27
:1050600020D009DCB5F5807F10D0B5F5007F11D0D8
:10507000B5F5806F26D111E0B5F5805F16D0B5F596
:10508000005F17D0B5F5804F1CD117E0206A06F0FD
:10509000BFFB19E0606A06F0BBFB15E0A06A06F0F2
:1050A000B7FB11E0E06A06F0B3FB0DE0206B06F001
:1050B000AFFB09E0606B06F0ABFB05E0A06B06F010
:1050C000A7FB01E0012600BF00BF3EB92068C06811
:1050D000A8432168C860012084F84600304670BDAE
:1050E0002DE9F04704460F4615461E46DDE9088ABD
:1050F0004FF0000994F84600022801D1BDE8F0877E
:1051000094F84600012807D11EB9B8F1000F00D06D
:10511000F4E7022084F84600B5F5006F53D009DCAF
:10512000B5F5807F10D0B5F5007F22D0B5F5806F42
:1051300072D133E0B5F5805F5AD0B5F5005F6ED01F
:10514000B5F5804FF4D17FE05D48216AC8635D48C2
:10515000216A08645C48216AC864226802F14C0133
:1051600053463246206A06F0B0FA08B10120C5E77E
:1051700082E05C49606AC1635B49606A01645249CC
:10518000606AC164226802F14C0153463246606A8B
:1051900006F09BFA08B10120B0E76DE05149A06A22
:1051A000C1635149A06A01644749A06AC164226889
:1051B00002F14C0153463246A06A06F086FA08B165
:1051C00001209BE758E04749E06AC1634649E06A2D
:1051D00001643D49E06AC164226802F14C01534612
:1051E0003246E06A06F071FA08B1012086E743E032
:1051F0003C49206BC1633C49206B01643249206B00
:10520000C164226802F14C0153463246206B06F01D
:105210005CFA18B1012071E72BE000E02CE02D4989
:10522000606BC1632C49606B01642749606BC1648A
:10523000226802F14C0153463246606B06F045FA93
:1052400008B101205AE717E02449A06BC163244943
:10525000A06B01641C49A06BC164226802F14C017F
:1052600053463246A06B06F030FA08B1012045E7FC
:1052700002E04FF0010900BF00BFB9F1000F08D1F3
:1052800047EA0800216888642068C06828432168CC
:10529000C860484632E72DE9FC4705460E461746EA
:1052A00098460A9C200A401C43463A463146CDE9BE
:1052B00000402846FFF714FF81464846BDE8FC87BA
:1052C0006F1F01085F1F0108FF1E0108012601086A
:1052D000BF2501081B6E0108056E01085B4E010821
:1052E0004D4E01082D370108EB36010870B5044614
:1052F0000D460026B5F5006F20D009DCB5F5807F9E
:1053000010D0B5F5007F11D0B5F5806F26D111E032
:10531000B5F5805F16D0B5F5005F17D0B5F5804FB5
:105320001CD117E0206A06F073FA19E0606A06F0F3
:105330006FFA15E0A06A06F06BFA11E0E06A06F079
:1053400067FA0DE0206B06F063FA09E0606B06F087
:105350005FFA05E0A06B06F05BFA01E0012600BFF2
:1053600000BF3EB92068C068A8432168C86001201A
:1053700084F84600304670BD024600BF92F83C00FB
:10538000012801D102207047012082F83C0000BFB3
:10539000022082F83D0010684161012082F83D0042
:1053A00000BF002082F83C0000BF00BFEBE730B533
:1053B0000C46816821F47F4142EA032525432943B5
:1053C000816030BDF0B504460D461646002700BF8B
:1053D00094F83C00012801D10220F0BD012084F89E
:1053E0003C0000BF022084F83D00686810B101282D
:1053F0001AD106E02068806820F47F402168886028
:1054000014E0E86848B1012084F83D0000BF0020A6
:1054100084F83C0000BF0120DFE7D5E90313AA6848
:105420002068FFF7C4FF01E0012700BF00BF002F85
:1054300049D136B1042E14D0082E22D00C2E40D1E2
:105440002FE0286830B12068806940F08000216832
:10545000886105E02068806920F08000216888610B
:1054600030E0286830B12068806940F4004021684D
:10547000886105E02068806920F400402168886127
:1054800020E0286830B12068C06940F080002168C1
:10549000C86105E02068C06920F080002168C8610B
:1054A00010E0286830B12068C06940F400402168ED
:1054B000C86105E02068C06920F400402168C86127
:1054C00000E000BF00BF012084F83D0000BF0020C5
:1054D00084F83C0000BF38467FE70A46816821F027
:1054E000700142F0070319438160704730B50B46E5
:1054F0001446026A056A25F001050562816921F0FA
:10550000F00141EA041122F00A021A4381610262A9
:1055100030BD30B50B461446026A056A25F0100509
:105520000562816921F4704141EA043122F0A00250
:1055300042EA03128161026230BD2DE9F041044666
:105540000D46002700BF94F83C00012802D102203C
:10555000BDE8F081012084F83C0000BF022084F8FF
:105560003D002068866826F0770626F47F4620688E
:1055700086602868502833D00CDC202850D004DC0A
:1055800000284BD0102851D149E0302849D040287C
:105590004CD139E060282DD0702807D0B0F5805F5D
:1055A00003D0B0F5005F41D10DE041E0D5E9021331
:1055B0006A682068FFF7FBFE2068866846F0770679
:1055C0002068866034E0D5E902136A682068FFF736
:1055D000EEFE2068806840F480402168886027E003
:1055E000EA6869682068FFF781FF50212068FFF7AB
:1055F00074FF1DE0EA6869682068FFF78AFF602190
:105600002068FFF76AFF13E0EA6869682068FFF71F
:105610006DFF40212068FFF760FF09E000BF00BF79
:1056200000BF29682068FFF758FF01E0012700BF8D
:1056300000BF012084F83D0000BF002084F83C003A
:1056400000BF384684E702460B461068416821F0E7
:105650008001194310684160002070472DE9F04730
:1056600005460C464FF000092868866826F070064B
:105670006068064326F007062068064328688660AF
:10568000606800F00F0100293BD10011082838D2D2
:10569000DFE800F0333435360B272D04D4E903134B
:1056A000A2682868FFF783FE2EE02068052802D153
:1056B0000120BDE8F0872868D0F820802868006ABB
:1056C00020F00100296808622868876927F0F00740
:1056D000206947EA0017286887612868C0F8208099
:1056E00012E02269A1682868FFF700FF0CE0226938
:1056F000A1682868FFF70DFF06E000BF00BF00BFEC
:1057000002E04FF0010900BF00BF4846D1E770B585
:1057100004460D4600BF94F83C00012801D1022048
:1057200070BD012084F83C0000BF022084F83D00D9
:1057300029462046FFF792FF48B1012084F83D003A
:1057400000BF002084F83C0000BF0120E8E720688B
:10575000C06820F040002168C8602068C06820F45C
:1057600080402168C860012084F83D0000BF00200F
:1057700084F83C0000BF00BFD2E770B504460D4678
:1057800000BF94F83C00012801D1022070BD012027
:1057900084F83C0000BF022084F83D0029462046E2
:1057A000FFF75CFF48B1012084F83D0000BF0020F6
:1057B00084F83C0000BF0120E8E72068C06840F0A2
:1057C00040002168C8602068C06820F480402168DB
:1057D000C860012084F83D0000BF002084F83C0030
:1057E00000BF00BFD2E70246002031B1042907D034
:1057F000082908D00C290CD108E01368586B09E07F
:105800001368986B06E01368D86B03E01368186C94
:1058100000E000BF00BF7047014691F83D007047AF
:10582000014691F83D007047014691F83D007047F0
:10583000014691F83D007047014691F83D007047E0
:10584000014691F83D0070470146087F70470246C7
:1058500011B992F83E300BE0042902D13F239B5C42
:1058600006E0082902D140239B5C01E041239B5CB8
:1058700018467047014691F846007047704730B5AA
:1058800087B004460D4614B9012007B030BD94F826
:105890003D0028B9002084F83C002046FFF7EEFFC9
:1058A000022084F83D00211D2068FCF79DF9AB68BB
:1058B000296803222068FFF7F3F82068806920F048
:1058C0000C00216888612068806969680843216844
:1058D00088612068406840F0800021684860206846
:1058E000806820F07000216888602068806840F03F
:1058F0004000216888602068806820F007002168E7
:1059000088602068806840F004002168886000207A
:105910000490059070200090002006900390029063
:10592000E868019069462068FEF7BEFF206840687D
:1059300020F07000216848602068406840F0500006
:1059400021684860012084F8460084F83E00012167
:105950003F200155012084F84200432001550120D9
:1059600084F83D00002090E7704710B504460220FF
:1059700084F83D0000BF2068006A41F21111084020
:1059800050B92068006A8910084028B9206800686A
:1059900020F001002168086000BF2046FFF7E4FF07
:1059A000002084F8460084F83E0000213F20015585
:1059B000002084F8420043200155002084F83D0077
:1059C00000BF84F83C0000BF10BD2DE9F04704463D
:1059D00094F83E603F20075D94F84280432010F821
:1059E0000490012E07D1012F05D1B8F1010F02D18A
:1059F000B9F1010F02D00120BDE8F087022084F840
:105A00003E0002213F200155022084F8420043203D
:105A10000155012200212068FCF7CDFBFE492068DA
:105A200088421BD02068B0F1804F17D0FB49206816
:105A3000884213D0FA49206888420FD0F94920687B
:105A400088420BD0F8492068884207D0F74920687F
:105A5000884203D0F649206888420CD120688068CB
:105A600000F00705062D0CD02068006840F001000A
:105A70002168086005E02068006840F001002168A6
:105A800008600020B8E710B50446002211462068DF
:105A9000FCF791FB00BF2068006A41F21111084039
:105AA00050B92068006A8910084028B92068006849
:105AB00020F001002168086000BF012084F83E004A
:105AC00001213F200155012084F842004320015567
:105AD000002010BD2DE9F047044694F83E603F20B9
:105AE000075D94F84280432010F80490012E07D1FE
:105AF000012F05D1B8F1010F02D1B9F1010F02D088
:105B00000120BDE8F087022084F83E0002213F20FA
:105B10000155022084F84200432001552068C068E6
:105B200040F002002168C860012200212068FCF7D3
:105B300042FBB949206888421BD02068B0F1804FF1
:105B400017D0B6492068884213D0B54920688842EA
:105B50000FD0B449206888420BD0B34920688842EE
:105B600007D0B2492068884203D0B14920688842F2
:105B70000CD12068806800F00705062D0CD0206845
:105B8000006840F001002168086005E020680068B6
:105B900040F00100216808600020B2E710B504461B
:105BA000002211462068FCF706FB2068C06820F040
:105BB00002002168C86000BF2068006A41F211112C
:105BC000084050B92068006A8910084028B9206848
:105BD000006820F001002168086000BF012084F8FF
:105BE0003E0001213F200155012084F8420043205E
:105BF0000155002010BD2DE9F04704460D4616461C
:105C000094F83E8094F84290B8F1020F02D0B9F1B6
:105C1000020F02D10220BDE8F087B8F1010F0CD1CC
:105C2000B9F1010F09D105B10EB90120F3E7022046
:105C300084F83E0084F8420001E00120EBE70122F5
:105C400000212068FCF7B7FA7A49606AC1637A4993
:105C5000606A01647949606AC164226802F13401B2
:105C600033462A46606A05F030FD08B10120D2E7CC
:105C70002068C06840F400702168C86066492068E8
:105C800088421BD02068B0F1804F17D0634920684C
:105C9000884213D06249206888420FD06149206849
:105CA00088420BD060492068884207D05F4920684D
:105CB000884203D05E49206888420CD12068806801
:105CC00000F00707062F0CD02068006840F00100A4
:105CD0002168086005E02068006840F00100216844
:105CE0000860002097E710B504460022114620689E
:105CF000FCF761FA2068C06820F400702168C86071
:105D0000606A05F085FD00BF2068006A41F211114C
:105D1000084050B92068006A8910084028B92068F6
:105D2000006820F001002168086000BF012084F8AD
:105D30003E0084F84200002010BD30B501F00F0590
:105D4000042404FA05F3046A9C430462046A01F023
:105D50000F0502FA05F52C43046230BD70B5044608
:105D60000D4615B994F842000BE0042D02D14320F2
:105D7000005D06E0082D02D14420005D01E04520D1
:105D8000005D012801D0012070BD1DB9022084F8FA
:105D900042000EE0042D03D102214320015508E00A
:105DA000082D03D102214420015502E002214520A3
:105DB0000155042229462068FFF7BFFF2068406C88
:105DC00040F40040216848641349206888421BD091
:105DD0002068B0F1804F17D010492068884213D056
:105DE0000F49206888420FD00E49206888420BD0A6
:105DF0000D492068884207D00C492068884203D0AA
:105E00000B492068884221D12068806800F007068D
:105E1000062E21D0206813E000000140000400405D
:105E200000080040000C0040000401400040014018
:105E3000001800402D370108EB360108FF1E01084D
:105E4000006840F001002168086005E020680068F3
:105E500040F0010021680860002095E770B5044615
:105E60000D46002229462068FFF767FF00BF206823
:105E7000006A41F21111084050B92068006A891087
:105E8000084028B92068406C20F40040216848642C
:105E900000BF00BF2068006A41F21111084050B9EC
:105EA0002068006A8910084028B92068006820F03E
:105EB00001002168086000BF1DB9012084F842007C
:105EC0000EE0042D03D101214320015508E0082DE7
:105ED00003D101214420015502E001214520015553
:105EE000002070BD2DE9F04104460D46002615B98D
:105EF00094F842000BE0042D02D14320005D06E03F
:105F0000082D02D14420005D01E04520005D0128FC
:105F100002D00120BDE8F0811DB9022084F84200C2
:105F20000EE0042D03D102214320015508E0082D85
:105F300003D102214420015502E0022145200155F0
:105F400025B1042D09D0082D15D10DE02068C068B9
:105F500040F002002168C8600FE02068C06840F08F
:105F600004002168C86008E02068C06840F00800AC
:105F70002168C86001E0012600BF00BFE6BB2068C1
:105F8000C06840F080002168C8600422294620686B
:105F9000FFF7D3FE2068406C40F40040216848645D
:105FA000F749206888421BD02068B0F1804F17D095
:105FB000F4492068884213D0F349206888420FD002
:105FC000F249206888420BD0F1492068884207D006
:105FD000F0492068884203D0EF49206888420CD1FC
:105FE0002068806800F00707062F0CD02068006842
:105FF00040F001002168086005E02068006840F07A
:10600000010021680860304684E72DE9F04104462C
:106010000D46002625B1042D09D0082D15D10DE01F
:106020002068C06820F002002168C8600FE0206886
:10603000C06820F004002168C86008E02068C068DB
:1060400020F008002168C86001E0012600BF00BF01
:10605000002E4AD1002229462068FFF76EFE2068F4
:10606000076A40F24440384028B92068C06820F0F0
:1060700080002168C86000BF2068006A41F21111E9
:10608000084050B92068006A8910084028B9206883
:10609000406C20F400402168486400BF00BF2068C5
:1060A000006A41F21111084050B92068006A891055
:1060B000084028B92068006820F0010021680860C5
:1060C00000BF1DB9012084F842000EE0042D03D169
:1060D00001214320015508E0082D03D1012144206E
:1060E000015502E00121452001553046BDE8F0810F
:1060F00070B50546AC6B606AA84204D101202077D8
:1061000084F8420010E0A06AA84205D1022020775E
:1061100001214320015507E0E06AA84204D1042090
:1061200020770121442001552046FBF7E7FE00209F
:10613000207770BD70B50546AC6B606AA84207D188
:1061400001202077E869C0B9012084F8420014E0FA
:10615000A06AA84207D102202077E86968B9012126
:106160004320015509E0E06AA84206D104202077C7
:10617000E86910B90121442001552046FCF73FFA97
:106180000020207770BD2DE9F04704460D461646E5
:106190001F464FF0000815B994F842000BE0042D9B
:1061A00002D14320005D06E0082D02D14420005DAD
:1061B00001E04520005D022801D1BDE8F08715B956
:1061C00094F842000BE0042D02D14320005D06E06C
:1061D000082D02D14420005D01E04520005D01282A
:1061E00018D106B10FB90120E7E71DB9022084F8E4
:1061F000420011E0042D03D10221432001550BE0A0
:10620000082D03D102214420015505E0022145203B
:10621000015501E00120D0E725B1042D1DD0082D46
:1062200051D135E05D49606AC1635D49606A0164CE
:106230005C49606AC164216801F134023B46314621
:10624000606A05F042FA08B10120B6E72068C0682C
:1062500040F400702168C86038E05049A06AC1630A
:106260004F49A06A01644F49A06AC164216801F1E5
:1062700038023B463146A06A05F027FA08B10120F2
:106280009BE72068C06840F480602168C8601DE01A
:106290004249E06AC1634249E06A01644149E06AF7
:1062A000C164216801F13C023B463146E06A05F0D9
:1062B0000CFA08B1012080E72068C06840F4006053
:1062C0002168C86002E04FF0010800BF00BFB8F1CC
:1062D000000F3ED1042229462068FFF72EFD2068DA
:1062E000406C40F400402168486425492068884299
:1062F0001BD02068B0F1804F17D022492068884217
:1063000013D02149206888420FD020492068884254
:106310000BD01F492068884207D01E492068884258
:1063200003D01D49206888420DD12068806800F0A4
:106330000709B9F1060F0CD02068006840F0010091
:106340002168086005E02068006840F001002168CD
:106350000860404631E770B504460D46002625B179
:10636000042D21D0082D33D128E02068C06820F406
:1063700000702168C860606A05F04AFA2AE00000EF
:10638000000001400004004000080040000C0040F4
:106390000004014000400140001800403561010840
:1063A000BF250108F16001082068C06820F4806002
:1063B0002168C860A06A05F02BFA0BE02068C0686D
:1063C00020F400602168C860E06A05F021FA01E06D
:1063D000012600BF00BF002E3ED1002229462068C2
:1063E000FFF7ABFC00BF2068006A41F211110840C2
:1063F00050B92068006A8910084028B92068406CAC
:1064000020F400402168486400BF00BF2068006A93
:1064100041F21111084050B92068006A8910084003
:1064200028B92068006820F001002168086000BFDA
:106430001DB9012084F842000EE0042D03D1012192
:106440004320015508E0082D03D1012144200155C6
:1064500002E0012145200155304670BD70B504466B
:106460000D4615B994F842000BE0042D02D14320EB
:10647000005D06E0082D02D14420005D01E04520CA
:10648000005D012801D0012070BD1DB9022084F8F3
:1064900042000EE0042D03D102214320015508E003
:1064A000082D03D102214420015502E0022145209C
:1064B0000155042229462068FFF73FFC2068406C04
:1064C00040F4004021684864FE49206888421BD09F
:1064D0002068B0F1804F17D0FB492068884213D064
:1064E000FA49206888420FD0F949206888420BD0C9
:1064F000F8492068884207D0F7492068884203D0CD
:10650000F649206888420CD12068806800F00706B0
:10651000062E0CD02068006840F001002168086059
:1065200005E02068006840F0010021680860002054
:10653000AAE770B504460D46002229462068FFF7F9
:10654000FCFB00BF2068006A41F21111084050B9FD
:106550002068006A8910084028B92068406C20F43F
:1065600000402168486400BF00BF2068006A41F213
:106570001111084050B92068006A8910084028B9F4
:106580002068006820F001002168086000BF1DB984
:10659000012084F842000EE0042D03D101214320A4
:1065A000015508E0082D03D101214420015502E0E6
:1065B000012145200155002070BD2DE9F041044620
:1065C0000D46002615B994F842000BE0042D02D1C7
:1065D0004320005D06E0082D02D14420005D01E06B
:1065E0004520005D012802D00120BDE8F0811DB9E1
:1065F000022084F842000EE0042D03D10221432042
:10660000015508E0082D03D102214420015502E084
:1066100002214520015525B1042D09D0082D15D1A1
:106620000DE02068C06840F002002168C8600FE0FB
:106630002068C06840F004002168C86008E0206855
:10664000C06840F008002168C86001E0012600BF72
:1066500000BFE6BB2068C06840F080002168C860C9
:10666000042229462068FFF768FB2068406C40F44C
:106670000040216848649349206888421BD0206804
:10668000B0F1804F17D090492068884213D08F49CD
:10669000206888420FD08E49206888420BD08D49EF
:1066A0002068884207D08C492068884203D08B49F3
:1066B000206888420CD12068806800F00707062F08
:1066C0000CD02068006840F001002168086005E0F7
:1066D0002068006840F0010021680860304684E7C7
:1066E0002DE9F04104460D46002625B1042D09D0C0
:1066F000082D15D10DE02068C06820F00200216847
:10670000C8600FE02068C06820F004002168C860FD
:1067100008E02068C06820F008002168C86001E037
:10672000012600BF00BF002E4AD100222946206862
:10673000FFF703FB2068076A40F24440384028B95D
:106740002068C06820F080002168C86000BF206811
:10675000006A41F21111084050B92068006A89109E
:10676000084028B92068406C20F400402168486443
:1067700000BF00BF2068006A41F21111084050B903
:106780002068006A8910084028B92068006820F055
:1067900001002168086000BF1DB9012084F8420093
:1067A0000EE0042D03D101214320015508E0082DFE
:1067B00003D101214420015502E00121452001556A
:1067C0003046BDE8F0812DE9F04704460D461646F7
:1067D0001F464FF0000815B994F842000BE0042D55
:1067E00002D14320005D06E0082D02D14420005D67
:1067F00001E04520005D022801D1BDE8F08715B910
:1068000094F842000BE0042D02D14320005D06E025
:10681000082D02D14420005D01E04520005D0128E3
:1068200018D106B10FB90120E7E71DB9022084F89D
:10683000420011E0042D03D10221432001550BE059
:10684000082D03D102214420015505E002214520F5
:10685000015501E00120D0E725B1042D1DD0082D00
:1068600066D14AE01E49606AC1631E49606A0164DC
:106870001D49606AC164216801F134023B4631461A
:10688000606A04F022FF08B10120B6E72068C06802
:1068900040F400702168C8604DE01149A06AC163EE
:1068A0001049A06A01641049A06AC164216801F11D
:1068B00038023B463146A06A04F007FFB0B1012020
:1068C0009BE7000000000140000400400008004079
:1068D000000C00400004014000400140001800404E
:1068E00035610108BF250108F16001082068C06812
:1068F00040F480602168C8601DE0F949E06AC16326
:10690000F849E06A0164F849E06AC164216801F16C
:106910003C023B463146E06A04F0D7FE08B1012054
:106920006BE72068C06840F400602168C86002E03E
:106930004FF0010800BF00BFB8F1000F3ED10422A4
:1069400029462068FFF7F9F92068406C40F40040C0
:1069500021684864E549206888421BD02068B0F16E
:10696000804F17D0E2492068884213D0E14920685F
:1069700088420FD0E049206888420BD0DF49206868
:10698000884207D0DE492068884203D0DD4920686C
:1069900088420DD12068806800F00709B9F1060F20
:1069A0000CD02068006840F001002168086005E014
:1069B0002068006840F001002168086040461CE73C
:1069C00070B504460D46002625B1042D0CD0082DC7
:1069D0001ED113E02068C06820F400702168C860F0
:1069E000606A04F015FF15E02068C06820F480603C
:1069F0002168C860A06A04F00BFF0BE02068C06843
:106A000020F400602168C860E06A04F001FF01E042
:106A1000012600BF00BF002E3ED10022294620687B
:106A2000FFF78BF900BF2068006A41F2111108409E
:106A300050B92068006A8910084028B92068406C65
:106A400020F400402168486400BF00BF2068006A4D
:106A500041F21111084050B92068006A89100840BD
:106A600028B92068006820F001002168086000BF94
:106A70001DB9012084F842000EE0042D03D101214C
:106A80004320015508E0082D03D101214420015580
:106A900002E0012145200155304670BD2DE9F04747
:106AA00004460D460DB9042000E00020824694F80B
:106AB0003E603F20075D94F8428094F84390012E99
:106AC00007D1012F05D1B8F1010F02D1B9F1010FA2
:106AD00002D00120BDE8F087022084F83E000221A8
:106AE0003F200155022084F8420043200155042232
:106AF00029462068FFF721F9012251462068FBF75B
:106B00005AFB2068406C40F4004021684864002033
:106B1000E0E770B504460D460DB9042000E0002002
:106B20000646002229462068FFF707F90022314671
:106B30002068FBF740FB00BF2068006A41F211119A
:106B4000084050B92068006A8910084028B92068B8
:106B5000406C20F400402168486400BF00BF2068FA
:106B6000006A41F21111084050B92068006A89108A
:106B7000084028B92068006820F0010021680860FA
:106B800000BF012084F83E0001213F200155012073
:106B900084F8420043200155002070BD2DE9F047E4
:106BA00004460D460DB9042000E00020824694F80A
:106BB0003E603F20075D94F8428094F84390012E98
:106BC00007D1012F05D1B8F1010F02D1B9F1010FA1
:106BD00002D00120BDE8F087022084F83E000221A7
:106BE0003F200155022084F84200432001552068CF
:106BF000C06840F002002168C8602068C06840F0AA
:106C000004002168C860042229462068FFF795F82F
:106C1000012251462068FBF7CEFA2068406C40F410
:106C20000040216848640020D4E770B504460D4652
:106C30000DB9042000E0002006462068C06820F05E
:106C400002002168C8602068C06820F00400216844
:106C5000C860002229462068FFF76FF800223146FD
:106C60002068FBF7A8FA00BF2068006A41F2111102
:106C7000084050B92068006A8910084028B9206887
:106C8000406C20F400402168486400BF00BF2068C9
:106C9000006A41F21111084050B92068006A891059
:106CA000084028B92068006820F0010021680860C9
:106CB00000BF012084F83E0001213F200155012042
:106CC00084F8420043200155002070BD10B50346F2
:106CD00000BF93F83C00012816D1022010BD00002F
:106CE00035610108BF250108F1600108000001407D
:106CF0000004004000080040000C00400004014077
:106D00000040014000180040012083F83C0000BF13
:106D100029B1102903D0202901D030290AD11868BF
:106D2000806820F070001C68A060186880680843C4
:106D30001C68A0601868406840F001001C68606032
:106D40001868406820F004001C686060186840689B
:106D500010431C6860601868C06820F020001C6840
:106D6000E0601868C06820F400501C68E06000BF54
:106D7000002083F83C0000BF00BFAFE710B503461A
:106D800000BF93F83C00012801D1022010BD012072
:106D900083F83C0000BF29B1102903D0202901D07D
:106DA00030290AD11868806820F070001C68A06043
:106DB0001868806808431C68A0601868406840F044
:106DC00001001C6860601868406820F004001C68BE
:106DD00060601868406810431C6860601868C0688C
:106DE00020F400501C68E0601868C06840F0200083
:106DF0001C68E06000BF002083F83C0000BF00BFBB
:106E0000C4E7704770B50446A56B012085F83D00C6
:106E10002846FFF7F6FF70BD704770B50446A56BB6
:106E2000012085F83D002846FFF7F6FF70BD10B53C
:106E3000034600BF93F83C00012801D1022010BD99
:106E4000012083F83C0000BF29B1102903D020297C
:106E500001D030290AD11868806820F070001C68C1
:106E6000A0601868806808431C68A06018684068C3
:106E700040F001001C6860601868406820F0040061
:106E80001C6860601868406810431C686060AFF25E
:106E90007504586BC463AFF29304586B0464644C7C
:106EA000586BC4641868C06820F020001C68E0605B
:106EB0001868C06840F400501C68E06000BF002003
:106EC00083F83C0000BF00BFB9E730B502460B466F
:106ED00000BF92F83C00012801D1022030BD012002
:106EE00082F83C0000BF022082F83D001068446830
:106EF0001068816824F070041868044310684460C6
:106F00004C4D1068A8421BD01068B0F1804F17D0CC
:106F1000494D1068A84213D0484D1068A8420FD0C0
:106F2000474D1068A8420BD0464D1068A84207D0C4
:106F3000454D1068A84203D0444D1068A84205D1C1
:106F400021F080015868014310688160012082F8B7
:106F50003D0000BF002082F83C0000BF00BFBDE73D
:106F600010B50346002200BF93F83C00012801D170
:106F7000022010BD012083F83C0000BF22F0FF007A
:106F8000CC6840EA040222F440708C6840EA0402B3
:106F900022F480604C6840EA040222F400600C682D
:106FA00040EA040222F480500C6940EA040222F410
:106FB00000504C6940EA040222F48040CC6940EA67
:106FC00004021868426400BF002083F83C0000BF40
:106FD00000BFCEE7024600BF92F83C00012801D175
:106FE00002207047012082F83C0000BF1068016554
:106FF00000BF002082F83C0000BF00BFF1E77047EF
:10700000014691F83D007047024611B992F84230AE
:107010000BE0042902D143239B5C06E0082902D13E
:1070200044239B5C01E045239B5C184670470000AD
:10703000FF1E01080000014000040040000800405D
:10704000000C0040000401400040014000180040D6
:10705000704738B504460CB9012038BD256894F84E
:10706000D50328B9002084F8D403204612F090FC00
:10707000032084F8D503B5F1A04F01D10021A171FF
:10708000206801F028FE207C8DF8000094E80F00B5
:1070900001F076FD20B1022084F8D5030120DCE761
:1070A0000121206801F023FE20B1022084F8D503DD
:1070B0000120D2E7207C8DF8000094E80F0002F058
:1070C000F6FD20B1022084F8D5030120C5E7012098
:1070D00084F8D5030020C0E710B502460023C1EBB9
:1070E000011402F1140000EB84008371C1EB011460
:1070F00002F1140000EB8400C371C1EB011402F132
:10710000140000EB84004374C1EB011402F114007D
:1071100000EB84000374002010BD2DE9FF5F0446DE
:107120000D4616469B46DDE90E78DDF840A000BF0F
:1071300094F8D403012803D1022004B0BDE8F09FE5
:10714000012084F8D40300BF0021C5EB051204F12F
:10715000140000EB82004171C5EB051104F114002D
:1071600000F821B0C5EB051100EB81004570C5EBBF
:10717000051104F1140000EB810080F8128006F084
:107180007F01C5EB051204F1140000EB8200817051
:1071900029462046FFF7A0FF06F08000802808D18E
:1071A0000121C5EB051204F1140000EB8200C1704F
:1071B00007E00021C5EB051204F1140000EB82008A
:1071C000C170206802F04FFE8146B8F1010F09D16D
:1071D000012F07D1B9F1000F04D1BAF1BC0F01D9C9
:1071E0004FF0BC0AC5EB051104F1140000EB81005F
:1071F0000771C5EB051204F1140000EB8200A0F842
:1072000014A01FFA8AF0CDE9007802905B4632465E
:107210002946206802F03AFE039000BF002084F85F
:10722000D40300BF039888E770B504460D460026D6
:1072300000BF94F8D403012801D1022070BD0120C1
:1072400084F8D40300BF2946206803F0FDF800BF8E
:10725000002084F8D40300BF3046EFE7704710B534
:1072600004460CB9012010BD032084F8D503204644
:1072700012F0DEFB206801F02EFD002084F8D5031B
:1072800000BFF0E72DE9F05F04460D4616461F46A5
:10729000DDE90C9BDDE90A8AC5EB051104F1140058
:1072A00000EB8100C670C5EB051104F1140000EB82
:1072B00081008774B8F1000F10D10321C5EB0512CE
:1072C00004F1140000EB82008175C5EB051104F197
:1072D000140000EB810080F805B007E00221C5EB47
:1072E000051204F1140000EB8200817537B1012F03
:1072F0006FD0022F51D0032F6CD187E0B8F1010F6E
:107300004AD136BBB9F1000F08D10121C5EB0512F6
:1073100004F1140000EB820080F82910C5EB051180
:1073200004F1140000EB810090F8290040B900211D
:10733000C5EB051204F1140000EB820081752BE00F
:107340000221C5EB051204F1140000EB82008175E7
:1073500022E0C5EB051104F1140000EB81008079F7
:10736000012819D1C5EB051104F1140000EB8100CF
:1073700090F8280040B90021C5EB051204F1140073
:1073800000EB8200817507E00221C5EB051204F1D4
:10739000140000EB8200817579E0E6B9C5EB0511B8
:1073A00004F1140000EB810090F8290040B900219D
:1073B000C5EB051204F1140000EB8200817524E096
:1073C0000221C5EB051204F1140000EB8200817567
:1073D0001BE052E05AE0C5EB051104F1140000EB8C
:1073E000810090F8280040B90021C5EB051204F196
:1073F000140000EB8200817507E00221C5EB051245
:1074000004F1140000EB8200817540E0D6B9C5EBB1
:10741000051104F1140000EB810090F8290040B937
:107420000021C5EB051204F1140000EB8200817508
:1074300022E00221C5EB051204F1140000EB8200EA
:10744000817519E0C5EB051104F1140000EB810012
:1074500090F8280040B90021C5EB051204F1140092
:1074600000EB8200817507E00221C5EB051204F1F3
:10747000140000EB8200817509E00021C5EB0512C4
:1074800004F1140000EB8200817500E000BF00BF32
:10749000C5EB051104F1140000EB8100C0F818A041
:1074A000C5EB051104F1140000EB8100C0F8209039
:1074B0000021C5EB051204F1140000EB820080F8F6
:1074C0003810C5EB051204F1140000EB8200416294
:1074D000C5EB051104F1140000EB8100457000219B
:1074E000C5EB051204F1140000EB820080F839109E
:1074F000A279C5EB051C04F1140303EB8C01206891
:1075000002F0DBFDBDE8F09F2DE9F84F0546D5F808
:1075100000B05F462868D0F8208008F00F04C8F358
:1075200043400090C8F30A160098022806D00328AA
:107530007DD005287CD007287BD18CE0002E79D027
:10754000C4EB041105F1140000EB810080690028F0
:107550007DD0C4EB041105F1140000EB8100406AFA
:107560008119C4EB041205F1140000EB8200006ADB
:10757000814263D8B2B2C4EB041C05F1140303EBDF
:107580008C039969286802F0CCF9C4EB041105F169
:10759000140000EB810080698119C4EB041205F12D
:1075A000140000EB82008161C4EB041105F11400AA
:1075B00000EB8100406A8119C4EB041205F114004C
:1075C00000EB8200416207F5A06000EB4410006907
:1075D000C0F3C94AC4EB041105F1140000EB8100AB
:1075E000808AB04233D1BAF1000F30D007F5A060E5
:1075F00000EB4410D0F8009029F0804949F0004990
:1076000007F5A06000EB4410C0F80090C4EB041133
:1076100005F1140000EB810090F8280080F00101D2
:10762000C4EB041205F1140000EB820003E011E04A
:107630000EE00EE00BE080F8281008E00421C4EB17
:10764000041205F1140000EB820080F8381003E00A
:1076500002E000BF00BF00BF00BFBDE8F88F704769
:107660002DE9F04705460C46D5F800904E462146D8
:10767000286802F086FA00F00400042813D10421DF
:1076800006F5A06000EB441081600721C4EB0412F2
:1076900005F1140000EB820080F8391021462868BB
:1076A00002F0D2FE84E32146286802F06AFA00F074
:1076B0002000202865D1202106F5A06000EB4410B1
:1076C0008160C4EB041105F1140000EB81004079E6
:1076D00001281DD10021C4EB041205F1140000EBB8
:1076E000820041710221C4EB041205F1140000EB89
:1076F000820080F838100321C4EB041205F1140055
:1077000000EB820080F839102146286802F09CFEC8
:10771000C4EB041105F1140000EB8100807901280D
:10772000C0D1C4EB041105F1140000EB8100C07955
:107730000028B7D1C4EB041105F1140000EB81005F
:10774000807C012807D00121C4EB041205F114004C
:1077500000EB8200C1710321C4EB041205F1140097
:1077600000EB820080F839102146286802F06CFE98
:107770000021C4EB041205F1140000EB8200016348
:1077800016E32146286802F0FCF900F40070B0F519
:10779000007F0BD14FF4007106F5A06000EB4410A0
:1077A00081602146286802F04FFE01E321462868E7
:1077B00002F0E7F900F00100E8B30021C4EB041285
:1077C00005F1140000EB820001632146286802F0F5
:1077D000D8F900F0400040280DD10121C4EB04127B
:1077E00005F1140000EB82004171402106F5A06014
:1077F00000EB44108160C4EB041105F1140000EBB0
:107800008100C07998B10021C4EB041205F1140085
:1078100000EB8200C17106F5A06000EB44104068E7
:1078200020F4803106F5A06000EB44104160012196
:1078300006F5A06000E00FE000EB44108160C4EBAF
:10784000041205F1140000EB820080F83910214683
:10785000286802F0F9FDABE22146286802F091F9B0
:1078600000F0400040282BD10521C4EB041205F1A3
:10787000140000EB820080F83910C4EB041105F10C
:10788000140000EB8100807938B90121C4EB0412A7
:1078900005F1140000EB820041710021C4EB0412D9
:1078A00005F1140000EB820001632146286802F014
:1078B000CBFD402106F5A06000EB4410816077E22B
:1078C0002146286802F05DF900F00800082813D16D
:1078D000082106F5A06000EB441081600621C4EB8E
:1078E000041205F1140000EB820080F839102146E3
:1078F000286802F0A9FD5BE22146286802F041F900
:1079000000F01000102833D10021C4EB041205F15F
:10791000140000EB820001630421C4EB041205F1A2
:10792000140000EB820080F83910C4EB041105F15B
:10793000140000EB8100407978B9C4EB041105F123
:10794000140000EB8100007938B90121C4EB041266
:1079500005F1140000EB820041712146286802F015
:1079600073FD102106F5A06000EB441081601FE25A
:107970002146286802F005F900F08000802863D1D4
:10798000A87968B90721C4EB041205F1140000EBD3
:10799000820080F839102146286802F055FD4CE03D
:1079A000C4EB041105F1140000EB8100006B401CD6
:1079B000C4EB041205F1140101EB82010863C4EB6E
:1079C000041105F1140000EB8100006B02281DD9A1
:1079D0000021C4EB041205F1140000EB82000163E6
:1079E0000421C4EB041205F1140000EB820080F8BE
:1079F0003810C4EB041105F1140000EB810090F87D
:107A000038202146284612F03FF816E00221C4EB48
:107A1000041205F1140000EB820080F8381006F51E
:107A2000A06000EB4410076827F0804747F000474C
:107A300006F5A06000EB44100760802106F5A06009
:107A400000EB44108160B3E12146286802F099F808
:107A500000F48060B0F5806F14D10921C4EB0412EA
:107A600005F1140000EB820080F8391021462868E7
:107A700002F0EAFC4FF4806106F5A06000EB4410D0
:107A8000816095E12146286802F07BF800F0020051
:107A900002287DD1022106F5A06000EB4410816030
:107AA000C4EB041105F1140000EB810090F83900DB
:107AB000012876D10221C4EB041205F1140000EB79
:107AC000820080F839100121C4EB041205F1140082
:107AD00000EB820080F83810C4EB041105F11400AB
:107AE00000EB8100807C022808D0C4EB041105F172
:107AF000140000EB8100807C032851D1A87988B95B
:107B0000C4EB041105F1140000EB810090F829008A
:107B100080F00101C4EB041205F1140000EB8200B7
:107B200080F82910A8790128E7D1C4EB041105F1E8
:107B3000140000EB8100006A002831D0C4EB04116E
:107B400005F1140000EB8100C4EB0412016A05F199
:107B5000140000EB8200808A0844401EC4EB04122B
:107B600005F1140101EB8201898AB0FBF1F808F0FC
:107B700001000028E1D0C4EB041105F1140000EB72
:107B8000810090F8290080F00101C4EB041201E0AB
:107B90000DE106E005F1140000EB820080F82910E9
:107BA000F8E0C4EB041105F1140000EB810090F83B
:107BB000390003281BD10221C4EB041205F1140083
:107BC00000EB820080F83910C4EB041105F11400B9
:107BD00000EB8100C079012808D10221C4EB041216
:107BE00005F1140000EB820080F83810D2E0C4EBFD
:107BF000041105F1140000EB810090F8390004280D
:107C00002ED10221C4EB041205F1140000EB820016
:107C100080F83910C4EB041205F1140000EB820067
:107C200080F83810C4EB041105F1140000EB81005A
:107C3000C079012813D10021C4EB041205F114000E
:107C400000EB8200C17106F5A06000EB44104068B3
:107C500020F4803106F5A06000EB4410416099E00B
:107C6000C4EB041105F1140000EB810090F8390019
:107C7000052811D10221C4EB041205F1140000EB18
:107C8000820080F83910C4EB041205F1140000EBF7
:107C9000820080F838107DE0C4EB041105F1140077
:107CA00000EB810090F83900062812D10221C4EBC4
:107CB000041205F1140000EB820080F83910052150
:107CC000C4EB041205F1140000EB820080F83810B8
:107CD00060E0C4EB041105F1140000EB810090F8A2
:107CE0003900072809D0C4EB041105F1140000EB9A
:107CF000810090F8390009284AD10221C4EB04120E
:107D000005F1140000EB820080F83910C4EB041177
:107D100005F1140000EB8100006B401CC4EB041261
:107D200005F1140101EB82010863C4EB041105F1B4
:107D3000140000EB8100006B022811D90021C4EB74
:107D4000041205F1140000EB820001630421C4EB6E
:107D5000041205F1140000EB820080F8381019E0DD
:107D60000221C4EB041205F1140000EB820080F83C
:107D7000381006F5A06000EB4410076827F0804734
:107D800047F0004706F5A06000EB4410076001E0F3
:107D9000BDE8F087C4EB041105F1140000EB81008D
:107DA00090F838202146284611F06EFE00E0EFE7FB
:107DB00000BFEDE72DE9F04105460C46D5F80080FF
:107DC00046462146286801F0DCFE00F00400042845
:107DD00013D1042106F5A06000EB44108160072157
:107DE000C4EB041205F1140000EB820080F8391096
:107DF0002146286802F028FB72E02146286801F03D
:107E0000C0FE00F48070B0F5807F14D14FF4807113
:107E100006F5A06000EB441081600821C4EB041259
:107E200005F1140000EB820080F839102146286823
:107E300002F00AFB54E02146286801F0A2FE00F09F
:107E40000800082813D1082106F5A06000EB4410B3
:107E500081600621C4EB041205F1140000EB8200DE
:107E600080F839102146286802F0EEFA38E0214601
:107E7000286801F086FE00F48060B0F5806F14D1B0
:107E80004FF4806106F5A06000EB44108160092189
:107E9000C4EB041205F1140000EB820080F83910E5
:107EA0002146286802F0D0FA1AE02146286801F03D
:107EB00068FE00F08000802812D1802106F5A060C5
:107EC00000EB441081600721C4EB041205F114009B
:107ED00000EB820080F839102146286802F0B4FADD
:107EE0002146286801F04DFE00F40070B0F5007FD7
:107EF0000BD12146286802F0A7FA4FF4007106F56D
:107F0000A06000EB44108160DCE02146286801F0AD
:107F100038FE00F0010000287ED0202106F5A06088
:107F200000EB44108160C4EB041105F1140000EB78
:107F30008100C079012813D10021C4EB041205F19E
:107F4000140000EB8200C17106F5A06000EB441044
:107F5000406820F4803106F5A06000EB44104160D9
:107F6000A879A8B1C4EB041105F1140000EB81005D
:107F7000C16906F5A06000EB44100069C0F312006F
:107F8000091AC4EB041205F1140000EB82004162EF
:107F90000121C4EB041205F1140000EB820080F80B
:107FA00039100021C4EB041205F1140000EB82002B
:107FB0000163012106F5A06000EB44108160C4EB71
:107FC000041105F1140000EB8100807C40B1C4EB8A
:107FD000041105F1140000EB8100807C02280AD115
:107FE0002146286802F030FA102106F5A06000EB67
:107FF0004410816034E0C4EB041105F1140000EB7F
:108000008100807C03280AD0C4EB041105F1140020
:1080100000EB8100807C00E068E0012820D106F5BB
:10802000A06000EB4410006840F0005106F5A0602D
:1080300000EB441001600121C4EB041205F11400AF
:1080400000EB820080F83810C4EB041105F1140035
:1080500000EB810090F838202146284611F014FDED
:10806000A87901282FD1C4EB041105F1140000EB0D
:108070008100C4EB0412416A05F1140000EB820098
:10808000808A0844401EC4EB041205F1140101EB80
:108090008201898AB0FBF1F000F00100002811D0C4
:1080A000C4EB041105F1140000EB810090F82800E6
:1080B00080F00101C4EB041205F1140000EB820012
:1080C00080F8281064E3C4EB041105F1140000EB00
:1080D000810090F8280080F00101C4EB041205F142
:1080E000140000EB820080F8281051E32146286834
:1080F00001F047FD00F02000202824D1202106F5C2
:10810000A06000EB44108160C4EB041105F1140081
:1081100000EB810080790128D4D10121C4EB041245
:1081200005F1140000EB8200C1710321C4EB0412BD
:1081300005F1140000EB820080F839102146286810
:1081400002F082F924E32146286801F01AFD00F0CC
:10815000020002287DD1022106F5A06000EB441048
:108160008160C4EB041105F1140000EB810090F86C
:108170003900012812D10221C4EB041205F11400C8
:1081800000EB820080F839100121C4EB041205F1E4
:10819000140000EB820080F8381037E2C4EB0411C1
:1081A00005F1140000EB810090F83900062812D187
:1081B0000221C4EB041205F1140000EB820080F8E8
:1081C00039100521C4EB041205F1140000EB820004
:1081D00080F838101AE2C4EB041105F1140000EB2A
:1081E000810090F83900072809D0C4EB041105F18B
:1081F000140000EB810090F8390009287ED102219B
:10820000C4EB041205F1140000EB820080F8391071
:10821000C4EB041105F1140000EB8100006B401C5D
:10822000C4EB041205F1140101EB82010863C4EBF5
:10823000041105F1140000EB8100006B022837D90E
:108240000021C4EB041205F1140000EB820001636D
:1082500000E0E8E1C4EB041105F1140000EB81003B
:10826000807901281AD10021C4EB041205F1140011
:1082700000EB8200C171C4EB041205F1140000EBA5
:108280008200017206F5A06000EB4410406820F403
:10829000803106F5A06000EB441041600421C4EB7E
:1082A000041205F1140000EB820080F83810ADE1F3
:1082B0000221C4EB041205F1140000EB820080F8E7
:1082C0003810C4EB041105F1140000EB8100807C30
:1082D00040B1C4EB041105F1140000EB8100807C77
:1082E0000228E4D106F5A06000EB4410076827F0EF
:1082F000804747F0004706F5A06000E003E000EB90
:108300004410076082E1C4EB041105F1140000EB96
:10831000810090F83900052872D10221C4EB0412C3
:1083200005F1140000EB820080F83910C4EB041151
:1083300005F1140000EB8100C0790128B7D1C4EB2E
:10834000041105F1140000EB8100807C032858D152
:10835000C4EB041105F1140000EB8100406B401CDC
:10836000C4EB041205F1140101EB82014863C4EB74
:10837000041105F1140000EB8100406B022835D98F
:108380000021C4EB041205F1140000EB82004163EC
:10839000C4EB041205F1140000EB8200C171C4EBC0
:1083A000041105F1140000EB8100006B032807D2D3
:1083B0000121C4EB041205F1140000EB82000172EC
:1083C00006F5A06000EB4410406820F4803106F50B
:1083D000A06000EB441041600421C4EB041205F1DD
:1083E000140000EB820080F8381013E00221C4EB87
:1083F000041205F1140000EB820080F8381009E047
:1084000028E00221C4EB041205F1140000EB820005
:1084100080F83810C4EB041105F1140000EB810062
:10842000807C40B1C4EB041105F1140000EB810025
:10843000807C02280DD106F5A06000EB441007688F
:1084400027F0804747F0004706F5A06000EB441096
:108450000760DBE0C4EB041105F1140000EB8100C0
:1084600090F8390003285ED10221C4EB041205F113
:10847000140000EB820080F83910C4EB041105F100
:10848000140000EB8100C07901284BD10221C4EB1C
:10849000041205F1140000EB820080F8381006F594
:1084A000A06000EB4410406840F4803106F5A06005
:1084B00000EB4410416006F5A06000EB4410C0687A
:1084C00040F0400106F5A06000EB4410C16006F5E5
:1084D000A06000EB4410C06820F0200106F5A06009
:1084E00000EB4410C160C4EB041105F1140000EB73
:1084F0008100807C40B1C4EB041105F1140000EB55
:108500008100807C02280DD106F5A06000EB4410AC
:10851000076827F0804747F0004706F5A06000EBAA
:108520004410076072E0C4EB041105F1140000EB85
:10853000810090F83900042830D10221C4EB0412E4
:1085400005F1140000EB820080F83910C4EB04122E
:1085500005F1140000EB820080F83810C4EB041120
:1085600005F1140000EB8100807C40B1C4EB0411E4
:1085700005F1140000EB8100807C022846D106F54D
:10858000A06000EB4410076827F0804747F00047E1
:1085900006F5A06000EB4410076037E0C4EB04115F
:1085A00005F1140000EB810090F83900082821D172
:1085B0000221C4EB041205F1140000EB820080F8E4
:1085C0003910C4EB041105F1140000EB8100006BBD
:1085D000401CC4EB041205F1140101EB8201086395
:1085E0000421C4EB041205F1140000EB820080F8B2
:1085F00038100BE0C4EB041105F1140000EB81000E
:1086000090F83900022801D1BDE8F081C4EB0411D3
:1086100005F1140000EB810090F83820214628462F
:1086200011F032FAB4E02146286801F0AAFA00F00D
:108630004000402823D1402106F5A06000EB441003
:1086400081600521C4EB041205F1140000EB8200E7
:1086500080F83910C4EB041105F1140000EB81001F
:10866000807938B90021C4EB041205F1140000EB45
:10867000820001632146286801F0E6FE88E0214679
:10868000286801F07EFA00F0100010287ED1C4EBBB
:10869000041105F1140000EB8100807C032815D142
:1086A0000021C4EB041205F1140000EB8200016309
:1086B0000421C4EB041205F1140000EB820080F8E1
:1086C00039102146286801F0BFFE30E0C4EB0411E8
:1086D00005F1140000EB8100807C40B1C4EB041173
:1086E00005F1140000EB8100807C02281FD10021DD
:1086F000C4EB041205F1140000EB82000163A879B9
:1087000040B1C4EB041105F1140000EB8100C07905
:1087100001280CD10421C4EB041205F1140000EB74
:10872000820080F839102146286801F08DFEC4EBE4
:10873000041105F1140000EB8100C07901281FD15C
:108740000021C4EB041205F1140000EB8200C1719A
:1087500006F5A06000EB4410406820F4803106F577
:10876000A06000EB4410416006F5A06000EB4410EF
:10877000C06840F0200106F5A06000EB4410C16025
:10878000102106F5A06000EB441000E000E08160DD
:1087900000BF39E770477047704770477CB50446A3
:1087A00026683546D5F840040190D5F8400400907D
:1087B000009820F02E000090019800F0020002289E
:1087C0000AD1019800F0010010B1204611F04EF9D5
:1087D000009840F002000090019800F0080008287E
:1087E0002AD1009840F008000090019800F00400A1
:1087F00004281ED1607A02280FD1019800F4C0200D
:10880000B0F5802F04D10221206801F0C4FA0CE0F9
:108810000121206801F0BFFA07E0E079012804D1C6
:108820004EF6602140F204404151204611F035F9E6
:1088300002E0204611F038F9019800F020002028CD
:1088400003D1009840F0200000900098C5F8400443
:108850007CBD70472DE9F04104462768B846206882
:1088600000F040FA01287AD1206801F085F908B9B2
:10887000BDE8F081206801F07FF900F40010B0F548
:10888000001F03D14FF4001021684861206801F0F7
:1088900073F900F48010B0F5801F03D14FF48010FD
:1088A00021684861206801F067F900F08060B0F14C
:1088B000806F03D14FF0806021684861206801F02B
:1088C0005BF900F00200022801D1216848612068AC
:1088D00001F052F900F00050B0F1005F19D14FF0F3
:1088E000005021684861D8F8400400F0010080B9C8
:1088F0001021384600F057FA384600F02CFA607A1A
:10890000022803D10121206801F045FA204611F028
:10891000B4F8206801F030F900F08070B0F1807F89
:1089200002D12046FFF73AFF206801F025F900F058
:108930000800082805D1204611F091F80820216888
:108940004861206801F018F900F00070B0F1007F74
:1089500027D1206801F071FD064600251AE035E0B8
:1089600005F00F0101208840304090B108F5A0606B
:1089700000EB4510006800F40040B0F5004F04D152
:10898000E9B22046FFF716FA03E0E9B22046FEF707
:1089900067FE6D1C6079A842E2D84FF00070216834
:1089A0004861206801F0E8F8C0F3001070B1206859
:1089B000806920F01000216888612046FEF7A4FD40
:1089C0002068806940F010002168886100BF4FE78F
:1089D000704710B5044600BF94F8D403012801D1B4
:1089E000022010BD012084F8D40300BF01212068BB
:1089F00001F014FA206800F067F900BF002084F845
:108A0000D40300BF00BFECE710B5044600BF94F8E4
:108A1000D403012801D1022010BD012084F8D40321
:108A200000BF206801F0F0FD00BF002084F8D403EF
:108A300000BF00BFF0E710B50446206801F0D0F990
:108A400010BD014691F8D50370470246C1EB0113F2
:108A500002F1140000EB830090F8380070470246E2
:108A6000C1EB011302F1140000EB8300406A704770
:108A70000246C1EB011302F1140000EB830090F8F1
:108A80003900704710B50446206801F0F8F910BDB0
:108A900010B50446206801F0E6F910BD2DE9F0415B
:108AA00004460D4616461F46206801F0DCF9804654
:108AB000C5EB051104F1140000EB8100007918B337
:108AC000B8F1000F20D10121C5EB051204F114000B
:108AD00000EB82008171C5EB051104F1140000EB7D
:108AE0008100807C80B9C5EB051104F1140000EB16
:108AF0008100C07840B10121C5EB051204F11400DA
:108B000000EB820080F82810C5EB051104F1140079
:108B100000EB81004674C5EB051104F1140000EB75
:108B2000810007740020BDE8F081000008B501460F
:108B30000020009000BF0098401C00900098B0F109
:108B4000706F01D9032008BD086900F000400028BB
:108B5000F1D000200090086940F00100086100BFDA
:108B60000098401C00900098B0F1706F01D903206C
:108B7000E9E7086900F001000028F1D100BFE2E751
:108B80000FB470B504469DF81900012818D1A06BE8
:108B900020F48030A063E068FE490840E060E068AF
:108BA00020F44010E0609DF82000012803D1E06827
:108BB00040F48010E0602046FFF7B8FF054613E060
:108BC000E06840F04000E0602046FFF7AFFF054658
:108BD0009DF81D0020B9A06B40F48030A06303E035
:108BE000A06B20F48030A0639DF81600012807D107
:108BF000A06840F00600A060A06840F02000A060DF
:108C0000284670BC5DF814FB30B503461446022CB0
:108C100049D1E148814204D3E048814201D20F2288
:108C200045E0DE48814204D3DD48814201D20E2274
:108C30003DE0DB48814204D3DA48814201D20D2273
:108C400035E0D848814204D3D748814201D20C2272
:108C50002DE0D548814204D3D448814201D20B2271
:108C600025E0D248814204D3D148814201D20A2270
:108C70001DE0CF48814204D3CE48814201D209226F
:108C800015E0CC48814204D3CB48814201D208226E
:108C90000DE0C948814204D3C848814201D207226D
:108CA00005E0062203E00CB9092200E00922D86899
:108CB00020F47050D860D8684FF4705505EA8225CA
:108CC0002843D860002030BD0146886840F001008C
:108CD0008860002070470146886820F001008860A5
:108CE000002070470146486900F00100704770B5E8
:108CF00004460E460025E06820F0C040E060012EEA
:108D000010D1E06840F00050E06000BF0A2003F09E
:108D100032FA0A352046FFF7E5FF012815D0C82DA5
:108D2000F4D312E07EB9E06840F08040E06000BF1C
:108D30000A2003F020FA0A352046FFF7D3FF20B1BE
:108D4000C82DF5D301E0012070BDC82D01D101204F
:108D5000FAE70020F8E708B501460020009000BFC0
:108D60000098401C00900098B0F1706F01D903206A
:108D700008BD086900F000400028F1D000200090F4
:108D80001020086100BF0098401C00900098B0F1CE
:108D9000706F01D90320EBE7086900F0100010287C
:108DA000F1D00020E4E708B502460020009000BFA3
:108DB0000098401C00900098B0F1706F01D903201A
:108DC00008BD106900F000400028F1D0002000909C
:108DD000202040EA8110106100BF0098401C0090E4
:108DE0000098B0F1706F01D90320E9E7106900F035
:108DF00020002028F1D00020E2E702461346D3F8F5
:108E000000080843C3F80008002070470FB4F0B50D
:108E1000054600272E46002405E0002105F5827056
:108E200040F82410641C0F2CF7D39DF82200A0B941
:108E300040F60400805940F0020140F604008151E0
:108E4000A86B40F40010A863A86B20F40020A8636E
:108E5000A86B20F48020A86307E0A86B20F4001022
:108E6000A863A86B40F40020A8630020C6F8000E99
:108E70009DF81D0001280CD19DF81B0020B9002190
:108E80002846FFF7BAFF08E001212846FFF7B5FFA3
:108E900003E003212846FFF7B0FF10212846FFF723
:108EA00082FF00B101272846FFF755FF00B10127D7
:108EB00000214FF401608151001D815140F61C00DA
:108EC000815100242EE006F5106000EB441000688C
:108ED00000F00040B0F1004F10D13CB94FF00061FC
:108EE00006F5106000EB441001600DE04FF090417A
:108EF00006F5106000EB4410016005E0002106F566
:108F0000106000EB44100160002106F5106000EBDA
:108F1000441001614FF67F3106F5106000EB4410FC
:108F20008160641C9DF81800A042CCD800242EE07B
:108F300006F5306000EB4410006800F00040B0F12E
:108F4000004F10D13CB94FF0006106F5306000EBE6
:108F5000441001600DE04FF0904106F5306000EBE9
:108F60004410016005E0002106F5306000EB44107C
:108F70000160002106F5306000EB441001614FF6FE
:108F80007F3106F5306000EB44108160641C9DF871
:108F9000180015E0BFFFBDFFC0ACD800C0E1E40081
:108FA0000024F40080730601A0491A01002D31014C
:108FB00040A44C0100366E0120ABA6010048E80138
:108FC000A042B5D84FF40160805920F480714FF46D
:108FD000016081510020A8616FF0804068619DF8B8
:108FE0001A0018B9A86940F01000A861A869FE49E4
:108FF0000843A8619DF81E0018B1A86940F0080058
:10900000A8619DF82200012803D1A869F749084307
:10901000A8613846F0BC5DF814FB10B501460B465C
:1090200040F60804E45804F006020AB9002006E0FD
:10903000022A01D0062A01D1022000E00F2010BD33
:1090400070B504460B4622461978587801282CD171
:1090500040F61C0080581D7805F00F060125B5402C
:10906000ADB2284340F61C05A85002F5106000EB95
:109070004110006800F40040F0BB1889C0F30A00FA
:109080001D7940EA854040EA815040F0805040F42C
:10909000004002F5106505EB41152D68284302F5E7
:1090A000106505EB411528602DE040F61C00805846
:1090B0001D7805F00F060125B540CD4E06EA0545A1
:1090C000284340F61C05A85002F5306000EB411023
:1090D000006800F4004078B91889C0F30A001D79CF
:1090E00040EA854040F0805040F4004002F5306591
:1090F00005EB41152D6800E005E0284302F53065D9
:1091000005EB41152860002070BD70B504460B4684
:1091100022461978587801282CD102F5106000EB0E
:109120004110006800F40040B0B91889C0F30A008B
:109130001D7940EA854040EA815040F0805040F47B
:10914000004002F5106505EB41152D68284302F536
:10915000106505EB4115286040F63C0080581D78ED
:1091600005F00F060125B540ADB2284340F63C0599
:10917000A8502BE002F5306000EB4110006800F4CD
:109180000040A0B91889C0F30A001D7940EA854063
:1091900040EA815040F4004002F5306505EB41158E
:1091A0002D68284302F5306505EB4115286040F62F
:1091B0003C0080581D7805F00F060125B5408C4E07
:1091C00006EA0545284340F63C05A850002070BD3E
:1091D00070B504460B46224619785878012848D1C4
:1091E00002F5106000EB4110006800F00040B0F1A3
:1091F000004F17D102F5106000EB4110006840F0FD
:10920000006502F5106000EB4110056002F510608A
:1092100000EB4110006840F0804502F5106000EB63
:109220004110056040F63C0080581D7805F00F069F
:109230000125B540ADB2A84340F63C05A85040F624
:109240001C0080581D7805F00F060125B540ADB211
:10925000A84340F61C05A85002F5106000EB411031
:109260000068644D284002F5106505EB4115286043
:109270004BE002F5306000EB4110006800F0004068
:10928000B0F1004F17D102F5306000EB41100068DB
:1092900040F0006502F5306000EB4110056002F51A
:1092A000306000EB4110006840F0804502F530600E
:1092B00000EB4110056040F63C0080581D7805F039
:1092C0000F060125B5404A4E06EA0545A84340F67B
:1092D0003C05A85040F61C008558187800F00F0691
:1092E0000120B040424E06EA0040854340F61C0093
:1092F000855002F5306000EB411000683E4D28407B
:1093000002F5306505EB41152860002070BD70B591
:1093100004460B4622461978587801283BD102F5BD
:10932000106000EB4110006800F00040B0F1004F09
:1093300017D102F5106000EB4110006840F00065A5
:1093400002F5106000EB4110056002F5106000EBC3
:109350004110006840F0804502F5106000EB4110BC
:10936000056002F5106000EB4110006820F4004534
:1093700002F5106000EB4110056040F61C008058BB
:109380001D7805F00F060125B540ADB2A84340F6A3
:109390001C05A85048E002F5306000EB4110006861
:1093A00000F00040B0F1004F17D102F5306000EB43
:1093B0004110006840F0006502F5306000EB41109C
:1093C000056002F5306000EB4110006840F0804518
:1093D00002F5306000EB4110056002F5306000EBF3
:1093E000411000680AE0000000383C8004000040A2
:1093F0000000FFFF007833EC0078F3EF20F4004525
:1094000002F5306000EB4110056040F61C00855805
:10941000187800F00F060120B040FE4E06EA00402A
:10942000854340F61C008550002070BD2DE9F043B7
:1094300004460D461E46DDF81CC0A0462946BCF178
:10944000000F12D1F01C870800230CE0D1F8009027
:1094500008F5805000EB0230C0F80090491C491C10
:10946000491C491C5B1CBB42F0D30020BDE8F083C3
:109470002DE9F84381460E4690464D463478707883
:1094800001287DD1306920BB05F5106000EB441048
:109490000069E149084005F5106101EB44110861DC
:1094A00005F5106000EB4410006940F4002105F55B
:1094B000106000EB4410016105F5106000EB4410F2
:1094C0000069C10CC90405F5106000EB441001618E
:1094D0006FE005F5106000EB44100069C10CC90491
:1094E00005F5106000EB4410016105F5106000EB1C
:1094F00044100069C849084005F5106101EB4411AA
:10950000086194B9B1683069884201D9B0683061A6
:1095100005F5106000EB4410006940F4002105F5EA
:10952000106000EB4410016135E0B1683069084417
:10953000401EB0FBF1F087B205F5106000EB44105F
:109540000069B549C94301EAC741084305F51061FF
:1095500001EB44110861307901281CD105F5106038
:1095600000EB4410006920F0C04105F5106000EBED
:109570004410016105F5106000EB4410006900E043
:1095800099E04FF0C04101EA4771084305F51061C9
:1095900001EB4411086105F5106000EB441000690F
:1095A0003169C1F31201084305F5106101EB441163
:1095B0000861B8F1010F36D1F06928B105F51060E6
:1095C00000EB4410F1694161307901281ED140F669
:1095D0000800405900F4807060B905F5106000EB98
:1095E0004410006840F0005105F5106000EB441095
:1095F00001600BE005F5106000EB4410006840F0DE
:10960000805105F5106000EB4410016005F5106015
:1096100000EB4410006840F0044105F5106000EBD9
:109620004410016004E105F5106000EB441000688F
:1096300040F0044105F5106000EB44100160307902
:1096400001280FD030690028ECD040F63400405992
:10965000317801F00F0201219140084340F63401B6
:109660004851E5E040F60800405900F4807060B9C8
:1096700005F5106000EB4410006840F0005105F55E
:10968000106000EB441001600BE005F5106000EB8A
:109690004410006840F0805105F5106000EB441064
:1096A0000160CDF80080308A83B232784846F16894
:1096B000FFF7BCFEBCE005F5306000EB441000692C
:1096C000C10CC90405F5306000EB4410016105F5DB
:1096D000306000EB441000694F49084005F53061E7
:1096E00001EB4411086104BB306908B1B068306116
:1096F000B068306205F5306000EB44100069316AF3
:10970000C1F31201084305F5306101EB4411086112
:1097100005F5306000EB4410006940F4002105F5C8
:10972000306000EB4410016143E03069D0B905F5C9
:10973000306000EB44100069B168C1F312010843C6
:1097400005F5306101EB4411086105F5306000EB6F
:109750004410006940F4002105F5306000EB44102E
:10976000016126E0B16830690844401EB0FBF1F0A9
:1097700087B2B0687843306205F5306000EB441082
:1097800000692549C94301EAC741084305F530612D
:1097900001EB4411086105F5306000EB44100069ED
:1097A000316AC1F31201084305F5306101EB441140
:1097B0000861B8F1010F07D1F06828B105F53060F4
:1097C00000EB4410F1684161307901281ED140F668
:1097D0000800405900F4807060B905F5306000EB76
:1097E0004410006840F0005105F5306000EB441073
:1097F00001600BE005F5306000EB4410006840F0BC
:10980000805105F5306000EB4410016005F53060D3
:1098100004E000000000FFFFFFFF07E000EB441042
:10982000006840F0044105F5306000EB4410016031
:109830000020BDE8F88378B503460024009400209A
:109840001A464C78012C35D10C7802F5106505EBE1
:109850004414246804F00044B4F1004F60D10C7843
:1098600005EB4414246844F000660C7805EB4414BE
:1098700026600C7805EB4414246844F080460C788C
:1098800005EB4414266000BF009C641C009442F267
:109890001075009CAC4201D901200AE00C7802F559
:1098A000106505EB4414246804F00044B4F1004F43
:1098B000EAD035E00C7802F5306505EB44142468F5
:1098C00004F00044B4F1004F2AD10C7805EB4414A5
:1098D000246844F000660C7805EB441426600C788C
:1098E00005EB4414246844F080460C7805EB4414DE
:1098F000266000BF009C641C009442F21075009C1E
:10990000AC4201D901200AE00C7802F5306505EB84
:109910004414246804F00044B4F1004FEAD000BFBE
:1099200078BD2DE9F04104460D46274628464FEA0A
:10993000920C02F0030300210AE04FF4805858F81B
:109940000780C0F80080401C401C401C401C491C83
:109950006145F2D39BB100214FF4805858F807605D
:1099600000BF4FEAC10826FA08F880F80080491CB9
:10997000401CA3F101081FFA88F3002BF1D1BDE8C8
:10998000F08130B504460B462246197858780128F4
:1099900021D102F5106000EB4110006800F000409A
:1099A00060B959B102F5106000EB4110006820F079
:1099B000804502F5106000EB4110056002F5106073
:1099C00000EB4110006840F4001502F5106000EB58
:1099D0004110056020E002F5306000EB41100068A6
:1099E00000F0004060B959B102F5306000EB411061
:1099F000006820F0804502F5306000EB4110056002
:109A000002F5306000EB4110006840F4001502F5EB
:109A1000306000EB41100560002030BD30B50446D9
:109A20000B4622461978587801281ED102F510609D
:109A300000EB4110006820F4001502F5106000EB07
:109A4000411005601879032802D0187902282AD11C
:109A500002F5106000EB4110006840F0805502F5FF
:109A6000106000EB411005601DE002F5306000EB76
:109A70004110006820F4001502F5306000EB411041
:109A800005601879032802D0187902280BD102F555
:109A9000306000EB4110006840F0805502F5306006
:109AA00000EB41100560002030BDF0B507463D4693
:109AB00000240CE04FF67F3105F5106000EB4410F8
:109AC000816005F5306000EB44108160641C0F2C50
:109AD000F0D300214FF401604151001D415140F687
:109AE0001C0041513846FFF736F906460EB13046A4
:109AF000F0BD10213846FFF756F906460EB1304644
:109B0000F6E73046F4E710B502460B461146D1F8A9
:109B1000000820F4FE60C1F80008D1F800084FF4F6
:109B2000FE6404EA03142043C1F80008002010BDBD
:109B300001460A46D2F8000E20F00300C2F8000EDB
:109B400040F60400805820F0020340F604008350E1
:109B50000020704701460A46D2F8000E20F00300AC
:109B6000C2F8000E40F60400805840F0020340F6B0
:109B70000400835000207047014648698A691040FC
:109B8000704710B50246134603F5A06404EB411478
:109B9000A06803F5A06404EB4114E468204010BD04
:109BA00001460B4640F61800C258001DC05802403E
:109BB000100C704701460B4640F61800C258001DB5
:109BC000C058024090B2704710B50246134603F5E4
:109BD000306404EB4114A06840F61404E4582040BB
:109BE00010BD70B5024613464FF40166F45840F6B6
:109BF0003406F55801F00F0625FA06F606F00106C0
:109C000044EAC61403F5106606EB4116B66806EA88
:109C1000040070BD42690A404261704701460A462D
:109C20004FF410608058C30ADB024FF41060835079
:109C300040F60400805840F4807340F604008350DE
:109C40000020704770B503460C4619461D6CFE484F
:109C5000854209D94FF43060405800F00040B0F11F
:109C6000004F01D1002070BD0026C1F8106BD1F863
:109C7000100B40F40026C1F8106BD1F8100B40F027
:109C80001806C1F8106BD1F8100B40F0C046C1F8AF
:109C9000106B012C09D1C1F8142B4FF430604058DF
:109CA00040F080264FF4306046500020DBE70FB4D0
:109CB000F0B50446002725460020C5F8000EA06B2D
:109CC00040F40010A063A06B20F40020A063A06B00
:109CD00020F48020A063E06800F0400088B99DF87F
:109CE0001B00012806D1D5F8000440F00400C5F897
:109CF00000040CE0D5F8000420F00400C5F80004CE
:109D000005E0D5F8000420F00400C5F80004102197
:109D10002046FFF748F800B101272046FFF71BF85F
:109D200000B1012700260DE04FF0FF3105F5A060DE
:109D300000EB46108160002105F5A06000EB4610A5
:109D4000C160761C9DF81900B042EDD80020A061DA
:109D5000401E6061BD48844207D140156062BC4826
:109D6000A062BC48C4F8000106E080206062BA48E6
:109D7000A062BA48C4F800019DF81A0018B9A06999
:109D800040F01000A061A069B5490843A0613846C1
:109D9000F0BC5DF814FB10B502460B461146D1F835
:109DA000000420F00300C1F80004D1F8000403F01F
:109DB00003042043C1F80004012B05D14BF6803485
:109DC00040F20440445009E0022B05D141F2707486
:109DD00040F20440445001E0012010BD0020FCE7A7
:109DE00038B50446254600200090D5F84004009080
:109DF000009820F02E000090009840F48070C5F884
:109E00004004642002F0B7F9009820F48070C5F88F
:109E100040040A2002F0AFF9002038BD08B5024620
:109E2000134600200090D3F840040090009820F0E2
:109E30002E000090009800F4805030B9012904D120
:109E4000009840F48050C3F84004009800F480501B
:109E5000B0F5805F05D121B9009820F48050C3F897
:109E60004004002008BD08B501460A4600200090C5
:109E7000D2F8400400900098C0F3414008BD01466C
:109E80000A464FF48160805880B270472DE9FF4F39
:109E900081B006460C461746DDF83C800020009055
:109EA0003546411E05F5A06000EB44108160B8F115
:109EB000000F09D0B8F1010F47D0B8F1020F04D05C
:109EC000B8F1030F59D128E000BF40F29D4105F5DC
:109ED000A06000EB4410C16007F0800080280CD126
:109EE00005F5A06000EB4410C06840F4807105F5F2
:109EF000A06000EB4410C1600EE0544886420BD1D4
:109F000005F5A06000EB4410C06840F0600105F565
:109F1000A06000EB4410C16032E040F29D6105F5A5
:109F2000A06000EB4410C16007F0800080280BD1D6
:109F300005F5A06000EB4410C06840F4807105F5A1
:109F4000A06000EB4410C1601AE040F2252105F545
:109F5000A06000EB4410C16007F0800080280BD1A6
:109F600005F5A06000EB4410C06840F4C07105F531
:109F7000A06000EB4410C16002E00120009000BF2F
:109F800000BF002105F5A06000EB4410416005F51D
:109F9000A06000EB4410C06840F0020105F5A0602D
:109FA00000EB4410C1604FF48360415904F00F028C
:109FB0000120904008434FF483614851B06940F05C
:109FC0000070B06107F08000802802D14FF4004992
:109FD00001E04FF000093046FFF745FF83460E9839
:109FE000022805D1BBF1020F02D04FF4003A01E084
:109FF0004FF0000A4FF0FE51049801EA80504FF4F0
:10A00000F04101EAC72108434FF4402101EA8841A9
:10A0100008431099C1F30A01084340F4801040EA54
:10A02000090040EA0A0005F5A06101EB441108604F
:10A03000B8F1030F02D0B8F1010F1AD105F5A060F5
:10A0400000EB441000680DE00A30544F000004405B
:10A05000000200010003E00080006000E00040001A
:10A06000080020A340F0005105F5A06000EB44106B
:10A070000160009805B0BDE8F08FF0B503461C46BE
:10A080000A460126FE4800EAC64040F00047114655
:10A0900004F5A06000EB4110076104F5A06000EB3F
:10A0A0004110056825F0804545F0004504F5A060A5
:10A0B00000EB411005600020F0BD2DE9FE4F804609
:10A0C0000C469146464665784FF4807BED488045C6
:10A0D00022D1B9F1010F13D1A07C10B1A07C0228CC
:10A0E0001AD1A079C0B906F5A06000EB4510C06890
:10A0F00020F0700106F5A06000EB4510C1600BE098
:10A10000207948B96079012806D161784046FFF787
:10A11000B4FF0020BDE8FE8FA079012838D10127C7
:10A12000E07818B1A08A7843E0614AE0A07C012879
:10A1300020D1206ABC280FD9A08AE061E0692062A2
:10A14000E068012802D0E068022802D10220E06025
:10A1500037E00120E06034E0206AE061E068012837
:10A1600005D0E068022802D00420E06029E0032046
:10A17000E06026E0B9F1010F07D1A18A206A884288
:10A1800003D9A08A7843E0611BE0206AE06118E00F
:10A19000206A68B1A18A206A0844401EB0FBF1F031
:10A1A00087B25F4505DD5F46A08A7843E06100E045
:10A1B0000127E07818B1A08A7843E06101E0206AC5
:10A1C000E061E069C0F31200AD4901EAC74108430C
:10A1D000A17D4FF0C04202EA4171084306F5A0613B
:10A1E00001EB45110861B9F1000F05D006F5A0603B
:10A1F00000EB4510A16941614FF48160805900F086
:10A20000010080F00100019006F5A06000EB451010
:10A21000006820F0005106F5A06000EB45100160D9
:10A2200006F5A06000EB45100168019841EA407115
:10A2300006F5A06000EB45100160A079012874D1FB
:10A24000207C617C40EAC11040F0004106F5A0602E
:10A2500000EB4510416006F5A06000EB4510C068BA
:10A2600040F0600106F5A06000EB4510C160E079A8
:10A27000012819D1E078B8B906F5A06000EB4510C7
:10A28000406840F4803106F5A06000EB4510416065
:10A2900006F5A06000EB4510C06840F0400106F5EF
:10A2A000A06000EB4510C160A07C012802D0A07C1A
:10A2B000032811D1E07901280ED1E07801280BD1D3
:10A2C00006F5A06000EB4510406840F4803106F5CB
:10A2D000A06000EB45104160A07C012849D1E078E6
:10A2E00088BBE068012806D0022811D003281DD0C1
:10A2F000042836D128E006F5A06000EB4510406840
:10A3000040F4004106F5A06000EB4510416029E0F3
:10A3100006F5A06000EB4510406840F00E0106F520
:10A32000A06000EB451041601CE01CE006F5A06059
:10A3300000EB4510406840F4804106F5A06000EB5A
:10A34000451041600EE014E006F5A06000EB4510FA
:10A35000406840F4404106F5A06000EB45104160C4
:10A3600000E000BF05E0002106F5A06000EB45100D
:10A37000416006F5A06000EB45100068029002986D
:10A3800020F080400290E07820B1029840F4004034
:10A39000029003E0029820F400400290029840F0FE
:10A3A0000040029006F5A06000EB451002990160A4
:10A3B000B9F1000F01D00020ACE6E07878BB206A4C
:10A3C00068B3E07958BBA07C30B1012816D00228D0
:10A3D00003D0032824D110E000BF206AC01CC0F3C2
:10A3E0008F0AD8F82C0080B2504505D2D8F8180052
:10A3F00040F02000C8F8180013E000BF206AC01C1D
:10A40000C0F38F0A4FF48260805980B2504505D264
:10A41000D8F8180040F08060C8F8180001E00AE0A1
:10A4200000BF00BF00200090208C83B262784046BD
:10A43000A169FEF7FBFF00206CE601460A4640F2E8
:10A440001440805880B27047F8B503460C461A464F
:10A4500021460020009002F5A06000EB411000684A
:10A46000C0F3814502F5A06000EB41100068C60F03
:10A4700002F5A06000EB41104068C70F986803E048
:10A480000000F81F0000044000F02000202807D141
:10A4900037B91EB1012D01D0032D01D10020F8BD27
:10A4A0000DB1022D60D102F5A06000EB41100068F3
:10A4B00040F0804C02F5A06000EB4110C0F800C0F5
:10A4C000986800F0200088BBD86A00F47F0070BB59
:10A4D00002F5A06000EB4110006820F0004C02F58E
:10A4E000A06000EB4110C0F800C002F5A06000EBD6
:10A4F0004110006840F0004C02F5A06000EB4110F4
:10A50000C0F800C000BF0098401C00900098B0F553
:10A510007A7F00D909E002F5A06000EB41100068E5
:10A5200000F00040B0F1004FEDD06BE00EE0FFE72F
:10A5300002F5A06000EB4110006840F0004C02F50D
:10A54000A06000EB4110C0F800C05BE002F5A06025
:10A5500000EB4110006840F0004C02F5A06000EBF9
:10A560004110C0F800C04DE002F5A06000EB4110C2
:10A57000006840F0804C02F5A06000EB4110C0F88C
:10A5800000C04FF48260805800F47F0068BB02F581
:10A59000A06000EB4110006820F0004C02F5A060C4
:10A5A00000EB4110C0F800C002F5A06000EB4110C4
:10A5B000006840F0004C02F5A06000EB4110C0F8CC
:10A5C00000C000BF0098401C00900098B0F57A7F52
:10A5D00000D909E002F5A06000EB4110006800F02E
:10A5E0000040B0F1004FEDD00CE002F5A06000EBB0
:10A5F0004110006840F0004C02F5A06000EB4110F3
:10A60000C0F800C000204AE72DE9F84107464FF0A6
:10A6100000083E46002000903846FEF75CFB102103
:10A620003846FEF7C0FB08B14FF001083846FEF788
:10A6300092FB08B14FF00108002410E006F5A0607D
:10A6400000EB4410056845F0804525F0004525F4F1
:10A65000004506F5A06000EB44100560641C0F2C5B
:10A66000ECD9002424E006F5A06000EB4410056856
:10A6700045F0804545F0004525F4004506F5A0600D
:10A6800000EB4410056000BF0098401C009000984B
:10A69000B0F57A7F00D909E006F5A06000EB441020
:10A6A000006800F00040B0F1004FEDD000BF641C26
:10A6B0000F2CD8D94FF0FF3140F214408151084699
:10A6C00078613846FEF700FB4046BDE8F881014658
:10A6D0000A4640F60800805800F0010038B140F604
:10A6E0000400805840F0010340F60400835000202D
:10A6F000704701460A4640F60400805820F00103E6
:10A7000040F604008350002070470000002070478E
:10A71000F8B504460CB90120F8BD207800F001001E
:10A72000002874D0F948006800F00C0004280DD00F
:10A73000F648006800F00C00082813D1F348001F09
:10A74000006800F48000B0F5800F0BD1EF480838A6
:10A750000068C0F34040002859D06068002856D1F6
:10A760000120D9E700BF6068B0F5803F08D1E74815
:10A770000838006840F48030E449083908601EE079
:10A780006068B0F5A02F0DD1E0480838006840F4AB
:10A790008020DE49083908600846006840F48030AF
:10A7A00008600CE0D9480838006820F48030D749A8
:10A7B000083908600846006820F48020086000BF5F
:10A7C000606890B101F0BAFC054606E001F0B6FC05
:10A7D000401B642801D903209EE7CC480838006854
:10A7E000C0F340400028F1D011E001F0A7FC05467D
:10A7F00006E001F0A3FC401B642801D903208BE78D
:10A80000C24808380068C0F340400028F1D12078E1
:10A8100000F0020002285FD1BC48006800F00C0084
:10A8200058B1BA48006800F00C0008281CD1B7489D
:10A83000001F006800F48000B0B9B4480838006810
:10A84000C0F3400020B1E068012801D0012063E797
:10A85000AE480838006820F0F800216940EAC100DD
:10A86000AA490839086037E0E06800B30120A84928
:10A87000086001F063FC054606E001F05FFC401B48
:10A88000022801D9032047E7A04808380068C0F330
:10A8900040000028F1D09D480838006820F0F800FA
:10A8A000216940EAC10099490839086014E0002094
:10A8B0009749086001F042FC054606E001F03EFCC5
:10A8C000401B022801D9032026E790480838006879
:10A8D000C0F340000028F1D1207800F008000828DB
:10A8E0002CD16069A8B101208A49086001F026FCDA
:10A8F000054606E001F022FC401B022801D9032096
:10A900000AE782486C300068C0F340000028F1D0AC
:10A9100014E000207F49086001F010FC054606E0C5
:10A9200001F00CFC401B022801D90320F4E6774813
:10A930006C300068C0F340000028F1D1207800F0AE
:10A940000400042870D1002770483830006800F0F7
:10A95000805090B900BF002000906C4838300068EB
:10A9600040F080506949383108600846006800F0BE
:10A970008050009000BF00BF01276748006800F4C6
:10A980008070B0B96448006840F480706249086023
:10A9900001F0D4FB054606E001F0D0FB401B022885
:10A9A00001D90320B8E65C48006800F480700028F4
:10A9B000F2D000BFA068012808D154486830006870
:10A9C00040F001005149683108601DE0A068052889
:10A9D0000DD14E486830006840F004004B496831A2
:10A9E00008600846006840F0010008600CE0474835
:10A9F0006830006820F0010044496831086008466A
:10AA0000006820F00400086000BFA068A8B101F051
:10AA100095FB054609E001F091FB401B41F28831AE
:10AA2000884202D9032077E626E03848683000687B
:10AA3000C0F340000028EED013E001F07FFB054694
:10AA400008E001F07BFB401B41F28831884201D9CC
:10AA5000032061E62D4868300068C0F340000028FC
:10AA6000EFD1012F07D129483830006820F08050FD
:10AA700026493831086000BFA069002845D0234826
:10AA8000006800F00C0008285DD0A069022845D1BC
:10AA900000201F49086601F051FB054606E001F061
:10AAA0004DFB401B022801D9032035E61748083822
:10AAB0000068C0F340600028F1D1D4E907010843E1
:10AAC000616A40EA81110122A06AC2EB500041EAAA
:10AAD00000412C20005D41EA00600C49091F08601C
:10AAE00001200B49086601F029FB054606E001F04C
:10AAF00025FB401B022801D903200DE60348083836
:10AB00000068C0F340600028F1D049E008380240F6
:10AB100000004742800E4742007000400020F84984
:10AB2000086601F00BFB054606E001F007FB401B41
:10AB3000022801D90320EFE5F2480068C0F3406025
:10AB40000028F2D12CE0A069012800D1E4E5ED480D
:10AB5000001D0668A069012820D006F48001E06984
:10AB600081421BD106F03F01206A814216D147F68F
:10AB7000C0703040616AB0EB811F0FD106F44031E4
:10AB80000122A06AC2EB5000B1EB004F06D106F0E3
:10AB900070612C20005DB1EB006F01D00120BBE59E
:10ABA0000020B9E52DE9F047002400250026A14644
:10ABB000D4480830006800F00C0020B1042805D00B
:10ABC00008283AD105E0DFF8409339E0DFF83C93FC
:10ABD00036E0CC48001D006800F03F04C948001D65
:10ABE000006800F4800078B1C848C649091D0968AA
:10ABF000C1F38811A0FB01700146224600233846AC
:10AC000018F0FFFC05460EE0BF48BE49091D096863
:10AC1000C1F38811A0FB017001462246002338468B
:10AC200018F0EFFC0546B748001D0068C0F301406E
:10AC3000401C4600B5FBF6F902E0DFF8CC9200BFFD
:10AC400000BF4846BDE8F08770B504460D460CB914
:10AC5000012070BDAE48006800F00700A84209D28C
:10AC6000AB490D700846006800F00700A84201D00B
:10AC70000120EEE7207800F00200022823D120789E
:10AC800000F00400042807D19E480830006840F412
:10AC9000E0509C4908310860207800F0080008283E
:10ACA00007D198480830006840F460409549083161
:10ACB000086094480830006820F0F000A16808435C
:10ACC000904908310860207800F00100A0B3606866
:10ACD000012806D18B480068C0F34040A8B9012084
:10ACE000B7E76068022802D06068032806D185486B
:10ACF0000068C0F3406040B90120AAE781480068BD
:10AD0000C0F3400008B90120A3E77E48083000687E
:10AD100020F00300616808437A490831086001F0B7
:10AD20000DFA064609E001F009FA801B41F288316C
:10AD3000884202D903208CE708E072480830006896
:10AD400000F00C006168B0EB810FECD17048006836
:10AD500000F00700A84209D96D490D700846006847
:10AD600000F00700A84201D0012072E7207800F02F
:10AD70000400042809D163480830006820F4E0503A
:10AD8000E16808435F4908310860207800F0080056
:10AD900008280AD15B480830006820F46040216927
:10ADA00040EAC100574908310860FFF7FBFE5549EA
:10ADB00008310968C1F30311564A515CC84056492D
:10ADC000086056480068F6F79BFB002041E770B525
:10ADD00086B006460C46154656BB00BF00200090C4
:10ADE00048483030006840F0010046493031086082
:10ADF0000846006800F00100009000BF00BF881501
:10AE000001900220029003200490002003900590FE
:10AE100001A9434800F01EF93A480830006820F0C4
:10AE2000EC6044EA0501084336490831086029E02E
:10AE300000BF0020009033483030006840F004002C
:10AE40003049303108600846006800F00400009086
:10AE500000BF00BF4815019002200290032004901B
:10AE600000200390059001A92E4800F0F3F8254832
:10AE70000830006820F0784044EAC50108432149C1
:10AE80000831086006B070BD01201D49C8647047D4
:10AE900000201B49C86470471F480068704700B510
:10AEA000FFF7FAFF174908310968C1F382211E4AEA
:10AEB000515CC84000BD00B5FFF7EEFF11490831F5
:10AEC0000968C1F34231184A515CC84000BD0F21E6
:10AED00001600C49096801F48021B1F5802F03D18C
:10AEE0004FF4A021416023E00649096801F4803154
:10AEF000B1F5803F1AD14FF48031416018E0000075
:10AF000000004742003802400024F40040787D01F0
:10AF1000003C02409C3E03080C000020280000205A
:10AF20000000024000080240AC3E030800214160DE
:10AF30004649096801F0010111B10121C16001E038
:10AF40000021C16041490968C1F3C40101613F4961
:10AF50007031096801F00401042902D105218160E2
:10AF60000AE03A497031096801F0010111B101218B
:10AF7000816001E00021816034497431096801F089
:10AF8000010111B10121416101E0002141612F491D
:10AF9000096801F08071B1F1807F02D102218161E5
:10AFA00001E0012181612949091D096801F480023C
:10AFB000C2612649091D096801F03F020262234966
:10AFC000091D0968C1F3881242622049091D0968F8
:10AFD00001F4403101F58031CA0B82621B49091D21
:10AFE0000968C1F30362C26270470F220260174A08
:10AFF0000832126802F003024260144A08321268F2
:10B0000002F0F0028260114A0832126802F4E05243
:10B01000C2600E4A0832126802F46042D20802612D
:10B020000B4A126802F007020A607047704710B5B9
:10B0300006480C30006800F08000802805D1FFF73A
:10B04000F5FF802001490E31087010BD0038024024
:10B05000003C0240F8B502460B46002500240020C3
:10B060000021D6E0012606FA01F51E6806EA05046D
:10B07000AC4274D11E7906F00306012E04D01E796D
:10B0800006F00306022E13D190684F000326BE403F
:10B09000B0434F00DE68BE403043906050680126E8
:10B0A0008E40B0431E79C6F300168E403043506088
:10B0B0001E7906F00306032E09D0D0684F00032640
:10B0C000BE40B0434F009E68BE403043D0601E7902
:10B0D00006F00306022E13D1CF0802F1200656F81F
:10B0E00027004E07F70E0F26BE40B0434F07FF0E56
:10B0F0001E69BE403043CF0802F1200646F8270003
:10B1000010684F000326BE40B0431E7906F00306C8
:10B110004F00BE40304310605E6806F44036002E9B
:10B1200076D000BF00260096AC4E366846F48046C6
:10B13000AA4F3E603E46366806F48046009600BF41
:10B1400000BFA74E8F0856F827008E07370F0F262F
:10B15000BE40B043A34EB24202D1002624E057E0E5
:10B16000A14EB24201D101261EE0A04EB24201D151
:10B17000022619E09E4EB24201D1032614E09D4EF4
:10B18000B24201D104260FE09B4EB24201D1052606
:10B190000AE09A4EB24201D1062605E0984EB2422C
:10B1A00001D1072600E008268F073F0FBE4030433D
:10B1B0008B4E8F0846F82700924E3068A0435E6899
:10B1C00006F4801606B120438E4E3060361D30687E
:10B1D000A0435E6806F4001606B12043894E361D72
:10B1E0003060884E361F3068A0435E6806F4003633
:10B1F00006B12043834E361F3060361F3068A043AF
:10B200005E6806F4803606B120437E4E083E30600C
:10B21000491C1029FFF426AFF8BDF0B50C460025F7
:10B2200000220023002196E0012606FA01F504EA37
:10B230000502AA427ED16A4E8F0856F827308E0743
:10B24000370F0F26BE403340664EB04201D1002674
:10B2500023E0654EB04201D101261EE0634EB042AC
:10B2600001D1022619E0624EB04201D1032614E05A
:10B27000604EB04201D104260FE05F4EB04201D1D2
:10B2800005260AE05D4EB04201D1062605E05C4E7F
:10B29000B04201D1072600E008268F073F0FBE40CD
:10B2A0009E4226D1574E083E36689643554F083F7A
:10B2B0003E603E1D366896433F1D3E60514E361D32
:10B2C000366896434F4F3F1D3E603E1F366896439B
:10B2D0003F1F3E608E07370F0F2606FA07F3404EDA
:10B2E0008F0856F827609E433D4F4FEA910C47F870
:10B2F0002C6006684FEA410C032707FA0CF7BE439F
:10B300000660CF0800F1200656F827604F074FEA85
:10B31000D76C0F2707FA0CF7BE434FEAD10C00F1A8
:10B32000200747F82C60C6684FEA410C032707FA4C
:10B330000CF700E00EE0BE43C660466801278F4070
:10B34000BE43466086684FEA410C032707FA0CF7B4
:10B35000BE438660491C1029FFF466AFF0BD02466B
:10B3600013690B400BB1012000E0002070470AB1C7
:10B37000816101E00B048361704710B5426921EAE5
:10B38000020302EA010443EA0443836110BD08B5E5
:10B3900002464FF4803000900098084300900098D7
:10B3A000D061D1610098D061D0690090D06900F47B
:10B3B000803008B1002008BD0120FCE7704710B5BF
:10B3C000044610480C300068204028B10D480C306D
:10B3D00004602046FFF7F2FF10BD00004438024031
:10B3E000083801400000024000040240000802400A
:10B3F000000C0240001002400014024000180240FD
:10B40000001C0240083C014001460878103818230F
:10B41000B0FBF3F2FC48805CC865032A05D90868D4
:10B420006FF30900001D886503E008686FF30900E9
:10B430008865886D7047014600208A6A8B69CBB9A0
:10B4400032B1012A0DD0022A03D0032A10D10EE016
:10B4500000BFCB6A03F08073B3F1807F00D101207D
:10B4600007E0CB6AB3F1C07F00D1012001E000E02A
:10B4700000BF34E08B69B3F5005F1AD132B1012A05
:10B4800007D0022A03D0032A11D10AE000BF01200D
:10B490000EE0CB6A03F08073B3F1807F00D101200E
:10B4A00006E0CB6AB3F1C07F00D1012000E000BF0D
:10B4B00015E032B1012A05D0022A04D0032A0CD1AA
:10B4C00003E000BF00BF012008E0CB6A03F08073F7
:10B4D000B3F1807F00D1012000E000BF00BF7047C2
:10B4E0002DE9F0410446002500F028FE074614B976
:10B4F0000120BDE8F081606A00B100BF022084F83D
:10B50000350000BF002084F8340000BF20680068C8
:10B5100020F00100216808600AE000F00FFEC01B67
:10B52000052805D920206065032084F83500E0E770
:10B530002068006800F001000028EED1206805684E
:10B54000B2480540D4E901010843E1680843216994
:10B55000084361690843A1690843E1690843216A16
:10B5600008430543606A042803D1D4E90B0108436A
:10B570000543206805602068456925F00705606A75
:10B580000543606A04280DD1A06A0543E06A48B10A
:10B590002046FFF750FF28B140206065012084F865
:10B5A0003500A6E7206845612046FFF72DFF0646D7
:10B5B00094F85C103F208840B06000206065012056
:10B5C00084F83500002094E770B504460CB90120DA
:10B5D00070BD94F83500022800D1F9E720680068B2
:10B5E00020F00100216808600020216808602168BF
:10B5F0004860216888602168C8602168086121204E
:10B60000216848612046FFF7FFFE05460020E06301
:10B6100020646064A064E064206594F85C103F20BE
:10B620008840A8600020606584F8350000BF84F879
:10B63000340000BF00BFCBE730B50468246824F4B1
:10B64000802405682C60046863608468402C04D101
:10B650000468A2600468E16003E00468A160046813
:10B66000E26030BD2DE9F04104460D4616461F4606
:10B670004FF0000800BF94F83400012802D10220E6
:10B68000BDE8F081012084F8340000BF94F8350053
:10B69000012811D1022084F83500002060653B4666
:10B6A000324629462046FFF7C7FF2068006840F071
:10B6B00001002168086006E000BF002084F8340023
:10B6C00000BF4FF002084046DAE72DE9F047044694
:10B6D0000D4616461F464FF00008D4F8589000BF9C
:10B6E00094F83400012802D10220BDE8F08701203F
:10B6F00084F8340000BF94F83500012825D10220D9
:10B7000084F83500002060653B46324629462046D5
:10B71000FFF792FF94F85C103F208840C9F80800BA
:10B720002068006840F0160021680860206C28B18D
:10B730002068006840F00800216808602068006800
:10B7400040F001002168086006E000BF002084F896
:10B75000340000BF4FF002084046C6E770B504460B
:10B76000A56D00F0EBFC064694F83500022808D0E1
:10B770008020606500BF002084F8340000BF0120F5
:10B7800070BD2068006820F01600216808602068FD
:10B79000406920F0800021684861206C08B9A06CE5
:10B7A00028B12068006820F008002168086020683F
:10B7B000006820F001002168086010E000F0BEFC85
:10B7C000801B05280BD920206065032084F83500F4
:10B7D00000BF002084F8340000BF0320D0E72068B9
:10B7E000006800F001000028E8D194F85C103F20C8
:10B7F0008840A860012084F8350000BF002084F84C
:10B80000340000BF00BFBBE7DC3E03083F8010F000
:10B81000014691F83500022803D0802048650120B8
:10B820007047052081F835000868006820F00100A5
:10B830000A6810600020F3E72DE9F05F04468846AF
:10B8400017464FF0000A00F079FC834694F8350063
:10B85000022809D08020606500BF002084F83400F1
:10B8600000BF0120BDE8F09F2068006800F48070F0
:10B8700020B14FF4807060650120F3E7B8F1000F4C
:10B8800005D194F85C10202000FA01F904E094F846
:10B890005C10102000FA01F9A56D2E6842E0781CBA
:10B8A00090B12FB100F04AFCA0EB0B00B8420BD9CD
:10B8B00020206065012084F8350000BF002084F856
:10B8C000340000BF0320CDE72E6894F85C100820F8
:10B8D0008840304040B1606D40F00100606594F8F0
:10B8E0005C1008208840A86094F85C100120884013
:10B8F000304040B1606D40F00200606594F85C102B
:10B9000001208840A86094F85C10042088403040F2
:10B9100040B1606D40F00400606594F85C10042054
:10B920008840A86006EA090020B9606D00F00100B7
:10B930000028B4D0606DA8B1606D00F0010088B13E
:10B940002046FFF70BFF94F85C1030208840A86079
:10B95000012084F8350000BF002084F8340000BFC7
:10B9600001207FE7B8F1000F0CD194F85C10302073
:10B970008840A860012084F8350000BF002084F8CA
:10B98000340004E094F85C1010208840A860504611
:10B9900068E7F8B5044600200090C74800684FF4F7
:10B9A0001651B0FBF1F7A56D2E6894F85C100820D5
:10B9B0008840304098B12068006800F0040070B101
:10B9C0002068006820F004002168086094F85C108A
:10B9D00008208840A860606D40F00100606594F820
:10B9E0005C1001208840304068B12068406900F058
:10B9F000800040B194F85C1001208840A860606D20
:10BA000040F00200606594F85C10042088403040EB
:10BA100068B12068006800F0020040B194F85C1042
:10BA200004208840A860606D40F00400606594F8D0
:10BA30005C1010208840304078B32068006800F027
:10BA4000080050B394F85C1010208840A86020686B
:10BA5000006800F4802080B12068006800F40020B5
:10BA600028B9206CC8B12046216C884715E0A06C2D
:10BA700098B12046A16C88470FE02068006800F468
:10BA8000807028B92068006820F0080021680860EC
:10BA9000206C10B12046216C884794F85C1020205F
:10BAA00088403040002865D02068006800F0100011
:10BAB00000285FD094F85C1020208840A86094F89B
:10BAC0003500052828D12068006820F0160021687C
:10BAD00008602068406920F0800021684861206C7F
:10BAE00008B9A06C28B12068006820F0080021681F
:10BAF000086094F85C103F208840A860012084F81A
:10BB0000350000BF002084F8340000BF206D10B164
:10BB10002046216D8847F8BD2068006800F4802029
:10BB200080B12068006800F4002028B9606C10B172
:10BB30002046616C88471DE0E06BD8B12046E16B80
:10BB4000884717E02068006800F4807068B92068B2
:10BB5000006820F0100021680860012084F835009A
:10BB600000BF002084F8340000BFE06B10B1204615
:10BB7000E16B8847606D38B3606D00F00100F0B193
:10BB8000052084F835002068006820F00100216855
:10BB9000086000BF0098401C0090B84200D905E042
:10BBA0002068006800F001000028F3D100BF0120E8
:10BBB00084F8350000BF002084F8340000BFE06C3A
:10BBC00010B12046E16C884700BFA4E710B50346DA
:10BBD000002400BF93F83400012801D1022010BDD9
:10BBE000012083F8340000BF93F83500012815D1F7
:10BBF000062910D2DFE801F0030507090B0DDA630F
:10BC00000BE01A6409E05A6407E09A6405E0DA641C
:10BC100003E01A6501E0012400BF00E0012400BF39
:10BC2000002083F8340000BF2046D8E702460023F6
:10BC300000BF92F83400012801D102207047012092
:10BC400082F8340000BF92F83500012824D107297A
:10BC50001FD2DFE801F004070A0D101316000020C0
:10BC6000D06318E00020106415E00020506412E05A
:10BC7000002090640FE00020D0640CE000201065EC
:10BC800009E00020D063106450649064D0641065B3
:10BC900001E0012300BF00E0012300BF002082F883
:10BCA000340000BF1846C9E7014691F835007047D7
:10BCB0000146486D704700000C00002010B50028B8
:10BCC00004DB0A07130EE64A135406E00A07140EB3
:10BCD000E44A00F00F031B1FD45410BD00BF00F056
:10BCE0000702E04B0C3B19684FF6FF031940DE4B8F
:10BCF0000B4343EA0221DB4B0C3B196000BF70474A
:10BD00002DE9F05F80460D461646002700F0A2F9A7
:10BD1000074639462A46334601F00700C0F1070AB4
:10BD2000BAF1040F02D94FF0040A01E0C0F1070A8A
:10BD3000D14600F1040ABAF1070F02D24FF0000A0F
:10BD400001E0A0F1030AD4464FF0010A0AFA09FA09
:10BD5000AAF1010A0AEA020A0AFA0CFA4FF0010BE8
:10BD60000BFA0CFBABF1010B0BEA030B4AEA0B04D9
:10BD700021464046FFF7A2FFBDE8F09F0146084676
:10BD800000280DDB00BF00BF00F01F0301229A4016
:10BD900043099B0003F1E023C3F8002100BF00BF6B
:10BDA00000BF704710B50146084600280BDB00F0C5
:10BDB0001F0301229A40AD4B440943F82420BFF3EE
:10BDC0004F8FBFF36F8F00BF10BD00BFBFF34F8F0A
:10BDD000A4480C38006800F4E060A3490843001D43
:10BDE000A0490C390860BFF34F8F00BF00BF00BFF0
:10BDF000FDE770B504462546681EB0F1807F01D38B
:10BE000001200FE0681E4FF0E02148610F214FF044
:10BE1000FF30FFF753FF00204FF0E021886107203B
:10BE20000861002070BDBFF35F8F8E480C30006842
:10BE300020F480308B490C310860002089497C3126
:10BE40000860704740F00101864A7C3211608549E4
:10BE50000C31096841F48031824A0C321160BFF321
:10BE60004F8FBFF36F8F70477E49803108607D49E7
:10BE70008831096841F001017A4A883211607047BF
:10BE800078498031086077498831096821F00101DB
:10BE9000744A8832116070474178724A803211606A
:10BEA00070498831096821F001016E4A88321160B9
:10BEB000121F41681160017B0907C27A41EA0261E1
:10BEC000827A41EAC241427B41EA8241827B41EA75
:10BED0004241C27B41EA0241427A41EA0221027AAE
:10BEE00041EA4201027811435E4A8832116070478C
:10BEF00040BF20BF704710B500F0ACF810BD2DE971
:10BF0000F04304462046002803DB554F3F5C3F09C1
:10BF100007E0544F00F00F0CACF1040C17F80C7054
:10BF20003F093D460E4606F00700C0F10708B8F18C
:10BF3000040F02D94FF0040801E0C0F10708C4461D
:10BF400000F10408B8F1070F02D24FF0000801E039
:10BF5000A0F10308474625FA07F84FF0010909FA4E
:10BF60000CF9A9F1010908EA0908C2F800804FF0AC
:10BF7000010808FA07F8A8F1010808EA0508C3F85B
:10BF8000008000BFBDE8F08310B5014608460028D8
:10BF900008DB00F01F0301229A40344B8033440930
:10BFA00043F8242000BF10BD10B501460846002804
:10BFB0000EDB2E4A8032430952F8232000F01F0482
:10BFC0000123A3401A400AB1012202E0002200E04E
:10BFD0000022104610BD10B501460846002807DBB8
:10BFE00000F01F0301229A40214B440943F824200A
:10BFF00000BF10BD10B50146084600280EDB1C4AE4
:10C000008032430952F8232000F01F040123A3408B
:10C010001A400AB1012202E0002200E0002210468C
:10C0200010BD042808D14FF0E021096941F0040156
:10C030004FF0E022116107E04FF0E021096921F0A3
:10C0400004014FF0E02211617047704710B5FFF70F
:10C05000FCFF10BD03480C380068C0F30220704795
:10C0600000E400E018ED00E00000FA0580E100E0E7
:10C0700080E200E0704770B50446754800784FF4E0
:10C080007A71B1FBF0F073490968B1FBF0F528460D
:10C09000FFF7AFFE08B1012070BD102C07D20022BF
:10C0A0002146501EFFF72CFE6B48046001E0012082
:10C0B000F2E70020F0E710B56848006840F400702F
:10C0C000664908600846006840F4806008600846D9
:10C0D000006840F4807008600320FFF7FFFD0F2028
:10C0E000F5F70EFAF5F7DAF9002010BD704710B534
:10C0F0005B485C490860002008605B48091D0860D7
:10C10000002008605948574910390860002008602D
:10C11000C120091D0860002008600120091D086079
:10C1200000200860FFF7E2FF002010BD50480068C3
:10C130004749097808444E49086070474C480068F0
:10C14000704745480068704770B504460025404870
:10C150000078A0420AD03E48067804703E48006845
:10C16000F5F7CEF905460DB139480670284670BD81
:10C1700037480078704770B50446FFF7DFFF064682
:10C180002546681C10B132480078054400BFFFF70F
:10C19000D5FF801BA842FAD370BD4FF0E0200069A4
:10C1A00020F002004FF0E021086170474FF0E020DE
:10C1B000006940F002004FF0E021086170472D480F
:10C1C00070472D480068000C70472B480068C0F38A
:10C1D0000B0070472848406840F00100264948603D
:10C1E00070472548406820F00100234948607047A7
:10C1F0002148406840F002001F49486070471E48CF
:10C20000406820F002001C49486070471A484068A6
:10C2100040F004001849486070471748406820F013
:10C2200004001549486070470120144908607047B0
:10C230000020124908607047114800687047104894
:10C24000001D006870470E48083000687047000005
:10C250002C0000200C00002028000020003C0240A0
:10C26000FFC9FEF62038024033797704FF116020C1
:10C270002400002000030801002004E000042742FD
:10C28000107AFF1FFC494A6822F440324A604A682B
:10C2900043681A434A600268526822F48072036855
:10C2A0005A6002685368026943EA022203685A60CE
:10C2B0000268526822F0407203685A60026852684D
:10C2C00083681A4303685A600268926822F4006225
:10C2D00003689A6002689268C3681A4303689A60A8
:10C2E000E64B826A9A4218D00268926822F0706225
:10C2F00003689A6002689268836A1A4303689A60C6
:10C300000268926822F0405203689A60026892685C
:10C31000C36A1A4303689A600BE00268926822F0CD
:10C32000706203689A600268926822F04052036863
:10C330009A600268926822F0020203689A600268BA
:10C340009368027E43EA420203689A602022125CEC
:10C35000A2B10268526842F4006203685A6002683F
:10C36000526822F4604203685A6002685368426A65
:10C37000521E43EA423203685A6005E0026852687E
:10C3800022F4006203685A600268D26A22F47002E2
:10C390000368DA620268D36A828B521E43EA025251
:10C3A0000368DA620268926822F4007203689A6095
:10C3B0000268936890F8302043EA422203689A604A
:10C3C0000268926822F4806203689A600268936847
:10C3D000426943EA822203689A607047704770B5E9
:10C3E000044600250CB9012070BDA449A06A88420A
:10C3F00000D000BF206C30B92046F4F7D8F90020F7
:10C40000606484F83C00206C00F0100088B9206C57
:10C4100020F4885040F0020020642046FFF732FFED
:10C4200000206064206C20F0020040F001002064D5
:10C4300000E0012500BF002084F83C0000BF284632
:10C44000D2E7704770B5044600250CB9012070BDD5
:10C45000206C40F0020020642068806820F0010019
:10C46000216888602068806800F0010028B92046B3
:10C47000F4F7FCF900206064206400BF002084F819
:10C480003C0000BF2846E2E708B5014600200090C6
:10C4900000BF91F83C00012801D1022008BD012015
:10C4A00081F83C0000BF0868806800F00100A0B976
:10C4B0000868806840F001000B6898607048006868
:10C4C000704BB0FBF3F000EB4000009002E00098EE
:10C4D000401E009000980028F9D10868806800F09C
:10C4E0000100002860D0086C40F20163984340F4DA
:10C4F000807008640868406800F4806028B1086CA7
:10C5000020F4005040F480500864086C00F480501F
:10C51000B0F5805F04D1486C20F00600486401E06B
:10C520000020486400BF002081F83C0000BF524A50
:10C530006FF022000B681860506800F01F0018BBF5
:10C54000514B0868984213D0504B0868984204D168
:10C55000101D006800F01F0050B14D4B0868984254
:10C560002AD14548001D006800F01F00102823D282
:10C570000868806800F04050F0B90868806840F0B2
:10C5800080400B68986017E03F4B0868984213D1D1
:10C590000868806800F0405070B90868806840F012
:10C5A00080400B68986007E0086C40F01000086459
:10C5B000486C40F00100486400206FE7014600BF6E
:10C5C00091F83C00012801D102207047012081F838
:10C5D0003C0000BF0868806820F001000A68906095
:10C5E0000868806800F0010028B9086C20F48850C1
:10C5F00040F00100086400BF002081F83C0000BF4B
:10C6000000BFE2E770B504460D460026206880684A
:10C6100000F48060B0F5806F11D12068806800F46C
:10C620008070B0F5807F0AD1206C40F0200020643B
:10C6300000BF002084F83C0000BF012070BDFFF760
:10C640007DFD064626E0681C20B325B1FFF776FD88
:10C65000801BA8421ED92068006800F00200022852
:10C6600018D0206C40F00400206400BF002084F843
:10C670003C0000BF0320E1E7002301400100000F60
:10C680000C00002040420F0000200140002101402A
:10C69000002201402068006800F002000228D2D188
:10C6A0006FF0120021680860206C40F40070206474
:10C6B0002068806800F04050B8B9207EA8B9206892
:10C6C000C06A00F4700020B12068806800F48060C7
:10C6D00058B9206C20F480702064206C00F48050E5
:10C6E00018B9206C40F0010020640020A6E72DE975
:10C6F000F04104460D4616460027FFF71FFD07468A
:10C7000018E0701CB0B126B1FFF718FDC01BB04295
:10C7100010D9206800682840A8420BD0206C40F057
:10C720000400206400BF002084F83C0000BF032008
:10C73000BDE8F081206800682840A842E1D1012DC1
:10C7400007D1206C40F480302064E81E2168086026
:10C750000BE0206C40F480602064606C40F00200CC
:10C7600060646FF02000216808600020E0E708B5F1
:10C7700001460020009000BF91F83C00012801D143
:10C78000022008BD012081F83C0000BF08688068D5
:10C7900000F00100A0B90868806840F001000B6853
:10C7A0009860FE480068FE4BB0FBF3F000EB4000E1
:10C7B000009002E00098401E009000980028F9D1F7
:10C7C0000868806800F00100002866D0086C40F21C
:10C7D0000163984340F4807008640868406800F47E
:10C7E000806028B1086C20F4005040F48050086448
:10C7F000086C00F48050B0F5805F04D1486C20F0E4
:10C800000600486401E00020486400BF002081F871
:10C810003C0000BFE34A6FF022000B681860086814
:10C820004068E14B18430B685860506800F01F00E7
:10C8300018BBDE4B0868984213D0DD4B086898425D
:10C8400004D1101D006800F01F0050B1D94B0868DA
:10C8500098422AD1D348001D006800F01F0010281C
:10C8600023D20868806800F04050F0B908688068FA
:10C8700040F080400B68986017E0CC4B0868984205
:10C8800013D10868806800F0405070B9086880686B
:10C8900040F080400B68986007E0086C40F01000A2
:10C8A0000864486C40F001004864002069E70146D4
:10C8B00000BF91F83C00012801D1022070470120FF
:10C8C00081F83C0000BF0868806820F001000A6819
:10C8D00090600868806800F0010060B908684068EE
:10C8E000B14AD24310400A685060086C20F4885066
:10C8F00040F00100086400BF002081F83C0000BF48
:10C9000000BFDBE77047704770472DE9F0410446F0
:10C9100000250026206807682068D0F8048007F00A
:10C92000020508F0200695B38EB3206C00F01000CD
:10C9300018B9206C40F4007020642068806800F012
:10C940004050E8B9207ED8B92068C06A00F4700071
:10C9500020B12068806800F4806088B92068406851
:10C9600020F0200021684860206C20F48070206452
:10C97000206C00F4805018B9206C40F00100206455
:10C980002046F4F7CFFE6FF012002168086007F030
:10C99000040508F08006E5B3DEB3206C00F010005B
:10C9A00018B9206C40F4005020642068806800F4BE
:10C9B000401038BB2068806B00F4401020B1206824
:10C9C000806800F48060E8B92068406800F4806006
:10C9D000C0B92068806800F0405098B9207E88B9BE
:10C9E0002068406820F0800021684860206C20F4B6
:10C9F00080502064206C00F4807018B9206C40F0E6
:10CA000001002064204600F0D5FD6FF00C00216885
:10CA1000086007F0010508F0400685B17EB1206886
:10CA2000006800F0010050B1206C40F480302064B8
:10CA30002046FFF768FF6FF001002168086007F0EB
:10CA4000200508F080667DB176B1606C40F0020090
:10CA500060646FF02000216808602046FFF752FFF5
:10CA60006FF0200021680860BDE8F08170B50546D0
:10CA7000AC6B40202064606C40F004006064204691
:10CA8000FFF740FF70BD704770B50446A56B2846A0
:10CA9000FFF7F9FF70BD70B50546AC6B206C00F078
:10CAA000500050BB206C40F4007020642068806807
:10CAB00000F04050E8B9207ED8B92068C06A00F480
:10CAC000700020B12068806800F4806088B9206818
:10CAD000406820F0200021684860206C20F48070BD
:10CAE0002064206C00F4805018B9206C40F00100E4
:10CAF00020642046F4F716FE0BE0206C00F01000D6
:10CB000018B12046FFF7FEFE03E0A06BC16C28467B
:10CB1000884770BDF8B504460D46164600200090C3
:10CB200000BF94F83C00012801D10220F8BD01208B
:10CB300084F83C0000BF2068806800F00100A0B9C4
:10CB40002068806840F00100216888601348006810
:10CB50001349B0FBF1F000EB4000009002E00098B8
:10CB6000401E009000980028F9D12068806800F4E9
:10CB70008070B0F5807F05D12068806820F48070D7
:10CB8000216888602068806800F0010000287DD05E
:10CB9000206C40F2016188430EE000000C00002090
:10CBA00040420F000023014020000004002001400B
:10CBB000002101400022014040F480702064206880
:10CBC000406800F4806028B1206C20F4005040F4EC
:10CBD00080502064206C00F48050B0F5805F04D158
:10CBE000606C20F00600606401E00020606400BF1B
:10CBF000002084F83C0000BFD74FD848A16BC86321
:10CC0000D748A16B0864D748A16BC8646FF02200B5
:10CC1000216808602068406840F0806021684860B2
:10CC20002068806840F4807021688860226802F182
:10CC30004C0133462A46A06BFEF747FD786800F0AA
:10CC40001F0020BBC8492068884213D0C74920680C
:10CC5000884204D1381D006800F01F0050B1C4495B
:10CC6000206888422BD1BC48001D006800F01F00DE
:10CC7000102824D22068806800F04050F8B920685D
:10CC8000806840F080402168886018E00FE0B64975
:10CC90002068884213D12068806800F0405070B945
:10CCA0002068806840F080402168886007E0206C40
:10CCB00040F010002064606C40F0010060640020CF
:10CCC00034E770B50446002500BF94F83C00012805
:10CCD00001D1022070BD012084F83C0000BF206813
:10CCE000806820F00100216888602068806800F07A
:10CCF0000100F8B92068806820F48070216888609D
:10CD0000A06B90F83500022808D1A06BFEF726FD35
:10CD100005461DB1206C40F040002064206840684A
:10CD200020F0806021684860206C20F4885040F03A
:10CD30000100206400BF002084F83C0000BF2846AA
:10CD4000C8E701460868C06C704738B50246002045
:10CD5000009000BF92F83C00012801D1022038BDAC
:10CD6000012082F83C0000BF0868092816D9106825
:10CD7000C0680C780A3C04EB44050724AC40A0438F
:10CD80001468E0600C780A3C04EB44048868A04016
:10CD90001468E46820431468E06013E010680069D8
:10CDA0000C7804EB44050724AC40A04314682061D0
:10CDB0000C7804EB44048868A0401468246920437C
:10CDC000146820614868072817D21068406B0C79F6
:10CDD000641E04EB84051F24AC40A0431468606308
:10CDE000088880B20C79641E04EB8404A0401468A7
:10CDF000646B20431468606331E048680D2817D2E3
:10CE00001068006B0C79E41F04EB84051F24AC4010
:10CE1000A04314682063088880B20C79E41F04EBF7
:10CE20008404A0401468246B20431468206316E037
:10CE30001068C06A0C790D3C04EB84051F24AC40DB
:10CE4000A0431468E062088880B20C790D3C04EBC2
:10CE50008404A0401468E46A20431468E0623E4BF6
:10CE6000414C1068A04206D10868122803D15868C6
:10CE700040F4800058603C4C1068A0421CD1086807
:10CE8000102802D00868112816D1586840F4000014
:10CE90005860086810280FD136480068364CB0FB3F
:10CEA000F4F000EB80004000009002E00098401E8B
:10CEB000009000980028F9D100BF002082F83C00C3
:10CEC00000BF00BF4BE7024600BF92F83C000128BC
:10CED00001D102207047012082F83C0000BF087C8D
:10CEE000012806D11068406840F04000136858607F
:10CEF00005E01068406820F0400013685860106832
:10CF000040681E4B184013685860106840680B68F2
:10CF10001843136858604868136858628868136833
:10CF200098621068406820F01F001368586010680D
:10CF300040688B899BB218431368586000BF00207B
:10CF400082F83C0000BF00BFC4E70146086C704790
:10CF50000146486C704700000023014097CA010851
:10CF600089CA01086DCA0108002001400021014062
:10CF7000002201400C00002040420F00FFFD3FFF57
:10CF800038B50146002000900022002300BF91F830
:10CF90003C00012801D1022038BD012081F83C006D
:10CFA00000BF0868806800F00100A0B908688068C8
:10CFB00040F001000D68A860F9480068F94DB0FB29
:10CFC000F5F000EB4000009002E00098401E009059
:10CFD00000980028F9D10868806800F00100002856
:10CFE0004BD0086C42F20105A84340F4805008641D
:10CFF000086C00F4807008B90020486400BF00206D
:10D0000081F83C0000BF401F0D682860E64C606856
:10D0100000F01F00B0B90868806800F4401008B93B
:10D02000012000E00020024608684068012525EA4A
:10D0300090230AB303B30868806840F480000D6849
:10D04000A86022E00868806800F4401008B9012058
:10D0500000E00020024608684068012525EA902388
:10D06000D24D0868A84210D132B12BB1086880684F
:10D0700040F480000D68A86007E0086C40F01000E4
:10D080000864486C40F001004864002084E738B52B
:10D090000146002000900022002300BF91F83C00D0
:10D0A000012801D1022038BD012081F83C0000BFD9
:10D0B0000868806800F00100A0B90868806840F046
:10D0C00001000D68A860B6480068B64DB0FBF5F0E9
:10D0D00000EB4000009002E00098401E0090009895
:10D0E0000028F9D10868806800F00100002851D0BC
:10D0F000086C42F20105A84340F480500864086CB3
:10D1000000F4807008B90020486400BF002081F856
:10D110003C0000BF401F0D6828600868406840F070
:10D1200080000D686860A04C606800F01F00B0B916
:10D130000868806800F4401008B9012000E0002071
:10D14000024608684068012525EA90230AB303B324
:10D150000868806840F480000D68A86022E00868D4
:10D16000806800F4401008B9012000E00020024669
:10D1700008684068012525EA90238C4D0868A8427C
:10D1800010D132B12BB10868806840F480000D687E
:10D19000A86007E0086C40F010000864486C40F09C
:10D1A0000100486400207EE70146002200BF91F89C
:10D1B0003C00012801D102207047012081F83C0089
:10D1C00000BF086C00F48070B0B90868406800F4D3
:10D1D000806088B90868806820F001000B6898605A
:10D1E0000868806800F0010058B9086C20F4885085
:10D1F00040F00100086404E0086C40F0200008647E
:10D20000012200BF002081F83C0000BF1046D3E798
:10D2100070B504460D460026FEF790FF064616E060
:10D22000681CA0B125B1FEF789FF801BA8420ED96A
:10D230002068006800F00400042808D0042020645E
:10D2400000BF002084F83C0000BF032070BD2068B0
:10D25000006800F004000428E2D16FF00C0021689F
:10D260000860206C40F4005020642068806800F45E
:10D27000401008BB2068806B00F4401020B120688B
:10D28000806800F48060B8B92068406800F480606D
:10D2900090B92068806800F0405068B9207E58B985
:10D2A000206C20F480502064206C00F4807018B949
:10D2B000206C40F0010020640020C7E701460022F6
:10D2C00000BF91F83C00012801D1022070470120E5
:10D2D00081F83C0000BF086C00F48070E0B9086879
:10D2E000406800F48060B8B90868806820F00100E8
:10D2F0000B6898600868806800F0010088B90868C9
:10D30000406820F080000B685860086C20F488505A
:10D3100040F00100086404E0086C40F0200008645C
:10D32000012200BF002081F83C0000BF1046CDE77D
:10D3300008B5024600200090401F136818600129BC
:10D3400011D002290BD0032905D004290FD1106870
:10D35000806C00900CE01068406C009008E0106851
:10D36000006C009004E01068C06B009000E000BF0B
:10D3700000BF009808BD70B50546AC6B4020206426
:10D38000606C40F0040060642046FFF7BBFA70BD9B
:10D3900070B50446A56B2846FFF775FB70BD00000D
:10D3A0000C00002040420F000023014000200140FB
:10D3B00070B50546AC6B206C00F0500050BB206C83
:10D3C00040F4007020642068806800F04050E8B9A4
:10D3D000207ED8B92068C06A00F4700020B12068AF
:10D3E000806800F4806088B92068406820F02000E0
:10D3F00021684860206C20F480702064206C00F468
:10D40000805018B9206C40F0010020642046F4F7E9
:10D4100089F903E0A06BC16C2846884770BDF8B558
:10D4200004460E4617460020009000BF94F83C00CA
:10D43000012801D10220F8BD012084F83C0000BF82
:10D440002068806800F00100A0B92068806840F082
:10D45000010021688860F6480068F649B0FBF1F0E9
:10D4600000EB4000009002E00098401E0090009801
:10D470000028F9D12068806800F00100002856D00B
:10D48000206C40F20161884340F480702064206881
:10D49000406800F4806028B1206C20F4005040F413
:10D4A00080502064206C00F48050B0F5805F04D17F
:10D4B000606C20F00600606401E00020606400BF42
:10D4C000002084F83C0000BFDB48A16BC863DB4848
:10D4D000A16B0864DA48A16BC8646FF00200216890
:10D4E00008602068406840F0806021684860D54D41
:10D4F00094F8300020B1686840F40050686003E0A0
:10D50000686820F4005068603B46324605F1080127
:10D51000A06BFEF7DAF82068806800F0405070B920
:10D520002068806840F080402168886007E0206CB7
:10D5300040F010002064606C40F001006064002046
:10D5400079E770B50446002600BF94F83C00012836
:10D5500001D1022070BD012084F83C0000BF20688A
:10D56000806820F0010021688860B64D20688068DE
:10D5700000F0010098B9686820F400506860A06B62
:10D58000FEF7ECF806462068406820F080602168CD
:10D590004860206C20F4885040F00100206400BFF7
:10D5A000002084F83C0000BF3046D3E70246A5497E
:10D5B00088687047704730B50246A34C8869A0421E
:10D5C00000D000BF00BF92F83C00012801D102202A
:10D5D00030BD012082F83C0000BF0868092816D938
:10D5E0001068C0680C780A3C04EB44050724AC4082
:10D5F000A0431468E0600C780A3C04EB440488689B
:10D60000A0401468E46820431468E06013E01068E8
:10D6100000690C7804EB44050724AC40A04314686F
:10D6200020610C7804EB44048868A04014682469E5
:10D630002043146820611068806B20F44010146847
:10D64000A0631068846B088A401E44EA0050146886
:10D65000A0630879C01C0C7C001B00EB80041F2019
:10D66000A0401468A46B8443106884630879C01CCC
:10D670000C7C001B00EB8004088880B2A04014687A
:10D68000A46B20431468A0636F4C8869A04218D033
:10D690001068806820F470201468A06010688068AA
:10D6A0008C6920431468A0601068806820F44010E2
:10D6B0001468A06010688068CC6920431468A0607A
:10D6C0000BE01068806820F470201468A060106877
:10D6D000806820F440101468A060487D30B1106864
:10D6E000406840F480601468606005E0106840683D
:10D6F00020F4806014686060087D30B11068406874
:10D7000040F480501468606005E01068406820F4C0
:10D710008050146860604868012804D002280FD047
:10D72000032827D119E0106840696FF30B001468D3
:10D73000606110684069CC6820431468606126E02D
:10D74000106880696FF30B001468A061106880692D
:10D75000CC6820431468A06119E01068C0696FF3B9
:10D760000B001468E0611068C069CC68204314683D
:10D77000E0610CE01068006A6FF30B00146820622F
:10D780001068006ACC6820431468206200BF00BFA4
:10D790002C4B2E4C1068A04206D10868122803D1E9
:10D7A000586840F480005860284C1068A04209D1A5
:10D7B0000868102802D00868112803D1586840F47E
:10D7C0000000586000BF002082F83C0000BF00BF8E
:10D7D000FEE610B502460B4600BF92F83C00012859
:10D7E00001D1022010BD012082F83C0000BF154984
:10D7F000486820F01F00486048681C682043486063
:10D80000486820F44040486048685C6820434860AD
:10D81000486820F47060486048689C68204348600D
:10D8200000BF002082F83C0000BF00BFDAE7000024
:10D830000C00002040420F00B1D3010891D3010831
:10D8400077D301080023014001000F0000200140B0
:10D85000704710B504460CB9012010BD607920B99D
:10D86000002020712046F3F732F80120607100207B
:10D87000F3E7704710B504460CB9012010BD60797C
:10D88000022800D1FAE7022060712068806840F029
:10D890000100216888600020216808712046F3F7A4
:10D8A0002CF80020607100BF207100BF00BFE5E7C9
:10D8B00070B503460C46002002255D71002104E08E
:10D8C00054F821501E683560491C9142F8D31D68F8
:10D8D000286801255D7170BD70B503460C460020B7
:10D8E00002255D711D68AD6845F001051E68B560D3
:10D8F000002104E054F821501E683560491C914213
:10D90000F8D31D68286801255D7170BD014648790E
:10D9100070470000704710B504460CB9012010BDD7
:10D92000207920B9002060712046F3F711F8022019
:10D93000207100202061012020710020EFE7704756
:10D9400010B504460CB9012010BD022020712046FC
:10D95000F3F760F800202061207100BF607100BF04
:10D9600000BFF1E710B502460AB9012010BD00BFA3
:10D970005079012801D10220F8E70120507100BF41
:10D98000022010711068006801F010040123A34008
:10D9900018431368186061B91068006800F03C0013
:10D9A0003C2816D11068406840F0010013685860A8
:10D9B0000FE01068006800F4701301F010043C20C0
:10D9C000A040834205D11068406840F0020013680F
:10D9D00058600120107100BF0020507100BF00BFCF
:10D9E000C4E710B502460AB9012010BD10680068EE
:10D9F00001F010040123A34098431368186001202C
:10DA000010710020F1E7704770B50546AC6B2069D6
:10DA100040F0040020612046FFF7F5FF012020714F
:10DA200070BD704770B50446A56B2846FFF7F9FF37
:10DA300070BD704770B50446A56B2846FFF7F9FF27
:10DA40000120287170BD2DE9F04704460E461746A7
:10DA50009A46DDF820804FF0010914B90120BDE895
:10DA6000F08700BF6079012801D10220F7E701208B
:10DA7000607100BF022020712EBBAFF24700A16889
:10DA8000C863AFF25F00A1680864AFF28300A168C9
:10DA9000C8642068006840F4805021680860B8F1CC
:10DAA000000F03D0B8F1040F08D103E0206800F1A3
:10DAB000080507E0206800F10C0503E0206800F18C
:10DAC000100500BF22E09448E168C8639348E1680C
:10DAD00008649348E168C8642068006840F080509A
:10DAE00021680860B8F1000F03D0B8F1040F08D125
:10DAF00003E0206800F1140507E0206800F1180534
:10DB000003E0206800F11C0500BF00BF6EB920686B
:10DB1000006840F400502168086053462A463946A0
:10DB2000A068FDF7D2FD81460CE02068006840F057
:10DB300000502168086053462A463946E068FDF7E0
:10DB4000C4FD814600BF0020607100BFB9F1000F25
:10DB500009D12068006806F01002012191400843B5
:10DB60002168086003E0206940F004002061484615
:10DB700075E770B504460D460CB9012070BD2068EC
:10DB8000006805F010024FF48051914088432168ED
:10DB900008602068006805F0100201219140884368
:10DBA000216808604DB9A068FDF7D8FD20680068BD
:10DBB00020F400502168086008E0E068FDF7CEFD21
:10DBC0002068006820F00050216808600120207162
:10DBD0000020D3E7704770B50446206805682068C8
:10DBE000466B05F40050B0F5005F17D106F4005005
:10DBF000B0F5005F12D104202071206940F00100CF
:10DC000020614FF40050216848632068006820F4C8
:10DC10008050216808602046FFF7DCFF05F00050C7
:10DC2000B0F1005F17D106F00050B0F1005F12D1E3
:10DC300004202071206940F0020020614FF0005064
:10DC4000216848632068006820F0805021680860DF
:10DC5000204600F01BF970BD38B504460020009046
:10DC60000CB9012038BD2068009029B902F10800E4
:10DC7000009D2844009004E002F11400009D284417
:10DC80000090009803600020ECE70246002011B9E4
:10DC90001368D86A01E01368186B7047F0B5034643
:10DCA000002603B109B90120F0BD00BF5879012851
:10DCB00001D10220F8E70120587100BF022018713D
:10DCC0001868046802F0100740F6FE70B8408443FC
:10DCD000D1E9000740EA070502F0100005FA00F05C
:10DCE0000443186804601868006802F0100CC0272C
:10DCF00007FA0CF7B8431F6838600120187100BF9D
:10DD00000020587100BF3046CEE7014608797047C1
:10DD10000146086970470000A3DE0108B5DE01086E
:10DD2000C3DE01080146002209B90120704700BF87
:10DD30004879012801D10220F8E70120487100BF8D
:10DD4000022008710868006840F001000B68186044
:10DD50000868006840F480300B6818600868006844
:10DD600000F03C003C2801D142F001020868006844
:10DD700000F47010B0F5701F01D142F00202086883
:10DD8000406810430B6858600120087100BF0020F4
:10DD9000487100BF00BFC9E7014609B901207047BB
:10DDA0000868006820F001000A68106008680068D0
:10DDB00020F480300A681060012008710020EEE72E
:10DDC00030B503460BB9012030BD00BF587901289A
:10DDD00001D10220F8E70120587100BF022018711C
:10DDE0001868006801F010054FF47C64AC40A04353
:10DDF00042F0800401F01005AC4020431C68206014
:10DE00000120187100BF0020587100BF00BFDBE780
:10DE100030B503460BB9012030BD00BF5879012849
:10DE200001D10220F8E70120587100BF02201871CB
:10DE30001868006801F010054FF47C64AC40A04302
:10DE400042F0400401F01005AC4020431C68206003
:10DE50000120187100BF0020587100BF00BFDBE730
:10DE600070B504460CB9012070BD082902D142EA00
:10DE7000032501E042EA0345266801F1200006443B
:10DE800035600020F0E770477047704770470146E3
:10DE900000200A68D26A10430A68126B40EA024006
:10DEA000704770B50446A56B2846FFF7ECFF0120CC
:10DEB000287170BD70B50446A56B2846FFF7E4FFD6
:10DEC00070BD70B50546AC6B206940F00400206160
:10DED0002046FFF7DAFF0120207170BD704770B552
:10DEE00004460CB9012070BD94F83D0028B900200B
:10DEF00084F83C002046F2F7FDFD242084F83D0024
:10DF00002068006820F0010021680860206800682F
:10DF100040F40040216808602068006820F4004058
:10DF200021680860FCF7BBFF0546FE49606888422F
:10DF300006D8FD48854201D2012007E0002005E017
:10DF4000FA48854201D2012000E00020012800D1DA
:10DF5000C9E7F748B5FBF0F62068406820F03F00BD
:10DF6000304321684860EF496068884201D8701CDE
:10DF700007E04FF4967070434FF47A71B0FBF1F004
:10DF8000401C2168096A21F03F01084321680862AA
:10DF9000E4496068884214D8681E61684900B0FB93
:10DFA000F1F0401CC0F30B00042801D204203DE036
:10DFB000681E61684900B0FBF1F0401CC0F30B0023
:10DFC00034E0A06838B9681E616801EB4101B0FB1C
:10DFD000F1F0401C0AE0681E616801EBC10202EB2F
:10DFE0000111B0FBF1F0401C40F48040C0F30B0085
:10DFF00008B901201AE0A06848B9681E616801EB01
:10E000004101B0FBF1F0401CC0F30B000CE0681EB6
:10E01000616801EBC10202EB0111B0FBF1F0401CA1
:10E02000C0F30B0040F4804040F400402168C9690F
:10E030004CF6FF72914308432168C861D4E9070197
:10E0400008432168096821F0C0010843216808607D
:10E05000D4E9031008432168896848F2FF329143EC
:10E06000084321688860D4E9050108432168C9682C
:10E0700021F0FF0108432168C8602068006840F073
:10E0800001002168086000202064202084F83D0001
:10E090000020206384F83E0000BF24E7704710B5DD
:10E0A00004460CB9012010BD242084F83D002068EE
:10E0B000006820F00100216808602046F2F757FD53
:10E0C0000020206484F83D00206384F83E0000BFF7
:10E0D00084F83C0000BF00BFE5E701684969C1F36F
:10E0E000C01111B100210268116170470146086832
:10E0F0004069C0F38020B0B16FF480600A6850615D
:10E1000000200863202081F83D00002081F83E00B7
:10E11000086C40F00400086400BF002081F83C0057
:10E1200000BF012070470020FCE770B504460D4693
:10E13000164625E02046FFF7D9FF08B1012070BD43
:10E14000681CE8B1FDF7FAFF801BA84200D8BDB9F2
:10E1500020684069C0F3800090B90020206320202F
:10E1600084F83D00002084F83E00206C40F0200040
:10E17000206400BF002084F83C0000BF0120DEE7DF
:10E1800020684069C0F380000028D3D00020D6E783
:10E1900070B504460D46164625E02046FFF7A6FF5B
:10E1A00008B1012070BD681CE8B1FDF7C7FF801BF6
:10E1B000A84200D8BDB920684069C0F3C01090B92A
:10E1C00000202063202084F83D00002084F83E00D9
:10E1D000206C40F02000206400BF002084F83C0048
:10E1E00000BF0120DEE720684069C0F3C0100028AE
:10E1F000D3D00020D6E72DE9F04104460D4616465F
:10E200001F4658E020684069C0F38020E8B12068CC
:10E21000006840F40070216808606FF48060216835
:10E22000486100202063202084F83D00002084F80D
:10E230003E00206C40F00400206400BF002084F801
:10E240003C0000BF0120BDE8F081701C90B3FDF7D9
:10E2500075FFC01BB04200D866BBC5F3074001285C
:10E260000AD120684069A9B20840A9B2884201D108
:10E2700001200BE0002009E020688069A9B2084075
:10E28000A9B2884201D1012000E0002090B900200D
:10E290002063202084F83D00002084F83E00206C9C
:10E2A00040F02000206400BF002084F83C0000BF44
:10E2B0000120C8E7FFE7C5F3074001280AD120681D
:10E2C0004069A9B20840A9B2884201D101200BE0FF
:10E2D000002009E020688069A9B20840A9B28842FC
:10E2E00001D1012000E0002000288BD00020AAE707
:10E2F0002DE9F04104460D4617461E46DDF818800C
:10E3000041E0701CF0B3FDF719FFA0EB0800B0422C
:10E3100000D8BEBBC5F30740012813D1206840696F
:10E32000A9B207E0A086010080841E0000093D001C
:10E3300040420F000840A9B2884201D101200BE001
:10E34000002009E020688069A9B20840A9B288428B
:10E3500001D1012000E00020B84214D10020206348
:10E36000202084F83D00002084F83E00206C40F01E
:10E370002000206400BF002084F83C0000BF012082
:10E38000BDE8F081FFE7C5F3074001280AD1206806
:10E390004069A9B20840A9B2884201D101200BE02E
:10E3A000002009E020688069A9B20840A9B288422B
:10E3B00001D1012000E00020B842A2D00020DFE718
:10E3C0002DE9F84304460D4617469846E66A082E9E
:10E3D00004D0012E02D016F5803F06D120680068D7
:10E3E00040F480702168086008E0206B122805D195
:10E3F0002068006840F48070216808603B46002275
:10E400004FF001112046CDF80080FFF771FF60B199
:10E410002068006800F48070B0F5807F02D14FF46E
:10E42000007020640320BDE8F8832069B0F5804FB8
:10E4300004D105F0FE002168086112E005F4407087
:10E44000F02141EAE0102168086143463A46FB4961
:10E450002046FFF7D0FE08B10120E4E7E8B22168CA
:10E46000086143463A46F549891F2046FFF7C3FE37
:10E4700008B10120D7E70020D5E72DE9F84304468D
:10E48000894616461F46DDF82080FDF757FE0546F3
:10E4900094F83D0020287DD119230122E849204627
:10E4A0000095FFF725FF10B10220BDE8F88300BFFB
:10E4B00094F83C00012801D10220F6E7012084F8FD
:10E4C0003C0000BF2068006800F0010028B9206807
:10E4D000006840F00100216808602068006820F4AE
:10E4E000006021680860212084F83D00102084F835
:10E4F0003E000020206466626785608D2085D148DB
:10E50000E0622B46424649462046FFF759FF08B1D4
:10E510000120CAE700BF00200090206840690090F9
:10E5200020688069009000BF00BF44E02A46414651
:10E530002046FFF72DFE50B1206C042805D120683D
:10E54000006840F40070216808600120ADE7606A4F
:10E55000007821680861606A401C6062608D401E1E
:10E560006085208D401E208520684069C0F38000B2
:10E5700070B1208D60B1606A007821680861606ABE
:10E58000401C6062608D401E6085208D401E20858D
:10E590002A4600E023E041462046FFF7C6FD50B181
:10E5A000206C042805D12068006840F400702168C0
:10E5B0000860012079E7208D0028B7D12068006825
:10E5C00040F4007021680860202084F83D0000209D
:10E5D00084F83E0000BF84F83C0000BF65E70220DD
:10E5E00063E770B504460D46164637E0206840697B
:10E5F000C0F30010A0B16FF0100021684861002046
:10E600002063202084F83D00002084F83E00206C28
:10E61000206400BF002084F83C0000BF012070BDD2
:10E62000FDF78CFD801BA84200D8BDB92068406969
:10E63000C0F3801090B900202063202084F83D00B2
:10E64000002084F83E00206C40F02000206400BFD1
:10E65000002084F83C0000BF0120E0E7206840690A
:10E66000C0F380100028C1D00020D8E72DE9F8437E
:10E6700004460D4690461E46E76A2068006840F44E
:10E68000806021680860082F04D0012F02D017F5A0
:10E69000803F06D12068006840F4807021680860DF
:10E6A00008E0206B112805D12068006840F48070D4
:10E6B00021680860434600224FF001112046009671
:10E6C000FFF716FE60B12068006800F48070B0F5B6
:10E6D000807F02D14FF4007020640320BDE8F883EE
:10E6E0002069B0F5804F05D1E8B240F00100216803
:10E6F000086149E005F44070F02141EAE01021682A
:10E700000861334642464D492046FFF774FD08B183
:10E710000120E3E7E8B221680861334642464749F1
:10E72000891F2046FFF767FD08B10120D6E700BF2B
:10E730000020009020684069009020688069009067
:10E7400000BF00BF2068006840F480702168086046
:10E75000434600224FF0011120460096FFF7C8FD06
:10E7600058B12068006800F48070B0F5807F02D155
:10E770004FF4007020640320B0E705F44070F121ED
:10E7800041EAE01021680861334642462B49891F5F
:10E790002046FFF730FD08B101209FE700209DE7EC
:10E7A0002DE9F8430446894617469846089EFDF72A
:10E7B000C5FC054694F83D00202874D11923012298
:10E7C0001F4920460095FFF793FD10B10220BDE8D8
:10E7D000F88300BF94F83C00012801D10220F6E73D
:10E7E000012084F83C0000BF2068006800F00100B0
:10E7F00028B92068006840F001002168086020689E
:10E80000006820F4006021680860222084F83D0040
:10E81000102084F83E00002020646762A4F82A805B
:10E82000608D20850748E0622B46324649462046E7
:10E83000FFF71CFF40B10120C9E7000008000100FC
:10E84000020010000000FFFF208D88B900BF0020EB
:10E85000009020684069009020688069009000BFA7
:10E8600000BF2068006840F400702168086046E03E
:10E87000208D012818D12068006820F4806021686C
:10E88000086000BF00200090206840690090206868
:10E890008069009000BF00BF2068006840F40070ED
:10E8A000216808602BE0FEE0208D022816D1206848
:10E8B000006820F48060216808602068006840F4E7
:10E8C00000602168086000BF002000902068406957
:10E8D000009020688069009000BF10E02068006808
:10E8E00040F480602168086000BF0020009020682C
:10E8F0004069009020688069009000BF00BFC3E0BD
:10E90000208D03287ED8208D012815D12A46314636
:10E910002046FFF766FE08B1012058E7206800692D
:10E92000616A0870606A401C6062208D401E20850C
:10E93000608D401E6085A7E0208D02282AD13346D5
:10E940000022FD4920460095FFF7D2FC08B10120C6
:10E950003DE72068006840F4007021680860206886
:10E960000069616A0870606A401C6062208D401E08
:10E970002085608D401E608520680069616A08708E
:10E98000606A401C6062208D401E2085608D401EA4
:10E99000608579E033460022E74920460095FFF77D
:10E9A000A7FC08B1012012E72068006820F480600D
:10E9B0002168086020680069616A0870606A401C0C
:10E9C0006062208D401E2085608D401E608533462C
:10E9D0000022D94920460095FFF78AFC08B10120A2
:10E9E000F5E62068006840F400702168086020683F
:10E9F0000069616A0870606A401C6062208D401E78
:10EA0000208500E010E0608D401E60852068006970
:10EA1000616A0870606A401C6062208D401E20851B
:10EA2000608D401E60852FE02A4631462046FFF764
:10EA3000D8FD08B10120CAE620680069616A087043
:10EA4000606A401C6062208D401E2085608D401EE3
:10EA5000608520684069C0F38000A8B1208D03283C
:10EA600005D12068006820F4806021680860206873
:10EA70000069616A0870606A401C6062208D401EF7
:10EA80002085608D401E6085208D00287FF438AF82
:10EA9000202084F83D00002084F83E0000BF84F868
:10EAA0003C0000BF93E6022091E62DE9F8430446BE
:10EAB0000E4617469846FDF741FB054694F83D0083
:10EAC000202873D106B117B90120BDE8F88300BF33
:10EAD00094F83C00012801D10220F6E7012084F8D7
:10EAE0003C0000BF2068006800F0010028B92068E1
:10EAF000006840F00100216808602068006820F488
:10EB0000006021680860212084F83D00202084F8FE
:10EB10003E000020206466626785608D20858748FE
:10EB2000E0622068006840F4806021680860434625
:10EB300000228149891E20460095FFF7D9FB08B1C4
:10EB40000120C2E700BF00200090206840690090CB
:10EB500020688069009000BF00BF2069B0F5404F79
:10EB600015D1434600227449891E20460095FFF7BF
:10EB7000BFFB08B10120A8E700BF0020009020687B
:10EB80004069009020688069009000BF00BF2FE0BE
:10EB90002A4641462046FFF7FBFA40B1206800684C
:10EBA00020F480602168086001208EE743E0606AFD
:10EBB000007821680861606A401C6062608D401EB8
:10EBC0006085208D401E208520684069C0F380004C
:10EBD00070B1208D60B1606A007821680861606A58
:10EBE000401C6062608D401E6085208D401E208527
:10EBF000208D0028CCD1434600224FF4823120469C
:10EC00000095FFF775FB08B101205EE76FF48060A7
:10EC1000216848612068006820F4806021680860ED
:10EC2000202084F83D00002084F83E0000BF84F8D6
:10EC30003C0000BF49E7022047E770B504460D4697
:10EC4000164623E02046FFF751FA08B1012070BDB7
:10EC5000FDF774FA801BA84200D8BDB9206840694E
:10EC6000C0F3001090B900202063202084F83D00FC
:10EC7000002084F83E00206C40F02000206400BF9B
:10EC8000002084F83C0000BF0120E0E720684069D4
:10EC9000C0F300100028D5D00020D8E72DE9F843B4
:10ECA00004460D4616461F46FDF748FA804694F87E
:10ECB0003D0020287ED105B116B90120BDE8F883BA
:10ECC00000BF94F83C00012801D10220F6E70120A2
:10ECD00084F83C0000BF2068006800F0010028B9FB
:10ECE0002068006840F00100216808602068006822
:10ECF00020F4006021680860222084F83D00202074
:10ED000084F83E000020206465626685608D208561
:10ED10000A48E0622068006840F48060216808606A
:10ED20003B4600220449891E2046CDF80080FFF7AB
:10ED3000DFFA28B10120C1E7040001000000FFFF55
:10ED400000BF002000902068406900902068806922
:10ED5000009000BF00BF30E0424639462046FFF732
:10ED600040FC38B12068006820F4806021680860A9
:10ED70000120A3E720680069616A0870606A401C8E
:10ED80006062208D401E2085608D401E6085206859
:10ED90004069C0F3800080B1208D70B120680069A7
:10EDA000616A0870606A401C6062208D401E208588
:10EDB000608D00E031E0401E6085208D0028CBD1C1
:10EDC000424639462046FFF738FF38B120680068D0
:10EDD00020F480602168086001206FE700BF0020F8
:10EDE00000902068406900902068006840F00100B1
:10EDF0002168086000BF00BF2068006820F48060C0
:10EE000021680860202084F83D00002084F83E003E
:10EE100000BF84F83C0000BF50E702204EE738B541
:10EE200004460020009094F83D00202865D1FE485B
:10EE300000681925B0FBF5F04FF47A75B0FBF5F0DA
:10EE400000EBC00505EB0010009000BF0098401ECD
:10EE50000090009868B900202063202084F83D00CD
:10EE6000002084F83E00206C40F020002064022046
:10EE700038BD20688069C0F340000028E6D100BF9B
:10EE800094F83C00012801D10220F1E7012084F828
:10EE90003C0000BF2068006800F0010028B920682D
:10EEA000006840F00100256828602068006820F4B0
:10EEB000006025682860212084F83D00102084F837
:10EEC0003E000020206462626385608D2085D74803
:10EED000E062616400BF002084F83C0000BF20684D
:10EEE000406840F4E060256868602068006840F48D
:10EEF0008070256828600020BAE70220B8E738B59E
:10EF000004460020009094F83D0020286BD1C648AC
:10EF100000681925B0FBF5F04FF47A75B0FBF5F0F9
:10EF200000EBC00505EB0010009000BF0098401EEC
:10EF30000090009868B900202063202084F83D00EC
:10EF4000002084F83E00206C40F020002064022065
:10EF500038BD20688069C0F340000028E6D100BFBA
:10EF600094F83C00012801D10220F1E7012084F847
:10EF70003C0000BF2068006800F0010028B920684C
:10EF8000006840F00100256828602068006820F4CF
:10EF9000006025682860222084F83D00102084F855
:10EFA0003E000020206462626385608D20859F485A
:10EFB000E062616400BF002084F83C0000BF20686C
:10EFC000406840F4E060256868602068006840F4AC
:10EFD0008060256828602068006840F4807025689B
:10EFE00028600020B4E70220B2E710B5034693F88A
:10EFF0003D00202840D101B10AB9012010BD00BF59
:10F0000093F83C00012801D10220F7E7012083F8A2
:10F010003C0000BF1868006800F0010028B91868BB
:10F02000006840F001001C6820601868006820F447
:10F0300000601C682060212083F83D00202083F8B8
:10F040003E000020186459625A85588D188577480B
:10F05000D8621868006840F480601C68206000BFB7
:10F06000002083F83C0000BF1868406840F4E0606E
:10F070001C6860600020C1E70220BFE710B50346AE
:10F0800093F83D00202840D101B10AB9012010BDFC
:10F0900000BF93F83C00012801D10220F7E70120CE
:10F0A00083F83C0000BF1868006800F0010028B930
:10F0B0001868006840F001001C682060186800684B
:10F0C00020F400601C682060222083F83D0020208E
:10F0D00083F83E000020186459625A85588D1885BF
:10F0E0005248D8621868006840F480601C6820604C
:10F0F00000BF002083F83C0000BF1868406840F45F
:10F10000E0601C6860600020C1E70220BFE7704734
:10F1100070B50546AC6B606B10B10020616BC863C5
:10F12000A06B10B10020A16BC8632846FCF7C0FD9E
:10F13000022814D02068006820F4806021680860EC
:10F1400000206085202084F83D00002084F83E00E7
:10F15000206C40F0100020642046FFF7D8FF70BDFF
:10F1600070477047704770472DE9F0410746BC6B08
:10F1700094F83D6094F83E80E56A2068406820F489
:10F18000407021684860606B10B10020616BC863FB
:10F19000A06B10B10020A16BC86306F021002128EC
:10F1A00006D006F02200222826D1B8F1200F23D164
:10F1B0002068406820F40060216848600020608575
:10F1C000292E08D121202063282084F83D002046E4
:10F1D000FFF7C9FF09E02A2E07D12220206328204B
:10F1E00084F83D002046FFF7BDFF2068406840F4EA
:10F1F00040702168486059E094F83E00002855D0DE
:10F20000608D012805D12068006820F480602168A5
:10F2100008602068406820F440702168486015F557
:10F22000803F0BD0082D03E00C0000200000FFFF02
:10F2300004D0B5F12A4F01D0202D05D120680068F7
:10F2400040F40070216808602068406820F4805015
:10F25000216848602068406820F4006021684860A8
:10F2600000206085206C18B12046FFF750FF1DE09C
:10F27000202084F83D0094F83E00402807D100206B
:10F2800084F83E0020632046FFF76BFF0EE000206D
:10F2900084F83E00082D01D0202D02D100202063EB
:10F2A00001E0122020632046FFF75AFFBDE8F081FD
:10F2B0002DE9F84304460E46174698460020009074
:10F2C00094F83D00202873D1FE4800681921B0FB56
:10F2D000F1F04FF47A71B0FBF1F000EBC00101EBFB
:10F2E0000010009000BF0098401E0090009870B978
:10F2F00000202063202084F83D00002084F83E0098
:10F30000206C40F0200020640220BDE8F8832068D3
:10F310008069C0F340000028E5D100BF94F83C00AC
:10F32000012801D10220F0E7012084F83C0000BF51
:10F330002068006800F0010028B92068006840F0EB
:10F340000100216808602068006820F400602168DE
:10F350000860212084F83D00102084F83E00002041
:10F3600020646762A4F82A80608D2085D648E06218
:10F370006664208D00285DD0606BD0B1D348616B8E
:10F38000C863D348616BC8640020616B0864616B1B
:10F390004864616B8864616B0865238DD4F800C094
:10F3A0000CF11002616A606BFCF78FF9054611E001
:10F3B00059E0202084F83D00002084F83E00206CB5
:10F3C00040F08000206400BF002084F83C0000BFB3
:10F3D00001209AE7EDB900BF002084F83C0000BF8F
:10F3E0002068406840F440702168486020684068A8
:10F3F00040F40060216848602068006840F4806044
:10F40000216808602068006840F480702168086006
:10F4100027E0202084F83D00002084F83E00206C86
:10F4200040F01000206400BF002084F83C0000BFC2
:10F4300001206AE72068006840F480602168086065
:10F440002068006840F480702168086000BF0020D8
:10F4500084F83C0000BF2068406840F4E060216808
:10F460004860002051E702204FE72DE9F8430446A9
:10F470000E46174698460020009094F83D0020283C
:10F4800073D1904800681921B0FBF1F04FF47A7104
:10F49000B0FBF1F000EBC00101EB0010009000BFE9
:10F4A0000098401E0090009870B900202063202032
:10F4B00084F83D00002084F83E00206C40F02000DD
:10F4C00020640220BDE8F88320688069C0F3400012
:10F4D0000028E5D100BF94F83C00012801D10220AA
:10F4E000F0E7012084F83C0000BF2068006800F0CD
:10F4F000010028B92068006840F001002168086018
:10F500002068006820F4006021680860222084F8E8
:10F510003D00102084F83E00002020646762A4F8BB
:10F520002A80608D20856848E0626664208D00280E
:10F530005DD0A06BD0B16548A16BC8636448A16B76
:10F54000C8640020A16B0864A16B4864A16B886447
:10F55000A16B0865238DD4F800C00CF11001626A1C
:10F56000A06BFCF7B2F8054611E059E0202084F8C2
:10F570003D00002084F83E00206C40F080002064B4
:10F5800000BF002084F83C0000BF01209AE7EDB9DD
:10F590002068006840F48060216808602068006886
:10F5A00040F480702168086000BF002084F83C00AF
:10F5B00000BF2068406840F44070216848602068BF
:10F5C000406840F400602168486027E0202084F80B
:10F5D0003D00002084F83E00206C40F010002064C4
:10F5E00000BF002084F83C0000BF01206AE700BF94
:10F5F000002084F83C0000BF2068406840F4E060D0
:10F60000216848602068006840F4806021680860D4
:10F610002068006840F4807021680860002051E78D
:10F6200002204FE72DE9F04104460D46164694F8B6
:10F630003D0020287ED105B116B90120BDE8F0813A
:10F6400000BF94F83C00012801D10220F6E7012018
:10F6500084F83C0000BF2068006800F0010028B971
:10F660002068006840F00100216808602068006898
:10F6700020F4006021680860212084F83D002020EB
:10F6800084F83E000020206465626685608D2085D8
:10F690000D48E062606B10B30C48616BC8630C48A6
:10F6A000616BC8640020616B0864616B4864616BC6
:10F6B0008864616B0865238DD4F800C00CF11002DA
:10F6C000616A07E00C0000200000FFFF69F10108FB
:10F6D00011F10108606BFBF7F8FF074610E02820E6
:10F6E00084F83D00002084F83E00206C40F080004B
:10F6F000206400BF002084F83C0000BF01209DE78B
:10F70000CFB92068006840F480602168086000BFBD
:10F71000002084F83C0000BF2068406840F440703E
:10F72000216848602068406840F4006021684860B3
:10F73000002083E710E0202084F83D00002084F8BA
:10F740003E00206C40F01000206400BF002084F8D0
:10F750003C0000BF012071E702206FE72DE9F04176
:10F7600004460D46164694F83D00202875D105B193
:10F7700016B90120BDE8F08100BF94F83C000128D3
:10F7800001D10220F6E7012084F83C0000BF206888
:10F79000006800F0010028B92068006840F001000E
:10F7A000216808602068006820F400602168086013
:10F7B000222084F83D00202084F83E0000202064B0
:10F7C00065626685608D2085FD48E062A06BC8B1EA
:10F7D000FC48A16BC863FC48A16BC8640020A16B06
:10F7E0000864A16B4864A16B8864A16B0865238DD4
:10F7F000D4F800C00CF11001626AA06BFBF765FF42
:10F80000074610E0282084F83D00002084F83E00E0
:10F81000206C40F08000206400BF002084F83C0091
:10F8200000BF0120A6E7CFB92068006840F48060DF
:10F830002168086000BF002084F83C0000BF2068F9
:10F84000406840F44070216848602068406840F497
:10F8500000602168486000208CE710E0202084F8D8
:10F860003D00002084F83E00206C40F01000206431
:10F8700000BF002084F83C0000BF01207AE702208E
:10F8800078E72DE9F8430446884615469946DDE9B0
:10F8900008672068006840F480702168086033467B
:10F8A00000224FF0011120460097FEF721FD60B1C4
:10F8B0002068006800F48070B0F5807F02D14FF4BA
:10F8C000007020640320BDE8F88308F0FE00216882
:10F8D00008613B463246BD492046FEF78CFC08B124
:10F8E0000120F0E700BF00200090206840690090F0
:10F8F00020688069009000BF00BF3A46314620462C
:10F90000FEF746FC50B1206C042805D12068006841
:10F9100040F40070216808600120D4E7B9F1010FBC
:10F9200003D1E8B22168086117E0C5F30720216818
:10F9300008613A4631462046FEF72AFC50B1206C59
:10F94000042805D12068006840F400702168086030
:10F950000120B8E7E8B2216808610020B3E72DE98B
:10F96000FC5F04460F4690469946DDE90CAB0E9EBF
:10F97000FCF7E4FB054694F83D0020287ED11923CE
:10F980000122934920460095FEF7B2FC10B10220F7
:10F99000BDE8FC9F00BF94F83C00012801D1022083
:10F9A000F6E7012084F83C0000BF2068006800F002
:10F9B000010028B92068006840F001002168086053
:10F9C0002068006820F4006021680860212084F825
:10F9D0003D00402084F83E0000202064C4F824A0AC
:10F9E000A4F82AB0608D20857548E0624B464246F7
:10F9F00039462046CDE90065FFF743FF08B10120F5
:10FA0000C6E731E02A4631462046FEF7C1FB50B139
:10FA1000206C042805D12068006840F4007021683B
:10FA200008600120B4E7606A007821680861606AB4
:10FA3000401C6062208D401E2085608D401E6085C8
:10FA400020684069C0F3800070B1208D60B1606AA9
:10FA5000007821680861606A401C6062208D401E49
:10FA60002085608D401E6085208D0028CAD12A46E1
:10FA700031462046FEF759FB60B100E01BE0206CE8
:10FA8000042805D12068006840F4007021680860EF
:10FA900001207DE72068006840F40070216808605C
:10FAA000202084F83D00002084F83E0000BF84F848
:10FAB0003C0000BF6CE702206AE72DE9F8430446EA
:10FAC0000F4615469946DDE908862068006840F42F
:10FAD0008060216808602068006840F480702168B8
:10FAE0000860434600224FF0011120460096FEF7C1
:10FAF000FFFB60B12068006800F48070B0F5807F83
:10FB000002D14FF4007020640320BDE8F88307F0B1
:10FB1000FE0021680861334642462C492046FEF724
:10FB20006AFB08B10120F0E700BF002000902068C8
:10FB30004069009020688069009000BF00BF324695
:10FB400041462046FEF724FB50B1206C042805D125
:10FB50002068006840F40070216808600120D4E744
:10FB6000B9F1010F03D1E8B22168086117E0C5F3CC
:10FB7000072021680861324641462046FEF708FB0F
:10FB800050B1206C042805D12068006840F4007052
:10FB9000216808600120B8E7E8B2216808613246B0
:10FBA00041462046FEF7F4FAA0B1206C042805D1A6
:10FBB0002068006840F40070216808600120A4E714
:10FBC0000000FFFF69F1010811F1010802000100C6
:10FBD000020010002068006840F48070216808600E
:10FBE000434600224FF0011120460096FEF780FBAD
:10FBF00058B12068006800F48070B0F5807F02D1B1
:10FC00004FF40070206403207FE7F8B240F0010059
:10FC10002168086133464246FD492046FEF7EBFA6B
:10FC200008B1012071E700206FE72DE9FC5F044671
:10FC30000F4690469946DDE90CAB0E9EFCF77EFA26
:10FC4000054694F83D00202870D119230122F1497E
:10FC500020460095FEF74CFB10B10220BDE8FC9F4A
:10FC600000BF94F83C00012801D10220F6E70120F2
:10FC700084F83C0000BF2068006800F0010028B94B
:10FC80002068006840F00100216808602068006872
:10FC900020F4006021680860222084F83D004020A4
:10FCA00084F83E0000202064C4F824A0A4F82AB000
:10FCB000608D2085D848E0624B4642463946204652
:10FCC000CDE90065FFF7F9FE08B10120C6E7208DF8
:10FCD00088B900BF00200190206840690190206829
:10FCE0008069019000BF00BF2068006840F4007088
:10FCF0002168086040E0208D012818D12068006844
:10FD000020F480602168086000BF00200190206816
:10FD10004069019020688069019000BF00BF2068A1
:10FD2000006840F400702168086025E0FAE0208D4A
:10FD3000022816D12068006820F4806021680860DD
:10FD40002068006840F400602168086000BF00205F
:10FD5000019020684069019020688069019000BF8F
:10FD60000AE000BF002001902068406901902068EF
:10FD70008069019000BF00BFC5E0208D032870D8C6
:10FD8000208D012815D12A4631462046FEF729FC50
:10FD900008B1012062E720680069616A0870606A42
:10FDA000401C6062208D401E2085608D401E608555
:10FDB000A9E0208D02282BD1334600229449891CCA
:10FDC00020460095FEF794FA08B1012046E7206826
:10FDD000006840F400702168086020680069616A6A
:10FDE0000870606A401C6062208D401E2085608D16
:10FDF000401E608520680069616A0870606A401C66
:10FE00006062208D401E2085608D401E60857AE0F6
:10FE1000334600227E49891C20460095FEF768FA89
:10FE200008B101201AE72068006820F4806021688A
:10FE3000086020680069616A0870606A401C60623E
:10FE4000208D401E2085608D401E60853346002237
:10FE50006F49891C20460095FEF74AFA10B101202F
:10FE6000FCE620E02068006840F40070216808602B
:10FE700020680069616A0870606A401C6062208DB9
:10FE8000401E2085608D401E608520680069616A83
:10FE90000870606A401C6062208D401E2085608D65
:10FEA000401E60852FE02A4631462046FEF799FB2A
:10FEB00008B10120D2E620680069616A0870606AB2
:10FEC000401C6062208D401E2085608D401E608534
:10FED00020684069C0F38000A8B1208D032805D1B7
:10FEE0002068006820F4806021680860206800694C
:10FEF000616A0870606A401C6062208D401E208527
:10FF0000608D401E6085208D00287FF436AF202054
:10FF100084F83D00002084F83E0000BF84F83C00D7
:10FF200000BF9BE6022099E6F8B50446DDE90656D7
:10FF30000020009094F83D00202872D137480068D6
:10FF40001927B0FBF7F04FF47A77B0FBF7F000EB2E
:10FF5000C00707EB0010009000BF0098401E009003
:10FF6000009868B900202063202084F83D0000201C
:10FF700084F83E00206C40F0200020640220F8BD90
:10FF800020688069C0F340000028E6D100BF94F8E3
:10FF90003C00012801D10220F1E7012084F83C0057
:10FFA00000BF2068006800F0010028B920680068E0
:10FFB00040F00100276838602068006820F4006085
:10FFC00027683860212084F83D00402084F83E00F6
:10FFD0000020206465626685608D20850E48E062A1
:10FFE0006164A264E364002020652068006840F436
:10FFF00080702768386000BF002084F83C0000BF94
:020000040802F0
:100000002068406840F4E060276878600020B6E728
:1000100002000100020010000000FFFF0C000020A1
:10002000FFE70220ABE7F8B50446DDE906560020FD
:10003000009094F83D00202872D1FE4800681927EE
:10004000B0FBF7F04FF47A77B0FBF7F000EBC007A6
:1000500007EB0010009000BF0098401E0090009831
:1000600068B900202063202084F83D00002084F837
:100070003E00206C40F0200020640220F8BD206883
:100080008069C0F340000028E6D100BF94F83C002E
:10009000012801D10220F1E7012084F83C0000BFD3
:1000A0002068006800F0010028B92068006840F06E
:1000B0000100276838602068006820F40060276825
:1000C0003860222084F83D00402084F83E00002063
:1000D000206465626685608D2085D748E062616432
:1000E000A264E364002020652068006840F480601A
:1000F000276838602068006840F48070276838609E
:1001000000BF002084F83C0000BF208D28B120688B
:10011000406840F4E060276878600020AEE7FFE7C1
:100120000220ABE72DE9FE4F04460E4617469846DF
:10013000DDE90C9A00200290FCF700F8834694F861
:100140003D00202879D1BB4800681921B0FBF1F0AF
:100150004FF47A71B0FBF1F000EBC00101EB00103D
:10016000029000BF0298401E0290029870B90020D1
:100170002063202084F83D00002084F83E00206C9D
:1001800040F0200020640220BDE8FE8F20688069D6
:10019000C0F340000028E5D100BF94F83C000128DE
:1001A00001D10220F0E7012084F83C0000BF206864
:1001B000006800F0010028B92068006840F00100E4
:1001C000216808602068006820F4006021680860E9
:1001D000212084F83D00402084F83E000020206467
:1001E000C4F82490A4F82AA0608D20859248E0628B
:1001F0006664A764C4F84C8000202065208D002828
:100200006DD0606BD0B18D48616BC8638C48616BF9
:10021000C8640020616B0864616B4864616B88642A
:10022000616B0865238DD4F800C00CF11002616A7F
:10023000606BFBF74AFA054611E076E0202084F86F
:100240003D00002084F83E00206C40F080002064D7
:1002500000BF002084F83C0000BF012094E7EDBB04
:10026000232043463A463146CDE9000B2046FFF7AE
:1002700008FBB8B1606BFBF7CBFA05460020616B59
:10028000C8632068006820F480602168086000204E
:10029000208560852068006820F0010021680860E2
:1002A000012071E700BF00200190206840690190A3
:1002B00020688069019000BF00BF00BF002084F863
:1002C0003C0000BF2068406840F4807021684860AE
:1002D0002068406840F40060216801E003E013E01A
:1002E0004860002050E7202084F83D00002084F87A
:1002F0003E00206C40F01000206400BF002084F815
:100300003C0000BF01203FE7202084F83D00002092
:1003100084F83E00206C40F04000206400BF0020C4
:1003200084F83C0000BF01202EE702202CE72DE9D5
:10033000FE4F04460E4617469846DDE90CABFBF728
:10034000FDFE81460020029094F83D00202870D1E7
:10035000384800681921B0FBF1F04FF47A71B0FB16
:10036000F1F000EBC00101EB0010029000BF029819
:10037000401E0290029870B900202063202084F86B
:100380003D00002084F83E00206C40F020002064F6
:100390000220BDE8FE8F20688069C0F3400000287D
:1003A000E5D100BF94F83C00012801D10220F0E71C
:1003B000012084F83C0000BF2068006800F00100C4
:1003C00028B92068006840F00100216808602068B2
:1003D000006820F4006021680860222084F83D0055
:1003E000402084F83E0000202064C4F824A0A4F833
:1003F0002AB0608D20851048E0626664A764C4F866
:100400004C8000202065208D00287DD0A06B18B383
:100410000A48A16BC8630A48A16BC8640020A16B9D
:100420000864A16B4864A16B8864A16B0865238D87
:1004300008E0ADE00C0000200000FFFF69F10108BA
:1004400011F10108D4F800C00CF11001626AA06B30
:10045000FBF73BF9054610E0202084F83D00002022
:1004600084F83E00206C40F08000206400BF002033
:1004700084F83C0000BF01208BE7002D50D12320E1
:1004800043463A463146CDE900092046FFF715FBC1
:10049000B8B1A06BFBF7BCF905460020A16BC8639F
:1004A0002068006820F480602168086000202085B2
:1004B00060852068006820F0010021680860012044
:1004C00067E7208D012806D12068006820F480604D
:1004D0002168086005E02068406840F48050216889
:1004E000486000BF002001902068406901902068AA
:1004F0008069019000BF00BF00BF002084F83C006D
:1005000000BF2068406800E01BE040F48070216874
:1005100048602068406840F400602168486035E029
:10052000202084F83D00002084F83E00206C40F03C
:100530001000206400BF002084F83C0000BF0120B0
:1005400027E7232043463A463146CDE900092046B5
:10055000FFF7B3FA08B101201BE700BF00200190AC
:1005600020684069019020688069019000BF00BF49
:100570002068006840F4007021680860202084F83A
:100580003D0000BF002084F83C0000BF002000E7D1
:100590000220FEE62DE9F84F04460F4690461E461F
:1005A000FBF7CCFD05464FF0000994F83D002028EC
:1005B0007ED119230122F84920460095FDF798FEC7
:1005C00010B10220BDE8F88F00BF94F83C0001286C
:1005D00001D10220F6E7012084F83C0000BF20682A
:1005E000006800F0010028B92068006840F00100B0
:1005F000216808602068006820F4006021680860B5
:10060000242084F83D0000202064E448E06200BF1C
:100610002068006840F4807021680860334600223A
:100620004FF0011120460095FDF762FE58B1206899
:10063000006800F48070B0F5807F02D14FF4007044
:1006400020640320BEE707F0FE0021680861FBF785
:1006500075FD054620684069C0F3400A206840697E
:10066000C0F3802B10E0FBF769FD401BB04200D8BF
:1006700016B9A02084F83D0020684069C0F3400A04
:1006800020684069C0F3802B94F83D00A02805D075
:10069000BAF1000F02D1BBF1000FE4D0202084F8A2
:1006A0003D0020684069C0F3400028B3206800E0A6
:1006B00045E0006840F400702168086000BF002039
:1006C000009020684069009020688069009000BF19
:1006D00000BF19230122B04920460095FDF708FE0E
:1006E00008B101206EE7202084F83D0000BF002003
:1006F00084F83C0000BF65E72068006840F40070A3
:10070000216808606FF48060216848611923012224
:10071000A14920460095FDF7EBFD08B1012051E706
:1007200009F10109C145FFF473AF202084F83D00B1
:1007300000BF002084F83C0000BF012042E70220F7
:1007400040E77CB50446069D00200190009094F897
:100750003D0020287ED12068006800F40070B0F5CC
:10076000007F03D0082D01D0012D27D18C480068CF
:100770001926B0FBF6F04FF47A76B0FBF6F000EBFA
:10078000C00606EB0010009000BF0098401E0090CD
:10079000009868B900202063202084F83D000020E4
:1007A00084F83E00206C40F02000206402207CBDD4
:1007B00020688069C0F340000028E6D100BF94F8AB
:1007C0003C00012801D10220F1E7012084F83C001F
:1007D00000BF2068006800F0010028B920680068A8
:1007E00040F00100266830602068006820F4006056
:1007F00026683060212084F83D00102084F83E00F7
:100800000020206462626385608D2085E5626164FA
:10081000206B0190019811280AD1B5F52A0F02D05A
:10082000B5F12A4F01D1012000E00020012805D1B7
:100830002068006840F480702668306000BF0020A7
:1008400084F83C0000BF2068406840F4E0602668FF
:10085000706000E001E00020A9E70220A7E72DE991
:10086000FC4704460F46904699460A9D0020019099
:10087000009094F83D0020287CD12068006800F4A6
:100880000070B0F5007F03D0082D01D0012D28D1D4
:10089000434800681921B0FBF1F04FF47A71B0FBC6
:1008A000F1F000EBC00101EB0010009000BF0098D8
:1008B000401E0090009870B900202063202084F82A
:1008C0003D00002084F83E00206C40F020002064B1
:1008D0000220BDE8FC8720688069C0F34000002842
:1008E000E5D100BF94F83C00012801D10220F0E7D7
:1008F000012084F83C0000BF2068006800F001007F
:1009000028B92068006840F001002168086020686C
:10091000006820F4006021680860212084F83D0010
:10092000102084F83E0000202064C4F82480A4F83D
:100930002A90608D2085E5626764206B0190208D90
:10094000002879D0606BB0B11648616BC863164857
:10095000616BC8640020616B0864616B0865238D5E
:10096000D4F800C00CF11002616A606BFAF7ADFEBA
:1009700006461BE087E0202084F83D00002084F834
:100980003E00206C40F08000206400BF002084F80E
:100990003C0000BF01209CE7020010000000FFFFA8
:1009A0000C00002069F1010811F101088EBB2068DC
:1009B000006840F4806021680860019811280AD11D
:1009C000B5F52A0F02D0B5F12A4F01D1012000E080
:1009D0000020012805D12068006840F4807021685B
:1009E000086000BF002084F83C0000BF042D03D045
:1009F000202D01D0102D05D12068406840F4006002
:100A0000216848602068406840F440702168486070
:100A100037E000E010E0202084F83D00002084F85A
:100A20003E00206C40F01000206400BF002084F8DD
:100A30003C0000BF01204CE72068006840F4806063
:100A400021680860019811280AD1B5F52A0F02D053
:100A5000B5F12A4F01D1012000E00020012805D185
:100A60002068006840F480702168086000BF0020A2
:100A700084F83C0000BF2068406840F4E0602168D2
:100A80004860002025E7022023E7FCB50446079DC7
:100A90000020019000904FF4E06694F83D0020287B
:100AA00077D12068006800F40070B0F5007F03D0B3
:100AB000082D01D0012D27D1F94800681927B0FB76
:100AC000F7F04FF47A77B0FBF7F000EBC00707EBD5
:100AD0000010009000BF0098401E0090009868B978
:100AE00000202063202084F83D00002084F83E0090
:100AF000206C40F0200020640220FCBD206880694A
:100B0000C0F340000028E6D100BF94F83C00012863
:100B100001D10220F1E7012084F83C0000BF2068E9
:100B2000006800F0010028B92068006840F001006A
:100B3000276838602068006820F400602768386003
:100B4000222084F83D00102084F83E00002020641C
:100B500062626385608D2085E5626164206B01902F
:100B6000608D02281DD1202D01D0102D19D10198A2
:100B700012280FD12068006820F480602768386050
:100B80002068006840F400602768386026F48066BA
:100B90000DE02CE02068006840F480602768386031
:100BA00005E02068006840F480602768386001989C
:100BB00012280AD1B5F52A0F02D0B5F12A4F01D17A
:100BC000012000E00020012805D12068006840F4E1
:100BD00080702768386000BF002084F83C0000BFA8
:100BE00020684068304327687860002085E702204D
:100BF00083E72DE9FC4704460F46904699460A9D37
:100C00000020019000904FF4E06A94F83D00202805
:100C10007DD12068006800F40070B0F5007F03D03B
:100C2000082D01D0012D28D19D4800681921B0FB65
:100C3000F1F04FF47A71B0FBF1F000EBC00101EB81
:100C40000010009000BF0098401E0090009870B9FE
:100C500000202063202084F83D00002084F83E001E
:100C6000206C40F0200020640220BDE8FC87206852
:100C70008069C0F340000028E5D100BF94F83C0033
:100C8000012801D10220F0E7012084F83C0000BFD8
:100C90002068006800F0010028B92068006840F072
:100CA0000100216808602068006820F40060216865
:100CB00008602068406820F4805021684860222045
:100CC00084F83D00102084F83E0000202064C4F821
:100CD0002480A4F82A90608D2085E5626764206BEB
:100CE0000190208D002879D0608D022822D1202DFE
:100CF00001D0102D1ED10198122814D1206800684F
:100D000020F48060216808602068006800E0B9E095
:100D100040F40060216808602068406840F480501A
:100D20002168486019E02068006840F4806021680C
:100D3000086012E02068006840F480602168086064
:100D4000202D04D0B5F12A4F01D0102D05D12068F7
:100D5000406840F4805021684860A06BA8B15148B9
:100D6000A16BC8635048A16BC8640020A16B0864E4
:100D7000A16B0865238DD4F800C00CF11001626AE4
:100D8000A06BFAF7A2FC064610E0202084F83D0094
:100D9000002084F83E00206C40F08000206400BFFA
:100DA000002084F83C0000BF01205EE78EBB019864
:100DB00012280AD1B5F52A0F02D0B5F12A4F01D178
:100DC000012000E00020012809D12068006840F4DB
:100DD0008070216808604FF4407A02E02BE04FF405
:100DE000807A00BF002084F83C0000BF042D03D0AF
:100DF000202D01D0102D05D12068406840F40060FE
:100E0000216848602068406840EA0A00216848601C
:100E100036E0FFE7202084F83D00002084F83E0003
:100E2000206C40F01000206400BF002084F83C00DB
:100E300000BF012019E72068006840F48060216845
:100E40000860019812280AD1B5F52A0F02D0B5F131
:100E50002A4F01D1012000E00020012805D120689F
:100E6000006840F480702168086000BF002084F8AA
:100E70003C0000BF2068406840EA0A0021684860E2
:100E80000020F2E60220F0E638B5044694F83D0072
:100E900000F0280028284AD101B13AB9012038BD14
:100EA0000C00002069F1010811F1010800BF94F85D
:100EB0003C00012801D10220F1E7012084F83C0028
:100EC00000BF2068006800F0010028B920680068B1
:100ED00040F00100256828602068006820F4006068
:100EE00025682860292084F83D00202084F83E00F1
:100EF0000020206461626285608D2085E36200BF0E
:100F0000002000902068406900902068806900906F
:100F100000BF00BF00BF002084F83C0000BF206875
:100F2000406840F4E060256868600020B7E7022070
:100F3000B5E77047F8B5054600200090AC6B94F813
:100F40003D60FE4800681921B0FBF1F04FF47A7162
:100F5000B0FBF1F0C0EBC00000EB8000009000BFE0
:100F6000009820B9206C40F02000206409E000982F
:100F7000401E00902068006800F40070B0F5007F0B
:100F8000EED000BF606B10B10020616BC863A06B36
:100F900010B10020A16BC8632068006820F4806055
:100FA0002168086000206085606B10B10020616BD3
:100FB0000865A06B10B10020A16B0865206800686F
:100FC00020F001002168086094F83D0060280AD1F3
:100FD000202084F83D00002084F83E002064204654
:100FE000FFF7A7FF1EE006F02800282811D120688F
:100FF000006840F00100216808602068006840F443
:1010000080602168086000202063282084F83D006B
:1010100005E0202084F83D00002084F83E002046B2
:10102000FEF775F8F8BD2DE9F84304460D4616465F
:10103000984694F83D0000F0280028287ED105B19C
:1010400016B90120BDE8F88300BF94F83C000128E0
:1010500001D10220F6E7012084F83C0000BF20689F
:10106000406820F440702168486094F83D002A28C8
:1010700019D12068406800F40060B0F5006F2FD1EE
:10108000A06B68B32068406820F400602168486065
:10109000AB48A16B0865A06BFAF7BAFB00B3A06B75
:1010A000016D88471CE094F83D00292818D120687C
:1010B000406800F40060B0F5006F11D1206840680E
:1010C00020F4006021684860606B48B19C48616B07
:1010D0000865606BFAF79CFB10B1606B016D884787
:1010E0002068006800F0010028B92068006840F01E
:1010F0000100216808602068006820F40060216811
:101100000860292084F83D00202084F83E0000205B
:10111000206465626685608D2085C4F82C80606BD4
:10112000B8B18848616BC8638748616BC8640020A8
:10113000616B0864616B0865238D00E050E0D4F8B2
:1011400000C00CF11002616A606BFAF7BEFA074644
:1011500010E0282084F83D00002084F83E00206C38
:1011600040F08000206400BF002084F83C0000BFF5
:10117000012067E71FBB2068006840F48060216899
:10118000086000BF0020009020684069009020683F
:101190008069009000BF00BF00BF002084F83C00C1
:1011A00000BF2068406840F44070216848602068B3
:1011B000406840F4006021684860002042E7202039
:1011C00084F83D00002084F83E00206C40F01000C0
:1011D000206400BF002084F83C0000BF012031E7FC
:1011E00002202FE738B5044694F83D0000F02800AF
:1011F000282844D101B10AB9012038BD00BF94F8B4
:101200003C00012801D10220F7E7012084F83C00CE
:1012100000BF2068006800F0010028B9206800685D
:1012200040F00100256828602068006820F4006014
:10123000256828602A2084F83D00202084F83E009C
:101240000020206461626285608D2085E36200BFBA
:10125000002000902068406900902068806900901C
:1012600000BF00BF00BF002084F83C0000BF206822
:10127000406840F4E060256868600020BDE7022017
:10128000BBE72DE9F84304460D461646984694F808
:101290003D0000F0280028287ED105B116B90120B4
:1012A000BDE8F88300BF94F83C00012801D102207A
:1012B000F6E7012084F83C0000BF2068406820F475
:1012C00040702168486094F83D002A2819D12068B0
:1012D000406800F40060B0F5006F39D1A06BA8B38E
:1012E0002068406820F40060216848601448A16BC1
:1012F0000865A06BFAF78CFA40B3A06B016D8847C4
:1013000026E094F83D00292822D12068406800F4A6
:101310000060B0F5006F1BD12068406820F40060C9
:1013200021684860606B88B10548616B0865606B37
:10133000FAF76EFA50B1606B016D08E00C00002006
:10134000350F020869F1010811F1010800E0884732
:101350002068006800F0010028B92068006840F0AB
:101360000100216808602068006820F4006021689E
:1013700008602A2084F83D00202084F83E000020E8
:10138000206465626685608D2085C4F82C80A06B22
:10139000B8B1FB48A16B00E05AE0C863F948A16B03
:1013A000C8640020A16B0864A16B0865238DD4F884
:1013B00000C00CF11001626AA06BFAF786F90746CB
:1013C00010E0282084F83D00002084F83E00206CC6
:1013D00040F08000206400BF002084F83C0000BF83
:1013E00001205DE71FBB2068006840F48060216831
:1013F000086000BF002000902068406900902068CD
:101400008069009000BF00BF00BF002084F83C004E
:1014100000BF2068406840F4006021684860206890
:10142000406840F4407021684860002038E7202080
:1014300084F83D00002084F83E00206C40F010004D
:10144000206400BF002084F83C0000BF012027E793
:10145000022025E7014691F83D0020281BD12820D5
:1014600081F83D000868006800F0010028B90868AC
:10147000006840F001000A6810600868006840F4E5
:1014800080600A6810600868406840F440700A682C
:101490005060002070470220FCE7014691F83D00B3
:1014A00028281BD191F83D0000F0030291F83E007E
:1014B00010430863202081F83D00002081F83E00A1
:1014C0000868006820F480600B681860086840684D
:1014D00020F440700B685860002070470220FCE741
:1014E00070472DE9F041044694F83D6094F83E7051
:1014F000102F01D0402F07D1222E05D1206800687F
:1015000020F400602168086006F02800282805D132
:1015100000202063282084F83D0010E02068406807
:1015200000F40060B0F5006F07D0602E05D02020D9
:1015300084F83D00002084F83E00002020632068ED
:10154000406800F40060B0F5006F40D1206840684A
:1015500020F4006021684860606B90F83500012835
:1015600014D08948616B0865606BFAF751F900285F
:101570005BD02068006820F001002168086020200E
:1015800084F83D00606B016D88474EE07E48A16B9A
:101590000865A06BFAF73CF9002846D0206840693E
:1015A000C0F3801030B120680069616A0870606A19
:1015B000401C60622068006820F00100216808601B
:1015C000202084F83D00A06B016D88472DE094F841
:1015D0003D0060281AD1202084F83D0000202064BE
:1015E00020684069C0F3801030B120680069616AEA
:1015F0000870606A401C60622068006820F001008A
:10160000216808602046FFF794FC0EE020684069DE
:10161000C0F3801030B120680069616A0870606AA8
:10162000401C60622046FDF772FD256C05F001004C
:1016300058B905F00200022807D005F0040004287C
:1016400003D005F00800082805D12068406820F480
:10165000E0602168486094F83D60206C00F0040070
:1016600004280ED1282E0CD14848E06200202063C7
:10167000202084F83D00002084F83E002046FFF73B
:101680002FFFBDE8F08170B504460E4694F83E5039
:1016900020688069C0F3400088B3102D01D0402D30
:1016A0002ED100BF94F83C00012801D1022070BD6A
:1016B000012084F83C0000BF00202063602084F8F3
:1016C0003D002068006820F4806021680860206880
:1016D000006840F400702168086000206085206880
:1016E000406820F4E0602168486000BF002084F872
:1016F0003C0000BF2046FFF7F4FE0020D7E7FFE7DD
:101700000120D4E7418D49B101680969426A11702D
:10171000416A491C4162418D491E4185704770B53F
:10172000044694F83D50608DD8B120680069616A24
:101730000870606A401C6062608D401E6085608D2C
:1017400078B92A2D0DD12068406820F48060216886
:10175000486022202063282084F83D002046FDF7C1
:1017600001FD70BD418D49B1416A0978026811617E
:10177000416A491C4162418D491E41857047000004
:1017800069F1010811F10108350F02080000FFFF9F
:1017900070B5044694F83D50608DD8B1606A007809
:1017A00021680861606A401C6062608D401E60852F
:1017B000608D78B9292D0DD12068406820F48060B3
:1017C0002168486021202063282084F83D002046BD
:1017D000FDF7C9FC70BD38B5044694F83D5020684B
:1017E000406820F4E0602168486000BF002000905D
:1017F0002068406900902068006840F0010021687E
:10180000086000BF00BF2068006820F48060216885
:1018100008602068406800F40060B0F5006F42D1B5
:10182000222D01D02A2D1FD1A06B00684068608551
:10183000608D18B1206C40F004002064206840687E
:1018400020F4006021684860A06BFAF72DFA0128A7
:1018500029D0FA48A16B0865A06BF9F7D9FF10B33E
:10186000A06B016D88471EE0606B00684068608572
:10187000608D18B1206C40F004002064206840683E
:1018800020F4006021684860606BFAF70DFA0128C7
:1018900009D0EA48616B0865606BF9F7B9FF10B1D0
:1018A000606B016D8847608D18B320684069C0F394
:1018B000800048B120680069616A0870606A401C55
:1018C0006062608D401E608520684069C0F38010B2
:1018D00048B120680069616A0870606A401C6062F3
:1018E000608D401E6085608D18B1206C40F0040052
:1018F0002064206C18B12046FFF7F3FD2BE02A2D61
:1019000007D100202063282084F83D002046FDF701
:1019100029FC94F83D0028280DD1C948E062002038
:101920002063202084F83D00002084F83E002046FB
:10193000FFF7D6FD0FE0206B222801D0222D0AD11F
:1019400000202063202084F83D00002084F83E0021
:101950002046FDF707FC38BD7047F8B504460D4634
:10196000002794F83D0000F0280028281CD12068AA
:10197000406820F4806021684860C5F3800000B9A9
:101980000127C5F3C01010B9A08986B201E0208BF1
:1019900086B200BF002084F83C0000BF32463946C2
:1019A0002046FFF7D9FF0FE000BF0020009020681D
:1019B0004069009020688069009000BF00BF00BFB0
:1019C000002084F83C0000BFF8BD70B50446E56A0D
:1019D000608D042810D12068406820F48060216860
:1019E000486020680069616A0870606A401C606233
:1019F000608D401E608581E0608D03281AD12068CB
:101A0000406820F4806021684860042D07D0022DD2
:101A100005D02068006820F4806021680860206894
:101A20000069616A0870606A401C6062608D401ED7
:101A3000608563E0608D022856D1012D01D0102D04
:101A400006D12068006820F480602168086012E0F8
:101A5000042D01D0022D06D12068006840F480607A
:101A60002168086007E0102D05D02068006840F468
:101A700000702168086020680069616A0870606A07
:101A8000401C6062608D401E608520680069616A4C
:101A90000870606A401C6062608D401E608520682E
:101AA000406820F4407021684860202084F83D00A0
:101AB00094F83E00402807D1002084F83E002063BF
:101AC0002046FDF74EFB19E0002084F83E00082D6B
:101AD00001D0202D02D10020206301E012202063DC
:101AE0002046FDF73DFB09E020680069616A087047
:101AF000606A401C6062608D401E608570BD08B5E4
:101B00000146002000904F4800681922B0FBF2F017
:101B10004FF47A72B0FBF2F000EB8000009000BF4F
:101B20000098401E0090009828B9086C40F02000F2
:101B30000864012008BD0868006800F40070B0F572
:101B4000007FEDD00020F5E770B5044694F83D0025
:101B5000222872D1E66A658D032D13D920680069A9
:101B6000616A0870606A401C6062608D401E60851A
:101B7000608D03286ED12068406820F48060216861
:101B8000486067E0E06A02285ED0012D01D0002D98
:101B90005AD12046FFF7B3FFA0BB2068006820F4AD
:101BA0008060216808602068406820F4E060216857
:101BB000486020680069616A0870606A401C606261
:101BC000608D401E6085202084F83D0094F83E0022
:101BD000402807D1002084F83E0020632046FDF70E
:101BE000C0FA37E0002084F83E00082E01D0202EF5
:101BF00002D10020206301E0122020632046FDF77F
:101C0000AFFA27E0FFE72068406820F4E060216831
:101C1000486020680069616A0870606A401C606200
:101C2000608D401E6085202084F83D00002084F8EF
:101C30003E002046FDF76BFA0CE00CE0350F020881
:101C40000000FFFF0C0000202068406820F4806046
:101C50002168486000BF70BD704770B5044694F8B5
:101C60003D50206D98B9E06C012807D1A06CC0B23E
:101C700021680861206D801C206550E0A06CC0F3D5
:101C8000072021680861206D401C206547E0206D19
:101C9000012807D1A06CC0B221680861206D401CEA
:101CA00020653CE0206D022836D1222D09D1206824
:101CB000006840F4807021680860206D401C206539
:101CC0002DE0608D60B1212D0AD1606A0078216815
:101CD0000861606A401C6062608D401E60851EE085
:101CE000608DE0B9212D1AD12068406820F4E060B1
:101CF000216848602068006840F40070216808602E
:101D000000202063202084F83D00002084F83E005D
:101D10002046FFF7A1FF02E02046FCF7DEF970BD88
:101D2000704770B50446E56A94F83D00212847D114
:101D3000608D50B1606A007821680861606A401C5B
:101D40006062608D401E60853AE0082D16D0202D1F
:101D500014D015F5803F11D02068406820F4E06071
:101D60002168486011202063002084F83E00202074
:101D700084F83D002046FFF7D3FF21E0206840684B
:101D800020F4E060216848602068006840F400703A
:101D90002168086000202063202084F83D0094F82A
:101DA0003E00402806D1002084F83E002046FFF780
:101DB00053FF05E0002084F83E002046FFF7B0FF07
:101DC00070BD2DE9F041044694F83D5094F83E7002
:101DD000E66A208DB0BB212D3CD1082E16D0202ED6
:101DE00014D016F5803F11D02068406820F4E060E0
:101DF0002168486011202063002084F83E002020E4
:101E000084F83D002046FFF78BFF44E020684068DF
:101E100020F4E060216848602068006840F40070A9
:101E20002168086000202063202084F83D0094F899
:101E30003E00402807D1002084F83E002046FFF7EE
:101E40000BFF28E006E0002084F83E002046FFF764
:101E500067FF20E0212D03D0402F1CD1222D1AD165
:101E6000608D30B92068406820F480602168486047
:101E700011E094F83E00402803D12046FFF7EDFE24
:101E800009E0606A007821680861606A401C60624D
:101E9000608D401E6085BDE8F08138B590F83E2029
:101EA000C16A036B90F83D40222C73D1046D64B974
:101EB000402A0AD100BF0024009404686469009499
:101EC0000468A469009400BF1AE1046DC4B90469F0
:101ED000B4F5404F14D100BF002400940468646935
:101EE00000940468A469009400BF00BF04682468DB
:101EF00044F4807405682C60046D641C0465FFE084
:101F0000448D8CB900BF0024009404686469009477
:101F10000468A469009400BF00BF0468246844F406
:101F2000007405682C60DDE0448D012C72D111F540
:101F3000803F30D10468246824F4806405682C60F4
:101F40000468646804F40064B4F5006F10D1046898
:101F5000246824F4806405682C6000BF0024009489
:101F60000468646900940468A469009400BFB9E03F
:101F700000BF002400940468646900940468A469A4
:101F8000009400BF00BF0468246844F4007405682E
:101F90002C60A7E0A9E0082923D0202921D0122B0A
:101FA00001D101291DD104290AD0022908D0102904
:101FB00006D00468246824F4806405682C6005E079
:101FC0000468246844F4806405682C6000BF002421
:101FD00000940468646900940468A469009400BFD4
:101FE00080E00468246824F4806405682C6000BFE5
:101FF000002400940468646900940468A46900944F
:1020000000BF00BF0468246844F4007405682C60B5
:1020100068E0FFE7448D022C3BD1042910D002294F
:102020000ED010290CD00468246824F4806405685C
:102030002C600468246844F4006405682C6005E0A2
:102040000468246844F4806405682C60046864684B
:1020500004F40064B4F5006F10D111F5803F07D08F
:10206000012905D0082903D0102901D0202905D144
:102070000468646844F4805405686C6000BF002400
:1020800000940468646900940468A469009400BF23
:1020900028E00468246844F4806405682C600468BF
:1020A000646804F40064B4F5006F10D111F5803F4A
:1020B00007D0012905D0082903D0102901D02029F3
:1020C00005D10468646844F4805405686C6000BFFE
:1020D000002400940468646900940468A46900946E
:1020E00000BF00BF002404650AE000BF0024009484
:1020F0000468646900940468A469009400BF00BF88
:1021000038BD416CC9B202681161416B11B1416BBC
:10211000C96B21B9816B41B1816BC96B29B1016870
:10212000496841F4006102685160704790F83E10C0
:1021300040290ED1016D29B9416C01F0FE01026800
:10214000116141E0416CC9B241F0010102681161C5
:102150003AE00169B1F5804F20D190F83D10212976
:1021600005D1416C01F0FE010268116105E0416C8E
:10217000C9B241F0010102681161416B11B1416BBB
:10218000C96B21B9816BF9B1816BC96BE1B1016890
:10219000496841F400610268516015E0016D41B980
:1021A000416C01F44071F02242EAE11102681161D0
:1021B0000AE0016D012907D1416C01F44071F1225F
:1021C00042EAE111026811617047C16AB1F52A0F54
:1021D00002D10121C16205E0C16AB1F12A4F01D1EA
:1021E0000821C16270472DE9F04705464FF000090C
:1021F00028684668D5F82CA095F83E7095F83D8083
:10220000102F01D0402F75D12868D0F81890286879
:10221000446904F0010060B9BAF52A0F02D0BAF19E
:102220002A4F01D1012000E00020012801D1BDE8A2
:10223000F08704F0010048B1C6F3402030B12846D1
:10224000FFF7C3FF2846FFF771FFB7E0C4F3C000F4
:1022500030B1C6F3402018B12846FFF752FFADE079
:10226000C4F3400030B1C6F3402018B12846FFF750
:1022700014FEA3E0C9F3800040B32868406800F46E
:102280000060B0F5006FE0D0C4F3C01048B1C6F3F1
:10229000802030B1C4F3800018B92846FFF791FDC3
:1022A0008CE0C4F380000028CFD0C6F34020002883
:1022B000CBD0B8F1210F03D12846FFF732FD7DE0E6
:1022C000402F7BD12846FFF7C8FC77E0286840689C
:1022D00000F40060B0F5006F70D0C4F3801050B10E
:1022E000C6F3802038B1C4F3800020B92846FFF738
:1022F0002BFC63E00BE0C4F3800000285ED0C6F343
:10230000402000285AD02846FFF75FFB56E0286C93
:1023100010B12868446904E02868D0F8189028684B
:102320004469C4F3400060B1C6F3402048B1286C52
:1023300010B12868D0F8189049462846FFF70DFBE1
:102340003CE0C4F3001030B1C6F3402018B1284679
:10235000FFF741FA32E0B8F1210F02D0B8F1290FAE
:1023600016D1C4F3C01048B1C6F3802030B1C4F315
:10237000800018B92846FFF70BFA1FE0C4F380006D
:10238000E0B1C6F34020C8B12846FFF7EBF915E0ED
:10239000C4F3801048B1C6F3802030B1C4F380008C
:1023A00018B92846FFF7BBF908E0C4F3800028B14C
:1023B000C6F3402010B12846FFF7A4F900BF36E766
:1023C00070B5044694F83D50E66A082E01D0202EE0
:1023D0001FD1282D1DD15D48E0622068406820F49F
:1023E000E060216848606FF480602168486120687F
:1023F000006820F4806021680860002020632020AD
:1024000084F83D00002084F83E002046FFF768F87D
:1024100026E0212D20D14D48E0622120206320209C
:1024200084F83D00002084F83E002068406820F4D5
:10243000E060216848606FF480602168486120682E
:10244000006820F48060216808602046FBF745FEA4
:102450002046FCF788FE03E06FF480602168486145
:1024600070BD2DE9F84F0446206847692068D0F810
:102470000480002594F83E90C7F3002040B1C8F3D3
:10248000002028B145F001056FF480702168486193
:10249000C7F3402040B1C8F3002028B145F0020541
:1024A0006FF4007021684861C7F3802070B3C8F3EF
:1024B000002058B3CA46B4F82AB094F83D60206BA7
:1024C0000090BAF1200F0FD1BBF1000F0CD1212EDB
:1024D00006D0292E04D0282E06D10098212803D119
:1024E0002046FFF76DFF11E06FF4806021684861BE
:1024F00045F00405B9F1100F02D0B9F1400F05D134
:102500002068006840F4007021680860C7F3C020AC
:1025100040B1C8F3002028B145F008056FF4006011
:10252000216848612DB1206C284320642046FEF7C5
:10253000D8FFBDE8F88F014691F83D00704701468D
:1025400091F83E0070470146086C70470000FFFF9D
:10255000704710B504460CB9012010BD607920B950
:10256000002020712046EEF730FB022060712068C9
:10257000006840F0040021680860012060710020BC
:10258000A06000BFE9E7704710B504460CB9012010
:1025900010BD2068006820F00C00216808602068E9
:1025A000406820F06000216848602046EEF723FB79
:1025B00000206071A06000BF207100BF00BFE7E78E
:1025C0002DE9F04104460E46002700BF207901287E
:1025D00002D10220BDE8F0810120207100BF6079A6
:1025E000012827D102206071F9F7A8FD054613E004
:1025F000F9F7A4FD401B02280ED92068406800F0BE
:10260000010048B9012060710220A06000BF0020D5
:10261000207100BF0120DDE72068406800F0010064
:102620000028E5D020688068E060E0683060012024
:10263000607102E00420A060012700BF002020712B
:1026400000BF3846C6E70146002200BF08790128CE
:1026500001D1022070470120087100BF487901288C
:1026600008D1022048710868006840F008000B6833
:10267000186006E000BF0020087100BF04208860D9
:1026800001221046E6E710B5044604F10C0120468D
:10269000FFF796FF08B9E06810BD0020FCE701468F
:1026A000002200BF0879012801D1022070470120D3
:1026B000087100BF022048710868826808680068D5
:1026C00040F008000B6818601046EFE7704770474D
:1026D00070B5044600262068456805F020002028D3
:1026E00003D11020A060012606E005F0400040283C
:1026F00002D10820A0600126012E09D104206071BA
:102700002046FFF7E4FF6FF060002168486070BD6D
:1027100005F00100A8B12068006820F008002168D9
:10272000086020688068E0606079042809D0012092
:10273000607100BF0020207100BF2046E168FFF7F4
:10274000C5FF00BFE3E70146C86870470146487906
:1027500070470146886870472DE9F84F04462068A5
:10276000006920F44050E16808432168086121694C
:10277000A068084361690843E16908430090206844
:10278000C06849F20C618843009908432168C86019
:102790002068406920F44070A169084321684861BD
:1027A000FE492068884203D0FD492068884203D151
:1027B000F8F781FB814602E0F8F771FB8146E0699A
:1027C000B0F5004F6CD102206168A0FB01500346B8
:1027D0001920A9FB007001462A46384610F011FF67
:1027E0006421B0FBF1F04FEA001A02206168A0FBFF
:1027F00001510B461920A9FB00712A46384610F0FA
:1028000000FF834602206168A0FB015003461920A7
:10281000A9FB00712A46384610F0F3FE6421B0FB94
:10282000F1F000EBC00101EB0010ABEB80003221B6
:1028300001EBC0006421B0FBF1F000F0F8000AEBFE
:10284000400A02206168A0FB015003461920A9FB41
:10285000007001462A46384610F0D3FE8346022017
:102860006168A0FB015003461920A9FB00712A46AC
:10287000384610F0C6FE6421B0FBF1F000EBC00159
:1028800001EB0010ABEB8000322101EBC0006421B2
:10289000B0FBF1F000F007005044216888606AE066
:1028A00004206168A0FB015003461920A9FB0070B9
:1028B00001462A46384610F0A4FE8246042061688C
:1028C000A0FB015003461920A9FB007001462A46CF
:1028D000384610F096FE6421B0FBF1F000EBC00129
:1028E00001EB0010AAEB8000322101EB0010642103
:1028F000B0FBF1F000F0F00A04206168A0FB017069
:1029000003461920A9FB00513A46284610F079FEEB
:102910006421B0FBF1F00AEB001A04206168A0FB0F
:1029200001510B461920A9FB00712A46384610F0C8
:1029300068FE834604206168A0FB0150034619200D
:10294000A9FB007001462A46384610F05AFE642161
:10295000B0FBF1F000EBC00101EB0010ABEB80002D
:10296000322101EB00106421B0FBF1F000F00F0008
:10297000504421688860BDE8F88F704710B5044660
:102980000CB9012010BDA06900B100E000BF94F8AF
:10299000410028B9002084F840002046EEF73BFCB7
:1029A000242084F841002068C06820F40050216889
:1029B000C8602046FFF7D0FE2068006920F49040F0
:1029C000216808612068406920F02A002168486178
:1029D0002068C06840F400502168C860002060642E
:1029E000202084F8410084F842000020606300BF8A
:1029F000C8E710B504460CB9012010BD94F8410099
:102A000028B9002084F840002046EEF704FC24207A
:102A100084F841002068C06820F400502168C86034
:102A20002046FFF799FE2068006920F49040216855
:102A300008612068406920F0220021684861206810
:102A4000406940F00800216848612068C06840F48F
:102A500000502168C86000206064202084F8410094
:102A600084F842000020606300BFC6E770B50446EA
:102A70000D460CB9012070BD94F8410028B9002022
:102A800084F840002046EEF7C6FB242084F841007D
:102A90002068C06820F400502168C8602046FFF715
:102AA0005BFE2068006920F40060216808612068EE
:102AB000406920F02A00216848612068006940F4DC
:102AC0008040216808612068006920F020002168AA
:102AD0000861206800692843216808612068C0688F
:102AE00040F400502168C86000206064202084F811
:102AF000410084F842000020606300BFBBE770B56E
:102B000004460D4616460CB9012070BD94F84100EC
:102B100028B9002084F840002046EEF77CFB2420F2
:102B200084F841002068C06820F400502168C86023
:102B30002046FFF711FE2068006920F490402168CC
:102B400008612068406920F02A00216848612068F7
:102B5000006920F00F00216808612068006928439F
:102B6000216808612068C06820F400602168C8609E
:102B70002068C06830432168C8602068C06840F49D
:102B800000502168C86000206064202084F8410063
:102B900084F842000020606300BFB6E700100140E7
:102BA00000140140704710B504460CB9012010BD57
:102BB000242084F841002068C06820F40050216877
:102BC000C8602046EEF7D6FB0020606484F8410020
:102BD00084F842002063606300BF84F8400000BFB7
:102BE00000BFE4E700BF00BF02680C3252E8002FCC
:102BF00022F4907102680C3242E80013002BF3D1EA
:102C000000BF00BF00BF0268143252E8002F22F05C
:102C100001010268143242E80013002BF3D100BF17
:102C2000016B01290ED100BF00BF02680C3252E8CF
:102C3000002F22F0100102680C3242E80013002B32
:102C4000F3D100BF202180F84210002101637047BA
:102C50002DE9F84304460D4617469846089E31E094
:102C6000701C70B3F9F76AFAA0EB0800B04200D804
:102C700016B90320BDE8F8832068C06800F004009E
:102C8000F8B1802D1ED0402D1CD020680068C0F304
:102C9000C000B0B100BF0020009020680068009024
:102CA00020684068009000BF00BF2046FFF79AFFF1
:102CB0000820606400BF002084F8400000BF0120AD
:102CC000D8E7FFE7206800682840A84201D101202A
:102CD00000E00020B842C3D00020CBE72DE9F84F38
:102CE00004460E46174699464FF0000A94F84100F4
:102CF000202850D106B117B90120BDE8F88F002077
:102D00006064212084F84100F9F718FA8246A7840C
:102D1000E784A068B0F5805F04D1206910B9002570
:102D2000B04602E035464FF000081EE05346002250
:102D300080212046CDF80090FFF78AFF20B12020A7
:102D400084F841000320D8E745B9B8F80000C0F383
:102D500008002168486008F1020803E0287821682B
:102D600048606D1CE08C401EE084E08C0028DDD1C2
:102D70005346002240212046CDF80090FFF768FF1F
:102D800020B1202084F841000320B6E7202084F8F9
:102D900041000020B1E70220AFE72DE9F84F0446DB
:102DA0000E46174699464FF0000A94F84200202834
:102DB00052D106B117B90120BDE8F88F0020606438
:102DC000222084F8420000202063F9F7B7F98246F8
:102DD000A785E785A068B0F5805F04D1206910B9A8
:102DE0000025B04602E035464FF000082CE053467F
:102DF000002220212046CDF80090FFF729FF20B1C6
:102E0000202084F842000320D6E745B920684068B6
:102E1000C0F30800A8F8000008F1020811E0A0685B
:102E2000B0F5805F03D0A06828B9206918B9206880
:102E30004068287004E02068406800F07F00287037
:102E40006D1CE08D401EE085E08D0028CFD1202054
:102E500084F842000020AFE70220ADE710B503463A
:102E600093F84100202813D101B10AB9012010BD07
:102E700019629A84DA8400205864212083F8410082
:102E80001868C06840F080001C68E0600020EEE731
:102E90000220ECE710B5034699629A85DA85002096
:102EA0005864222083F84200186928B11868C06865
:102EB00040F480701C68E0601868406940F00100D0
:102EC0001C6860611868C06840F020001C68E06001
:102ED000002010BD70B504460D46164694F8420019
:102EE00020280BD105B10EB9012070BD0020206350
:102EF000324629462046FFF7CDFFF6E70220F4E7E9
:102F0000704700BF00BF02680C3252E8002F22F069
:102F1000C00102680C3242E80013002BF3D100BF5D
:102F2000202180F84110704770B506460025B46B2B
:102F300020684069C0F3C01594F84100212805D1EC
:102F400025B10020E0842046FFF7DBFF20684069C0
:102F5000C0F3801594F84200222805D125B1002045
:102F6000E0852046FFF73EFE606C40F01000606494
:102F70002046EEF7F1FD70BD704770B50446A56BB5
:102F80002846FFF7F9FF70BD704770B50546AC6B7A
:102F90002868006800F48070F8B90020E08400BF61
:102FA00000BF2168143151E8001F21F08000216822
:102FB000143141E80002002AF3D100BF00BF00BF76
:102FC00021680C3151E8001F41F0400021680C31AC
:102FD00041E80002002AF3D102E02046FFF7D4FFC7
:102FE00070BDF7B50446154694F84100202836D147
:102FF000019800B10DB90120FEBD01982062A584A1
:10300000E58400206064212084F84100FC48A16B25
:10301000C863FC48A16B0864FB48A16BC86400202E
:10302000A16B086501AE23681A1D31682B46A06BA1
:10303000F8F74BFB6FF040002168086000BF00BF4D
:103040002168143151E8001F41F0800021681431DB
:1030500041E80002002AF3D100BF0020CCE70220A3
:10306000CAE77047704770B50546AC6B01206063D6
:10307000206B012805D1A08D41082046FFF7F2FF03
:1030800002E02046EEF758FD70BD704770B505466A
:10309000AC6B2868006800F48070002842D1E0859D
:1030A00000BF00BF21680C3151E8001F21F480707F
:1030B00021680C3141E80002002AF3D100BF00BFB3
:1030C00000BF2168143151E8001F21F00100216880
:1030D000143141E80002002AF3D100BF00BF00BF55
:1030E0002168143151E8001F21F04000216814319B
:1030F00041E80002002AF3D100BF202084F84200FA
:10310000206B01280ED100BF00BF21680C3151E8AF
:10311000001F21F0100021680C3141E80002002A54
:10312000F3D100BF00206063206B012804D1A18D82
:103130002046FFF797FF02E02046EEF7EDFC70BD5A
:1031400077B581B0044615460298A062A585002097
:103150006064222084F84200AC48E16BC863AC484C
:10316000E16B0864A848E16BC8640020E16B086566
:1031700002AE32682368191D2B46E06BF8F7A5FAFA
:1031800000BF002000902068006800902068406820
:10319000009000BF00BF206970B100BF00BF216870
:1031A0000C3151E8001F41F4807021680C3141E876
:1031B0000002002AF3D100BF00BF00BF2168143114
:1031C00051E8001F41F001002168143141E800027C
:1031D000002AF3D100BF00BF00BF2168143151E8BD
:1031E000001F41F040002168143141E80002002A2C
:1031F000F3D100BF002004B070BD70B504460D4689
:10320000164694F8420020280BD105B10EB90120D2
:1032100070BD00202063324629462046FFF790FF0C
:10322000F6E70220F4E710B501460022086840697D
:10323000C0F3C01291F8410021280FD172B100BF34
:1032400000BF0B68143353E8003F23F080000B6885
:10325000143343E80004002CF3D100BF0868406930
:10326000C0F3801291F8420022282DD162B300BF32
:1032700000BF0B680C3353E8003F23F480700B68E9
:103280000C3343E80004002CF3D100BF00BF00BFA3
:103290000B68143353E8003F23F001000B6814332C
:1032A00043E80004002CF3D100BF00BF00BF0B684F
:1032B000143353E8003F23F040000B68143343E815
:1032C0000004002CF3D100BF002010BD08B501465A
:1032D00091F8410021280ED100BF00BF0A681432C6
:1032E00052E8002F42F080000A68143242E80003DE
:1032F000002BF3D100BF91F84200222839D100BF42
:1033000000200090086800680090086840680090FD
:1033100000BF00BF086970B100BF00BF0A680C326F
:1033200052E8002F42F480700A680C3242E8000331
:10333000002BF3D100BF00BF00BF0A68143252E86F
:10334000002F42F001000A68143242E80003002B0B
:10335000F3D100BF00BF00BF0A68143252E8002F4B
:1033600042F040000A68143242E80003002BF3D117
:1033700000BF002008BD70B50446002520684069E4
:10338000C0F3C01594F84100212817D1B5B100BF92
:1033900000BF2168143151E8001F21F0800021682E
:1033A000143141E80002002AF3D100BFA06B10B134
:1033B000A06BF8F7D3F92046FFF7A3FD206840691A
:1033C000C0F3801594F84200222817D1B5B100BF90
:1033D00000BF2168143151E8001F21F0400021682E
:1033E000143141E80002002AF3D100BFE06B10B1B4
:1033F000E06BF8F7B3F92046FFF7F4FB002070BD4F
:103400008B2F02087B2F0208292F02088D3002081B
:10341000673002082DE9F84F04460F4690461D46D6
:10342000DDF828A094F84200202878D117B1B8F12F
:10343000000F02D10120BDE8F88F00206064222037
:1034400084F842000120206300206063F8F776FED4
:103450008346A4F82C80A4F82E80A068B0F5805F85
:1034600004D1206910B90026B94602E03E464FF06B
:1034700000090020288053E02068006800F0100058
:10348000102813D100BF0020009020680068009031
:1034900020684068009000BF00BF288830B102203B
:1034A0006063202084F842000020C4E720680068A0
:1034B00000F02000202821D146B920684068C0F3E0
:1034C0000800A9F8000009F1020911E0A068B0F5B0
:1034D000805F03D0A06828B9206918B920684068C7
:1034E000307004E02068406800F07F003070761C87
:1034F0002888401C2880E08D401EE0850AF10100EC
:1035000070B1F8F71BFEA0EB0B00504502D8BAF1E2
:10351000000F05D1202084F8420003208BE70BE048
:10352000E08D0028A8D1A08DE18D401A28802020B0
:1035300084F8420000207EE702207CE7F8B50446CC
:103540000E46174694F8420020282ED106B10FB936
:103550000120F8BD01202063002060633A46314617
:103560002046FFF797FC0546EDB9206B012819D1DD
:1035700000BF00200090206800680090206840682C
:10358000009000BF00BF00BF00BF21680C3151E8B0
:10359000001F41F0100021680C3141E80002002AB0
:1035A000F3D100E001252846D3E70220D1E7F8B5A2
:1035B00004460E46174694F8420020282ED106B144
:1035C0000FB90120F8BD01202063002060633A4656
:1035D00031462046FFF7B4FD0546EDB9206B0128C2
:1035E00019D100BF0020009020680068009020687A
:1035F0004068009000BF00BF00BF00BF21680C31D1
:1036000051E8001F41F0100021680C3141E8000230
:10361000002AF3D100E001252846D3E70220D1E7B4
:103620000146486B704710B5044600BF00BF2168D3
:103630000C3151E8001F21F4F07021680C3141E891
:103640000002002AF3D100BF00BF00BF216814317F
:1036500051E8001F21F001002168143141E8000207
:10366000002AF3D100BF206B01280ED100BF00BF9C
:1036700021680C3151E8001F21F0100021680C3145
:1036800041E80002002AF3D100BF2068406900F041
:103690008000802820D100BF00BF2168143151E88C
:1036A000001F21F080002168143141E80002002A47
:1036B000F3D100BFA06B78B10020A16B0865A06BAF
:1036C000F8F74CF840B1A06BF8F7F2FA202803D1D4
:1036D00010206064032010BD2068406900F04000A5
:1036E000402820D100BF00BF2168143151E8001FDD
:1036F00021F040002168143141E80002002AF3D192
:1037000000BFE06B78B10020E16B0865E06BF8F773
:1037100025F840B1E06BF8F7CBFA202803D1102050
:1037200060640320D7E70020E084E0856064202007
:1037300084F8420084F841000020206300BFCAE7FB
:1037400010B5044600BF00BF21680C3151E8001FCE
:1037500021F0C00021680C3141E80002002AF3D1B9
:1037600000BF2068406900F08000802820D100BFA1
:1037700000BF2168143151E8001F21F0800021684A
:10378000143141E80002002AF3D100BFA06B78B1E8
:103790000020A16B0865A06BF7F7E0FF40B1A06BBC
:1037A000F8F786FA202803D110206064032010BDAA
:1037B0000020E084202084F841000020F7E710B5C5
:1037C000044600BF00BF21680C3151E8001F21F4FE
:1037D000907021680C3141E80002002AF3D100BF4B
:1037E00000BF00BF2168143151E8001F21F0010023
:1037F0002168143141E80002002AF3D100BF206B98
:1038000001280ED100BF00BF21680C3151E8001F14
:1038100021F0100021680C3141E80002002AF3D1A8
:1038200000BF2068406900F04000402820D100BF60
:1038300000BF2168143151E8001F21F040002168C9
:10384000143141E80002002AF3D100BFE06B78B1E7
:103850000020E16B0865E06BF7F780FF40B1E06B9B
:10386000F8F726FA202803D110206064032010BD49
:103870000020E085202084F842000020206300BF63
:10388000F5E7704770B50546AC6B0020E16B086545
:10389000A06B18B1A06B006D00B170BD0020E0847A
:1038A000E0856064202084F8410084F84200002014
:1038B00020632046FFF7E5FF00BFEEE770B5054641
:1038C000AC6B0020A16B0865E06B18B1E06B006D7C
:1038D00000B170BD0020E084E0856064202084F8A1
:1038E000410084F84200002020632046FFF7C9FF12
:1038F00000BFEEE770B50446012500BF00BF216898
:103900000C3151E8001F21F4F07021680C3141E8BE
:103910000002002AF3D100BF00BF00BF21681431AC
:1039200051E8001F21F001002168143141E8000234
:10393000002AF3D100BF206B01280ED100BF00BFC9
:1039400021680C3151E8001F21F0100021680C3172
:1039500041E80002002AF3D100BFA06B60B12068EB
:10396000406900F08000802803D1FA48A16B086507
:1039700002E00020A16B0865E06B60B1206840693F
:1039800000F04000402803D1F348E16B086502E0F5
:103990000020E16B08652068406900F08000802805
:1039A00019D100BF00BF2168143151E8001F21F078
:1039B00080002168143141E80002002AF3D100BFE1
:1039C000A06B40B1A06BF7F723FF18B10020A16BEB
:1039D000086500E000252068406900F040004028AC
:1039E0001AD100BF00BF2168143151E8001F21F037
:1039F00040002168143141E80002002AF3D100BFE1
:103A0000E06B48B1E06BF7F703FF20B10020E16BFA
:103A10000865012500E00025012D0DD10020E0847E
:103A2000E0856064202084F8410084F84200002092
:103A300020632046FFF725FF002070BD704770B55A
:103A40000546AC6B0020E084202084F8410020462D
:103A5000FFF7F4FF70BD10B5044600BF00BF21683A
:103A60000C3151E8001F21F0C00021680C3141E801
:103A70000002002AF3D100BF2068406900F08000F6
:103A8000802824D100BF00BF2168143151E8001FF5
:103A900021F080002168143141E80002002AF3D1AE
:103AA00000BFA06B50B1AD48A16B0865A06BF7F7E4
:103AB000AFFEA0B1A06B016D884710E00020E0844C
:103AC000202084F841002046FFF7B8FF07E00020DF
:103AD000E084202084F841002046FFF7AFFF00205B
:103AE00010BD704770B50546AC6B0020E085202006
:103AF00084F84200002020632046FFF7F2FF70BDEB
:103B000010B5044600BF00BF21680C3151E8001F0A
:103B100021F4907021680C3141E80002002AF3D1B1
:103B200000BF00BF00BF2168143151E8001F21F021
:103B300001002168143141E80002002AF3D100BFDE
:103B4000206B01280ED100BF00BF21680C3151E865
:103B5000001F21F0100021680C3141E80002002A0A
:103B6000F3D100BF2068406900F04000402826D112
:103B700000BF00BF2168143151E8001F21F0400050
:103B80002168143141E80002002AF3D100BFE06B44
:103B900050B17348E16B0865E06BF7F739FEC0B1CF
:103BA000E06B016D884714E00020E085202084F858
:103BB0004200002020632046FFF793FF09E0002029
:103BC000E085202084F84200002020632046FFF793
:103BD00088FF002010BD10B504462068C06820F0A2
:103BE00040002168C860202084F841002046FFF78B
:103BF000CBF9002010BD014691F84100212828D1C1
:103C00008868B0F5805F0BD1086948B90A6A1088E6
:103C1000C0F308000B685860086A801C086205E061
:103C20000B6A581C086218780B685860C88C401ED4
:103C300080B2C88458B90868C06820F080000B685A
:103C4000D8600868C06840F040000B68D860002069
:103C500070470220FCE770B50546AC6B0020E0859C
:103C6000E0842046EDF778FF70BDF8B5044694F87F
:103C7000420022287DD1A068B0F5805F0CD1206978
:103C800050B90025A66A20684068C0F3080030805B
:103C9000A06A801CA06215E0A56A0026A068B0F5A5
:103CA000805F03D0A06828B9206918B920684068EF
:103CB000287004E02068406800F07F002870A06A47
:103CC000401CA062E08D401E80B2E08500284ED1ED
:103CD0002068C06820F020002168C8602068C068A3
:103CE00020F480702168C8602068406920F00100DD
:103CF00021684861202084F8420000206063206B26
:103D000001282FD10020206300BF00BF21680C31A3
:103D100051E8001F21F0100021680C3141E8000239
:103D2000002AF3D100BF2068006800F010001028BE
:103D30000AD100BF00200090206800680090206831
:103D40004068009000BF00BFA18D2046FFF78AF9B0
:103D50000BE00EE0BD380208853802083F3A020841
:103D6000E53A02082046EDF7D7FE0020F8BD002016
:103D7000FCE70220FAE72DE9F84F044620680568C1
:103D80002068C668206847694FF00009CA4605F0F8
:103D90000F09B9F1000F0AD105F0200038B106F083
:103DA000200020B12046FFF760FFBDE8F88FB9F191
:103DB000000F7CD007F0010018B906F490700028BD
:103DC00075D005F0010030B106F4807018B1606C58
:103DD00040F00100606405F0040030B107F001001C
:103DE00018B1606C40F00200606405F0020030B170
:103DF00007F0010018B1606C40F00400606405F049
:103E0000080048B106F0200010B907F0010018B111
:103E1000606C40F008006064606C002846D005F0DB
:103E2000200028B106F0200010B12046FFF71DFF4A
:103E300020684069C0F3801A606C00F0080010B977
:103E4000BAF1000F2DD02046FEF7CCFE2068406965
:103E500000F04000402820D100BF00BF216814318D
:103E600051E8001F21F040002168143141E80002B0
:103E7000002AF3D100BFE06B50B1DD48E16B08656B
:103E8000E06BF7F7C5FC88B1E06B016D88470DE08A
:103E90002046EDF761FE09E009E02046EDF75CFE03
:103EA00004E02046EDF758FE002060647DE7206BBB
:103EB000012878D105F01000002874D006F0100019
:103EC0000028FAD000BF0020009020680068009011
:103ED00020684068009000BF00BF2068406900F083
:103EE0004000402860D1E06B006840681FFA80F80D
:103EF000B8F1000F56D0A08D404553DDA4F82E80B8
:103F0000E06BC069B0F5807F43D000BF00BF21687F
:103F10000C3151E8001F21F4807021680C3141E818
:103F20000002002AF3D100BF00BF00BF2168143196
:103F300051E8001F21F001002168143141E800021E
:103F4000002AF3D100BF00BF00BF2168143151E83F
:103F5000001F21F040002168143141E80002002ACE
:103F6000F3D100BF202084F842000020206300BF6E
:103F700000BF21680C3151E8001F21F010002168BA
:103F80000C3141E80002002AF3D100BFE06BF7F7E3
:103F9000E5FB02206063A08DE28D801A81B220468D
:103FA000FFF760F801E742E0A08DE18D401A1FFAAB
:103FB00080F8E08DD0B3B8F1000F37D000BF00BF5C
:103FC00021680C3151E8001F21F4907021680C31F8
:103FD00041E80002002AF3D100BF00BF00BF216802
:103FE000143151E8001F21F001002168143141E82B
:103FF0000002002AF3D100BF202084F842000020F4
:10400000206300BF00BF21680C3151E8001F21F080
:10401000100021680C3141E80002002AF3D100BFF2
:104020000220606341462046FFF71CF8BDE605F01C
:10403000800030B106F0800018B12046FFF7DBFDAC
:10404000B3E605F0400030B106F0400018B120465C
:10405000FFF7C1FDA9E600BFA7E6014600BF91F842
:104060004000012801D102207047012081F8400062
:1040700000BF242081F8410000BF00BF0A680C3255
:1040800052E8002F42F001000A680C3242E80003B7
:10409000002BF3D100BF202081F8410000BF002099
:1040A00081F8400000BF00BFDEE7014600BF91F885
:1040B0004000012801D102207047012081F8400012
:1040C00000BF242081F8410000BF00BF0A680C3205
:1040D00052E8002F42F002000A680C3242E8000366
:1040E000002BF3D100BF202081F84100002048635D
:1040F00000BF81F8400000BF00BFDDE7014600BF00
:1041000091F84000012801D102207047012081F878
:10411000400000BF242081F8410000BF00BF0A68B2
:104120000C3252E8002F22F002000A680C3242E8FA
:104130000003002BF3D100BF202081F841000020B4
:10414000486300BF81F8400000BF00BFDDE70146C3
:10415000002200BF91F84000012801D102207047E1
:10416000012081F8400000BF242081F84100086848
:10417000C26822F00C0242F008020868C2602020E7
:1041800081F8410000BF002081F8400000BF00BF5F
:10419000E5E70146002200BF91F84000012801D167
:1041A00002207047012081F8400000BF242081F8E0
:1041B00041000868C26822F00C0242F0040208685C
:1041C000C260202081F8410000BF002081F840003B
:1041D00000BF00BFE5E701460022002391F841201F
:1041E00091F8423042EA030070470146486C70473C
:1041F000573C020838B5054655B900BF502080F33A
:104200001188BFF34F8FBFF36F8F00BF00BFFEE772
:10421000202000900098202801D1012000E00020FB
:1042200050B900BF502080F31188BFF34F8FBFF308
:104230006F8F00BF00BFFEE72C4634B10020206026
:10424000201D00F05FFA01202077204638BD10B510
:10425000202004F06AFF044634B100202060201DB5
:1042600000F050FA00202077204610BD2DE9FE4FC7
:1042700007468846002001903C46009057B900BF91
:10428000502080F31188BFF34F8FBFF36F8F00BFB3
:1042900000BFFEE708F07F4008B9012000E00020E1
:1042A00050B900BF502080F31188BFF34F8FBFF388
:1042B0006F8F00BF00BFFEE704F1040909F1080099
:1042C000029001F017FED9F80C60206840EA08005F
:1042D000206026E0D6F804B035680020009005F094
:1042E0007F4A25F07F450AF0806028B92068284081
:1042F00040B10120009005E020682840A84201D18B
:1043000001200090009858B10AF0807010B1019817
:1043100028430190206840F00071304602F097FB7E
:104320005E4602988642D5D1206801998843206074
:1043300001F03FFD2068BDE8FE8F2DE9F84F834670
:10434000884614461F465D460020009004F07F40DA
:1043500008B9012000E0002050B900BF502080F3D0
:104360001188BFF34F8FBFF36F8F00BF00BFFEE711
:104370000CB1012000E0002050B900BF502080F3B4
:104380001188BFF34F8FBFF36F8F00BF00BFFEE7F1
:1043900002F028FC00B90FB9012000E0002050B95C
:1043A00000BF502080F31188BFF34F8FBFF36F8F92
:1043B00000BF00BFFEE701F09DFDD5F8009041462B
:1043C0005846FFF753FF49EA08002040A04206D1B3
:1043D00049EA08062868A043286000270BE03FB19F
:1043E00044F0A0613A46281D02F082FA002602E05D
:1043F0002E680120009001F0DCFC824607B3BAF180
:10440000000F07D14FF08050BD490860BFF34F8FB8
:10441000BFF36F8F02F0FCFC064606F0007068B92F
:1044200005F0AFF82E6806EA0400A04202D1286821
:10443000A043286005F0CCF80120009026F07F46CC
:104440003046BDE8F88F10B50346002022B903EAD4
:10445000010434B1012004E003EA01048C4200D1DC
:10446000012010BD2DE9FF4F83B081460D46174650
:10447000DDF840804C464FF0000A00200190B9F171
:10448000000F0AD100BF502080F31188BFF34F8F77
:10449000BFF36F8F00BF00BFFEE705F07F4008B994
:1044A000012000E0002050B900BF502080F31188A7
:1044B000BFF34F8FBFF36F8F00BF00BFFEE70DB19B
:1044C000012000E0002050B900BF502080F3118887
:1044D000BFF34F8FBFF36F8F00BF00BFFEE702F047
:1044E00081FB10B9B8F1000F01D1012000E00020DC
:1044F00050B900BF502080F31188BFF34F8FBFF336
:104500006F8F00BF00BFFEE701F0F4FC2068009051
:104510002946069A0098FFF796FF0290029838B154
:10452000009E4FF00008C7B12068A843206014E047
:10453000B8F1000F03D1009E012001900DE00FB1F2
:104540004AF0807A069808B14AF0806A45EA0A0182
:104550004246201D02F0CCF9002601F02AFC8346D9
:10456000B8F1000F23D0BBF1000F07D14FF08050FE
:1045700063490860BFF34F8FBFF36F8F02F048FCB1
:10458000064606F0007080B904F0FBFF2668294655
:104590003046069AFFF757FF18B117B12068A843B5
:1045A00020600120019005F013F826F07F46304688
:1045B00007B0BDE8F08F2DE9F04105460E462C46C8
:1045C00055B900BF502080F31188BFF34F8FBFF360
:1045D0006F8F00BF00BFFEE706F07F4008B90120E3
:1045E00000E0002050B900BF502080F31188BFF3D5
:1045F0004F8FBFF36F8F00BF00BFFEE704F0C1FF16
:1046000027682068B043206004F0E2FF3846BDE828
:10461000F08170B504460D4629462046FFF7CBFFD2
:1046200070BD70B504460D4600232A462146AFF200
:104630001D0003F026FA0646304670BD70B50146EF
:104640000B4600BF5025EFF3118085F31188BFF3AF
:104650004F8FBFF36F8F00BF02461C68104680F378
:10466000118800BF204670BD70B505462E46341D2A
:1046700001F040FC18E004F10800E168814201D03B
:10468000012000E0002050B900BF502080F31188C5
:10469000BFF34F8FBFF36F8F00BF00BFFEE74FF038
:1046A0000071E06802F0D3F920680028E3D1307F80
:1046B00010B9304604F0D2FD01F07BFB70BD70B53F
:1046C00004460D4629462046FFF7D0FD70BD2DE972
:1046D000F04104460D46164633462A462146AFF2BF
:1046E000210003F0CEF907463846BDE8F0810146C7
:1046F0000A4609B9002000E090697047816170475F
:1047000004ED00E000F1080141604FF0FF318160ED
:1047100000F10801C16001610021016070470021C2
:104720000161704742684A6093688B609368596082
:104730009160086103685B1C0360704710B5024616
:104740000B685C1C0CB9106907E002F1080000E07E
:104750004068446824689C42FAD944684C604C68BC
:10476000A160886041600A611468641C146010BD17
:1047700001460A69D1E901309860D1E90103586026
:104780005068884201D18868506000200861106834
:10479000401E10601068704770B505460E462C46E6
:1047A00054B900BF502080F31188BFF34F8FBFF37F
:1047B0006F8F00BF00BFFEE704F0E3FED4E90F12E5
:1047C000206801FB0200A0600020A06320686060F8
:1047D000E06B401E226C216800FB0211E160FF20AB
:1047E00084F8440084F845009EB9206908B9012086
:1047F00000E00020A8B904F1100002F0E9F880B14F
:104800004FF08050FE490860BFF34F8FBFF36F8FAA
:1048100007E004F11000FFF775FF04F12400FFF733
:1048200071FF04F0D5FE012070BD2DE9F041064670
:104830000D4617469846069C0DB9246000E0276097
:10484000E663256401212046FFF7A6FF84F84C802B
:10485000BDE8F0812DE9F84380460E4617461D4617
:10486000DDF82090B8F1000F01D0012000E0002019
:1048700050B900BF502080F31188BFF34F8FBFF3B2
:104880006F8F00BF00BFFEE70DB1012000E00020E8
:1048900050B900BF502080F31188BFF34F8FBFF392
:1048A0006F8F00BF00BFFEE707B10EB1012000E02F
:1048B000002050B900BF502080F31188BFF34F8F04
:1048C000BFF36F8F00BF00BFFEE707B90EB901202D
:1048D00000E0002050B900BF502080F31188BFF3E2
:1048E0004F8FBFF36F8F00BF00BFFEE750200090D7
:1048F0000098502801D1012000E0002050B900BFED
:10490000502080F31188BFF34F8FBFF36F8F00BF2C
:1049100000BFFEE700BF2C464CB1012084F84600E2
:104920004B463A46314640460094FFF77EFF20460C
:10493000BDE8F8832DE9F84305460E4617460DB14C
:10494000012000E0002050B900BF502080F3118802
:10495000BFF34F8FBFF36F8F00BF00BFFEE705FBB4
:1049600006F808F1500004F0E0FB044664B1A146EB
:1049700009F15009002084F846003B464A4631467A
:1049800028460094FFF751FF2046BDE8F88370B534
:10499000044604F0F6FD94F9455010E0606A08B949
:1049A000012000E0002038B904F1240002F010F8E2
:1049B00018B102F0F4F800E003E0681E45B2002DE3
:1049C000ECDC00BFFF2084F8450004F001FE04F099
:1049D000D8FD94F9445010E0206908B9012000E0A6
:1049E000002048B904F1100001F0F2FF08B102F014
:1049F000D6F8681E45B200E001E0002DECDC00BFF7
:104A0000FF2084F8440004F0E3FD70BD70B5054656
:104A100004F0B7FDA86BE96B884201D1012400E0E6
:104A2000002404F0D5FD204670BD2DE9F041044678
:104A30000F4615464FF00008A66B206C48B9206859
:104A400000282CD1A06802F024F980460020A06044
:104A500025E07DB93946226C60680EF0ABFF216C11
:104A6000606808446060D4E90101884217D3206877
:104A7000606014E03946226CE0680EF09BFF216C08
:104A8000E068411AE1602168E068884203D2216C45
:104A9000A068411AE160022D01D106B1761E701C9A
:104AA000A0634046BDE8F0812DE9FF4383B0064690
:104AB00088461D464FF00009344654B900BF5020C7
:104AC00080F31188BFF34F8FBFF36F8F00BF00BF1C
:104AD000FEE7B8F1000F01D1206C08B9012000E019
:104AE000002050B900BF502080F31188BFF34F8FD2
:104AF000BFF36F8F00BF00BFFEE7022D02D1E06B56
:104B0000012801D1012000E0002050B900BF502051
:104B100080F31188BFF34F8FBFF36F8F00BF00BFCB
:104B2000FEE702F05FF808B9059808B9012000E037
:104B3000002050B900BF502080F31188BFF34F8F81
:104B4000BFF36F8F00BF00BFFEE700BF04F019FD89
:104B5000A06BE16B884201D3022D28D12A46414641
:104B60002046FFF762FF0746606A08B9012000E0AF
:104B7000002068B904F1240001F02AFF88B14FF049
:104B800080501F490860BFF34F8FBFF36F8F08E05D
:104B90003FB14FF080501A490860BFF34F8FBFF309
:104BA0006F8F04F015FD012007B0BDE8F083059874
:104BB00018B904F00DFD0020F6E7B9F1000F04D19B
:104BC00001A801F0A3FF4FF0010904F001FD01F07D
:104BD00091F904F0D6FC94F94400401C10B900206F
:104BE00084F8440094F94500401C10B9002084F872
:104BF000450004F0EDFC05A901A801F08EFF01E0DD
:104C000004ED00E0F0B92046FFF700FFA0B104F189
:104C10001000059901F052FE2046FFF7B8FE01F0A2
:104C2000C8F8002892D14FF08050F7490860BFF3D0
:104C30004F8FBFF36F8F89E72046FFF7A8FE01F083
:104C4000B8F883E72046FFF7A2FE01F0B2F8002093
:104C5000AAE710B5044654B10020A06020600021EE
:104C6000E16000231A4619462046FFF71DFF10BDDC
:104C70002DE9F041044601260027224600210120AB
:104C8000FFF758FE05462846FFF7E3FF2846BDE834
:104C9000F0812DE9F84304460D4601274FF0000846
:104CA0002B460022114601200094FFF7D3FD064653
:104CB0003046FFF7CEFF3046BDE8F88370B50446B6
:104CC000264604F05EFC306808B9B56800E00025AF
:104CD00004F07EFC284670BD014651B900BF502249
:104CE00082F31188BFF34F8FBFF36F8F00BF00BFF8
:104CF000FEE70A680AB9886800E00020704770B5CE
:104D000005462C4654B900BF502080F31188BFF3EC
:104D10004F8FBFF36F8F00BF00BFFEE701F05FFF53
:104D2000A16888420CD1E068401EE060E06828B9C4
:104D300000231A4619462046FFF7B6FE012600E07A
:104D40000026304670BD01464A6A22B10A6B1268DD
:104D5000C2F1380000E00020704770B5054604F04D
:104D600010FCA86B08B9012400E0002404F030FC1A
:104D7000204670BD2DE9F34182B005464FF0000892
:104D80002C46002654B900BF502080F31188BFF391
:104D90004F8FBFF36F8F00BF00BFFEE7206C08B9D5
:104DA000012000E0002050B900BF502080F311889E
:104DB000BFF34F8FBFF36F8F00BF00BFFEE701F05F
:104DC00011FF08B9039808B9012000E0002050B98C
:104DD00000BF502080F31188BFF34F8FBFF36F8F58
:104DE00000BF00BFFEE700BF04F0CBFBA76BFFB125
:104DF000781EA063206810B902F016F8A060206940
:104E000008B9012000E0002060B904F1100001F0B1
:104E1000DFFD38B14FF080507B490860BFF34F8F02
:104E2000BFF36F8F04F0D4FB012004B0BDE8F08124
:104E3000039898B90EB9012000E0002050B900BFD6
:104E4000502080F31188BFF34F8FBFF36F8F00BFE7
:104E500000BFFEE704F0BCFB0020E6E7B8F1000F5E
:104E600004D1684601F052FE4FF0010804F0B0FB97
:104E700001F040F804F085FB94F94400401C10B99F
:104E8000002084F8440094F94500401C10B900202B
:104E900084F8450004F09CFB03A9684601F03DFE40
:104EA00040BB2046FFF759FFF0B1206838B904F045
:104EB00068FBA06801F0A2FE064604F089FB04F13D
:104EC0002400039901F0FAFC2046FFF760FD00F092
:104ED00070FF002888D14FF080504B490860BFF325
:104EE0004F8FBFF36F8F7FE72046FFF750FD00F035
:104EF00060FF79E72046FFF74AFD00F05AFF2046A1
:104F0000FFF72BFF0028EED05EB104F03AFB2046FD
:104F1000FFF719FF07463946A06801F006FF04F0C5
:104F200057FB002081E72DE9F04106460F46344645
:104F300054B900BF502080F31188BFF34F8FBFF3E7
:104F40006F8F00BF00BFFEE701F049FEA1688842F5
:104F500004D1E068401CE060012508E039462046A5
:104F6000FFF708FF054615B1E068401CE0602846E1
:104F7000BDE8F081F8B505460E4617460DB1012093
:104F800000E0002050B900BF502080F31188BFF32B
:104F90004F8FBFF36F8F00BF00BFFEE7AE4201D857
:104FA000012000E0002050B900BF502080F311889C
:104FB000BFF34F8FBFF36F8F00BF00BFFEE702202C
:104FC0003B460022114600902846FFF743FC04466A
:104FD00004B1A6632046F8BD70B505460E460DB176
:104FE000012000E0002050B900BF502080F311885C
:104FF000BFF34F8FBFF36F8F00BF00BFFEE7AE421E
:1050000004D8012003E0000004ED00E0002050B9C6
:1050100000BF502080F31188BFF34F8FBFF36F8F15
:1050200000BF00BFFEE7022200212846FFF782FCF6
:10503000044604B1A663204670BD2DE9F84F07462B
:105040008A4690461E463C4654B900BF502080F325
:105050001188BFF34F8FBFF36F8F00BF00BFFEE714
:10506000BAF1000F01D1206C08B9012000E0002046
:1050700050B900BF502080F31188BFF34F8FBFF3AA
:105080006F8F00BF00BFFEE7022E02D1E06B012848
:1050900001D1012000E0002050B900BF502080F372
:1050A0001188BFF34F8FBFF36F8F00BF00BFFEE7C4
:1050B00004F0C2FA00BF5021EFF3118081F3118890
:1050C000BFF34F8FBFF36F8F00BF0546A06BE16B3F
:1050D000884201D3022E25D194F945B0A06B0090EF
:1050E000324651462046FFF7A0FC0BF1010088B97B
:1050F000606A08B9012000E0002050B904F12400E2
:1051000001F066FC28B1B8F1000F02D00120C8F808
:10511000000004E00BF1010040B284F845004FF0BC
:10512000010901E04FF0000900BF85F3118800BFBD
:105130004846BDE8F88F2DE9F04706460F4634464D
:1051400054B900BF502080F31188BFF34F8FBFF3D5
:105150006F8F00BF00BFFEE7206C08B9012000E0A0
:10516000002050B900BF502080F31188BFF34F8F4B
:10517000BFF36F8F00BF00BFFEE7206808B9A068CB
:1051800008B9012000E0002050B900BF502080F392
:105190001188BFF34F8FBFF36F8F00BF00BFFEE7D3
:1051A00004F04AFA00BF5021EFF3118081F3118817
:1051B000BFF34F8FBFF36F8F00BF0546D4F8389011
:1051C000E06B48451ED994F945A009F10100A063A0
:1051D0000AF1010070B9606A08B9012000E00020FE
:1051E00068B904F1240001F0F3FB40B13FB10120A4
:1051F000386004E00AF1010040B284F845004FF045
:10520000010801E04FF0000800BF85F3118800BFDE
:105210004046BDE8F08770B504460D46206C70B17D
:10522000216CE0680144E160D4E90210884201D3B6
:105230002168E1602846226CE1680EF0BBFB70BD7E
:105240002DE9F74183B005460E464FF000082C4685
:1052500054B900BF502080F31188BFF34F8FBFF3C4
:105260006F8F00BF00BFFEE70EB9206C08B90120A8
:1052700000E0002050B900BF502080F31188BFF338
:105280004F8FBFF36F8F00BF00BFFEE701F0AAFC96
:1052900008B9059808B9012000E0002050B900BF06
:1052A000502080F31188BFF34F8FBFF36F8F00BF83
:1052B00000BFFEE700BF04F064F9A76BF7B1314609
:1052C0002046FFF7A8FF781EA063206908B90120D7
:1052D00000E0002060B904F1100001F079FB38B162
:1052E0004FF08050FA490860BFF34F8FBFF36F8FC4
:1052F00004F06EF9012006B0BDE8F081059818B9F8
:1053000004F066F90020F6E7B8F1000F04D101A817
:1053100001F0FCFB4FF0010804F05AF900F0EAFD3F
:1053200004F02FF994F94400401C10B9002084F8CF
:10533000440094F94500401C10B9002084F8450051
:1053400004F046F905A901A801F0E7FBF0B92046F1
:10535000FFF703FDA0B104F12400059901F0AEFAB6
:105360002046FFF714FB00F024FD0028A3D14FF0E6
:105370008050D7490860BFF34F8FBFF36F8F9AE714
:105380002046FFF704FB00F014FD94E72046FFF7EA
:10539000FEFA00F00EFD2046FFF7DFFC00288AD061
:1053A0000020A8E72DE9F74382B005460E464FF0EE
:1053B00000082C4654B900BF502080F31188BFF379
:1053C0004F8FBFF36F8F00BF00BFFEE70EB9206C99
:1053D00008B9012000E0002050B900BF502080F340
:1053E0001188BFF34F8FBFF36F8F00BF00BFFEE781
:1053F00001F0F8FB08B9049808B9012000E000208A
:1054000050B900BF502080F31188BFF34F8FBFF316
:105410006F8F00BF00BFFEE700BF04F0B2F8D4F802
:105420003890B9F1000F1ED0E76831462046FFF7EB
:10543000F2FEE760606A08B9012000E0002060B970
:1054400004F1240001F0C4FA38B14FF08050A049B3
:105450000860BFF34F8FBFF36F8F04F0B9F80120DE
:1054600005B0BDE8F083049818B904F0B1F8002045
:10547000F6E7B8F1000F04D1684601F047FB4FF0A2
:10548000010804F0A5F800F035FD04F07AF894F96D
:105490004400401C10B9002084F8440094F94500F1
:1054A000401C10B9002084F8450004F091F804A9CC
:1054B000684601F032FBF0B92046FFF74EFCA0B180
:1054C00004F12400049901F0F9F92046FFF75FFA8E
:1054D00000F06FFC0028A0D14FF080507C4908609C
:1054E000BFF34F8FBFF36F8F97E72046FFF74FFA59
:1054F00000F05FFC91E72046FFF749FA00F059FC05
:105500002046FFF72AFC002887D00020A8E72DE9D5
:10551000F05F064689461746344654B900BF50200E
:1055200080F31188BFF34F8FBFF36F8F00BF00BFB1
:10553000FEE7B9F1000F01D1206C08B9012000E0AD
:10554000002050B900BF502080F31188BFF34F8F67
:10555000BFF36F8F00BF00BFFEE704F06DF800BF20
:105560005021EFF3118081F31188BFF34F8FBFF308
:105570006F8F00BF0546D4F838A0BAF1000F22D0D3
:1055800094F944B049462046FFF745FEAAF10100D0
:10559000A0630BF1010070B9206908B9012000E097
:1055A000002068B904F1100001F012FA40B13FB1D7
:1055B0000120386004E00BF1010040B284F844009F
:1055C0004FF0010801E04FF0000800BF85F311889B
:1055D00000BF4046BDE8F09F2DE9F04706468846EB
:1055E000344654B900BF502080F31188BFF34F8F69
:1055F000BFF36F8F00BF00BFFEE7B8F1000F01D10E
:10560000206C08B9012000E0002050B900BF5020F4
:1056100080F31188BFF34F8FBFF36F8F00BF00BFC0
:10562000FEE7206C08B1012000E0002050B900BF67
:10563000502080F31188BFF34F8FBFF36F8F00BFEF
:1056400000BFFEE703F0F8FF00BF5021EFF3118029
:1056500081F31188BFF34F8FBFF36F8F00BF0546F3
:10566000A06B48B1D4F80C9041462046FFF7D3FD1B
:10567000C4F80C90012700E0002700BF85F31188D3
:1056800000BF3846BDE8F08770B5044654B900BF86
:10569000502080F31188BFF34F8FBFF36F8F00BF8F
:1056A00000BFFEE703F06DFFA56B03F091FF2846F6
:1056B00070BD70B50446254665B900BF502080F323
:1056C0001188BFF34F8FBFF36F8F00BF00BFFEE79E
:1056D00004ED00E003F055FFD5E90E10461A03F083
:1056E00077FF304670BD10B501460A4652B900BF7B
:1056F000502383F31188BFF34F8FBFF36F8F00BF29
:1057000000BFFEE7906B10BD014600200EE0564A38
:1057100002EBC00252688A4207D10022524B43F882
:10572000302003EBC0035A6002E0401C0828EED38F
:1057300000BF704770B50446254655B900BF5020DC
:1057400080F31188BFF34F8FBFF36F8F00BF00BF8F
:10575000FEE72846FFF7D8FF95F8460010B928461F
:1057600003F07CFD70BD0146886C70478164704712
:10577000014691F84C00704710B501460A4652B9EF
:1057800000BF502383F31188BFF34F8FBFF36F8F98
:1057900000BF00BFFEE7936B0BB9012000E00020C3
:1057A00010BD10B501460A4652B900BF502383F31D
:1057B0001188BFF34F8FBFF36F8F00BF00BFFEE7AD
:1057C000936BD46BA34201D1012000E0002010BDF7
:1057D000024600200BE0244B53F8303033B9224B03
:1057E00043F8301003EBC0035A6002E0401C082865
:1057F000F1D300BF70470246002000210AE01A4B97
:1058000003EBC1035B68934203D1174B53F831009C
:1058100002E0491C0829F2D300BF70472DE9F0418E
:1058200005460E4617462C4603F0ABFE94F944009D
:10583000401C10B9002084F8440094F94500401C35
:1058400010B9002084F8450003F0C2FEA06B28B90F
:105850003A46314604F1240001F09CF82046FFF757
:1058600096F8BDE8F0810000744D002010B50024CA
:1058700007E004EB8401FE4A02EB8100FEF742FFE1
:10588000641C382CF5D3FB48FEF73CFFFA48FEF7C2
:1058900039FFFA48FEF736FFF948FEF733FFF948BB
:1058A000FEF730FFF348F8490860F348F74908600D
:1058B00010BD10B5044603F064FEF5480068401CB6
:1058C000F3490860F348006840B9F24804600846AC
:1058D000006801280DD1FFF7C9FF0AE0EE48006813
:1058E00038B9EC480068C06AE16A884201D8E948E2
:1058F0000460EA480068401CE849086008460068FF
:105900006064E749E06A0968884202D9E449E06ACC
:105910000860E16A01EB8101D54A02EB8100211D9B
:10592000FEF700FF03F054FEDB48006868B1D94879
:105930000068C06AE16A884207D24FF08050D949B6
:105940000860BFF34F8FBFF36F8F10BD2DE9F05F7D
:1059500082460E4690469B460A9F0C9C4FEA880161
:10596000A522206B0EF09DF8A8F10100216B01EB40
:10597000800929F0070909F0070008B9012000E0B3
:10598000002050B900BF502080F31188BFF34F8F23
:10599000BFF36F8F00BF00BFFEE786B1002507E0B1
:1059A000715D04F134004155705D00B902E06D1C79
:1059B000102DF5D300BF00214320015502E0002047
:1059C00084F83400382F00D33727E762E7640020DB
:1059D0002065201DFEF7A3FE04F11800FEF79FFED0
:1059E0002461C7F13800A061646200206065A06591
:1059F00084F85C005A465146484603F0E3FC2060B8
:105A00000B9808B10B980460BDE8F09F2DE9F04FAA
:105A100085B00746884691469A46DDE90EB6109C49
:105A20000EB1012000E0002050B900BF502080F3EB
:105A30001188BFF34F8FBFF36F8F00BF00BFFEE72A
:105A40000CB1012000E0002050B900BF502080F3CD
:105A50001188BFF34F8FBFF36F8F00BF00BFFEE70A
:105A6000602003900398602801D1012000E000200D
:105A700050B900BF502080F31188BFF34F8FBFF3A0
:105A80006F8F00BF00BFFEE700BFB4B1AEB12546C7
:105A90002C462E63022085F85D00002004A95346A1
:105AA0004A46CDE900B1CDE9025041463846FFF7FC
:105AB0004DFF2846FFF7FDFE01E00020049004980A
:105AC00005B0BDE8F08F2DE9FF4F85B080468946CF
:105AD0001746DDE912ABB80003F027FB064656B1C6
:105AE000602003F022FB04460CB1266304E030463C
:105AF00003F0B4FB00E000248CB1002084F85D00CA
:105B0000CDE900ABCDE902403A4649464046089B04
:105B1000FFF71CFF2046FFF7CCFE012501E04FF008
:105B2000FF35284609B0BDE8F08F57490968096874
:105B300009B9012100E0002121B14FF0FF315A4A9B
:105B4000116006E050490968C968C868564A41684A
:105B50001160704710B5044694F85D0030B9206BB1
:105B600003F07CFB204603F079FB1AE094F85D001B
:105B7000012803D1204603F071FB12E094F85D0088
:105B8000022801D1012000E0002050B900BF5020C0
:105B900080F31188BFF34F8FBFF36F8F00BF00BF3B
:105BA000FEE710BD70B5054603F0EBFC15B93948AA
:105BB000006800E028460446201DFEF7D9FDA06AD3
:105BC00018B104F11800FEF7D3FD34480068401CFA
:105BD000324908602F480068844209D1211D2848B5
:105BE000FEF7A0FD31480068401C3049086009E01C
:105BF00027480068401E264908602046FFF7AAFF94
:105C0000FFF793FF03F0E4FC23480068E8B1214864
:105C10000068844219D12648006808B9012000E0D4
:105C2000002050B900BF502080F31188BFF34F8F80
:105C3000BFF36F8F00BF00BFFEE74FF080501949E0
:105C40000860BFF34F8FBFF36F8F70BD2DE9F04138
:105C50004FF000081648006800287DD115480068FC
:105C6000451C144805603DBB07480068006824E0F7
:105C7000B44D002014520020285200203C52002035
:105C800050520020645200203400002038000020D0
:105C900040000020300000204C0000205C0000206C
:105CA0004800002004ED00E0600000203C000020DF
:105CB00068000020440000201FE008B9012000E037
:105CC000002050B900BF502080F31188BFF34F8FE0
:105CD000BFF36F8F00BF00BFFEE7F7480768F748C4
:105CE0000068F5490860F5480760F5480068401C01
:105CF000F3490860FFF719FF00BFF24800688542CA
:105D00003DD300BFEC480068006808B9012000E0FE
:105D1000002020B14FF0FF30EA4908602EE0E6484D
:105D20000068C068C4686668B54202D2E54806608B
:105D300024E0201DFEF71CFDA06A18B104F1180034
:105D4000FEF716FDE049E06A0968884202D9DE499B
:105D5000E06A0860E16A00E023E001EB8101DB4AD0
:105D600002EB8100211DFEF7DDFCD949E06A0968DC
:105D7000C96A8842C6D34FF00108C3E700BFD448C0
:105D80000068C06A00EB8000D04951F8200001286B
:105D900001D94FF00108CF48006808B14FF0010861
:105DA00004E0CD480068401CCB4908604046BDE88F
:105DB000F08170B500240026C848006850B900BFC3
:105DC000502080F31188BFF34F8FBFF36F8F00BF58
:105DD00000BFFEE703F0D5FBC0480068401EBF4986
:105DE00008600846006800284ED1BD4800680028B9
:105DF0004AD023E0BB48C068C46804F11800FEF72D
:105E0000B7FC201DFEF7B4FCAF49E06A0968884280
:105E100002D9AD49E06A0860E16A01EB8101AB4A51
:105E200002EB8100211DFEF77DFCA949E06A0968AB
:105E3000C96A884202D30120A6490860A9480068BF
:105E400008B9012000E000200028D3D00CB1FFF7F2
:105E50006CFEA148056865B100BFFFF7F7FE10B101
:105E600001209C4908606D1E002DF6D100209A4942
:105E700008609848006838B1012630079A490860E0
:105E8000BFF34F8FBFF36F8F03F0A2FB304670BD9F
:105E90002DE9F04105460E46944807688C48006895
:105EA000001DFEF765FC681C38B936B188480168EA
:105EB000091D8F48FEF736FC1AE07C1984480068FB
:105EC0004460BC4207D282480168091D7B480068D3
:105ED000FEF734FC0CE07E480168091D7648006836
:105EE000FEF72CFC77480068844201D275480460B4
:105EF000BDE8F08179480068401C78490860704727
:105F00002DE9F04704460F464FF0000954B900BF91
:105F1000502080F31188BFF34F8FBFF36F8F00BF06
:105F200000BFFEE70FB1012000E0002050B900BF24
:105F3000502080F31188BFF34F8FBFF36F8F00BFE6
:105F400000BFFEE76548006808B9012000E00020B6
:105F500050B900BF502080F31188BFF34F8FBFF3BB
:105F60006F8F00BF00BFFEE7FFF7C4FF5F48066802
:105F70002068C5192068B04207D92068A8420BD90B
:105F8000B54209D94FF0010906E02068A84201D8BE
:105F9000B54201D94FF001092560B9F1000F03D0D6
:105FA000A81B0021FFF774FFFFF703FF8046B8F13D
:105FB000000F07D14FF080504B490860BFF34F8F5F
:105FC000BFF36F8FBDE8F08770B504460025D4B1EC
:105FD0004248006808B9012000E0002050B900BF25
:105FE000502080F31188BFF34F8FBFF36F8F00BF36
:105FF00000BFFEE7FFF77EFF00212046FFF748FFC6
:10600000FFF7D7FE05463DB94FF08050364908608E
:10601000BFF34F8FBFF36F8F70BD2DE9F047074679
:106020003E4656B900BF502080F31188BFF34F8F12
:10603000BFF36F8F00BF00BFFEE7254800688642B0
:1060400001D1002426E003F09CFA75691A48D0F8C3
:1060500000801A48D0F8009003F0BAFA454501D004
:106060004D4501D1022415E0214885420BD1B06A8B
:1060700038B996F85C00012801D102240AE0032413
:1060800008E0022406E01B48854200D00DB9042434
:1060900000E001242046BDE8F08770B5044603F017
:1060A00070FA14B90A48006800E020460646F56A0E
:1060B00003F08EFA284670BD34000020380000201E
:1060C000580000206000002048000020B44D00204F
:1060D0003000002054000020500000206800002004
:1060E000400000203C52002004ED00E0440000206D
:1060F00064520020505200202DE9F041054603F083
:106100009BFA00BF5021EFF3118081F31188BFF398
:106110004F8FBFF36F8F00BF044615B9FE4800686C
:1061200000E028460746FE6A00BF84F3118800BFDE
:106130003046BDE8F0812DE9F04707460D464FF0A7
:106140000009382D01D2012000E0002050B900BF25
:10615000502080F31188BFF34F8FBFF36F8F00BFC4
:1061600000BFFEE7382D00D3372503F00AFA17B930
:10617000E948006800E038460446E66CAE424ED07E
:10618000B5420BD9E448006884420DD0E24800686B
:10619000C06AA84208D84FF0010905E0DE4800684F
:1061A000844201D14FF00109D4F82C80E16AE06CFF
:1061B000884200D1E562E564A06900F0004010B9B2
:1061C000C5F13800A06108EB8801D44A02EB8101D7
:1061D0006069884201D1012000E0002098B1201DB3
:1061E000FEF7C6FACE49E06A0968884202D9CC496E
:1061F000E06A0860E16A01EB8101C84A02EB8100B4
:10620000211DFEF78FFAB9F1000F07D04FF0805033
:10621000C4490860BFF34F8FBFF36F8F00BF03F017
:10622000D7F9BDE8F087C048006818B10120BF4920
:10623000086034E00020BD490860B94801680CE0FE
:1062400051B900BF502080F31188BFF34F8FBFF3C7
:106250006F8F00BF00BFFEE7491E01EB8100AF4A10
:1062600052F8200008B9012000E000200028E7D102
:1062700001EB8102A94B03EB820042685268426045
:1062800000F108024368934202D1426852684260BA
:106290004268D268A04B1A60A148016000BF7047F5
:1062A00070B5054603F06DF915B99B48006800E02C
:1062B00028460446201DFEF75BFAA06A18B104F1D7
:1062C0001800FEF755FA211D9948FEF72BFA94F8AD
:1062D0005C00012802D1002084F85C0003F078F90A
:1062E0009448006828B103F04CF9FFF71EFC03F056
:1062F0006FF989480068844229D18E480068D0B17E
:106300008948006808B9012000E0002050B900BFAA
:10631000502080F31188BFF34F8FBFF36F8F00BF02
:1063200000BFFEE74FF080507E490860BFF34F8FFB
:10633000BFF36F8F0BE07E4800687F490968884291
:1063400003D100207449086001E0FFF76CFF70BDC5
:1063500010B502460020114652B900BF502383F306
:106360001188BFF34F8FBFF36F8F00BF00BFFEE7F1
:106370006F4C4B69A34201D1012300E0002373B1AC
:106380006E4C8B6AA34201D1012300E0002333B994
:106390008B6A0BB9012300E0002303B1012010BD7B
:1063A00070B505462C4655B900BF502080F31188C2
:1063B000BFF34F8FBFF36F8F00BF00BFFEE756489C
:1063C000006884422AD04CB303F0DBF82046FFF784
:1063D000BFFF08B3201DFEF7CBF95149E06A0968F9
:1063E000884202D94E49E06A0860E16A01EB810106
:1063F0004A4A02EB8100211DFEF794F94649E06A02
:106400000968C96A884207D34FF08050454908603F
:10641000BFF34F8FBFF36F8F03F0DAF870BD2DE934
:10642000F04106460027344656B900BF502080F39D
:106430001188BFF34F8FBFF36F8F00BF00BFFEE720
:1064400003F0FAF800BF5021EFF3118081F31188B7
:10645000BFF34F8FBFF36F8F00BF05462046FFF796
:1064600077FF18B330480068D8B92B49E06A09684B
:10647000C96A884200D30127201DFEF779F928490F
:10648000E06A0968884202D92549E06A0860E16A41
:1064900001EB8101214A02EB8100211DFEF742F947
:1064A00004E004F118012548FEF73CF900BF85F32C
:1064B000118800BF3846BDE8F08110B516E003F042
:1064C00060F81F48C068C468201DFEF751F91A48DB
:1064D0000068401E184908601A480068401E1949A3
:1064E000086003F075F82046FFF734FB1548006894
:1064F0000028E4D110BD00BFFFF7DFFF07480068A8
:106500000128F9D94FF0805006490860BFF34F8F3A
:10651000BFF36F8FF0E7000030000020B44D002083
:106520004800002004ED00E0680000205400002036
:10653000645200204C000020400000203C5200200B
:10654000505200203C00002010B586B0002005907D
:10655000049003AA04A905A802F067FD0022DDE962
:1065600004101346CDE900210290FAA1FB48039ADA
:10657000FFF74CFAFA4908600846006808B10124A0
:1065800000E00024012C02D101F0F9F80446012CAE
:1065900015D100BF502080F31188BFF34F8FBFF398
:1065A0006F8F00BF4FF0FF30EE4908600120EE49C9
:1065B00008600020ED49086002F029FF10E0601C2F
:1065C00008B1012000E0002050B900BF502080F346
:1065D0001188BFF34F8FBFF36F8F00BF00BFFEE77F
:1065E00006B010BD10B500BF502080F31188BFF376
:1065F0004F8FBFF36F8F00BF0020DB49086002F0B0
:10660000ABFF10BDD9490868704770B503F014F8A6
:106610000025D6480468204670BDD54800687047FC
:10662000014611B9D348006800E00846024652B955
:1066300000BF502080F31188BFF34F8FBFF36F8FDF
:1066400000BF00BFFEE702F13400704702460021A0
:1066500001E0521C491C1078A528FAD0890888B29C
:1066600070472DE9F04107460C4690461E4617B983
:10667000C048006800E038460546256005F1340052
:106680006060E86A2061286BE061686CA060E86C7B
:1066900060610020A061052E12D0B64800688542D6
:1066A00002D1002020730FE02673032E0CD1FFF7D8
:1066B00021FCA86A08B102202073FFF77AFB03E0EF
:1066C0002846FFF7AAFC2073B8F1000F04D0286B0E
:1066D000FFF7BCFF208401E000202084BDE8F081AA
:1066E0002DE9F04707460C4690460026206848B33F
:1066F000204641684968416000F1080142688A42C9
:1067000002D14168496841604168D1F80C9000BFEE
:10671000204641684968416000F1080142688A42A8
:1067200002D14168496841604168CD6806EBC60006
:1067300007EB8001434601222846FFF792FF761CB3
:106740004D45E5D13046BDE8F0872DE9F0410546DD
:106750008846164600243827FFF7CCFB844800689B
:10676000804539D300BF7F1E07EB8702824B03EBC6
:10677000820104EBC40205EB82000122FFF7B0FFA7
:106780000444002FEFD104EBC40105EB8100022289
:106790007A490968FFF7A4FF044404EBC40105EB40
:1067A0008100022276490968FFF79AFF044404EB4E
:1067B000C40105EB810004227249FFF791FF0444F4
:1067C00004EBC40105EB810003226F49FFF788FF4A
:1067D00004440EB100203060FFF7EBFA2046BDE81C
:1067E000F08170B5044600256848006808B90120AA
:1067F00000E0002050B900BF502080F31188BFF3A3
:106800004F8FBFF36F8F00BF00BFFEE7FFF772FB34
:106810005F48006820445E490860FFF7CAFA0546F1
:10682000284670BD70B504460E4614B95148056837
:1068300000E0254602F0A5FE6E6502F0C9FE70BDBF
:1068400070B5044614B94B48006800E0204606467F
:1068500002F097FE756D02F0BBFE284670BD70B564
:10686000024612B94348006800E01046044600BFE3
:106870005025EFF3118085F31188BFF34F8FBFF3DD
:106880006F8F014600BF636D00BF81F3118800BFA9
:10689000184670BD2DE9F04105460F4615B935483B
:1068A000046800E02C46606D20B13846616D884771
:1068B000064600E000263046BDE8F08170B504468B
:1068C0000D4654B900BF502080F31188BFF34F8F9D
:1068D000BFF36F8F00BF00BFFEE726480168183185
:1068E0002046FDF72BFF01212846FFF7D1FA70BDA6
:1068F00070B504460D46164654B900BF502080F3CB
:106900001188BFF34F8FBFF36F8F00BF00BFFEE74B
:106910001E48006808B1012000E0002050B900BF07
:10692000502080F31188BFF34F8FBFF36F8F00BFEC
:1069300000BFFEE745F000400E49096888610D4838
:10694000016818312046FDF7EDFE01213046FFF7C2
:106950009FFA70BD49444C4500000000F7640208EE
:1069600064000020600000204C0000204400002053
:106970004000002030000020B44D002034000020F2
:10698000380000205052002064520020680000208F
:106990005000002070B505460E46144655B900BF9C
:1069A000502080F31188BFF34F8FBFF36F8F00BF6C
:1069B00000BFFEE7F748016818312846FDF7B2FE30
:1069C0000CB14FF0FF3621463046FFF761FA70BD3B
:1069D00070B50646F068C46854B900BF502080F313
:1069E0001188BFF34F8FBFF36F8F00BF00BFFEE76B
:1069F00004F11800FDF7BCFEE7480068A0B9201DAF
:106A0000FDF7B6FEE549E06A0968884202D9E34924
:106A1000E06A0860E16A01EB8101E14A02EB810072
:106A2000211DFDF77FFE04E004F11801DD48FDF7AC
:106A300079FED849E06A0968C96A884204D9012503
:106A40000120D949086000E00025284670BD70B5D6
:106A500005460E46D048006808B1012000E000203D
:106A600050B900BF502080F31188BFF34F8FBFF3A0
:106A70006F8F00BF00BFFEE746F000402860EC6863
:106A800054B900BF502080F31188BFF34F8FBFF37C
:106A90006F8F00BF00BFFEE72846FDF769FE201D8F
:106AA000FDF766FEBD49E06A0968884202D9BB4924
:106AB000E06A0860E16A01EB8101B94A02EB8100FA
:106AC000211DFDF72FFEB349E06A0968C96A8842B3
:106AD00002D90120B449086070BD10B5044654B90C
:106AE00000BF502080F31188BFF34F8FBFF36F8F2B
:106AF00000BF00BFFEE702F044FDAC480068206024
:106B0000AB480068606002F063FD10BDA7490968EA
:106B10000160A74909684160704770B505460C4699
:106B200055B900BF502080F31188BFF34F8FBFF3DA
:106B30006F8F00BF00BFFEE754B900BF502080F345
:106B40001188BFF34F8FBFF36F8F00BF00BFFEE709
:106B500002F017FD964802686868131A2068401C06
:106B600008B9002617E0914928680968884204D0CE
:106B70006868904201D801260DE02068984207D944
:106B80002068C01A20602846FFF7C0FF002602E0F8
:106B900000202060012602F01BFD304670BD012060
:106BA000814908607047014611B10A46906C00E0C7
:106BB0000020704708B10246916470472DE9F0410A
:106BC000044614B97348006800E0204607463D6B50
:106BD0002846FFF73BFD06463046BDE8F0816D498B
:106BE000086870477349096809B9012005E06A49D6
:106BF000096809B9022000E00020704770B5054619
:106C00002C460026002D42D06249E06A0968C96A14
:106C1000884235D2A06900F0004028B95D4800687C
:106C2000C06AC0F13800A061E16A01EB81015C4AF1
:106C300002EB81016069884201D1012000E000205F
:106C4000C0B1201DFDF794FD52480068C06AE062A3
:106C50005249E06A0968884202D95049E06A0860EE
:106C6000E16A01EB81014E4A02EB8100211DFDF733
:106C700059FD03E047480068C06AE062012606E06B
:106C80004449E06C0968C96A884200D2012630464E
:106C900070BD70B505462C460026002D43D03D48FA
:106CA0000068844201D1012000E0002050B900BFFB
:106CB000502080F31188BFF34F8FBFF36F8F00BF59
:106CC00000BFFEE7206D50B900BF502080F311884F
:106CD000BFF34F8FBFF36F8F00BF00BFFEE7206D84
:106CE000401E2065E16CE06A88421CD0206DD0B95E
:106CF000201DFDF73DFDE06CE062E06AC0F1380068
:106D0000A0612649E06A0968884202D92349E06AFD
:106D10000860E16A01EB8101214A02EB8100211D3B
:106D2000FDF700FD0126304670BD2DE9F04706460F
:106D30000F4634464FF00109002E67D0206D50B940
:106D400000BF502080F31188BFF34F8FBFF36F8FC8
:106D500000BF00BFFEE7E06CB84201D23D4600E054
:106D6000E56CE06AA84251D0206D01284ED1094857
:106D70000068844201D0012000E00020E0B900BF9B
:106D8000502080F31188BFF34F8FBFF36F8F00BF88
:106D900000BFFEE73000002068000020480000200F
:106DA000B44D00203C520020540000205800002028
:106DB000440000204C000020D4F82C80E562A0693B
:106DC00000F0004010B9C5F13800A06108EB88015F
:106DD000FD4A02EB81016069884201D1012000E097
:106DE000002098B1201DFDF7C3FCF849E06A09684E
:106DF000884202D9F549E06A0860E16A01EB810145
:106E0000F14A02EB8100211DFDF78CFCBDE8F08703
:106E1000EF4909688869EE490968C96AC1F1380112
:106E2000EB4A126891617047E948006830B1E8495F
:106E3000096801F15000096D491C0160E4480068CF
:106E4000704770B506460D4602F09BFBE0480068AF
:106E5000806D88B90120DE49096881F85C005DB168
:106E600001212846FFF714F84FF08050D9490860F7
:106E7000BFF34F8FBFF36F8F02F0AAFB02F081FBCD
:106E8000D3480068846D4CB126B10020D049096810
:106E9000886503E0601ECE49096888650020CC49FA
:106EA000096881F85C0002F093FB204670BD2DE973
:106EB000F0410746884614461D4602F062FBC4486E
:106EC000006890F85C00022818D0C149096801F1F7
:106ED0005800896DB94301600120BD49096881F8F6
:106EE0005C005DB101212846FEF7D2FF4FF08050D3
:106EF000B8490860BFF34F8FBFF36F8F02F068FB94
:106F000002F03FFB1CB1B2480068806D2060B048C1
:106F1000006890F85C00022801D0002608E0AC4927
:106F2000096801F15800896D21EA08010160012614
:106F30000020A749096881F85C0002F049FB30464F
:106F4000BDE8F0812DE9F04706460D461746984604
:106F50004FF0010A56B900BF502080F31188BFF3EB
:106F60004F8FBFF36F8F00BF00BFFEE7344602F0C4
:106F700008FBB8F1000F02D0A06DC8F8000094F82B
:106F80005C90022084F85C00052F17D2DFE807F040
:106F90001503070B0D00A06D2843A06521E0A06D2F
:106FA000401CA0651DE0A5651BE0B9F1020F01D0F2
:106FB000A56501E04FF0000A13E012E0A06D401C4F
:106FC00008B9012000E0002050B900BF502080F334
:106FD0001188BFF34F8FBFF36F8F00BF00BFFEE775
:106FE00000BF00BFB9F1010F32D1201DFDF7C0FB7A
:106FF0007649E06A0968884202D97449E06A086003
:10700000E16A01EB8101704A02EB8100211DFDF76D
:1070100089FBA06A08B9012000E0002050B900BF38
:10702000502080F31188BFF34F8FBFF36F8F00BFE5
:1070300000BFFEE76649E06A0968C96A884207D965
:107040004FF0805063490860BFF34F8FBFF36F8FDD
:1070500002F0BEFA5046BDE8F0872DE9F84F07462A
:107060000E4690469946DDF828B00120009057B9A9
:1070700000BF502080F31188BFF34F8FBFF36F8F95
:1070800000BF00BFFEE702F0D7FA3C4600BF502128
:10709000EFF3118081F31188BFF34F8FBFF36F8F30
:1070A00000BF0546B9F1000F02D0A06DC9F800007D
:1070B00094F85CA0022084F85C00B8F1050F17D2A8
:1070C000DFE808F01503070B0D00A06D3043A06545
:1070D00021E0A06D401CA0651DE0A6651BE0BAF193
:1070E000020F01D0A66501E00020009013E012E03D
:1070F000A06D401C08B9012000E0002050B900BF7D
:10710000502080F31188BFF34F8FBFF36F8F00BF04
:1071100000BFFEE700BF00BFBAF1010F3CD1A06A7B
:1071200008B9012000E0002050B900BF502080F3D2
:107130001188BFF34F8FBFF36F8F00BF00BFFEE713
:1071400025480068A0B9201DFDF712FB1F49E06A21
:107150000968884202D91D49E06A0860E16A01EBCA
:107160008101194A02EB8100211DFDF7DBFA04E0E1
:1071700004F118011948FDF7D5FA1549E06A0968C4
:10718000C96A884208D9BBF1000F02D00120CBF8B0
:10719000000001201249086000BF85F3118800BF7C
:1071A0000098BDE8F88F2DE9F04105460F46CDB9AE
:1071B00000BF502080F31188BFF34F8FBFF36F8F54
:1071C00000BF00BFFEE70000B44D002048000020D3
:1071D0003000002004ED00E0680000203C52002058
:1071E0005400002002F028FA2C4600BF5021EFF393
:1071F000118081F31188BFF34F8FBFF36F8F00BFF2
:10720000064694F85C80022084F85C00A06D401C67
:10721000A065B8F1010F39D1A06A08B9012000E0DA
:10722000002050B900BF502080F31188BFF34F8F6A
:10723000BFF36F8F00BF00BFFEE72F480068A0B903
:10724000201DFDF795FA2D49E06A0968884202D9A8
:107250002A49E06A0860E16A01EB8101284A02EBF1
:107260008100211DFDF75EFA04E004F118012548B4
:10727000FDF758FA2449E06A0968C96A884205D9C5
:107280000FB10120386001202049086000BF86F35B
:10729000118800BFBDE8F08170B5054615B91A48E0
:1072A000006800E02846064602F06BF996F85C009C
:1072B000022804D1002086F85C00012400E00024AC
:1072C00002F086F9204670BD2DE9F04104460D46D6
:1072D00014B90D48006800E02046064602F051F956
:1072E00009480068876DB06DA843B06502F070F979
:1072F0003846BDE8F081000068000020480000200A
:10730000B44D00203C5200203000002054000020EA
:107310002DE9F04104460D4616461F464FF0000881
:1073200065602461B5420CD8F01BA169884202D384
:107330004FF0010811E0211DFE480068FDF7FEF93D
:107340000BE0BE4204D2BD4202D34FF0010804E07C
:10735000211DF9480068FDF7F1F94046BDE8F081CC
:107360002DE9FF4704460D4616461F46DDF83080DE
:107370004FF0000954B900BF502080F31188BFF3CB
:107380004F8FBFF36F8F00BF00BFFEE7EB48006871
:1073900010B3009501960294062D15DAFFF722FC32
:1073A000022808D1002342466946E4480068FDF7F8
:1073B0007BFB814610E000231A466946DF480068DF
:1073C000FDF772FB814607E000233A466946DB4839
:1073D0000068FDF732FE8146484604B0BDE8F087FC
:1073E0002DE9F84334E0D4480068C0680568D24805
:1073F0000068C068C468201DFDF7BAF92046216AFC
:10740000884794F8280000F0040008B3A0694619E2
:10741000AE4207D966602461211DC7480068FDF7A8
:107420008DF915E0002003462A46014600902046CB
:10743000FFF796FF074657B900BF502080F3118829
:10744000BFF34F8FBFF36F8F00BF00BFFEE700BFDA
:10745000B9480068006808B9012000E00020002851
:10746000C1D0B548D0F80080B2480068B249086081
:10747000B048C0F80080BDE8F88370B50446FFF757
:10748000C1F80546AE480068854204D2FFF7A8FF60
:107490000120206001E000202060A9480560284606
:1074A00070BDF0B587B0A0E00398002811DA04AEF3
:1074B00056B900BF502080F31188BFF34F8FBFF340
:1074C0006F8F00BF00BFFEE7D6E90020B16890478C
:1074D00000BF03980028E6DB059C606908B901201D
:1074E00000E0002010B9201DFDF742F902A8FFF7C7
:1074F000C4FF054603980A2875D2DFE800F00905A5
:107500000739416306083A4200BF00BF00BF00BF11
:1075100094F8280040F0010084F828000498A2693B
:10752000811803462A462046FFF7F2FEF8B12046AE
:10753000216A884794F8280000F00400B8B10020C0
:1075400000900498A1694218002319462046FFF7CD
:1075500007FF074657B900BF502080F31188BFF3DB
:107560004F8FBFF36F8F00BF00BFFEE700BF3BE050
:1075700000BF94F8280020F0010084F8280033E0D0
:1075800000BF94F8280040F0010084F82800049817
:10759000A061A06908B1012000E0002050B900BF3F
:1075A000502080F31188BFF34F8FBFF36F8F00BF60
:1075B00000BFFEE7A06941192B462A462046FFF787
:1075C000A7FE11E094F8280000F0020018B9204648
:1075D00001F044FE05E094F8280020F0010084F852
:1075E000280001E0FFE700BF00BF002203A95348C5
:1075F0000068FDF725FE00287FF456AF07B0F0BD08
:10760000F8B505460F464C480068C068C468201DA0
:10761000FDF7AEF894F8280000F00400E8B1A06986
:1076200041192B463A462046FFF772FED8B100209A
:1076300003462A46014600902046FFF791FE064683
:1076400056B900BF502080F31188BFF34F8FBFF3AE
:107650006F8F00BF00BFFEE705E094F8280020F020
:10766000010084F828002046216A8847F8BDF8B553
:1076700005460C46FEF73EFC6846FFF7FEFE064652
:10768000009820BB44B9B54206D8FEF792FB3146BC
:107690002846FFF7B5FF1CE03CB1264800680068AB
:1076A00008B9012000E000200446A91B2246234817
:1076B0000068FEF7B3F8FEF77CFB50B94FF080503E
:1076C00020490860BFF34F8FBFF36F8F01E0FEF7D3
:1076D00070FBF8BD0146184A126812680AB9012207
:1076E00000E000220A600A6822B9134A1268D268D0
:1076F000106800E00020704708B500BF6846FFF73B
:10770000E9FF044620460099FFF7B1FFFFF7C9FEE5
:10771000F4E708B501F035FF0848006860BB0A4887
:10772000FCF7F0FF0948FCF7EDFF07480249086045
:1077300006480DE0700000206C000020740000205E
:107740007C00002004ED00E0785200208C520020E4
:10775000ED4908600020ED4BED4A102100900A2011
:10776000FDF778F8EB4908600846006820B1EAA107
:10777000E8480068FEF72CF801F02AFF08BD10B5B4
:1077800086B00024FFF7C5FFE2480068D0B10020B2
:107790000590049003AA04A905A801F04EFC02225A
:1077A000DDE904100023CDE900210290DCA1DE48D0
:1077B000039AFEF72BF9DD4908600846006800B11E
:1077C000012400BF54B900BF502080F31188BFF3DB
:1077D0004F8FBFF36F8F00BF00BFFEE7204606B09C
:1077E00010BD2DE9F04706460D4617469846DDE9DF
:1077F00008940DB1012000E0002050B900BF5020D6
:1078000080F31188BFF34F8FBFF36F8F00BF00BFAE
:10781000FEE78CB1FFF77DFF2660A561C4F81C80F0
:10782000C4F82090201DFCF77AFF2FB194F82800AF
:1078300040F0040084F82800BDE8F0872DE9FC47FB
:1078400005460E4617469846DDF828902C2001F094
:107850006CFC044654B1002084F8280043463A46A4
:1078600031462846CDE90094FFF7BBFF2046BDE82E
:10787000FC872DE9FC4706460F4690469946DDE910
:107880000AA52C20019001982C2801D1012000E0AC
:10789000002050B900BF502080F31188BFF34F8FF4
:1078A000BFF36F8F00BF00BFFEE700BF55B900BF39
:1078B000502080F31188BFF34F8FBFF36F8F00BF4D
:1078C00000BFFEE72C4654B1022084F828004B4646
:1078D000424639463046CDE900A4FFF782FF2046F4
:1078E000BDE8FC879148006808B1012000E0002055
:1078F00050B900BF502080F31188BFF34F8FBFF302
:107900006F8F00BF00BFFEE78848006870470146E0
:107910000A4651B900BF502080F31188BFF34F8F42
:10792000BFF36F8F00BF00BFFEE79069704770B56F
:1079300005460E462C4655B900BF502080F31188ED
:10794000BFF34F8FBFF36F8F00BF00BFFEE701F0A3
:1079500018FE36B194F8280040F0040084F828009E
:1079600005E094F8280020F0040084F8280001F0D5
:107970002FFE70BD70B50446264654B900BF502096
:1079800080F31188BFF34F8FBFF36F8F00BF00BF2D
:10799000FEE701F0F6FD96F8280000F0040008B9B3
:1079A000002500E0012501F013FE284670BD10B54A
:1079B00001460A4651B900BF502383F31188BFF333
:1079C0004F8FBFF36F8F00BF00BFFEE7506810BD41
:1079D00001460A4651B900BF502080F31188BFF319
:1079E0004F8FBFF36F8F00BF00BFFEE71068704777
:1079F00070B50446264654B900BF502080F3118864
:107A0000BFF34F8FBFF36F8F00BF00BFFEE701F0E2
:107A1000B8FD96F8280000F0010008B9002500E044
:107A2000012501F0D5FD284670BD70B504462546F8
:107A300054B900BF502080F31188BFF34F8FBFF3BC
:107A40006F8F00BF00BFFEE701F09BFDEE6901F004
:107A5000BFFD304670BD70B504460D46264654B98C
:107A600000BF502080F31188BFF34F8FBFF36F8F9B
:107A700000BF00BFFEE701F084FDF56101F0A8FD45
:107A800070BD2DE9FF4104460D4616461F466FF0B6
:107A90000100009001940295039600233A4669463E
:107AA0001C480068FDF7C9FA8046404604B0BDE8AE
:107AB000F0812DE9FF4104460D4616461F46154844
:107AC000006850B900BF502080F31188BFF34F8F7A
:107AD000BFF36F8F00BF00BFFEE74FF0FF30009095
:107AE00001940295039600233A46694609480068C6
:107AF000FCF7DAFF8046404604B0BDE8F08101465D
:107B0000486A70474162704770000020A052002010
:107B1000F052002074000020546D725100000000EB
:107B2000546D722053766300F976020878000020C5
:107B300010B54FF0E0200069FFF754F8012801D09C
:107B400001F062FD10BD10B501F07FFA10B16FF0C9
:107B5000050409E0FA48006820B90120F8490860E6
:107B6000002401E04FF0FF34204610BD70B50446FC
:107B70000D46164614B1F3482060606045B13EB131
:107B8000112E00D911263246EFA128460BF012FF24
:107B9000002070BD10B5FFF725F828B1012806D0E8
:107BA000022803D102240AE0032408E000BFE448CD
:107BB0000068012801D1012400E0002400BF00BFBB
:107BC000204610BD70B501F040FA10B16FF0050409
:107BD0001FE0DB480068012819D100BF801F002189
:107BE000002804DB0A07130EDC4A135406E00A07D8
:107BF000150EDB4A00F00F031B1FD55400BF00BF5A
:107C00000220CF490860FEF79FFC002401E04FF0FE
:107C1000FF34204670BD10B501F017FA10B16FF0B7
:107C2000050412E0FEF7DEFF20B1012809D002288A
:107C300006D101E0012407E0FEF75CF9002403E02F
:107C400000BF4FF0FF3400BF00BF204610BD10B58D
:107C500001F0FBF910B16FF0050418E0FEF7C2FF68
:107C600020B101280FD002280CD109E00124FEF731
:107C7000A0F8012803D0FEF7B5FF00B9A41E05E067
:107C8000002403E000BF4FF0FF3400BF00BF2046D8
:107C900010BD10B5044601F0D8F910B16FF005041D
:107CA00021E0FEF79FFF20B1012818D0022815D14E
:107CB00000E000BF012C02D1FEF71CF90DE014B169
:107CC0004FF0FF3409E0FEF774F8012805D0FEF705
:107CD00089FF022801D04FF0FF3403E000BF4FF0CE
:107CE000FF3400BF00BF204610BD10B501F0ADF954
:107CF00018B1FEF78AFC044602E0FEF783FC044656
:107D0000204610BD4FF47A7070474FF0E020416973
:107D10008069081A70474FF0E0200069C0F3004006
:107D200070474FF0E0204069401C704770B500BFBD
:107D3000EFF3108018B900BFEFF3118008B10120F4
:107D400000E00020064672B6FEF75CFC0446FFF732
:107D5000DCFF0546FFF7DFFF18B1FFF7D6FF05464A
:107D6000641CFFF7DEFF04FB005506B962B6284627
:107D700070BD7C48006870472DE9FF478046894602
:107D800014460020039001F060F900284FD1B8F1AB
:107D9000000F4CD04FF4007618258246471E44B39E
:107DA000206808B1D4F800A0A06900B1A5692DB180
:107DB000382D03D8207900F0010018B1002004B05C
:107DC000BDE8F087606908B160698608A06840B1C5
:107DD000E068602805D3206918B1606908B10127FF
:107DE00008E0A06830B9E06820B9206910B9002720
:107DF00000E00027012F0CD12169A0684B463246D4
:107E0000CDE90051029051464046FDF7FFFD039039
:107E10000DE067B903A8B2B24B465146CDE9005018
:107E20004046FDF750FE012801D000200390039842
:107E3000C5E770B505462E4601F007F900B90EB941
:107E4000002403E03046FEF7EBFB0446204670BDFD
:107E500010B5FEF7C4FE0446204610BD70B50546B9
:107E60002E4601F0F2F800B916B94FF0FF3417E0D2
:107E70003046FEF7D2F806280DD2DFE800F0030501
:107E800007080A0D02240AE0012408E000BF0324C9
:107E900005E0042403E000BF4FF0FF3400BF00BF43
:107EA000204670BD70B505462E4601F0CEF800B9EB
:107EB0000EB9002403E03046FEF780FE8400204621
:107EC00070BD2DE9F04107460D463E4601F0BDF874
:107ED00010B16FF005040CE01EB1012D01DB382D4F
:107EE00002DD6FF0030404E0002429463046FEF76B
:107EF00022F92046BDE8F08170B505462E4601F016
:107F0000A4F800B916B94FF0FF3403E03046FEF78D
:107F1000C4F80446204670BD10B501F096F810B1C3
:107F20006FF0050409E000244FF080500C4914392B
:107F30000860BFF34F8FBFF36F8F204610BD000066
:107F40008000002031F5F5054672656552544F53A7
:107F5000205631302E332E310000000000E400E0C6
:107F600018ED00E00C00002070B505462E4601F02B
:107F70006CF810B16FF0050407E016B96FF0030458
:107F800003E000243046FEF78BF9204670BD70B543
:107F900005462E4601F059F810B16FF0050407E0D0
:107FA00016B96FF0030403E000243046FEF7F8F939
:107FB000204670BD0020FDF7F5FD00BFFEE72DE96E
:107FC000F0410646374601F040F810B16FF0050465
:107FD00010E017B96FF003040CE03846FEF71DF807
:107FE0000546042D04D000243846FDF7DBFD01E0F2
:107FF0006FF002042046BDE8F08110B501F025F8CD
:1080000008B1002402E0FEF708FB0446204610BD3C
:108010002DE9F0410746884601F017F818B917B165
:10802000B8F1000F01D1002524E0FDF763FFFEF752
:10803000F4FA054605EBC501880001F076F806461E
:108040009EB1002229463046FEF77FFB05460024FC
:1080500006E004EBC40056F8200047F82400641C36
:10806000AC4201D24445F4D32546FDF7A2FE30468A
:1080700001F0F4F82846BDE8F081FEB504460D464F
:10808000264616B105F0004018B16FF003000290CB
:108090002EE04FF0FF30029000F0D7FFE0B100205B
:1080A000019001A800230122294600903046FEF7E6
:1080B000D4FF002002AB0246014600903046FEF796
:1080C000CCFF0198A0B14FF08050F9490860BFF390
:1080D0004F8FBFF36F8F0BE00023012229463046FC
:1080E000FEF730FF02AB002211463046FEF72AFFB2
:1080F0000298FEBDF8B5054600F0A7FF10B16FF07D
:10810000050421E005F0004010B16FF003041BE00E
:10811000FEF765FD06466B46002211463046FEF727
:1081200011FF01280ED1009C0098A8430090002365
:10813000032230460099FEF705FF012804D04FF0D6
:10814000FF3401E04FF0FF342046F8BD38B500F0B1
:108150007CFF18B16FF0050000900DE0FEF73FFDC9
:1081600004466B46002211462046FEF7EBFE01282E
:1081700002D04FF0FF300090009838BD2DE9FC5F31
:1081800005468946164600F060FF10B16FF0050401
:108190004AE005F0004010B16FF0030444E009F03C
:1081A0000200022802D14FF0000A00E0AA46002493
:1081B0003746FEF727FA009000BF3B4601AA51461A
:1081C0000020FEF774FE8046B8F1010F22D12C404A
:1081D0000198044309F0010040B105EA0400A842F7
:1081E00000D120E056B96FF002041CE005EA04005B
:1081F00000B118E016B96FF0020414E0FEF702FABD
:108200000099A0EB010BBB4501D9002708E0A7EBC3
:108210000B0705E016B96FF0020401E06FF00104EE
:10822000B8F1000FC9D100BF2046BDE8FC9F70B572
:10823000054600F00AFF10B16FF0050404E00024C9
:1082400015B12846FDF7C0FE204670BDF8B50646BC
:1082500000F0FBFE10B16FF005050FE00025FEF702
:10826000D1F900900098341A34B1E00F20B92146BA
:108270006846FDF745FE01E06FF003052846F8BDAE
:1082800070B505462846FFF7D0FB044614B1D4E983
:108290000010884770BD2DE9FE4F0646894692467C
:1082A0001C460020029000F0D0FE00284BD1002E8A
:1082B00049D0082000F039FF0546002D43D02E603C
:1082C000C5F804A0B9F1000F01D1002700E0012793
:1082D0004FF0FF384FF0000B94B1206808B1D4F88C
:1082E00000B0A06828B1E0682C2802D34FF0010844
:1082F00008E0A06830B9E06820B94FF0000801E05C
:108300004FF00008B8F1010F0BD16A49A0682B4665
:108310003A46CDE9001001215846FFF7AAFA02902B
:108320000BE0B8F1000F08D162482B463A46012114
:1083300000905846FFF782FA0290029818B915B1DA
:10834000284600F08BFF0298BDE8FE8F70B5054609
:108350002E4600F07AFE00B90EB9002403E0304644
:10836000FFF736FB0446204670BDF8B505460E46BD
:108370002F4600F06AFE10B16FF0050411E017B946
:108380006FF003040DE00020034632460421009004
:108390003846FEF7E5FF012801D1002401E06FF027
:1083A00002042046F8BDF8B505462E4600F04DFE05
:1083B00010B16FF0050418E016B96FF0030414E073
:1083C0003046FFF715FB10B96FF002040DE00020F6
:1083D00003460246032100903046FEF7C1FF012804
:1083E00001D1002401E04FF0FF342046F8BD70B504
:1083F00005462E4600F029FE00B90EB9002403E020
:108400003046FFF7F5FA0446204670BDF8B505463C
:108410002E4600F01AFE10B16FF0050418E016B9F0
:108420006FF0030414E03046FFF7FFFA0746002020
:1084300003460246052100903046FEF791FF0128D1
:1084400004D1384600F00AFF002401E06FF0020476
:108450002046F8BD70B50446002600F0F6FDD0B900
:10846000751E64B1A06820B1E068202801D3012501
:1084700006E0A06820B9E06810B9002500E00025FA
:10848000012D04D1A068FBF7B5FE064603E015B93F
:10849000FBF7DDFE0646304670BDF8B505460E46D4
:1084A0002F4617B106F07F4030B16FF0030422E091
:1084B00004ED00E08182020800F0C7FDB0B10020A9
:1084C00000906A4631463846FCF701F910B96FF062
:1084D000020410E03446009868B14FF08050F7492C
:1084E0000860BFF34F8FBFF36F8F04E0314638460B
:1084F000FBF7BCFE04462046F8BD2DE9F0410546D9
:108500000E462F4617B106F07F4010B16FF00304FE
:1085100013E000F09AFD58B13846FCF78FF8044696
:1085200031463846FCF77DF838B96FF0020404E0B4
:1085300031463846FCF73FF804462046BDE8F08156
:1085400070B505462E460DB900240CE000F07DFD07
:1085500020B13046FCF772F8044604E000213046B2
:10856000FCF729F80446204670BD2DE9F84F8046F7
:108570000D4616461F46C346BBF1000F02D005F05C
:108580007F4010B16FF0030434E000F05EFD10B1E5
:108590006FF005042EE006F0010010B14FF0010964
:1085A00001E04FF0000906F0020010B14FF0000AA0
:1085B00001E04FF0010A4B465246294658460097C3
:1085C000FBF750FF044606F0010050B105EA040035
:1085D000A8420FD017B16FF001040BE06FF0020456
:1085E00008E005EA040028B917B16FF0010401E0C2
:1085F0006FF002042046BDE8F88F70B505462E46A0
:1086000000F023FD10B16FF0050407E016B96FF01C
:10861000030403E000243046FCF726F8204670BD32
:108620002DE9F0470446002600F00FFD00284DD14B
:108630000CB1676800E0002707F0010008B10125D0
:1086400000E0002507F0080008283FD04FF0FF3871
:1086500074B1A06828B1E068502802D34FF0010837
:1086600008E0A06830B9E06820B94FF0000801E0E8
:108670004FF00008B8F1010F0CD12DB10420A16812
:10868000FCF707FB064612E00120A168FCF701FB9E
:1086900006460CE0B8F1000F09D125B10420FCF723
:1086A000E7FA064603E00120FCF7E2FA06464EB17F
:1086B00014B1D4F8009001E04FF00009494630466B
:1086C000FDF786F816B10DB146F001063046BDE85B
:1086D000F0872DE9F04104460D4624F0010604F030
:1086E0000108002700F0B1FC08B1BF1F1FE016B958
:1086F0006FF003071BE0B8F1000F0CD0294630469D
:10870000FCF711FC012812D015B16FF001070EE043
:108710006FF002070BE029463046FCF72BFB0128DF
:1087200005D015B16FF0010701E06FF00207384680
:10873000BDE8F0812DE9F041044624F0010504F084
:108740000107002600F081FC08B1B61F16E015B93C
:108750006FF0030612E03FB12846FCF7D0FA01287B
:108760000CD06FF0020609E000231A46194628468D
:10877000FCF79AF9012801D06FF002063046BDE8F7
:10878000F08170B5054625F0010600F05EFC00B9E9
:108790000EB9002403E03046FCF790FA0446204668
:1087A00070BD70B5054625F0010600F04EFC10B115
:1087B0006FF005040AE016B96FF0030406E03046D6
:1087C000FCF7A2FF00243046FCF7B4FF204670BD42
:1087D0002DE9F84305460F4614464FF0000800F017
:1087E00034FC002857D1002D55D0AF4253D8461E37
:1087F00064B1A06820B1E068502801D3012606E0EA
:10880000A06820B9E06810B9002600E00026701CBE
:10881000002840D0012D23D1012E09D10320009042
:10882000002211460120A368FCF714F8804605E0F9
:10883000032200210120FCF77DF88046B8F1000FEB
:108840001CD0DFB100231A4619464046FCF72CF92C
:10885000012813D04046FCF76DFF4FF000080DE0F3
:10886000012E06D139462846A268FCF783FB8046D4
:1088700004E039462846FCF7AFFB8046B8F1000F0C
:1088800009D014B1D4F8009001E04FF00009494636
:108890004046FCF79DFF4046BDE8F883F8B5044626
:1088A0000D46264600270EB93F1F2CE000F0CDFBF9
:1088B000E8B12DB16FF0030725E0000004ED00E002
:1088C000002000906A4600213046FCF720FE012877
:1088D00002D06FF0020716E00098A0B14FF0805070
:1088E000F8490860BFF34F8FBFF36F8F0BE0294645
:1088F0003046FCF73FFA012805D015B16FF00107AB
:1089000001E06FF002073846F8BDF8B50446254689
:1089100000260DB9361F22E000F097FBA8B1002019
:10892000009069462846FCF706FC012802D06FF04B
:10893000020614E0009890B14FF08050E1490860C1
:10894000BFF34F8FBFF36F8F09E000231A4619461C
:108950002846FCF7A9F8012801D06FF0020630463E
:10896000F8BD70B505462E460EB900240BE000F0A8
:108970006CFB20B13046FCF7B6FE044603E03046FF
:10898000FCF782FE0446204670BD70B505462E46B3
:1089900000F05BFB10B16FF005040AE016B96FF050
:1089A000030406E03046FCF7AFFE00243046FCF737
:1089B000C1FE204670BD2DE9F84305460E4614461B
:1089C0004FF0000900F041FB00283ED1002D3CD0C3
:1089D000002E3AD0471EBCB1A06858B1E0685028BC
:1089E00008D3206930B105FB06F06169814201D3EB
:1089F00001270AE0A06840B9E06830B9206920B9D1
:108A0000606910B9002700E00027012F09D100207C
:108A1000009031462846A3682269FBF71BFF814678
:108A200006E02FB9002231462846FBF783FF814636
:108A3000B9F1000F09D014B1D4F8008001E04FF073
:108A4000000841464846FCF7C3FE4846BDE8F883A7
:108A50002DE9F84307460D4691461C463E464FF029
:108A6000000800F0F2FAE8B10EB105B114B16FF0F0
:108A700003082AE00020009000236A462946304679
:108A8000FCF7DBFA012802D06FF002081DE0009825
:108A9000D8B14FF080508B490860BFF34F8FBFF3C0
:108AA0006F8F12E006B115B96FF003080DE00023D7
:108AB000224629463046FBF7F7FF012805D014B1BE
:108AC0006FF0010801E06FF002084046BDE8F8834E
:108AD0002DE9F84307460D4691461C463E464FF0A9
:108AE000000800F0B2FAE0B10EB105B114B16FF0B8
:108AF000030828E0002000906A4629463046FCF72B
:108B000006FD012802D06FF002081CE00098D0B1E9
:108B10004FF080506B490860BFF34F8FBFF36F8FEA
:108B200011E006B115B96FF003080CE022462946A2
:108B30003046FCF785FB012805D014B16FF0010821
:108B400001E06FF002084046BDE8F88301460A469E
:108B50000AB9002000E0D06B704701460A460AB906
:108B6000002000E0106C704770B505462E460EB927
:108B700000240BE000F069FA20B13046FCF7B3FDA9
:108B8000044603E03046FCF77FFD0446204670BDF6
:108B90002DE9F04107463D460DB900261AE000F0E8
:108BA00054FA98B100BF5021EFF3118081F311887E
:108BB000BFF34F8FBFF36F8F044600BFD5E90E1090
:108BC000461A00BF84F3118800BF03E02846FCF773
:108BD00070FD06463046BDE8F08170B505462E466C
:108BE00000F033FA10B16FF0050408E016B96FF029
:108BF000030404E0002400213046FBF7CDFD2046AD
:108C000070BD70B505462E4600F01FFA10B16FF02A
:108C100005040AE016B96FF0030406E03046FCF7DD
:108C200073FD00243046FCF785FD204670BD2DE91C
:108C3000F05F06460F46154600F007FA08B100241B
:108C40007CE006B10FB9002478E00024F81C80080D
:108C5000800000FB06F9A3464FF0FF384FF0FF3AC3
:108C600025B3286808B1D5F800B0A86828B1E8682D
:108C7000742802D34FF0010805E0A86818B9E86825
:108C800008B94FF00008286920B9686910B94FF099
:108C9000000A0EE0286960B1287C00F0030040B9AA
:108CA0006869484505D34FF0010A02E04FF000081B
:108CB000C246B8F1000F07D1742000F036FA04461E
:108CC00003E0000004ED00E0AC6894B104F124027C
:108CD00031463046FCF74EF96060606848B1BAF141
:108CE000000F04D1484600F020FAA06001E0286996
:108CF000A060DCB1A068C8B100202060C4F80C906E
:108D0000C4F810B06761A661E061D1482062B8F193
:108D1000000F03D1206A40F001002062BAF1000F79
:108D20000CD1206A40F00200206207E0B8F1000F89
:108D300003D114B1204600F091FA00242046BDE88A
:108D4000F09F70B505462E4600F07FF908B100246B
:108D500003E00DB9002400E03469204670BD10B571
:108D600001460020D1E906329A4207D2CC694B690C
:108D70008A6803FB0420CA69521CCA6110BD0146FF
:108D800000200A6812B1086802680A6070472DE97D
:108D9000F041074688460FB900254AE000253C46C9
:108DA000206AAB490840884243D100F04EF940B3F5
:108DB000B8F1000F3DD1002211466068FCF7A7FB17
:108DC000012836D1206AA2490840884231D100BF2B
:108DD0005021EFF3118081F31188BFF34F8FBFF360
:108DE0006F8F00BF06462046FFF7C9FF05461DB935
:108DF0002046FFF7B4FF054600BF86F3118800BF89
:108E000017E041466068FBF7B5FF012811D1206AE1
:108E10008F49084088420CD100F0B3FB2046FFF791
:108E2000AEFF05461DB92046FFF799FF054600F045
:108E3000CFFB2846BDE8F0810A4603681360026054
:108E400070472DE9F8430746884617B1B8F1000F7F
:108E500002D16FF003055CE03C46206A7C49084083
:108E6000884202D06FF0020553E0A068404505D863
:108E7000D4E90210401E0844404502D26FF00305B9
:108E800047E0002500F0E1F860B36068FCF72BFCD8
:108E9000A169884201D1ED1E3BE000BF5021EFF3F4
:108EA000118081F31188BFF34F8FBFF36F8F064698
:108EB00000BF41462046FFF7BFFF00BF86F3118881
:108EC00000BF0020009069466068FCF734F9009804
:108ED000F8B14FF080505F490860BFF34F8FBFF388
:108EE0006F8F16E06068FCF7CFFBA169884202D162
:108EF0006FF002050DE000F044FB41462046FFF70D
:108F00009BFF00F065FB00231A4619466068FBF7DB
:108F1000CBFD2846BDE8F88310B5014609B900200D
:108F200008E00A46136A4A4C2340A34201D00020BD
:108F300000E0906910BD10B5014609B9002008E0B5
:108F40000A46136A424C2340A34201D0002000E0AD
:108F5000506910BD70B506460EB9002415E03546BF
:108F6000286A3B490840884201D000240DE000F007
:108F70006CF820B16868FCF7B6FB044603E068684B
:108F8000FCF782FB0446A869041B204670BD70B53F
:108F900005460DB9002413E02E46306A2C490840DE
:108FA000884201D000240BE000F04FF820B1706837
:108FB000FCF799FB044603E07068FCF765FB044688
:108FC000204670BD70B5054615B96FF003062AE05E
:108FD00000F03BF810B16FF0050624E02C4600F0DD
:108FE000D0FA206A00F00300206200BF00231A4676
:108FF00019466068FBF758FD0128F7D00020206073
:109000006061A061206A00F0020010B1A06800F069
:1090100025F9206A00F0010010B1204600F01EF989
:1090200000F0D6FA0026304670BD0B4B03600B4BA8
:109030000B604FF4007313607047094B0360094BDA
:109040000B604FF4806313607047EFF30580704747
:109050000000ED5E04ED00E090530020F05300208E
:10906000F05B0020505C002010B50146BE4800E0D7
:10907000006803688B42FBD30246436813448B426B
:1090800004D143684C682344436001460A464B6858
:1090900013440468A34211D1B44C03682468A3426A
:1090A00008D04B680468646823444B6003681B68FD
:1090B0000B6005E0AD4B1B680B6001E003680B60C3
:1090C000884200D0016010BD30B54FF44043A8483D
:1090D00000F007042CB1C01D20F00700A44C041BB5
:1090E0001B1B0246A04C226000249F4D6C60D018D0
:1090F000083820F007009D4C206000249B4D2D680F
:109100006C609A4D2D682C601146441A4C60974C47
:1091100024680C60974D4C682C60974D4C682C600F
:109120004FF00044954D2C6030BD2DE9F0410446D0
:109130004FF00008FCF7DEFE8C48006808B9FFF726
:10914000C3FF8E4800682040002870D1D4B1083495
:1091500004F00700B0B104F00700C0F108000444B7
:1091600004F0070008B9012000E0002050B900BF5A
:10917000502080F31188BFF34F8FBFF36F8F00BF74
:1091800000BFFEE7002C52D07B48006884424ED8D6
:10919000754E3046056801E02E462D686868A0428D
:1091A00002D228680028F7D17048006885423ED076
:1091B000306800F10808286830606868001B1028D3
:1091C00019D92F1907F0070008B9012000E0002085
:1091D00050B900BF502080F31188BFF34F8FBFF309
:1091E0006F8F00BF00BFFEE76868001B78606C608F
:1091F0003846FFF739FF604968680968081A5E4910
:109200000860084600685B490968884203D25A48EA
:1092100000685849086059496868096808436860E7
:109220000020286056480068401C55490860FCF73B
:10923000C0FD08F0070008B9012000E0002050B987
:1092400000BF502080F31188BFF34F8FBFF36F8FA3
:1092500000BF00BFFEE74046BDE8F08170B506469E
:109260003546002E44D0083D2C46444960680968C4
:10927000084008B1012000E0002050B900BF502094
:1092800080F31188BFF34F8FBFF36F8F00BF00BF14
:10929000FEE7206808B9012000E0002050B900BFB7
:1092A000502080F31188BFF34F8FBFF36F8F00BF43
:1092B00000BFFEE73149606809680840C0B1206816
:1092C000B0B92E496068096888436060FCF712FEF7
:1092D0002949606809680844274908602046FFF763
:1092E000C3FE28480068401C26490860FCF761FD61
:1092F00070BD2148006870471E480068704770477D
:109300002DE9F04104464FF000080026771EFCF7D7
:10931000F1FD154805687DB100BF08F101086868D6
:10932000B04200D96E686868B84200D26F682D6894
:109330000E4800688542F0D1FCF73BFD6660A760EF
:10934000C4F80C8000F01DF90B48006820600C4840
:10935000006860610B480068A061064800682061F1
:1093600000F036F9BDE8F081840000208C00002078
:10937000506C00209400002090000020A0000020ED
:10938000980000209C000020C6480068401C08B9D6
:10939000012000E0002050B900BF502080F3118868
:1093A000BFF34F8FBFF36F8F00BF00BFFEE700BF5B
:1093B000502080F31188BFF34F8FBFF36F8F00BF32
:1093C00000BFFEE7001F4FF080730360001F21F015
:1093D00001030360001FB44B036014380260001FD8
:1093E0006FF0020303602038704700204FF0E02147
:1093F00008618861AD4800684FF47A71B0FBF1F004
:10940000401E4FF0E02148610720086170471CB5FD
:10941000A7480068A749884201D0012000E0002049
:1094200050B900BF502080F31188BFF34F8FBFF3B6
:109430006F8F00BF00BFFEE79D4800689D49491E31
:10944000884201D0012000E0002050B900BF502028
:1094500080F31188BFF34F8FBFF36F8F00BF00BF42
:10946000FEE79549084600780190FF200A461070F3
:109470000846007800909DF8000000F0F0009DF88C
:109480000020904201D1012000E0002050B900BF2F
:10949000502080F31188BFF34F8FBFF36F8F00BF51
:1094A00000BFFEE79DF8000000F05000834A1070F6
:1094B0000720834A106009E081480068401E804A06
:1094C00010609DF800004006000E00909DF800001E
:1094D00000F080008028EFD079480068C0F10700D4
:1094E000042801D1012000E0002050B900BF502025
:1094F00080F31188BFF34F8FBFF36F8F00BF00BFA2
:10950000FEE76F48006800026D4A10601046008850
:1095100000F4E0601060684A0198107064482030E0
:10952000006840F470006249203108600846006815
:1095300040F070400860FFF758FF0020594908606C
:10954000E6F7C8FE5F48006840F040405D490860AB
:10955000E6F7ACFE00201CBD52480068B0F57A7FEB
:1095600001D1012000E0002050B900BF502080F35D
:109570001188BFF34F8FBFF36F8F00BF00BFFEE7AF
:10958000704700BF502080F31188BFF34F8FBFF3A7
:109590006F8F00BF43480068401C4249086008467E
:1095A0000068012813D14248001D0068C0B208B904
:1095B000012000E0002050B900BF502080F3118846
:1095C000BFF34F8FBFF36F8F00BF00BFFEE7704741
:1095D0003448006850B900BF502080F31188BFF3B1
:1095E0004F8FBFF36F8F00BF00BFFEE72D480068AD
:1095F000401E2C4908600846006820B9002080F30E
:10960000118800BF00BF704710B500BF502080F325
:109610001188BFF34F8FBFF36F8F00BFFCF716FBAE
:1096200020B14FF080502249091D086000BF002082
:1096300080F3118800BF10BD70B5E6F783FE0446C5
:10964000102C16D304F1E02090F8F0531B4800785A
:10965000854201DB012000E0002050B900BF50200E
:1096600080F31188BFF34F8FBFF36F8F00BF00BF30
:10967000FEE70F480C30006800F4E060104909680C
:10968000884201D8012000E0002050B900BF5020DE
:1096900080F31188BFF34F8FBFF36F8F00BF00BF00
:1096A000FEE770BDA4000020899302080C00002092
:1096B00000ED00E071C20F4100E400E0A8000020CE
:1096C000AC00002034EF00E001460020704770B588
:1096D000044601252146664806F0ABF908B100258D
:1096E00000E00125284670BD2DE9F0418EB004460A
:1096F0000D4617461E464FF001082B463A462146B6
:109700005B48009606F0CBF910B94FF0000821E055
:1097100001AA2146564806F0A4F99DF81100042834
:1097200004D0282804D03A2810D100E000BF00BFA0
:1097300000BF50A009F0DCFF50A009F0D9FF55A0F0
:1097400009F0D6FF00BF4FF0030802E04FF0010818
:1097500000BF00BF40460EB0BDE8F0812DE9F041EA
:109760008EB004460D4617461E464FF001082B46A4
:109770003A4621463E48009606F0D9F910B94FF016
:10978000000831E001AA2146394806F06AF99DF83F
:109790001100042814D0272804D0282812D03A28F1
:1097A0001ED10EE000BF33A009F0A2FF3AA009F0DD
:1097B0009FFF38A009F09CFF00BF4FF0020812E0A5
:1097C00000BF00BF00BF2BA009F092FF2BA009F043
:1097D0008FFF30A009F08CFF00BF4FF0030802E0BC
:1097E0004FF0010800BF00BF40460EB0BDE8F08159
:1097F000F0B58DB005460E461446012736B1012E50
:1098000006D0022E10D0032E2CD11AE000272BE018
:109810006A462946164806F024F918B901982060CE
:10982000002700E001271FE06A462946104806F09D
:1098300018F920B9BDF808002060002700E00127D2
:1098400012E06A4629460A4806F00BF940B9BDF80D
:109850000800C11700EBD15149122160002700E038
:10986000012701E0042700BF00BF38460DB0F0BD5E
:10987000502C01204552524F523A2000555342205D
:109880004469736B206973206E6F74207265616424
:10989000792100000A000000555342204469736B8F
:1098A0002069732057726974652070726F746563E4
:1098B000746564210000000010B50449044800F0FC
:1098C00082FA0449087010BD00207047B1000020E2
:1098D000E43E0308B0000020012906D0022909D087
:1098E00004290BD005290DD100E00CE00322204B08
:1098F0001A7008E002221E4B1A7004E001221C4B71
:109900001A7000E000BF00BF704710B5012219496E
:10991000194801F017F908B1E6F738FD174916485C
:1099200001F077F908B1E6F731FD1549124801F069
:1099300070F908B1E6F72AFD12490F4801F069F9FC
:1099400008B1E6F723FD10490B4801F062F908B1B0
:10995000E6F71CFD0D49084801F05BF908B1E6F790
:1099600015FD054800F064FA08B1E6F70FFD10BDDB
:10997000B5000020D9980208502C0120B800002022
:10998000D800002040010020F800002060010020E5
:1099900010B586B00446142101A80AF0ACF820687E
:1099A000B0F1A04F42D100BF00200090E74800680E
:1099B00040F00100E54908600846006800F0010039
:1099C000009000BF00BF4FF4C050019002200290F1
:1099D00000200390032004900A20059001A9DC4890
:1099E000F1F738FB00BFD948001D006840F0800047
:1099F000D649091D086000BF00200090D3481430EC
:109A0000006840F48040D14914310860084600687D
:109A100000F48040009000BF00BF00BF002205217D
:109A20004320F2F76DF94320F2F7A8F906B010BD14
:109A300010B504462068B0F1A04F0FD1C348001DF7
:109A4000006820F08000C149091D08604FF4C05132
:109A5000BF48F1F7E2FB4320F2F7A4F910BD10B5BF
:109A60000446D4F8DC0301F082FA10BD10B50446B8
:109A7000D4F8DC0301F09BFA10BD10B50446D4F80D
:109A8000DC0301F0ABFA10BD70B504460D46164676
:109A9000D4F8DC0301F0C4FA70BD10B50446D4F864
:109AA000DC0301F06FFA10BD10B50446D4F8DC03F6
:109AB00001F079FA10BD70B5044694F89C070128AE
:109AC00020D1A448C0F8DC43C4F8A0074FF0A04060
:109AD000A049086008219F4841710121C1710021FE
:109AE00081710221417200218172EDF7B2FA08B151
:109AF000E6F74CFC9748EEF7C5FF05462946204699
:109B000001F024FA002070BD0146002031B1012986
:109B100006D0022906D0032908D105E0002007E07D
:109B2000022005E0012003E0022001E0022000BF46
:109B300000BF704770B5044600250026D4F8A00782
:109B4000EDF78DFB05462846FFF7DEFF064630465B
:109B500070BD70B5044600250026D4F8A007EEF7C6
:109B600038FF05462846FFF7CFFF0646304670BD52
:109B700070B5044600250026D4F8A007EEF744FF90
:109B800005462846FFF7C0FF0646304670BD70B553
:109B900004460125D4F8A007EEF77AFF20B101288A
:109BA00004D0022806D103E0002505E0012503E0EA
:109BB000022501E0012500BF00BF284670BD70B539
:109BC000044600250026D4F8A007EEF734FF05462A
:109BD0002846FFF799FF0646304670BD70B504462B
:109BE0000D462946D4F8A007EEF739FF70BD2DE9E0
:109BF000FF5F04460D4616461F46DDE90F9ADDF865
:109C000038804FF0000B002003908DE800073B46A2
:109C100032462946D4F8A007EDF77FFA8346584626
:109C2000FFF772FF0390039804B0BDE8F09F2DE9A1
:109C3000F04104460D46002600272946D4F8A00727
:109C4000EDF7F2FA06463046FFF75EFF0746384664
:109C5000BDE8F0812DE9F04F87B004460D46164669
:109C60001F46DDE912ABDDE9108900200690059062
:109C70008DE8000F3B4632462946D4F8A007EDF7A1
:109C800001FB06900698FFF73FFF0590059807B087
:109C9000BDE8F08F70B504460D462946D4F8A007FC
:109CA000EEF7D3FE70BD70B505460C4695F89C07DF
:109CB000012802D1204600F04FF8C820F2F75BFAE5
:109CC000002070BD30B50446D4F8A037C1EB0115B3
:109CD00003F1140000EB8500C07840B1C1EB011521
:109CE00003F1140000EB850080F8282007E0C1EBA9
:109CF000011503F1140000EB850080F829200020F5
:109D000030BD30B503460020D3F8A027C1EB0115C4
:109D100002F1140404EB8504E47844B1C1EB0115AD
:109D200002F1140404EB850494F8280007E0C1EB69
:109D3000011502F1140404EB850494F8290030BDE8
:109D400010B504462046F2F716FA10BD303802402E
:109D5000000002400434012070B5044625460CB9C9
:109D6000002500E001252A464FF480710148F1F7F3
:109D7000FEFA70BD00000240F0B503460125002444
:109D80002A48407A01281CDA0020284E767A274F8C
:109D9000B8553846467A001D40F82630001F467AEE
:109DA000083082553E46707A461C7E72044604F1A5
:109DB000300008703A2048702F2088700020C8704A
:109DC00000252846F0BD30B504460D460022294640
:109DD0002046FFF7D1FF30BD30B502460B460021CB
:109DE0000120124C647A012C14DB1478303CE1B26F
:109DF0000E4C241D54F8214064B100250B4C241D49
:109E000044F82150241D6554083C647A641E074DB3
:109E10006C72002030BD10B5044600212046FFF7CB
:109E2000DBFF10BD0148407A70470000E437012095
:109E300010B504462046FFF78CFE01212046FFF7AF
:109E400032FF002010BD70B50446002500BF05E0BC
:109E5000002104F2547040F825106D1C102DF7D32A
:109E6000002504E0002104F58E7041556D1CB5F508
:109E7000806FF7D30020207060700120A070002058
:109E8000C4F89407012121764021A1710021617657
:109E900084F81C15012184F81D15002184F81F1574
:109EA00084F81E154FF4807104F11C0009F001FEC6
:109EB0004FF4806104F58E7009F0FBFD122104F26D
:109EC000265009F0F6FD4FF4FF7104F5A76009F084
:109ED000F0FD002070BDFEB5044601260125607826
:109EE000082875D2DFE800F00457A2F5F3F2F1F08C
:109EF0000821204601F0FEFA054605BB94F82D1511
:109F0000A17101206070A079002294F81D15CDE99F
:109F10000012029094F81C3521798022204601F02D
:109F200033FEA079002294F81D15CDE900120290AD
:109F300094F81C356179204601F026FE2AE0032DB5
:109F400028D100BFF1A009F0D3FBF2A009F0D0FBAB
:109F5000FDA009F0CDFB00BF94F81E05401C84F85D
:109F60001E0594F81E0503280AD900BFF7A009F0C2
:109F7000BFFBF5A009F0BCFB00BF0D20207009E07D
:109F80006179204601F047FE2179204601F043FE29
:109F90000020207093E21221204601F0ABFA054622
:109FA000BDB900BFB4F83015F8A009F0A1FBE6A0D8
:109FB00009F09EFB00BF00BFB4F82E15F6A009F013
:109FC00097FBE1A009F094FB00BF022060702CE039
:109FD00074E2032D29D100BFCCA009F089FBF1A0C8
:109FE00009F086FBD8A009F083FB00BF94F81E059A
:109FF000401C84F81E0594F81E0503280AD900BFEA
:10A00000D2A009F075FBD0A009F072FB00BF0D20B3
:10A0100020700AE06179204601F0FDFD217920469B
:10A0200001F0F9FD00206070207048E20121204617
:10A0300001F078FC05466DBB0220FFF781FE01218F
:10A0400084F81C1500BF94F81C15E5A009F050FB1E
:10A05000BDA009F04DFB00BF03206070A079002275
:10A0600094F81D15CDE90012029094F81C35217961
:10A070008022204601F088FDA079002294F81D1569
:10A08000CDE90012029094F81C356179204601F068
:10A090007BFD18E0032D16D100BF9CA009F028FB22
:10A0A000D5A009F025FBA8A009F022FB00BF00BF46
:10A0B000A6A009F01DFBA4A009F01AFB00BF0D200B
:10A0C000207000206070FAE10CE1C3E06EE036E041
:10A0D000FFE70921204601F0B4FB054615B904202D
:10A0E00060702BE0032D29D100BF88A009F000FB90
:10A0F000CE4809F0FDFA94A009F0FAFA00BF94F8EE
:10A100001E05401C84F81E0594F81E0503280AD974
:10A1100000BF8EA009F0ECFA8BA009F0E9FA00BFAD
:10A120000D2020700AE06179204601F074FD21794C
:10A13000204601F070FD002060702070BFE1B4F88F
:10A140003A15204601F07DFB054615B905206070E3
:10A150002BE0032D29D100BF6CA009F0C9FAB34848
:10A1600009F0C6FA78A009F0C3FA00BF94F81E05FA
:10A17000401C84F81E0594F81E0503280AD900BF68
:10A1800072A009F0B5FA70A009F0B2FA00BF0D2074
:10A1900020700AE06179204601F03DFD21792046DA
:10A1A00001F039FD00206070207088E194F83405DA
:10A1B000002839D094F83415FF2304F58E72204618
:10A1C00001F083FB0546BDB900BF04F58E7198A070
:10A1D00009F08EFA5CA009F08BFA00BF06206070CF
:10A1E0000520C4F8B00700231A4604F5F661D4F838
:10A1F000A807FEF72DFC2CE0032D2AD100BF91A06B
:10A2000009F076FA50A009F073FA00BF06206070DA
:10A210000520C4F8B00700231A4604F5F661D4F807
:10A22000A807FEF715FC14E000BF86A009F060FA4D
:10A2300045A009F05DFA00BF062060700520C4F853
:10A24000B00700231A4604F5F661D4F8A807FEF714
:10A25000FFFB34E194F8350570B394F83515FF230E
:10A2600004F58E72204601F030FB054665B900BF4B
:10A2700004F58E7178A009F03BFA33A009F038FAA2
:10A2800000BF072060702CE0032D2AD100BF76A00C
:10A2900009F02EFA2CA009F02BFA00BF07206070FD
:10A2A0000520C4F8B00700231A4604F5F661D4F877
:10A2B000A807FEF7CDFB14E000BF6BA009F018FA69
:10A2C00021A009F015FA00BF072060700520C4F82E
:10A2D000B00700231A4604F5F661D4F8A807FEF784
:10A2E000B7FBECE094F8360568B194F83615FF2317
:10A2F00004F58E72204601F0E8FA054625B900BF44
:10A3000004F58E71B8E0CEE0C0E000004552524F37
:10A31000523A2000436F6E74726F6C206572726FD8
:10A32000723A204765742044657669636520446508
:10A330007363726970746F7220726571756573747E
:10A34000206661696C6564000A000000436F6E74EA
:10A35000726F6C206572726F722C2044657669632F
:10A3600065206E6F7420526573706F6E64696E67DE
:10A3700020506C6561736520756E706C7567207414
:10A380006865204465766963652E00005049443A4B
:10A3900020257868000000005649443A2025786856
:10A3A00000000000436F6E74726F6C206572726FF4
:10A3B000723A204765742046756C6C204465766956
:10A3C00063652044657363726970746F722072658F
:10A3D0007175657374206661696C656400000000C6
:10A3E0004164647265737320282325642920617396
:10A3F0007369676E65642E00436F6E74726F6C20B4
:10A400006572726F723A20446576696365205365A0
:10A41000742041646472657373207265717565732D
:10A4200074206661696C656400000000EC420308FA
:10A430004D616E756661637475726572203A202590
:10A44000730000004D616E756661637475726572AC
:10A45000203A204E2F41000050726F6475637420C3
:10A460003A2025730000000050726F6475637420F9
:10A470003A204E2F41000000FBA009F039F9AFF25D
:10A48000381009F035F900BF002616E0032D14D16D
:10A4900000BFFAA009F02CF9AFF2541009F028F926
:10A4A00000BF002609E000BFF4A009F021F9AFF2D7
:10A4B000681009F01DF900BF002600E000BF00BFD2
:10A4C0003046FEBD7FB5044602200390002594F877
:10A4D0002105012801D10320207020780E2872D296
:10A4E000DFE800F0072D72EE71B5EDEFEBEAE9E879
:10A4F00071E794F8200508B300BFE5A009F0F8F86B
:10A50000AFF2BC1009F0F4F800BF01202070C820A1
:10A51000FFF716FC2046FFF752FB002184F81C15BC
:10A520000020C4F898070120C4F8B00700231A4699
:10A5300004F5F661D4F8A807FEF78AFAECE294F87D
:10A54000230501280ED100BFD7A009F0D1F8AFF242
:10A55000082009F0CDF800BF002184F81F15022063
:10A56000207024E0D4F89807B0F57A7F17D994F8D2
:10A570001F05401C84F81F0594F81F0503280BD9FC
:10A5800000BFD0A009F0B4F8AFF2442009F0B0F851
:10A5900000BF0D2020700AE00020207007E0D4F8F2
:10A5A00098070A30C4F898070A20FFF7C9FB012072
:10A5B000C4F8B00700231A4604F5F661D4F8A807DA
:10A5C000FEF746FAA8E2A5E2D4F8A40720B10421D8
:10A5D0002046D4F8A42790476420FFF7B1FB20461B
:10A5E000FFF7D5FA84F81D050520207000212046CC
:10A5F00001F0FCFA60718021204601F0F7FA207129
:10A60000A079002294F81D15CDE90012029094F86B
:10A610001C3521798022204601F0B6FAA07900226B
:10A6200094F81D15CDE90012029094F81C3561795B
:10A63000204601F0A9FA0120C4F8B00700231A4609
:10A6400004F5F661D4F8A807FEF702FA64E22046A2
:10A65000FFF741FC03909DF80C00002828D100BFB3
:10A66000A3A009F045F8AFF2203009F041F800BF8F
:10A67000002184F8241594F8370501280BD100BF78
:10A68000A0A009F035F8AFF2403009F031F800BF72
:10A690000820207001E0072020700520C4F8B007D2
:10A6A00000231A4604F5F661D4F8A807FEF7D0F99E
:10A6B00032E230E2E9E16EE036E018E001E0A7E1E5
:10A6C000ECE1D4F8A40788B101212046D4F8A427EE
:10A6D0009047082020700520C4F8B00700231A46D0
:10A6E00004F5F661D4F8A807FEF7B2F914E294F87D
:10A6F0003D15204601F02AF950B90920207000BF0D
:10A700008AA008F0F5FFAFF2C03008F0F1FF00BFFB
:10A710000120C4F8B00700231A4604F5F661D4F806
:10A72000A807FEF795F9F7E194F83F0500F020003F
:10A7300018B30121204601F032F903909DF80C0076
:10A7400058B900BF80A008F0D3FFAFF2044008F072
:10A75000CFFF00BF0A20207011E09DF80C000328F5
:10A760000DD100BF80A008F0C3FFAFF2244008F075
:10A77000BFFF00BF0A20207001E00A2020700120E6
:10A78000C4F8B00700231A4604F5F661D4F8A80708
:10A79000FEF75EF9C0E1D4F8500740B900BF7DA0D4
:10A7A00008F0A6FFAFF2604008F0A2FF4FE00020E3
:10A7B000C4F84C07002511E004F5E76050F82500C7
:10A7C000017994F84705814206D104F5E76050F815
:10A7D0002500C4F84C0703E0681CC5B2052DEBD377
:10A7E00000BFD4F84C0738B3D4F84C078168204632
:10A7F000884798B90620207000BFD4F84C0701683C
:10A800006CA008F075FFAFF2C04008F071FF00BF08
:10A8100003212046D4F8A427904718E00D2020708B
:10A8200000BFD4F84C07016867A008F061FFAFF2E1
:10A83000E84008F05DFF0AE00D20207000BF6AA02C
:10A8400008F056FFAFF2005008F052FF00BF05209D
:10A85000C4F8B00700231A4604F5F661D4F8A80737
:10A86000FEF7F6F858E1000053657269616C204EFE
:10A87000756D626572203A20257300005365726918
:10A88000616C204E756D626572203A204E2F41003A
:10A890005553422044657669636520436F6E6E654B
:10A8A0006374656400000000555342204465766976
:10A8B000636520526573657420436F6D706C6574B9
:10A8C00065640000555342205265736574204661EB
:10A8D000696C65642C20506C6561736520756E70C1
:10A8E0006C756720746865204465766963652E0021
:10A8F000456E756D65726174696F6E20646F6E650B
:10A900002E000000546869732064657669636520D1
:10A91000686173206F6E6C79203120636F6E666999
:10A920006775726174696F6E2E0000004465666120
:10A93000756C7420636F6E66696775726174696F98
:10A940006E207365742E000044657669636520721D
:10A95000656D6F74652077616B65757020656E61DC
:10A96000626C65640000000052656D6F746520774D
:10A97000616B657570206E6F7420737570706F7287
:10A980007465642062792074686520646576696303
:10A99000650000004E6F20436C6173732068617323
:10A9A000206265656E20726567697374657265649F
:10A9B0002E000000257320636C6173732073746133
:10A9C000727465642E000000446576696365206ECC
:10A9D0006F7420737570706F7274696E6720257361
:10A9E00020636C6173732E004E6F2072656769730C
:10A9F000746572656420636C61737320666F722086
:10AA000074686973206465766963652E00000000D0
:10AA1000D4F84C07F0B1D4F84C07016920468847B8
:10AA200003909DF80C0010B90B20207021E09DF8D8
:10AA30000C0002281DD10D20207000BFAFF2347031
:10AA400008F056FEF8A008F053FEAFF2047008F0CC
:10AA50004FFE0EE00D20207000BFAFF2507008F0E6
:10AA600047FEFBA008F044FEAFF2247008F040FE61
:10AA700000BF0520C4F8B00700231A4604F5F661AC
:10AA8000D4F8A807FDF7E4FF46E0D4F84C0720B15E
:10AA9000D4F84C074169204688473DE0002184F8FE
:10AAA00021152046FFF7CFF9D4F84C0738B1D4F878
:10AAB0004C07C168204688470020C4F84C07D4F8EA
:10AAC000A40720B105212046D4F8A427904700BF51
:10AAD000E5A008F00DFEAFF2907008F009FE00BF8F
:10AAE00094F82205012806D1002184F82215204679
:10AAF000FFF79EF902E02046FFF72BF80120C4F88B
:10AB0000B00700231A4604F5F661D4F8A807FDF74C
:10AB10009FFF01E000BF00BF00BF002004B070BD78
:10AB2000044600BF4FF0FF33002204F5F661D4F86D
:10AB3000A807FDF7CDFF0546002DF3D12046FFF70E
:10AB4000C1FCEFE770B504460D46164674B900BF68
:10AB5000AFF6480008F0CCFDC9A008F0C9FDAFF67B
:10AB6000180008F0C5FD00BF022070BD84F89C6786
:10AB70000020C4F84C07C4F850072046FFF763F9DB
:10AB8000002184F8231584F8201584F8211584F811
:10AB900022150DB1C4F8A457002204211020FDF79E
:10ABA0000AFFC4F8A807BBA0BD4908604FF40070B5
:10ABB0004861182088610A462146BA48FDF7DCF84A
:10ABC000C4F8AC072046FEF776FF0020CDE710B5AD
:10ABD00004462046FFF737F9002184F8231584F84E
:10ABE000201584F8211584F8221584F81F1584F89F
:10ABF0001E15D4F8A00710B12046FEF7B9FFD4F80F
:10AC0000AC07FDF7DCF9D4F8A807FDF7FAFF002040
:10AC100010BD70B504460D460026E5B1D4F85007C6
:10AC2000052809D2D4F85017481CC4F8500704F579
:10AC3000E76040F821501CE000BFAFF6301008F08C
:10AC400057FD99A008F054FDAFF6041008F050FD30
:10AC500000BF02260DE000BFAFF6501008F048FD1F
:10AC600098A008F045FDAFF6201008F041FD00BFA8
:10AC70000226304670BD70B504460D46002694F895
:10AC80003C05A84241DD84F8245500BF294693A025
:10AC900008F02EFDAFF6501008F02AFD00BF00BFEF
:10ACA00005EBC50000EB051204F2425000EB420038
:10ACB000417992A008F01CFDAFF6741008F018FD61
:10ACC00000BF00BF05EBC50000EB051204F24250C7
:10ACD00000EB420081798DA008F00AFDAFF69810D4
:10ACE00008F006FD00BF00BF05EBC50000EB051234
:10ACF00004F2425000EB4200C17988A008F0F8FC51
:10AD0000AFF6BC1008F0F4FC0DE000BFAFF6042075
:10AD100008F0EEFC85A008F0EBFCAFF6D41008F0CC
:10AD2000E7FC00BF0226304670BD014691F847059A
:10AD30007047F0B506460C4615460022002106F580
:10AD4000A7671AE002EBC20000EB021C07F10A0041
:10AD500000EB4C014879A04201D0FF2C0BD188793F
:10AD6000A84201D0FF2D06D1C879984201D0FF2B0F
:10AD700001D11046F0BD501CC2B20A2AE2D3FF2016
:10AD8000F8E7F0B503460C4615460021002203F50E
:10AD9000A76611E001EBC10000EB011706F10A0004
:10ADA00000EB47029078A04204D1D078A84201D1AC
:10ADB0000846F0BD481CC1B20A29EBD3FF20F8E7D2
:10ADC00010B5044600212046FEF76DFF2046FEF731
:10ADD000CFFE2179204600F01EFF6179204600F069
:10ADE0001AFF002010BD014691F82305704710B5E9
:10ADF00004462046FFF7F7FF40B1012184F82215F1
:10AE00002046FFF7DDFF012184F821150120C4F859
:10AE1000B00700231A4604F5F661D4F8A807FDF739
:10AE200017FE002010BD0000446576696365206E42
:10AE30006F7420726573706F6E64696E6720506CFA
:10AE40006561736520556E706C75672E000000009B
:10AE5000496E76616C696420436C6173732044723F
:10AE6000697665722E00000055534220446576696C
:10AE7000636520646973636F6E6E656374656400F7
:10AE8000496E76616C696420486F73742068616EE6
:10AE9000646C6500555342485F51756575650000E7
:10AEA000F037012021AB02084D617820436C6173BB
:10AEB00073204E756D6265722072656163686564AA
:10AEC00000000000496E76616C696420436C617318
:10AED000732068616E646C650000000053776974CC
:10AEE0006368696E6720746F20496E74657266616D
:10AEF000636520282325642900000000436C6173EA
:10AF000073202020203A2025786800005375624382
:10AF10006C617373203A20257868000050726F745A
:10AF20006F636F6C203A20257868000043616E6E75
:10AF30006F742053656C656374205468697320498D
:10AF40006E746572666163652E000000C0F8941728
:10AF5000704710B5044620780B2807D1D4F84C0769
:10AF600020B1D4F84C0781692046884710BD10B540
:10AF70000446D4F89407401CC4F894072046FFF711
:10AF8000E8FF10BD10B50446012184F82315012007
:10AF9000C4F8B00700231A4604F5F661D4F8A807F0
:10AFA000FDF756FD10BD002280F82325704710B52F
:10AFB0000446012184F82015002184F8211584F825
:10AFC00022150120C4F8B00700231A4604F5F661E3
:10AFD000D4F8A807FDF73CFD002010BD10B50446CD
:10AFE000012184F82115002184F8201584F8231507
:10AFF0002046FEF7BDFD2179204600F00CFE617968
:10B00000204600F008FE0120C4F8B00700231A46CD
:10B0100004F5F661D4F8A807FDF71AFD002010BD6D
:10B0200010B504460120C4F8B00700231A4604F501
:10B03000F661D4F8A807FDF70BFD002010BD000055
:10B0400070B50346144603F22652002509B90220C2
:10B0500070BD08781070487850708E78C87846EACD
:10B06000002050800879107148795071887990716A
:10B07000C879D07193F81D0518B193F81D05012802
:10B0800011D1D079082806D0102805D0202804D066
:10B09000402804D102E000BF00BF00BF02E008204A
:10B0A000D07100BF0AE093F81D05022805D1D079C0
:10B0B000082803D00820D07100E00325082C16D9F9
:10B0C0000E7A487A46EA002010818E7AC87A46EADB
:10B0D000002050810E7B487B46EA00209081887BCF
:10B0E0009073C87BD073087C1074487C50742846D9
:10B0F000AEE7F8B5044601270025207E0C2878D25B
:10B10000DFE800F077060F48548896DDE9FDFCFB88
:10B11000627904F11001204600F06EFC02212176D4
:10B1200080E161792046FEF7B5FD0546012D1FD16E
:10B13000207C00F08006E08A38B1802E02D1032105
:10B14000217609E00521217606E0802E02D1092131
:10B15000217601E0072121760320C4F8B0070023FF
:10B160001A4604F5F661D4F8A807FDF771FC10E063
:10B17000042D01D0022D0CD10B2121760320C4F81F
:10B18000B00700231A4604F5F661D4F8A807FDF7C6
:10B190005FFC47E1D4F89407E0812379A289204637
:10B1A000A16800F056FC042121763BE1217920467C
:10B1B000FEF770FD0546012D0CD1092121760320F3
:10B1C000C4F8B00700231A4604F5F661D4F8A807BE
:10B1D000FDF73EFC052D0DD103270320C4F8B00771
:10B1E00000231A4604F5F661D4F8A807FDF730FCF1
:10B1F0000FE016E1042D0CD10B2121760320C4F8B9
:10B20000B00700231A4604F5F661D4F8A807FDF745
:10B210001FFC07E1012000906379A2892046A16804
:10B2200000F0FDFBD4F89407E08106212176F9E0D7
:10B2300061792046FEF72EFD0546012D0DD107212F
:10B2400021760320C4F8B00700231A4604F5F661FE
:10B25000D4F8A807FDF7FCFB30E0052D0ED10C213A
:10B26000217603270320C4F8B00700231A4604F50B
:10B27000F661D4F8A807FDF7EBFB1FE0022D0DD116
:10B28000052121760320C4F8B00700231A4604F5EF
:10B29000F661D4F8A807FDF7DBFB0FE0042D0DD114
:10B2A0000B21217602270320C4F8B00700231A4699
:10B2B00004F5F661D4F8A807FDF7CAFBB2E02379DC
:10B2C00000221146204600F0C4FBD4F89407E08128
:10B2D00008212176A6E021792046FEF7DBFC054611
:10B2E000012D12D10D21217600270320C4F8B007CB
:10B2F00000231A4604F5F66102E069E032E023E03B
:10B30000D4F8A807FDF7A4FB1DE0042D0DD10B21F7
:10B3100021760320C4F8B00700231A4604F5F6612D
:10B32000D4F8A807FDF794FB0DE0052D0BD10327FA
:10B330000320C4F8B00700231A4604F5F661D4F8D8
:10B34000A807FDF785FB6DE00120009063790022DE
:10B350001146204600F063FBD4F89407E0810A21EF
:10B3600021765FE061792046FEF794FC0546012DC9
:10B370000ED100270D2121760320C4F8B007002349
:10B380001A4604F5F661D4F8A807FDF761FB1EE044
:10B39000022D0DD1092121760320C4F8B007002326
:10B3A0001A4604F5F661D4F8A807FDF751FB0EE044
:10B3B000042D0CD10B2121760320C4F8B007002303
:10B3C0001A4604F5F661D4F8A807FDF741FB29E019
:10B3D000607E401CC1B26176022904D80121217629
:10B3E0000120A0701CE006212046D4F8A427904735
:10B3F0000021617600BFF5A008F07AF9F5A008F009
:10B4000077F9FEA008F074F900BF6179204600F0DA
:10B4100002FC2179204600F0FEFB0020207002276C
:10B4200000E000BF00BF3846F8BD2DE9F0410446FA
:10B430000E4617460125A078012802D002282FD1F8
:10B4400012E0A660A781012121760220A0700125CB
:10B450000320C4F8B00700231A4604F5F661D4F8B7
:10B46000A807FDF7F5FA1CE02046FFF742FE054667
:10B470000DB1032D04D10120A0700021217603E03D
:10B48000022D01D10120A0700320C4F8B0070023D1
:10B490001A4604F5F661D4F8A807FDF7D9FA00E0DA
:10B4A00000BF00BF2846BDE8F0812DE9F041044609
:10B4B0000E4615461F46DDF81880A078012812D1E7
:10B4C00046F08001217406216174658205F47F4095
:10B4D000B0F5407F03D140F20941A18201E0002193
:10B4E000A182A4F81680424639462046FFF79DFF08
:10B4F000BDE8F081F8B505460C46B4F5806F0CD96F
:10B5000000BFB2A008F0F4F8BD4808F0F1F8BBA005
:10B5100008F0EEF800BF0320F8BD05F58E734FF478
:10B520008072002128460094FFF7BFFF064636B917
:10B53000224605F58E712846FFF782FD0646304605
:10B54000EAE730B50346002014780C7054784C704C
:10B5500094788C70D478CC701579547945EA0424A9
:10B560008C8094798C718C883CB18C88B4F5806F18
:10B5700003D88C88B4F5806F00D9032093F81D455B
:10B5800034BBCC7804F00304022C05D18C88B4F5CC
:10B59000007F69D9032067E0CC7804F0030424B964
:10B5A0008C88402C60D903205EE0CC7804F0030442
:10B5B000012C04D0CC7804F00304032C06D18C7940
:10B5C00014B18C79102C4FD903204DE003204BE0AF
:10B5D00093F81D45012C2BD1CC7804F00304022CE8
:10B5E00003D0CC7804F0030424B98C88402C3BD9D8
:10B5F000032039E0CC7804F00304012C09D18C79C4
:10B600002CB18C79102C02D88C88402C2CD903209A
:10B610002AE0CC7804F00304032C07D18C791CB108
:10B620008C88B4F5806F1FD303201DE003201BE03E
:10B6300093F81D45022C16D1CC7804F0030424B9EC
:10B640008C88082C10D003200EE0CC7804F0030482
:10B65000032C06D18C7914B18C88082C04D90320D2
:10B6600002E0032000E0032030BD10B502460B8845
:10B67000147823440B801378981810BD0A78027050
:10B680004A7842708A788270CA78C2700A79052A2C
:10B6900001D20A7900E0052202714A7942718A7961
:10B6A0008271CA79C2710A7A027270472DE9F74F26
:10B6B00082B083460C460BF5A765002001908046BA
:10B6C00081461CB9022005B0BDE8F08F26463078CF
:10B6D000092801D0092030702078287060786870BF
:10B6E000A178E07841EA0020FF2804DCA178E07826
:10B6F00041EA002001E04FF48070688020792871D1
:10B7000060796871A079A871E079E871207A28726F
:10B710000498092876D90920009000277CE0694622
:10B720003046FFF7A2FF06467078042874D13078BF
:10B73000092801D00920307008EBC80000EB08117F
:10B7400005F10A0000EB410731463846FFF796FF46
:10B750004FF00009CA462FE069463046FFF785FFE3
:10B7600006467078052827D1787901280DD1B87957
:10B77000022802D0B879032807D1F87938B930788F
:10B78000092804D00920307001E00720307008EB50
:10B79000C80000EB081105F10A0000EB41000A3077
:10B7A00000EBC90A324651465846FFF7CAFE0190DF
:10B7B00009F1010000F0FF093879484504DD688887
:10B7C000BDF800108842C7DC38791DE04552524F61
:10B7D000523A2000436F6E74726F6C206572726F04
:10B7E000723A20446576696365206E6F74207265D5
:10B7F00073706F6E64696E67000000000A000000DD
:10B80000304303081BE007E0484501DD03205AE709
:10B8100008F1010000F0FF08B8F10A0F05D26888AE
:10B82000BDF8001088423FF77AAF28790A2801DA7C
:10B83000287900E00A20404501DD032043E7019814
:10B8400041E7F8B506460C4606F11C07B4F5807FC3
:10B850000ED900BFAFF28C0007F04AFF644807F032
:10B8600047FFAFF2680007F043FF00BF0320F8BDB9
:10B870003B464FF40072002130460094FFF715FE5E
:10B8800005462DB9224639463046FFF70FFF0546DB
:10B890002846ECE730B513464578032D14D10578DA
:10B8A000AD1E9D4202D80578AD1E00E01D46ACB22B
:10B8B000801C002204E0855C0D70491C951CAAB216
:10B8C000A242F8DB00250D7030BD2DE9F843054696
:10B8D000884616461C46B4F5806F00D87EB900BF76
:10B8E000AFF2181007F004FF424807F001FFAFF273
:10B8F000F40007F0FDFE00BF0320BDE8F88348F424
:10B90000407205F58E73002128460094FFF7CDFDA7
:10B9100007462FB92246314605F58E70FFF7BAFF6C
:10B920003846EAE770B504460D46A078012807D1ED
:10B93000002121740521617465820021A182E182C8
:10B94000002211462046FFF770FD70BD70B5044619
:10B950000D46A078012807D10021217409216174C6
:10B9600065820021A182E182002211462046FFF774
:10B970005CFD70BD70B504460D461646A0780128E2
:10B9800007D1012121740B2161746682A5820021F7
:10B99000E182002211462046FFF747FD70BD70B5D9
:10B9A00004460D46A078012807D100212174032107
:10B9B000617465820021A182E18200221146204645
:10B9C000FFF733FD70BD70B504460D46A078012821
:10B9D00007D1022121740121617400216182A582B5
:10B9E000E182002211462046FFF71FFD70BD0000D6
:10B9F000B8430308744303087FB506460C46154652
:10BA000000200821CDE9000403460246CDE90210DA
:10BA100029463046FEF71EF9002004B070BD2DE91E
:10BA2000FF4104460D4617461E46DDF8288094F86F
:10BA30001D0508B14FF00008012000231A463146C9
:10BA40008DE8A1012046FEF705F9002004B0BDE80D
:10BA5000F0812DE9FF4107460C4615461E460020A1
:10BA6000012103460A468DE83200039031463846EC
:10BA7000FEF7F0F8002004B0BDE8F0812DE9FF41A9
:10BA800004460D4617461E46DDF8288094F81D052D
:10BA900008B14FF0000801200223002231468DE852
:10BAA000A1012046FEF7D6F8002004B0BDE8F081E1
:10BAB0002DE9FF4107460C4615461E460020012190
:10BAC00002230A468DE83200039031463846FEF7DD
:10BAD000C1F8002004B0BDE8F0812DE9FF41074620
:10BAE0000C4615461E460020012103230A468DE818
:10BAF0003200039031463846FEF7ACF8002004B01F
:10BB0000BDE8F0812DE9FF4107460C4615461E466B
:10BB100000200121032302468DE8320003903146C4
:10BB20003846FEF797F8002004B0BDE8F0812DE913
:10BB3000FF4107460C4615461E460021A8B20122C9
:10BB40001346CDE90024CDE9020131463846FEF71F
:10BB500081F8002004B0BDE8F0812DE9FF410746DF
:10BB60000C4615461E460021A8B201221346CDE917
:10BB70000024CDE902010A4631463846FEF76AF84C
:10BB8000002004B0BDE8F0812DE9FE4F04460D46CB
:10BB900016461F46DDE90D9ADDF830803B463246F9
:10BBA000294620468DE80007FEF721F80020BDE871
:10BBB000FE8F70B504460D4629462046FEF737F83D
:10BBC000002070BD0246002100BF0AE002F254705E
:10BBD00030F8210000F4004008B908467047481CBE
:10BBE000C1B21029F2D34FF6FF70F7E770B50646E1
:10BBF0000D463046FFF7E6FF04464FF6FF708442DD
:10BC000007D045F4004104F00F0206F2547040F8EA
:10BC10002210E0B270BD0246102909D202F254701F
:10BC200030F82100C0F30E0302F2547040F82130C6
:10BC30000020704710B504460B46D4F84C07C26983
:10BC4000002113E002F1900050F8210000799842A1
:10BC50000AD102F1900050F82100C3784FF4C0607F
:10BC600040EA0340084310BD481CC1B2B2F8EE00E0
:10BC70008842E7DC00211AE002F1A00050F8210020
:10BC80004079984206D002F1A00050F82100807956
:10BC900098420AD102F1A00050F82100C3784FF475
:10BCA000806040EA03400843DDE7481CC1B2B2F8B7
:10BCB000F2008842E0DC002113E002F1B00050F80D
:10BCC0002100407998420AD102F1B00050F82100D9
:10BCD000C3784FF4A06040EA03400843C3E7481C20
:10BCE000C1B2B2F8F0008842E7DC002113E002F1B3
:10BCF000800050F82100C07998420AD102F18000FA
:10BD000050F82100C3784FF4407040EA03400843E4
:10BD1000A9E7481CC1B2B2F8EC008842E7DC002079
:10BD2000A1E72DE9F05F81464FF0000AD346D9F82C
:10BD30004C07C469002620E004F1700050F826008A
:10BD4000017904F1700050F82600407941EA0020A2
:10BD500040F2012188420ED104F1700050F8260013
:10BD600090F803A004F1700050F82600C17940F269
:10BD70005110015505E0701CC6B2B4F8EA00B0429B
:10BD8000DADC00BF00BF51464846FFF753FF0546C7
:10BD900015B90220BDE8F09FEFB2C5F30728C5F33F
:10BDA000074AB8F1030F14D0B8F1040F09D0B8F165
:10BDB000050F0AD0B8F1060F0FD140F24F1007550A
:10BDC0000EE040F24D1007550AE04FF4A7700755FA
:10BDD00006E04FF4A870075502E04FF0020B00BFD9
:10BDE00000BFB8F1030F01D0002DCCD15846D1E7E8
:10BDF0002DE9F05F81464FF0000AD346D9F84C0791
:10BE0000C469002720E004F1700050F82700017990
:10BE100004F1700050F82700407941EA002040F218
:10BE2000011188420ED104F1700050F8270090F8FB
:10BE300003A004F1700050F82700C17940F2091006
:10BE4000015505E0781CC7B2B4F8EA00B842DADC64
:10BE500000BF00250CE004F1C00050F83500C078A8
:10BE6000504503D14FF48270055505E0681CC5B2FA
:10BE7000B4F8E800A842EEDC00BF00BF51464846D7
:10BE8000FFF7D8FE064616B90220BDE8F09FF5B2CE
:10BE9000C6F30728C6F3074AB8F1030F14D0B8F168
:10BEA000040F09D0B8F1050F0AD0B8F1060F25D15B
:10BEB00040F20710055524E040F20510055520E03A
:10BEC0004FF4837005551CE04FF484700555042D24
:10BED00011D204F1800050F82500017904F18000AE
:10BEE00050F82500407941EA002040F203118842D1
:10BEF00003D00020C9E74FF0020B02E04FF0020B25
:10BF000000BF00BFB8F1030F01D0002EB6D15846D4
:10BF1000BBE710B50346012942D1907807283DD2EE
:10BF2000DFE800F03C04061031261B001A6036E002
:10BF300033F87E4F1888401C23F87E09181D40F8FE
:10BF400024202CE033F8804F1888401C23F8800907
:10BF500003F1140040F8242021E033F8824F1888C0
:10BF6000401C23F8820903F1240040F8242016E045
:10BF700033F8844F1888401C23F8840903F14400E7
:10BF800040F824200BE033F8864F1888401C23F833
:10BF9000860903F1340040F8242000E000BF1CE0D3
:10BFA00002291AD19078012802D0022813D106E084
:10BFB000B3F87C4003F1540040F834200CE033F82F
:10BFC0007C4F1888401C23F87C0903F1540000EBD7
:10BFD000C400426000E000BF00BF002010BD2DE99A
:10BFE000F84F04464FF0000A0027B846D4F84C0733
:10BFF000C66904F11C05092000900021A6F8EE1086
:10C00000A6F8EA10A6F8EC10A6F8E8103FE069469A
:10C010002846FFF72AFB05466878042802D0242822
:10C0200033D10AE095F8028095F803904A464146DC
:10C030002046FEF7A6FE074628E094F83C0540455A
:10C0400022DBFF2F01D00A2F10D300BFF0A007F092
:10C050004FFBD4F84C070168F0A007F049FBFCA0A7
:10C0600007F046FB00BF4FF0020A0DE007EBC700E8
:10C0700000EB071204F2425000EB420081792A469D
:10C0800006F16C00FFF745FF00E000BF00BFB4F809
:10C090003A05BDF800108842B9DC5046BDE8F88F7B
:10C0A0002DE9F04105460227D5F84C07C669FF2364
:10C0B000012211462846FEF73CFE0446FF2C01D023
:10C0C0000A2C02D30220BDE8F081002459E004EBE1
:10C0D000C40000EB041105F2425000EB410040792E
:10C0E00003284CD104EBC40000EB041105F24250CC
:10C0F00000EB4100C089E8B304EBC40000EB04117D
:10C1000005F2425000EB4100007B00F080008028E7
:10C1100035D104EBC40000EB041105F2425000EBF2
:10C120004100007B86F8840104EBC40000EB04119D
:10C1300005F2425000EB4100C1894FF4C3708153B6
:10C1400004EBC40000EB041105F2425000EB410087
:10C1500081784FF4C470815504EBC40000EB0411E6
:10C1600005F2425000EB4100017C40F28B108155FA
:10C17000012100E003E0801E8155002703E0601CE0
:10C18000C4B20A2CA3D300BF38469CE7F0B50146E1
:10C190000220D1F84C57EC690023002288E002EB22
:10C1A000C20505EB021601F2425505EB46056D7915
:10C1B000012D7BD102EBC20505EB021601F24255BF
:10C1C00005EB4605AD79022D70D102EBC20505EBFA
:10C1D000021601F2425505EB46052D7B05F0800560
:10C1E000002D63D102EBC20505EB021601F24255A8
:10C1F00005EB4605ED89002D58D002EBC20505EB95
:10C20000021601F2425505EB46052E7B03EB830730
:10C2100004F1380505F8176002EBC20505EB0216BC
:10C2200001F2425505EB4605EE8903EB830704F165
:10C23000380505EB47056E8002EBC20505EB0216DB
:10C2400001F2425505EB4605AE7803EB830704F196
:10C25000380505EB47056E7102EBC20505EB0216CA
:10C2600001F2425505EB4605EE7803EB830704F136
:10C27000380505EB47052E7102EBC20505EB0216EA
:10C2800001F2425505EB46052E7C03EB830704F1D2
:10C29000380505EB47052E81012603EB830704F1E2
:10C2A000380505EB4705AE715D1CEBB2551CEAB2D3
:10C2B0000A2AFFF474AF03B10020F0BDF0B50146C7
:10C2C0000220D1F84C57EC690023002282E002EBF7
:10C2D000C20505EB021601F2425505EB46056D79E4
:10C2E000012D75D102EBC20505EB021601F2425594
:10C2F00005EB4605AD79022D6AD102EBC20505EBCF
:10C30000021601F2425505EB46052D7B05F080052E
:10C31000002D5DD002EBC20505EB021601F242557D
:10C3200005EB4605ED89002D52D002EBC20505EB69
:10C33000021601F2425505EB46052E7B03EB8307FF
:10C34000A51D05F8176002EBC20505EB021601F208
:10C35000425505EB4605EE8903EB8307A51D05EB6A
:10C3600047056E8002EBC20505EB021601F242554D
:10C3700005EB4605AE7803EB8307A51D05EB4705E6
:10C380006E7102EBC20505EB021601F2425505EB98
:10C390004605EE7803EB8307A51D05EB47052E71D7
:10C3A00002EBC20505EB021601F2425505EB46050C
:10C3B0002E7C03EB8307A51D05EB47052E81012687
:10C3C00003EB8307A51D05EB4705AE715D1CEBB2C2
:10C3D000551CEAB20A2AFFF47AAF03B10020F0BD7F
:10C3E0002DE9FE4F06464FF0000AD34600230122F6
:10C3F00011463046FEF79DFC8146B9F1FF0F34D15E
:10C4000000BF03A007F074F9D6F84C07016821E0DB
:10C410004445425547203A200000000043616E6EBB
:10C420006F742046696E6420746865206175646964
:10C430006F20696E7465726661636520696E6465FC
:10C440007820666F7220257320636C6173732E00F1
:10C450000A000000FAA007F04BF9AFF20C0007F059
:10C4600047F900BF0220BDE8FE8F4FF4D27007F0FD
:10C4700072F8D6F84C17C861D6F84C07C46974B97D
:10C4800000BFAFF2740007F033F9F7A007F030F9FE
:10C49000AFF2440007F02CF900BF0220E3E74FF4AD
:10C4A000D271204607F027FB3046FFF707FF804692
:10C4B0003046FFF76BFE0746B8F1020F13D1022F8B
:10C4C00011D100BFAFF2B80007F012F9D6F84C074F
:10C4D0000168EFA007F00CF9AFF28C0007F008F943
:10C4E00000BF0220BFE7002590E005EB850104F1C5
:10C4F000380000EB4100807901283FD105EB850130
:10C5000004F1380000EB41004088504536DD05EB72
:10C51000850104F1380000EB4100B0F802A005EB02
:10C52000850104F1380000EB41004179F820015504
:10C5300005EB850104F1380000EB41000179F92099
:10C54000015505EB850104F1380010F8110084F85D
:10C55000F40005EB850104F1380000EB410041884F
:10C56000F620015305EB850104F1380000EB410092
:10C57000017AFC2001550121FA20015505EB8501C6
:10C58000A01D00EB4100807901283DD105EB85011C
:10C59000A01D00EB41004088584535DD05EB8501C5
:10C5A000A01D00EB4100B0F802B005EB8501A01D15
:10C5B00000EB410041794FF4A070015505EB850176
:10C5C000A01D00EB4100017940F24110015505EB3F
:10C5D0008501A01D10F8110084F83C0105EB8501D0
:10C5E000A01D00EB410041884FF49F70015305EB03
:10C5F000850104F1380000EB4100017A4FF4A2708C
:10C6000001550121801E0155681CC5B2052DFFF49E
:10C610006CAF3046FFF744FD18B9012140F2891094
:10C6200001553046FFF7DBFCFA20005D012820D1E0
:10C630003046FFF7DDFB94F8F4103046FFF7D6FAEA
:10C64000FB210855F620005B012296F81D15CDE967
:10C650000012029096F81C3594F8F420FB20015D3E
:10C660003046FFF791FAFB20015D00223046FDF7CE
:10C6700029FB4FF4A170005D012823D13046FFF75C
:10C6800050FB94F83C113046FFF7B0FA40F24311EA
:10C690000855481F005B012296F81D15CDE90012D0
:10C6A000029096F81C3594F83C2140F24310015D4D
:10C6B0003046FFF769FA40F24310015D0022304630
:10C6C000FDF700FB40F28910005D012820D194F8AD
:10C6D00084113046FFF78AFA4FF4C5710855081FD8
:10C6E000005B032296F81D15CDE90012029096F822
:10C6F0001C3594F884214FF4C570015D3046FFF776
:10C7000043FA4FF4C570015D00223046FDF7DAFAB6
:10C7100001202070E0700020A5E670B50546D5F830
:10C720004C07C46940F24310005D78B140F24310F9
:10C73000015D2846FFF73DFA40F24310015D2846AF
:10C74000FFF769FA002140F243100155FB20005D1C
:10C7500060B1FB20015D2846FFF72BFAFB20015D4D
:10C760002846FFF758FA0021FB2001554FF4C57009
:10C77000005D78B14FF4C570015D2846FFF719FAE6
:10C780004FF4C570015D2846FFF745FA00214FF4CC
:10C79000C5700155D5F84C07C06940B1D5F84C17A4
:10C7A000C86906F007FF0020D5F84C17C8610020C3
:10C7B00070BD2DE9FE4F0446884691469A460020FA
:10C7C00002900190834600260027D4F84C07C569E3
:10C7D00000200090B8F1020F06D0B8F1030F22D06C
:10C7E000B8F1060F69D10EE0286FC678002747EA36
:10C7F000062001904FF4807002900020A5F890016F
:10C800004FF0010B5CE005F1900050F82900C6786C
:10C81000002747EA062001900C9840EA0A2002907F
:10C82000DDF834B04CE080204059C678002747EA54
:10C83000062001904FF4807002904FF0010B3FE012
:10C8400043616E6E6F742046696E64207468652063
:10C85000696E7465726661636520666F7220257308
:10C8600020636C6173732E0043616E6E6F74206180
:10C870006C6C6F63617465206D656D6F7279206695
:10C880006F7220415544494F2048616E646C6500C9
:10C89000257320636C61737320636F6E66696775BF
:10C8A000726174696F6E206E6F7420737570706F33
:10C8B000727465642E000000FFE70220009000BF44
:10C8C00000BF009810B10098BDE8FE8FA12121742F
:10C8D00084216174029961820199A182A4F816B041
:10C8E0005A4605F5C8712046FEF79FFDECE72DE995
:10C8F000FE4F0446884691469A46002002900190D9
:10C90000834600260027D4F84C07C5690020009014
:10C91000B8F1020F06D0B8F1030F22D0B8F1060F1C
:10C920002CD10EE0286FC678002747EA0620019038
:10C930004FF4807002900020A5F890014FF0010B99
:10C940001FE005F1900050F82900C678002747EA5B
:10C95000062001900C9840EA0A200290DDF834B0DD
:10C960000FE080204059C678002747EA0620019052
:10C970004FF4807002904FF0010B02E00220009013
:10C9800000BF00BF009810B10098BDE8FE8FA12144
:10C99000217483216174029961820199A182A4F8B2
:10C9A00016B05A4605F5C8712046FEF73EFDECE785
:10C9B0002DE9FE4F0446884691469A460020029093
:10C9C0000190834600260027D4F84C07C569002053
:10C9D0000090B8F1020F06D0B8F1030F22D0B8F1E1
:10C9E000060F2CD10EE0286FC678002747EA0620F4
:10C9F00001904FF4807002900020A5F890014FF054
:10CA0000010B1FE005F1900050F82900C6780027BF
:10CA100047EA062001900C9840EA0A200290DDF8CF
:10CA200034B00FE080204059C678002747EA06203E
:10CA300001904FF4807002904FF0010B02E0022051
:10CA4000009000BF00BF009810B10098BDE8FE8FB5
:10CA5000A121217482216174029961820199A182CC
:10CA6000A4F816B05A4605F5C8712046FEF7DDFC5D
:10CA7000ECE72DE9FE4F0446884691469A46002091
:10CA800002900190834600260027D4F84C07C56920
:10CA900000200090B8F1020F06D0B8F1030F22D0A9
:10CAA000B8F1060F2CD10EE0286FC678002747EAB0
:10CAB000062001904FF4807002900020A5F89001AC
:10CAC0004FF0010B1FE005F1900050F82900C678E7
:10CAD000002747EA062001900C9840EA0A200290BD
:10CAE000DDF834B00FE080204059C678002747EACF
:10CAF000062001904FF4807002904FF0010B02E08D
:10CB00000220009000BF00BF009810B10098BDE85F
:10CB1000FE8FA121217481216174029961820199A2
:10CB2000A182A4F816B05A4605F5C8712046FEF752
:10CB30007CFCECE72DE9FC5F804689461646D8F878
:10CB40004C07C4694FF0010B01276078001F0528CE
:10CB50007DD2DFE800F01F3B03607D00022003462A
:10CB60004A460621CDE900604046FFF782FF0746AE
:10CB7000012F0ED004206070B4F890014FF4C971F9
:10CB8000095B4FF6FF7202EA012140EA0105C4F891
:10CB9000345161E0022003464A460621CDE9006097
:10CBA0004046FFF705FF0746012F0ED005206070B5
:10CBB000B4F890014FF4C971095B4FF6FF7202EAB5
:10CBC000012140EA0105C4F82C5145E0022003464A
:10CBD0004A460621CDE900604046FFF788FE074639
:10CBE000012F17D007206070B4F890014FF4C9717D
:10CBF000095B4FF6FF7202EA012140EA0105C4F821
:10CC0000305104F5967003C8814203D24FF47F413E
:10CC1000C4F8301120E0022003464A460621CDE93F
:10CC200000604046FFF7C5FD0746012F0ED00820E3
:10CC30006070B4F890014FF4C971095B4FF6FF7250
:10CC400002EA012140EA010AC4F838A104E002E046
:10CC50004FF0000B00E000BF00BF5846BDE8FC9F4E
:10CC60002DE9F041054601260127D5F84C07C46996
:10CC700094F8A12194F8A0112846FFF75BFF07461E
:10CC8000012F1FD094F8A101012809D140F207100B
:10CC9000005D84F8A001002084F8A101002604E0D2
:10CCA00094F8A101401E84F8A101062060700220C2
:10CCB000C5F8B00700231A4605F5F661D5F8A807B0
:10CCC000FBF7C6FE3046BDE8F0812DE9F041054690
:10CCD000D5F84C07C469012701262078082870D2AE
:10CCE000DFE800F0E804D4053477A77000BF4FF404
:10CCF000A170005D01281BD14FF4A070015D0022DE
:10CD00002846FEF737FE064616B9042020701CE0C0
:10CD1000032E1AD100BFFEA006F0EAFCFEA006F02A
:10CD2000E7FCAFF6D40006F0E3FC00BF02270CE0FE
:10CD3000042020700220C5F8B00700231A4605F52C
:10CD4000F661D5F8A807FBF783FEB4E0FA20005D92
:10CD5000012826D1F820015D00222846FEF70AFEB0
:10CD6000064676B9072020700620607040F2071052
:10CD7000005D84F8A00140F20910005D84F8A10173
:10CD80001EE0032E1CD100BFE1A006F0B1FCE2A022
:10CD900006F0AEFCAFF6481006F0AAFC00BF022772
:10CDA0000EE007202070062060700220C5F8B00752
:10CDB00000231A4605F5F661D5F8A807FBF748FEEB
:10CDC00079E077E02846FFF74BFF08B9052020708F
:10CDD00071E04FF4A170005D01281CD140F24110B8
:10CDE000025D401E015D2846FEF7C4FD064616B9E9
:10CDF000062020701CE0032E1AD100BFC4A006F04C
:10CE000077FCC5A006F074FCAFF6BC1006F070FC11
:10CE100000BF02270CE0062020700220C5F8B007F2
:10CE200000231A4605F5F661D5F8A807FBF710FEB2
:10CE300041E0FA20005D01281BD1F920025DF820B5
:10CE4000015D2846FEF796FD064616B902202070C1
:10CE50001BE0032E19D100BFADA006F049FCAEA027
:10CE600006F046FCAFF6182006F042FC00BF022791
:10CE70000BE002202070C5F8B00700231A4605F524
:10CE8000F661D5F8A807FBF7E3FD14E00120A070D8
:10CE900002212846D5F8A427904700270420C5F88A
:10CEA000B00700231A4605F5F661D5F8A807FBF789
:10CEB000CFFD00E000BF00BF3846BDE8F08101466D
:10CEC0000120704770472DE9FE4F04468846914681
:10CED0009A460020029001908346D4F84C07C76917
:10CEE00000200090B8F1020F03D0B8F1060F1FD157
:10CEF0000EE0386FC578002646EA052001904FF411
:10CF0000807002900020A7F890014FF0010B12E012
:10CF100007F1900050F82900C578002646EA052060
:10CF200001900C9840EA0A200290DDF834B002E04B
:10CF30000220009000BF00BF009810B10098BDE82B
:10CF4000FE8F21212174012161740299618201996E
:10CF5000A182A4F816B05A4607F5C8712046FEF71C
:10CF600064FAECE72DE9FC4704460D4616461F46D9
:10CF70004FF00108D4F84C07D0F81C90A9F8907134
:10CF8000022003462A460621CDE900602046FFF72D
:10CF90009AFF80464046BDE8FC872DE9F0410546F2
:10CFA0000E460127D5F84C07C469012E02D0022E87
:10CFB00010D107E0D4F83411D4F838010144C4F892
:10CFC000341109E0D4F83411D4F83801091AC4F83E
:10CFD000341101E0022700BF00BF04F5987003C8B8
:10CFE000814203D9D4F83011C4F83411D4F8341183
:10CFF000D4F82C01814203D2D4F82C11C4F8341196
:10D00000B4F8340183B294F8A12194F8A011284611
:10D01000FFF7A8FF012816D094F8A10101280BD131
:10D0200040F20710005D84F8A00140F20910005D95
:10D0300084F8A101002704E094F8A101401E84F8BF
:10D04000A101062060703846BDE8F0812DE9F0416D
:10D0500005460126D5F84C07C4690027E078062864
:10D0600078D2DFE800F08D03238E7B84D5F8940717
:10D0700000F00100C8B9D5F894174FF4C6700151FB
:10D08000801E035D001F025D04F5C8712846FEF78F
:10D0900024FD40F20710005D84F8A00140F2091061
:10D0A000005D84F8A1010220E0706BE04FF4C570D0
:10D0B000015D2846FCF7EEFD012811D1B4F890017E
:10D0C0004FF4C971095B4FF6FF7202EA012140EA91
:10D0D0000107F9B22846FFF760FF012800D151E0AF
:10D0E000D5F894174FF4C6700059091A40F28B1006
:10D0F000005D814231D3D5F894174FF4C6700151C9
:10D10000801E035D001F025D04F5C871284622E001
:10D110004552524F523A2000436F6E74726F6C202A
:10D120006572726F723A20415544494F3A20446506
:10D13000766963652053657420696E7465726661F3
:10D1400063652072657175657374206661696C65CD
:10D150006400000014E0FEF7C0FC13E00121284643
:10D16000FFF71BFF10B90120E07000260AE0022142
:10D170002846FFF712FF10B90120E070002601E0F9
:10D1800000BF00BF00BF3046BDE8F08170B5054666
:10D190000126D5F84C07C4692079012802D002285D
:10D1A0007ED136E0D5F8940700F0010010BBD5F829
:10D1B00094174FF48070015102202071FB20035D11
:10D1C0004FF49070025B4FF4887001592846FEF7C7
:10D1D000C4FC4FF49070015B4FF48C7001514FF41C
:10D1E0009070015B001F01514FF488700159001DC0
:10D1F00001510DE00120FBF71AF80420C5F8B00733
:10D2000000231A4605F5F661D5F8A807FBF720FCC0
:10D210005AE0FB20015D2846FCF73CFD012850D177
:10D22000D5F8941700020059091AFC20005D8142CC
:10D2300047D3D5F894174FF48070015140F289100C
:10D24000005D012802D12846FFF700FF4FF48E70E1
:10D2500001594FF492700059814228D8FB20035D98
:10D260004FF49070025B4FF48A7001592846FEF724
:10D2700074FC4FF48A7001594FF49070005B0144C4
:10D280004FF48A700151001D01594FF49070005BFA
:10D2900001444FF48C700151001D0159001D00E044
:10D2A00010E0005B01444FF48E70015109E04FF033
:10D2B000FF314FF48C7001510520A0702846FFF714
:10D2C00001FE01E0022600BF00BF304670BD70477E
:10D2D0002DE9F04704460D4616464FF48078A946DE
:10D2E00003272221217401216174A4F81280A4F87B
:10D2F0001490E7823A4631462046FEF796F8BDE89C
:10D30000F0872DE9F04105460126D5F84C07C469A0
:10D31000A078062856D2DFE800F05503331E5043AC
:10D320004FF48270015D04F1C00000EBC100406861
:10D33000C07910B90320A07001E00220A070022083
:10D34000C5F8B00700231A4605F5F661D5F8A80719
:10D35000FBF77EFB37E04FF48270015D04F1C00003
:10D3600000EBC100406800F1080794F8F4103A4659
:10D370002846FFF7ADFF06460EB90520A07022E053
:10D3800004F5867794F8F4103A462846FFF7A0FF94
:10D39000064626B90520A0702846FFF798FF12E040
:10D3A00000260420C5F8B00700231A4605F5F661EB
:10D3B000D5F8A807FBF74CFB05E02846FFF7E6FE8B
:10D3C000002600E000BF00BF3046BDE8F08170B528
:10D3D00004460126D4F84C07C569FA20405D0128AF
:10D3E00002D12046FFF78DFF4FF4A170405D012868
:10D3F00002D12046FFF763FD304670BD0146002094
:10D4000070472DE9FE4F07460D469046994601208C
:10D4100002900020019038780B287DD1D7F84C0776
:10D42000C469A0780528F8D14FF48270015D04F139
:10D43000C00000EBC1004068C079E0BB4FF48270CF
:10D44000015D04F1C00000EBC1004068017A4FF4B7
:10D450008270025D04F1C00000EBC2004068407AB7
:10D4600041EA00214FF48270025D04F1C00000EB3C
:10D47000C2004068807A41EA004A4FF48270015D40
:10D4800004F1C00000EBC1004068C17A4FF4827023
:10D49000025D04F1C00000EBC2004068007B41EA7D
:10D4A00000214FF48270025D04F1C00000EBC20065
:10D4B0004068407B00E008E041EA004B55454CD312
:10D4C0005D454AD80120019047E04FF48270015D2C
:10D4D00004F1C00000EBC100406800780838032167
:10D4E000B0FBF1F0C0B20090002632E04FF4827041
:10D4F000015D04F1C00000EBC1004068083006EB9C
:10D500004601415C4FF48270025D04F1C00000EB03
:10D51000C2004068083000E042E006EB46021044DA
:10D52000407841EA00214FF48270025D04F1C000AE
:10D5300000EBC2004068083006EB460210448078D9
:10D5400041EA0040A84202D10120019004E0701C91
:10D55000C6B200988642C9DB00BF0198012813D1EA
:10D560004FF48670055105FB09F000FB08F04FF4FD
:10D57000FA51B0FBF1F081B24FF4907001530220E8
:10D58000A070002002900BE000BFAFF27C4006F0DC
:10D59000AFF854A006F0ACF85EA006F0A9F800BF02
:10D5A0000298BDE8FE8F2DE9F04105460E4617466C
:10D5B0004FF0020828780B281DD1D5F84C07C46914
:10D5C000A078052817D14FF4887006514FF4927057
:10D5D00007510420A0700120E07020714FF0000876
:10D5E0000420C5F8B00700231A4605F5F661D5F802
:10D5F000A807FBF72DFA4046BDE8F081024602205D
:10D6000013780B2B0AD1D2F84C37D9698B78042BBD
:10D6100004D10323CB7005238B700020704730B5F5
:10D62000044602252046FFF7E9FF0546284630BD9F
:10D630000246022013780B2B09D1D2F84C37D96956
:10D640008B78052B03D10123CB7004238B7070479B
:10D65000014608780B2809D1D1F84C07C2699078A7
:10D66000042803D14FF48C70805870474FF0FF307E
:10D67000FBE730B503460A4602201C780B2C16D176
:10D68000D3F84C47E1698C78042C10D14FF488749E
:10D69000645894420BD84FF48A746250241F645823
:10D6A000944203D100254FF48C746550002030BDA6
:10D6B0000246D2F84C07C369012901D002290FD1D3
:10D6C00010780B280CD1D2F84C07C369987804283D
:10D6D00006D1012900D100E00520D8700020704754
:10D6E0000220FCE753616D706C6520526174652007
:10D6F0006E6F7420737570706F72746564206279D8
:10D700002074686520417564696F2044657669639B
:10D71000650000000A000000FEB505460123022254
:10D7200011462846FDF705FB0646FF2E01D00A2EBE
:10D730000FD300BFEBA005F0DBFFD5F84C07016865
:10D74000EBA005F0D5FFFAA005F0D2FF00BF022044
:10D75000FEBD31462846FDF78EFA07460FB102207E
:10D76000F6E7502005F0F7FED5F84C17C861D5F85C
:10D770004C07C46964B900BFDAA005F0B9FFEDA099
:10D7800005F0B6FFEAA005F0B3FF00BF0220DFE717
:10D790005021204606F0AFF906EBC60000EB06115B
:10D7A00005F2425000EB4100007B00F0800098B190
:10D7B00006EBC60000EB061105F2425000EB4100FB
:10D7C000007B607006EBC60000EB061105F24250CC
:10D7D00000EB4100C089608161782846FEF706FAB7
:10D7E00020706089032295F81D15CDE90012029082
:10D7F00095F81C35627821782846FEF7C5F921781E
:10D8000000222846FCF75EFA00231A460A21284621
:10D81000FDF78FFA0646FF2E01D00A2E0FD300BF68
:10D82000B0A005F065FFD5F84C070168CBA005F066
:10D830005FFFBFA005F05CFF00BF022088E706EB9A
:10D84000C60000EB061105F2425000EB4100007BE0
:10D8500000F08000A0B106EBC60000EB061105F257
:10D86000425000EB4100017BE17306EBC60000EB88
:10D87000061105F2425000EB4100C189618313E0BB
:10D8800006EBC60000EB061105F2425000EB41002A
:10D89000017BA17306EBC60000EB061105F24250B6
:10D8A00000EB4100C189218306EBC60000EB0611A5
:10D8B00005F2425000EB4100007D00F08000A0B175
:10D8C00006EBC60000EB061105F2425000EB4100EA
:10D8D000017DE17306EBC60000EB061105F2425034
:10D8E00000EB4100C18A618313E006EBC60000EB48
:10D8F000061105F2425000EB4100017DA17306EBD9
:10D90000C60000EB061105F2425000EB4100C18A4F
:10D910002183A17B2846FEF769F96073E17B2846E5
:10D92000FEF764F92073208B022295F81D15CDE9CE
:10D930000012029095F81C35A27B617B2846FEF709
:10D9400023F9608B022295F81D15CDE90012029093
:10D9500095F81C35E27B217B2846FEF715F900205F
:10D9600084F84C00617B00222846FCF7ABF9217B50
:10D9700000222846FCF7A6F90020E9E670B5054626
:10D98000D5F84C07C469207848B121782846FEF7BD
:10D9900010F921782846FEF73EF900202070207B00
:10D9A00048B1217B2846FEF704F9217B2846FEF783
:10D9B00032F900202073607B48B1617B2846FEF776
:10D9C000F8F8617B2846FEF726F900216173D5F847
:10D9D0004C07C06940B1D5F84C17C86905F0EAFD9D
:10D9E0000020D5F84C17C861002070BD70B5044602
:10D9F0000D46A12121742121617400216182A1823F
:10DA00000721E182072229462046FDF70EFD70BD61
:10DA100070B50446D4F84C07C66906F140012046AB
:10DA2000FFF7E4FF05462DB902212046D4F8A427CC
:10DA300090470CE0032D0AD100BF55A005F058FE19
:10DA400055A005F055FE3AA005F052FE00BF28464D
:10DA500070BD70472DE9F0410646D6F84C07C46901
:10DA6000002794F84E00032802D0042838D109E09A
:10DA7000237B628B3046216AFEF71AF8042084F873
:10DA80004E00AAE0217B3046FCF704F90746012F3F
:10DA900025D1217B3046FCF7A1F80546A16A481B39
:10DAA0000CD0608BA84209D1A06A401BA062206AFA
:10DAB00028442062032084F84E0005E0002084F80A
:10DAC0004E003046FFF7C5FF0420C6F8B00700231C
:10DAD0001A4606F5F661D6F8A807FAF7B9FF7CE012
:10DAE0007AE000004445425547203A2000000000FB
:10DAF00043616E6E6F742046696E642074686520A1
:10DB0000696E7465726661636520666F7220436F2B
:10DB10006D6D756E69636174696F6E20496E7465B1
:10DB2000726661636520436C6173732E00000000B0
:10DB30000A00000043616E6E6F7420616C6C6F634D
:10DB4000617465206D656D6F727920666F72204318
:10DB500044432048616E646C6500000043616E6E52
:10DB60006F742046696E642074686520696E746500
:10DB7000726661636520666F72204461746120493A
:10DB80006E7465726661636520436C6173732E0009
:10DB90004552524F523A2000436F6E74726F6C20A0
:10DBA0006572726F723A204344433A204465766945
:10DBB000636520476574204C696E6520436F646916
:10DBC0006E6720636F6E66696775726174696F6EE8
:10DBD000206661696C65640000BF00BFBDE8F0812C
:10DBE0007047F8B50546D5F84C07C469002694F887
:10DBF0004D00012802D0022859D119E0208B616A1A
:10DC0000814208D901200090637B228B2846E1697C
:10DC1000FDF734FF08E001200090637BA08C82B206
:10DC20002846E169FDF72AFF022084F84D003FE015
:10DC3000617B2846FCF72EF80646012E26D1208B64
:10DC4000616A814208D9208B616A081A6062208B60
:10DC5000E1690844E06101E000206062606A18B197
:10DC6000012084F84D0005E0002084F84D0028468E
:10DC7000FFF7B6FF0420C5F8B00700231A4605F5E4
:10DC8000F661D5F8A807FAF7E3FE0FE0022E0DD1F2
:10DC9000012084F84D000420C5F8B00700231A467F
:10DCA00005F5F661D5F8A807FAF7D2FE00E000BF47
:10DCB00000BFF8BD704770B504460D4621212174A0
:10DCC0002021617400216182A1820721E182072263
:10DCD00029462046FDF7A9FB70BD2DE9F041064617
:10DCE00001270025D6F84C07C46994F84C00052894
:10DCF00052D2DFE800F003051540470000274CE052
:10DD00003046A16CFFF7D7FF05461DB9022084F805
:10DD10004C0004E0012D02D0042084F84C003CE0CB
:10DD200004F140013046FFF761FE0546EDB90020E1
:10DD300084F84C004420005DA16C0979884219D117
:10DD40004620005DA16C8979884213D14520005D91
:10DD5000A16C497988420DD1A16C206C0968884278
:10DD600008D13046FFF7A6FF04E0012D02D00420C1
:10DD700084F84C0011E03046FFF733FF3046FFF7E0
:10DD800069FE0AE000213046FDF71DFE054615B983
:10DD9000002084F84C0000E000BF00BF3846BDE81A
:10DDA000F08101460020704770B50546D5F84C0754
:10DDB000C46928780B280ED1002084F84C00217803
:10DDC0002846FDF7F6FE217B2846FDF7F2FE617B33
:10DDD0002846FDF7EEFE002070BD70B504460D46E6
:10DDE000D4F84C07C66920780B280ED1012086F89C
:10DDF0004C00B5640420C4F8B00700231A4604F5AB
:10DE0000F661D4F8A807FAF723FE002070BD10B51C
:10DE10000246D2F84C07C36910780B2802D010785C
:10DE2000062805D1D3E91004C1E90004002010BD83
:10DE30000220FCE770B50546D5F84C07C66928787E
:10DE40000B2805D1317B2846FBF7C8FE044600E0CD
:10DE50000024A0B270BD2DE9F04105460E461746DC
:10DE60004FF00108D5F84C07C46994F84C0018B17C
:10DE700094F84C00032814D1E6616762032084F80B
:10DE80004C00012084F84D004FF000080420C5F834
:10DE9000B00700231A4605F5F661D5F8A807FAF78A
:10DEA000D7FD4046BDE8F0812DE9F04105460E461C
:10DEB00017464FF00108D5F84C07C46994F84C0098
:10DEC00018B194F84C00032813D12662A7620320EE
:10DED00084F84C0084F84E004FF000080420C5F888
:10DEE000B00700231A4605F5F661D5F8A807FAF73A
:10DEF000AFFD4046BDE8F0812DE9FE4F0546002705
:10DF0000D5F84C070179FF2301222846FCF711FFC1
:10DF10000646FF2E01D00A2E10D300BFF0A005F058
:10DF2000E7FBD5F84C070168F0A005F0E1FBF9A08C
:10DF300005F0DEFB00BF0220BDE8FE8F314628461B
:10DF4000FCF799FE8146B9F1000F01D00220F3E7FA
:10DF5000342005F000FBD5F84C17C861D5F84C0704
:10DF6000C46964B900BFDEA005F0C2FBEAA005F0F9
:10DF7000BFFBE8A005F0BCFB00BF0220DCE73421BA
:10DF8000204605F0B8FD0720A07006EBC60000EBA8
:10DF9000061105F2425000EB4100C07901280AD178
:10DFA00000BFE7A005F0A4FBDAA005F0A1FB00BFCD
:10DFB000E94820631FE006EBC60000EB061105F2FE
:10DFC000425000EB4100C07902280AD100BFE3A013
:10DFD00005F08EFBCFA005F08BFB00BFE44820636B
:10DFE00009E000BFE3A005F083FBCAA005F080FBB9
:10DFF00000BF0220A0E70020A070607106EBC60001
:10E0000000EB061105F2425000EB4100007BA076C8
:10E0100006EBC60000EB061105F2425000EB410092
:10E02000C089208306EBC60000EB061105F24250C2
:10E0300000EB4100007CA083A08B0A2801D20A20BB
:10E04000A08306EBC60000EB061105F2425000EB80
:10E0500041000079052809D806EBC60000EB06113F
:10E0600005F2425000EB4100007900E005208246B5
:10E07000002772E006EBC60000EB061105F24250E5
:10E0800000EB41000A3000EBC700807800F0800010
:10E0900080B306EBC60000EB061105F2425000EB20
:10E0A00041000A3000EBC7008078207121792846B2
:10E0B000FDF79CFD607006EBC60000EB061105F253
:10E0C000425000EB41000A3000EBC700B0F804807A
:10E0D000032195F81D058DE8030195F81C3522797B
:10E0E00061782846FDF750FD617800222846FBF74D
:10E0F000E9FD30E0FFE706EBC60000EB061105F294
:10E10000425000EB41000A3000EBC7008078E0701D
:10E11000E1782846FDF76AFD207006EBC60000EBAB
:10E12000061105F2425000EB41000A3000EBC70037
:10E13000B0F80480032195F81D058DE8030195F8DA
:10E140001C35E27821782846FDF71EFD2178002253
:10E150002846FBF7B7FD781CC7B257458ADB00207D
:10E16000EAE670B50546D5F84C07C469607848B151
:10E1700061782846FDF71DFD61782846FDF74BFDC7
:10E1800000206070207848B121782846FDF711FD05
:10E1900021782846FDF73FFD00202070D5F84C0778
:10E1A000C06940B1D5F84C17C86905F003FA0020E2
:10E1B000D5F84C17C861002070BD70B504460D46F7
:10E1C000212121740B21617415B10021618201E0CC
:10E1D000012161820021A182E182002211462046B4
:10E1E000FDF723F970BD70B504460D461646212192
:10E1F00021740A21617446EA052161820021A1820D
:10E20000E182002211462046FDF70FF970BDF8B5F6
:10E2100005460C46B4F5806F0CD900BF5BA005F035
:10E2200067FA5C4805F064FA3AA005F061FA00BFAD
:10E230000320F8BD05F58E734FF4085201212846DE
:10E240000094FDF732F906463046F2E7F8B5054688
:10E250000E463446B178F07841EA0027092F24D9D8
:10E26000092000901CE069462046FDF7FEF90446AF
:10E270006078212814D12078287060786870A1789F
:10E28000E07841EA0020688020792871607968711F
:10E29000A079A871E179207A41EA0020288103E081
:10E2A000BDF80000B842DEDB00BFF8BD2DE9F0414B
:10E2B000064601270125D6F84C07C469607906286F
:10E2C0006AD2DFE800F003B46A04849300BF06F169
:10E2D0001C0104F12600FFF7B9FF02206071A7E0DE
:10E2E0004445425547203A200000000043616E6ECD
:10E2F0006F742046696E642074686520696E746569
:10E30000726661636520666F7220257320636C619D
:10E3100073732E000A00000043616E6E6F742061FB
:10E320006C6C6F63617465206D656D6F72792066CA
:10E330006F72204849442048616E646C650000009B
:10E340004B6579426F61726420646576696365200C
:10E35000666F756E6421000049E802084D6F7573A1
:10E36000652064657669636520666F756E6421005B
:10E37000B9E9020850726F746F636F6C206E6F742E
:10E3800020737570706F727465642E004552524F21
:10E39000523A20005844030848E0E18D3046FFF728
:10E3A00036FF054615B9042060710FE0032D0DD12D
:10E3B00000BFAFF2280005F09BF9F8A005F098F92E
:10E3C000AFF2B00005F094F900BF022730E0002260
:10E3D00011463046FFF707FF054615B90520607165
:10E3E00003E0032D01D10520607121E000213046BA
:10E3F000FFF7E3FE054645B9012060710221304672
:10E40000D6F8A427904700270FE0032D0DD100BFB9
:10E41000AFF2880005F06CF9F0A005F069F9AFF2F1
:10E420000C1005F065F900BF022701E000BF00BF36
:10E4300000BF3846BDE8F0817047F0B503460C4692
:10E440002546987A28BB0120987200211FE0988801
:10E45000401CDE88B04206D09888401C1E89B0421D
:10E4600005D1D88818B9002098720846F0BD15F873
:10E47000010B9F881E68F0559888401C98809888EA
:10E480001E89B04201D100209880481C81B291427F
:10E49000DDDB002098721046E8E72DE9F0410446E4
:10E4A0000D4616461F46DDF81880A1212174012172
:10E4B000617446EA052161820021A182A4F81680D8
:10E4C000424639462046FCF7B0FFBDE8F081F8B57A
:10E4D00005460026D5F84C07C469A078072873D2F2
:10E4E000DFE800F00428AAAA635073002846216BD5
:10E4F0008847064616B90120A0700FE000BFAFF2B2
:10E50000741005F0F5F8C3A005F0F2F8AFF2FC10B6
:10E5100005F0EEF800BF0720A07002260220C5F823
:10E52000B00700231A4605F5F661D5F8A807FAF7F3
:10E530008FFA82E0207E0090002201212846636944
:10E54000FFF7ABFF064616B90520A0700EE0012EBE
:10E5500003D10120A070002608E0032E03D105207E
:10E56000A070002602E00720A07002260220C5F855
:10E57000B00700231A4605F5F661D5F8A807FAF7A3
:10E5800067FA5AE0D5F8940700F0010008B10420BA
:10E59000A0700220C5F8B00700231A4605F5F66101
:10E5A000D5F8A807FAF754FA47E06378227E2846A0
:10E5B0006169FDF792FA0620A070D5F894072062F1
:10E5C000002084F8240038E036E061782846FBF724
:10E5D00061FB012822D161782846FBF7FFFA074644
:10E5E00094F8240038BB37B3A06820B3228B04F121
:10E5F00008006169FFF721FF012084F82400284604
:10E60000FFF71AFF0220C5F8B00700231A4605F5E8
:10E61000F661D5F8A807FAF71BFA0CE061782846EE
:10E62000FBF738FB052806D1A17E2846FDF7CBF97C
:10E6300008B90420A07000E000BF00BF3046F8BD5C
:10E6400070B50446D4F84C07C569A878062813D1DC
:10E65000D4F89407296A401AA98B88420CD3042065
:10E66000A8700220C4F8B00700231A4604F5F6612A
:10E67000D4F8A807FAF7ECF9002070BDF8B5054604
:10E680000C46B4F5806F0ED900BFAFF2003005F034
:10E690002FF8664805F02CF8AFF2883005F028F81E
:10E6A00000BF0320F8BD05F58E734FF4045201211D
:10E6B00028460094FCF7F9FE06463046F2E72DE9BD
:10E6C000F04104460D4616461F46DDF8188021210C
:10E6D00021740921617446EA052161820021A18229
:10E6E000A4F81680424639462046FCF79EFEBDE857
:10E6F000F08110B50146FF200B780B2B11D191F85A
:10E70000243503EBC30404EB031401F2425303EB7F
:10E710004403DA79012A01D1022002E0022A00D161
:10E72000012010BD0146D1F84C07C26908780628BF
:10E730000BD00878072808D00878082805D0087872
:10E740000A2802D008780B2801D1107F70470020DA
:10E75000FCE700238380C3808372028101607047DD
:10E7600070B503460C462546987AB0B901209872D8
:10E77000002163E0D8889E88B04259D0DE881868AE
:10E78000805D05F8010BD888401CD880D8881E8988
:10E79000B04251D10020D8804EE051E0436F6E74FA
:10E7A000726F6C206572726F723A204849443A2049
:10E7B00044657669636520476574205265706F72A1
:10E7C000742044657363726970746F72207265712E
:10E7D00075657374206661696C656400436F6E745F
:10E7E000726F6C206572726F723A204849443A2009
:10E7F000446576696365205365742070726F746F29
:10E80000636F6C2072657175657374206661696CE5
:10E810006564000048494420436C61737320496E6D
:10E820006974206661696C65640000001444030823
:10E8300000209872084670BD481C81B2914299DB55
:10E84000002098721046F6E770B50646D6F84C07D9
:10E85000C5690020494948708870C87008714871BE
:10E860008871C8710872002405E0002044490855E9
:10E8700044490855641C082CF7D3288B082801D973
:10E88000082028833F486861502206F58E7105F103
:10E890000800FFF75EFF002070BD70B50646D6F891
:10E8A0004C07C569288B08B1A86808B9022070BD5B
:10E8B0002A8B334905F10800FFF752FF298B884264
:10E8C0003FD10021304800F0F1F82C494870002178
:10E8D0002E4800F0EBF82949887000212C4800F000
:10E8E000E5F82649C87000212A4800F0DFF82349DE
:10E8F00008710021284800F0D9F82049487100210A
:10E90000264800F0D3F81D4988710021244800F002
:10E91000CDF81A49C8710021224800F0C7F81749FC
:10E920000872002409E021461F4800F0BFF8C1B278
:10E93000124809300155601CC4B2062CF3D30020E4
:10E94000B5E70220B3E710B504462046FFF7A5FF60
:10E9500008B90A4810BD0020FCE701468A780AB9C8
:10E960008A792AB14A7A114B9A5C114B985C04E07F
:10E970004A7A0E4B9A5C0F4B985C70471438012012
:10E980002001002018010020F83E0308183F03086A
:10E99000383F0308583F0308783F0308983F0308AF
:10E9A000B83F0308D83F0308F83F03081C41030899
:10E9B0009A4003081840030870B50646D6F84C077D
:10E9C000C5690020314908704870887000212F48BF
:10E9D000C1700171002405E000202D4908552D4922
:10E9E0000855641C082CF7D3288B082801D9082067
:10E9F000288328486861502206F58E7105F10800C9
:10EA0000FFF7A7FE002070BD70B50546D5F84C078E
:10EA1000C469208B08B1A06808B9022070BD228BA0
:10EA20001B4904F10800FFF79BFE218B884221D18E
:10EA30000021194800F03AF81449087000211748DD
:10EA400000F034F8114948700021154800F02EF804
:10EA50000E4988700021134800F028F8C1B20B4815
:10EA6000C1700021104800F021F8C1B207480171BF
:10EA70000020D3E70220D1E710B504462046FFF777
:10EA8000C3FF08B9014810BD0020FCE728010020A1
:10EA90002D01002035010020644203088442030850
:10EAA0000442030824420308444203082DE9F041CC
:10EAB00002460B46002100241668177A507A68B186
:10EAC000507A984202DC0020BDE8F081506800FBDB
:10EAD00003F53D4406EBD50605F00707002405E0E5
:10EAE00030784FEAC40C00FA0CF1641C107900F085
:10EAF000070018B15068C008401C01E05068C00809
:10EB0000A042EDD821FA07F092F804804FF0010CF2
:10EB10000CFA08FCACF1010C00EA0C01D068884248
:10EB200002D81069884201D20020CDE7907AC8B19E
:10EB30001079401E4FF0010C0CFA00F0084088B12B
:10EB400092F80480012000FA08F0401EC04340EA19
:10EB5000010CD069012801D16046B5E7D06900FBFE
:10EB60000CF0B1E7D069012801D10846ACE7D069C3
:10EB70004843A9E72DE9F04303460C461546D3F870
:10EB800000C01F7A5869A04202D89869A04202D2F8
:10EB90000120BDE8F083587A60B1587AA84201DBC1
:10EBA0000020F6E7586800FB05F63E440CEBD60C57
:10EBB00006F00707D869012802D0D869B4FBF0F441
:10EBC00093F80480012000FA08F0421E04EA0200D3
:10EBD00000FA07F4002118E01868405C4FEAC10809
:10EBE00022FA08F820EA08004FEAC10824FA08F8D7
:10EBF0004FEAC10922FA09F908EA090840EA0800BF
:10EC0000D3F8008008F80100491C187900F00700CB
:10EC100018B15868C008401C01E05868C008884214
:10EC2000DAD80020B5E70000FEB50546D5F84C0758
:10EC30000179502306222846FCF77BF80646FF2E72
:10EC400001D00A2E0FD300BFF5A004F051FDD5F876
:10EC50004C070168F5A004F04BFDFEA004F048FD50
:10EC600000BF0220FEBD31462846FCF704F80746E7
:10EC70000FB10220F6E74FF4827004F06CFCD5F877
:10EC80004C17C861D5F84C07C46964B900BFE4A04B
:10EC900004F02EFDF0A004F02BFDEEA004F028FD02
:10ECA00000BF0220DEE74FF48271204604F023FF0C
:10ECB00006EBC60000EB061105F2425000EB4100E6
:10ECC000007B00F08000A0B106EBC60000EB06114F
:10ECD00005F2425000EB4100007BE07106EBC600FC
:10ECE00000EB061105F2425000EB4100C089608143
:10ECF00013E006EBC60000EB061105F2425000EBF4
:10ED00004100007BA07106EBC60000EB061105F286
:10ED1000425000EB4100C089208106EBC60000EBA9
:10ED2000061105F2425000EB4100007D00F080002A
:10ED3000A0B106EBC60000EB061105F2425000EB55
:10ED40004100007DE07106EBC60000EB061105F204
:10ED5000425000EB4100C08A608113E006EBC60020
:10ED600000EB061105F2425000EB4100007DA0715E
:10ED700006EBC60000EB061105F2425000EB410025
:10ED8000C08A2081002020736073A073A179284677
:10ED9000FCF72CFF6071E1792846FCF727FF207112
:10EDA000284600F02FFFA07980B1208970B120891A
:10EDB000022295F81D15CDE90012029095F81C3538
:10EDC000A27961792846FCF7DFFE01E0032049E7DC
:10EDD000E07980B1608970B16089022295F81D15D3
:10EDE000CDE90012029095F81C35E2792179284688
:10EDF000FCF7CAFE01E0032034E72179002228460F
:10EE0000FAF760FF617900222846FAF75BFF0020DD
:10EE100028E770B50546D5F84C07C469607948B154
:10EE200061792846FCF7C5FE61792846FCF7F3FEB8
:10EE300000206071207948B121792846FCF7B9FE9D
:10EE400021792846FCF7E7FE00202071D5F84C0711
:10EE5000C06940B1D5F84C17C86904F0ABFB00207D
:10EE6000D5F84C17C861002070BD2DE9F041074668
:10EE7000D7F84C07C4690126A07B20B1022803D033
:10EE8000032842D139E000BF2146384600F0A8FEF1
:10EE90000646032E02D100202070002666BB207893
:10EEA000022801D9022001E02078401C207000BF18
:10EEB000217873A004F01CFC66A004F019FC00BFCC
:10EEC000002516E0022105EB850000EBC50204F1E8
:10EED000900000EB82008170002105EB850000EBC3
:10EEE000C50204F1900000EB820080F83110681C2C
:10EEF000C5B22078A842E5DC08E000213846FCF7DE
:10EF000062FD08B9E07BA07300E000BF00BF30469F
:10EF1000BDE8F0812DE9F0410546D5F84C07C469FC
:10EF20004FF0010801260127207B20B1012872D073
:10EF30000A2871D1E0E3B4F8F800217888426CDA4D
:10EF40000121B4F8F80000EB800202EBC00204F1EA
:10EF5000900000EB82004170B4F8F80000EB8001F3
:10EF600001EBC00104F1900010F82100092855D2EE
:10EF7000DFE800F00554FDFC1FFB5454FA0000BF0D
:10EF8000B4F8F81045A004F0B3FB32A004F0B0FBD5
:10EF900000BF0421B4F8F80000EB800202EBC002CD
:10EFA00004F1900000F82210D5F89407C4F800018D
:10EFB00084E3B4F8F80000EB800303EBC00304F132
:10EFC000900000EB830000F10F0294F8F81028463F
:10EFD00001F0A5F80646002E21D100BFB4F8F800D4
:10EFE00000EB800202EBC00204F1900000EB820013
:10EFF00000F112012CA004F07BFB16A004F078FBBA
:10F0000000BF00BFB4F8F80000EB800202EBC002C2
:10F0100004F1900054E0A5E3A7E35CE34DE37CE05A
:10F020004445425547203A200000000043616E6E7F
:10F030006F742046696E642074686520696E74651B
:10F04000726661636520666F7220257320636C6150
:10F0500073732E000A00000043616E6E6F742061AE
:10F060006C6C6F63617465206D656D6F727920667D
:10F070006F72204D53432048616E646C6500000040
:10F080004E756D626572206F6620737570706F7259
:10F09000746564204C554E3A202564004C554E2032
:10F0A0002325643A20000000496E71756972792049
:10F0B00056656E646F7220203A20257300000000B0
:10F0C00000EB820000F11B01FEA004F011FBAFF287
:10F0D0007C0004F00DFB00BF00BFB4F8F80000EBAB
:10F0E000800202EBC00204F1900000EB820000F10C
:10F0F0002C01FAA004F0FCFAAFF2A80004F0F8FA30
:10F1000000BF0221B4F8F80000EB800202EBC0025D
:10F1100004F1900000F822102BE0022E0BD1052103
:10F12000B4F8F80000EB800202EBC00204F190009A
:10F1300000F822101DE0042E1BD10821B4F8F800BD
:10F1400000EB800202EBC00204F1900000F82210F4
:10F150000221B4F8F80000EB800202EBC00204F1D7
:10F16000900000EB820003E0A1E27EE1CDE001E04F
:10F170004170A3E294F8F810284600F04BFF0746D0
:10F18000EFBBB4F8F80000EB800101EBC00104F123
:10F19000900000EB81008078A8B10121B4F8F8005C
:10F1A00000EB800202EBC00204F1900000EB820051
:10F1B00080F8311000BFCFA004F09AFAAFF26C10C3
:10F1C00004F096FA0CE00021B4F8F80000EB80029D
:10F1D00002EBC00204F1900000EB820080F83110D5
:10F1E0000321B4F8F80000EB800202EBC00204F146
:10F1F000900000F822100021B4F8F80000E014E0BC
:10F2000000EB800202EBC00204F1900000EB8200F0
:10F210004170B4F8F80000EB800202EBC00204F188
:10F22000900000EB820081706EE0022F53D1B4F8A1
:10F23000F80000EB800101EBC00104F1900000EB4D
:10F2400081008078022815D00121B4F8F80000EB85
:10F25000800202EBC00204F1900000EB820080F813
:10F26000311000BFA8A004F043FAAFF2182004F058
:10F270003FFA0CE00021B4F8F80000EB800202EB4A
:10F28000C00204F1900000EB820080F831100521EB
:10F29000B4F8F80000EB800202EBC00204F1900029
:10F2A00000F822100121B4F8F80000EB800202EB14
:10F2B000C00204F1900000EB820041700221B4F81A
:10F2C000F80000EB800202EBC00204F1900000EBBA
:10F2D0008200817018E0042F16D10821B4F8F800DC
:10F2E00000EB800202EBC00204F1900000F8221053
:10F2F0000221B4F8F80000EB800202EBC00204F136
:10F30000900000EB82004170D8E1B4F8F80000EB07
:10F31000800303EBC00304F1900000EB8300021DA7
:10F3200094F8F810284600F0A6FE0646002E74D188
:10F33000B4F8F80000EB800101EBC00104F190008B
:10F3400000EB810090F83100012848D100BFB4F8EB
:10F35000F80000EB800202EBC00204F1900000EB29
:10F3600082004068B4F8F82002EB820303EBC2038A
:10F3700004F1900202EB8302128900FB02F168A003
:10F3800004F0B6F9AFF2343004F0B2F900BF00BFB8
:10F39000B4F8F80000EB800202EBC00204F1900028
:10F3A00000EB8200416866A004F0A2F9AFF25C3085
:10F3B00004F09EF900BF00BFB4F8F80000EB800233
:10F3C00002EBC00204F1900000EB8200018961A011
:10F3D00004F08EF9AFF2843004F08AF900BF012105
:10F3E000B4F8F80000EB800202EBC00204F19000D8
:10F3F00000F822100021B4F8F80000EB800202EBC4
:10F40000C00204F1900000EB82004170B4F8F800F3
:10F41000401CA4F8F80027E0FFE7022E0BD10521DD
:10F42000B4F8F80000EB800202EBC00204F1900097
:10F4300000F8221018E0042E16D10821B4F8F800C4
:10F4400000EB800202EBC00204F1900000F82210F1
:10F450000221B4F8F80000EB800202EBC00204F1D4
:10F46000900000EB8200417028E1B4F8F80000EB56
:10F47000800303EBC00304F1900000EB830000F174
:10F480000C0294F8F810284600F0C9FE0646002E3B
:10F490006AD1B4F8F80000EB800101EBC00104F17F
:10F4A000900000EB8100007B062860D0B4F8F800E3
:10F4B00000EB800101EBC00104F1900000EB810042
:10F4C000007B52E0496E71756972792050726F64E9
:10F4D000756374203A20257300000000496E717531
:10F4E0006972792056657273696F6E203A202573B0
:10F4F000000000004D534320446576696365207227
:10F5000065616479000000004D53432044657669CD
:10F510006365204E4F5420726561647900000000DD
:10F520004D53432044657669636520636170616370
:10F53000697479203A20257520427974657300003A
:10F54000426C6F636B206E756D626572203A202588
:10F5500075000000426C6F636B2053697A65202050
:10F56000203A20257500000063E0022814D1D5F868
:10F570009407D4F80011401A42F2107188420BD25D
:10F580000221B4F8F80000EB800202EBC00204F1A3
:10F59000900000F8221091E000BFB4F8F80000EBF2
:10F5A000800202EBC00204F1900000EB8200017BBC
:10F5B000FBA004F09DF8AFF2645004F099F800BF8E
:10F5C00000BFB4F8F80000EB800202EBC00204F1C7
:10F5D000900000EB8200417BF5A004F089F8AFF2C7
:10F5E0008C5004F085F800BF00BFB4F8F80000EBC1
:10F5F000800202EBC00204F1900000EB8200817BEC
:10F60000F2A004F075F8AFF2B45004F071F800BF46
:10F610000121B4F8F80000EB800202EBC00204F113
:10F62000900000F82210B4F8F800401CA4F8F8008C
:10F630003CE0022E21D100BFAFF2341004F058F8A4
:10F64000AFF2F05004F054F800BF0821B4F8F8000D
:10F6500000EB800202EBC00204F1900000F82210DF
:10F660000221B4F8F80000EB800202EBC00204F1C2
:10F67000900000EB8200417018E0042E16D10821A2
:10F68000B4F8F80000EB800202EBC00204F1900035
:10F6900000F822100221B4F8F80000EB800202EB1F
:10F6A000C00204F1900000EB8200417006E0B4F863
:10F6B000F800401CA4F8F80000E000BF00BF0420E0
:10F6C000C5F8B00700231A4605F5F661D5F8A80776
:10F6D000F9F7BEF90FE00020A4F8F8000A20207323
:10F6E0000420C5F8B00700231A4605F5F661D5F8E1
:10F6F000A807F9F7ADF939E0B4F8FA0021788842A3
:10F700001FDAF8346088208034F8F80900EB8001B3
:10F7100001EBC00104F1900000EB8100407828B9B2
:10F7200002212846D5F8A427904704E00621284660
:10F73000D5F8A4279047B4F8FA00401CA4F8FA00C2
:10F7400004E00020A4F8FA00012020730420C5F88A
:10F75000B00700231A4605F5F661D5F8A807F9F7B2
:10F7600077F903E04FF0000800E000BF00BF40461B
:10F77000BDE8F0810146002070472DE9F8430646B8
:10F780000C46D6F84C07C5694FF00108012704EB79
:10F79000840000EBC40105F1900010F82100052859
:10F7A0007CD0062802D0072877D13AE00020034613
:10F7B000024621460090304600F0F1FD07465FB951
:10F7C000012104EB840000EBC40205F1900000F875
:10F7D00022104FF0000818E0022F09D1052104EB98
:10F7E000840000EBC40205F1900000F822100CE048
:10F7F000042F0AD1082104EB840000EBC40205F1B8
:10F80000900000F822104FF002080420C6F8B0075C
:10F8100000231A4606F5F661D6F8A807F9F718F995
:10F82000E7E000200346024621460090304600F003
:10F830005CFD07465FB9012104EB840000EBC402C4
:10F8400005F1900000F822104FF0000818E0022F98
:10F8500009D1052104EB840000EBC40205F19000FE
:10F8600000F822100CE0042F0AD1082104EB8400D8
:10F8700000EBC40205F1900000F822104FF00208DE
:10F880000420C6F8B00700231A4606F5F661D6F83C
:10F89000A807F9F7DDF8ACE000E0A9E004EB84008C
:10F8A00000EBC40105F1900000EB810000F10C02B7
:10F8B0002146304600F0B3FC0746002F4AD100BF76
:10F8C00004EB840000EBC40205F1900000EB820021
:10F8D000017B33A003F00CFFAFF6880003F008FFB4
:10F8E00000BF00BF04EB840000EBC40205F19000F0
:10F8F00000EB8200417B2EA003F0FAFEAFF6AC00D5
:10F9000003F0F6FE00BF00BF04EB840000EBC4026E
:10F9100005F1900000EB8200817B2CA003F0E8FE53
:10F92000AFF6D00003F0E4FE00BF012104EB840039
:10F9300000EBC40205F1900000F82210022104EB54
:10F94000840000EBC40205F1900000EB82004170DE
:10F95000884618E0022F09D100BFAFF2544003F0EF
:10F96000C7FEAFF6101003F0C3FE0CE0042F0AD15F
:10F97000082104EB840000EBC40205F1900000F8BC
:10F9800022104FF002080420C6F8B00700231A46E0
:10F9900006F5F661D6F8A807F9F75AF829E000004D
:10F9A00053656E7365204B657920203A20257800D9
:10F9B0004164646974696F6E616C2053656E736530
:10F9C00020436F6465203A20257800004164646913
:10F9D00074696F6E616C2053656E736520436F644C
:10F9E00065205175616C69666965723A20257800F9
:10F9F00000BF00BF4046BDE8F8830146D1F84C3750
:10FA0000DA690B780B2B04D1137B012B01D1012078
:10FA100000E0002070470146D1F84C07C269087821
:10FA20000B2804D1107B012801D110787047FF20EA
:10FA3000FCE730B50246D2F84C47E369A3F8F8106A
:10FA400014780B2C0BD101EB810404EBC10503F1FD
:10FA5000900404EB850464780CB9012000E00020D8
:10FA600030BD2DE9F04104460D461646D4F84C074A
:10FA7000C769A7F8F85020780B280ED105EB850050
:10FA800000EBC50207F1900000EB82013422304602
:10FA900003F0D5FF0020BDE8F0810220FBE72DE94F
:10FAA000F84F04460D4691469A460A9FD4F84C07F3
:10FAB000C669A6F8F85094F8200560B120780B28A4
:10FAC00009D105EB850000EBC50106F1900010F8A7
:10FAD0002100012802D00220BDE8F88F062105EBA5
:10FAE000850000EBC50206F1900000F82210534695
:10FAF0004A4629462046009700F051FCD4F89487E6
:10FB00000DE0D4F89407A0EB080142F2107078439E
:10FB1000814202D894F8200508B90220DCE7294682
:10FB20002046FFF72AFE0128EBD00020D4E72DE97C
:10FB3000F84F04460D4691469A460A9FD4F84C0762
:10FB4000C669A6F8F85094F8200560B120780B2813
:10FB500009D105EB850000EBC50106F1900010F816
:10FB60002100012802D00220BDE8F88F072105EB13
:10FB7000850000EBC50206F1900000F82210534604
:10FB80004A4629462046009700F0AFFBD4F89487F8
:10FB90000DE0D4F89407A0EB080142F2107078430E
:10FBA000814202D894F8200508B90220DCE72946F2
:10FBB0002046FFF7E2FD0128EBD00020D4E700004B
:10FBC00010B5044621212174FF2161740021618256
:10FBD000A182E182002211462046FBF726FC10BDDF
:10FBE00070B504460D46A1212174FE2161740021E7
:10FBF0006182A1820121E182012229462046FBF790
:10FC000014FC70BD0246D2F84C07C169FB4B4B6532
:10FC1000FB4B8B65012381F8503081F85230002076
:10FC200070472DE9F0410446884615460227D4F86E
:10FC30004C07C66915B1012D0CD105E0F1792046BC
:10FC4000FBF7C1FE074606E0B1792046FBF7BBFE95
:10FC5000074600E000BF00BF3846BDE8F08170B540
:10FC60000546D5F84C07C469012621792846F9F7DD
:10FC7000B5FF0D2801D0022619E0E249A06F8842A5
:10FC800014D1E16FA06D814211D194F8840008B9BC
:10FC900000260CE094F88400012801D1012606E03A
:10FCA00094F88400022802D1022600E002263046A1
:10FCB00070BD2DE9F84F054688464FF00109012730
:10FCC000BA460026D5F84C07C469B34694F85000EC
:10FCD0000C287DD2DFE800F07C06155D68ACB9F039
:10FCE000EFEEEDEC84F86180022184F850100120E1
:10FCF000009063791F2204F154012846FBF7BEFEF1
:10FD000083E161792846F9F7C5FF0646012E1ED129
:10FD1000E06D68B194F8600000F08000802803D1A5
:10FD2000032184F8501006E0052184F8501002E009
:10FD3000072184F850100220C5F8B00700231A46A6
:10FD400005F5F661D5F8A807F8F782FE20E0022E47
:10FD50000ED1012184F850100220C5F8B00700230D
:10FD60001A4605F5F661D5F8A807F8F771FE0FE019
:10FD7000052E0DD10A2184F850100220C5F8B007D5
:10FD800000231A4605F5F661D5F8A807F8F760FED6
:10FD90003BE1237962898C2001592846FBF788FED4
:10FDA000042184F8501030E121792846F9F772FFD8
:10FDB0000646012E2BD16189E06D88420CD98C203A
:10FDC0000059618901448C2001516189E06D00E096
:10FDD0001AE1411AE16501E00021E165E06D38B109
:10FDE000237962898C2001592846FBF761FE1EE0C9
:10FDF000072184F850100220C5F8B00700231A46E6
:10FE000005F5F661D5F8A807F8F722FE0FE0052EF4
:10FE10000DD1092184F850100220C5F8B007002345
:10FE20001A4605F5F661D5F8A807F8F711FEECE0DB
:10FE300001200090637922898C2001592846FBF724
:10FE40001DFE062184F85010DFE061792846F9F79D
:10FE500021FF0646012E30D12189E06D88420AD962
:10FE60008C200059218901448C2001512189E06DA9
:10FE7000411AE16501E00021E165E06D48B1012032
:10FE80000090637922898C2001592846FBF7F6FD02
:10FE900002E0072184F850100220C5F8B0070023C3
:10FEA0001A4605F5F661D5F8A807F8F7D1FD25E063
:10FEB00098E075E063E02DE021E0022E0ED10521EF
:10FEC00084F850100220C5F8B00700231A4605F543
:10FED000F661D5F8A807F8F7BBFD0FE0052E0DD1A8
:10FEE0000A2184F850100220C5F8B00700231A46F2
:10FEF00005F5F661D5F8A807F8F7AAFD85E023799E
:10FF00000D2204F178012846FBF7D2FD082184F880
:10FF100050107AE021792846F9F7BCFE0646012EFA
:10FF20001CD1012184F8501084F852102846FFF7A4
:10FF300096FE8246BAF1000F02D14FF0000901E0AF
:10FF40004FF002090220C5F8B00700231A4605F554
:10FF5000F661D5F8A807F8F77BFD0FE0052E0DD167
:10FF6000092184F850100220C5F8B00700231A4672
:10FF700005F5F661D5F8A807F8F76AFD45E0002217
:10FF800041462846FFF74DFE07461FB9072184F872
:10FF9000501004E0042F02D10B2184F8501034E0FB
:10FFA000012241462846FFF73CFE0746A7B9617982
:10FFB0002846F9F7A6FE8346CBF10100C2B261796B
:10FFC0002846F9F77FFE217900222846F9F77AFEC4
:10FFD000092184F8501004E0042F02D10B2184F889
:10FFE000501012E02846FFF7EBFD8146B9F1000FF3
:10FFF00002D1012184F8501007E00000555342431C
:020000040803EF
:10000000504030205553425300BF00BF4846BDE822
:10001000F88F00002DE9F04105460E460227D5F87D
:100020004C07C46994F85200012802D002281DD15F
:1000300016E00021E16584F860100A2184F862105E
:10004000102104F1630003F034FD002184F86310F3
:10005000012184F85010022184F85210012706E093
:1000600031462846FFF725FE074600E000BF00BFE7
:100070003846BDE8F0812DE9F04106468846154630
:100080000127D6F84C07C46994F85200012802D021
:1000900002283FD11BE00821E165802184F860102F
:1000A0000A2184F86210102104F1630003F001FDBD
:1000B000252184F86310012184F85010022184F86E
:1000C000521004F110008C210851012723E0414611
:1000D0003046FFF7EEFD0746DFB98C200059C178A6
:1000E0008C200059807841EA00218C20005940780A
:1000F00041EA00418C200059007841EA0060286004
:100100008C200059C1798C200059807941EA002067
:10011000A88000E000BF00BF3846BDE8F0812DE9AF
:10012000F04106460F4615464FF00208D6F84C0738
:10013000C46994F85200012802D002286AD12FE045
:100140002421E165802184F860100A2184F862107E
:10015000002104F10F00C4F86310C4F86710A4F87C
:100160006B10122184F863107807010E84F8641074
:10017000002184F8651084F86610242184F8671043
:10018000002184F86810012184F85010022184F8BD
:10019000521004F110008C2108514FF001083AE090
:1001A00039463046FFF785FD8046B8F1000F30D163
:1001B0002221284603F07DFC8C200059007800F0B5
:1001C0001F0068708C2000590078401128708C2026
:1001D0000059407800F08000802802D10120A870EA
:1001E00001E00020A8708C2000598168C5F8031038
:1001F000C068C5F807008C20005900F110011022DA
:1002000005F10C0003F0D6FB8C200059006AC5F8FC
:100210001D0000E000BF00BF4046BDE8F0812DE9B1
:10022000F04106460F4615464FF00208D6F84C0737
:10023000C46994F85200012802D0022850D12BE062
:100240000E21E165802184F860100A2184F8621093
:10025000102104F1630003F02CFC032184F86310E7
:100260007807010E84F86410002184F8651084F882
:1002700066100E2184F86710002184F868100121AF
:1002800084F85010022184F8521004F110008C21DF
:1002900008514FF0010824E039463046FFF709FDC8
:1002A0008046B8F1000F1AD18C200059807800F0F8
:1002B0000F0028708C200059007B68708C2000593A
:1002C000407BA87068783A2809D100BF61A003F08C
:1002D0000FFA68A003F00CFA00BF4FF0040800E02A
:1002E00000BF00BF4046BDE8F0812DE9FF41054653
:1002F0000E461F464FF00208D5F84C07C46994F823
:100300005200012802D0022843D13CE006EB8600CF
:1003100000EBC60104F1900000EB810001890A980E
:100320004143E165002184F860100A2184F86210DD
:10033000102104F1630003F0BCFB2A2184F8631050
:100340009DF80B1084F865109DF80A1084F866106B
:100350009DF8091084F867109DF8081084F868105B
:100360009DF8291084F86A109DF8281084F86B1005
:10037000012184F85010022184F852108C2007517A
:100380004FF0010806E031462846FFF792FC804610
:1003900000E000BF00BF404604B0BDE8F0812DE999
:1003A000FF4105460E461F464FF00208D5F84C07A0
:1003B000C46994F85200012802D0022843D13CE0DD
:1003C00006EB860000EBC60104F1900000EB810013
:1003D00001890A984143E165802184F860100A216F
:1003E00084F86210102104F1630003F062FB2821FD
:1003F00084F863109DF80B1084F865109DF80A10BE
:1004000084F866109DF8091084F867109DF80810AC
:1004100084F868109DF8291084F86A109DF8281057
:1004200084F86B10012184F85010022184F85210D6
:100430008C2007514FF0010806E031462846FFF7AF
:1004400038FC804600E000BF00BF404604B0BDE875
:10045000F08100004D534320446576696365204D6B
:10046000454449554D206E6F742070726573656EFA
:10047000740000000A00000010B50346002140E0AF
:1004800001EBC10000EB011403F2425000EB440009
:100490004079062833D100222FE001EBC10000EBA8
:1004A000011403F2425000EB44000A3000EBC2009A
:1004B000807800F08000F0B901EBC10000EB01147E
:1004C00003F2425000EB44000A3000EBC200808887
:1004D00088B101EBC10000EB011403F2425000EBC4
:1004E00044000A3000EBC200C07800F0020002288D
:1004F00001D1104610BD501CC2B2052ACDD3481CF4
:10050000C1B20A29BCD3FF20F4E710B5034600218D
:1005100040E001EBC10000EB011403F2425000EB9C
:1005200044004079062833D100222FE001EBC100BE
:1005300000EB011403F2425000EB44000A3000EBE0
:10054000C200807800F08000F0B101EBC10000EB48
:10055000011403F2425000EB44000A3000EBC200E9
:10056000808888B101EBC10000EB011403F2425016
:1005700000EB44000A3000EBC200C07800F002003B
:10058000022801D1104610BD501CC2B2052ACDD39D
:10059000481CC1B20A29BCD3FF20F4E710B50346BA
:1005A000002140E001EBC10000EB011403F24250D6
:1005B00000EB44004079062833D100222FE001EB04
:1005C000C10000EB011403F2425000EB44000A307A
:1005D00000EBC200807800F08000F0B101EBC100B8
:1005E00000EB011403F2425000EB44000A3000EB30
:1005F000C200808888B101EBC10000EB011403F256
:10060000425000EB44000A3000EBC200C07800F01A
:100610000300032801D1104610BD501CC2B2052AA8
:10062000CDD3481CC1B20A29BCD3FF20F4E72DE981
:10063000FE43054601231A4606212846FAF779FBB0
:100640000746FF2F01D00A2F0DD300BFF0A003F003
:100650004FF8F2A003F04CF8FDA003F049F800BFFA
:100660000220BDE8FE8339462846FAF704FB3946E6
:100670002846FAF700FB8046B8F1000F01D00220AF
:10068000EFE72846FFF78AFF0646FF2E01D0052E2A
:100690000CD300BFDEA003F02BF8EEA003F028F887
:1006A000EBA003F025F800BF0220DAE742F2D010F9
:1006B00002F051FFD5F84C17C861D5F84C07C46952
:1006C00064B900BFD2A003F013F8EAA003F010F859
:1006D000DFA003F00DF800BF0220C2E742F2D01104
:1006E000204603F008FA07EBC70000EB071105F2FC
:1006F000425000EB41000A3000EBC600817841F621
:100700003150015507EBC70000EB071105F24250CD
:1007100000EB41000A3000EBC600818841F63650FC
:100720000153401F015D2846FBF760FA41F62E5148
:10073000085507EBC70000EB071105F2425000EB2C
:1007400041000A3000EBC600807941F63C5121445B
:10075000088141F63650005B032295F81D15CDE95E
:100760000012029095F81C3541F63150025DC01E12
:10077000015D2846FBF708FA41F62E50015D002284
:100780002846F9F79FFA2846FFF7BFFE0646FF2ED8
:1007900001D0052E0CD300BF9DA002F0A9FFBFA081
:1007A00002F0A6FFAAA002F0A3FF00BF022058E7B4
:1007B00007EBC70000EB071105F2425000EB4100C8
:1007C0000A3000EBC600817841F63050015507EB46
:1007D000C70000EB071105F2425000EB41000A3060
:1007E00000EBC600818841F634500153001F015DC3
:1007F0002846FBF7FBF941F62C51085541F63450D9
:10080000005B022295F81D15CDE90012029095F8C3
:100810001C3541F63050025D001F015D2846FBF794
:10082000B3F941F62C50015D00222846F9F74AFA47
:100830002846FFF721FE0646FF2E01D0052E0CD3D9
:1008400000BF73A002F054FF9CA002F051FF80A0F3
:1008500002F04EFF00BF022003E707EBC70000EBEA
:10086000071105F2425000EB41000A3000EBC600D0
:10087000817841F62F50015507EBC70000EB0711B7
:1008800005F2425000EB41000A3000EBC6008188BF
:1008900041F632500153C01E015D2846FBF7A6F910
:1008A00041F62D510855481D005B022295F81D1593
:1008B000CDE90012029095F81C3541F62F50025DEB
:1008C000801E015D2846FBF75FF941F62D50015D62
:1008D00000222846F9F7F6F9022141F63850015571
:1008E000002142F2CC10015141F63C5001552846FE
:1008F00001F0C4F8B5E670B50546D5F84C07C469F3
:1009000041F62D50005D78B141F62D50015D28462D
:10091000FBF74FF941F62D50015D2846FBF77BF9B7
:10092000002141F62D50015541F62C50005D78B163
:1009300041F62C50015D2846FBF73BF941F62C505F
:10094000015D2846FBF767F9002141F62C5001555F
:1009500041F62E50005D78B141F62E50015D2846DB
:10096000FBF727F941F62E50015D2846FBF753F9B6
:10097000002141F62E500155D5F84C07C06940B111
:10098000D5F84C17C86902F015FE0020D5F84C17B1
:10099000C861002070BD10B504460520C4F8B0073A
:1009A00000231A4604F5F661D4F8A807F8F750F8C2
:1009B000002010BD70472DE9F0410546D5F84C07E1
:1009C000C46941F63C502044468A41F63C502044DC
:1009D0008769A6F580400F2818D2DFE800F0089359
:1009E000A4B5C6D7F1EFEEEDECEBEAE9E80000BF05
:1009F00007A002F07DFE42F2A810015938A002F0D3
:100A000077FE13A002F074FE00BF83E171E10000E5
:100A10004445425547203A200000000043616E6E75
:100A20006F742046696E642074686520696E746511
:100A3000726661636520666F72205374696C6C2006
:100A4000496D61676520436C6173732E000000007F
:100A50000A000000496E76616C696420436F6E7411
:100A6000726F6C20656E64706F696E74206E756D48
:100A70006265720043616E6E6F7420616C6C6F63AF
:100A8000617465206D656D6F727920666F72204D9F
:100A900054502048616E646C65000000496E7661B8
:100AA0006C6964204461746120494E20656E6470F5
:100AB0006F696E74206E756D62657200496E766145
:100AC0006C69642044617461204F555420656E64E4
:100AD000706F696E74206E756D6265720000000043
:100AE0004556543A205054505F45435F556E6465F7
:100AF00066696E656420696E2073657373696F6ED5
:100B00002025750000BFAFF2F80002F0F1FD42F2BF
:100B1000A8100159E1A002F0EBFDAFF2CC0002F009
:100B2000E7FD00BFF6E000BFAFF21C1002F0E0FDF1
:100B300042F2A8100159E4A002F0DAFDAFF2F00091
:100B400002F0D6FD00BFE5E000BFAFF23C1002F0BE
:100B5000CFFD42F2A8100159E5A002F0C9FDAFF2A5
:100B6000101002F0C5FD00BFD4E000BFAFF260106E
:100B700002F0BEFD42F2A8100159E7A002F0B8FD54
:100B8000AFF2341002F0B4FD00BFC3E000BFAFF21B
:100B9000801002F0ADFD42F2A8100159E8A002F069
:100BA000A7FDAFF2541002F0A3FD00BFB2E08FE04A
:100BB0007DE06BE059E047E035E023E011E0FFE73E
:100BC00000BFAFF2B41002F093FD42F2A810015939
:100BD000E5A002F08DFDAFF2881002F089FD00BFA4
:100BE00098E000BFAFF2D81002F082FD42F2A810E8
:100BF0000159E8A002F07CFDAFF2AC1002F078FDE4
:100C000000BF87E000BFAFF2F81002F071FD42F2C2
:100C1000A8100159EAA002F06BFDAFF2CC1002F06F
:100C200067FD00BF76E000BFAFF21C2002F060FD60
:100C300042F2A8100159EDA002F05AFDAFF2F010F7
:100C400002F056FD00BF65E000BFAFF23C2002F0AD
:100C50004FFD42F2A8100159F0A002F049FDAFF299
:100C6000102002F045FD00BF54E000BFAFF260204D
:100C700002F03EFD42F2A8100159F1A002F038FD49
:100C8000AFF2342002F034FD00BF43E000BFAFF20A
:100C9000802002F02DFD42F2A8100159F2A002F0CE
:100CA00027FDAFF2542002F023FD00BF32E000BF69
:100CB000AFF2A42002F01CFD42F2A8100159F6A0E8
:100CC00002F016FDAFF2782002F012FD00BF21E025
:100CD00000BFAFF2C42002F00BFD42F2A810015990
:100CE000F8A002F005FDAFF2982002F001FD00BF70
:100CF00010E000BFAFF2E82002F0FAFC42F2A810C8
:100D00000159FBA002F0F4FCAFF2BC2002F0F0FCB1
:100D100000BF00BF00BF3A4631462846FFF74AFEF3
:100D2000BDE8F08170B505460126D5F84C07C469C9
:100D300041F63C50005D10B1012847D11BE0D5F8C9
:100D4000940700F00100A8B9D5F8940741F63C518A
:100D50002144486041F62E50035D41F63650025D55
:100D6000801D21180C312846FAF7B7FE012141F603
:100D70003C5001552BE041F62E50015D2846F8F716
:100D800089FF012802D12846FFF715FED5F8940700
:100D900041F63C5121444968401A41F63C512144F6
:100DA0000989884211D3D5F8940741F63C51214472
:100DB000486041F62E50035D41F63650025D801DBD
:100DC00021180C312846FAF788FE00E000BF00BF6A
:100DD000304670BD2DE9F04105460126D5F84C0797
:100DE000C469002741F63850005D06284FD2DFE87D
:100DF00000F05322034E52510121284601F06EFDAE
:100E00000646BEB900BFC4A002F072FCAFF2C0300B
:100E100002F06EFC00BF012141F63850015505205B
:100E2000C5F8B00700231A4605F5F661D5F8A807FE
:100E3000F7F70EFE02E32146284601F016FE0646AD
:100E4000002E25D100BFAFF2384002F051FCB8A00F
:100E500002F04EFCAFF2084002F04AFC00BF00BFB7
:100E6000AFF2544002F044FC2188B9A002F040FCEB
:100E7000AFF2244002F03CFC00BF00BFAFF2704074
:100E800002F036FC6068062803D1B7A06FE1D4E217
:100E900002E26BE145E200E2BCE200004556543A52
:100EA000205054505F45435F43616E63656C5472DC
:100EB000616E73616374696F6E20696E2073657310
:100EC00073696F6E202575004556543A2050545072
:100ED0005F45435F4F626A65637441646465642083
:100EE000696E2073657373696F6E2025750000004D
:100EF0004556543A205054505F45435F4F626A65EF
:100F0000637452656D6F76656420696E20736573D6
:100F100073696F6E202575004556543A2050545021
:100F20005F45435F53746F72654164646564206913
:100F30006E2073657373696F6E2025750000000065
:100F40004556543A205054505F45435F53746F7276
:100F50006552656D6F76656420696E207365737385
:100F6000696F6E20257500004556543A2050545044
:100F70005F45435F44657669636550726F7043688F
:100F8000616E67656420696E2073657373696F6E47
:100F9000202575004556543A205054505F45435F14
:100FA0004F626A656374496E666F4368616E676518
:100FB0006420696E2073657373696F6E20257500F8
:100FC0004556543A205054505F45435F4465766916
:100FD0006365496E666F4368616E67656420696E1C
:100FE0002073657373696F6E202575004556543AFA
:100FF000205054505F45435F526571756573744F5F
:10100000626A6563745472616E7366657220696E9C
:101010002073657373696F6E202575004556543AC9
:10102000205054505F45435F53746F726546756C32
:101030006C20696E2073657373696F6E202575006F
:101040004556543A205054505F45435F4465766995
:101050006365526573657420696E20736573736987
:101060006F6E2025750000004556543A20505450AC
:101070005F45435F53746F72616765496E666F4386
:1010800068616E67656420696E2073657373696F4C
:101090006E202575000000004556543A20505450EB
:1010A0005F45435F43617074757265436F6D706C2B
:1010B00065746520696E2073657373696F6E202592
:1010C000750000004556543A205054505F45435F28
:1010D000556E7265706F7274656453746174757364
:1010E00020696E2073657373696F6E20257500002B
:1010F000526563656976656420756E6B6E6F776E99
:10110000206576656E7420696E2073657373696FF0
:101110006E202575000000004D54502053657373F8
:10112000696F6E202330204F70656E65640000008B
:101130003E3E3E3E3E204D545020446576696365F8
:1011400020496E666F726D6174696F6E00000000F9
:101150005374616E646172642076657273696F6E38
:10116000203A2025780000004D545000F5A001469B
:10117000F8A002F0BDFAAFF2287002F0B9FA00BF91
:1011800000BFAFF2747002F0B3FAB4F80A0108B904
:10119000F5A000E0F7A00146F8A002F0A9FAAFF22E
:1011A000507002F0A5FA00BF00BFAFF29C7002F0D1
:1011B0009FFAF8A0D4F80C1102F09AFAAFF270700E
:1011C00002F096FA00BF00BFAFF2BC7002F090FAD6
:1011D000FAA0D4F8D81102F08BFAAFF28C7002F0BA
:1011E00087FA00BF00BFAFF2D87002F081FAFCA00E
:1011F000D4F8A41202F07CFAAFF2AC7002F078FAE4
:1012000000BF00BFAFF2F87002F072FA04F5A161FE
:10121000FDA002F06DFAAFF2C87002F069FA00BFEB
:1012200000BFAFF6140002F063FA04F20761FBA0FE
:1012300002F05EFAAFF2E87002F05AFA00BF00BFA7
:10124000AFF6340002F054FA04F20671F6A002F090
:101250004FFAAFF6040002F04BFA00BF00BFAFF642
:10126000500002F045FA04F60501F4A002F040FA3D
:10127000AFF6240002F03CFA00BF042141F63850DA
:1012800001550520C5F8B00700231A4605F5F6619B
:10129000D5F8A807F7F7DCFBD0E004F604112846E0
:1012A00001F044FC0646002E3AD100BFAFF6A00084
:1012B00002F01EFAE6A0D4F8041902F019FAAFF60B
:1012C000700002F015FA00BF002712E000BFAFF671
:1012D000C00002F00DFA04F6081050F82720394635
:1012E000E3A002F005FAAFF6980002F001FA00BFA1
:1012F0007F1CD4F80409B842E8D8002142F2C81093
:101300000151052141F6385001550520C5F8B007B7
:1013100000231A4605F5F661D5F8A807F7F798FBFC
:101320008CE042F2C810005900EB001304F5126083
:1013300000EB431242F2C810035904F6081050F8AB
:101340002310284601F053FC0646002E61D100BF51
:1013500042F2C810005900EB001C04F5126000EBCB
:101360004C1000F21B1342F2C810005900EB001C95
:1013700004F5126000EB4C1000F11C0242F2C810A0
:101380000159C0A002F0B4F9AFF63C1002F0B0F978
:1013900000BF42F2C8100059401C42F2C811085167
:1013A000D4F80419884229D3002141F63850015558
:1013B000012142F2CC1001510021001F015140F6E1
:1013C0000810015941F61850015100BFB3A002F0B6
:1013D0008FF9AFF6841002F08BF900BF00BF04F65E
:1013E0003C11B4A002F084F9AFF69C1002F080F931
:1013F00000BF02212846D5F8A42790470520C5F84C
:10140000B00700231A4605F5F661D5F8A807F7F7E7
:101410001FFB13E02846FFF785FC0A20F6F707FFBD
:101420000520C5F8B00700231A4605F5F661D5F882
:10143000A807F7F70DFB002600E000BF00BF30460D
:10144000BDE8F0810146002070470146D1F84C0705
:10145000C26942F2CC10805C704710B5024602208F
:10146000D2F84C47E36942F2CC14E4581CB193F82B
:1014700004490C70002010BD30B503460A46022016
:10148000D3F84C47E169D1F8044994420CD942F2AF
:10149000CC146458012C07D101F6081454F82250DA
:1014A00041F618546550002030BD2DE9F041064644
:1014B0000C4617464FF00208D6F84C07C569D5F818
:1014C0000409A04211D942F2CC10405901280CD194
:1014D00004EB041205F5126000EB42114FF40872A0
:1014E000384602F0ACFA4FF000084046BDE8F08103
:1014F0002DE9F84F04460D4617469846DDF828902A
:101500004FF0020AD4F84C07C669D4F894B7D6F85D
:101510000409A84214D942F2CC10805901280FD1F5
:10152000D6E0D4F89407A0EB0B0041F28831884252
:1015300002D894F8200510B90220BDE8F88FC7E062
:10154000D5E000004E4F5420535550504F52544553
:101550004400000056656E646F72204578744944FB
:10156000203A2025730000005374616E6461726438
:101570000000000056656E646F72000046756E6371
:1015800074696F6E616C206D6F6465203A202573FD
:10159000000000004E756D626572206F6620537505
:1015A00070706F72746564204F7065726174696FDA
:1015B0006E287329203A2025640000004E756D6264
:1015C0006572206F6620537570706F727465642049
:1015D0004576656E7473287329203A2025640000CF
:1015E0004E756D626572206F6620537570706F72F4
:1015F0007465642050726F707269657469657320D8
:101600003A202564000000004D616E7566616374C8
:1016100075726572203A2025730000004D6F646575
:101620006C203A2025730000446576696365207656
:10163000657273696F6E203A202573005365726975
:10164000616C206E756D626572203A202573000012
:101650004E756D626572206F662073746F7261677C
:1016600065204944206974656D73203A2025640023
:1016700073746F72616765232564204944203A20A2
:1016800025780000566F6C756D6523256C753A20C2
:1016900025732020205B25735D0000004D545020F1
:1016A000436C61737320696E697469616C697A65F2
:1016B000642E000025732069732064656661756C73
:1016C000742073746F7261676520756E69740000B1
:1016D00006F60810CDF8009050F8251043463A461B
:1016E000204601F0EAFA824601283FF41AAF50463C
:1016F000BDE8F88F2DE9F84F04460D461746984689
:10170000DDF828904FF0020AD4F84C07C669D4F8E7
:1017100094B7D6F80409A84221D942F2CC108059D6
:1017200001281CD10DE0D4F89407A0EB0B0041F286
:101730008831884202D894F8200510B90220BDE80B
:10174000F88F06F60810CDF8009050F825104346A3
:101750003A46204601F011FB82460128E3D050466C
:10176000EDE72DE9F04704460D4616460227D4F86A
:101770004C07D0F81C90D4F8948742F2CC1050F863
:101780000900B0B10DE0D4F89407A0EB080041F2D5
:101790008831884202D894F8200510B90220BDE8AB
:1017A000F08732462946204601F05DFB07460128B6
:1017B000E9D03846F3E72DE9F04704460D461646D2
:1017C0000227D4F84C07D0F81C90D4F8948742F242
:1017D000CC1050F80900B0B10DE0D4F89407A0EB9C
:1017E000080041F28831884202D894F8200510B9E7
:1017F0000220BDE8F08732462946204601F09CFBD6
:1018000007460128E9D03846F3E72DE9F0470446BA
:101810000D4616460227D4F84C07D0F81C90D4F891
:10182000948742F2CC1050F80900B0B10DE0D4F822
:101830009407A0EB080041F28831884202D894F85E
:10184000200510B90220BDE8F0873246294620461F
:1018500001F0C5FB07460128E9D03846F3E72DE93A
:10186000FE4F04460D4616461F46DDE90C89022050
:101870000290D4F84C07D0F81CA0D4F894B742F2E8
:10188000CC1050F80A00C8B10DE0D4F89407A0EBD2
:101890000B0041F28831884202D894F8200510B933
:1018A0000220BDE8FE8F3B46324629462046CDE960
:1018B000008901F00AFC02900128E6D00298F0E7C6
:1018C0002DE9F04704460D4616461F464FF0020824
:1018D000D4F84C07D0F81CA0D4F8949742F2CC105E
:1018E00050F80A00B8B10DE0D4F89407A0EB090055
:1018F00041F28831884202D894F8200510B90220BC
:10190000BDE8F0873B4632462946204601F05FFCA1
:1019100080460128E8D04046F2E72DE9F04704462A
:101920000D4616461F464FF00208D4F84C07D0F873
:101930001CA0D4F8949742F2CC1050F80A00B8B129
:101940000DE0D4F89407A0EB090041F288318842F9
:1019500002D894F8200510B90220BDE8F0873B4674
:1019600032462946204601F0A1FC80460128E8D0F5
:101970004046F2E72DE9F04704460D4616461F465D
:101980004FF00208D4F84C07D0F81CA0D4F8949774
:1019900042F2CC1050F80A00B8B10DE0D4F8940728
:1019A000A0EB090041F28831884202D894F8200562
:1019B00010B90220BDE8F0873B4632462946204652
:1019C00001F0E2FC80460128E8D04046F2E72DE92C
:1019D000F04704460D4616461F464FF00208D4F85D
:1019E0004C07D0F81CA0D4F8949742F2CC1050F8D1
:1019F0000A00B8B10DE0D4F89407A0EB090041F259
:101A00008831884202D894F8200510B90220BDE838
:101A1000F0873B4632462946204601F034FD804699
:101A20000128E8D04046F2E72DE9F04704460D468C
:101A300016460227D4F84C07D0F81C90D4F89487A7
:101A400042F2CC1050F80900B0B10DE0D4F8940780
:101A5000A0EB080041F28831884202D894F82005B2
:101A600010B90220BDE8F08732462946204600F032
:101A700083FF07460128E9D03846F3E70146D1F84D
:101A80004C07C26900234FF4EB5083540123401CE0
:101A900083540020704710B503460020D3F84C470C
:101AA000E26942F28A14A45A0C8042F2A814A458A3
:101AB0004C6042F28C14A4588C6042F29014A458EA
:101AC000CC6042F29414A4580C6142F29814A458C9
:101AD0004C6142F29C14A4588C6142F2A014A458A8
:101AE000CC6110BD30B513460D781D800D786C00AB
:101AF000491C002204E08D5C0570401C951CAAB2B4
:101B0000A242F8DB0025057030BD70B50446002305
:101B10008D5C8E18767845EA06258E18B67845EAEB
:101B200006458E18F67845EA066007E09D1C0226F9
:101B300006FB05254D5D24F813505B1C9842F5D833
:101B400070BD2DE9F84307460C46D7F84C07D0F88E
:101B50001C8008F5EB5000F1300600BFF6A001F044
:101B6000C7FDF84801F0C4FDF7A001F0C1FD00BFBA
:101B700042F2BC1050F8080000287DD1307871780E
:101B800040EA01202080B178F07841EA00213079E4
:101B900041EA0041707941EA00606060B179F07912
:101BA00041EA002020816A4606F1080104F10A009A
:101BB000FFF798FFBDF80000012101EB400505F19A
:101BC0000800315C3044407841EA0020A4F80A0162
:101BD00005F10A02314604F58870FFF796FFC4F854
:101BE0000C01D4F80C0105EB4000051D05F10A02BB
:101BF000314604F5EE70FFF788FFC4F8D801D4F839
:101C0000D80105EB4000051D05F10A02314604F537
:101C10002A70FFF77AFFC4F8A402D4F8A40205EBF7
:101C20004000051D05F10A02314604F55D70FFF71D
:101C30006CFFC4F87003D4F8700305EB4000051D79
:101C400005F10A02314604F58860FFF75EFFC4F82B
:101C50003C04D4F83C0405EB4000051D05F10A00E6
:101C600081196A4604F5A160FFF73CFFBDF800004A
:101C7000012101EB400000E024E0054405F10A00E9
:101C800081196A4604F20760FFF72CFFBDF80000D7
:101C9000012101EB4000054405F10A0081196A4663
:101CA00004F20670FFF71EFFBDF80000012101EBF2
:101CB0004000054405F10A0081196A4604F6050052
:101CC000FFF710FFBDE8F88370B50546D5F84C075F
:101CD000C46941F68A50005B6FF48051084430B10A
:101CE00008280AD00C281FD01A282AD104E021463F
:101CF0002846FFF726FF25E000BF42F2BC1000593E
:101D000088B942F2C41108594FF47D7204F5EB51C1
:101D1000303101F04FFE42F2C410005900F57D70E1
:101D200042F2B01108510DE042F2BC10005938B92E
:101D300042F2C410005900F57D7042F2B011085112
:101D400000E000BF00BF70BD2DE9F0418AB005463C
:101D50004FF001080026D5F84C07C4694FF4EB504A
:101D6000005D0A2870D2DFE800F005061A7082F5DF
:101D7000F4F3F2F1F2E10120009041F62D50035D01
:101D800041F66450005B82B204F5EB51091D284610
:101D9000F9F774FE02214FF4EB500155DEE141F6F4
:101DA0002D50015D2846F7F775FF0646012E27D115
:101DB00042F2AC10005920B907214FF4EB50015505
:101DC00012E042F2AC100059012804D103214FF473
:101DD000EB50015508E042F2AC100059022803D143
:101DE00005214FF4EB5001550220C5F8B007002340
:101DF0001A4605F5F661D5F8A807F6F729FE22E0A0
:101E0000022E0FD101214FF4EB5001550220C5F8ED
:101E1000B00700231A4605F5F661D5F8A807F6F7CE
:101E200017FE10E0052E0ED109214FF4EB5001559D
:101E30000220C5F8B00700231A4605F5F661D5F86B
:101E4000A807F6F705FE89E187E10120009041F639
:101E50002D50035D401D025B42F2B010015928462F
:101E6000F9F70CFE04214FF4EB50015576E141F6F1
:101E70002D50015D2846F7F70DFF0646012E6BD168
:101E800042F2B410015941F63250005B81422DD923
:101E900042F2B010015941F63250005B014442F267
:101EA000B0100151001D015941F63250005B091A72
:101EB00042F2B4100151001D015941F63250005B4D
:101EC000014442F2B81001510059B0F57D7F11D3A1
:101ED0002846FFF7F9FE002142F2B8100151001D1B
:101EE0000059401C42F2BC11085103E0002142F2AB
:101EF000B410015142F2B410005968B101200090B1
:101F000041F62D50035D401D025B42F2B0100159B5
:101F10002846F9F7B3FD03E007214FF4EB500155D4
:101F20000220C5F8B00700231A4605F5F661D5F87A
:101F3000A807F6F78DFD32E04445425547203A2088
:101F400000000000A84403080A00000000E1D0E0FF
:101F5000BFE036E024E0FFE7022E0FD103214FF46B
:101F6000EB5001550220C5F8B00700231A4605F5CD
:101F7000F661D5F8A807F6F76BFD10E0052E0ED137
:101F800009214FF4EB5001550220C5F8B00700239A
:101F90001A4605F5F661D5F8A807F6F759FDDDE014
:101FA00041F62C50035D41F63450025B42F2B01012
:101FB00001592846F9F77CFD06214FF4EB500155F5
:101FC000CCE041F62C50015D2846F7F763FE06464B
:101FD000012E6CD141F62C50015D2846F7F7FEFD2D
:101FE00007464FF4075002590059401C4FF407515F
:101FF000085152B942F2B0100059016842F2B410CF
:102000000151002142F2BC10015141F63450005BF5
:10201000B84235D842F2B410005980B342F2B01041
:102020000059C11942F2B0100151001D0059C11BE5
:1020300042F2B4100151001D0059C11942F2B8100A
:1020400001510059B0F57D7F0CD32846FFF73CFEC7
:10205000002142F2B8100151001D0059401C42F20B
:10206000BC11085141F62C50035D41F63450025B1F
:1020700042F2B01001592846F9F71AFD28E0FFE7AF
:1020800042F2B4100059C11B42F2B41001510721B1
:102090004FF4EB5001550220C5F8B00700231A4653
:1020A00005F5F661D5F8A807F6F7D2FC10E0052E85
:1020B0000ED109214FF4EB5001550220C5F8B007AD
:1020C00000231A4605F5F661D5F8A807F6F7C0FC17
:1020D00044E041F62C50035D3F2204F5EB5101F240
:1020E00024412846F9F7E4FC08214FF4EB50015550
:1020F00034E041F62C50015D2846F7F7CBFD06464B
:10210000012E13D101A92846FFF7C5FCBDF8040034
:1021100042F20101884202D14FF0000801E04FF085
:102120000208012141F66150015510E0052E0ED143
:1021300009214FF4EB5001550220C5F8B0070023E8
:102140001A4605F5F661D5F8A807F6F781FC05E013
:10215000012141F66150015500E000BF00BF40463B
:102160000AB0BDE8F0812DE9F04106460D46002792
:10217000D6F84C07C469202104F5EB50001D01F08E
:10218000BAFC95F82000C0F105008000C0F12001E4
:1021900041F6645001510121001D01532988801C22
:1021A0000153801CA9680151001DE9680151001DFF
:1021B00029690151001D69690151001DA969015179
:1021C000001DE96901513846BDE8F081F0B50446CB
:1021D00000238D5C8E18767845EA06258E18B67831
:1021E00045EA06458E18F67845EA06601DE05D1C56
:1021F000042606FB05254E5D5D1C042707FB05250F
:102200000D446D7846EA05265D1C07FB05250D4447
:10221000AD7846EA05465D1C07FB05250D44ED78C3
:1022200046EA056544F823505B1C9842DFD8F0BDB0
:102230002DE9F04105460C46D5F84C07C66906F570
:10224000EB5000F1300700223946201DFFF7BEFF9A
:102250002060BDE8F0812DE9F84306468846154622
:10226000D6F84C07C76907F5EB5000F13004207829
:10227000617840EA01202880A178E07841EA0020D6
:1022800068802179607941EA0020A880A079002344
:10229000E1791A0242EA11624FEA012C40EA0C008D
:1022A00043EA0201227A1B0443EA12434FEA024C3A
:1022B0000A4640EA0C0142EA0300637A0022120651
:1022C00042EA132C41EA036240EA0C01A07A01437E
:1022D000E07A03020846114640EA0302207B42EA04
:1022E0000040627B40EA0260C5E90210A07B002347
:1022F000E27B190241EA12614FEA022C40EA0C002B
:1023000043EA0102237C0021090441EA13414FEA18
:10231000034C134640EA0C021943637C002000067C
:1023200040EA132042EA03620143A07C0143E07CBF
:102330000302084611461843227D40EA0240627DAE
:1023400040EA0260C5E90410A17DE07D41EA002178
:10235000207E41EA0041607E41EA0060A8616A4651
:1023600004F11A0105F11C00FFF7BCFBBDF80000E9
:102370001A2202EB4000401C01196A4605F21B10AC
:10238000FFF7B0FBBDE8F883F8B506460D46D6F872
:102390004C07C76907F5EB5000F1300420786178ED
:1023A00040EA0120A17840EA0140E17840EA01607A
:1023B00028602179607941EA0020A880A179E0793C
:1023C00041EA0020E880207A0023627A190241EA7B
:1023D00012614FEA022C1A460B4640EA0C0142EA0F
:1023E0000300A27A00231B0443EA12434FEA024C83
:1023F000024641EA0C001A43E37A0021090641EA49
:1024000013214FEA036C134640EA0C021943207B68
:102410000143607B030210461943A27B41EA02425A
:10242000E17B42EA0162C5E9020294F8340018B97E
:1024300094F8380000B1241D217B607B41EA002024
:102440002882A17BE07B41EA0021207C41EA004117
:10245000607C41EA00606861A17CE07C41EA002187
:10246000207D41EA0041607D41EA0060A861A17DD4
:10247000E07D41EA0021207E41EA0041607E41EAA0
:102480000060E861A17EE07E41EA0021207F41EA10
:102490000041607F41EA00602862A17FE07F41EA5D
:1024A00000212020005D41EA00412120005D41EA39
:1024B0000060686294F822102320005D41EA002148
:1024C0002420005D41EA00412520005D41EA0060D2
:1024D000A86294F826102720005D41EA00212820F8
:1024E000005D41EA00412920005D41EA0060E862A8
:1024F00094F82A102B20005D41EA0020288694F8E9
:102500002C102D20005D41EA00212E20005D41EAC3
:1025100000412F20005D41EA0060686394F83010AC
:102520003120005D41EA00213220005D41EA004196
:102530003320005D41EA0060A8636A4604F134017B
:1025400005F13C00FFF7CEFAF8BD2DE9F84F07463C
:102550000C4692461E46DDF82880D7F84C07D0F886
:102560001C9009F5EB5000F13005B8F1060F44D08E
:1025700007DCB8F1060F7DD2DFE808F0BB171E2597
:102580002C38B8F1090F76D006DCB8F1070F4AD025
:10259000B8F1080F6ED14FE0B8F10A0F6CD0A8F572
:1025A0007F40FF380028F5D194E02068285C307027
:1025B0002068401C20609DE02068285C3070206806
:1025C000401C206096E02068285A30802068801CDB
:1025D00020608FE02068285C21682944497840EA1F
:1025E000012030802068801C206083E0206828580B
:1025F00030602068001D20607CE02068285C216835
:102600002944497840EA012021682944897840EA30
:10261000014021682944C97840EA0160306020689F
:10262000001D206066E02068284403C8C6E9000158
:102630002068083020605DE02068295C0023284481
:1026400040781A0242EA10624FEA002C0846194606
:10265000134640EA0C02194320682844837800207E
:10266000000440EA134C42EA034041EA0C012268AC
:102670002A4402E03DE029E024E0D378002212065B
:1026800042EA132C40EA036241EA0C012068284424
:10269000007908432168294449790B0211461843FF
:1026A00022682A4492791304024608461A43216894
:1026B0002944C97942EA0162C6E90002206808306B
:1026C000206017E020681030206013E02068103090
:1026D00020600FE0206841196A463046FFF702FA91
:1026E000BDF80000012202EB400021680844206090
:1026F00000E000BF00BFBDE8F88F2DE9FC470746AA
:102700000C469046D7F84C07D0F81C9009F5EB50D2
:1027100000F13005002001902878697840EA012016
:102720002080A978E87841EA00206080287920712B
:1027300005200190608804F10803424601A9009039
:102740003846FFF702FF0198285C0199294449782F
:1027500040EA012001992944897840EA0140019921
:102760002944C97840EA0160C4F808010198001DB5
:1027700001900198285C84F80C010198401C01909C
:1027800094F80C01012802D002283BD11BE060889C
:1027900004F58873424601A900903846FFF7D5FE3C
:1027A000608804F50473424601A900903846FFF79B
:1027B000CCFE608804F54473424601A90090384677
:1027C000FFF7C3FE1FE00198285C0199294449786E
:1027D00040EA0120A4F810010198801C0190002615
:1027E0000BE06088009004F58C7000EB06234246F5
:1027F00001A93846FFF7A9FE761CB4F81001B042D3
:10280000EFD800E000BF00BFBDE8FC872DE9FC4722
:1028100081460F461646D9F84C07D0F81CA00AF599
:10282000EB5000F13004002001902078617840EAFC
:102830000120A17840EA0140E17840EA0168B8F15E
:10284000000F02D10020BDE8FC87241D361F0025A3
:1028500040E00EB90020F6E72078617840EA0120D8
:10286000A17840EA0140E17840EA016005EB4511BA
:1028700007EBC1014860241D361F2078617840EACB
:10288000012005EB451127F83100A41CB61E207865
:10289000617840EA012005EB451107EBC101488052
:1028A000A41CB61E0020019005EB451007EBC000EC
:1028B0004088009005EB451007EBC00000F10803CD
:1028C000324601A94846FFF740FE019804440198AA
:1028D000361A6D1C4545BCD34046B4E7F0B589B007
:1028E00005460E460127D5F84C07C46941F66150EC
:1028F000005D012802D0022839D133E0002142F2E4
:10290000A4100151001D0651001D015141F20200A9
:10291000ADF80000019642F2A4100059029042F274
:10292000A4100059401C42F2A41108510396012042
:102930008DF8200069462846FFF715FC01214FF469
:10294000EB5001550221401C015501270520C5F817
:10295000B00700231A4605F5F661D5F8A807F6F783
:1029600077F805E02846FFF7EFF9074600E000BFDB
:1029700000BF384609B0F0BD2DE9F04389B00546E7
:10298000884616464FF00109D5F84C07C46904F58E
:10299000EB5000F1300741F66150005D012802D094
:1029A00002285CD144E0022142F2AC10015104F54E
:1029B000EB50243042F2B0110851002142F2B41021
:1029C00001514FF40750015142F2B810015141F248
:1029D0001400ADF8000042F2A8100059019042F234
:1029E000A4100059029042F2A4100059401C42F277
:1029F000A4110851CDF80C8001208DF82000694603
:102A00002846FFF7B0FB01214FF4EB50015502219E
:102A1000401C01554FF001090520C5F8B0070023FF
:102A20001A4605F5F661D5F8A807F6F711F817E08C
:102A30002846FFF789F98146B9F1000F0ED13878A1
:102A4000797840EA01203080B978F87841EA0020AE
:102A5000708038793071002086F8080200E000BFED
:102A600000BF484609B0BDE8F083F0B589B005461F
:102A70000F460126D5F84C07C46941F66150005D48
:102A8000012802D002284CD141E0022142F2AC10D0
:102A9000015104F5EB50243042F2B01108510021ED
:102AA00042F2B41001514FF40750015142F2B810F4
:102AB000015141F20100ADF8000042F2A8100059A6
:102AC000019042F2A4100059029042F2A410005961
:102AD000401C42F2A411085100208DF820006946E4
:102AE0002846FFF740FB01214FF4EB50015502212E
:102AF000401C015501260520C5F8B00700231A46E1
:102B000005F5F661D5F8A807F5F7A2FF0AE0284613
:102B1000FFF71AF906461EB939462846FFF711F89D
:102B200000E000BF00BF304609B0F0BDF0B589B08D
:102B300005460F460126D5F84C07C46941F6615099
:102B4000005D012802D002284CD141E0022142F26E
:102B5000AC10015104F5EB50243042F2B011085191
:102B6000002142F2B41001514FF40750015142F2DA
:102B7000B810015141F20400ADF8000042F2A81073
:102B80000059019042F2A4100059029042F2A410A0
:102B90000059401C42F2A411085100208DF8200079
:102BA00069462846FFF7DFFA01214FF4EB50015543
:102BB0000221401C015501260520C5F8B00700235D
:102BC0001A4605F5F661D5F8A807F5F741FF0AE0C2
:102BD0002846FFF7B9F806461EB939462846FFF7DA
:102BE00027FB00E000BF00BF304609B0F0BD2DE973
:102BF000F0418AB005460E4690460127D5F84C07AD
:102C0000C46941F66150005D012802D002284ED10E
:102C100042E0022142F2AC10015104F5EB502430A5
:102C200042F2B0110851002142F2B41001514FF4A8
:102C30000750015142F2B810015141F20500ADF8C0
:102C4000040042F2A8100059029042F2A410005968
:102C5000039042F2A4100059401C42F2A411085102
:102C6000049601208DF8240001A92846FFF77BFA7D
:102C700001214FF4EB5001550221401C0155012761
:102C80000520C5F8B00700231A4605F5F661D5F80A
:102C9000A807F5F7DDFE0BE02846FFF755F80746D5
:102CA00027B9424631462846FFF7D5FA00E000BF73
:102CB00000BF38460AB0BDE8F0812DE9F0478AB080
:102CC00005460E4617469846DDF848A04FF0010924
:102CD000D5F84C07C46941F66150005D012802D067
:102CE000022844D136E0002142F2AC10015141F2F9
:102CF0000600ADF8040042F2A8100059029042F21A
:102D0000A4100059039042F2A4100059401C42F252
:102D1000A411085104960597CDF8188003208DF86A
:102D2000240001A92846FFF71EFA01214FF4EB50B9
:102D300001550221401C01554FF001090520C5F83D
:102D4000B00700231A4605F5F661D5F8A807F5F790
:102D50007FFE0DE02846FEF7F7FF8146B9F1000F30
:102D600004D142F290100059CAF8000000E000BF00
:102D700000BF48460AB0BDE8F0872DE9F0478AB0A9
:102D800005460E4617469846DDF848904FF0010A72
:102D9000D5F84C07C46941F66150005D012802D0A6
:102DA00002285AD146E0022142F2AC10015104F54A
:102DB000EB50243042F2B0110851002142F2B4101D
:102DC00001514FF40750015142F2B810015141F244
:102DD0000700ADF8040042F2A8100059029042F238
:102DE000A4100059039042F2A4100059401C42F272
:102DF000A411085104960597CDF8188003208DF88A
:102E0000240001A92846FFF7AEF901214FF4EB5049
:102E100001550221401C01554FF0010A0520C5F85B
:102E2000B00700231A4605F5F661D5F8A807F5F7AF
:102E30000FFE13E02846FEF787FF8246BAF1000F27
:102E40000AD1002204F5EB5000F1300109F1040031
:102E5000FFF7BCF9C9F8000000E000BF00BF504612
:102E60000AB0BDE8F0872DE9F0418AB005460E466C
:102E700017464FF00108D5F84C07C46941F6615078
:102E8000005D012802D0022850D143E0022142F225
:102E9000AC10015104F5EB50243042F2B01108514E
:102EA000002142F2B41001514FF40750015142F297
:102EB000B810015141F20800ADF8040042F2A81028
:102EC0000059029042F2A4100059039042F2A4105B
:102ED0000059401C42F2A4110851049601208DF8BB
:102EE000240001A92846FFF73EF901214FF4EB50D9
:102EF00001550221401C01554FF001080520C5F87D
:102F0000B00700231A4605F5F661D5F8A807F5F7CE
:102F10009FFD0CE02846FEF717FF8046B8F1000F32
:102F200003D139462846FFF72FFA00E000BF00BF63
:102F300040460AB0BDE8F0812DE9F0418AB005466F
:102F40000E4617464FF00108D5F84C07C46941F604
:102F50006150005D012802D002283AD134E00021FE
:102F600042F2AC10015141F20B00ADF8040042F204
:102F7000A8100059029042F2A4100059039042F2A6
:102F8000A4100059401C42F2A41108510496059760
:102F900002208DF8240001A92846FFF7E4F801215A
:102FA0004FF4EB5001550221401C01554FF0010830
:102FB0000520C5F8B00700231A4605F5F661D5F8D7
:102FC000A807F5F745FD05E02846FEF7BDFE80465B
:102FD00000E000BF00BF40460AB0BDE8F0812DE927
:102FE000F0418AB005460E4617464FF00108D5F865
:102FF0004C07C46941F66150005D012802D00228E7
:103000005DD146E0022142F2AC10015104F5EB50D3
:10301000243042F2B0110851002142F2B4100151A3
:103020004FF40750015142F2B810015142F2C4105E
:10303000075141F20900ADF8040042F2A81000590E
:10304000029042F2A4100059039042F2A4100059D9
:10305000401C42F2A4110851049601208DF824006E
:1030600001A92846FFF77FF801214FF4EB500155E5
:103070000221401C01554FF001080520C5F8B0079A
:1030800000231A4605F5F661D5F8A807F5F7E0FC28
:1030900016E02846FEF758FE8046B8F1000F0DD125
:1030A00042F2BC10005948B942F2C41108594FF419
:1030B0007D7204F5EB51303100F07CFC00E000BF84
:1030C00000BF40460AB0BDE8F0812DE9F04F89B05D
:1030D00005460E4617469846DDE912B94FF0010A3B
:1030E000D5F84C07C46941F66150005D012802D053
:1030F000022866D14AE0022142F2AC10015104F5E7
:10310000EB50243042F2B0110851002142F2B410C9
:1031100001514FF40750015142F2B810015142F2EF
:10312000C41040F804B041F21B00ADF8000042F2B8
:10313000A8100059019042F2A4100059029042F2E6
:10314000A4100059401C42F2A411085103960497A0
:10315000CDF8148003208DF8200069462846FFF73B
:1031600002F801214FF4EB5001550221401C01559A
:103170004FF0010A0520C5F8B00700231A4605F5EF
:10318000F661D5F8A807F5F763FC1BE02846FEF7C3
:10319000DBFD8246BAF1000F12D142F290100059C5
:1031A000C9F8000042F2BC10005948B942F2C411FB
:1031B000085904F5EB513031D9F8002000F0FAFB42
:1031C00000E000BF00BF504609B0BDE8F08F2DE918
:1031D000F04389B005460E46174698464FF0010960
:1031E000D5F84C07C46941F66150005D012802D052
:1031F000022855D143E0022142F2AC10015104F5FE
:10320000EB50243042F2B0110851002142F2B410C8
:1032100001514FF40750015142F2B810015149F6E3
:103220000100ADF8000042F2A8100059019042F2EE
:10323000A4100059029042F2A4100059401C42F21E
:10324000A4110851039601208DF8200069462846F4
:10325000FEF789FF01214FF4EB5001550221401C7C
:1032600001554FF001090520C5F8B00700231A46A3
:1032700005F5F661D5F8A807F5F7EAFB11E0284651
:10328000FEF762FD8146B9F1000F08D1002204F576
:10329000EB5000F130014046FEF737FC386000E0AB
:1032A00000BF00BF484609B0BDE8F0832DE9F043F8
:1032B00089B005460E46174698464FF00109D5F8E5
:1032C0004C07C46941F66150005D012802D0022814
:1032D00054D144E0022142F2AC10015104F5EB500C
:1032E000243042F2B0110851002142F2B4100151D1
:1032F0004FF40750015142F2B810015149F6020053
:10330000ADF8000042F2A8100059019042F2A4105A
:103310000059029042F2A4100059401C42F2A4113C
:1033200008510396049702208DF82000694628462C
:10333000FEF719FF01214FF4EB5001550221401C0B
:1033400001554FF001090520C5F8B00700231A46C2
:1033500005F5F661D5F8A807F5F77AFB0FE02846E2
:10336000FEF7F2FC8146B9F1000F06D142F2B4102B
:10337000025941462846FFF7C0F900E000BF00BFF0
:10338000484609B0BDE8F0832DE9F04389B0054611
:103390000E46174699464FF00108D5F84C07C46908
:1033A00041F66150005D012802D0022865D155E048
:1033B000022142F2AC10015104F5EB50243042F2EC
:1033C000B0110851002142F2B41001514FF40750DE
:1033D000015142F2B810015142F2C41001594FF4A8
:1033E0007D7204F5EB50303000F0E4FA49F6050048
:1033F000ADF8000042F2A8100059019042F2A4106A
:103400000059029042F2A4100059401C42F2A4114B
:103410000851039600200490401E0590002006905D
:10342000401E079005208DF8200069462846FEF7CB
:103430009AFE01214FF4EB5001550221401C015529
:103440004FF001080520C5F8B00700231A4605F51E
:10345000F661D5F8A807F5F7FBFA0FE02846FEF766
:1034600073FC8046B8F1000F06D142F2B410025945
:1034700039462846FFF7CAF900E000BF00BF4046C2
:1034800009B0BDE8F0832DE9F04389B005468946CF
:1034900016461F464FF00108D5F84C07C46941F69F
:1034A0006150005D012802D002284DD147E0012182
:1034B00042F2AC10015104F5EB50243042F2B0114D
:1034C000085100214FF40750015142F2B810015148
:1034D000001D015142F2C410065142F2B4100751CE
:1034E00041F20D00ADF8000042F2A8100059019021
:1034F00042F2A4100059029042F2A4100059401C5C
:1035000042F2A411085100208DF820006946284697
:10351000FEF729FE01214FF4EB5001550221401C1A
:1035200001554FF001080520C5F8B00700231A46E1
:1035300005F5F661D5F8A807F5F78AFA05E02846FB
:10354000FEF702FC804600E000BF00BF404609B025
:10355000BDE8F083704770B5064600F0F7FA0568DD
:1035600006F10B0020F00704B4429CBF002070BDA0
:103570002B466A68BAB11068A04210D304F1080162
:1035800088423CBF5068586007D3516810194160A9
:103590001168091B016058601460101D70BD13464E
:1035A0005268002AE7D12146284600F0D7FA0028C1
:1035B000DED170BD70B50446051F00F0C7FA006883
:1035C000002C14BF446870BD002C18BFAC423CBF37
:1035D00020466468F8D301680A18AA4218BF4560FB
:1035E00003D12A6805461144016028684119A142A7
:1035F0001CBF6C6070BD6168696021680844286008
:1036000070BD53EA020C00F069802DE9F04B4FF0D9
:103610000006002B1FBFB3FA83F503FA05F424FA62
:1036200005F65E4012BF1643B2FA82F502FA05F4BF
:10363000C5F120051EBF22FA05FC44EA0C04203522
:1036400056EA044C4FEA144418BF641C4FF00008BB
:103650004FF00009904271EB030C39D3002919BFD8
:10366000B1FA81F701FA07F6B0FA80F700FA07F627
:10367000C7F120071EBF20FA07FC46EA0C062037D8
:10368000B6FBF4FCA7EB0507103F07F01F0BCBF1CF
:1036900020060CFA0BFB2CFA06F644BFB3460026B4
:1036A000202FA4BF5E464FF0000B5BEA060C08BF5C
:1036B0004FF0010B19EB0B09ABFB027C48EB060842
:1036C000C01B06FB02CC0BFB03CC71EB0C01C1E76A
:1036D0000B46024641464846BDE8F08B13B54FF015
:1036E00000004FF00001AFF30080BDE81C407047C0
:1036F0000FB4044910B503AA029800F001FB10BCF6
:103700005DF814FB1000002070B50C460546012A38
:1037100005D02878800600D5EA69002302E001235D
:1037200005E05B1C934202D2E05C0028F9D1A86955
:10373000E618C01AA861286A184428622846AFF320
:10374000008004E0D5E9012114F8010B9047B44250
:10375000F8D32846AFF3008070BD00002DE9F0419A
:103760000646002410687529314616A510D0AFF31F
:103770000080002802DA404213A507E031688A077A
:1037800001D512A502E0490704D511A5012401E0E5
:10379000AFF3008000210A2206F1240709E0B0FB04
:1037A000F2FCB0FBF2F302FB1C00303078541846F8
:1037B000491C0028F3D123462A463046BDE8F04193
:1037C00000F016BA000000002D0000002B000000E1
:1037D0002000000070B504460D4621461068AFF386
:1037E00000802188090502D50F4A7A4402E00E4A7A
:1037F0007A440E32002104F1240305E000F00F06A4
:103800000009965D5E54491C0028F7D120780023FA
:10381000000704D5702D02D009B1022311322046D1
:10382000BDE8704000F0E4B9B60A00002DE9F05F91
:10383000894604464FF0000ADFF874B1FB44C0F833
:1038400020A02046E1688847002874D0252806D0AB
:10385000D4E901219047206A401C2062F1E700264C
:103860005F462046E16888472028054607DB312D62
:1038700005D2781910F8200C08B10643F1E7B0071B
:1038800001D526F00406C4F81CA00027C4F818A02F
:103890002A2D09D0284600F0E2FA38B304EB870855
:1038A000303DC8F8185019E059F8041B204604EBC5
:1038B00087029161E1688847012F054618D1E069C8
:1038C000002820DA26F020061DE0D8F8180000EBCA
:1038D000800005EB40003038C8F818002046E16849
:1038E0008847054600F0BBFA0028EED1012F0AD028
:1038F0002E2D08D12046E16888477F1C0546022FFF
:1039000046F02006C4DBA069002803DA404246F0F6
:103910000106A061F00701D026F010066C2D0BD037
:10392000682D09D04C2D39D06A2D35D0742D35D065
:103930007A2D33D016E038E0E1682F4620468847DC
:10394000B842054609D16C2F26D04FF48060E1685B
:10395000064320468847054604E06C2F1AD04FF4F2
:10396000807006430DB3A5F14100192802D8203517
:1039700046F400664A462946204626604E46DCF755
:103980005DFC80B101280BD0F61D26F0070000F188
:10399000080956E74020E4E78020D8E70020D6E772
:1039A00006F104094DE7284652E7206ABDE8F09F7A
:1039B0008C0A0000032A40F2308010F0030C00F063
:1039C000158011F8013BBCF1020F624498BF11F859
:1039D00001CB00F8013B38BF11F8013BA2F1040212
:1039E00098BF00F801CB38BF00F8013B11F003038A
:1039F00000F02580083AC0F0088051F8043B083AEE
:103A000051F804CBA0E80810F5E7121D5CBF51F88F
:103A1000043B40F8043BAFF30080D20724BF11F809
:103A2000013B11F801CB48BF11F8012B24BF00F86E
:103A3000013B00F801CB48BF00F8012B704710B5DF
:103A4000203AC0F00B80B1E81850203AA0E8185096
:103A5000B1E81850A0E81850BFF4F5AF5FEA027C57
:103A600024BFB1E81850A0E8185044BF18C918C0C6
:103A7000BDE810405FEA827C24BF51F8043B40F867
:103A8000043B08BF7047D20728BF31F8023B48BF4C
:103A900011F8012B28BF20F8023B48BF00F8012B8A
:103AA000704702F0FF0343EA032242EA024200F0B9
:103AB00002B84FF000020429C0F0128010F0030C8D
:103AC00000F01B80CCF1040CBCF1020F18BF00F811
:103AD000012BA8BF20F8022BA1EB0C0100F00DB8C0
:103AE0005FEAC17C24BF00F8012B00F8012B48BF1E
:103AF00000F8012B70474FF0000200B513469446C2
:103B00009646203922BFA0E80C50A0E80C50B1F135
:103B10002001BFF4F7AF090728BFA0E80C5048BF49
:103B20000CC05DF804EB890028BF40F8042B08BFE7
:103B3000704748BF20F8022B11F0804F18BF00F8E3
:103B4000012B70477047704770470000004870476E
:103B50002C380120704770477047704738B50446CD
:103B60000A4600206946AFF30080002808BF38BD30
:103B700002460099204600F0D9F8012038BD012006
:103B800000F0F2B8F8B5AFF30080054600200C460F
:103B9000102000BF0646A819A0420DD9324669463A
:103BA0000020AFF30080070008BF00F0DDF80098A8
:103BB000A04218BF0546C419FFF7C8FF05600746B5
:103BC000F01D20F007004619284600F00AF8B4421C
:103BD00008BFF8BDA21B31463868BDE8F84000F0C8
:103BE000A5B800210160C0E901107047102070479E
:103BF0002DE9F0470D4699469246044600F1240807
:103C00000168880604D5E06921F01001216000E018
:103C10000120A84201DD471B00E00027A1697A19B5
:103C200002EB0900081AA0612078C00602D42046E1
:103C3000AFF30080002608E0D4E901211AF806005D
:103C40009047206A401C761C20624E45F4DB2078A9
:103C5000C0060AD52046AFF3008006E0D4E9012172
:103C600030209047206A401C2062381EA7F10107CF
:103C7000F4DC07E0D4E9012118F805009047206A38
:103C8000401C2062281EA5F10105F3DC2046AFF39D
:103C900000802078000602D50220BDE8F0870120D0
:103CA000FBE7000001694A1C02610878704700B513
:103CB0008FB0CDE901310021059105497944CDE965
:103CC000031011466846FFF7B1FD0FB000BD0000BC
:103CD000E5FFFFFF10B5436913B1AFF3008001E0CA
:103CE000FFF712FD012010BD127800F124010A70C7
:103CF00000224A700122EDE711684FF0FF32E9E738
:103D0000074B70B50D467B44FFF7D1FF04462846AC
:103D100000F026F810B14FF0FF3070BD204670BDA6
:103D2000ABD9FDFF004870472438012003464068A6
:103D30008C46002818BF88423CBF03464068F8D331
:103D400018681844884207D00CF1030020F00700DF
:103D5000001D411A521A0146081D0A60FFF72ABCCD
:103D6000007B00F08000704710B500F037F8BDE828
:103D7000104000F02EB87546FFF7D4FFAE460500A0
:103D80006946534620F00700854618B020B5DCF799
:103D9000EBFABDE820404FF000064FF000074FF06F
:103DA00000084FF0000B21F00701AC46ACE8C00959
:103DB000ACE8C009ACE8C009ACE8C0098D46704762
:103DC00010B50446AFF300802046BDE81040DCF794
:103DD00056BA002801D0DDF786BC704710B501281F
:103DE00005D0002103A000F021F8012010BD09A199
:103DF000F8E7000053494752544D454D3A204F755E
:103E000074206F662068656170206D656D6F7279D2
:103E1000000000003A2048656170206D656D6F728A
:103E20007920636F727275707465640070B50546B1
:103E30000C460A2000E06D1CDDF757FC35B12878F0
:103E40000028F8D102E0641CDDF74FFC14B12078A3
:103E50000028F8D1BDE870400A20DDF746BC3038B4
:103E60000A2801D201207047002070474FF04070AF
:103E7000E1EE100A70470000E04203080000000075
:103E8000000000000000000000000000000800002A
:103E9000180000000000000000000000000000000A
:103EA00000000000010203040607080900000000EA
:103EB0000102030473506C63416463496E697400CA
:103EC000686D6955617274496E697400686D6955F1
:103ED00061727453656E6443686172000006101667
:103EE00000061016C9960208CF960208E996020845
:103EF0005D970208F19702082001002001000000F0
:103F000000000000000000000100000000000000B0
:103F1000010000000100000020010020010000005D
:103F2000010000000000000001000000000000008F
:103F3000010000000100000020010020010000003D
:103F4000020000000000000001000000000000006E
:103F5000010000000100000020010020010000001D
:103F6000030000000000000001000000000000004D
:103F700001000000010000002001002001000000FD
:103F8000040000000000000001000000000000002C
:103F900001000000010000002001002001000000DD
:103FA000050000000000000001000000000000000B
:103FB00001000000010000002001002001000000BD
:103FC00006000000000000000100000000000000EA
:103FD000010000000100000020010020010000009D
:103FE00007000000000000000100000000000000C9
:103FF0000100000001000000220100200800000074
:104000000006000000000000650000000000000045
:1040100065000000010000000060313233343536A5
:10402000373839302D3D000D097177657274797517
:10403000696F705B5D5C006173646667686A6B6C76
:104040003B27000A00007A786376626E6D2C2E2F73
:104050000000000000200000000000000000000040
:1040600000000000000000000D0000000000000043
:10407000000000373431002F383532302A393633DA
:104080002E2D2B000A0000000000000000000000A0
:1040900000000000000000000000007E21402324FA
:1040A000255E262A28295F2B0000005157455254CF
:1040B0005955494F507B7D7C004153444647484AFF
:1040C0004B4C3A22000A00005A584356424E4D3C8F
:1040D0003E3F000000000000000000000000000063
:1040E00000000000000000000000000000000000D0
:1040F00000000000000000000000000000000000C0
:1041000000000000000000000000000000000000AF
:10411000000000000000000000000000000000009F
:104120001F32302113222324182526273433191A4D
:10413000111420151731122F162E0203040506073D
:1041400008090A0B2B6E0F103D0C0D1B1C1D2A2895
:1041500029013536371E70717273747576777879E8
:104160007A7B7C7D7E4B50554C5156594F54535A57
:104170005F64696A6C5D62675C61665B6065636809
:104180002D81000000000000000000000000000081
:10419000000000000000000000000000000000001F
:1041A000006B00380000000000000000000000006C
:1041B00000000000000000000000000000000000FF
:1041C00000000000000000000000000000000000EF
:1041D00000000000000000000000000000000000DF
:1041E00000000000000000000000000000000000CF
:1041F0000000000000000000000000003A2C3C7F9E
:1042000040393E802D010020010000000000000028
:10421000000000000100000000000000010000009C
:10422000010000002D01002001000000010000003D
:10423000000000000100000000000000010000007C
:10424000010000002D01002001000000020000001C
:10425000000000000100000000000000010000005C
:10426000010000002E0100200800000000000100F5
:1042700000000000FFFF000000000000FFFF000042
:10428000010000002F0100200800000000000100D4
:1042900000000000FFFF000000000000FFFF000022
:1042A000010000003031323334353637383941427D
:1042B0004344454640305800303132333435363788
:1042C0003839616263646566403078000400000834
:1042D00000000000000000020001000010000000CB
:1042E00064656661756C745461736B00436F6E74C2
:1042F000726F6C206572726F723A20476574204449
:10430000657669636520636F6E666967757261744F
:10431000696F6E2064657363726970746F72207266
:10432000657175657374206661696C656400000071
:10433000436F6E74726F6C206572726F723A2047B1
:1043400065742044657669636520446573637269AA
:1043500070746F72206661696C65642C206461748E
:1043600061206275666665722073697A652069737B
:1043700073756500436F6E74726F6C206572726F37
:10438000723A2047657420537472696E67204465E1
:104390007363726970746F72206661696C65642CF6
:1043A0002064617461206275666665722073697A43
:1043B0006520697373756500436F6E74726F6C204E
:1043C0006572726F723A2047657420636F6E66691A
:1043D0006775726174696F6E20446573637269708A
:1043E000746F72206661696C65642C20646174610D
:1043F000206275666665722073697A6520697373D9
:1044000075650000415544494F0000004344430096
:1044100048494400436F6E74726F6C206572726F0E
:10442000723A20476574204849442044657363729A
:104430006970746F72206661696C65642C206461B8
:104440007461206275666665722073697A65206999
:104450007373756500000000436F6E74726F6C209B
:104460006572726F723A2047657420484944205241
:1044700065706F72742044657363726970746F72D3
:10448000206661696C65642C2064617461206275CA
:10449000666665722073697A652069737375650055
:1044A0004D5343004D545000204D545020646576C8
:1044B00069636520696E666F2073697A6520657827
:1044C000636565647320696E7465726E616C2062E9
:1044D00075666665722073697A652E20202020201B
:1044E000202020202020202020206F6E6C79206149
:1044F0007661696C61626C652064617461206172CF
:1045000065206465636F6465642E00002C450308B4
:104510000000002080010000C4010108C04503081C
:10452000800100200877010020020108D10319242E
:10453000F432100277011AAA0101102D0444030875
:10454000901812E1C302081BC70208CBCC0208CFA7
:10455000D30208FD04411A0C203202481319D70275
:10456000087DD9020811DA0208DBDC0208A3DD208D
:104570001A10203203180BF9DE020863E10208ADBD
:10458000E2404EE4020841E62001281AA048293101
:10459000180A29EC020813EE02086B044F15EF020B
:1045A0000875F7481AA420320638142F060308F7B6
:1045B00008030897090308D50D03084514032000D4
:040000050801018964
:00000001FF
