:020000040800F2
:10000000208501206D03000811A00008658F0008FD
:100010000DA00008592F0008094B0108000000003E
:10002000000000000000000000000000AD02000819
:10003000C53200080000000009030008EFD90008DD
:100040008703000887030008870300088703000868
:100050008703000887030008870300088703000858
:100060008703000887030008870300088703000848
:100070008703000887030008870300088703000838
:100080008703000887030008870300088703000828
:100090008703000887030008870300088703000818
:1000A0008703000887030008870300088703000808
:1000B00087030008870300088703000887030008F8
:1000C00087030008870300088703000887030008E8
:1000D000870300088703000887030008FDE5000880
:1000E00087030008870300088703000887030008C8
:1000F000E1DC0008C9DC000887030008870300086A
:1001000087030008870300088703000887030008A7
:100110008703000887030008870300088703000897
:100120000D3100081D31000887030008870300080F
:100130008703000887030008870300088703000877
:1001400087030008870300088703000811CC000814
:100150008703000887030008870300088703000857
:100160008703000887030008870300088703000847
:1001700087030008870300088703000800000000C9
:10018000870300088703000800F002F800F07FF8FA
:100190000AA090E8000C82448344AAF10107DA45E2
:1001A00001D100F074F8AFF2090EBAE80F0013F0B5
:1001B000010F18BFFB1A43F0010318472871020012
:1001C000687102000A444FF0000C10F8013B13F074
:1001D000070408BF10F8014B1D1108BF10F8015BA0
:1001E000641E05D010F8016B641E01F8016BF9D193
:1001F00013F0080F1EBF10F8014BAD1C0C1B09D1EA
:100200006D1E58BF01F801CBFAD505E014F8016B5B
:1002100001F8016B6D1EF9D59142D6D370470000ED
:100220000023002400250026103A28BF78C1FBD8FF
:10023000520728BF30C148BF0B607047662925F0C0
:100240000F85642900F0F081782900F02982632964
:1002500000F0D987732900F0DE87002070471FB5B2
:1002600025F0F1FC9DE8030000F0FCFC01F0AEFA83
:1002700004000020002124F02BFF401C60600020BF
:10028000002124F00FFFE0601FBD10B510BD01F08C
:1002900084FD1146FFF7E3FF1BF052FE01F0D4FF8F
:1002A00003B4FFF7F2FF03BC14F088FD2C4B196870
:1002B0000868B0E8F04F80F30988BFF36F8F4FF004
:1002C000000080F3118870470000000008480068B3
:1002D000006880F308884FF0000080F3148862B64D
:1002E00061B6BFF34F8FBFF36F8F00DF00BF00BF5A
:1002F00008ED00E0DFF80C00016841F470010160D6
:10030000704700BF88ED00E0EFF30980BFF36F8F07
:10031000134B1A681EF0100F08BF20ED108A20E959
:10032000F04F106009B44FF0500080F31188BFF314
:100330004F8FBFF36F8F23F03DFB4FF0000080F332
:10034000118809BC19680868B0E8F04F1EF0100F5A
:1003500008BFB0EC108A80F30988BFF36F8F704735
:100360001C000020EFF3058070470000094880471B
:1003700009480047FEE7FEE7FEE7FEE7FEE7FEE787
:10038000FEE7FEE7FEE7FEE704480549054A064B9F
:1003900070470000B9DA00088901000820450120F3
:1003A000208501202065012020650120704770B55F
:1003B000064600F03BFC056806F10B0020F0070440
:1003C000B4429CBF002070BD2B466A68BAB1106869
:1003D000A04210D304F1080188423CBF5068586025
:1003E00007D35168101941601168091B01605860FA
:1003F0001460101D70BD13465268002AE7D12146D3
:10040000284600F01BFC0028DED170BD70B5044604
:10041000051F00F00BFC0068002C14BF446870BD81
:10042000002C18BFAC423CBF20466468F8D301687A
:100430000A18AA4218BF456003D12A68054611442C
:10044000016028684119A1421CBF6C6070BD6168E1
:10045000696021680844286070BD53EA020C00F00E
:1004600069802DE9F04B4FF00006002B1FBFB3FA57
:1004700083F503FA05F424FA05F65E4012BF16432D
:10048000B2FA82F502FA05F4C5F120051EBF22FA80
:1004900005FC44EA0C04203556EA044C4FEA1444A7
:1004A00018BF641C4FF000084FF00009904271EB38
:1004B000030C39D3002919BFB1FA81F701FA07F605
:1004C000B0FA80F700FA07F6C7F120071EBF20FA3E
:1004D00007FC46EA0C062037B6FBF4FCA7EB050741
:1004E000103F07F01F0BCBF120060CFA0BFB2CFA88
:1004F00006F644BFB3460026202FA4BF5E464FF049
:10050000000B5BEA060C08BF4FF0010B19EB0B095F
:10051000ABFB027C48EB0608C01B06FB02CC0BFBC6
:1005200003CC71EB0C01C1E70B460246414648463D
:10053000BDE8F08B13B54FF000004FF00001AFF3B2
:100540000080BDE81C4070470FB4044910B503AAF1
:10055000029800F065FE10BC5DF814FB3C01002021
:100560000FB41CB5074B06AA7B446946009005985A
:1005700000F027FE0020694600F036FE1CBC5DF846
:1005800014FB00007D0C000070B50446856900680E
:10059000C10601D5302600E02026C00707D070BD77
:1005A000D4E9012130469047206A401C20626D1E2C
:1005B000F6D570BD70B5044685690078C00707D1CF
:1005C00070BDD4E9012120209047206A401C2062A0
:1005D0006D1EF6D570BD70B50C460546012A05D0D6
:1005E0002878800600D5EA69002302E0012305E0AF
:1005F0005B1C934202D2E05C0028F9D1A869E6189E
:10060000C01AA861286A184428622846FFF7BCFF70
:1006100004E0D5E9012114F8010B9047B442F8D366
:100620002846FFF7C7FF70BD2DE9F04106460024BC
:1006300010687529314616A510D0AFF30080002848
:1006400002DA404213A507E031688A0701D512A5F6
:1006500002E0490704D511A5012401E0AFF30080B1
:1006600000210A2206F1240709E0B0FBF2FCB0FBEE
:10067000F2F302FB1C00303078541846491C002865
:10068000F3D123462A463046BDE8F04100F02BBBAB
:10069000000000002D0000002B00000020000000E2
:1006A00070B504460D4621461068AFF300802188DE
:1006B000090502D50F4A7A4402E00E4A7A440E3206
:1006C000002104F1240305E000F00F060009965D07
:1006D0005E54491C0028F7D120780023000704D578
:1006E000702D02D009B1022311322046BDE87040BE
:1006F00000F0F9BAD66802002DE9F05F8946044699
:100700004FF0000ADFF824B1FB44C0F820A02046D7
:10071000E168884700287DD0252806D0D4E901214A
:100720009047206A401C2062F1E700255F46204682
:10073000E16888472028064607DB312E05D2B81924
:1007400010F8200C08B10543F1E7A80701D525F002
:100750000405C4F81CA00027C4F818A02A2E09D04C
:10076000304614F024FB38B304EB8708303EC8F859
:10077000186019E059F8041B204604EB87029161C8
:10078000E1688847012F064618D1E069002820DA81
:1007900025F020051DE0D8F8180000EB800006EBDE
:1007A00040003038C8F818002046E16888470646FF
:1007B00014F0FDFA0028EED1012F0AD02E2E08D118
:1007C0002046E16888477F1C0646022F45F0200539
:1007D000C4DBA069002803DA404245F00105A061AE
:1007E000E80701D025F01005A6B1A6F141001928AF
:1007F00002D8203645F400654A4631462046256039
:100800004D46FFF71BFD60B1012807D0ED1D25F017
:10081000070000E007E000F1080978E705F10409A6
:1008200075E730467AE7206ABDE8F09FAC680200C1
:100830000FB400B58DB010A9099000910B904FF046
:10084000FF300A9000200C90064878440690064835
:1008500078446A4607900F9909A800F083FF0DB00D
:100860005DF814FB370F00004F0F00002DE9FF5F0C
:100870001D464FF0FF3B91464FF000085F46D5E91B
:100880000146A96901987F1C8847296A82468847E2
:100890000028F6D1BAF1FF3F0CD0002E24F4C0643A
:1008A00019DD600614D5BAF12B0F09D0BAF12D0F5E
:1008B0000ED103E0584604B0BDE8F09F44F48064D4
:1008C000A96901987F1C8847761E8246002E02DDAA
:1008D000BAF1300F03D0B9F1000F26D032E0A96988
:1008E000761E01987F1C44F400748847002E8246CF
:1008F00005DDBAF1780F06D0BAF1580F03D0B9F17F
:10090000000F10D01EE0B9F1000F02D0B9F1100FA6
:1009100018D1A969761E01987F1C24F400748847B9
:100920008246102002E0082000E00A20814609E00B
:10093000A96908FB0908761E01987F1C44F400741D
:1009400088478246002E05DD4946504600F07AFC75
:100950000028EDDAE96901988847A00502D46FF014
:100960000100A8E7E00725D1600613D5600502D590
:10097000C8F1000000E0404629680A1D2A600968A5
:10098000220501D5087015E0220701D5088011E085
:1009900008600FE02868011D29600068210502D564
:1009A00080F8008006E0210702D5A0F8008001E071
:1009B000C0F8008038467EE740EA0103024630B5C1
:1009C0009B0710D14FF0013400E008C208C91D1B7D
:1009D0009D4315EAC41FF8D013F0FF0102F8011B74
:1009E0000DD01B0AF8E711F8013B002B02F8013B80
:1009F00005D011F8013B002B02F8013BF3D130BDCB
:100A000010B5431C02E010F8011B71B18107FAD147
:100A10004FF0013202C88C1A8C4314EAC211F9D08B
:100A2000C01A0A0603D0C01E10BDC01A10BD0A04A9
:100A300001D0801E10BD0902FCD0401E10BD032A4B
:100A400040F2308010F0030C00F0158011F8013BEB
:100A5000BCF1020F624498BF11F801CB00F8013BD2
:100A600038BF11F8013BA2F1040298BF00F801CB96
:100A700038BF00F8013B11F0030300F02580083A6D
:100A8000C0F0088051F8043B083A51F804CBA0E8C4
:100A90000810F5E7121D5CBF51F8043B40F8043B19
:100AA000AFF30080D20724BF11F8013B11F801CB4E
:100AB00048BF11F8012B24BF00F8013B00F801CB1F
:100AC00048BF00F8012B704710B5203AC0F00B80EA
:100AD000B1E81850203AA0E81850B1E81850A0E842
:100AE0001850BFF4F5AF5FEA027C24BFB1E818509C
:100AF000A0E8185044BF18C918C0BDE810405FEA0C
:100B0000827C24BF51F8043B40F8043B08BF704787
:100B1000D20728BF31F8023B48BF11F8012B28BF8C
:100B200020F8023B48BF00F8012B704702F0FF039A
:100B300043EA032242EA024200F002B84FF0000208
:100B40000429C0F0128010F0030C00F01B80CCF1DF
:100B5000040CBCF1020F18BF00F8012BA8BF20F84D
:100B6000022BA1EB0C0100F00DB85FEAC17C24BFA1
:100B700000F8012B00F8012B48BF00F8012B70474B
:100B80004FF0000200B5134694469646203922BF26
:100B9000A0E80C50A0E80C50B1F12001BFF4F7AF71
:100BA000090728BFA0E80C5048BF0CC05DF804EB53
:100BB000890028BF40F8042B08BF704748BF20F8C1
:100BC000022B11F0804F18BF00F8012B704710B5B1
:100BD000044610F0030F08BF11F0030F40F015801A
:100BE0004FF0013E121FC0F20E8051F8043BA3EB00
:100BF0000E0C2CEA030C1CEACE1C08BF40F8043B88
:100C0000F0D0A1F1040102F10402521E08DB11F838
:100C1000013B002B00F8013BF7D11146FFF78EFF97
:100C2000204610BD7047704770470000004870476D
:100C3000C8440120704770477047704738B5044674
:100C40000A4600206946AFF30080002808BF38BD7F
:100C500002460099204600F0C1FD012038BD012068
:100C600001F094B8F8B5AFF30080054600200C46BB
:100C7000102000BF0646A819A0420DD93246694689
:100C80000020AFF30080070008BF01F07FF8009854
:100C9000A04218BF0546C419FFF7C8FF0560074604
:100CA000F01D20F007004619284600F00AF8B4426B
:100CB00008BFF8BDA21B31463868BDE8F84000F017
:100CC0008DBD00210160C0E9011070471020704700
:100CD00010B500F07FFD006810BD10B5044600F0AF
:100CE00079FD046010BD2DE9F0470D469946924606
:100CF000044600F124080168880604D5E06921F063
:100D00001001216000E00120A84201DD471B00E046
:100D10000027A1697A1902EB0900081AA06120785E
:100D2000C00602D42046FFF72FFC002608E0D4E9D5
:100D300001211AF806009047206A401C761C2062A8
:100D40004E45F4DB2078C0060AD52046FFF71CFC90
:100D500006E0D4E9012130209047206A401C20623F
:100D6000381EA7F10107F4DC07E0D4E9012118F8E7
:100D700005009047206A401C2062281EA5F101054D
:100D8000F3DC2046FFF716FC2078000602D502208F
:100D9000BDE8F0870120FBE770472DE9FF4F0C46C7
:100DA0001E464FF0FF378BB0D2E90001DDF86080BE
:100DB0000A908A46C1F30A5505B93D460021084606
:100DC0004FF00000BAF1000F00F4400005DA00EB2C
:100DD00080004FF4400101EA50004FEA9059B9F108
:100DE000010F00DDB9460A9850EA4A000ED044F6D9
:100DF0001050A5F2FF3545432F14B8F1000F1ED057
:100E00007542291E1EDDC9F100021CE0B8F1010F78
:100E10004FF0000001D0302103E0F24305E02154FF
:100E2000401CB042FBDB30460022002121540B99CC
:100E3000C1F80880C1E900200FB0BDE8F08FBD1BEC
:100E40006D1CDEE74A4600DA694206A800F028FF7A
:100E500006AB93E8070003AB83E8070050460A9906
:100E600001F094FA8DE80700A0F500501F380090BB
:100E70000398002D0ADD42F21F014A460844002370
:100E800003A90390684601F03FFD09E0A0F500507A
:100E90004A461F38002303A90390684601F05EFD0F
:100EA0008DE807000004000C03D04FF0FF3041082C
:100EB00000E01046B8F1000F03D000220092154662
:100EC0001EE0751E05D400F0A3FC303262556D1E85
:100ED000F9D5B3460122084302D000227F1C04E06A
:100EE0002078302801D100227F1E002A099784D063
:100EF0001DE0112D07DA00F08BFC303262556D1CBD
:100F000050EA0102F5D1084302D00098C8B10EE0C2
:100F10000021681E05E0235C625C63542254401E7D
:100F2000491C8142F7DBAB46A81B401E09900020FC
:100F300004F80B000B98099AC0F80880C0E9002B50
:100F40007AE711264FF0000857E72DE9F04F884661
:100F50000446D21D22F0070191B0D1E90001CDE98C
:100F60000A0113F0D3FD02460B98C00F01D02D20CB
:100F700007E02068810701D52B2002E0202101EA4B
:100F8000C000032A099001D0072A05DB0346414629
:100F9000204600F08BFC0BE12078800601D5E0694B
:100FA00000E00620B8F1650F814606D0B8F1660F63
:100FB00018D0B8F1670F70D131E00020B9F1110FEE
:100FC000009001DB112301E009F101030AAA01A944
:100FD0000CA8FFF7E2FEDDE90C70002609F101051F
:100FE000834647E001204B4600904FF000470AAA95
:100FF00001A90CA8FFF7D1FEDDE90DB00C995D4603
:10100000002610B909F101000D18B9EB050003D451
:10101000C0F1FF3609F10105A5EB09002BE0B9F19C
:10102000010F01DA4FF001090020B9F1110F009012
:10103000484601DD112300E003460AAA01A90CA8D5
:10104000FFF7ABFEDDE90C704D46002683462078A5
:1010500000070AD4AB4500DA5D4601A8012D04DD86
:10106000411911F8011C302907D04F4502DA17F158
:10107000040F04DA012082460FE06D1EEEE7002F18
:1010800002DCED1B3E4403E0781CA84200DD7D1C21
:10109000B81B00F1010A4FF000472078000703D485
:1010A000AA4501DB4FF0FF3A0021B7F1004F0DF1E7
:1010B00043088DF8431024D002202B23002F01DA9F
:1010C0007F422D230A21021EA0F1010000DC5FB146
:1010D00097FBF1FC97FBF1F201FB1C7C17460CF12E
:1010E000300C08F801CDEEE7A8F10100037021886B
:1010F000090501D5452100E06521A0F1010800F8AE
:10110000011C09980FA9A1EB0807FF1D00B10120E0
:10111000411901EBEA70A1693844081A401EA06128
:101120002078C00602D42046FFF72EFA099828B18D
:10113000D4E901219047206A401C20622078C00633
:1011400022D52046FFF720FA1EE0002E04DBB3452F
:1011500002DD01A8805D00E03020D4E90121904744
:10116000206A401C2062761CAAF101005FEA000A96
:101170000AD100F02BFBC0680168405CD4E9012172
:101180009047206A401C2062281EA5F10105DCDC86
:1011900007E0D4E9012118F8010B9047206A401CB0
:1011A0002062381EA7F10107F3DC2046FFF702FAA0
:1011B000032011B041E6000001694A1C0261087871
:1011C000704700B58FB0CDE9013100210591054987
:1011D0007944CDE9031011466846FFF78DFA0FB048
:1011E00000BD0000E5FFFFFF0A6802F8010B0A607E
:1011F000704710B5436913B1AFF3008001E0FFF70A
:10120000EAF9012010BD127800F124010A700022D1
:101210004A700122EDE711684FF0FF32E9E7000064
:10122000074B70B50D467B44FFF7CBFF04462846BD
:1012300000F0A8FD10B14FF0FF3070BD204670BD2A
:10124000DB9D01003A2800D2303820F02002412AEC
:1012500001D3A2F13700884201D34FF0FF3070472D
:101260002DE9FF4F06468BB00878FF2806D0491CB1
:101270002D2805D000244FF0000908E000200CE0E4
:101280000124F8E709EB8903491C00EB43090878BE
:10129000FF28F7D114B1C9F100008146107800256C
:1012A0002C46AA4629462D2801D02B2804D1521CB1
:1012B0002D2813D0002082468B461078FF280FD0AF
:1012C0004FF0000C0A21521CA5FB017804FB0181A0
:1012D00005FB0C11C5194BEB0104EEE70120EAE711
:1012E000002108464FF00000BAF1000F02D000EBD9
:1012F00080004008C0F38157012F01DD4FF0FF3718
:101300000E9955EA040009EB01080BD04FF00209D1
:1013100018F5FA7F16DA4FEACA70002F706008DD00
:10132000012007E04FEACA70C6E900B00FB0BDE87F
:10133000F08F0020306000F04DFAC0F800901821C6
:10134000084616E0B8F5FA7F18DD002F02DAF748F4
:10135000784401E0F6487844D0E90010C6E900106E
:1013600040EACA70706000F035FAC0F800901421AD
:1013700008460FB0BDE8F04F24F06FBC00210846CE
:101380004FF00000B8F10001099002DAC7F1000245
:1013900000E03A4601DAC8F1000106A800F080FC3E
:1013A00006AB93E8070003AB83E8070044F23E0076
:1013B0005BEA04010090584604D144F21E012C4619
:1013C0005D460091210C0904014306D100992404D3
:1013D00044EA15442D041039009104F07F41014383
:1013E00006D10099240244EA15642D0208390091BF
:1013F00004F07041014306D10099240144EA1574B8
:101400002D01091F009104F04041014306D10099CC
:10141000A40044EA9574AD00891E009104F00041D7
:10142000084304D100986D196441401E00904FF0AC
:1014300001033A466846B8F1000FCDE9014503A91A
:1014400002DD01F0A0FA01E001F073FABAF1000F39
:1014500004460D4601D084F00044002108464FF0B8
:101460000000099940F2FF77484010F00C0F07D1B7
:1014700024F00040284303D0C4F30A50B84212D1EC
:1014800000F0A8F9C0F80090C4F30A50B8420AD19D
:10149000A8487844D0E90010C6E9001004F00041E3
:1014A0000843706042E7C6E900543FE72DE9FF4F6B
:1014B0001F464FF0000A4FF0FF38454691B0D7E97C
:1014C0000146CDF83CA000F081F9C0680168405C9D
:1014D0001090B96912986D1C8847396A814688470F
:1014E0000028F6D1B9F1FF3F0AD0002E24F4D064D1
:1014F00011DDB9F12B0F08D0B9F12D0F0BD102E09E
:10150000404615B013E744F48064B96912986D1C25
:101510008847761E8146600504A901D52D2000E08C
:101520002B20002E01F1010B0DF130088DF8100079
:101530003FDDB9F1690F08D0B9F1490F05D0B9F114
:101540006E0F02D0B9F14E0F1CD13B4601A8009599
:1015500080E85002DDE912126FF0020024F0E6FB91
:10156000C11CCED10EE0B96912986D1C8847814626
:101570001398761E44F4007405600F98401C002EEA
:101580000F9016DDB9F1300FEDD0B9F1780F02D020
:10159000B9F1580F0DD10F9801280AD13B46CDE97A
:1015A0000054DDE91212001F029624F0BDFBC11C9D
:1015B000A7D1109989453ED144F0800406E01399E3
:1015C000681CAAF1010A44F400740860B9696D1C32
:1015D0001298761E884730288146F0D02BE010996B
:1015E000894505D1200603D4761E44F0800418E016
:1015F000484613F0DCFB08B3761E0DF123018B4542
:1016000044F4007408D2A9F130000BF8010B200655
:1016100007D5AAF1010003E0200602D40AF1010077
:101620008246A00502D51399681C0860B969129812
:101630006D1C88478146002ED1DC53E0002E51DD21
:10164000B9F1650F02D0B9F1450F4BD1A00549D5CD
:10165000B9696D1C1298761E24F440748847002ED8
:1016600081460CDD2B2804D0B9F12D0F07D144F4AD
:101670008074B96912986D1C8847761E8146E00512
:1016800001D52D2100E02B2108F8011BCDF80080A9
:1016900021E0761E0DF13901884544F400740CD226
:1016A000A9F1300010F0FF0088F8000002D1009985
:1016B000884509D908F1010806E0E00501D51E4872
:1016C00001E042F20F708246B96912986D1C88479A
:1016D000814613980560002E04DD484613F067FB31
:1016E0000028D6D1F96912988847FF2053468BF815
:1016F000000088F8000000200A900B9004AA0CA9B2
:101700000AA8FFF7ADFDA00502D46FF00100F8E6CE
:1017100014F0240F12D0E0071CD13868DDE90A125A
:10172000031D3B600068C0E9001213E0D85F0200AF
:10173000CA5F02008E5E0200F1D8FFFF0AA9684668
:1017400013F022FBE00705D13868009A011D3960CB
:10175000006802602846D4E60268114413780160EC
:1017600018467047D160054979445161044979446C
:10177000116200211161114600F0D8B8EDFFFFFFA2
:1017800029010000426842B1016811F8013B23B110
:10179000521EC0E90012184670470121C160881E20
:1017A000704742685AB1C368016843B983688B4285
:1017B00005D0491E521CC0E90012002070474FF0AE
:1017C000FF30704700487047C04401200048704710
:1017D000E044012000487047C044012003464068AF
:1017E0008C46002818BF88423CBF03464068F8D3A7
:1017F00018681844884207D00CF1030020F0070055
:10180000001D411A521A0146081D0A60FEF7FEBD6E
:1018100030B5B0F10A024FEA900E71F100034EEAC2
:10182000817EB0EB0E0061EB91014FEA101E4EEA93
:10183000017E10EB0E0041EB11114FEA102E4EEA23
:10184000016E10EB0E0041EB11214FEA104E4EEAF3
:10185000014E10EB0E0041EB1141401841F1000127
:101860004FEAD00040EA41704FEAD10110EB800509
:101870004FEA810444EA907444EB01046D1944EB8F
:101880000404521BA3414FF0000348BF0A3200D5A5
:1018900030BD401C41F1000130BD10B5044600F0E0
:1018A000A1FA0068005D00F0010010BD2DE9F041D3
:1018B0001F46044603260168072A01F4006004DB82
:1018C00008B116A505E016A503E008B115A500E0CE
:1018D00015A521F010002060A069C01EA0610FB105
:1018E000401EA0612046FEF74FFE4FB1D4E9012112
:1018F00038469047206A401C2062C01C206206E0E7
:10190000206AFAE7D4E9012115F8010B9047761E09
:10191000F8D22046FEF74EFEBDE8F0814E414E0063
:101920006E616E00494E4600696E66002DE9F34F08
:101930004FF0000A0C4656468DB001200C9001F184
:101940000C000B9062690B9801219047051E2DD069
:10195000252D2CD0216A8847C0B162690B980121DE
:101960009047216A88470028F7D16269411E0B9889
:10197000904700E0761CA1690D988847216A884746
:101980000028F7D1E1690D988847DBE7A1690D9838
:101990008847A842074601D1761CD3E7E1690D9834
:1019A00088477F1C02D1BAF1000F6FD06BE16269EA
:1019B0000B9800273D46394690472A2804D1626992
:1019C0000B98012190470125DFF8D08262690B98BE
:1019D00001219047A0F130010A290AD24745E5DCF0
:1019E00007EB870100EB4107303FDFD445F01005DE
:1019F000ECE7E90601D46FF000476C280AD04C28C8
:101A000014D0682815D06A280DD074281CD07A28E4
:101A10001AD01DE062690B98012190476C2802D012
:101A200045F0040514E045F002050DE045F0200501
:101A30000AE062690B9801219047682802D045F0BE
:101A4000080505E045F4006562690B98012190479F
:101A5000C4E9015765283DD019DC58287AD00CDC40
:101A6000452837D004DC252826D041289ED131E0F6
:101A700046282FD0472899D12CE05B2877D06128C1
:101A800028D063287CD0642823D15AE0F6E06F2860
:101A900048D008DC66281DD067281BD0692821D0D3
:101AA0006E2816D127E0702845D0732868D0752895
:101AB00047D078280DD14DE0A1690D988847252899
:101AC00005463FF469AFE1690D9888476D1C3FF406
:101AD0006AAFD8E00D9923466A466FF0010024F002
:101AE00021F9C5E045F0400023464FF00002606058
:101AF000A80736D43EE0E8077FF447AF2068011D11
:101B000021600068290501D506701BE7290701D56A
:101B1000068017E7A90703D5F117C0E9006111E7AF
:101B200006600FE745F0400023464FF00802606072
:101B3000A80716D41EE040F60E0125EA01006060F9
:101B400016E045F0400023464FF00A026060A80707
:101B500007D40FE045F040006060A80708D5234691
:101B600010220D996FF00100AFF3008080E007E0D4
:101B7000102223460D996FF00100FEF777FE77E003
:101B80004FF0000963284F46C8464B46CB4602D06B
:101B90005B2806D038E0E80601D40120A0600127C8
:101BA00032E06269D4F80CB00B98012190475E28AE
:101BB00007D14FF0010949466269D4F80CB00B987F
:101BC0009047216939B900210A4603AB43F8212027
:101BD000491C0829FADBD8B3216949B308F1010887
:101BE00062690B98012190475D28F4D1B9F1000F8B
:101BF00009D0002003A951F82020D24341F8202029
:101C0000401C0828F7DB03AB2069002820794FEA45
:101C100040701ED05B462246CDF80080CDE901978A
:101C20000D9900286FF0010020DAAFF300801FE06B
:101C3000C11703AA00EBD1614B1121F01F0102EB88
:101C40008302411A13680120884003431360C7E7E9
:101C500019E00D99224600286FF00100009702DA82
:101C6000AFF3008004E0AFF3008001E0AFF3008049
:101C700000280ADA401C06D10C9820B14FF0FF3042
:101C80000FB0BDE8F08F5046FAE7E90701D10AF13D
:101C9000010A064400200C9054E60000CCCCCC0C89
:101CA0002DE9F047814616468AB0354878440DC87C
:101CB0008DE80D0032487844801C03AC0DC884E8E0
:101CC0000D0041F69B300844372190FBF1F290FB68
:101CD000F1F5A5F1800501FB12041B3C02D564421D
:101CE000012000E00020DFF898A080460027FA4499
:101CF000AAF1BE0A0EE0E0070AD03246684607EBBA
:101D0000470101230AEB810100F028FE8DE807005E
:101D100064107F1C002CEED1194F7F44AE3F19E0B8
:101D2000E80715D007EB04100DF1180A90E80E0033
:101D30008AE80E00C068F04201D198190890324636
:101D4000012306A903A800F009FE03AB83E80700FE
:101D50006D10641C002DE3D14FF00103324669463B
:101D6000B8F1000F03A802D000F0CEFD01E000F0B2
:101D7000F5FDC9E90001C9F808200AB0BDE8F087FF
:101D800098530200007B00F08000704710B500F00F
:101D900069FABDE8104000F060BA7546FFF712FD21
:101DA000AE4605006946534620F00700854618B048
:101DB00020B5FEF7E9FABDE820404FF000064FF0ED
:101DC00000074FF000084FF0000B21F00701AC4670
:101DD000ACE8C009ACE8C009ACE8C009ACE8C0098F
:101DE0008D46704710B5FFF7F1FC001D10BD00BF18
:101DF000E13202002DE9FF4F1F464FF03C0987B04A
:101E00004FF00042DDE9141001F10108DDF858A09F
:101E100002EA4050039000200590834605460446A0
:101E20000490B969461E08988847AAF1010A0290F1
:101E3000BAF1000F3BDD02982E2815D01021FFF7D4
:101E400001FA00282EDB4FF0010B0599014317D052
:101E5000B9F1000F0BDB4A46C11700F06BFA0543DE
:101E60000C43A9F1040905E0012004900BE008B13E
:101E700045F0010501200590049820B9361D02E0C7
:101E8000049800B1361FB969089808F1010888471D
:101E9000BBF1000FAAF1010A0290C9D00999C1F85B
:101EA0000080C5E70298702808D0502806D0F9694C
:101EB00008988847BBF1000F14D04FE00020029033
:101EC0000120BBF1000F049009D0B969089808F10E
:101ED00001088847AAF10109B9F1000F07DCF96987
:101EE000089888476FF001000BB0BDE8F08F2B28F1
:101EF00004D02D280CD14FF0FF300490B969089818
:101F000008F101088847A9F10109B9F1000FE6DDE0
:101F1000411CE4D00A21FFF795F90028DFDB029984
:101F200008F1010801EB810100EB41000290B96961
:101F3000089888470A21FFF785F9099AA9F101094C
:101F4000B9F1000FC2F8008001DD0028E7DAF96975
:101F5000089888470499029800FB016655EA040036
:101F600004D004F04041090002D006E0039898E054
:101F7000A40044EA9574AD00B61E04F000410800C8
:101F800002D16D196441761E159810F0240F03D00C
:101F90004FF00B095C4803E04FF028096FF07D001B
:101FA0008246564507DAAAEB06018944B9F1410F8A
:101FB00001DD4FF0410901200021A9F1010200F0EB
:101FC000B9F9024628400B462140084301D00121BF
:101FD00000E00021501E029143F1FF3128402140D2
:101FE000084301D0012000E000200299834651EA15
:101FF0000B014FD0002108464FF00000039900F478
:10200000400039B100EB80004FF4400100EBD0708C
:1020100001EA60008015012802DD4FF0FF3000E08A
:1020200013D0401C36D0029860B3BBF1000F0CD126
:102030004A460120002100F07DF928402140084354
:1020400001D0012000E00020E0B101204A4600213B
:1020500000F070F9034640190A4661412D1A8C417F
:1020600011D3B9F1400F09DD159810F0240F02D0FB
:10207000AAF1340603E0AAF1170600E0761C002559
:102080004FF0004406E05B1E42F1FF3220EA0305F8
:1020900021EA0204CAF10100B04206DA1B490398A2
:1020A00008430190002000900EE0039AC4F3D3216E
:1020B000E80A0A43164940EA44500A433146CDE94A
:1020C0000002684612F069FE159810F0240F0BD03C
:1020D0001598C00715D13868DDE90012031D3B6073
:1020E0000068C0E900120CE002A8694612F04CFE3C
:1020F0001598C00705D13868029A011D396000683B
:1021000002604046F0E6000002FCFFFF0000F07FA6
:102110000000F03F2DE9FF4F92461D4685B04FF07D
:102120000041DDE9124BDDE914727F1E01EA4B50DC
:10213000414940F0FF4940EA0108002122F0200017
:102140004928049102D04E2828D04CE03BA001261B
:1021500007C88DE80700A9690698641C88477F1E98
:10216000014606D41DF8060018B121F02001814275
:102170000BD0E96906988847032E34D0082E32D058
:102180006FF0010009B0BDE8F08F761C032E01D07E
:10219000082EE0D1601CCAF80000DCE7A9690698A7
:1021A000641C88477F1E2AD420F02000412826D1B5
:1021B000A9690698641C88477F1E20D420F020005F
:1021C0004E281CD1A9690698641C88477F1E48F4D4
:1021D000002849F48009CAF8004001D4282806D014
:1021E000E969069888475FEACB7012D022E0A969B6
:1021F0000698641C88477F1E01D4002803DAE96929
:1022000006988847BCE72928F1D1641CCAF8004029
:10221000E9E71BF0240F07D028680499031D2B6001
:102220000068C0E9001805E02868021D2A600068FF
:10223000C0F800902046A5E70000F07F494E4649CF
:102240004E4954590000000010B50446AFF3008019
:102250002046BDE81040FEF723B8002801D012F058
:10226000ADBD704710B5012805D0002103A000F0D6
:1022700074F8012010BD09A1F8E700005349475246
:10228000544D454D3A204F7574206F662068656146
:1022900070206D656D6F7279000000003A2048650E
:1022A0006170206D656D6F727920636F72727570E9
:1022B000746564004FF0013C50F8042B51F8043B66
:1022C0009A4221D1A2EB0C03934313EACC1317D10A
:1022D00050F8042B51F8043B9A4215D1A2EB0C03A1
:1022E000934313EACC130BD150F8042B51F8043B61
:1022F0009A4209D1A2EB0C03934313EACC13DBD02F
:102300004FF00000704700BFD01A01BAB1FA81F156
:1023100001F0180122FA01F0CB40C1F12001DBB23B
:10232000C0B2C01A2CFA01F3D11A914311EAC311B9
:10233000E6D17047B2F120030AD5C2F1200301FAB9
:1023400002F120FA03F300FA02F041EA03017047B8
:1023500000FA03F14FF00000704770B505460C46D7
:102360000A2000E06D1C12F02BFD35B12878002802
:10237000F8D102E0641C12F023FD14B1207800288B
:10238000F8D1BDE870400A2012F01ABD5FEA400C97
:1023900008BF91F0000F4FEA8C234FEAC12243EAB5
:1023A00051514FEA1C5018BF00F5F0404FEA300081
:1023B00018BF41F000415FEA6C5C00F02980BCF17D
:1023C000FF3F08BF40F080407047130C06BF120467
:1023D0004FF0100C4FF0000C130E04BF12020CF162
:1023E000080C130F04BF12010CF1040C930F04BF6F
:1023F00092000CF1020CD30F04BF52000CF1010C3F
:1024000011464FF00002A0F11F00A0EB0C00704736
:1024100011F0004F08BF704731F000413FF4D5AFD5
:102420000B0C06BF09044FF0100C4FF0000C0B0E04
:1024300004BF09020CF1080C0B0F04BF09010CF1D9
:10244000040C8B0F04BF89000CF1020CCB0F04BFEE
:1024500049000CF1010CCCF12003A0EB0C0022FA96
:1024600003F302FA0CF241EA030100F101007047A4
:1024700020F07F4C80EA030023F07F47ACEB07039A
:1024800003F57C5300F0004003F1FF032DE9804980
:102490004FEA154B09B44FEA144325EA0B4E24EAE0
:1024A00003480FF2042606EB132749083E785FEA3B
:1024B000320203FB0667C7F5000707FB06F64FEA83
:1024C00054374FEAD64606F1020607FB066CCCF1FC
:1024D000005C4FEA1C472CEA074C07FB06F40CFB98
:1024E00006F504EB15464FEA961634BF00204FF070
:1024F00000404FEAD13706FB07FC4FEA1C4C0CFBAF
:102500000BF7D21B03FB0CF761EB07010CFB0EF77B
:10251000B0EB074072EB17420CFB08F734BFA2EB9D
:102520000742B2EB074261EB17414FEA0C444FEA16
:10253000910706FB07FC4FEA1C4C0CFB0BF7B0EBBA
:10254000C74072EB573203FB0CF734BFA2EBC74214
:10255000B2EBC74261EB57310CFB0EF7B0EBC70093
:1025600072EB57720CFB08F734BFA2EBC702B2EB59
:10257000C70261EB5771039F4FEA816141EA9211F3
:1025800004EBCC044FEAD1374FEA826206FB07FC2A
:1025900042EA90124FEA80604FEA1C4C0CFB0BF7AA
:1025A000D21B03FB0CF761EB07010CFB0EF7B0EB42
:1025B000074072EB17420CFB08F734BFA2EB07424F
:1025C000B2EB074261EB17414FEA8C554FEA910796
:1025D00004EB9C2406FB07FC4FEA1C4C0CFB0BF79E
:1025E000B0EBC74072EB573203FB0CF734BFA2EBE2
:1025F000C742B2EBC74261EB57310CFB0EF7B0EBB1
:10260000C70072EB57720CFB08F734BFA2EBC7028E
:10261000B2EBC70261EB577115EB4C254FEA8161B4
:1026200041EA92114FEA82624FEAD13742EA9012B0
:1026300006FB07FC44F100044FEA80604FEA1C4CA3
:102640000CFB0BF7D21B03FB0CF761EB07010CFB38
:102650000EF7B0EB074072EB17420CFB08F734BFE4
:10266000A2EB0742B2EB074261EB174115EB1C15D9
:102670004FEA813141EA92414FEA823242EA904286
:102680004FEA80304FEA0C7644F1000448EA0343F5
:102690004EEA0B484FF0000EB2EB080C71EB03074B
:1026A00024BF624639464EEB0E0E4FF0000B001869
:1026B000524149414BEB0B0BB2EB080C71EB03079A
:1026C0007BF1000B24BF624639464EEB0E0E4FF0F5
:1026D000000B0018524149414BEB0B0BB2EB080CBD
:1026E00071EB03077BF1000B24BF624639464EEBCA
:1026F0000E0E51EA020718BF46F0010616EB0E76E1
:1027000055F1000254F1000103D5BDE88901BDE88F
:102710000088BDE88901BDE80048B619524141EB87
:102720000101A3F10103704780807F7E7D7C7B7A6D
:102730007978777676757473727171706F6E6E6D6D
:102740006C6C6B6A6A696868676666656464636313
:1027500062616160605F5F5E5E5D5D5C5C5B5B5A99
:102760005A59595858575756565555555454535306
:1027700052525251515050504F4F4F4E4E4D4D4D61
:102780004C4C4C4B4B4B4A4A4A49494948484847AC
:1027900047474746464645454544444444434343EA
:1027A000434242424241414146EA0646A3F5705344
:1027B0004FEA164646EA42564FEAD22242EA4152D0
:1027C00010B54FEAD121A3F1010300F02FF820F05A
:1027D000004000F1020C00F0004701EB00501146F0
:1027E000BCF5006F40EA070000D210BDBAF1000F3F
:1027F0000AD01CB503B44FF004004FF004014FF0B1
:1028000000000FBCBDE810404FF00001BBF1010F0C
:10281000B9BF04484FF0FF310348002140EA0700E8
:1028200010BD00BFFFFFEF7F0000F07F002B9C4634
:1028300030D477002BD01CB54FEA370703B44FF0E4
:1028400010004FF01001BAF1000F06D0BCF1000FDC
:10285000DCBF40F0080040F008014FF000000FBC62
:10286000BDE810400BF1010BBBF1010F08BF5FEA9F
:10287000170722BF12F1010211F101014FF00041CF
:1028800043F1000300F0004043EA00007047F9D331
:102890005708D0E746EA064613F1400F4FEA1646BE
:1028A0001FDD13F1200FDFBF16430A46002120333E
:1028B0005B42BED0C3F1200746EA064602FA07F79C
:1028C0004FEA164646EA0706C3F1200722FA03F24A
:1028D00001FA07F721FA03F14FF0000342EA070279
:1028E000A7E746EA020646EA06464FEA164646EAE1
:1028F0000106BCBF46EA0646360C4FF000034FF017
:1029000000024FF0000194E72DE9804C9A4693466F
:1029100070B491E8380007C831EA400C48BF34EA87
:10292000430C03D5FFF7A4FDFFF780FFF0BCBDE823
:10293000008C2DE9804C9A46934670B491E838009B
:1029400007C831EA400C48BF34EA430C03D5FFF70F
:102950008FFDFFF729FFF0BCBDE8008C2DE9804C0E
:102960009A46934670B491E8380007C810F0804F3B
:1029700008BF13F0804F03D100F01AF8FFF756FF9D
:10298000F0BCBDE8008C2DE9804C9A46934670B4AB
:1029900091E8380007C810F0804F08BF13F0804F4F
:1029A00003D100F005F8FFF7FFFEF0BCBDE8008C96
:1029B00020F07F4780EA030023F07F4C07EB0C03F5
:1029C000A3F57C5300F00040A3F1FE0392F0000F4A
:1029D00000F0B38095F0000F00F077802DE90149F9
:1029E0004FEA11404FEA144621EA004800FB06FC7A
:1029F00024EA064708FB06F607FB08F800FB07F782
:102A000018EB06484CEB164C4FEA124B18EB0748F4
:102A10004FEA15464CEB174022EA0B4E0BFB06FC27
:102A200025EA06470EFB06F607FB0EFE0BFB07F733
:102A30001EEB064E4CEB164C4FF000061EEB074EFD
:102A40004CEB174B18EB0B0840F1000018EB0E0B8A
:102A500058EB000840F100008F1A4FF000013CBF16
:102A6000C943661B14BFB5EB040C00213CBFC9432E
:102A7000F61B4FEA17444EEA8E0E27EA04454FEA4A
:102A80001C4704FB07622CEA074C05FB07F70CFB0D
:102A900005F604FB0CFC16EB074642EB174216EB5F
:102AA0000C4642EB1C421BEB060658EB020241416E
:102AB00046EA9E0601D5BDE80189B619524141EBAF
:102AC0000101A3F10103BDE801894FEA14454FEA72
:102AD000114724EA054621EA074C05FB07F406FBEB
:102AE00007F70CFB06F105FB0CFC11EB074144EB6F
:102AF00017444FEA124711EB0C4144EB1C4422EA05
:102B0000074C05FB07F206FB07F70CFB06F605FB77
:102B10000CFC16EB074642EB174216EB0C4642EB59
:102B20001C456A1854F1000148BF7047B61952415C
:102B300041EB0101A3F10103704795F0000F37D07D
:102B40004FEA11424FEA144721EA024624EA074CB1
:102B500002FB07F106FB07F70CFB06F402FB0CFC7B
:102B600014EB074441EB17414FEA154714EB0C44B3
:102B700041EB1C4125EA074C02FB07F506FB07F772
:102B80000CFB06F602FB0CFC16EB074645EB174563
:102B900016EB0C4645EB1C42121951F1000148BFDF
:102BA0007047B619524141EB0101A3F1010370478F
:102BB0004FEA14454FEA114724EA054621EA074C3B
:102BC00005FB07F106FB07F70CFB06F24FF00006CA
:102BD00005FB0CFC12EB074241EB174112EB0C42D8
:102BE00051EB1C4148BF7047921841EB0101A3F122
:102BF0000103704770B50546AC6B206C00F05000C7
:102C000050BB206C40F4007020642068806800F0A5
:102C10004050E8B9207ED8B92068C06A00F470003E
:102C200020B12068806800F4806088B9206840681E
:102C300020F0200021684860206C20F4807020641F
:102C4000206C00F4805018B9206C40F00100206422
:102C5000204600F0A3FF0BE0206C00F0100018B13C
:102C6000204600F0B4FF03E0A06BC16C2846884703
:102C700070BD70B50546AC6B40202064606C40F0C0
:102C800004006064204600F0A2FF70BD70B50446E9
:102C9000A56B284600F09AFF70BD000055494A68B0
:102CA00022F440324A604A6843681A434A60026824
:102CB000526822F4807203685A600268536802699D
:102CC00043EA022203685A600268526822F04072A6
:102CD00003685A600268526883681A4303685A603E
:102CE0000268926822F4006203689A60026892683F
:102CF000C3681A4303689A603F4B826A9A4218D0AD
:102D00000268926822F0706203689A6002689268B2
:102D1000836A1A4303689A600268926822F04052FC
:102D200003689A6002689268C36A1A4303689A60EB
:102D30000BE00268926822F0706203689A60026891
:102D4000926822F0405203689A600268926822F00A
:102D5000020203689A6002689368027E43EA4202B4
:102D600003689A602022125CA2B10268526842F4A1
:102D7000006203685A600268526822F46042036885
:102D80005A6002685368426A521E43EA423203683C
:102D90005A6005E00268526822F4006203685A60D3
:102DA0000268D26A22F470020368DA620268D36AA7
:102DB000828B521E43EA02520368DA62026892680A
:102DC00022F4007203689A600268936890F83020D9
:102DD00043EA422203689A600268926822F48062A1
:102DE00003689A6002689368426943EA8222036832
:102DF0009A607047002301400100000F074931F934
:102E0000101047F6FF72914207DA044931F81010AA
:102E1000491C09B2014A22F81010704798EA0020B4
:102E20000146064A02EB41006FF0004302689A42F5
:102E300002D00268521C02607047000098EA00202D
:102E40002DE9FC4704460D4616461F464FF0010883
:102E5000D4F84C05D0F81C90A9F8907102200346D4
:102E60002A460621CDE9006020460BF053FD80463E
:102E70004046BDE8FC8710B50446EE2018F008FB7C
:102E8000B12018F005FB122018F002FB200A18F000
:102E9000FFFAE0B218F0FCFA10BD10B5FF2018F0F0
:102EA000F7FAFC2018F0F4FAFF2018F0F1FAFF20EE
:102EB00018F0EEFA10BD70B504460D46200A18F061
:102EC000E7FAE0B218F0E4FA002018F0E1FA012085
:102ED00018F0DEFAE8B218F0DBFA70BD70B50446FF
:102EE0000D46200A18F0D4FAE0B218F0D1FA022008
:102EF00018F0CEFAE8B218F0CBFA70BD70B50546FE
:102F00000C46280A18F0C4FAE8B218F0C1FA0020FA
:102F100018F0BEFA042018F0BBFA200E18F0B8FA28
:102F2000C4F3074018F0B4FAC4F3072018F0B0FA5D
:102F3000E0B218F0ADFA70BD70B504460D46200A37
:102F400018F0A6FAE0B218F0A3FA012018F0A0FADF
:102F5000E8B218F09DFA70BD00BFFEE72DE9F04120
:102F60000646D6F84C05C469002794F84E0003289D
:102F700002D0042833D109E0237B628B3046216ADA
:102F80000CF0B3FD042084F84E0029E0217B30468C
:102F90000EF02FF90746012F20D1217B30460EF08D
:102FA000E8F80546A16A481B0CD0608BA84209D1FD
:102FB000A06A401BA062206A28442062032084F893
:102FC0004E0005E0002084F84E0030460CF082FFF1
:102FD00000231A46042130460FF04FFE00E000BFE8
:102FE00000BFBDE8F081F8B50546D5F84C05C469C9
:102FF000002694F84D00012802D002284FD119E094
:10300000208B616A814208D901200090637B228B6A
:103010002846E1690CF07EFD08E001200090637B0A
:10302000A08C82B22846E1690CF074FD022084F87D
:103030004D0035E0617B28460EF0DBF80646012E98
:1030400021D1208B616A814208D9208B616A081ADC
:103050006062208BE1690844E06101E00020606269
:10306000606A18B1012084F84D0005E0002084F862
:103070004D0028460CF032FF00231A460421284652
:103080000FF0FBFD0AE0022E08D1012084F84D006C
:1030900000231A46042128460FF0EFFD00E000BF90
:1030A00000BFF8BD10B5044620461AF096FE002079
:1030B000014921F8140010BD98EA002010B504461B
:1030C00020461AF08AFE611C88B21AF086FE0020A3
:1030D000044921F814000021024A601C22F8101053
:1030E00010BD000098EA0020074931F9101011F5D1
:1030F000004F07DD044931F81010491E09B2024A99
:1031000022F810107047000098EA002010B502481D
:1031100001F0FCF910BD0000CCC1012010B502483F
:1031200001F0F4F910BD00002CC20120014608781E
:1031300010381823B0FBF3F20848805CC865032AF6
:1031400005D908686FF30900001D886503E0086869
:103150006FF309008865886D70470000BC5D020848
:10316000014600208A6A8B69CBB932B1012A0DD0A1
:10317000022A03D0032A10D10EE000BFCB6A03F06D
:103180008073B3F1807F00D1012007E0CB6AB3F1F7
:10319000C07F00D1012001E000E000BF34E08B6976
:1031A000B3F5005F1AD132B1012A07D0022A03D049
:1031B000032A11D10AE000BF01200EE0CB6A03F020
:1031C0008073B3F1807F00D1012006E0CB6AB3F1B8
:1031D000C07F00D1012000E000BF15E032B1012A1C
:1031E00005D0022A04D0032A0CD103E000BF00BF9F
:1031F000012008E0CB6A03F08073B3F1807F00D137
:10320000012000E000BF00BF704730B504682468AB
:1032100024F4802405682C60046863608468402C72
:1032200004D10468A2600468E16003E00468A1605E
:103230000468E26030BD70B50446002505E0002159
:1032400004F2545040F825106D1C102DF7D30025C2
:1032500004E0002104F58E7041556D1CB5F5007F2A
:10326000F7D30020207060700120A0700020C4F807
:103270009405012121764021A1710021617684F815
:103280001C13012184F81D13002184F81F1384F8F6
:103290001E134FF4807104F11C00FDF74FFC4FF436
:1032A000007104F58E70FDF749FC122104F22630FE
:1032B000FDF744FC4FF4FF7104F54E70FDF73EFC42
:1032C000002070BD7047000010B50D4B9A220DA173
:1032D00013A0FDF739F9002017490968486216481C
:1032E00003F020FD18F006FA002014490880144964
:1032F00008801449087001201349087010BD0000AF
:10330000336602082E2E5C2E2E5C73506C63506F59
:1033100072745C73506C634C617365722E63000051
:1033200025732C25642C25733A6C617365722073A8
:10333000746F70210A00000090020020EC00002051
:10334000F2000020FC000020FE00002072B600BF4A
:10335000FEE730B504460D4600222946204600F01F
:1033600001F830BDF0B50346012500241148407A2C
:1033700001281CDA00200F4E767A0E4FB8553846D9
:10338000467A001D40F82630001F467A08308255E4
:103390003E46707A461C7E72044604F13000087086
:1033A0003A2048702F2088700020C87000252846D9
:1033B000F0BD0000E41E002010B51AF0D7FF1AF08F
:1033C000C7FD1AF0D4FF10BD10B504461AF0CEFFA9
:1033D0000A4B03EBC4114FF4087202EBC41290B213
:1033E000802215F0B5FC064B4FF4F37205A10BA03B
:1033F000FDF7AAF81AF0BBFF10BD0000780201200B
:10340000EC6502082E2E5C2E2E5C73506C635C7390
:10341000506C6346756E2E630000000025732C25EA
:10342000642C25733A73617665204F6E652046449F
:10343000204E5652414D20646F6E652E2E2E0A008E
:1034400010B5002201B909E0012901D10A0205E005
:10345000022901D10A0201E04FF440720E4B1B68B1
:1034600023F440730C4C236023461B6813432360F2
:1034700023461B6823F07803236023461B6802243D
:1034800044EAC0042343044C236023461B6843F4EE
:103490008033236010BD0000103C02401C480068CF
:1034A00000F40070B0B11A48006820F400701849A8
:1034B000086000BF0846006840F4006008600846E5
:1034C000006820F40060086000BF0846006840F40F
:1034D000007008600E48006800F48060B0B10C48CD
:1034E000006820F480600A49086000BF0846006850
:1034F00040F4805008600846006820F4805008605E
:1035000000BF0846006840F4806008607047000013
:10351000003C024010B54FF0006000F029F80F4960
:1035200008600F4800F024F80C490968401A401C54
:103530000C49086000200C49086008480068886051
:1035400008480068C860022008610849064801F080
:10355000D1F908B1012010BD0020FCE72C010020AA
:10356000FBFF00083001002008C5012034010020C5
:10357000014600202C4A914203D2B1F1006F00D3E2
:1035800050E02A4A914204D2274A914201D30120B5
:1035900048E0274A914204D2244A914201D30220B2
:1035A00040E0244A914204D2214A914201D30320AF
:1035B00038E0214A914204D21E4A914201D30420AC
:1035C00030E01E4A914204D21B4A914201D30520A9
:1035D00028E01B4A914204D2184A914201D30620A6
:1035E00020E0184A914204D2154A914201D30720A3
:1035F00018E0154A914204D2124A914201D30820A0
:1036000010E0124A914204D20F4A914201D309209C
:1036100008E00F4A914204D20C4A914201D30A2099
:1036200000E00B2070470000004000080080000808
:1036300000C00008000001080000020800000408A3
:10364000000006080000080800000A0800000C0836
:1036500000000E080A4A126822F44072084B1A60F1
:103660001A46126842F004021A601A4612684FF4B1
:10367000803343EA00231A43014B1A60704700006D
:10368000103C0240074A126822F44072054B1A604F
:103690001A4612681A601A46126842F001021A604D
:1036A00001707047103C024010B50A49096821F4C6
:1036B0004071084C21602146096841F44071216045
:1036C0002146096841F0010121600260BFF36F8F5C
:1036D000436010BD103C0240084A126822F4407258
:1036E000064B1A601A46126842F480721A601A4633
:1036F000126842F001021A6001807047103C0240DB
:10370000084A126822F44072064B1A601A46126880
:1037100042F400721A601A46126842F001021A60FE
:1037200001607047103C02402348006800F0100020
:1037300040B12248C06940F010002049C861102003
:103740001D4908601C48006800F0200040B11B487B
:10375000C06940F008001949C86120201649086076
:103760001548006800F0400040B11448C06940F0BE
:1037700004001249C86140200F4908600E480068E3
:1037800000F0800040B10D48C06940F002000B49D4
:10379000C8618020084908600748006800F00200FE
:1037A00040B10648C06940F020000449C8610220C9
:1037B00001490860704700000C3C024008C001202D
:1037C00070B50446002500201449C86101F05CFA78
:1037D000054609E0601C38B124B101F055FA401BE0
:1037E000A04201D9032070BD0D48006800F480306C
:1037F0000028EFD10A48006800F0010010B1012054
:10380000074908600648006800F0F20018B1FFF7A9
:103810008BFF0120E7E70020E5E7000008C001205A
:103820000C3C024070B504460D460848844208D856
:103830002A4600232146022001F0BCF818B10120DD
:1038400070BD0120FCE70020FAE70000FBFF000844
:1038500070B5044620461AF0B9FA2046E21704EB88
:10386000127212110A4B33F912202146E31704EBAE
:1038700013731B11A4EB03131A4102F0010515B1D8
:1038800009F080FD02E0204609F098FE70BD0000BE
:1038900098EA002070B5DDE9044501608280002BC4
:1038A00001DD1E4600E001268671B5EEC00AF1EE8C
:1038B00010FA02D2DFED110A0BE0F7EE000AB4EEC7
:1038C000E00AF1EE10FA02DDF7EE000A01E0F0EE98
:1038D000400AC0ED020A0473A54201DD2E4600E055
:1038E00026464673DFED050AC0ED040ADFED030A44
:1038F000C0ED050A0476447670BD000000000000AB
:1039000070B5044694ED050AD4ED020AB7EE001A2C
:1039100071EE600A20EE200AD4ED040A94ED021A3A
:1039200000EE810A84ED050A204611F097FA207E08
:10393000617E451A002D09DD617EA079A84201DA79
:10394000A07900E02846084460760CE0002D0ADAF1
:10395000684205B2617EA079A84201DAA07900E050
:103960002846081A6076607E217B884201DA207B37
:103970006076607E617B884201DD607B607670BD31
:1039800070B504460D46EE2017F082FDB12017F009
:103990007FFDAB2017F07CFD200E17F079FDC4F3FE
:1039A000074017F075FDC4F3072017F071FDE0B272
:1039B00017F06EFD280E17F06BFDC5F3074017F0EA
:1039C00067FDC5F3072017F063FDE8B217F060FD4F
:1039D000FF2017F05DFDFC2017F05AFDFF2017F0C7
:1039E00057FDFF2017F054FD70BD70B504460D461D
:1039F000A12121742121617400216182A18207210A
:103A0000E1820722294620460CF09BFA70BD000097
:103A100038B502460020009000BF92F83C00012813
:103A200001D1022038BD012082F83C0000BF0868A7
:103A3000092816D91068C0680C780A3C04EB4405C4
:103A40000724AC40A0431468E0600C780A3C04EB07
:103A500044048868A0401468E46820431468E06067
:103A600013E0106800690C7804EB44050724AC40AF
:103A7000A043146820610C7804EB44048868A040DB
:103A8000146824692043146820614868072817D205
:103A90001068406B0C79641E04EB84051F24AC4055
:103AA000A04314686063088880B20C79641E04EB3C
:103AB0008404A0401468646B20431468606331E0A0
:103AC00048680D2817D21068006B0C79E41F04EBCE
:103AD00084051F24AC40A04314682063088880B28A
:103AE0000C79E41F04EB8404A0401468246B204389
:103AF0001468206316E01068C06A0C790D3C04EB72
:103B000084051F24AC40A0431468E062088880B29A
:103B10000C790D3C04EB8404A0401468E46A204353
:103B20001468E062194B1A4C1068A04206D108686C
:103B3000122803D1586840F480005860144C106873
:103B4000A0421CD10868102802D00868112816D19C
:103B5000586840F400005860086810280FD10D48DC
:103B600000680D4CB0FBF4F000EB800040000090CA
:103B700002E00098401E009000980028F9D100BF94
:103B8000002082F83C0000BF00BF4BE7002301404B
:103B9000002001401800002040420F00074A016841
:103BA000914202D10121064A1170064A01689142F0
:103BB00002D10121044A1170704700000020014029
:103BC000D7C0012000220140D9C0012070477047B2
:103BD00070B5044600250CB9012070BD1549A06AD6
:103BE000884200D000BF206C30B9204600F024F895
:103BF0000020606484F83C00206C00F0100088B95C
:103C0000206C20F4885040F0020020642046FFF72A
:103C100045F800206064206C20F0020040F00100B4
:103C2000206400E0012500BF002084F83C0000BFB4
:103C30002846D2E70100000F10B586B004461421D3
:103C400001A8FCF79DFF50492068884249D100BF78
:103C5000002000904D48006840F480704B49086097
:103C60000846006800F48070009000BF00BF00BFED
:103C70000020009045481438006840F00400434993
:103C8000143908600846006800F00400009000BF86
:103C900000BF0F200190032002900020039001A993
:103CA0003B4800F0E9FE3B483B4908600020486083
:103CB000002139488160C1604FF480610161490091
:103CC0004161890081610021C1610162416200F0AE
:103CD0003DFD08B1FFF73AFB00BF2F48A0638463A6
:103CE00050E02E49206888424CD100BF002000904F
:103CF0002648006840F4806024490860084600684F
:103D000000F48060009000BF00BF00BF0020009062
:103D10001E481438006840F020001C49143908601F
:103D20000846006800F02000009000BF00BF4FF47C
:103D3000E0700190032002900020039001A9184830
:103D400000F09AFE13481830164908604FF0806062
:103D50004860002113488160C1604FF480610161B7
:103D600049004161890081610021C16101624162B4
:103D700000F0ECFC08B1FFF7E9FA00BF0948A063C6
:103D8000846300BF06B010BD0020014044380240EB
:103D90000008024010640240CCC101200022014012
:103DA000001402402CC201202DE9F84304460D46C0
:103DB000164600200090804600BF94F83C00012881
:103DC00002D10220BDE8F883012084F83C0000BF46
:103DD0002068806800F00100A0B92068806840F089
:103DE000010021688860564800685649B0FBF1F030
:103DF00000EB4000009002E00098401E0090009808
:103E00000028F9D12068806800F48070B0F5807FC8
:103E100005D12068806820F480702168886020685F
:103E2000806800F0010000287FD0206C40F2016122
:103E3000884340F4807020642068406800F480600B
:103E400028B1206C20F4005040F480502064206C95
:103E500000F48050B0F5805F04D1606C20F0060063
:103E6000606401E00020606400BF002084F83C0032
:103E700000BF354F3548A16BC8633548A16B086456
:103E80003448A16BC8646FF0220021680860206884
:103E9000406840F08060216848602068806840F495
:103EA000807021688860226802F14C0133462A46FE
:103EB000A06B00F0C1FC8046786800F01F0018BBC2
:103EC00025492068884213D024492068884204D1BB
:103ED000381D006800F01F0050B121492068884259
:103EE0002BD11948001D006800F01F00102824D2B3
:103EF0002068806800F04050F8B92068806840F081
:103F000080402168886018E013492068884214D1F5
:103F10002068806800F0405078B92068806840F0E0
:103F200080402168886008E0FFE7206C40F01000C6
:103F30002064606C40F001006064404642E700008D
:103F40001800002040420F0000230140F52B00081C
:103F50008D2C0008732C0008002001400021014036
:103F60000022014070B50446002500BF94F83C00D3
:103F7000012801D1022070BD012084F83C0000BF5F
:103F80002068806820F001002168886020688068CF
:103F900000F00100F8B92068806820F48070216882
:103FA0008860A06B90F83500022808D1A06B00F063
:103FB00043FA05461DB1206C40F0400020642068A3
:103FC000406820F0806021684860206C20F48850B0
:103FD00040F00100206400BF002084F83C0000BFD6
:103FE0002846C8E770B504460CB9012070BD94F8A6
:103FF000200010B9204600F0AFF82068006840F0BB
:1040000001002168086000F03FFE05460DE000F069
:104010003BFE401B0A2808D9606A40F40030606209
:10402000052084F820000120E0E72068406800F0C7
:1040300001000028EBD02068006820F00200216811
:10404000086000F021FE05460DE000F01DFE401B5B
:104050000A2808D9606A40F400306062052084F8BC
:1040600020000120C2E72068406800F0020000281C
:10407000EBD1207E012806D12068006840F0800046
:104080002168086005E02068006820F08000216851
:104090000860607E012806D12068006840F040007A
:1040A0002168086005E02068006820F04000216871
:1040B0000860A07E012806D12068006840F020003A
:1040C0002168086005E02068006820F02000216871
:1040D0000860E07E012806D12068006820F010000A
:1040E0002168086005E02068006840F01000216841
:1040F0000860207F012806D12068006840F0080091
:104100002168086005E02068006820F00800216848
:104110000860607F012806D12068006840F0040034
:104120002168086005E02068006820F0040021682C
:104130000860D4E902010843216908436169084322
:104140006168491E08432168C8610020606201203F
:1041500084F82000002049E710B586B004461421F9
:1041600001A8FCF70DFD4749206888423AD146482E
:104170000068401C444908600846006801280FD1C7
:1041800000BF002000904148006840F000703F49A7
:1041900008600846006800F00070009000BF00BF93
:1041A00000BF0020009039481038006840F002003D
:1041B0003649103908600846006800F00200009097
:1041C00000BF00BF4FF44070019002200290002019
:1041D0000390032004900920059001A92C4800F0C9
:1041E0004BFC4DE02B492068884249D100BF00209C
:1041F00000902648006840F0806024490860084626
:10420000006800F08060009000BF00BF1E4800689A
:10421000401C1D4908600846006801280FD100BFF6
:10422000002000901948006840F0007017490860AD
:104230000846006800F00070009000BF00BF00BF9B
:104240000020009011481038006840F002000F492B
:10425000103908600846006800F00200009000BFB6
:1042600000BF4FF4405001900220029000200390C4
:10427000032004900920059001A9054800F0FCFBEB
:1042800006B010BD0064004000C00120403802406C
:10429000000402400068004070B503460C46002050
:1042A00002255D711D68AD6845F001051E68B560A9
:1042B000002104E054F821501E683560491C9142E9
:1042C000F8D31D68286801255D7170BD10B50446DE
:1042D0000CB9012010BD607920B900202071204662
:1042E00000F004F8012060710020F3E708B50A4AE5
:1042F000016891420FD100BF002100910749096870
:1043000041F48051054A11601146096801F4805159
:10431000009100BF00BF08BD0030024030380240AD
:10432000F0B50346002603B109B90120F0BD00BF76
:104330005879012801D10220F8E70120587100BF07
:10434000022018711868046802F0100740F6FE7029
:10435000B8408443D1E9000740EA070502F01000A5
:1043600005FA00F00443186804601868006802F059
:10437000100CC02707FA0CF7B8431F6838600120FB
:10438000187100BF0020587100BF3046CEE710B54D
:1043900004460CB9012010BD207920B900206071BD
:1043A000204600F009F80220207100202061012041
:1043B00020710020EFE7000010B586B004461421FC
:1043C00001A8FCF7DDFB1949206888422BD100BF0A
:1043D000002000901648006840F000501449086022
:1043E0000846006800F00050009000BF00BF00BF0A
:1043F000002000900E481038006840F001000C4981
:10440000103908600846006800F00100009000BF05
:1044100000BF30200190032002900020039001A9EA
:10442000044800F029FB06B010BD000000740040F5
:10443000403802400000024070B50446A56D00F00F
:1044400023FC064694F83500022808D080206065D9
:1044500000BF002084F8340000BF012070BD206838
:10446000006820F01600216808602068406920F08C
:10447000800021684861206C08B9A06C28B12068D0
:10448000006820F00800216808602068006820F0BB
:1044900001002168086010E000F0F6FB801B052891
:1044A0000BD920206065032084F8350000BF002070
:1044B00084F8340000BF0320D0E72068006800F0D3
:1044C00001000028E8D194F85C103F208840A860E3
:1044D000012084F8350000BF002084F8340000BFBC
:1044E00000BFBBE7014691F83500022803D08020C9
:1044F000486501207047052081F83500086800688C
:1045000020F001000A6810600020F3E7F8B50446C7
:10451000002000908C4800684FF41651B0FBF1F772
:10452000A56D2E6894F85C1008208840304098B142
:104530002068006800F0040070B12068006820F076
:1045400004002168086094F85C1008208840A86086
:10455000606D40F00100606594F85C1001208840B7
:10456000304068B12068406900F0800040B194F8A4
:104570005C1001208840A860606D40F0020060651A
:1045800094F85C1004208840304068B120680068CE
:1045900000F0020040B194F85C1004208840A8604C
:1045A000606D40F00400606594F85C101020884055
:1045B000304078B32068006800F0080050B394F8E9
:1045C0005C1010208840A8602068006800F48020FB
:1045D00080B12068006800F4002028B9206CC8B1C0
:1045E0002046216C884715E0A06C98B12046A16C4C
:1045F00088470FE02068006800F4807028B92068C0
:10460000006820F0080021680860206C10B1204686
:10461000216C884794F85C102020884030400028A6
:1046200065D02068006800F0100000285FD094F882
:104630005C1020208840A86094F83500052828D117
:104640002068006820F01600216808602068406932
:1046500020F0800021684861206C08B9A06C28B166
:104660002068006820F008002168086094F85C1059
:104670003F208840A860012084F8350000BF00205A
:1046800084F8340000BF206D10B12046216D8847AA
:10469000F8BD2068006800F4802080B120680068C0
:1046A00000F4002028B9606C10B12046616C884786
:1046B0001DE0E06BD8B12046E16B884717E0206829
:1046C000006800F4807068B92068006820F010006D
:1046D00021680860012084F8350000BF002084F8BC
:1046E000340000BFE06B10B12046E16B8847606D7D
:1046F00038B3606D00F00100F0B1052084F835009A
:104700002068006820F001002168086000BF009860
:10471000401C0090B84200D905E02068006800F015
:1047200001000028F3D100BF012084F8350000BF4C
:10473000002084F8340000BFE06C10B12046E16C2A
:10474000884700BFA4E70000180000202DE9F041D1
:104750000446002500F098FA074614B90120BDE888
:10476000F081606A00B100BF022084F8350000BF0C
:10477000002084F8340000BF2068006820F00100A9
:10478000216808600AE000F07FFAC01B052805D9FF
:1047900020206065032084F83500E0E72068006889
:1047A00000F001000028EED120680568214805408E
:1047B000D4E901010843E1680843216908436169BC
:1047C0000843A1690843E1690843216A0843054396
:1047D000606A042803D1D4E90B010843054320682B
:1047E00005602068456925F00705606A0543606A31
:1047F00004280DD1A06A0543E06A48B12046FEF7BF
:10480000AFFC28B140206065012084F83500A6E7A0
:10481000206845612046FEF789FC064694F85C1046
:104820003F208840B06000206065012084F835009A
:10483000002094E73F8010F02DE9F04704460D4634
:1048400016461F464FF00008D4F8589000BF94F861
:104850003400012802D10220BDE8F087012084F84D
:10486000340000BF94F83500012825D1022084F8D7
:104870003500002060653B46324629462046FEF75B
:10488000C4FC94F85C103F208840C9F808002068F8
:10489000006840F0160021680860206C28B120688C
:1048A000006840F00800216808602068006840F057
:1048B00001002168086006E000BF002084F8340091
:1048C00000BF4FF002084046C6E7000070B504463E
:1048D00000F0DAF906462546681C10B10448007855
:1048E000054400BF00F0D0F9801BA842FAD370BD88
:1048F00030C001202DE9F04104460F46002600BFDC
:104900002548007E012802D10220BDE8F081012067
:104910002149087600BF4CF25030FEF751FF0546A2
:10492000002D31D1401E3860206801280FD1207C35
:104930006168FEF78FFE4CF25030FEF741FF0546EE
:104940001648006820F00400144908601AE0A668C0
:1049500012E0217C3046FEF773FD4CF25030FEF73A
:104960002FFF05460D48006820F07A000B490860CB
:104970000DB13E6005E0761CD4E902100844B04257
:10498000E7D800BFFEF78AFD00BF00200249087685
:1049900000BF2846B9E7000008C00120103C0240D3
:1049A0000348006840F0004001490860002070475B
:1049B000103C02402DE9F0410646884614461D464B
:1049C00000BF1E48007E012802D10220BDE8F08110
:1049D00001201A49087600BF4CF25030FEF7F0FE75
:1049E00007461FBB26B9E1B24046FEF74BFE12E078
:1049F000012E04D1A1B24046FEF76EFE0BE0022E5E
:104A000004D121464046FEF77BFE04E022462B46B9
:104A10004046FEF749FE4CF25030FEF7D1FE074605
:104A20000748006820F001000549086000BF002029
:104A30000249087600BF3846C8E7000008C00120D8
:104A4000103C024000200949096801F0004159B1B9
:104A50000749064A0C3A1160064911600349096882
:104A600001F0004101B1012070470000103C0240FC
:104A700023016745AB89EFCDF8B502460B4600250B
:104A8000002400200021D6E0012606FA01F51E6868
:104A900006EA0504AC4274D11E7906F00306012E25
:104AA00004D01E7906F00306022E13D190684F0041
:104AB0000326BE40B0434F00DE68BE4030439060E6
:104AC000506801268E40B0431E79C6F300168E4012
:104AD000304350601E7906F00306032E09D0D068DB
:104AE0004F000326BE40B0434F009E68BE40304397
:104AF000D0601E7906F00306022E13D1CF0802F112
:104B0000200656F827004E07F70E0F26BE40B0438A
:104B10004F07FF0E1E69BE403043CF0802F120064A
:104B200046F8270010684F000326BE40B0431E79A8
:104B300006F003064F00BE40304310605E6806F486
:104B40004036002E76D000BF002600963C4E3668D8
:104B500046F480463A4F3E603E46366806F480464C
:104B6000009600BF00BF374E8F0856F827008E070B
:104B7000370F0F26BE40B043334EB24202D100265B
:104B800024E057E0314EB24201D101261EE0304E02
:104B9000B24201D1022619E02E4EB24201D10326C3
:104BA00014E02D4EB24201D104260FE02B4EB2424A
:104BB00001D105260AE02A4EB24201D1062605E0BF
:104BC000284EB24201D1072600E008268F073F0F8A
:104BD000BE4030431B4E8F0846F82700224E3068F7
:104BE000A0435E6806F4801606B120431E4E306076
:104BF000361D3068A0435E6806F4001606B12043F7
:104C0000194E361D3060184E361F3068A0435E685E
:104C100006F4003606B12043134E361F3060361FAF
:104C20003068A0435E6806F4803606B120430E4E1D
:104C3000083E3060491C1029FFF426AFF8BD000083
:104C4000443802400838014000000240000402409D
:104C500000080240000C0240001002400014024014
:104C600000180240001C0240083C01400246136943
:104C70000B400BB1012000E0002070470AB18161B8
:104C800001E00B0483617047014800687047000031
:104C900028C0012010B50446D4F8DC030CF02BFA30
:104CA00010BD10B50446D4F8DC030CF036FA10BD84
:104CB00010B5044620680FF0BDF910BD10B50446CC
:104CC00020680FF0BEF910BD10B502460023C1EBFD
:104CD000011402F1140000EB84008371C1EB011494
:104CE00002F1140000EB8400C371C1EB011402F166
:104CF000140000EB84004374C1EB011402F11400B2
:104D000000EB84000374002010BD0246C1EB0113C8
:104D100002F1140000EB830090F83800704702465F
:104D2000C1EB011302F1140000EB8300406A7047ED
:104D30002DE9FF5F04460D4616469B46DDE90E78D9
:104D4000DDF840A000BF94F8D403012803D102206D
:104D500004B0BDE8F09F012084F8D40300BF002117
:104D6000C5EB051204F1140000EB82004171C5EBA4
:104D7000051104F1140000F821B0C5EB051100EB9A
:104D800081004570C5EB051104F1140000EB8100B2
:104D900080F8128006F07F01C5EB051204F11400C3
:104DA00000EB8200817029462046FFF78DFF06F058
:104DB0008000802808D10121C5EB051204F1140000
:104DC00000EB8200C17007E00021C5EB051204F181
:104DD000140000EB8200C17020680FF032F98146A8
:104DE000B8F1010F09D1012F07D1B9F1000F04D19A
:104DF000BAF1BC0F01D94FF0BC0AC5EB051104F1A3
:104E0000140000EB81000771C5EB051204F11400DA
:104E100000EB8200A0F814A01FFA8AF0CDE9007818
:104E200002905B463246294620680FF0F7F903905E
:104E300000BF002084F8D40300BF039888E770B552
:104E400004460D461646D4F8DC030CF013FA70BD88
:104E50002DE9F05F04460D4616461F46DDE90C9B22
:104E6000DDE90A8AC5EB051104F1140000EB8100AD
:104E7000C670C5EB051104F1140000EB81008774C6
:104E8000B8F1000F10D10321C5EB051204F1140095
:104E900000EB82008175C5EB051104F1140000EBF5
:104EA000810080F805B007E00221C5EB051204F18E
:104EB000140000EB8200817537B1012F6FD0022FF3
:104EC00051D0032F6CD187E0B8F1010F4AD136BB26
:104ED000B9F1000F08D10121C5EB051204F114004E
:104EE00000EB820080F82910C5EB051104F11400D5
:104EF00000EB810090F8290040B90021C5EB0512B4
:104F000004F1140000EB820081752BE00221C5EB57
:104F1000051204F1140000EB8200817522E0C5EB5C
:104F2000051104F1140000EB81008079012819D1EA
:104F3000C5EB051104F1140000EB810090F8280086
:104F400040B90021C5EB051204F1140000EB82000A
:104F5000817507E00221C5EB051204F1140000EB96
:104F60008200817579E0E6B9C5EB051104F1140002
:104F700000EB810090F8290040B90021C5EB051233
:104F800004F1140000EB8200817524E00221C5EBDE
:104F9000051204F1140000EB820081751BE052E061
:104FA0005AE0C5EB051104F1140000EB810090F804
:104FB000280040B90021C5EB051204F1140000EBF4
:104FC0008200817507E00221C5EB051204F114008F
:104FD00000EB8200817540E0D6B9C5EB051104F104
:104FE000140000EB810090F8290040B90021C5EBC6
:104FF000051204F1140000EB8200817522E0022109
:10500000C5EB051204F1140000EB8200817519E074
:10501000C5EB051104F1140000EB810090F82800A5
:1050200040B90021C5EB051204F1140000EB820029
:10503000817507E00221C5EB051204F1140000EBB5
:105040008200817509E00021C5EB051204F114000E
:1050500000EB8200817500E000BF00BFC5EB0511C9
:1050600004F1140000EB8100C0F818A0C5EB051195
:1050700004F1140000EB8100C0F820900021C5EB82
:10508000051204F1140000EB820080F83810C5EB23
:10509000051204F1140000EB82004162C5EB05111A
:1050A00004F1140000EB810045700021C5EB0512EE
:1050B00004F1140000EB820080F83910A279C5EBEE
:1050C000051C04F1140303EB8C0120680FF098F920
:1050D000BDE8F09F2DE9F04104462768B8462068F6
:1050E0000EF0BBFF01287AD120680FF001FC08B94F
:1050F000BDE8F08120680FF0FBFB00F40010B0F574
:10510000001F03D14FF400102168486120680FF0A0
:10511000EFFB00F48010B0F5801F03D14FF4801036
:105120002168486120680FF0E3FB00F08060B0F177
:10513000806F03D14FF080602168486120680FF0D4
:10514000D7FB00F00200022801D1216848612068E5
:105150000FF0CEFB00F00050B0F1005F19D14FF01E
:10516000005021684861D8F8400400F0010080B97F
:10517000102138460EF034FF38460EF009FF607AF1
:10518000022803D1012120680FF07EFB2046FFF7A3
:1051900088FD20680FF0ACFB00F08070B0F1807FDC
:1051A00002D1204603F074FD20680FF0A1FB00F04F
:1051B0000800082805D1204600F0F6F808202168EC
:1051C000486120680FF094FB00F00070B0F1007FA0
:1051D00027D120680FF00CF9064600251AE035E0CB
:1051E00005F00F0101208840304090B108F5A06023
:1051F00000EB4510006800F40040B0F5004F04D10A
:10520000E9B2204602F0AAFC03E0E9B2204603F02E
:1052100095F96D1C6079A842E2D84FF000702168C2
:10522000486120680FF064FBC0F3001070B1206883
:10523000806920F0100021688861204603F083FD1A
:105240002068806940F010002168886100BF4FE746
:1052500038B504460CB9012038BD256894F8D5034B
:1052600028B9002084F8D403204600F035F8032044
:1052700084F8D503B5F1A04F01D10021A1712068B8
:105280000EF031FE207C8DF8000094E80F000EF047
:10529000B3FD20B1022084F8D5030120DCE7012111
:1052A00020680FF078FB20B1022084F8D50301209C
:1052B000D2E7207C8DF8000094E80F000FF064FA2C
:1052C00020B1022084F8D5030120C5E7012084F82D
:1052D000D5030020C0E7000010B586B004461421B5
:1052E00001A8FBF74DFC2068B0F1A04F42D100BFF0
:1052F000002000902048006840F001001E4908602E
:105300000846006800F00100009000BF00BF4FF4A5
:10531000C0500190022002900020039003200490CE
:105320000A20059001A91548FFF7A6FB00BF124807
:10533000001D006840F080000F49091D086000BF93
:10534000002000900C481430006840F480400A4966
:10535000143108600846006800F48040009000BFE7
:1053600000BF00BF00220521432000F07BFA43204C
:1053700000F064FA06B010BD303802400000024070
:1053800010B50446D4F8DC030BF09EFF10BD10B539
:105390000446D4F8DC030BF09EFF10BD10B50446A4
:1053A00020680FF0DAFA10BD10B50446D4F8DC031B
:1053B0000BF028FF10BD10B5044600BF94F8D403CD
:1053C000012801D1022010BD012084F8D40300BFC0
:1053D000012120680EF0B0FD20680EF0D2FD00BF64
:1053E000002084F8D40300BF00BFECE710B50446EA
:1053F00000BF94F8D403012801D1022010BD012080
:1054000084F8D40300BF20680FF0F9FA00BF002031
:1054100084F8D40300BF00BFF0E7000070B5044675
:105420000CB9012070BD94F83D0028B9002084F823
:105430003C00204600F0DAF8242084F83D00206883
:10544000006820F00100216808602068006840F4CE
:105450000040216808602068006820F4004021684E
:10546000086000F03BFB05465C496068884206D84E
:105470005B48854201D2012007E0002005E0594841
:10548000854201D2012000E00020012800D1C9E7B7
:105490005548B5FBF0F62068406820F03F003043E7
:1054A000216848604D496068884201D8701C07E057
:1054B0004FF4967070434FF47A71B0FBF1F0401CDA
:1054C0002168096A21F03F010843216808624349C5
:1054D0006068884214D8681E61684900B0FBF1F02A
:1054E000401CC0F30B00042801D204203DE0681EDC
:1054F00061684900B0FBF1F0401CC0F30B0034E0E0
:10550000A06838B9681E616801EB4101B0FBF1F099
:10551000401C0AE0681E616801EBC10202EB011148
:10552000B0FBF1F0401C40F48040C0F30B0008B920
:1055300001201AE0A06848B9681E616801EB4101CA
:10554000B0FBF1F0401CC0F30B000CE0681E61687A
:1055500001EBC10202EB0111B0FBF1F0401CC0F302
:105560000B0040F4804040F400402168C9694CF6CB
:10557000FF72914308432168C861D4E907010843D9
:105580002168096821F0C001084321680860D4E956
:10559000031008432168896848F2FF3291430843A9
:1055A00021688860D4E9050108432168C96821F0B1
:1055B000FF0108432168C8602068006840F00100CE
:1055C0002168086000202064202084F83D0000202D
:1055D000206384F83E0000BF24E70000A08601009D
:1055E00080841E0000093D0040420F0010B586B0C7
:1055F0000446142101A8FBF7C3FA2A49206888420F
:105600004DD100BF002000902748006840F0040002
:10561000254908600846006800F00400009000BFBB
:1056200000BF00BF002000900846006840F0010065
:1056300008600846006800F00100009000BF00BF4D
:10564000481501901220029001200390022004903E
:105650000420059001A91548FFF70EFA4FF4807059
:105660000190122002900120039002200490042057
:10567000059001A90E48FFF7FFF900BF0020009038
:1056800009481030006840F40000074910310860F4
:105690000846006800F40000009000BF00BF06B09C
:1056A00010BD0000005C004030380240000802409D
:1056B0000000024003480068034909780844014992
:1056C0000860704728C0012030C0012010B50D4887
:1056D000006840F400700B4908600846006840F418
:1056E000806008600846006840F48070086003200D
:1056F00000F0F6F80F2000F007F800F05FF8002047
:1057000010BD0000003C02402DE9F04188B0044685
:105710000027B84600BF002001902348006840F0F1
:105720008000214908600846006800F08000019070
:1057300000BF00BF02A903A800F0A8F9069F1FB987
:1057400000F0CCF9054602E000F0C8F94500174822
:10575000B5FBF0F0A0F1010815481649086040F2C9
:10576000E7311448C160C0F8048000210161816004
:10577000816101F04FF9064696B90E4801F07EFAB4
:1057800006466EB92C2000F059F8102C07D20022E2
:1057900021462C2000F066F80748046000E001264E
:1057A000304608B0BDE8F0814038024040420F006A
:1057B000001C0040180500202CC0012008B500BFC7
:1057C000002000901148006840F480400F490860B4
:1057D0000846006800F48040009000BF00BF00BF92
:1057E00000200090081F006840F08050091F0860EA
:1057F0000846006800F08050009000BF00BF002203
:105800000F21901E00F02EF808BD00004438024021
:1058100010B50146084600280BDB00F01F030122EB
:105820009A40054B440943F82420BFF34F8FBFF340
:105830006F8F00BF10BD000080E100E00146084608
:1058400000280DDB00BF00BF00F01F0301229A40BB
:1058500043099B0003F1E023C3F8002100BF00BF10
:1058600000BF70472DE9F05F80460D4616460027C1
:105870000FF064F9074639462A46334601F007001F
:10588000C0F1070ABAF1040F02D94FF0040A01E08F
:10589000C0F1070AD14600F1040ABAF1070F02D29B
:1058A0004FF0000A01E0A0F1030AD4464FF0010ACC
:1058B0000AFA09FAAAF1010A0AEA020A0AFA0CFA31
:1058C0004FF0010B0BFA0CFBABF1010B0BEA030BD6
:1058D0004AEA0B04214640460FF038F9BDE8F09F34
:1058E00000BF00F00702064B19684FF6FF0319408E
:1058F000044B0B4343EA0221014B196000BF704780
:105900000CED00E00000FA0570B504460D460CB938
:10591000012070BD5848006800F00700A84209D275
:1059200055490D700846006800F00700A84201D0F4
:105930000120EEE7207800F0020002281DD1207837
:1059400000F00400042805D14C48006840F4E05001
:105950004A490860207800F00800082805D1474827
:10596000006840F46040454908604448006820F001
:10597000F000A168084341490860207800F0010068
:10598000A8B36068012807D13C4808380068C0F314
:105990004040B8B90120BCE76068022802D06068C6
:1059A000032807D1354808380068C0F3406048B97B
:1059B0000120AEE7314808380068C0F3400008B95C
:1059C0000120A6E72D48006820F003006168084325
:1059D0002A490860FFF758F9064609E0FFF754F92D
:1059E000801B41F28831884202D9032091E707E009
:1059F0002248006800F00C006168B0EB810FEDD127
:105A00001D48006800F00700A84209D91A490D7026
:105A10000846006800F00700A84201D0012078E79E
:105A2000207800F00400042807D11448006820F40E
:105A3000E050E168084311490860207800F0080050
:105A4000082808D10D48006820F46040216940EA28
:105A5000C1000A49086000F061F808490968C1F30B
:105A60000311074A515CC8400649086006480068AF
:105A7000FFF74AFE00204CE7003C02400838024095
:105A8000C45D0208180000202CC001200F22026013
:105A90000D4A126802F0030242600B4A126802F0DB
:105AA000F0028260084A126802F4E052C260064ABC
:105AB000126802F46042D2080261044A126802F0DD
:105AC00007020A607047000008380240003C0240AC
:105AD00001480068704700001800002000B5FFF77B
:105AE000F7FF04490968C1F38221034A515CC840A9
:105AF00000BD000008380240D45D020800B5FFF781
:105B0000E7FF04490968C1F34231034A515CC840C8
:105B100000BD000008380240D45D02082DE9F047BE
:105B2000002400250026A1462548006800F00C004E
:105B300020B1042805D008283AD105E0DFF8849088
:105B400039E0DFF8849036E01D48001F006800F05F
:105B50003F041B48001F006800F4800078B11A4819
:105B60001749091F0968C1F38811A0FB017001469C
:105B7000224600233846FAF770FC05460EE011482D
:105B80000F49091F0968C1F38811A0FB0170014684
:105B9000224600233846FAF760FC05460848001FF5
:105BA0000068C0F30140401C4600B5FBF6F902E076
:105BB000DFF8109000BF00BF4846BDE8F087000046
:105BC000083802400024F40000127A00F8B50446B8
:105BD0000CB90120F8BD207800F00100002874D035
:105BE000F948006800F00C0004280DD0F648006861
:105BF00000F00C00082813D1F348001F006800F4DF
:105C00008000B0F5800F0BD1EF4808380068C0F372
:105C10004040002859D06068002856D10120D9E7BB
:105C200000BF6068B0F5803F08D1E74808380068D9
:105C300040F48030E449083908601EE06068B0F53F
:105C4000A02F0DD1E0480838006840F48020DE49DC
:105C5000083908600846006840F4803008600CE0AD
:105C6000D9480838006820F48030D74908390860DE
:105C70000846006820F48020086000BF606890B18A
:105C8000FFF702F8054606E0FEF7FEFF401B64281A
:105C900001D903209EE7CC4808380068C0F3404093
:105CA0000028F1D011E0FEF7EFFF054606E0FEF711
:105CB000EBFF401B642801D903208BE7C24808385A
:105CC0000068C0F340400028F1D1207800F00200C5
:105CD00002285FD1BC48006800F00C0058B1BA48F7
:105CE000006800F00C0008281CD1B748001F0068AD
:105CF00000F48000B0B9B44808380068C0F3400030
:105D000020B1E068012801D0012063E7AE480838DF
:105D1000006820F0F800216940EAC100AA4908396A
:105D2000086037E0E06800B30120A8490860FEF78A
:105D3000ABFF054606E0FEF7A7FF401B022801D98E
:105D4000032047E7A04808380068C0F34000002857
:105D5000F1D09D480838006820F0F800216940EA39
:105D6000C10099490839086014E00020974908608B
:105D7000FEF78AFF054606E0FEF786FF401B022875
:105D800001D9032026E7904808380068C0F3400096
:105D90000028F1D1207800F0080008282CD1606993
:105DA000A8B101208A490860FEF76EFF054606E0AB
:105DB000FEF76AFF401B022801D903200AE7824848
:105DC0006C300068C0F340000028F1D014E00020DF
:105DD0007F490860FEF758FF054606E0FEF754FFCE
:105DE000401B022801D90320F4E677486C30006894
:105DF000C0F340000028F1D1207800F0040004280E
:105E000070D1002770483830006800F0805090B999
:105E100000BF002000906C483830006840F080508F
:105E20006949383108600846006800F080500090E9
:105E300000BF00BF01276748006800F48070B0B958
:105E40006448006840F4807062490860FEF71CFFF7
:105E5000054606E0FEF718FF401B022801D9032083
:105E6000B8E65C48006800F480700028F2D000BFFB
:105E7000A068012808D154486830006840F001004B
:105E80005149683108601DE0A06805280DD14E48D1
:105E90006830006840F004004B49683108600846EB
:105EA000006840F0010008600CE047486830006876
:105EB00020F001004449683108600846006820F07D
:105EC0000400086000BFA068A8B1FEF7DDFE05462B
:105ED00009E0FEF7D9FE401B41F28831884202D921
:105EE000032077E626E0384868300068C0F34000B9
:105EF0000028EED013E0FEF7C7FE054608E0FEF7E7
:105F0000C3FE401B41F28831884201D9032061E67B
:105F10002D4868300068C0F340000028EFD1012F01
:105F200007D129483830006820F0805026493831A0
:105F3000086000BFA069002845D02348006800F031
:105F40000C0008285DD0A069022845D100201F4917
:105F50000866FEF799FE054606E0FEF795FE401B33
:105F6000022801D9032035E6174808380068C0F335
:105F700040600028F1D1D4E907010843616A40EA92
:105F800081110122A06AC2EB500041EA00412C209D
:105F9000005D41EA00600C49091F086001200B49BF
:105FA0000866FEF771FE054606E0FEF76DFE401B33
:105FB000022801D903200DE6034808380068C0F321
:105FC00040600028F1D049E0083802400000474214
:105FD000800E474200700040002021490866FEF70D
:105FE00053FE054606E0FEF74FFE401B022801D98E
:105FF0000320EFE51B480068C0F340600028F2D1A1
:106000002CE0A069012800D1E4E51648001D0668CF
:10601000A069012820D006F48001E06981421BD1EB
:1060200006F03F01206A814216D147F6C070304029
:10603000616AB0EB811F0FD106F440310122A06AE2
:10604000C2EB5000B1EB004F06D106F070612C207E
:10605000005DB1EB006F01D00120BBE50020B9E588
:10606000000047420038024010B504460CB9012038
:1060700010BD607920B900202071204600F00EF894
:10608000022060712068006840F004002168086008
:10609000012060710020A06000BFE9E708B50A4A4E
:1060A000016891420FD100BF0021009107490968A2
:1060B00041F04001054A11601146096801F04001B4
:1060C000009100BF00BF08BD0008065034380240F0
:1060D00010B504460CB9012010BD606A38B960687B
:1060E000B0F5827F00D105E00021E16102E00021EE
:1060F000216161610021A16294F8510028B900205A
:1061000084F85000204600F047F8022084F851003F
:106110002068006820F0400021680860A08800F432
:106120008270218901F404410843A18901F40061CE
:106130000843217C01F002010843217D01F00101A7
:106140000843218B01F400710843217F01F03801DD
:1061500008432021095D01F080010843218D01F4ED
:1061600000510843216808600421A06901EA104039
:1061700094F8241001F01001084321684860206859
:10618000C06920F400602168C861002060650120BA
:1061900084F8510000209FE710B586B00446142112
:1061A00001A8FAF7EDFC4A49206888423DD100BFBA
:1061B000002000904748006840F48040454908604E
:1061C0000846006800F48040009000BF00BF00BF98
:1061D000002000903F481038006840F480703D492E
:1061E000103908600846006800F48070009000BF15
:1061F00000BF0120019002200290012003900320A3
:1062000004900520059001A93348FEF735FC0E20C7
:106210000190022002900390032004900520059035
:1062200001A92D48FEF728FC4FE02C492068884240
:106230004BD100BF002000902648006840F4004089
:10624000244908600846006800F40040009000BF40
:1062500000BF00BF002000901E481038006840F0CA
:1062600004001C49103908600846006800F004006A
:10627000009000BF00BF00BF0020009008460068EB
:1062800040F0020008600846006800F0020000903C
:1062900000BF00BF4FF440600190022002900390C5
:1062A000032004900620059001A90D48FEF7E4FBA9
:1062B00020200190022002900390032004900620E9
:1062C000059001A90748FEF7D7FB06B010BD0000F6
:1062D000003800404038024000200240003C0040AE
:1062E00000080240000402402DE9F84304468846B5
:1062F00016461D4694F85100012802D00220BDE840
:10630000F883B8F1000F00D00EB90120F7E76068FC
:10631000B0F5827F0CD1A06850B9042084F85100F8
:106320003346424641462046009500F07DF9E6E7B7
:10633000FEF7AAFC074600BF94F85000012801D1DF
:106340000220DCE7012084F8500000BF042084F81C
:10635000510000206065C4F83880A687E687206376
:10636000A086E08620646064A068B0F5004F0BD181
:106370002068006820F040002168086020680068FC
:1063800020F48040216808602068006800F0400028
:10639000402805D02068006840F04000216808606F
:1063A000E06830BB21E02068806800F0010050B157
:1063B0002068007BA16B0870A06B401CA063E08F7D
:1063C000401EE08711E0FEF75FFCC01BA84201D32E
:1063D000681C00B94DB9012084F8510000BF0020AD
:1063E00084F8500000BF032089E7E08F0028DAD14D
:1063F00025E021E02068806800F0010050B12068AD
:10640000C068A16B0880A06B801CA063E08F401E59
:10641000E08711E0FEF738FCC01BA84201D3681CDE
:1064200000B94DB9012084F8510000BF002084F864
:10643000500000BF032062E7E08F0028DAD13A461F
:106440002946204606F0C0FF08B1202060650120E3
:1064500084F8510000BF002084F8500000BF606D38
:1064600008B101204BE7002049E72DE9F843044635
:106470000F4616461D46FEF707FC8046B14694F8C7
:106480005100012802D00220BDE8F88307B10EB9FF
:106490000120F9E700BF94F85000012801D1022043
:1064A000F2E7012084F8500000BF032084F8510077
:1064B000002060652763A686E686A063A087E08744
:1064C00060642064A068B0F5004F0BD120680068BC
:1064D00020F04000216808602068006840F4804097
:1064E000216808602068006800F04000402805D05E
:1064F0002068006840F0400021680860E068B0F55E
:10650000006F37D1606810B1B9F1010F09D1206B6C
:1065100000882168C860206B801C2063E08E401ECC
:10652000E08623E02068806800F0020002280AD19B
:10653000206B00882168C860206B801C2063E08E7F
:10654000401EE08612E0FEF79FFBA0EB0800A84289
:1065500001D3681C00B94DB9012084F8510000BF77
:10656000002084F8500000BF03208DE7E08E002853
:10657000D8D136E0606810B1B9F1010F09D1206BB4
:10658000007821680873206B401C2063E08E401E59
:10659000E08623E02068806800F0020002280AD12B
:1065A000206B007821680873206B401C2063E08E0C
:1065B000401EE08612E0FEF767FBA0EB0800A84251
:1065C00001D3681C00B94DB9012084F8510000BF07
:1065D000002084F8500000BF032055E7E08E00281B
:1065E000D8D142462946204606F038FF08B120207F
:1065F0006065A06850B900BF002000902068C068A6
:10660000009020688068009000BF00BF012084F8DF
:10661000510000BF002084F8500000BF606D08B139
:10662000012031E700202FE72DE9FE4F04460F46F9
:1066300090461D460C9E01200190FEF725FB8146E9
:1066400094F851B060680290AA46BBF1010F0BD0DC
:106650000298B0F5827F04D1A06810B9BBF1040F95
:1066600002D00220BDE8FE8F1FB1B8F1000F00D0AC
:106670000DB90120F6E700BF94F85000012801D1C0
:106680000220EFE7012084F8500000BF94F8510089
:10669000042802D0052084F8510000206065C4F869
:1066A0003880E587A5872763E586A5862064606432
:1066B0002068006800F04000402805D0206800688D
:1066C00040F0400021680860E068B0F5006F52D1EA
:1066D000606810B1BAF1010F09D1206B0088216800
:1066E000C860206B801C2063E08E401EE0863BE08B
:1066F0002068806800F00200022810D1E08E70B19E
:10670000019801280BD1206B00882168C860206B9C
:10671000801C2063E08E401EE086002001902068EF
:10672000806800F0010068B1E08F58B12068C0684F
:10673000A16B0880A06B801CA063E08F401EE087E7
:1067400001200190FEF7A0FAA0EB0900B0420BD3A4
:10675000701C48B1012084F8510000BF002084F86B
:10676000500000BF03207DE7E08E0028C0D1E08FFD
:106770000028BDD152E0606810B1BAF1010F09D113
:10678000206B007821680873206B401C2063E08E2A
:10679000401EE0863CE02068806800F0020002288D
:1067A00010D1E08E70B1019801280BD1206B0078D8
:1067B00021680873206B401C2063E08E401EE08639
:1067C000002001902068806800F0010068B1E08F2F
:1067D00058B12068C068A16B0870A06B401CA06312
:1067E000E08F401EE08701200190FEF74DFAA0EBFC
:1067F0000900B04201D3701C00B94EB9012084F8E1
:10680000510000BF002084F8500000BF032029E79A
:10681000E08E0028BFD1E08F0028BCD14A46314627
:10682000204606F01BFE40B12020606500BF00201E
:1068300084F8500000BF012014E7A06850B900BFE1
:10684000002000902068C068009020688068009058
:1068500000BF00BF012084F8510000BF002084F871
:10686000500000BF606D08B10120FBE60020F9E692
:106870007047704710B50346002200BF93F83C00F4
:10688000012801D1022010BD012083F83C0000BF87
:1068900022F0FF00CC6840EA040222F440708C68C9
:1068A00040EA040222F480604C6840EA040222F4C8
:1068B00000600C6840EA040222F480500C6940EA4F
:1068C000040222F400504C6940EA040222F48040A1
:1068D000CC6940EA04021868426400BF002083F8D3
:1068E0003C0000BF00BFCEE730B502460B4600BFFC
:1068F00092F83C00012801D1022030BD012082F82D
:106900003C0000BF022082F83D0010684468106817
:10691000816824F070041868044310684460184DBE
:106920001068A8421BD01068B0F1804F17D0154DE9
:106930001068A84213D0144D1068A8420FD0134D10
:106940001068A8420BD0124D1068A84207D0114D14
:106950001068A84203D0104D1068A84205D121F05C
:1069600080015868014310688160012082F83D0071
:1069700000BF002082F83C0000BF00BFBDE7000060
:10698000000001400004004000080040000C0040EE
:1069900000040140004001400018004010B50446CA
:1069A000022084F83D0000BF2068006A41F2111106
:1069B000084050B92068006A8910084028B920684A
:1069C000006820F001002168086000BF204600F048
:1069D00055F8002084F8460000BF84F83E000021EE
:1069E0003F200155402001554120015500BF00BF07
:1069F000002084F8420043200155442001554520E1
:106A0000015500BF002084F83D0000BF84F83C0021
:106A100000BF10BD10B504460CB9012010BD94F89C
:106A20003D0028B9002084F83C00204600F080F8A2
:106A3000022084F83D00211D206807F05DF9012047
:106A400084F8460000BF84F83E0001213F20015534
:106A5000402001554120015500BF00BF012084F8AE
:106A6000420043200155442001554520015500BFF7
:106A7000012084F83D000020D0E7000010B5044656
:106A800024492068884206D12348006820F0080085
:106A9000214908603CE021492068884206D11E480F
:106AA000006820F020001C49086031E01C49206883
:106AB00088420BD11848001D006820F002001649DA
:106AC000091D08602C20FEF7A3FE21E0154920686F
:106AD000884208D11048001D006820F480300E491B
:106AE000091D086014E010492068884206D10A4850
:106AF000006820F040000849086009E00B49206860
:106B0000884205D10448006820F48070024908607A
:106B100010BD0000000C004040380240001400404E
:106B200000040140004001400018004000200040E7
:106B300038B504464A49206888420FD100BF00207A
:106B400000904848006840F0080046490860084640
:106B5000006800F00800009000BF80E04249206813
:106B600088420FD100BF002000903E48006840F0EE
:106B700020003C4908600846006800F020000090B2
:106B800000BF6CE039492068884222D100BF002054
:106B900000903448001D006840F002003149091D92
:106BA00008600846006800F00200009000BF00BFC7
:106BB00000220F212C20FEF755FE2C20FEF73EFE72
:106BC000002205212D20FEF74DFE2D20FEF736FE7A
:106BD00045E027492068884211D100BF002000907D
:106BE0002048001D006840F480301E49091D0860DF
:106BF0000846006800F48030009000BF2FE01D4977
:106C0000206888420FD100BF00200090154800681E
:106C100040F04000134908600846006800F040005A
:106C2000009000BF1BE014492068884217D100BFC4
:106C3000002000900B48006840F48070094908600B
:106C40000846006800F48070009000BF00BF00227A
:106C500005212D20FEF706FE2D20FEF7EFFD38BDA5
:106C6000000C004040380240001400400004014085
:106C7000004001400018004000200040014691F80B
:106C80003D00012801D001207047022081F83D001D
:106C90000868C06840F001000B68D8601A4B0868AB
:106CA00098421BD00868B0F1804F17D0174B086886
:106CB000984213D0164B086898420FD0154B0868BD
:106CC00098420BD0144B0868984207D0134B0868C1
:106CD000984203D0124B086898420CD1086880682B
:106CE00000F00702062A0CD00868006840F0010096
:106CF0000B68186005E00868006840F001000B6848
:106D000018600020C0E700000000014000040040BF
:106D100000080040000C0040000401400040014019
:106D20000018004001460868C06820F001000A68A9
:106D3000D06000BF0868006A41F21112104050B9DB
:106D40000868006A9210104028B90868006820F0AE
:106D500001000A68106000BF012081F83D0000209A
:106D600070472DE9F04104460D46002700BF94F816
:106D70003C00012802D10220BDE8F081012084F806
:106D80003C0000BF022084F83D002068866826F0A1
:106D9000770626F47F46206886602868502833D01E
:106DA0000CDC202850D004DC00284BD0102851D116
:106DB00049E0302849D040284CD139E060282DD016
:106DC000702807D0B0F5805F03D0B0F5005F41D1E7
:106DD0000DE041E0D5E902136A68206807F00DF87C
:106DE0002068866846F077062068866034E0D5E93A
:106DF00002136A68206807F000F82068806840F491
:106E000080402168886027E0EA686968206807F0A8
:106E1000E5F85021206806F0FBFF1DE0EA6869688C
:106E2000206807F0EEF86021206806F0F1FF13E01B
:106E3000EA686968206807F0D1F84021206806F008
:106E4000E7FF09E000BF00BF00BF2968206806F027
:106E5000DFFF01E0012700BF00BF012084F83D00F3
:106E600000BF002084F83C0000BF384684E770472C
:106E700070B504462068C5682068066906F00200FF
:106E8000022819D105F00200022815D1401F2168FF
:106E90000861012020772068806900F0030018B1A4
:106EA0002046FFF7E4FF05E0204600F03BF92046CE
:106EB00000F0EFF90020207706F00400042819D133
:106EC00005F00400042815D1C043216808610220A0
:106ED00020772068806900F4407018B12046FFF7E1
:106EE000C6FF05E0204600F01DF9204600F0D1F96C
:106EF0000020207706F00800082819D105F00800C6
:106F0000082815D1C0432168086104202077206833
:106F1000C06900F0030018B12046FFF7A8FF05E0A4
:106F2000204600F0FFF8204600F0B3F9002020775B
:106F300006F01000102819D105F01000102815D106
:106F4000C04321680861082020772068C06900F4E8
:106F5000407018B12046FFF78AFF05E0204600F098
:106F6000E1F8204600F095F90020207706F00100B6
:106F700048B105F0010030B16FF0010021680861EF
:106F8000204600F061FA06F08000802809D105F063
:106F90008000802805D1C043216808612046FFF7A2
:106FA00067FC06F04000402809D105F04000402869
:106FB00005D1C04321680861204600F061FA06F05F
:106FC0002000202809D105F02000202805D1C04349
:106FD000216808612046FFF74CFC70BD10B586B0F3
:106FE0000446142101A8F9F7CBFD454920688842E1
:106FF0001DD100BF002000904248006840F0800092
:10700000404908600846006800F08000009000BF1A
:1070100000BF881401900220029003900020049089
:107020000220059001A93848FDF726FD66E03749A2
:10703000206888421ED100BF0020009031480068BF
:1070400040F480702F4908600846006800F48070A2
:10705000009000BF00BFE0200190022002900120BC
:107060000390002004900320059001A92848FDF713
:1070700003FD43E02749206888421DD100BF00205E
:1070800000902048006840F010001E490860084643
:10709000006800F01000009000BF00BF4020019089
:1070A000022002900390002004900320059001A983
:1070B0001948FDF7E1FC21E01849206888421DD1FC
:1070C00000BF002000900F48006840F002000D490A
:1070D00008600846006800F00200009000BF00BF92
:1070E0004FF4804001900220029003900020049011
:1070F0000920059001A90A48FDF7BEFC06B010BDA5
:10710000000C004030380240001C024000040140E6
:1071100000200240004001400010024000180040E2
:107120000004024070472DE9F04104460D46164622
:10713000002700BF94F83C00012802D10220BDE8DE
:10714000F081012084F83C0000BF36B1042E1BD032
:10715000082E31D00C2E5ED145E02946206806F07D
:1071600061FE2068806940F008002168886120681D
:10717000806920F00400216888612068806929699D
:1071800008432168886148E02946206806F082FEAD
:107190002068806940F40060216888612068806907
:1071A00020F480602168886120688069296940EA4C
:1071B00001202168886130E02946206806F0A8FE99
:1071C0002068C06940F008002168C8612068C06973
:1071D00020F004002168C8612068C069296908435B
:1071E0002168C86119E02946206806F0CDFE2068B4
:1071F000C06940F400602168C8612068C06920F45B
:1072000080602168C8612068C069296940EA01205E
:107210002168C86101E0012700BF00BF00BF002056
:1072200084F83C0000BF384689E710B504460CB925
:10723000012010BD94F83D0028B9002084F83C00DE
:10724000204600F025F8022084F83D00211D20682A
:1072500006F052FD012084F8460000BF84F83E008D
:1072600001213F200155402001554120015500BF1B
:1072700000BF012084F842004320015544200155FD
:107280004520015500BF012084F83D000020D0E7D3
:107290007047704770B504460D4615B994F83E0026
:1072A0000BE0042D02D13F20005D06E0082D02D145
:1072B0004020005D01E04120005D012801D0012057
:1072C00070BD1DB9022084F83E000EE0042D03D1EC
:1072D00002213F20015508E0082D03D10221402062
:1072E000015502E002214120015501222946206872
:1072F00006F072FD23492068884203D022492068A5
:10730000884201D1012000E0002028B12068406CB3
:1073100040F40040216848641A49206888421BD024
:107320002068B0F1804F17D018492068884213D0E8
:107330001749206888420FD01649206888420BD030
:1073400011492068884207D013492068884203D039
:107350001249206888420CD12068806800F0070636
:10736000062E0CD02068006840F0010021680860FB
:1073700005E02068006840F00100216808600020F6
:107380009EE70000000001400004014000040040AE
:1073900000080040000C0040004001400018004080
:1073A00030B504460D4600222946206806F014FD3B
:1073B00023492068884203D022492068884201D1AD
:1073C000012000E0002090B100BF2068006A41F277
:1073D0001111084050B92068006A8910084028B986
:1073E0002068406C20F400402168486400BF00BF62
:1073F0002068006A41F21111084050B92068006A03
:107400008910084028B92068006820F00100216830
:10741000086000BF1DB9012084F83E000EE0042D75
:1074200003D101213F20015508E0082D03D101219E
:107430004020015502E0012141200155002030BDCE
:10744000000001400004014010B5044609492068CD
:10745000884201D1FEF72EF907492068884201D100
:1074600017F0DAFD05492068884201D116F0E8FFDF
:1074700010BD0000001C004000200040001400402F
:107480007047704710B5044604492068884204D10B
:1074900001220349034800F0D5FA10BD004800401E
:1074A00044010020880400202DE9F84F044620689C
:1074B00005682068C668206847694FF00009CA4619
:1074C00005F00F09B9F1000F0AD105F0200038B11D
:1074D00006F0200020B1204606F0F6FDBDE8F88F4A
:1074E000B9F1000F7CD007F0010018B906F49070D4
:1074F000002875D005F0010030B106F4807018B195
:10750000606C40F00100606405F0040030B107F0E9
:10751000010018B1606C40F00200606405F00200E8
:1075200030B107F0010018B1606C40F004006064F5
:1075300005F0080048B106F0200010B907F001007E
:1075400018B1606C40F008006064606C002846D0A0
:1075500005F0200028B106F0200010B1204606F00A
:10756000B3FD20684069C0F3801A606C00F0080029
:1075700010B9BAF1000F2DD0204606F05FFD20684B
:10758000406900F04000402820D100BF00BF2168C2
:10759000143151E8001F21F040002168143141E806
:1075A0000002002AF3D100BFE06B50B17F48E16BCD
:1075B0000865E06BFCF796FF88B1E06B016D8847CA
:1075C0000DE02046FFF75EFF09E009E02046FFF7E7
:1075D00059FF04E02046FFF755FF002060647DE777
:1075E000206B012878D105F01000002874D006F037
:1075F00010000028FAD000BF00200090206800682A
:10760000009020684068009000BF00BF206840697B
:1076100000F04000402870D1E06B006840681FFA1D
:1076200080F8B8F1000F58D0A08D404555DDA4F882
:107630002E80E06BC069B0F5807F43D000BF00BFF3
:1076400021680C3151E8001F21F4807021680C3151
:1076500041E80002002AF3D100BF00BF00BF21684B
:10766000143151E8001F21F001002168143141E874
:107670000002002AF3D100BF00BF00BF216814310F
:1076800051E8001F21F040002168143141E8000258
:10769000002AF3D100BF202084F84200002020639C
:1076A00000BF00BF21680C3151E8001F21F010001D
:1076B00021680C3141E80002002AF3D100BFE06BE1
:1076C000FCF7BAFE02206063A08DE28D801A81B2C1
:1076D0002046FFF7D6FE0EE052E0A08D40450AD1CD
:1076E000E06BC069B0F5807F05D102206063A18D99
:1076F0002046FFF7C6FEF1E6FFE7A08DE18D401AB8
:107700001FFA80F8E08DD0B3B8F1000F37D000BF7A
:1077100000BF21680C3151E8001F21F490702168EE
:107720000C3141E80002002AF3D100BF00BF00BFC6
:107730002168143151E8001F21F001002168143143
:1077400041E80002002AF3D100BF202084F8420063
:107750000020206300BF00BF21680C3151E8001FEA
:1077600021F0100021680C3141E80002002AF3D119
:1077700000BF0220606341462046FFF782FEADE66F
:1077800005F0800030B106F0800018B1204606F008
:107790004FFEA3E605F0400030B106F0400018B1FE
:1077A000204606F081FC99E600BF97E62BE0000832
:1077B00010B504460CB9012010BDA06900B100E06D
:1077C00000BF94F8410028B9002084F8400020460A
:1077D00000F02AF8242084F841002068C06820F4D2
:1077E00000502168C860204606F0ECFC2068006963
:1077F00020F49040216808612068406920F02A0048
:10780000216848612068C06840F400502168C86061
:1078100000206064202084F8410084F842000020A9
:10782000606300BFC8E7000010B586B004461421AD
:1078300001A8F9F7A5F97B492068884249D100BF22
:10784000002000907848006840F480107649086075
:107850000846006800F48010009000BF00BF00BF21
:107860000020009070481038006840F004006E4915
:10787000103908600846006800F00400009000BF5E
:1078800000BF00BF002000900846006840F00800DC
:1078900008600846006800F00800009000BF00BFC4
:1078A0008814019002200290039004900820059013
:1078B00001A95E48FDF7E0F8042001900220029043
:1078C000039004900820059001A95948FDF7D4F8C9
:1078D000A5E058492068884231D100BF00200090BF
:1078E0005148001D006840F010004F49091D086014
:1078F0000846006800F01000009000BF00BF00BF05
:107900000020009048481038006840F001004649C7
:10791000103908600846006800F00100009000BFC0
:1079200000BF4FF4C06001900220029003900490C9
:107930000720059001A94048FDF79EF86FE03F49F8
:107940002068884237D100BF002000903648006888
:1079500040F48020344908600846006800F4802024
:10796000009000BF00BF00BF002000902E481038DC
:10797000006840F008002C4910390860084600688B
:1079800000F00800009000BF00BF4FF4407001906D
:1079900002200290039004900720059001A924483A
:1079A000FDF76AF8002205212720FDF75BFF27205D
:1079B000FDF744FF33E02249206888422FD100BF01
:1079C000002000901848001D006840F02000164973
:1079D000091D08600846006800F02000009000BF04
:1079E00000BF00BF002000900F481038006840F032
:1079F00004000D49103908600846006800F00400D2
:107A0000009000BF00BFC0200190022002900390B0
:107A100004900820059001A90448FDF72DF806B050
:107A200010BD0000005000404038024000080240F5
:107A3000000C0240001001400000024000480040DD
:107A40000014014070B504460D46164694F84200F5
:107A500020280BD105B10EB9012070BD0020206394
:107A600032462946204606F0C3FCF6E70220F4E73A
:107A700010B5044606492068884208D105480078B8
:107A800015F002FE012203490348FFF7DBFF10BD9A
:107A90000048004044010020880400202DE9F84FF0
:107AA00004460E46174699464FF0000A94F84100E6
:107AB000202850D106B117B90120BDE8F88F002069
:107AC0006064212084F84100FDF7DEF88246A78437
:107AD000E784A068B0F5805F04D1206910B9002563
:107AE000B04602E035464FF000081EE05346002243
:107AF00080212046CDF8009006F0CAFC20B120205D
:107B000084F841000320D8E745B9B8F80000C0F375
:107B100008002168486008F1020803E0287821681D
:107B200048606D1CE08C401EE084E08C0028DDD1B4
:107B30005346002240212046CDF8009006F0A8FCD4
:107B400020B1202084F841000320B6E7202084F8EB
:107B500041000020B1E70220AFE770472DE9F04176
:107B600005460C46D5F800804646214628680CF0AC
:107B7000B0FE00F00400042813D1042106F5A06033
:107B800000EB441081600721C4EB041205F11400DE
:107B900000EB820080F83910214628680CF062FA68
:107BA00072E0214628680CF094FE00F48070B0F575
:107BB000807F14D14FF4807106F5A06000EB441073
:107BC00081600821C4EB041205F1140000EB82006F
:107BD00080F83910214628680CF044FA54E0214618
:107BE00028680CF076FE00F00800082813D1082160
:107BF00006F5A06000EB441081600621C4EB04127E
:107C000005F1140000EB820080F839102146286845
:107C10000CF028FA38E0214628680CF05AFE00F4EF
:107C20008060B0F5806F14D14FF4806106F5A060DC
:107C300000EB441081600921C4EB041205F114002B
:107C400000EB820080F83910214628680CF00AFA0F
:107C50001AE0214628680CF03CFE00F080008028E5
:107C600012D1802106F5A06000EB4410816007214D
:107C7000C4EB041205F1140000EB820080F8391007
:107C8000214628680CF0EEF9214628680CF021FE08
:107C900000F40070B0F5007F0BD1214628680CF08D
:107CA000E1F94FF4007106F5A06000EB441081602B
:107CB000DCE0214628680CF00CFE00F001000028F2
:107CC0007ED0202106F5A06000EB44108160C4EB5B
:107CD000041105F1140000EB8100C079012813D1D3
:107CE0000021C4EB041205F1140000EB8200C17105
:107CF00006F5A06000EB4410406820F4803106F5E2
:107D0000A06000EB44104160A879A8B1C4EB041155
:107D100005F1140000EB8100C16906F5A06000EBDD
:107D200044100069C0F31200091AC4EB041205F1F3
:107D3000140000EB820041620121C4EB041205F142
:107D4000140000EB820080F839100021C4EB04120B
:107D500005F1140000EB82000163012106F5A0602B
:107D600000EB44108160C4EB041105F1140000EB3A
:107D70008100807C40B1C4EB041105F1140000EBDC
:107D80008100807C02280AD1214628680CF06AF91B
:107D9000102106F5A06000EB4410816034E0C4EBD4
:107DA000041105F1140000EB8100807C03280AD047
:107DB000C4EB041105F1140000EB8100807C00E0AD
:107DC00068E0012820D106F5A06000EB44100068AF
:107DD00040F0005106F5A06000EB44100160012165
:107DE000C4EB041205F1140000EB820080F8381097
:107DF000C4EB041105F1140000EB810090F8382069
:107E000021462846FDF71BF8A87901282FD1C4EB9D
:107E1000041105F1140000EB8100C4EB0412416A67
:107E200005F1140000EB8200808A0844401EC4EB78
:107E3000041205F1140101EB8201898AB0FBF1F013
:107E400000F00100002811D0C4EB041105F114006A
:107E500000EB810090F8280080F00101C4EB0412CF
:107E600005F1140000EB820080F8281064E3C4EBF5
:107E7000041105F1140000EB810090F8280080F057
:107E80000101C4EB041205F1140000EB820080F83C
:107E9000281051E3214628680CF01BFD00F020005B
:107EA000202824D1202106F5A06000EB4410816039
:107EB000C4EB041105F1140000EB81008079012866
:107EC000D4D10121C4EB041205F1140000EB8200AF
:107ED000C1710321C4EB041205F1140000EB820010
:107EE00080F83910214628680CF0BCF824E32146BC
:107EF00028680CF0EEFC00F0020002287DD102217F
:107F000006F5A06000EB44108160C4EB041105F19C
:107F1000140000EB810090F83900012812D10221F1
:107F2000C4EB041205F1140000EB820080F8391054
:107F30000121C4EB041205F1140000EB820080F86B
:107F4000381037E2C4EB041105F1140000EB810096
:107F500090F83900062812D10221C4EB041205F171
:107F6000140000EB820080F839100521C4EB0412E4
:107F700005F1140000EB820080F838101AE2C4EB1F
:107F8000041105F1140000EB810090F83900072876
:107F900009D0C4EB041105F1140000EB810090F846
:107FA000390009287ED10221C4EB041205F1140026
:107FB00000EB820080F83910C4EB041105F11400C5
:107FC00000EB8100006B401CC4EB041205F11401AE
:107FD00001EB82010863C4EB041105F1140000EB0E
:107FE0008100006B022837D90021C4EB041205F18F
:107FF000140000EB8200016300E0E8E1C4EB04112F
:1080000005F1140000EB8100807901281AD10021CC
:10801000C4EB041205F1140000EB8200C171C4EB43
:10802000041205F1140000EB8200017206F5A06055
:1080300000EB4410406820F4803106F5A06000EBAE
:10804000441041600421C4EB041205F1140000EB5C
:10805000820080F83810ADE10221C4EB041205F172
:10806000140000EB820080F83810C4EB041105F115
:10807000140000EB8100807C40B1C4EB041105F1D9
:10808000140000EB8100807C0228E4D106F5A0609A
:1080900000EB4410076827F0804747F0004706F5DB
:1080A000A06000E003E000EB4410076082E1C4EB55
:1080B000041105F1140000EB810090F83900052847
:1080C00072D10221C4EB041205F1140000EB82000E
:1080D00080F83910C4EB041105F1140000EB8100A5
:1080E000C0790128B7D1C4EB041105F1140000EBED
:1080F0008100807C032858D1C4EB041105F11400E1
:1081000000EB8100406B401CC4EB041205F114012C
:1081100001EB82014863C4EB041105F1140000EB8C
:108120008100406B022835D90021C4EB041205F10F
:10813000140000EB82004163C4EB041205F114004B
:1081400000EB8200C171C4EB041105F1140000EBD7
:108150008100006B032807D20121C4EB041205F152
:10816000140000EB8200017206F5A06000EB4410E1
:10817000406820F4803106F5A06000EB44104160B7
:108180000421C4EB041205F1140000EB820080F816
:10819000381013E00221C4EB041205F1140000EBC7
:1081A000820080F8381009E028E00221C4EB0412B4
:1081B00005F1140000EB820080F83810C4EB0411C4
:1081C00005F1140000EB8100807C40B1C4EB041188
:1081D00005F1140000EB8100807C02280DD106F52A
:1081E000A06000EB4410076827F0804747F0004785
:1081F00006F5A06000EB44100760DBE0C4EB04115F
:1082000005F1140000EB810090F8390003285ED1DD
:108210000221C4EB041205F1140000EB820080F887
:108220003910C4EB041105F1140000EB8100C07992
:1082300001284BD10221C4EB041205F1140000EB1C
:10824000820080F8381006F5A06000EB441040680A
:1082500040F4803106F5A06000EB4410416006F563
:10826000A06000EB4410C06840F0400106F5A0603B
:1082700000EB4410C16006F5A06000EB4410C0683C
:1082800020F0200106F5A06000EB4410C160C4EBB3
:10829000041105F1140000EB8100807C40B1C4EBB7
:1082A000041105F1140000EB8100807C02280DD13F
:1082B00006F5A06000EB4410076827F0804747F000
:1082C000004706F5A06000EB4410076072E0C4EBC5
:1082D000041105F1140000EB810090F83900042826
:1082E00030D10221C4EB041205F1140000EB82002E
:1082F00080F83910C4EB041205F1140000EB820081
:1083000080F83810C4EB041105F1140000EB810073
:10831000807C40B1C4EB041105F1140000EB810036
:10832000807C022846D106F5A06000EB4410076867
:1083300027F0804747F0004706F5A06000EB4410A7
:10834000076037E0C4EB041105F1140000EB810075
:1083500090F83900082821D10221C4EB041205F15C
:10836000140000EB820080F83910C4EB041105F111
:10837000140000EB8100006B401CC4EB041205F1FB
:10838000140101EB820108630421C4EB041205F11E
:10839000140000EB820080F838100BE0C4EB0411ED
:1083A00005F1140000EB810090F83900022801D19A
:1083B000BDE8F081C4EB041105F1140000EB81006D
:1083C00090F8382021462846FCF739FDB4E02146D4
:1083D00028680CF07EFA00F04000402823D14021AC
:1083E00006F5A06000EB441081600521C4EB041287
:1083F00005F1140000EB820080F83910C4EB041181
:1084000005F1140000EB8100807938B90021C4EB3C
:10841000041205F1140000EB820001632146286874
:108420000BF020FE88E0214628680CF052FA00F09C
:10843000100010287ED1C4EB041105F1140000EBEC
:108440008100807C032815D10021C4EB041205F1C2
:10845000140000EB820001630421C4EB041205F157
:10846000140000EB820080F83910214628680BF0D8
:10847000F9FD30E0C4EB041105F1140000EB8100BC
:10848000807C40B1C4EB041105F1140000EB8100C5
:10849000807C02281FD10021C4EB041205F11400D6
:1084A00000EB82000163A87940B1C4EB041105F12F
:1084B000140000EB8100C07901280CD10421C4EB29
:1084C000041205F1140000EB820080F839102146F7
:1084D00028680BF0C7FDC4EB041105F1140000EB94
:1084E0008100C07901281FD10021C4EB041205F1DD
:1084F000140000EB8200C17106F5A06000EB44108F
:10850000406820F4803106F5A06000EB4410416023
:1085100006F5A06000EB4410C06840F0200106F5AD
:10852000A06000EB4410C160102106F5A06000EBD4
:10853000441000E000E0816000BF39E72DE9F0471A
:1085400005460C46D5F800904E46214628680CF0AA
:10855000C0F900F00400042813D1042106F5A0603E
:1085600000EB441081600721C4EB041205F11400F4
:1085700000EB820080F83910214628680BF072FD6C
:1085800084E3214628680CF0A4F900F0200020289C
:1085900065D1202106F5A06000EB44108160C4EB9A
:1085A000041105F1140000EB8100407901281DD170
:1085B0000021C4EB041205F1140000EB82004171AC
:1085C0000221C4EB041205F1140000EB820080F8D4
:1085D00038100321C4EB041205F1140000EB8200F3
:1085E00080F83910214628680BF03CFDC4EB0411DB
:1085F00005F1140000EB810080790128C0D1C4EBA3
:10860000041105F1140000EB8100C0790028B7D1F6
:10861000C4EB041105F1140000EB8100807C0128FB
:1086200007D00121C4EB041205F1140000EB820015
:10863000C1710321C4EB041205F1140000EB8200A8
:1086400080F83910214628680BF00CFD0021C4EB9E
:10865000041205F1140000EB8200016316E32146C9
:1086600028680CF036F900F40070B0F5007F0BD1EB
:108670004FF4007106F5A06000EB441081602146C4
:1086800028680BF0EFFC01E3214628680CF021F983
:1086900000F00100E8B30021C4EB041205F114005E
:1086A00000EB82000163214628680CF012F900F00B
:1086B000400040280DD10121C4EB041205F1140043
:1086C00000EB82004171402106F5A06000EB4410F0
:1086D0008160C4EB041105F1140000EB8100C07946
:1086E00098B10021C4EB041205F1140000EB8200E4
:1086F000C17106F5A06000EB4410406820F48031A1
:1087000006F5A06000EB44104160012106F5A06071
:1087100000E00FE000EB44108160C4EB041205F1AF
:10872000140000EB820080F83910214628680BF015
:1087300099FCABE2214628680CF0CBF800F0400031
:1087400040282BD10521C4EB041205F1140000EBE5
:10875000820080F83910C4EB041105F1140000EB1D
:108760008100807938B90121C4EB041205F11400AD
:1087700000EB820041710021C4EB041205F11400EA
:1087800000EB82000163214628680BF06BFC40215E
:1087900006F5A06000EB4410816077E2214628686E
:1087A0000CF097F800F00800082813D1082106F50E
:1087B000A06000EB441081600621C4EB041205F1B7
:1087C000140000EB820080F83910214628680BF075
:1087D00049FC5BE2214628680CF07BF800F01000B1
:1087E000102833D10021C4EB041205F1140000EB72
:1087F000820001630421C4EB041205F1140000EBB4
:10880000820080F83910C4EB041105F1140000EB6C
:108810008100407978B9C4EB041105F1140000EB34
:108820008100007938B90121C4EB041205F114006C
:1088300000EB82004171214628680BF013FC1021E7
:1088400006F5A06000EB441081601FE22146286815
:108850000CF03FF800F08000802863D1A87968B957
:108860000721C4EB041205F1140000EB820080F82C
:108870003910214628680BF0F5FB4CE0C4EB0411DD
:1088800005F1140000EB8100006B401CC4EB0412E6
:1088900005F1140101EB82010863C4EB041105F139
:1088A000140000EB8100006B02281DD90021C4EBED
:1088B000041205F1140000EB820001630421C4EBF3
:1088C000041205F1140000EB820080F83810C4EBAC
:1088D000041105F1140000EB810090F838202146C6
:1088E0002846FCF7ACFA16E00221C4EB041205F1AD
:1088F000140000EB820080F8381006F5A06000EB51
:108900004410076827F0804747F0004706F5A0604D
:1089100000EB44100760802106F5A06000EB4410D6
:108920008160B3E1214628680BF0D3FF00F480603A
:10893000B0F5806F14D10921C4EB041205F11400C5
:1089400000EB820080F83910214628680BF08AFB82
:108950004FF4806106F5A06000EB4410816095E162
:10896000214628680BF0B5FF00F0020002287DD1F7
:10897000022106F5A06000EB44108160C4EB0411F5
:1089800005F1140000EB810090F83900012876D140
:108990000221C4EB041205F1140000EB820080F800
:1089A00039100121C4EB041205F1140000EB820020
:1089B00080F83810C4EB041105F1140000EB8100BD
:1089C000807C022808D0C4EB041105F1140000EBF0
:1089D0008100807C032851D1A87988B9C4EB0411A7
:1089E00005F1140000EB810090F8290080F00101EE
:1089F000C4EB041205F1140000EB820080F829108A
:108A0000A8790128E7D1C4EB041105F1140000EBAB
:108A10008100006A002831D0C4EB041105F1140074
:108A200000EB8100C4EB0412016A05F1140000EBB5
:108A30008200808A0844401EC4EB041205F1140130
:108A400001EB8201898AB0FBF1F808F001000028EF
:108A5000E1D0C4EB041105F1140000EB810090F8A3
:108A6000290080F00101C4EB041201E00DE106E0F1
:108A700005F1140000EB820080F82910F8E0C4EB47
:108A8000041105F1140000EB810090F8390003286F
:108A90001BD10221C4EB041205F1140000EB82008B
:108AA00080F83910C4EB041105F1140000EB8100CB
:108AB000C079012808D10221C4EB041205F1140089
:108AC00000EB820080F83810D2E0C4EB041105F10D
:108AD000140000EB810090F8390004282ED1022107
:108AE000C4EB041205F1140000EB820080F8391089
:108AF000C4EB041205F1140000EB820080F838107A
:108B0000C4EB041105F1140000EB8100C0790128C9
:108B100013D10021C4EB041205F1140000EB820014
:108B2000C17106F5A06000EB4410406820F480316C
:108B300006F5A06000EB4410416099E0C4EB04111D
:108B400005F1140000EB810090F83900052811D1DF
:108B50000221C4EB041205F1140000EB820080F83E
:108B60003910C4EB041205F1140000EB820080F808
:108B700038107DE0C4EB041105F1140000EB810016
:108B800090F83900062812D10221C4EB041205F135
:108B9000140000EB820080F839100521C4EB0412A8
:108BA00005F1140000EB820080F8381060E0C4EB9F
:108BB000041105F1140000EB810090F8390007283A
:108BC00009D0C4EB041105F1140000EB810090F80A
:108BD000390009284AD10221C4EB041205F114001E
:108BE00000EB820080F83910C4EB041105F1140089
:108BF00000EB8100006B401CC4EB041205F1140172
:108C000001EB82010863C4EB041105F1140000EBD1
:108C10008100006B022811D90021C4EB041205F178
:108C2000140000EB820001630421C4EB041205F17F
:108C3000140000EB820080F8381019E00221C4EB28
:108C4000041205F1140000EB820080F8381006F5DC
:108C5000A06000EB4410076827F0804747F000470A
:108C600006F5A06000EB4410076001E0BDE8F08766
:108C7000C4EB041105F1140000EB810090F83820DA
:108C800021462846FCF7DBF800E0EFE700BFEDE700
:108C90007CB5044626683546D5F840040190D5F8E1
:108CA00040040090009820F02E000090019800F001
:108CB000020002280AD1019800F0010010B12046FC
:108CC000FBF7E8FF009840F002000090019800F0E8
:108CD000080008282AD1009840F008000090019868
:108CE00000F0040004281ED1607A02280FD10198F8
:108CF00000F4C020B0F5802F04D1022120680BF0D1
:108D0000C3FD0CE0012120680BF0BEFD07E0E07917
:108D1000012804D14EF6602140F204404151204622
:108D2000FCF735FB02E02046FCF72AFB019800F037
:108D30002000202803D1009840F0200000900098E7
:108D4000C5F840047CBD2DE9F84F0546D5F800B0C4
:108D50005F462868D0F8208008F00F04C8F343402D
:108D60000090C8F30A160098022806D003287DD088
:108D700005287CD007287BD18CE0002E79D0C4EB6D
:108D8000041105F1140000EB8100806900287DD0FA
:108D9000C4EB041105F1140000EB8100406A811955
:108DA000C4EB041205F1140000EB8200006A81425A
:108DB00063D8B2B2C4EB041C05F1140303EB8C03BB
:108DC000996928680BF099FDC4EB041105F11400B2
:108DD00000EB810080698119C4EB041205F11400D5
:108DE00000EB82008161C4EB041105F1140000EB7B
:108DF0008100406A8119C4EB041205F1140000EBF4
:108E00008200416207F5A06000EB44100069C0F3E6
:108E1000C94AC4EB041105F1140000EB8100808AFB
:108E2000B04233D1BAF1000F30D007F5A06000EBAB
:108E30004410D0F8009029F0804949F0004907F526
:108E4000A06000EB4410C0F80090C4EB041105F1E1
:108E5000140000EB810090F8280080F00101C4EBC1
:108E6000041205F1140000EB820003E011E00EE0B3
:108E70000EE00BE080F8281008E00421C4EB041297
:108E800005F1140000EB820080F8381003E002E0E6
:108E900000BF00BF00BF00BFBDE8F88F2DE9F04163
:108EA00002460B46002100241668177A507A68B1F2
:108EB000507A984202DC0020BDE8F081506800FB47
:108EC00003F53D4406EBD50605F00707002405E051
:108ED00030784FEAC40C00FA0CF1641C107900F0F1
:108EE000070018B15068C008401C01E05068C00875
:108EF000A042EDD821FA07F092F804804FF0010C5F
:108F00000CFA08FCACF1010C00EA0C01D0688842B4
:108F100002D81069884201D20020CDE7907AC8B10A
:108F20001079401E4FF0010C0CFA00F0084088B197
:108F300092F80480012000FA08F0401EC04340EA85
:108F4000010CD069012801D16046B5E7D06900FB6A
:108F50000CF0B1E7D069012801D10846ACE7D0692F
:108F60004843A9E700BFFEE770B504460025204648
:108F700014F02CFF2046E21704EB12721211094B79
:108F800033F912202146E31704EB13731B11A4EBF2
:108F900003131A4102F001050DB1012070BD00203C
:108FA000FCE7000098EA002070B504460025204642
:108FB00014F00CFF2046E21704EB12721211094B59
:108FC00033F912202146E31704EB13731B11A4EBB2
:108FD00003131A4102F001050DB1002070BD0120FC
:108FE000FCE7000098EA002070B504460025002642
:108FF000204614F0EBFE2046E21704EB1272121129
:10900000114B33F912202146E31704EB13731B11A4
:10901000A4EB03131A4102F00105E21704EB1272EC
:1090200012110A4B33F91220E31704EB13731B11CF
:10903000A4EB03131A4102F001061DB9012E01D160
:10904000012070BD0020FCE798EA002088F600208F
:1090500070B5044600250026204614F0B7FE2046D1
:10906000E21704EB12721211114B33F91220214650
:10907000E31704EB13731B11A4EB03131A4102F063
:109080000105E21704EB127212110A4B33F9122098
:10909000E31704EB13731B11A4EB03131A4102F043
:1090A000010615B10EB9012070BD0020FCE70000DB
:1090B00098EA002088F6002010B50E4B33F91030E6
:1090C0000C4C34F91240A34205DB0A4B33F8123042
:1090D000084C24F81030074B33F91030054C34F9A4
:1090E0001140A34205DC034B33F81130014C24F846
:1090F000103010BD98EA00202DE9F0410446D4F864
:109100004C05C56941F63C502844468A41F63C501E
:1091100028448769A6F580400F2836D2DFE800F0A2
:10912000080B0E1114171A1D202326292C2F32008C
:1091300000BF00BF2CE000BF00BF29E000BF00BFA0
:1091400026E000BF00BF23E000BF00BF20E000BF5B
:1091500000BF1DE000BF00BF1AE000BF00BF17E066
:1091600000BF00BF14E000BF00BF11E000BF00BFA0
:109170000EE000BF00BF0BE000BF00BF08E000BF73
:1091800000BF05E000BF00BF02E000BF00BF00BF9E
:1091900000BF3A463146204609F020FBBDE8F08189
:1091A00010B50346002140E001EBC10000EB0114C3
:1091B00003F2423000EB44004079062833D100220C
:1091C0002FE001EBC10000EB011403F2423000EB91
:1091D00044000A3000EBC200807800F08000F0B15B
:1091E00001EBC10000EB011403F2423000EB44003C
:1091F0000A3000EBC200808888B101EBC10000EBAF
:10920000011403F2423000EB44000A3000EBC200CC
:10921000C07800F00300032801D1104610BD501C97
:10922000C2B2052ACDD3481CC1B20A29BCD3FF2043
:10923000F4E710B50346002140E001EBC10000EB6C
:10924000011403F2423000EB44004079062833D188
:1092500000222FE001EBC10000EB011403F24230C9
:1092600000EB44000A3000EBC200807800F0800080
:10927000F0B101EBC10000EB011403F2423000EB4E
:1092800044000A3000EBC200808888B101EBC100C5
:1092900000EB011403F2423000EB44000A3000EB13
:1092A000C200C07800F00200022801D1104610BDB3
:1092B000501CC2B2052ACDD3481CC1B20A29BCD366
:1092C000FF20F4E710B50346002140E001EBC100A8
:1092D00000EB011403F2423000EB44004079062811
:1092E00033D100222FE001EBC10000EB011403F2A7
:1092F000423000EB44000A3000EBC200807800F0FE
:109300008000F0B901EBC10000EB011403F2423020
:1093100000EB44000A3000EBC200808888B101EB0A
:10932000C10000EB011403F2423000EB44000A30AC
:1093300000EBC200C07800F00200022801D1104604
:1093400010BD501CC2B2052ACDD3481CC1B20A2997
:10935000BCD3FF20F4E700001FB50020009001906F
:10936000029003903748384908604FF480304860D5
:10937000002135488160012101610176002180F8DA
:109380002010C162314981620021C1600721C161A1
:10939000012180F830104161FAF71AFC08B1F9F7A1
:1093A000D5FF0A2000900120019006200290694616
:1093B0002548FAF72DFB08B1F9F7C8FF0B200090FC
:1093C0000220019069462048FAF722FB08B1F9F71C
:1093D000BDFF0C2000900320019069461A48FAF75F
:1093E00017FB08B1F9F7B2FF0D200090042001909F
:1093F00069461548FAF70CFB08B1F9F7A7FF1020EA
:1094000000900520019069460F48FAF701FB08B16A
:10941000F9F79CFF112000900620019069460A4848
:10942000FAF7F6FA08B1F9F791FF12200090072039
:10943000019069460448FAF7EBFA08B1F9F786FF9C
:109440001FBD0000002001403CC101200100000FB1
:109450001FB50020009001900290039021482249FE
:1094600008604FF48030486000211F48816001216E
:1094700001610176002180F82010C1621B498162E0
:109480000021C1600321C161012180F830104161D8
:10949000FAF79EFB08B1F9F759FF0420009001206C
:1094A00001900620029069460F48FAF7B1FA08B118
:1094B000F9F74CFF052000900220019069460A4808
:1094C000FAF7A6FA08B1F9F741FF06200090032049
:1094D000019069460448FAF79BFA08B1F9F736FF9C
:1094E0001FBD00000022014084C101200100000FC7
:1094F00010B50B480B49086010204860002109484E
:109500008160C16001614161017641768176C176F9
:1095100001774177FAF766FD08B1F9F717FF10BD3B
:10952000006400404801002010B50B480B4908605A
:1095300010204860002109488160C16001614161DB
:10954000017641768176C17601774177FAF74AFD57
:1095500008B1F9F7FBFE10BD006800407001002063
:1095600010B50548054908600846FAF7AFFE08B18E
:10957000F9F7ECFE10BD00000030024008000020AA
:109580001CB50020009001900E480F490860084665
:10959000FAF7FDFE08B1F9F7D9FE0020009001901E
:1095A000002269460848FAF7BBFE08B1F9F7CEFE7B
:1095B000102269460448FAF7B3FE08B1F9F7C6FE6F
:1095C0001CBD0000007400408CC2012008B500BF23
:1095D000002000900E48006840F480000C490860AC
:1095E0000846006800F48000009000BF00BF002221
:1095F00005213820FCF736F93820FCF71FF9002246
:1096000005213920FCF72EF93920FCF717F908BDA0
:109610003038024070B5044625460CB9002500E0FC
:1096200001252A4610210248FBF728FB70BD0000E7
:109630000020024010B503490348F9F78AFE0349A8
:10964000087010BD11000020A85D02081000002065
:1096500010B5074A0021074812F000FF06490860CC
:10966000064A0021064812F0F9FE0649086010BDBE
:10967000605D0208BBD9000800000020845D02087C
:10968000C9D900080400002000B587B0142102A841
:10969000F7F776FA00BF00200190F648006840F026
:1096A0001000F44908600846006800F010000190BE
:1096B00000BF00BF00BF002001900846006840F4D2
:1096C000807008600846006800F48070019000BF58
:1096D00000BF00BF002001900846006840F0040071
:1096E00008600846006800F00400019000BF00BF59
:1096F00000BF002001900846006840F0200008608C
:109700000846006800F02000019000BF00BF00BFC5
:10971000002001900846006840F08000086008467C
:10972000006800F08000019000BF00BF00BF002073
:1097300001900846006840F0010008600846006893
:1097400000F00100019000BF00BF00BF00200190A9
:109750000846006840F0400008600846006800F0D5
:109760004000019000BF00BF00BF002001900846EC
:10977000006840F0020008600846006800F002003F
:10978000019000BF00BF00BF0020019008460068A4
:1097900040F0080008600846006800F008000190EA
:1097A00000BF00BF00224FF6B371B348FBF766FA63
:1097B00000224FF47161B148FBF760FA00224FF4C8
:1097C0006141AF48FBF75AFA00224FF20521AD483C
:1097D000FBF754FA00224EF20311AB48FBF74EFAA6
:1097E00000224FF44061A948FBF748FA002246F6F0
:1097F000C071A748FBF742FA00224FF40041A54888
:10980000FBF73CFA00220221A348FBF737FA0C20B1
:109810000290002003900120049002A99648FBF7D3
:109820002BF9302002901120039000200490059025
:1098300002A99148FBF720F94FF4807002901120A3
:10984000039000200490059002A98C48FBF714F9BE
:109850004FF40050029011200390002004900590D6
:1098600002A98748FBF708F94FF4804002900120D5
:10987000039004900020059002A98148FBF7FCF8B2
:109880004FF4014002900120039002200490002038
:10989000059002A97A48FBF7EFF84FF42160029097
:1098A00001200390022004900020059002A9734833
:1098B000FBF7E2F84FF480600290012003900490DF
:1098C0000020059002A96D48FBF7D6F84CF2050080
:1098D000029001200390022004900020059002A92C
:1098E0006848FBF7C9F8022002900020039002208C
:1098F000049002A96348FBF7BFF8082002900020FB
:1099000003900120049002A95E48FBF7B5F84FF4DC
:10991000485002900120039004900020059002A975
:109920005848FBF7A9F848F2010002900120039083
:1099300004900020059002A95348FBF79DF84FF4CE
:109940008170029001200390022004900020059075
:1099500002A94D48FBF790F84FF682700290012063
:109960000390022004900020059002A94248FBF7D2
:1099700083F84FF44060029001200390022004908D
:109980000020059002A94148FBF776F84FF47C606F
:10999000029001200390022004900020059002A96B
:1099A0003B48FBF769F84FF4004002900020039019
:1099B0000120049002A93548FBF75EF841F601400A
:1099C0000290002003900120049002A93248FBF786
:1099D00053F8FC200290002003900120049002A97B
:1099E0002948FBF749F84FF4C0400290012003904A
:1099F00004900020059002A92548FBF73DF84FF49C
:109A000000400290002003900120049002A9204809
:109A1000FBF732F84FF400400290012003900490CD
:109A20000320059002A91B48FBF726F802200290AC
:109A30000120039004900020059002A91648FBF72E
:109A40001BF84FF4C04002901120039000200490B6
:109A5000059002A90C48FBF70FF801200290039033
:109A600004900020059002A90348FBF705F807B011
:109A700000BD0000303802400010024000200240CB
:109A80000008024000140240001802400004024096
:109A9000001C024000000240000C024010B50B48C0
:109AA0000B4908600B484860002109488160C1608B
:109AB0004FF480410161002141618161C161016216
:109AC000FBF7ACFC08B1F9F741FC10BD005C0040AD
:109AD000A0C20120A086010010B505480549086014
:109AE0000846FCF7C1FA08B1F9F730FC10BD0000D8
:109AF00000080650F4C2012010B50B480B4908605D
:109B000000204860002109488160C1600161416115
:109B100081610162416281620A21C162FCF7D8FA67
:109B200008B1F9F713FC10BD00380040980100207F
:109B300010B50E480E4908604FF48270486000214D
:109B40000B488160C160016141614FF40071816126
:109B50001021C16100210162416281620A21C1625A
:109B6000FCF7B6FA08B1F9F7F1FB10BD003C004074
:109B7000F001002000B58BB00020079008900990FC
:109B80000A901C216846F6F7FBFF1B481B4908603A
:109B9000002048600021194881604FF6FF71C160C4
:109BA000002101618161FCF735FF08B1F9F7CEFBB7
:109BB0004FF48050079007A91048FDF7D2F808B17C
:109BC000F9F7C4FB0D48FDF730FB08B1F9F7BEFB10
:109BD00060200090002001900290049000226946CD
:109BE0000648FDF7A0FA08B1F9F7B0FB0348FDF706
:109BF000F5F90BB000BD000000180040680300201C
:109C000010B50A480A4908605420486000210848F5
:109C100081604FF47A71C160002101618161FCF7BC
:109C2000F9FE08B1F9F792FB10BD000000200040DA
:109C3000B003002000B58DB0002009900A900B9071
:109C40000C90079008901C216846F6F799FF1F4872
:109C50001F4908600020486000211D488160491E9E
:109C6000C160002101618161FCF7D4FE08B1F9F700
:109C70006DFB4FF48050099009A91548FDF771F864
:109C800008B1F9F763FB1248FDF7CFFA08B1F9F70D
:109C90005DFB00200790089007A90D48FCF724FE03
:109CA00008B1F9F753FB602000900020019002906A
:109CB0000490082269460648FDF735FA08B1F9F71D
:109CC00045FB0348FDF78AF90DB000BD000C0040CC
:109CD000480200201CB50020009001900E480F495A
:109CE00008605420486000210C4881604FF47A716C
:109CF000C16080218161FCF78DFE08B1F9F726FB78
:109D000000200090019069460448FCF7EDFD08B181
:109D1000F9F71CFB1CBD000000140040900200205D
:109D200000B595B0002011901290139014900F90F0
:109D300010901C2108A8F6F723FF20216846F6F7AB
:109D40001FFF334833490860232048600021314811
:109D500081606421C16000210161416180218161D4
:109D6000FCF758FE08B1F9F7F1FA4FF48050119062
:109D700011A92848FCF7F5FF08B1F9F7E7FA2548DB
:109D8000FDF753FA08B1F9F7E1FA00200F901090AF
:109D90000FA92048FCF7A8FD08B1F9F7D7FA602011
:109DA0000890002009900A900B900C900D900E9056
:109DB000002208A91748FDF7B6F908B1F9F7C6FA65
:109DC000042208A91348FDF7AEF908B1F9F7BEFA65
:109DD000082208A90F48FDF7A6F908B1F9F7B6FA65
:109DE0000020009001900290039004904FF40050E6
:109DF00005900020079069460648FCF73BFD08B136
:109E0000F9F7A4FA0348FDF7E9F815B000BD000022
:109E100000040140D802002000B58BB0002007905C
:109E2000089009900A901C216846F6F7A9FE1C4884
:109E30001C4908604FF47A7048600021194881601D
:109E40004FF47A71C1600021016180218161FCF7CA
:109E5000E1FD08B1F9F77AFA4FF48050079007A9AD
:109E60001048FCF77EFF08B1F9F770FA0D48FDF7CE
:109E7000DCF908B1F9F76AFA60200090002001903F
:109E800002900490042269460648FDF74CF908B197
:109E9000F9F75CFA0348FDF7A1F80BB000BD00002C
:109EA000004001402003002010B50B480B4908601A
:109EB0004FF4E1304860002108488160C1600161D1
:109EC0000C21416100218161C161FDF771FC08B184
:109ED000F9F73CFA10BD000000500040F8030020E4
:109EE00010B50B480B4908604FF4E1304860002181
:109EF00008488160C16001610C21416100218161DC
:109F0000C161FDF755FC08B1F9F720FA10BD00005A
:109F1000001001404004002010B50B480B490860B8
:109F20004FF4E1304860002108488160C160016160
:109F30000C21416100218161C161FDF739FC08B14B
:109F4000F9F704FA10BD0000004800408804002022
:109F500010B50B480B4908604FF4E1304860002110
:109F600008488160C16001610C214161002181616B
:109F7000C161FDF71DFC08B1F9F7E8F910BD00005B
:109F800000140140D004002010B5012218491948DE
:109F900007F03EF808B1F9F7D9F91749154809F063
:109FA000C1FD08B1F9F7D2F91449124809F0BAFD18
:109FB00008B1F9F7CBF912490E4809F0B3FD08B121
:109FC000F9F7C4F90F490B4809F0ACFD08B1F9F7EE
:109FD000BDF90D49074809F0A5FD08B1F9F7B6F933
:109FE000044809F01EFE08B1F9F7B0F910BD0000F1
:109FF000393C0108600500206C0000206CC0012085
:10A000009CC001208C000020C400002000BFFEE79F
:10A0100000BFFEE710B514F0A9F914F05DFB14F0D1
:10A02000A6F910BD10B514F0A1F914F0B3FB14F0AB
:10A030009EF910BD07B5C2B04298401F0D2882F0AE
:10A04000AC81DFE810F00D00F2043F09AA11AB0B60
:10A05000EE0B770C510EA20F650CCD109D11540C18
:10A0600000208DF80C0043980F287CD2DFE800F028
:10A070007B085AADFDFCFBFAF9F8F7F6F5F4F300AE
:10A08000FD48B0F8360558B9FB48B0F9380540F03E
:10A090003100F949A1F838050120A1F8360531E071
:10A0A000F548B0F8360501280BD1F348B0F938056A
:10A0B00040F44450F049A1F838050220A1F83605D3
:10A0C00020E0ED48B0F8360502280BD1EA48B0F997
:10A0D0003A0540F03100E849A1F83A050320A1F81B
:10A0E00036050FE0E448B0F8360503280AD1E24807
:10A0F000B0F93A0540F44450DF49A1F83A0504208C
:10A10000A1F83605DC48B0F83805ADF80800DA48A3
:10A11000B0F83A05ADF80A0002AA0F21429803F000
:10A1200023FC4EE2D448B0F8360558B9D248B0F90D
:10A13000380540F03200D049A1F838050120A1F8D7
:10A14000360532E0CC48B0F8360501280CD1CA48B3
:10A15000B0F9380540F44850C749A1F83805022045
:10A16000A1F8360521E0FDE3C348B0F83605022822
:10A170000BD1C148B0F93A0540F03200BE49A1F810
:10A180003A050320A1F836050FE0BB48B0F83605C4
:10A1900003280AD1B848B0F93A0540F44850B64906
:10A1A000A1F83A050420A1F83605B348B0F83805FF
:10A1B000ADF80800B048B0F83A05ADF80A0002AAB8
:10A1C0000F21429803F0D0FBFBE1AB48B0F8360515
:10A1D00058B9A948B0F9380540F03300A649A1F8AC
:10A1E00038050120A1F8360531E0A348B0F836055E
:10A1F00001280BD1A048B0F9380540F44C509E49D5
:10A20000A1F838050220A1F8360520E09A48B0F8F8
:10A21000360502280BD19848B0F93A0540F03300D2
:10A220009549A1F83A050320A1F836050FE09248B8
:10A23000B0F8360503280AD18F48B0F93A0540F442
:10A240004C508D49A1F83A050420A1F836058A48FA
:10A25000B0F838050AE023E3C2E270E259E206E210
:10A26000B0E15DE10AE1B5E062E00FE0ADF80800C1
:10A270008148B0F83A05ADF80A0000208DF80C00CE
:10A2800002AA0F21429803F06FFBCBE37A48B0F8A3
:10A29000360558B97848B0F9380540F034007649A9
:10A2A000A1F838050120A1F8360531E07248B0F870
:10A2B000360501280BD17048B0F9380540F45050EC
:10A2C0006D49A1F838050220A1F8360520E06A485A
:10A2D000B0F8360502280BD16748B0F93A0540F0CE
:10A2E00034006549A1F83A050320A1F836050FE0CE
:10A2F0006148B0F8360503280AD15F48B0F93A053D
:10A3000040F450505C49A1F83A050420A1F8360504
:10A310005948B0F83805ADF808005748B0F83A0584
:10A32000ADF80A0002AA0F21429803F01DFB79E361
:10A330005148B0F8360558B94F48B0F9380540F0E3
:10A3400035004D49A1F838050120A1F8360531E066
:10A350004948B0F8360501280BD14748B0F938050F
:10A3600040F454504449A1F838050220A1F83605BC
:10A3700020E04148B0F8360502280BD13E48B0F93C
:10A380003A0540F035003C49A1F83A050320A1F810
:10A3900036050FE03848B0F8360503280AD13648AC
:10A3A000B0F93A0540F454503349A1F83A05042075
:10A3B000A1F836053048B0F83805ADF808002E4849
:10A3C000B0F83A05ADF80A0002AA0F21429803F04E
:10A3D000CBFA27E32848B0F8360558B92648B0F933
:10A3E000380540F036002449A1F838050120A1F8CD
:10A3F000360531E02048B0F8360501280BD11E485B
:10A40000B0F9380540F458501B49A1F8380502202E
:10A41000A1F8360520E01848B0F8360502280BD11F
:10A420001548B0F93A0540F036001349A1F83A054D
:10A430000320A1F836050FE00F48B0F836050328D1
:10A440000AD10D48B0F93A0540F458500A49A1F82C
:10A450003A050420A1F836050748B0F83805ADF8EC
:10A4600008000548B0F83A05ADF80A0002AA0F2125
:10A47000429803F079FAD5E298EA0020FE48B0F855
:10A48000360558B9FC48B0F9380540F03700FA49AC
:10A49000A1F838050120A1F8360531E0F648B0F8FA
:10A4A000360501280BD1F448B0F9380540F45C506A
:10A4B000F149A1F838050220A1F8360520E0EE4860
:10A4C000B0F8360502280BD1EB48B0F93A0540F058
:10A4D0003700E949A1F83A050320A1F836050FE055
:10A4E000E548B0F8360503280AD1E348B0F93A0543
:10A4F00040F45C50E049A1F83A050420A1F8360583
:10A50000DD48B0F83805ADF80800DB48B0F83A058A
:10A51000ADF80A0002AA0F21429803F025FA81E261
:10A52000D548B0F8360558B9D348B0F9380540F0E9
:10A530003800D149A1F838050120A1F8360531E0ED
:10A54000CD48B0F8360501280BD1CB48B0F9380515
:10A5500040F46050C849A1F838050220A1F836053A
:10A5600020E0C548B0F8360502280BD1C248B0F942
:10A570003A0540F03800C049A1F83A050320A1F897
:10A5800036050FE0BC48B0F8360503280AD1BA48B2
:10A59000B0F93A0540F46050B749A1F83A050420F3
:10A5A000A1F83605B448B0F83805ADF80800B2484F
:10A5B000B0F83A05ADF80A0002AA0F21429803F05C
:10A5C000D3F92FE2AC48B0F8360558B9AA48B0F92B
:10A5D000380540F03900A849A1F838050120A1F854
:10A5E000360531E0A448B0F8360501280BD1A24861
:10A5F000B0F9380540F464509F49A1F838050220AD
:10A60000A1F8360520E09C48B0F8360502280BD1A9
:10A610009948B0F93A0540F039009749A1F83A0550
:10A620000320A1F836050FE09348B0F8360503285B
:10A630000AD19148B0F93A0540F464508E49A1F826
:10A640003A050420A1F836058B48B0F83805ADF876
:10A6500008008948B0F83A05ADF80A0000208DF8E6
:10A660000C0002AA0F21429803F07EF9DAE1824839
:10A67000B0F8360558B98048B0F9380540F03000D8
:10A680007D49A1F838050120A1F8360531E07A4866
:10A69000B0F8360501280BD17748B0F9380540F4F9
:10A6A00040507549A1F838050220A1F8360520E090
:10A6B0007148B0F8360502280BD16F48B0F93A0559
:10A6C00040F030006C49A1F83A050320A1F83605A6
:10A6D0000FE06948B0F8360503280AD16648B0F99A
:10A6E0003A0540F440506449A1F83A050420A1F825
:10A6F00036056148B0F83805ADF808005E48B0F896
:10A700003A05ADF80A0002AA0F21429803F02CF98D
:10A7100088E14FF42770F8F7C5FC40F29D20F8F768
:10A72000C1FC40F29B20F8F7BDFC05205249A1F87E
:10A73000340502AA0F21429803F016F972E14E483F
:10A74000B0F83605042809D14B4890F83A054A4933
:10A75000A1F83A050320A1F8360531E04648B0F8E3
:10A76000360503280CD14448B0F83A0500F47F4080
:10A7700000B24149A1F83A050220A1F836051FE0D0
:10A780003D48B0F83605022809D13B4890F8380515
:10A790003949A1F838050120A1F8360510E03648FE
:10A7A000B0F8360501280BD13348B0F8380500F46D
:10A7B0007F4000B23049A1F838050020A1F83605E5
:10A7C0002D48B0F83805ADF808002B48B0F83A0528
:10A7D000ADF80A0002AA0F21429803F0C5F821E162
:10A7E0002548B0F938052449B1F94A10884217D1F3
:10A7F0002148B0F93A052049B1F94C1088420FD1EF
:10A800004FF497701C49A1F82C050620A1F83405D7
:10A810000846B0F8340580B2019003F041F81CE01E
:10A820001548B0F9380543F23251884215D1124823
:10A83000B0F93A0543F2380188420ED14FF49770CF
:10A840000D49A1F82C050620A1F834050846B0F8FA
:10A85000340580B2019003F023F84FF42770F8F725
:10A8600021FC40F29D20F8F71DFC40F29B20F8F7F8
:10A8700019FC014802E0000098EA0020B0F8380511
:10A88000ADF80800FA48B0F83A05ADF80A00002023
:10A890008DF80C0002AA0F21429803F065F8C1E080
:10A8A000F348B0F9380543F23251884213D1F048E9
:10A8B000B0F93A0543F2380188420CD14FF4C87020
:10A8C000EB49A1F82C0542F2152002F077FE012099
:10A8D00015F04EFC1DE0E648B0F93805E449B1F941
:10A8E0004A10884214D1E248B0F93A05E049B1F97A
:10A8F0004C1088420CD14FF4C870DD49A1F82C05EA
:10A9000042F2152002F03EFD002015F031FC00E07F
:10A9100088E04FF42770F8F7C5FB40F29D20F8F768
:10A92000C1FB40F29B20F8F7BDFBD148B0F83805D9
:10A93000ADF80800CE48B0F83A05ADF80A0000209E
:10A940008DF80C0000221721072002F03AFF0022A8
:10A950001721072002F00CFF00221721072002F028
:10A96000DEFE00E05DE000222D21072002F029FF3D
:10A9700000222D21072002F0FBFE00222D210720BE
:10A9800002F0CDFE01222E21072002F01AFF012243
:10A990002E21072002F0ECFE00222E21072002F0DB
:10A9A000BEFE00221821072002F00BFF0022182112
:10A9B000072002F0DDFE00221821072002F0AFFE82
:10A9C00001222F21072002F0FCFE01222F21072067
:10A9D00002F0CEFE00222F21072002F0A0FE00226E
:10A9E0001921072002F0EDFE00221921072002F0B4
:10A9F000BFFE00221921072002F091FE07209C498A
:10AA0000A1F8340502AA0F21429802F0ADFF984840
:10AA1000B0F8340580B2019002F042FF18F0FAF964
:10AA200000E000BF00BF01F0B9BC00208DF80C00B1
:10AA300043980F287CD2DFE800F07B085AADFDFC7C
:10AA4000FBFAF9F8F7F6F5F4F3008948B0F83605A3
:10AA500058B98748B0F9380540F031008449A1F869
:10AA600038050120A1F8360531E08148B0F83605F7
:10AA700001280BD17E48B0F9380540F444507C4998
:10AA8000A1F838050220A1F8360520E07848B0F892
:10AA9000360502280BD17648B0F93A0540F031006E
:10AAA0007349A1F83A050320A1F836050FE0704874
:10AAB000B0F8360503280AD16D48B0F93A0540F4DC
:10AAC00044506B49A1F83A050420A1F836056848BE
:10AAD000B0F83805ADF808006548B0F83A05ADF8AB
:10AAE0000A0002AA0F21429802F03EFFE7E3604805
:10AAF000B0F8360558B95E48B0F9380540F0320074
:10AB00005B49A1F838050120A1F8360532E0584824
:10AB1000B0F8360501280CD15548B0F9380540F495
:10AB200048505349A1F838050220A1F8360521E024
:10AB3000C4E34F48B0F8360502280BD14C48B0F9B1
:10AB40003A0540F032004A49A1F83A050320A1F83D
:10AB500036050FE04648B0F8360503280AD14448C8
:10AB6000B0F93A0540F448504149A1F83A050420AB
:10AB7000A1F836053E48B0F83805ADF808003C4865
:10AB8000B0F83A05ADF80A0002AA0F21429802F087
:10AB9000EBFE94E33648B0F8360558B93448B0F9BE
:10ABA000380540F033003249A1F838050120A1F8FA
:10ABB000360531E02E48B0F8360501280BD12C4877
:10ABC000B0F9380540F44C502949A1F83805022065
:10ABD000A1F8360520E02648B0F8360502280BD14A
:10ABE0002348B0F93A0540F033002149A1F83A056D
:10ABF0000320A1F836050FE01D48B0F836050328FC
:10AC00000AD11B48B0F93A0540F44C501849A1F854
:10AC10003A050420A1F836051548B0F838050AE0D1
:10AC200020E3C5E273E256E200E2ADE15AE107E15A
:10AC3000B4E061E00CE0ADF808000D48B0F83A056A
:10AC4000ADF80A0002AA0F21429802F08DFE36E309
:10AC50000748B0F8360568B90548B0F9380540F03E
:10AC600034000349A1F838050120A1F8360533E086
:10AC700098EA0020FE48B0F8360501280BD1FC48C0
:10AC8000B0F9380540F45050F949A1F838050220D0
:10AC9000A1F8360520E0F648B0F8360502280BD1B9
:10ACA000F348B0F93A0540F03400F149A1F83A050B
:10ACB0000320A1F836050FE0ED48B0F8360503286B
:10ACC0000AD1EB48B0F93A0540F45050E849A1F8F0
:10ACD0003A050420A1F83605E548B0F83805ADF886
:10ACE0000800E348B0F83A05ADF80A0002AA0F21BF
:10ACF000429802F039FEE2E2DD48B0F8360558B974
:10AD0000DB48B0F9380540F03500D949A1F83805DD
:10AD10000120A1F8360531E0D548B0F83605012804
:10AD20000BD1D348B0F9380540F45450D049A1F8BC
:10AD300038050220A1F8360520E0CD48B0F83605E8
:10AD400002280BD1CA48B0F93A0540F03500C8498D
:10AD5000A1F83A050320A1F836050FE0C448B0F881
:10AD6000360503280AD1C248B0F93A0540F45450D8
:10AD7000BF49A1F83A050420A1F83605BC48B0F84F
:10AD80003805ADF80800BA48B0F83A05ADF80A0041
:10AD900002AA0F21429802F0E7FD90E2B448B0F811
:10ADA000360558B9B248B0F9380540F03600B04918
:10ADB000A1F838050120A1F8360531E0AC48B0F81B
:10ADC000360501280BD1AA48B0F9380540F458508F
:10ADD000A749A1F838050220A1F8360520E0A448CB
:10ADE000B0F8360502280BD1A148B0F93A0540F079
:10ADF00036009F49A1F83A050320A1F836050FE077
:10AE00009B48B0F8360503280AD19948B0F93A05AD
:10AE100040F458509649A1F83A050420A1F83605A7
:10AE20009348B0F83805ADF808009148B0F83A05F5
:10AE3000ADF80A0002AA0F21429802F095FD3EE209
:10AE40008B48B0F8360558B98948B0F9380540F054
:10AE500037008749A1F838050120A1F8360531E00F
:10AE60008348B0F8360501280BD18148B0F9380580
:10AE700040F45C507E49A1F838050220A1F836055F
:10AE800020E07B48B0F8360502280BD17848B0F9AD
:10AE90003A0540F037007649A1F83A050320A1F8B9
:10AEA00036050FE07248B0F8360503280AD170481D
:10AEB000B0F93A0540F45C506D49A1F83A05042018
:10AEC000A1F836056A48B0F83805ADF808006848BA
:10AED000B0F83A05ADF80A0002AA0F21429802F034
:10AEE00043FDECE16248B0F8360558B96048B0F966
:10AEF000380540F038005E49A1F838050120A1F876
:10AF0000360531E05A48B0F8360501280BD15848CB
:10AF1000B0F9380540F460505549A1F838050220D1
:10AF2000A1F8360520E05248B0F8360502280BD1CA
:10AF30004F48B0F93A0540F038004D49A1F83A05BC
:10AF40000320A1F836050FE04948B0F8360503287C
:10AF50000AD14748B0F93A0540F460504449A1F895
:10AF60003A050420A1F836054148B0F83805ADF897
:10AF700008003F48B0F83A05ADF80A0002AA0F21D0
:10AF8000429802F0F1FC9AE13948B0F8360558B918
:10AF90003748B0F9380540F039003549A1F838058F
:10AFA0000120A1F8360531E03148B0F83605012816
:10AFB0000BD12F48B0F9380540F464502C49A1F862
:10AFC00038050220A1F8360520E02948B0F83605FA
:10AFD00002280BD12648B0F93A0540F0390024493F
:10AFE000A1F83A050320A1F836050FE02048B0F893
:10AFF000360503280AD11E48B0F93A0540F46450DA
:10B000001B49A1F83A050420A1F836051848B0F804
:10B010003805ADF808001648B0F83A05ADF80A0052
:10B0200002AA0F21429802F09FFC48E11048B0F8B4
:10B03000360558B90E48B0F9380540F030000C49D3
:10B04000A1F838050120A1F8360534E00848B0F829
:10B05000360501280ED10648B0F9380540F44050B5
:10B060000349A1F838050220A1F8360523E00000C5
:10B0700098EA0020F848B0F8360502280BD1F648C7
:10B08000B0F93A0540F03000F349A1F83A05032041
:10B09000A1F836050FE0F048B0F8360503280AD1CC
:10B0A000ED48B0F93A0540F44050EB49A1F83A05B3
:10B0B0000420A1F83605E848B0F83805ADF80800D6
:10B0C000E548B0F83A05ADF80A0002AA0F21429807
:10B0D00002F04AFCF3E04FF42770F7F7E3FF40F289
:10B0E0009D20F7F7DFFF40F29B20F7F7DBFFDA4800
:10B0F000B0F83805ADF80800D748B0F83A05ADF813
:10B100000A0002AA0F21429802F02EFCD7E0D24892
:10B11000B0F83605042809D1CF4890F83A05CE4951
:10B12000A1F83A050320A1F8360531E0CA48B0F885
:10B13000360503280CD1C848B0F83A0500F47F4022
:10B1400000B2C549A1F83A050220A1F836051FE072
:10B15000C148B0F83605022809D1BF4890F8380533
:10B16000BD49A1F838050120A1F8360510E0BA481C
:10B17000B0F8360501280BD1B748B0F8380500F40F
:10B180007F4000B2B449A1F838050020A1F8360587
:10B19000B148B0F83805ADF80800AF48B0F83A0546
:10B1A000ADF80A0002AA0F21429802F0DDFB86E00A
:10B1B000A948B0F93605042830DBA748B0F83805AF
:10B1C00060B3A548B0F8380540B3A348B0F83805D7
:10B1D000A149A1F84A000846B0F83A05A1F84C0088
:10B1E000FEF720FF40F29B20F7F75CFF4FF427703B
:10B1F000F7F758FF40F29D20F7F754FF40F22D106B
:10B200009549A1F82C050520A1F834050846B0F8A9
:10B21000340580B2019002F043FB13E040F29B2022
:10B22000F7F740FF4FF42770F7F73CFF40F29D20FF
:10B23000F7F738FF4FF497708749A1F82C050620DF
:10B24000A1F834058448B0F83805ADF80800824804
:10B25000B0F83A05ADF80A0002AA0F21429802F0B0
:10B2600083FB2CE04FF42770F7F71CFF40F29D2082
:10B27000F7F718FF40F29B20F7F714FF40F22D106C
:10B280007549A1F82C050846B0F83805ADF8080056
:10B290000846B0F83A05ADF80A0002AA0F21429814
:10B2A00002F062FB05206C49A1F834050846B0F8AD
:10B2B000340580B2019002F0F3FA00E000BF00BF55
:10B2C00001F06CB8439830287ED2DFE800F07D189A
:10B2D00058D0FCFBFAF9F8F7F6F5F4F3F2F1F0EFD9
:10B2E000EEEDECEBEA98B3C77D7D7D7D7D7D7D7DC8
:10B2F0007D7D7D7D7D7D7D7D7D7D7DA1AABC44980C
:10B30000E0B35548B0F8EE04012809D15248B0F92D
:10B31000F204B0F5FA6F03DA40F27920F7F76EFD28
:10B320004D48B0F8EE04022809D14B48B0F9F404B6
:10B33000B0F5FA7F03DA40F27A20F7F75FFD46486E
:10B34000B0F8EE04052808D14348B0F9FA040528FE
:10B3500003DA40F27D20F7F751FD3F48B0F8F204E0
:10B360003D49B1F8F41408443B49B1F8FA140844D3
:10B3700000B23949A1F82A0517F04CFD0CE24498B7
:10B38000E0B33548B0F8EE04012808D13248B0F9EE
:10B39000F204012803DD40F27920F7F7A5FE2E48DC
:10B3A000B0F8EE04022808D12B48B0F9F4040128C3
:10B3B00003DD40F27A20F7F797FE2748B0F8EE0455
:10B3C00005280AD1244800E0E5E1B0F9FA04012893
:10B3D00003DD40F27D20F7F787FE1F48B0F8F20446
:10B3E0001D49B1F8F41408441B49B1F8FA14084493
:10B3F00000B21949A1F82A0517F00CFDCCE14498D8
:10B4000028B101201449A1F8EE0417F003FDC3E1AF
:10B41000449828B101201049A1F8EE0417F0FAFC75
:10B42000BAE1449828B101200B49A1F8EE0417F0C5
:10B43000F1FCB1E1449828B102200749A1F8EE04DB
:10B4400017F0E8FCA8E1449828B102200249A1F8CD
:10B45000EE0417F0DFFC9FE198EA0020449828B141
:10B460000520F849A1F8EE0417F0D4FC94E14498C3
:10B4700050B3F448B0F9F204B0F5FA6F29DA40F2AB
:10B480007920F7F7BBFCEF48B0F8F204ED49B1F8CA
:10B49000F4140844EB49B1F8FA14084400B2E9493D
:10B4A00013E0E7E0DAE0CDE0C0E007E10DE1EDE038
:10B4B0003AE132E122E116E10EE1AAE09CE07EE011
:10B4C00060E042E023E005E003E0A1F82A0517F080
:10B4D000A1FC61E14498C8B1DA48B0F9F20401284E
:10B4E00014DD40F27920F7F7FFFDD648B0F8F204FA
:10B4F000D449B1F8F4140844D249B1F8FA14084414
:10B5000000B2D049A1F82A0517F084FC44E1449820
:10B51000D0B1CC48B0F9F404B0F5FA7F14DA40F2B7
:10B520007A20F7F76BFCC748B0F8F204C549B1F8C8
:10B53000F4140844C349B1F8FA14084400B2C149EC
:10B54000A1F82A0517F066FC26E14498C8B1BD4869
:10B55000B0F9F404012814DD40F27A20F7F7C4FDB5
:10B56000B848B0F8F204B749B1F8F4140844B54942
:10B57000B1F8FA14084400B2B249A1F82A0517F04C
:10B5800049FC09E14498C8B1AE48B0F9FA0405286D
:10B5900014DA40F27D20F7F731FCAA48B0F8F20443
:10B5A000A849B1F8F4140844A649B1F8FA140844BB
:10B5B00000B2A449A1F82A0517F02CFCECE044984D
:10B5C000C8B1A048B0F9FA04012814DD40F27D208A
:10B5D000F7F78AFD9B48B0F8F2049A49B1F8F414E1
:10B5E00008449849B1F8FA14084400B29549A1F802
:10B5F0002A0517F00FFCCFE0449848B19148B0F904
:10B6000046000A2804DA2320F7F7F8FB17F002FCBB
:10B61000C2E0449848B18B48B0F94600002804DDE8
:10B620002320F7F761FD17F0F5FBB5E0449820B152
:10B6300042F2322001F0C2FF03E042F2332001F077
:10B64000BDFFA9E0449820B142F2342001F0B6FFDA
:10B6500003E042F2352001F0B1FF9DE0449820B1B3
:10B6600042F2362001F0AAFF03E042F2372001F057
:10B67000A5FF91E0449820B142F2382001F09EFFEE
:10B6800003E042F2392001F099FF85E04498A0B12F
:10B690006C48B0F8400080B96A4890F842000190C8
:10B6A00015F068FA6748B0F942001F2805DC6548C4
:10B6B000B0F942000190F7F787FE6DE0449818B1A9
:10B6C00042F2412001F07AFF66E0449818B142F25C
:10B6D000422001F073FF5FE0449818B142F23C2031
:10B6E00001F06CFF58E0449838B101205549A1F8A9
:10B6F000F00415F0F5FC17F08DFB4DE0449858B1BF
:10B7000002205049A1F8F00415F0A4FF15F02CFF19
:10B7100015F0E6FC17F07EFB3EE0449818B142F2CB
:10B720003E2001F04BFF37E0449898B34FF42F7060
:10B730004449A1F82C054FF4805243494348F5F79A
:10B740007EF900203F49A1F832050846B0F84200D2
:10B75000A1F830050D20A1F834050846B0F83405ED
:10B7600080B2019002F09CF83648B0F930050190A3
:10B770003448B0F932050090019916F053F9314878
:10B78000B0F9300501902F48B0F9320500900199C9
:10B7900014F07EF800E000BF00BF91E543980D383B
:10B7A00005283BD2DFE800F00A16222E0300449859
:10B7B00018B942F23D2001F001FF30E0449820B179
:10B7C00042F2522001F0FAFE03E042F2532001F06F
:10B7D000F5FE24E0449820B142F2542001F0EEFE40
:10B7E00003E042F2552001F0E9FE18E0449820B150
:10B7F00042F2562001F0E2FE03E042F2572001F04F
:10B80000DDFE0CE0449820B142F2582001F0D6FE53
:10B8100003E042F2592001F0D1FE00E000BF00BF7A
:10B820004EE543980A285FD2DFE800F05E05161D5A
:10B83000242B39324D57449850B10B2001F0BEFEF5
:10B8400009E0000098EA0020780201207812012027
:10B850000B2001F097FD48E0449818B142F26820AF
:10B8600001F0ACFE41E0449818B142F2692001F0C9
:10B87000A5FE3AE0449818B142F26A2001F09EFE1B
:10B8800033E0449818B142F26B2001F097FE2CE0AF
:10B89000449818B142F2652001F090FE25E04498EA
:10B8A00080B14FF4C870FE49A1F82C050720A1F81B
:10B8B00034050846B0F8340580B2019001F0F0FF7D
:10B8C00017F0A8FA11E0449818B10A2001F076FEAA
:10B8D00002E00A2001F056FD07E0449818B142F258
:10B8E000672001F06BFE00E000BF00BFE8E4439872
:10B8F00002280AD1449838B111F0D8FFFEF78AFB2C
:10B90000F7F75AFD01F024FD00E000BF00BF00BFC3
:10B91000439801280BD1449820B142F26E2001F0E7
:10B920004DFE03E042F26F2001F048FE00E000BF50
:10B9300000BFC5E443980C287ED2DFE800F07D0606
:10B94000305A86B0DAFDFCFBFAF9449830B3012096
:10B95000D349A1F832050020A1F830050D20A1F847
:10B9600034050846B0F8340580B2019001F098FF24
:10B97000CB48B0F930050190C948B0F932050090C4
:10B98000019916F04FF8C648B0F930050190C44847
:10B99000B0F932050090019913F07AFFA2E14498C2
:10B9A00030B30220BE49A1F832050020A1F83005CD
:10B9B0000D20A1F834050846B0F8340580B2019096
:10B9C00001F06EFFB648B0F930050190B448B0F907
:10B9D00032050090019916F025F8B148B0F930050C
:10B9E0000190AF48B0F932050090019913F050FF73
:10B9F00078E1449840B30320A949A1F8320500201A
:10BA0000A1F830050D20A1F834050846B0F834053A
:10BA100080B2019001F044FFA148B0F930050190D7
:10BA20009F48B0F932050090019915F0FBFF9C4842
:10BA3000B0F93005019000E053E19948B0F93205C2
:10BA40000090019913F024FF4CE1449830B3042096
:10BA50009349A1F832050020A1F830050D20A1F886
:10BA600034050846B0F8340580B2019001F018FFA3
:10BA70008B48B0F9300501908948B0F93205009043
:10BA8000019915F0CFFF8648B0F930050190844840
:10BA9000B0F932050090019913F0FAFE22E14498C2
:10BAA00030B305207E49A1F832050020A1F8300509
:10BAB0000D20A1F834050846B0F8340580B2019095
:10BAC00001F0EEFE7648B0F9300501907448B0F907
:10BAD00032050090019915F0A5FF7148B0F93005C5
:10BAE00001906F48B0F932050090019913F0D0FE33
:10BAF000F8E0449860B306206949A1F832050020B7
:10BB0000A1F830050D20A1F834050846B0F8340539
:10BB100080B2019001F0C4FE6148B0F93005019097
:10BB20005F48B0F932050090019915F07BFF04E001
:10BB3000C4E08CE061E036E00BE05948B0F9300534
:10BB400001905748B0F932050090019913F0A0FE1A
:10BB5000C8E0449830B307205149A1F832050020CD
:10BB6000A1F830050D20A1F834050846B0F83405D9
:10BB700080B2019001F094FE4948B0F9300501907F
:10BB80004748B0F932050090019915F04BFF444841
:10BB9000B0F9300501904248B0F9320500900199A2
:10BBA00013F076FE9EE0449830B308203C49A1F89B
:10BBB00032050020A1F830050D20A1F83405084613
:10BBC000B0F8340580B2019001F06AFE3448B0F953
:10BBD000300501903248B0F932050090019915F016
:10BBE00021FF2F48B0F9300501902D48B0F93205FA
:10BBF0000090019913F04CFE74E0449830B3092092
:10BC00002749A1F832050020A1F830050D20A1F840
:10BC100034050846B0F8340580B2019001F040FECA
:10BC20001F48B0F9300501901D48B0F93205009069
:10BC3000019915F0F7FE1A48B0F93005019018483F
:10BC4000B0F932050090019913F022FE4AE04498C1
:10BC500060B34FF4805213491348F4F7F0FE00200C
:10BC60000F49A1F83205A1F830050D20A1F83405DF
:10BC70000846B0F8340580B2019001F011FE084882
:10BC8000B0F9300501900648B0F9320500900199ED
:10BC900015F0C8FE0248B0F930050190004806E0F2
:10BCA00098EA0020780201207812012005E0B0F91E
:10BCB00032050090019913F0EBFD13E00720FA49DB
:10BCC000A1F834050846B0F8340580B2019001F0BF
:10BCD000E7FD4FF4C870F449A1F82C0517F09AF865
:10BCE00000E000BF00BF59E343980C287ED2DFE894
:10BCF00000F07D06305A7D867DB07DDAFEFD4498E9
:10BD000030B30120E849A1F832050020A1F8300540
:10BD10000D20A1F834050846B0F8340580B2019032
:10BD200001F0BEFDE048B0F930050190DE48B0F901
:10BD300032050090019915F075FEDB48B0F9300529
:10BD40000190D948B0F932050090019913F0A0FD97
:10BD500019E1449830B30220D349A1F832050020FC
:10BD6000A1F830050D20A1F834050846B0F83405D7
:10BD700080B2019001F094FDCB48B0F930050190FC
:10BD8000C948B0F932050090019915F04BFEC6483C
:10BD9000B0F930050190C448B0F93205009001991E
:10BDA00013F076FDEFE0449840B30320BE49A1F8BC
:10BDB00032050020A1F830050D20A1F83405084611
:10BDC000B0F8340580B2019001F06AFDB648B0F9D0
:10BDD00030050190B448B0F932050090019915F092
:10BDE00021FEB148B0F93005019000E0CAE0AE484C
:10BDF000B0F932050090019913F04AFDC3E0449870
:10BE000030B30520A849A1F832050020A1F830057B
:10BE10000D20A1F834050846B0F8340580B2019031
:10BE200001F03EFDA048B0F9300501909E48B0F900
:10BE300032050090019915F0F5FD9B48B0F93005E9
:10BE400001909948B0F932050090019913F020FD56
:10BE500099E0449830B307209349A1F832050020B7
:10BE6000A1F830050D20A1F834050846B0F83405D6
:10BE700080B2019001F014FD8B48B0F930050190BB
:10BE80008948B0F932050090019915F0CBFD86483C
:10BE9000B0F9300501908448B0F93205009001995D
:10BEA00013F0F6FC6FE0449848B309207E49A1F8EE
:10BEB00032050020A1F830050D20A1F83405084610
:10BEC000B0F8340580B2019001F0EAFC7648B0F990
:10BED000300501907448B0F932050090019915F0D1
:10BEE000A1FD7148B0F93005019001E037E007E0AD
:10BEF0006D48B0F932050090019913F0C9FC42E099
:10BF0000449858B34FF4805268496948F4F797FD54
:10BF100000206549A1F83205A1F830050D20A1F8EF
:10BF200034050846B0F8340580B2019001F0B8FC41
:10BF30005D48B0F9300501905B48B0F932050090DA
:10BF4000019915F06FFD5848B0F930050190564839
:10BF5000B0F932050090019913F09AFC13E0072024
:10BF60005149A1F834050846B0F8340580B2019073
:10BF700001F096FC4FF4C8704B49A1F82C0516F05F
:10BF800049FF00E000BF00BF08E24398292874D2AF
:10BF9000DFE800F073151C50656C747B8290979EEF
:10BFA000A5ACB3BAC1C8CFD673737373737373730D
:10BFB0007373737373737373737373FDDD004498DA
:10BFC00018B142F2782001F0F9FA07E1449880B301
:10BFD0003548B0F8320528B94FF480523449334817
:10BFE000F4F72DFD3048B0F830052F49A1F8420094
:10BFF0000846B0F83205A1F840000846B0F9420002
:10C0000001900846B0F94000009001990FF090FDB2
:10C010004FF4C8702449A1F82C050720A1F8340575
:10C020000846B0F8340580B2019001F039FC16F0F2
:10C03000F1FED3E0449888B107201B49A1F83405EC
:10C040000846B0F8340580B2019001F029FC4FF4A5
:10C05000C8701549A1F82C0516F0DCFEBEE0449826
:10C0600018B142F27B2001F0A9FAB7E0449818B168
:10C0700042F27C2001F0A2FAB0E0AEE0449818B1A0
:10C0800042F27D2001F09AFAA8E0449818B142F2F9
:10C090007E2001F093FAA1E0449818B142F27F208B
:10C0A00001F08CFA9AE0000098EA00207802012062
:10C0B00078120120449818B14FF40A5001F07EFA2A
:10C0C0008CE0449818B142F2812001F077FA85E0C3
:10C0D000449818B142F2822001F070FA7EE0449850
:10C0E00018B142F2832001F069FA77E0449818B160
:10C0F00042F2842001F062FA70E0449818B142F2F2
:10C10000852001F05BFA69E0449818B142F286207C
:10C1100001F054FA62E0449818B142F2872001F02D
:10C120004DFA5BE0449818B142F2882001F046FADB
:10C1300054E0449818B142F2892001F03FFA4DE0F2
:10C14000449818B142F28A2001F038FA46E0449847
:10C1500000B310209349A1F830050846B0F9300526
:10C1600001900846B0F932050090019915F05AFC8B
:10C17000012204210D2001F0D2FA8A48B0F93005DD
:10C1800001908848B0F932050090019900E002E082
:10C1900016F0F6FC22E04498F0B100208149A1F8A5
:10C1A00030050846B0F9300501900846B0F932056F
:10C1B0000090019915F036FC012204210D2001F0B8
:10C1C000AEFA7848B0F9300501907648B0F93205FA
:10C1D0000090019916F0D4FC00E000BF00BFDDE044
:10C1E00040F233124398811A90427ED018DC40F21C
:10C1F0002F12A0EB020190423AD00ADC632817D03C
:10C20000B0F5967F27D0A0F22D1080B3012873D10E
:10C2100046E0012913D0022936D003296CD158E019
:10C22000082969D2DFE801F0A9816E75888F969D93
:10C23000449818B142F2A02001F0C0F99EE0449861
:10C2400020B142F20E2001F0B9F903E042F20E20D3
:10C2500001F098F892E0449820B142F20D2001F0EC
:10C26000ADF903E042F20D2001F08CF886E023E006
:10C27000449820B142F20C2001F0A0F903E042F210
:10C280000C2001F07FF879E0449820B142F21220AE
:10C2900001F094F903E042F2122001F073F86DE02E
:10C2A000449820B142F20F2001F088F903E042F2F5
:10C2B0000F2001F067F861E0449820B142F21020AD
:10C2C00001F07CF903E042F2102001F05BF855E048
:10C2D0000BE0449820B142F2112001F06FF903E025
:10C2E00042F2112001F04EF848E0449828B142F2A1
:10C2F000162001F063F904E03FE042F2162001F05D
:10C3000041F83BE0449818B142F2132001F056F98D
:10C3100034E0449840B1002263210F2001F028FA54
:10C3200042F2182001F04AF928E0449818B142F28C
:10C33000142001F043F921E0449818B142F2192089
:10C3400001F03CF91AE0449818B142F21A2001F0C9
:10C3500035F913E0449818B142F21B2001F02EF990
:10C360000CE0449820B100200F4981F8440003E01C
:10C3700001200D4981F8440000E000BF00BF00BF6C
:10C380004398032806D1449818B142F2AB2001F03B
:10C3900015F900E000BF00BF00E000BF00BF45B0DE
:10C3A00000BD000098EA0020782201207047704705
:10C3B000F0B52DED028B81B006460D461446072ED2
:10C3C00002D00A2E7ED12AE1A5F1270005287AD2D3
:10C3D000DFE800F0038EBCEAFE00642C00D9642480
:10C3E000012C00D80124AE48B0F8EE0401281ED17B
:10C3F00000EE104AB8EE400ADFEDAA0A80EE201ADD
:10C400009FEDA90A21EE008AB7EE000AB4EEC08AB9
:10C41000F1EE10FA03D2B7EE000AB0EE408ABDEE9C
:10C42000C80A10EE100A00B29D49A1F8F2049C4817
:10C43000B0F8EE04022820D100EE104AF8EE400ACF
:10C440009FED981A80EE810ADFED980A20EE200A0F
:10C45000B0EE408AB7EE000AB4EEC08AF1EE10FAF0
:10C4600003D2B7EE000AB0EE408ABDEEC80A10EE65
:10C47000100A00B28A49A1F8F4048948B0F8EE0421
:10C48000052823D100EE104AB8EE400ADFED850AF8
:10C4900080EE201AB1EE040A21EE000AB0EE408AC6
:10C4A000B7EE000AB4EEC08AF1EE10FA03D2B7EE8E
:10C4B000000AB0EE408ABDEEC80A10EE100A00B2C3
:10C4C000774901E0E6E0A7E0A1F8FA047448B0F883
:10C4D000F2047349B1F8F41408447149B1F8FA143C
:10C4E000084400B26E49A1F82A0516F093FC94E0C6
:10C4F000642C00D9642404B9012400EE104AF8EE3B
:10C50000400A9FED681A80EE810ADFED670A20EE8F
:10C51000200AF2EE040A20EE208ABDEEC80A10EED0
:10C52000100A00B25E49A1F800050846B0F8F2040E
:10C53000B1F8F41408445A49B1F8FA14084400B2A6
:10C540005749A1F82A0516F065FC66E0642C00D96D
:10C55000642404B9012400EE104AF8EE400A9FED6D
:10C56000511A80EE810ADFED510A20EE200AF2EE28
:10C57000040A20EE208ABDEEC80A10EE100A00B2AE
:10C580004749A1F802050846B0F8F204B1F8F414DE
:10C5900008444349B1F8FA14084400B24049A1F8EC
:10C5A0002A0516F037FC38E0642C00D9642400EE2C
:10C5B000104AF8EE400A9FED3B1A80EE810AF1EE38
:10C5C000040A20EE200AF2EE040A20EE208A00E09F
:10C5D00018E0BDEEC80A10EE100A00B23049A1F80A
:10C5E00008050846B0F8F204B1F8F41408442C49E0
:10C5F000B1F8FA14084400B22949A1F82A0516F046
:10C6000009FC0AE00A2C00D90A2420B22449A1F826
:10C61000460016F0FFFB00E000BF00BF3AE00C2D23
:10C6200002D00D2D33D116E0642C00D9642420B241
:10C630001B49A1F844000846B0F84400A1F8180BC3
:10C64000002000900846B0F9442001230A21084642
:10C6500001F044F91CE004B90124642C00D96424DD
:10C6600020B20F49A1F84800002000900846B0F918
:10C67000482001230B210A2001F030F90849B1F9C3
:10C6800048000EF071FD074601F031F800E000BFF0
:10C6900000BF00BF00BF01B0BDEC028BF0BD0000C9
:10C6A00098EA00200000C8420000FA440000FA4363
:10C6B000704770B504AC70CC70BD70477047704760
:10C6C0002DE9FC4107460D4616460F2F2BD0102FA3
:10C6D0007ED1012D24D1FE48B0F8300584B2304619
:10C6E000F4F78EF96C281AD8002101EB8411F94A6D
:10C6F00002EB41003146F4F75FF904F1140081B216
:10C7000032460D2001F030F9F14AB2F93015B2F994
:10C71000320515F087F942F2AC2000F04FFF00E03F
:10C7200000BF00BF6AE2A5F16400322875D2DFE8DD
:10C7300000F0192B3D5062758799ABBDCFF3F1F036
:10C74000EFEEEDECEBEA74747474747474747474D6
:10C7500074747474747474747474E9E8E7E6E5E4EA
:10C76000E374E2E16A46DCA13046F4F761F89DED3E
:10C77000000AF2EE040A20EE200ABCEEC00A10EE17
:10C78000100AD649088036E26A46D3A13046F4F74B
:10C790004FF89DED000AF2EE040A20EE200ABCEEEE
:10C7A000C00A10EE100ACD49488024E26A46CAA1A8
:10C7B0003046F4F73DF89DED000AF2EE040A20EE53
:10C7C000200ABCEEC00A10EE100AC449888012E2AA
:10C7D00013E26A46C0A13046F4F72AF89DED000A3C
:10C7E000F2EE040A20EE200ABCEEC00A10EE100A97
:10C7F000BA49C880FFE16A46B7A13046F4F718F895
:10C800009DED000AF2EE040A20EE200ABCEEC00AFA
:10C8100010EE100AB1490881EDE1EBE16A46AEA1E4
:10C820003046F4F705F89DED000AF2EE040A20EE1A
:10C83000200ABCEEC00A10EE100AA8494881DAE1CD
:10C840006A46A5A13046F3F7F3FF9DED000AF2EE2C
:10C85000040A20EE200ABCEEC00A10EE100A9F491E
:10C860008881C8E16A469CA13046F3F7E1FF9DED5F
:10C87000000AF2EE040A20EE200ABCEEC00A10EE16
:10C88000100A9649C881B6E16A4693A13046F3F78B
:10C89000CFFF9DED000AF2EE040A20EE200ABCEE66
:10C8A000C00A10EE100A8D490882A4E16A468AA1E6
:10C8B0003046F3F7BDFF9DED000AF2EE040A20EECC
:10C8C000200ABCEEC00A10EE100A8449488292E1A8
:10C8D0006A4681A13046F3F7ABFF9DED000AF2EE08
:10C8E000040A20EE200ABCEEC00A10EE100A7B49B2
:10C8F000888280E166E14FE138E121E10AE1B6E0BA
:10C90000F3E0D3E0BAE09FE08BE077E063E04FE054
:10C910003BE027E013E0FFE76A466FA13046F3F7FC
:10C9200087FF9DED000AF2EE040A20EE200ABCEE1D
:10C93000C00A10EE100A81B26848C1825BE16A4603
:10C9400065A13046F3F774FF9DED000AF2EE040A8C
:10C9500020EE200ABCEEC00A10EE100A81B25F4839
:10C96000018348E16A465CA13046F3F761FF9DED23
:10C97000000AF2EE040A20EE200ABCEEC00A10EE15
:10C98000100A81B25548418335E16A4652A13046CA
:10C99000F3F74EFF9DED000AF2EE040A20EE200AA6
:10C9A000BCEEC00A10EE100A81B24C48818322E12D
:10C9B0006A4649A13046F3F73BFF9DED000AF2EECF
:10C9C000040A20EE200ABCEEC00A10EE100A81B262
:10C9D0004248C1830FE16A463FA13046F3F728FF82
:10C9E0009DED000AF2EE040A20EE200ABCEEC00A19
:10C9F00010EE100A81B239480184FCE06A4636A183
:10CA00003046F3F715FF9DED000AF2EE040A20EE22
:10CA1000200ABCEEC00A10EE100A81B22F484184F1
:10CA2000E9E06A462CA13046F3F702FF9DED000ACB
:10CA3000F2EE040A20EE200ABCEEC00A10EE100A44
:10CA400081B226488184D6E06A4623A13046F3F7B6
:10CA5000EFFE9DED000AF2EE040A20EE200ABCEE85
:10CA6000C00A10EE100A81B21C48C184C3E0102233
:10CA700031461A482830F4F7AAF8BCE001AA18A1F8
:10CA80003046F3F7D5FE40F2E6710198884201DAAC
:10CA90000846019040F633010198884201DD0846BE
:10CAA0000190019800B20D490887A4E001AA0CA1E9
:10CAB0003046F3F7BDFE01980C2801DD0C200190F3
:10CAC0000198012801DA01200190019800B209E0E3
:10CAD00098EA0020781201202566000078220120C3
:10CAE000256400004749488785E001AAAFF210019C
:10CAF0003046F3F79DFE01981F2801DD1F200190AD
:10CB00000198012801DA01200190019800B23D4905
:10CB1000888770E001AAAFF238013046F3F788FE4B
:10CB20000198642801DD642001900198012801DA50
:10CB300001200190019840B2324981F83E005AE04C
:10CB400001AAAFF264013046F3F772FE019864283F
:10CB500001DD642001900198012801DA0120019093
:10CB6000019840B2274981F83F0044E001AAAFF2A2
:10CB700090013046F3F75CFE0198642801DD6420E3
:10CB800001900198012801DA01200190019840B23A
:10CB90001C4981F840002EE001AAAFF2BC013046EA
:10CBA000F3F746FE0198642801DD642001900198A6
:10CBB000012801DA01200190019840B2114981F861
:10CBC000410018E001AAAFF2E8013046F3F730FE69
:10CBD0000198B0F5805F02DB40F6FF70019001988C
:10CBE000012801DA01200190019800B20549A1F85D
:10CBF000420000BF00BF00BF00E000BF00BFBDE8B3
:10CC0000FC810000782201207047704770470000C7
:10CC100010B50248F8F75EFA10BD0000140B0020B2
:10CC200030B502469089081A03B2D2ED002AB2F953
:10CC30000E00081A181A02EE100AB8EEC22A22EEE6
:10CC4000822AB0EE420AD2ED012A02EE103AB8EE84
:10CC5000C22A22EE822AF0EE420AB2F90E00B2F99E
:10CC60001040001BB2F90E400C1B022505FB1434CA
:10CC7000204402EE100AB8EEC22AD2ED022A22EEB9
:10CC8000222AB0EE421A30EE202A32EE012AF0EECD
:10CC9000421A92ED052AB8EEC22A32EE212ABDEEE2
:10CCA000C22A82ED052AB2F91A405069A04203DD7A
:10CCB000B2F91A00506107E0B2F918405069A04279
:10CCC00002DAB2F918005061D0891082D18150691E
:10CCD00030BD80ED000AC0ED010A80ED021A8181AD
:10CCE0000023C38103824361038340F6FF734383C0
:10CCF000C261704770B50546D5F84C05C46941F668
:10CD00008A50005B6FF48051084430B108280AD083
:10CD10000C281FD01A282AD104E02146284600F00A
:10CD200029F825E000BF42F2BC10005988B942F250
:10CD3000C41108594FF47D7204F5EB513031F3F70B
:10CD40007EFE42F2C410005900F57D7042F2B0112F
:10CD500008510DE042F2BC10005938B942F2C4103B
:10CD6000005900F57D7042F2B011085100E000BF9B
:10CD700000BF70BD2DE9F84307460C46D7F84C05B7
:10CD8000D0F81C8008F5EB5000F1300600BF00BF62
:10CD900042F2BC1050F8080000287DD1307871783C
:10CDA00040EA01202080B178F07841EA0021307912
:10CDB00041EA0041707941EA00606060B179F07940
:10CDC00041EA002020816A4606F1080104F10A00C8
:10CDD00000F084F9BDF80000012101EB400505F1E8
:10CDE0000800315C3044407841EA0020A4F80A0190
:10CDF00005F10A02314604F5887000F075F8C4F8B0
:10CE00000C01D4F80C0105EB4000051D05F10A02E8
:10CE1000314604F5EE7000F067F8C4F8D801D4F894
:10CE2000D80105EB4000051D05F10A02314604F565
:10CE30002A7000F059F8C4F8A402D4F8A40205EB53
:10CE40004000051D05F10A02314604F55D7000F051
:10CE50004BF8C4F87003D4F8700305EB4000051DCF
:10CE600005F10A02314604F5886000F03DF8C4F887
:10CE70003C04D4F83C0405EB4000051D05F10A0014
:10CE800081196A4604F5A16000F028F9BDF8000098
:10CE9000012101EB400000E024E0054405F10A0017
:10CEA00081196A4604F2076000F018F9BDF8000025
:10CEB000012101EB4000054405F10A0081196A4691
:10CEC00004F2067000F00AF9BDF80000012101EB40
:10CED0004000054405F10A0081196A4604F6050080
:10CEE00000F0FCF8BDE8F88370B5044600238D5CC3
:10CEF0008E18767845EA06258E18B67845EA0645F6
:10CF00008E18F67845EA066007E09D1C022606FBAF
:10CF100005254D5D24F813505B1C9842F5D870BD73
:10CF2000F0B5044600238D5C8E18767845EA062518
:10CF30008E18B67845EA06458E18F67845EA0660FA
:10CF40001DE05D1C042606FB05254E5D5D1C0427C7
:10CF500007FB05250D446D7846EA05265D1C07FB99
:10CF600005250D44AD7846EA05465D1C07FB052501
:10CF70000D44ED7846EA056544F823505B1C984261
:10CF8000DFD8F0BD2DE9F04105460C46D5F84C053B
:10CF9000C66906F5EB5000F1300700223946201D26
:10CFA000FFF7BEFF2060BDE8F0812DE9F84306469B
:10CFB00088461546D6F84C05C76907F5EB5000F1D1
:10CFC00030042078617840EA01202880A178E07858
:10CFD00041EA002068802179607941EA0020A88038
:10CFE000A0790023E1791A0242EA11624FEA012C8A
:10CFF00040EA0C0043EA0201227A1B0443EA12438E
:10D000004FEA024C0A4640EA0C0142EA0300637A06
:10D010000022120642EA132C41EA036240EA0C01A4
:10D02000A07A0143E07A03020846114640EA03026F
:10D03000207B42EA0040627B40EA0260C5E90210C0
:10D04000A07B0023E27B190241EA12614FEA022C25
:10D0500040EA0C0043EA0102237C0021090441EA72
:10D0600013414FEA034C134640EA0C021943637C18
:10D070000020000640EA132042EA03620143A07C3C
:10D080000143E07C0302084611461843227D40EA32
:10D090000240627D40EA0260C5E90410A17DE07DA6
:10D0A00041EA0021207E41EA0041607E41EA0060C1
:10D0B000A8616A4604F11A0105F11C0000F00EF89F
:10D0C000BDF800001A2202EB4000401C01196A461C
:10D0D00005F21B1000F002F8BDE8F88330B51346E6
:10D0E0000D781D800D786C00491C002204E08D5CD9
:10D0F0000570401C951CAAB2A242F8DB0025057001
:10D1000030BD10B50346012942D1907807283DD2A1
:10D11000DFE800F03C04061031261B001A6036E000
:10D1200033F87E4F1888401C23F87E09181D40F8FC
:10D1300024202CE033F8804F1888401C23F8800905
:10D1400003F1140040F8242021E033F8824F1888BE
:10D15000401C23F8820903F1240040F8242016E043
:10D1600033F8844F1888401C23F8840903F14400E5
:10D1700040F824200BE033F8864F1888401C23F831
:10D18000860903F1340040F8242000E000BF1CE0D1
:10D1900002291AD19078012802D0022813D106E082
:10D1A000B3F87C4003F1540040F834200CE033F82D
:10D1B0007C4F1888401C23F87C0903F1540000EBD5
:10D1C000C400426000E000BF00BF002010BD0000AE
:10D1D0002DE9FE4F04460D466678A77894F807803F
:10D1E0002079E17840EA0129A079617940EA012AB1
:10D1F000207A0106607A41EA0041A07A41EA0020E3
:10D20000E17A40EA010B0D2E2CD008DC012E0FD064
:10D21000032E0ED00B2E29D00C2E6FD11EE00F2E18
:10D220002CD0552E6BD0B12E43D0F72EF5D12BE05C
:10D2300089E0464B5B79DFF814C19CF804C043EAEF
:10D240000C22424BDB78DFF804C19CF802C043EAB1
:10D250000C213E4B5878FFF7D8FC74E00120FFF713
:10D26000D5FC70E00020FFF7D1FC6CE0A81F82B273
:10D270003649891C0120FFF71BFA64E000221146A1
:10D280001046FFF715FA5EE03048017AC0792F4A60
:10D290009279DFF8B8C0CDE9002002919CF8053002
:10D2A0009CF804209CF803109CF80200FFF701FA98
:10D2B00049E0012F03D14846FFF7FFF940E0A8F10C
:10D2C00010000C283AD2DFE800F0060C131B2139BD
:10D2D00039343939272E627A51464846FCF7AAFE7E
:10D2E0002DE004F1080251464846FFF7E9F926E02F
:10D2F0005A4651464846FFF75BF820E022E020E01E
:10D300005A4651464846FFF7DAF918E05A46514660
:10D310004846FFF74CF812E0637A227A51464846B5
:10D32000FFF744F80BE0227A51464846FFF7C6F96A
:10D3300005E051464846FFF767FC00E000BF00BF2C
:10D3400001E000E000BF00BFBDE8FE8F60240120C7
:10D35000012080F3138800BF00BFBFF34F8F074841
:10D36000006800F4E06006490843001D03490860B6
:10D37000BFF34F8F00BF00BF00BFFDE70CED00E023
:10D380000000FA0570B50446204610F01FFDE217B4
:10D3900004EB127212110B4B33F812202146E317E3
:10D3A00004EB13731B11A4EB03150123AB409A4349
:10D3B00012B22046E31704EB13731B11014D25F83D
:10D3C000132070BD98EA0020F8B504460E461546B5
:10D3D0006068B0F5827F0DD1A068B0F5004F03D032
:10D3E000A068B0F5806F05D12068006820F040008B
:10D3F000216808606068B0F5827F1FD1A068B0F531
:10D40000806F0DD03346002280212046009500F029
:10D4100069F808B3606D40F0200060650320F8BD36
:10D420003346002201212046009500F05BF898B1B8
:10D43000606D40F0200060650320F0E73346002275
:10D4400001212046009500F04DF828B1606D40F0B4
:10D45000200060650320E2E70020E0E77CB5044699
:10D460000E4615463346012202212046009500F063
:10D4700039F828B1606D40F02000606503207CBD64
:10D48000164800681821B0FBF1F01549B0FBF1F027
:10D490004FF47A71484301906068B0F5827F0DD1F6
:10D4A0003346002280212046009500F01BF898B1F9
:10D4B000606D40F0200060650320E0E700BF019848
:10D4C00000B908E00198401E019020688068C0F310
:10D4D000C0100028F3D100BF0020D0E718000020C2
:10D4E00040420F002DE9F84F04460D4690461E4677
:10D4F000DDF82890F7F7C8FBA0EB0900371AF7F71B
:10D50000C3FB82462C480068C0F3CB3078430090C0
:10D5100046E0701C002843D0F7F7B6FBA0EB0A00EA
:10D52000B84200D2A7BB2068406820F0E000216824
:10D5300048606068B0F5827F0DD1A068B0F5004FFB
:10D5400003D0A068B0F5806F05D12068006820F096
:10D55000400021680860A06AB0F5005F0DD100BFEF
:10D560002068006820F40050216808602068006886
:10D5700040F400502168086000BF012084F8510089
:10D5800000BF002084F8500000BF0320BDE8F88FE2
:10D59000FFE7009808B9002702E00098401E0090BD
:10D5A000206880682840A84201D1012000E00020C6
:10D5B0004045AED10020E9E71800002070B50446D0
:10D5C000204610F003FCE21704EB127212110B4B11
:10D5D00033F812202146E31704EB13731B11A4EB5D
:10D5E00003150123AB401A4312B22046E31704EBA4
:10D5F00013731B11014D25F8132070BD98EA00200C
:10D6000010B5204B822220A126A0F2F79DFF2B48C7
:10D61000B0F84000022809D12848B0F94200022899
:10D6200004DC15202549A1F81C0B0DE042F217205F
:10D63000FBF79AFC20B114202049A1F81C0B03E051
:10D6400012201E49A1F81C0B40F24C401B49A1F8C6
:10D650001A0B0846B0F84400A1F8180B0020A1F8F6
:10D660001E0B174908801749088017490880174979
:10D670000870174908701749096848621548F9F792
:10D68000FDFA10BD2D6602082E2E5C2E2E5C735006
:10D690006C63506F72745C73506C634C6173657231
:10D6A0002E63000025732C25642C25733A6C61735E
:10D6B0006572207374617274210A000098EA002078
:10D6C000EC000020F2000020FA000020FC00002006
:10D6D000FE0000209002002010B5044603E02078F0
:10D6E0000DF0D6FE641C20780028F8D110BD10B5CE
:10D6F0000446EE200DF0CCFE60200DF0C9FEE0B235
:10D700000DF0C6FEFF200DF0C3FEFC200DF0C0FEA4
:10D71000FF200DF0BDFEFF200DF0BAFE10BD70B56C
:10D7200004460D461646EE200DF0B2FEB1200DF077
:10D73000AFFE10200DF0ACFE200A0DF0A9FEE0B205
:10D740000DF0A6FE280A0DF0A3FEE8B20DF0A0FE33
:10D75000F0B20DF09DFEFF200DF09AFEFC200DF0C2
:10D7600097FEFF200DF094FEFF200DF091FE70BD9E
:10D7700070B504460D461646EE200DF089FEB12028
:10D780000DF086FE04200DF083FE200A0DF080FED1
:10D79000E0B20DF07DFE280A0DF07AFEE8B20DF041
:10D7A00077FEF0B20DF074FEFF200DF071FEFC204C
:10D7B0000DF06EFEFF200DF06BFEFF200DF068FEF9
:10D7C00070BD70B504460D461646EE200DF060FEA5
:10D7D000B1200DF05DFE03200DF05AFE200A0DF081
:10D7E00057FEE0B20DF054FE280A0DF051FEE8B2EB
:10D7F0000DF04EFEF0B20DF04BFEFF200DF048FE96
:10D80000FC200DF045FEFF200DF042FEFF200DF044
:10D810003FFE70BD70B504460D46212121742021C4
:10D82000617400216182A1820721E18207222946D9
:10D83000204602F086FB70BD70B505460E461446C4
:10D84000EE200DF025FEB1200DF022FE10200DF08F
:10D850001FFE280A0DF01CFEE8B20DF019FE300A7A
:10D860000DF016FEF0B20DF013FE200E0DF010FEBE
:10D87000C4F307400DF00CFEC4F307200DF008FEC2
:10D88000E0B20DF005FEFF200DF002FEFC200DF0D1
:10D89000FFFDFF200DF0FCFDFF200DF0F9FD70BD38
:10D8A00010B50446EE200DF0F3FDB1200DF0F0FDB3
:10D8B00000200DF0EDFD200A0DF0EAFDE0B20DF0C4
:10D8C000E7FDFF200DF0E4FDFC200DF0E1FDFF2061
:10D8D0000DF0DEFDFF200DF0DBFD10BD2DE9F04168
:10D8E00005460E4614461F46DDF81880EE200DF062
:10D8F000CFFDB1200DF0CCFD07200DF0C9FD280AA9
:10D900000DF0C6FDE8B20DF0C3FD300A0DF0C0FD0C
:10D91000F0B20DF0BDFD0FB1012100E00021C8B251
:10D920000DF0B6FD08F00F0141F080000DF0B0FDE4
:10D93000200E0DF0ADFDC4F307400DF0A9FDC4F3BA
:10D9400007200DF0A5FDE0B20DF0A2FDFF200DF0C7
:10D950009FFDFC200DF09CFDFF200DF099FDFF20A8
:10D960000DF096FDBDE8F08170B504460D461646F3
:10D97000EE200DF08DFDB1200DF08AFD10200DF090
:10D9800087FD200A0DF084FDE0B20DF081FD280A2C
:10D990000DF07EFDE8B20DF07BFD3046FFF79CFEFA
:10D9A000FF200DF075FDFC200DF072FDFF200DF045
:10D9B0006FFDFF200DF06CFD70BDFCF7E5FA00BFB8
:10D9C00001200EF039FBFBE710F00CFB0EE011F02C
:10D9D00089F845F68120FBF7C7FA08B10AF080FB09
:10D9E00008F054F911F06AF80DF0FCFCEFE710B5FF
:10D9F0004FF0E020006917F069F8012801D016F017
:10DA0000CBFA10BD00B593B0302107A8F3F7B8F8F2
:10DA1000142102A8F3F7B4F800BF002001902448B5
:10DA2000006840F08050224908600846006800F015
:10DA30008050019000BF00BF00BF002001901D4832
:10DA4000006840F480401B4908600846006800F404
:10DA50008040019000BF00BF0120079000040890A3
:10DA600002200D9041050E9104210F91A8211091E3
:10DA7000022111910721129107A8F8F7A7F808B120
:10DA8000F5F764FC0F200290022003900020049020
:10DA90004FF4A05005904FF480500690052102A845
:10DAA000F7F732FF08B1F5F751FC13B000BD0000E5
:10DAB00040380240007000400348006840F47000A5
:10DAC000014908607047000088ED00E02DE9F04151
:10DAD00004460D461646EDB344F240516018FFF778
:10DAE0006DFD04F59B60384931F91000B0421EDB32
:10DAF000E21704EB1272121102F589620B4633F839
:10DB000012202146E31704EB13731B11A4EB031738
:10DB10000123BB401A4313B22046E21704EB1272F2
:10DB2000121102F58962284F27F8123049E0E217F6
:10DB300004EB1272121102F58962234B33F81220A2
:10DB40002146E31704EB13731B11A4EB0317012306
:10DB5000BB4000E00CE09A4313B22046E21704EB0E
:10DB60001272121102F58962174F27F8123028E05D
:10DB700044F240516018FFF705FCE21704EB127203
:10DB8000121102F58962104B33F812202146E31777
:10DB900004EB13731B11A4EB03170123BB409A433F
:10DBA00013B22046E21704EB1272121102F58962D9
:10DBB000054F27F81230002104F59B603A4622F801
:10DBC0001010BDE8F081000098EA00202DE9F04136
:10DBD00004460D461646EDB304F58A40FFF7EEFC09
:10DBE00004F59360374931F91000B0421EDBE217AB
:10DBF00004EB1272121102F244420B4633F8122067
:10DC00002146E31704EB13731B11A4EB0317012345
:10DC1000BB401A4313B22046E21704EB12721211F2
:10DC200002F24442274F27F8123048E0E21704EB93
:10DC30001272121102F24442224B33F81220214692
:10DC4000E31704EB13731B11A4EB03170123BB4071
:10DC50009A4300E00BE013B22046E21704EB127285
:10DC6000121102F24442174F27F8123027E004F550
:10DC70008A40FFF787FBE21704EB1272121102F2DF
:10DC80004442104B33F812202146E31704EB137380
:10DC90001B11A4EB03170123BB409A4313B2204688
:10DCA000E21704EB1272121102F24442054F27F8F8
:10DCB0001230002104F593603A4622F81010BDE8B6
:10DCC000F081000098EA002010B50348F9F7D0F879
:10DCD0000248F9F7CDF810BDD8020020B0030020AB
:10DCE00010B50348F9F7C4F80248F9F7C1F810BDB8
:10DCF000D80200201805002010B502682B4B98426E
:10DD00000ED0B0F1804F0BD0294B984208D0294B50
:10DD1000984205D0284B984202D0284B984203D114
:10DD200022F070024B681A43204B984220D0B0F189
:10DD3000804F1DD01E4B98421AD01E4B984217D0D0
:10DD40001D4B984214D01D4B984211D01C4B984249
:10DD50000ED01C4B98420BD01B4B984208D01B4B4B
:10DD6000984205D01A4B984202D01A4B984203D1E0
:10DD700022F44072CB681A4322F080034C6943EAD4
:10DD800004028B68C3620B688362084B984202D01E
:10DD90000A4B984201D10B690363036843F0040303
:10DDA000036001234361026010BD000000000140D8
:10DDB0000004004000080040000C00400004014046
:10DDC000004001400044014000480140001800406C
:10DDD000001C00400020004030B501F01F05012468
:10DDE00004FA05F3046A9C430462046A01F01F0507
:10DDF00002FA05F52C43046230BD30B50C4681684B
:10DE000021F47F4142EA032525432943816030BD47
:10DE10000A46816821F0700142F0070319438160CE
:10DE20007047000030B5026A056A25F001050562F9
:10DE30004368846924F0700424F003040D682C43C3
:10DE400022F002028D682A43104DA84200D103E05F
:10DE50000F4DA84206D100BF22F00802CD682A4328
:10DE600022F00402094DA84202D0094DA84207D170
:10DE700023F4807323F400734D692B438D692B4386
:10DE8000436084614D684563026230BD000001401B
:10DE90000004014030B5026A056A25F010050562EC
:10DEA0004368846924F4E04424F440740D6844EA2F
:10DEB000052422F020028D6842EA0512124DA84284
:10DEC00000D103E0114DA84207D100BF22F080022B
:10DED000CD6842EA051222F040020B4DA84202D062
:10DEE0000A4DA84209D123F4806323F400634D69ED
:10DEF00043EA85038D6943EA8503436084614D6885
:10DF00008563026230BD0000000001400004014052
:10DF100030B5026A056A25F4807505624368C469F4
:10DF200024F0700424F003040D682C4322F40072E2
:10DF30008D6842EA0522124DA84200D103E0114D3E
:10DF4000A84207D100BF22F40062CD6842EA052250
:10DF500022F480620A4DA84202D00A4DA84209D19B
:10DF600023F4805323F400534D6943EA05138D696C
:10DF700043EA05134360C4614D68C563026230BD66
:10DF8000000001400004014030B5036A056A25F431
:10DF9000805505624468C26922F4E04222F440726E
:10DFA0000D6842EA052223F400538D6843EA0533E5
:10DFB000084DA84202D0084DA84204D124F4804460
:10DFC0004D6944EA85144460C2614D68056403628A
:10DFD00030BD0000000001400004014030B50B4698
:10DFE0001446026A056A25F001050562816921F07F
:10DFF000F00141EA041122F00A021A43816102622F
:10E0000030BD30B50B461446026A056A25F010058E
:10E010000562816921F4704141EA043122F0A002D5
:10E0200042EA03128161026230BD70B50446A56BFD
:10E030000020E8852846F9F725FA70BD00BF00BF2B
:10E0400002680C3252E8002F22F4907102680C3200
:10E0500042E80013002BF3D100BF00BF00BF0268ED
:10E06000143252E8002F22F001010268143242E813
:10E070000013002BF3D100BF016B01290ED100BFAB
:10E0800000BF02680C3252E8002F22F01001026833
:10E090000C3242E80013002BF3D100BF202180F89E
:10E0A000421000210163704710B504462068C06823
:10E0B00020F040002168C860202084F841002046FC
:10E0C000F9F74BFD002010BDF8B5044600250026E9
:10E0D00094F84200222873D1A068B0F5805F0BD17C
:10E0E000206948B9A66A20684068C0F308003080FB
:10E0F000A06A801CA06214E0A56AA068B0F5805FE9
:10E1000003D0A06828B9206918B920684068287031
:10E1100004E02068406800F07F002870A06A401C7E
:10E12000A062E08D401E80B2E085002846D12068C4
:10E13000C06820F020002168C8602068C06820F412
:10E1400080702168C8602068406920F00100216863
:10E150004861202084F8420000206063206B012881
:10E1600026D10020206300BF00BF21680C3151E898
:10E17000001F21F0100021680C3141E80002002A44
:10E18000F3D100BF2068006800F0100010280AD109
:10E1900000BF002000902068006800902068406860
:10E1A000009000BF00BFA18D2046F9F76AF902E098
:10E1B0002046F9F75DFC0020F8BD01E00020FBE7F8
:10E1C0000220F9E72DE9F84F04462068006920F4A1
:10E1D0004050E1680843216808612169A06808434C
:10E1E00061690843E169084300902068C06849F20A
:10E1F0000C618843009908432168C8602068406921
:10E2000020F44070A169084321684861764920687C
:10E21000884203D075492068884203D1F7F76EFC25
:10E22000814602E0F7F75AFC8146E069B0F5004FFD
:10E230006CD102206168A0FB015003461920A9FBA4
:10E24000007001462A463846F2F707F96421B0FB10
:10E25000F1F04FEA001A02206168A0FB01510B4661
:10E260001920A9FB00712A463846F2F7F6F88346D2
:10E2700002206168A0FB015003461920A9FB007130
:10E280002A463846F2F7E9F86421B0FBF1F000EBDA
:10E29000C00101EB0010ABEB8000322101EBC000AC
:10E2A0006421B0FBF1F000F0F8000AEB400A022014
:10E2B0006168A0FB015003461920A9FB00700146CC
:10E2C0002A463846F2F7C9F8834602206168A0FB67
:10E2D000015003461920A9FB00712A463846F2F77F
:10E2E000BCF86421B0FBF1F000EBC00101EB0010C1
:10E2F000ABEB8000322101EBC0006421B0FBF1F0F8
:10E3000000F007005044216888606AE004206168DA
:10E31000A0FB015003461920A9FB007001462A46C4
:10E320003846F2F79AF8824604206168A0FB015053
:10E3300003461920A9FB007001462A463846F2F729
:10E340008CF86421B0FBF1F000EBC00101EB001090
:10E35000AAEB8000322101EB00106421B0FBF1F048
:10E3600000F0F00A04206168A0FB01700346192048
:10E37000A9FB00513A462846F2F76FF86421B0FB3A
:10E38000F1F00AEB001A04206168A0FB01510B4672
:10E390001920A9FB00712A463846F2F75EF8834639
:10E3A00004206168A0FB015003461920A9FB0070FE
:10E3B00001462A463846F2F750F86421B0FBF1F0E6
:10E3C00000EBC00101EB0010ABEB8000322101EB50
:10E3D00000106421B0FBF1F000F00F005044216800
:10E3E0008860BDE8F88F0000001001400014014073
:10E3F00010B5034699629A85DA8500205864222078
:10E4000083F84200186928B11868C06840F4807029
:10E410001C68E0601868406940F001001C68606199
:10E420001868C06840F020001C68E060002010BD43
:10E43000014691F84100212828D18868B0F5805F15
:10E440000BD1086948B90A6A1088C0F308000B6844
:10E450005860086A801C086205E00B6A581C086254
:10E4600018780B685860C88C401E80B2C88458B9B0
:10E470000868C06820F080000B68D8600868C06831
:10E4800040F040000B68D860002070470220FCE795
:10E490002DE9F84304460D4617469846089E31E09C
:10E4A000701C70B3F6F7F0FBA0EB0800B04200D888
:10E4B00016B90320BDE8F8832068C06800F00400A6
:10E4C000F8B1802D1ED0402D1CD020680068C0F30C
:10E4D000C000B0B100BF002000902068006800902C
:10E4E00020684068009000BF00BF2046FFF7A6FDEF
:10E4F0000820606400BF002084F8400000BF0120B5
:10E50000D8E7FFE7206800682840A84201D1012031
:10E5100000E00020B842C3D00020CBE710B505488A
:10E52000B0F8C80A84B222460021032007F064FB39
:10E5300010BD000098EA002010B50548B0F8C80AE0
:10E5400084B222460121032007F056FB10BD0000D3
:10E5500098EA002010B50548B0F8C80A84B22246EF
:10E560000221032007F048FB10BD000098EA0020BC
:10E5700010B50548B0F8C80A84B2224603210846FF
:10E5800007F03AFB10BD000098EA002010B50548DE
:10E59000B0F8C80A84B222460421032007F02CFBFD
:10E5A00010BD000098EA002010B50548B0F8C80A70
:10E5B00084B222460521032007F01EFB10BD000097
:10E5C00098EA002010B50548B0F8C80A84B222467F
:10E5D0000621032007F010FB10BD000098EA002080
:10E5E00010B50548B0F8C80A84B2224607210320B6
:10E5F00007F002FB10BD000098EA002010B50248A9
:10E60000F8F752FF10BD0000880400202DE9FE4FEE
:10E610000446884691469A4600200290019083461F
:10E6200000260027D4F84C05C56900200090B8F1F9
:10E63000020F06D0B8F1030F22D0B8F1060F2CD18B
:10E640000EE0286FC678002747EA062001904FF4B5
:10E65000807002900020A5F890014FF0010B1FE0A0
:10E6600005F1900050F82900C678002747EA0620F7
:10E6700001900C9840EA0A200290DDF834B00FE0D7
:10E6800080204059C678002747EA062001904FF4C1
:10E69000807002904FF0010B02E00220009000BF5A
:10E6A00000BF009810B10098BDE8FE8FA121217431
:10E6B00081216174029961820199A182A4F816B046
:10E6C0005A4605F5C871204601F03BFCECE72DE900
:10E6D000FE4F0446884691469A46002002900190DB
:10E6E000834600260027D4F84C05C5690020009019
:10E6F000B8F1020F06D0B8F1030F22D0B8F1060F1F
:10E700002CD10EE0286FC678002747EA062001903A
:10E710004FF4807002900020A5F890014FF0010B9B
:10E720001FE005F1900050F82900C678002747EA5D
:10E73000062001900C9840EA0A200290DDF834B0DF
:10E740000FE080204059C678002747EA0620019054
:10E750004FF4807002904FF0010B02E00220009015
:10E7600000BF00BF009810B10098BDE8FE8FA12146
:10E77000217483216174029961820199A182A4F8B4
:10E7800016B05A4605F5C871204601F0DAFBECE7F1
:10E790002DE9FE4F0446884691469A460020029095
:10E7A0000190834600260027D4F84C05C569002057
:10E7B0000090B8F1020F06D0B8F1030F22D0B8F1E3
:10E7C000060F2CD10EE0286FC678002747EA0620F6
:10E7D00001904FF4807002900020A5F890014FF056
:10E7E000010B1FE005F1900050F82900C6780027C2
:10E7F00047EA062001900C9840EA0A200290DDF8D2
:10E8000034B00FE080204059C678002747EA062040
:10E8100001904FF4807002904FF0010B02E0022053
:10E82000009000BF00BF009810B10098BDE8FE8FB7
:10E83000A121217482216174029961820199A182CE
:10E84000A4F816B05A4605F5C871204601F079FBC8
:10E85000ECE72DE9FE4F0446884691469A46002093
:10E8600002900190834600260027D4F84C05C56924
:10E8700000200090B8F1020F06D0B8F1030F22D0AB
:10E88000B8F1060F2CD10EE0286FC678002747EAB2
:10E89000062001904FF4807002900020A5F89001AE
:10E8A0004FF0010B1FE005F1900050F82900C678E9
:10E8B000002747EA062001900C9840EA0A200290BF
:10E8C000DDF834B00FE080204059C678002747EAD1
:10E8D000062001904FF4807002904FF0010B02E08F
:10E8E0000220009000BF00BF009810B10098BDE862
:10E8F000FE8FA121217484216174029961820199A2
:10E90000A182A4F816B05A4605F5C871204601F058
:10E9100018FBECE72DE9FE4F0446884691469A46DF
:10E920000020029001908346D4F84C05C76900206E
:10E930000090B8F1020F03D0B8F1060F1FD10EE01E
:10E94000386FC578002646EA052001904FF48070A4
:10E9500002900020A7F890014FF0010B12E007F1A0
:10E96000900050F82900C578002646EA052001905D
:10E970000C9840EA0A200290DDF834B002E0022050
:10E98000009000BF00BF009810B10098BDE8FE8F56
:10E990002121217401216174029961820199A1826E
:10E9A000A4F816B05A4607F5C871204601F0C9FA16
:10E9B000ECE770472DE9F05F81464FF0000AD3463F
:10E9C000D9F84C05C469002720E004F1700050F824
:10E9D0002700017904F1700050F82700407941EADE
:10E9E000002040F2011188420ED104F1700050F86D
:10E9F000270090F803A004F1700050F82700C179B7
:10EA000040F20910015505E0781CC7B2B4F8EA00DD
:10EA1000B842DADC00BF00250CE004F1C00050F879
:10EA20003500C078504503D14FF48270055505E09C
:10EA3000681CC5B2B4F8E800A842EEDC00BF00BF15
:10EA40005146484600F01AFC064616B90220BDE8B9
:10EA5000F09FF5B2C6F30728C6F3074AB8F1030FD3
:10EA600014D0B8F1040F09D0B8F1050F0AD0B8F1ED
:10EA7000060F25D140F20710055524E040F205109D
:10EA8000055520E04FF4837005551CE04FF4847069
:10EA90000555042D11D204F1800050F825000179AC
:10EAA00004F1800050F82500407941EA002040F24E
:10EAB0000311884203D00020C9E74FF0020B02E0A7
:10EAC0004FF0020B00BF00BFB8F1030F01D0002EC2
:10EAD000B6D15846BBE72DE9F05F81464FF0000AFA
:10EAE000D346D9F84C05C469002620E004F1700033
:10EAF00050F82600017904F1700050F826004079A2
:10EB000041EA002040F2012188420ED104F1700058
:10EB100050F8260090F803A004F1700050F8260089
:10EB2000C17940F25110015505E0701CC6B2B4F82D
:10EB3000EA00B042DADC00BF00BF5146484600F0B0
:10EB40009DFB054615B90220BDE8F09FEFB2C5F365
:10EB50000728C5F3074AB8F1030F14D0B8F1040F22
:10EB600009D0B8F1050F0AD0B8F1060F0FD140F265
:10EB70004F1007550EE040F24D1007550AE04FF4D4
:10EB8000A770075506E04FF4A870075502E04FF054
:10EB9000020B00BF00BFB8F1030F01D0002DCCD194
:10EBA0005846D1E72DE9FC5F804689461646D8F8DD
:10EBB0004C05C4694FF0010B01276078001F052840
:10EBC0007DD2DFE800F01F3B03607D00022003469A
:10EBD0004A460621CDE900604046FFF717FD07468B
:10EBE000012F0ED004206070B4F890014FF4C97169
:10EBF000095B4FF6FF7202EA012140EA0105C4F801
:10EC0000345161E0022003464A460621CDE9006006
:10EC10004046FFF7BDFD0746012F0ED0052060706E
:10EC2000B4F890014FF4C971095B4FF6FF7202EA24
:10EC3000012140EA0105C4F82C5145E002200346B9
:10EC40004A460621CDE900604046FFF740FD0746F1
:10EC5000012F17D007206070B4F890014FF4C971EC
:10EC6000095B4FF6FF7202EA012140EA0105C4F890
:10EC7000305104F5967003C8814203D24FF47F41AE
:10EC8000C4F8301120E0022003464A460621CDE9AF
:10EC900000604046FFF7DDFD0746012F0ED008203B
:10ECA0006070B4F890014FF4C971095B4FF6FF72C0
:10ECB00002EA012140EA010AC4F838A104E002E0B6
:10ECC0004FF0000B00E000BF00BF5846BDE8FC9FBE
:10ECD0002DE9F0410646D6F84C05C4690127012507
:10ECE0002078082871D2DFE800F0A804990525589B
:10ECF0007A5100BF4FF4A170005D012811D14FF48B
:10ED0000A070015D0022304604F076FF054615B97B
:10ED1000042020700DE0032D0BD100BF00BF02279F
:10ED200007E00420207000231A460221304603F039
:10ED3000A4FF83E0FA20005D01281CD1F820015DCA
:10ED40000022304604F058FF054675B907202070B0
:10ED50000620607040F20710005D84F8A00140F2C8
:10ED60000910005D84F8A1010FE0032D0DD100BF53
:10ED700000BF022709E007202070062060700023F2
:10ED80001A460221304603F078FF57E0304600F083
:10ED9000EDFA08B90520207050E04FF4A170005D35
:10EDA000012813D140F24110025D401E015D304642
:10EDB00004F022FF054615B9062020700EE0032D51
:10EDC0000CD100BF00BF022708E036E0062020700B
:10EDD00000231A460221304603F04FFF2EE0FA20AE
:10EDE000005D012811D1F920025DF820015D304657
:10EDF00004F002FF054615B9022020700DE0032D36
:10EE00000BD100BF00BF022707E0022020700023C3
:10EE10001A460221304603F030FF0FE00120A070B7
:10EE200002213046D6F8A4259047002700231A4631
:10EE30000421304603F021FF00E000BF00BF384648
:10EE4000BDE8F0812DE9F04105460126D5F84C05D5
:10EE5000C4690027E07806286AD2DFE800F0690379
:10EE6000236A5760D5F8940500F00100C8B9D5F8B9
:10EE700094154FF4C6700151801E035D001F025DA2
:10EE800004F5C871284602F007F940F20710005D4A
:10EE900084F8A00140F20910005D84F8A10102206D
:10EEA000E07047E04FF4C570015D284602F0A1F91B
:10EEB000012811D1B4F890014FF4C971095B4FF6E4
:10EEC000FF7202EA012140EA0107F9B2284600F088
:10EED000EAFC012800D12DE0D5F894154FF4C67056
:10EEE0000059091A40F28B10005D81420DD3D5F80C
:10EEF00094154FF4C6700151801E035D001F025D22
:10EF000004F5C871284602F0C7F813E0012128462D
:10EF100000F0C9FC10B90120E07000260AE00221CF
:10EF2000284600F0C0FC10B90120E070002601E086
:10EF300000BF00BF00BF3046BDE8F081F0B501461C
:10EF40000220D1F84C55EC690023002282E002EB4C
:10EF5000C20505EB021601F2423505EB46056D7957
:10EF6000012D75D102EBC20505EB021601F2423507
:10EF700005EB4605AD79022D6AD102EBC20505EB22
:10EF8000021601F2423505EB46052D7B05F08005A2
:10EF9000002D5DD002EBC20505EB021601F24235F1
:10EFA00005EB4605ED89002D52D002EBC20505EBBD
:10EFB000021601F2423505EB46052E7B03EB830773
:10EFC000A51D05F8176002EBC20505EB021601F25C
:10EFD000423505EB4605EE8903EB8307A51D05EBDE
:10EFE00047056E8002EBC20505EB021601F24235C1
:10EFF00005EB4605AE7803EB8307A51D05EB47053A
:10F000006E7102EBC20505EB021601F2423505EB0B
:10F010004605EE7803EB8307A51D05EB47052E712A
:10F0200002EBC20505EB021601F2423505EB46057F
:10F030002E7C03EB8307A51D05EB47052E810126DA
:10F0400003EB8307A51D05EB4705AE715D1CEBB215
:10F05000551CEAB20A2AFFF47AAF03B10020F0BDD2
:10F06000F0B501460220D1F84C55EC69002300228E
:10F0700088E002EBC20505EB021601F2423505EB12
:10F0800046056D79012D7BD102EBC20505EB021619
:10F0900001F2423505EB4605AD79022D70D102EB48
:10F0A000C20505EB021601F2423505EB46052D7B44
:10F0B00005F08005002D63D102EBC20505EB0216B9
:10F0C00001F2423505EB4605ED89002D58D002EBE3
:10F0D000C20505EB021601F2423505EB46052E7B13
:10F0E00003EB830704F1380505F8176002EBC2054E
:10F0F00005EB021601F2423505EB4605EE8903EBFE
:10F10000830704F1380505EB47056E8002EBC20565
:10F1100005EB021601F2423505EB4605AE7803EB2E
:10F12000830704F1380505EB47056E7102EBC20554
:10F1300005EB021601F2423505EB4605EE7803EBCE
:10F14000830704F1380505EB47052E7102EBC20574
:10F1500005EB021601F2423505EB46052E7C03EB6A
:10F16000830704F1380505EB47052E81012603EBE3
:10F17000830704F1380505EB4705AE715D1CEBB262
:10F18000551CEAB20A2AFFF474AF03B10020F0BDA7
:10F190002DE9F04105460227D5F84C05C669FF2345
:10F1A00001221146284600F035FF0446FF2C01D00D
:10F1B0000A2C02D30220BDE8F081002459E004EBC0
:10F1C000C40000EB041105F2423000EB410040792D
:10F1D00003284CD104EBC40000EB041105F24230CB
:10F1E00000EB4100C089E8B304EBC40000EB04115C
:10F1F00005F2423000EB4100007B00F080008028E7
:10F2000035D104EBC40000EB041105F2423000EBF1
:10F210004100007B86F8840104EBC40000EB04117C
:10F2200005F2423000EB4100C1894FF4C3708153B5
:10F2300004EBC40000EB041105F2423000EB410086
:10F2400081784FF4C470815504EBC40000EB0411C5
:10F2500005F2423000EB4100017C40F28B108155F9
:10F26000012100E003E0801E8155002703E0601CBF
:10F27000C4B20A2CA3D300BF38469CE710B504469D
:10F280000B46D4F84C05C269002113E002F190004E
:10F2900050F82100007998420AD102F1900050F80C
:10F2A0002100C3784FF4C06040EA0340084310BD1A
:10F2B000481CC1B2B2F8EE008842E7DC00211AE037
:10F2C00002F1A00050F821004079984206D002F1E6
:10F2D000A00050F82100807998420AD102F1A000E4
:10F2E00050F82100C3784FF4806040EA034008439F
:10F2F000DDE7481CC1B2B2F8F2008842E0DC002130
:10F3000013E002F1B00050F82100407998420AD190
:10F3100002F1B00050F82100C3784FF4A06040EA39
:10F3200003400843C3E7481CC1B2B2F8F00088426A
:10F33000E7DC002113E002F1800050F82100C079E1
:10F3400098420AD102F1800050F82100C3784FF4AE
:10F35000407040EA03400843A9E7481CC1B2B2F834
:10F36000EC008842E7DC0020A1E770472DE9F0417E
:10F37000054601260127D5F84C05C46994F8A1215A
:10F3800094F8A0112846FFF70DFC0746012F1AD06C
:10F3900094F8A101012809D140F20710005D84F81A
:10F3A000A001002084F8A101002604E094F8A10146
:10F3B000401E84F8A1010620607000231A46022135
:10F3C000284603F05AFC3046BDE8F0810146012092
:10F3D000704770B50546D5F84C05C46940F2431036
:10F3E000005D78B140F24310015D284600F077FDE2
:10F3F00040F24310015D284600F053FE002140F228
:10F4000043100155FB20005D60B1FB20015D2846E3
:10F4100000F065FDFB20015D284600F042FE002162
:10F42000FB2001554FF4C570005D78B14FF4C570F5
:10F43000015D284600F053FD4FF4C570015D28467C
:10F4400000F02FFE00214FF4C5700155D5F84C0592
:10F45000C06940B1D5F84C15C869F0F7D7FF002056
:10F46000D5F84C15C861002070BD2DE9FE4F064649
:10F470004FF0000AD346002301221146304600F027
:10F48000C9FD8146B9F1FF0F04D100BF00BF0220C2
:10F49000BDE8FE8F4FF4D270F0F789FFD6F84C1517
:10F4A000C861D6F84C05C4691CB900BF00BF022072
:10F4B000EEE74FF4D2712046F1F762FB3046FFF7DA
:10F4C0003DFD80463046FFF7CBFD0746B8F1020F01
:10F4D00004D1022F02D100BF00BFD9E7002590E080
:10F4E00005EB850104F1380000EB4100807901282B
:10F4F0003FD105EB850104F1380000EB4100408865
:10F50000504536DD05EB850104F1380000EB410084
:10F51000B0F802A005EB850104F1380000EB4100D2
:10F520004179F820015505EB850104F1380000EB25
:10F5300041000179F920015505EB850104F13800FE
:10F5400010F8110084F8F40005EB850104F138008F
:10F5500000EB41004188F620015305EB850104F1E1
:10F56000380000EB4100017AFC2001550121FA200E
:10F57000015505EB8501A01D00EB410080790128B4
:10F580003DD105EB8501A01D00EB410040885845A9
:10F5900035DD05EB8501A01D00EB4100B0F802B0A0
:10F5A00005EB8501A01D00EB410041794FF4A070EF
:10F5B000015505EB8501A01D00EB4100017940F2EA
:10F5C0004110015505EB8501A01D10F8110084F8CC
:10F5D0003C0105EB8501A01D00EB410041884FF483
:10F5E0009F70015305EB850104F1380000EB4100E9
:10F5F000017A4FF4A27001550121801E0155681C4B
:10F60000C5B2052DFFF46CAF3046FFF7C1FD18B948
:10F61000012140F289100155304600F0D5F8FA205A
:10F62000005D012820D13046FFF7C4F994F8F410AA
:10F63000304600F045FAFB210855F620005B012218
:10F6400096F81D13CDE90012029096F81C3394F839
:10F65000F420FB20015D304603F026FBFB20015D1A
:10F660000022304601F054FE4FF4A170005D0128E5
:10F6700023D13046FFF72FFA94F83C11304600F0C2
:10F680001FFA40F243110855481F005B012296F80B
:10F690001D13CDE90012029096F81C3394F83C211A
:10F6A00040F24310015D304603F0FEFA40F2431091
:10F6B000015D0022304601F02BFE40F28910005D12
:10F6C000012820D194F88411304600F0F9F94FF464
:10F6D000C5710855081F005B032296F81D13CDE97C
:10F6E0000012029096F81C3394F884214FF4C570F0
:10F6F000015D304603F0D8FA4FF4C570015D002279
:10F70000304601F005FE01202070E0700020BFE6C9
:10F710002DE9F04107460125D7F84C05C469A078CA
:10F7200006284CD2DFE800F04B032E19463E4FF47A
:10F730008270015D04F1C00000EBC1004068C07937
:10F7400010B90320A07001E00220A07000231A4627
:10F750000221384603F091FA32E04FF48270015DE5
:10F7600004F1C00000EBC100406800F1080694F805
:10F77000F4103246384600F0EFF805460DB9052082
:10F78000A0701DE004F5867694F8F41032463846F1
:10F7900000F0E2F8054625B90520A0703846FFF7CD
:10F7A000E4FD0DE0002500231A460421384603F04D
:10F7B00064FA05E0384600F0E8F8002500E000BFF4
:10F7C00000BF2846BDE8F0812DE9F84F04464FF010
:10F7D000000A0027B846D4F84C05C66904F11C0598
:10F7E000092000900021A6F8EE10A6F8EA10A6F86D
:10F7F000EC10A6F8E81033E06946284600F099FCC2
:10F8000005466878042802D0242827D10AE095F814
:10F81000028095F803904A464146204600F022FCBB
:10F8200007461CE094F83C03404516DBFF2F01D04F
:10F830000A2F04D300BF00BF4FF0020A0DE007EB10
:10F84000C70000EB071204F2423000EB420081795E
:10F850002A4606F16C00FDF754FC00E000BF00BF33
:10F86000B4F83A03BDF800108842C5DC5046BDE844
:10F87000F88F70B504460126D4F84C05C569FA2006
:10F88000405D012802D12046FFF742FF4FF4A170EE
:10F89000405D012802D12046FFF798FD304670BD3B
:10F8A0000146002070472DE9F04105460E4601272C
:10F8B000D5F84C05C469012E02D0022E10D107E004
:10F8C000D4F83411D4F838010144C4F8341109E0F3
:10F8D000D4F83411D4F83801091AC4F8341101E00D
:10F8E000022700BF00BF04F5987003C8814203D906
:10F8F000D4F83011C4F83411D4F83411D4F82C01F0
:10F90000814203D2D4F82C11C4F83411B4F8340174
:10F9100083B294F8A12194F8A0112846F3F790FA45
:10F92000012816D094F8A10101280BD140F207104C
:10F93000005D84F8A00140F20910005D84F8A10187
:10F94000002704E094F8A101401E84F8A1010620DC
:10F9500060703846BDE8F0812DE9F04704460D4659
:10F9600016464FF48078A9460327222121740121ED
:10F970006174A4F81280A4F81490E7823A463146E4
:10F98000204600F0DEFABDE8F08770B50546012696
:10F99000D5F84C05C4692079012802D002287ED10F
:10F9A00031E0D5F8940500F0010010BBD5F89415AE
:10F9B0004FF48070015102202071FB20035D4FF451
:10F9C0009070025B4FF488700159284601F079FB72
:10F9D0004FF49070015B4FF48C7001514FF49070B4
:10F9E000015B001F01514FF488700159001D015146
:10F9F00008E001200CF020FB00231A4604212846D1
:10FA000003F03BF959E0FB20015D284601F0F1FBD2
:10FA100001284FD1D5F8941500020059091AFC208D
:10FA2000005D814246D3D5F894154FF480700151A2
:10FA300040F28910005D012802D12846FFF702FA42
:10FA40004FF48E7001594FF492700059814227D8BB
:10FA5000FB20035D4FF49070025B4FF48A700159F4
:10FA6000284601F02EFB4FF48A7001594FF4907034
:10FA7000005B01444FF48A700151001D01594FF49D
:10FA80009070005B01444FF48C700151001D0159CE
:10FA9000001D005B01444FF48E7001510AE00AE042
:10FAA0004FF0FF314FF48C7001510520A0702846B3
:10FAB000FEF77FFF01E0022600BF00BF304670BDA9
:10FAC00070B506460D46304600F01FFB04464FF663
:10FAD000FF70844207D045F4004104F00F0206F2A3
:10FAE000545040F82210E0B270BD2DE9FF410746A6
:10FAF0000C4615461E460020012102230A468DE8C9
:10FB0000320003903146384601F03FFC002004B03B
:10FB1000BDE8F0812DE9FF4104460D4617461E461B
:10FB2000DDF8288094F81D0308B14FF0000801208B
:10FB30000223002231468DE8A101204601F025FC78
:10FB4000002004B0BDE8F08170B50446D4F84C053F
:10FB5000C66906F140012046F3F747FF05462DB977
:10FB600002212046D4F8A425904703E0032D01D1BB
:10FB700000BF00BF284670BD70B50546D5F84C05DE
:10FB8000C469207848B12178284600F0A8F9217886
:10FB9000284600F086FA00202070207B48B1217BA7
:10FBA000284600F09CF9217B284600F07AFA0020D4
:10FBB0002073607B48B1617B284600F090F9617B3F
:10FBC000284600F06EFA00216173D5F84C05C06933
:10FBD00040B1D5F84C15C869F0F718FC0020D5F8ED
:10FBE0004C15C861002070BDFEB5054601230222F8
:10FBF0001146284600F00EFA0646FF2E01D00A2EC6
:10FC000003D300BF00BF0220FEBD3146284603F0EB
:10FC1000A3FF07460FB10220F6E75020F0F7C7FB1D
:10FC2000D5F84C15C861D5F84C05C4691CB900BF9E
:10FC300000BF0220E8E750212046F0F7A1FF06EBC5
:10FC4000C60000EB061105F2423000EB4100007BDC
:10FC500000F0800098B106EBC60000EB061105F23B
:10FC6000423000EB4100007B607006EBC60000EB09
:10FC7000061105F2423000EB4100C08960816178D5
:10FC80002846FFF71DFF20706089032295F81D1399
:10FC9000CDE90012029095F81C336278217828464D
:10FCA00003F002F821780022284601F031FB0023FE
:10FCB0001A460A21284600F0ADF90646FF2E01D06B
:10FCC0000A2E03D300BF00BF02209DE706EBC6004B
:10FCD00000EB061105F2423000EB4100007B00F022
:10FCE0008000A0B106EBC60000EB061105F2423021
:10FCF00000EB4100017BE17306EBC60000EB06114F
:10FD000005F2423000EB4100C189618313E006EB4C
:10FD1000C60000EB061105F2423000EB4100017B0A
:10FD2000A17306EBC60000EB061105F2423000EBB2
:10FD30004100C189218306EBC60000EB061105F2E4
:10FD4000423000EB4100007D00F08000A0B106EBE6
:10FD5000C60000EB061105F2423000EB4100017DC8
:10FD6000E17306EBC60000EB061105F2423000EB32
:10FD70004100C18A618313E006EBC60000EB061167
:10FD800005F2423000EB4100017DA17306EBC60095
:10FD900000EB061105F2423000EB4100C18A2183DD
:10FDA000A17B2846FFF78CFE6073E17B2846FFF7B6
:10FDB00087FE2073208B022295F81D13CDE90012D7
:10FDC000029095F81C33A27B617B284602F06CFF01
:10FDD000608B022295F81D13CDE90012029095F870
:10FDE0001C33E27B217B284602F05EFF002084F872
:10FDF0004C00617B0022284601F08AFA217B002218
:10FE0000284601F085FA0020FEE670472DE9F04112
:10FE1000064601270025D6F84C05C46994F84C0025
:10FE2000052852D2DFE800F00305154047000027FF
:10FE30004CE03046A16CFDF7EDFC05461DB90220F3
:10FE400084F84C0004E0012D02D0042084F84C001A
:10FE50003CE004F140013046F3F7C7FD0546EDB93B
:10FE6000002084F84C004420005DA16C0979884290
:10FE700019D14620005DA16C8979884213D14520B3
:10FE8000005DA16C497988420DD1A16C206C096894
:10FE9000884208D13046FFF7B8FF04E0012D02D0B8
:10FEA000042084F84C0011E03046F3F79CF830460B
:10FEB000F3F754F80AE00021304600F019F805463F
:10FEC00015B9002084F84C0000E000BF00BF3846A0
:10FED000BDE8F0817047014600207047704770B55B
:10FEE00004460D462946204601F002F9002070BD67
:10FEF00070B504460D46A078012807D1022121746F
:10FF00000121617400216182A582E18200221146F3
:10FF1000204600F016F870BD2DE9FF4107460C465B
:10FF200015461E460020012103460A468DE8320090
:10FF300003903146384601F028FA002004B0BDE8AD
:10FF4000F0812DE9F04104460E4617460125A078C0
:10FF5000012802D0022825D10DE0A660A781012149
:10FF600021760220A070012500231A460321204695
:10FF700002F083FE17E0204600F075FD05460DB146
:10FF8000032D04D10120A0700021217603E0022D71
:10FF900001D10120A07000231A460321204602F05F
:10FFA0006CFE00E000BF00BF2846BDE8F0812DE9EF
:10FFB000FF4104460D4617461E46DDF8288094F89A
:10FFC0001D0308B14FF00008012000231A463146F6
:10FFD0008DE8A101204601F0D8F9002004B0BDE869
:10FFE000F0817FB506460C46154600200821CDE974
:10FFF000000403460246CDE902102946304601F0CE
:020000040801F1
:10000000C4F9002004B070BD10B504462046F4F7D2
:100010005DFC10BDF0B506460C46154600220021D9
:1000200006F54E771AE002EBC20000EB021C07F166
:100030000A0000EB4C014879A04201D0FF2C0BD103
:100040008879A84201D0FF2D06D1C879984201D005
:10005000FF2B01D11046F0BD501CC2B20A2AE2D3D8
:10006000FF20F8E7F0B503460C46154600210022B4
:1000700003F54E7611E001EBC10000EB011706F12C
:100080000A0000EB47029078A04204D1D078A84241
:1000900001D10846F0BD481CC1B20A29EBD3FF20AC
:1000A000F8E70246102909D202F2545030F8210034
:1000B000C0F30E0302F2545040F821300020704784
:1000C0002DE9F04104460E4615461F46DDF818801E
:1000D000A078012812D146F08001217406216174B4
:1000E000658205F47F40B0F5407F03D140F20941BD
:1000F000A18201E00021A182A4F81680424639467F
:100100002046FFF71EFFBDE8F0810246002100BF38
:100110000AE002F2545030F8210000F4004008B91F
:1001200008467047481CC1B21029F2D34FF6FF7041
:10013000F7E710B502460B88147823440B80137838
:10014000981810BDF8B506460C4606F11C07B4F524
:10015000807F03D900BF00BF0320F8BD3B464FF4AA
:100160000072002130460094FFF7AAFF05462DB922
:1001700022463946304603F04CF905462846ECE75E
:10018000F8B505460C46B4F5007F03D900BF00BFA3
:100190000320F8BD05F58E734FF4807200212846C8
:1001A0000094FFF78DFF064636B9224605F58E719D
:1001B000284603F0DDF906463046EAE72DE9F84324
:1001C0000546884616461C46B4F5007F00D826B979
:1001D00000BF00BF0320BDE8F88348F4407205F576
:1001E0008E73002128460094FFF76AFF07462FB957
:1001F0002246314605F58E7003F0BAFA3846EAE732
:100200000146002031B1012906D0022906D0032978
:1002100008D105E0002007E0022005E0012003E00E
:10022000022001E0022000BF00BF70472DE9F0412D
:10023000064601270125D6F84C05C46960790628D1
:1002400041D2DFE800F003410D041C2B00BF06F192
:100250001C0104F1260000F0F9FA0220607134E07C
:10026000E18D304600F0AEF8054615B90420607106
:1002700004E0032D02D100BF00BF022725E00022C9
:100280001146304600F0C5FB054615B905206071E2
:1002900003E0032D01D10520607116E000213046F6
:1002A00000F0CBFB054645B90120607102213046C4
:1002B000D6F8A4259047002704E0032D02D100BF03
:1002C00000BF022701E000BF00BF00BF3846BDE805
:1002D000F081704700238380C380837202810160B4
:1002E000704770B503460C462546987AF0B9012050
:1002F0009872002118E0D8889E88B0420ED0DE881F
:100300001868805D05F8010BD888401CD880D88813
:100310001E89B04206D10020D88003E000209872E8
:10032000084670BD481C81B29142E4DB00209872FF
:100330001046F6E7F0B503460C462546987A28BBEA
:100340000120987200211FE09888401CDE88B0428E
:1003500006D09888401C1E89B04205D1D88818B9AB
:10036000002098720846F0BD15F8010B9F881E68A2
:10037000F0559888401C988098881E89B04201D119
:1003800000209880481C81B29142DDDB00209872E9
:100390001046E8E701468A780AB98A792AB14A7A8A
:1003A000054B9A5C054B985C04E04A7A024B9A5CD8
:1003B000034B985C704700006C640208E863020815
:1003C00064630208F8B505460C46B4F5007F03D90E
:1003D00000BF00BF0320F8BD05F58E734FF408522F
:1003E000012128460094FFF76BFE06463046F2E7EF
:1003F00010B50446204600F05FF908B9014810BD69
:100400000020FCE75CC401202DE9F04104460D46C4
:1004100016461F46DDF81880A12121740121617460
:1004200046EA052161820021A182A4F81680424695
:1004300039462046FFF785FDBDE8F08170B50546D9
:10044000D5F84C05C469607848B161782846FFF753
:1004500046FD61782846FFF724FE00206070207872
:1004600048B121782846FFF73AFD21782846FFF762
:1004700018FE00202070D5F84C05C06940B1D5F8B1
:100480004C15C869EFF7C2FF0020D5F84C15C861BC
:10049000002070BD2DE9FE4F05460027D5F84C051C
:1004A0000179FF2301222846FFF7B4FD0646FF2EFF
:1004B00001D00A2E04D300BF00BF0220BDE8FE8F8A
:1004C0003146284603F048FB8146B9F1000F01D0C0
:1004D0000220F3E73420EFF76AFFD5F84C15C86126
:1004E000D5F84C05C4691CB900BF00BF0220E5E780
:1004F00034212046F0F744FB0720A07006EBC6002D
:1005000000EB061105F2423000EB4100C0790128F2
:1005100004D100BF00BF6648206313E006EBC600AD
:1005200000EB061105F2423000EB4100C0790228D1
:1005300004D100BF00BF5F48206303E000BF00BFDD
:100540000220BBE70020A070607106EBC60000EB44
:10055000061105F2423000EB4100007BA07606EB6D
:10056000C60000EB061105F2423000EB4100C089E5
:10057000208306EBC60000EB061105F2423000EBCB
:100580004100007CA083A08B0A2801D20A20A0830E
:1005900006EBC60000EB061105F2423000EB41000D
:1005A0000079052809D806EBC60000EB061105F214
:1005B000423000EB4100007900E005208246002730
:1005C00072E006EBC60000EB061105F2423000EBCC
:1005D00041000A3000EBC700807800F0800080B353
:1005E00006EBC60000EB061105F2423000EB4100BD
:1005F0000A3000EBC7008078207121792846FFF788
:100600005FFA607006EBC60000EB061105F242309F
:1006100000EB41000A3000EBC700B0F80480032172
:1006200095F81D038DE8030195F81C332279617854
:10063000284602F039FB61780022284600F068FE67
:1006400030E0FFE706EBC60000EB061105F2423092
:1006500000EB41000A3000EBC7008078E070E178E1
:100660002846FFF72DFA207006EBC60000EB0611B6
:1006700005F2423000EB41000A3000EBC700B0F851
:100680000480032195F81D038DE8030195F81C33C0
:10069000E2782178284602F007FB217800222846DC
:1006A00000F036FE781CC7B257458ADB002005E70C
:1006B00091070108F107010870B50646D6F84C0508
:1006C000C569288B08B1A86808B9022070BD2A8BBB
:1006D000244905F10800FFF704FE298B88423FD129
:1006E00000212148F8F7DAFB204948700021204812
:1006F000F8F7D4FB1D49887000211E48F8F7CEFB9F
:100700001A49C87000211C48F8F7C8FB174908713E
:1007100000211A48F8F7C2FB144948710021184813
:10072000F8F7BCFB1149887100211648F8F7B6FBB1
:100730000E49C87100211448F8F7B0FB0B49087244
:10074000002409E021461148F8F7A8FBC1B2074888
:1007500009300155601CC4B2062CF3D30020B5E764
:100760000220B3E794C00120446202085CC4012067
:100770006462020884620208A4620208C462020879
:10078000E462020804630208246302084463020866
:1007900070B50646D6F84C05C56900201149487069
:1007A0008870C870087148718871C8710872002417
:1007B00005E000200C4908550C490855641C082C1C
:1007C000F7D3288B082801D90820288307486861B7
:1007D000502206F58E7105F10800FFF77BFD002021
:1007E00070BD00005CC4012094C001208CC00120B9
:1007F00070B50646D6F84C05C5690020104908704A
:100800004870887000210E48C1700171002405E015
:1008100000200C4908550C490855641C082CF7D3D6
:10082000288B082801D908202883074868615022AE
:1008300006F58E7105F10800FFF74CFD002070BD34
:10084000AC000020B1000020B9000020F8B505463A
:100850000E463446B178F07841EA0027092F24D9B2
:10086000092000901CE069462046FFF762FC044620
:100870006078212814D12078287060786870A17879
:10088000E07841EA002068802079287160796871F9
:10089000A079A871E179207A41EA0020288103E05B
:1008A000BDF80000B842DEDB00BFF8BDF8B5064673
:1008B0000025D6F84C05C469A07807287DD2DFE86A
:1008C00000F004188B8B493B58003046216B884759
:1008D000054615B90120A07004E000BF00BF072045
:1008E000A070022500231A460221304602F0C5F905
:1008F00073E0207E00900022012130466369FFF7FB
:1009000083FD054615B90520A0700EE0012D03D129
:100910000120A070002508E0032D03D10520A07060
:10092000002502E00720A070022500231A460221BC
:10093000304602F0A2F950E0D6F8940500F001002C
:1009400008B10420A07000231A460221304602F0AC
:1009500094F942E06378227E3046616900F09CFBA6
:100960000620A070D6F894052062002084F82400A8
:1009700033E06178304600F03CFC01281ED16178FC
:10098000304600F0F6FB074694F8240018BB17B376
:10099000A06800B3228B04F108006169FFF7CAFC6C
:1009A000012084F824003046FFF793FC00231A4608
:1009B0000221304602F061F90DE00DE06178304629
:1009C00000F017FC052806D1A17E3046FFF790FA0B
:1009D00008B90420A07000E000BF00BF2846F8BDA1
:1009E00070B50546D5F84C05C469A07806280ED127
:1009F000D5F89405216A401AA18B884207D30420B8
:100A0000A07000231A460221284602F036F9002081
:100A100070BD70B504460D461646212121740A2189
:100A2000617446EA052161820021A182E1820022EF
:100A300011462046FFF785FA70BD70B504460D4695
:100A4000212121740B21617415B10021618201E023
:100A5000012161820021A182E1820022114620460B
:100A6000FFF76FFA70BDF8B5044601270025207E18
:100A70000C2870D2DFE800F06F060F3E4A707EB19E
:100A8000BDE3F3F1627904F110012046FFF7A9FA02
:100A9000022121762BE16179204600F0AAFB054670
:100AA000012D1AD1207C00F08006E08A38B1802E1A
:100AB00002D10321217609E00521217606E0802E6E
:100AC00002D10921217601E00721217600231A466F
:100AD0000321204602F0D1F80BE0042D01D0022DB5
:100AE00007D10B21217600231A460321204602F06C
:100AF000C4F8FCE0D4F89405E0812379A28920466B
:100B0000A168FFF709FA04212176F0E02179204657
:100B100000F06FFB0546012D08D109212176002345
:100B20001A460321204602F0A8F813E0052D07D14C
:100B3000032700231A460321204602F09EF809E00D
:100B4000042D07D10B21217600231A4603212046CC
:100B500002F093F8CBE0C9E0012000906379A2890C
:100B60002046A168FFF723FAD4F89405E081062116
:100B70002176BCE06179204600F03BFB0546012D63
:100B800008D10721217600231A460321204602F0CE
:100B900074F821E0052D09D10C21217603270023CB
:100BA0001A460321204602F068F815E0022D08D10C
:100BB0000521217600231A460321204602F05DF824
:100BC0000AE0042D08D10B212176022700231A46C2
:100BD0000321204602F051F889E0237900221146D2
:100BE0002046FFF799F9D4F89405E0810821217691
:100BF0007DE02179204600F0FCFA0546012D09D15F
:100C00000D212176002700231A460321204602F0F9
:100C100034F813E0042D08D10B21217600231A4665
:100C20000321204602F029F808E0052D06D103270C
:100C300000231A460321204602F01FF857E0012046
:100C400000906379002211462046FFF7B0F9D4F8EE
:100C50009405E0810A21217649E027E0FFE76179E8
:100C6000204600F0C6FA0546012D09D100270D21C6
:100C7000217600231A460321204601F0FEFF14E0EE
:100C8000022D08D10921217600231A46032120468E
:100C900001F0F3FF09E0042D07D10B212176002399
:100CA0001A460321204601F0E8FF20E0607E401C48
:100CB000C1B26176022904D8012121760120A070F9
:100CC00013E006212046D4F8A42590470021617640
:100CD00000BF00BF61792046FFF7E3F92179204684
:100CE000FFF7DFF900202070022700E000BF00BFFF
:100CF0003846F8BDFEB5044601260125607808286F
:100D000074D2DFE800F0044874ABD2FDEFEE0821A6
:100D10002046FFF735FA054605BB94F82D13A1715F
:100D200001206070A079002294F81D13CDE9001213
:100D3000029094F81C3321798022204601F0B4FF00
:100D4000A079002294F81D13CDE90012029094F8C6
:100D50001C336179204601F0A7FF1BE0032D19D158
:100D600000BF00BF94F81E03401C84F81E0394F8D3
:100D70001E03032804D900BF00BF0D20207009E026
:100D800061792046FFF78DF921792046FFF789F92F
:100D9000002020702AE112212046FFF7F1F90546D4
:100DA00035B900BF00BF00BF00BF022060701CE06B
:100DB000032D1AD100BF00BF94F81E03401C84F815
:100DC0001E0394F81E03032804D900BF00BF0D20A2
:100DD00020700AE061792046FFF763F92179204607
:100DE000FFF75FF9002060702070FFE0FDE0012157
:100DF000204602F0C5FE05462DBB0220FFF704F990
:100E0000012184F81C1300BF00BF03206070A0798B
:100E1000002294F81D13CDE90012029094F81C33BF
:100E200021798022204601F03FFFA079002294F82A
:100E30001D13CDE90012029094F81C33617920460D
:100E400001F032FF09E0032D07D100BF00BF00BF52
:100E500000BF0D20207000206070C7E009212046EF
:100E6000FFF770F9054615B9042060701CE0032DEA
:100E70001AD100BF00BF94F81E03401C84F81E0363
:100E800094F81E03032804D900BF00BF0D20207072
:100E90000AE061792046FFF704F921792046FFF73F
:100EA00000F9002060702070A0E0B4F83A132046EA
:100EB000FFF748F9054615B9052060701FE0032DBE
:100EC0001DD100BF00BF94F81E03401C84F81E0310
:100ED00094F81E03032807D900BF00BF0D2020701F
:100EE0000DE067E03CE00BE061792046FFF7D9F8C0
:100EF00021792046FFF7D5F800206070207075E05A
:100F000094F8340308B394F83413FF2304F58E7275
:100F10002046FFF753F9054655B900BF00BF06202C
:100F2000607000231A460521204601F0A6FE16E057
:100F3000032D14D100BF00BF0620607000231A46A5
:100F40000521204601F099FE09E000BF00BF062000
:100F5000607000231A460521204601F08EFE45E010
:100F600094F83503D8B194F83513FF2304F58E7245
:100F70002046FFF723F9054625B900BF00BF07202B
:100F8000607016E0032D14D100BF00BF0720607011
:100F900000231A460521204601F06FFE09E000BF3C
:100FA00000BF0720607000231A460521204601F08B
:100FB00064FE1BE094F8360398B194F83613FF23CF
:100FC00004F58E722046FFF7F9F805461DB900BFFB
:100FD00000BF002608E0032D06D100BF00BF002699
:100FE00002E000BF00BF002600E000BF00BF3046A7
:100FF000FEBD10B5044620780B2807D1D4F84C0567
:1010000020B1D4F84C0581692046884710BD000006
:1010100070B504460D4616461CB900BF00BF02203D
:1010200070BD84F89C650020C4F84C05C4F85005D8
:101030002046F2F700F9002184F8231384F82013E6
:1010400084F8211384F822130DB1C4F8A4550022AA
:10105000042110200BF0ABF8C4F8A80509A00C4936
:10106000086080204861182088610A4621460948A6
:101070000BF0F4F9C4F8AC05204600F0CFF80020DE
:10108000CEE70000555342485F5175657565000015
:1010900074EA0020013B01082DE9FF4107460C4698
:1010A00015461E460020012103230A468DE8320022
:1010B00003903146384600F068F9002004B0BDE8DE
:1010C000F0812DE9FF4107460C4615461E460021DA
:1010D000A8B201221346CDE90024CDE902010A4657
:1010E0003146384600F051F9002004B0BDE8F081E7
:1010F00002460020704710B50446012184F82013F1
:10110000002184F8211384F8221300231A460121B8
:10111000204601F0B2FD002010BD10B504460121AB
:1011200084F82113002184F8201384F82313204627
:1011300000F01CF921792046FEF7B3FF61792046C3
:10114000FEF7AFFF00231A460121204601F095FD6E
:10115000002010BD70B505460C4695F89C05012889
:1011600002D12046F8F756FAC820F3F7AFFB00206B
:1011700070BD70B504460D462946D4F8A005F3F7B6
:10118000CEFD70BD70B504460125D4F8A005F3F777
:1011900095FD20B1012804D0022806D103E00025E6
:1011A00005E0012503E0022501E0012500BF00BFA5
:1011B000284670BD30B503460020D3F8A025C1EB0A
:1011C000011502F1140404EB8504E47844B1C1EB89
:1011D000011502F1140404EB850494F8280007E0DB
:1011E000C1EB011502F1140404EB850494F8290005
:1011F00030BD70B504460D462946D4F8A005F3F776
:1012000084FD70BD10B50446D4F89405401CC4F8A4
:1012100094052046FFF7EDFE10BD000070B50446B2
:1012200094F89C05012820D11148C0F8DC43C4F88B
:10123000A0054FF0A0400E49086008210C484171FC
:101240000121C1710021817102214172002181724D
:10125000F3F7FEFF08B1F2F779F80548F3F728FD38
:1012600005462946204600F050F8002070BD0000D9
:10127000140B002010B5044600231A460121204615
:1012800001F0FBFC002010BD2DE9FF5F04460D4678
:1012900016461F46DDE90F9ADDF838804FF0000B47
:1012A000002003908DE800073B4632462946D4F8DB
:1012B000A005F3F73DFD83465846FEF7A1FF0390D6
:1012C000039804B0BDE8F09F002280F82323012298
:1012D00080F82123704710B50446012184F82313B8
:1012E00000231A46204601F0C8FC10BD70B5044624
:1012F00000250026D4F8A005F4F750F80546284646
:10130000FEF77EFF0646304670BDC0F89415704764
:1013100030B50446D4F8A035C1EB011503F1140033
:1013200000EB8500C07840B1C1EB011503F114005A
:1013300000EB850080F8282007E0C1EB011503F1E0
:10134000140000EB850080F82920002030BD70B526
:10135000044600250026D4F8A005F4F72CF805462D
:101360002846FEF74DFF0646304670BD70B5044670
:1013700000250026D4F8A005F4F738F805462846DD
:10138000FEF73EFF0646304670BD2DE9F04F87B0B0
:1013900004460D4616461F46DDE912ABDDE910890D
:1013A0000020069005908DE8000F3B463246294606
:1013B000D4F8A005F3F74CFD06900698FEF720FF41
:1013C0000590059807B0BDE8F08F2DE9F04104467F
:1013D000884615460227D4F84C05C66915B1012D7B
:1013E0000CD105E0F1792046FEF782FD074606E0C4
:1013F000B1792046FEF77CFD074600E000BF00BF44
:101400003846BDE8F08100000246D2F84C05C169BB
:10141000054B4B65054B8B65012381F8503081F8F6
:101420005230002070470000555342435040302056
:101430002DE9F84F074688464FF001090126B246CC
:101440000025D7F84C05C469AB4694F850000C2829
:1014500070D2DFE800F06F06154E59929FE5F4F266
:10146000F1F084F86180022184F85010012000908E
:1014700063791F2204F154013846FEF74BFB48E123
:1014800061793846FFF7B5FE0546012D19D1E06DAB
:1014900068B194F8600000F08000802803D1032137
:1014A00084F8501006E0052184F8501002E007216E
:1014B00084F8501000231A460221384601F0DDFB63
:1014C00016E0022D09D1012184F8501000231A469C
:1014D0000221384601F0D1FB0AE0052D08D10A218E
:1014E00084F8501000231A460221384601F0C5FB4B
:1014F0000FE1237962898C2001593846FEF7F5FA0D
:10150000042184F8501004E121793846FFF771FE78
:101510000546012D25D16189E06D88420BD98C20CB
:101520000059618901448C2001516189E06D411AA3
:10153000E16502E0ECE00021E165E06D38B123797E
:1015400062898C2001593846FEF7CFFA14E0072152
:1015500084F8501000231A460221384601F08DFB12
:101560000AE0052D08D1092184F8501000231A46FD
:101570000221384601F081FBCBE001200090637925
:1015800022898C2001593846FEF7C4FA062184F8D6
:101590005010BEE061793846FFF72BFE0546012D5D
:1015A00026D12189E06D88420AD98C2000592189F1
:1015B00001448C2001512189E06D411AE16501E06F
:1015C0000021E165E06D48B1012000906379228936
:1015D0008C2001593846FEF79DFA02E0072184F875
:1015E000501000231A460221384601F046FB16E04F
:1015F000022D09D1052184F8501000231A4602213A
:10160000384601F03AFB0AE0052D08D10A2184F89A
:10161000501000231A460221384601F02EFB78E0D4
:1016200023790D2204F178013846FEF75EFA08218D
:1016300084F850106DE060E03DE02BE0FFE7217999
:101640003846FFF7D6FD0546012D17D1012184F854
:10165000501084F85210384600F0D0F88246BAF1A3
:10166000000F02D14FF0000901E04FF00209002302
:101670001A460221384601F000FB0AE0052D08D188
:10168000092184F8501000231A460221384601F03F
:10169000F4FA3EE0002241463846FFF796FE064641
:1016A0001EB9072184F8501004E0042E02D10B214A
:1016B00084F850102DE0012241463846FFF785FEA0
:1016C0000646A6B961793846FFF774FD8346CBF12B
:1016D0000100C2B261793846FFF71AFE2179002273
:1016E0003846FFF715FE092184F8501004E0042E57
:1016F00002D10B2184F850100BE0384600F01FF89F
:101700008146B9F1000F02D1012184F8501000E0A8
:1017100000BF00BF4846BDE8F88F70B504460D46CF
:10172000A1212174FE21617400216182A182012125
:10173000E182012229462046FEF703FC70BD10B568
:10174000044621212174FF21617400216182A1825C
:10175000E182002211462046FEF7F3FB10BD2DE981
:10176000F0410746D7F84C05C4690126A07B20B19B
:10177000022803D003283BD132E000BF214638467F
:10178000FFF7CBFF0646032E02D100202070002673
:101790002EBB2078022801D9022001E02078401CCD
:1017A000207000BF00BF002516E0022105EB850078
:1017B00000EBC50204F1900000EB82008170002173
:1017C00005EB850000EBC50204F1900000EB820000
:1017D00080F83110681CC5B22078A842E5DC08E02A
:1017E00000213846FEF784FB08B9E07BA07300E0D7
:1017F00000BF00BF3046BDE8F081000070B505466F
:10180000D5F84C05C469012621792846FFF7B1FCBB
:101810000D2801D0022619E00D49A06F884214D18D
:10182000E16FA06D814211D194F8840008B90026BF
:101830000CE094F88400012801D1012606E094F818
:101840008400022802D1022600E00226304670BD44
:10185000555342532DE9F04104460D461646D4F83F
:101860004C05C769A7F8F85020780B280ED105EB76
:10187000850000EBC50207F1900000EB82013422E5
:101880003046EFF721F90020BDE8F0810220FBE7A8
:1018900070B50546D5F84C05C469607948B16179E1
:1018A0002846FEF71CFB61792846FEF7FAFB00206C
:1018B0006071207948B121792846FEF710FB217923
:1018C0002846FEF7EEFB00202071D5F84C05C069D4
:1018D00040B1D5F84C15C869EEF798FD0020D5F851
:1018E0004C15C861002070BDFEB50546D5F84C0505
:1018F0000179502306222846FEF78CFB0646FF2E70
:1019000001D00A2E03D300BF00BF0220FEBD314626
:10191000284602F021F907460FB10220F6E74FF4FE
:101920008270EEF744FDD5F84C15C861D5F84C052A
:10193000C4691CB900BF00BF0220E7E74FF4827101
:101940002046EFF71DF906EBC60000EB061105F285
:10195000423000EB4100007B00F08000A0B106EBBC
:10196000C60000EB061105F2423000EB4100007B9F
:10197000E07106EBC60000EB061105F2423000EB09
:101980004100C089608113E006EBC60000EB061140
:1019900005F2423000EB4100007BA07106EBC6006F
:1019A00000EB061105F2423000EB4100C0892081B6
:1019B00006EBC60000EB061105F2423000EB4100D9
:1019C000007D00F08000A0B106EBC60000EB061120
:1019D00005F2423000EB4100007DE07106EBC600ED
:1019E00000EB061105F2423000EB4100C08A608135
:1019F00013E006EBC60000EB061105F2423000EBE7
:101A00004100007DA07106EBC60000EB061105F257
:101A1000423000EB4100C08A2081002020736073B7
:101A2000A073A1792846FEF74BF86071E17928464A
:101A3000FEF746F820712846FFF7E6FCA07980B152
:101A4000208970B12089022295F81D13CDE900127A
:101A5000029095F81C33A2796179284601F024F9A7
:101A600001E0032052E7E07980B1608970B16089BC
:101A7000022295F81D13CDE90012029095F81C334F
:101A8000E2792179284601F00FF901E003203DE7D2
:101A9000217900222846FFF73BFC61790022284685
:101AA000FFF736FC002031E72DE9F0410646D6F875
:101AB0004C05C4694FF0010801250127207B20B1A6
:101AC00001287CD00A287BD160E2B4F8F8002178A4
:101AD000884276DA0121B4F8F80000EB800202EBCC
:101AE000C00204F1900000EB82004170B4F8F800ED
:101AF00000EB800101EBC00104F1900010F821001F
:101B000009287DD2DFE800F0057C68FE17FD7C7CAB
:101B1000FC0000BF00BF0421B4F8F80000EB800215
:101B200002EBC00204F1900000F82210D6F89405F0
:101B3000C4F8000116E2B4F8F80000EB800303EBF0
:101B4000C00304F1900000EB830000F10F0294F851
:101B5000F810304600F064FB05468DB900BF00BFA9
:101B600000BF00BF00BF00BF0221B4F8F80000EBC7
:101B7000800202EBC00204F1900000F822102AE07B
:101B8000022D0BD10521B4F8F80000EB800202EB26
:101B9000C00204F1900000F822101CE0042D1AD1BC
:101BA0000821B4F8F80000EB800202EBC00204F157
:101BB000900000F822100221B4F8F80002E016E2CA
:101BC00018E2D7E100EB800202EBC00204F19000C2
:101BD00000EB82004170C5E194F8F810304600F047
:101BE000ADFC0746F7BBB4F8F80000EB800101EB51
:101BF000C00104F1900000EB8100807880B100E02A
:101C0000AFE10121B4F8F80000EB800202EBC00262
:101C100004F1900000EB820080F8311000BF0CE06E
:101C20000021B4F8F80000EB800202EBC00204F1DE
:101C3000900000EB820080F831100321B4F8F80026
:101C400000EB800202EBC00204F1900000F82210C9
:101C50000021B4F8F80000EB800202EBC00204F1AE
:101C6000900000E00EE000EB82004170B4F8F80054
:101C700000EB800202EBC00204F1900000EB820056
:101C800081706BE0022F50D1B4F8F80000EB8001B6
:101C900001EBC00104F1900000EB81008078022884
:101CA0000ED00121B4F8F80000EB800202EBC00274
:101CB00004F1900000EB820080F8311000BF0CE0CE
:101CC0000021B4F8F80000EB800202EBC00204F13E
:101CD000900000EB820080F831100521B4F8F80084
:101CE00000EB800202EBC00204F1900000F8221029
:101CF0000121B4F8F80000EB800202EBC00202E020
:101D000029E198E02BE004F1900000EB82004170A3
:101D10000221B4F8F80000EB800202EBC00204F1EB
:101D2000900000EB8200817018E0042F16D108218A
:101D3000B4F8F80000EB800202EBC00204F190005E
:101D400000F822100221B4F8F80000EB800202EB48
:101D5000C00204F1900000EB8200417002E1B4F88F
:101D6000F80000EB800303EBC00304F1900000EBEC
:101D70008300021D94F8F810304600F02BFB054656
:101D800085BBB4F8F80000EB800101EBC00104F161
:101D9000900000EB810090F83100012805D100BFD0
:101DA00000BF00BF00BF00BF00BF0121B4F8F800B2
:101DB00000EB800202EBC00204F1900000F8221058
:101DC0000021B4F8F80000EB800202EBC00204F13D
:101DD000900000EB82004170B4F8F800401CA4F8B9
:101DE000F80027E0FFE7022D0BD10521B4F8F80039
:101DF00000EB800202EBC00204F1900000F8221018
:101E000018E0042D16D10821B4F8F80000EB800288
:101E100002EBC00204F1900000F822100221B4F895
:101E2000F80000EB800202EBC00204F1900000EB2E
:101E30008200417096E0B4F8F80000EB800303EBF9
:101E4000C00304F1900000EB830000F10C0294F851
:101E5000F810304600F012FB054675BBB4F8F800E8
:101E600000EB800101EBC00104F1900000EB810068
:101E7000007B06280CD0B4F8F80000EB800101EBE1
:101E8000C00104F1900000EB8100007B022815D115
:101E9000D6F89405D4F80011401A42F21071884225
:101EA0000CD20221B4F8F80000EB800202EBC00271
:101EB00004F1900000F8221054E016E000BF00BFCB
:101EC00000BF00BF00BF00BF0121B4F8F80000EB65
:101ED000800202EBC00204F1900000F82210B4F876
:101EE000F800401CA4F8F80034E0022D19D100BF1E
:101EF00000BF0821B4F8F80000EB800202EBC0023A
:101F000004F1900000F822100221B4F8F80000EB70
:101F1000800202EBC00204F1900000EB82004170ED
:101F200018E0042D16D10821B4F8F80000EB800267
:101F300002EBC00204F1900000F822100221B4F874
:101F4000F80000EB800202EBC00204F1900000EB0D
:101F50008200417006E0B4F8F800401CA4F8F800D4
:101F600000E000BF00BF00231A460421304600F005
:101F700084FE0AE00020A4F8F8000A202073002361
:101F80001A460421304600F078FE34E0B4F8FA0036
:101F9000217888421FDAF8346088208034F8F80904
:101FA00000EB800101EBC00104F1900000EB810027
:101FB000407828B902213046D6F8A425904704E09D
:101FC00006213046D6F8A4259047B4F8FA00401C04
:101FD000A4F8FA0004E00020A4F8FA00012020731D
:101FE00000231A460421304600F047FE03E04FF07C
:101FF000000800E000BF00BF4046BDE8F0812DE9C9
:10200000F84380460C46D8F84C05C56901270126DF
:1020100004EB840000EBC40105F1900010F82100EE
:1020200005286CD0062802D007287ED133E0002096
:102030000346024621460090404600F071F90646EC
:1020400056B9012104EB840000EBC40205F19000B5
:1020500000F82210002717E0022E09D1052104EB19
:10206000840000EBC40205F1900000F822100BE0A0
:10207000042E09D1082104EB840000EBC40205F111
:10208000900000F82210022700231A46042140463F
:1020900000F0F3FD78E00020034602462146009060
:1020A000404600F07CFA064656B9012104EB840054
:1020B00000EBC40205F1900000F82210002717E0A1
:1020C000022E09D1052104EB840000EBC40205F1C6
:1020D000900000F822100BE0042E09D1082104EB37
:1020E000840000EBC40205F1900000F822100227E2
:1020F00000231A460421404600F0BFFD44E004EBF3
:10210000840000EBC40105F1900000EB810000F1B8
:102110000C022146404600F0B1F90646E6B900BF80
:1021200000BF00BF00BF00BF00E02CE000BF0121E6
:1021300004EB840000EBC40205F1900000F82210CB
:10214000022104EB840000EBC40205F1900000EBD7
:102150008200417002270FE0022E01D100BF0BE088
:10216000042E09D1082104EB840000EBC40205F120
:10217000900000F82210022700231A46042140464E
:1021800000F07BFD00E000BF00BF3846BDE8F883EB
:102190002DE9F84F04460D4691469A460A9FD4F819
:1021A0004C05C669A6F8F85094F8230360B120786E
:1021B0000B2809D105EB850000EBC50106F1900065
:1021C00010F82100012802D00220BDE8F88F062176
:1021D00005EB850000EBC50206F1900000F8221027
:1021E00053464A4629462046009700F099F8D4F80D
:1021F00094850DE0D4F89405A0EB080142F210702C
:102200007843814202D894F8230308B90220DCE71E
:1022100029462046FFF7F3FE0128EBD00020D4E743
:102220002DE9F04106460F4615464FF00208D6F854
:102230004C05C46994F85200012802D002286AD1E2
:102240002FE02421E165802184F860100A2184F8C0
:102250006210002104F10F00C4F86310C4F8671085
:10226000A4F86B10122184F863107807010E84F82B
:102270006410002184F8651084F86610242184F825
:102280006710002184F86810012184F850100221A1
:1022900084F8521004F110008C2108514FF001080D
:1022A0003AE039463046FFF7C3F88046B8F1000FF0
:1022B00030D122212846EEF741FC8C2000590078CD
:1022C00000F01F0068708C200059007840112870C1
:1022D0008C200059407800F08000802802D1012035
:1022E000A87001E00020A8708C2000598168C5F812
:1022F0000310C068C5F807008C20005900F11001D8
:10230000102205F10C00EEF79AFB8C200059006AB0
:10231000C5F81D0000E000BF00BF4046BDE8F081E9
:102320002DE9FF4105460E461F464FF00208D5F83D
:102330004C05C46994F85200012802D0022843D108
:102340003CE006EB860000EBC60104F1900000EBD8
:10235000810001890A984143E165802184F8601079
:102360000A2184F86210102104F16300EEF7E6FB05
:10237000282184F863109DF80B1084F865109DF8EF
:102380000A1084F866109DF8091084F867109DF80B
:10239000081084F868109DF8291084F86A109DF8D8
:1023A000281084F86B10012184F85010022184F861
:1023B00052108C2007514FF0010806E031462846A4
:1023C000FFF736F8804600E000BF00BF404604B08B
:1023D000BDE8F0812DE9F041064688461546012703
:1023E000D6F84C05C46994F85200012802D002289E
:1023F0003FD11BE00821E165802184F860100A21AB
:1024000084F86210102104F16300EEF797FB252198
:1024100084F86310012184F85010022184F85210CE
:1024200004F110008C210851012723E04146304679
:10243000FEF7FEFF0746DFB98C200059C1788C20DB
:102440000059807841EA00218C200059407841EA07
:1024500000418C200059007841EA006028608C20FF
:102460000059C1798C200059807941EA0020A88068
:1024700000E000BF00BF3846BDE8F0812DE9F04123
:1024800006460F4615464FF00208D6F84C05C469BB
:1024900094F85200012802D002284AD12BE00E21E4
:1024A000E165802184F860100A2184F8621010210F
:1024B00004F16300EEF742FB032184F86310780710
:1024C000010E84F86410002184F8651084F8661009
:1024D0000E2184F86710002184F86810012184F827
:1024E0005010022184F8521004F110008C21085180
:1024F0004FF001081EE039463046FEF799FF80464E
:10250000B8F1000F14D18C200059807800F00F0032
:1025100028708C200059007B68708C200059407B0B
:10252000A87068783A2803D100BF00BF4FF00408B4
:1025300000E000BF00BF4046BDE8F0812DE9F0415A
:1025400005460E460227D5F84C05C46994F852009A
:10255000012802D002281DD116E00021E16584F88F
:1025600060100A2184F86210102104F16300EEF774
:10257000E5FA002184F86310012184F8501002214B
:1025800084F85210012706E031462846FEF750FF36
:10259000074600E000BF00BF3846BDE8F0812DE9E6
:1025A000FF4105460E461F464FF00208D5F84C0580
:1025B000C46994F85200012802D0022843D13CE0BB
:1025C00006EB860000EBC60104F1900000EB8100F1
:1025D00001890A984143E165002184F860100A21CD
:1025E00084F86210102104F16300EEF7A7FA2A21A3
:1025F00084F863109DF80B1084F865109DF80A109C
:1026000084F866109DF8091084F867109DF808108A
:1026100084F868109DF8291084F86A109DF8281035
:1026200084F86B10012184F85010022184F85210B4
:102630008C2007514FF0010806E031462846FEF78E
:10264000F7FE804600E000BF00BF404604B0BDE892
:10265000F08101460020704730B50246D2F84C4563
:10266000E369A3F8F81014780B2C0BD101EB81046B
:1026700004EBC10503F1900404EB850464780CB904
:10268000012000E0002030BD2DE9F84F04460D4642
:1026900091469A460A9FD4F84C05C669A6F8F850A8
:1026A00094F8230360B120780B2809D105EB85004D
:1026B00000EBC50106F1900010F82100012802D0BE
:1026C0000220BDE8F88F072105EB850000EBC5026D
:1026D00006F1900000F8221053464A46294620464B
:1026E0000097FFF75CFFD4F894850DE0D4F89405CB
:1026F000A0EB080142F210707843814202D894F8AE
:10270000230308B90220DCE729462046FFF777FCBF
:102710000128EBD00020D4E710B5044600231A4668
:102720000521204600F0A9FA002010BD70B505462D
:102730000126D5F84C05C46941F63C50005D10B146
:10274000012847D11BE0D5F8940500F00100A8B995
:10275000D5F8940541F63C512144486041F62E508D
:10276000035D41F63650025D801D21180C3128466C
:10277000FEF792FC012141F63C5001552BE041F659
:102780002E50015D2846FEF734FD012802D128466F
:10279000F6F7B2FCD5F8940541F63C51214449685E
:1027A000401A41F63C5121440989884211D3D5F899
:1027B000940541F63C512144486041F62E50035D9A
:1027C00041F63650025D801D21180C312846FEF777
:1027D00063FC00E000BF00BF304670BD704770B5BD
:1027E0000546D5F84C05C46941F62D50005D78B119
:1027F00041F62D50015D2846FDF771FB41F62D5045
:10280000015D2846FDF74DFC002141F62D50015594
:1028100041F62C50005D78B141F62C50015D284600
:10282000FDF75DFB41F62C50015D2846FDF739FCB4
:10283000002141F62C50015541F62E50005D78B133
:1028400041F62E50015D2846FDF749FB41F62E501A
:10285000015D2846FDF725FC002141F62E5001556B
:10286000D5F84C05C06940B1D5F84C15C869EDF7ED
:10287000CDFD0020D5F84C15C861002070BD2DE9B4
:10288000FE43054601231A4606212846FDF7C2FBF2
:102890000746FF2F01D00A2F04D300BF00BF02203C
:1028A000BDE8FE833946284601F056F939462846E8
:1028B00001F052F98046B8F1000F01D00220EFE795
:1028C0002846F6F76DFC0646FF2E01D0052E03D3F1
:1028D00000BF00BF0220E3E742F2D010EDF767FD32
:1028E000D5F84C15C861D5F84C05C4691CB900BFB2
:1028F00000BF0220D4E742F2D0112046EEF740F9A3
:1029000007EBC70000EB071105F2423000EB410076
:102910000A3000EBC600817841F63150015507EBD3
:10292000C70000EB071105F2423000EB41000A300E
:1029300000EBC600818841F636500153401F015D0F
:102940002846FDF7BDF841F62E51085507EBC700A4
:1029500000EB071105F2423000EB41000A3000EBBA
:10296000C600807941F63C512144088141F6365039
:10297000005B032295F81D13CDE90012029095F833
:102980001C3341F63150025DC01E015D284600F047
:102990008BF941F62E50015D00222846FEF7B8FC67
:1029A0002846F6F746FC0646FF2E01D0052E03D337
:1029B00000BF00BF022073E707EBC70000EB071161
:1029C00005F2423000EB41000A3000EBC60081788E
:1029D00041F63050015507EBC70000EB071105F237
:1029E000423000EB41000A3000EBC600818841F61E
:1029F00034500153001F015D2846FDF761F841F690
:102A00002C51085541F63450005B022295F81D13F5
:102A1000CDE90012029095F81C3341F63050025D6A
:102A2000001F015D284600F03FF941F62C50015D82
:102A300000222846FEF76CFC2846F6F743FC0646C3
:102A4000FF2E01D0052E03D300BF00BF022027E7D1
:102A500007EBC70000EB071105F2423000EB410025
:102A60000A3000EBC600817841F62F50015507EB84
:102A7000C70000EB071105F2423000EB41000A30BD
:102A800000EBC600818841F632500153C01E015D43
:102A90002846FDF715F841F62D510855481D005BF5
:102AA000022295F81D13CDE90012029095F81C330F
:102AB00041F62F50025D801E015D284600F0F4F8BB
:102AC00041F62D50015D00222846FEF721FC02212F
:102AD00041F638500155002142F2CC10015141F627
:102AE0003C500155284600F034FAD9E62DE9F04172
:102AF00006460125D6F84C05C469002741F6385032
:102B0000005D06287DD2DFE800F0A21603B03D5D2F
:102B10000121304600F02AFA05465DB900BF00BF2A
:102B2000012141F63850015500231A46052130464F
:102B300000F0A3F89AE02146304600F0CAF80546B6
:102B4000FDB900BF00BF00BF00BF00BF00BF00BF96
:102B500000BF00BF00BF00BF00BF00BF00BF00BF7D
:102B600000BF00BF00BF00BF00BF00BF00BF042107
:102B700041F63850015500231A460521304600F031
:102B80007CF873E004F60411304600F025F90546A0
:102B9000BDB900BF00BF002702E000BF00BF7F1C1F
:102BA000D4F80409B842F8D8002142F2C810015103
:102BB000052141F63850015500231A46304600F0F1
:102BC0005CF853E042F2C810005900EB001304F522
:102BD000126000EB431242F2C810035904F60810C9
:102BE00050F82310304600F053F9054675BB00BF7E
:102BF00000BF42F2C8100059401C42F2C8110851EF
:102C000000E032E0D4F80419884219D3002141F6DB
:102C100038500155012142F2CC1001510021001F12
:102C2000015140F60810015941F61850015100BFFA
:102C300000BF00BF00BF02213046D6F8A425904750
:102C400000231A460521304600F017F80EE0304602
:102C5000FFF76CFD0A2009F0EFF900231A46052161
:102C6000304600F00AF8002500E000BF00BF28460B
:102C7000BDE8F0810146002070472DE9F04104468F
:102C80000D4616461F46C4F8B055D4F8A80509F0FD
:102C900069FA38B1FAB2334604F5B661D4F8A8053A
:102CA00009F0D2FABDE8F0812DE9FE4F04460D4649
:102CB00016461F46DDE90D9ADDF830803B46324668
:102CC000294620468DE80007FEF7DEFA0020BDE821
:102CD000FE8FF0B589B005460F460126D5F84C05A4
:102CE000C46941F66150005D012802D0022847D135
:102CF0003CE0022142F2AC10015104F5EB502430CB
:102D000042F2B0110851002142F2B41001514FF4C7
:102D10000750015142F2B810015141F20100ADF8E3
:102D2000000042F2A8100059019042F2A41000598C
:102D3000029042F2A4100059401C42F2A411085122
:102D400000208DF820006946284600F02FFB012165
:102D50004FF4EB5001550221401C01550126002380
:102D60001A4605212846FFF788FF0AE0284600F0AA
:102D700046F906461EB939462846F9F7FBFF00E03A
:102D800000BF00BF304609B0F0BD10B503460020BB
:102D9000D3F84C45E26942F28A14A45A0C8042F2FC
:102DA000A814A4584C6042F28C14A4588C6042F2CF
:102DB0009014A458CC6042F29414A4580C6142F2CE
:102DC0009814A4584C6142F29C14A4588C6142F2AD
:102DD000A014A458CC6110BDF0B589B005460F46CB
:102DE0000126D5F84C05C46941F66150005D012803
:102DF00002D0022847D13CE0022142F2AC1001513E
:102E000004F5EB50243042F2B0110851002142F297
:102E1000B41001514FF40750015142F2B810015162
:102E200041F20400ADF8000042F2A81000590190F0
:102E300042F2A4100059029042F2A4100059401C22
:102E400042F2A411085100208DF82000694628465E
:102E500000F0ACFA01214FF4EB5001550221401C67
:102E60000155012600231A4605212846FFF705FFD4
:102E70000AE0284600F0C3F806461EB9394628463F
:102E8000FAF780F800E000BF00BF304609B0F0BD9F
:102E90002DE9F0418AB005460E4690460127D5F847
:102EA0004C05C46941F66150005D012802D002283A
:102EB00049D13DE0022142F2AC10015104F5EB5042
:102EC000243042F2B0110851002142F2B4100151F5
:102ED0004FF40750015142F2B810015141F2050080
:102EE000ADF8040042F2A8100059029042F2A4107A
:102EF0000059039042F2A4100059401C42F2A41160
:102F00000851049601208DF8240001A9284600F0FC
:102F10004DFA01214FF4EB5001550221401C01559F
:102F2000012700231A4605212846FFF7A6FE0BE0DD
:102F3000284600F064F8074627B94246314628463D
:102F4000FAF733F800E000BF00BF38460AB0BDE82A
:102F5000F0810146D1F84C05C26900234FF4EB50D3
:102F600083540123401C835400207047F0B589B07E
:102F700006460D460127D6F84C05C46941F6615056
:102F8000005D012802D0022834D12EE0002142F257
:102F9000A4100151001D0551001D015141F2020014
:102FA000ADF80000019542F2A4100059029042F2DF
:102FB000A4100059401C42F2A411085103950120AD
:102FC0008DF820006946304600F0F0F901214FF4F9
:102FD000EB5001550221401C0155012700231A46E0
:102FE00005213046FFF749FE05E0304600F007F8BE
:102FF000074600E000BF00BF384609B0F0BD2DE92C
:10300000F0418AB007464FF001080025D7F84C057B
:10301000C4694FF4EB50005D0A2873D2DFE800F07A
:1030200005061A6073F2F0EFEEEDBAE101200090B0
:1030300041F62D50035D41F66450005B82B204F509
:10304000EB51091D3846FCF765FD02214FF4EB50AA
:103050000155A6E141F62D50015D3846FEF7C9F84D
:103060000546012D22D142F2AC10005920B90721AA
:103070004FF4EB50015512E042F2AC100059012818
:1030800004D103214FF4EB50015508E042F2AC109B
:103090000059022803D105214FF4EB5001550023BC
:1030A0001A4602213846FFF7E8FD18E0022D0AD142
:1030B00001214FF4EB50015500231A4602213846F6
:1030C000FFF7DBFD0BE0052D09D109214FF4EB5093
:1030D000015500231A4602213846FFF7CEFD60E174
:1030E0000120009041F62D50035D401D025B42F22D
:1030F000B01001593846FCF70DFD04214FF4EB5098
:1031000001554EE14CE141F62D50015D3846FEF788
:1031100070F80546012D56D142F2B410015941F61E
:103120003250005B81422DD942F2B010015941F674
:103130003250005B014442F2B0100151001D0159B0
:1031400041F63250005B091A42F2B4100151001DE1
:10315000015941F63250005B014442F2B81001516E
:103160000059B0F57D7F11D33846F9F7C3FD002132
:1031700042F2B8100151001D0059401C42F2BC112E
:10318000085103E0002142F2B410015142F2B410A0
:10319000005968B10120009041F62D50035D401D9B
:1031A000025B42F2B01001593846FCF7B3FC03E071
:1031B00007214FF4EB50015500231A4602213846EF
:1031C000FFF75BFD18E0022D0AD103214FF4EB500D
:1031D000015500231A4602213846FFF74EFD0BE049
:1031E000052D09D109214FF4EB50015500231A4652
:1031F00002213846FFF741FDD3E0CCE0A1E090E0AA
:1032000011E0FFE741F62C50035D41F63450025BBC
:1032100042F2B01001593846FCF767FC06214FF422
:10322000EB500155BDE041F62C50015D3846FDF7ED
:10323000E0FF0546012D67D141F62C50015D38466F
:10324000FDF797FF06464FF4075002590059401CFE
:103250004FF40751085152B942F2B01000590168B9
:1032600042F2B4100151002142F2BC10015141F66A
:103270003450005BB04235D842F2B410005980B3EC
:1032800042F2B0100059811942F2B0100151001DF4
:103290000059811B42F2B4100151001D00598119DF
:1032A00042F2B81001510059B0F57D7F0CD3384679
:1032B000F9F720FD002142F2B8100151001D00591C
:1032C000401C42F2BC11085141F62C50035D41F6FE
:1032D0003450025B42F2B01001593846FCF705FC4D
:1032E0001EE0FFE742F2B4100059811B42F2B41015
:1032F000015107214FF4EB50015500231A460221DA
:103300003846FFF7BAFC0BE0052D09D109214FF42F
:10331000EB50015500231A4602213846FFF7ADFC59
:103320003FE041F62C50035D3F2204F5EB5101F2E2
:1033300024413846FCF7D9FB08214FF4EB500155E6
:103340002FE041F62C50015D3846FDF752FF05464F
:10335000012D13D101A93846FFF717FDBDF8040070
:1033600042F20101884202D14FF0000801E04FF023
:103370000208012141F6615001550BE0052D09D1EC
:1033800009214FF4EB50015500231A46022138461B
:10339000FFF773FC05E0012141F66150015500E0A3
:1033A00000BF00BF40460AB0BDE8F0812DE9F04102
:1033B00006460D460027D6F84C05C469202104F5C1
:1033C000EB50001DEDF7DCFB95F82000C0F1050087
:1033D0008000C0F1200141F6645001510121001D1F
:1033E00001532988801C0153801CA9680151001DCC
:1033F000E9680151001D29690151001D69690151E8
:10340000001DA9690151001DE96901513846BDE857
:10341000F0812DE9F74F82B083460C460BF54E75CF
:1034200000200190814680461CB9022005B0BDE80D
:10343000F08F26463078092801D009203070207896
:10344000287060786870A178E07841EA0020FF2851
:1034500004DCA178E07841EA002001E04FF48070BC
:1034600068802079287160796871A079A871E07905
:10347000E871207A28720498092877D909200090E9
:10348000002760E069463046FCF753FE0646707838
:10349000042858D13078092801D00920307009EB70
:1034A000C90000EB091105F10A0000EB41073146A4
:1034B000384600F04AF94FF00008C2462FE069464E
:1034C0003046FCF736FE06467078052827D1787915
:1034D00001280DD1B879022802D0B879032807D184
:1034E000F87938B93078092804D00920307001E023
:1034F0000720307009EBC90000EB091105F10A0043
:1035000000EB41000A3000EBC80A324651465846EB
:1035100000F087F8019008F1010000F0FF08B8F111
:10352000050F07D23879404504DD6888BDF80010E2
:103530008842C4DC3879404501DD032076E709F193
:10354000010000F0FF09B9F10A0F04D26888BDF844
:103550000010884296DC28790A2802DA287901E0EE
:1035600004E00A20484501DD03205FE701985DE79C
:1035700070B50346144603F22632002509B902202D
:1035800070BD08781070487850708E78C87846EA18
:1035900000205080087910714879507188799071B5
:1035A000C879D07193F81D0318B193F81D03012851
:1035B00011D1D079082806D0102805D0202804D0B1
:1035C000402804D102E000BF00BF00BF02E0082095
:1035D000D07100BF0AE093F81D03022805D1D0790D
:1035E000082803D00820D07100E00325082C16D944
:1035F0000E7A487A46EA002010818E7AC87A46EA26
:10360000002050810E7B487B46EA00209081887B19
:103610009073C87BD073087C1074487C5074284623
:10362000AEE730B50346002014780C7054784C7027
:1036300094788C70D478CC701579547945EA042448
:103640008C8094798C718C883CB18C88B4F5806FB7
:1036500003D88C88B4F5007F00D9032093F81D436C
:1036600034BBCC7804F00304022C05D18C88B4F56B
:10367000007F69D9032067E0CC7804F0030424B903
:103680008C88402C60D903205EE0CC7804F00304E1
:10369000012C04D0CC7804F00304032C06D18C79DF
:1036A00014B18C79102C4FD903204DE003204BE04E
:1036B00093F81D43012C2BD1CC7804F00304022C89
:1036C00003D0CC7804F0030424B98C88402C3BD977
:1036D000032039E0CC7804F00304012C09D18C7963
:1036E0002CB18C79102C02D88C88402C2CD903203A
:1036F0002AE0CC7804F00304032C07D18C791CB1A8
:103700008C88B4F5806F1FD303201DE003201BE0DD
:1037100093F81D43022C16D1CC7804F0030424B98D
:103720008C88082C10D003200EE0CC7804F0030421
:10373000032C06D18C7914B18C88082C04D9032071
:1037400002E0032000E0032030BD0A7802704A78CE
:1037500042708A788270CA78C2700A7902714A7996
:1037600042718A798271CA79C2710A7A027270478B
:1037700030B513464578032D14D10578AD1E9D4212
:1037800002D80578AD1E00E01D46ACB2801C0022B8
:1037900004E0855C0D70491C951CAAB2A242F8DBBE
:1037A00000250D7030BD7FB5044602200390002532
:1037B00094F82103012801D10320207020780E28DD
:1037C0007CD2DFE800F0072152F17B92F0B0C1D249
:1037D000FBEE7BED94F82003A8B100BF00BF0120F1
:1037E0002070C820FCF710FC2046FDF77FFD00216B
:1037F00084F81C130020C4F8980500231A46012100
:103800002046FFF73AFA77E194F82303012807D11D
:1038100000BF00BF002184F81F13022020701DE0AC
:10382000D4F89805B0F57A7F10D994F81F03401C9E
:1038300084F81F0394F81F03032804D900BF00BFB6
:103840000D2020700AE00020207007E0D4F89805D1
:103850000A30C4F898050A20FCF7D6FB00231A4664
:1038600001212046FFF709FA46E1D4F8A40520B16A
:1038700004212046D4F8A42590476420FCF7C4FB1B
:103880002046FDF77FFC84F81D03052020700021F1
:103890002046FCF715F9607180212046FCF710F9ED
:1038A0002071A079002294F81D13CDE90012029036
:1038B00094F81C3321798022204600E01AE1FFF7BA
:1038C000F3F9A079002294F81D13CDE900120290BB
:1038D00094F81C3361792046FFF7E6F900231A4675
:1038E00001212046FFF7C9F906E12046FDF702FA5B
:1038F00003909DF80C00A8B900BF00BF002184F818
:10390000241394F83703012804D100BF00BF082016
:10391000207001E00720207000231A460521204670
:10392000FFF7ABF9E8E0D4F8A40560B10121204627
:10393000D4F8A42590470820207000231A460521BA
:103940002046FFF79AF9D7E094F83D13204600F09F
:103950002BF918B90920207000BF00BF00231A46B8
:1039600001212046FFF789F9C6E094F83F0300F0F3
:103970002000D0B10121204600F02AF903909DF8E3
:103980000C0020B900BF00BF0A2020700FE09DF896
:103990000C0003280BD100BF00BF0A20207006E0F6
:1039A000A9E06EE00AE04AE074E00A2020700023FB
:1039B0001A4601212046FFF760F99DE0D4F8500532
:1039C00008B900BF34E00020C4F84C05002511E020
:1039D00004F5A76050F82500017994F84703814267
:1039E00006D104F5A76050F82500C4F84C0503E0A3
:1039F000681CC5B2052DEBD300BFD4F84C0598B1B7
:103A0000D4F84C0581682046884748B906202070C4
:103A100000BF00BF03212046D4F8A425904707E04B
:103A20000D20207000BF03E00D20207000BF00BFFC
:103A300000231A4605212046FFF71FF95CE0D4F861
:103A40004C0598B1D4F84C0501692046884703908D
:103A50009DF80C0010B90B2020700BE09DF80C00B5
:103A6000022807D10D20207000BF03E00D20207038
:103A700000BF00BF00231A4605212046FFF7FDF8CE
:103A80003AE0D4F84C0520B1D4F84C054169204601
:103A9000884731E0002184F821132046EFF7CBFB63
:103AA000D4F84C0538B1D4F84C05C1682046884795
:103AB0000020C4F84C05D4F8A40520B10521204607
:103AC000D4F8A425904700BF00BF94F82203012832
:103AD00006D1002184F82213204600F0A2F802E06B
:103AE0002046FDF734FC00231A4601212046FFF74B
:103AF000C4F801E000BF00BF00BF002004B070BDEB
:103B0000044600BF4FF0FF33002204F5B661D4F83D
:103B1000A80508F0E7FA0546002DF3D12046FFF787
:103B200042FEEFE710B50246002089B1D2F85035C9
:103B3000052B09D2D2F85045631CC2F8503502F566
:103B4000A76343F8241006E000BF00BF022002E094
:103B500000BF00BF022010BD0246002092F83C3397
:103B60008B4209DD82F8241300BF00BF00BF00BFF5
:103B700000BF00BF00BF02E000BF00BF02207047CF
:103B800070B504460D46A078012807D100212174A4
:103B90000521617465820021A182E1820022114623
:103BA0002046FCF7CEF970BD70B504460D46A078EE
:103BB000012807D100212174092161746582002147
:103BC000A182E182002211462046FCF7BAF970BDBD
:103BD00070B504460D46A078012807D10021217454
:103BE0000321617465820021A182E18200221146D5
:103BF0002046FCF7A6F970BD70B504460D46164682
:103C0000A078012807D1012121740B2161746682FB
:103C1000A5820021E182002211462046FCF791F99D
:103C200070BD10B504462046FDF791FB01212046EA
:103C3000FDF790FA002010BD012906D0022909D015
:103C400004290BD005290DD100E00CE00322074B1D
:103C50001A7008E00222054B1A7004E00122034B9F
:103C60001A7000E000BF00BF7047000004C00120D0
:103C70000146002070470000F0B58DB005460E46A5
:103C80001446012736B1012E06D0022E10D0032E85
:103C90002CD11AE000272BE06A4629461648FDF78A
:103CA000D9FD18B901982060002700E001271FE026
:103CB0006A4629461048FDF7CDFD20B9BDF8080039
:103CC0002060002700E0012712E06A4629460A48E2
:103CD000FDF7C0FD40B9BDF80800C11700EBD15198
:103CE00049122160002700E0012701E0042700BFFE
:103CF00000BF38460DB0F0BD600500202DE9F04151
:103D00008EB004460D4617461E464FF001082B465E
:103D10003A46214612480096FEF73AFA10B94FF09B
:103D2000000818E001AA21460D48FDF793FD9DF813
:103D30001100042804D0282804D03A2807D100E034
:103D400000BF00BF00BF00BF4FF0030802E04FF00C
:103D5000010800BF00BF40460EB0BDE8F081000082
:103D60006005002070B50446012521460448FEF791
:103D700073FC08B1002500E00125284670BD000055
:103D8000600500202DE9F0418EB004460D4617462F
:103D90001E464FF001082B463A462146154800962C
:103DA000FEF772FC10B94FF000081FE001AA21468F
:103DB0001048FDF74FFD9DF8110004280BD027286F
:103DC00004D0282809D03A280CD105E000BF00BF54
:103DD0004FF0020809E000BF00BF00BF00BF4FF076
:103DE000030802E04FF0010800BF00BF40460EB0DC
:103DF000BDE8F081600500200FB470B504469DF861
:103E00001900012818D1A06B20F48030A063E0686D
:103E10001B490840E060E06820F44010E0609DF835
:103E20002000012803D1E06840F48010E0602046C3
:103E300000F028F8054613E0E06840F04000E0603C
:103E4000204600F01FF805469DF81D0020B9A06B24
:103E500040F48030A06303E0A06B20F48030A063C6
:103E60009DF81600012807D1A06840F00600A06068
:103E7000A06840F02000A060284670BC5DF814FBEC
:103E8000BFFFBDFF08B501460020009000BF0098AD
:103E9000401C00900098B0F1706F01D9032008BD5C
:103EA000086900F000400028F1D00A20009002E0EC
:103EB0000098401E009000980028F9D1086940F051
:103EC0000100086100BF0098401C00900098B0F10C
:103ED000706F01D90320E2E7086900F001000028B3
:103EE000F1D100BFDBE70146886820F0010088605F
:103EF00000207047F0B503461C460A4601260D48CF
:103F000000EAC64040F00047114604F5A06000EB0F
:103F10004110076104F5A06000EB4110056825F031
:103F2000804545F0004504F5A06000EB41100560B8
:103F30000020F0BD0000F81F08B50246134600201F
:103F40000090D3F840040090009820F02E000090DC
:103F5000009800F4805030B9012904D1009840F451
:103F60008050C3F84004009800F48050B0F5805FA2
:103F700005D121B9009820F48050C3F840040020F6
:103F800008BD0146886840F0010088600020704745
:103F900008B501460020009000BF0098401C00902A
:103FA0000098B0F1706F01D9032008BD086900F0D6
:103FB00000400028F1D0002000901020086100BFD0
:103FC0000098401C00900098B0F1706F01D9032058
:103FD000EBE7086900F010001028F1D00020E4E7BA
:103FE00008B502460020009000BF0098401C0090D9
:103FF0000098B0F1706F01D9032008BD106900F07E
:1040000000400028F1D000200090202040EA8110DC
:10401000106100BF0098401C00900098B0F1706FD4
:1040200001D90320E9E7106900F020002028F1D031
:104030000020E2E701460A464FF48160805880B2D2
:10404000704708B501460A4600200090D2F84004A7
:1040500000900098C0F3414008BD0146486900F057
:1040600001007047F8B503460C461A462146002069
:10407000009002F5A06000EB41100068C0F381459C
:1040800002F5A06000EB41100068C60F02F5A060C9
:1040900000EB41104068C70F986800F0200020280E
:1040A00007D137B91EB1012D01D0032D01D1002058
:1040B000F8BD0DB1022D60D102F5A06000EB4110FA
:1040C000006840F0804C02F5A06000EB4110C0F8A1
:1040D00000C0986800F0200088BBD86A00F47F0018
:1040E00070BB02F5A06000EB4110006820F0004CAE
:1040F00002F5A06000EB4110C0F800C002F5A0601E
:1041000000EB4110006840F0004C02F5A06000EBAD
:104110004110C0F800C000BF0098401C00900098FB
:10412000B0F57A7F00D909E002F5A06000EB4110FC
:10413000006800F00040B0F1004FEDD06BE00EE001
:10414000FFE702F5A06000EB4110006840F0004C72
:1041500002F5A06000EB4110C0F800C05BE002F582
:10416000A06000EB4110006840F0004C02F5A06038
:1041700000EB4110C0F800C04DE002F5A06000EB7C
:104180004110006840F0804C02F5A06000EB411047
:10419000C0F800C04FF48260805800F47F0068BB14
:1041A00002F5A06000EB4110006820F0004C02F521
:1041B000A06000EB4110C0F800C002F5A06000EB69
:1041C0004110006840F0004C02F5A06000EB411087
:1041D000C0F800C000BF0098401C00900098B0F5E7
:1041E0007A7F00D909E002F5A06000EB4110006879
:1041F00000F00040B0F1004FEDD00CE002F5A060FF
:1042000000EB4110006840F0004C02F5A06000EBAC
:104210004110C0F800C000204AE700002DE9FF4F20
:1042200081B006460C461746DDF83C800020009021
:104230003546411E05F5A06000EB44108160B8F1E1
:10424000000F09D0B8F1010F47D0B8F1020F04D028
:10425000B8F1030F59D128E000BF40F29D4105F5A8
:10426000A06000EB4410C16007F0800080280CD1F2
:1042700005F5A06000EB4410C06840F4807105F5BE
:10428000A06000EB4410C1600EE0584886420BD19C
:1042900005F5A06000EB4410C06840F0600105F532
:1042A000A06000EB4410C16032E040F29D6105F572
:1042B000A06000EB4410C16007F0800080280BD1A3
:1042C00005F5A06000EB4410C06840F4807105F56E
:1042D000A06000EB4410C1601AE040F2252105F512
:1042E000A06000EB4410C16007F0800080280BD173
:1042F00005F5A06000EB4410C06840F4C07105F5FE
:10430000A06000EB4410C16002E00120009000BFFB
:1043100000BF002105F5A06000EB4410416005F5E9
:10432000A06000EB4410C06840F0020105F5A060F9
:1043300000EB4410C1604FF48360415904F00F0258
:104340000120904008434FF483614851B06940F028
:104350000070B06107F08000802802D14FF400495E
:1043600001E04FF000093046FFF76BFE83460E98E0
:10437000022805D1BBF1020F02D04FF4003A01E050
:104380004FF0000A4FF0FE51049801EA80504FF4BC
:10439000F04101EAC72108434FF4402101EA884176
:1043A00008431099C1F30A01084340F4801040EA21
:1043B000090040EA0A0005F5A06101EB441108601C
:1043C000B8F1030F02D0B8F1010F0BD105F5A060D1
:1043D00000EB4410006840F0005105F5A06000EBD0
:1043E00044100160009805B0BDE8F08F0000044063
:1043F00001460A4640F21440805880B270470000DF
:104400002DE9FE4F80460C469146464665784FF4AE
:10441000807BDB48804522D1B9F1010F13D1A07C0C
:1044200010B1A07C02281AD1A079C0B906F5A0600D
:1044300000EB4510C06820F0700106F5A06000EBAD
:104440004510C1600BE0207948B96079012806D198
:1044500061784046FFF74EFD0020BDE8FE8FA07951
:10446000012838D10127E07818B1A08A7843E061AB
:104470004AE0A07C012820D1206ABC280FD9A08A5C
:10448000E061E0692062E068012802D0E06802286B
:1044900002D10220E06037E00120E06034E0206AD1
:1044A000E061E068012805D0E068022802D004201D
:1044B000E06029E00320E06026E0B9F1010F07D1B8
:1044C000A18A206A884203D9A08A7843E0611BE070
:1044D000206AE06118E0206A68B1A18A206A084475
:1044E000401EB0FBF1F087B25F4505DD5F46A08A54
:1044F0007843E06100E00127E07818B1A08A7843B2
:10450000E06101E0206AE061E069C0F312009D49CA
:1045100001EAC7410843A17D4FF0C04202EA417160
:10452000084306F5A06101EB45110861B9F1000FE0
:1045300005D006F5A06000EB4510A16941614FF47C
:104540008160805900F0010080F00100019006F5C3
:10455000A06000EB4510006820F0005106F5A06057
:1045600000EB4510016006F5A06000EB4510016806
:10457000019841EA407106F5A06000EB451001602A
:10458000A079012874D1207C617C40EAC11040F000
:10459000004106F5A06000EB4510416006F5A06003
:1045A00000EB4510C06840F0600106F5A06000EB2C
:1045B0004510C160E079012819D1E078B8B906F555
:1045C000A06000EB4510406840F4803106F5A06023
:1045D00000EB4510416006F5A06000EB4510C06897
:1045E00040F0400106F5A06000EB4510C160A07CE2
:1045F000012802D0A07C032811D1E07901280ED136
:10460000E07801280BD106F5A06000EB451040686A
:1046100040F4803106F5A06000EB45104160A07CBD
:10462000012849D1E07888BBE068012806D002283B
:1046300011D003281DD0042836D128E006F5A0604B
:1046400000EB4510406840F4004106F5A06000EB27
:104650004510416029E006F5A06000EB4510406878
:1046600040F00E0106F5A06000EB451041601CE033
:104670001CE006F5A06000EB4510406840F4804166
:1046800006F5A06000EB451041600EE014E006F571
:10469000A06000EB4510406840F4404106F5A06082
:1046A00000EB4510416000E000BF05E0002106F589
:1046B000A06000EB4510416006F5A06000EB4510DE
:1046C00000680290029820F080400290E07820B1CB
:1046D000029840F40040029003E0029820F4004069
:1046E0000290029840F00040029006F5A06000EBB6
:1046F000451002990160B9F1000F01D00020ACE62D
:10470000E07878BB206A68B3E07958BBA07C30B110
:10471000012816D0022803D0032824D110E000BFBE
:10472000206AC01CC0F38F0AD8F82C0080B2504514
:1047300005D2D8F8180040F02000C8F8180013E09F
:1047400000BF206AC01CC0F38F0A4FF482608059FA
:1047500080B2504505D2D8F8180040F08060C8F803
:10476000180001E00AE000BF00BF00200090208C8C
:1047700083B262784046A16900F0A4F900206CE69B
:10478000000004400000F81F0FB4F0B504460027F5
:1047900025460020C5F8000EA06B40F40010A06371
:1047A000A06B20F40020A063A06B20F48020A06305
:1047B000E06800F0400088B99DF81B00012806D190
:1047C000D5F8000440F00400C5F800040CE0D5F86A
:1047D000000420F00400C5F8000405E0D5F800044A
:1047E00020F00400C5F8000410212046FFF7F8FB74
:1047F00000B101272046FFF7CBFB00B101270026BF
:104800000DE04FF0FF3105F5A06000EB4610816030
:10481000002105F5A06000EB4610C160761C9DF8F4
:104820001900B042EDD80020A061401E6061104820
:10483000844207D1401560620E48A0620E48C4F859
:10484000000106E0802060620C48A0620C48C4F8B9
:1048500000019DF81A0018B9A06940F01000A0618D
:10486000A06908490843A0613846F0BC5DF814FB14
:1048700000000440000200010003E000800060002E
:10488000E0004000080020A310B502460B46114688
:10489000D1F8000420F00300C1F80004D1F80004AE
:1048A00003F003042043C1F80004012B05D14BF6AB
:1048B000803440F20440445009E0022B05D141F21B
:1048C000707440F20440445001E0012010BD00200B
:1048D000FCE710B50246134603F5A06404EB41144F
:1048E000A06803F5A06404EB4114E468204010BD07
:1048F000014648698A69104070472DE9F041044635
:104900000D46274628464FEA920C02F00303002189
:104910000AE04FF4805858F80780C0F80080401C27
:10492000401C401C401C491C6145F2D39BB1002136
:104930004FF4805858F8076000BF4FEAC10826FAC4
:1049400008F880F80080491C401CA3F101081FFAF8
:1049500088F3002BF1D1BDE8F08138B50446254637
:1049600000200090D5F840040090009820F02E0020
:104970000090009840F48070C5F840046420EFF780
:10498000A5FF009820F48070C5F840040A20EFF7D6
:104990009DFF002038BD70B504460E460025E06836
:1049A00020F0C040E060012E10D1E06840F00050DF
:1049B000E06000BF0A20EFF789FF0A352046FFF7C5
:1049C0004CFB012815D0C82DF4D312E07EB9E06865
:1049D00040F08040E06000BF0A20EFF777FF0A3523
:1049E0002046FFF73AFB20B1C82DF5D301E00120A6
:1049F00070BDC82D01D10120FAE70020F8E72DE9AC
:104A0000F84107464FF000083E4600200090384627
:104A1000FFF769FA10213846FFF7E2FA08B14FF0C4
:104A200001083846FFF7B4FA08B14FF00108002436
:104A300010E006F5A06000EB4410056845F08045E5
:104A400025F0004525F4004506F5A06000EB441074
:104A50000560641C0F2CECD9002424E006F5A0604E
:104A600000EB4410056845F0804545F0004525F40D
:104A7000004506F5A06000EB4410056000BF0098FB
:104A8000401C00900098B0F57A7F00D909E006F547
:104A9000A06000EB4410006800F00040B0F1004F4F
:104AA000EDD000BF641C0F2CD8D94FF0FF3140F27D
:104AB00014408151084678613846FFF762FA404653
:104AC000BDE8F8812DE9F04304460D461E46DDF8A9
:104AD0001CC0A0462946BCF1000F12D1F01C87086B
:104AE00000230CE0D1F8009008F5805000EB023074
:104AF000C0F80090491C491C491C491C5B1CBB4266
:104B0000F0D30020BDE8F08300BFFEE703B40198B6
:104B10004100009850EAC12018BF04204A0D18BF78
:104B200040F0010040F2FF72B2EB515F08BF40F06D
:104B30000200012808BF052002B070470248006843
:104B4000C0F30220704700000CED00E010B5002813
:104B500004DB0A07130E054A135406E00A07140E75
:104B6000034A00F00F031B1FD45410BD00E400E003
:104B700018ED00E0EFF30580704700000000000032
:104B800030B52DED048B81B0B0EE408AF0EE608A36
:104B90006A4651EC180B06F047FA00989FED329BDD
:104BA0007E300090002821DC53EC192B51EC180BBF
:104BB00010F0EAFC1AD0002140F608004FF0000087
:104BC000044651EC180B10F099FA08EE100A40F662
:104BD000080004EA00014FF00000B5EEC08AF1EED3
:104BE00010FA04BF0220ECF778F82DE00098FF28B7
:104BF00030DB002108464FF0000000F4400553EC84
:104C0000192B51EC180B10F08DFE8CBF00240124E1
:104C10000220ECF762F89FED168A4DB1002C0CBF14
:104C20004FF400004FF48000A84218BF9FED118A96
:104C3000042108464FF00000002C01BFB1EE480AE5
:104C400001B0BDEC048B30BDB0EE480A01B0BDEC44
:104C5000048B30BD51EC180B10F050FA01B000EE8F
:104C6000100ABDEC048B30BD000000000000000005
:104C70000000807FFFFF7F7F30B540F2FF742DED95
:104C8000048BF0EE608A18EE901A85B0B0EE408A80
:104C90009FED2B9B05468DED008B34EA115147D0DB
:104CA00053EC192B51EC180B10F06EFC40D02A4637
:104CB00051EC180B11F008F841EC180B18EE900AA3
:104CC0008DED008B34EA10501CD053EC192B51ECB5
:104CD000180B10F059FC2BD10220EBF7FEFF00F06F
:104CE00043F810EE901A18EE900A8DED020B8DED40
:104CF000008B61F31E0003909DED020B05B0BDEC2F
:104D0000048B30BD0220EBF7E8FF00F01DF810EE39
:104D1000901A18EE900A8DED020B8DED008B61F369
:104D20001E0003909DED020B05B0BDEC048B30BD61
:104D300005B0B0EE480AF0EE680ABDEC048B30BD59
:104D400000000000000000009FED050B10B553ECC3
:104D5000102B51EC100B10F0E7FC41EC100B10BDC8
:104D600000000000000000709FED050B10B553EC33
:104D7000102B51EC100B10F0D7FC41EC100B10BDB8
:104D8000000000000000001010B5044691ED000B7B
:104D9000FFF7F6FE84ED000A10BD10B5044690ED55
:104DA000000B0846FFF768FF84ED000B10BD30389C
:104DB0000A2801D2012070470020704700BF7047C9
:104DC00000BF704710B51148B0F81C050F49B1F885
:104DD0002015084400B20D49A1F81C0540F29322A9
:104DE000511C881FF4F768F90848B0F81A050749FC
:104DF000B1F81E15084400B20449A1F81A0540F2A2
:104E00009122511C481FF4F757F910BD98EA002071
:104E100010B51148B0F81C050F49B1F82015084429
:104E200000B20D49A1F81C0540F29322511C881FC5
:104E3000F4F742F90848B0F81A050749B1F81E1509
:104E4000084400B20449A1F81A0540F29122511C0D
:104E5000481FF4F731F910BD98EA002030B5818879
:104E6000022902DA017B017630BD90ED050A016866
:104E7000D1ED000AF4EEC00AF1EE10FA03DB01688E
:104E800009790176F0E78188491E026802EBC101C9
:104E9000D1ED000AF4EEC00AF1EE10FA07D88188CD
:104EA000491E026802EBC10109790176DCE70022A4
:104EB00037E0046804EBC201541C056805EBC40329
:104EC000D1ED000AF4EEC00AF1EE10FA27D8D3EDC6
:104ED000000AF4EEC00AF1EE10FA20DB93ED001A9E
:104EE000D1ED001A31EE611AD1ED001A70EE611A9F
:104EF00081EE812AF0EE420A1C790D79641B01EEE5
:104F0000104AF8EEC11A01EE105AB8EE411A00EE3E
:104F1000A11ABCEEC11A11EE104A047605E0511C2C
:104F20008AB28188491E9142C3DC00BF017E027BA8
:104F3000914201DA017B0176017E427B914201DDE3
:104F4000417B017600BF8FE72DE9F04704460D460F
:104F500090469946AD1E606B00EB153AC5F3C80646
:104F600005F0070101208840C7B200BF51460AF191
:104F7000010A204607F046F810B10120BDE8F0878D
:104F800000BF00BF04F13C00805D384008B1012043
:104F900000E00020484501D10220EFE704F13C0089
:104FA000805D784004F13C0188550120E070A8F153
:104FB0000100B0F1000800D1E0E77806000E071EFE
:104FC000E0D10127701C0646B0F5007FD9D300263A
:104FD000CCE710B502460B46002105E0545CFF2CDF
:104FE00001D0002010BD491C9942F7D30120F9E7F8
:104FF00070B504460D460020E070401EA0632946AF
:10500000204606F0FFFF08B1042070BD04F23A20EC
:1050100006F0ECFB4AF65521884201D00320F4E764
:1050200094F83C00E92807D094F83C00EB2817D10D
:105030003E20005D902813D104F1720006F099FB28
:1050400020F07F400C49884201D10020DDE704F1C7
:105050008E0006F08EFB0949884201D10020D4E77A
:105060000B2207A104F13C0006F0A4FF08B90120BF
:10507000CBE70220C9E700004641540046415433C3
:10508000EB7690455846415420202000024600E02F
:10509000521C107810B110788842F9D110787047FE
:1050A00030B502460B460020044601461CE01A4873
:1050B00000EB01100068A8B1174800EB0110006870
:1050C0001568A8420FD1144800EB0110406895689C
:1050D000A84208D1104800EB01108068156BA84267
:1050E00001D103E00124491CFF29E0D300BFFF29BF
:1050F00006D10CB9022B01D1002030BD1220FCE7F3
:1051000033B9054800EB01108089B0F5807F01D1EB
:105110001020F2E70020F0E7F40E002038B5054635
:1051200000200090082D70D2DFE805F085040F3ACA
:10513000525F6C79002404E0A0B2694603F092FE4D
:10514000641CB4F5004FF7D376E0002404E0A0B26D
:10515000694603F087FE641C1F2CF8D9202404E064
:10516000A0B2694603F07EFE641CB4F5087FF7D355
:1051700041F6645404E0A0B2694603F073FE641C77
:1051800041F667508442F6D9441C04E0A0B2694657
:1051900003F068FE641C41F66B508442F6D94BE084
:1051A0004FF4087404E0A0B2694603F05BFE641C8F
:1051B000B4F5226FF7D341F66C5404E0A0B269460F
:1051C00003F050FE641C41F66F508442F6D933E080
:1051D00041F6705404E0A0B2694603F043FE641C3B
:1051E00041F673508442F6D926E041F6745404E047
:1051F000A0B2694603F036FE641C41F67750844243
:10520000F6D919E04FF4EC5405E014E0A0B2694679
:1052100003F028FE641CB4F5FC5FF7D30CE04FF4F8
:10522000FC5404E0A0B2694603F01CFE641CB4F513
:10523000005FF7D300E000BF00BF38BD10B54FF4EA
:105240002970EDF73BFF4FF42A70EDF737FF40F27E
:10525000A620EDF733FF0CF031FB10BD0146002016
:105260000BE0074A02EB001212688A4204D10022C6
:10527000034B03EB00131A60401CFF28F1D3704767
:10528000F40E00202DE9F84F824615461E46DAF846
:1052900000000090DAF8500000F104094FF40072A9
:1052A000002328463146EBF7D8F807460098B0F8B7
:1052B0000AC0624600233846EBF7CFF8834600BFAA
:1052C00059F8044B14B90020BDE8F88FA34500D26B
:1052D00004E0ABEB040B09F10409F1E700BFD9F8D6
:1052E00000005844F0E70246891E106A801E88427A
:1052F00001D8002070475389506B01FB0300F9E788
:105300002DE9F04780460C4604F11A0006F06EFACB
:1053100010B10020BDE8F087207800F03F00401E6B
:1053200000EB800101EBC0054FF00109002621E0F0
:105330001849895D081906F059FA0746B9F1000FB6
:1053400011D0FF2D0BD2384604F076FF8246294655
:105350006D1C38F8110004F06FFF824501D0002069
:10536000D8E7B94605E04FF6FF70874201D000202C
:10537000D0E7761C0D2EDBD3207800F0400038B14A
:10538000B9F1000F04D038F8150008B10020C1E7CA
:105390000120BFE75C5E020810B50EF003FB72B699
:1053A00000204FF0E0210861EFF74CFB40F6B830E9
:1053B0000AF0A2FB49484A490860EEF7ABF840B151
:1053C00048A0EBF7C1F853A293210F20F8F7CCFACD
:1053D00010BD4FF47A700AF08FFB4FF48031C80291
:1053E000FFF7F7FD40B153A0EBF7AEF85CA29321B5
:1053F0000F20F8F7B9FA08E060A0EBF7A5F845A28E
:1054000093210F20F8F7B0FAE2E74FF4FA600AF0C0
:1054100073FB66A293210F20F8F7A6FA00240DE093
:105420006A4A115904F10060EEF7FCF928B16420D2
:105430000AF062FB66A0EBF787F8241DB4F5803F05
:10544000EED3EFF7ADFA6FA0EBF77EF877A29321DA
:105450000F20F8F789FA4FF47A700AF04DFB7AA022
:10546000EBF772F883A293210F20F8F77DFA05F08D
:10547000A3FE884908604FF47A700AF03DFB854826
:1054800000688549096888420CD1834802688148D0
:1054900001688248EBF758F881A293210F20F8F7B2
:1054A00063FA13E07C4802687A4801688848EBF7A1
:1054B0004BF888A293210F20F8F756FA8E4803F094
:1054C00051FE01228DA1002004F0E2F864200AF0D0
:1054D00013FBF7F73DFF00BFFEE70000910001005E
:1054E0000C3C0240426F6F744C6F616465723A45C8
:1054F0007261736520626F6F746C6F6164206661A6
:10550000696C2C2047616D654F76657221212121E0
:10551000210A0000457261736520626F6F746C6FC1
:105520006164206661696C2C47616D65204F76650A
:1055300072210000426F6F746C6F616465723A4350
:105540006865636B206D637520626F6F6C6F61645B
:1055500020626C616E6B207375636573732E0A0035
:10556000457261736520626F6F746C6F6164207344
:10557000756365737366756C2E2E2E00426F6F74A3
:105580006C6F616465723A436865636B206D637527
:1055900020626F6F6C6F616420626C616E6B206E55
:1055A0006F7420656D707479210A00005374617204
:1055B0007420757064617465206E657720626F6F0A
:1055C000746C6F61642E2E2E00000000000000102D
:1055D000426F6F744C6F616465723A57726974659B
:1055E000206D637520626F6F746C6F6164206661FB
:1055F000696C2C47616D654F7665722121212121EF
:105600000A000000426F6F744C6F616465723A5516
:105610007064617465206E657720626F6F746C6F63
:10562000616420646F6E652E2E2E0A0055706461D1
:105630007465206E657720626F6F746C6F61642093
:10564000646F6E652E2E2E00426F6F744C6F616416
:1056500065723A537461727420636865636B737525
:105660006D206E657720626F6F746C6F61642E2E93
:105670002E0A0000537461727420636865636B7353
:10568000756D206E657720626F6F746C6F61642E2C
:105690002E2E0000BCC001200C010020FC7102086D
:1056A000436865636B73756D20626F6F746C6F61B7
:1056B0006420706173732C706F77657220637963F7
:1056C0006C65207468652073797374656D000000E3
:1056D0001C710208436865636B73756D20626F6FA0
:1056E000746C6F6164206661696C2C47616D652024
:1056F0004F76657221212100D8270120303A000021
:1057000010B502460B4600210EE0505C094C24788F
:105710006040C0B2084C54F82000064C246880EA6F
:105720001420044C2060491C9942EED301480068C3
:10573000C04310BD30C10120746B02080146084807
:1057400000784840C0B2074A52F82000044A126864
:1057500080EA1220024A106010460068C043704779
:1057600030C10120746B02084FF0FF30014908601E
:105770007047000030C101202DE9F04704468A46F9
:105780002668BAF1000F06D1B76917B1306AB8427E
:1057900017D8012715E05146204605F021FD814626
:1057A000B9F1020F02D20120BDE8F08709F1010032
:1057B00008B94846F8E7306A484501D94846F3E752
:1057C0005746307804284CD101223946304604F03F
:1057D000C2FD05460DB1681C08B92846E4E701235F
:1057E0001A4629463046FFF7AFFB8046B8F1020F54
:1057F00001D10120D8E7B8F1010F02D14FF0FF30FD
:10580000D2E7BAF1000F02D10220E0710AE0E0799C
:10581000022807D1781C854204D0A068381AA061FC
:105820000320E071E07902284FD00AF1010085429F
:1058300007D1E06910B1E069401C00E00220E0619E
:1058400043E0E06908B90120E0612A46514620465C
:1058500004F05FFD8046B8F1000F36D10120E06111
:1058600033E03D4600BF6D1C306AA84204D80225D3
:10587000BD4201D9002097E72946204605F0B0FC3B
:105880008146B9F1000F00D10BE0B9F1010F02D050
:1058900009F1010008B9484686E7BD42E3D100207E
:1058A00082E700BF4FF0FF322946304607F0E2FCA6
:1058B0008046B8F1000F08D1BAF1000F05D02A4692
:1058C0005146304607F0D6FC8046B8F1000F0DD1A6
:1058D000B561D6E90710801E814202D8F069401EEA
:1058E000F061307940F00100307107E0B8F1010F4C
:1058F00002D14FF0FF3000E001200546284653E773
:105900002DE9F34F83B08146049800680190D9F8DF
:105910000000D0F80CA000200546064600BF304627
:10592000761C01990C5C202C00DA2BE02F2C01D086
:105930005C2C0AD100E0761C0198805D2F28FAD0FB
:105940000198805D5C28F6D01CE0FF2D03D3062073
:1059500005B0BDE8F08FE4B20121204604F012FC4E
:1059600004460CB90620F3E7802C06DA21466AA02B
:10597000FFF78CFB08B10620EAE728466D1C2AF8E1
:105980001040CCE700BF0198811904980160202CD9
:1059900001DA042000E00020074608E0681E3AF81B
:1059A0001040202C02D02E2C00D002E06D1E002DC5
:1059B000F4D100BF00202AF815000DB90620C7E772
:1059C0000B22202109F1400006F013FB002600E025
:1059D000761C3AF816002028FAD03AF816002E283D
:1059E000F6D00EB147F0030700E06D1E25B1681E2A
:1059F0003AF810002E28F8D14FF00008CDF80880B2
:105A00004FF0080B00BF3046761C3AF8104004B93E
:105A100054E0202C03D02E2C04D1AE4202D047F00B
:105A20000307F0E70298584501D2AE4216D1BBF108
:105A30000B0F02D147F0030740E0AE4201D047F020
:105A40000307AE4200D939E02E46082002904FF0FD
:105A50000B0B4FEA88604FEA1068D4E7802C0BDB11
:105A60000021204604F08EFB04461CB1A4F1800006
:105A70002C490C5C47F0020700BF24B121462AA044
:105A8000FFF704FB18B15F2447F003070FE0412C38
:105A900004DB5A2C02DC48F0020808E0612C06DB2B
:105AA0007A2C04DC48F00108A4F1200084B20298AA
:105AB000411C029109F140010C54A4E700BF99F880
:105AC0004000E52802D1052089F84000BBF1080F0D
:105AD00003D14FEA88604FEA106808F00C000C28E8
:105AE00003D008F00300032801D147F0020707F0B4
:105AF000020058B908F00300012801D147F010074F
:105B000008F00C00042801D147F008074B2000F8EA
:105B1000097000201CE70000222A3A3C3E3F7C7FAF
:105B200000000000DC5D02082B2C3B3D5B5D0000AB
:105B30002DE9F04704460D4640220021204606F09C
:105B400058FA85202070C02084F8200000274FF0EC
:105B500001084FF00109402600BFC1223046761CE3
:105B6000225400223046761C225400BFB9F1000FA7
:105B700006D035F81700B0F1000901D0781CC7B283
:105B8000A01949460AF0EEFAB01C064600F01F00C4
:105B90000028EBD108F1010000F0FF0835F81700EC
:105BA0000028DAD184F8237084F8018028460FF0A9
:105BB00052FA8246514604F124000AF0D3FABDE8B5
:105BC000F087000010B54FF0E064204609F0BCFFFC
:105BD000064C204609F0B8FF054C204609F0B4FFFA
:105BE000044C204609F0B0FF10BD00000100000881
:105BF0000F000006030000052DE9F04105460E46A2
:105C00001746002400BF44EA056444EA065444EA07
:105C1000071400BF00224FF400511648EFF72EF88A
:105C200000BF00BF00BF00BF00BF00BF00BF00BF7C
:105C300000BF00BF200E09F087FFC4F3074009F042
:105C400083FFC4F3072009F07FFFE0B209F07CFF77
:105C5000012251030748EFF711F800BF00BF00BF52
:105C600000BF00BF00BF00BF00BF00BF00BFBDE856
:105C7000F08100000014024010B500220F21062020
:105C8000FFF7BAFF0120EEF721FE10BD0EB5FE486A
:105C9000B0F82C0510B3FD480DF0FEFE09F0CEFF64
:105CA0000AF04AFB04F040F942F22020F3F75CF9D5
:105CB000A0B142F22620F3F757F978B14FF4807182
:105CC000F34807F085FCF34908800846008800285F
:105CD00004DD08460188EE48F7F77AFAEA48B0F89A
:105CE0002C05F8B945F28510F3F73EF9C8B106F076
:105CF00057FD45F6A020F7F745FB0421E648F1F7EC
:105D0000C9FA4FF4FA72F021B0EE001ADFEDE30A9F
:105D1000B1EE040AE248F6F7DCFF0A20DA49A1F8FE
:105D20002C050EBDD848B0F82C050A2877D145F2CD
:105D30008510F3F739F930B106F030FC0020D24974
:105D4000A1F82C05EDE70020CF49A1F82C0545F678
:105D5000A020F7F717FB0020CB49A1F84E00A1F8CF
:105D60005000A1F83C05A1F83E05084690F84A000D
:105D7000A1F8700B0846B0F84A00C0F30720A1F85C
:105D8000740B084690F84C00A1F8780B0846B0F860
:105D90004C00C0F30720A1F87C0B0846B0F9700B4B
:105DA000302822DB0846B0F9700B39281DDC084684
:105DB000B0F9740B302818DB0846B0F9740B392899
:105DC00013DC0846B0F9780B30280EDB0846B0F932
:105DD000780B392809DC0846B0F97C0B302804DB45
:105DE0000846B0F97C0B39280ADD43F23000A64999
:105DF000A1F84A00A1F84C00A1F84E00A1F850000B
:105E000042F21F20F7F7DAFB0020A249088007F0D2
:105E100053FC64209C49A1F82C0582E7FFE79A48CF
:105E2000B0F82C0564287DD145F28510F3F7BCF855
:105E300030B106F0B3FB00209349A1F82C0570E7C0
:105E4000142201210020F7F741FE4FF48940F3F7B7
:105E50008BF8002867D0934B40F6164292A199A088
:105E6000EAF772FB142200210846F7F72FFE42F2F0
:105E70001F20F7F787FA42F22020F7F79FFB42F244
:105E80002520F7F79BFB00219648EDF779FD42F2BC
:105E90002520F7F777FA42F22620F7F78FFB4FF429
:105EA00096707949A1F82C05FF208F4908700022CF
:105EB0000B210720F7F733FC01220B210720F7F70E
:105EC00057FC002210210720F7F729FC012210219E
:105ED0000720F7F74DFC85A220210720F7F744FDA6
:105EE00000224FF497710F20F7F719FC002240F2BF
:105EF0002D110F20F7F713FC00224FF499710F209A
:105F0000F7F70DFC002240F235110F20F7F707FCE0
:105F100000224FF498710F20F7F701FC00224FF494
:105F2000967101E070E06AE00F20F7F7F8FB0022BD
:105F300040F22F110F20F7F7F2FB002240F231114F
:105F40000F20F7F7ECFB002240F233110F20F7F798
:105F5000E6FB5BA293210F20F7F706FD00229321B9
:105F60000F20F7F7DCFB002263210F20F7F7D7FBA8
:105F7000012263210F20F7F7FBFB002240F23711CB
:105F80000F20F7F7CCFB00224FF49C710F20F7F79E
:105F9000C6FB002240F239110F20F7F7C0FB0122A7
:105FA00040F237110F20F7F7E3FB00224FF49C710A
:105FB0000F20F7F7DDFB002240F239110F20F7F731
:105FC000D7FB3148B0F94800009005F0CDF80190BA
:105FD000F7F78DFB04202C49A1F834050846B0F8EA
:105FE000340580B20190F7F75BFC10202649A1F838
:105FF0001C0B0846B0F84400A1F8180B03E064201D
:106000002149A1F82C058CE61F48B0F92C05C828B9
:106010000CD145F28510F2F7C7FF30B106F0BEFA99
:1060200000201949A1F82C057BE67AE61648B0F95C
:106030002C05B0F5967F6BD145F28510F2F7B4FFD1
:1060400030B106F0ABFA00200F49A1F82C0568E644
:106050005A2201210846F7F739FD44F28140F2F750
:1060600083FF78B145F6A020F7F78CF95A2200217A
:106070000120F7F72BFD40F22D100349A1F82C0564
:10608000052035E03EE0000098EA00206005002091
:106090006024012006010020200300209A99193F66
:1060A00060250120556702082E2E5C2E2E5C4D6166
:1060B000696E4170705C6463486D694170702E63F5
:1060C0000000000025732C25642C25733A686D6947
:1060D0002064656C617920646F6E652E2E2E2E2EE5
:1060E0002E0A00000000BBAA0801002020000000CA
:1060F000A1F834050846B0F8340580B20190F7F7EE
:10610000CFFB04E04FF49670F749A1F82C0508E6A0
:10611000F548B0F92C0540F22D1188420CD145F21A
:106120008510F2F741FF30B106F038FA0020EE4951
:10613000A1F82C05F5E5F4E5EB48B0F92C05B0F530
:10614000977F0CD145F28510F2F72EFF30B106F0A3
:1061500025FA0020E449A1F82C05E2E5E1E5E24852
:10616000B0F92C05B0F5C87F7ED100228021DF4830
:10617000EEF784FD45F28510F2F716FF30B106F018
:106180000DFA0020D849A1F82C05CAE542F21520E5
:10619000F2F7EAFE30B145F68720F2F759FF08B171
:1061A0000AF0F8FC42F23220F2F752FF60B1CE481A
:1061B000B0F9FC044FF47A51019005F01BFACA497A
:1061C000A1F8FC040BF046FA42F23220F2F7CCFEC2
:1061D00078B3502201210020F7F7F8FC44F2404048
:1061E000F2F7C2FE28B345F68420F2F731FF20B95A
:1061F00045F68420F2F7F8FED8B1BB48B0F9FC04AC
:106200004FF47A51019005F0F5F9B749A1F8FC0473
:106210000BF020FAB448B0F9FC04B0F57A5F08DB63
:1062200042F23220F7F7AEF8502200210846F7F785
:10623000CDFC42F23320F2F797FE70B142F23220E9
:10624000F7F7A0F8502200210846F7F7BFFC0AF044
:1062500047FF42F23320F7F795F842F23420F2F785
:10626000F7FE68B1A04800E067E3B0F9FC04012143
:10627000019005F0E4F99C49A1F8FC040BF0EAF95F
:1062800042F23420F2F770FE68B350220121084632
:10629000F7F79CFC44F24140F2F766FE18B345F66E
:1062A0008420F2F7D5FE20B945F68420F2F79CFE53
:1062B000C8B18D48B0F9FC040121019005F0BFF987
:1062C0008949A1F8FC040BF0C5F98748B0F9FC0432
:1062D000012808DC42F23420F7F754F8502200215C
:1062E0000120F7F773FC42F23520F2F73DFE70B162
:1062F00042F23420F7F746F8502200210120F7F748
:1063000065FC0AF0EDFE42F23520F7F73BF842F269
:106310003620F2F79DFE60B17348B0F9FE044FF4E9
:106320007A51019005F066F96F49A1F8FE040BF06F
:106330001BF942F23620F2F717FE78B35022012102
:106340000220F7F743FC44F24240F2F70DFE28B377
:1063500045F68420F2F77CFE20B945F68420F2F75A
:1063600043FED8B16048B0F9FE044FF47A51019071
:1063700005F040F95C49A1F8FE040BF0F5F85A4825
:10638000B0F9FE04B0F57A5F08DB42F23620F6F78A
:10639000F9FF502200210220F7F718FC42F23720C3
:1063A000F2F7E2FD70B142F23620F6F7EBFF502231
:1063B00000210220F7F70AFC0AF092FE42F2372091
:1063C000F6F7E0FF42F23820F2F742FE58B14648B5
:1063D000B0F9FE040121019005F031F94249A1F81C
:1063E000FE040BF0C1F842F23820F2F7BDFD78B39D
:1063F000502201210320F7F7E9FB44F24340F2F772
:10640000B3FD28B345F68420F2F722FE20B945F605
:106410008420F2F7E9FDD8B13348B0F9FE04012138
:10642000019005F00CF93049A1F8FE040BF09CF83E
:106430002D48B0F9FE04012808DC42F23820F6F7B6
:10644000A1FF502200210320F7F7C0FB0BF08CF8CE
:1064500042F23920F2F788FD70B142F23820F6F7A7
:1064600091FF502200210320F7F7B0FB0AF038FE1D
:1064700042F23920F6F786FF45F68520F2F7E8FD6F
:1064800088B342F20B20F2F76FFD88B342F204208A
:10649000F2F76AFD18B106200CF002FF4CE042F260
:1064A0000520F2F761FD18B107200CF0F9FE43E07A
:1064B00042F20620F2F758FD18B10B200CF0F0FE66
:1064C0003AE042F20720F2F74FFD18B10C200CF031
:1064D000E7FE31E04FF40850F2F766FD48B10320C3
:1064E0000CF0DEFE28E042E098EA002000100240B6
:1064F00033E042F20120F2F757FD18B101200CF011
:10650000CFFE19E042F20220F2F74EFD18B104204E
:106510000CF0C6FE10E042F20820F2F745FD18B17B
:1065200002200CF0BDFE07E042F20320F2F73CFD32
:1065300010B110200CF0B4FE002009F027FE13204B
:10654000FE49A1F81C0B0846B0F84400A1F8180B4E
:1065500045F6A020F7F732F809E045F6A020F6F757
:1065600011FF00200CF09CFE012009F00FFE42F20A
:106570000B20F2F719FD70B145F68420F2F768FDA3
:1065800048B145F6A020F6F7FDFE00200CF088FE8D
:10659000012009F0FBFD42F23E20F2F7E5FCA0B33A
:1065A00045F6A020F6F7EEFE42F21520F2F7DCFCED
:1065B00050B1012209210A20F7F703F9012209212C
:1065C0000A20F7F7D5F809E0002209210A20F7F799
:1065D000F8F8002209210A20F7F7CAF84FF4FA70F8
:1065E000D649A1F82C050AF0EDFF0A20D349A1F8FD
:1065F00034050846B0F8340580B20190F7F750F939
:1066000042F23E20F6F7BEFEABE2FFE742F23C204C
:10661000F2F7AAFC0028F7D001228021C848EEF743
:106620002DFB4FF42970ECF749FD4FF42A70ECF77D
:1066300045FDC24890F8F00440B2C24908700846CF
:1066400090F90000C04B40F63852AFF2A4510090D0
:10665000BEA0E9F779FFB948B0F8FC04C249088048
:10666000B648B0F8FC04B549B1F8FE14084400B2CD
:10667000BE490880BC48B0F90000B34B40F63B521D
:10668000AFF2DC510090BAA0E9F75EFFB748B0F96D
:106690000000AD4B40F63C52AFF2F4510090BDA06B
:1066A000E9F752FFA548B0F8F00401285AD1A348F1
:1066B000B0F84000022817D1A048B0F8420048B115
:1066C0009E48B0F84200012804D09C48B0F842002F
:1066D000022804D142F21720F6F754FE08E042F2F5
:1066E0001720F6F76BFF03E042F21720F6F766FF7C
:1066F00001209249A1F820050846B0F82A05A1F822
:106700001E050120A1F81C050846B0F81C05B1F8CB
:106710002A1510FB01F000B28849A1F81A050120E2
:10672000A1F828050846B0F82005322110FB01F039
:1067300000B28249A1F826050846B0F82805B1F84C
:106740002A1510FB01F000B27C49A1F82405084687
:10675000B0F82A05B1F8261510FB01F000B2774910
:10676000A1F822057548B0F8F00402285DD17348FD
:10677000B0F9FC04B0F57A7F53DB7048B0F9FE0441
:10678000B0F57A7F4DDB42F21720F6F717FF6B4822
:10679000B0F9FC044FF47A7190FBF1F06749B1F95C
:1067A000FE144FF47A7291FBF2F1084400B263498F
:1067B000A1F820050846B0F82005A1F81C050846F8
:1067C000B0F9FC04114690FBF1F05C49B1F82A15D0
:1067D000484300B25949A1F81E050846B0F81E0505
:1067E000A1F81A050846B0F82005A1F828050846C2
:1067F000B0F8280500EB8000400000B2A1F82605A3
:106800000846B0F81E05A1F824050846B0F82A0588
:10681000B1F8261510FB01F000B24849A1F8220595
:1068200003E042F21720F6F7ADFD42F21720F2F72F
:106830009BFB40B1444B40F66C52AFF294715FA0A9
:10684000E9F782FE07E0404B40F66F52AFF2A871C5
:1068500061A0E9F779FE3948B0F920053A4B40F6D6
:106860007152AFF2BC71009062A0E9F76DFE33483F
:10687000B0F92805344B40F67252AFF2D471009053
:1068800065A0E9F761FE2D48B0F926052E4B40F6CC
:106890007352AFF2EC71009068A0E9F755FE2748FB
:1068A000B0F91E05284B40F67552AFF60401009072
:1068B0006BA0E9F749FE2148B0F92405224B40F6C8
:1068C0007652AFF61C0100906EA0E9F73DFE1B4822
:1068D000B0F922051C4B40F67752AFF63401009018
:1068E00071A0E9F731FE1548B0F8EE04012814D183
:1068F0001248B0F9F204754A01460190012003F0F4
:10690000BBFF00B20D49A1F8C80AF7F707FE002047
:106910000A49A1F8CA0AF7F70FFE0848B0F8EE04D2
:10692000022809D100200549A1F8C80AF7F7F6FDA9
:106930000248B0F9F404CBE0D6E044E198EA002044
:1069400000100240EA0000205567020825732C253C
:10695000642C25733A736574206C61736572206DC5
:106960006F64653D25640A00EE000020F000002001
:1069700025732C25642C25733A736574204C617340
:10698000657254696D65725F544D6174653D25642F
:106990000A00000025732C25642C25733A73657456
:1069A000204C6173657254696D65725F544F7665F2
:1069B0007274696D653D25640A00000025732C25FD
:1069C000642C25733A61636F757374696320656E17
:1069D00061626C65210A000025732C25642C2573E7
:1069E0003A61636F75737469632064697361626C83
:1069F00065210A0025732C25642C25733A61636F89
:106A000075737469632074696D6520737465702093
:106A10003D2025640A00000025732C25642C257375
:106A20003A61636F75737469632074696D65206D75
:106A3000696E203D2025640A0000000025732C2586
:106A4000642C25733A61636F75737469632074698C
:106A50006D65206D6178203D2025640A00000000EE
:106A600025732C25642C25733A61636F75737469E3
:106A70006320656E657267792073746570203D20B0
:106A800025640A0025732C25642C25733A61636FF5
:106A9000757374696320656E65726779206D696EC0
:106AA000203D2025640A000025732C25642C2573C5
:106AB0003A61636F757374696320656E6572677997
:106AC000206D6178203D2025640A00007822012095
:106AD000FB4A01460190022003F0CEFE00B2F949C4
:106AE000A1F8CA0AF7F728FDF648B0F8EE04052821
:106AF0000BD10020F349A1F8C80AF7F70FFD0020D9
:106B0000F049A1F8CA0AF7F717FDEE48B0F84600B9
:106B1000EB4991F9411010FB01F0643000B2019093
:106B200008F030FF40F29110E649A1F82C0542F23E
:106B30003C20F6F727FC002009F03AFB0920E14948
:106B4000A1F834050846B0F8340580B20190F6F794
:106B5000A7FE002006F0ECFD012006F0E1FD0AF0A2
:106B6000A7FD42F24220F2F7FFF990B104F02EFCAB
:106B7000D448B0F942000190D248B0F940000090EA
:106B8000019904F0D5FF0CF045F942F24220F6F7E6
:106B9000F9FB42F24120F2F7E7F990B104F00AFC68
:106BA000C848B0F942000190C648B0F940000090D2
:106BB000019904F0BDFF0CF02DF942F24120F6F7E7
:106BC000E1FBFFF7AEB8BF48B0F92C0540F29111D8
:106BD000884211D145F28510F2F7E6F930B105F09F
:106BE000DDFC0020B749A1F82C05EAE74FF4C97095
:106BF000B449A1F82C05E4E7B248B0F92C05B0F58A
:106C0000C97F76D145F28510F2F7CEF930B105F0A3
:106C1000C5FC0020AB49A1F82C05D2E714220121C4
:106C20000220F6F753FF44F28240F2F79DF988B351
:106C300042F20920F2F7B8F960B3032200210220E2
:106C4000F6F744FF012006F073FD09209D49A1F8E5
:106C500034050846B0F8340580B20190F6F720FEFE
:106C600042F21720F2F780F9A8B101220D21092084
:106C7000F6F77EFD01220E210920F6F779FD0122AB
:106C80000F210920F6F774FD012210210920F6F7E3
:106C90006FFD14E019E000220D210920F6F768FDD0
:106CA00000220E210920F6F763FD00220F210920A2
:106CB000F6F75EFD002210210920F6F759FD40F29B
:106CC00093108049A1F82C0574E042F23D20F2F7C0
:106CD0004BF978B145F6A020F6F754FB03220021CA
:106CE0000220F6F7F3FE40F293107649A1F82C0546
:106CF00060E060E042F20920F2F7AAF9E0B3132065
:106D00007049A1F81C0B0846B0F84400A1F8180B14
:106D100045F6A020F6F752FC6A48B0F91C0B6A4B06
:106D200040F6D252AFF68041009068A0E9F70CFC23
:106D30006448B0F91A0B644B40F6D352AFF6984151
:106D4000009069A0E9F700FC5F4B40F6D452AFF623
:106D5000A8416CA0E9F7F8FB5A48B0F834051228AE
:106D60000AD012205749A1F834050846B0F8340576
:106D700080B20190F6F794FD42F20920F2F734F95F
:106D800098B145F6A020F6F7FDFA4E48B0F8340564
:106D900009280AD009204B49A1F834050846B0F863
:106DA000340580B20190F6F77BFD4FF4C970454978
:106DB000A1F82C0505E74348B0F92C0540F29311E2
:106DC00088427CD145F28510F2F7EEF830B105F03B
:106DD000E5FB00203B49A1F82C05F2E642F2152024
:106DE000F2F7C2F830B145F68720F2F731F908B171
:106DF00009F0D0FE42F25220F2F72AF918B1FDF75D
:106E0000E1FF09F0D7FB42F25220F2F7ADF870B380
:106E1000502201210820F6F7D9FE44F24840F2F74B
:106E2000A3F820B345F68420F2F712F920B945F60D
:106E30008420F2F7D9F8D0B1FDF7C4FF2148B0F9AA
:106E40001A052049B1F9221588420EDB1D48B0F819
:106E500022051C49A1F81A0542F25220F6F792FACF
:106E6000502200210820F6F7B1FE09F0A3FB42F200
:106E70005320F2F779F860B142F25220F6F782FA25
:106E8000502200210820F6F7A1FE42F25320F6F727
:106E900079FA42F25420F2F7DBF818B101F0DEF98A
:106EA00009F088FB42F25420F2F75EF8B0B35022AA
:106EB00001210920F6F78AFE44F249402FE097E1CC
:106EC0007822012098EA00205567020825732C25B6
:106ED000642C25733A736574204265656D206D6F6F
:106EE00064653A25640A000025732C25642C2573FB
:106EF0003A736574204265656D20667265713A2546
:106F0000640A000025732C25642C25733A7365747C
:106F1000204265656D206F6E0A00000027E0F2F7E1
:106F200023F820B345F68420F2F792F820B945F60D
:106F30008420F2F759F8D0B101F090F9F748B0F990
:106F40001A05F649B1F9241588420EDCF348B0F869
:106F50002405F249A1F81A0542F25420F6F712FA74
:106F6000502200210920F6F731FE09F023FB42F2FE
:106F70005520F1F7F9FF60B142F25420F6F702FA1A
:106F8000502200210920F6F721FE42F25520F6F7A3
:106F9000F9F942F25620F2F75BF818B1FDF738FF25
:106FA00009F008FB42F25620F1F7DEFF70B35022E1
:106FB00001210A20F6F70AFE44F24A40F1F7D4FF15
:106FC00020B345F68420F2F743F820B945F6842033
:106FD000F2F70AF8D0B1FDF71BFFD048B0F91C0555
:106FE000CE49B1F9261588420EDBCC48B0F826050B
:106FF000CA49A1F81C0542F25620F6F7C3F95022FF
:1070000000210A20F6F7E2FD09F0D4FA42F25720F7
:10701000F1F7AAFF60B142F25620F6F7B3F9502219
:1070200000210A20F6F7D2FD42F25720F6F7AAF91E
:1070300042F25820F2F70CF818B101F035F909F0D6
:10704000B9FA42F25820F1F78FFF70B350220121B4
:107050000B20F6F7BBFD44F24B40F1F785FF20B360
:1070600045F68420F1F7F4FF20B945F68420F1F7C6
:10707000BBFFD0B101F018F9A848B0F91C05A74929
:10708000B1F9281588420EDCA448B0F82805A349B8
:10709000A1F81C0542F25820F6F774F9502200219D
:1070A0000B20F6F793FD09F085FA42F25920F1F72B
:1070B0005BFF60B142F25820F6F764F950220021DC
:1070C0000B20F6F783FD42F25920F6F75BF942F206
:1070D0003D20F1F749FF20B942F20B20F1F744FFC0
:1070E000A8B3ECF7F1F800208C49A1F8C80AA1F880
:1070F000CA0AF7F713FAF7F71FFA002008F042FC64
:10710000032200210220F6F7E1FC07208349A1F8C1
:1071100034050846B0F8340580B20190F6F7C0FB9C
:107120000BF078FE002009F043F842F23D20F1F721
:107130001BFF18B142F23D20F6F724F900200CF0B5
:10714000AFF84FF4C8707549A1F82C0539E5FFE791
:107150000A20F1F709FF20B342F20920F1F778FF86
:10716000F0B36E48B0F94400019007F081FD40F2A1
:107170004C406A49A1F81A0B0846B0F91A0B019065
:1071800007F04CFD002006F0D3FA4FF4CA706349B3
:10719000A1F82C05F6F734FA45F6A020F6F70EFA1A
:1071A00025E042F20920F1F7DFFEC8B15B48B0F9F3
:1071B0004400019007F05CFD40F24C405749A1F8B3
:1071C0001A0B0846B0F91A0B019007F027FD0020B2
:1071D00006F0AEFA4FF4CA705049A1F82C0500E051
:1071E00005E0F6F70DFA45F6A020F6F7E7F9E8E432
:1071F0004A48B0F92C05B0F5CA7F6FD145F2851029
:10720000F1F7D2FE30B105F0C9F900204349A1F8E9
:107210002C05D6E445F68220F1F71AFF18B14FF499
:107220002A70EBF7FDFD45F68220F1F711FF30B132
:107230003B48007818B14FF42970EBF7F1FD45F6A3
:107240008420F1F705FF08B10AF038FB42F215205F
:10725000F1F78AFE30B145F68720F1F7F9FE08B163
:1072600009F098FC42F23D20F1F77EFE20B942F28F
:107270000B20F1F779FE80B3ECF726F800202749C0
:10728000A1F8C80AA1F8CA0AF7F748F9F7F754F9BC
:10729000002008F077FB07202049A1F834050846B4
:1072A000B0F8340580B20190F6F7FAFA0BF0B2FDAF
:1072B000002008F07DFF42F23D20F1F755FE18B1A5
:1072C00042F23D20F6F75EF800200BF0E9FF4FF4A4
:1072D000C8701249A1F82C0573E400E043E00A20CD
:1072E000F1F742FE20B342F20920F1F7B1FEC8B334
:1072F000EBF7EAFF45F6A020F6F744F840F29310CA
:107300000649A1F82C05012006F012FA054B40F6BB
:10731000A16205490548E9F717F923E098EA00203A
:10732000FC00002055670208A86001089070020860
:1073300042F20920F1F738FEA0B1EBF7C5FF45F6A0
:10734000A020F6F71FF840F29310FE49A1F82C0593
:10735000012006F0EDF9FC4B40F6AA62FB49FC481F
:10736000E9F7F2F82DE4F748B0F92C0540F2951151
:10737000884229D145F28510F1F716FE30B105F0AB
:107380000DF90020EF49A1F82C051AE442F209207A
:10739000F1F70AFE90B145F6A020F5F7F3FF0020C3
:1073A00008F006FF012008F0F1FE00200BF078FF46
:1073B0004FF4C870E349A1F82C0504E040F29510A1
:1073C000E049A1F82C0510E4DE48B0F92C05B0F531
:1073D000FA7F7CD145F28510F1F7E6FD30B105F07A
:1073E000DDF80020D749A1F82C0504E442F268201A
:1073F000F1F7BAFD50B3D348B0F94400642821DA5C
:10740000D048B0F84400401C00B2CE49A1F8440076
:107410000846B0F84400A1F8180B00200090084678
:10742000B0F94400012302460A2101900846F6F70C
:1074300055FAC448B0F9440002460C2101900A20D4
:10744000F6F7FAF942F26820F5F79CFF42F269205C
:10745000F1F78AFD50B3BB48B0F94400002821DDA4
:10746000B848B0F84400401E00B2B649A1F8440044
:107470000846B0F84400A1F8180B00200090084618
:10748000B0F94400012302460A2101900846F6F7AC
:1074900025FAAC48B0F9440002460C2101900A20BC
:1074A000F6F7CAF942F26920F5F76CFF42F26A205A
:1074B000F1F75AFD80B3A348B0F94800642827DAF1
:1074C000A048B0F84800401C00B29E4900E08CE0A3
:1074D000A1F84800002000900846B0F948000123B8
:1074E00002460B2101900A20F6F7F8F99548B0F909
:1074F000480002460D2101900A20F6F79DF99148B7
:10750000B0F94800009003F02FFE0190F6F7EFF875
:1075100042F26A20F5F736FF42F26B20F1F724FDC4
:1075200070B38848B0F94800012825DD8548B0F8D7
:107530004800401E00B28349A1F848000020009096
:107540000846B0F94800012302460B2101900A20A9
:10755000F6F7C4F97B48B0F9480002460D210190C6
:107560000A20F6F769F97748B0F94800009003F06F
:10757000FBFD0190F6F7BBF842F26B20F5F702FF36
:1075800042F26520F1F7F0FCA0B109F019FF4FF4C9
:1075900016706C49A1F82C050E20A1F83405084698
:1075A000B0F8340580B20190F6F77AF942F265201E
:1075B000F5F7E8FE42F26720F1F7D6FCA0B14FF4F0
:1075C00048706049A1F82C050F20A1F83405084641
:1075D000B0F8340580B20190F6F762F909F088FC42
:1075E00042F26720F5F7CEFEB0E55648B0F92C051B
:1075F000B0F5167F24D145F28510F1F7D5FC30B1F6
:1076000004F0CCFF00204F49A1F82C059EE542F282
:107610006E20F1F7A9FC90B14FF4FA704949A1F836
:107620002C050A20A1F834050846B0F8340580B2CC
:107630000190F6F735F942F26E20F5F7A3FE85E5E5
:107640004048B0F92C05B0F52F7F79D145F285106F
:10765000F1F7AAFC30B104F0A1FF00203949A1F8EC
:107660002C0573E545F6A020F5F78CFE42F27B2051
:10767000F1F77AFC78B33348B0F93005019008F09F
:107680008AFF3048B0F8300540B12E48B0F93005D7
:10769000102803DA00202B49A1F830052948B0F85A
:1076A0003005102808D02748B0F93005102803DB32
:1076B00010202449A1F830052248B0F93005019086
:1076C0002048B0F93205009001990BF059FA42F2C6
:1076D0007B20F5F757FE42F27C20F1F745FC80B3A2
:1076E0001848B0F93005019008F055FF1548B0F87A
:1076F0003005012808D01348B0F93005102803DA06
:1077000001201049A1F830050E48B0F830051128C5
:1077100008D00C48B0F93005102803DB11200949C6
:10772000A1F830050748B0F9300501900548B0F9D7
:107730003205009001990BF023FA42F27C2009E017
:1077400027E309E098EA002055670208A8600108CD
:10775000D4700208F5F716FE42F27D20F1F704FC22
:1077600080B3FE48B0F93005019008F014FFFB48E3
:10777000B0F83005022808D0F848B0F930051028D4
:1077800003DA0220F549A1F83005F448B0F83005D5
:10779000122808D0F148B0F93005102803DB122078
:1077A000EE49A1F83005ED48B0F930050190EB48FD
:1077B000B0F93205009001990BF0E2F942F27D2018
:1077C000F5F7E0FD42F27E20F1F7CEFB80B3E3480F
:1077D000B0F93005019008F0DEFEE048B0F8300561
:1077E000032808D0DD48B0F93005102803DA03205B
:1077F000DA49A1F83005D948B0F83005132808D087
:10780000D648B0F93005102803DB1320D349A1F87E
:107810003005D248B0F930050190D048B0F93205B2
:10782000009001990BF0ACF942F27E20F5F7AAFD29
:1078300042F27F20F1F798FB80B3C848B0F93005D9
:10784000019008F0A8FEC548B0F83005042808D01B
:10785000C248B0F93005102803DA0420BF49A1F866
:107860003005BE48B0F83005142808D0BB48B0F940
:107870003005102803DB1420B849A1F83005B748BB
:10788000B0F930050190B548B0F932050090019982
:107890000BF076F942F27F20F5F774FD4FF40A50B1
:1078A000F1F762FB80B3AD48B0F93005019008F004
:1078B00072FEAA48B0F83005052808D0A748B0F9EC
:1078C0003005102803DA0520A449A1F83005A348A3
:1078D000B0F83005152808D0A048B0F930051028B8
:1078E00003DB15209D49A1F830059C48B0F930050F
:1078F00001909A48B0F93205009001990BF040F9D7
:107900004FF40A50F5F73EFD42F28120F1F72CFBCF
:1079100080B39248B0F93005019008F03CFE8F48E2
:10792000B0F83005062808D08C48B0F9300510288A
:1079300003DA06208949A1F830058848B0F83005F7
:10794000162808D08548B0F93005102803DB16202A
:107950008249A1F830058148B0F9300501907F488F
:10796000B0F93205009001990BF00AF942F281203A
:10797000F5F708FD42F28220F1F7F6FA80B3774876
:10798000B0F93005019008F006FE7448B0F83005F3
:10799000072808D07148B0F93005102803DA07200D
:1079A0006E49A1F830056D48B0F83005172808D0A9
:1079B0006A48B0F93005102803DB17206749A1F8A1
:1079C00030056648B0F9300501906448B0F93205D9
:1079D000009001990BF0D4F842F28220F5F7D2FC26
:1079E00042F28320F1F7C0FA80B35C48B0F9300569
:1079F000019008F0D0FD5948B0F83005082808D0AB
:107A00005648B0F93005102803DA08205349A1F888
:107A100030055248B0F83005182808D04F48B0F962
:107A20003005102803DB18204C49A1F830054B48DD
:107A3000B0F9300501904948B0F93205009001993C
:107A40000BF09EF842F28320F5F79CFC42F2842072
:107A5000F1F78AFA80B34148B0F93005019008F097
:107A60009AFD3E48B0F83005092808D03B48B0F9E7
:107A70003005102803DA09203849A1F830053748C5
:107A8000B0F83005192808D03448B0F9300510286E
:107A900003DB19203149A1F830053048B0F9300531
:107AA00001902E48B0F93205009001990BF068F86A
:107AB00042F28420F5F766FC42F28520F1F754FA91
:107AC00080B32648B0F93005019008F064FD2348E2
:107AD000B0F830050A2808D02048B0F93005102841
:107AE00003DA0A201D49A1F830051C48B0F830051A
:107AF0001A2808D01948B0F93005102803DB1A20DD
:107B00001649A1F830051548B0F930050190134821
:107B1000B0F93205009001990BF032F842F285205D
:107B2000F5F730FC42F28620F1F71EFAA0B30B48BD
:107B3000B0F93005019008F02EFD0848B0F8300586
:107B40000B2808D00548B0F93005102803DA0B20BF
:107B50000249A1F83005014802E0000098EA00203F
:107B6000B0F830051B2808D0FE48B0F930051028C1
:107B700003DB1B20FB49A1F83005FA48B0F93005BA
:107B80000190F848B0F93205009001990AF0F8FF29
:107B900042F28620F5F7F6FB42F28720F1F7E4F98E
:107BA00080B3F048B0F93005019008F0F4FCED48DE
:107BB000B0F830050C2808D0EA48B0F93005102894
:107BC00003DA0C20E749A1F83005E648B0F83005A3
:107BD0001C2808D0E348B0F93005102803DB1C202E
:107BE000E049A1F83005DF48B0F930050190DD48E3
:107BF000B0F93205009001990AF0C2FF42F28720E5
:107C0000F5F7C0FB42F28820F1F7AEF980B3D54812
:107C1000B0F93005019008F0BEFCD248B0F830054C
:107C20000D2808D0CF48B0F93005102803DA0D2010
:107C3000CC49A1F83005CB48B0F830051D2808D054
:107C4000C848B0F93005102803DB1D20C549A1F84C
:107C50003005C448B0F930050190C248B0F932058A
:107C6000009001990AF08CFF42F28820F5F78AFB18
:107C700042F28920F1F778F980B3BA48B0F93005BB
:107C8000019008F088FCB748B0F830050E2808D0FD
:107C9000B448B0F93005102803DA0E20B149A1F834
:107CA0003005B048B0F830051E2808D0AD48B0F90E
:107CB0003005102803DB1E20AA49A1F83005A94889
:107CC000B0F930050190A748B0F93205009001994C
:107CD0000AF056FF42F28920F5F754FB42F28A205F
:107CE000F1F742F980B39F48B0F93005019008F0F0
:107CF00052FC9C48B0F830050F2808D09948B0F9DC
:107D00003005102803DA0F209649A1F83005954870
:107D1000B0F830051F2808D09248B0F93005102877
:107D200003DB1F208F49A1F830058E48B0F93005DC
:107D300001908C48B0F93205009001990AF020FFBB
:107D400042F28A20F5F71EFB42F27820F1F70CF997
:107D5000F0B14FF461708349A1F82C051020A1F80F
:107D600034050846B0F930057F4901EBC0100246E2
:107D7000012101901020F5F7F7FD7A48B0F834059D
:107D800080B20190F5F78CFD42F27820F5F7FAFA0F
:107D90002AE47448B0F92C05B0F5617F3DD145F275
:107DA0008510F1F701F930B104F0F8FB00206D49BE
:107DB000A1F82C0518E442F2AC20F1F7D5F898B1FF
:107DC0004FF42F706749A1F82C050D20A1F8340558
:107DD0000846B0F8340580B20190F5F761FD42F233
:107DE000AC20F5F7CFFA17E042F2AB20F1F7BCF880
:107DF00090B14FF42F705B49A1F82C050D20A1F82C
:107E000034050846B0F8340580B20190F5F748FD16
:107E100042F2AB20F5F7B6FA11E45248B0F92C055E
:107E2000B0F5487F7ED145F28510F1F7BDF830B14D
:107E300004F0B4FB00204B49A1F82C0511E442F2F8
:107E4000A020F1F791F898B14FF4FA704549A1F8E4
:107E50002C050A20A1F834050846B0F8340580B294
:107E60000190F5F71DFD42F2A020F5F78BFA34E101
:107E700042F21320F1F778F8C8B1002263210F20F5
:107E8000F5F776FC00200190019880F3108800BF80
:107E900006F02AFB05F0DCFF05F0ACFF05F0E6FC80
:107EA0004FF47A6007F028FEF5F752FA15E142F236
:107EB0001420F1F759F8C8B1002263210F20F5F71B
:107EC00057FC00200190019880F3108800BF06F055
:107ED00003FC06F03DF807F08FF905F0C7FC4FF4FE
:107EE0007A6007F009FEF5F733FAF6E042F218205F
:107EF000F1F73AF8A8B3002002900190019880F3BE
:107F0000108800BF02A941F6745000F0ABFF02A92F
:107F100041F6755000F0A6FF02A941F6765000F038
:107F2000A1FF00E0DAE002A941F6775000F09AFFE5
:107F300002A941F6705000F095FF02A941F6715078
:107F400000F090FF02A941F6725000F08BFF02A9E9
:107F500041F6735000F086FF05F088FC4FF47A601C
:107F600004E008E098EA00207812012007F0C4FD40
:107F7000F5F7EEF9B1E042F21920F0F7F5FFE0B3C2
:107F8000012293210F20F5F71CFC002263210F2012
:107F9000F5F7EEFB002240F237110F20F5F7E8FB72
:107FA00008F01CFCC0B101224FF49C710F20F5F7C2
:107FB00008FC012240F239110F20F5F702FC0122E2
:107FC0004FF49C710F20F5F7D3FB012240F23911D9
:107FD0000F20F5F7CDFB2AE000224FF49C710F2013
:107FE000F5F7EFFB002240F239110F20F5F7E9FB1E
:107FF00000224FF49C710F2000E01DE0F5F7B8FB64
:10800000002240F239110F20F5F7B2FB0122632163
:108010000F20F5F7ADFB002240F237110F20F5F7E6
:108020007EFB012240F237110F20F5F7A1FB42F24F
:108030001920F5F7A7F950E042F21A20F0F794FF63
:1080400070B100224FF49C710F20F5F791FB0022D4
:1080500040F239110F20F5F78BFBFDF79DF93CE05D
:1080600042F21B20F0F780FF78B300224FF49C719E
:108070000F20F5F77DFB002240F239110F20F5F7B4
:1080800077FB01F037F8002240F237110F20F5F7A7
:1080900046FB012240F237110F20F5F769FB002261
:1080A0004FF49C710F20F5F78CFB002240F2391140
:1080B0000F20F5F786FB012263210F20F5F758FB0F
:1080C00042F21B20F5F75EF907E0FFE745F6852051
:1080D000F0F7BEFF08B108F0B1FD59E600BF57E662
:1080E0001CB503F083FC534890F93F00002804DDE1
:1080F000504890F93F00642801DD00BF00E000BF58
:108100004C4890F93E00002804DD4A4890F93E00B2
:10811000642801DD00BF00E000BF464890F9400040
:10812000002804DD434890F94000642801DD00BFC9
:1081300000E000BF4FF4FA72F021B0EE001ADFED5C
:108140003E0AB1EE040A3D48F4F7C3FD64200A215B
:108150009FED3B0A03230A46CDE9001039493A480E
:10816000EBF798FBFF2039490870002007F00AFC64
:1081700003F048F9002007F08FF8354AB2F94210B1
:10818000B2F9400003F0D4FC00203149A1F82C05DD
:10819000A1F8700B6420A1F8720B40F2B952511E85
:1081A0002220F0F789FF00202949A1F8700B0A204E
:1081B000A1F8720B40F2B952511E2320F0F77CFF58
:1081C00001202349A1F8700B6420A1F8720B40F242
:1081D000B952511E2420F0F76FFF00201C49A1F86E
:1081E0001605A1F8180542F20320F5F7E7F942F267
:1081F0000420F5F7C7F842F20520F5F7C3F842F27C
:108200000620F5F7BFF842F20720F5F7BBF842F277
:108210000B20F5F7B7F845F6A020F5F7B3F80421E1
:108220000C48EFF737F8012210210B48ECF726FD38
:108230001CBD0000782201209A99193F6025012079
:108240009A99993EDCC0012080250120040100207C
:1082500098EA0020200300200010024010B51148C9
:10826000B0F81C050F49B1F82015401A00B20D49AD
:10827000A1F81C0540F29322511C881FF0F71CFF47
:108280000848B0F81A050749B1F81E15401A00B29F
:108290000449A1F81A0540F29122511C481FF0F739
:1082A0000BFF10BD98EA002010B51148B0F81C056E
:1082B0000F49B1F82015401A00B20D49A1F81C056C
:1082C00040F29322511C881FF0F7F6FE0848B0F8E0
:1082D0001A050749B1F81E15401A00B20449A1F861
:1082E0001A0540F29122511C481FF0F7E5FE10BD1F
:1082F00098EA002010B50246531E1A46FF2B17D2EB
:108300000C4B03EB02139989B1F5807F00D100215A
:10831000002901DD4B1E99B2064B03EB0213998134
:1083200021B90023034C04EB02142360002000E079
:10833000022010BDF40E00202DE9F04104460E4647
:10834000D4F800800021204600F027FB05465DBBE5
:10835000002700BF4046A16B03F054FE054605B15F
:1083600021E098F80000042805D1E06B0078012195
:1083700021EAD01009E0E06B0078E52802D0E06B3C
:10838000007808B9012000E0002020B1781C0746E1
:10839000B04201D107E000270121204600F0DEF8BD
:1083A0000546002DD6D000BF042D00D10725284654
:1083B000BDE8F0812DE9F04F85B004462568002125
:1083C000204600F0EAFA07461FB1384605B0BDE87E
:1083D000F08F287804284CD1E8680CF03CFE01901E
:1083E0003EE0296901F1240003F000FA0199884276
:1083F00000D035E0286990F8230003904FF0400A40
:10840000002002901FE00AF01F0008B90AF1020ADA
:10841000296901EB0A0003F0E9F9009001F00CFF73
:108420008346EA68029932F8110001F005FF83459E
:1084300000D00BE00398401EC0B203900AF1020A7C
:108440000298401C029003980028DCD100BF0398DA
:1084500028B9E968029831F8100000B906E000BFB9
:108460000021204600F00AF9071EBAD000BF3846A6
:10847000ACE74FF0FF09CDF810904FF0FF30E0640B
:1084800000BF2846A16B03F0BDFD074607B162E0BF
:10849000E06B06780EB904275DE0E06BC07A00F06F
:1084A0003F0884F80680E52E05D008F0080040B1AA
:1084B000B8F10F0F05D04FF0FF094FF0FF30E06427
:1084C00042E0B8F10F0F22D14B20005D00F04000D8
:1084D000A0BB06F0400038B1E06B407B049006F092
:1084E000BF06B146206BE0644E450CD1E06B417B8A
:1084F0000498814207D1E16BE868FCF701FF10B1F5
:10850000A9F1010000E0FF2000F0FF091CE0B9F133
:10851000000F06D1E06B07F08CFE0499884200D171
:1085200019E04B20005D00F0010040B90B2204F17E
:108530004001E06B03F03EFD08B90CE004E04FF0B1
:10854000FF094FF0FF30E0640021204600F006F8FC
:108550000746002F95D000BF384637E72DE9F04792
:10856000044689462568206B00F12007A06B40B1C6
:108570002878042801D1800601E04FF40010B842A9
:1085800002D80420BDE8F087C7F3080000286CD1AA
:10859000A06B401CA063606B38B92889B0EB571FF3
:1085A00063D80020A0630420ECE76889401E00EA3D
:1085B0005720002859D12046616B02F011FE064673
:1085C000012E01D80220DDE7701C08B90120D9E78F
:1085D000286AB04243D8B9F1000F03D10020A0634C
:1085E0000420CFE72046616BFDF7C6F806460EB9BA
:1085F0000720C7E7012E01D10220C3E7701C08B98C
:108600000120BFE7E07940F00400E071284607F060
:1086100069FE08B10120B5E74FF40072002105F1B1
:108620003C0003F0E6FC4FF0000831462846FCF71A
:108630005AFEA8630CE00120E870284607F052FEBD
:1086400008B101209EE708F10108A86B401CA8634F
:1086500068894045EFD8A86BA0EB0800A863666363
:1086600031462846FCF73FFEA0632763C7F30801A5
:1086700005F13C000844E063002083E72DE9F05F4A
:1086800004468846042627684FF0FF0AD3466CE06C
:108690003846A16B03F0B6FC064606B168E0E06B15
:1086A00005780DB9042663E03878042814D1B8F1B0
:1086B000000F02D0832D51D15AE0852D4ED1206B71
:1086C000E064204603F0B0FB064626B9386900791D
:1086D00000F03F00A0714BE0E06BC07A00F03F0972
:1086E00084F80690E52D0AD02E2D08D029F0200020
:1086F000082801D1012000E00020404502D04FF0C1
:10870000FF0A2BE0B9F10F0F1CD105F0400038B182
:10871000E06B90F80DB005F0BF05AA46206BE06451
:1087200055450BD1E06B407B584507D1E16BF868AC
:1087300003F0F0FE10B1AAF1010000E0FF2000F00C
:10874000FF0A0BE0BAF1000F04D1E06B07F071FDF6
:10875000584502D04FF0FF30E06409E00021204688
:10876000FFF7FCFE064606B102E0A06B00288FD1A1
:1087700000BF0EB10020A0633046BDE8F09F2DE998
:10878000F04F9BB0044626684B20005D00F0A0002F
:1087900018B106201BB0BDE8F08F4FF0000B01E0D0
:1087A0000BF1010BF06830F81B000028F8D130788D
:1087B000042862D10BF10E000F21B0FBF1F000F1A3
:1087C000020949462046FFF7B7FD05460DB1284688
:1087D000E0E7A9F101002022216B02FB1010E06408
:1087E000A068002843D0E07900F0040000283ED0C3
:1087F00070894002D4E90431181841F10001C4E93C
:108800000401204601F06AFD05460DB12846C1E786
:108810004FF0FF322046616B01F07BFD05460DB144
:108820002846B7E72146684603F0E0FA05460DB151
:108830002846AFE7D4E90473316901F138003A46BC
:1088400007F062FCD4E90473316901F128003A466B
:1088500007F05AFCE07940F00100316981F821000D
:10886000684607F0ADFC05460DB1284692E7D6E90B
:108870000310FDF75DF900208CE70C2204F14001A4
:1088800017A803F0A9FB9DF8670000F0010028B3CA
:1088900040214B2001554FF0010A0EE0534617A925
:1088A00004F14000F26802F005FC2046FFF782FD6B
:1088B000054605B104E00AF1010ABAF1640FEDD3EF
:1088C00000BFBAF1640F01D1072063E7042D01D086
:1088D00028465FE79DF867104B2001559DF867001B
:1088E00000F0020030B10BF10C000D21B0FBF1F0F3
:1088F000401C00E00120814649462046FFF71CFD50
:10890000054675BBA9F10100B0F1000929D0206B23
:10891000A0EB4911204600F040F805460DBB04F1DC
:10892000400007F086FC169000BF3046A16B03F0B4
:1089300069FB054605B113E009F0FF02E16BF06841
:10894000169B04F039FD0120F07000212046FFF74E
:1089500005FE054625B9A9F10100B0F10009E4D1F1
:1089600000BFC5B93046A16B03F04CFB054695B975
:1089700020220021E06B03F03CFB0B2204F14001BC
:10898000E06B03F029FB4B20005D00F01800E16B69
:1089900008730120F0702846FCE62DE9F0410446FA
:1089A0000D4626683078042801D1800601E04FF496
:1089B0000010A84202D905F01F0010B10220BDE846
:1089C000F0812563A7682FB93078032802DB376B65
:1089D0000020E07147B93089B0EB551F01D8022063
:1089E000EDE7306BA0631CE070894FEA402811E08E
:1089F0003946204602F0F4FB0746781C08B90120EE
:108A0000DDE7022F02D3306AB84201D80220D6E750
:108A1000A5EB08054545EBD239463046FCF763FC2B
:108A2000A0636763A06B08B90220C8E7A06B00EBE6
:108A30005520A063C5F3080106F13C000844E0633B
:108A40000020BCE770B5044600250948005D60B908
:108A5000074A0832105D121F52F824201168884717
:108A6000054615B9012002490855284670BD000089
:108A7000E41E00202DE9F04104460D461646064945
:108A8000085D091F51F8241032460B6929469847A2
:108A900007463846BDE8F081EC1E00202DE9F04184
:108AA00004460D4616461F460749085D091F51F842
:108AB00024103B463246D1F808C02946E04780469C
:108AC0004046BDE8F0810000EC1E002070B5044671
:108AD000044A105D121F52F8242051688847054649
:108AE000284670BDEC1E00202DE9F04104460D46DD
:108AF00016461F460749085D091F51F824103B46DA
:108B00003246D1F80CC02946E04780464046BDE8D1
:108B1000F0810000EC1E0020002100E0491CFF292C
:108B200005D2064800EB011000680028F6D1FF29A5
:108B300001D0012070470020FCE70000F40E002067
:108B40002DE9FC4105460F46164600242FB126B1FB
:108B5000A819401EB0F5004F02DD0120BDE8FC81E0
:108B600000224FF400412A48ECF788F803200190D6
:108B70006423012201A92748EDF777FC044644B19C
:108B800025484FF4C97325A2214600902AA0E7F793
:108B9000DBFC280A01906423012201A91D48EDF79E
:108BA00064FC044644B11C4840F299131BA22146C0
:108BB000009021A0E7F7C8FCE8B2019064230122ED
:108BC00001A91448EDF751FC044644B112484FF492
:108BD000D07312A22146009017A0E7F7B5FC6423DA
:108BE000324639460B48EDF77FFB044644B10A484C
:108BF0004FF4D47309A2214600900FA0E7F7A4FC1C
:108C000000BF0122D1030248ECF738F82046A5E75F
:108C100000000240F0010020016702082E2E5C2EA9
:108C20002E5C73506C63506F72745C73506C634550
:108C300070726F6D2E63000025642C25732C2564E3
:108C40002C25733A0A0000007CB505460E46002428
:108C5000681CB0F5004F02DB012420467CBD0EB934
:108C60000120FBE700224FF400412B48ECF706F807
:108C700000BF032001906423012201A92748EDF7DA
:108C8000F4FB044644B126484FF49D7325A22146C7
:108C900000902BA0E7F758FC280A019064230122DA
:108CA00001A91E48EDF7E1FB044644B11C4840F21F
:108CB00041131CA22146009021A0E7F745FCE8B231
:108CC00001906423012201A91448EDF7CEFB04466C
:108CD00044B113484FF4A47312A22146009018A087
:108CE000E7F732FC6423042231460C48EDF7FCFA26
:108CF000044644B10A484FF4A7730AA221460090E3
:108D00000FA0E7F721FC00BF0122D1030248EBF7D7
:108D1000B5FF2046A2E7000000000240F00100205D
:108D2000E26602082E2E5C2E2E5C73506C63506F30
:108D300072745C73506C634570726F6D2E630000CB
:108D400025642C25732C25642C25733A0A00000019
:108D50002DE9FC4105460F46164600242FB126B1E9
:108D6000A819401EB0F5004F02DD0120BDE8FC81CE
:108D7000012000F07BF9044600224FF400412B480B
:108D8000EBF77CFF00BF022001906423012201A9C0
:108D90002748EDF76AFB044644B1264840F2C51364
:108DA00025A2214600902BA0E7F7CEFB280A0190D0
:108DB0006423012201A91E48EDF757FB044644B184
:108DC0001C484FF4E6731CA22146009021A0E7F74F
:108DD000BBFBE8B201906423012201A91448EDF71E
:108DE00044FB044644B1134840F2D31312A2214677
:108DF000009018A0E7F7A8FB6423324639460C48D8
:108E0000EDF733FB044644B10A4840F2D9130AA2F5
:108E1000214600900FA0E7F797FB00BF0122D10386
:108E20000248EBF72BFF2046A0E7000000000240BD
:108E3000F00100200B6702082E2E5C2E2E5C735072
:108E40006C63506F72745C73506C634570726F6DBD
:108E50002E63000025642C25732C25642C25733A81
:108E60000A0000007CB505460E460024B5F5004F0B
:108E700002DB012420467CBD012000F0F7F808B198
:108E80000120F8E700224FF400412848EBF7F6FEF6
:108E9000022001906423012201A92548EDF7E5FA9B
:108EA00004463CB12348AA2323A22146009029A0CE
:108EB000E7F74AFB280A01906423012201A91C4814
:108EC000EDF7D3FA04463CB11A48B1231AA2214661
:108ED000009020A0E7F738FBE8B20190642301225C
:108EE00001A91348EDF7C1FA04463CB11148B82373
:108EF00011A22146009017A0E7F726FB6423012268
:108F000031460B48EDF7B1FA04463CB10948C1239C
:108F100009A2214600900FA0E7F716FB0122D1031A
:108F20000248EBF7ABFE2046A5E700000000024038
:108F3000F0010020B46602082E2E5C2E2E5C7350C9
:108F40006C63506F72745C73506C634570726F6DBC
:108F50002E63000025642C25732C25642C25733A80
:108F60000A0000007CB505460E460024681CB0F5DA
:108F7000004F02DB012420467CBD012000F076F882
:108F8000044600224FF400412A48EBF777FE00BF69
:108F9000022001906423012201A92748EDF765FA18
:108FA000044644B125484FF4B37325A221460090EE
:108FB0002AA0E7F7C9FA280A01906423012201A92F
:108FC0001D48EDF752FA044644B11C4840F26D13B7
:108FD0001BA22146009021A0E7F7B6FAE8B2019063
:108FE0006423012201A91448EDF73FFA044644B175
:108FF00012484FF4BA7312A22146009017A0E7F767
:10900000A3FA6423042231460B48EDF72EFA0446F6
:1090100044B10A484FF4BD7309A2214600900FA045
:10902000E7F792FA00BF0122D1030248EBF726FED0
:109030002046A1E700000240F0010020F16602088E
:109040002E2E5C2E2E5C73506C63506F72745C73AA
:10905000506C634570726F6D2E63000025642C2583
:10906000732C25642C25733A0A0000007CB5054654
:1090700000224FF400411148EBF700FE00BF15B18C
:109080000620019001E0042001906423012201A93F
:109090000B48EDF7EAF904463CB10A4852230AA20C
:1090A000214600900FA0E7F74FFA00BF0122D1033D
:1090B0000248EBF7E3FD20467CBD000000000240C3
:1090C000F0010020956602082E2E5C2E2E5C735057
:1090D0006C63506F72745C73506C634570726F6D2B
:1090E0002E63000025642C25732C25642C25733AEF
:1090F0000A00000010B5184800F034F8012217A14A
:10910000002000F0C5FA4FF496700AF00BFB14A291
:1091100093210F20F4F728FC00224FF49C710F20BC
:10912000F4F74FFB002240F239110F20F4F749FB0E
:1091300000224FF49C710F20F4F71AFB002240F23A
:1091400039110F20F4F714FB012240F237110F20E0
:10915000F4F70EFB10BD0000D8270120303A0000C4
:109160000000000038B50546284600F0FDFD044625
:1091700084B9694628460AF065FC044654B9E86A91
:10918000FFF7B8F804460CB90020286000210098C9
:1091900007F0ACF9204638BD2DE9F04F8FB080467E
:1091A00014461D460DA940460AF04CFC0E900E9840
:1091B00010B998F831000E900E9850B90D980078BB
:1091C000042806D1421F4046D8F8401001F0A1F80B
:1091D0000E900E9838B1DDE90D0107F087F90E9871
:1091E0000FB0BDE8F08FD8F8500000287DD04FF0C8
:1091F000FF3184EA0100694008435FD1D8F850107C
:109200000391039802C80591039002200490D8F8B6
:1092100008B0BBF1000F42D000BFCDF81CB0002059
:1092200008900498801C049000BFCDF824B00898E2
:10923000401C08905946404601F0D2FF8346BBF1DE
:10924000010F08D8022088F8310002210D9807F09C
:109250004DF90220C4E70BF1010040B9012088F864
:10926000310001210D9807F041F90120B8E7099874
:10927000401C8345D9D0DDE9040188420BD803990D
:10928000089808600398001D0390039907980860E8
:109290000398001D03900D98006A5845BDD80498A6
:1092A000D8F850100860DDE90401884203D8002195
:1092B00003980160E5E111200E90E2E1D8E9041085
:1092C000091BA84101D2D8E90445C8E90E4500218F
:1092D00084EA010069400843ECD0661E65F1000392
:1092E00032464046FBF7CEFF00E068E0C8F8400099
:1092F000D8F840100D98FBF7F6FF0690069840B995
:10930000022088F8310002210D9807F0EFF80220C2
:1093100066E7661E65F100014FF4007200233046D7
:10932000E7F79BF80D994989491E084006990844BA
:1093300006904FF400720023D8E90E613046E7F73B
:109340008CF800214A404B401A43B3D0D8F844105F
:1093500006988142AED098F8300000F08000C0B18D
:10936000D8F844200D994878012308F15401FFF7FB
:10937000BBFB40B1012088F8310001210D9807F0B6
:10938000B5F801202CE798F8300000F07F0088F84D
:1093900030000D994878012308F15401069AFFF72F
:1093A0007DFB40B1012088F8310001210D9807F0C4
:1093B0009DF8012014E70698C8F8440061E10D9873
:1093C0000078042806D0211E75F1010002D34FF069
:1093D000FF340025D8E90410091BA84106D298F8EB
:1093E000300000F0020008B9D8E90445D8E90E01C0
:1093F000CDE90A0100200C90C8F83800C8F83C00FC
:10940000002184EA0100694008437DD00D9840891D
:109410004FEA40290023DDE90A015840594008433A
:109420002BD0661E65F100014A463046E7F715F875
:1094300006460F46DDE90A10491E60F10002CDE93B
:1094400000124A46002308460199E7F706F8301A49
:109450008F4112D3DDE90A104A1E60F10001A9F123
:10946000010022EA0000C8E90E01D8E90E12641AD0
:1094700065EB0205D8F840A025E0D8F808A0BAF1BD
:10948000000F1ED100214046FCF776F98246BAF162
:10949000010F08D1022088F8310002210D9807F051
:1094A00025F802209CE60AF1010040B9012088F865
:1094B000310001210D9807F019F8012090E6C8F855
:1094C00008A0C8F840A0BAF1000F1DD051E0B4EBDD
:1094D000090465F10005D8E90E2012EB090240F1FC
:1094E0000000C8E90E2098F8300000F00200E8B152
:1094F000D8E90430D8E90E12591A90410BD2D8E9B4
:109500000E01C8E9040100E065E098F8300040F081
:10951000400088F8300051464046FCF72DF982465D
:10952000BAF1000F07D10024254627E051464046F6
:1095300001F056FE82460AF1010040B9012088F888
:10954000310001210D9806F0D1FF012048E6BAF163
:10955000010F03D90D98006A504508D8022088F8F9
:10956000310002210D9806F0C1FF022038E6C8F84C
:1095700040A00020B9EB0401A841A8D300BFD8E95E
:109580000E1009196841C8E90E104FF4007200234B
:1095900020462946E6F761FF00214A404B401A4326
:1095A00019D051460D98FBF79EFE0C900C9840B9CF
:1095B000022088F8310002210D9806F097FF022062
:1095C0000EE64FF40072002320462946E6F745FFD9
:1095D0000C9908440C90D8E90430D8E90E219A1A65
:1095E000884109D2D8E90E01C8E9040198F8300091
:1095F00040F0400088F830004FF400720023D8E9B2
:109600000E613046E6F729FF00214A404B401A43DD
:1096100037D0D8F844100C98814232D098F83000F6
:1096200000F08000C0B1D8F844200D99487801239B
:1096300008F15401FFF758FA40B1012088F83100D1
:1096400001210D9806F052FF0120C9E598F830007D
:1096500000F07F0088F830000D994878012308F168
:1096600054010C9AFFF71AFA40B1012088F8310032
:1096700001210D9806F03AFF0120B1E50C98C8F8D9
:109680004400DDE90D0106F031FF0E98A8E5000069
:10969000F7B582B016460398019001A801F065FE67
:1096A0000546002D02DA0B2005B0F0BD184850F831
:1096B000254054B12046FBF7D1FD606900F097FDCD
:1096C00008B90220F0E700202070029850B1002075
:1096D00002990870E8B20299143100F079FD08B9D6
:1096E0000220E1E70A49029841F82500029808B1F2
:1096F000012E01D00020D7E7002202A903A800F024
:109700007DFE07463946029806F0F0FE3846CBE764
:1097100034C001202DE9F74F9AB0044616461CB913
:1097200009201DB0BDE8F08F06F03F06324603A9C0
:109730001BA800F063FE0546002D7DD10398049020
:109740004FF48C6000F05AFD8346BBF1000F05D149
:109750001121039806F0CAFE1120E2E70398C0F831
:109760000CB00BF500700399086104A81B9901F077
:10977000D7FB05468DB99DF85B0000F0800008B16D
:1097800006250AE026F0010008B1012000E00020D3
:10979000014604A8FBF784FC054606F01C000028DF
:1097A0007ED06DB1042D08D1FFF7B6F918B104A829
:1097B000FEF7E5FF00E01220054646F008060AE045
:1097C0009DF8160000F0110008B1072503E006F02F
:1097D000040000B10825002D71D106F00800002812
:1097E0006DD001F0C0FD029003980078042867D185
:1097F000039820600399096901F1340001F0B9FF71
:10980000A0600399096901F1380001F0BEFFC4E9C5
:1098100004010398006990F8210000F00200E07153
:109820000020E0610399096901F10800029906F03E
:109830005FFC0020039900E04FE109690875039976
:10984000096901F10C00029906F052FC002003990D
:109850000969487520200399096908710399096904
:1098600001F13400002106F043FC0399096901F17C
:1098700038000022134606F047FC0399096901F1FC
:1098800028000022134606F03FFC012003990969D5
:1098900081F8210004A806F093FC0546002D00E0A5
:1098A00046E056D1A068002853D000222046A16887
:1098B00003F055FF0546A068401E0399886148E003
:1098C000139901F10E00029906F012FC139901F1AF
:1098D0001600029906F00CFC20201399C872139907
:1098E000039801F033FF019000221399039806F0CA
:1098F000EDFB139901F11C00002106F0F9FB01209A
:109900000399C870019820B30398806B02900022DD
:1099100004A8019903F023FF0546D5B9DDE902103B
:1099200002F070FB05460198401E0399886110E023
:109930007DB99DF8160000F0100008B1042508E07C
:1099400006F0020028B19DF8160000F0010000B1F9
:109950000725BDB906F0080008B146F04006039897
:10996000806BA0641398E06426F0010008B1012028
:1099700000E00020014604A801F0C0FDE062E06ABA
:1099800000B90225002D7CD103980078042821D14C
:1099900006982062089820F0FF009DF817100843F1
:1099A00060621798A0620399096901F1340001F01F
:1099B000E0FEA0600399096901F1380001F0E5FEBD
:1099C000C4E904010398006990F8210000F0020046
:1099D000E0710CE01399039801F0B8FEA0601399B0
:1099E00001F11C0001F0C5FE0021C4E904010020C2
:1099F0002065039820600398C088A08084F83060B8
:109A0000002084F831006064A063E0634FF40072CA
:109A1000002104F1540002F0ECFA06F020000028C6
:109A200058D00023D4E9041059405840014351D084
:109A3000D4E90401C4E90E01039840894FEA4029A2
:109A4000D4F808A0D4E9047810E05146204601F08B
:109A5000C7FB8246BAF1010F00D802250AF10100C6
:109A600000B90125B7EB090768F100082DB90020FE
:109A7000B9EB070170EB0800E7D3C4F840A005B9C3
:109A800000E012E04FF40072002338464146E6F74A
:109A9000E4FC00214A404B401A431BD05146039836
:109AA000FBF721FC009008B9022513E04FF4007287
:109AB000002338464146E6F7D0FC0099084460642C
:109AC000626C03994878012304F15401FEF7E6FF24
:109AD00000B10125584600F097FB0DB10020206031
:109AE0002946039806F002FD28461AE62DE9FF4FA5
:109AF00087B0044615460898039000210A98016033
:109B000005A9204609F09EFF0690069818B994F81A
:109B10003100069038B1DDE9050106F0E7FC069852
:109B20000BB0BDE8F08F94F8300000F0010028B9C8
:109B30000721059806F0DAFC0720F1E7D4E90E3199
:109B4000D4E90420D71A60EB0108791B78F10000F2
:109B500000D23D46FFE0D4E90E014FF4007200232D
:109B6000CDE90001E6F779FC00214A404B401A4359
:109B700078D1D4E90E014FF400720023CDE9000141
:109B8000E6F76BFC05994989491E00EA010ABAF11A
:109B9000000F35D10023D4E90E105940584001433D
:109BA00002D1A068049011E0206D50B1D4E90E01FB
:109BB00002460B46CDE900012046FBF763FB04900B
:109BC00004E02046216C01F00BFB0490049802286D
:109BD00008D2022084F831000221059806F086FCA4
:109BE00002209DE70498401C40B9012084F8310010
:109BF0000121059806F07AFC012091E70498206481
:109C0000216C0598FBF76FFB8146B9F1000F08D175
:109C1000022084F831000221059806F067FC02203A
:109C20007EE7D1444FEA552BBBF1000F34D00AEB4D
:109C30000B0005994989884203D905984089A0EB12
:109C40000A0B059948785B464A460399FEF726FFBA
:109C500048B1012084F831000121059806F046FC46
:109C600001205DE74CE094F8300000F0800080B106
:109C7000606CA0EB090058450BD2616CA1EB0901A7
:109C8000039A02EB41204FF4007204F1540102F0F8
:109C9000A3F94FEA4B264EE0606C48452ED094F86D
:109CA000300000F08000B8B1626C0599487801235B
:109CB00004F15401FEF718FF40B1012084F831008F
:109CC0000121059806F012FC012029E794F83000E4
:109CD00000F07F0084F830000599487801234A4657
:109CE00004F15401FEF7DAFE40B1012084F831009E
:109CF0000121059806F0FAFB012011E7C4F8449011
:109D0000208FC0F30800C0F50076AE4200D92E4681
:109D1000D4E90E014FF400720023CDE90001E6F70B
:109D20009CFB04F154001044324601460290039813
:109D300002F052F900BF039830440390D4E90E209A
:109D4000921940F10000C4E90E200A9800688119B8
:109D50000A980160AD1B002D7FF4FDAE002105982F
:109D600006F0C4FB0020DBE62DE9F04798B004467E
:109D700016A9204609F066FE0546002D7DD194F80F
:109D8000300000F04000002877D094F8300000F058
:109D90008000B0B1626C16994878012304F1540137
:109DA000FEF7A2FE38B10121169806F09FFB0120B4
:109DB00018B0BDE8F08794F8300000F07F0084F818
:109DC000300001F0D0FA824616980078042879D144
:109DD000204600F083FA054635B94FF0FF322046A1
:109DE000216C00F096FA0546002DC7D14FF48C6027
:109DF00000F004FA8146B9F1000F05D1112116983F
:109E000006F074FB1120D3E71698C0F80C9009F502
:109E10000070169908612146684601F0E7FF054683
:109E2000002D4AD116980069007940F0200016995B
:109E300009690871E07940F001001699096981F813
:109E40002100A168169A126902F1340006F050F957
:109E5000D4E904731699096901F138003A4606F00D
:109E600053F9D4E904731699096901F128003A46B7
:109E700006F04AF91699096900E04FE001F10C007B
:109E8000514606F035F9002016990969487516996A
:109E9000096901F11000002106F02AF9684606F070
:109EA0008FF905464DB9169806F0D4F9054694F891
:109EB000300000F0BF0084F83000484600F0A4F9FC
:109EC0002CE0FFE7A16C169802F09CF805462DBB2C
:109ED000E66CF07A40F02000F0723146A26820680B
:109EE00006F0F4F806F11C00216906F001F951466C
:109EF00006F1160006F0FCF8002106F1120006F04B
:109F000031F901201699C870169806F0A3F9054694
:109F100094F8300000F0BF0084F83000294616980D
:109F200006F0E4FA284643E710B5002442F2102078
:109F3000EFF71AF820B142F20220F3F73FFB0DE0F1
:109F400045F28410EFF710F820B142F20220F3F747
:109F500035FB03E042F20220F3F714FA42F20F203D
:109F6000EFF702F818B142F20320F3F727FB42F2B1
:109F70000C20EEF7F9FF20B14FF40850F3F71EFB69
:109F80000DE04FF4A340EEF7EFFF20B14FF408507F
:109F9000F3F714FB03E04FF40850F3F7F3F942F240
:109FA0001220EEF7E1FF20B142F20120F3F706FBA9
:109FB00021E0724890F8440001280ED145F281104A
:109FC000EEF7D2FF20B142F20120F3F7F7FA12E0E8
:109FD00042F20120F3F7D6F90DE045F28110EEF7D9
:109FE000C3FF20B142F20120F3F7CCF903E042F2C3
:109FF0000120F3F7E3FA42F20D20EEF7B5FF78B156
:10A0000042F20420F3F7BEF942F20520F3F7BAF961
:10A0100042F20620F3F7B6F942F20720F3F7B2F95D
:10A0200042F20E20EEF7A0FF90B142F20820F3F7C3
:10A03000C5FA42F20A20EEF797FF20B142F209205A
:10A04000F3F7BCFA38E042F20920F3F79BF933E06A
:10A0500045F6A820EEF788FF90B142F20820F3F70A
:10A06000ADFA45F6A920EEF77FFF20B142F20920B4
:10A07000F3F7A4FA20E042F20920F3F783F91BE09A
:10A0800045F28310EEF770FF20B142F20820F3F79B
:10A0900095FA03E042F20820F3F774F945F28210D2
:10A0A000EEF762FF20B142F20920F3F787FA03E0EE
:10A0B00042F20920F3F766F94FF40850EEF774FF07
:10A0C000044342F20120EEF76FFF044342F20820FE
:10A0D000EEF76AFF044342F20220EEF765FF044305
:10A0E00042F20320EEF760FF044342F20420EEF751
:10A0F0003BFF044342F20520EEF736FF044342F2F1
:10A100000720EEF731FF044324B142F20B20F3F7AE
:10A1100055FA03E042F20B20F3F734F942F20B2038
:10A12000EEF722FF60B14FF4A440F3F72BF945F2AC
:10A130000220F3F727F945F20120F3F73FFA1BE07D
:10A140000F48007860B14FF4A440F3F737FA45F2B6
:10A150000220F3F717F945F20120F3F72FFA0BE08D
:10A160004FF4A440F3F72AFA45F20220F3F70AF974
:10A1700045F20120F3F706F910BD00007822012016
:10A18000FC00002010B50246802A01DA10461BE0D0
:10A1900051B1FF2A01DD002304E0A2F180030B4C42
:10A1A00034F8133018460FE0002007E0074B33F86F
:10A1B0001030934200D103E0431C98B28028F5DBB5
:10A1C00000BF00F18003D8B210BD0000965E020807
:10A1D00070B506460C46002002F0C0F820602068EA
:10A1E00008B1012000E000200546284670BD10B5EA
:10A1F0000446204602F09BF8012010BD10B504462D
:10A20000204603F019F910BD10B50446204609F0A8
:10A2100079F910BD10B50446204602F0F8F810BDDB
:10A2200070B5044600254FF47A71204602F04EF8CE
:10A2300000B90125284670BD30B5B0F5805F01DA60
:10A24000244D00E0244D294600BF31F8022B0AB10D
:10A25000904200DA3CE031F8023B1C12DBB2D51828
:10A26000854230DD092C2CD2DFE804F005090F13FC
:10A27000171B1F232700851A31F8150021E0851AC6
:10A2800005F00105451BA8B21BE0A0F11005A8B21E
:10A2900017E0A0F12005A8B213E0A0F13005A8B2A4
:10A2A0000FE0A0F11A05A8B20BE000F10805A8B272
:10A2B00007E0A0F15005A8B203E0A0F5E355A8B26D
:10A2C00000BF00BF04E0002CBFD101EB4301BCE79D
:10A2D00000BF30BD965F0208886102082DE9F04199
:10A2E0000446E079032812D1A568A7690BE06A1C2F
:10A2F0002946206802F0BEFF064616B13046BDE88A
:10A30000F0816D1C7F1E002FF1D10020E071002034
:10A31000F5E72DE9F04104460D46174616E0E369DE
:10A32000012B03D9E369EB1A9B1C00E03B461A465C
:10A33000E369EB1A591C206802F09CFF064616B12F
:10A340003046BDE8F081E069401EE061E069002828
:10A35000E5D100BFF5E72DE9F74F05460E46B61EDD
:10A36000286A801EB04200D800263446A2464FF02C
:10A37000000B00BF686B00EB1431284601F042FE71
:10A3800018B14FF0FF30BDE8FE8FC4F3C80904F0E8
:10A39000070101208840C7B200BF00BF05F13C00A3
:10A3A00010F8090000EA07087806070E601C04464A
:10A3B000296A891E884203D3002400274FF40079BC
:10A3C000B8F1000F08D10BF10100834602998842D1
:10A3D00005D10AF10200D6E7A2464FF0000BB442C5
:10A3E00001D10020CFE7002FD8D1012709F10100CA
:10A3F0008146B0F5007FD0D3BCE700002DE9F74FD0
:10A400008CB000210D9801600C9800F0AEFF0A900E
:10A410000A98002803DA0B200FB0BDE8F08FFE4940
:10A420000A9851F820400CB90C20F5E7204601F0BD
:10A430007CFD08B90F20EFE70D9804600E9800F03E
:10A44000FE000E90207888B16078FEF73FFB0990FF
:10A45000099800F0010048B90E9828B1099800F059
:10A46000040008B10A20D7E70020D5E700202070BB
:10A470000A9860706078FEF7E5FA0990099800F094
:10A48000010008B10320C7E70E9828B1099800F031
:10A49000040008B10A20BFE7002631462046FAF73B
:10A4A000A7FD8146B9F1020F03D0B9F1020F2FDAEF
:10A4B0002EE0002514E04FF4DF7000EB051104F1ED
:10A4C0003C0008440B900B98007920B10B980830A1
:10A4D00001F04FF900E0002002A941F825006D1CB1
:10A4E000042DE8D3002505B16D1E00BF02A850F869
:10A4F000256026B131462046FAF77AFD00E00320B8
:10A500008146B9F1020F03DB681C05460428EDD330
:10A51000B9F1040F01D101207EE7B9F1020F01DB8F
:10A520000D2079E7B9F1010F7CD10B2500E06D1CFE
:10A53000402D04D204F13C00405D0028F7D0402DAE
:10A5400001D20D2068E704F1A40001F04FF9B0F545
:10A55000807F01D00D205FE794F8A810012088408B
:10A56000B0F5007F01D00D2056E704F1840001F022
:10A570000CF9871941F10008391E78F1010001D367
:10A580000D2049E704F1900001F0F3F8606294F8BF
:10A59000AA00A070A078012801D00D203CE794F813
:10A5A000A910012088406081608908B90D2033E737
:10A5B00004F1980001F0DDF8824698498A4501D9F6
:10A5C0000D2029E70AF102002062A66204F194003E
:10A5D00001F0CFF83044606304F18C0001F0C9F859
:10A5E0003044E0624FF0000C608900FB0AF0626BBF
:10A5F00012184CEB0C00B91A78EB000001D20D20B8
:10A600000AE704F19C0001F0B4F820632046216BB6
:10A61000FAF769FE01460090204601F0F3FC10B104
:10A620000120F9E621E000250FE004F13C00405D47
:10A63000812809D104F13C01294401F1140001F001
:10A6400098F8022800D103E02035B5F5007FECD35F
:10A6500000BFB5F5007F01D10D20DDE64FF0FF30E2
:10A66000E061A0614FF00409F2E004F1470001F05D
:10A67000BDF8B0F5007F01D00D20CDE604F1520009
:10A6800001F0B4F88346BBF1000F04D104F160007F
:10A6900001F06FF88346C4F824B04C20005DA07030
:10A6A000A078012804D0A078022801D00D20B3E6BC
:10A6B000A0780BFB00FB4920005D6081608918B128
:10A6C0006089411E084008B10D20A5E604F14D0047
:10A6D00001F08CF82081207A00F00F0008B10D20E5
:10A6E0009AE604F14F0001F081F80890089820B92B
:10A6F00004F15C0001F03DF8089004F14A0001F01B
:10A7000075F80190019808B90D2085E60198584424
:10A71000218900EB11100790DDE90701814201D288
:10A720000D2079E6DDE90710401A6189B0FBF1FAE6
:10A73000BAF1000F01D10D206EE64FF003094FF67C
:10A74000F570824501D84FF0020940F6F570824558
:10A7500001D84FF001090AF102002062A6620198B7
:10A760003044E062079830446063B9F1030F13D1BD
:10A7700004F1660001F03AF808B10D204CE620899A
:10A7800008B10D2048E604F1680000F0F2FF2063F4
:10A79000206A8000069016E0208908B90D203BE66B
:10A7A000E06A58442063B9F1020F02D1206A4000E8
:10A7B00008E094F8200000F00100216A01EB41015B
:10A7C00000EB51000690616A069800F2FF10B1EBB1
:10A7D000502F01D20D201FE64FF0FF30E061A06145
:10A7E00080202071B9F1030F32D104F16C0000F028
:10A7F000FDFF01282CD1711C204601F003FC38BB61
:10A800000020207104F23A2000F0F0FF4AF65521B2
:10A8100088421DD104E0000034C00120FDFFFF7F0D
:10A8200004F13C0000F0A5FF1049884210D104F566
:10A83000087000F09EFF0E49884209D104F50970A6
:10A8400000F097FFE06104F50A7000F092FFA0614C
:10A8500084F8009007480088401C80B205490880B1
:10A86000E0802046FAF7FAFC0020D5E5525261411B
:10A870007272416138C001202DE9F04F2DED0C8B33
:10A8800085B081460D469346B9F1010F03D0B9F169
:10A89000020F0BD104E04FF4FA660127F64C06E0F4
:10A8A0004FF4FA760127F44C143400E000BF00BFE7
:10A8B000B54200DD3546BD4200DA3D4600EE105A95
:10A8C000B8EEC00A10EE100A0BF04CF941EC1B0B6D
:10A8D000EA4B9F22EAA1F1A00095E5F735FEE74B90
:10A8E000A022E7A1F7A00096E5F72EFEE34BA122F8
:10A8F000E3A1FEA00097E5F727FE42F21620EEF74F
:10A9000053FB002873D0002D15DD2088A84212DBF0
:10A91000208800EE100AB8EE400ADFEDFE0A80EE55
:10A92000201A11EE10AA50460BF01CF941EC180B3E
:10A930009FEDF9AB9DE12088A8422ADA6088A84201
:10A9400027DB60882188401A00EE100AB8EEC00AA2
:10A95000DFEDF00A80EE201A11EE10AA50460BF03F
:10A9600001F941EC180B9FEDEE0B53EC102B51EC61
:10A97000180B0AF0D9FE41EC1C0B20880AF084FE6B
:10A9800041EC1D0B53EC1C2B0BF002F841EC1A0BA5
:10A990006FE16088A8422BDAA088A84228DBA08853
:10A9A0006188401A00EE100AB8EEC00ADFEDD90A3D
:10A9B00080EE201A11EE10AA50460BF0D3F841ECAD
:10A9C000180B9FEDD90B53EC102B51EC180B0AF020
:10A9D000ABFE41EC1C0B60880AF056FE41EC1D0BEF
:10A9E00053EC1C2B0AF0D4FF41EC1A0B41E1E9E1D6
:10A9F000A088A8422ADAE088A84227DBE088A1885C
:10AA0000401A00EE100AB8EEC00ADFEDC20A80EE6E
:10AA1000201A11EE10AA50460BF0A4F841EC180BC6
:10AA20009FEDC30B53EC102B51EC180B0AF07CFE7E
:10AA300041EC1C0BA0880AF027FE41EC1D0B53ECE7
:10AA40001C2B0AF0A5FF41EC1A0B12E1E088A8428A
:10AA50002ADA2089A84227DB2089E188401A00EE03
:10AA6000100AB8EEC00ADFEDAB0A80EE201A11EE34
:10AA700010AA50460BF076F841EC180B9FEDAE0B88
:10AA800053EC102B51EC180B0AF04EFE41EC1C0B52
:10AA9000E0880AF0F9FD41EC1D0B53EC1C2B0AF089
:10AAA00077FF41EC1A0BE4E02089A8422ADA60899A
:10AAB000A84227DB60892189401A00EE100AB8EE0F
:10AAC000C00ADFED940A80EE201A11EE10AA50465B
:10AAD0000BF048F841EC180B9FED990B53EC102B41
:10AAE00051EC180B0AF020FE41EC1C0B20890AF0F7
:10AAF000CBFD41EC1D0B53EC1C2B0AF049FF41EC44
:10AB00001A0BB6E06089A8422ADAA089A84227DB9E
:10AB1000A0896189401A00EE100AB8EEC00ADFED84
:10AB20007D0A80EE201A11EE10AA50460BF01AF89A
:10AB300041EC180B9FED840B53EC102B51EC180BD0
:10AB40000AF0F2FD41EC1C0B60890AF09DFD41EC1E
:10AB50001D0B53EC1C2B0AF01BFF41EC1A0B88E079
:10AB6000A089A8422ADAE089A84227DBE089A189E6
:10AB7000401A00EE100AB8EEC00ADFED660A80EE59
:10AB8000201A11EE10AA50460AF0ECFF41EC180B07
:10AB90009FED6F0B53EC102B51EC180B0AF0C4FD1A
:10ABA00041EC1C0BA0890AF06FFD41EC1D0B53EC2E
:10ABB0001C2B0AF0EDFE41EC1A0B5AE0E089A8428A
:10ABC0002ADA208AA84227DB208AE189401A00EE8F
:10ABD000100AB8EEC00ADFED4F0A80EE201A11EE1F
:10ABE00010AA50460AF0BEFF41EC180B9FED5A0B1D
:10ABF00053EC102B51EC180B0AF096FD41EC1C0B9A
:10AC0000E0890AF041FD41EC1D0B53EC1C2B0AF0CE
:10AC1000BFFE41EC1A0B2CE0208AA84229DA608A98
:10AC2000A84226DB608A218A401A00EE100AB8EE9C
:10AC3000C00ADFED380A80EE201A11EE10AA504645
:10AC40000AF090FF41EC180B9FED450B53EC102BD5
:10AC500051EC180B0AF068FD41EC1C0B208A0AF03D
:10AC600013FD41EC1D0B53EC1C2B0AF091FE41EC43
:10AC70001A0B284678E00000782201205369020868
:10AC80002E2E5C2E2E5C4D61696E4170705C4D61A4
:10AC9000696E4170704C69622E63000025732C252B
:10ACA000642C25733A43616C6962726174696F6EDA
:10ACB00020696E70757420706F776572203D202555
:10ACC000640A000025732C25642C25733A43616CBB
:10ACD0006962726174696F6E206D617820706F7740
:10ACE0006572203D2025640A0000000025732C2594
:10ACF000642C25733A43616C6962726174696F6E8A
:10AD0000206D696E20706F776572203D2025640A82
:10AD100000000000CDCCCC3D000000000000000091
:10AD20009A9999999999B93F9A9999999999C93FF5
:10AD3000333333333333D33F9A9999999999D93F20
:10AD4000000000000000E03F333333333333E33F90
:10AD5000666666666666E63F9A9999999999E93FAB
:10AD6000CDCCCCCCCCCCEC3F0AF077FC41EC1D0B2D
:10AD700053EC1A2B0AF00CFE41EC1C0B53EC182B75
:10AD80000AF0AAFA41EC190B374BCE22AFF21011A0
:10AD900036A0E5F7D9FB8DED02AB8DED008B324B84
:10ADA000CF22AFF224113AA0E5F7CEFB51EC190BFC
:10ADB0002D4BD022CDE90001AFF23C113DA0E5F7CB
:10ADC000C3FB13E0284BD322AFF24C1141A0E5F7AF
:10ADD000BBFB30460AF041FC41EC1C0B53EC1C2B36
:10ADE00051EC1B0B0AF078FA41EC190B9FED420B6A
:10ADF00053EC102B51EC190B0AF096FC41EC190B9B
:10AE00009FED3D0B53EC102B51EC190B0AF08AFD12
:10AE100005D29FED390BB0EE409AF0EE609A1FED2F
:10AE2000420B53EC102B51EC190B0AF041FC05D2EC
:10AE30001FED470BB0EE409AF0EE609A51EC190B03
:10AE40000AF0DEFB1FFA80F8074BDE22AFF2D011CA
:10AE50002BA0CDF80080E5F777FB404605B0BDECB0
:10AE60000C8BBDE8F08F00005369020825732C2578
:10AE7000642C25733A456E61626C652063616C6970
:10AE800062726174696F6E206D6F64650A00000004
:10AE900025732C25642C25733A43616C69627261B9
:10AEA00074696F6E20664B3D25662C2066423D25F9
:10AEB000660A000025732C25642C25733A43616CC7
:10AEC0006962726174696F6E20664F75743D2566A4
:10AED0000A00000025732C25642C25733A446973FD
:10AEE00061626C652063616C6962726174696F6E26
:10AEF000206D6F64650A00000000000000FEAF4096
:10AF000025732C25642C25733A43616C6962726148
:10AF100074696F6E20664F75743D25640A000000E9
:10AF20002DE9F34105462C46266802E00198401CB5
:10AF30000190019800782F28F8D0019800785C28BB
:10AF4000F4D00020A060E06101980078202808D2A9
:10AF500080214B20415500212846FDF71EFD074664
:10AF60004DE000BF01A92846FAF7CAFC074607B121
:10AF700044E02846FDF71EFA074695F84B803FB19E
:10AF8000042F04D100BF08F0040000B9052735E004
:10AF900008F0040000B131E0A07900F0100008B919
:10AFA00005272BE0307804281DD1A0682062206995
:10AFB00020F0FF00E17908436062E86CA06231692B
:10AFC00001F1340000F0D5FBA060306990F8210059
:10AFD00000F00200E071316901F1380000F0D5FBAA
:10AFE000C4E9040109E0288EC0F3080206F13C0020
:10AFF0001118304600F0AAFBA060B3E700BF384646
:10B00000BDE8FC8138B504460D46E0B200904FF42F
:10B010007A73012269460248ECF740FD204638BDAC
:10B02000F80300200000000010B582B01446CDE9FE
:10B0300000010023009A2360194B21F00040984240
:10B040002ADA024328D0B0F5801FA8BF226810DAA0
:10B050009FED150B53EC102B9DED000B51EC100BDD
:10B060000AF062FBCDE900016FF0350221F00040EB
:10B0700022600F4B6FF31E5103EB205010442060F1
:10B0800041F0FF5040F0005001909DED000B00BFDB
:10B0900002B051EC100B10BD9DED000BF8E7000065
:10B0A0000000F07F0000000000000000000050439E
:10B0B00002FCFFFF2DE9FF4F83B0814690461D46FD
:10B0C0000B224846049900F087FF052D18D92F461A
:10B0D00011E038F802BB00240BE0584667F35F002C
:10B0E00007464FEA6B0B07F4803008B11D48474014
:10B0F000641C102CF1D3B8F800000028E9D13D46BB
:10B10000072400BF05F00F0000F1300ABAF1390F33
:10B1100003DD0AF1070000F0FF0A2046641E01A9C2
:10B1200001F800A02D09002DECD17E200855002645
:10B1300000E0761CA64203D219F806002028F8D1B8
:10B1400000BF082C04D22046641C01A9085C00E062
:10B1500020203146761C09F80100082EF1D307B0F3
:10B16000BDE8F08F211001000146C1F1640001B279
:10B17000002900DC0021502900DB5021C1EB012017
:10B1800082B2642092FBF0F082B2D0B2704700002D
:10B1900070B5FAF7E9FA064C05E025782846FAF783
:10B1A000CDFA0646641C03488442F6D3304670BD8F
:10B1B00000000108FFFF0F0870B5FAF7D5FA4FF04D
:10B1C000006405E025782846FAF7B8FA0646641CBC
:10B1D00002488442F6D3304670BD0000FFFF0008ED
:10B1E0002DE9FC5F06460C463568022C02D3286A1E
:10B1F000A04202D84FF00109B2E04FF0FF392878A1
:10B20000012806D0022830D0032841D0042878D164
:10B2100052E0274607EB5707E86A00EB572128461C
:10B2200000F0F0FE00B19AE038467F1CC0F3080140
:10B2300005F13C0010F80180E86A00EB5721284630
:10B2400000F0E0FE00B18AE0C7F3080105F13C0020
:10B25000405C48EA002804F0010010B14FEA1810E1
:10B2600001E0C8F30B00814679E0E86A00EB1421A5
:10B27000284600F0C7FE00B171E040F2FF1101EA7C
:10B28000440205F13C01501800F0B0FA814666E036
:10B29000E86A00EBD411284600F0B4FE00B15EE08D
:10B2A00040F2FF1101EA840205F13C01501800F060
:10B2B00060FA20F0704952E00022D6E904105140B3
:10B2C0005040014347D0B068A4EB000AD6E90420FF
:10B2D000521E60F10000CDE900204FF400720023FF
:10B2E000DDE90001E5F7B9F86989B0FBF1FBF07918
:10B2F00002280AD1DA4508D8DA4503D16FF00040B8
:10B3000001E029E0601C814629E0F079032805D19D
:10B31000B069504502D904F1010920E0F079022812
:10B3200018D0F06910B16FF0004912E0E86A00EB44
:10B33000D411284600F066FE00B110E040F2FF1183
:10B3400001EA840205F13C01501800F012FA20F0E5
:10B35000004904E000BF00BF4FF0010900BF00BF7B
:10B360004846BDE8FC9F0020704770B502464FF08C
:10B37000FF301568DDB1116800E0491C0D78202D03
:10B3800002D30D783A2DF8D10D783A2D0ED11468EC
:10B3900014F8015BA5F130030A2B06D28C4204D1CC
:10B3A0001BB918464D1C2946156070BD002000BF12
:10B3B000FBE7000010B50448B0F94200002802DDA8
:10B3C0002120E7F791FE10BD98EA002010B504484F
:10B3D000B0F942001F2802DA2120E7F70FFD10BD67
:10B3E00098EA002010B5054890F84200202804D1C2
:10B3F000012203490148ECF725FB10BD8804002019
:10B400004401002010B54FF4E1300E49486000219E
:10B410000C488160C16001610C21416100218161A2
:10B42000C161ECF7C5F908B1E7F790FF01220649C1
:10B430000448ECF707FB054B122205A10BA0E5F72A
:10B4400083F810BD8804002044010020746F0208B6
:10B450002E2E5C2E2E5C6463486D695C686D6955A8
:10B46000736572556172742E6300000025732C257C
:10B47000642C25733A737461727420686D69207549
:10B4800061727420696E69742E2E2E2E2E2E0A0083
:10B4900031B54FF47A73012269460648ECF7FEFA9B
:10B4A00004462CB1044B192204A10BA0E5F74CF87B
:10B4B00038BD000088040020806F02082E2E5C2E0C
:10B4C0002E5C6463486D695C686D6955736572557F
:10B4D0006172742E6300000025732C25642C257383
:10B4E0003A686D6920756172742074782074696D92
:10B4F000656F7574212121210A00000010B50246F4
:10B500000B46002116E02B4800EB01100068146880
:10B51000A0420ED1274800EB011040689468A04279
:10B5200007D1244800EB01108068146BA04200D1C1
:10B5300002E0491CFF29E6D300BFFF2922D10021E8
:10B5400000E0491CFF2905D21A4800EB01100068F1
:10B550000028F6D1FF2901D1002010BD154C04EBC5
:10B56000011410682060134C04EB011490686060B3
:10B57000104C04EB0114106BA06000200D4C04EB88
:10B580000114A08133B10B4800EB0110808908B190
:10B590000020E2E713B14FF4807004E0054800EBAF
:10B5A00001108089401C034C04EB0114A081481C4D
:10B5B000D3E70000F40E00200246002111E0B2F8AB
:10B5C0002E030A4B33F81130984208D1B2F83003F9
:10B5D000074B33F81130984201D101207047481CC5
:10B5E000C1B20529EBDB0020F8E7000016010020BE
:10B5F00020010020012804DB0A2802DA421C10B2D4
:10B6000019E00A2805DB642803DA00F10A0210B207
:10B6100011E0642806DBB0F57A7F03DA00F132022C
:10B6200010B208E0B0F57A7F05DBB0F5FA4F02DA28
:10B6300000F57A7210B2884200DB08467047012894
:10B6400004DD0A2802DC421E10B219E00A2805DDDA
:10B65000642803DCA0F10A0210B211E0642806DDC0
:10B66000B0F57A7F03DCA0F1320210B208E0B0F549
:10B670007A7F05DDB0F5FA4F02DCA0F57A7210B2E0
:10B68000884200DC0846704710B51748007850BB68
:10B690001648B0F8EE04012804D1012281031448B1
:10B6A000E9F7ECFA1148B0F8EE04022804D10122BF
:10B6B00001030F48E9F7E2FA0C48B0F8EE04052858
:10B6C00009D10A49B1F8FA144FF47A7211FB02F168
:10B6D00008B204F057F90120034908700022102134
:10B6E0000348E9F7CBFA10BDFC00002098EA0020DF
:10B6F0000010024010B51148007801281DD1002229
:10B7000081030F48E9F7BAFA00224FF400510C48C0
:10B71000E9F7B4FA0B49B1F846100B4A92F9412007
:10B7200011FB02F108B204F02DF900200349087062
:10B73000012210210248E9F7A1FA10BDFC00002007
:10B740000010024098EA00207822012070B50546DA
:10B750000C4604F11A0000F049F806462878032840
:10B7600005D104F1140000F041F846EA00463046E5
:10B7700070BD0146C8788A7842EA00204A7842EAD9
:10B7800000200A7842EA0020704770B50246D3795B
:10B790000024250245EA1364907940EA0323250238
:10B7A00045EA1364507940EA0323250245EA13640D
:10B7B000107940EA0323250245EA1364D07840EA71
:10B7C0000323200240EA1364917841EA0323210213
:10B7D00041EA1364507840EA0323250245EA1364E2
:10B7E000117841EA03231846214670BD0146487886
:10B7F0000A7842EA0020704710B520231F2200215A
:10B8000021A0E4F7A1FE4FF4007340F21F22202193
:10B8100026A0E4F799FE4FF4006340F61F224FF490
:10B8200008712BA0E4F790FE41F66752D11E31A0BB
:10B83000E4F78AFE41F66B52D11E36A0E4F784FE8F
:10B8400041F66F52D11E3BA0E4F77EFE41F67352E3
:10B85000D11E42A0E4F778FE41F67752D11E47A0F0
:10B86000E4F772FE4FF4007341F67F724FF4EC512F
:10B870004AA0E4F769FE802341F6FF724FF4FC51C1
:10B8800050A0E4F761FE10BD4D52204550524F4D7F
:10B890003A3078253034582D2D2D307825303458D5
:10B8A0002873697A653A2564290A0000444D2045C9
:10B8B00050524F4D3A3078253034582D2D2D307858
:10B8C000253034582873697A653A2564290A0000BE
:10B8D0004644204550524F4D3A3078253034582D4B
:10B8E0002D2D3078253034582873697A653A2564CF
:10B8F000290A00004D5220435243204550524F4DDB
:10B900003A3078253034582D2D2D30782530345864
:10B910000A000000444D20435243204550524F4DF1
:10B920003A3078253034582D2D2D30782530345844
:10B930000A000000464420435243204550524F4DD8
:10B940003A3078253034582D2D2D30782530345824
:10B950002C28756E757365290A0000004D4355202B
:10B96000435243204550524F4D3A30782530345899
:10B970002D2D2D3078253034580A00004C434420BA
:10B98000435243204550524F4D3A30782530345879
:10B990002D2D2D3078253034580A0000434F4E4667
:10B9A0004947204550524F4D3A3078253034582D74
:10B9B0002D2D3078253034582873697A653A2564FE
:10B9C000290A00004C4F47494E464F204550524FE0
:10B9D0004D3A3078253034582D2D2D30782530349F
:10B9E000582873697A653A2564290A0038B54622D1
:10B9F00023494FF4EC50FDF7A3F8694641F678501F
:10BA0000FDF722F911221E491E48E8F745FC0446BD
:10BA10000098A0422DD01C4B32221CA122A0E4F79A
:10BA200093FD194B332219A12AA0E4F78DFD40F2B2
:10BA3000E970134908870A2048871A2088872FA1B0
:10BA40000F482830E4F78CFD00200D4981F83F00B5
:10BA500081F83E0081F840003C2081F841004FF41D
:10BA6000AF70A1F84200012081F8440003F0C4FB4C
:10BA700005E0054BA92205A123A0E4F765FD38BD2B
:10BA80007822012008000020736602082E2E5C2E0A
:10BA90002E5C73506C63506F72745C73506C634DAA
:10BAA0006973632E6300000025732C25642C2573B5
:10BAB0003A6C6F61642064657669636520636F6EBC
:10BAC00066696720637263206661696C2121210ABF
:10BAD0000000000025732C25642C25733A757369CA
:10BAE0006E672064656661756C7420646576696351
:10BAF0006520636F6E666967210A000058585858C0
:10BB00002D5858585800000025732C25642C257397
:10BB10003A6C6F61642064657669636520636F6E5B
:10BB200066696720646F6E652E2E2E0A0000000085
:10BB300038B505460C461F2C00DD1F24002000EB05
:10BB40008410514A02EB400170225048E4F777FF1D
:10BB5000372000EB84104C4931F810004C49A1F813
:10BB6000EE04382000EB8410474931F810004849B2
:10BB7000A1F8F004392000EB8410434931F810009B
:10BB80004349A1F8F2043A2000EB84103E4931F811
:10BB900010003F49A1F8F4043D2000EB84103A491D
:10BBA00031F810003A49A1F8FA043E2000EB841065
:10BBB000354931F810003649A1F8FC043F2000EB6C
:10BBC0008410314931F810003149A1F8FE04314B9D
:10BBD000AC2231A139A00095E4F7B6FC2D4BAD2283
:10BBE0002DA13EA00094E4F7AFFC2848294BAE22DB
:10BBF00029A1009040A0E4F7A7FC2548B0F9EE0485
:10BC0000244BAF2224A1009042A0E4F79DFC2048E1
:10BC1000B0F9F0041F4BB0221FA1009044A0E4F73C
:10BC200093FC1B48B0F9F2041A4BB1221AA1009000
:10BC300046A0E4F789FC1648B0F9F404154BB2228B
:10BC400015A1009049A0E4F77FFC1148B0F9FA046F
:10BC5000104BB32210A100904CA0E4F775FC0C48E7
:10BC6000B0F9FC040B4BB4220BA100904FA0E4F7F9
:10BC70006BFC0748B0F9FE04064BB52206A1009004
:10BC800052A0E4F761FC38BD7802012018EF0020D3
:10BC900098EA0020626902082E2E5C2E2E5C4D610F
:10BCA000696E4170705C707265536368656D654460
:10BCB00075616C5F3435302E6300000025732C25D0
:10BCC000642C25733A736368656D6520636C6173DA
:10BCD000736966793A25640A0000000025732C25F3
:10BCE000642C25733A736368656D6520696E6465BD
:10BCF000783A25640A00000025732C25642C2573EE
:10BD00003A736368656D65206E616D653A25730AE7
:10BD10000000000025732C25642C25733A7363689A
:10BD2000656D652073656C6563743A25640A00006F
:10BD300025732C25642C25733A736368656D652023
:10BD40006D6F64653A25640A0000000025732C2598
:10BD5000642C25733A736368656D6520706F776531
:10BD600072203435303A25640A00000025732C25F2
:10BD7000642C25733A736368656D6520706F776511
:10BD800072203938303A25640A00000025732C25CA
:10BD9000642C25733A736368656D6520706F7765F1
:10BDA00072203633353A25640A00000025732C25AD
:10BDB000642C25733A736368656D6520706F7377C3
:10BDC000696474683A25640A0000000025732C2514
:10BDD000642C25733A736368656D65206E656777BB
:10BDE000696474683A25640A0000000070B504466E
:10BDF0000D4628682060286AA06095F82400E0714C
:10BE0000686A20F0FF000021C4E90401A86AE06428
:10BE10002046E16CFCF7C1FD06461EB9204600F045
:10BE200003F80646304670BD2DE9F0470446206809
:10BE30000669A16B206800F0E5F8054615B12846B3
:10BE4000BDE8F087E06B0078852801D00220F7E795
:10BE500020223046E16B00F0BFF87078401C4FEABA
:10BE60004018B8F1600F02D3B8F5187F01D902204D
:10BE7000E6E700212046FCF771FB05460DB1284698
:10BE8000DEE7A16B206800F0BDF805460DB128463D
:10BE9000D6E7E06B0078C02801D00220D0E720224E
:10BEA00006F12000E16B00F097F896F823002C30A3
:10BEB0000F21B0FBF1F0B8EB401F01D20220BFE729
:10BEC000402700BF00212046FCF748FB05460DB186
:10BED0002846B5E7A16B206800F094F805460DB13F
:10BEE0002846ADE7E06B0078C12801D00220A7E723
:10BEF000B7F5187F04D2F0192022E16B00F06CF83E
:10BF000007F1200007464045DCD3B7F5187F0AD873
:10BF1000304609F083F88146B01CFFF767FC814585
:10BF200001D002208CE700208AE710B504462CB12E
:10BF30006069FEF775F908B1012010BD0020FCE72B
:10BF4000E9F7C4FBF1F75EFDEDF79EFBEDF73EFB75
:10BF5000EDF702FAEDF7CCFAEDF7E6FAEDF700FBB4
:10BF6000EDF70EFBEDF79AFDEDF7B6FDEDF7C4FD2D
:10BF7000EDF7DEFDEDF7FEFDEDF796FFEDF7B0FF17
:10BF8000EDF7CAFFEDF7E4FFEDF754FEEDF7C8FE5D
:10BF9000EDF742FFEDF74EFBEDF79CFEEDF730FEBF
:10BFA000EDF756FA00F058F8EDF752FB00F06AF89A
:10BFB00000BFFEE7F0B503461D460C46002000BF5B
:10BFC00015F8017B14F801CBA7EB0C00561E321EAE
:10BFD00001D00028F4D0F0BD30B503460C463AB18C
:10BFE00000BF14F8015B03F8015B551E2A1EF8D14F
:10BFF00030BD10B5034600BF03F8011B541E221EBE
:10C00000FAD110BD70B504460D460026A06BA842BB
:10C0100010D0204604F066F906465EB96078012328
:10C020002A4604F13C01FCF739FD10B14FF0FF3511
:10C030000126A563304670BD70B50546F8F79AFD38
:10C0400010B16FF0050404E0002415B1284607F094
:10C0500069FB204670BD000010B5F8F78BFD10B1EC
:10C060006FF0050409E00648006820B90120044982
:10C070000860002401E04FF0FF34204610BD0000AE
:10C080003CC0012070B5F8F775FD10B16FF00504E4
:10C090001FE011480068012819D100BF801F00214E
:10C0A000002804DB0A07130E0C4A135406E00A07A3
:10C0B000150E0B4A00F00F031B1FD55400BF00BF25
:10C0C00002200549086007F011FC002401E04FF050
:10C0D000FF34204670BD00003CC0012000E400E0B9
:10C0E00018ED00E02DE9F84307460D4691461C4641
:10C0F0003E464FF00008F8F73DFDE0B10EB105B146
:10C1000014B16FF0030828E0002000906A46294629
:10C11000304608F095FA012802D06FF002081CE0C2
:10C120000098D0B14FF080500D490860BFF34F8F99
:10C13000BFF36F8F11E006B115B96FF003080CE083
:10C1400022462946304608F0C7F9012805D014B127
:10C150006FF0010801E06FF002084046BDE8F88387
:10C1600004ED00E02DE9F04107463D460DB90026FB
:10C170001AE0F8F7FFFC98B100BF5021EFF31180EF
:10C1800081F31188BFF34F8FBFF36F8F044600BF59
:10C19000D5E90E10461A00BF84F3118800BF03E0F2
:10C1A000284607F001F906463046BDE8F0812DE942
:10C1B000F84305460E4614464FF00009F8F7DAFC3E
:10C1C00000283ED1002D3CD0002E3AD0471EBCB1F5
:10C1D000A06858B1E068502808D3206930B105FB49
:10C1E00006F06169814201D301270AE0A06840B9E5
:10C1F000E06830B9206920B9606910B9002700E013
:10C200000027012F09D10020009031462846A3685D
:10C21000226907F02EFF814606E02FB90022314641
:10C22000284607F0F9FE8146B9F1000F09D014B194
:10C23000D4F8008001E04FF000084146484607F07E
:10C2400003FA4846BDE8F8832DE9F84307460D4652
:10C2500091461C463E464FF00008F8F78BFCE8B1CB
:10C260000EB105B114B16FF003082AE00020009070
:10C2700000236A462946304608F08CF8012802D08F
:10C280006FF002081DE00098D8B14FF080500E49C1
:10C290000860BFF34F8FBFF36F8F12E006B115B97F
:10C2A0006FF003080DE0002322462946304607F0D0
:10C2B0009DFF012805D014B16FF0010801E06FF077
:10C2C00002084046BDE8F88304ED00E02DE9F041A6
:10C2D00004460D4624F0010604F001080027F8F793
:10C2E00049FC08B1BF1F1FE016B96FF003071BE040
:10C2F000B8F1000F0CD02946304608F0E3FA0128C7
:10C3000012D015B16FF001070EE06FF002070BE0DD
:10C310002946304608F0FAF9012805D015B16FF02A
:10C32000010701E06FF002073846BDE8F08170B503
:10C33000054625F00106F8F71DFC10B16FF0050465
:10C340000AE016B96FF0030406E0304607F0ACF9D6
:10C350000024304607F08EF9204670BD2DE9F047E5
:10C3600004460026F8F706FC00284DD10CB167689A
:10C3700000E0002707F0010008B1012500E00025DA
:10C3800007F0080008283FD04FF0FF3874B1A068CC
:10C3900028B1E068502802D34FF0010808E0A068F7
:10C3A00030B9E06820B94FF0000801E04FF0000814
:10C3B000B8F1010F0CD12DB10420A16807F017FED0
:10C3C000064612E00120A16807F011FE06460CE0C7
:10C3D000B8F1000F09D125B1042007F0F7FD06469A
:10C3E00003E0012007F0F2FD06464EB114B1D4F887
:10C3F000009001E04FF000094946304607F024F96B
:10C4000016B10DB146F001063046BDE8F0872DE9C2
:10C41000F041044624F0010504F001070026F8F776
:10C42000A9FB08B1B61F16E015B96FF0030612E0BC
:10C430003FB1284608F02CF801280CD06FF0020616
:10C4400009E000231A461946284607F0CFFE0128C6
:10C4500001D06FF002063046BDE8F0812DE9FF47BC
:10C4600080468946144600200390F8F783FB002895
:10C470004ED1B8F1000F4BD0802618258246471EBA
:10C4800044B3206808B1D4F800A0A06900B1A56940
:10C490002DB1382D03D8207900F0010018B100200B
:10C4A00004B0BDE8F087606908B160698608A068DB
:10C4B00040B1E068602805D3206918B1606908B10F
:10C4C000012708E0A06830B9E06820B9206910B9F8
:10C4D000002700E00027012F0CD12169A0684B46FE
:10C4E0003246CDE9005102905146404608F08AFAA2
:10C4F00003900DE067B903A8B2B24B465146CDE9AF
:10C500000050404608F04CFA012801D0002003906A
:10C510000398C5E72DE9F04780460C4604F11A0060
:10C52000FFF764F910B10020BDE8F087207820F013
:10C530004000401E00EB800101EBC0054FF00109F7
:10C54000002619E01449895D0819FFF74FF90746DD
:10C55000B9F1000F09D0FF2D01D30020E4E7B9465F
:10C5600028466D1C28F8107005E04FF6FF708742D2
:10C5700001D00020D8E7761C0D2EE3D3207800F000
:10C58000400030B1FF2D01D30020CDE7002028F876
:10C5900015000120C8E700005C5E020810B5444B9E
:10C5A00040F6A93243A14AA0E3F7CEFF00204E494E
:10C5B000A1F8C80AA1F8CA0AA1F8CC0AA1F8CE0AC3
:10C5C000A1F8D00AA1F8D20AA1F8D40AA1F8D60A93
:10C5D000F1F7A4FFF1F7B0FFF1F7BCFFF1F7C8FFE7
:10C5E000F1F7D4FFF1F7E0FFF1F7ECFFF1F7F8FF17
:10C5F000002280213D48E8F741FB2D4B40F6AF3249
:10C600002CA13BA0E3F7A0FFE6F75EFE0021404827
:10C61000EAF7C6FE264B40F6B23226A13DA0E3F76C
:10C6200093FF45F6A020F0F7ADFE02F0C5FA042115
:10C630003E48EAF7B5FE1E4B40F6B6321DA13CA0BF
:10C64000E3F782FF45F20620F0F79CFE184B40F618
:10C65000B83218A13DA0E3F777FF4FF4A440F0F7FC
:10C6600091FE45F20220F0F78DFE45F20120F0F731
:10C6700089FE0F4B40F6BC320EA13BA0E3F764FFEE
:10C6800045F20920F0F77EFE45F20720F0F77AFE2A
:10C6900045F20820F0F792FF054B4FF43C6205A1EC
:10C6A00039A0E3F751FF00200F49A1F82C0510BD78
:10C6B000436702082E2E5C2E2E5C4D61696E417020
:10C6C000705C6463486D694170702E630000000007
:10C6D00025732C25642C25733A73687574646F7701
:10C6E0006E20646163210A0098EA00200010024075
:10C6F00025732C25642C25733A73687574646F77E1
:10C700006E206C6173657220706F776572210A000C
:10C710006803002025732C25642C25733A736875F3
:10C7200074646F776E2061696D210A002003002018
:10C7300025732C25642C25733A73687574646F77A0
:10C740006E20636F6F6C210A0000000025732C259A
:10C75000642C25733A73687574646F776E20726207
:10C7600067206C6564210A0025732C25642C2573D1
:10C770003A73687574646F776E2032345620706F28
:10C78000776572210A00000025732C25642C25731F
:10C790003A696E746F206964656C210A00000000BC
:10C7A00010B545F20720F0F709FF45F20920F0F730
:10C7B00005FF45F20820F0F7E5FD02F03FFA094BCE
:10C7C00040F6CC3208A10FA0E3F7BEFE12A0E3F7BB
:10C7D000BBFE044B40F6CE3203A10AA0E3F7B4FE41
:10C7E00010BD00004D6702082E2E5C2E2E5C4D61A0
:10C7F000696E4170705C6463486D694170702E634E
:10C800000000000025732C25642C25733A706F7787
:10C8100065727570210A00000A0A0A002DE9F041CC
:10C8200005460E461648076816480068001D06F0C3
:10C83000A7FD681C38B936B112480168091D1248B5
:10C8400006F00CFE1AE07C190E4800684460BC42F9
:10C8500007D20C480168091D0C48006806F0E4FD89
:10C860000CE008480168091D0948006806F0DCFD75
:10C8700008480068844201D206480460BDE8F0819F
:10C88000300000201C000020A023002024000020F5
:10C89000200000204C00002010B5044606F0EAFD00
:10C8A00024480068401C234908602348006840B9B8
:10C8B000214804600846006801280DD100F016FAEE
:10C8C0000AE01E48006838B91B480068C06AE16A7F
:10C8D000884201D81848046019480068401C18496B
:10C8E00008600846006860641649E06A0968884282
:10C8F00002D91449E06A0860E16A01EB8101124A39
:10C9000002EB8100211D06F0A9FD06F0DDFD0B48BC
:10C91000006868B108480068C06AE16A884207D2C6
:10C920004FF0805009490860BFF34F8FBFF36F8FFE
:10C9300010BD00002C0000201C000020380000204A
:10C940004800002034000020F01E002004ED00E02C
:10C9500008B506F08FFD12480068E8B9114806F0E6
:10C9600053FD114806F050FD0E48104908600E486E
:10C970000F49086000200F4B0F4A102100900A2039
:10C9800007F077FB064908600846006820B10BA154
:10C990000348006806F058FE06F096FD08BD00004A
:10C9A0006000002044C3012058C30120580000202B
:10C9B0005C0000206CC30120BCC30120546D725187
:10C9C0000000000010B516E006F054FD0C48C068E9
:10C9D000C468201D06F0D4FC0A480068401E0949BE
:10C9E000086009480068401E0749086006F06CFDB1
:10C9F000204600F05FF8044800680028E4D110BD2C
:10CA00008C2300202C0000202800002070B5044654
:10CA10000D46206C70B1216CE0680144E160D4E9FE
:10CA20000210884201D32168E1602846226CE16847
:10CA3000E4F705F870BD2DE9F04104460F461546B0
:10CA40004FF00008A66B206C48B9206800282CD154
:10CA5000A06808F0F3F880460020A06025E07DB9CA
:10CA60003946226C6068E3F7EAFF216C606808448D
:10CA70006060D4E90101884217D32068606014E047
:10CA80003946226CE068E3F7DAFF216CE068411A6E
:10CA9000E1602168E068884203D2216CA068411AF5
:10CAA000E160022D01D106B1761E701CA0634046E4
:10CAB000BDE8F08110B5044694F85D0030B9206BF4
:10CAC00006F020FD204606F01DFD1AE094F85D00FA
:10CAD000012803D1204606F015FD12E094F85D0010
:10CAE000022801D1012000E0002050B900BF5020F1
:10CAF00080F31188BFF34F8FBFF36F8F00BF00BF6C
:10CB0000FEE710BD01464A6A22B10A6B1268C2F103
:10CB1000380000E0002070470146084A1268126899
:10CB20000AB9012200E000220A600A6822B9034A19
:10CB30001268D268106800E000207047580000209A
:10CB400030B54FF44043174800F007042CB1C01D26
:10CB500020F00700134C041B1B1B0246124C2260E2
:10CB60000024114D6C60D018083820F007000F4CDD
:10CB7000206000240D4D2D686C600C4D2D682C60DC
:10CB80001146441A4C60094C24680C60084D4C68EE
:10CB90002C60084D4C682C604FF00044064D2C6012
:10CBA00030BD0000742A002040C0012048C0012090
:10CBB00050C001204CC001205CC0012000BFFFF725
:10CBC00001FF064800680128F9D94FF08050044958
:10CBD0000860BFF34F8FBFF36F8FF0E7F01E0020A8
:10CBE00004ED00E010B5044654B10020A0602060C0
:10CBF0000021E16000231A461946204607F0F6FAA4
:10CC000010BD2DE9F04106460D4617469846069C94
:10CC10000DB9246000E02760E66325640121204609
:10CC200007F098FA84F84C80BDE8F0812DE9F05FB8
:10CC300082460E4690469B460A9F0C9C4FEA88010E
:10CC4000A522206BE3F772FFA8F10100216B01EB35
:10CC5000800929F0070909F0070008B9012000E060
:10CC6000002050B900BF502080F31188BFF34F8FD0
:10CC7000BFF36F8F00BF00BFFEE786B1002507E05E
:10CC8000715D04F134004155705D00B902E06D1C26
:10CC9000102DF5D300BF00214320015502E00020F4
:10CCA00084F83400382F00D33727E762E764002088
:10CCB0002065201D06F0B5FB04F1180006F0B1FB5D
:10CCC0002461C7F13800A061646200206065A0653E
:10CCD00084F85C005A465146484600F063FC2060E8
:10CCE0000B9808B10B980460BDE8F09F10B50024C4
:10CCF00007E004EB84010F4A02EB810006F084FB9D
:10CD0000641C382CF5D30C4806F07EFB0B4806F06B
:10CD10007BFB0B4806F078FB0A4806F075FB0A48D7
:10CD200006F072FB04480949086004480849086095
:10CD300010BD0000F01E00205023002064230020BE
:10CD4000782300208C230020A02300202000002036
:10CD50002400002010B50146164800E00068036872
:10CD60008B42FBD30246436813448B4204D1436891
:10CD70004C682344436001460A464B6813440468E8
:10CD8000A34211D10C4C03682468A34208D04B681D
:10CD90000468646823444B6003681B680B6005E00B
:10CDA000054B1B680B6001E003680B60884200D0F4
:10CDB000016010BD40C0012048C001202DE9F041B4
:10CDC00004460D4616461F464FF000086560246174
:10CDD000B5420CD8F01BA169884202D34FF001087C
:10CDE00011E0211D0948006806F01EFB0BE0BE4261
:10CDF00004D2BD4202D34FF0010804E0211D0448D3
:10CE0000006806F011FB4046BDE8F0815C000020A0
:10CE10005800002070B5054606F02CFBA86B08B939
:10CE2000012400E0002406F04FFB204670BD70B5E1
:10CE3000054606F01FFBA86BE96B884201D101246F
:10CE400000E0002406F040FB204670BDF8B5054622
:10CE50000F461A480068C068C468201D06F090FAA2
:10CE600094F8280000F00400E8B1A06941192B46AD
:10CE70003A462046FFF7A2FFD8B1002003462A46D3
:10CE800001460090204608F087F8064656B900BFD4
:10CE9000502080F31188BFF34F8FBFF36F8F00BF17
:10CEA00000BFFEE705E094F8280020F0010084F8B8
:10CEB00028002046216A8847F8BD0000580000205D
:10CEC000F0B587B0A0E00398002811DA04AE56B997
:10CED00000BF502080F31188BFF34F8FBFF36F8FD7
:10CEE00000BF00BFFEE7D6E90020B168904700BF51
:10CEF00003980028E6DB059C606908B9012000E082
:10CF0000002010B9201D06F03BFA02A800F0DEF860
:10CF1000054603980A2875D2DFE800F009050739AD
:10CF2000416306083A4200BF00BF00BF00BF94F84B
:10CF3000280040F0010084F828000498A2698118B4
:10CF400003462A462046FFF739FFF8B12046216AFA
:10CF5000884794F8280000F00400B8B10020009041
:10CF60000498A169421800231946204608F014F8D5
:10CF7000074657B900BF502080F31188BFF34F8F89
:10CF8000BFF36F8F00BF00BFFEE700BF3BE000BFF5
:10CF900094F8280020F0010084F8280033E000BF56
:10CFA00094F8280040F0010084F828000498A0615B
:10CFB000A06908B1012000E0002050B900BF502056
:10CFC00080F31188BFF34F8FBFF36F8F00BF00BF97
:10CFD000FEE7A06941192B462A462046FFF7EEFEE0
:10CFE00011E094F8280000F0020018B9204606F07D
:10CFF00089FA05E094F8280020F0010084F8280060
:10D0000001E0FFE700BF00BF002203A90448006859
:10D0100007F062FA00287FF456AF07B0F0BD0000B9
:10D0200060000020F8B505460C4606F0BBFC6846DB
:10D0300000F04CF80646009820BB44B9B54206D82B
:10D0400007F0ECFE31462846FFF700FF1CE03CB13C
:10D050000E480068006808B9012000E0002004467E
:10D06000A91B22460A48006806F036FB07F0D6FEE8
:10D0700050B94FF0805007490860BFF34F8FBFF39E
:10D080006F8F01E007F0CAFEF8BD00005C000020D1
:10D090006000002004ED00E00A490968096809B948
:10D0A000012100E0002121B14FF0FF31064A11605B
:10D0B00006E004490968C968C868034A4168116004
:10D0C00070470000200000204C00002070B504468E
:10D0D00007F00CFD054607480068854204D200F0C1
:10D0E0000BF80120206001E000202060014805606D
:10D0F000284670BD680000202DE9F84334E025483B
:10D100000068C068056823480068C068C468201DBE
:10D1100006F036F92046216A884794F8280000F086
:10D12000040008B3A0694619AE4207D966602461BD
:10D13000211D1848006806F077F915E00020034625
:10D140002A4601460090204607F026FF074657B9B9
:10D1500000BF502080F31188BFF34F8FBFF36F8F54
:10D1600000BF00BFFEE700BF0A480068006808B9BA
:10D17000012000E000200028C1D00648D0F800803F
:10D1800005480068034908600348C0F80080BDE80E
:10D19000F8830000580000205C0000200E48006862
:10D1A000401C08B9012000E0002050B900BF502009
:10D1B00080F31188BFF34F8FBFF36F8F00BF00BFA5
:10D1C000FEE700BF502080F31188BFF34F8FBFF3FD
:10D1D0006F8F00BF00BFFEE760C0012008B500BF31
:10D1E0006846FFF799FC044620460099FFF71AFFAE
:10D1F000FFF766FEF4E770B5044606F03BF994F9D4
:10D20000455010E0606A08B9012000E0002038B9FC
:10D2100004F1240007F0B6FD18B106F0BDFA00E0F5
:10D2200003E0681E45B2002DECDC00BFFF2084F84F
:10D23000450006F049F906F01DF994F9445010E054
:10D24000206908B9012000E0002048B904F110006D
:10D2500007F098FD08B106F09FFA681E45B200E09D
:10D2600001E0002DECDC00BFFF2084F8440006F054
:10D270002BF970BD2DE9F04704460D4616464FF0D8
:10D280000209022D77D3206AA84274D92078012898
:10D2900006D002284BD0032861D004280DD15FE0CE
:10D2A0002F4607EB5707E06A00EB57212046FEF7B1
:10D2B000A9FE8146B9F1000F00D079E038467F1C05
:10D2C000C0F3080104F13C0001EB000805F0010087
:10D2D00028B1F1B298F8000061F31F1000E0304669
:10D2E00088F800000120E070E06A00EB572120463A
:10D2F000FEF788FE8146B9F1000F00D058E0C7F371
:10D30000080104F13C0001EB000805F0010010B138
:10D31000C6F3071006E098F8000000F0F000C6F32E
:10D320000321084388F800000120E07040E0E06A33
:10D3300000EB15212046FEF765FE8146B9F1000F8E
:10D3400000D035E0B1B240F2FF1202EA450304F129
:10D350003C02981802F006FF0120E07028E000BFB0
:10D36000E06A00EBD5112046FEF74CFE8146B9F18C
:10D37000000F01D01CE01CE0207804280BD040F204
:10D38000FF1101EA850204F13C015018FEF7F1F9A2
:10D3900066F31B00064640F2FF1101EA850204F124
:10D3A0003C015018314602F0A3FE0120E07000BF9E
:10D3B00000BF4846BDE8F0872DE9F04707460C4618
:10D3C0001546984684F80D800F20E07200202073E7
:10D3D000002104F11A0002F0C5FE681E00EB800176
:10D3E00001EBC00900200646824600BF4FF6FF70E1
:10D3F000864204D0484609F1010937F810600D490A
:10D4000011F80A100819314602F0ACFE0EB94FF6B9
:10D41000FF760AF1010082460D28E7D34FF6FF7030
:10D42000864202D037F8190008B945F0400525704A
:10D43000BDE8F0875C5E02082DE9F04104464FF03C
:10D44000000806F0AFFA4948006808B9FFF778FB12
:10D45000474800682040002870D1D4B1083404F057
:10D460000700B0B104F00700C0F10800044404F064
:10D47000070008B9012000E0002050B900BF50208B
:10D4800080F31188BFF34F8FBFF36F8F00BF00BFD2
:10D49000FEE7002C52D03748006884424ED8364E02
:10D4A0003046056801E02E462D686868A04202D229
:10D4B00028680028F7D12D48006885423ED03068A2
:10D4C00000F10808286830606868001B102819D926
:10D4D0002F1907F0070008B9012000E0002050B91B
:10D4E00000BF502080F31188BFF34F8FBFF36F8FC1
:10D4F00000BF00BFFEE76868001B78606C603846BC
:10D50000FFF728FC1B4968680968081A1949086070
:10D510000846006819490968884203D2154800681E
:10D520001649086012496868096808436860002065
:10D53000286013480068401C1149086007F06EFC21
:10D5400008F0070008B9012000E0002050B900BF32
:10D55000502080F31188BFF34F8FBFF36F8F00BF50
:10D5600000BFFEE74046BDE8F081000048C0012052
:10D570005CC001204CC0012040C0012050C00120EF
:10D5800054C001200648006830B10549096801F11E
:10D590005000096D491C0160014800687047000097
:10D5A0001C000020001F4FF080730360001F21F05B
:10D5B00001030360001F054B036014380260001F65
:10D5C0006FF0020303602038704700009DD101080E
:10D5D000F8B504460D460026002000902FE068466E
:10D5E00000F038F81948008820B99DF80000EE28AE
:10D5F00000D024E015480088A84208DA9DF8001001
:10D60000124802880088401C104B1880A1549DF8D5
:10D6100000000F49096840EA01200D4908600846EA
:10D6200000686FF44031884208D10848068800201D
:10D6300007490860054908803046F8BD00BF00F082
:10D640004BF80028CBDC0020F7E7000038C10120B0
:10D6500034C1012001460B4840880A4A1288904292
:10D660000FD008484288001D805C0870054A528827
:10D67000501CC21700EB92529212A0EB8222014B77
:10D680005A807047BC40012001460A4B1B88581C39
:10D69000C31700EB93539B12A0EB83239AB2054868
:10D6A0004088904205D003480388001DC154001FE4
:10D6B00002807047BC400120002004494880088057
:10D6C000034908600349088070470000BC400120FE
:10D6D00034C1012038C101200748008800F580606E
:10D6E000054A5288811AC81701EB90508012A1EBAD
:10D6F000802080B270470000BC40012006480068CE
:10D70000064908600448001D006848600248083067
:10D710000068886070470000107AFF1FB040012049
:10D7200010B50446E2B20B210920EFF7F8FF10BD57
:10D7300010B50446E2B20D210920F0F719F8E2B263
:10D740000E210920F0F714F8E2B20F210920F0F7BA
:10D750000FF8E2B210210920F0F70AF810BD2DE908
:10D76000F05F06460F4690464FF000093468BA460F
:10D77000BB46022F02D3206AB84202D80220BDE87D
:10D78000F09FB8F1000F11D02078042802D1F07971
:10D7900002280BD04FF0FF3241462046FFF76AFDCA
:10D7A0008146B9F1000F01D04846E8E700BF39468D
:10D7B0003046FDF715FD054605B93EE0012D01D1C6
:10D7C0000220DCE7681C08B90120D8E7207804288B
:10D7D0000AD0002239462046FFF74CFD8146B9F1B8
:10D7E000000F01D04846CAE7D4E90710801E8142E5
:10D7F00006D2E069401CE061207940F00100207110
:10D800000BF10100A84201D1AB4612E020780428B8
:10D810000DD1ABEB0A00421C002351462046F7F71E
:10D8200093FB8146B9F1000F01D04846A7E7AB460C
:10D83000AA462F46206AB842B9D800BF20780428EB
:10D8400012D1B8F1000F02D10020F0710CE0F07994
:10D85000032809D1B068404506D8B169B0680844CA
:10D86000404501D30220F071002088E710B5EE207A
:10D87000FDF70EFE0720FDF70BFE3520FDF708FE35
:10D880005A20FDF705FE5320FDF702FEA520FDF707
:10D89000FFFDFF20FDF7FCFDFC20FDF7F9FDFF205B
:10D8A000FDF7F6FDFF20FDF7F3FD10BD10B50A20D2
:10D8B000EFF768FD0B20EFF765FD42F20F20EFF761
:10D8C00061FD42F21020EFF75DFD42F21120EFF70B
:10D8D00059FD32200B49A1F844000A20A1F8460066
:10D8E0006420A1F84800012001F0D6FC0020054981
:10D8F000A1F84000A1F84200E5F75EFDECF78AFBD5
:10D9000010BD000098EA002010B5002014490870EE
:10D910001449087014490870144908708C2114487F
:10D92000E3F70CF98C211348E3F708F93C2112487E
:10D93000E3F704F93C211148E3F700F946220C49CA
:10D940000F48E6F731FA1E2209490E48E6F72CFA8D
:10D950000D4B21220DA114A0E2F7F6FD10BD000031
:10D96000D6C00120D7C00120D8C00120D9C00120D5
:10D97000CC22012058230120E4230120202401206F
:10D980003CC1012084C10120046602082E2E5C2EB9
:10D990002E5C73506C63506F72745C73506C634197
:10D9A00064632E630000000025732C25642C25730E
:10D9B0003A73746172742061646320696E69742EB5
:10D9C0002E2E2E2E2E0A000030B587B000BF9848AC
:10D9D00000780028FBD00020954908709548007811
:10D9E00000287CD19448E6F7BDFA46229349924834
:10D9F000E6F7DAF901208F4908701C216846E3F741
:10DA0000BFF8002412E000250CE05DF82400C5EB0F
:10DA1000C50121448A4A32F8111008444DF8240007
:10DA2000681CC5B20A2DF0DB601CC4B2072CEADB0F
:10DA30009DED000AB8EE400AF2EE040A80EE201ACC
:10DA4000BCEEC10A10EE100A00B27E49A1F8A00A8D
:10DA50009DED010AB8EE400AF2EE040A80EE201AAB
:10DA6000BCEEC10A10EE100A00B2A1F8A20A9DEDA8
:10DA7000020AB8EE400AF2EE040A80EE201ABCEE6A
:10DA8000C10A10EE100A00B2A1F8B00A9DED030A17
:10DA9000B8EE400AF2EE040A80EE201ABCEEC10A8B
:10DAA00010EE100A00B2A1F8AE0A9DED040AB8EE1D
:10DAB000400AF2EE040A80EE201ABCEEC10A10EE13
:10DAC000100A00B2A1F8B20A9DED050AB8EE400AAC
:10DAD000F2EE040A80EE201ABCEEC10A00E014E067
:10DAE00010EE100A00B2A1F8B40A9DED060AB8EED5
:10DAF000400AF2EE040A80EE201ABCEEC10A10EED3
:10DB0000100A00B2A1F8B60A8FE04B48E6F72AFAED
:10DB100046224B494848E6F747F900204549087036
:10DB20001C216846E3F72CF8002412E000250CE0E5
:10DB30005DF82400C5EBC5012144404A32F81110BC
:10DB400008444DF82400681CC5B20A2DF0DB601CA7
:10DB5000C4B2072CEADB9DED000AB8EE400AF2EEF3
:10DB6000040A80EE201ABCEEC10A10EE100A00B2C0
:10DB70003449A1F8A00A9DED010AB8EE400AF2EE80
:10DB8000040A80EE201ABCEEC10A10EE100A00B2A0
:10DB9000A1F8A20A9DED020AB8EE400AF2EE040ACC
:10DBA00080EE201ABCEEC10A10EE100A00B2A1F8F5
:10DBB000B00A9DED030AB8EE400AF2EE040A80EEC8
:10DBC000201ABCEEC10A10EE100A00B2A1F8AE0A8B
:10DBD0009DED040AB8EE400AF2EE040A80EE201A27
:10DBE000BCEEC10A10EE100A00B2A1F8B20A9DED17
:10DBF000050AB8EE400AF2EE040A80EE201ABCEEE6
:10DC0000C10A10EE100A00B2A1F8B40A9DED060A8E
:10DC1000B8EE400AF2EE040A80EE201ABCEEC10A09
:10DC200010EE100A00B2A1F8B60A07B030BD00002D
:10DC3000D7C00120D6C001203CC1012058230120BB
:10DC4000CC22012098EA00203EB500BF5948007858
:10DC50000028FBD00020574908705748007800285A
:10DC600054D15648E6F77EF91E2255495348E6F747
:10DC70009BF801205049087000200090019002900C
:10DC8000002412E000250CE05DF8240005EB4501BE
:10DC900021444C4A32F8111008444DF82400681C05
:10DCA000C5B20A2DF0DB601CC4B2032CEADB9DED8B
:10DCB000000AB8EE400AF2EE040A80EE201ABCEE2A
:10DCC000C10A10EE100A00B23F49A1F8A00A9DED6A
:10DCD000010AB8EE400AF2EE040A80EE201ABCEE09
:10DCE000C10A10EE100A00B2A1F8980A9DED020ACE
:10DCF000B8EE400AF2EE040A80EE201ABCEEC10A29
:10DD000010EE100A00B2A1F8B00A52E02B48E6F774
:10DD100029F91E222B492948E6F746F80020264912
:10DD20000870009001900290002412E000250CE0A1
:10DD30005DF8240005EB45012144214A32F8111019
:10DD400008444DF82400681CC5B20A2DF0DB601CA5
:10DD5000C4B2032CEADB9DED000AB8EE400AF2EEF5
:10DD6000040A80EE201ABCEEC10A10EE100A00B2BE
:10DD70001549A1F8A00A9DED010AB8EE400AF2EE9D
:10DD8000040A80EE201ABCEEC10A10EE100A00B29E
:10DD9000A1F8980A9DED020AB8EE400AF2EE040AD4
:10DDA00080EE201ABCEEC10A10EE100A00B2A1F8F3
:10DDB000B00A3EBDD9C00120D8C0012084C10120D5
:10DDC00020240120E423012098EA002045F67F71F9
:10DDD000884201D900BFFEE77047B0F5BF6F01DB95
:10DDE00000BFFEE7704710B5F7F746FFF7F7EAFE0A
:10DDF00010BD000010B500F0B9FA0620F7F78EF953
:10DE0000044BB32204A109A0E2F79EFB00F0AFFA95
:10DE100010BD0000BA6502082E2E5C2E2E5C7350D9
:10DE20006C635C73506C632E6300000025732C25BB
:10DE3000642C25733A636C656172204644204E560B
:10DE400052414D20646F6E652E2E2E0A0000000098
:10DE500010B500F08BFA0320F7F760F94FF480510A
:10DE60000548E2F76BFE054BAD2205A109A0E2F7DC
:10DE70006BFB00F07CFA10BD78020120AB65020854
:10DE80002E2E5C2E2E5C73506C635C73506C632E74
:10DE90006300000025732C25642C25733A636C65A0
:10DEA0006172204644204E5652414D20646F6E658B
:10DEB0002E2E2E0A0000000010B500F057FA4FF485
:10DEC00080520B494FF40870FAF73AFE044600F00E
:10DED0004EFA34B1074B972207A10CA0E2F734FBAE
:10DEE00005E0044B9A2204A111A0E2F72DFB10BD1E
:10DEF000780201208F6502082E2E5C2E2E5C735056
:10DF00006C635C73506C632E6300000025732C25DA
:10DF1000642C25733A6C6F6164204644204E56523F
:10DF2000414D20637263206661696C2121210A00E2
:10DF300025732C25642C25733A6C6F61642046444C
:10DF4000204E5652414D20646F6E652E2E2E0A00D3
:10DF500010B500F00BFA4FF480520B494FF40870E3
:10DF6000FAF7F6FE044634B1084BA22208A10DA030
:10DF7000E2F7EAFA05E0054BA52205A111A0E2F7B8
:10DF8000E3FA00F0F4F910BD780201209D65020863
:10DF90002E2E5C2E2E5C73506C635C73506C632E63
:10DFA0006300000025732C25642C25733A73617679
:10DFB00065204644204E5652414D206661696C2EC4
:10DFC0002E2E0A0025732C25642C25733A73617656
:10DFD00065204644204E5652414D20646F6E652E9A
:10DFE0002E2E0A0008B52A4B40F2151229A12EA0A8
:10DFF000E2F7AAFA0120FBF739F8FDF7FDFBFFF77E
:10E000007DFB00F0ABFAFFF757FFFDF7D5F82D4980
:10E010000860FDF7BDF82C4908602A4800681C4BD1
:10E020004FF490721BA1009028A0E2F78DFA2648C9
:10E030000068174B40F2211216A100902BA0E2F7C6
:10E0400083FA4FF4B540EFF7B9FA45F68120EFF7C0
:10E05000B5FA00F05DF800F04DFCFFF7C4FEFFF7E5
:10E0600053FC00F085F900F079FF00F0E7FD002295
:10E070004FF400612448E6F701FE00220121234805
:10E08000E6F7FCFD45F20320EFF77CF908BD000040
:10E09000E36502082E2E5C2E2E5C73506C635C735D
:10E0A000506C632E6300000025732C25642C2573AF
:10E0B0003A7374617274204170702E2E2E2E2E2EA3
:10E0C0000A000000BCC00120C0C0012025732C251F
:10E0D000642C25733A626F6F746C6F616420637295
:10E0E000633A3078253038580A00000025732C2513
:10E0F000642C25733A617070206372633A3078251E
:10E100003038580A0000000000200240001402408D
:10E1100010B580210448E2F711FD044B082204A148
:10E120000AA0E2F711FA10BD6BC4012010660208C4
:10E130002E2E5C2E2E5C73506C63506F72745C7369
:10E14000506C63496F496E2E6300000025732C25C7
:10E15000642C25733A696E70757420696E69742E2B
:10E160002E2E2E2E2E0A000010B501217948E6F73A
:10E170007DFD0446A4B9784890F900000A2806DA23
:10E1800075480078401C40B2734908701DE0734820
:10E19000B0F9300A40F001007049A1F8300A14E0EB
:10E1A0006D4890F9000010F10A0F06DD6A4800780A
:10E1B000401E40B26849087007E06848B0F9300A6C
:10E1C00020F001006549A1F8300A4FF4004164488D
:10E1D000E6F74CFD0446A4B95F4890F901000A280F
:10E1E00006DA5D484078401C40B25B4948701DE04B
:10E1F0005A48B0F9300A40F002005849A1F8300AF4
:10E2000014E0554890F9010010F10A0F06DD52485C
:10E210004078401E40B25049487007E04F48B0F97E
:10E22000300A20F002004D49A1F8300A20214D4863
:10E23000E6F71CFD0446A4B9474890F902000A28F5
:10E2400006DA45488078401C40B2434988701DE09A
:10E250004248B0F9300A40F004004049A1F8300AC1
:10E2600014E03D4890F9020010F10A0F06DD3A482B
:10E270008078401E40B23849887007E03748B0F9CE
:10E28000300A20F004003549A1F8300A4021354811
:10E29000E6F7ECFC04463148B0F9620A3249B1F9BC
:10E2A0004210884214DC2C4890F904000A2806DA4F
:10E2B00029480079401C40B2274908711DE02748D1
:10E2C000B0F9300A40F010002449A1F8300A14E0F7
:10E2D000214890F9040010F10A0F06DD1E4800796C
:10E2E000401E40B21C49087107E01C48B0F9300AD2
:10E2F00020F010001949A1F8300A0024A4B91648EA
:10E3000090F905000A2806DA13484079401C40B20B
:10E31000114948711DE01148B0F9300A40F0200061
:10E320000E49A1F8300A14E00B4890F9050010F1ED
:10E330000A0F06DD08484079401E40B20649487180
:10E3400007E00648B0F9300A20F020000349A1F8A0
:10E35000300A10BD000C02406BC4012098EA002076
:10E36000001C0240001802407822012070477047CC
:10E3700010B500224FF480411448E6F77FFC0022DC
:10E380004FF400511148E6F779FC002001F0FAFA49
:10E3900000200F4908700F4908800F4908800F4975
:10E3A00008800F4908800F4908800F4908800F49ED
:10E3B00008800F4908800F4908700F4908700F4BFB
:10E3C000B3220FA115A0E2F7BFF810BD0010024064
:10E3D000EA000020EC000020EE000020F000002009
:10E3E000F2000020F4000020F6000020F8000020D9
:10E3F000FA000020FC000020FE0000203966020820
:10E400002E2E5C2E2E5C73506C63506F72745C7396
:10E41000506C634C617365722E63000025732C256C
:10E42000642C25733A6C617365722074696D657232
:10E4300020696E69742E2E2E2E2E2E0A00000000EA
:10E4400010B5254890F90000012802D0022840D1DB
:10E450000BE02248008838B9FDF716F91F480088FC
:10E46000401C00B21D49088034E01C48B0F900008F
:10E47000002809DB1948B0F900001949B1F900106A
:10E48000884201DAFDF700F91448B0F90000144998
:10E49000B1F90010884209DB1048B0F900001149B9
:10E4A000B1F90010884201DAFDF724F90B48B0F900
:10E4B00000000C49B1F90010884203DB4FF0FF3037
:10E4C0000649088005480088401C00B203490880BE
:10E4D00000E000BF00BF10BDEA000020EC000020FB
:10E4E000EE000020F000002010B5FFF73FFF0220F3
:10E4F000F6F714FE4FF43F610848E2F71FFB4FF4B4
:10E500003F610748E2F71AFBFFF731FF054B8F2207
:10E5100005A10AA0E2F718F810BD000098EA002053
:10E5200088F60020806502082E2E5C2E2E5C73502B
:10E530006C635C73506C632E6300000025732C25A4
:10E54000642C25733A636C656172204E5652414DBE
:10E5500020646F6E652E2E2E0A0000007FB54FF4EA
:10E560003F612948E2F7EAFA402227490020FAF7FA
:10E57000E7FA03A941F66450FAF766FB1022224934
:10E580002248E5F789FE04464FF480621E49403177
:10E590002020FAF7D5FA02A941F66850FAF754FBA1
:10E5A0004FF48072184940311848E5F775FE05466A
:10E5B0004FF43F6214491648E2F741FA0398154BAD
:10E5C000472215A1CDE9000418A0E1F7BDFF02988C
:10E5D000104B482210A1CDE9000521A0E1F7B4FFBE
:10E5E0000398A04209D00298A84206D0094B4A22BB
:10E5F00009A128A0E1F7A8FF05E0064B4D2206A1DE
:10E600002DA0E1F7A1FF7FBD98EA002008000020BF
:10E6100088F60020546502082E2E5C2E2E5C735066
:10E620006C635C73506C632E6300000025732C25B3
:10E63000642C25733A4D52204550524F4D20435281
:10E64000433A3078253038582C4D522043414C43C2
:10E65000204352433A3078253038580A00000000F1
:10E6600025732C25642C25733A444D204550524F78
:10E670004D204352433A3078253038582C444D20B1
:10E6800043414C43204352433A3078253038580AAE
:10E690000000000025732C25642C25733A6C6F61F3
:10E6A00064204E5652414D20637263206661696C4E
:10E6B0002E2E2E0A0000000025732C25642C2573B5
:10E6C0003A6C6F6164204E5652414D20646F6E6506
:10E6D0002E2E2E0A000000001FB5402216490020F1
:10E6E000FAF736FB102214491448E5F7D5FD0390DC
:10E6F00003A941F66450FAF735FC4FF480620E49E5
:10E7000040312020FAF724FB4FF480720A4940314F
:10E710000A48E5F7C1FD029002A941F66850FAF7F0
:10E7200021FCDDE90210064B5A22CDE9000105A1CA
:10E7300009A0E1F709FF1FBD98EA002008000020AA
:10E74000626502082E2E5C2E2E5C73506C635C7327
:10E75000506C632E6300000025732C25642C2573F8
:10E760003A73617665204E5652414D20646F6E6556
:10E770002E2E2E284D52204352433A3078253038E1
:10E78000582C444D204352433A307825303858298C
:10E790000A0000002DE9FE434FF00008324D334ED1
:10E7A00000240DE028783178884205D0A0B22946AF
:10E7B000FAF758FB48F0FF086D1C761C601C84B209
:10E7C000402CEFDBB8F1000F0AD010222649284870
:10E7D000E5F762FD029002A941F66450FAF7C2FB28
:10E7E0000027214D4035214E403600240FE0287887
:10E7F0003178884207D004F1200188B22946FAF71F
:10E8000031FB47F0FF076D1C761C601C84B2B4F529
:10E81000806FECDB67B14FF48072134940311448CC
:10E82000E5F73AFD019001A941F66850FAF79AFB25
:10E830004FF43F620C490D48E2F701F9B8F1000FBF
:10E8400007D002980B4B83220BA100900FA0E1F799
:10E850007BFE3FB10198074B862207A1009018A0CC
:10E86000E1F772FEBDE8FE8398EA002088F60020FA
:10E8700008000020706502082E2E5C2E2E5C73505E
:10E880006C635C73506C632E6300000025732C2551
:10E89000642C25733A757064617465204D52204E66
:10E8A0005652414D20646F6E652E2E2E284D5220FB
:10E8B0004352433A307825303858290A0000000086
:10E8C00025732C25642C25733A757064617465205A
:10E8D000444D204E5652414D20646F6E652E2E2EB3
:10E8E00028444D204352433A307825303858290A7D
:10E8F0000000000010B500200F49A1F8400A00BF39
:10E9000000224FF400610D48E6F7B8F9002201211A
:10E910000B48E6F7B3F9012211020848E6F7AEF911
:10E92000012251030748E6F7A9F9074B0C2207A17A
:10E930000DA0E1F709FE10BD98EA0020002002407A
:10E9400000140240000802401E6602082E2E5C2EB3
:10E950002E5C73506C63506F72745C73506C6349BF
:10E960006F4F75742E63000025732C25642C25735E
:10E970003A6F757470757420696E69742E2E2E2E20
:10E980002E2E0A0010B54FF4A440EAF761FB4FF4B5
:10E99000A440EAF729FB45F20120EAF759FB20B130
:10E9A0000122D1024248E6F769F945F20120EAF76F
:10E9B0001BFB28B100224FF400613D48E6F75EF9E9
:10E9C00045F20220EAF744FB20B101221146394802
:10E9D000E6F754F945F20220EAF706FB20B10022DF
:10E9E00001213448E6F74AF945F20320EAF730FB03
:10E9F00028B100224FF480712D48E6F73FF945F227
:10EA00000320EAF7F1FA20B1012211022848E6F7C3
:10EA100035F945F20420EAF71BFB28B100224FF438
:10EA200000512548E6F72AF945F20420EAF7DCFA16
:10EA300020B1012251032048E6F720F945F20520D4
:10EA4000EAF706FB45F20520EAF7CEFA45F2062082
:10EA5000EAF7FEFA00B100BF45F20620EAF7C4FA71
:10EA600000B100BF45F20720EAF7F2FA00B100BF9B
:10EA700045F20720EAF7B8FA00B100BF45F20820D6
:10EA8000EAF7E6FA00B100BF45F20820EAF7ACFA6F
:10EA900000B100BF45F20920EAF7DAFA00B100BF81
:10EAA00045F20920EAF7A0FA00B100BF10BD00004E
:10EAB00000200240001402400008024010B545F654
:10EAC0008620EAF7C5FA18B145F20320E4F7C0FE44
:10EAD000FFF758FFFFF75EFE45F68120EEF752FC88
:10EAE00010BD000010B52D480078012815DB45F653
:10EAF0008220E4F7ADFE0020284908702848B0F9CC
:10EB00001E0B47F6FF71884207DA2548B0F81E0B46
:10EB1000401C00B22249A1F81E0B224800780128AF
:10EB200006DB45F68420E4F793FE00201D490870BB
:10EB30001D480078012806DB45F68520E4F788FEAD
:10EB400000201949087019480078012806DB45F6AD
:10EB50008620E4F77DFE00201449087014480078F0
:10EB6000012806DB45F68720E4F772FE00201049F5
:10EB7000087010480078012806DB45F68820E4F785
:10EB800067FE00200B490870FFF7EEFA00F0A6F8C8
:10EB9000FEF71AFFFFF758F810BD0000D0C00120A3
:10EBA00098EA0020D1C00120D2C00120D3C00120AA
:10EBB000D4C00120D5C0012010B50848007858B154
:10EBC000012291030648E6F759F804210548E8F7C1
:10EBD000E7FB00200149087010BD00000201002081
:10EBE000000802402003002010B5094800780128E1
:10EBF0000CD000224FF480410648E6F73FF804218C
:10EC00000548E8F747FB01200149087010BD0000E6
:10EC100002010020000802402003002010B5044635
:10EC200041F29410844200DD0446B4F5FA7F01DA23
:10EC30004FF4FA74A0B200F0EBFE10BD10B50A4814
:10EC4000E7F7ACFEEBF76CF845F6A020EEF79AFB81
:10EC50000649B1F9440000F00BF8FFF7ADFF40F2B0
:10EC60004C40FFF7DBFF10BDD802002098EA0020DF
:10EC700010B52DED028B0446154890F90000A04216
:10EC800023D0C4EB0420642190FBF1F000EE100AC5
:10EC9000B8EEC08A9FED0F0AB4EEC08AF1EE10FA0A
:10ECA00003DD9FED0C0AB0EE408AB5EEC08AF1EEAE
:10ECB00010FA03D29FED080AB0EE408ABDEEC80AF2
:10ECC00010EE101AC8B204F0A5FFBDEC028B10BD07
:10ECD0000301002000007F430000000010B545F64E
:10ECE0008220EAF7B5F900287CD045F6B120EAF792
:10ECF0003BF978B147F6FF709749A1F8F80A002070
:10ED0000A1F8F60A45F6B120EEF73CFB45F6B02037
:10ED1000EEF738FB9048B0F9F80A8F49B1F9F61AC6
:10ED2000884212DB00208C49A1F8F80A0846B0F8A6
:10ED3000F00AA1F8F20A0846B0F8F40AA1F8F60AB7
:10ED400045F6B020EEF73AFC1CE08348B0F9F80A2B
:10ED50008149B1F9F21A88420CD17F48B0F8F80A1B
:10ED6000401C00B27C49A1F8F80A45F6B020EEF745
:10ED700009FB07E07848B0F8F80A401C00B2764971
:10ED8000A1F8F80A45F6B320EAF7EEF878B147F6AD
:10ED9000FF707149A1F8020B0020A1F8000B45F6A5
:10EDA000B320EEF7EFFA45F6B220EEF7EBFA6A4839
:10EDB000B0F9020B6849B1F9001B884213DB00204F
:10EDC0006549A1F8020B0846B0F8FA0AA1F8FC0A56
:10EDD0000846B0F8FE0AA1F8000B45F6B220EEF79F
:10EDE000EDFB1DE0B6E05C48B0F9020B5A49B1F901
:10EDF000FC1A88420CD15848B0F8020B401C00B2F3
:10EE00005549A1F8020B45F6B220EEF7BBFA07E030
:10EE10005148B0F8020B401C00B24F49A1F8020B58
:10EE200045F6B520EAF7A0F878B147F6FF704A49F1
:10EE3000A1F80C0B0020A1F8000B45F6B520EEF769
:10EE4000A1FA45F6B420EEF79DFA4348B0F90C0B51
:10EE50004149B1F90A1B884212DB00203E49A1F862
:10EE60000C0B0846B0F8040BA1F8060B0846B0F8E6
:10EE7000080BA1F80A0B45F6B420EEF79FFB1CE047
:10EE80003548B0F90C0B3449B1F9061B88420CD156
:10EE90003148B0F80C0B401C00B22F49A1F80C0B04
:10EEA00045F6B420EEF76EFA07E02B48B0F80C0BED
:10EEB000401C00B22849A1F80C0B45F6B720EAF730
:10EEC00053F878B147F6FF702349A1F8160B0020DC
:10EED000A1F8140B45F6B720EEF754FA45F6B62024
:10EEE000EEF750FA1C48B0F9160B1B49B1F9141B88
:10EEF000884212DB00201849A1F8160B0846B0F82A
:10EF00000E0BA1F8100B0846B0F8120BA1F8140B69
:10EF100045F6B620EEF752FB1CE00F48B0F9160B91
:10EF20000D49B1F9101B88420CD10B48B0F8160BF3
:10EF3000401C00B20849A1F8160B45F6B620EEF7C2
:10EF400021FA07E00448B0F8160B401C00B2024951
:10EF5000A1F8160B10BD000098EA002010B511486A
:10EF6000E7F78CFE0020104908701049087010491E
:10EF7000087010490870104908701049088010493D
:10EF800008801049088010490880104908801049FD
:10EF9000088010490860104B142210A116A0E1F758
:10EFA000D3FA10BDB0030020D0C00120D1C0012091
:10EFB000D2C00120D3C00120D4C00120C4C0012090
:10EFC000C6C00120C8C00120CAC00120CCC0012099
:10EFD000CEC00120E4000020F66502082E2E5C2E33
:10EFE0002E5C73506C63506F72745C73506C63541E
:10EFF000696D65722E63000025732C25642C2573C2
:10F000003A73706C632074696D657220696E6974FF
:10F010002E2E2E2E2E2E0A0010B54FF48B641EE0DD
:10F02000A4F58B6144F2C042114488B2E9F79CFF19
:10F0300078B1634830F9140047F6FF7188420CDA62
:10F040005F4830F81400401C00B25D4921F81400FC
:10F0500003E000205A4921F81400601C84B2B4F582
:10F06000936FDDDB574800880A2829DD4FF493644D
:10F070001DE0A4F5936101F58A4188B2E9F774FFB8
:10F0800078B14F4830F9140047F6FF7188420CDA26
:10F090004B4830F81400401C00B2494921F81400D4
:10F0A00003E00020464921F81400601C84B2B4F546
:10F0B0009B6FDEDB01204449087000204149088035
:10F0C0004248008864282BDD4FF49B641EE0A4F5C1
:10F0D0009B6144F24052114488B2E9F745FF78B190
:10F0E000374830F9140047F6FF7188420CDA34488B
:10F0F00030F81400401C00B2314921F8140003E03C
:10F1000000202F4921F81400601C84B240F21750EF
:10F110008442DCDB01202E49087000202B49088046
:10F120002C480088C82805DD01202B4908700020E4
:10F130002849088029480088B0F5FA7F05DD0120BC
:10F140002749087000202549088026480088B0F526
:10F150007A7F05DD012024490870002021490880BC
:10F16000224800884EF66021884205DD01202049B2
:10F17000087000201D49088012480088401C114971
:10F18000088012480088401C1049088011480088F7
:10F19000401C1049088011480088401C0F49088015
:10F1A00010480088401C0F49088010480088401C07
:10F1B0000E4908800F480068401C0E49086010BDC9
:10F1C00098EA0020C4C00120D0C00120C6C00120A0
:10F1D000D1C00120C8C00120D2C00120CAC0012076
:10F1E000D3C00120CCC00120D4C00120CEC001205A
:10F1F000D5C00120E40000201CB546220C494FF484
:10F20000EC50F9F7A5FD112209490A48E5F744F841
:10F21000019001A941F67850F9F7A4FE0198064B38
:10F22000B12206A100900CA0E1F78EF91CBD0000F0
:10F230007822012008000020846602082E2E5C2E11
:10F240002E5C73506C63506F72745C73506C634DC2
:10F250006973632E6300000025732C25642C2573CD
:10F260003A736176652064657669636520636F6EC5
:10F2700066696720746F206570726F6D20646F6EB1
:10F28000652E2E2E28434647204352433A30782598
:10F29000303858290A00000070B5054600248EE079
:10F2A000012D33D1002101EB8411FE4A02EB410014
:10F2B000621CFDA1E1F754F90120372101EB841113
:10F2C000F84A22F81100382101EB841122F81100CC
:10F2D0000A20392101EB841122F8110001203A2182
:10F2E00001EB841122F811003D2101EB841122F879
:10F2F00011004FF47A703E2101EB841122F81100C5
:10F300003F2101EB841122F8110056E0372000EB79
:10F310008410E44931F8100001284ED0372000EB6A
:10F32000841031F81000022847D0372000EB8410F9
:10F3300031F81000052840D0372000EB841031F858
:10F340001000062839D0372000EB841031F8100067
:10F35000072832D0002101EB8411D24A02EB410090
:10F36000621CD1A1E1F7FCF80120372101EB8411E7
:10F37000CC4A22F81100382101EB841122F8110047
:10F380000A20392101EB841122F8110001203A21D1
:10F3900001EB841122F811003D2101EB841122F8C8
:10F3A00011004FF47A703E2101EB841122F8110014
:10F3B0003F2101EB841122F81100601C04B2202CC3
:10F3C000FFF66EAF0024002101EB8411B54A02EB79
:10F3D0004100B8A1E1F7C4F80120372101EB841105
:10F3E000B04A22F81100382101EB841122F81100F3
:10F3F0002820392101EB841122F8110001203A2143
:10F4000001EB841122F811003D2101EB841122F857
:10F4100011004FF47A703E2101EB841122F81100A3
:10F420003F2101EB841122F811000124002101EB9E
:10F43000841102EB4100A3A1E1F792F801203721EA
:10F4400001EB8411974A22F811000220382101EBC8
:10F45000841122F811002820392101EB841122F8AF
:10F46000110001203A2101EB841122F811003D2105
:10F4700001EB841122F811004FF47A703E2101EB68
:10F48000841122F811003F2101EB841122F81100B0
:10F490000224002101EB841102EB41008EA1E1F76F
:10F4A0005FF80120372101EB84117E4A22F8110018
:10F4B000382101EB841122F811003220392101EBAF
:10F4C000841122F8110001203A2101EB841122F865
:10F4D00011003D2101EB841122F811004FF47A70E4
:10F4E0003E2101EB841122F811003F2101EB841130
:10F4F00022F811000324002101EB841102EB4100EA
:10F500007AA1E1F72DF80120372101EB8411654A3A
:10F5100022F811000220382101EB841122F8110099
:10F520003220392101EB841122F8110001203A2107
:10F5300001EB841122F811003D2101EB841122F826
:10F5400011004FF47A703E2101EB841122F8110072
:10F550003F2101EB841122F811000424002101EB6A
:10F56000841102EB410066A1E0F7FAFF0120372188
:10F5700001EB84114B4A22F81100382101EB841170
:10F5800022F811003C20392101EB841122F81100EE
:10F5900001203A2101EB841122F811003D2101EBF9
:10F5A000841122F811004FF47A703E2101EB84118E
:10F5B00022F811003F2101EB841122F811000524EB
:10F5C000002101EB841102EB410052A1E0F7C8FFDA
:10F5D0000120372101EB8411324A22F81100022068
:10F5E000382101EB841122F811003C20392101EB74
:10F5F000841122F8110001203A2101EB841122F834
:10F6000011003D2101EB841122F811004FF47A70B2
:10F610003E2101EB841122F811003F2101EB8411FE
:10F6200022F811000624002101EB841102EB4100B5
:10F630003EA1E0F795FF0120372101EB8411194A23
:10F6400022F81100382101EB841122F81100142056
:10F65000392101EB841122F8110001203A2101EB3C
:10F66000841122F811003D2101EB841122F81100D0
:10F670004FF47A703E2101EB841122F811003F21F2
:10F6800001EB841122F811000724002101EB841101
:10F6900002EB410029A1E0F763FF0120372101EBD4
:10F6A000841155E078020120437573746F6D202535
:10F6B0006400000045564C41205468696768206327
:10F6C0007720690045564C4120546869676820508E
:10F6D000756C73652069000045564C41205468697B
:10F6E00067682043772069690000000045564C4157
:10F6F0002054686967682050756C736520696900DB
:10F7000045564C41205468696768204377206969F1
:10F710006900000045564C412054686967682050D4
:10F72000756C7365206969690000000045564C419D
:10F730002063616C662063772069000045564C4168
:10F740002063616C662050756C7365206900000051
:10F75000454A22F811000220382101EB841122F8D9
:10F7600011001420392101EB841122F8110001202D
:10F770003A2101EB841122F811003D2101EB8411A3
:10F7800022F811004FF47A703E2101EB841122F827
:10F7900011003F2101EB841122F8110008240021FF
:10F7A00001EB841102EB410030A1E0F7D9FE01200A
:10F7B000372101EB84112C4A22F81100382101EB8A
:10F7C000841122F811001E20392101EB841122F846
:10F7D000110001203A2101EB841122F811003D2192
:10F7E00001EB841122F811004FF47A703E2101EBF5
:10F7F000841122F811003F2101EB841122F811003D
:10F800000924002101EB841102EB41001BA1E0F768
:10F81000A7FE0120372101EB8411134A22F81100C1
:10F820000220382101EB841122F811001E20392119
:10F8300001EB841122F8110001203A2101EB84111F
:10F8400022F811003D2101EB841122F811004FF440
:10F850007A703E2101EB841122F811003F2101EB67
:10F86000841122F8110070BD7802012045564C41E8
:10F870002063616C662043572069690045564C41FE
:10F880002063616C662050756C73652069690000A7
:10F8900070B505460C46102C07DBA4F10C0081B2B4
:10F8A00001220D20EDF73BFF05E0201D81B2012272
:10F8B0000D20EDF734FF2146284603F061F970BDB5
:10F8C00038B504461F48B0F90000A04238D0642C77
:10F8D00000DD6424002C00DA00241B480068C463A7
:10F8E00024B108211848E7F7D5FC03E008211648A1
:10F8F000E7F756FD002C04DC08211348E7F750FD1C
:10F9000015E0002C09DD642C07DA08210E48E7F722
:10F91000C1FC0D480068C46309E0642C07DB0821C2
:10F920000948E7F7B7FC642007490968C863054838
:10F930000480064B282206A10CA00094E0F704FEE8
:10F9400038BD000000010020D802002067660208D0
:10F950002E2E5C2E2E5C73506C63506F72745C7331
:10F96000506C634D6973632E6300000025732C2572
:10F97000642C25733A7365742066616E3A25640AB7
:10F980000000000038B50446002C00DA00240D48C1
:10F99000006844633CB100210A48E7F77BFC012082
:10F9A0000949087006E000210648E7F7F9FC002045
:10F9B00005490870054BF52205A10CA00094E0F75D
:10F9C000C3FD38BD68030020E80000204766020838
:10F9D0002E2E5C2E2E5C73506C63506F72745C73B1
:10F9E000506C634C617365722E63000025732C2587
:10F9F000642C25733A73657420726564206C61739E
:10FA0000657228363335292070776D3A25640A00EF
:10FA1000F0B587B00446E6F771F80546002704B94B
:10FA20000124B4EB550F01D9C5F34F04B5FBF4F035
:10FA3000461EB6F5803F11D3A727781CB5FBF0F022
:10FA4000B0FBF4F0461EB6F5803F07D340F2FF3717
:10FA5000781CB5FBF0F0B0FBF4F0461E134847608D
:10FA6000C6601348E6F7D6FF20B112A0E0F76CFDA0
:10FA7000E3F76CFC1C216846E1F782F83020009027
:10FA80000020029003900490059006907008019069
:10FA9000042269460648E7F746FB20B10DA0E0F7CF
:10FAA00053FDE3F753FC07B0F0BD0000D80200207F
:10FAB0002003002072655365742073706B20746995
:10FAC0006D206261736520636C6B206661696C21D7
:10FAD00021210A0072655365742073706B2074696C
:10FAE0006D65206F75742066726571206661696C42
:10FAF0002121210A0000000008B502460092BFF350
:10FB00004F8F08E04FF47A7000F00BF8BFF36F8F5F
:10FB10000098401E009000980028F3D1BFF34F8F4B
:10FB200008BD08B5A82141430091BFF34F8F05E000
:10FB300000BFBFF36F8F0099491E00910099002903
:10FB4000F6D1BFF34F8F08BD70B5064601225103B1
:10FB50003948E5F793F800BF00BF00BF00BF00BF02
:10FB600000BF00BF00BF00BF00BF012291033248A9
:10FB7000E5F784F800BF00BF00BF00BF00BF00BFB3
:10FB800000BF00BF00BF00BF00224FF400512A4851
:10FB9000E5F774F8002433E0C4F11F0026FA00F002
:10FBA00000F001052DB10122D1032348E5F766F8E5
:10FBB00005E000224FF400411F48E5F75FF800BF61
:10FBC00000BF00BF00BF00BF00BF00BF00BF00BF3D
:10FBD00000BF00224FF480411748E5F74FF800BFFF
:10FBE00000BF00BF00BF00BF00BF00BF00BF00BF1D
:10FBF00000BF012291031048E5F740F8601CC4B231
:10FC0000202CC9DB00BF00BF00BF00BF00BF00BF8A
:10FC100000BF00BF00BF00BF012251030648E5F747
:10FC20002DF800BF00BF00BF00BF00BF00BF00BF76
:10FC300000BF00BF00BF70BD0014024070B545F6A4
:10FC4000A020E9F791F9002876D0F749B1F9180B0F
:10FC5000FFF70EF8F448B0F91C0B103806286CD2E8
:10FC6000DFE800F0030F3D6CBBFE45F6A120E9F78D
:10FC70009BF928B1FEF7B8FF45F6A120EDF79EFCF1
:10FC800015E24FF48041E948E4F7F0FF28B94FF45A
:10FC90000051E648E4F7EAFF08B1012000E0002047
:10FCA00005465DB145F6A120E9F77EF988B1FEF77A
:10FCB0009BFF45F6A120EDF781FC0AE045F6A12067
:10FCC000E9F752F928B1FEF777FF45F6A120EDF7E5
:10FCD00059FB4FF0FF30D449A1F81E0BE7E1D248A1
:10FCE000B0F91E0B00280BDBCF48B0F91E0B3228F1
:10FCF00006DAFEF779FF45F6A120EDF75FFC1AE082
:10FD0000C948B0F91E0B32280BDBC748B0F91E0BEF
:10FD1000642806DAFEF750FF45F6A120EDF732FB26
:10FD200009E0C148B0F91E0B642804DB4FF0FF3036
:10FD3000BD49A1F81E0BBAE1BAE1B7E1BA48B0F982
:10FD40001E0B00280BDBB848B0F91E0B0F2806DA93
:10FD5000FEF74AFF45F6A120EDF730FC3CE0B24843
:10FD6000B0F91E0B0F280BDBAF48B0F91E0B1E2895
:10FD700006DAFEF721FF45F6A120EDF703FB2BE0A5
:10FD8000A948B0F91E0B1E280BDBA748B0F91E0BC3
:10FD90002D2806DAFEF728FF45F6A120EDF70EFC28
:10FDA0001AE0A148B0F91E0B2D280BDB9E48B0F9D4
:10FDB0001E0B3C2806DAFEF7FFFE45F6A120EDF704
:10FDC000E1FA09E09848B0F91E0BC82804DB4FF0AF
:10FDD000FF309549A1F81E0B69E19348B0F91E0B5D
:10FDE00000280BDB9048B0F91E0B322806DAFEF72C
:10FDF000FBFE45F6A120EDF7E1FB4AE08A48B0F9A9
:10FE00001E0B32280BDB8848B0F91E0B642806DA7B
:10FE1000FEF7D2FE45F6A120EDF7B4FA39E08248AC
:10FE2000B0F91E0B642834DB7F48D0F85005193038
:10FE3000322190FBF1F47C48B0F91C0594FBF0F101
:10FE400000FB114090B97849B1F844101E3108B256
:10FE5000FEF70EFF4FF4AF607349A1F81A0B00E0F4
:10FE600018E0B1F91A0BFEF7D9FE0DE06E49B1F9B1
:10FE70004400FEF7FDFE40F24C406B49A1F81A0B1E
:10FE8000B1F91A0BFEF7CAFE4FF0FF306649A1F830
:10FE90001E0B0CE16448B0F94C0540F6C4118842D1
:10FEA0002CDA6148B0F91E0B00280BDB5E48B0F974
:10FEB0001E0B322806DAFEF797FE45F6A120EDF775
:10FEC0007DFBF2E05848B0F91E0B32280BDB564898
:10FED000B0F91E0B642806DAFEF76EFE45F6A12087
:10FEE000EDF750FAE1E05048B0F91E0B6428E8DB6A
:10FEF0004FF0FF304C49A1F81E0BD6E04A48B0F94C
:10FF00004C0540F6C411884254DB4748B0F94C0513
:10FF1000490088424EDA4448B0F91E0B00280BDB3A
:10FF20004148B0F91E0B0F2806DAFEF75DFE45F6D4
:10FF3000A120EDF743FBB8E03B48B0F91E0B0F28BA
:10FF40000BDB3948B0F91E0B192806DAFEF734FE30
:10FF500045F6A120EDF716FAA7E03348B0F91E0BDD
:10FF600019280BDB3048B0F91E0B322806DAFEF7F1
:10FF70003BFE45F6A120EDF721FB96E02A48B0F9BB
:10FF80001E0B32280BDB2848B0F91E0B642806DA5A
:10FF9000FEF712FE45F6A120EDF7F4F985E02248C0
:10FFA000B0F91E0B642804DB4FF0FF301E49A1F8A6
:10FFB0001E0B7AE01C48B0F94C0541F288318842AA
:10FFC00073DD1948B0F91E0B00280BDB1648B0F999
:10FFD0001E0B0E2806DAFEF707FE45F6A120EDF708
:10FFE000EDFA62E01048B0F91E0B0E280BDB0E484C
:10FFF000B0F91E0B1A2806DAFEF7DEFD45F6A12041
:020000040802F0
:10000000EDF7C0F951E00848B0F91E0B1A280FDBD4
:100010000548B0F91E0B28280ADAFEF7E5FD45F67B
:10002000A120EDF7CBFA40E098EA00200010024052
:100030002548B0F91E0B28280BDB2348B0F91E0B0E
:10004000342806DAFEF7B8FD45F6A120EDF79AF957
:100050002BE01D48B0F91E0B34280BDB1A48B0F911
:100060001E0B422806DAFEF7BFFD45F6A120EDF78C
:10007000A5FA1AE01448B0F91E0B42280BDB12480F
:10008000B0F91E0BA02806DAFEF796FD45F6A12072
:10009000EDF778F909E00C48B0F91E0BA02804DB55
:1000A0004FF0FF300849A1F81E0B00E000BF09E047
:1000B000FEF782FD45F6A120EDF764F90020024924
:1000C000A1F81E0B70BD000098EA002070B506462E
:1000D0000C461546A9B204F11A0000F043F8307836
:1000E000032804D1290C04F1140000F03BF870BD82
:1000F00000F8011B090A00F8011B090A00F8011B9E
:10010000090A00F8011B704730B500F8012B110AED
:1001100041EA03621B0A00F8012B110A41EA03625B
:100120001B0A00F8012B110A41EA03621B0A00F8BE
:10013000012B110A41EA03621B0A00F8012B110A84
:1001400041EA03621B0A00F8012B110A41EA03622B
:100150001B0A00F8012B110A41EA03621B0A00F88E
:10016000012B30BD00F8011B091200F8011B70477C
:1001700010B50446E2B263210720EDF722FBE2B29C
:1001800063210920EDF71DFB10BD000010B50446EA
:10019000064890F90000844206D0E2B20B21072005
:1001A000EDF7E6FA0148047010BD000004010020DC
:1001B00010B5044622460B210720EDF7B0FA10BD1A
:1001C0002DE9F041044620680569284604F026FF21
:1001D00080464146A81CFFF7C5FF6878471C2046AB
:1001E000E16CF8F7DAFB064618E0A16B2068FBF734
:1001F00009FF064606B113E020222946E06BFBF713
:10020000EBFE01202168C870781E071E00D107E0B0
:10021000203500212046F8F7A1F90646002EE4D04B
:1002200000BF0EB1012E02D13046BDE8F0810220A0
:10023000FBE730B5014600200B2200BF431003EB63
:10024000C01411F8015B6319D8B2531E1A1EF5D100
:1002500030BD000070B50446204600F043F8054666
:10026000002D38D1207803282ED1207901282BD1D8
:100270004202002104F13C00FBF7BBFE4AF6552187
:1002800004F23A20FFF76EFF144904F13C00FFF737
:100290002FFF134904F50870FFF72AFF04F50970D2
:1002A000E169FFF725FF04F50A70A169FFF720FF58
:1002B000A06A401CA0636078012304F13C01A26B9A
:1002C000F8F712FC00202071607800221146F8F740
:1002D000D1FB00B10125284670BD0000525261419A
:1002E000727241612DE9F04104460027E078F8B1CF
:1002F000A56B607801232A4604F13C01F8F7F4FB72
:1003000008B1012714E00020E070E06A281A616A51
:1003100088420DD2A67809E0606A0544607801231E
:100320002A4604F13C01F8F7DFFB761E022EF3D2D9
:100330003846BDE8F081000010B56748B0F90E05F9
:10034000B0F5E17F03DB42F20420EDF737F96248B4
:10035000B0F90E05B0F5C87F03DC42F20420EDF7DA
:1003600011F85D48B0F90E0510F1FA0F03DC42F206
:100370000520EDF723F95848B0F90E0510F1C80F24
:1003800003DB42F20520ECF7FDFF5348B0F91205FC
:1003900040F2EE21884203DB42F20620EDF70EF92F
:1003A0004D48B0F91205B0F52F7F03DB42F206206D
:1003B000ECF7E8FF4848B0F9120510F1C80F03DC6C
:1003C00042F20720EDF7FAF84348B0F9120510F1B0
:1003D000960F03DB42F20720ECF7D4FF45F68420AA
:1003E000E8F736FE002857D042F20420E8F7BCFDBB
:1003F00020B942F20620E8F7B7FD20B16420364963
:10040000A1F8160514E03448B0F9100500EE100A02
:10041000B8EEC00AF2EE040A80EE201A2F4880EDF2
:10042000041AE3F76DFA2D48407E2B49A1F8160512
:100430002949B1F91605FFF743FA2748B0F90E1517
:100440002748ECF7EDFB00B2264908800846B0F9D2
:10045000000040F6FF71884202DB0846214908800F
:100460002048B0F90000002802DA00201D49088069
:100470001C48B0F900001849A1F8D60AEEF7B0F808
:100480001848B0F90000142190FBF1F000B21549B2
:1004900008800020144908801348008818B945F2E4
:1004A0000620EDF78BF845F68220E8F7D1FD88B1FC
:1004B0000D48B0F900000B49B1F90010884203DB88
:1004C00045F20620ECF75EFF07480088401C00B2AA
:1004D0000549088010BD000098EA00208025012011
:1004E00060250120120100201001002070B5054692
:1004F0000C4645B10C2C06D00B2C04D00F2C02D08E
:100500006869F9F787FE70BD10B50D20E2F7B3FCFE
:1005100000210420E2F7CFFC00210520E2F7CBFC0C
:1005200000210620E2F7C7FC00210720E2F7C3FC08
:1005300000210820E2F7BFFC00210920E2F7BBFC04
:1005400000210A20E2F7B7FC00210B20E2F7B3FC00
:1005500000210C20E2F7AFFC00210D20E2F7ABFCFC
:1005600000210E20E2F7A7FC00210F20E2F7A3FCF8
:1005700000211020E2F79FFC00211120E2F79BFCF4
:1005800000211220E2F797FC00211320E2F793FCF0
:10059000E2F783FC10BD10B50446102C02DBA4F179
:1005A000100004B2201D81B200220D20EDF7B7F833
:1005B00010BD000010B52DED048BC2B000245D48C5
:1005C000B0F8F00401281DD1010202A8E0F7D8FA22
:1005D00059A102A8DFF7C4FF02AA0B210920EDF7F9
:1005E000C3F94FF4807102A8E0F7CAFA5148B0F994
:1005F0001C2552A102A8DFF7B3FF02AA0A21092095
:10060000EDF7B2F942F21720E8F7AEFC48B34948DB
:10061000B0F91C054749B1F9201590FBF1F004B27F
:100620004FF4807102A8E0F7ABFA224645A102A878
:10063000DFF796FF02AA0B210920EDF795F94FF499
:10064000807102A8E0F79CFA3A48B0F91C253BA15A
:1006500002A8DFF785FF02AA0A210920EDF784F935
:100660001BE04FF4807102A8E0F78AFA32A102A8D9
:10067000DFF776FF02AA0B210920EDF775F94FF499
:10068000807102A8E0F77CFA31A102A8DFF768FFC9
:1006900002AA0A210920EDF767F94FF4807102A838
:1006A000E0F76EFA2348B0F91A0500EE100AB8EE2A
:1006B000C00AF2EE040A80EE208A42F21720E8F720
:1006C00053FC60B118EE100A05F04CFA41EC190B1E
:1006D00053EC192B1FA102A8DFF742FF03E01CA176
:1006E00002A8DFF73DFF02AA09210846EDF73CF911
:1006F0001048B0F91C05194B40F6A51218A100903E
:100700001EA0DFF721FF0B48B0F91A05134B40F686
:10071000A61213A1009021A0DFF716FF0F4B40F6A1
:10072000A7120FA125A00094DFF70EFF42B0BDEC89
:10073000048B10BD98EA00200000000025642053BF
:10074000000000002564204379636C650000000010
:100750004E2F410025342E31664A000024670208DE
:100760002E2E5C2E2E5C4D61696E4170705C646350
:10077000486D694170702E630000000025732C25C0
:10078000642C25733A61636F7573746963207469AF
:100790006D65203D2025640A0000000025732C258E
:1007A000642C25733A61636F757374696320656E99
:1007B00065726779203D2025640A000025732C2589
:1007C000642C25733A61636F757374696320637970
:1007D000636C65203D2025640A000000F8B5002602
:1007E000012770A293210F20EDF7BEF876A0DFF766
:1007F000ABFE4FF4FA6002F095FF01227FA1804822
:10080000F8F746FF7F4908700846007858B1084657
:1008100001787DA0DFF798FE84A293210F20EDF7E9
:10082000A3F80020F8BD41F2707002F07BFF0122B6
:1008300087A18B48F8F76EFF724908700846007868
:10084000002811D001226DA10020F8F721FF6D488A
:1008500002787FA183A0DFF777FE90A293210F207B
:10086000EDF782F80020DDE7002213467C48F8F718
:1008700093FC7B484FF48032D0E904310020D21A37
:10088000884112D27648F8F76DFC01225BA1002066
:10089000F8F7FEFE6EA18948DFF756FE88A2932185
:1008A0000F20EDF761F80020BCE74FF4487002F02C
:1008B00039FF00208B490860F4F756FF4FF00064C1
:1008C000FF224FF6FF718848E0F730F912E06B46DF
:1008D0004FF6FF7284496248F9F708F98248009997
:1008E000F4F70EFF7F490860009EB6F5804F00D2F6
:1008F00000273444002FEAD15948F8F733FC01228D
:100900003EA10020F8F7C4FE254605E0FF20F4F7DD
:1009100015FF744908606D1C74488542F6D374480D
:10092000006870490968884211D16E4802687048B1
:10093000016870A0DFF708FE7EA293210F20EDF77B
:1009400013F84FF4487002F0EDFE00206AE76548A6
:100950000268674801687E48DFF7F6FD7DA29321B3
:100960000F20EDF701F801224FF49C710F20ECF7F6
:1009700028FF012240F239110F20ECF722FF01225B
:100980004FF49C710F20ECF7F3FE012240F2391175
:100990000F20ECF7EDFE4FF4487002F0C3FE01208B
:1009A00040E70000506C65617365205374616E64AC
:1009B00062792C446F204E6F7420506F77657220DF
:1009C0004F66662121000000426F6F746C6F616496
:1009D00065723A73776974636820657874207573FB
:1009E000622C706F776572206F666620696E742066
:1009F00075736220706F7765720A0000303A0000EC
:100A00009C25012014010020426F6F746C6F61649B
:100A100065723A4D6F756E74204661746673206519
:100A20007272726F723A2564210A00004D6F756E02
:100A30007420757362206469736B20657272726FC3
:100A4000722C65786974207570646174652100008A
:100A50002F626F6F746C6F61642E62696E000000AC
:100A6000D8270120426F6F744C6F616465723A4FF2
:100A700070656E202573206661696C2C756E6D6FD4
:100A8000756E7420757362206469736B2C45434FD7
:100A900044453D307825303258480A004F70656E25
:100AA0002066696C6520657272726F722C65786958
:100AB000742075706461746521000000B8710208CB
:100AC00046696C65206973206F766572206C656E6F
:100AD0006774682C65786974207570646174652129
:100AE000000000000C01002000000010FFFF0008C3
:100AF000BCC00120426F6F744C6F616465723A6FC5
:100B00006C6420637263253038583A20616E64202B
:100B10006E6577206372633A2530385820697320F8
:100B200073616D652C736B69702075706461746599
:100B3000210A000046696C652069732073616D6548
:100B40002C736B6970207570646174652E2E2E0095
:100B50006C710208436F6E6669726D207570646116
:100B600074652E2E2E594553204F52204E4F212171
:100B70002100000070B50446044901EBC416044D81
:100B8000802229463046DFF75AFF70BD78020120E7
:100B900018EF002000B5C5B04FF4807105A8DFF74D
:100BA000EFFF1848B0F9D60A1649B1F9641A154A88
:100BB000B2F9622A134BB3F91235CDE90032CDE90F
:100BC00002101048B0F91035B0F90E250EA105A895
:100BD000DFF7C6FC0B48B0F93405072802D0092816
:100BE0000CD105E005AA63210720ECF7BDFE06E065
:100BF00005AA63210920ECF7B7FE00E000BF00BFA3
:100C000045B000BD98EA00204C543A253035642C9C
:100C100048543A253035642C4D543A253035642CEF
:100C20004650443A253035642C4C50443A253035F2
:100C3000642C54433A253035640000002DE9F0411E
:100C4000CAB04FF480710AA8DFF79AFF7848B0F96C
:100C50005E1AB0F95C0A764AB2F95A2A744BB3F9B3
:100C6000583ACDE90232CDE904017148B0F9560A8B
:100C70006F49B1F9541ACDE900106D48B0F9523AF4
:100C8000B0F9502A6BA10AA8DFF76AFC0AAA012171
:100C90000F20ECF769FE4FF480710AA8DFF770FFB0
:100CA0006348B0F96E0A6249B1F96C1A604AB2F948
:100CB0006A2A5F4BB3F9683ACDE90232CDE90410F4
:100CC0005B48B0F9660A5A49B1F9641ACDE90010D7
:100CD0005748B0F9623AB0F9602A66490AA8DFF7C6
:100CE0003FFC0AAA02210F20ECF73EFE4FF4807170
:100CF0000AA8DFF745FF4E48B0F9D61AB0F9D40A72
:100D00004B4AB2F9D22A4A4BB3F9D03ACDE9023272
:100D1000CDE904014648B0F9CE0A4549B1F9CC1AEB
:100D2000CDE900104248B0F9CA3AB0F9C82A52A138
:100D30000AA8DFF715FC0AAA03210F20ECF714FE1E
:100D40004FF480710AA8DFF71BFF45F28410E8F723
:100D50000BF9044645F28110E8F706F905464FF411
:100D6000A340E8F701F9064645F28210E8F7FCF8DF
:100D7000074645F28310E8F7F7F880462C48B0F9AB
:100D8000640A2B49B1F9621A294AB2F91425284B91
:100D9000B3F91235CDE90532CDE907102448B0F991
:100DA00010052349B1F90E153B464246CDE90065D1
:100DB000CDE90241049040490AA8DFF7D1FB0AAA15
:100DC00004210F20ECF7D0FD4FF480710AA8DFF763
:100DD000D7FE1748B0F9180500901548B0F9163538
:100DE000B0F9D62A35A10AA8DFF7BAFB0AAA112161
:100DF0000F20ECF7B9FD4FF480710AA8DFF7C0FEB1
:100E000045F6A920E8F7B0F8044645F6A820E8F72B
:100E1000ABF8054623462A462FA10AA8DFF7A0FB18
:100E20000AAA16210F20ECF79FFD4AB0BDE8F08119
:100E300098EA002041303A253035642C41313A257A
:100E40003035642C41323A253035642C41333A2513
:100E50003035642C41343A253035642C41353A25FF
:100E60003035642C41363A253035642C41373A25EB
:100E7000303564009C72020844303A253035642CC9
:100E800044313A253035642C44323A253035642CCF
:100E900044333A253035642C44343A253035642CBB
:100EA00044353A253035642C44363A253035642CA7
:100EB00044373A2530356400407202085049443ABC
:100EC000253035642C4650574D3A253035642C4634
:100ED00046473A253035640057465357204E433A2B
:100EE0002531642C57465357204E4F3A2531640024
:100EF00030B52DED028BC1B0002424E04FF4807199
:100F000001A8DFF73DFE724830F8140000EE100A29
:100F1000B8EE400AF2EE040A80EE201A11EE105AE2
:100F2000284604F01FFE41EC180B53EC182B69A166
:100F300001A8DFF715FB04F1640101AA0F20ECF70B
:100F400013FD601CC4B20A2CD8DB002425E04FF44A
:100F5000807101A8DFF714FE5D48143030F81400EA
:100F600000EE100AB8EE400AF2EE040A80EE201AF3
:100F700011EE105A284604F0F5FD41EC180B53EC25
:100F8000182B54A101A8DFF7EBFA04F16E0101AAB6
:100F90000F20ECF7E9FC601CC4B20A2CD7DB002060
:100FA00000904B48B0F9382001238C210F20ECF73A
:100FB00095FC002000904648B0F93A2001238D218D
:100FC0000F20ECF78BFC002000904148B0F93C204A
:100FD00001238E210F20ECF781FC3D4A28328F211E
:100FE0000F20ECF7C1FC00200090394890F93E201A
:100FF000012390210F20ECF771FC00200090344871
:1010000090F93F20012391210F20ECF767FC00208D
:1010100000902F4890F94020012392210F20ECF7F7
:101020005DFC002000902A4890F941200123942182
:101030000F20ECF753FC002000902548B0F9422027
:10104000012395210F20ECF749FC012240F23711D2
:101050000F20ECF78DFB002240F237110F20ECF748
:101060005EFB00224FF49C710F20ECF781FB002205
:1010700040F239110F20ECF77BFB00224FF49C71FA
:101080000F20ECF79EFB002240F239110F20ECF705
:1010900098FB002293210F20ECF793FB0FA29321E2
:1010A0000F20ECF761FC0A4890F8440030B90122A7
:1010B0004FF49D710F20ECF732FB05E000224FF456
:1010C0009D710F20ECF72BFB41B0BDEC028B30BDC6
:1010D0007822012025342E31660000000000000037
:1010E00000B52DED068BC1B0A948B0F8F004012879
:1010F0001ED1B7EE008A010201A8DFF741FDA5A1CC
:1011000001A8DFF72DFA01AA22210720ECF72CFC19
:1011100001AA23210720ECF727FC9D48B0F92A05F6
:1011200000EE100AB8EEC00AF2EE040A80EE209A31
:101130009748B0F8F00402285ED1C10101A8DFF79A
:101140001FFD9348B0F9FC049149B1F9FE1408441D
:1011500000EE100AB8EEC00ADFED8F0AC0EE808AFA
:1011600018EE900A04F0FEFC41EC1A0B53EC1A2B1B
:101170008AA101A8DFF7F4F901AA22210720ECF7E0
:10118000F3FB8348B0F9FC048149B1F9FE1408442B
:1011900000EE100AF8EEC00A7D48B0F9FC0400EE3B
:1011A000100AB8EEC00A80EE201AB0EE418A9FED18
:1011B0007E0A28EE000A10EE101A084604F0D2FC4F
:1011C00041EC1A0B53EC1A2B78A101A8DFF7C8F9F0
:1011D00001AA23210720ECF7C7FB6D48B0F92A05C7
:1011E00000EE100AB8EEC00A20EE080AF2EE040A79
:1011F00080EE201AB0EE419A4FF4807101A8DFF71B
:10120000BFFC6348B0F9EE04082867D2DFE800F0BD
:10121000660414666624344D5D48B0F9F20400EEAD
:10122000100AB8EEC00A20EE080AF2EE040A80EEB8
:10123000201AB0EE419A73E05548B0F9F40400EE7C
:10124000100AB8EEC00A20EE080AF2EE040A80EE98
:10125000201AB0EE419A63E04D48B0F9FA0400EE6E
:10126000100AB8EEC00A20EE080AF2EE040A80EE78
:10127000201AB0EE419A53E04548B0F9F20400EE6E
:10128000100AF8EEC00A4248B0F9FA0400EE100A5B
:10129000B8EEC00A30EE800A20EE080AF2EE040A28
:1012A00080EE201AB0EE419A3AE03948B0F9F404E1
:1012B00000EE100AF8EEC00A3548B0F9FA0400EE64
:1012C000100AB8EEC00A30EE800A20EE080AF2EEEC
:1012D000040A80EE201AB0EE419A21E02C48B0F9C1
:1012E000F20400EE100AF8EEC00A2948B0F9F4043E
:1012F00000EE100AB8EEC00A70EE800A2448B0F979
:10130000FA0400EE100AB8EEC00A30EE800A20EEB1
:10131000080AF2EE040A80EE201AB0EE419A00BFED
:1013200000BF19EE100A04F01DFC41EC1A0B53EC3F
:101330001A2B21A101A8DFF713F901AA2121072007
:10134000ECF712FB4FF4807101A8DFF719FC10488D
:10135000B0F92A0500EE100AB8EEC00AF2EE040A4F
:10136000C0EE209A19EE900A04F0FCFB41EC1A0B37
:1013700053EC1A2B10A101A8DFF7F2F801AA2621DD
:101380000720ECF7F1FA41B0BDEC068B00BD000080
:1013900098EA00204E2F410000007A4425352E3275
:1013A0006620487A000000000000C84225342E3133
:1013B000662025250000000025332E3166205700C9
:1013C00030B5C1B0454A02210E20ECF7CDFA434AB0
:1013D00002210E20ECF7C8FA4FF4807101A8DFF764
:1013E000CFFB3F4A3FA101A8DFF7BAF801AA0321CA
:1013F0000E20ECF7B9FA3D4A04210E20ECF7B4FABE
:101400003B4A05210E20ECF7AFFA4FF4807101A89A
:10141000DFF7B6FB374A34A101A8DFF7A1F801AA2C
:1014200006210E20ECF7A0FA4FF4807101A8DFF737
:10143000A7FB314C651C2078302816DB2078392832
:1014400013DC2878302810DB287839280DDC287840
:1014500000902378294A2AA101A8DFF781F801AA80
:1014600007210E20ECF780FA09E0244A2AA101A8FE
:10147000DFF776F801AA07210E20ECF775FA4FF492
:10148000807101A8DFF77CFB15482838B0F93C00D3
:10149000009013482838B0F93A30B0F9382024A128
:1014A00001A8DFF75DF801AA08210E20ECF75CFA2D
:1014B0004FF4807101A8DFF763FB25488068009036
:1014C0002348436823A1026801A8DFF749F801AA6D
:1014D00009210E20ECF748FA41B030BD0769020837
:1014E000A0220120534E3A202573000034690208DF
:1014F0001A690208CE68020800FE0008E7680208C0
:1015000025733B20426F6F746C6F61642056657267
:101510003A2025632E25630025733B20426F6F74AC
:101520006C6F6164205665723A20312E30000000E5
:101530004D414E5546414354555245204441544532
:101540003A202534642D2532642D253264000000B4
:10155000B0400120555549443A20253038582530AF
:10156000385825303858000010B5C0B01048B0F9D0
:10157000FE04B0F57A7F07DA0D48B0F9FE240DA11C
:101580006846DEF7EDFF0BE00948B0F9FE044FF4C2
:101590007A7190FBF1F4224608A16846DEF7E0FF7D
:1015A0006A4625210720ECF7DFF940B010BD0000A6
:1015B00098EA00202564206D730000002564205304
:1015C0000000000008B50A20E7F7CEFC28B1012290
:1015D00008210A20ECF7A3F804E0002208210A20E1
:1015E000ECF79DF80B20E7F7BFFC28B1012211466C
:1015F0000A20ECF794F804E0002201210A20ECF71D
:101600008EF80A20E1F737FC1148B0F944100C209D
:10161000E1F774FC0E48B0F948100D20E1F76EFCBC
:10162000E1F73BFC002000900948B0F94420012379
:101630000A210846ECF752F9002000900448B0F95E
:10164000482001230B210A20ECF748F908BD0000CF
:1016500098EA002010B5C0B01048B0F9FC04B0F50D
:101660007A7F07DA0D48B0F9FC240DA16846DEF751
:1016700077FF0BE00948B0F9FC044FF47A7190FB56
:10168000F1F4224608A16846DEF76AFF6A46242183
:101690000720ECF769F940B010BD000098EA00207F
:1016A0002564206D730000002564205300000000B5
:1016B00000B52DED048BC1B04FF4807101A8DFF7A8
:1016C0005FFA6A48B0F9EE0408287CD2DFE800F03F
:1016D00081041981812E43616448B0F9F20400EE5F
:1016E000100AB8EEC00AF2EE040A80EE208A60A169
:1016F00001A8DEF735FF01AA0C210920ECF734F927
:101700008EE05A48B0F9F40400EE100AB8EEC00AB0
:10171000F2EE040A80EE208A57A101A8DEF720FF2E
:1017200001AA0C210920ECF71FF979E04F48B0F924
:10173000FA0400EE100AB8EEC00AF2EE040A80EED7
:10174000208A4FA101A8DEF70BFF01AA0C21092076
:10175000ECF70AF964E04548B0F9F20400EE100A2B
:10176000F8EEC00A4148B0F9FA0400EE100AB8EEEB
:10177000C00A30EE800AF2EE040A80EE208A42A10E
:1017800001A8DEF7EDFE01AA0C210920ECF7ECF828
:1017900046E040A101A8DEF7E3FE01AA0C210920E2
:1017A000ECF7E2F83148B0F9F40400EE100AF8EE74
:1017B000C00A2E48B0F9FA0400EE100AB8EEC00ACA
:1017C00030EE800A00E004E0F2EE040A80EE208AA7
:1017D00026E033A101A8DEF7C3FE01AA0C210920EF
:1017E000ECF7C2F82148B0F9F20400EE100AF8EE66
:1017F000C00A1E48B0F9F40400EE100AB8EEC00AA0
:1018000070EE800A1948B0F9FA0400EE100AB8EE3A
:10181000C00A30EE800AF2EE040A80EE208A00BF91
:1018200000BF4FF4807101A8DFF7AAF918EE100A83
:1018300004F098F941EC190B53EC192B1BA101A8EA
:10184000DEF78EFE01AA06210920ECF78DF81A4A70
:1018500001210920ECF788F8F3F7F0FC00F02EF8EE
:10186000FEF7A8FE41B0BDEC048B00BD98EA002055
:101870003435306E6D0000003938306E6D00000078
:101880003633356E6D000000313437302B3633354A
:101890006E6D00003938302B3633356E6D00000028
:1018A000313437302B3938306E6D000025332E310E
:1018B0006620570A0000000018EF00202DE9F04FC5
:1018C0002DED028BC3B04FF4807101A8DFF758F9FA
:1018D0004C48D0F85065322096FBF0F63C2096FB41
:1018E000F0F0C0B242903C2096FBF0F100FB11609A
:1018F000C0B2419044A101A8419B429ADEF730FE5C
:1019000001AA08210920ECF72FF83E48B0F8F004AE
:10191000012804D13B48B0F92A0500FB06F53948F7
:10192000B0F8F004022842D13648B0F9FC04B0F512
:101930007A7F05DB3348B0F9FE04B0F57A7F0CDA24
:101940003048B0F9FC44B0F9FE74B0F92A05704390
:101950006043E11990FBF1F529E02A48B0F9FC4415
:101960004FF47A7094FBF0F42648B0F9FE744FF40B
:101970007A7097FBF0F7E01996FBF0F9E01996FB07
:10198000F0F100FB11681F48B0F92A0500FB09F0CF
:1019900000FB04F5A04505DC1A48B0F92A0508FB50
:1019A000005504E01748B0F92A0504FB0055002D46
:1019B00000DA00256FF00040854200D100BFDFF85B
:1019C00054A0CAF8005000EE105AB8EEC00AF2EE69
:1019D000040A80EE201A11EE10BA584604F0C2F83C
:1019E00041EC180B53EC182B0BA101A8DEF7B8FD46
:1019F00001AA07210920EBF7B7FF43B0BDEC028B2A
:101A0000BDE8F08F98EA00202533643A253032642F
:101A100000000000E4EF00202531312E3166204A1D
:101A20000000000030B5C1B004460D464FF480718F
:101A300001A8DFF7A5F80A2C81F07D80DFE814F01B
:101A4000A6057B087B087B087B080A002A00670143
:101A50009D028705FEA226210D20EBF785FF0022BF
:101A600027210D20EBF784FE002227210D20EBF724
:101A7000A8FE002228210D20EBF77AFE0022282163
:101A80000D20EBF79EFE002201210D20EBF770FEEA
:101A900001F052B8F2A226210D20EBF765FFF449C0
:101AA0000868DEF7ADFF6C2809D8F148016801A885
:101AB000DEF782FF01AA14210D20EBF755FFEC4958
:101AC0004869DEF79DFF6C2809D8E948416901A8FB
:101AD000DEF772FF01AA15210D20EBF745FFE4495F
:101AE000886ADEF78DFF6C2809D8E148816A01A871
:101AF000DEF762FF01AA16210D20EBF735FFDC4966
:101B0000C86BDEF77DFF6C2809D8D948C16B01A8E6
:101B1000DEF752FF01AA17210D20EBF725FFD4496C
:101B2000086DDEF76DFF6C2809D8D148016D01A85A
:101B3000DEF742FF01AA18210D20EBF715FFCC4973
:101B4000486EDEF75DFF6C2809D8C948416E01A8D0
:101B5000DEF732FF01AA19210D20EBF705FFC4497A
:101B6000886FDEF74DFF6C2809D8C148816F01A846
:101B7000DEF722FF01AA1A210D20EBF7F5FEBC4982
:101B8000D1F88C00DEF73CFF6C280AD8B848D0F8B2
:101B90008C1001A8DEF710FF01AA1B210D20EBF726
:101BA000E3FEB349D1F8A000DEF72AFF6C280AD87B
:101BB000AF48D0F8A01001A8DEF7FEFE01AA1C2154
:101BC0000D20EBF7D1FE0D20E1F755F9012104209E
:101BD000E1F784F901210520E1F780F901210620D0
:101BE000E1F77CF901210720E1F778F901210820CC
:101BF000E1F774F901210920E1F770F901210A20C8
:101C0000E1F76CF901210B20E1F768F901210C20C3
:101C1000E1F764F900210D20E1F760F900210E20C1
:101C2000E1F75CF900210F20E1F758F900211020BD
:101C3000E1F754F900211120E1F750F900211220B9
:101C4000E1F74CF900211320E1F748F9E1F725F914
:101C50000D20E1F710F901211420E1F76DF90121C0
:101C60001520E1F769F901211620E1F765F9012155
:101C70001720E1F761F901211820E1F75DF9012151
:101C80001920E1F759F901211A20E1F755F901214D
:101C90001B20E1F751F901211C20E1F74DF900214A
:101CA0001D20E1F749F900211E20E1F745F9002147
:101CB0001F20E1F741F900212020E1F73DF9002143
:101CC0002120E1F739F900212220E1F735F900213F
:101CD0002320E1F731F9E1F7E0F8002227210D2078
:101CE000EBF746FD002227210D20EBF76AFD0022CD
:101CF00028210D20EBF73CFD002228210D20EBF7D9
:101D000060FD002201210D20EBF732FDC0E659A253
:101D100026210D20EBF728FE5A490868DEF770FEF1
:101D20006C2809D85748016801A8DEF745FE01AACA
:101D300014210D20EBF718FE52494869DEF760FECA
:101D40006C2809D84F48416901A8DEF735FE01AA81
:101D500015210D20EBF708FE4A49886ADEF750FE90
:101D60006C2809D84748816A01A8DEF725FE01AA38
:101D700016210D20EBF7F8FD4249C86BDEF740FE57
:101D80006C2809D83F48C16B01A8DEF715FE01AAEF
:101D900017210D20EBF7E8FD3A49086DDEF730FE1C
:101DA0006C2809D83748016D01A8DEF705FE01AAA5
:101DB00018210D20EBF7D8FD3249486EDEF720FEE2
:101DC0006C2809D82F48416E01A8DEF7F5FD01AA5D
:101DD00019210D20EBF7C8FD2A49886FDEF710FEA8
:101DE0006C2809D82748816F01A8DEF7E5FD01AA14
:101DF0001A210D20EBF7B8FD0D20E1F73CF8012189
:101E00000420E1F76BF801210520E1F767F80121D3
:101E10000620E1F763F801210720E1F75FF80121CF
:101E20000820E1F75BF801210920E1F757F80121CB
:101E30000A20E1F753F800210B20E1F74FF80021C9
:101E40000C20E1F74BF800210D20E1F747F81BE0EB
:101E50002D204E6575726F7375726765727900001B
:101E60002D204465726D61746F6C6F67790000009E
:101E7000B03601202D204C69706F73756374696FE3
:101E80006E0000003039012000210E20E1F726F815
:101E900000210F20E1F722F800211020E1F71EF8C1
:101EA00000211120E1F71AF800211220E1F716F8BD
:101EB00000211320E1F712F8E0F7EFFF0D20E0F723
:101EC000DAFF01211420E1F737F801211520E1F7AD
:101ED00033F801211620E1F72FF801211720E1F74F
:101EE0002BF801211820E1F727F801211920E1F74B
:101EF00023F801211A20E1F71FF800211B20E1F748
:101F00001BF800211C20E1F717F800211D20E1F744
:101F100013F800211E20E1F70FF800211F20E1F740
:101F20000BF800212020E1F707F800212120E1F73C
:101F300003F800212220E0F7FFFF00212320E0F733
:101F4000FBFFE0F7AAFF002227210D20EBF710FC92
:101F5000002227210D20EBF734FC002228210D2040
:101F6000EBF706FC002228210D20EBF72AFC0022CB
:101F700001210D20EBF7FCFB8AE5FEA226210D20B6
:101F8000EBF7F2FC102D7DDAFD490868DEF738FD2D
:101F90006C2809D8FA48016801A8DEF70DFD01AAEE
:101FA00014210D20EBF7E0FCF5494869DEF728FD28
:101FB0006C2809D8F248416901A8DEF7FDFC01AAA6
:101FC00015210D20EBF7D0FCED49886ADEF718FDEE
:101FD0006C2809D8EA48816A01A8DEF7EDFC01AA5D
:101FE00016210D20EBF7C0FCE549C86BDEF708FDB4
:101FF0006C2809D8E248C16B01A8DEF7DDFC01AA14
:1020000017210D20EBF7B0FCDD49086DDEF7F8FC79
:102010006C2809D8DA48016D01A8DEF7CDFC01AAC9
:1020200018210D20EBF7A0FCD549486EDEF7E8FC3F
:102030006C2809D8D248416E01A8DEF7BDFC01AA80
:1020400019210D20EBF790FCCD49886FDEF7D8FC05
:102050006C2809D8CA48816F01A8DEF7ADFC01AA37
:102060001A210D20EBF780FCC549D1F88C00DEF772
:10207000C7FC6C280CD8C248D0F88C1001A8DEF739
:102080009BFC00E038E101AA1B210D20EBF76CFC62
:10209000BB49D1F8A000DEF7B3FC6C280AD8B848D9
:1020A000D0F8A01001A8DEF787FC01AA1C210D20A2
:1020B000EBF75AFCB249D1F8B400DEF7A1FC6C286A
:1020C0000AD8AF48D0F8B41001A8DEF775FC01AA11
:1020D0001D210D20EBF748FCA949D1F8C800DEF717
:1020E0008FFC6C280AD8A648D0F8C81001A8DEF7E3
:1020F00063FC01AA1E210D20EBF736FCA049D1F8A4
:10210000DC00DEF77DFC6C280AD89D48D0F8DC1096
:1021100001A8DEF751FC01AA1F210D20EBF724FCDA
:102120009749D1F8F000DEF76BFC6C280AD8944888
:10213000D0F8F01001A8DEF73FFC01AA20210D2005
:10214000EBF712FC8E49D1F80401DEF759FC6C283C
:102150000AD88B48D0F8041101A8DEF72DFC01AA9B
:1021600021210D20EBF700FC8549D1F81801DEF79D
:1021700047FC6C280AD88248D0F8181101A8DEF76D
:102180001BFC01AA22210D20EBF7EEFB7C49D1F8C4
:102190002C01DEF735FC6C280AD87948D0F82C11D0
:1021A00001A8DEF709FC01AA23210D20EBF7DCFBD7
:1021B0000D20E0F760FE01210420E0F78FFE0121F1
:1021C0000520E0F78BFE01210620E0F787FE0121C4
:1021D0000720E0F783FE01210820E0F77FFE0121C0
:1021E0000920E0F77BFE01210A20E0F777FE0121BC
:1021F0000B20E0F773FE01210C20E0F76FFE0121B8
:102200000D20E0F76BFE01210E20E0F767FE0121B3
:102210000F20E0F763FE01211020E0F75FFE0121AF
:102220001120E0F75BFE01211220E0F757FE0121AB
:102230001320E0F753FEE0F730FE0D20E0F71BFE21
:1022400001211420E0F778FE01211520E0F774FE4B
:1022500001211620E0F770FE01211720E0F76CFE47
:1022600001211820E0F768FE01211920E0F764FE43
:1022700001211A20E0F760FE01211B20E0F75CFE3F
:1022800001211C20E0F758FE01211D20E0F754FE3B
:1022900001211E20E0F750FE01211F20E0F74CFE37
:1022A00001212020E0F748FE01212120E0F744FE33
:1022B00001212220E0F740FE01212320E0F73CFE2F
:1022C000E0F7EBFD002227210D20EBF751FA002269
:1022D00027210D20EBF775FA012228210D20EBF7BD
:1022E00047FA012228210D20EBF76BFA0022012189
:1022F0000D20EBF73DFA29E12149D1F84001DEF745
:102300007FFB6C280AD81E48D0F8401101A8DEF7E0
:1023100053FB01AA14210D20EBF726FB1849D1F835
:102320005401DEF76DFB6C280AD81548D0F854111B
:1023300001A8DEF741FB01AA15210D20EBF714FBE4
:102340000F49D1F86801DEF75BFB6C280AD80C480E
:10235000D0F8681101A8DEF72FFB01AA16210D2085
:10236000EBF702FB0649D1F87C01DEF749FB6C284C
:1023700013D807E02D2044656E7469737472790078
:10238000B03B0120FE48D0F87C1101A8DEF714FB19
:1023900001AA17210D20EBF7E7FAF949D1F89001CE
:1023A000DEF72EFB6C280AD8F548D0F8901101A86A
:1023B000DEF702FB01AA18210D20EBF7D5FAF04950
:1023C000D1F8A401DEF71CFB6C280AD8EC48D0F841
:1023D000A41101A8DEF7F0FA01AA19210D20EBF7EC
:1023E000C3FAE749D1F8B801DEF70AFB6C280AD82E
:1023F000E348D0F8B81101A8DEF7DEFA01AA1A21E5
:102400000D20EBF7B1FA0D20E0F735FD0121042096
:10241000E0F764FD01210520E0F760FD01210620C1
:10242000E0F75CFD01210720E0F758FD01210820BD
:10243000E0F754FD01210920E0F750FD01210A20B9
:10244000E0F74CFD00210B20E0F748FD00210C20B7
:10245000E0F744FD00210D20E0F740FD00210E20B3
:10246000E0F73CFD00210F20E0F738FD00211020AF
:10247000E0F734FD00211120E0F730FD00211220AB
:10248000E0F72CFD00211320E0F728FDE0F705FD23
:102490000D20E0F7F0FC01211420E0F74DFD0121B3
:1024A0001520E0F749FD01211620E0F745FD012147
:1024B0001720E0F741FD01211820E0F73DFD012143
:1024C0001920E0F739FD01211A20E0F735FD002140
:1024D0001B20E0F731FD00211C20E0F72DFD00213D
:1024E0001D20E0F729FD00211E20E0F725FD002139
:1024F0001F20E0F721FD00212020E0F71DFD002135
:102500002120E0F719FD00212220E0F715FD002130
:102510002320E0F711FDE0F7C0FC012227210D2068
:10252000EBF726F9012227210D20EBF74AF90022CB
:1025300028210D20EBF71CF9002228210D20EBF7B4
:1025400040F9002201210D20EBF712F9F4E28DA2EF
:1025500026210D20EBF708FA002227210D20EBF7AA
:1025600007F9002227210D20EBF72BF90022282163
:102570000D20EBF7FDF8002228210D20EBF721F9C3
:10258000002201210D20EBF7F3F8D5E2102D7DDAC2
:102590007F48DEF735FA6C2809D86C227C4901A8FF
:1025A000DEF74DFA01AA14210D20EBF7DDF978488A
:1025B0008030DEF725FA6C280AD86C227449803105
:1025C00001A8DEF73CFA01AA15210D20EBF7CCF9A2
:1025D0007048DEF715FA6C2809D86C226D4901A8FD
:1025E000DEF72DFA01AA16210D20EBF7BDF9694897
:1025F0008030DEF705FA6C280AD86C2265498031F4
:1026000001A8DEF71CFA01AA17210D20EBF7ACF99F
:102610006148DEF7F5F96C2809D86C225E4901A8FB
:10262000DEF70DFA01AA18210D20EBF79DF95A48A3
:102630008030DEF7E5F96C280AD86C2256498031E3
:1026400001A8DEF7FCF901AA19210D20EBF78CF99E
:102650005248DEF7D5F96C2809D86C224F4901A8F9
:10266000DEF7EDF901AA1A210D20EBF77DF94B48B1
:102670008030DEF7C5F96C280CD86C2247498031D0
:1026800001A8DEF7DCF901AA1B2100E0AFE00D2074
:10269000EBF76AF94248DEF7B3F96C2809D86C22E7
:1026A0003F4901A8DEF7CBF901AA1C210D20EBF769
:1026B0005BF93B488030DEF7A3F96C280AD86C221E
:1026C0003749803101A8DEF7BAF901AA1D210D2092
:1026D000EBF74AF93348DEF793F96C2809D86C22F6
:1026E000304901A8DEF7ABF901AA1E210D20EBF756
:1026F0003BF92C488030DEF783F96C280AD86C222D
:102700002849803101A8DEF79AF901AA1F210D207E
:10271000EBF72AF92448DEF773F96C2809D86C2204
:10272000214901A8DEF78BF901AA20210D20EBF742
:102730001BF91D488030DEF763F96C280AD86C223B
:102740001949803101A8DEF77AF901AA21210D206B
:10275000EBF70AF91548DEF753F96C2809D86C2213
:10276000124901A8DEF76BF901AA22210D20EBF72F
:10277000FBF80E488030DEF743F96C2822D817E0CA
:10278000B03B01202D205468657261707900000013
:102790007812012078130120781401207815012087
:1027A0007816012078170120781801207819012067
:1027B0006C22E94901A8DEF742F901AA23210D2084
:1027C000EBF7D2F8002227210D20EAF7D1FF0022F3
:1027D00027210D20EAF7F5FF012228210D20EAF735
:1027E000C7FF012228210D20EAF7EBFF13E1DA48A9
:1027F0008030DEF705F96C280AD86C22D649803182
:1028000001A8DEF71CF901AA14210D20EBF7ACF8A2
:10281000D248DEF7F5F86C2809D86C22CF4901A818
:10282000DEF70DF901AA15210D20EBF79DF8CB4835
:102830008030DEF7E5F86C280AD86C22C749803171
:1028400001A8DEF7FCF801AA16210D20EBF78CF8A1
:10285000C348DEF7D5F86C2809D86C22C04901A816
:10286000DEF7EDF801AA17210D20EBF77DF8BC4843
:102870008030DEF7C5F86C280AD86C22B849803160
:1028800001A8DEF7DCF801AA18210D20EBF76CF89F
:10289000B448DEF7B5F86C2809D86C22B14901A814
:1028A000DEF7CDF801AA19210D20EBF75DF8AD4850
:1028B0008030DEF7A5F86C280AD86C22A94980314F
:1028C00001A8DEF7BCF801AA1A210D20EBF74CF89D
:1028D000A548DEF795F86C2809D86C22A24901A812
:1028E000DEF7ADF801AA1B210D20EBF73DF89E485D
:1028F0008030DEF785F86C280AD86C229A4980313E
:1029000001A8DEF79CF801AA1C210D20EBF72CF89A
:102910009648DEF775F86C2809D86C22934901A80F
:10292000DEF78DF801AA1D210D20EBF71DF88F4869
:102930008030DEF765F86C280AD86C228B4980312C
:1029400001A8DEF77CF801AA1E210D20EBF70CF898
:102950008748DEF755F86C2809D86C22844901A80D
:10296000DEF76DF801AA1F210D20EAF7FDFF804870
:102970008030DEF745F86C280AD86C227C4980311B
:1029800001A8DEF75CF801AA20210D20EAF7ECFF90
:102990007848DEF735F86C2809D86C22754901A80B
:1029A000DEF74DF801AA21210D20EAF7DDFF71487D
:1029B0008030DEF725F86C280AD86C226D4980310A
:1029C00001A8DEF73CF801AA22210D20EAF7CCFF8E
:1029D0006948DEF715F86C2809D86C22664901A809
:1029E000DEF72DF801AA23210D20EAF7BDFF012211
:1029F00027210D20EAF7BCFE012227210D20EAF74E
:102A0000E0FE002228210D20EAF7B2FE0022282154
:102A10000D20EAF7D6FE0D20E0F72DFA0121042063
:102A2000E0F75CFA01210520E0F758FA01210620C1
:102A3000E0F754FA01210720E0F750FA01210820BD
:102A4000E0F74CFA01210920E0F748FA01210A20B9
:102A5000E0F744FA01210B20E0F740FA01210C20B5
:102A6000E0F73CFA01210D20E0F738FA01210E20B1
:102A7000E0F734FA01210F20E0F730FA01211020AD
:102A8000E0F72CFA01211120E0F728FA01211220A9
:102A9000E0F724FA01211320E0F720FAE0F7FDF92E
:102AA0000D20E0F7E8F901211420E0F745FA0121B3
:102AB0001520E0F741FA01211620E0F73DFA012147
:102AC0001720E0F739FA01211820E0F735FA012143
:102AD0001920E0F731FA01211A20E0F72DFA01213F
:102AE0001B20E0F729FA01211C20E0F725FA01213B
:102AF0001D20E0F721FA01211E20E0F71DFA012137
:102B00001F20E0F719FA01212020E0F715FA012132
:102B10002120E0F711FA01212220E0F70DFA01212E
:102B20002320E0F709FAE0F7B8F9012211460D2059
:102B3000EAF71EFE00E000BF00BFFDF7E5FC0FA2B4
:102B400024210D20EAF710FF0CA225210D20EAF721
:102B50000BFF41B030BD0000F8190120F81A012028
:102B6000F81B0120F81C0120F81D0120F81E01208F
:102B7000F81F0120F8200120F821012000000000AA
:102B80002DE9F04F2DED048BADF5037D82460C460B
:102B900008EA080836404FF4807143A8DDF7F0FFDB
:102BA0004FF4807103A8DDF7EBFFBAF1000F2BD1D2
:102BB000002C00DA0024202C00DD2024372000EB3C
:102BC0008410734931F91090392000EB841031F9E9
:102BD00010803A2000EB841031F910603D2000EBAA
:102BE000841031F910703E2000EB841031F910B0E0
:102BF0003F2000EB841031F910000290382000EBE8
:102C0000841031F9105000E000BF00BFB9F1010F8E
:102C100009D0B9F1020F2AD0B9F1050F4BD0B9F1A3
:102C2000070F7CD16BE000EE108AB8EEC00AF2EE1E
:102C3000040A80EE201A8DED011A019802F092FF2D
:102C400041EC180B53EC182B52A143A8DDF788FC7C
:102C5000012D03D153A103A8DDF782FC022D05D17C
:102C60005A4653A103A8029BDDF77AFC7FE000EEF1
:102C7000106AB8EEC00AF2EE040A80EE201A8DED5A
:102C8000011A019802F06EFF41EC180B53EC182B5F
:102C900050A143A8DDF764FC012D03D141A103A895
:102CA000DDF75EFC022D05D15A4641A103A8029B27
:102CB000DDF756FC5BE000EE107AB8EEC00AF2EEEB
:102CC000040A80EE201A8DED011A019802F04AFFE5
:102CD00041EC180B53EC182B42A143A8DDF740FC44
:102CE000012D03D12FA103A8DDF73AFC022D05D158
:102CF0005A462FA103A8029BDDF732FC37E000EE15
:102D0000107AB8EEC00AF2EE040A80EE201A8DEDB9
:102D1000011A019802F026FF41EC180B00E025E0B3
:102D200000EE106AB8EEC00AF2EE040A80EE201A35
:102D30008DED011A019802F015FF41EC190B8DED94
:102D4000008B53EC192B2BA143A8DDF709FC012DB7
:102D500003D114A103A8DDF703FC022D05D15A46C7
:102D600013A103A8029BDDF7FBFB00E000BF00BF3F
:102D700043AA24210D20EAF7F7FD03AA25210D20FF
:102D8000EAF7F2FD0DF5037DBDEC048BBDE8F08F95
:102D9000781201203435306E6D3A2025332E31669D
:102DA000570000004D6F64653A2043570000000053
:102DB0004D6F64653A2050756C73652C204F6E3AE8
:102DC0002025646D532C204F66663A2025646D5390
:102DD000000000003938306E6D3A2025332E316600
:102DE000570000003633356E6D3A2025332E31669C
:102DF000570000003938306E6D3A2025332E316689
:102E0000572C203633356E6D3A2025332E316657D8
:102E10000000000010B52DED048BC0B04FF48071A0
:102E20006846DDF7ADFEFE48B0F9EE04012804D097
:102E3000022809D0052815D10DE0F948B0F8F204B0
:102E4000F749A1F82A050EE0F548B0F8F404F44972
:102E5000A1F82A0507E0F248B0F8FA04F049A1F811
:102E60002A0500E000BF00BFED48B0F8F0040128DB
:102E70004ED101220C210720EAF751FC00220D213E
:102E80000720EAF74CFC002213210720EAF799FCFF
:102E9000002214210720EAF794FC002215210720C4
:102EA000EAF78FFC002216210720EAF78AFC0022AD
:102EB00024210720EAF785FC002225210720EAF7D4
:102EC00080FC00222C210720EAF77BFC0022132142
:102ED0000720EAF74DFC002214210720EAF748FCFE
:102EE000002215210720EAF743FC002216210720C3
:102EF000EAF73EFCCBA16846DDF732FB6A462221A9
:102F00000720EAF731FD6A4623210720EAF72CFD66
:102F1000C348B0F8F004022844D100220C21072055
:102F2000EAF7FDFB01220D210720EAF7F8FB012259
:102F300013210720EAF745FC012214210720EAF7B4
:102F400040FC012215210720EAF73BFC0122162153
:102F50000720EAF736FC012224210720EAF731FC9A
:102F6000012225210720EAF72CFC01222C21072031
:102F7000EAF727FC012213210720EAF7F9FB0122D7
:102F800014210720EAF7F4FB012215210720EAF7B4
:102F9000EFFB012216210720EAF7EAFBFEF75AFBB6
:102FA000FEF7E2FA9E48B0F946202B210720EAF707
:102FB00043FC4FF480716846DDF7E2FD9848B0F8B5
:102FC000EE0401287AD19648B0F9F20400EE100A16
:102FD000B8EEC00AF2EE040A80EE201A11EE104A92
:102FE000204602F0BFFD41EC190B53EC192B8EA1CA
:102FF0006846DDF7B5FA6A461B210720EAF7B4FCFC
:103000008748B0F9F20400EE100AB8EEC00ADFED0E
:10301000890A20EE200ADFED880A80EE208AB0EED1
:10302000000AB4EEC08AF1EE10FA03D8B0EE000A3E
:10303000B0EE408ABCEEC80A10EE102A2721072005
:10304000EAF7FAFB002217210720EAF768FB0022C3
:1030500017210720EAF7B5FB002217210720EAF71E
:1030600087FB00222D210720EAF759FB00222D21A2
:103070000720EAF7A6FB00222D210720EAF778FBBC
:1030800001222E210720EAF74AFB01222E210720E8
:10309000EAF797FB01222E210720EAF769FB0022BD
:1030A00018210720EAF73BFB00222F210720EAF72F
:1030B00036FB002219210720EAF731FB5848B0F807
:1030C000EE0402284FD15648B0F9F40400EE100A7D
:1030D000B8EEC00AF2EE040A80EE201A11EE104A91
:1030E000204602F03FFD41EC190B53EC192B4EA189
:1030F0006846DDF735FA6A461B210720EAF734FCFB
:103100004748B0F9F40400EE100AB8EEC00ADFED4B
:10311000490A20EE200ADFED490A80EE201AB0EEBF
:10312000418AB0EE000AB4EEC08AF1EE10FA03D87C
:10313000B0EE000AB0EE408ABCEEC80A10EE102ACB
:1031400027210720EAF778FB00222E210720EAF743
:10315000E6FA01222F210720EAF7E1FA00221921DD
:103160000720EAF7DCFA2E48B0F8EE04052870D103
:103170002B48B0F9FA0400EE100AB8EEC00AF2EEDD
:10318000040A80EE201A11EE104A204602F0EAFCF2
:1031900041EC190B53EC192B23A16846DDF7E0F93C
:1031A0006A461B210720EAF7DFFB1D48B0F9FA0445
:1031B00000EE100AB8EEC00ADFED1E0A20EE200A6B
:1031C000F1EE040A80EE201AB0EE418AB0EE000A59
:1031D000B4EEC08AF1EE10FA03D8B0EE000AB0EEF9
:1031E000408ABCEEC80A10EE102A27210720EAF711
:1031F00023FB00222E210720EAF791FA01222E213B
:103200000720EAF7DEFA01222E210720EAF7B0FABA
:10321000002218210720EAF782FA00222F2110E06D
:1032200098EA00204E2F410025332E316620570AA0
:10323000000000000000C8420000FA440000FA4309
:1032400007E00720EAF76BFA002219210720EAF7C6
:1032500066FA4FF480716846DDF792FC0C48B0F9CD
:10326000460000EB800042000AA16846DDF778F9CD
:103270006A461F210720EAF777FB084A1A21072030
:10328000EAF772FBFDF72CFF40B0BDEC048B10BDDC
:1032900098EA0020256425250A00000018EF002088
:1032A00070B5054622480078A84207D12148B0F9F8
:1032B00034052149B1F93415884238D0112D2CD26A
:1032C000DFE805F0090B0D0F11131517191B1D1F52
:1032D000212325272900194C21E0194C1FE0194C06
:1032E0001DE0194C1BE0194C19E0194C17E0194C62
:1032F00015E0194C13E0194C11E0194C0FE0194C72
:103300000DE0194C0BE0194C09E0194C07E0194C81
:1033100005E0194C03E0194C01E0084C00BF00BF68
:10332000224620210720EAF71FFB0148057070BDE7
:103330000801002098EA002088F600205F67020854
:10334000606702087C67020895670208A1670208A7
:10335000B4670208CC670208DE670208FB67020850
:103360001B6802083B6802084C6802086268020891
:103370007768020897680208A7680208BA68020816
:1033800001460A69D1E901309860D1E9010358602A
:103390005068884201D18868506000200861106838
:1033A000401E10601068704770B50446254655B938
:1033B00000BF502080F31188BFF34F8FBFF36F8F92
:1033C00000BF00BFFEE700F055F8D5E90E10461A21
:1033D00000F07AF8304670BD034B0360034B0B607E
:1033E0008023136070470000B423002014240020C1
:1033F000034B0360034B0B604FF480731360704703
:10340000142600207426002000F1080141604FF0CE
:10341000FF31816000F10801C1600161002101609C
:10342000704700210161704710B502460B685C1CB3
:103430000CB9106907E002F1080000E04068446838
:1034400024689C42FAD944684C604C68A16088604A
:1034500041600A611468641C146010BD42684A60CF
:1034600093688B60936859609160086103685B1C86
:103470000360704700BF502080F31188BFF34F8F67
:10348000BFF36F8F00BF0E480068401C0C490860F6
:1034900008460068012812D10A480068C0B208B97D
:1034A000012000E0002050B900BF502080F31188B7
:1034B000BFF34F8FBFF36F8F00BF00BFFEE77047B2
:1034C00060C0012004ED00E00D48006850B900BF65
:1034D000502080F31188BFF34F8FBFF36F8F00BF71
:1034E00000BFFEE706480068401E05490860084620
:1034F000006820B9002080F3118800BF00BF70472A
:1035000060C0012070B506463546002E44D0083D07
:103510002C46224960680968084008B1012000E093
:10352000002050B900BF502080F31188BFF34F8FA7
:10353000BFF36F8F00BF00BFFEE7206808B901200E
:1035400000E0002050B900BF502080F31188BFF385
:103550004F8FBFF36F8F00BF00BFFEE70F4960685A
:1035600009680840C0B12068B0B90C4960680968B2
:103570008843606000F016FA0949606809680844E9
:10358000074908602046F9F7E5FB06480068401C3B
:103590000449086001F042FC70BD00005CC00120DD
:1035A0004CC0012058C0012000204FF0E0210861EC
:1035B0008861064800684FF47A71B0FBF1F0401E54
:1035C0004FF0E02148610720086170471800002093
:1035D00070B5DCF7C7FE0446102C16D304F1E020CA
:1035E00090F8F05315480078854201DB012000E097
:1035F000002050B900BF502080F31188BFF34F8FD7
:10360000BFF36F8F00BF00BFFEE70D48006800F4F6
:10361000E0600C490968884201D8012000E00020E0
:1036200050B900BF502080F31188BFF34F8FBFF314
:103630006F8F00BF00BFFEE770BD000064C00120B7
:103640000CED00E068C00120024600200BE0084BB2
:1036500053F8303033B9064B43F8301003EBC00356
:103660005A6002E0401C0828F1D300BF70470000F8
:1036700004C3012070B50446254655B900BF50204B
:1036800080F31188BFF34F8FBFF36F8F00BF00BF70
:10369000FEE7284600F008F895F8460010B92846DD
:1036A000FFF730FF70BD0000014600200EE0094A20
:1036B00002EBC00252688A4207D10022054B43F850
:1036C000302003EBC0035A6002E0401C0828EED310
:1036D00000BF704704C301202DE9F04105460E46A6
:1036E00017462C46FFF7C6FE94F94400401C10B95B
:1036F000002084F8440094F94500401C10B90020D3
:1037000084F84500FFF7E0FEA06B28B93A46314641
:1037100004F1240000F062F82046F9F76CFDBDE8E2
:10372000F081000070B504460025D4B1124800684D
:1037300008B9012000E0002050B900BF502080F3FC
:103740001188BFF34F8FBFF36F8F00BF00BFFEE73D
:1037500000F028F900212046F9F760F801F05EFB3F
:1037600005463DB94FF0805004490860BFF34F8FC4
:10377000BFF36F8F70BD00005400002004ED00E027
:103780000349096801600349096841607047000006
:1037900044000020300000200120014908607047EB
:1037A0004000002070B504460D4654B900BF5020BB
:1037B00080F31188BFF34F8FBFF36F8F00BF00BF3F
:1037C000FEE70548016818312046FFF72DFE01216C
:1037D0002846F9F723F870BD1C00002070B5054697
:1037E0000E46144655B900BF502080F31188BFF330
:1037F0004F8FBFF36F8F00BF00BFFEE70648016821
:1038000018312846FFF72AFE0CB14FF0FF3621464B
:103810003046F9F703F870BD1C0000202DE9F04791
:1038200006460F4634464FF00109002E55D0206D54
:1038300050B900BF502080F31188BFF34F8FBFF302
:103840006F8F00BF00BFFEE7E06CB84201D23D467B
:1038500000E0E56CE06AA8423FD0206D01283CD131
:103860001F480068844201D0012000E0002050B9C8
:1038700000BF502080F31188BFF34F8FBFF36F8FCD
:1038800000BF00BFFEE7D4F82C80E562A06900F01D
:10389000004010B9C5F13800A06108EB8801114A59
:1038A00002EB81016069884201D1012000E0002023
:1038B00098B1201DFFF764FD0B49E06A0968884252
:1038C00002D90949E06A0860E16A01EB8101054A11
:1038D00002EB8100211DFFF7C1FDBDE8F08700006C
:1038E0001C000020F01E00203400002010B586B01F
:1038F00000200590049003AA04A905A8FFF76CFD19
:103900000022DDE904101346CDE9002102901EA13A
:103910001F48039A01F076F81E49086008460068BF
:1039200008B1012400E00024012C02D101F0F8FAD2
:103930000446012C15D100BF502080F31188BFF33D
:103940004F8FBFF36F8F00BF4FF0FF3012490860F9
:1039500001201249086000201149086000F068FA4F
:1039600010E0601C08B1012000E0002050B900BF49
:10397000502080F31188BFF34F8FBFF36F8F00BFCC
:1039800000BFFEE706B010BD49444C4500000000F2
:10399000BDCB0108500000204C0000203800002062
:1039A0003000002002480068401C01490860704750
:1039B000540000201E48006818B101201D4908600D
:1039C00034E000201B4908601B4801680CE051B935
:1039D00000BF502080F31188BFF34F8FBFF36F8F6C
:1039E00000BF00BFFEE7491E01EB8100134A52F8F9
:1039F000200008B9012000E000200028E7D101EBF9
:103A000081020E4B03EB820042685268426000F173
:103A100008024368934202D1426852684260426899
:103A2000D268074B1A600448016000BF704700006D
:103A3000540000204000002034000020F01E002030
:103A40001C00002070B504460D460926E4B120682C
:103A5000D0B120680078B8B1A0882168C9888842B0
:103A600012D12068F8F761FA68B121684878F5F753
:103A70002DF800F0010008B9002605E000212068BB
:103A8000FCF734FD00E00F260EB9206800E00020AE
:103A90002860304670BD000070B5064629480078A1
:103AA000022839D13046F7F787FD002848D045F67F
:103AB000A820E5F779FA50B1234B40F6883223A1CC
:103AC00029A0DCF741FD45F6A820E9F777FD30464F
:103AD000ECF78EFC0546002D32D02846ECF75AFC58
:103AE0000446312C0AD1184B40F68F3217A128A07A
:103AF000DCF72AFD45F6A920E9F760FD002C1FD16F
:103B0000114B40F6933211A12CA0DCF71DFD45F6B8
:103B1000A920E9F737FC13E045F6A820E5F724FAD9
:103B200070B145F6A820E9F72DFC45F6A920E9F784
:103B300029FC054B40F6A23204A12BA0DCF704FDC2
:103B400070BD000004C001203A6702082E2E5C2ED2
:103B50002E5C4D61696E4170705C6463486D6941B3
:103B600070702E630000000025732C25642C2573D3
:103B70003A776972656C65737320666F6F747377DB
:103B800069636820706C75672E2E2E2E2E2E0A000B
:103B900025732C25642C25733A776972656C6573DF
:103BA0007320666F6F7473776963682070726573D2
:103BB000732E2E2E2E2E2E0A0000000025732C258B
:103BC000642C25733A776972656C65737320666F30
:103BD0006F7473776963682072656C656173652EB5
:103BE0002E2E2E2E2E0A000025732C25642C2573D4
:103BF0003A776972656C65737320666F6F7473775B
:103C000069636820756E706C75672E2E2E2E2E2EB1
:103C10000A0000002DE9F041064601229102824887
:103C2000E1F72CF800BF00BF00BF00BF00BF00BF1E
:103C300000BF00BF00BF00BF00BF00BF00BF00BF8C
:103C400000BF00BF00BF00BF00BF00BF00BF00BF7C
:103C500000BF00BF00BF00BF00BF00BF00BF00BF6C
:103C600000BF00BF00BF00BF00BF00BF00BF00BF5C
:103C700000BF00BF00224FF480616B48E0F7FEFFF9
:103C80004FF48857B81987B200BF00BF00BF00BF0C
:103C900000BF00BF00BF00BF00BF00BF002590E015
:103CA000C5F10F0047FA00F000F0010422464FF47E
:103CB00000415E48E0F7E2FF00BF00BF00BF00BF69
:103CC00000BF00BF00BF00BF00BF00BF00BF00BFFC
:103CD00000BF00BF00BF00BF00BF00BF00BF00BFEC
:103CE00000BF00BF00BF00BF00BF00BF00BF00BFDC
:103CF00000BF00BF00BF00BF00BF00BF00BF00BFCC
:103D000000BF00BF00BF00BF012251024648E0F7DC
:103D1000B5FF00BF00BF00BF00BF00BF00BF00BFB6
:103D200000BF00BF00BF00BF00BF00BF00BF00BF9B
:103D300000BF00BF00BF00BF00BF00BF00BF00BF8B
:103D400000BF00BF00BF00BF00BF00BF00BF00BF7B
:103D500000BF00BF00BF00BF00BF00BF00BF00BF6B
:103D600000BF00224FF400712F48E0F787FF00BF2B
:103D700000BF00BF00BF00BF00BF00BF00BF00BF4B
:103D800000BF00BF00BF00BF00BF00BF00BF00BF3B
:103D900000BF00BF00BF00BF00BF00BF00BF00BF2B
:103DA00000BF00BF00BF00BF00BF00BF00BF00BF1B
:103DB00000BF00BF00BF00BF00BF00BF00BF681C46
:103DC00085B2102DFFF66CAF00BF00BF00BF00BF73
:103DD00000BF00BF00BF00BF00BF00BF00BF00BFEB
:103DE00000BF00BF00BF00BF00BF00BF00BF00BFDB
:103DF00000BF00BF00BF00BF00BF00BF00BF00BFCB
:103E000000BF00BF00BF00BF00BF00BF00BF00BFBA
:103E100000BF00BF00BF00BF012291020248E0F7CF
:103E20002DFFBDE8F08100000020024000080240A4
:103E30001CB5524800685249884201D0012000E078
:103E4000002050B900BF502080F31188BFF34F8F7E
:103E5000BFF36F8F00BF00BFFEE7484800684849C6
:103E6000491E884201D0012000E0002050B900BF67
:103E7000502080F31188BFF34F8FBFF36F8F00BFC7
:103E800000BFFEE73F49084600780190FF200A4640
:103E900010700846007800909DF8000000F0F000D7
:103EA0009DF80020904201D1012000E0002050B98F
:103EB00000BF502080F31188BFF34F8FBFF36F8F87
:103EC00000BF00BFFEE79DF8000000F050002E4A42
:103ED000107007202D4A106009E02C480068401E31
:103EE0002A4A10609DF800004006000E00909DF8E0
:103EF000000000F080008028EFD024480068C0F166
:103F00000700042801D1012000E0002050B900BFC3
:103F1000502080F31188BFF34F8FBFF36F8F00BF26
:103F200000BFFEE7194800680002184A10601046FA
:103F3000008800F4E0601060124A019810700F4889
:103F40002030006840F470000C49203108600846B9
:103F5000006840F070400860FFF726FB00200C4925
:103F60000860DCF7C7F90B48006840F04040094999
:103F70000860DCF7ABF900201CBD000000ED00E09C
:103F800071C20F4100E400E064C0012068C001205C
:103F900060C0012034EF00E010B500BF502080F376
:103FA0001188BFF34F8FBFF36F8F00BF00F0A4FDE8
:103FB00018B14FF080500449086000BF002080F322
:103FC000118800BF10BD000004ED00E02DE9F041B4
:103FD00004460126002722460021012000F01CF89B
:103FE00005462846F8F7FEFD2846BDE8F0812DE994
:103FF000F84304460D4601274FF000082B460022E7
:1040000011460120009400F034F806463046F8F7D7
:10401000E9FD3046BDE8F8832DE9F84305460E4634
:1040200017460DB1012000E0002050B900BF50201C
:1040300080F31188BFF34F8FBFF36F8F00BF00BFB6
:10404000FEE705FB06F808F15000F9F7F5F904461C
:1040500064B1A14609F15009002084F846003B46AE
:104060004A46314628460094F8F7CBFD2046BDE885
:10407000F8832DE9F84380460E4617461D46DDF8C5
:104080002090B8F1000F01D0012000E0002050B9CD
:1040900000BF502080F31188BFF34F8FBFF36F8FA5
:1040A00000BF00BFFEE70DB1012000E0002050B9C5
:1040B00000BF502080F31188BFF34F8FBFF36F8F85
:1040C00000BF00BFFEE707B10EB1012000E00020F5
:1040D00050B900BF502080F31188BFF34F8FBFF35A
:1040E0006F8F00BF00BFFEE707B90EB9012000E0E7
:1040F000002050B900BF502080F31188BFF34F8FCC
:10410000BFF36F8F00BF00BFFEE750200090009804
:10411000502801D1012000E0002050B900BF5020FC
:1041200080F31188BFF34F8FBFF36F8F00BF00BFC5
:10413000FEE700BF2C464CB1012084F846004B46F8
:104140003A46314640460094F8F75BFD2046BDE80C
:10415000F883000070B505460E462C4654B900BFE2
:10416000502080F31188BFF34F8FBFF36F8F00BFD4
:1041700000BFFEE7FFF77EF9D4E90F12206801FBCC
:104180000200A0600020A06320686060E06B401E19
:10419000226C216800FB0211E160FF2084F84400DA
:1041A00084F845009EB9206908B9012000E000208C
:1041B000A8B904F1100000F0E5FD80B14FF0805087
:1041C00009490860BFF34F8FBFF36F8F07E004F119
:1041D0001000FFF719F904F12400FFF715F9FFF7B4
:1041E00073F9012070BD000004ED00E02DE9FF43EC
:1041F00083B0064688461D464FF00009344654B940
:1042000000BF502080F31188BFF34F8FBFF36F8F33
:1042100000BF00BFFEE7B8F1000F01D1206C08B964
:10422000012000E0002050B900BF502080F3118829
:10423000BFF34F8FBFF36F8F00BF00BFFEE7022DAC
:1042400002D1E06B012801D1012000E0002050B92B
:1042500000BF502080F31188BFF34F8FBFF36F8FE3
:1042600000BF00BFFEE700F031FC08B9059808B9AF
:10427000012000E0002050B900BF502080F31188D9
:10428000BFF34F8FBFF36F8F00BF00BFFEE700BFCC
:10429000FFF7F0F8A06BE16B884201D3022D28D123
:1042A0002A4641462046F8F7C6FB0746606A08B929
:1042B000012000E0002068B904F1240000F062FD54
:1042C00088B14FF0805032490860BFF34F8FBFF381
:1042D0006F8F08E03FB14FF080502D490860BFF369
:1042E0004F8FBFF36F8FFFF7EFF8012007B0BDE8E6
:1042F000F083059818B9FFF7E7F80020F6E7B9F161
:10430000000F04D101A8FFF73BFA4FF00109FFF7B6
:10431000DBF8FFF747FBFFF7ADF894F94400401CCA
:1043200010B9002084F8440094F94500401C10B9ED
:10433000002084F84500FFF7C7F805A901A800F0A0
:10434000E9FAF0B92046F8F772FDA0B104F11000C7
:104350000599FFF727FA2046F8F74DFF00F05EFDBC
:10436000002895D14FF0805009490860BFF34F8F66
:10437000BFF36F8F8CE72046F8F73DFF00F04EFD4E
:1043800086E72046F8F737FF00F048FD0020ADE74C
:1043900004ED00E02DE9F84F07468A4690461E4698
:1043A0003C4654B900BF502080F31188BFF34F8FB3
:1043B000BFF36F8F00BF00BFFEE7BAF1000F01D15E
:1043C000206C08B9012000E0002050B900BF502047
:1043D00080F31188BFF34F8FBFF36F8F00BF00BF13
:1043E000FEE7022E02D1E06B012801D1012000E09E
:1043F000002050B900BF502080F31188BFF34F8FC9
:10440000BFF36F8F00BF00BFFEE7FFF7E1F800BF0B
:104410005021EFF3118081F31188BFF34F8FBFF369
:104420006F8F00BF0546A06BE16B884201D3022E5F
:1044300025D194F945B0A06B0090324651462046F4
:10444000F8F7F9FA0BF1010088B9606A08B90120A0
:1044500000E0002050B904F1240000F093FC28B1E2
:10446000B8F1000F02D00120C8F8000004E00BF101
:10447000010040B284F845004FF0010901E04FF01F
:10448000000900BF85F3118800BF4846BDE8F88FDA
:1044900070B505462C4654B900BF502080F31188F2
:1044A000BFF34F8FBFF36F8F00BF00BFFEE700F079
:1044B00007FBA16888420CD1E068401EE060E0681C
:1044C00028B900231A4619462046FFF78FFE012619
:1044D00000E00026304670BD2DE9F74183B0054667
:1044E0000E464FF000082C4654B900BF502080F310
:1044F0001188BFF34F8FBFF36F8F00BF00BFFEE780
:104500000EB9206C08B9012000E0002050B900BFAE
:10451000502080F31188BFF34F8FBFF36F8F00BF20
:1045200000BFFEE700F0D2FA08B9059808B90120EB
:1045300000E0002050B900BF502080F31188BFF385
:104540004F8FBFF36F8F00BF00BFFEE700BFFEF7C6
:1045500091FFA76BF7B131462046F8F757FA781E5E
:10456000A063206908B9012000E0002060B904F1CF
:10457000100000F007FC38B14FF080502F49086060
:10458000BFF34F8FBFF36F8FFEF79EFF012006B082
:10459000BDE8F081059818B9FEF796FF0020F6E710
:1045A000B8F1000F04D101A8FFF7EAF84FF00108B5
:1045B000FEF78AFFFFF7F6F9FEF75CFF94F9440077
:1045C000401C10B9002084F8440094F94500401CB8
:1045D00010B9002084F84500FEF776FF05A901A870
:1045E00000F098F9F0B92046F8F714FCA0B104F1F6
:1045F00024000599FFF7D6F82046F8F7FCFD00F0F7
:104600000DFC0028A3D14FF080500C490860BFF387
:104610004F8FBFF36F8F9AE72046F8F7ECFD00F05D
:10462000FDFB94E72046F8F7E6FD00F0F7FB204697
:10463000F8F7F0FB00288AD00020A8E704ED00E09E
:104640002DE9F05F064689461746344654B900BF47
:10465000502080F31188BFF34F8FBFF36F8F00BFDF
:1046600000BFFEE7B9F1000F01D1206C08B90120AD
:1046700000E0002050B900BF502080F31188BFF344
:104680004F8FBFF36F8F00BF00BFFEE7FEF7A0FFA5
:1046900000BF5021EFF3118081F31188BFF34F8FDA
:1046A000BFF36F8F00BF0546D4F838A0BAF1000FF2
:1046B00022D094F944B049462046F8F7A7F9AAF168
:1046C0000100A0630BF1010070B9206908B9012055
:1046D00000E0002068B904F1100000F053FB40B185
:1046E0003FB10120386004E00BF1010040B284F8D2
:1046F00044004FF0010801E04FF0000800BF85F3CF
:10470000118800BF4046BDE8F09F00002DE9F3414D
:1047100082B005464FF000082C46002654B900BF71
:10472000502080F31188BFF34F8FBFF36F8F00BF0E
:1047300000BFFEE7206C08B9012000E0002050B95E
:1047400000BF502080F31188BFF34F8FBFF36F8FEE
:1047500000BF00BFFEE700F0B9F908B9039808B937
:10476000012000E0002050B900BF502080F31188E4
:10477000BFF34F8FBFF36F8F00BF00BFFEE700BFD7
:10478000FEF778FEA76BFFB1781EA063206810B912
:10479000F8F7F8FEA060206908B9012000E00020C9
:1047A00060B904F1100000F0EDFA38B14FF080501C
:1047B00043490860BFF34F8FBFF36F8FFEF784FE4E
:1047C000012004B0BDE8F081039898B90EB901202A
:1047D00000E0002050B900BF502080F31188BFF3E3
:1047E0004F8FBFF36F8F00BF00BFFEE7FEF76CFE79
:1047F0000020E6E7B8F1000F04D16846FEF7C0FFDD
:104800004FF00108FEF760FEFFF7CCF8FEF732FE2E
:1048100094F94400401C10B9002084F8440094F935
:104820004500401C10B9002084F84500FEF74CFEFE
:1048300003A9684600F06EF840BB2046F8F7EAFA94
:10484000F0B1206838B9FEF715FEA06800F048FA0C
:104850000646FEF739FE04F124000399FEF7A2FF95
:104860002046F8F7C8FC00F0D9FA002888D14FF0AC
:10487000805013490860BFF34F8FBFF36F8F7FE7FE
:104880002046F8F7B8FC00F0C9FA79E72046F8F7B7
:10489000B2FC00F0C3FA2046F8F7BCFA0028EED0CC
:1048A0005EB1FEF7E7FD2046F8F72CF907463946DA
:1048B000A068FEF7B3FFFEF707FE002081E70000C7
:1048C00004ED00E02DE9F04106460F46344654B9A8
:1048D00000BF502080F31188BFF34F8FBFF36F8F5D
:1048E00000BF00BFFEE700F0EBF8A168884204D1EA
:1048F000E068401CE060012508E039462046FFF7EB
:1049000005FF054615B1E068401CE0602846BDE89B
:10491000F081000070B505460C4655B900BF502027
:1049200080F31188BFF34F8FBFF36F8F00BF00BFBD
:10493000FEE754B900BF502080F31188BFF34F8FBA
:10494000BFF36F8F00BF00BFFEE7FEF793FD124875
:1049500002686868131A2068401C08B9002617E02E
:104960000E4928680968884204D06868904201D8D6
:1049700001260DE02068984207D92068C01A2060FF
:104980002846FEF7FDFE002602E0002020600126FA
:10499000FEF79AFD304670BD300000204400002034
:1049A0002DE9FF4F85B0804689461746DDE912ABF9
:1049B000B800F8F741FD064656B16020F8F73CFD17
:1049C00004460CB1266304E03046FEF79BFD00E090
:1049D00000248CB1002084F85D00CDE900ABCDE966
:1049E00002403A4649464046089BF8F71FF92046E0
:1049F000F7F752FF012501E04FF0FF35284609B0D7
:104A0000BDE8F08F2DE9F04F85B007468846914606
:104A10009A46DDE90EB6109C0EB1012000E00020A0
:104A200050B900BF502080F31188BFF34F8FBFF300
:104A30006F8F00BF00BFFEE70CB1012000E0002037
:104A400050B900BF502080F31188BFF34F8FBFF3E0
:104A50006F8F00BF00BFFEE76020039003986028BF
:104A600001D1012000E0002050B900BF502080F3A8
:104A70001188BFF34F8FBFF36F8F00BF00BFFEE7FA
:104A800000BFB4B1AEB125462C462E63022085F896
:104A90005D00002004A953464A46CDE900B1CDE9A6
:104AA000025041463846F8F7C1F82846F7F7F4FEB9
:104AB00001E000200490049805B0BDE8F08F0000EC
:104AC00001490868704700001C000020054909687A
:104AD00009B9012005E00449096809B9022000E08C
:104AE0000020704738000020540000200149086869
:104AF00070470000300000202DE9F0414FF0000821
:104B00004348006800287BD142480068451C414862
:104B1000056015BB40480068006808B9012000E046
:104B2000002050B900BF502080F31188BFF34F8F91
:104B3000BFF36F8F00BF00BFFEE7374807683748F5
:104B40000068354908603548076035480068401CF2
:104B500033490860F8F7A0FA00BF32480068854280
:104B60003BD300BF2C480068006808B9012000E072
:104B7000002020B14FF0FF302A4908602CE0264881
:104B80000068C068C4686668B54202D225480660FD
:104B900022E0201DFEF7F4FBA06A18B104F1180012
:104BA000FEF7EEFB2049E06A0968884202D91E49F7
:104BB000E06A0860E16A01EB81011C4A02EB8100B6
:104BC000211DFEF74BFC1A49E06A0968C96A884250
:104BD000C8D34FF00108C5E700BF15480068C06A98
:104BE00000EB8000114951F82000012801D94FF055
:104BF00001081048006808B14FF0010805E0FFE720
:104C00000D480068401C0C4908604046BDE8F08132
:104C1000540000203000002020000020240000204C
:104C2000440000204C00002034000020F01E002032
:104C30001C000020400000203C00002070B505460C
:104C40002C460026002D43D022480068844201D122
:104C5000012000E0002050B900BF502080F31188EF
:104C6000BFF34F8FBFF36F8F00BF00BFFEE7206D14
:104C700050B900BF502080F31188BFF34F8FBFF3AE
:104C80006F8F00BF00BFFEE7206D401E2065E16C06
:104C9000E06A88421CD0206DD0B9201DFEF770FB61
:104CA000E06CE062E06AC0F13800A0610A49E06AA5
:104CB0000968884202D90849E06A0860E16A01EBA4
:104CC0008101064A02EB8100211DFEF7C7FB012688
:104CD000304670BD1C00002034000020F01E002073
:104CE00070B505462C460026002D42D02249E06AC8
:104CF0000968C96A884235D2A06900F0004028B925
:104D00001D480068C06AC0F13800A061E16A01EB8B
:104D100081011A4A02EB81016069884201D10120B8
:104D200000E00020C0B1201DFEF72AFB12480068F9
:104D3000C06AE0621249E06A0968884202D91049F3
:104D4000E06A0860E16A01EB81010C4A02EB810034
:104D5000211DFEF783FB03E007480068C06AE0629C
:104D6000012606E00449E06C0968C96A884200D25D
:104D70000126304670BD00001C000020F01E0020FF
:104D80003400002070B50646F068C46854B900BF0E
:104D9000502080F31188BFF34F8FBFF36F8F00BF98
:104DA00000BFFEE704F11800FEF7EAFA15480068B4
:104DB000A0B9201DFEF7E4FA1349E06A09688842A9
:104DC00002D91149E06A0860E16A01EB81010F4AEA
:104DD00002EB8100211DFEF741FB04E004F1180104
:104DE0000B48FEF73BFB0B49E06A0968C96A884239
:104DF00004D9012501200849086000E00025284663
:104E000070BD00005400002034000020F01E00207F
:104E1000782300201C0000204000002070B50024F2
:104E200000263648006850B900BF502080F3118832
:104E3000BFF34F8FBFF36F8F00BF00BFFEE7FEF7DA
:104E400019FB2E480068401E2C490860084600687F
:104E500000284ED12A48006800284AD023E029487B
:104E6000C068C46804F11800FEF78AFA201DFEF736
:104E700087FA2549E06A0968884202D92249E06A2E
:104E80000860E16A01EB8101204A02EB8100211DEB
:104E9000FEF7E4FA1E49E06A0968C96A884202D34B
:104EA00001201C4908601748006808B9012000E08B
:104EB00000200028D3D00CB1F8F7EEF816480568AA
:104EC00065B100BFFFF718FE10B10120114908605D
:104ED0006D1E002DF6D100200F4908600D480068B6
:104EE00038B1012630070D490860BFF34F8FBFF37B
:104EF0006F8FFEF7E9FA304670BD000054000020C5
:104F00002C0000207823002034000020F01E002018
:104F10001C000020400000203C00002004ED00E0C8
:104F200010B586B00024F7F713FD16480068D0B11D
:104F300000200590049003AA04A905A8FEF758FADA
:104F40000222DDE904100023CDE9002102900EA128
:104F50000F48039AFFF756FD0E490860084600689F
:104F600000B1012400BF54B900BF502080F3118864
:104F7000BFF34F8FBFF36F8F00BF00BFFEE7204628
:104F800006B010BD60000020546D7220537663009F
:104F9000DDD10108640000202DE9FF4704460D46DD
:104FA00016461F46DDF830804FF0000954B900BFA7
:104FB000502080F31188BFF34F8FBFF36F8F00BF76
:104FC00000BFFEE71448006810B3009501960294F4
:104FD000062D15DAFFF77AFD022808D10023424694
:104FE00069460D480068FFF701F9814610E000238B
:104FF0001A46694608480068FFF7F8F8814607E056
:1050000000233A46694604480068FFF7C3F9814621
:10501000484604B0BDE8F0876000002030B5024685
:105020005478641C630100242046214610E00229C4
:1050300001D1491C0BE000F0010414B14FF400440D
:1050400000E0002404EB6004555C2C44A0B2491C31
:105050009942ECD330BD70B5064600241BE02846CB
:10506000F5F7EAF8054604F0010010B14FF40040EE
:1050700000E0002000EB6400E9B2084484B204F0D0
:10508000010010B14FF4004000E0002000EB64008C
:1050900000EB252084B236F8021B0D1EDFD120461E
:1050A00070BD000010B500290AD00878002807D08C
:1050B00005487844DDF7FEF8002801D0002010BD37
:1050C0000248784410BD0000822200007A220000CD
:1050D00010B500290AD00878002807D00548784480
:1050E000DDF7E8F8002801D0002010BD0248784420
:1050F00010BD0000722200006A22000021F0004270
:10510000A2F16052B2F5801F01F0004328BFD2F136
:105110007F6C0BD95FEA001C43EAC20242EB50707D
:1051200018BF704728BF20F001007047B2F5801FFC
:10513000BCBF184670474FEA410C1CF5001F02D255
:10514000084600F085BD70B500F098FB00000089AE
:10515000FFF7F6BF4FF00040A0F580007047000059
:1051600010B591EA030F48BF83F0004300F11884A3
:10517000841A71EB030C05D2121943EB0C03001BCC
:1051800061EB0C01DFF824E14FEA1154A4EB135C4E
:105190001EEA430F18BF9EEA445F73D023EA0E0352
:1051A000DCF1200E21EA045143F4801332D322FAB9
:1051B0000CFE10EB0E0023FA0CFE41EB0E01CCF1BD
:1051C000200E03FA0EFE10EB0E0051F10001B1F5B6
:1051D000801FCCF1200E32D201EB045112FA0EF2F4
:1051E000BDE8104058BF7047401C38BF5FEA42021C
:1051F00018BF7047002814BF20F0010041F10001E2
:105200004FEA410313F5001F38BF7047A1F1C041B9
:1052100000F082BB012A43EB0302ACF1200CDCF16D
:105220001F0E32BF4FF0000E23FA0CF310EB0300F9
:1052300041EB0451B4EB115FD0D0A1EB045101F567
:10524000801149085FEA300001EB04510ED350F1A0
:10525000000038BF12FA0EFE08D1BDE81040C9E7C1
:10526000401C38BF5FEA4202CAD1C3E7BDE8104024
:105270004FEA410313F5001F38BF7047A1F1C04149
:1052800000F04ABB9EEA445F08D011EA5E0FBDE819
:10529000104004BF01F0004100207047BDE81040FD
:1052A00070B500F0EBFA00BF64FBBE3E0000E0FF0B
:1052B00002494FF0000000F0D5BC00BF0000F87FAD
:1052C000491058BFC1F140415B1058BFC3F1404382
:1052D0008B42EFF3008070472DE9C04130B4DFF816
:1052E000A0C23CEA111418BF3CEA131400F0EC8091
:1052F00081EA03051CEA111444EAD57418BF1CEABC
:10530000131500F0C780A4EB05044FF0004545EAF3
:10531000C12145EAC32341EA505143EA525304F103
:105320007F74994204F500344FEAC0204FEAC2224C
:1053300008BF904200F09C804FEA13650FF24016C0
:10534000765D4FEA134506FB05F7C7F1807706FB4C
:1053500007F74FEAD737A7FB03687642C8F58038CE
:10536000A7FB06CE38BFA8F1010807FB08E64FF0FF
:10537000000EA6FB028CE6FB03CEDCF1000CCEF1A6
:10538000004E38BFAEF1010EA6FB0C584FF00007DF
:105390004FF00005E6FB0E87A1FB08C6A0FB07CE79
:1053A00016EB0E0645F10005E1FB076515F1E04E31
:1053B0007EBFA4F580345FEA46066D4116F1800792
:1053C00045F100054FEA17274FEA066647EA0567E9
:1053D000A6F1DE46B6F1805F4FEA15251FD93846A3
:1053E00024F0010C05EBC471BCF1FE6F01EB0C1154
:1053F00002D8F0BCBDE8008124425CBF01F5801EEC
:105400009EEAC47F02D4F0BCBDE80081244238D4B7
:10541000F0BCA1F1C041BDE8004100F07DBA4FEA07
:10542000D22242EA43524FEAD323A7FB02864FEA35
:10543000D02040EA415007FB03661EEA0E0F4FEAF8
:10544000D12105FB026658BFA6EB0056B6EB00560D
:105450004FEA520E4EEAC37E18EB0E0E56EB530E79
:10546000BDD518EB02085E417F1C55F10005B6E77B
:105470004FF480154FF000074FF000064FF0000882
:10548000ADE7F0BC4FF0000001F1C04101F0004178
:10549000BDE8008111EA0C1F0CEA131500D00CE0E6
:1054A00013EA0C1F00F025804FF00000F0BC81EAE9
:1054B000030101F00041BDE80081F0BCBDE80041FE
:1054C00081EA030100F028BAF0BCBDE8004170B5E4
:1054D00000F0D4F9097EFC3E00F007B881EA030130
:1054E0004FF0000001F00041704781EA030100F035
:1054F00013BAF0BCBDE800414FF0000021497047ED
:10550000FFFDFBF9F7F5F4F2F0EEEDEBE9E8E6E488
:10551000E3E1E0DEDDDBDAD8D7D5D4D3D1D0CFCD0F
:10552000CCCBCAC8C7C6C5C4C2C1C0BFBEBDBCBB48
:10553000BAB9B8B7B6B5B4B3B2B1B0AFAEADACAB43
:10554000AAA9A8A8A7A6A5A4A3A3A2A1A09F9F9E1D
:105550009D9C9C9B9A9999989797969595949393CF
:10556000929191908F8F8E8E8D8C8C8B8B8A898966
:1055700088888787868585848483838282818180E9
:105580000000FF070000F87F51EA030C17D41CF558
:10559000801F58BFBCF5801F00F10680994218BFDC
:1055A000704708BF9042704707D711F5801F58BF5A
:1055B00013F5801F19D499427047894270471CF532
:1055C000801F08D5BCF5801FF7D58B4218BF7047E8
:1055D00008BF824270474FF4001C1CEB410F38BFDC
:1055E0001CEB430F01D28B42704770B500F046F9B7
:1055F000922449004FF000514FF08053FFF760BEF6
:105600004FEA1153A3F58063D3F11E03A8BFD3F172
:10561000200C08DB4FF0004242EAC12252EA50520D
:1056200032FA03F0704709420BD4102BC4BF00209C
:10563000704703F5787CBCF1FF3F05D04FF0FF3099
:1056400070474FF00000704770B500F017F900BFC9
:105650004992248000207047F0E710F0004248BFD4
:105660004042B0FA80F310FA03F10AD0C3F11D03EF
:1056700003F580634FEA415002EB035202EBD12164
:1056800070474FF000007047B0FA80F310FA03F152
:105690000AD0C3F11D0303F580634FEA41504FEA7E
:1056A000035202EBD12170474FF000007047000019
:1056B00051EA030C17D41CF5801F58BFBCF5801F9E
:1056C00000F10680994218BF704708BF90427047AA
:1056D00007D711F5801F58BF13F5801F19D49942C1
:1056E0007047894270471CF5801F08D5BCF5801FA4
:1056F000F7D58B4218BF704708BF824270474FF4FE
:10570000001C1CEB410F38BF1CEB430F01D28B4236
:10571000704770B500F0B2F8922449004FF0005184
:105720004FF08053FFF7CCBDDFF848C170B51CEADD
:10573000111E1EBF1CEA13159EEA0C0F95EA0C0FF2
:1057400000F06F8081EA030423EA4C134EEAD47E12
:1057500021EA4C1141F4801143F48013AE44A1FBC3
:10576000024CA0FB0365AEF17F7E361955EB0C05AC
:10577000A1FB034C4CF10003A0FB021C16EB0C0632
:10578000654153F10003094218BF46F0010613F4C6
:10579000007F0BD14FEA03314FEA0530340341EA71
:1057A000155140EA16506FF003020AE04FEAC32198
:1057B0004FEAC520F40241EA555140EA56506FF0D5
:1057C000020202EB2E4201EB025585EACE710AD0AD
:1057D0005FEA440C18BF24F0004450F1000041F18E
:1057E000000120EAD47040F2FE7C624500D270BD18
:1057F000A84214BF4FF080444FF04044002E08BF31
:105800000024BEF1806FA8BFA1F1C041BDE8704087
:1058100080F282804FF0000001F1C04101F00041B0
:1058200070479EEA0C0F0CEA131518BF95EA0C0F8F
:1058300006D04FF0000081EA030E0EF0004170BD6B
:1058400000F01CF88900013E00F007B800F009B82C
:105850004FEA430C5FEA5C5C08D081EA030100F088
:105860005BB84FEA410C5FEA5C5CF6D14FF0000098
:10587000014970470000FF070000F87F0EF1020E9B
:105880002EF0030E5EF8046B364205D4012A43EB7A
:10589000030515F5001F12D8012841EB010C1CF57A
:1058A000001F0CD80ED14FEAD17C15F5001F0CEB70
:1058B0004C0C0CF1020C08BF4CEBD37C04E04FF015
:1058C000080C01E04FEAD37C0CEB4C0526FA05F6F8
:1058D00006F00706B6F1040C06D20EEB860CBDE806
:1058E00070404CF0010C6047DFE80CF0090B02023D
:1058F0004FF000414FF00000A1F5002170BD1946A6
:105900001046012851EB010418BFD4F5001484BFE0
:10591000002001F0004170BD0808A0F500114FEA19
:105920003101704753EA010C17D41CF5801F58BF92
:10593000BCF5801F00F106808B4218BF704708BF7E
:105940008242704707D713F5801F58BF11F5801F9B
:1059500019D48B4270479B4270471CF5801F08D5B5
:10596000BCF5801FF7D5994218BF704708BF904219
:1059700070474FF4001C1CEB430F38BF1CEB410F6A
:1059800001D2994270470FB40CBC03BCFFF7C1BEF3
:1059900010B591EA030F48BF83F000433FF5E8AB31
:1059A000841A71EB030C07D212198CF0004C43EBF4
:1059B0000C03001B61EB0C01DFF8A4E14FEA11546A
:1059C000A4EB135C1EEA430F18BF9EEA445F00F08D
:1059D000B08023EA6E03524221EA0451C3EB6E0306
:1059E00038BF5B1EDCF1200E25D322FA0CFE10EB33
:1059F0000E0043FA0CFE41EB0E01CCF1200E03FA2F
:105A00000EFE10EB0E0051F10001CCF1200E29D456
:105A100012FA0EF201EB0451BDE8104058BF704776
:105A2000401C1CBFB2F1004F704700280CBF491C3E
:105A300020F00100704712EB020E43EB030218BF87
:105A40004FF0010E4EEA4202ACF1200CDCF11E0ECA
:105A500054D943FA0CFE10EB0E0051F1FF31CCF19A
:105A60001E0ED5D50EF1010E12FA0EFE404141EB8D
:105A7000010101EB445C5FEA5C5C10D910EBDE7065
:105A800001EB045138BFBEF1004FBDE8104018BF14
:105A9000704700280CBF491C20F00100704730D22D
:105AA0004FEAD42C11F5001124F400641BD0B1FA94
:105AB00081F20B3AA41AA41ED2F12003914030FACD
:105AC00003F31943904001EBCC71002C01EB04511E
:105AD000BDE81040A8BF704701F1C0414FF0000081
:105AE00001F000417047B0FA80F310FA03F100D1E1
:105AF00010BDE41A173C4805C90AE4E701EB04515C
:105B000010BD491001EB0451BDE810404FEA3000D0
:105B100002E04FF0000170474A0008BF0042F8D091
:105B2000B2F5001F28BF704701F000414FF00000A0
:105B300070479EEA445F07D011EA5E0FBDE810404F
:105B400004BF002100207047BDE8104070B5FFF78A
:105B500095FE00BF40DFF63E83F0004110467047DF
:105B60000000E0FF43004FEAD30C4FEA3C0C4340F7
:105B70001FBF40070CF1605113F0FE4F70471CF03F
:105B8000006F03D100200CF0004170470CF000437F
:105B900043EA507010B540EACC0000F00EF800BFA8
:105BA000000000924FEA0001FFF7B6BE4FF000413F
:105BB0004FF00000A1F5002170470EF1020E2EF00B
:105BC000030E5EF8044B244204D44FEA4102B2F1C2
:105BD0007F4F11D84FEA4003B3F17F4F0CD80ED15D
:105BE0004FEAD07CB2F17F4F0CEB4C0C0CF1020C65
:105BF00008BF4CEBD17C04E04FF0080C01E04FEA09
:105C0000D17C0CEB4C0324FA03F404F00704B4F148
:105C1000040C06D20EEB840CBDE810404CF0010CD5
:105C20006047DFE80CF0070802024FF00040A0F5E3
:105C3000800010BD0846420018BFD2F1807288BFB4
:105C400000F0004010BD4FF04070E1EE100A7047C8
:105C5000FF2141EAD050C00570474FF00000704767
:105C6000DBF773B90CF00F03092B08BF082000F015
:105C70005F800A2B0BD0082B18BF704708BF1CF0A1
:105C8000400F0AD04FF000004FF0000170471CF0A9
:105C9000400F18BF4FF0004070471CF0100F08D0A5
:105CA00020F0704300F07F4242EAD3014FEA437094
:105CB000704700F0604021F07F4242EA000201F0AC
:105CC0007F4040EA727070474FF0FF0C4CF4E06C7C
:105CD0001CEA11531CBF9CEA030C9445C2BFDA4274
:105CE00001EB02517047002B0DD0BCF1000F0FD01B
:105CF000002A01F00041A4BF41F0E04141F07F6182
:105D00004FF00000704701F000414FF00000704775
:105D100050EA01334FF09B0C18BF4CF0806C7FF4BD
:105D2000C7AA7047DBF7C2BBDCF764B8DCF7F2B98F
:105D30001CF4801F11D01CF4E02F03D06FEACC318B
:105D4000490070474FF04050EFF3008222F070425C
:105D500042EA000282F3008870474FF0000070476B
:105D60006C7002080000000000000000000000004D
:105D70000000000000020000180000000000000009
:105D80000000000060700208000000000000000039
:105D9000000000000000000000800000180000006B
:105DA0000000000000000000713C0108653D010892
:105DB000FD3C0108853D0108793C010800061016EC
:105DC000000610160000000000000000010203049D
:105DD000060708090000000001020304809A4541FB
:105DE0008E418F804545454949498E8F9092924F0B
:105DF000994F555559999A9B9C9D9E9F41494F5546
:105E0000A5A5A6A7A8A9AAABACADAEAFB0B1B2B3D9
:105E1000B4B5B6B7B8B9BABBBCBDBEBFC0C1C2C3CA
:105E2000C4C5C6C7C8C9CACBCCCDCECFD0D1D2D3BA
:105E3000D4D5D6D7D8D9DADBDCDDDEDFE0E1E2E3AA
:105E4000E4E5E6E7E8E9EAEBECEDEEEFF0F1F2F39A
:105E5000F4F5F6F7F8F9FAFBFCFDFEFF0103050780
:105E6000090E10121416181C1E222A2B2C2E3A3B37
:105E70003C3D3E3F5B5D7C7F000001000400100064
:105E800040000001000200000100020004000800C0
:105E9000100020000000C700FC00E900E200E40060
:105EA000E000E500E700EA00EB00E800EF00EE00AC
:105EB000EC00C400C500C900E600C600F400F6000E
:105EC000F200FB00F900FF00D600DC00A200A300F6
:105ED000A500A7209201E100ED00F300FA00F10017
:105EE000D100AA00BA00BF001023AC00BD00BC0066
:105EF000A100AB00BB009125922593250225242506
:105F000061256225562555256325512557255D2593
:105F10005C255B251025142534252C251C25002502
:105F20003C255E255F255A25542569256625602573
:105F300050256C2567256825642565255925582534
:105F4000522553256B256A2518250C25882584257F
:105F50008C2590258025B103DF009303C003A303A4
:105F6000C303B500C403A6039803A903B4031E2208
:105F7000C603B50329226122B100652264222023D1
:105F80002123F7004822B0001922B7001A227F20EF
:105F9000B200A025A00061001A03E0001703F8007A
:105FA0000703FF0001007801000130013201060102
:105FB000390110014A012E017901060180014D00CD
:105FC00043028101820182018401840186018701EB
:105FD000870189018A018B018B018D018E018F015F
:105FE00090019101910193019401F60196019701AD
:105FF000980198013D029B019C019D0120029F0197
:10600000A001A001A201A201A401A401A601A7016F
:10601000A701A901AA01AB01AC01AC01AE01AF011E
:10602000AF01B101B201B301B301B501B501B701CF
:10603000B801B801BA01BB01BC01BC01BE01F70146
:10604000C001C101C201C301C401C501C401C7012E
:10605000C801C701CA01CB01CA01CD011001DD0190
:1060600001008E01DE011201F3010300F101F401D0
:10607000F401F8012801220212013A020900652CFC
:106080003B023B023D02662C3F02400241024102BC
:1060900046020A015302400081018601550289012E
:1060A0008A0158028F015A0290015C025D025E0271
:1060B0005F0293016102620294016402650266025A
:1060C0006702970196016A02622C6C026D026E02F1
:1060D0009C01700271029D01730274029F0176029D
:1060E0007702780279027A027B027C02642C7E02BB
:1060F0007F02A60181028202A90184028502860232
:106100008702AE014402B101B20145028D028E0246
:106110008F0290029102B7017B030300FD03FE038F
:10612000FF03AC0304008603880389038A03B103D9
:106130001103C2030200A303A303C4030803CC0397
:1061400003008C038E038F03D8031801F2030A00A7
:10615000F903F303F403F503F603F703F703F90375
:10616000FA03FA03300420035004100760042201EC
:106170008A043601C1040E01CF040100C004D0041A
:1061800044016105260400007D1D0100632C001EF2
:106190009601A01E5A01001F0806101F0606201FA8
:1061A0000806301F0806401F0606511F0700591F2A
:1061B000521F5B1F541F5D1F561F5F1F601F080685
:1061C000701F0E00BA1FBB1FC81FC91FCA1FCB1FDD
:1061D000DA1FDB1FF81FF91FEA1FEB1FFA1FFB1F57
:1061E000801F0806901F0806A01F0806B01F0400A5
:1061F000B81FB91FB21FBC1FCC1F0100C31FD01F87
:106200000206E01F0206E51F0100EC1FF21F01005D
:10621000FC1F4E2101003221702110028421010057
:106220008321D0241A05302C2F04602C0201672C06
:106230000601752C0201802C6401002D260841FF07
:106240001A03000094C001200100000000000000BB
:10625000000000000100000000000000010000003C
:106260000100000094C001200100000001000000B6
:10627000000000000100000000000000010000001C
:106280000100000094C00120010000000200000095
:1062900000000000010000000000000001000000FC
:1062A0000100000094C00120010000000300000074
:1062B00000000000010000000000000001000000DC
:1062C0000100000094C00120010000000400000053
:1062D00000000000010000000000000001000000BC
:1062E0000100000094C00120010000000500000032
:1062F000000000000100000000000000010000009C
:106300000100000094C00120010000000600000010
:10631000000000000100000000000000010000007B
:106320000100000094C001200100000007000000EF
:10633000000000000100000000000000010000005B
:106340000100000096C001200800000000060000C7
:106350000000000065000000000000006500000073
:1063600001000000006031323334353637383930BF
:106370002D3D00080971776572747975696F705BDE
:106380005D5C006173646667686A6B6C3B27000A3A
:1063900000007A786376626E6D2C2E2F000000006C
:1063A00000200000000000000000000000000000CD
:1063B000000000000D000000000000000000003799
:1063C0003431002F383532302A3936332E2D2B0018
:1063D0000A001B0000000000000000000000000098
:1063E0000000000000000000007E21402324255E04
:1063F000262A28295F2B0008005157455254595529
:10640000494F507B7D7C004153444647484A4B4CA2
:106410003A22000A00005A584356424E4D3C3E3F35
:10642000000000000020000000000000000000004C
:10643000000000000000000000000000000000005C
:10644000000000000000002F000000002A000000F3
:10645000002D2B000A001B000000000000000000BF
:10646000000000000000000000000000000000002C
:106470001F32302113222324182526273433191ADA
:10648000111420151731122F162E020304050607CA
:1064900008090A0B2B6E0F103D0C0D1B1C1D2A2822
:1064A00029013536371E7071727374757677787975
:1064B0007A7B7C7D7E4B50554C5156594F54535AE4
:1064C0005F64696A6C5D62675C61665B6065636896
:1064D0002D8100000000000000000000000000000E
:1064E00000000000000000000000000000000000AC
:1064F000006B0038000000000000000000000000F9
:10650000000000000000000000000000000000008B
:10651000000000000000000000000000000000007B
:10652000000000000000000000000000000000006B
:10653000000000000000000000000000000000005B
:106540000000000000000000000000003A2C3C7F2A
:1065500040393E8073506C634E7672616D4C6F6152
:10656000640073506C634E7672616D5361766500A2
:1065700073506C634E7672616D5570646174650022
:1065800073506C634E7672616D436C65617200731B
:10659000506C63466472616D4C6F61640073506C43
:1065A00063466472616D536176650073506C634637
:1065B0006472616D436C6561720073506C63446515
:1065C00076696365436F6E666967436C65617200E7
:1065D00073506C634465766963654C6F67436C65A3
:1065E00061720073506C63496E6974004644534194
:1065F000565F4F4E450073506C6354696D65724928
:106600006E69740073506C63416463496E69740011
:1066100073506C63496E707574496E697400735081
:106620006C634F7574707574496E69740053544C83
:1066300041520045444C41520073506C634C6173AD
:106640006572496E6974007365745265644C617358
:10665000657250776D00736574477265656E4C6145
:1066600073657250776D0073657446616E53706523
:106670006564006C6F6164446576696365436F6E41
:106680006669670073617665446576696365436F23
:106690006E666967006570726F6D577269746545E3
:1066A0006E61626C65006570726F6D526561644207
:1066B000797465006570726F6D577269746542799F
:1066C0007465006570726F6D5265616448776F72B2
:1066D00064006570726F6D577269746548776F7288
:1066E00064006570726F6D5265616444776F7264A7
:1066F000006570726F6D577269746544776F72646C
:10670000006570726F6D52656164006570726F6DC7
:1067100057726974650073506C634570726F6D5485
:106720006573740075706461746541636F7573742B
:106730006963446973706C617900776673774C6F35
:106740006F7000706F776572446F776E00706F774F
:1067500065725570006463486D694C6F6F7000001E
:10676000446F6F7220696E7465726C6F636B206426
:106770006973636F6E6E656374656400466F6F74F2
:10678000737769746368206E6F7420636F6E6E65D3
:1067900063746564004553544F50205072657373A1
:1067A000004E6F20666962657220636F6E6E65636E
:1067B00074656400456E65726779206F7574206F2B
:1067C0006620746F6C6572616E6365004C61736501
:1067D00072206F76657268656174696E67004C61DE
:1067E000736572204E5443206F70656E206F722067
:1067F0006C6F7768656174696E67004C6173657270
:106800002063757272656E74206578636565647364
:10681000207365742076616C7565004C61736572D8
:106820002063757272656E74206578636565647344
:10683000207365742076616C756500546865726DAF
:106840006973746F72204572726F7200456E76695B
:1068500020486967682054656D706572617475724F
:106860006500456E7669204C6F772054656D7065C4
:1068700072617475726500466F6F742F66696E671A
:10688000657220737769746368206973206465702A
:10689000726573736564004C61736572206973205F
:1068A000666972696E670057616974204C6173652F
:1068B000722054726967676572004669626572206A
:1068C0006E6F74206D61746500534E3A2000485716
:1068D0003A4C5950455F4D43555F3156305F323029
:1068E000323630313036004170703A332E316131FA
:1068F000396234004D414E5546414354555245206E
:10690000444154453A2000545950453A2050564786
:106910004C53202D204455414C004C415345525F6F
:10692000504F5745523A20323030772B3530772B45
:10693000356D770057415645204C454E4754483AEF
:10694000203435306E6D2B3938306E6D2B36333543
:106950006E6D006669744C61736572546F436F6449
:1069600065006C6F616453656C656374536368653F
:106970006D65000000002110422063308440A55066
:10698000C660E770088129914AA16BB18CC1ADD175
:10699000CEE1EFF13112100273325222B55294421D
:1069A000F772D662399318837BB35AA3BDD39CC3C5
:1069B000FFF3DEE36224433420040114E664C77469
:1069C000A44485546AA54BB528850995EEE5CFF515
:1069D000ACC58DD55336722611163006D776F666BD
:1069E0009556B4465BB77AA719973887DFF7FEE765
:1069F0009DD7BCC7C448E5588668A7784008611889
:106A000002282338CCC9EDD98EE9AFF948896999B4
:106A10000AA92BB9F55AD44AB77A966A711A500A5C
:106A2000333A122AFDDBDCCBBFFB9EEB799B588B04
:106A30003BBB1AABA66C877CE44CC55C222C033CA8
:106A4000600C411CAEED8FFDECCDCDDD2AAD0BBD54
:106A5000688D499D977EB66ED55EF44E133E322EFC
:106A6000511E700E9FFFBEEFDDDFFCCF1BBF3AAFA4
:106A7000599F788F8891A981CAB1EBA10CD12DC102
:106A80004EF16FE18010A100C230E3200450254098
:106A900046706760B9839893FBA3DAB33DC31CD3F8
:106AA0007FE35EF3B1029012F322D23235421452E8
:106AB00077625672EAB5CBA5A89589856EF54FE544
:106AC0002CD50DC5E234C324A01481046674476438
:106AD00024540544DBA7FAB79987B8975FE77EF798
:106AE0001DC73CD7D326F2369106B0165766767688
:106AF000154634564CD96DC90EF92FE9C899E98964
:106B00008AB9ABA94458654806782768C018E108D7
:106B10008238A3287DCB5CDB3FEB1EFBF98BD89B37
:106B2000BBAB9ABB754A545A376A167AF10AD01A27
:106B3000B32A923A2EFD0FED6CDD4DCDAABD8BAD83
:106B4000E89DC98D267C076C645C454CA23C832C77
:106B5000E01CC10C1FEF3EFF5DCF7CDF9BAFBABFD7
:106B6000D98FF89F176E367E554E745E932EB23EC7
:106B7000D10EF01E00000000963007772C610EEE5B
:106B8000BA51099919C46D078FF46A7035A563E984
:106B9000A395649E3288DB0EA4B8DC791EE9D5E0AB
:106BA00088D9D2972B4CB609BD7CB17E072DB8E7AA
:106BB000911DBF906410B71DF220B06A4871B9F3FF
:106BC000DE41BE847DD4DA1AEBE4DD6D51B5D4F438
:106BD000C785D38356986C13C0A86B647AF962FD9D
:106BE000ECC9658A4F5C0114D96C0663633D0FFAEA
:106BF000F50D088DC8206E3B5E10694CE44160D5F0
:106C0000727167A2D1E4033C47D4044BFD850DD2D9
:106C10006BB50AA5FAA8B5356C98B242D6C9BBDBEC
:106C200040F9BCACE36CD832755CDF45CF0DD6DCE7
:106C3000593DD1ABAC30D9263A00DE518051D7C88E
:106C40001661D0BFB5F4B42123C4B3569995BACF19
:106C50000FA5BDB89EB802280888055FB2D90CC63A
:106C600024E90BB1877C6F2F114C6858AB1D61C1B3
:106C70003D2D66B69041DC760671DB01BC20D298D2
:106C80002A10D5EF8985B1711FB5B606A5E4BF9F5F
:106C900033D4B8E8A2C9077834F9000F8EA8099652
:106CA00018980EE1BB0D6A7F2D3D6D08976C6491BD
:106CB000015C63E6F4516B6B62616C1CD8306585D6
:106CC0004E0062F2ED95066C7BA5011BC1F40882B3
:106CD00057C40FF5C6D9B06550E9B712EAB8BE8BF4
:106CE0007C88B9FCDF1DDD62492DDA15F37CD38C7D
:106CF000654CD4FB5861B24DCE51B53A7400BCA37B
:106D0000E230BBD441A5DF4AD795D83D6DC4D1A4AC
:106D1000FBF4D6D36AE96943FCD96E34468867AD83
:106D2000D0B860DA732D0444E51D03335F4C0AAA22
:106D3000C97C0DDD3C710550AA41022710100BBE25
:106D400086200CC925B56857B3856F2009D466B96C
:106D50009FE461CE0EF9DE5E98C9D9292298D0B0A1
:106D6000B4A8D7C7173DB359810DB42E3B5CBDB74E
:106D7000AD6CBAC02083B8EDB6B3BF9A0CE2B603CF
:106D80009AD2B1743947D5EAAF77D29D1526DB0484
:106D90008316DC73120B63E3843B64943E6A6D0DCF
:106DA000A85A6A7A0BCF0EE49DFF099327AE000A1A
:106DB000B19E077D44930FF0D2A3088768F2011EAD
:106DC000FEC206695D5762F7CB67658071366C1944
:106DD000E7066B6E761BD4FEE02BD3895A7ADA1065
:106DE000CC4ADD676FDFB9F9F9EFBE8E43BEB71746
:106DF000D58EB060E8A3D6D67E93D1A1C4C2D838D0
:106E000052F2DF4FF167BBD16757BCA6DD06B53F35
:106E10004B36B248DA2B0DD84C1B0AAFF64A033674
:106E2000607A0441C3EF60DF55DF67A8EF8E6E31F3
:106E300079BE69468CB361CB1A8366BCA0D26F253C
:106E400036E2685295770CCC03470BBBB916022289
:106E50002F260555BE3BBAC5280BBDB2925AB42B9E
:106E6000046AB35CA7FFD7C231CFD0B58B9ED92CB3
:106E70001DAEDE5BB0C2649B26F263EC9CA36A7518
:106E80000A936D02A906099C3F360EEB85670772CF
:106E900013570005824ABF95147AB8E2AE2BB17B36
:106EA000381BB60C9B8ED2920DBED5E5B7EFDC7CBD
:106EB00021DFDB0BD4D2D38642E2D4F1F8B3DD6814
:106EC0006E83DA1FCD16BE815B26B9F6E177B06F0F
:106ED0007747B718E65A0888706A0FFFCA3B0666FC
:106EE0005C0B0111FF9E658F69AE62F8D3FF6B6189
:106EF00045CF6C1678E20AA0EED20DD75483044E2B
:106F0000C2B30339612667A7F71660D04D476949B8
:106F1000DB776E3E4A6AD1AEDC5AD6D9660BDF40CB
:106F2000F03BD83753AEBCA9C59EBBDE7FCFB2477E
:106F3000E9FFB5301CF2BDBD8AC2BACA3093B35363
:106F4000A6A3B4240536D0BA9306D7CD2957DE546C
:106F5000BF67D9232E7A66B3B84A61C4021B685D45
:106F6000942B6F2A37BE0BB4A18E0CC31BDF055ABE
:106F70008DEF022D686D6955617274496E697400F8
:106F8000686D695561727453656E6443686172001F
:106F9000303132333435363738394142434445464F
:106FA0004030580030313233343536373839616249
:106FB000636465664030780004000008000000004B
:106FC000000000020001000010000000024000006C
:106FD000000000A00000000005400000000000C804
:106FE000000000000C4000000000409C0000000079
:106FF000194000000020BCBE00000000344000002A
:10700000BFC91B8E00000004B5400000504BCFD01C
:107010006607E2CF010000006C4100003E8251AAE9
:10702000DFEEA73401000000D9420000DCB5A0E289
:107030003A301F97FFFFFFFFB4450000FD25A0C8B1
:10704000E9A3C14FFFFFFFFFFF3F000000000080EA
:1070500000000000FF3F0000000000800000000072
:107060006D61696E4170705461736B006465666137
:10707000756C745461736B00415544494F000000B6
:1070800043444300484944004D5343004D5450008D
:1070900025732C25642C25733A68616E6420737700
:1070A00069746368206D6F64652C666F6F747377A5
:1070B000697463682070726573732C73746F7020C9
:1070C0004C6173657220656D697420726571212150
:1070D000210A000025732C25642C25733A666F6FF6
:1070E0007420737769746368206D6F64652C666FB4
:1070F0006F7473776974636820756E7072657373EB
:107100002C73746F70204C6173657220656D6974A7
:10711000207265712121210A00000000426F6F7406
:107120004C6F616465723A436865636B73756D207B
:10713000626F6F746C6F6164206661696C2C666C41
:10714000617368206372633A253038582C20666971
:107150006C65206372633A253038580A2C47616D9C
:1071600065204F7665722121210A0000426F6F74FD
:107170004C6F616465723A6F6C6420637263253092
:1071800038583A20616E64206E6577206372633AE6
:1071900025303858206973206E6F742073616D65D7
:1071A0002C6E65656420636F6E6669726D20757004
:1071B00064617465210A0000426F6F744C6F6164F2
:1071C00065723A46696C65202573206973206F7675
:1071D0006572206C656E6774682C20636C6F7365D4
:1071E0002066696C6520616E6420756E6D6F756ECA
:1071F00074206469736B210A00000000426F6F7491
:107200004C6F616465723A436865636B73756D209A
:10721000626F6F746C6F616420706173732C666C45
:10722000617368206372633A253038582C20666990
:107230006C65206372633A253038580A00000000FC
:107240004653204E433A2531642C4653204E4F3A44
:107250002531642C45533A25642C494C3A25316438
:107260002C46503A2531642C4C543A253035642C48
:1072700048543A253035642C42543A253035642C34
:107280004D543A253035642C4650443A2530356407
:107290002C4C50443A253035642C000041383A25B6
:1072A0003035642C41393A253035642C4131303A3F
:1072B000253035642C4131313A253035642C41314B
:1072C000323A253035642C4131333A253035642C3F
:1072D0004131343A253035642C4131353A25303549
:1072E00064000000607402080000002048010000F3
:1072F000C4010008C474020800C001203C01000061
:10730000C4010008C474020848010020D8830100A9
:1073100020020008347502083CC10120E00300008F
:1073200020020008000000000000F07FFFFFFFFFC8
:10733000FFFFEF7F1C00000043000000F8FFFFFF8D
:107340000C0000000E0000000F0000002E000000E6
:107350001001000043000000F8FFFFFF0040404024
:107360004040404040404141414141404040404018
:1073700040404040404040404040404040050202C4
:107380000202020202020202020202020220202083
:1073900020202020202020020202020202029090DF
:1073A00090909090101010101010101010101010DD
:1073B0001010101010101010020202020202888831
:1073C000888888880808080808080808080808083D
:1073D0000808080808080808020202024000000025
:1073E000000000000000000000000000000000009D
:1073F000000000000000000000000000000000008D
:10740000000000000000000000000000000000007C
:10741000000000000000000000000000000000006C
:10742000000000000000000000000000000000005C
:10743000000000000000000000000000000000004C
:10744000000000000000000000000000000000003C
:10745000000000000000000000000000000000002C
:107460000119035124F4367870020801136BF414E7
:1074700008D3F31408D1EC140873F81B08A10441D5
:107480001A842032031E950401083D04380C2D0295
:107490000108AD080108E109012001181A8C3832F1
:1074A00006180A7F280108DF27010819040F1CEDC0
:1074B0002A0108752C38412AFF012908D183C016FA
:1074C0000326E20501180213010A151018011C1AFF
:1074D000AA018136807002080213E9FB1B087904B7
:1074E0001A4904130DFE1B08D70401141A88302909
:1074F000191EE91801089104080C135F170108A967
:107500001A010853260130011254A0411454C841F5
:107510001E54F04123540C42285420422D5434422E
:10752000325448423C545C424654704250041382E8
:0475300042640000B1
:040000050800018965
:00000001FF
