:020000040801F1
:1000000090880120C9030108C9140108CF14010810
:10001000D1140108D3140108D51401080000000010
:10002000000000000000000000000000D5020108F0
:10003000D71401080000000031030108B12D0308A6
:10004000E3030108E3030108E3030108E3030108F4
:10005000E3030108D9140108E3030108E3030108DD
:10006000E3030108E3030108E3030108E3030108D4
:10007000E3030108E3030108E3030108E3030108C4
:10008000E3030108E3030108DB140108E3030108AB
:10009000E3030108E3030108E3030108E3030108A4
:1000A000E3030108E1140108E3030108E303010885
:1000B000E3030108E3030108E3030108E303010884
:1000C000E3030108E3030108E3030108E303010874
:1000D000E3030108E3030108E3030108E71401084F
:1000E000E3030108E3030108E3030108E303010854
:1000F000ED140108F3140108E3030108E303010808
:10010000E3030108E3030108E3030108E303010833
:10011000E3030108E3030108E3030108E303010823
:10012000F9140108E3030108E3030108E3030108EC
:10013000E30301080000000000000000E3030108E1
:10014000E3030108E3030108E3030108FF140108C6
:10015000E3030108E3030108E3030108E3030108E3
:10016000E3030108E3030108E3030108E3030108D3
:10017000E3030108E30301080000000000000000A1
:10018000E3030108E303010800F002F800F092F82D
:100190000AA090E8000C82448344AAF10107DA45E2
:1001A00001D100F087F8AFF2090EBAE80F0013F0A2
:1001B000010F18BFFB1A43F0010318478C750300A9
:1001C000CC7503000A444FF0000C10F8013B13F00B
:1001D000070408BF10F8014B1D1108BF10F8015BA0
:1001E000641E05D010F8016B641E01F8016BF9D193
:1001F00013F0080F1EBF10F8014BAD1C0C1B09D1EA
:100200006D1E58BF01F801CBFAD505E014F8016B5B
:1002100001F8016B6D1EF9D59142D6D370470000ED
:10022000103A24BF78C878C1FAD8520724BF30C822
:1002300030C144BF04680C607047000000230024F4
:1002400000250026103A28BF78C1FBD8520728BFE6
:1002500030C148BF0B607047662935F0D1856429ED
:1002600032F05880752932F05580782932F08E802E
:10027000632932F08486732932F089860020704722
:100280001FB535F0B0FD9DE8030032F0A7FB32F05A
:1002900046FA33F057F904000020002134F0D0FF73
:1002A000401C60600020002134F0B4FFE0601FBDFE
:1002B00010B510BD33F02DFC1146FFF7E1FF00F043
:1002C000EEF833F07DFE03B4FFF7F2FF03BC02F05B
:1002D00001FD00002C4B19680868B0E8F04F80F36E
:1002E0000988BFF36F8F4FF0000080F311887047CB
:1002F0000000000008480068006880F308884FF09C
:10030000000080F3148862B661B6BFF34F8FBFF36D
:100310006F8F00DF00BF00BF08ED00E0DFF80C00CA
:10032000016841F470010160704700BF88ED00E092
:10033000EFF30980BFF36F8F134B1A681EF0100F95
:1003400008BF20ED108A20E9F04F106009B44FF08B
:10035000500080F31188BFF34F8FBFF36F8F21F0F0
:10036000FDFA4FF0000080F3118809BC1968086895
:10037000B0E8F04F1EF0100F08BFB0EC108A80F309
:100380000988BFF36F8F70473CC00120EFF30580F1
:10039000704700000B49D1F800C04A685CF8043B84
:1003A0001068184442F8040B8C4528BFA1F1DC0CFE
:1003B0008A4228BFA1F1DC02C1F800C04A6020F0E7
:1003C00000407047244801200948804709480047F9
:1003D000FEE7FEE7FEE7FEE7FEE7FEE7FEE7FEE7F5
:1003E000FEE7FEE704480549054A064B7047000052
:1003F00021160108890101089048012090880120F8
:10040000906801209068012072B6FEE730B593B085
:100410000024089409940A940B9401940294039480
:10042000049405944548016841F0805101600068DA
:1004300000F0805000904248016841F48041016022
:10044000006800F4804000900120069000040790AE
:1004500002250C9580010D9019200E904FF4A87084
:100460000F9010950720119006A816F0CFFD08B147
:10047000FFF7CAFF0F200190029503944FF4A0509C
:1004800004904FF480500590052101A817F02EF834
:1004900008B1FFF7B9FF17F021F913B030BD03F031
:1004A00096FD18F083FCFFF7B1FF00F04BF800F069
:1004B000C1FA00F00DF900F055FA00F02BFC00F045
:1004C000EDFE00F01DFA00F081FB00F034FD00F0BD
:1004D00053FD00F0C3FD00F066FD00F06EFC24F05B
:1004E000EDF800F0BDFA00F0CAFC00F0BFFE00F02D
:1004F000EDFE22F06AFC00F0D3F822F09EFCFEE74D
:1005000010B504462068A0F18041B1F5E05101D159
:1005100018F07FFC2068A0F18041B1F5005101D1B5
:1005200004F0D7FD2068A0F18041B1F5A23103D1DC
:10053000BDE8104003F0E5BB10BD000040380240AC
:10054000007000402DE9F04387B00024029403942A
:100550000494059406944B48016841F0040101603D
:10056000016801F004010191016841F0800101601E
:10057000016801F080010191016841F00101016011
:10058000016801F001010191016841F0020101607F
:10059000016801F002010191016841F00801016068
:1005A000006800F008000190374F00224CF2E10192
:1005B000384617F064FEDFF8D48000224FF4E07173
:1005C000404617F05CFEDFF8C890002247F20301B6
:1005D000484617F054FE42F210200290039402267F
:1005E000049602A9384617F095FC4FF4404002905B
:1005F000012503950495059402A9384617F08AFC55
:10060000029503950495059502A9384617F082FCDA
:100610004FF4E070029003950496059402A94046B9
:1006200017F078FCE020029003950496059402A947
:10063000384617F06FFC032002900395049605944A
:1006400002A9484617F066FC4FF4E040029003957B
:100650000495059502A9484617F05CFCE803029052
:100660000394049402A9404617F054FC40200290E1
:100670000394049602A9484617F04CFC07B0BDE865
:10068000F0830000303802400008024000000240C1
:100690000004024024F034F8012022F0A0FEFBE721
:1006A00010B5074A0021AFF2130022F077FC054C89
:1006B0002060054A0021054822F070FC606010BDF2
:1006C000005F040800000020245F040825F40108EE
:1006D000F0B585B0002400940194029403948048FE
:1006E0007E4901604FF480314160846001250561DD
:1006F000057680F82040C4627A498162C4600A2687
:10070000C66180F83050446118F0B2FC08B1FFF7C0
:100710007BFE00940195062702976946704819F000
:10072000FAF808B1FFF770FE0095022401946946BB
:100730006B4819F0F0F808B1FFF766FE0094032447
:1007400001946946664819F0E6F808B1FFF75CFEC7
:100750000094042001906946614819F0DCF808B162
:10076000FFF752FE0B2000900520019069465C487F
:1007700019F0D1F808B1FFF747FE0C20009001975F
:100780006946574819F0C7F808B1FFF73DFE0D203C
:100790000090072001906946514819F0BCF808B153
:1007A000FFF732FE102000900820019069464C4867
:1007B00019F0B1F808B1FFF727FE112000900920C9
:1007C00001906946464819F0A6F808B1FFF71CFEEB
:1007D0001220009001966946414819F09CF80028C3
:1007E00001D0FFF711FE05B0F0BD70B586B006462A
:1007F0000024019402940394049405943068A0F1B9
:100800008041B1F5903148D13748016841F4807199
:100810000160006800F4807000903448016841F085
:1008200004010160016801F004010091016841F0D8
:1008300001010160006800F0010000900E200190AD
:100840000325029501A92A4817F064FB0F200190A7
:100850000295039401A9274817F05CFB274D264811
:1008600028606C60AC60EC60001528614000686135
:100870008000A861EC612C626C62284617F08FFD45
:1008800008B1FFF7C1FDB563AE6300220521122058
:1008900018F011F9122018F03FF906B070BD10B52C
:1008A00004462068A0F18041B1F5903114D10E4882
:1008B000016821F4807101600E210D4817F037FCAA
:1008C0000F210C4817F033FCA06B17F0DBFDBDE8DF
:1008D0001040122018F02EB910BD00000020014079
:1008E00004C101200100000F4438024030380240AA
:1008F0000008024000000240106402404CC1012088
:1009000010B5164914480860084619F012FD002871
:1009100003D0BDE81040FFF777BD10BD81B000687F
:10092000A0F18041B1F50C3108D10D48016841F4C6
:1009300080510160006800F48050009001B0704761
:100940000068A0F18041B1F50C3104D10448016880
:1009500021F48051016070470030024008000020FF
:100960003038024010B582B00024009401942D4923
:100970002B480860084619F040FD08B1FFF744FD18
:100980000094019400226946264819F0C6FE08B179
:10099000FFF73AFD10226946224819F0BEFE0028F2
:1009A00001D0FFF731FD02B010BD00B587B00021C6
:1009B000029103910491059106910068A0F1804194
:1009C000B1F5E84119D11848016841F000510160C2
:1009D000006800F0005001901448016841F00101E6
:1009E0000160006800F001000190302002900320B7
:1009F000039002A90E4817F08DFA07B000BD0068F9
:100A0000A0F18041B1F5E84108D10748016821F023
:100A1000005101603021064817F089BB7047000083
:100A200000740040ACC10120403802403038024020
:100A30000000024008B50948016841F480010160E6
:100A4000006800F48000009000220521382018F092
:100A500032F8BDE80840382018F05EB8303802405F
:100A600010B55548534901605449416000218160E7
:100A7000C1604FF48042026141618161C1610162E4
:100A800019F057FF002803D0BDE81040FFF7BCBCA9
:100A900010BD2DE9F04786B005460024019402946C
:100AA0000394049405942868A0F18041B1F5B04105
:100AB00064D1434E306840F480003060306800F408
:100AC000800000904FF4406701974FF00108CDF887
:100AD00008804FF00309CDF81090DFF8E8A001A9D5
:100AE000504617F017FA01229102504617F0C7FB43
:100AF0000122D102504617F0C2FB00BF00BF00BF69
:100B000000BF00BF00BF00BF00BF00BF00BF00BFED
:100B100000BF00BF00BF00BF00BF00BF00BF00BFDD
:100B200000BF29684FF40040086000BF00BF00BF4D
:100B300000BF00BF28680460306820F48000306087
:100B40002148016841F002010160006800F00200E4
:100B50000090019712200290CDF80C80CDF81090F3
:100B60000420059001A9504617F0D4F9306840F4EC
:100B700080003060306800F48000009006B0BDE86E
:100B8000F08710B50068A0F18041B1F5B0410FD1F8
:100B90000B48016821F4800101600A4C01152046D0
:100BA00017F0C5FAE1142046BDE8104017F0BFBAAF
:100BB00010BD000000580040C0C10120A086010007
:100BC00040380240000402403038024010B5164957
:100BD0001448086008461DF09CFE002803D0BDE8BC
:100BE0001040FFF711BC10BD81B00068A0F1A0411A
:100BF000B1F5C12108D10D48016841F04001016003
:100C0000006800F04000009001B070470068A0F15B
:100C1000A041B1F5C12104D10448016821F040018F
:100C20000160704700080650F80000203438024088
:100C300010B586B0002101910291039104910591B4
:100C40000168F94A0223F9484FF0010CB1F1804FD5
:100C500037D0A1F18044B4F580641ED0A1F1804466
:100C6000B4F5006443D0A1F18044B4F5C05412D16E
:100C7000116841F002011160116801F00201009158
:100C80009903019102930393CDF810C009210591B6
:100C900001A917F03FF906B010BD116841F002013B
:100CA0001160116801F002010091102101911221DF
:100CB0000291CDF810C0059301A917F02BF906B0E9
:100CC00010BD116841F002011160116801F00201CC
:100CD0000091082101910293CDF80CC0CDF810C00D
:100CE000CDF814C001A917F015F906B010BD1168B0
:100CF00041F002011160116801F0020100914FF40E
:100D00006071019102930393059301A917F002F911
:100D100006B010BD30B58FB000240A940B940C942B
:100D20000D940894099401940294039404940594F6
:100D300006940794BE4D4FF0804028604FF47A70BF
:100D40006860AC60E8602C618020A86128460FF0E4
:100D50006BFB08B1FFF758FB4FF480500A900AA9CB
:100D6000B34812F01CFC08B1FFF74EFBB0480FF07F
:100D70003AFD08B1FFF748FB0894099408A9AC486C
:100D800013F015FF08B1FFF73FFB30200190012061
:100D9000029003940594042201A9A54811F09FFE36
:100DA00008B1FFF731FB2868816941F40061816176
:100DB0009F48FFF73DFF0FB030BD10B592B0002443
:100DC0000E940F94109411940C940D940594069421
:100DD0000794089409940A940B9400940194029443
:100DE0000394954893490160202141608460642107
:100DF000C1600461802181610FF016FB08B1FFF72B
:100E000003FB4FF480500E900EA98B4812F0C7FBE5
:100E100008B1FFF7F9FA884810F0A2F808B1FFF717
:100E2000F3FA854810F002FC08B1FFF7EDFA0C94D4
:100E30000D940CA9804813F0BAFE08B1FFF7E4FA4C
:100E400060200590069407940994002205A97A4829
:100E500011F06DFF08B1FFF7D7FA0094012001905F
:100E60000294039404226946734811F000FF08B10C
:100E7000FFF7CAFA7048FFF7DBFE12B010BD10B5DD
:100E80008EB000240A940B940C940D940894099449
:100E9000019402940394049405940694079468487A
:100EA000664901604FF49651416084606421C160DD
:100EB0000461802181610FF0B7FA08B1FFF7A4FA4D
:100EC0004FF480500A900AA95D4812F068FB08B1FF
:100ED000FFF79AFA5A4810F043F808B1FFF794FA6E
:100EE0000894099408A9564813F061FE08B1FFF769
:100EF0008BFA60200190029403940594042201A9C6
:100F00004F4811F014FF08B1FFF77EFA082201A93B
:100F10004B4811F00CFF08B1FFF776FA0C2201A93B
:100F2000474811F004FF08B1FFF76EFA4448FFF795
:100F30007FFE0EB010BD10B582B000240094019465
:100F40004148404901600A21416084601E21C1601E
:100F5000802181610FF068FA08B1FFF755FA20206F
:100F6000009001946946384813F021FE002801D012
:100F7000FFF74AFA02B010BD10B535483349016099
:100F8000A8214160002181604FF47A72C260016142
:100F9000802181610FF048FA002803D0BDE810409D
:100FA000FFF732BA10BD30B58DB000240894099413
:100FB0000A940B9401940294039404940594069467
:100FC000079425482349016060254560846041F20B
:100FD0008831C1600461802181610FF025FA08B178
:100FE000FFF712FA4FF48050089008A91A4812F03F
:100FF000D6FA08B1FFF708FA17480FF0B1FF08B1A9
:10100000FFF702FA0195029403940594042201A9C2
:10101000114811F08CFE08B1FFF7F6F90E48FFF702
:1010200007FE0DB030BD0000303802400004024021
:10103000080100200004004050010020000800408A
:101040009801002000140040E0010020004401400D
:1010500028020020001800407002002010B57E48D1
:101060007C49016054214160002181604FF47A7213
:10107000C2600161802181610FF0D6F9002803D0A0
:10108000BDE81040FFF7C0B910BD00B587B0002122
:101090000291039104910591069100686F49B0F1A6
:1010A000804F4DD0A0F18042B2F5806229D0A0F1EE
:1010B0008042B2F500624DD0A0F18042B2F5A0525C
:1010C00052D0A0F18042B2F5A23257D0A0F18042B6
:1010D000B2F5C05265D0A0F18042B2F500520ED1F7
:1010E000086840F480700860086800F4807001901F
:1010F00005212D2017F0DFFC2D2017F00DFD07B086
:1011000000BD086840F002000860086800F00200B6
:1011100001905348016841F002010160006800F04D
:1011200002000190202002901220039001200590DF
:101130000220069002A94B4816F0ECFE07B000BD55
:10114000086840F001000860086800F001000190A4
:1011500007B000BD086840F004000860086800F0AF
:101160000400019007B000BD086840F0200008604E
:10117000086800F02000019007B000BD3A480168FF
:1011800041F400310160006800F400300190002259
:101190000521192017F08FFC192017F0BDFC07B0AE
:1011A00000BD086840F040000860086800F040009A
:1011B000019007B000BD00682849B0F1804F2CD0E5
:1011C000A0F18042B2F580621FD0A0F18042B2F55A
:1011D000006227D0A0F18042B2F5A05227D0A0F142
:1011E0008042B2F5A23227D0A0F18042B2F5C052BF
:1011F0002AD0A0F18042B2F5005212D1086820F442
:10120000807008602D2017F095BC086820F002005F
:1012100008603021134816F08ABF086820F00100EA
:1012200008607047086820F004000860704708688C
:1012300020F02000086070470B48016821F400315D
:101240000160192017F076BC086820F040000860A3
:101250007047000000200040B802002040380240E3
:1012600030380240000402404438024010B58B4838
:10127000894901604FF4E131416000218160C16022
:1012800001610C2242618161C1611DF0A6FC002850
:1012900003D0BDE81040FFF7B7B810BD10B58148C6
:1012A0007F4901604FF4E131416000218160C160FC
:1012B00001610C2242618161C1611DF08EFC002838
:1012C00003D0BDE81040FFF79FB810BD10B57748B8
:1012D000754901604FF4E131416000218160C160D6
:1012E00001610C2242618161C1611DF076FC002820
:1012F00003D0BDE81040FFF787B810BD70B586B0C9
:101300000021019102910391049105910168684BBC
:10131000684A022401256848A1F1804CBCF5A04C24
:1013200030D0A1F180464FF0070CB6F5883658D082
:10133000A1F18046B6F5904622D1196841F480218A
:101340001960196801F480210091116841F00401CD
:101350001160116801F0040100914FF440610191A6
:10136000029403950494CDF814C001A916F0D2FD9F
:1013700000220521272017F09EFB272017F0CCFB29
:1013800006B070BD196841F480111960196801F444
:1013900080110091116841F004011160116801F0A1
:1013A00004010091116841F008011160116801F019
:1013B000080100914FF48051019102940395049427
:1013C0000826059601A916F0A5FD042001900294B7
:1013D00003950494059601A9384816F09BFD06B0C4
:1013E00070BD3748016841F010010160006800F0ED
:1013F00010000090106840F001001060106800F0CC
:10140000010000904FF4C060019002940395049491
:10141000CDF814C001A92B4816F07CFD06B070BDB4
:1014200010B50168224A2448A1F18043B3F5A043D6
:1014300016D0A1F18043B3F588331FD0A1F18043CA
:10144000B3F5904326D1116821F4802111604FF447
:10145000406116F06CFEBDE81040272017F06ABB13
:10146000116821F4801111604FF4805116F05FFE75
:10147000BDE810400421114816F059BE104801681B
:1014800021F010010160BDE810404FF4C0610D482B
:1014900016F04DBE10BD00000050004014C20120E7
:1014A000001001405CC2012000480040A4C201209D
:1014B000403802403038024000080240000C024030
:1014C000443802400000024016F0AAF9FEE7FEE7A9
:1014D000FEE7FEE7FEE7704770470A4818F027B8B6
:1014E000094811F07EB909481EF0C2BB084811F046
:1014F00078B9084811F075B9074817F073B907486B
:1015000014F0B7B904C1012028020020A4C20120B0
:1015100000030020B80200204CC1012078C4012043
:1015200008B51048016841F480410160006800F48A
:10153000804000900C48016841F0805101600068D3
:1015400000F08050009000220F21901E17F0B3FA97
:1015500005210022084617F0AEFABDE80840052034
:1015600017F0DABA443802404038024030B587B04C
:10157000054600242548016841F0800101600068AB
:1015800000F08000009001A902A816F02EF905983D
:10159000A8B116F0AEF840001D49B0FBF1F0411EB5
:1015A0001D481C4A026040F2E732C260416004619B
:1015B000846084610EF038FF04461CB115E016F01B
:1015C00098F8E9E714480EF0DFFF04466CB92C20C8
:1015D00017F0A2FA102D07D2002229462C2017F06E
:1015E0006AFA0E48056000E0012407B0204630BDCD
:1015F00009480068C16821F00101C16070470648D0
:101600000068C16841F00101C16070474038024084
:1016100040420F00001C00400003002034C00120A5
:101620002348016841F470010160234921480860A2
:10163000704730B4214C206800F00C00204D214947
:10164000002811D0DFF880C004280FD0082810D05F
:101650000D602068C0F303121C48805C0A6822FAFF
:1016600000F0086030BC70470D60F2E7C1F800C0C0
:10167000EFE7174A1068C0F38053106800F03F008E
:1016800033B1BCFBF0F01368C3F38813584305E093
:10169000B5FBF0F01368C3F3881358431268C2F324
:1016A0000142521C5200B0FBF2F00860D1E700008A
:1016B00088ED00E00000010808ED00E00838024075
:1016C0000024F40000C0012040787D01485F040838
:1016D0000438024030B40022DFF8BCC000290FD922
:1016E0002E4C10F8015BBCF8003085EA132534F865
:1016F000155085EA0323ACF80030521C8A42F0D31F
:10170000BCF800004FF6FF7130BC48407047224AD9
:10171000224B118880EA112033F8100080EA012062
:1017200080B210804FF6FF71484070471A494FF65B
:10173000FF700880704718490880704730B4002255
:10174000DFF854C000290ED9154C855CDCF8043054
:101750005D40EDB254F8255085EA1323CCF80430EF
:10176000521C8A42F1D3DCF8040030BCC0437047FD
:10177000094A0B4B51684840C0B253F8200080EA38
:1017800011205060C043704703494FF0FF3048605C
:10179000704701494860704704C00120605F040839
:1017A0006061040800000000012080F31388BFF38B
:1017B0004F8FFD480168FD4A01F4E061114301606B
:1017C000BFF34F8F00BFFDE77047704710B5044669
:1017D000204600F0BCFDF648210904F00F0330F864
:1017E00011204FF0010C0CFA03F31A4320F81120DA
:1017F00010BD10B50446204600F0A9FDEC482109B3
:1018000004F00F0330F811204FF0010C0CFA03F331
:101810009A4320F8112010BD10B50446204600F070
:1018200096FDE349200931F9100004F00F01084149
:1018300000F0010018B12046BDE81040D9E720466D
:10184000BDE81040C2E710B50446204600F07FFD19
:10185000D749200931F9100004F00F01084100F0C8
:10186000010008B1012010BD002010BD10B50446D4
:10187000204600F06CFDCE49200931F9100004F03B
:101880000F01084100F0010008B1002010BD012047
:1018900010BD10B50446204600F059FDC44821098A
:1018A00030F9112004F00F00024102F00102C14B97
:1018B00033F9111041FA00F000F0010002B108B153
:1018C000002010BD012010BD10B50446204600F0D8
:1018D0003EFDB748210930F9112004F00F00024104
:1018E00002F00102B34B33F9111041FA00F000F09D
:1018F00001000AB9012801D0002010BD012010BD4F
:101900002DE9F041904600F00F034FF0010C40F23A
:1019100044420CFA03F5A64F00F5936602EB10144F
:10192000002915D000F58A40FFF750FF37F916005F
:10193000404506DB37F81400284327F81400BDE8BB
:10194000F08137F81400A84327F81400BDE8F081AF
:1019500000F58A40FFF74DFF37F81400A84327F839
:101960001400002027F81600BDE8F0812DE9F041B1
:10197000904644F24052831800F00F0C01224FF4BD
:10198000896402FA0CF58A4F00F59B6604EB10148B
:10199000002914D01846FFF719FF37F91600404503
:1019A00006DB37F81400284327F81400BDE8F0815F
:1019B00037F81400A84327F81400BDE8F081184652
:1019C000FFF717FF37F81400A84327F8140000208A
:1019D00027F81600BDE8F08110B50446204600F057
:1019E000BCFC734A002122F8141010BD70B50546E6
:1019F000284600F0B2FC6C1CA0B200F0AEFC6C48B3
:101A0000002120F8151020F8141070BD70B505469F
:101A10000C46284600F0A1FC204600F09EFC6448DD
:101A200030F8141020F8151070BD2DE9F04107466C
:101A30000E46384600F091FC7C1CA0B200F08DFCF4
:101A4000304600F08AFC751CA8B200F086FC5848AD
:101A500030F8161020F8171030F8151020F8141070
:101A6000BDE8F081524B33F910C033F91220944590
:101A700001DB23F8102033F9102033F911108A42CA
:101A800001DC23F81010704770B505460E46284655
:101A900000F063FC304600F060FC454C0020A4F8E8
:101AA000F00A40F6FF70A4F8F20A40F27952511E93
:101AB0003046FFF7D7FF34F916000A2840DBB4F9A7
:101AC000821A3D4ADFED3D0A002917DD1288DFED5D
:101AD0003C1A00EE102AB8EE400A20EE201A00EE62
:101AE000100AB8EEC00A21EE001A00EE101AB8EE85
:101AF000C00A60EE211A81EE210A10E0118800EE82
:101B0000101AB8EE400A20EE201A00EE100AB8EEC5
:101B1000C00A21EE000A9FED2B1A20EE010A2A4985
:101B200010EE100A884202D19FED280A0AE09FEDCC
:101B3000281A70EEC00A20EE011A81EE200A01E098
:101B40009FED240A9FED241AC0EE010A10EE900AC0
:101B500034F0D8F841EC100B33F006F89FED201B61
:101B600051EC100B53EC112B33F0A2FE9FED1E1B1A
:101B700053EC112B33F0B8FB41EC100B53EC102B52
:101B80009FED1B0B51EC100B33F06AFC9FED1A1B01
:101B900053EC112B33F0CCFF33F074FB00EE100A42
:101BA000174910EE100A2DE00CED00E00400FA05D4
:101BB00048030020B80E00202A7AFF1F00404E453F
:101BC000000080450000803900404E45FE237449E6
:101BD00000E09245CDCCCC3D00401C46000000000A
:101BE000000000E032D9323F000000E0E1796B3FB5
:101BF000000000000000F03F6666666666127140F5
:101C00000000C842884201DB9FEDF90AF94910EE55
:101C1000100A884201D39FEDF80AF2EE040A20EE82
:101C2000200ABDEEC00A10EE100A24F8150070BD9F
:101C300070B505460E46284600F08FFB304600F092
:101C40008CFBEE4C0020A4F8F00A40F6FF70A4F8DC
:101C5000F20A40F27952511E3046FFF703FF34F981
:101C600016000A2842DBB4F9821AE54A1FED2D0A54
:101C7000002917DD12881FED2E1A00EE902AF8EECB
:101C8000600A60EE800A00EE100AB8EEC00A60EE4C
:101C9000800A00EE101AB8EEC00A20EE011A80EE9B
:101CA000810A10E0118800EE901AF8EE600A60EEEA
:101CB000800A00EE100AB8EEC00A20EE800A5FED3E
:101CC0003F0A20EE200A10EE100AA0F18B41B1F578
:101CD000971108D09FEDCB1AC1EE000A1FED440A00
:101CE00030EEC00A04E01FED470A01E01FED470A8D
:101CF0001FED471AC0EE010A10EE900A34F002F808
:101D000041EC100B32F030FF1FED4B1B51EC100B70
:101D100053EC112B33F0CCFD1FED4D1B53EC112B6D
:101D200033F0E2FA41EC100B53EC102B1FED500B8B
:101D300051EC100B33F094FB1FED511B53EC112BA6
:101D400033F0F6FE33F09EFA00EE100AAE4910EEC4
:101D5000100A884201DB9FEDA60AA64910EE100A80
:101D6000884201D39FEDA40AF2EE040A20EE200A75
:101D7000BDEEC00A10EE100A24F8150070BD10B4B4
:101D8000DFF878C29E4BBCF9822A1FED740A6446C4
:101D9000002A34F9111017DD1B8800EE903AF8EE96
:101DA000600A60EE800A00EE101AB8EEC00A60EE1B
:101DB000800A00EE102AB8EEC00A1FED7F1A20EE4E
:101DC000011A80EE810A10E01A8800EE902AF8EEDF
:101DD000600A60EE800A00EE101AB8EEC00A20EE2B
:101DE000800A5FED880A20EE200ADFED880AB0EE57
:101DF000041A70EE600A80EE810AF3EE090A30EEF2
:101E0000200A814A10EE101A914201DB9FED780AF8
:101E10007F4A10EE101A914201D3BBEE090AF2EE8E
:101E2000040A20EE200ABDEEC00A10EE101A2CF8AB
:101E3000101010BC7047714931F81020521C21F865
:101E4000102070476D4A47F6FF7332F9101099421F
:101E500002DA491C22F810107047684931F8102046
:101E6000521E21F810207047644A32F9101011F503
:101E7000004F02DD491E22F8101070475F4901EB48
:101E800040000168491C016070475C4901EB40005B
:101E90006FF000420168914201D0491C0160704717
:101EA000564901EB40000168491E016070475349E3
:101EB00001EB40000168B1F1004F01DD491E0160F6
:101EC00070474E4B33F8100033F81110084423F8D4
:101ED00012007047494B33F9100033F911100844D0
:101EE00047F6FF71884200DB084610F5004F00DC22
:101EF000484823F812007047404B53F8100053F83D
:101F00001110084443F81200704710B43B4B53F8CB
:101F1000100053F811100844C1176FF0004CB0EBDB
:101F20000C0C71F1000C02DB6FF0004000218C46BC
:101F30004FF0FF31D0F1004471EB0C0101DB4FF0A9
:101F4000004043F8120010BC704710B42B4B53F8FC
:101F5000100053F811100844C1176FF0004CB0EB9B
:101F60000C0C71F1000C02DB6FF0004000218C467C
:101F70004FF0FF31D0F1004471EB0C0101DB4FF069
:101F8000004043F8120010BC70471C4B33F810009F
:101F900033F81110401A23F812007047174B33F929
:101FA000100033F91110401A47F6FF71884200DB28
:101FB000084610F5004F00DC164823F81200704761
:101FC0000E4A52F8100052F81110401AC1176FF063
:101FD0000042821A71F1000202DB6FF00040002122
:101FE0004FF0FF33D0F1004073EB01007047000069
:101FF0000000C8420000C8C20000C8C24803002058
:102000002A7AFF1FF0A96C4B0000C84200003E4432
:102010000000C8C10080FFFFAB4B33F8100033F85D
:10202000111010FB01F023F812007047A64B33F893
:10203000100033F8111010FB01F047F6FF718842D1
:1020400000DB084610F5004F00DCA04823F8120022
:1020500070479D4B00F1010C33F81CC04FEA0C4C4B
:1020600033F9100040EA0C0001F1010C33F81CC0F8
:102070004FEA0C4C33F9111041EA0C01484323F8A4
:1020800012000014511C23F81100704730B44FF0B7
:10209000000C00238C4C34F91110002907DDC51801
:1020A00034F91550AC445B1C9BB29942F7DC44F800
:1020B00012C030BC704770B400239C46824C34F987
:1020C0001150002D0ADDC11834F91160664501DD9B
:1020D00034F811C0591C8BB29D42F4DC24F812C0B4
:1020E00070BC704770B400239C46774C34F9115093
:1020F000002D0ADDC11834F91160664501DD34F8A0
:1021000011C0591C8BB29D42F4DC24F812C070BC83
:10211000704730B400239C466B4C34F91150002DAD
:1021200009DDC11834F91110614500DD8C46591CD8
:102130008BB29D42F5DC24F812C030BC704730B43D
:1021400000239C46604C34F91150002D09DDC11864
:1021500034F91110614500DD8C46591C8BB29D424B
:10216000F5DC24F812C030BC7047574A32F9111020
:10217000002902DB22F810107047494222F81010A3
:102180007047514A32F91110002902DB22F8101071
:102190007047494222F8101070474B4B33F811102A
:1021A000CAB2C1F30721114323F81010704730B4AD
:1021B0000023002A0BD9DFF810C1CC18C5183CF851
:1021C00014402CF815405B1C9BB29342F5D330BCF5
:1021D000704710B500F0B9F800F01FF9BDE81040E5
:1021E00000F0B2B810B500F0B0F800F049F9BDE861
:1021F000104000F0A9B810B500F0A7F800F0B2F850
:10220000BDE8104000F0A0B810B500F09EF800F056
:10221000DAF9BDE8104000F097B810B5044600F0B8
:1022200094F81F2C00DD1F24002C00DA002428481D
:10223000802200EBC4114FF4087000EBC41080B290
:1022400000F084FE234B40F2ED1223A128A02FF0D2
:10225000F1FFBDE8104000F077B810B500F075F858
:1022600000F094F9BDE8104000F06EB870472DE919
:10227000F04105460E4627A02FF0DCFF2B482FF03B
:10228000D9FF2B482FF0D6FF25F00F042E44A6428D
:1022900018D90D4D0F2714F00F0F04D124F00F01A2
:1022A00024A02FF0C7FF35F9141024A02FF0C2FF8F
:1022B00037EA040002D123A02FF0BCFF601C84B2D7
:1022C000A642E8D8BDE8F081480300200080FFFF67
:1022D000281A0020606504082E2E5C2E2E5C735098
:1022E0006C635C73506C6346756E2E630000000077
:1022F00025732C25642C25733A73617665204F6E07
:1023000065204644204E5652414D20646F6E652E26
:102310002E2E0A004E5652414D204D454D4F5259DA
:10232000205441424C453A0A00000000247204083F
:102330007C7204082535643A000000002C253034F6
:10234000580000000A00000070477047FEE745F69D
:102350007F31884200D9FEE77047B0F5B76F00D3F0
:10236000FEE7704730B585B04FF43761F64830F07E
:10237000A1FA4022F449002000F08EFD04A941F6A4
:10238000645000F001FD1022EF49F04818F015F8F4
:102390000546ED4C4FF4806204F14001202000F02E
:1023A0007BFD03A941F6685000F0EEFC4FF480720B
:1023B00004F14001E54818F000F80446E2494FF402
:1023C000376201F5376030F0F6F904980090E04B81
:1023D0004322E0A10195E4A02FF02CFF0398009088
:1023E000DB4B4422DBA10194ECA02FF023FF0498E7
:1023F000A8420AD00398A04207D0D54B4622D5A1C7
:10240000F3A02FF017FF05B030BDD14B4922D1A169
:10241000F8A02FF00FFF05B030BD10B584B04022FA
:10242000C949002000F092FD1022C749C74817F0A3
:10243000C4FF039003A941F6645000F00AFDC24CAA
:102440004FF4806204F14001202000F07FFD4FF442
:10245000807204F14001BD4817F0AFFF029002A95D
:1024600041F6685000F0F5FC029903980191009044
:10247000E84B5622B7A1E8A02FF0DCFE04B010BD57
:102480002DE9F04383B00025AF4C04F537670026F3
:1024900020783978884205D02146304600F096FCF5
:1024A00045F0FF05641C7F1C701C86B2402EEFD3E4
:1024B00055B11022A449A54817F07FFF029002A948
:1024C00041F6645000F0C5FC0026DFF87C9209F16B
:1024D000400709F53B680024387898F800108842D6
:1024E00007D004F1200080B2394600F06FFC46F0BE
:1024F000FF067F1C08F10108601C84B2B4F5806FF0
:10250000EAD366B14FF4807209F140018F4817F0A9
:1025100054FF019001A941F6685000F09AFC8A49E5
:102520004FF4376201F5376030F045F93DB102985C
:102530000090C84B7F2287A1C7A02FF07BFE002E02
:1025400007D001980090C34B822282A1CFA02FF028
:1025500071FE03B0BDE8F08310B5FFF7F6FE022070
:1025600000F087FD4FF43761774830F0A3F94FF45E
:102570003761D34830F09EF9FFF7E6FEBDE8104022
:10258000D04B8B2273A1D0A02FF054BE10B5FFF713
:10259000DCFE4FF48052D4494FF4087000F07CFC0C
:1025A000FFF7D2FE38B1BDE81040D04B932269A1AD
:1025B000CFA02FF03FBEBDE81040CC4B962265A1C6
:1025C000D4A02FF037BE10B5FFF7BFFE4FF48052F6
:1025D000C5494FF4087000F0B9FC30B1D54B9E22CC
:1025E0005CA1D5A02FF026FE05E0D24BA12259A177
:1025F000D9A02FF01FFEBDE81040A5E610B5FFF7EB
:10260000A4FE032000F035FD4FF48051B64830F0B1
:1026100051F9D94BA9224FA1D8A02FF00BFEBDE84C
:10262000104091E610B5FFF790FE052000F021FD67
:10263000DB4BAF2247A1D1A02FF0FCFDBDE810403D
:1026400082E610B5FFF781FE062000F012FDD54BA3
:10265000B52240A1D4A02FF0EDFDBDE8104073E6F7
:1026600070B545F28260FFF714F900286AD045F290
:10267000B160FFF7E8F8344D47F6FF76002458B113
:10268000A5F8A86AA5F8A64A45F2B160FFF7B1F827
:1026900045F2B060FFF7ADF8B5F9A80AB5F9A61A8A
:1026A00088420EDBA5F8A84AB5F8A00AA5F8A20A48
:1026B000B5F8A40AA5F8A60A45F2B060FFF786F8B7
:1026C0000EE0B5F9A21A884207D1401CA5F8A80A65
:1026D00045F2B060FFF78DF802E0401CA5F8A80AAB
:1026E00045F2B360FFF7AFF858B1A5F8B26AA5F8A4
:1026F000B04A45F2B360FFF77CF845F2B260FFF7ED
:1027000078F8B5F9B20AB5F9B01A88420EDBA5F827
:10271000B24AB5F8AA0AA5F8AC0AB5F8AE0AA5F807
:10272000B00A45F2B260FFF751F852E1B5F9AC1AC0
:10273000884208D1401CA5F8B20A45F2B260FFF702
:1027400058F846E1B1E141E14803002008000020CB
:102750006A6504082E2E5C2E2E5C73506C635C73CD
:10276000506C632E6300000025732C25642C2573A8
:102770003A4D52204550524F4D204352433A307803
:10278000253038582C4D522043414C43204352436E
:102790003A3078253038580A0000000025732C257F
:1027A000642C25733A444D204550524F4D204352DE
:1027B000433A3078253038582C444D2043414C431F
:1027C000204352433A3078253038580A0000000040
:1027D00025732C25642C25733A6C6F6164204E564A
:1027E00052414D20637263206661696C2E2E2E0A61
:1027F0000000000025732C25642C25733A6C6F6152
:1028000064204E5652414D20646F6E652E2E2E0A66
:10281000000000007865040825732C25642C2573BE
:102820003A73617665204E5652414D20646F6E6555
:102830002E2E2E284D52204352433A3078253038E0
:10284000582C444D204352433A307825303858298B
:102850000A0000008665040825732C25642C257366
:102860003A757064617465204D52204E5652414D48
:1028700020646F6E652E2E2E284D52204352433A0F
:10288000307825303858290A0000000025732C259F
:10289000642C25733A75706461746520444D204E34
:1028A0005652414D20646F6E652E2E2E28444D20C9
:1028B0004352433A307825303858290A0000000046
:1028C000B80E00209665040825732C25642C25730A
:1028D0003A636C656172204E5652414D20646F6EB2
:1028E000652E2E2E0A000000281A0020A565040877
:1028F00025732C25642C25733A6C6F616420464443
:10290000204E5652414D20637263206661696C21EE
:1029100021210A0025732C25642C25733A6C6F61E4
:1029200064204644204E5652414D20646F6E652E01
:102930002E2E0A00B365040825732C25642C2573FC
:102940003A73617665204644204E5652414D2066CA
:1029500061696C2E2E2E0A0025732C25642C25739C
:102960003A73617665204644204E5652414D2064AC
:102970006F6E652E2E2E0A00C165040825732C2566
:10298000642C25733A636C656172204644204E5670
:1029900052414D20646F6E652E2E2E0A00000000FD
:1029A000D0650408E665040825732C25642C25737E
:1029B0003A636C65617220646576696365206C6F4B
:1029C0006720646F6E652E2E2E0A0000401CA5F84D
:1029D000B20A45F2B560FEF736FF58B1A5F8BC6AF9
:1029E000A5F8B04A45F2B560FEF703FF45F2B460C2
:1029F000FEF7FFFEB5F9BC0AB5F9BA1A88420EDB3C
:102A0000A5F8BC4AB5F8B40AA5F8B60AB5F8B80AEC
:102A1000A5F8BA0A45F2B460FEF7D8FE0EE0B5F9A3
:102A2000B61A884207D1401CA5F8BC0A45F2B4602A
:102A3000FEF7DFFE02E0401CA5F8BC0A45F2B760D5
:102A4000FEF701FF58B1A5F8C66AA5F8C44A45F2D9
:102A5000B760FEF7CEFE45F2B660FEF7CAFEB5F9E6
:102A6000C60AB5F9C41A88420FDBA5F8C64AB5F8FC
:102A7000BE0AA5F8C00AB5F8C20AA5F8C40ABDE89E
:102A8000704045F2B660FEF7A1BEB5F9C01A8842A3
:102A900008D1401CA5F8C60ABDE8704045F2B660F2
:102AA000FEF7A7BE401CA5F8C60A70BD38B5634B3B
:102AB00040F21112AFF2643161A02FF0BBFB00F0C5
:102AC0008FFA0DF036F905F0CEFDFFF74BFCFFF75E
:102AD0005DFD02F0C7F8614CA06002F0D0F8E06044
:102AE000A068564B4FF48E72AFF2983100905CA004
:102AF0002FF0A0FBE068514B40F21D12AFF2AC3159
:102B000000905FA02FF096FB4FF4AD40FEF75EFE05
:102B100045F28160FEF75AFE00F06EFE00F054FFB1
:102B200002F072FE02F0BCFB01F09BF802F0A6FA84
:102B300002F004FA082159480EF0D8FA0421574847
:102B40000EF0D4FA0C2155480EF0D0FA45F20320CD
:102B5000FEF74FFE524A0A23504992F93F000028DF
:102B600001DD642802DD0868036403E0D1F800C0D9
:102B7000CCF8400092F93E00002801DD642802DD17
:102B80000868836303E0D1F800C0CCF8380092F9FC
:102B90004000002801DD642802DD0868C36338BDF9
:102BA0000968C86338BD70B52C4D0024287800280A
:102BB0000ED045F28260FEF72FFE2C70394947F6A1
:102BC000FF72B1F9CE0A904202DA401CA1F8CE0A97
:102BD000687820B145F28460FEF71EFE6C70A8781C
:102BE00020B145F28560FEF717FEAC70E87820B1A1
:102BF00045F28660FEF710FEEC70287920B145F2B0
:102C00008760FEF709FE2C71687920B145F2886073
:102C1000FEF702FE6C7100F0FCFDFFF721FDBDE840
:102C2000704002F060BB10B500F0F7FEFFF728FC23
:102C3000BDE8104045F28160FEF7DBBDF965040890
:102C400025732C25642C25733A73746172742041AA
:102C500070702E2E2E2E2E2E0A00000014C0012081
:102C600025732C25642C25733A626F6F746C6F6129
:102C700064206372633A3078253038580A000000C7
:102C800025732C25642C25733A6170702063726360
:102C90003A3078253038580A0000000098010020AA
:102CA000ECC201204803002038B5044600944FF4DC
:102CB0007A730122694608481CF011F9204638BD94
:102CC00008B564230122694603481CF066F99DF8A3
:102CD000000008BD704770475CC2012010B400239B
:102CE000002A0BD910F803C0CC5CA44502D010BC5C
:102CF000002070475B1C9BB29342F3D310BC0120B1
:102D0000704700B583B0B0F5005F02D3012003B077
:102D100000BD4FF47A734FF0010C0293009102460C
:102D2000CDF804C01023A121FA4819F09BFB00281C
:102D3000EDD0F84817F0CBFE03B0F6485DF804EB91
:102D400017F0F7BD00B583B0431CB3F5005F02D3A5
:102D5000012003B000BD4FF47A734FF0020C0293D0
:102D600000910246CDF804C01023A121E94819F0D2
:102D700079FB0028EDD0E74817F0A9FE03B0E5483D
:102D80005DF804EB17F0D5BD00B583B0C31CB3F5F7
:102D9000005F02D3012003B000BD4FF47A734FF0FF
:102DA000040C029300910246CDF804C01023A12127
:102DB000D84819F057FB0028EDD0D64817F087FE09
:102DC00003B0D4485DF804EB17F0B3BD00B583B091
:102DD000B0F5005F02D3012003B000BD4FF47A7359
:102DE0004FF0010C029300910246CDF804C010236D
:102DF000A021C84819F0D9F90028EDD0C54817F02E
:102E000066FE03B0C3485DF804EB17F092BD00B551
:102E100083B0431CB3F5005F02D3012003B000BDB3
:102E20004FF47A734FF0020C029300910246CDF8F2
:102E300004C01023A021B74819F0B7F90028EDD03D
:102E4000B44817F044FE03B0B2485DF804EB17F045
:102E500070BD00B583B0C31C41F6FF7C634502D34F
:102E6000012003B000BD4FF47A734FF0040C0293BD
:102E700000910246CDF804C01023A021A54819F006
:102E800094F90028EDD0A34817F021FE03B0A14823
:102E90005DF804EB17F04DBD70B588B003460C46E5
:102EA00003EB020CBCF5005F02D9012008B070BD35
:102EB0004FEAD20CCDF818C002F007020592079332
:102EC00000210491BDF81020BDF818104FF47A7558
:102ED0008A4220D208260295BDF81C2010230196B4
:102EE0000094A1218B4819F0BDFA28B1894817F048
:102EF000EEFD884817F01DFDBDF81C100831079144
:102F00000834BDF81010491C0491BDF81010BDF82C
:102F100018209142DFD3BDF814100029C6D0BDF8A7
:102F200014000295BDF81C20102300940190A121EB
:102F3000784819F097FA0028B8D0764817F0C7FDFE
:102F400008B07448BDE8704017F0F3BC2DE9F047B5
:102F500084B006460C46B118B1F5005F03D90120D4
:102F600004B0BDE8F087D70802F0070800254FF449
:102F70007A79002F1BD94FF0080A10233246A0217E
:102F80006448CDF804A0CDF80890009419F00DF92C
:102F900028B1604817F09BFD5E4817F0CAFC06F1A7
:102FA00008018EB20834691C8DB2BD42E5D3B8F178
:102FB000000FD5D010233246A0215648CDF80890F6
:102FC000CDF80480009419F0F0F80028C8D05148DA
:102FD00017F07DFD04B04F48BDE8F04717F0A9BCDD
:102FE00010B520231F2200214BA02FF023F94FF40E
:102FF000007340F21F22202150A02FF01BF94FF444
:10300000006340F61F224FF4087155A02FF012F90B
:1030100041F66752D11E5BA02FF00CF941F66B52BE
:10302000D11E60A02FF006F941F66F52D11E65A0A7
:103030002FF000F941F67352D11E6CA02FF0FAF870
:1030400041F67752D11E71A02FF0F4F84FF40073BF
:1030500041F67F724FF4EC5174A02FF0EBF8BDE80D
:103060001040802341F6FF724FF4FC5179A02FF0FD
:10307000E1B838B50021009107280ED2DFE800F052
:103080000D040E34FFFE49000024A0B26946FFF78C
:103090009DFE641CB4F5005FF7D338BD0024A0B2D8
:1030A0006946FFF793FE641C1F2CF8D92024A0B2B8
:1030B0006946FFF78BFE641CB4F5087FF7D341F631
:1030C0006454E51CA0B26946FFF780FE641CAC4264
:1030D000F8D941F66854E51CA0B26946FFF776FEC0
:1030E000641CAC42F8D938BD4FF40874A0B26946EC
:1030F000FFF76CFE641CB4F5226FF7D341F66C54F5
:10310000E51CA0B26946FFF761FE641CAC42F8D929
:1031100038BDD5E0C0C101204D52204550524F4D21
:103120003A3078253034582D2D2D307825303458CC
:103130002873697A653A2564290A0000444D2045C0
:1031400050524F4D3A3078253034582D2D2D30784F
:10315000253034582873697A653A2564290A0000B5
:103160004644204550524F4D3A3078253034582D42
:103170002D2D3078253034582873697A653A2564C6
:10318000290A00004D5220435243204550524F4DD2
:103190003A3078253034582D2D2D3078253034585C
:1031A0000A000000444D20435243204550524F4DE9
:1031B0003A3078253034582D2D2D3078253034583C
:1031C0000A000000464420435243204550524F4DD0
:1031D0003A3078253034582D2D2D3078253034581C
:1031E0002C28756E757365290A0000004D43552023
:1031F000435243204550524F4D3A30782530345891
:103200002D2D2D3078253034580A00004C434420B1
:10321000435243204550524F4D3A30782530345870
:103220002D2D2D3078253034580A0000434F4E465E
:103230004947204550524F4D3A3078253034582D6B
:103240002D2D3078253034582873697A653A2564F5
:10325000290A00004C4F47494E464F204550524FD7
:103260004D3A3078253034582D2D2D307825303496
:10327000582873697A653A2564290A0015E0FFE742
:1032800041F67054E51CA0B26946FFF79FFD641C2F
:10329000AC42F8D941F67454E51CA0B26946FFF778
:1032A00095FD641CAC42F8D938BD4FF4EC54A0B283
:1032B0006946FFF78BFD641CB4F5FC5FF7D338BD9E
:1032C0004FF4FC54A0B26946FFF780FD641CB4F5CE
:1032D000005FF7D338BD0022002907D9835CFF2B9C
:1032E00001D000207047521C8A42F7D3012070475A
:1032F0002DE9F047A2B00026C84D2868816841F04A
:10330000010181600024E846C5481BF091FB009054
:10331000A0B26946FFF75AFD601C80B208F10101B6
:10332000FFF754FDA01C80B208F10201FFF74EFD2B
:10333000E01C80B208F10301FFF748FD0122694655
:10334000B64817F025F88146241DB4F5005FDBD39D
:103350002868816841F001018160002401AFA0B2BA
:1033600001A9FFF7CEFC601C80B2791CFFF7C9FCF5
:10337000A01C80B2B91CFFF7C4FCE01C80B2F91C91
:10338000FFF7BFFC012201A9A44817F001F8241D92
:10339000B4F5005FE3D3484507D1A24B4FF4A972BF
:1033A000A1A1A8A02EF046FF07E09E4B40F25512C7
:1033B0009DA1B0A02EF03EFF00262868816841F054
:1033C00001018160002496481BF032FB0090A0B2FE
:1033D0006946FFF71CFDA01C80B208F10201FFF74F
:1033E00016FD012269468D4816F0D2FF8146241D44
:1033F000B4F5005FE7D32868816841F0010181607E
:103400000024A0B201A9FFF79DFCA01C80B2B91C4A
:10341000FFF798FC012201A9804816F0B9FF241D8E
:10342000B4F5005FEDD3484507D17E4B40F26712FB
:103430007DA19CA02EF0FEFE07E07A4B4FF4B57202
:1034400079A1A4A02EF0F6FE00262868816841F03C
:1034500001018160002441F6FC7771481BF0E8FA15
:103460000090A0B26946FFF7F4FC012269466B4860
:1034700016F08EFF8046241DBC42EED3286881687A
:1034800041F0010181600024A0B201A9FFF77CFC9A
:10349000012201A9614816F07BFF241DBC42F3D331
:1034A000404507D15F4B4FF4BD725FA195A02EF050
:1034B000C1FE07E05B4B40F27D125BA19DA02EF0A8
:1034C000B9FE00264FF080094FF0000A00250024C5
:1034D000EAB2402102A82FF0E5F912941394149453
:1034E000159416941794189419941A941B941C9478
:1034F0001D941E941F942094219409EB85181FFAA3
:1035000088F0402202A9FFF721FD1FFA88F040222F
:1035100012A9FFF7C1FC402212A912A8FFF7DEFB97
:1035200038B9404B40F289123FA18EA02EF082FEA6
:1035300000266D1C4D45CBD3FCF72CFF934B014669
:103540002246C3FB0020C211A2EBE070A0EB0020DA
:103550004218402102A82FF0A5F912941394149454
:10356000159416941794189419941A941B941C94F7
:103570001D941E941F9420942194CAF50054A0B267
:10358000524602A9FFF7E2FCA0B2524612A9FFF789
:1035900083FC402212A912A8FFF7A0FB38B9214BE7
:1035A0004FF4C97220A16FA02EF044FE00261D4BDF
:1035B00040F295121CA176A02EF03CFE002442F2AF
:1035C000107517481BF034FAB0FBF7F107FB110038
:1035D0000090042269464846FFF7B8FC042201A97E
:1035E0004846FFF759FC01990098884207D00D4BD7
:1035F0004FF4CE720CA170A02EF01CFE0026641CAD
:10360000AC42DED3074B4FF4D07207A172A02EF06C
:1036100011FE22B03046BDE8F0870000080000200F
:10362000F8000020026604082E2E5C2E2E5C7350DB
:103630006C63506F72745C73506C634570726F6D25
:103640002E63000025732C25642C25733A6279744F
:10365000652838626974292073657175656E7469AF
:10366000616C2077726974652070617373210D0A33
:103670000000000025732C25642C25733A627974B0
:10368000652838626974292073657175656E74697F
:10369000616C207769727465206661696C210D0A1E
:1036A0000000000025732C25642C25733A68776F81
:1036B0007264283136626974292073657175656E8C
:1036C0007469616C2077726974652070617373210D
:1036D0000D0A000025732C25642C25733A686F773A
:1036E0007264283136626974292073657175656E5C
:1036F0007469616C207769727465206661696C21F8
:103700000D0A000025732C25642C25733A64776F0D
:103710007264283332626974292073657175656E2D
:103720007469616C207772697465207061737321AC
:103730000D0A000025732C25642C25733A64776FDD
:103740007264283332626974292073657175656EFD
:103750007469616C207769727465206661696C2197
:103760000D0A000025732C25642C25733A626C6FBA
:10377000636B2073657175656E7469616C20577237
:10378000697465206661696C210D0A008180808002
:1037900025732C25642C25733A626C6F636B207340
:1037A000657175656E7469616C2057726974652006
:1037B00070617373210D0A0025732C25642C257309
:1037C0003A72616E646F6D2077726974652066610C
:1037D000696C210D0A00000025732C25642C2573CB
:1037E0003A72616E646F6D207772697465207061E2
:1037F0007373210D0A00000010B580215D482FF081
:1038000059F8BDE810405C4B07225CA162A02EF085
:1038100011BD70B5674E4FF40071304614F028FDAD
:10382000654D544C38B194F9001011F1080F10DDBA
:10383000481E207013E094F90010082902DA481C91
:1038400020700CE0B5F8300A40F00100A5F8300A0D
:1038500005E0B5F8300A20F00100A5F8300A4FF471
:103860000041564814F004FD38B194F9011011F1EB
:10387000080F10DD481E607013E094F9011008294C
:1038800002DA481C60700CE0B5F8300A40F0020023
:10389000A5F8300A05E0B5F8300A20F00200A5F8D6
:1038A000300A4021464814F0E3FC38B194F9020094
:1038B00010F1080F10DD401EA07013E094F9021003
:1038C000082902DA481CA0700CE0B5F8300A40F074
:1038D0000400A5F8300A05E0B5F8300A20F004002D
:1038E000A5F8300A4FF40051304614F0C1FC01280D
:1038F00007D094F9030010F1080F10DD401EE070AE
:1039000013E094F90300082802DA401CE0700CE090
:10391000B5F8300A40F00800A5F8300A05E0B5F81F
:10392000300A20F00800A5F8300A2649B5F9780ACF
:10393000B1F9421088420DDC94F90400082802DA3B
:10394000401C207170BDB5F8300A40F01000A5F899
:10395000300A70BD94F9040010F1080F02DD401E1A
:10396000207170BDB5F8300A20F01000A5F8300ABB
:1039700070BD0000283A0020106604082E2E5C2E30
:103980002E5C73506C63506F72745C73506C63493F
:103990006F496E2E6300000025732C25642C25735F
:1039A0003A696E70757420696E69742E2E2E2E2EF3
:1039B0002E0A0000000802404803002000000240D8
:1039C00000040240ECC2012010B550490020A1F8CB
:1039D000400A002240214E4814F051FC08214D4875
:1039E0000DF084FB04214B480DF080FB0C2149486D
:1039F0000DF07CFB484C00220121204614F03FFCD6
:103A000001220221204614F03AFCBDE81040434B4D
:103A10000D2243A149A02EF00DBC10B54FF4A440D7
:103A2000FDF737FF18B104213A480DF0F6FA4FF4CC
:103A3000A440FDF749FF18B1042136480DF056FBAC
:103A400045F20120FDF725FF18B1082131480DF09E
:103A5000E4FA45F20120FDF737FF18B108212D489F
:103A60000DF044FB45F20220FDF713FF18B10C21C5
:103A700028480DF0D2FA45F20220FDF725FF18B1D3
:103A80000C2124480DF032FB45F20320FDF701FF25
:103A9000214C20B101221146204614F0F0FB45F2E2
:103AA0000320FDF711FF20B100220121204614F070
:103AB000E6FB45F20420FDF7ECFE20B101220221D5
:103AC000204614F0DCFB45F20420FDF7FDFE20B19A
:103AD00001220221204614F0D2FB45F20620FDF718
:103AE000D8FE0B4C20B101224021204614F0C7FB28
:103AF00045F20620FDF7E8FE002806D02046002209
:103B0000BDE81040402114F0BABB10BD48030020AE
:103B10000008024098010020000402401E660408CC
:103B20002E2E5C2E2E5C73506C63506F72745C731F
:103B3000506C63496F4F75742E63000025732C25FC
:103B4000642C25733A6F757470757420696E69748E
:103B50002E2E2E2E2E2E0A0010B5844B7F2284A1ED
:103B60008AA02EF067FB8F4CB4F84000022807D1E2
:103B7000B4F94200022803DC1520A4F8CC0A0BE0BB
:103B800042F21720FDF75FFE18B11420A4F8CC0A0A
:103B900002E01220A4F8CC0A40F24C40A4F8CA0A71
:103BA000B4F84400A4F8C80A0020A4F8CE0A7E495C
:103BB0008880488148828870C8707C49096848625A
:103BC000BDE8104079480CF0DFBC10B5002800DAE1
:103BD0000020774909688863734C30B10421744828
:103BE0000DF01BFA0120207010BD042170480DF06B
:103BF0007DFA0020207010BD70B56B4CA0780128B4
:103C000017D16C4D00228021284614F038FB002289
:103C10008021284614F033FB62486749B0F846001B
:103C200091F9411010FB01F000B2FFF7CEFF002028
:103C3000A07070BD10B5614B97224DA160A02EF011
:103C4000F9FA5A4800240068446258480CF0E1FC34
:103C5000FFF7D2FF54488480448184700121C170F1
:103C600010BD10B5534C00228021204614F007FBF4
:103C700000228021204614F002FB0020FFF7A5FF60
:103C80004948002141708180C18001814181818149
:103C9000C181018241828170C170BDE810404E4BEC
:103CA000B02233A14DA02EF0C5BA70B53E4DA87814
:103CB000002825D13B4C3F4E94F8EE0410F0010F44
:103CC00004D001228021304614F0D9FA94F8EE1481
:103CD00011F0020F04D001228021304614F0CFFAF7
:103CE00094F8EE0410F0050F08D0B4F8FA044FF47D
:103CF0007A7110FB01F000B2FFF767FF0120A87096
:103D000070BD10B5284C204694F90110B0F904009C
:103D1000012922D002291FD1002805DBB4F90610A1
:103D2000884201DAFFF7C1FFB4F90400B4F90610C4
:103D3000884205DBB4F90810884201DAFFF75CFF1E
:103D4000B4F90400B4F90810884202DB4FF0FF30E8
:103D5000A080A088401CA08010BD0028FCD1FFF7E7
:103D6000A4FFA088401CA08010BD00002D660408A0
:103D70002E2E5C2E2E5C73506C63506F72745C73CD
:103D8000506C634C617365722E63000025732C25A3
:103D9000642C25733A6C617365722073746172745C
:103DA000210A0000480300201800002028020020FB
:103DB0007002002000080240ECC2012033660408B3
:103DC00025732C25642C25733A6C617365722073FE
:103DD000746F70210A0000003966040825732C25D1
:103DE000642C25733A6C617365722074696D657219
:103DF00020696E69742E2E2E2E2E2E0A00000000D1
:103E0000002000BF00BF00BF00BF00BF00BF00BF59
:103E100000BF00BF00BF401CB0F57A7FF1D37047F0
:103E200010B588B00024019402940394049405947E
:103E300006940794FA48F94901604460846040F6AA
:103E40001F51C160046184610DF08AF86020019007
:103E50004FF4D260029003940594002201A9F04827
:103E60000EF065FF08B010BD2DE9F04186B00026C8
:103E7000EC4C206840F001002060206800F0010058
:103E80000090DFF8A4830022A114404614F0F7F953
:103E9000A01401900127029702250395049601A919
:103EA000404614F037F80022A114404614F0E7F918
:103EB0006420FFF7A5FF01221103404614F0DFF94B
:103EC0006420FFF79DFFA114404614F030F92068EC
:103ED00020F001002060206840F040002060206851
:103EE00000F040000090DFF844830022A115404616
:103EF00014F0C5F9A015019002970395049601A945
:103F0000404614F007F8C820FFF77AFFA114404696
:103F100014F00DF9206820F040002060201D016899
:103F200021F080010160432014F004FE432014F0CE
:103F3000DBFE06B0BDE8F08110B592B00024079416
:103F400008940B940C940D940E940F941094119467
:103F500001940294039404940594B54804600121EB
:103F60000160B44804660460B348026822F08052DD
:103F70000260026842F080520260006800F08050E7
:103F80000090AE48026842F480420260006800F48B
:103F90008040009002200690099110200A9006A807
:103FA00013F034F808B1FCF72FFA0F2001900294B7
:103FB00003944FF4805004900594002101A813F05D
:103FC00095FA002801D0FCF71FFA12B010BD10B509
:103FD00014F005FF9A48FCF7B3FC9A48FCF716FE6C
:103FE0009948FDF7E8F88E48FDF7E5F89748FDF7A2
:103FF000E2F89748FDF7DFF89648FDF7DCF89648B9
:10400000FCF7BFFD9548FDF70BFA9548FDF708FA58
:104010009448FDF705FA9448FCF741FC9348FCF7F7
:10402000C4FC934826F096FDFFF786FFFFF71CFFC0
:1040300062B610BD1DF0BBBBF8B504468D4DB5F999
:104040000000A04228D0642C00DD6424002C00DA9B
:104050000024002C04DC002171480DF047F813E027
:10406000601E6F4E632806D2002130460CF0D5FF4B
:104070003068446308E0642C06DB002168480CF0DB
:10408000CCFF3168642048632C807B4BB1227BA13C
:1040900081A000942EF0CEF8F8BD10B530381E285F
:1040A00080F0DA85DFE810F01E006C000401520198
:1040B000A001EE013C028A02D8022903D805D805E6
:1040C000D805D805D805D805D80577039503D303B7
:1040D00011043F044D048B04B904F804150552057E
:1040E0007F05BC05082159480CF097FF4FF49670E6
:1040F0001DF05DFB082155480CF0F8FF40F6B83084
:104100001DF055FB082151480CF087FF4FF46170FA
:104110001DF04DFB08214D480CF0E8FF40F6B8308B
:104120001DF045FB082149480CF077FF4FF4617002
:104130001DF03DFB082145480CF0D8FF40F6B83093
:104140001DF035FB082141480CF067FF4FF461700A
:104150001DF02DFB08213D480CF0C8FF40F6B8309B
:104160001DF025FB082139480CF057FF4FF4617012
:104170001DF01DFB082135480CF0B8FF00F06CBDA8
:10418000082132480CF049FF4FF496701DF00FFBE8
:1041900008212E480CF0AAFF40F6B8301DF007FBAE
:1041A00008212A480CF039FF4FF461701DF0FFFA26
:1041B000082126480CF09AFF40F6B8301DF0F7FAB7
:1041C000082122480CF029FF4FF461701DF0EFFA2E
:1041D00008211E480CF08AFF40F6B8301DF0E7FABF
:1041E00008211A480CF019FF4FF461701DF0DFFA36
:1041F000082116480CF07AFF40F6B8301DF0D7FAC7
:10420000082112480CF009FF4FF461701DF0CFFA3D
:1042100008210E480CF06AFF00F01EBD00040040AB
:1042200050010020303802400000024000180240D7
:10423000400E4742000047424038024000700040B4
:1042400008000020F800002008010020980100204C
:1042500028020020B8020020C0C101205CC2012059
:10426000A4C2012014C2012004C10120ACC101205C
:10427000942F01202C000020476604082E2E5C2E6F
:104280002E5C73506C63506F72745C73506C634D32
:104290006973632E6300000025732C25642C25733D
:1042A0003A7365742066616E3A25640A0000000066
:1042B0000821FE480CF0B1FE4FF496701DF077FA1D
:1042C0000821FA480CF012FF40F6B8301DF06FFAE2
:1042D0000821F6480CF0A1FE4FF496701DF067FA25
:1042E0000821F2480CF002FF40F6B8301DF05FFAEA
:1042F0000821EE480CF091FE4FF461701DF057FA62
:104300000821EA480CF0F2FE40F6B8301DF04FFAF2
:104310000821E6480CF081FE4FF461701DF047FA69
:104320000821E2480CF0E2FE40F6B8301DF03FFAFA
:104330000821DE480CF071FE4FF461701DF037FA71
:104340000821DA480CF0D2FE00F086BC0821D748DC
:104350000CF063FE4FF496701DF029FA0821D34843
:104360000CF0C4FE40F6B8301DF021FA0821CF4809
:104370000CF053FE4FF496701DF019FA0821CB484B
:104380000CF0B4FE40F6B8301DF011FA0821C74811
:104390000CF043FE4FF461701DF009FA0821C34888
:1043A0000CF0A4FE40F6B8301DF001FA0821BF4819
:1043B0000CF033FE4FF461701DF0F9F90821BB4891
:1043C0000CF094FE40F6B8301DF0F1F90821B74822
:1043D0000CF023FE4FF461701DF0E9F90821B34899
:1043E0000CF084FE00F038BC0821B0480CF015FE3B
:1043F0004FF496701DF0DBF90821AC480CF076FE06
:1044000040F6B8301DF0D3F90821A8480CF005FE9D
:104410004FF496701DF0CBF90821A4480CF066FE0D
:1044200040F6B8301DF0C3F90821A0480CF0F5FDA6
:104430004FF461701DF0BBF908219C480CF056FE4A
:1044400040F6B8301DF0B3F9082198480CF0E5FDAE
:104450004FF496701DF0ABF9082194480CF046FE1D
:1044600040F6B8301DF0A3F9082190480CF0D5FDB6
:104470004FF461701DF09BF908218C480CF036FE5A
:1044800000F0EABB082189480CF0C7FD4FF4967094
:104490001DF08DF9082185480CF028FE40F6B83053
:1044A0001DF085F9082181480CF0B7FD4FF4967096
:1044B0001DF07DF908217D480CF018FE40F6B8305B
:1044C0001DF075F9082179480CF0A7FD4FF496709E
:1044D0001DF06DF9082175480CF008FE40F6B83063
:1044E0001DF065F9082171480CF097FD4FF49670A6
:1044F0001DF05DF908216D480CF0F8FD40F6B8306C
:104500001DF055F9082169480CF087FD4FF49670AD
:104510001DF04DF9082165480CF0E8FD00F09CBB4A
:10452000082162480CF079FD4FF461701DF03FF9ED
:1045300008215E480CF0DAFD40F6B8301DF037F97E
:1045400008215A480CF069FD4FF496701DF02FF9C0
:10455000082156480CF0CAFD40F6B8301DF027F986
:10456000082152480CF059FD4FF496701DF01FF9C8
:1045700008214E480CF0BAFD40F6B8301DF017F98E
:1045800008214A480CF049FD4FF496701DF00FF9D0
:10459000082146480CF0AAFD40F6B8301DF007F996
:1045A000082142480CF039FD4FF496701DF0FFF8D9
:1045B00008213E480CF09AFD00F04EBB08213B4814
:1045C0000CF02BFD4FF461701DF0F1F80821374815
:1045D0000CF08CFD40F6B8301DF0E9F808213348A6
:1045E0000CF01BFD4FF461701DF0E1F808212F481D
:1045F0000CF07CFD40F6B8301DF0D9F808212B48AE
:104600000CF00BFD4FF496701DF0D1F808212748EF
:104610000CF06CFD40F6B8301DF0C9F808212348B5
:104620000CF0FBFC4FF496701DF0C1F808211F48F8
:104630000CF05CFD40F6B8301DF0B9F808211B48BD
:104640000CF0EBFC4FF496701DF0B1F80821174800
:104650000CF04CFD00F000BB082114480CF0DDFC10
:104660004FF461701DF0A3F8082110480CF03EFDD6
:1046700040F6B8301DF09BF808210C480CF0CDFC3A
:104680004FF461701DF093F8082108480CF02EFDDE
:1046900040F6B8301DF08BF8082104480CF0BDFC42
:1046A0004FF461701DF083F8082101E098010020AB
:1046B000F8480CF01BFD40F6B8301DF078F80821E2
:1046C000F4480CF0AAFC4FF496701DF070F8082125
:1046D000F0480CF00BFD40F6B8301DF068F80821EA
:1046E000EC480CF09AFC4FF496701DF060F808212D
:1046F000E8480CF0FBFC00F0AFBA0821E5480CF0EC
:104700008CFC4FF461701DF052F80821E1480CF068
:10471000EDFC40F6B8301DF04AF80821DD480CF0F9
:104720007CFC4FF461701DF042F80821D9480CF070
:10473000DDFC40F6B8301DF03AF80821D5480CF001
:104740006CFC4FF461701DF032F80821D1480CF078
:10475000CDFC40F6B8301DF02AF80821CD480CF009
:104760005CFC4FF461701DF022F80821C9480CF080
:10477000BDFC40F6B8301DF01AF80821C5480CF011
:104780004CFC4FF496701DF012F80821C1480CF053
:10479000ADFC00F061BA0821BE480CF03EFC4FF4BD
:1047A00096701DF004F80821BA480CF09FFC40F602
:1047B000B8301CF0FCFF0821B6480CF02EFC4FF47A
:1047C00061701CF0F4FF0821B2480CF08FFC00F07F
:1047D00043BA0821AF480CF020FC4FF461701CF084
:1047E000E6FF0821AB480CF081FC40F6B8301CF025
:1047F000DEFF0821A7480CF010FC4FF496701CF067
:10480000D6FF0821A3480CF071FC40F6B8301CF02C
:10481000CEFF08219F480CF000FC4FF496701CF06E
:10482000C6FF08219B480CF061FC40F6B8301CF034
:10483000BEFF082197480CF0F0FB4FF496701CF077
:10484000B6FF082193480CF051FC00F005BA08218E
:1048500090480CF0E2FB4FF461701CF0A8FF0821B7
:104860008C480CF043FC40F6B8301CF0A0FF082147
:1048700088480CF0D2FB4FF496701CF098FF08218A
:1048800084480CF033FC40F6B8301CF090FF08214F
:1048900080480CF0C2FB4FF461701CF088FF0821C7
:1048A0007C480CF023FC40F6B8301CF080FF082157
:1048B00078480CF0B2FB4FF496701CF078FF08219A
:1048C00074480CF013FC00F0C7B9082171480CF0D3
:1048D000A4FB4FF461701CF06AFF08216D480CF0D6
:1048E00005FC40F6B8301CF062FF082169480CF066
:1048F00094FB4FF496701CF05AFF082165480CF0A9
:10490000F5FB40F6B8301CF052FF082161480CF06E
:1049100084FB4FF496701CF04AFF08215D480CF0B0
:10492000E5FB00F099B908215A480CF076FB4FF4EA
:1049300096701CF03CFF082156480CF0D7FB00F0A5
:104940008BB9082153480CF068FB4FF496701CF0AB
:104950002EFF08214F480CF0C9FB40F6B8301CF080
:1049600026FF08214B480CF058FB4FF496701CF0C2
:104970001EFF082147480CF0B9FB40F6B8301CF088
:1049800016FF082143480CF048FB4FF461701CF0FF
:104990000EFF08213F480CF0A9FB40F6B8301CF090
:1049A00006FF08213B480CF038FB4FF496701CF0D2
:1049B000FEFE082137480CF099FB00F04DB90821A4
:1049C00034480CF02AFB4FF461701CF0F0FE082113
:1049D00030480CF08BFB40F6B8301CF0E8FE0821A4
:1049E0002C480CF01AFB4FF461701CF0E0FE08211B
:1049F00028480CF07BFB40F6B8301CF0D8FE0821AC
:104A000024480CF00AFB4FF496701CF0D0FE0821ED
:104A100020480CF06BFB00F01FB908211D480CF07A
:104A2000FCFA4FF496701CF0C2FE082119480CF0F5
:104A30005DFB40F6B8301CF0BAFE082115480CF0BA
:104A4000ECFA4FF496701CF0B2FE082111480CF0FD
:104A50004DFB40F6B8301CF0AAFE08210D480CF0C2
:104A6000DCFA4FF496701CF0A2FE082109480CF005
:104A70003DFB40F6B8301CF09AFE082105480CF0CA
:104A8000CCFA4FF496701CF092FE082101480CF00D
:104A90002DFBE1E09801002008217F480CF0BDFAD1
:104AA0004FF496701CF083FE08217B480CF01EFB2F
:104AB00040F6B8301CF07BFE082177480CF0ADFAC8
:104AC0004FF496701CF073FE082173480CF00EFB37
:104AD000C2E0082170480CF0A0FA4FF496701CF068
:104AE00066FE08216C480CF001FB40F6B8301CF063
:104AF0005EFE082168480CF090FA4FF461701CF0DB
:104B000056FE082164480CF0F1FA40F6B8301CF06B
:104B10004EFE082160480CF080FA4FF461701CF0E2
:104B200046FE08215C480CF0E1FA40F6B8301CF073
:104B30003EFE082158480CF070FA4FF461701CF0EA
:104B400036FE082154480CF0D1FA85E0082152487D
:104B50000CF063FA4FF461701CF029FE08214E48F6
:104B60000CF0C4FA40F6B8301CF021FE08214A4887
:104B70000CF053FA4FF496701CF019FE08214648C9
:104B80000CF0B4FA40F6B8301CF011FE082142488F
:104B90000CF043FA4FF461701CF009FE08213E4806
:104BA0000CF0A4FA58E008213B480CF036FA4FF418
:104BB00096701CF0FCFD082137480CF097FA40F67F
:104BC000B8301CF0F4FD082133480CF026FA4FF4FD
:104BD00061701CF0ECFD08212F480CF087FA40F6BC
:104BE000B8301CF0E4FD08212B480CF016FA4FF405
:104BF00096701CF0DCFD082127480CF077FA40F68F
:104C0000B8301CF0D4FD082123480CF006FA4FF40C
:104C100096701CF0CCFD08211F480CF067FA1BE0D1
:104C200008211D480CF0F9F94FF461701CF0BFFD2C
:104C3000082119480CF05AFA40F6B8301CF0B7FDBC
:104C4000082115480CF0E9F94FF461701CF0AFFD34
:104C5000082111480CF04AFABDE8104040F6B8307F
:104C60001CF0A5BD70B5FCF78FFD4FF000640B4D37
:104C70002078FCF77DFD641CAC42F9D370BD70B5A3
:104C8000FCF782FD064C074D2078FCF771FD641C93
:104C9000AC42F9D370BD000098010020FFFF00086E
:104CA00000000108FFFF0F0830B587B0054600245B
:104CB000009401940294039404940594069412F0D1
:104CC00018FD53215422B0FBF2F0B0FBF5F0451E65
:104CD000BF481207026041608460C560046184615E
:104CE0000CF03EF920B1BBA02DF0A4FAFBF78CFB31
:104CF00060200090680801900294049404226946A0
:104D0000B3480EF014F8002804D0BAA02DF092FA9F
:104D1000FBF77AFB07B030BD10B5BE4C20780028F9
:104D200006D001224021BC4813F0A9FA00202070CF
:104D300010BD70B50446B94E01221146304613F03D
:104D40009EFA00BF00BF00BF00BF00BF00BF00BF92
:104D500000BF00BF00BF00BF00BF00BF00BF00BF5B
:104D600000BF00BF00BF00BF00BF00BF00BF00BF4B
:104D700000BF00BF00BF00BF00BF00BF00BF00BF3B
:104D800000BF00BF00BF00BF00BF00BF00BF00BF2B
:104D900000BF00220121304613F071FA04F588505B
:104DA00085B200BF00BF00BF00BF00BF00BF00BF93
:104DB00000BF00BF00BF0024C4F10F0025FA00F0BF
:104DC00000F001024FF48041304613F058FA00BF62
:104DD00000BF00BF00BF00BF00BF00BF00BF00BFDB
:104DE00000BF00BF00BF00BF00BF00BF00BF00BFCB
:104DF00000BF00BF00BF00BF00BF00BF00BF00BFBB
:104E000000BF00BF00BF00BF00BF00BF00BF00BFAA
:104E100000BF00BF00BF00BF00BF00BF00BF012236
:104E2000D103304613F02BFA00BF00BF00BF00BF14
:104E300000BF00BF00BF00BF00BF00BF00BF00BF7A
:104E400000BF00BF00BF00BF00BF00BF00BF00BF6A
:104E500000BF00BF00BF00BF00BF00BF00BF00BF5A
:104E600000BF00BF00BF00BF00BF00BF00BF00BF4A
:104E700000BF00BF00BF00BF00224FF4004130461A
:104E800013F0FDF900BF00BF00BF00BF00BF00BFAF
:104E900000BF00BF00BF00BF00BF00BF00BF00BF1A
:104EA00000BF00BF00BF00BF00BF00BF00BF00BF0A
:104EB00000BF00BF00BF00BF00BF00BF00BF00BFFA
:104EC00000BF00BF00BF00BF00BF00BF00BF00BFEA
:104ED00000BF00BF601C84B2102CFFF46DAF00BF98
:104EE00000BF00BF00BF00BF00BF00BF00BF00BFCA
:104EF00000BF00BF00BF00BF00BF00BF00BF00BFBA
:104F000000BF00BF00BF00BF00BF00BF00BF00BFA9
:104F100000BF00BF00BF00BF00BF00BF00BF00BF99
:104F200000BF00BF00BF00BF00BF00BF00BF012225
:104F30003046BDE87040114613F0A1B910B545F2F6
:104F4000A060FCF756FC3648B0F94400314991F9AD
:104F50000110814220D03349C0EB002081FB0010BA
:104F60004111A1EBE07000EE100AB8EEC00A2E4924
:104F700010EE100A884201DD9FED2C0AB5EEC00A42
:104F8000F1EE10FA01D29FED2A0ABDEEC00A10EE32
:104F9000100AC0B2FFF7CDFEFFF7BEFE40F24C4054
:104FA000FFF782FEBDE81040224B0B2222A12AA06F
:104FB0002DF040B910B5174C2078012806D00022FA
:104FC0004021154813F05BF90120207010BD00004E
:104FD0000801002072655365742054494D322062E7
:104FE00061736520636C6B206661696C2121210A05
:104FF0000000000072655365742054494D32206FE3
:1050000075742066726571206661696C2121210AC0
:105010000000000024C001200000024000080240FF
:10502000480300201F85EB5100007F4300007F43B1
:1050300000000000536604082E2E5C2E2E5C735078
:105040006C63506F72745C73506C63537065616B0A
:1050500065722E630000000025732C25642C2573D7
:105060003A737065616B657220646D6120696E6969
:10507000742E2E2E2E2E2E0A0000000010B5694828
:105080000BF082FA68490020087068490870684986
:10509000087068490870684908706849088068495C
:1050A000088068490880684908806849088068491C
:1050B000088068490860BDE81040674B132267A16B
:1050C0006DA02DF0B7B857480BF0A3BA55480BF0B8
:1050D0005BBA2DE9F05F4FF48B646F4F44F26806C2
:1050E00047F6FF790025A01980B2FCF7ACFB38B178
:1050F00037F91400484505DA401C27F8140001E090
:1051000027F81450601C84B2B4F5936FEBD3DFF82A
:105110002CA14FF00108BAF800000A281AD94FF460
:105120009364A01980B2FCF78EFB38B137F91400F4
:10513000484505DA401C27F8140001E027F8145010
:10514000601C84B2B4F59B6FEBD3374880F80080C5
:10515000AAF80050DFF8E8B0BBF8000064281BD9BB
:105160004FF49B64A01980B2FCF76DFB38B137F99E
:105170001400484505DA401C27F8140001E027F820
:105180001450601C84B240F217508442EAD327487E
:1051900080F80080ABF800502A490888C82803D955
:1051A000234880F800800D80274A1088B0F5FA7FE8
:1051B00003D9204880F800801580244B1888B0F56A
:1051C0007A7F03D91C4880F800801D80DFF880C0FA
:1051D0004EF66024BCF80000A04204D92F4880F8A5
:1051E0000080ACF80050BAF80000401CAAF800009B
:1051F000BBF80000401CABF800000888401C088089
:105200001088401C10801888401C1880BCF80000D2
:10521000401CACF800000F480168491C0160BDE863
:10522000F09F0000B802002014C0012015C001202A
:1052300016C0012017C0012018C001200CC0012099
:105240000EC001201000002010C00120120000201C
:1052500012C0012028C00120636604082E2E5C2E97
:105260002E5C73506C63506F72745C73506C63543B
:10527000696D65722E63000025732C25642C2573DF
:105280003A73706C632074696D657220696E69741D
:105290002E2E2E2E2E2E0A004803002019C001208B
:1052A00010B5C04900200870A021BF482DF002FBB6
:1052B000A021BE482DF0FEFA5022BB49BC4814F094
:1052C00022FABDE81040BB4B0D22BBA1C1A02CF0BF
:1052D000B1BF0068A0F18041B1F5903102D1B14970
:1052E000012048707047F0B52DED028B8BB0AD4FAB
:1052F00078780028FCD000267E703878BD4CB4EE5B
:10530000008A6D4600287DD0A94814F0C9FA5022C1
:10531000A549A74814F0F7F93E7000960196029649
:105320000396049605960696079608960996002019
:105330009E4A002101EB810C00EB4C0C55F820300B
:1053400032F81CC0634445F82030491CC9B2082912
:10535000F0D3401CC0B20A28EBD39DED000AB8EE92
:10536000400A20EE080ABCEEC00A10EE100AA4F8AB
:10537000760A9DED010AB8EE400A20EE080ABCEE5E
:10538000C00A10EE100AA4F8740A9DED020AB8EEE5
:10539000400A20EE080ABCEEC00A10EE100AA4F87B
:1053A000660A9DED030AB8EE400A20EE080ABCEE3C
:1053B000C00A10EE100AA4F8680A9DED040AB8EEBF
:1053C000400A20EE080ABCEEC00A10EE100AA4F84B
:1053D000780A9DED050AB8EE400A20EE080ABCEEF8
:1053E000C00A10EE100AA4F87C0A9DED060AB8EE79
:1053F000400A20EE080ABCEEC00A10EE100AA4F81B
:105400007E0A00E027E09DED070AB8EE400A20EE94
:10541000080ABCEEC00A10EE100AA4F8800A9DED3E
:10542000080AB8EE400A20EE080ABCEEC00A10EEE8
:10543000100AA4F8820A9DED090AB8EE400A20EE8F
:10544000080ABCEEC00A10EE100AA4F8840A0BB0D9
:10545000BDEC028BF0BD564814F022FA502253499D
:10546000534814F050F901203870009601960296C6
:1054700003960496059606960796089609960020C8
:10548000494A002101EB810C00EB4C0C55F820300F
:1054900032F81CC0634445F82030491CC9B20829C1
:1054A000F0D3401CC0B20A28EBD39DED000AB8EE41
:1054B000400A20EE080ABCEEC00A10EE100AA4F85A
:1054C000760A9DED010AB8EE400A20EE080ABCEE0D
:1054D000C00A10EE100AA4F8740A9DED020AB8EE94
:1054E000400A20EE080ABCEEC00A10EE100AA4F82A
:1054F000660A9DED030AB8EE400A20EE080ABCEEEB
:10550000C00A10EE100AA4F8680A9DED040AB8EE6D
:10551000400A20EE080ABCEEC00A10EE100AA4F8F9
:10552000780A9DED050AB8EE400A20EE080ABCEEA6
:10553000C00A10EE100AA4F87C0A9DED060AB8EE27
:10554000400A20EE080ABCEEC00A10EE100AA4F8C9
:105550007E0A9DED070AB8EE400A20EE080ABCEE6E
:10556000C00A10EE100AA4F8800A9DED080AB8EEF1
:10557000400A20EE080ABCEEC00A10EE100AA4F899
:10558000820A9DED090AB8EE400A20EE080ABCEE38
:10559000C00A10EE100AA4F8840A0BB0BDEC028B0E
:1055A000F0BD00002E000020A83A0020483B00205B
:1055B00004C10120716604082E2E5C2E2E5C7350EF
:1055C0006C63506F72745C73506C634164632E63E0
:1055D0000000000025732C25642C25733A73746138
:1055E00072742061646320696E69742E2E2E2E2ED3
:1055F0002E0A00004803002070B5C0F30904A24E33
:1056000001221103304612F03AFE00BF00BF00BF76
:1056100000BF00BF00BF00BF00BF00BF00BF00BF92
:1056200000BF00BF00BF00BF00BF00BF00BF00BF82
:1056300000BF00BF00BF00BF00BF00BF00BF00BF72
:1056400000BF00BF00BF00BF00BF00BF00BF00BF62
:1056500000BF00BF00BF00BF00BF00224FF4805159
:10566000304612F00CFE4FF6FF7000EA840500BFD2
:1056700000BF00BF00BF00BF00BF00BF00BF00BF32
:1056800000BF0024C4F10F0025FA00F000F0010271
:105690004FF48041304612F0F2FD00BF00BF00BF62
:1056A00000BF00BF00BF00BF00BF00BF00BF00BF02
:1056B00000BF00BF00BF00BF00BF00BF00BF00BFF2
:1056C00000BF00BF00BF00BF00BF00BF00BF00BFE2
:1056D00000BF00BF00BF00BF00BF00BF00BF00BFD2
:1056E00000BF00BF00BF00BF00BF01225103304612
:1056F00012F0C5FD00BF00BF00BF00BF00BF00BF6C
:1057000000BF00BF00BF00BF00BF00BF00BF00BFA1
:1057100000BF00BF00BF00BF00BF00BF00BF00BF91
:1057200000BF00BF00BF00BF00BF00BF00BF00BF81
:1057300000BF00BF00BF00BF00BF00BF00BF00BF71
:1057400000BF00BF00224FF40051304612F097FD19
:1057500000BF00BF00BF00BF00BF00BF00BF00BF51
:1057600000BF00BF00BF00BF00BF00BF00BF00BF41
:1057700000BF00BF00BF00BF00BF00BF00BF00BF31
:1057800000BF00BF00BF00BF00BF00BF00BF00BF21
:1057900000BF00BF00BF00BF00BF00BF00BF00BF11
:1057A000601C84B2102CFFF46DAF00BF00BF00BFBF
:1057B00000BF00BF00BF00BF00BF00BF00BF00BFF1
:1057C00000BF00BF00BF00BF00BF00BF00BF00BFE1
:1057D00000BF00BF00BF00BF00BF00BF00BF00BFD1
:1057E00000BF00BF00BF00BF00BF00BF00BF00BFC1
:1057F00000BF00BF00BF00BF00BF01223046BDE8B0
:105800007040110312F03BBD10B500231A46194633
:105810001E4814F060FF00231A4610211B4814F0A4
:105820005AFF0021194814F00EFEBDE81040002078
:10583000E2E61748B0F88C0AC0F30B0300221146C9
:10584000124814F048BF1248B0F88E0AC0F30B0398
:10585000002210210D4814F03EBF0D48B0F89A0AFE
:10586000C0F30B00C8E610B500231A4619460748D6
:1058700014F031FF012300221021044814F02BFF03
:10588000BDE810400020B7E600040240ACC1012092
:105890004803002030490020488008802F49486094
:1058A000088070472C4B1A88511CC1F30B01B3F8C8
:1058B00002C08C4504D003F1040C02F80C001980DE
:1058C0007047254A51881388994206D0131DCB5C36
:1058D0000370481CC0F30B00508070471E480188BD
:1058E0004088081A00F58050C11700EB11516FF382
:1058F0000B01401A80B270472DE9F84304460D466B
:1059000000270097FFF7EAFF18B3144E6FF44038F2
:105910006846FFF7D6FF32881AB99DF80000EE28D6
:1059200013D1AA4204D29DF80010501C3080A1541B
:105930009DF80000716840EA01227260424504D17E
:10594000308877603780BDE8F883FFF7C7FF00280D
:10595000DED10020BDE8F883E83B002030000020C5
:10596000002807DD4FF47A71491E0029FCDC401E37
:105970000028F7DC704710B504462078002806D0D0
:10598000207802F079FA641C20780028F8D110BD44
:1059900070B506460D460024002D06D9305D02F094
:1059A0006BFA601C84B2AC42F8D370BD70B505468A
:1059B0000E460024002E0CD935F81400000A02F01F
:1059C0005BFA15F8140002F057FA601C84B2B44276
:1059D000F2D370BD10B5EE2002F04EFA042002F0B2
:1059E0004BFAFF2002F048FAFC2002F045FAFF20B3
:1059F00002F042FABDE81040FF2002F03DBA10B5B7
:105A00000446EE2002F038FA412002F035FA200A6E
:105A100002F032FAE0B202F02FFAFF2002F02CFA84
:105A2000FC2002F029FAFF2002F026FABDE810401F
:105A3000FF2002F021BA10B50446EE2002F01CFA55
:105A4000422002F019FA200A02F016FAE0B202F03F
:105A500013FAFF2002F010FAFC2002F00DFAFF20EA
:105A600002F00AFABDE81040FF2002F005BA70B556
:105A700006460C461546EE2002F0FEF9A32002F081
:105A8000FBF9304602F0F8F9200A02F0F5F9E0B22D
:105A900002F0F2F9280A02F0EFF9E8B202F0ECF9AC
:105AA000FF2002F0E9F9FC2002F0E6F9FF2002F005
:105AB000E3F9BDE87040FF2002F0DEB910B5EE203A
:105AC00002F0DAF9012002F0D7F9FF2002F0D4F950
:105AD000FC2002F0D1F9FF2002F0CEF9BDE8104021
:105AE000FF2002F0C9B970B505460C46EE2002F061
:105AF000C3F9432002F0C0F9284602F0BDF9204660
:105B000002F0BAF9FF2002F0B7F9FC2002F0B4F974
:105B1000FF2002F0B1F9BDE87040FF2002F0ACB9FF
:105B200070B506460C461546EE2002F0A5F9452054
:105B300002F0A2F9304602F09FF9200A02F09CF927
:105B4000E0B202F099F9280A02F096F9E8B202F000
:105B500093F9FF2002F090F9FC2002F08DF9FF206C
:105B600002F08AF9BDE87040FF2002F085B970B5F7
:105B700004460D46EE2002F07FF9442002F07CF945
:105B8000200A02F079F9E0B202F076F9280A02F070
:105B900073F9E8B202F070F9FF2002F06DF9FC2011
:105BA00002F06AF9FF2002F067F9BDE87040FF20BB
:105BB00002F062B92DE9F0410446069E0D461746F3
:105BC0009846EE2002F058F9202002F055F9200AFC
:105BD00002F052F9E0B202F04FF9280A02F04CF953
:105BE000E8B202F049F9384602F046F9404602F0C0
:105BF00043F93046FFF7BFFEFF2002F03DF9FC20DD
:105C000002F03AF9FF2002F037F9BDE8F041FF2039
:105C100002F032B92DE9F0418046069E0C46154649
:105C20001F46EE2002F028F9212002F025F9404617
:105C300002F022F9200A02F01FF9E0B202F01CF98A
:105C4000280A02F019F9E8B202F016F9384602F013
:105C500013F9304602F010F9FF2002F00DF9FC2094
:105C600002F00AF9FF2002F007F9BDE8F041FF2039
:105C700002F002B970B504460D46EE2002F0FCF8C1
:105C8000312002F0F9F8200A02F0F6F8E0B202F052
:105C9000F3F8284602F0F0F8FF2002F0EDF8FC20BF
:105CA00002F0EAF8FF2002F0E7F8BDE87040FF20BC
:105CB00002F0E2B82DE9F04104460D4616461F46B3
:105CC000EE2002F0D9F8322002F0D6F8200A02F0D5
:105CD000D3F8E0B202F0D0F8280A02F0CDF8E8B22A
:105CE00002F0CAF8300A02F0C7F8F0B202F0C4F8C5
:105CF000384602F0C1F8FF2002F0BEF8FC2002F0A6
:105D0000BBF8FF2002F0B8F8BDE8F041FF2002F038
:105D1000B3B82DE9F05F0AAC074694E870088846EE
:105D200091469A46EE2002F0A7F8332002F0A4F83C
:105D3000380A02F0A1F8F8B202F09EF84FEA1820F3
:105D400002F09AF808F0FF0002F096F84FEA1920E6
:105D500002F092F809F0FF0002F08EF84FEA1A20E4
:105D600002F08AF80AF0FF0002F086F8200A02F03A
:105D700083F8E0B202F080F8280A02F07DF8E8B279
:105D800002F07AF8300A02F077F8F0B202F074F814
:105D9000584602F071F8FF2002F06EF8FC2002F085
:105DA0006BF8FF2002F068F8BDE8F05FFF2002F01A
:105DB00063B82DE9F0410446069F0D461646984605
:105DC000EE2002F059F8802002F056F8200A02F086
:105DD00053F8E0B202F050F8280A02F04DF8E8B2A9
:105DE00002F04AF8300A02F047F8F0B202F044F844
:105DF000404602F041F8384602F03EF8FF2002F03B
:105E00003BF8FC2002F038F8FF2002F035F8BDE83E
:105E1000F041FF2002F030B870B504460D46EE2088
:105E200002F02AF8502002F027F8200A02F024F8A5
:105E3000E0B202F021F8280A02F01EF8E8B202F0FF
:105E40001BF8FF2002F018F8FC2002F015F8FF20E4
:105E500002F012F8BDE87040FF2002F00DB82DE905
:105E6000F04104460D4616461F46EE2002F004F8A7
:105E7000512002F001F8200A01F0FEFFE0B201F02B
:105E8000FBFF280A01F0F8FFE8B201F0F5FF300A45
:105E900001F0F2FFF0B201F0EFFF380A01F0ECFF81
:105EA000F8B201F0E9FFFF2001F0E6FFFC2001F06D
:105EB000E3FFFF2001F0E0FFBDE8F041FF2001F02B
:105EC000DBBF70B506460D461446EE2001F0D4FF48
:105ED000632001F0D1FF304601F0CEFF4FF6FF7195
:105EE00001EA44012846FFF761FDFF2001F0C4FFED
:105EF000FC2001F0C1FFFF2001F0BEFFBDE87040B3
:105F0000FF2001F0B9BF2DE9F04104460D461646C9
:105F10001F46EE2001F0B0FF592001F0ADFF200A2E
:105F200001F0AAFFE0B201F0A7FF280A01F0A4FFE8
:105F3000E8B201F0A1FF39463046FFF737FDFF20F8
:105F400001F09AFFFC2001F097FFFF2001F094FF81
:105F5000BDE8F041FF2001F08FBF2DE9F04104467C
:105F60000D4616461F46EE2001F086FF752001F013
:105F700083FF200A01F080FFE0B201F07DFF280AD4
:105F800001F07AFFE8B201F077FF39463046FFF7BB
:105F90000DFDFF2001F070FFFC2001F06DFFFF20E0
:105FA00001F06AFFBDE8F041FF2001F065BF2DE977
:105FB000F04104460D4616461F46EE2001F05CFFF8
:105FC000762001F059FF200A01F056FFE0B201F0FF
:105FD00053FF280A01F050FFE8B201F04DFF3946A7
:105FE0003046FFF7E3FCFF2001F046FFFC2001F004
:105FF00043FFFF2001F040FFBDE8F041FF2001F02A
:106000003BBF2DE9F04107460C4615461E46EE20E3
:1060100001F032FF772001F02FFF384601F02CFF0E
:10602000204601F029FF284601F026FF304601F006
:1060300023FFFF2001F020FFFC2001F01DFFFF20C7
:1060400001F01AFFBDE8F041FF2001F015BF70B567
:1060500005460C46EE2001F00FFF682001F00CFF12
:106060004FF6FF7101EA44012846FFF79FFCFF202D
:1060700001F002FFFC2001F0FFFEFF2001F0FCFE1A
:10608000BDE87040FF2001F0F7BE70B505460C4634
:10609000EE2001F0F1FE692001F0EEFE4FF6FF71F7
:1060A00001EA44012846FFF781FCFF2001F0E4FEED
:1060B000FC2001F0E1FEFF2001F0DEFEBDE87040B3
:1060C000FF2001F0D9BE70B504460D461646EE20FD
:1060D00001F0D2FE522001F0CFFE200A01F0CCFEEA
:1060E000E0B201F0C9FE280A01F0C6FEE8B201F0F4
:1060F000C3FE300A01F0C0FEF0B201F0BDFEFF2089
:1061000001F0BAFEFC2001F0B7FEFF2001F0B4FE62
:10611000BDE87040FF2001F0AFBE70B504460D46EB
:106120001646EE2001F0A8FE532001F0A5FE200A3D
:1061300001F0A2FEE0B201F09FFE280A01F09CFEF1
:10614000E8B201F099FE300A01F096FEF0B201F0DB
:1061500093FEFF2001F090FEFC2001F08DFEFF2059
:1061600001F08AFEBDE87040FF2001F085BE2DE9F8
:10617000F0410546069C0F4616469846EE2001F073
:106180007BFE672001F078FE280A01F075FEE8B278
:1061900001F072FE380A01F06FFEF8B201F06CFEF9
:1061A000300A01F069FEF0B201F066FE4FEA1820F5
:1061B00001F062FE08F0FF0001F05EFE200A01F02F
:1061C0005BFEE0B201F058FEFF2001F055FEFC201E
:1061D00001F052FEFF2001F04FFEBDE8F041FF202C
:1061E00001F04ABE2DE9F04104460D4616461F4611
:1061F000EE2001F041FE542001F03EFE200A01F0A5
:106200003BFEE0B201F038FE280A01F035FEE8B2AC
:1062100001F032FE300A01F02FFEF0B201F02CFE48
:10622000380A01F029FEF8B201F026FEFF2001F045
:1062300023FEFC2001F020FEFF2001F01DFEBDE842
:10624000F041FF2001F018BE2DE9F04104460D4653
:1062500016461F46EE2001F00FFE552001F00CFE01
:10626000200A01F009FEE0B201F006FE280A01F062
:1062700003FEE8B201F000FE300A01F0FDFDF0B2CD
:1062800001F0FAFD380A01F0F7FDF8B201F0F4FD73
:10629000FF2001F0F1FDFC2001F0EEFDFF2001F0F8
:1062A000EBFDBDE8F041FF2001F0E6BD2DE9F04136
:1062B00004460D4616461F46EE2001F0DDFD562031
:1062C00001F0DAFD200A01F0D7FDE0B201F0D4FDC3
:1062D000280A01F0D1FDE8B201F0CEFD300A01F04C
:1062E000CBFDF0B201F0C8FD380A01F0C5FDF8B2EF
:1062F00001F0C2FDFF2001F0BFFDFC2001F0BCFD5C
:10630000FF2001F0B9FDBDE8F041FF2001F0B4BD70
:106310002DE9F04104460D4616461F46EE2001F0D9
:10632000ABFD572001F0A8FD200A01F0A5FDE0B269
:1063300001F0A2FD280A01F09FFDE8B201F09CFDEA
:10634000300A01F099FDF0B201F096FD380A01F033
:1063500093FDF8B201F090FDFF2001F08DFDFC20CF
:1063600001F08AFDFF2001F087FDBDE8F041FF202C
:1063700001F082BD10B50446EE2001F07DFD6020E5
:1063800001F07AFD204601F077FDFF2001F074FD59
:10639000FC2001F071FDFF2001F06EFDBDE8104012
:1063A000FF2001F069BD10B50446EE2001F064FD48
:1063B000612001F061FD204601F05EFDFF2001F04B
:1063C0005BFDFC2001F058FDFF2001F055FDBDE80C
:1063D0001040FF2001F050BD2DE9F04104460D466C
:1063E00016461F46EE2001F047FD652001F044FDF2
:1063F000200A01F041FDE0B201F03EFD280A01F063
:106400003BFDE8B201F038FD300A01F035FDF0B295
:1064100001F032FD380A01F02FFDF8B201F02CFD39
:10642000FF2001F029FDFC2001F026FDFF2001F0F6
:1064300023FDBDE8F041FF2001F01EBD10B5002492
:10644000002800D0012409B144F0020412B144EA4A
:106450008200C4B213B144EA4310C4B2EE2001F08A
:106460000BFD702001F008FD204601F005FDFF2026
:1064700001F002FDFC2001F0FFFCFF2001F0FCFC1C
:10648000BDE81040FF2001F0F7BC10B5EE2001F090
:10649000F3FC722001F0F0FCFF2001F0EDFCFC2089
:1064A00001F0EAFCFF2001F0E7FCBDE81040FF200E
:1064B00001F0E2BC10B5EE2001F0DEFC732001F02B
:1064C000DBFCFF2001F0D8FCFC2001F0D5FCFF2014
:1064D00001F0D2FCBDE81040FF2001F0CDBC10B5AA
:1064E000EE2001F0C9FC092001F0C6FCDE2001F01D
:1064F000C3FCED2001F0C0FC132001F0BDFC3120F5
:1065000001F0BAFCFF2001F0B7FCFC2001F0B4FC64
:10651000FF2001F0B1FCBDE81040FF2001F0ACBC51
:1065200010B5EE2001F0A8FC082001F0A5FCA52084
:1065300001F0A2FC5A2001F09FFC5F2001F09CFCBE
:10654000F52001F099FCFF2001F096FCFC2001F001
:1065500093FCFF2001F090FCBDE81040FF2001F00B
:106560008BBC10B50446EE2001F086FCA02001F0A3
:1065700083FC204601F080FCFF2001F07DFCFC2024
:1065800001F07AFCFF2001F077FCBDE81040FF200D
:1065900001F072BC10B50446EE2001F06DFCA120A4
:1065A00001F06AFC204601F067FCFF2001F064FC6A
:1065B000FC2001F061FCFF2001F05EFCBDE8104012
:1065C000FF2001F059BC10B50446EE2001F054FC48
:1065D000A22001F051FC204601F04EFCFF2001F00A
:1065E0004BFCFC2001F048FCFF2001F045FCBDE81D
:1065F0001040FF2001F040BC70B505460C46EE206F
:1066000001F03AFCA42001F037FC284601F034FCEC
:10661000204601F031FCFF2001F02EFCFC2001F0AF
:106620002BFCFF2001F028FCBDE87040FF2001F0AA
:1066300023BC10B50446EE2001F01EFC052001F03D
:106640001BFC204601F018FCFF2001F015FCFC208B
:1066500001F012FCFF2001F00FFCBDE81040FF200C
:1066600001F00ABC2DE9F0478146099D089C0F46C0
:1066700090461E46EE2001F0FFFB852001F0FCFB5A
:10668000484601F0F9FB384601F0F6FB404601F0C0
:10669000F3FB300A01F0F0FBF0B201F0EDFB200A51
:1066A00001F0EAFBE0B201F0E7FB280A01F0E4FBAD
:1066B000E8B201F0E1FBFF2001F0DEFBFC2001F07D
:1066C000DBFBFF2001F0D8FBBDE8F047FF2001F025
:1066D000D3BB70B504460E461546EE2001F0CCFB48
:1066E000872001F0C9FB200E01F0C6FBC4F3074070
:1066F00001F0C2FBC4F3072001F0BEFBE0B201F0E1
:10670000BBFB31462846FFF743F9FF2001F0B4FBFD
:10671000FC2001F0B1FBFF2001F0AEFBBDE87040B2
:10672000FF2001F0A9BB70B504460D46EE2001F034
:10673000A3FB882001F0A0FB200E01F09DFBC4F319
:10674000074001F099FBC4F3072001F095FBE0B28C
:1067500001F092FB280A01F08FFBE8B201F08CFBFC
:10676000FF2001F089FBFC2001F086FBFF2001F0F7
:1067700083FBBDE87040FF2001F07EBB10B5EE202A
:1067800001F07AFBB12001F077FB012001F074FBEE
:10679000FF2001F071FBFC2001F06EFBFF2001F0F7
:1067A0006BFBBDE81040FF2001F066BB10B504464E
:1067B000EE2001F061FBB12001F05EFB002001F052
:1067C0005BFB200A01F058FBE0B201F055FBFF2013
:1067D00001F052FBFC2001F04FFBFF2001F04CFBCD
:1067E000BDE81040FF2001F047BB10B50446EE2085
:1067F00001F042FBB32001F03FFB204601F03CFBDF
:10680000FF2001F039FBFC2001F036FBFF2001F0F6
:1068100033FBBDE81040FF2001F02EBB70B50446ED
:106820000D461646EE2001F027FBB12001F024FBB7
:10683000022001F021FB200A01F01EFBE0B201F072
:106840001BFB280A01F018FBE8B201F015FB3046EB
:1068500001F012FBFF2001F00FFBFC2001F00CFB0C
:10686000FF2001F009FBBDE87040FF2001F004BBF0
:1068700070B504460D461646EE2001F0FDFAB12033
:1068800001F0FAFA032001F0F7FA200A01F0F4FA15
:10689000E0B201F0F1FA280A01F0EEFAE8B201F0F4
:1068A000EBFA304601F0E8FAFF2001F0E5FAFC20AF
:1068B00001F0E2FAFF2001F0DFFABDE87040FF20AE
:1068C00001F0DABA70B504460D461646EE2001F026
:1068D000D3FAB12001F0D0FA042001F0CDFA200A59
:1068E00001F0CAFAE0B201F0C7FA280A01F0C4FACE
:1068F000E8B201F0C1FA304601F0BEFAFF2001F023
:10690000BBFAFC2001F0B8FAFF2001F0B5FABDE8AF
:106910007040FF2001F0B0BA70B504460D4616462F
:10692000EE2001F0A9FAB12001F0A6FA102001F042
:10693000A3FA200A01F0A0FAE0B201F09DFA280AB9
:1069400001F09AFAE8B201F097FA304601F094FAB1
:10695000FF2001F091FAFC2001F08EFAFF2001F0F7
:106960008BFABDE87040FF2001F086BA70B504468E
:106970000D461646EE2001F07FFAB12001F07CFAB8
:10698000102001F079FA200A01F076FAE0B201F065
:1069900073FA280A01F070FAE8B201F06DFA304695
:1069A000FEF7E9FFFF2001F067FAFC2001F064FA2E
:1069B000FF2001F061FABDE87040FF2001F05CBAF1
:1069C0002DE9F0410546069F0E4614469846EE20F6
:1069D00001F052FAB12001F04FFA072001F04CFA11
:1069E000280A01F049FAE8B201F046FA300A01F04B
:1069F00043FAF0B201F040FAB8F1000F01D00120E3
:106A000000E0002001F038FA07F00F0040F08000AD
:106A100001F032FA200E01F02FFAC4F3074001F022
:106A20002BFAC4F3072001F027FAE0B201F024FAB0
:106A3000FF2001F021FAFC2001F01EFAFF2001F0F6
:106A40001BFABDE8F041FF2001F016BA2DE9FF4125
:106A500006462DED020B0D46174698460024EE2003
:106A600001F00AFAB12001F007FA072001F004FA58
:106A7000300A01F001FAF0B201F0FEF9280A01F043
:106A8000FBF9E8B201F0F8F9022001F0F5F907F09E
:106A90000F01B8F1000F01D0802000E00020084372
:106AA00001F0EAF96D46C4F10300285C01F0E4F955
:106AB000601CC4B2042CF6D3FF2001F0DDF9FC20E9
:106AC00001F0DAF9FF2001F0D7F906B0FF20BDE8A8
:106AD000F04101F0D1B970B505460E461446EE20DE
:106AE00001F0CAF9B12001F0C7F9102001F0C4F992
:106AF000280A01F0C1F9E8B201F0BEF9300A01F04C
:106B0000BBF9F0B201F0B8F9200E01F0B5F9C4F309
:106B1000074001F0B1F9C4F3072001F0ADF9E0B28C
:106B200001F0AAF9FF2001F0A7F9FC2001F0A4F977
:106B3000FF2001F0A1F9BDE87040FF2001F09CB9F1
:106B400070B505460E461446EE2001F095F9B120C9
:106B500001F092F9102001F08FF9280A01F08CF968
:106B6000E8B201F089F9300A01F086F9F0B201F0DB
:106B700083F9200E01F080F9C4F3074001F07CF99D
:106B8000C4F3072001F078F9E0B201F075F9FF20B5
:106B900001F072F9FC2001F06FF9FF2001F06CF9AF
:106BA000BDE87040FF2001F067B970B504460D469E
:106BB0001646EE2001F060F9B12001F05DF91020D9
:106BC00001F05AF9200A01F057F9E0B201F054F946
:106BD000280A01F051F9E8B201F04EF9300A01F04B
:106BE0004BF9F0B201F048F9FF2001F045F9FC2023
:106BF00001F042F9FF2001F03FF9BDE87040FF20AD
:106C000001F03AB970B505460E461446EE2001F083
:106C100033F9B12001F030F9102001F02DF9280AE4
:106C200001F02AF9E8B201F027F9300A01F024F95D
:106C3000F0B201F021F9200E01F01EF9C4F3074073
:106C400001F01AF9C4F3072001F016F9E0B201F0DF
:106C500013F9FF2001F010F9FC2001F00DF9FF20DD
:106C600001F00AF9BDE87040FF2001F005B970B5E8
:106C700004460D461646EE2001F0FEF8B12001F064
:106C8000FBF8102001F0F8F8200A01F0F5F8E0B266
:106C900001F0F2F8280A01F0EFF8E8B201F0ECF8A0
:106CA000304601F0E9F8FF2001F0E6F8FC2001F0A1
:106CB000E3F8FF2001F0E0F8BDE87040FF2001F0AC
:106CC000DBB870B504460D46EE2001F0D5F8B120D2
:106CD00001F0D2F8112001F0CFF8200A01F0CCF831
:106CE000E0B201F0C9F8280A01F0C6F8E8B201F0F4
:106CF000C3F8FF2001F0C0F8FC2001F0BDF8FF2030
:106D000001F0BAF8BDE87040FF2001F0B5B870B5E9
:106D100004460D46EE2001F0AFF8B12001F0ACF8CA
:106D2000202001F0A9F8200A01F0A6F8E0B201F055
:106D3000A3F8280A01F0A0F8E8B201F09DF8FF20BE
:106D400001F09AF8FC2001F097F8FF2001F094F888
:106D5000BDE87040FF2001F08FB870B504460D46C5
:106D6000EE2001F089F8B12001F086F8212001F031
:106D700083F8200A01F080F8E0B201F07DF8280ADB
:106D800001F07AF8E8B201F077F8FF2001F074F82A
:106D9000FC2001F071F8FF2001F06EF8BDE87040B2
:106DA000FF2001F069B870B504460D46EE2001F0F1
:106DB00063F8B12001F060F8222001F05DF8200AAC
:106DC00001F05AF8E0B201F057F8280A01F054F83F
:106DD000E8B201F051F8FF2001F04EF8FC2001F07C
:106DE0004BF8FF2001F048F8BDE87040FF2001F0AB
:106DF00043B870B504460D461646EE2001F03CF847
:106E0000B12001F039F8232001F036F8200A01F012
:106E100033F8E0B201F030F8280A01F02DF8E8B2BA
:106E200001F02AF8304601F027F8FF2001F024F89D
:106E3000FC2001F021F8FF2001F01EF8BDE87040B1
:106E4000FF2001F019B870B504460D46EE2001F0A0
:106E500013F8B12001F010F8242001F00DF8200AF9
:106E600001F00AF8E0B201F007F8280A01F004F88E
:106E7000E8B201F001F8FF2000F0FEFFFC2000F076
:106E8000FBFFFF2000F0F8FFBDE87040FF2000F09E
:106E9000F3BF70B504460D46EE2000F0EDFFB120C3
:106EA00000F0EAFF252000F0E7FF200A00F0E4FFF1
:106EB000E0B200F0E1FF280A00F0DEFFE8B200F0E7
:106EC000DBFFFF2000F0D8FFFC2000F0D5FFFF2003
:106ED00000F0D2FFBDE87040FF2000F0CDBF2DE9EB
:106EE000F04104460D4617461E46EE2000F0C4FF52
:106EF000B12000F0C1FF302000F0BEFF200A00F0FA
:106F0000BBFFE0B200F0B8FF280A00F0B5FFE8B21E
:106F100000F0B2FF384600F0AFFF300A00F0ACFFDF
:106F2000F0B200F0A9FFFF2000F0A6FFFC2000F067
:106F3000A3FFFF2000F0A0FFBDE8F041FF2000F01C
:106F40009BBF70B504460D461646EE2000F094FF38
:106F5000B12000F091FF312000F08EFF200A00F0F8
:106F60008BFFE0B200F088FF280A00F085FFE8B24E
:106F700000F082FF304600F07FFFFF2000F07CFF32
:106F8000FC2000F079FFFF2000F076FFBDE87040A4
:106F9000FF2000F071BF2DE9F0410546069C0E462A
:106FA00017469846EE2000F067FFB12000F064FF1E
:106FB000322000F061FF280A00F05EFFE8B200F026
:106FC0005BFF300A00F058FFF0B200F055FF384682
:106FD00000F052FF200A00F04FFFE0B200F04CFF3B
:106FE00021464046FEF7D4FCFF2000F045FFFC2080
:106FF00000F042FFFF2000F03FFFBDE8F041FF201E
:1070000000F03ABF70B504460D461646EE2000F07B
:1070100033FFB12000F030FF332000F02DFF200AB5
:1070200000F02AFFE0B200F027FF280A00F024FF5A
:10703000E8B200F021FF304600F01EFFFF2000F014
:107040001BFFFC2000F018FFFF2000F015FFBDE83B
:107050007040FF2000F010BF2DE9F0470646099D63
:10706000089C0F4691469846EE2000F005FFB1209F
:1070700000F002FF342000F0FFFE300A00F0FCFEBA
:10708000F0B200F0F9FE380A00F0F6FEF8B200F0B7
:10709000F3FEC9F3072000F0EFFE09F0FF0000F057
:1070A000EBFE4FEA182000F0E7FE08F0FF0000F0CA
:1070B000E3FEC4F3072000F0DFFEE0B200F0DCFEE8
:1070C000280A00F0D9FEE8B200F0D6FEFF2000F05A
:1070D000D3FEFC2000F0D0FEFF2000F0CDFEBDE886
:1070E000F047FF2000F0C8BE10B50446EE2000F0C7
:1070F000C3FEB12000F0C0FE122000F0BDFE200A49
:1071000000F0BAFEE0B2BDE8104000F0B5BE70B5C8
:1071100004460D46200A00F0AFFEE0B200F0ACFEDF
:10712000002000F0A9FE012000F0A6FE2846BDE8E0
:10713000704000F0A1BE70B505460C46280A00F06C
:107140009BFEE8B200F098FE002000F095FE0420BF
:1071500000F092FE200E00F08FFEC4F3074000F016
:107160008BFEC4F3072000F087FEE0B2BDE870405C
:1071700000F082BE70B505460C46280A00F07CFE81
:10718000E8B200F079FE002000F076FE042000F066
:1071900073FE200E00F070FEC4F3074000F06CFE9A
:1071A000C4F3072000F068FEE0B2BDE8704000F0D4
:1071B00063BE70B505460C46280A00F05DFEE8B2D5
:1071C00000F05AFE002000F057FE042000F054FEAC
:1071D000200E00F051FEC4F3074000F04DFEC4F352
:1071E000072000F049FEE0B2BDE8704000F044BE68
:1071F00002460178002903D0401C01780029FBD108
:10720000801A704770B504460D46200A00F034FE1F
:10721000E0B200F031FE2846FFF7EAFFC0F3072096
:1072200000F02AFE2846FFF7E3FFC0B200F024FE7C
:107230002846BDE87040FEF79EBB70B504460D467B
:10724000200A00F019FEE0B200F016FE002000F067
:1072500013FE022000F010FE280A00F00DFEE8B236
:10726000BDE8704000F008BE70B504460D46200A27
:1072700000F002FEE0B200F0FFFD012000F0FCFD96
:107280002846BDE8704000F0F7BD70B504460D46D5
:10729000200A00F0F1FDE0B200F0EEFD022000F067
:1072A000EBFD2846BDE8704000F0E6BD10B5FF20BC
:1072B00000F0E2FDFC2000F0DFFDFF2000F0DCFD2F
:1072C000BDE81040FF2000F0D7BD70B505460E4662
:1072D0001446EE2000F0D0FDB12000F0CDFD40209E
:1072E00000F0CAFD280A00F0C7FDE8B200F0C4FDB6
:1072F000300A00F0C1FDF0B200F0BEFD200E00F03B
:10730000BBFDC4F3074000F0B7FDC4F3072000F055
:10731000B3FDE0B200F0B0FDFF2000F0ADFDFC20B9
:1073200000F0AAFDFF2000F0A7FDBDE87040FF209F
:1073300000F0A2BD70B504460D46EE2000F09CFDA5
:10734000B12000F099FD412000F096FD200A00F0E8
:1073500093FDE0B200F090FD280A00F08DFDE8B248
:1073600000F08AFDFF2000F087FDFC2000F084FD86
:10737000FF2000F081FDBDE87040FF2000F07CBDE3
:1073800070B504460D46EE2000F076FDB12000F009
:1073900073FD422000F070FD200A00F06DFDE0B2A8
:1073A00000F06AFD280A00F067FDE8B200F064FD15
:1073B000FF2000F061FDFC2000F05EFDFF2000F0EA
:1073C0005BFDBDE87040FF2000F056BD70B504467F
:1073D0000D46EE2000F050FDB12000F04DFD4420A0
:1073E00000F04AFD200A00F047FDE0B200F044FD45
:1073F000280A00F041FDE8B200F03EFDFF2000F059
:107400003BFDFC2000F038FDFF2000F035FDBDE81D
:107410007040FF2000F030BD70B504460D461646A2
:10742000EE2000F029FDB12000F026FD182000F02C
:1074300023FD200A00F020FDE0B200F01DFD280A27
:1074400000F01AFDE8B200F017FD300A00F014FD5C
:10745000F0B200F011FDFF2000F00EFDFC2000F066
:107460000BFDFF2000F008FDBDE87040FF2000F09C
:1074700003BD70B504460D461646EE2000F0FCFC38
:10748000B12000F0F9FC192000F0F6FC200A00F011
:10749000F3FCE0B200F0F0FC280A00F0EDFCE8B2EA
:1074A00000F0EAFC300A00F0E7FCF0B200F0E4FC87
:1074B000FF2000F0E1FCFC2000F0DEFCFF2000F0EB
:1074C000DBFCBDE87040FF2000F0D6BC2DE9F041A8
:1074D00004460D4617461E46EE2000F0CDFCB120B6
:1074E00000F0CAFC132000F0C7FC200A00F0C4FC26
:1074F000E0B200F0C1FC280A00F0BEFCE8B200F0E7
:10750000BBFC384600F0B8FC300A00F0B5FCF0B225
:1075100000F0B2FCFF2000F0AFFCFC2000F0ACFC5F
:10752000FF2000F0A9FCBDE8F041FF2000F0A4BC62
:107530002DE9F0478146099F089E0C46154698465E
:10754000EE2000F099FC862000F096FC484600F002
:1075500093FC200A00F090FCE0B200F08DFC280AB9
:1075600000F08AFCE8B200F087FC404600F084FCA2
:10757000304600F081FC384600F07EFCFF2000F031
:107580007BFCFC2000F078FCFF2000F075FCBDE8DF
:10759000F047FF2000F070BC10B50446002901D070
:1075A00044F08004EE2000F067FCC12000F064FC91
:1075B000204600F061FC04F1C100C0B200F05CFCA8
:1075C000FF2000F059FCFC2000F056FCFF2000F0EA
:1075D00053FCBDE81040FF2000F04EBC70B50446DF
:1075E0000D46EE2000F048FCB12000F045FCAA203A
:1075F00000F042FC200E00F03FFCC4F3074000F016
:107600003BFCC4F3072000F037FCE0B200F034FC90
:10761000280E00F031FCC5F3074000F02DFCC5F347
:10762000072000F029FCE8B2BDE8704000F024BC5F
:1076300070B504460D46200A00F01EFCE0B200F0D2
:107640001BFC280A00F018FCE8B2BDE8704000F00E
:1076500013BC10B5FF2000F00FFCFC2000F00CFC68
:10766000FF2000F009FCBDE81040FF2000F004BC42
:1076700070B504460D46EE2000F0FEFBB12000F090
:10768000FBFBAB2000F0F8FB200E00F0F5FBC4F391
:10769000074000F0F1FBC4F3072000F0EDFBE0B27F
:1076A00000F0EAFB280E00F0E7FBC5F3074000F00E
:1076B000E3FBC5F3072000F0DFFBE8B200F0DCFBE2
:1076C000FF2000F0D9FBFC2000F0D6FBFF2000F0EB
:1076D000D3FBBDE87040FF2000F0CEBB2DE9F041A8
:1076E00004460D4616461F46EE2000F0C5FBB120AD
:1076F00000F0C2FB602000F0BFFB200A00F0BCFBE2
:10770000E0B200F0B9FB280A00F0B6FBE8B200F0E6
:10771000B3FB39463046FEF73BF9FF2000F0ACFBE7
:10772000FC2000F0A9FBFF2000F0A6FBBDE8F04123
:10773000FF2000F0A1BB2DE9F04104460D4616469E
:107740001F46EE2000F098FBB12000F095FB602072
:1077500000F092FB200A00F08FFBE0B200F08CFBFF
:10776000280A00F089FBE8B200F086FB3946304673
:10777000FEF71CF9FF2000F07FFBFC2000F07CFBF3
:10778000FF2000F079FBBDE8F041FF2000F074BB62
:107790002DE9F0410746884615461E460024EE2096
:1077A00000F06AFBB12000F067FB602000F064FB92
:1077B000380A00F061FBF8B200F05EFB4FEA1820D7
:1077C00000F05AFB08F0FF0000F056FB002E18D91D
:1077D00055F82400000E00F04FFB55F82400C0F3CC
:1077E000074000F049FB35F82400C0F3072000F003
:1077F00043FB15F8240000F03FFB601CC4B2B44208
:10780000E6D3FF2000F038FBFC2000F035FBFF2022
:1078100000F032FBBDE8F041FF2000F02DBB2DE968
:10782000F04180460C4617461E460025EE2000F02B
:1078300023FBB12000F020FB602000F01DFB4FEA8D
:10784000182000F019FB08F0FF0000F015FB200ADB
:1078500000F012FBE0B200F00FFB002E13D957F836
:107860002540200E00F008FBC4F3074000F004FBA5
:10787000C4F3072000F000FBE0B200F0FDFA681C42
:10788000C5B2B542EBD3FF2000F0F6FAFC2000F0C1
:10789000F3FAFF2000F0F0FABDE8F041FF2000F01D
:1078A000EBBA70B504460D461646EE2000F0E4FA39
:1078B000B12000F0E1FA612000F0DEFA200A00F0C9
:1078C000DBFAE0B200F0D8FA280A00F0D5FAE8B204
:1078D00000F0D2FA304600F0CFFAFF2000F0CCFAE8
:1078E000FC2000F0C9FAFF2000F0C6FABDE87040A5
:1078F000FF2000F0C1BA2DE9F04104460D461646BE
:107900001F46EE2000F0B8FAB12000F0B5FA622070
:1079100000F0B2FA200A00F0AFFAE0B200F0ACFAE0
:10792000280A00F0A9FAE8B200F0A6FA304600F002
:10793000A3FA384600F0A0FAFF2000F09DFAFC20E0
:1079400000F09AFAFF2000F097FABDE8F041FF201E
:1079500000F092BA70B504460D461646EE2000F0CF
:107960008BFAB12000F088FA632000F085FA200A33
:1079700000F082FAE0B200F07FFA280A00F07CFA08
:10798000E8B200F079FA002000F076FA300A00F050
:1079900073FAF0B200F070FAFF2000F06DFAFC20EC
:1079A00000F06AFAFF2000F067FABDE87040FF209F
:1079B00000F062BA70B504460D46EE2000F05CFAA5
:1079C000B12000F059FA632000F056FA200A00F0C6
:1079D00053FAE0B200F050FA280A00F04DFAE8B28B
:1079E00000F04AFA012000F047FAFF2000F044FAC4
:1079F000FC2000F041FAFF2000F03EFABDE87040A4
:107A0000FF2000F039BA2DE9F0410546069C0F46EB
:107A100016469846EE2000F02FFAB12000F02CFA1E
:107A2000632000F029FA280A00F026FAE8B200F0F4
:107A300023FA380A00F020FAF8B200F01DFA02200A
:107A400000F01AFA300A00F017FAF0B200F014FA57
:107A50004FEA182000F010FA08F0FF0000F00CFACE
:107A6000200A00F009FAE0B200F006FAFF2000F068
:107A700003FAFC2000F000FAFF2000F0FDF9BDE859
:107A8000F041FF2000F0F8B92DE9F04106460F461D
:107A900090461D460024EE2000F0EEF9B12000F0E3
:107AA000EBF9502000F0E8F9300A00F0E5F9F0B207
:107AB00000F0E2F9380A00F0DFF9F8B200F0DCF982
:107AC0004FEA182000F0D8F908F0FF0000F0D4F9D0
:107AD00035B1285D00F0D0F9601CC4B2072CF8D392
:107AE000FF2000F0C9F9FC2000F0C6F9FF2000F0EB
:107AF000C3F9BDE8F041FF2000F0BEB92DE9F04127
:107B000006460F4690461D460024EE2000F0B4F9CC
:107B1000B12000F0B1F9512000F0AEF9300A00F0C8
:107B2000ABF9F0B200F0A8F9380A00F0A5F9F8B204
:107B300000F0A2F94FEA182000F09EF908F0FF00CB
:107B400000F09AF935B1285D00F096F9601CC4B2D6
:107B5000072CF8D3FF2000F08FF9FC2000F08CF9FF
:107B6000FF2000F089F9BDE8F041FF2000F084B962
:107B700070B504460D461646EE2000F07DF9B120A2
:107B800000F07AF9522000F077F9200A00F074F939
:107B9000E0B200F071F9280A00F06EF9E8B200F0E6
:107BA0006BF93046FDF7E7FEFF2000F065F9FC2099
:107BB00000F062F9FF2000F05FF9BDE87040FF209F
:107BC00000F05AB970B504460D46EE2000F054F9A5
:107BD000B12000F051F9532000F04EF9200A00F0D6
:107BE0004BF9E0B200F048F9280A00F045F9E8B294
:107BF00000F042F9FF2000F03FF9FC2000F03CF9D2
:107C0000FF2000F039F9BDE87040FF2000F034B9E2
:107C100070B504460D461646EE2000F02DF9B12051
:107C200000F02AF9542000F027F9200A00F024F986
:107C3000E0B200F021F9280A00F01EF9E8B200F0E5
:107C40001BF9300A00F018F9F0B200F015F9FF2026
:107C500000F012F9FC2000F00FF9FF2000F00CF901
:107C6000BDE87040FF2000F007B970B504460D462E
:107C7000EE2000F001F9B12000F0FEF8552000F0F0
:107C8000FBF8200A00F0F8F8E0B200F0F5F8280A56
:107C900000F0F2F8E8B200F0EFF8FF2000F0ECF8A6
:107CA000FC2000F0E9F8FF2000F0E6F8BDE87040A5
:107CB000FF2000F0E1B810B5EE2000F0DDF88220E2
:107CC00000F0DAF8FF2000F0D7F8FC2000F0D4F83C
:107CD000FF2000F0D1F8BDE81040FF2000F0CCB844
:107CE00070B505460024EE2000F0C6F835B1285DD9
:107CF00000F0C2F8601CC4B2132CF8D3FF2000F0CF
:107D0000BBF8FC2000F0B8F8FF2000F0B5F8BDE8A3
:107D10007040FF2000F0B0B810B50446642C00D3CA
:107D20006424EE2000F0A8F8932000F0A5F8204687
:107D300000F0A2F8FF2000F09FF8FC2000F09CF873
:107D4000FF2000F099F8BDE81040FF2000F094B843
:107D500070B505460C46032C00D30324EE2000F03A
:107D60008BF8902000F088F8012000F085F8280AB0
:107D700000F082F8E8B200F07FF8204600F07CF8CE
:107D8000FF2000F079F8FC2000F076F8FF2000F0EA
:107D900073F8BDE87040FF2000F06EB810B5EE201B
:107DA00000F06AF8022000F067F8FF2000F064F8A5
:107DB000FC2000F061F8FF2000F05EF8BDE8104004
:107DC000FF2000F059B810B5EE2000F055F8032060
:107DD00000F052F8FF2000F04FF8FC2000F04CF8C3
:107DE000FF2000F049F8BDE81040FF2000F044B843
:107DF00010B5EE2000F040F8002000F03DF8FF2024
:107E000000F03AF8FC2000F037F8FF2000F034F8DA
:107E1000BDE81040FF2000F02FB810B5EE2000F0B4
:107E20002BF8072000F028F8352000F025F85A201C
:107E300000F022F8532000F01FF8A52000F01CF8F5
:107E4000FF2000F019F8FC2000F016F8FF2000F0E9
:107E500013F8BDE81040FF2000F00EB810B5012265
:107E60002749284817F02CF9BDE81040264B282256
:107E700026A12DA02AF0DEB901B54FF47A730122B4
:107E80006946204817F02BF8002805D02F4B3322E5
:107E90001EA12FA02AF0CEF908BD10B50068A0F1F0
:107EA0008041B1F590410AD115480078FDF7FAFC00
:107EB000BDE8104001221249124817F001B910BD67
:107EC00010B50068A0F18041B1F590410AD10C488D
:107ED0000078FDF7E7FCBDE8104001220849094899
:107EE00017F0EEB810BD0068A0F18041B1F59041E7
:107EF00004D101220249034817F0E2B8704700009C
:107F00002CC00120A4C201207D6604082E2E5C2E08
:107F10002E5C6463486D695C686D69557365725564
:107F20006172742E6300000025732C25642C257368
:107F30003A737461727420686D692075617274207F
:107F4000696E69742E2E2E2E2E2E0A008966040864
:107F500025732C25642C25733A686D692075617230
:107F6000742074782074696D656F757421212121E6
:107F70000A0000007047704770477047F8B5012548
:107F8000C4A293210D20FEF7F1FC4FF4487019F0C4
:107F90000EFC0022C8A1C9481EF039FEC84EB070C0
:107FA00050B10146C7A02AF045F9CFA293210D2078
:107FB000FEF7DCFC0020F8BD41F2707019F0F7FB11
:107FC0000122D2A1D5481EF06CFEB070002810D05E
:107FD0000122B9A100201EF01AFEB278CBA1D0A0D8
:107FE0002AF028F9DCA293210D20FEF7BFFC002027
:107FF000F8BD00221346C9481FF05CFBC748016961
:1080000043690020D1F58031984112D2C3481FF056
:1080100037FB0122A8A100201EF0F9FDBBA1D64824
:108020002AF008F9D5A293210D20FEF79FFC00202D
:10803000F8BD4FF4487019F0BAFB0020B060F9F7B2
:10804000A3FB4FF00064FF224FF6FF71D4482AF0E3
:1080500029FC6B464FF6FF72D149B0481FF003F878
:10806000CF480099F9F76AFBB0600098B0F5804FEF
:1080700000D200250444002DEBD1A8481FF000FBDE
:1080800001228DA100201EF0C2FDC64DAC4206D2D9
:10809000FF20F9F76DFBB060641CAC42F8D3C24816
:1080A000B268016891420DD1C0A02AF0C3F8CFA2F6
:1080B00093210D20FEF75AFC4FF4487019F077FB1E
:1080C0000020F8BDD0482AF0B5F8D0A293210D20A9
:1080D000FEF74CFC01224FF49C710D20FEF7C8FB0B
:1080E000012240F239110D20FEF7C2FB01224FF4AC
:1080F0009C710D20FEF7E6FB012240F239110D20A4
:10810000FEF7E0FB4FF4487019F051FB0120F8BD79
:1081100070B519F0FEFA72B600204FF0E021086148
:108120000FF01AFDC249C148086007F02DF948B1A7
:10813000C0A02AF07FF8BDE870409321C9A20D20AD
:10814000FEF714BC4FF44870FBF75AFE4FF4803131
:10815000C802FBF7C0F8002813D0CAA02AF06AF8BA
:10816000D2A293210D20FEF701FC44F62060FBF71C
:1081700047FED5A293210D20FEF7F8FB0024884D81
:1081800009E0D9A02AF056F8BDE870409321B5A2C5
:108190000D20FEF7EBBB295904F1006007F024F92C
:1081A00010B1DAA02AF046F8241DB4F5803FF2D3CE
:1081B0000FF0E3FCE2A02AF03DF8EBA293210D20A2
:1081C000FEF7D4FB4FF44870FBF71AFEEDA02AF03F
:1081D00031F8F7A293210D20FEF7C8FBFCF742FD12
:1081E000714C206047F23050FBF70AFE344821689A
:1081F0008268914208D1F6482AF01CF8F5A2932132
:108200000D20FEF7B3FB0FE0FE482AF013F8FEA2A4
:1082100093210D20FEF7AAFB40481FF031FA0122FE
:1082200025A100201EF0F3FCF9F7BEFAFEE710B519
:108230003A481FF025FA01221FA100201EF0E7FC9A
:108240004FF4967019F0B3FA54A293210D20FEF763
:108250008DFB00224FF49C710D20FEF709FB0022DC
:1082600040F239110D20FEF703FB00224FF49C7100
:108270000D20FEF727FB002240F239110D20FEF7FA
:1082800021FB0122BDE8104040F237110D20FEF71E
:1082900019BB0000506C65617365205374616E6496
:1082A00062792C446F204E6F7420506F7765722076
:1082B0004F66662121000000303A0000084D002082
:1082C00038000020426F6F746C6F616465723A4DC4
:1082D0006F756E7420466174667320657272726F7A
:1082E000723A2564210A00004D6F756E7420757313
:1082F00062206469736B20657272726F722C65788C
:108300006974207570646174652100002F626F6F5D
:10831000746C6F61642E62696E000000484F00202B
:10832000426F6F744C6F616465723A4F70656E2076
:108330002573206661696C2C756E6D6F756E742087
:10834000757362206469736B2C45434F44453D301F
:108350007825303258480A004F70656E2066696C87
:108360006520657272726F722C6578697420757001
:108370006461746521000000FC73040846696C6543
:10838000206973206F766572206C656E6774682C47
:10839000657869742075706461746521000000005F
:1083A00000000010FFFF00081CC00120426F6F7426
:1083B0004C6F616465723A6F6C6420637263253040
:1083C00038583A20616E64206E6577206372633A94
:1083D000253038582069732073616D652C736B6983
:1083E0007020757064617465210A000046696C65CF
:1083F0002069732073616D652C736B6970207570D3
:10840000646174652E2E2E00B0730408436F6E668F
:1084100069726D207570646174652E2E2E594553F6
:10842000204F52204E4F21212100000091000100D9
:108430000C3C0240426F6F744C6F616465723A4548
:108440007261736520626F6F746C6F616420666126
:10845000696C2C2047616D654F7665722121212161
:10846000210A0000457261736520626F6F746C6F42
:108470006164206661696C2C47616D65204F76658B
:1084800072210000426F6F746C6F616465723A45CF
:1084900072617365206D637520626F6F6C6F6164CC
:1084A000207375636573732E0A0000004572617353
:1084B0006520626F6F746C6F6164207375636573A0
:1084C0007366756C2E2E2E00537461727420757055
:1084D00064617465206E657720626F6F746C6F6184
:1084E000642E2E2E00000000426F6F746C6F61646A
:1084F00065723A4572617365206D637520626F6FB6
:108500006C6F6164206661696C2E0A00426F6F7443
:108510004C6F616465723A7772697465206D63753A
:1085200020626F6F746C6F6164206661696C2C47A8
:10853000616D654F76657221212121210A000000BD
:10854000426F6F744C6F616465723A557064617408
:1085500065206E657720626F6F746C6F6164206454
:108560006F6E652E2E2E0A00557064617465206E44
:10857000657720626F6F746C6F616420646F6E65E5
:108580002E2E2E00426F6F744C6F616465723A53E9
:108590007461727420636865636B73756D206E65BA
:1085A0007720626F6F746C6F61642E2E2E0A00004C
:1085B000537461727420636865636B73756D206EAC
:1085C000657720626F6F746C6F61642E2E2E0000D1
:1085D00040740408436865636B73756D20626F6F48
:1085E000746C6F616420706173732C706F77657247
:1085F000206379636C652074686520737973746592
:108600006D00000060730408436865636B73756DEB
:1086100020626F6F746C6F6164206661696C2C47B7
:10862000616D65204F7665722121210000B583B010
:108630004622EF494FF4EC50FAF788FC1122EC493E
:10864000EC4811F0BAFE029002A941F67850FAF710
:1086500000FC02980090E84BFA22E8A1EEA029F075
:10866000E9FD03B000BD38B54622E1494FF4EC50B6
:10867000FAF712FC694641F67850FAF785FB1122A9
:10868000DB49DC4811F099FE009981423FD0F24B62
:10869000BA22DAA1F1A029F0CDFDEF4BBB22D7A180
:1086A000F9A029F0C7FDD24C06202080142161805A
:1086B0002021A1802D21E180382121814221618169
:1086C0004821A1815121E1815721218264216182C8
:1086D0004FF41671A4F8421040F2E97121876087C7
:1086E0000820A087F2A104F1280029F0AFFD5A204C
:1086F00084F83F0084F83E0084F840001E2084F88F
:108700004100012084F84400FFF790FF38BDD24BB0
:10871000F222BAA1E9A029F08DFD38BD10B50446BA
:10872000224602210820FEF7CDF80120FBF768FB66
:10873000224603210820FEF7C5F80120FBF760FB65
:10874000224604210820FEF7BDF80120FBF758FB64
:10875000224605210820FEF7B5F80120FBF750FB63
:10876000224606210820FEF7ADF80120FBF748FB62
:10877000224607210820FEF7A5F80120FBF740FB61
:10878000082122460846FEF79DF80120FBF738FB3A
:10879000224609210820FEF795F80120FBF730FB5F
:1087A00022460C210820FEF78DF80120FBF728FB5C
:1087B00022460D210820FEF785F80120FBF720FB5B
:1087C00022460E21BDE810400820FEF77BB810B508
:1087D0000446E2B263210620FEF74AF8E2B26321C2
:1087E000BDE810400720FEF743B810B5C4B04FF401
:1087F000807104A82AF080F8BA4CB4F97A0AB4F966
:10880000781AB4F91425B4F9123502910390009343
:108810000192B4F91035B4F90E25B3A104A829F0DA
:1088200015FDB4F93405062807D0072803D104AA9A
:108830006321FEF79BF844B010BD04AA6321062013
:10884000FEF794F844B010BD30B52DED028BC3B0E7
:108850000024674DB2EE048A4FF4807102A82AF01A
:108860004BF835F8140000EE100AF8EE400A80EEDE
:10887000880A10EE100A2DF045FA41EC100BA7A162
:1088800053EC102B02A829F0E1FC02AA04F16401C8
:108890000D20FEF76BF8601CC4B20A2CDCD3002458
:1088A0004FF4807102A82AF027F805EB4400808A73
:1088B00000EE100AF8EE400A80EE880A10EE100A68
:1088C0002DF020FA41EC100B94A153EC102B02A8D0
:1088D00029F0BCFC02AA04F16E010D20FEF746F857
:1088E000601CC4B20A2CDBD300240094B5F93820F4
:1088F00001238C210D20FEF763F80094B5F93A208E
:1089000001238D210D20FEF75BF80094B5F93C2082
:1089100001238E210D20FEF753F805F128028F2147
:108920000D20FEF723F8009495F93E2001239021B5
:108930000D20FEF745F8009495F93F200123912181
:108940000D20FEF73DF8009495F940200123922177
:108950000D20FEF735F8009495F94120012394216C
:108960000D20FEF72DF80094B5F942200123952142
:108970000D20FEF725F8012240F237110D20FDF7FA
:10898000A1FF002240F237110D20FDF7C5FF0022A4
:108990004FF49C710D20FDF795FF002240F2391134
:1089A0000D20FDF78FFF00224FF49C710D20FDF785
:1089B0005FFF002240F239110D20FDF759FF002220
:1089C00093210D20FDF754FF12A293210D20FDF7F6
:1089D000CDFF95F8440048B100224FF49D710D2061
:1089E000FDF79AFF43B0BDEC028B30BD9AE000006A
:1089F000ECC2012008000020AA6604082E2E5C2E7E
:108A00002E5C4D61696E4170705C6463486D6941B4
:108A100070702E630000000025732C25642C2573D4
:108A20003A736176652064657669636520636F6E6D
:108A300066696720746F206570726F6D20646F6E59
:108A4000652E2E2E28434647204352433A30782540
:108A5000303858290A0000009966040825732C252F
:108A6000642C25733A6C6F61642064657669636574
:108A700020636F6E66696720637263206661696C4C
:108A80002121210A0000000025732C25642C257368
:108A90003A7573696E672064656661756C742064ED
:108AA000657669636520636F6E666967210A0000F9
:108AB000585858582D5858585800000025732C25E0
:108AC000642C25733A6C6F61642064657669636514
:108AD00020636F6E66696720646F6E652E2E2E0AA6
:108AE00000000000480300204C543A253035642C27
:108AF00048543A253035642C42543A253035642C9C
:108B00004D543A253035642C4650443A253035646E
:108B10002C4C50443A2530356400000025342E3169
:108B20006600000001224FF49D710D20FDF7F4FE58
:108B300043B0BDEC028B30BD2DE9F041CAB04FF41B
:108B400080710AA829F0D8FEFE4CB4F9740AB4F971
:108B5000721AB4F9702AB4F96E3A0293039204912E
:108B60000590B4F96C0AB4F96A1A00910190B4F94D
:108B7000683AB4F9662AF4A10AA829F067FB0AAAA0
:108B800001210D20FDF7F2FE4FF480710AA829F0B3
:108B9000B3FEB4F9840AB4F9821AB4F9802AB4F99C
:108BA0007E3A0293039204910590B4F97C0AB4F9D9
:108BB0007A1A00910190B4F9783AB4F9762AF24918
:108BC0000AA829F043FB0AAA02210D20FDF7CEFED8
:108BD0004FF480710AA829F08FFEB4F99A1AB4F9FB
:108BE000980AB4F9962AB4F9943A0293039205913B
:108BF0000490B4F9920AB4F9901A00910190B4F972
:108C00008E3AB4F98C2AE1A10AA829F01FFB0AAA1E
:108C100003210D20FDF7AAFE4FF480710AA829F068
:108C20006BFE45F28410F8F70EFE064645F2811001
:108C3000F8F709FE05464FF4A340F8F704FE804616
:108C400045F28210F8F7FFFD074645F28310F8F76A
:108C5000FAFD0246B4F97A0AB4F9781AB4F914356F
:108C6000B4F912C50693CDF814C007910890B4F971
:108C70001005B4F90E15039104903B46CDF8008021
:108C800002960195D1490AA829F0E0FA0AAA04211E
:108C90000D20FDF76BFE4FF480710AA829F02CFE21
:108CA000B4F918050090B4F91635B4F99A2AC8A198
:108CB0000AA829F0CBFA0AAA11210D20FDF756FEC9
:108CC0004FF480710AA829F017FE45F2A960F8F761
:108CD000BAFD044645F2A860F8F7B5FD0246234602
:108CE000C2A10AA829F0B2FA0AAA16210D20FDF79E
:108CF0003DFE4AB0BDE8F08110B50B20FEF7F4F957
:108D000000210420FEF703FA00210520FEF7FFF9F9
:108D100000210620FEF7FBF900210720FEF7F7F9F6
:108D200000210820FEF7F3F900210920FEF7EFF9F2
:108D300000210A20FEF7EBF900210B20FEF7E7F9EE
:108D400000210C20FEF7E3F900210D20FEF7DFF9EA
:108D500000210E20FEF7DBF900210F20FEF7D7F9E6
:108D600000211020FEF7D3F900211120FEF7CFF9E2
:108D700000211220FEF7CBF900211320FEF7C7F9DE
:108D8000BDE81040FEF792BA30B5C1B004460D46BA
:108D90004FF48071684629F0AFFD002C40F03F830E
:108DA000984C102D80F28881204629F0E5FC6C2833
:108DB00009D86C222146684629F0FDFC6A46142138
:108DC0000B20FDF7D3FD04F1800029F0D5FC6C28C1
:108DD0000AD86C2204F18001684629F0ECFC6A464E
:108DE00015210B20FDF7C2FD04F5807029F0C4FCAD
:108DF0006C280AD86C2204F58071684629F0DBFCE7
:108E00006A4616210B20FDF7B1FD04F5C07029F06C
:108E1000B3FC6C280AD86C2204F5C071684629F0AE
:108E2000CAFC6A4617210B20FDF7A0FD04F500706F
:108E300029F0A2FC6C280AD86C2204F5007168465F
:108E400029F0B9FC6A4618210B20FDF78FFD04F5C7
:108E5000207029F091FC6C280AD86C2204F520714E
:108E6000684629F0A8FC6A4619210B20FDF77EFD13
:108E700004F5407029F080FC6C280AD86C2204F5B7
:108E80004071684629F097FC6A461A210B20FDF7CD
:108E90006DFD04F5607029F06FFC6C280AD86C2217
:108EA00004F56071684629F086FC6A461B210B2098
:108EB000FDF75CFD04F5806029F05EFC6C280AD8A3
:108EC0006C2204F58061684629F075FC6A461C2115
:108ED0000B20FDF74BFD04F5906029F04DFC6C284C
:108EE0000AD86C2204F59061684629F064FC6A4651
:108EF0001D210B20FDF73AFD04F5A06029F03CFC94
:108F00006C280AD86C2204F5A061684629F053FC4D
:108F10006A461E210B20FDF729FD04F5B06029F0FB
:108F20002BFC6C280AD86C2204F5B061684629F045
:108F300042FC6A461F210B20FDF718FD04F5C060B6
:108F400062E000004803002041303A253035642CAF
:108F500041313A253035642C41323A253035642C84
:108F600041333A253035642C41343A253035642C70
:108F700041353A253035642C41363A253035642C5C
:108F800041373A2530356400E074040844303A250E
:108F90003035642C44313A253035642C44323A253E
:108FA0003035642C44333A253035642C44343A252A
:108FB0003035642C44353A253035642C44363A2516
:108FC0003035642C44373A25303564008474040805
:108FD0005049443A253035642C4650574D3A253097
:108FE00035642C4646473A2530356400574653577A
:108FF000204E433A2531642C57465357204E4F3A62
:1090000025316400282A002029F0B6FB6C280AD8F4
:109010006C2204F5C061684629F0CDFB6A46202128
:109020000B20FDF7A3FC04F5D06029F0A5FB6C280C
:109030000AD86C2204F5D061684629F0BCFB6A4668
:1090400021210B20FDF792FC04F5E06029F094FB50
:109050006C280AD86C2204F5E061684629F0ABFB65
:109060006A4622210B20FDF781FC04F5F06029F00F
:1090700083FB6C280AD86C2204F5F061684629F05D
:109080009AFB6A4623210B20FDF770FC0022272162
:109090000B20FDF717FC002227210B20FDF7E8FB32
:1090A000012228210B20FDF70DFC012228210B2095
:1090B000FDF7DEFB00F024B904F5006029F05CFB4D
:1090C0006C280AD86C2204F50061684629F073FB0D
:1090D0006A4614210B20FDF749FC04F5086029F0CD
:1090E0004BFB6C280AD86C2204F50861684629F00D
:1090F00062FB6A4615210B20FDF738FC04F5106071
:1091000029F03AFB6C280AD86C2204F510616846F5
:1091100029F051FB6A4616210B20FDF727FC04F5C8
:10912000186029F029FB6C280AD86C2204F5186114
:10913000684629F040FB6A4617210B20FDF716FC14
:1091400004F5206029F018FB6C280AD86C2204F57D
:109150002061684629F02FFB6A4618210B20FDF795
:1091600005FC04F5286029F007FB6C280AD86C225E
:1091700004F52861684629F01EFB6A4619210B2078
:10918000FDF7F4FB04F5306029F0F6FA6C280AD8F4
:109190006C2204F53061684629F00DFB6A461A21FD
:1091A0000B20FDF7E3FB04F5386029F0E5FA6C28A5
:1091B0000AD86C2204F53861684629F0FCFA6A4640
:1091C0001B210B20FDF7D2FB04F5406029F0D4FAF7
:1091D0006C280AD86C2204F54061684629F0EBFA45
:1091E0006A461C210B20FDF7C1FB04F5486029F0FD
:1091F000C3FA6C280AD86C2204F54861684629F045
:10920000DAFA6A461D210B20FDF7B0FB04F5506029
:1092100029F0B2FA6C280AD86C2204F5506168462D
:1092200029F0C9FA6A461E210B20FDF79FFB04F5C1
:10923000586029F0A1FA6C280AD86C2204F558610C
:10924000684629F0B8FA6A461F210B20FDF78EFB0D
:1092500004F5606029F090FA6C280AD86C2204F5B5
:109260006061684629F0A7FA6A4620210B20FDF7C5
:109270007DFB04F5686029F07FFA6C280AD86C221F
:1092800004F56861684629F096FA6A4621210B20A8
:10929000FDF76CFB04F5706029F06EFA6C280AD8B3
:1092A0006C2204F57061684629F085FA6A4622212D
:1092B0000B20FDF75BFB04F5786029F05DFA6C2864
:1092C0000AD86C2204F57861684629F074FA6A4677
:1092D00023210B20FDF74AFB012227210B20FDF75C
:1092E000F1FA012227210B20FDF7C2FA00222821E2
:1092F0000B20FDF7E7FA002228210B20FDF7B8FA32
:109300000B20FDF7F1FE01210420FDF7BEFF012136
:109310000520FDF7BAFF01210620FDF7B6FF012168
:109320000720FDF7B2FF01210820FDF7AEFF012164
:109330000920FDF7AAFF01210A20FDF7A6FF012160
:109340000B20FDF7A2FF01210C20FDF79EFF01215C
:109350000D20FDF79AFF01210E20FDF796FF012158
:109360000F20FDF792FF01211020FDF78EFF012154
:109370001120FDF78AFF01211220FDF786FF012150
:109380001320FDF782FFFDF791FF0B20FDF7ACFEE8
:1093900001211420FDF768FF01211520FDF764FF6E
:1093A00001211620FDF760FF01211720FDF75CFF6A
:1093B00001211820FDF758FF01211920FDF754FF66
:1093C00001211A20FDF750FF01211B20FDF74CFF62
:1093D00001211C20FDF748FF01211D20FDF744FF5E
:1093E00001211E20FDF740FF01211F20FDF73CFF5A
:1093F00001212020FDF738FF01212120FDF734FF56
:1094000001212220FDF730FF01212320FDF72CFF51
:10941000FDF74CFF012211460B20FDF753FAFFF731
:109420006BFCAFF6102224210B20FDF79FFAAFF65C
:109430001C2225210B20FDF799FA41B030BD10B553
:10944000C2B0F84A02210C20FDF790FAF54A022139
:109450000C20FDF78BFA4FF4807102A829F04CFA2A
:10946000F14CF2A104F1280202A828F0EFFE02AAB2
:1094700003210C20FDF77AFAEE4A04210C20FDF7B7
:1094800075FAED4A05210C20FDF770FA4FF4807152
:1094900002A829F031FAE949481C0B78A3F1300100
:1094A000092910D80078A0F1300109290BD80090C3
:1094B000E34AE4A102A828F0C9FE02AA06210C2072
:1094C000FDF754FA09E0DE4AE4A102A828F0BEFE46
:1094D00002AA06210C20FDF749FA4FF4807102A878
:1094E00029F00AFAB4F93C000090B4F93A30B4F922
:1094F0003820E0A102A828F0A9FE02AA07210C202A
:10950000FDF734FA4FF4807102A829F0F5F9E1492A
:10951000886800904B680A68DFA102A828F096FED0
:1095200002AA08210C20FDF721FA42B010BDDF4845
:109530004FF4C871A0F82C15B0F83405FDF736B912
:1095400070B5C0B04FF48071684629F0D5F9D74E98
:10955000D6F85005D64981FB00100111A1EBE0754A
:10956000D44B002128460A46C3FB05204211A2EB3A
:10957000E070C2B22846C3FB05104111A1EBE070B8
:10958000A0EB001005EB8000C3B2CBA1684628F029
:109590005DFE6A4608210720FDF7E8F9B6F9F004F8
:1095A000012803D1B6F92A1501FB05F402282CD1B4
:1095B000B6F9FC04B0F57A7F04DBB6F9FE14B1F518
:1095C0007A7F0ADAB6F9FE14B6F92A2505FB00F30C
:1095D0005A43084492FBF0F417E04FF47A7290FB80
:1095E000F2F091FBF2F1014495FBF1F395FBF1F2FE
:1095F00001FB1251B6F92A2543435343814202DC51
:1096000001FB023401E000FB0234002C00DA0024EC
:109610006FF000408442FFD106F24C50046000EE2F
:10962000104AB2EE041AF8EEC00A80EE810A10EE7B
:10963000100A2CF067FB41EC100BA2A153EC102B8D
:10964000684628F003FE07216A460846FDF78EF9B2
:1096500040B070BD10B54FF42970F8F7C7F94FF45A
:109660002A70F8F7C3F940F2A620F8F7BFF9BDE871
:10967000104065E710B5044695484078A04207D1F0
:109680008A489449B0F93405B1F93415884235D087
:10969000112C2CD2DFE804F0090B0D0F1113151754
:1096A000191B1D1F2123252729008B4A20E08B4AE7
:1096B0001EE08B4A1CE08B4A1AE08B4A18E08B4A6A
:1096C00016E08B4A14E08B4A12E08B4A10E08B4A7A
:1096D0000EE08B4A0CE08B4A0AE08B4A08E08B4A8A
:1096E00006E08B4A04E08B4A02E08B4A00E07A4AAB
:1096F00020210620FDF73AF97548447010BD2DE988
:10970000F04F83462DED028BADF5037D0C464FF4F3
:10971000807142A829F0F0F84FF4807102A829F076
:10972000EBF8BBF1000F29D1002C00DA0024202C2B
:1097300000DD2024372000EB8411784830F911A097
:10974000392101EB841130F911603A2101EB8411C8
:1097500030F911703D2101EB841130F911503E2197
:1097600001EB841130F911803F2101EB841130F9B4
:109770001190382101EB841130F91140B2EE048AC6
:10978000BAF1010F0AD0BAF1020F28D0BAF1050FD1
:1097900046D0BAF1070F40F03E810CE100EE106AAE
:1097A000F8EEC00A80EE880A10EE100A2CF0AAFA31
:1097B00041EC100B5AA153EC102B42A828F046FDA7
:1097C000012C03D15AA102A828F040FD022C28D177
:1097D0004B46424659A102A828F038FD1BE100EE95
:1097E000107AF8EEC00A80EE880A10EE100A2CF00B
:1097F00089FA41EC100B5AA153EC102B42A828F027
:1098000025FD012C03D14AA102A828F01FFD022C3E
:1098100007D14B46424649A102A828F017FDFAE0BD
:10982000A6E0F8E06C680408ECC20120534E3A2030
:1098300025730000916804088068040800FE000891
:109840004E68040825733B20426F6F746C6F61642F
:10985000205665723A2025632E25630025733B2030
:10986000426F6F746C6F6164205665723A20312EBE
:10987000300000004D414E5546414354555245205D
:10988000444154453A202534642D2532642D253237
:109890006400000034C30120555549443A20253066
:1098A00038582530385825303858000048030020F3
:1098B0001F85EB51898888882533643A25303264C6
:1098C000000000002531312E3166204A00000000E2
:1098D00038000020B80E0020E4660408E56604089D
:1098E000016704081A670408266704083967040832
:1098F000516704086367040880670408A0670408C8
:10990000C0670408D1670408E7670408FC67040817
:109910001C6804082C6804083F680408282A0020F2
:10992000313934306E6D3A2025332E3166570000C0
:109930004D6F64653A204357000000004D6F646529
:109940003A2050756C73652C204F6E3A2025646D5B
:10995000532C204F66663A2025646D5300000000AA
:109960003938306E6D3A2025332E316657000000AD
:1099700000EE105AF8EEC00A80EE880A10EE100AC7
:109980002CF0C0F941EC100BF8A153EC102B42A8BD
:1099900028F05CFC012C04D1AFF26C0102A828F085
:1099A00055FC022C37D14B464246AFF2700102A85B
:1099B00028F04CFC2FE000EE105AF8EEC00A80EEC2
:1099C000880A10EE100A2CF09DF900EE107A054678
:1099D0000E46F8EEC00A80EE880A10EE100A2CF04F
:1099E00091F941EC100BE5A153EC102B42A8019624
:1099F000009528F02BFC012C04D1AFF2CC0102A879
:109A000028F024FC022C06D14B464246AFF2D4018A
:109A100002A828F01BFC42AA24210B20FCF7A6FF79
:109A200002AA25210B20FCF7A1FF0DF5037DBDEC5B
:109A3000028BBDE8F08F102801DB103800B2001D4A
:109A400081B200220B20FCF767BF70B505460C46BB
:109A5000102C07DBA4F10C0189B201220B20FCF7CA
:109A60005BFF05E0201D81B201220B20FCF754FFB3
:109A700021462846BDE8704041E610B50446E2B2F2
:109A80000D210720FCF71EFFE2B20E210720FCF794
:109A900019FFE2B20F210720FCF714FFE2B21021F8
:109AA000BDE810400720FCF70DBFC2B20B21072014
:109AB000FCF708BFC2B20B210720FCF72DBF70B521
:109AC0000446B64D95F90000844205D0E2B20B2160
:109AD0000620FCF7F7FE2C7070BD02460B21062015
:109AE000FCF71ABF10B52DED028BC0B0AC4CF2EEF6
:109AF000048AB4F8F004012813D1B7EE008A0102F9
:109B0000684628F0F9FEA7A1684628F09FFB6A4640
:109B100022210620FCF72AFF6A4623210620FCF7B3
:109B200025FFB4F8F004022845D1C101684628F0A9
:109B3000E3FEB4F9FC04B4F9FE14084400EE100A84
:109B4000F8EEC00A9FED981A81EE200A10EE100A76
:109B50002CF0D8F841EC100B94A153EC102B684674
:109B600028F074FB6A4622210620FCF7FFFEB4F9B8
:109B7000FC04B4F9FE14014400EE101AF8EEC00A19
:109B800000EE100AB8EEC00A80EE208A9FED8A0A25
:109B900028EE000A10EE100A2CF0B4F841EC100B7D
:109BA00086A153EC102B684628F050FB6A4623210F
:109BB0000620FCF7DBFE4FF48071684628F09CFE1F
:109BC000B4F9EE0408284CD2DFE800F04B040F4B48
:109BD0004B1A2538B4F9F20400EE100AB8EEC00AA8
:109BE00060EE080A80EEA80A55E0B4F9F40400EE2D
:109BF000100AB8EEC00A60EE080A80EEA80A4AE031
:109C0000B4F9FA0400EE100AB8EEC00A60EE080AD1
:109C100080EEA80A3FE0B4F9F20400EE100AB4F9AD
:109C2000FA04F8EEC00A00EE100AB8EEC00A30EEF0
:109C3000800A60EE080A80EEA80A2CE0B4F9F40469
:109C400000EE100AB4F9FA04F8EEC00A00EE100AA9
:109C5000B8EEC00A30EE800A60EE080A80EEA80A6C
:109C600019E0B4F9F20400EE100AB4F9F404F8EEC5
:109C7000C00A00EE100AB4F9FA04B8EEC00A70EE99
:109C8000800A00EE100AB8EEC00A30EE800A60EEDC
:109C9000080A80EEA80A10EE100A2CF033F841EC06
:109CA000100B49A153EC102B684628F0CFFA6A46F6
:109CB00021210620FCF75AFE4FF48071684628F0F7
:109CC0001BFEB4F92A0500EE100AF8EEC00A80EE79
:109CD000A80A10EE100A2CF015F841EC100B3AA16E
:109CE00053EC102B684628F0B1FA6A46262106206C
:109CF000FCF73CFE40B0BDEC028B10BD00B5C1B01E
:109D00002748B0F9FC24B2F57A7F04DA30A168461E
:109D100028F09CFA07E04FF47A7092FBF0F22EA143
:109D2000684628F093FA6A4624210620FCF71EFEB6
:109D300041B000BD00B5C1B01948B0F9FE24B2F57C
:109D40007A7F04DA22A1684628F080FA07E04FF40F
:109D50007A7092FBF0F220A1684628F077FA6A4602
:109D600025210620FCF702FE41B000BD3633356EDA
:109D70006D3A2025332E3166570000003938306E99
:109D80006D3A2025332E3166572C203633356E6DD3
:109D90003A2025332E31665700000000380000209D
:109DA000480300204E2F410000007A4425352E3212
:109DB0006620487A000000000000C84225342E3199
:109DC000662025250000000025332E31662057002F
:109DD0002564206D730000002564205300000000FE
:109DE00010B52DED068BC0B04FF48071684628F099
:109DF00083FDF94CB4F9EE04012802D0052805D002
:109E000008E0B4F8F204A4F82A0503E0B4F8FA0470
:109E1000A4F82A05B4F8F00401284FD101220C213E
:109E20000620FCF779FD00220D210620FCF774FDC9
:109E3000002213210620FCF71BFD0022142106201E
:109E4000FCF716FD002215210620FCF711FD00226B
:109E500016210620FCF70CFD002224210620FCF729
:109E600007FD002225210620FCF702FD00222C21FF
:109E70000620FCF7FDFC002213210620FCF722FD42
:109E8000002214210620FCF71DFD002215210620CA
:109E9000FCF718FD002216210620FCF713FDAFF297
:109EA000FC01684628F0D2F96A4622210620FCF718
:109EB0005DFD6A4623210620FCF758FDB4F8F00446
:109EC000022844D100220C210620FCF725FD0122A6
:109ED0000D210620FCF720FD012213210620FCF7AE
:109EE000C7FC012214210620FCF7C2FC0122152127
:109EF0000620FCF7BDFC012216210620FCF7B8FC69
:109F0000012224210620FCF7B3FC01222521062092
:109F1000FCF7AEFC01222C210620FCF7A9FC012253
:109F200013210620FCF7CEFC012214210620FCF7A9
:109F3000C9FC012215210620FCF7C4FC01221621D0
:109F40000620FCF7BFFCFFF7D9FEFFF7F3FEB4F9DC
:109F500046202B210620FCF7BEFD4FF48071684699
:109F600028F0CAFCB4F8EE04B2EE04AA1FED6E9A13
:109F7000F0EE009A012859D1B4F9F20400EE100A6B
:109F8000F8EEC00A80EE8A0A10EE100A2BF0BAFE34
:109F900041EC100B91A153EC102B684628F056F9B8
:109FA0006A461B210620FCF7E1FCB4F9F20400EE3E
:109FB000100AB8EEC00A20EE090A80EE098A18EEEF
:109FC000100AB0F1804F01DCB0EE698A2721BCEEA7
:109FD000C80A062010EE102AFCF77DFD002217218A
:109FE0000620FCF799FC002217210620FCF740FC14
:109FF000002217210620FCF765FC01222D210620F6
:10A00000FCF78AFC01222D210620FCF731FC0122FD
:10A010002D210620FCF756FC002218210620FCF713
:10A020007BFC002219210620FCF776FCB4F8EE0434
:10A03000022847D1B4F9F40400EE100AF8EEC00A81
:10A0400080EE8A0A10EE100A2BF05CFE41EC100B39
:10A0500062A153EC102B684628F0F8F86A461B21E1
:10A060000620FCF783FCB4F9F40400EE100AB8EE05
:10A07000C00A20EE090ADFED5C0AC0EE208A18EE65
:10A08000900AB0F1804F01DCF0EE698A2721BCEE26
:10A09000E80A062010EE102AFCF71DFD0022172109
:10A0A0000620FCF739FC00222D210620FCF734FCA9
:10A0B000012218210620FCF72FFC0022192106207E
:10A0C000FCF72AFCB4F8EE0405285BD1B4F9FA04D5
:10A0D00000EE100AF8EEC00A80EE8A0A10EE100AAE
:10A0E0002BF010FE41EC100B3CA153EC102B6846FA
:10A0F00028F0ACF86A461B210620FCF737FCB4F9BF
:10A10000FA04F1EE040A00EE100AB8EEC00A20EEDE
:10A11000090A80EE209A19EE100AB0F1804F01DC96
:10A12000B0EE699A2721BCEEC90A062010EE102A6B
:10A13000FCF7D1FC002217210620FCF7EDFB0022E2
:10A1400017210620FCF794FB002217210620FCF7BC
:10A15000B9FB00222D210620FCF7DEFB01222D2178
:10A160000620FCF785FB01222D210620FCF7AAFB27
:10A17000002218210620FCF7CFFB0122192106201E
:10A18000FCF7CAFB4FF48071684628F0B5FBB4F9C0
:10A19000460016A100EB80004200684628F056F801
:10A1A0006A461F210620FCF7E1FB04F590621A21A4
:10A1B0000620FCF7DBFBFFF795FC40B0BDEC068BFF
:10A1C00010BD38B50A20F7F73EFB98B108210122EF
:10A1D0000846FCF7A1FB12E04803002025332E318E
:10A1E0006620570A0000000000001643256425255C
:10A1F0000A000000082100220846FCF78DFB0B2016
:10A20000F7F721FB28B1012211460820FCF784FB57
:10A2100004E0002201210820FCF77EFB0820FCF767
:10A2200063FFFE4C0C20B4F94410FCF784FFB4F932
:10A2300048100D20FCF77FFFFDF738F8002500954A
:10A24000B4F9442001230A210820FCF7B9FB00954A
:10A25000B4F9482001230B210820FCF7B1FB38BDDD
:10A2600030B52DED028BC3B00024EC4DB5F8F004F1
:10A2700001281ED1010202A828F03EFBAFF29C018A
:10A2800002A827F0E3FF02AA0B210720FCF76EFBD0
:10A290004FF4807102A828F02FFBB5F91C25AFF20E
:10A2A000C84102A827F0D2FF02AA0A210720FCF722
:10A2B0005DFB42F21720F7F7C6FA38B3B5F91C0573
:10A2C000B5F9201590FBF1F004B24FF4807102A8AB
:10A2D00028F012FB2246D2A102A827F0B7FF02AA5B
:10A2E0000B210720FCF742FB4FF4807102A828F0F5
:10A2F00003FBB5F91C25AFF2205102A827F0A6FFF9
:10A3000002AA0A210720FCF731FB1CE04FF4807100
:10A3100002A828F0F1FAC4A102A827F097FF02AA28
:10A320000B210720FCF722FB4FF4807102A828F0D4
:10A33000E3FAAFF2905102A827F088FF02AA0A219F
:10A340000720FCF713FB4FF4807102A828F0D4FA21
:10A35000B5F91A05F2EE040A00EE100AB8EEC00ACA
:10A3600080EE208A42F21720F7F76DFA60B118EEFE
:10A37000100A2BF0C7FC41EC100BACA153EC102BD6
:10A3800002A827F063FF04E0AFF2E85102A827F02B
:10A390005DFF02AA09210720FCF7E8FAB5F91C05C0
:10A3A0000090A44B40F68112A349A4A027F042FFDD
:10A3B000B5F91A0500909F4B40F682129E49A7A05E
:10A3C00027F038FF9B4B40F683129B49ABA00094CB
:10A3D00027F030FF43B0BDEC028B30BD10B52DED42
:10A3E000028BC0B04FF48071684628F085FA8B4C20
:10A3F000F2EE048A2146B4F9EE24B1F9F204B1F97F
:10A40000FA14082A67D2DFE802F0660414666626AA
:10A41000364C00EE100AB8EEC00A80EE288A9FA1E2
:10A42000684627F013FF6A460C210720FCF79EFAC6
:10A4300072E0B4F9F40400EE100AB8EEC00A80EE3F
:10A44000288A98A1684627F001FF6A460C21072058
:10A45000FCF78CFA60E000EE101AB8EEC00A80EE4D
:10A46000288A92A1684627F0F1FE6A460C2107204F
:10A47000FCF77CFA50E000EE100AF8EEC00A00EE9D
:10A48000101AB8EEC00A30EE800A80EE288A89A140
:10A49000684627F0DBFE6A460C210720FCF766FAC7
:10A4A0003AE087A1684627F0D1FE6A460C210720D2
:10A4B000FCF75CFAB4F9F40400EE100AB4F9FA04FB
:10A4C000F8EEC00A00EE100AB8EEC00A30EE800ABC
:10A4D00080EE288A20E07DA1684627F0B7FE6A4614
:10A4E0000C210720FCF742FAB4F9F20400EE100A3E
:10A4F000B4F9F404F8EEC00A00EE100AB4F9FA0454
:10A50000B8EEC00A70EE800A00EE100AB8EEC00A7B
:10A5100030EE800A80EE288A4FF48071684628F079
:10A52000EBF918EE100A2BF0EDFB41EC100B53EC9D
:10A53000102BAFF25831684627F088FE6A46062194
:10A540000720FCF713FA04F5906201210720FCF7BD
:10A550000DFAFFF77FF8FEF7F3FFFFF781FE40B03B
:10A56000BDEC028B10BD70B59FED5B0A5B4880EDC2
:10A57000000A9FED5B0A80ED010A80ED020A59494D
:10A58000FF2008700020F9F720FBFDF767FC002092
:10A5900005F0F6FB214CB4F94210B4F9400005F087
:10A5A00026FD0025A4F82C55A4F8F05A6426A4F83A
:10A5B000F26A40F27952511E2220F7F753FAA4F8BA
:10A5C000F05A0A20A4F8F20A40F27952511E2320D0
:10A5D000F7F748FA0120A4F8F00AA4F8F26A40F26A
:10A5E0007952511E2420F7F73DFAA4F81655A4F825
:10A5F000185542F20320F7F7E9F842F20420F7F782
:10A60000F8F842F20520F7F7F4F842F20620F7F7DF
:10A61000F0F842F20720F7F7ECF865E04803002075
:10A620002564204379636C650000000025342E31D9
:10A63000664A0000BB660408FC89010825732C25C6
:10A64000642C25733A61636F757374696320746950
:10A650006D65203D2025640A0000000025732C252F
:10A66000642C25733A61636F757374696320656E3A
:10A6700065726779203D2025640A000025732C252A
:10A68000642C25733A61636F757374696320637911
:10A69000636C65203D2025640A00000031393430A8
:10A6A0006E6D00003938306E6D0000003633356E47
:10A6B0006D000000313437302B3633356E6D0000BD
:10A6C0003938302B3633356E6D0000003134373079
:10A6D0002B3938306E6D0000CDCC8C3FF04C002013
:10A6E000CDCCCC3E3800002042F20B20F7F781F8A9
:10A6F00045F2A060F7F77DF8BDE870400421FD4801
:10A7000006F08BBC70B540F23E5140F28720F7F75F
:10A710008FFA40F23F514FF42270F7F789FA40F276
:10A720003B5140F28A20F7F783FA4FF4A86140F2D8
:10A730008920F7F724FBF04CB4F90E05B0F5E17F62
:10A7400003DB42F20420F7F741F8B4F90E05B0F547
:10A75000C87F03DC42F20420F7F74BF8B4F90E058A
:10A7600010F1FA0F03DC42F20520F7F72FF8B4F9E5
:10A770000E0510F1C80F03DB42F20520F7F739F898
:10A78000B4F9120540F2EE21884203DB42F20620C2
:10A79000F7F71CF8B4F91205B0F52F7F03DB42F28E
:10A7A0000620F7F726F8B4F9120510F1C80F03DCFC
:10A7B00042F20720F7F70AF8B4F9120510F1960FE4
:10A7C00003DB42F20720F7F714F845F28660F7F74B
:10A7D00060F8002528B3B4F90E25FA21C74805F022
:10A7E000FAF9C749CA88104400B2C88040F2FF3263
:10A7F000904200DBCA80B1F90600002800DACD8063
:10A80000B1F90600A4F89A0A002804DC45F20620F3
:10A81000F6F7EFFF03E045F20620F6F7D7FFFBF768
:10A820001CF845F28760F7F734F800286CD042F244
:10A830000420F7F708F8642670B942F20520F7F70C
:10A8400002F848B942F20620F6F7FDFF20B942F2BD
:10A850000720F6F7F8FF10B1A4F816654EE0B4F93A
:10A86000100500F16401FA2902D2A4F8165545E05A
:10A87000A0F19601322903D21E20A4F816053DE06E
:10A88000A0F1C801322903D22320A4F8160535E02F
:10A89000A0F1FA01322903D22820A4F816052DE0F0
:10A8A000A0F59671322903D22D20A4F8160525E0D3
:10A8B000A0F5AF71322903D24120A4F816051DE09E
:10A8C000A0F5C871322903D25020A4F8160515E06E
:10A8D000A0F5E171322903D25620A4F816050DE047
:10A8E000A0F5FA71322903D25F20A4F8160505E01D
:10A8F00040F22621884201DBA4F81665B4F916055A
:10A90000BDE87040F9F798BB70BD10B542F2102059
:10A91000F6F799FF20B142F20220F6F757FF0DE05B
:10A9200045F28410F6F78FFF20B142F20220F6F7CD
:10A930004DFF03E042F20220F6F75BFF42F20F20E8
:10A94000F6F781FF18B142F20320F6F73FFF42F21B
:10A950000C20F6F778FF20B14FF40850F6F736FFD9
:10A960000DE04FF4A340F6F76EFF20B14FF408500E
:10A97000F6F72CFF03E04FF40850F6F73AFF42F2E7
:10A980001220F6F760FF20B142F20120F6F71EFF19
:10A9900021E05C4890F84400012809D045F281107C
:10A9A000F6F751FF98B142F20120F6F70FFF12E0DF
:10A9B00045F28110F6F747FF20B142F20120F6F789
:10A9C00018FF08E042F20120F6F700FF03E042F230
:10A9D0000120F6F70EFF42F20D20F6F734FF78B1B2
:10A9E00042F20420F6F705FF42F20520F6F701FFD8
:10A9F00042F20620F6F7FDFE42F20720F6F7F9FED6
:10AA000042F20E20F6F71FFF90B142F20820F6F74F
:10AA1000DDFE42F20A20F6F716FF20B142F20920CD
:10AA2000F6F7D4FE38E042F20920F6F7E2FE33E012
:10AA300045F2A860F6F707FF90B142F20820F6F75A
:10AA4000C5FE45F2A960F6F7FEFE20B142F20920EC
:10AA5000F6F7BCFE20E042F20920F6F7CAFE1BE042
:10AA600045F28310F6F7EFFE20B142F20820F6F728
:10AA7000ADFE03E042F20820F6F7BBFE45F282107D
:10AA8000F6F7E1FE20B142F20920F6F79FFE03E05F
:10AA900042F20920F6F7ADFE4FF40850F6F7E6FE55
:10AAA000044642F20120F6F7E1FE044342F2082098
:10AAB000F6F7DCFE044342F20220F6F7D7FE044329
:10AAC00042F20320F6F7D2FE044342F20420F6F7E6
:10AAD000BAFE044342F20520F6F7B5FE044342F203
:10AAE0000720F6F7B0FE204370B142F20B20F6F7D4
:10AAF0006DFE0DE00801002048030020F04C00200E
:10AB000038000020ECC2012042F20B20F6F771FE63
:10AB100042F20B20F6F797FE68B14FF4A440F6F727
:10AB200068FE45F20220F6F764FEBDE8104045F2EB
:10AB30000120F6F74BBEF748007868B14FF4A44007
:10AB4000F6F744FE45F20220F6F753FEBDE810404A
:10AB500045F20120F6F73ABE4FF4A440F6F736FE70
:10AB600045F20220F6F745FEBDE8104045F201200F
:10AB7000F6F73FBE70B545F2A060F6F764FEE64D0D
:10AB8000002800F08881B5F9C80A2AF011FBB5F950
:10AB9000CC0A4FF0FF341038062838D2DFE800F036
:10ABA000031138558ACE45F2A160F6F75FFE002802
:10ABB0002DD0FAF7FFF9BDE8704045F2A160F6F735
:10ABC00005BED64E802130460DF052FB20B98021C3
:10ABD00030460DF04DFB00B1012058B145F2A160A7
:10ABE000F6F744FE88B1FAF7E5F945F2A160F6F709
:10ABF000EDFD0AE045F2A160F6F725FE28B1FAF76F
:10AC00008BF845F2A160F6F7F4FDA5F8CE4A70BDC9
:10AC1000B5F9CE0A322807D2FAF7CCF9BDE8704070
:10AC200045F2A160F6F7D2BDA0F13201322907D278
:10AC3000FAF772F8BDE8704045F2A160F6F7D9BDA9
:10AC40006428E4DBA5F8CE4A70BDB5F9CE0A0F281A
:10AC500007D2FAF7AFF9BDE8704045F2A160F6F708
:10AC6000B5BDA0F10F010F2907D2FAF755F8BDE8DD
:10AC7000704045F2A160F6F7BCBDA0F11E010F299E
:10AC800007D2FAF797F9BDE8704045F2A160F6F7F0
:10AC90009DBDA0F12D010F2907D2FAF73DF8BDE8BF
:10ACA000704045F2A160F6F7A4BDC828CCDBA5F83A
:10ACB000CE4A70BDB5F9CE0A322807D2FAF77AF932
:10ACC000BDE8704045F2A160F6F780BDA0F1320109
:10ACD000322907D2FAF720F8BDE8704045F2A160AA
:10ACE000F6F787BD6428E4DBD5F850058C491930A8
:10ACF00081FB00100111A1EBE070B5F91C1590FB70
:10AD0000F1F201FB120060B1B5F944002AF050FAEB
:10AD100040F24C40A5F8CA0A2AF03CFAA5F8CE4AFF
:10AD200070BDB5F844001E3000B22AF041FA4FF46D
:10AD3000AF60A5F8CA0A2AF02DFAEFE7B5F94C057D
:10AD400040F6C41188421CDAB5F9CE0A322807D27F
:10AD5000FAF730F9BDE8704045F2A160F6F736BD6C
:10AD6000A0F13201322907D2F9F7D6FFBDE87040D1
:10AD700045F2A160F6F73DBD6428D1DBA5F8CE4AC7
:10AD800070BDA0F6C4128A4234D2B5F9CE0A0F289B
:10AD900007D2FAF70FF9BDE8704045F2A160F6F767
:10ADA00015BDA0F10F010A2907D2F9F7B5FFBDE8DB
:10ADB000704045F2A160F6F71CBDA0F119011929F8
:10ADC00007D2FAF7F7F8BDE8704045F2A160F6F750
:10ADD000FDBCA0F13201322907D2F9F79DFFBDE891
:10ADE000704045F2A160F6F704BD6428C8DBA5F801
:10ADF000CE4A70BD41F288318842FADDB5F9CE0AFB
:10AE00000E2807D2FAF7D6F8BDE8704045F2A160E7
:10AE1000F6F7DCBCA0F10E010C2907D2F9F77CFF94
:10AE2000BDE8704045F2A160F6F7E3BCA0F11A015D
:10AE30000E2907D2FAF7BEF8BDE8704045F2A160CE
:10AE4000F6F7C4BCA0F128010C2907D2F9F764FF7A
:10AE5000BDE8704045F2A160F6F7CBBCA0F134012B
:10AE60000E2907D2FAF7A6F8BDE8704045F2A160B6
:10AE7000F6F7ACBCA0F142015E2907D2F9F74CFF0E
:10AE8000BDE8704045F2A160F6F7B3BCA028B0DB86
:10AE9000A5F8CE4A70BDF9F73FFF45F2A160F6F77D
:10AEA000A8FC0020A5F8CE0A70BD30B40021DFF860
:10AEB00074C0B0F82E350CF10A023CF81140A342E0
:10AEC00008D1B0F8304532F81150AC4202D130BC54
:10AED00001207047491CC9B20529EED330BC0020BF
:10AEE000704710B5044610480078022827D045F274
:10AEF000A860F6F7A8FC00285AD045F2A860F6F73B
:10AF000078FC45F2A960F6F774FC084B40F6BF32B6
:10AF100007490FE01A000020480300200008024003
:10AF20001F85EB51440000209D000020D1660408DD
:10AF3000FC890108BDE81040F5A027F07BB9204648
:10AF4000FFF7B3FF002833D045F2A860F6F78EFC78
:10AF500050B1FA4B40F6A532F949FAA027F06AF948
:10AF600045F2A860F6F732FC204622F08FFF002859
:10AF70001ED022F093FF0446312C0AD1EF4B40F64D
:10AF8000AC32EF49F9A027F055F945F2A960F6F780
:10AF90001DFC002C0CD1E94B4FF43B62E849FEA0AC
:10AFA00027F048F9BDE8104045F2A960F6F721BC4A
:10AFB00010BD7047704770477047704770477047C3
:10AFC000704770472DE9F04F85B08B4690F801C06F
:10AFD00090F8028090F807900179C27841EA022146
:10AFE00004918179427941EA022A427AC17A057A4A
:10AFF000847A130441EA056143EA042341EA030E1B
:10B00000F04CBCF10D0FA678E1782779637935D043
:10B0100010DCBCF1010F25D0BCF1030F25D0BCF131
:10B020000B0F30D0BCF10C0F1CD105B00120BDE8D6
:10B03000F04FC5E7BCF10F0F2ED0BCF1550F11D06A
:10B04000BCF1B10F2FD0BCF1F70F0BD1207AE27910
:10B0500094F806C001920290CDF800C03A463046FE
:10B0600003F074FE05B0BDE8F08F607805B043EAE8
:10B07000072241EA0621BDE8F04FA2E705B0002013
:10B08000BDE8F04F9CE7ABF10600A11C05B082B211
:10B09000BDE8F04F012092E705B00022BDE8F04F77
:10B0A000114610468BE7B8F1010F0CD0A9F1100141
:10B0B0000C29D7D2DFE801F00C131C242B06064123
:10B0C0000606323ACEE7049805B0BDE8F04F75E7C2
:10B0D000049805B05146BDE8F04F01F0C5BE00F13F
:10B0E0000802049805B05146BDE8F04F03F030BEA9
:10B0F000049805B072465146BDE8F04F03F01ABD02
:10B10000049805B072465146BDE8F04F55E70498E3
:10B1100005B072465146BDE8F04F4DE7049813461E
:10B1200005B02A465146BDE8F04F44E7049805B003
:10B130002A465146BDE8F04F3CE7049805B0514619
:10B14000BDE8F04F35E72DE9F04F83B09E48FFF79B
:10B15000C8FEFFF70FFDFFF7D5FAFFF7D6FB42F267
:10B160002020F6F770FB994E78B142F22620F6F7D0
:10B170006AFB50B14FF480719248FAF7BDFBB08082
:10B1800018B101468F48FFF71DFF914D6427002439
:10B19000B5F92C0538B34FF496784FF0100A6428AF
:10B1A00064D0C82800F01C8040F22D16B0F5967FC0
:10B1B00000F0AB81B04200F01380B0F5977F00F053
:10B1C0000F800726082740F29118B0F5C87F00F0DD
:10B1D000BE814FF4C979404540F03F85A5F82C95D4
:10B1E00003B0BDE8F08F45F2A060F6F702FBA5F8CA
:10B1F0004E40A5F85040A5F83C45A5F83E45B5F8A9
:10B200004A00C3B2A5F8F03AC0F30720A5F8F40A43
:10B21000B5F84C20D1B2A5F8F81AC2F30722A5F868
:10B22000FC2A303B0A2B0BD2302809DB392807DCFB
:10B23000302905DB392903DC302A01DB392A09DD15
:10B2400043F23000A5F84A00A5F84C00A5F84E00DE
:10B25000A5F8500042F21F20F6F7B8FAB480FAF7CA
:10B2600019FBA5F82C7503B0BDE8F08F0A22012167
:10B270000020F6F77BFB4FF48940F6F7E4FA00284C
:10B2800044D0544B40F6EF322D4953A026F0D2FF64
:10B2900000210A220846F6F769FB42F21F20F6F762
:10B2A000A8FA42F22020F6F791FA42F22520F6F7AA
:10B2B0008DFA00215048FCF7DBF942F22520F6F721
:10B2C00098FA42F22620F6F781FAA5F82C85FF209D
:10B2D000707000220B210620FBF71EFB01220B21C0
:10B2E0000620FBF7EFFA002210210620FBF714FBE3
:10B2F000012210210620FBF7E5FA40A220210620BA
:10B30000FBF734FB00224FF4977179E0F8E000007E
:10B3100025732C25642C25733A776972656C6573E7
:10B320007320666F6F74737769636820756E706CD5
:10B3300075672E2E2E2E2E2E0A000000D1660408D0
:10B34000FC89010825732C25642C25733A776972D2
:10B35000656C65737320666F6F74737769636820BB
:10B36000706C75672E2E2E2E2E2E0A0025732C251E
:10B37000642C25733A776972656C65737320666F08
:10B380006F7473776963682070726573732E2E2EE5
:10B390002E2E2E0A0000000025732C25642C257308
:10B3A0003A776972656C65737320666F6F74737733
:10B3B0006963682072656C656173652E2E2E2E2E72
:10B3C0002E0A0000F04B0020942F012038000020AE
:10B3D00048030020DA66040825732C25642C2573A5
:10B3E0003A686D692064656C617920646F6E652EC2
:10B3F0002E2E2E2E2E0A00000000BBAA20000000D8
:10B400000D20FBF789FA002240F22D110D20FBF7E9
:10B4100083FA00224FF499710D20FBF77DFA002288
:10B4200040F235110D20FBF777FA00224FF49871A6
:10B430000D20FBF771FA00224FF496710D20FBF7F7
:10B440006BFA002240F22F110D20FBF765FA002263
:10B4500040F231110D20FBF75FFA002240F2331168
:10B460000D20FBF759FAAFF2D40293210D20FBF720
:10B470007DFA002293210D20FBF74EFA0022632172
:10B480000D20FBF749FA012263210D20FBF71AFA80
:10B49000002240F237110D20FBF73EFA00224FF454
:10B4A0009C710D20FBF738FA002240F239110D2073
:10B4B000FBF732FA012240F237110D20FBF702FAB6
:10B4C00000224FF49C710D20FBF7FCF9002240F2A2
:10B4D00039110D20FBF7F6F9B5F9480004F0A6F88C
:10B4E000FAF748FF0320A5F83405FBF75FF9A5F844
:10B4F000CCAAB5F84400A5F8C80A03B0BDE8F08F9F
:10B50000A5F82C7503B0BDE8F08F0121462208464E
:10B51000F6F72CFA44F28140F6F795F990B145F22E
:10B52000A060F6F766F9462200210120F6F71EFA20
:10B53000A5F82C650420A5F83405FBF737F903B00E
:10B54000BDE8F08FA5F82C8503B0BDE8F08F42F27E
:10B550001520F6F778F930B145F28760F6F799F9DA
:10B5600008B1FDF742F942F23220F6F792F948B1FC
:10B57000B5F9FC044FF47A5103F0EAFFA5F8FC0496
:10B58000FEF7BCFB42F23220F6F75DF958B35022C9
:10B5900001210020F6F7B4F944F24040F6F753F9E0
:10B5A00008B345F28460F6F774F920B945F2846077
:10B5B000F6F78AF9B8B1B5F9FC044FF47A5103F003
:10B5C000C7FFA5F8FC04FEF799FBB5F9FC04B0F53C
:10B5D0007A5F08DB42F23220F6F70BF900215022A5
:10B5E0000846F6F78DF942F23320F6F72CF970B1E0
:10B5F00042F23220F6F7FDF8002150220846F6F715
:10B600007FF9FEF76FFA42F23320F6F7F2F842F2D2
:10B610003420F6F73EF940B1B5F9FC04012103F0FE
:10B62000B9FFA5F8FC04FEF769FB42F23420F6F7F7
:10B630000AF948B3012150220846F6F761F944F2AD
:10B640004140F6F700F9F8B145F28460F6F721F9C8
:10B6500020B945F28460F6F737F9A8B1B5F9FC04D2
:10B66000012103F097FFA5F8FC04FEF747FBB5F9AD
:10B67000FC04012808DC42F23420F6F7BAF8502224
:10B6800000210120F6F73CF942F23520F6F7DBF80D
:10B6900070B142F23420F6F7ACF8502200210120BC
:10B6A000F6F72EF9FEF71EFA42F23520F6F7A1F86A
:10B6B00042F23620F6F7EDF848B1B5F9FE044FF442
:10B6C0007A5103F045FFA5F8FE04FEF733FB42F282
:10B6D0003620F6F7B8F858B3502201210220F6F7C9
:10B6E0000FF944F24240F6F7AEF808B345F2846031
:10B6F000F6F7CFF820B945F28460F6F7E5F8B8B16F
:10B70000B5F9FE044FF47A5103F022FFA5F8FE04C8
:10B71000FEF710FBB5F9FE04B0F57A5F08DB42F2E4
:10B720003620F6F766F8502200210220F6F7E8F8F6
:10B7300042F23720F6F787F870B142F23620F6F77A
:10B7400058F8502200210220F6F7DAF8FEF7CAF97D
:10B7500042F23720F6F74DF842F23820F6F799F822
:10B7600040B1B5F9FE04012103F014FFA5F8FE0471
:10B77000FEF7E0FA42F23820F6F765F858B35022A7
:10B7800001210320F6F7BCF844F24340F6F75BF8DA
:10B7900008B345F28460F6F77CF820B945F284607E
:10B7A000F6F792F8B8B1B5F9FE04012103F0F2FE04
:10B7B000A5F8FE04FEF7BEFAB5F9FE04012808DC80
:10B7C00042F23820F6F715F8502200210320F6F750
:10B7D00097F8FEF7AFFA42F23920F6F734F870B175
:10B7E00042F23820F6F705F8502200210320F6F740
:10B7F00087F8FEF777F942F23920F5F7FAFF45F2BC
:10B800008560F6F746F888B342F20B20F6F71BF88E
:10B8100068B342F20420F6F716F818B10620FDF7D7
:10B8200029FF48E042F20520F6F70DF818B107208D
:10B83000FDF720FF3FE042F20620F6F704F818B1CA
:10B840000B20FDF717FF36E042F20720F5F7FBFF6C
:10B8500018B10C20FDF70EFF2DE04FF40850F6F75D
:10B8600005F828B10320FDF705FF24E03CE031E0B6
:10B8700042F20120F5F7FAFF18B10120FDF7FAFEB8
:10B8800019E042F20220F5F7F1FF18B10420FDF7AC
:10B89000F1FE10E042F20820F5F7E8FF18B10220AF
:10B8A000FDF7E8FE07E042F20320F5F7DFFF10B1F5
:10B8B0001020FDF7DFFE0020FEF701F91320A5F8A8
:10B8C000CC0AB5F84400A5F8C80A45F2A060F5F71F
:10B8D0007DFF09E045F2A060F5F78BFF0020FDF742
:10B8E000C9FE0120FEF7EBF842F20B20F5F7BEFF90
:10B8F00070B145F28460F5F7CCFF48B145F2A06025
:10B90000F5F777FF0020FDF7B5FE0120FEF7D7F829
:10B9100042F23E20F5F797FF70B345F2A060F5F7CD
:10B9200068FF42F21520F5F78EFF50B10122092180
:10B930000820FAF79DFF012209210820FAF7C2FF2B
:10B9400009E0002209210820FAF792FF00220921CC
:10B950000820FAF7B7FF4FF4FA70A5F82C05FEF7A8
:10B9600030FC3846A5F83475FAF720FF42F23E2045
:10B97000F5F73FFF00F046B942F23C20F5F763FFD0
:10B98000002800F03F814FF42970F6F72FF84FF4AC
:10B990002A70F6F72BF895F8F004F64940B20870D3
:10B9A0000090F54B40F6F142F449F5A026F042FC38
:10B9B000FA49B5F9FC040880B5F8FE14F84F0144C3
:10B9C00039800090EC4B40F6F442EC49F5A026F0AB
:10B9D00031FCB7F900000090E74B40F6F542E7492B
:10B9E000F9A026F027FCB5F8F00401281DD1B5F820
:10B9F000400002281ED042F21720F5F7E7FE012191
:10BA0000A5F82015B5F82A05A5F81E05A5F81C15FA
:10BA1000A5F81A05A5F828153221A5F82615A5F8C8
:10BA2000240510FB01F0A5F82205B5F8F004022862
:10BA300011D048E0B5F9420040B1012806D00228F3
:10BA400004D042F21720F5F7C1FED8E742F21720E2
:10BA5000F5F7CFFED3E7B5F9FC04B0F57A7F2EDB1E
:10BA6000B5F9FE04B0F57A7F29DB42F21720F5F72D
:10BA7000ADFE4FF47A72B5F9FC14B5F9FE3491FBC2
:10BA8000F2F093FBF2F31844A5F82005A5F81C0585
:10BA900091FBF2F1B5F82A255143A5F81E15A5F83A
:10BAA0001A15A5F8280500EB80004000A5F826052A
:10BAB000A5F8241512FB00F0A5F8220503E042F2D8
:10BAC0001720F5F796FE42F21720F5F7BCFE38B1C5
:10BAD000A94B40F62552A949C5A026F0ABFB06E0CC
:10BAE000A54B40F62852A549C8A026F0A3FBB5F9FE
:10BAF00020050090A04B40F62A52A049CAA026F08B
:10BB000099FBB5F9280500909B4B40F62B529B49B9
:10BB1000CEA026F08FFBB5F926050090964B40F697
:10BB20002C529649D2A026F085FBB5F91E0500904F
:10BB3000914B40F62E529149D6A026F07BFBB5F9E9
:10BB4000240500908C4B40F62F528C49DAA026F049
:10BB500071FBB5F922050090874B4FF4536287497A
:10BB6000DEA026F067FBB5F8EE0401280CD1B5F98C
:10BB7000F214E34A03F08BFDA5F88C0AF9F759FE9D
:10BB8000A5F88E4AF9F75FFEB5F8EE0402280DD14C
:10BB9000A5F88C4AF9F74DFEB5F9F414D84A0220FD
:10BBA00003F075FDA5F88E0AF9F74DFEB5F8EE0421
:10BBB000052807D1A5F88C4AF9F73BFEA5F88E4A6F
:10BBC000F9F741FECE49B5F8460091F9411010FB56
:10BBD00001F000B2F7F7F9FFA5F82C8542F23C20FE
:10BBE000F5F707FE0020FDF778FF3046A5F834652D
:10BBF000FAF7DCFD0020FDF740FF0120FDF75AFFBA
:10BC0000FEF7ECFB42F24220F5F71DFE68B104F0AE
:10BC1000A5F8B5F94210B5F9400004F0E8F9FEF7CF
:10BC2000DFF842F24220F5F7E4FD42F24120F5F759
:10BC30000AFE00283FF488AC04F099F8B5F94210E8
:10BC4000B5F9400004F0D3F9FEF7CAF842F24120FA
:10BC5000F5F7CFFD03B0BDE8F08F40F29318B0F5D3
:10BC6000C97F33D04FF006094FF4C87B404540F000
:10BC7000278342F21520F5F7E6FD30B145F28760E3
:10BC8000F5F707FE08B1FCF7B0FD42F25220F5F7D8
:10BC900000FE18B103F020FCFEF7E2FA42F2522057
:10BCA000F5F7D1FD002862D0502201210820F5F7D8
:10BCB00027FE44F24840F5F7C6FD002857D045F26C
:10BCC0008460F5F7E6FD002852D179E114220121C4
:10BCD0000220F5F74BFE44F28240F5F7B4FDE8B3DD
:10BCE00042F20920F5F7C2FDC0B303220021022071
:10BCF000F5F73CFE0120FDF7C0FE3046A5F834659F
:10BD0000FAF754FD42F21720F5F79DFDA0B101228C
:10BD10000D210720FAF7D6FD01220E210720FAF7A0
:10BD2000D1FD01220F210720FAF7CCFD01221021BD
:10BD30000720FAF7C7FD15E000220D210720FAF7CA
:10BD4000C1FD00220E210720FAF7BCFD00220F21C1
:10BD50000720FAF7B7FD0022102100E0D2E007200B
:10BD6000FAF7B0FDA5F82C8503B0BDE8F08F41E1EE
:10BD70002BE1000019000020DA660408FC890108A4
:10BD800025732C25642C25733A736574206C6173BC
:10BD90006572206D6F64653D25640A001E000020F9
:10BDA0002000002025732C25642C25733A736574BC
:10BDB000204C6173657254696D65725F544D617496
:10BDC000653D25640A00000025732C25642C25732D
:10BDD0003A736574204C6173657254696D65725F66
:10BDE000544F76657274696D653D25640A000000E4
:10BDF00025732C25642C25733A61636F7573746900
:10BE00006320656E61626C65210A000025732C2534
:10BE1000642C25733A61636F757374696320646978
:10BE20007361626C65210A0025732C25642C2573CF
:10BE30003A61636F75737469632074696D6520730B
:10BE4000746570203D2025640A00000025732C25B0
:10BE5000642C25733A61636F757374696320746928
:10BE60006D65206D696E203D2025640A000000008C
:10BE700025732C25642C25733A61636F757374697F
:10BE8000632074696D65206D6178203D2025640A0A
:10BE90000000000025732C25642C25733A61636F24
:10BEA000757374696320656E657267792073746554
:10BEB00070203D2025640A0025732C25642C2573F1
:10BEC0003A61636F757374696320656E6572677933
:10BED000206D696E203D2025640A000025732C2505
:10BEE000642C25733A61636F757374696320656EA2
:10BEF00065726779206D6178203D2025640A000015
:10BF0000ECC2012042F23D20F5F79DFC68B145F2FC
:10BF1000A060F5F76EFC032200210220F5F726FD54
:10BF2000A5F82C8503B0BDE8F08F42F20920F5F7A3
:10BF3000B0FC70B31320A5F8CC0AB5F84400A5F8FE
:10BF4000C80A45F2A060F5F741FCB5F9CC0A0090AB
:10BF5000F84B40F68152F849F8A026F06BF9B5F994
:10BF6000CA0A0090F34B40F68252F349FAA026F039
:10BF700061F9F04B40F68352EF49FEA026F05AF9E2
:10BF8000B5F83405102804D05046A5F834A5FAF7C2
:10BF90000DFC42F20920F5F797FC60B145F2A06074
:10BFA000F5F727FCB5F83405072804D03046A5F886
:10BFB0003465FAF7FBFBA5F82C9503B0BDE8F08FCC
:10BFC00045F28460F5F780FCA0B103F085FAB5F97D
:10BFD0001A15B5F9220581420ADBA5F81A0542F2C5
:10BFE0005220F5F706FC502200210820F5F788FCC6
:10BFF000FEF736F942F25320F5F725FC60B142F224
:10C000005220F5F7F6FB502200210820F5F778FCC6
:10C0100042F25320F5F7EDFB42F25420F5F739FCDC
:10C0200018B103F077FAFEF71BF942F25420F5F746
:10C030000AFC40B3502201210920F5F761FC44F2CB
:10C040004940F5F700FCF0B145F28460F5F721FCBA
:10C0500020B945F28460F5F737FCA0B103F05AFA35
:10C06000B5F91A15B5F9240581420ADCA5F81A05B7
:10C0700042F25420F5F7BDFB502200210920F5F7CC
:10C080003FFCFEF7EDF842F25520F5F7DCFB60B11E
:10C0900042F25420F5F7ADFB502200210920F5F7BC
:10C0A0002FFC42F25520F5F7A4FB42F25620F5F79B
:10C0B000F0FB18B103F0D4F9FEF7D2F842F25620A3
:10C0C000F5F7C1FB40B3502201210A20F5F718FC17
:10C0D00044F24A40F5F7B7FBF0B145F28460F5F75A
:10C0E000D8FB20B945F28460F5F7EEFBA0B103F070
:10C0F000B7F9B5F91C15B5F9260581420ADBA5F893
:10C100001C0542F25620F5F774FB502200210A204C
:10C11000F5F7F6FBFEF7A4F842F25720F5F793FB8C
:10C1200060B142F25620F5F764FB502200210A204C
:10C13000F5F7E6FB42F25720F5F75BFB42F2582099
:10C14000F5F7A7FB18B103F0A9F9FEF789F842F259
:10C150005820F5F778FB40B3502201210B20F5F76A
:10C16000CFFB44F24B40F5F76EFBF0B145F2846033
:10C17000F5F78FFB20B945F28460F5F7A5FBA0B178
:10C1800003F08CF9B5F91C15B5F9280581420ADCD4
:10C19000A5F81C0542F25820F5F72BFB5022002190
:10C1A0000B20F5F7ADFBFEF75BF842F25920F5F7EF
:10C1B0004AFB60B142F25820F5F71BFB50220021E8
:10C1C0000B20F5F79DFB42F25920F5F712FB42F2E6
:10C1D0003D20F5F738FB20B942F20B20F5F733FB91
:10C1E00060B3F7F727FDA5F88C4AA5F88E4AF9F752
:10C1F00020FBF9F728FB0020F7F7E7FC03220021DA
:10C200000220F5F7B3FB4846A5F83495FAF7CEFAC5
:10C21000FDF7E6FD0020FDF760FC42F23D20F5F75A
:10C2200012FB18B142F23D20F5F7E3FA0020FDF7CA
:10C2300021FAA5F82CB503B0BDE8F08F0A20F5F778
:10C2400002FB40F24C444FF4CA76E0B142F20920BE
:10C25000F5F71FFB0028EED0B5F9440028F0A8FF41
:10C260002046A5F8CA4A28F095FF0020FDF705FCF6
:10C27000A5F82C65F7F770FC45F2A060F5F7A6FA73
:10C2800003B0BDE8F08F42F20920F5F7DCFA002890
:10C29000F6D0B5F9440028F08BFF2046A5F8CA4A2D
:10C2A00028F078FF0020FDF7E8FBA5F82C65F7F7EC
:10C2B00053FC45F2A060F5F789FA03B0BDE8F08FB2
:10C2C000B0F5CA7F1AD040F29518404531D142F2FC
:10C2D0000920F5F7CBFA58B345F2A060F5F789FAD3
:10C2E0000020FDF7FAFB0120FDF7E9FB0020FDF738
:10C2F000C1F9A5F82CB503B0BDE8F08F45F2826016
:10C30000F5F7C7FA18B14FF42A70F5F7BEFD45F2FC
:10C310008260F5F7BEFA30B11C48007818B14FF4CE
:10C320002970F5F7B2FD45F28460F5F7B2FA2FE017
:10C33000A9E0ADE0DA660408FC89010825732C2524
:10C34000642C25733A736574204265656D206D6FAA
:10C3500064653A25640A000025732C25642C257336
:10C360003A736574204265656D20667265713A2581
:10C37000640A000025732C25642C25733A736574B8
:10C38000204265656D206F6E0A0000001A000020D3
:10C3900008B1FDF7D5F842F21520F5F754FA30B19F
:10C3A00045F28760F5F775FA08B1FCF71EFA42F21C
:10C3B0003D20F5F748FA20B942F20B20F5F743FA91
:10C3C00038B3F7F737FCA5F88C4AA5F88E4AF9F789
:10C3D00030FAF9F738FA0020F7F7F7FB4846A5F8E6
:10C3E0003495FAF7E3F9FDF7FBFC0020FDF775FB48
:10C3F00042F23D20F5F727FA18B142F23D20F5F759
:10C40000F8F90020FDF736F9A5F82CB503B0BDE822
:10C41000F08F0A20F5F717FAD0B142F20920F5F7AC
:10C4200038FA0028F2D0F7F705FC45F2A060F5F7DE
:10C43000E0F9A5F82C850120FDF71FFBFE4B40F627
:10C440004662FE49FE4825F0F5FE03B0BDE8F08FD8
:10C4500042F20920F5F70AFA0028F6D0F7F7EAFBCE
:10C4600045F2A060F5F7C5F9A5F82C850120FDF788
:10C4700004FBF14B40F64F62F049F24825F0DAFE3A
:10C4800003B0BDE8F08FA5F82C8503B0BDE8F08FB0
:10C490004FF00C0BB0F5FA7F25D0B0F5167F7CD0AD
:10C4A0004FF00B08B0F52F7F78D0B0F5617F00F02A
:10C4B0005983B0F5487FE8D142F2A020F5F7C3F9DF
:10C4C000002800F078834FF4FA70A5F82C05384660
:10C4D000A5F83475FAF76AF942F2A020F5F789F960
:10C4E00003B0BDE8F08F42F26820F5F7ACF9C8B1AF
:10C4F000B5F94400642811DA401C02B2A5F84420C2
:10C50000A5F8C82A01230A2108200094FAF758FA4E
:10C51000B5F944200C210820FAF7DDFA42F2682030
:10C52000F5F767F942F26920F5F78DF9C8B1B5F969
:10C530004400002811DD401E02B2A5F84420A5F8F1
:10C54000C82A01230A2108200094FAF739FAB5F91C
:10C5500044200C210820FAF7BEFA42F26920F5F7D0
:10C5600048F942F26A20F5F76EF900B3B5F94800D0
:10C57000642818DA401C02B2A5F8482001230B21D8
:10C5800008200094FAF71CFAB5F948200D2108207C
:10C59000FAF7A1FAB5F9480001E058E06DE003F0C0
:10C5A00045F8F9F7E7FE42F26A20F5F722F942F280
:10C5B0006B20F5F748F9E8B1B5F94800012815DD19
:10C5C000401E02B2A5F8482001230B210820009448
:10C5D000FAF7F6F9B5F948200D210820FAF77BFAA9
:10C5E000B5F9480003F022F8F9F7C4FE42F26B20D7
:10C5F000F5F7FFF842F26520F5F725F970B1FCF781
:10C600001EFF4FF41670A5F82C055846A5F834B552
:10C61000FAF7CCF842F26520F5F7EBF842F2672022
:10C62000F5F711F900283FF45BAF4FF44870A5F817
:10C630002C050D20A5F83405FAF7B8F8FCF704F935
:10C6400042F26720F5F7D5F803B0BDE8F08F42F26B
:10C650006E20F5F7F8F80028F6D04FF4FA70A5F838
:10C660002C053846A5F83475FAF7A0F842F26E208A
:10C67000F5F7BFF803B0BDE8F08F45F2A060F5F71D
:10C68000B8F842F27B20F5F7DEF8D0B1B5F9300505
:10C69000FDF7D1F9B5F9300518B1102801DAA5F880
:10C6A0003045B5F93005102801DDA5F830A5B5F9FC
:10C6B0003015B5F93205FDF722F842F27B20F5F787
:10C6C00098F842F27C20F5F7BEF8F8B1B5F93005DC
:10C6D000FDF7B1F9B5F93005012804D0102802DAC8
:10C6E0000120A5F83005B5F93005112804D010282F
:10C6F00002DB1120A5F83005B5F93015B5F9320582
:10C70000FCF7FDFF42F27C20F5F773F842F27D2042
:10C71000F5F799F8F8B1B5F93005FDF78CF9B5F9E9
:10C720003005022804D0102802DA0220A5F83005CE
:10C73000B5F93005122804D0102802DB1220A5F824
:10C740003005B5F93015B5F93205FCF7D8FF42F2DE
:10C750007D20F5F74EF842F27E20F5F774F8F8B137
:10C76000B5F93005FDF767F9B5F93005032804D0B0
:10C77000102802DA0320A5F83005B5F93005132892
:10C7800004D0102802DB1320A5F83005B5F93015C8
:10C79000B5F93205FCF7B3FF42F27E20F5F729F830
:10C7A00042F27F20F5F74FF8F8B1B5F93005FDF703
:10C7B00042F9B5F93005042804D0102802DA042023
:10C7C000A5F83005B5F93005142804D0102802DB8F
:10C7D0001420A5F83005B5F93015B5F93205FCF788
:10C7E0008EFF42F27F20F5F704F84FF40A50F5F778
:10C7F0002AF8F8B1B5F93005FDF71DF9B5F930059E
:10C80000052804D0102802DA0520A5F83005B5F96E
:10C810003005152804D0102802DB1520A5F83005B6
:10C82000B5F93015B5F93205FCF769FF4FF40A5038
:10C83000F4F7DFFF08E00000DA660408FC8901086D
:10C84000D47204081873040842F28120F4F7FBFF45
:10C85000F0B1B5F93005FDF7EEF8B5F93005062869
:10C8600003D0102801DAA5F83095B5F9300516285F
:10C8700004D0102802DB1620A5F83005B5F93015D4
:10C88000B5F93205FCF73BFF42F28120F4F7B1FF26
:10C8900042F28220F4F7D7FFF0B1B5F93005FDF789
:10C8A000CAF8B5F93005072803D0102801DAA5F831
:10C8B0003065B5F93005172804D0102802DB1720A1
:10C8C000A5F83005B5F93015B5F93205FCF717FFB5
:10C8D00042F28220F4F78DFF42F28320F4F7B3FF97
:10C8E000F0B1B5F93005FDF7A6F8B5F9300508281F
:10C8F00003D0102801DAA5F83075B5F930051828ED
:10C9000004D0102802DB1820A5F83005B5F9301541
:10C91000B5F93205FCF7F3FE42F28320F4F769FF24
:10C9200042F28420F4F78FFFF8B1B5F93005FDF736
:10C9300082F8B5F93005092804D0102802DA092058
:10C94000A5F83005B5F93005192804D0102802DB08
:10C950001920A5F83005B5F93015B5F93205FCF701
:10C96000CEFE42F28420F4F744FF42F28520F4F731
:10C970006AFFF8B1B5F93005FDF75DF8B5F9300596
:10C980000A2804D0102802DA0A20A5F83005B5F9E3
:10C9900030051A2804D0102802DB1A20A5F830052B
:10C9A000B5F93015B5F93205FCF7A9FE42F285203C
:10C9B000F4F71FFF42F28620F4F745FFF0B1B5F916
:10C9C0003005FDF738F8B5F930050B2803D01028ED
:10C9D00001DAA5F83085B5F930051B2804D01028F8
:10C9E00002DB1B20A5F83005B5F93015B5F9320585
:10C9F000FCF785FE42F28620F4F7FBFE42F2872028
:10CA0000F4F721FFF0B1B5F93005FDF714F8B5F9E9
:10CA100030050C2803D0102801DAA5F830B5B5F997
:10CA200030051C2804D0102802DB1C20A5F8300596
:10CA3000B5F93015B5F93205FCF761FE42F28720F1
:10CA4000F4F7D7FE42F28820F4F7FDFEF8B1B5F90D
:10CA50003005FCF7F0FFB5F930050D2804D010289B
:10CA600002DA0D20A5F83005B5F930051D2804D0EF
:10CA7000102802DB1D20A5F83005B5F93015B5F9F1
:10CA80003205FCF73CFE42F28820F4F7B2FE42F297
:10CA90008920F4F7D8FE0E24F0B1B5F93005FCF783
:10CAA000CAFFB5F930050E2803D0102801DAA5F821
:10CAB0003045B5F930051E2804D0102802DB1E20B1
:10CAC000A5F83005B5F93015B5F93205FCF717FEB4
:10CAD00042F28920F4F78DFE42F28A20F4F7B3FE89
:10CAE000F8B1B5F93005FCF7A6FFB5F930050F2808
:10CAF00004D0102802DA0F20A5F83005B5F930056A
:10CB00001F2804D0102802DB1F20A5F83005B5F936
:10CB10003015B5F93205FCF7F2FD42F28A20F4F740
:10CB200068FE42F27820F4F78EFE00283FF4A2ADB2
:10CB30004FF46170A5F82C05A5F83445B5F930051A
:10CB4000C84901EBC01201210E20F9F70FFFB5F81B
:10CB50003405F9F72BFE42F27820F4F74AFE03B0D1
:10CB6000BDE8F08F42F2AC20F4F76DFE4FF42F7465
:10CB700068B1A5F82C454046A5F83485F9F716FEAE
:10CB800042F2AC20F4F735FE03B0BDE8F08F42F27C
:10CB9000AB20F4F758FE0028F6D0A5F82C45404607
:10CBA000A5F83485F9F702FE42F2AB20F4F721FE36
:10CBB00003B0BDE8F08F42F21320F4F744FEC0B199
:10CBC000002263210D20F9F77DFE002080F31088FC
:10CBD000F5F7C2FCF5F712FDF5F724FDFBF71DF99B
:10CBE0004FF47A60F7F70CF9F4F7DEFD03B0BDE817
:10CBF000F08F42F21420F4F726FEC0B10022632128
:10CC00000D20F9F75FFE002080F31088F5F705FC92
:10CC1000F5F7D9FCFBF70AFDFBF7FFF84FF47A6054
:10CC2000F7F7EEF8F4F7C0FD03B0BDE8F08F42F27D
:10CC30001820F4F708FEA8B3029484F3108802A920
:10CC400041F67450F6F7C2F802A941F67550F6F7AE
:10CC5000BDF802A941F67650F6F7B8F802A941F6F8
:10CC60007750F6F7B3F802A941F67050F6F7AEF830
:10CC700002A941F67150F6F7A9F802A941F67250DF
:10CC8000F6F7A4F802A941F67350F6F79FF8FBF700
:10CC9000C4F84FF47A60F7F7B3F8F4F785FD03B002
:10CCA000BDE8F08FFFE742F21920F4F7CCFDE0B3C6
:10CCB000012293210D20F9F7DBFD002263210D20D5
:10CCC000F9F700FE002240F237110D20F9F7FAFDC6
:10CCD000FBF754F9C0B101224FF49C710D20F9F714
:10CCE000C7FD012240F239110D20F9F7C1FD0122E3
:10CCF0004FF49C710D20F9F7E5FD012240F2391146
:10CD00000D20F9F7DFFD2AE000224FF49C710D2081
:10CD1000F9F7AEFD002240F239110D20F9F7A8FD18
:10CD200000224FF49C710D2000E01FE0F9F7CAFDCE
:10CD3000002240F239110D20F9F7C4FD01226321D0
:10CD40000D20F9F7BFFD002240F237110D20F9F751
:10CD5000E3FD012240F237110D20F9F7B3FD42F255
:10CD60001920F4F746FD03B0BDE8F08F42F21A2017
:10CD7000F4F769FD80B100224FF49C710D20F9F7A2
:10CD8000A1FD002240F239110D20F9F79BFDFBF7C0
:10CD9000BFF903B0BDE8F08F42F21B20F4F753FD5A
:10CDA00088B300224FF49C710D20F9F78BFD00220F
:10CDB00040F239110D20F9F785FDFBF738FA002212
:10CDC00040F237110D20F9F7A7FD012240F237118B
:10CDD0000D20F9F777FD00224FF49C710D20F9F733
:10CDE00047FD002240F239110D20F9F741FD0122E3
:10CDF00063210D20F9F766FD42F21B20F4F7F9FCE0
:10CE000003B0BDE8F08FFFE745F28560F4F741FD20
:10CE10000028F5D0FBF790FE03B0BDE8F08F10B40A
:10CE20000021044602782D2A01D02B2A00D1401C73
:10CE3000027882B16FF02F030278A2F1300CBCF1BE
:10CE40000A0F08D201EB810103EB41011144401CA0
:10CE50000278002AF0D120782D2800D1494210BC58
:10CE600008467047282A002070B5C0B006460D4617
:10CE70001446301F0C2880F05D80DFE810F00C00B5
:10CE8000D10335076909B0093B0A800B710C240AEC
:10CE90008B0DD50D190A00208DF804000F2D80F0A0
:10CEA0004980DFE805F04708498ACEF6F5F4F3F249
:10CEB000F1F0EFEEED00F948B0F9361531B1012986
:10CEC0000ED0022916D003291ED026E0B0F838155E
:10CED00041F03101A0F838150121A0F836151CE009
:10CEE000B0F8381541F44451A0F838150221A0F8E3
:10CEF000361512E0B0F83A1541F03101A0F83A15B4
:10CF00000321A0F8361508E0B0F83A1541F4445171
:10CF1000A0F83A150421A0F83615B0F83815ADF888
:10CF20000010B0F83A05ADF802006A460F2130460D
:10CF3000F9F71CFD40B070BDD848B0F9361531B1D5
:10CF400001290ED0022916D003291ED026E0B0F800
:10CF5000381541F03201A0F838150121A0F8361536
:10CF60001CE0B0F8381541F44851A0F838150221FA
:10CF7000A0F8361512E0B0F83A1541F03201A0F8E9
:10CF80003A150321A0F8361508E0B0F83A1541F437
:10CF90004851A0F83A150421A0F83615B0F8381514
:10CFA000ADF80010B0F83A05ADF802006A460F215E
:10CFB0003046F9F7DBFC40B070BDB848B0F9361523
:10CFC00031B101290ED0022916D003291ED026E046
:10CFD000B0F8381541F03301A0F838150121A0F858
:10CFE00036151CE0B0F8381541F44C51A0F838154E
:10CFF0000221A0F8361512E0B0F83A1541F03301DD
:10D00000A0F83A150321A0F8361508E0B0F83A1553
:10D0100041F44C51A0F83A150421A0F83615B0F8A7
:10D020003815ADF80010B0F83A05ADF80200002050
:10D030008DF804006A460F213046F9F797FC40B09E
:10D0400070BD9648B0F9361531B101290ED00229CC
:10D0500020D0032928D030E0B0F8381541F0340151
:10D06000A0F838150121A0F8361526E0B0F83815DB
:10D0700041F45051A0F838150221A0F836151CE0F3
:10D0800051E208E2C9E1B2E170E12BE1E7E0A5E09D
:10D0900063E021E0B0F83A1541F03401A0F83A1508
:10D0A0000321A0F8361508E0B0F83A1541F45051C4
:10D0B000A0F83A150421A0F83615B0F83815ADF8E7
:10D0C0000010B0F83A05ADF802006A460F2130466C
:10D0D000F9F74CFC40B070BD7048B0F9361531B16D
:10D0E00001290ED0022916D003291ED026E0B0F85F
:10D0F000381541F03501A0F838150121A0F8361592
:10D100001CE0B0F8381541F45451A0F8381502214C
:10D11000A0F8361512E0B0F83A1541F03501A0F844
:10D120003A150321A0F8361508E0B0F83A1541F495
:10D130005451A0F83A150421A0F83615B0F8381566
:10D14000ADF80010B0F83A05ADF802006A460F21BC
:10D150003046F9F70BFC40B070BD5049B1F93605C7
:10D1600030B101280ED0022816D003281ED026E0A8
:10D17000B1F8380540F03600A1F838050120A1F8D3
:10D1800036051CE0B1F8380540F45850A1F83805D0
:10D190000220A1F8360512E0B1F83A0540F0360059
:10D1A000A1F83A050320A1F8360508E0B1F83A05E0
:10D1B00040F45850A1F83A050420A1F83605B1F81A
:10D1C0003805ADF80000B1F83A05ADF802006A463E
:10D1D0000F213046F9F7CAFB40B070BD2F49B1F9B5
:10D1E000360530B101280ED0022816D003281ED0F3
:10D1F00026E0B1F8380540F03700A1F838050120E5
:10D20000A1F836051CE0B1F8380540F45C50A1F8EF
:10D2100038050220A1F8360512E0B1F83A0540F0D1
:10D220003700A1F83A050320A1F8360508E0B1F867
:10D230003A0540F45C50A1F83A050420A1F83605FF
:10D24000B1F83805ADF80000B1F83A05ADF80200C4
:10D250006A460F213046F9F789FB40B070BD0F498F
:10D26000B1F9360530B101280ED0022818D00328B4
:10D2700020D028E0B1F8380540F03800A1F8380592
:10D280000120A1F836051EE0B1F8380540F46050E1
:10D29000A1F838050220A1F8360514E04803002063
:10D2A000B1F83A0540F03800A1F83A050320A1F89A
:10D2B000360508E0B1F83A0540F46050A1F83A05A7
:10D2C0000420A1F83605B1F83805ADF80000B1F832
:10D2D0003A05ADF802006A460F213046F9F746FBE1
:10D2E00040B070BDF749B1F9360530B101280ED014
:10D2F000022816D003281ED026E0B1F8380540F0E9
:10D300003900A1F838050120A1F836051CE0B1F874
:10D31000380540F46450A1F838050220A1F836051C
:10D3200012E0B1F83A0540F03900A1F83A050320BF
:10D33000A1F8360508E0B1F83A0540F46450A1F8C8
:10D340003A050420A1F83605B1F83805ADF800001B
:10D35000B1F83A05ADF8020000208DF804006A46E5
:10D360000F213046F9F702FB40B070BDD549B1F945
:10D37000360530B101280ED0022816D003281ED061
:10D3800026E0B1F8380540F03000A1F8380501205A
:10D39000A1F836051CE0B1F8380540F44050A1F87A
:10D3A00038050220A1F8360512E0B1F83A0540F040
:10D3B0003000A1F83A050320A1F8360508E0B1F8DD
:10D3C0003A0540F44050A1F83A050420A1F836058A
:10D3D000B1F83805ADF80000B1F83A05ADF8020033
:10D3E0006A460F213046F9F7C1FA40B070BD4FF4DC
:10D3F0002770F4F7F1FA40F29D20F4F7EDFA40F2CD
:10D400009B20F4F7E9FAAF490420A1F834056A46F5
:10D410000F21F9F7ABFA40B070BDAA49B1F9360552
:10D42000042806D003280CD0022814D001281AD0D2
:10D4300022E091F83A05A1F83A050320A1F8360553
:10D440001AE0B1F83A0500F47F40A1F83A0502204D
:10D45000A1F8360510E091F83805A1F8380501204B
:10D46000A1F8360508E0B1F8380500F47F40A1F8CE
:10D4700038050020A1F83605B1F83805ADF80000F0
:10D48000B1F83A05ADF802006A460F213046F9F7C7
:10D490006DFA40B070BD8B4CB4F93805B4F94A1040
:10D4A00088420FD1B4F93A15B4F94C20914209D110
:10D4B0004FF49770A4F82C050520A4F83405F9F76B
:10D4C00075F912E0A0F5545132390ED1B4F93A058C
:10D4D000A0F54051383908D14FF49770A4F82C05C5
:10D4E0000520A4F83405F9F761F94FF42770F4F733
:10D4F00073FA40F29D20F4F76FFA40F29B20F4F7A4
:10D500006BFAB4F83805ADF80000B4F83A05ADF898
:10D51000020000208DF804006A460F213046F9F71A
:10D5200025FA40B070BD674CB4F93805A0F55451E8
:10D53000323905D1B4F93A25A2F54051383963D0D2
:10D54000B4F94A108842ECD1B4F93A05B4F94C1058
:10D550008842E6D14FF4C870A4F82C0542F2152099
:10D56000F4F747F90020FBF732F94FF42770F4F78E
:10D5700033FA40F29D20F4F72FFA40F29B20F4F7A3
:10D580002BFAB4F83805ADF80000B4F83A05ADF858
:10D59000020000208DF80400002217210620F9F770
:10D5A00067F9002217210620F9F78CF901222D21B5
:10D5B0000620F9F75DF901222D210620F9F782F9FD
:10D5C000002218210620F9F753F90022182106201D
:10D5D000F9F778F9012219210620F9F749F9012212
:10D5E00019210620F9F76EF90620A4F834056A46D9
:10D5F0000F213046F9F7BAF9B4F83405F9F7D6F83F
:10D60000FCF7EEFB40B070BD4FF4C870A4F82C05D9
:10D6100042F21520F4F7DAF80120FBF7D8F8A4E776
:10D6200000208DF804000F2DECD2DFE805F008098A
:10D630004D8DCDF5F4F3F2F1F0EFEEEDEC00E1E716
:10D640002049B1F9360530B101280ED0022816D094
:10D6500003281ED026E0B1F8380540F03100A1F8CB
:10D6600038050120A1F836051CE0B1F8380540F472
:10D670004450A1F838050220A1F8360512E0B1F8AF
:10D680003A0540F03100A1F83A050320A1F836052B
:10D6900008E0B1F83A0540F44450A1F83A050420F6
:10D6A000A1F83605B1F83805ADF80000B1F83A0533
:10D6B000ADF802006A460F213046F9F757F940B03D
:10D6C00070BD000048030020F949B1F9360530B1BA
:10D6D00001280ED0022816D003281ED026E0B1F86B
:10D6E000380540F03200A1F838050120A1F83605D0
:10D6F0001CE0B1F8380540F44850A1F83805022084
:10D70000A1F8360512E0B1F83A0540F03200A1F870
:10D710003A050320A1F8360508E0B1F83A0540F4CF
:10D720004850A1F83A050420A1F83605B1F83805AB
:10D73000ADF80000B1F83A05ADF802006A460F21D5
:10D740003046F9F713F9BAE7D949B1F9360530B1DE
:10D7500001280ED0022816D003281ED026E0B1F8EA
:10D76000380540F03300A1F838050120A1F836054E
:10D770001CE0B1F8380540F44C50A1F838050220FF
:10D78000A1F8360512E0B1F83A0540F03300A1F8EF
:10D790003A050320A1F8360508E0B1F83A0540F44F
:10D7A0004C50A1F83A050420A1F83605B1F8380527
:10D7B000ADF80000B1F83A05ADF802006A460F2155
:10D7C0003046F9F7D3F87AE7B949B1F9360530B1FF
:10D7D00001280ED0022820D0032828D030E0B1F84C
:10D7E000380540F03400A1F838050120A1F83605CD
:10D7F00026E0B1F8380540F45050A1F83805022071
:10D80000A1F836051CE04BE203E2C5E1A9E168E1BD
:10D8100024E1E3E0A2E061E020E0B1F83A0540F065
:10D820003400A1F83A050320A1F8360508E0B1F864
:10D830003A0540F45050A1F83A050420A1F8360505
:10D84000B1F83805ADF80000B1F83A05ADF80200BE
:10D850006A460F213046F9F789F830E79449B1F963
:10D86000360530B101280ED0022816D003281ED06C
:10D8700026E0B1F8380540F03500A1F83805012060
:10D88000A1F836051CE0B1F8380540F45450A1F871
:10D8900038050220A1F8360512E0B1F83A0540F04B
:10D8A0003500A1F83A050320A1F8360508E0B1F8E3
:10D8B0003A0540F45450A1F83A050420A1F8360581
:10D8C000B1F83805ADF80000B1F83A05ADF802003E
:10D8D0006A460F213046F9F749F8F0E67449B1F984
:10D8E000360530B101280ED0022816D003281ED0EC
:10D8F00026E0B1F8380540F03600A1F838050120DF
:10D90000A1F836051CE0B1F8380540F45850A1F8EC
:10D9100038050220A1F8360512E0B1F83A0540F0CA
:10D920003600A1F83A050320A1F8360508E0B1F861
:10D930003A0540F45850A1F83A050420A1F83605FC
:10D94000B1F83805ADF80000B1F83A05ADF80200BD
:10D950006A460F213046F9F709F8B0E65449B1F9A3
:10D96000360530B101280ED0022816D003281ED06B
:10D9700026E0B1F8380540F03700A1F8380501205D
:10D98000A1F836051CE0B1F8380540F45C50A1F868
:10D9900038050220A1F8360512E0B1F83A0540F04A
:10D9A0003700A1F83A050320A1F8360508E0B1F8E0
:10D9B0003A0540F45C50A1F83A050420A1F8360578
:10D9C000B1F83805ADF80000B1F83A05ADF802003D
:10D9D0006A460F213046F8F7C9FF70E63449B1F9BD
:10D9E000360530B101280ED0022816D003281ED0EB
:10D9F00026E0B1F8380540F03800A1F838050120DC
:10DA0000A1F836051CE0B1F8380540F46050A1F8E3
:10DA100038050220A1F8360512E0B1F83A0540F0C9
:10DA20003800A1F83A050320A1F8360508E0B1F85E
:10DA30003A0540F46050A1F83A050420A1F83605F3
:10DA4000B1F83805ADF80000B1F83A05ADF80200BC
:10DA50006A460F213046F8F789FF30E61449B1F9DC
:10DA6000360530B101280ED0022816D0032821D067
:10DA700029E0B1F8380540F03900A1F83805012057
:10DA8000A1F836051FE0B1F8380540F46450A1F85C
:10DA900038050220A1F8360515E0B1F83A0540F046
:10DAA0003900A1F83A050320A1F836050BE0000083
:10DAB00048030020B1F83A0540F46450A1F83A0553
:10DAC0000420A1F83605B1F83805ADF80000B1F82A
:10DAD0003A05ADF802006A460F213046F8F746FFD6
:10DAE000EDE5F349B1F9360530B101280ED0022831
:10DAF00016D003281ED026E0B1F8380540F03000DB
:10DB0000A1F838050120A1F836051CE0B1F8380568
:10DB100040F44050A1F838050220A1F8360512E083
:10DB2000B1F83A0540F03000A1F83A050320A1F819
:10DB3000360508E0B1F83A0540F44050A1F83A053E
:10DB40000420A1F83605B1F83805ADF80000B1F8A9
:10DB50003A05ADF802006A460F213046F8F706FF95
:10DB6000ADE54FF42770F3F737FF40F29D20F3F750
:10DB700033FF40F29B20F3F72FFFCD48B0F8381564
:10DB8000ADF80010B0F83A05ADF802006A460F2172
:10DB90003046F8F7EBFE92E5C549B1F936050428A1
:10DBA00006D003280CD0022814D001281AD022E075
:10DBB00091F83A05A1F83A050320A1F836051AE0D4
:10DBC000B1F83A0500F47F40A1F83A050220A1F827
:10DBD000360510E091F83805A1F838050120A1F8C4
:10DBE000360508E0B1F8380500F47F40A1F83805A3
:10DBF0000020A1F83605B1F83805ADF80000B1F8FD
:10DC00003A05ADF802006A460F213046F8F7AEFE3D
:10DC100055E5A74CB4F93605042820DBB4F93805DE
:10DC2000E8B1A4F84A00B4F83A05A4F84C00F4F7B7
:10DC3000D9FA40F29B20F3F7CFFE4FF42770F3F7A9
:10DC4000CBFE40F29D20F3F7C7FE40F22D10A4F862
:10DC50002C050420A4F83405F8F7A8FD12E040F2E2
:10DC60009B20F3F7B9FE4FF42770F3F7B5FE40F2AF
:10DC70009D20F3F7B1FE4FF49770A4F82C05052012
:10DC8000A4F83405B4F83805ADF80000B4F83A0546
:10DC9000ADF802006A460F213046F8F767FE0EE540
:10DCA0004FF42770F3F798FE40F29D20F3F794FEAF
:10DCB00040F29B20F3F790FE7D4C40F22D10A4F82B
:10DCC0002C05B4F83805ADF80000B4F83A05ADF805
:10DCD00002006A460F213046F8F748FE0420A4F8F7
:10DCE0003405F8F763FDEAE42E2DBFF4E8ACDFE875
:10DCF00005F017184DAAC4F2F0EFEEEDECEBEAE9EF
:10DD0000E8E7E6E5E4E3E2E1DE8296A017171717FD
:10DD10001717171717171717171717171717178C1E
:10DD2000CDE4002C3FF4CBAC614CB4F8EE040128F8
:10DD300007D1B4F9F204642803DA40F27920F4F749
:10DD400081F8B4F8EE04022807D1B4F9F404962857
:10DD500003DA40F27A20F4F775F8B4F8EE040528F7
:10DD600007D1B4F9FA04052803DA40F27D20F4F76C
:10DD700069F8B4F8F204B4F8F4140144B4F8FA04FD
:10DD80000844A4F82A05FCF72BF898E4002C3FF48B
:10DD900096AC474CB4F8EE04012807D1B4F9F2046C
:10DDA000012803DD40F27920F4F75EF8B4F8EE04C0
:10DDB000022807D1B4F9F404012803DD40F27A20E7
:10DDC000F4F752F8B4F8EE04052807D1B4F9FA04D0
:10DDD000012803DD40F27D20F4F746F8B4F8F21490
:10DDE000B4F8F4040844B4F8FA140844A4F82A0572
:10DDF000FBF7F6FF63E4002C3FF461AC2C490120F3
:10DE0000A1F8EE04FBF7ECFF59E4002C3FF457AC0B
:10DE100027490120A1F8EE04FBF7E2FF4FE4002CB4
:10DE20003FF44DAC22490220A1F8EE04FBF7D8FFE5
:10DE300045E4002C3FF443AC1D490520A1F8EE0455
:10DE4000FBF7CEFF3BE4002C3FF439AC184CB4F99F
:10DE5000F2046428BFF633AC40F27920F3F7F2FF06
:10DE6000B4F8F204B4F8F4140844B4F8FA1408440A
:10DE7000A4F82A05FBF7B4FF21E4002C3FF41FAC03
:10DE80000B4CB4F9F20401287FF719AC40F2792069
:10DE9000F3F7EAFFB4F8F204B4F8F4140844B4F861
:10DEA000FA140844A4F82A05FBF79AFF07E4C5E032
:10DEB00048030020B5E0A7E099E0DFE0E7E0CAE032
:10DEC0001EE114E102E1F4E0EAE080E06FE053E0FB
:10DED00037E01BE0FFE7002C3FF4F1ABFE4CB4F958
:10DEE000F4049628BFF6EBAB40F27A20F3F7AAFFD2
:10DEF000B4F8F204B4F8F4140844B4F8FA1408447A
:10DF0000A4F82A05FBF76CFFFFF7D9BB002C3FF400
:10DF1000D6ABF14CB4F9F40401287FF7D0AB40F252
:10DF20007A20F3F7A1FFB4F8F204B4F8F41408442B
:10DF3000B4F8FA140844A4F82A05FBF751FFFFF7D8
:10DF4000BEBB002C3FF4BBABE34CB4F9FA0405288C
:10DF5000BFF6B5AB40F27D20F3F774FFB4F8F204DE
:10DF6000B4F8F4140844B4F8FA140844A4F82A05E0
:10DF7000FBF736FFFFF7A3BB002C3FF4A0ABD64C5A
:10DF8000B4F9FA0401287FF79AAB40F27D20F3F749
:10DF90006BFFB4F8F204B4F8F4140844B4F8FA14BB
:10DFA0000844A4F82A05FBF71BFFFFF788BB002CE9
:10DFB0003FF485ABC848B0F946000A28BFF67FABEE
:10DFC0002320F3F73FFFFBF70BFFFFF778BB002C95
:10DFD0003FF475ABC048B0F9460000287FF76FAB3F
:10DFE0002320F3F741FFFBF7FBFEFFF768BB2CB1E3
:10DFF00042F23220F3F7EAFBFFF761BB42F2332033
:10E00000F3F7E4FBFFF75BBB2CB142F23420F3F7EC
:10E01000DDFBFFF754BB42F23520F3F7D7FBFFF7E8
:10E020004EBB2CB142F23620F3F7D0FBFFF747BBD3
:10E0300042F23720F3F7CAFBFFF741BB2CB142F2A3
:10E040003820F3F7C3FBFFF73ABB42F23920F3F76E
:10E05000BDFBFFF734BB002C3FF431AB9E4CB4F852
:10E06000400000287FF42BAB94F8420001F0F1FA55
:10E07000B4F94200F4F7D1F8FFF721BB002C3FF4CC
:10E080001EAB42F24120F3F7A1FBFFF718BB002CB7
:10E090003FF415AB42F24220F3F798FBFFF70FBBBA
:10E0A000002C3FF40CAB42F23C20F3F78FFBFFF760
:10E0B00006BB002C3FF403AB87490120A1F8F00414
:10E0C000FBF710FDFBF78CFEFFF7F9BA002C3FF4CD
:10E0D000F6AA81490220A1F8F004FBF70FFEFBF736
:10E0E00029FEFBF7FFFCFBF77BFEFFF7E8BA002CED
:10E0F0003FF4E5AA42F23E20F3F768FBFFF7DFBAF0
:10E10000002C3FF4DCAA744C4FF42F70A4F82C05BB
:10E110004FF480527149724824F04DFB0020A4F85E
:10E120003205B4F84200A4F830050B20A4F83405F9
:10E13000F8F73CFBB4F93015B4F93205FAF724FED0
:10E14000B4F93015B4F93205FBF77FFCFFF7B7BA25
:10E15000A5F10D000528BFF4B2AADFE800F00C1904
:10E1600026330300002C7FF4AAAA42F23D20F3F7E5
:10E170002DFBFFF7A4BA2CB142F25220F3F726FB95
:10E18000FFF79DBA42F25320F3F720FBFFF797BA4F
:10E190002CB142F25420F3F719FBFFF790BA42F288
:10E1A0005520F3F713FBFFF78ABA2CB142F2562041
:10E1B000F3F70CFBFFF783BA42F25720F3F706FBA5
:10E1C000FFF77DBA2CB142F25820F3F7FFFAFFF7C0
:10E1D00076BA42F25920F3F7F9FAFFF770BA0A2D2E
:10E1E000BFF46DAADFE805F00507121B242D3F36AA
:10E1F000505BFFF764BA24B10B20F3F7E7FAFFF79F
:10E200005EBA0B20F3F7F5FAFFF759BA002C3FF48A
:10E2100056AA42F26820F3F7D9FAFFF750BA002C59
:10E220003FF44DAA42F26920F3F7D0FAFFF747BA5C
:10E23000002C3FF444AA42F26A20F3F7C7FAFFF732
:10E240003EBA002C3FF43BAA42F26B20F3F7BEFA31
:10E25000FFF735BA002C3FF432AA42F26520F3F7FB
:10E26000B5FAFFF72CBA002C3FF429AA1A494FF44B
:10E27000C870A1F82C050620A1F83405F8F796FA25
:10E28000FBF7AEFDFFF71BBA24B10A20F3F79EFAA5
:10E29000FFF715BA0A20F3F7ACFAFFF710BA002C13
:10E2A0003FF40DAA42F26720F3F790FAFFF707BA9E
:10E2B000022D08D13CB101F08EF9F3F78AFFF3F794
:10E2C000A3FFF3F771FA012D7FF4F9A964B142F2CB
:10E2D0006E20F3F77BFA05E048030020281A00209F
:10E2E000282A0020FFF7EBB942F26F20F3F76EFA0D
:10E2F000FFF7E5B90C2DBFF4E2A9DFE805F0060849
:10E3000025425F7C99B6D3F3F1F0FFF7D8B9002C22
:10E310003FF4D5A9F74C0120A4F832050020A4F859
:10E3200030050B20A4F83405F8F740FAB4F930159D
:10E33000B4F93205FAF728FDB4F93015B4F932050D
:10E34000FBF783FBFFF7BBB9002C3FF4B8A9E94CFE
:10E350000220A4F832050020A4F830050B20A4F810
:10E360003405F8F723FAB4F93015B4F93205FAF7A1
:10E370000BFDB4F93015B4F93205FBF766FBFFF776
:10E380009EB9002C3FF49BA9DA4C0320A4F8320577
:10E390000020A4F830050B20A4F83405F8F706FA9D
:10E3A000B4F93015B4F93205FAF7EEFCB4F93015CA
:10E3B000B4F93205FBF749FBFFF781B9002C3FF4B4
:10E3C0007EA9CC4C0420A4F832050020A4F8300526
:10E3D0000B20A4F83405F8F7E9F9B4F93015B4F9CD
:10E3E0003205FAF7D1FCB4F93015B4F93205FBF770
:10E3F0002CFBFFF764B9002C3FF461A9BD4C05204C
:10E40000A4F832050020A4F830050B20A4F8340548
:10E41000F8F7CCF9B4F93015B4F93205FAF7B4FCD1
:10E42000B4F93015B4F93205FBF70FFBFFF747B924
:10E43000002C3FF444A9AF4C0620A4F8320500207C
:10E44000A4F830050B20A4F83405F8F7AFF9B4F9B7
:10E450003015B4F93205FAF797FCB4F93015B4F970
:10E460003205FBF7F2FAFFF72AB9002C3FF427A98F
:10E47000A04C0720A4F832050020A4F830050B209A
:10E48000A4F83405F8F792F9B4F93015B4F9320567
:10E49000FAF77AFCB4F93015B4F93205FBF7D5FA7E
:10E4A000FFF70DB9002C3FF40AA9924C0820A4F8FC
:10E4B00032050020A4F830050B20A4F83405F8F745
:10E4C00075F9B4F93015B4F93205FAF75DFCB4F911
:10E4D0003015B4F93205FBF7B8FAFFF7F0B840E0B1
:10E4E0001DE0FFE7002C3FF4EAA8824C0920A4F8C5
:10E4F00032050020A4F830050B20A4F83405F8F705
:10E5000055F9B4F93015B4F93205FAF73DFCB4F910
:10E510003015B4F93205FBF798FAFFF7D0B8002CA4
:10E520003FF4CDA84FF480527349744824F043F966
:10E53000704C0020A4F83205A4F830050B20A4F894
:10E540003405F8F733F9B4F93015B4F93205FAF7B0
:10E550001BFCB4F93015B4F93205FBF776FAFFF776
:10E56000AEB8644C0620A4F83405F8F71FF94FF450
:10E57000C870A4F82C05FBF733FCFFF7A0B80C2DEE
:10E58000BFF49DA8DFE805F006082542065F067C7B
:10E590000699BCDEFFF793B8002C3FF490A8554CC9
:10E5A0000120A4F832050020A4F830050B20A4F8BF
:10E5B0003405F8F7FBF8B4F93015B4F93205FAF779
:10E5C000E3FBB4F93015B4F93205FBF73EFAFFF777
:10E5D00076B8002C3FF473A8464C0220A4F832050C
:10E5E0000020A4F830050B20A4F83405F8F7DEF875
:10E5F000B4F93015B4F93205FAF7C6FBB4F93015A1
:10E60000B4F93205FBF721FAFFF759B8002C3FF4B3
:10E6100056A8384C0320A4F832050020A4F8300591
:10E620000B20A4F83405F8F7C1F8B4F93015B4F9A3
:10E630003205FAF7A9FBB4F93015B4F93205FBF746
:10E6400004FAFFF73CB8002C3FF439A8294C052008
:10E65000A4F832050020A4F830050B20A4F83405F6
:10E66000F8F7A4F8B4F93015B4F93205FAF78CFBD1
:10E67000B4F93015B4F93205FBF7E7F9FFF71FB825
:10E68000002C3FF41CA81B4C0720A4F832050020E6
:10E69000A4F830050B20A4F83405F8F787F8B4F98E
:10E6A0003015B4F93205FAF76FFBB4F93015B4F947
:10E6B0003205FBF7CAF9FFF702B8002C3EF4FFAFB2
:10E6C0000C4C0920A4F832050020A4F830050B20DA
:10E6D000A4F83405F8F76AF8B4F93015B4F932053E
:10E6E000FAF752FBB4F93015B4F93205FBF7ADF97E
:10E6F000FEF7E5BF48030020281A0020282A002042
:10E70000002C3EF4DCAF4FF48052F849F84824F076
:10E7100052F8F84C0020A4F83205A4F830050B207C
:10E72000A4F83405F8F742F8B4F93015B4F9320515
:10E73000FAF72AFBB4F93015B4F93205FBF785F97D
:10E74000FEF7BDBFEB4C0620A4F83405F8F72EF811
:10E750004FF4C870A4F82C05FBF742FBFEF7AFBFDF
:10E76000292DBEF4ACAFDFE805F015172043545D4A
:10E77000666F78818A939CA5AEB7C0C9D2DB1515A8
:10E780001515151515151515151515151515151539
:10E7900015FDE400FEF793BF002C3EF490AF42F26B
:10E7A0007820F3F713F8FEF78ABF002C3EF487AF0A
:10E7B000D04DB5F932452CB94FF48052CC49CB48F5
:10E7C00023F0F9FFB5F93015A5F842102046A5F859
:10E7D000404001F00CFC4FF4C870A5F82C05062051
:10E7E000A5F83405F7F7E2FFFBF7FAFAFEF767BF83
:10E7F000002C3EF464AFBF4C0620A4F83405F7F7B4
:10E80000D5FF4FF4C870A4F82C05FBF7E9FAFEF722
:10E8100056BF002C3EF453AF42F27B20F2F7D6FFF6
:10E82000FEF74DBF002C3EF44AAF42F27C20F2F7D7
:10E83000CDFFFEF744BF002C3EF441AF42F27D20F5
:10E84000F2F7C4FFFEF73BBF002C3EF438AF42F2B4
:10E850007E20F2F7BBFFFEF732BF002C3EF42FAF55
:10E8600042F27F20F2F7B2FFFEF729BF002C3EF400
:10E8700026AF4FF40A50F2F7A9FFFEF720BF002C95
:10E880003EF41DAF42F28120F2F7A0FFFEF717BF62
:10E89000002C3EF414AF42F28220F2F797FFFEF70D
:10E8A0000EBF002C3EF40BAF42F28320F2F78EFF36
:10E8B000FEF705BF002C3EF402AF42F28420F2F7CF
:10E8C00085FFFEF7FCBE002C3EF4F9AE42F2852037
:10E8D000F2F77CFFFEF7F3BE002C3EF4F0AE42F2FE
:10E8E0008620F2F773FFFEF7EABE002C3EF4E7AE97
:10E8F00042F28720F2F76AFFFEF7E1BE002C3EF4F9
:10E90000DEAE42F28820F2F761FFFEF7D8BE002C9F
:10E910003EF4D5AE42F28920F2F758FFFEF7CFBEA3
:10E92000002C3EF4CCAE42F28A20F2F74FFFFEF705
:10E93000C6BE002C3EF4C3AE6E4C1021A4F83015B8
:10E94000B4F93205FAF720FA012204210B20F7F777
:10E95000E3FFB4F93015B4F93205FAF7D0FEFEF74B
:10E96000AEBEFFE7002C3EF4AAAE624C0021A4F834
:10E970003015B4F93205FAF707FA012204210B2009
:10E98000F7F7CAFFB4F93015B4F93205FAF7B7FE54
:10E99000FEF795BE40F23311A5F233108D4276D0CA
:10E9A00019DC40F22F11A5F22F108D4237D00BDC6D
:10E9B000632D18D0B5F5967F26D0A5F580702D383B
:10E9C0004ED0012830D140E0012812D0022831D0A9
:10E9D000032829D14FE0082826D2DFE800F09D74F3
:10E9E00063697A808D93FCB142F2A020F2F7EEFECB
:10E9F00092E024B142F20E20F2F7E8FE8CE042F2FF
:10EA00000E20F2F7F6FE87E024B142F20D20F2F775
:10EA1000DDFE81E042F20D20F2F7EBFE7CE024B156
:10EA200042F20C20F2F7D2FE76E042F20C20F2F72E
:10EA3000E0FE71E024B142F21220F2F7C7FE6BE073
:10EA400042F21220F2F7D5FE66E024B142F20F2026
:10EA5000F2F7BCFE60E042F20F20F2F7CAFE5BE084
:10EA600024B142F21020F2F7B1FE55E042F210203C
:10EA7000F2F7BFFE50E02CB142F21120F2F7A6FEF1
:10EA80004AE004E042F21120F2F7B3FE44E024B180
:10EA900042F21620F2F79AFE3EE042F21620F2F71A
:10EAA000A8FE39E004B342F21320F2F78FFE33E000
:10EAB000D4B1002263210D20F7F704FF42F21820A1
:10EAC000F2F784FE28E07CB142F21420F2F77EFED9
:10EAD00022E04CB142F21920F2F778FE1CE01CB1A2
:10EAE00042F21A20F2F772FE16E00000281A002007
:10EAF000282A00204803002074B142F21B20F2F7BC
:10EB000065FE09E024B10A49002081F8440003E0D1
:10EB10000749012081F84400032D7EF4D0AD002C7C
:10EB20003EF4CDAD42F2AB20F2F750FEFEF7C7BD8A
:10EB3000ECC2012038B5824C062809D008287CD1C7
:10EB400000200C297AD00D2977D1002A77D0E3E074
:10EB5000A1F12703DFED7B1A7949B1EE041AB2EE79
:10EB6000040AB1F8F404B1F8F2C4B1F8FA1460443C
:10EB7000084400B2DFED740A052B5ED2DFE803F033
:10EB800003647F9AB300642A00D96422012A00D862
:10EB90000122B4F9EE04F7EE002A012814D100EEA8
:10EBA000102AB8EE402A82EE200A20EE200A10EE4B
:10EBB000101AB1F17E5F01DAB0EE620ABDEEC00A52
:10EBC00010EE101AA4F8F214022814D100EE102A44
:10EBD000B8EE402A82EE200A20EE210A10EE101A2A
:10EBE000B1F17E5F01DAB0EE620ABDEEC00A10EE4E
:10EBF000101AA4F8F414052814D100EE102AF8EE27
:10EC0000401A81EEA00A20EE010A10EE100AB0F1BF
:10EC10007E5F01DAB0EE620ABDEEC00A10EE100AA5
:10EC2000A4F8FA04B4F8F204B4F8F4140844B4F8FC
:10EC3000FA140844A4F82A0502E06BE05CE06AE0FC
:10EC4000BDE83840FBF7CCB8642A00D9642202B989
:10EC5000012201EE102AB8EE411AC1EE201A61EE2F
:10EC6000A00A20EE800ABDEEC00A10EE101AA4F829
:10EC70000015A4F82A05BDE83840FBF7B1B8642AAE
:10EC800000D9642202B9012201EE102AB8EE411A1D
:10EC900081EE202A62EE210A20EE800ABDEEC00A33
:10ECA00010EE101AA4F80215A4F82A05BDE83840A1
:10ECB000FBF796B8642A00D9642201EE902AF8EE98
:10ECC000611A81EEA02A62EE010A20EE800ABDEEF2
:10ECD000C00A10EE101AA4F80815A4F82A05BDE819
:10ECE0003840FBF77DB80A2A00D90A22A4F846204A
:10ECF000BDE83840FBF774B8642A00D9642212B228
:10ED0000A4F84420A4F8C82A009001230A2108206E
:10ED1000F7F756FE38BD0122642A00D9642212B2E8
:10ED2000A4F84820009001230B210820F7F748FEA3
:10ED3000B4F9480000F07AFCBDE83840F7F71ABB98
:10ED400048030020000016430000C842704700003E
:10ED500070B582B016460D2824D00E2820D1012986
:10ED60001ED1FA4DB5F83045304623F005FD6C282C
:10ED700016D8F748314600EBC41023F0D9FC04F153
:10ED8000140081B232460B20F7F7F0FDB5F93015CB
:10ED9000B5F93205F9F7F8FF42F2AC20F2F716FDAB
:10EDA00002B070BDA1F164003228F9D2DFE800F0B2
:10EDB0001A2D405366798C9FB2C5D8FDFBFAF9F83D
:10EDC000F7F6F5F419191919191919191919191941
:10EDD0001919191919191919F3F2F1F0EFEEED19C2
:10EDE000ECEBDDE76A46DBA1304623F0BFFB9DED8F
:10EDF000000AF2EE040AD84920EE200ABCEEC00A4E
:10EE000010EE100A088002B070BD6A46D1A13046EB
:10EE100023F0ACFB9DED000AF2EE040ACE4920EE91
:10EE2000200ABCEEC00A10EE100A488002B070BD85
:10EE30006A46C8A1304623F099FB9DED000AF2EE28
:10EE4000040AC54920EE200ABCEEC00A10EE100AE2
:10EE5000888002B070BD6A46BEA1304623F086FBB2
:10EE60009DED000AF2EE040ABB4920EE200ABCEE3A
:10EE7000C00A10EE100AC88002B070BD6A46B5A183
:10EE8000304623F073FB9DED000AF2EE040AB2490E
:10EE900020EE200ABCEEC00A10EE100A088102B073
:10EEA00070BD6A46ABA1304623F060FB9DED000AC1
:10EEB000F2EE040AA84920EE200ABCEEC00A10EEC9
:10EEC000100A488102B070BD6A46A2A1304623F004
:10EED0004DFB9DED000AF2EE040A9F4920EE200A48
:10EEE000BCEEC00A10EE100A888102B070BD6A46FE
:10EEF00098A1304623F03AFB9DED000AF2EE040A99
:10EF0000954920EE200ABCEEC00A10EE100AC88116
:10EF100002B070BD6A468FA1304623F027FB9DEDFD
:10EF2000000AF2EE040A8C4920EE200ABCEEC00A68
:10EF300010EE100A088202B070BD6A4685A1304604
:10EF400023F014FB9DED000AF2EE040A824920EE44
:10EF5000200ABCEEC00A10EE100A488202B070BD52
:10EF60006A467CA1304623F001FB9DED000AF2EEDB
:10EF7000040A794920EE200ABCEEC00A10EE100AFD
:10EF8000888202B070BD55E13FE129E113E1FDE067
:10EF9000ADE0E7E0C6E0B0E097E084E071E05EE07D
:10EFA0004BE038E025E012E0FFE76A4669A1304611
:10EFB00023F0DCFA9DED000AF2EE040A664920EE29
:10EFC000200ABCEEC00A10EE100AC882D9E76A46D1
:10EFD00060A1304623F0CAFA9DED000AF2EE040A61
:10EFE0005D4920EE200ABCEEC00A10EE100A08832C
:10EFF000C7E76A4657A1304623F0B8FA9DED000AEC
:10F00000F2EE040A544920EE200ABCEEC00A10EECB
:10F01000100A4883B5E76A464EA1304623F0A6FAA7
:10F020009DED000AF2EE040A4B4920EE200ABCEEE8
:10F03000C00A10EE100A8883A3E76A4645A130464D
:10F0400023F094FA9DED000AF2EE040A424920EE04
:10F05000200ABCEEC00A10EE100AC88391E76A4687
:10F060003CA1304623F082FA9DED000AF2EE040A3C
:10F07000394920EE200ABCEEC00A10EE100A0884BE
:10F080007FE76A4633A1304623F070FA9DED000A0F
:10F09000F2EE040A304920EE200ABCEEC00A10EE5F
:10F0A000100A48846DE76A462AA1304623F05EFACA
:10F0B0009DED000AF2EE040A274920EE200ABCEE7C
:10F0C000C00A10EE100A88845BE76A4621A1304628
:10F0D00023F04CFA9DED000AF2EE040A1E4920EEE0
:10F0E000200ABCEEC00A10EE100AC88449E71022BC
:10F0F00031461A4823F027FC43E701AA18A13046FD
:10F1000023F034FA019940F2E670814200DA01906E
:10F11000019940F63300814200DD01900E490198CB
:10F1200008872EE701AA0EA1304623F01FFA0198A6
:10F130000C2801DD0C2001900198012801DA012042
:10F1400001900549019848871BE70000480300200B
:10F15000282A002025660000ECC2012014C30120EB
:10F160002564000001AAAFF20801304623F0FEF941
:10F1700001981F2801DD1F2001900198012801DA64
:10F1800001200190374901988887FAE601AAAFF279
:10F190003001304623F0EAF90198642801DD64204B
:10F1A00001900198012801DA012001902D49019870
:10F1B00081F83E00E5E601AAAFF25C01304623F09B
:10F1C000D5F90198642801DD642001900198012897
:10F1D00001DA012001902349019881F83F00D0E62F
:10F1E00001AAAFF28401304623F0C0F901986428E7
:10F1F00001DD642001900198012801DA01200190CD
:10F200001849019881F84000BBE601AAAFF2B001AD
:10F21000304623F0ABF90198642801DD64200190A9
:10F220000198012801DA012001900E49019881F826
:10F230004100A6E601AAAFF2D801304623F096F9C4
:10F240000198B0F5805F02DB40F6FF7001900198F5
:10F25000012801DA0120019002490198A1F8420039
:10F260008FE60000ECC2012008F076BC70B50024E7
:10F27000664D6749E8680861084608F02CFEE868B2
:10F28000012800D10124204670BD01460020A1F1D3
:10F290000062B2F5804F05D3A2F58040B0F5804FF3
:10F2A00001D201207047A1F10060A0F50040B0F547
:10F2B000804F01D202207047A1F10060A0F54040CC
:10F2C000B0F5804F01D203207047A1F10060A0F596
:10F2D0008030B0F5803F01D204207047A1F100607A
:10F2E000A0F50030B0F5003F01D205207047A1F134
:10F2F0000060A0F58020B0F5003F01D206207047E5
:10F30000A1F10060A0F5C020B0F5003F01D20720B8
:10F310007047A1F10060A0F50020B0F5003F01D2D8
:10F3200008207047A1F10060A0F52020B0F5003F53
:10F3300001D209207047A1F10060A0F54020B0F58E
:10F34000003F01D20A2070470B20704710B53148AA
:10F35000FFF79BFF2D4C20602F48FFF796FF216899
:10F36000401A401C60602D4A002313609160D060F9
:10F370000220106104F10801104608F09AFC08B15F
:10F38000012010BD002010BD10B54FF00060FFF748
:10F390007CFF1E4C20602248FFF777FF2168401A4F
:10F3A000401C60601D4A002313609160D060022001
:10F3B000106104F10801104608F07BFC08B101203F
:10F3C00010BD002010BD10B50A461349884207D869
:10F3D00001460023022008F0F7FA18B1012010BD01
:10F3E000012010BD002010BD10B50A460C4988420E
:10F3F00007D801460023022008F0E6FA18B10120E0
:10F4000010BD012010BD002010BD000058000020DC
:10F41000A051002000000108FBFF0F08BC51002094
:10F42000FBFF0008F3F742FB0B4CF3F7BCFB45F284
:10F430008160F2F708FA08B1FBF795F8FBF783FE55
:10F44000F3F7F1FB94F842002028EED101220349A2
:10F4500001480FF035FEE8E7A4C201202CC00120CE
:10F4600010B5FD4CB4F81C05B4F820150844A4F8F8
:10F470001C0540F29322511C881FF2F7F3FAB4F8EE
:10F480001A05B4F81E150844A4F81A0540F2912292
:10F49000511CBDE81040481FF2F7E4BA10B5EE4C1D
:10F4A000B4F81C05B4F82015401AA4F81C0540F265
:10F4B0009322511C881FF2F7D5FAB4F81A05B4F854
:10F4C0001E15401AA4F81A0540F29122511CBDE8FD
:10F4D0001040481FF2F7C6BA10B5DF4CB4F81C054F
:10F4E000B4F820150844A4F81C0540F29322511CDE
:10F4F000881FF2F7B7FAB4F81A05B4F81E150844D5
:10F50000A4F81A0540F29122511CBDE81040481F92
:10F51000F2F7A8BA10B5D04CB4F81C05B4F8201511
:10F52000401AA4F81C0540F29322511C881FF2F7E0
:10F5300099FAB4F81A05B4F81E15401AA4F81A0579
:10F5400040F29122511CBDE81040481FF2F78ABAE0
:10F55000421E092A02D2401C00B217E0A0F10A02A2
:10F560005A2A02D20A3000B210E0A0F16402B2F5C9
:10F57000617F02D2323000B208E0A0F57A7247F61D
:10F5800018139A4202D200F57A7000B2884200DB6A
:10F5900008467047821E082A02D8401E00B216E0B4
:10F5A000A0F10B02592A02D80A3800B20FE0A0F1EC
:10F5B0006502B2F5617F02D2323800B207E0A0F2F4
:10F5C000E93247F617139A4201D8501C00B288421C
:10F5D00000DC0846704710B50A20F2F70AF90B2044
:10F5E000F2F707F942F20F20F2F703F942F2102086
:10F5F000F2F7FFF842F21120F2F7FBF8964C3220B6
:10F60000A4F844000A20A4F846006420A4F84800A6
:10F61000012000F0B5FB0020A4F84000A4F842004F
:10F62000F2F7F2FDBDE81040F2F7D3BDC0F164007F
:10F6300000B2002800DC0020502800DB5020C0EB86
:10F64000002080B24AF2D73100FB0110800DC0B219
:10F650007047824901EBC0108149802223F0ABB88A
:10F66000C1EB0131012803D0022808D000207047E7
:10F670007C4880FB0110A0EBE07080B270477A48B4
:10F6800080FB0110C110A1EBE07080B270472DE942
:10F69000F0430C462DED0A8B85B0012802D00228DC
:10F6A00007D103E064260127704D02E0962601276A
:10F6B0006F4DB44200DD3446BC4200DA3C46204681
:10F6C00026F08FF841EC1A0B89468046694B992247
:10F6D00069A170A0009422F0ADFD664B9A2266A14C
:10F6E00076A0009622F0A6FD624B9B2262A17DA02F
:10F6F000009722F09FFD42F21620F2F7B7F89FED37
:10F7000084CB9FED85BB002800F01C829FED840A0E
:10F71000002C14DD2888A04211DB00EE900AB8EE20
:10F72000601AC1EE000A10EE900A26F0EBFA41ECE6
:10F73000180BB0EE4B9AF0EE6B9A00F0D9B92E8808
:10F74000A64224DA6888A04221DB801B00EE900AE2
:10F75000B8EEE01AC1EE000A10EE900A26F0D2FAD6
:10F7600041EC180B9FED700B51EC180B53EC102B68
:10F7700026F09EF841EC190B304626F049F853EC80
:10F78000192B26F0D5F941EC190B00F0B1B96E88B0
:10F79000A64224DAA888A04221DB801B00EE900A52
:10F7A000B8EEE01AC1EE000A10EE900A26F0AAFAAE
:10F7B00041EC180B9FED5E0B51EC180B53EC102B2A
:10F7C00026F076F841EC190B304626F021F853EC80
:10F7D000192B26F0ADF941EC190B00F089B9AE8870
:10F7E000A64223DAE888A04220DB801B00EE900AC4
:10F7F000B8EEE01AC1EE000A10EE900A26F082FA86
:10F8000041EC180B9FED4C0B51EC180B53EC102BEB
:10F8100026F04EF841EC190B304625F0F9FF53EC79
:10F82000192B26F085F941EC190B61E1EE88A6420F
:10F830000EDA2889A0420BDB801B00EE900AB8EE9E
:10F84000E01AC1EE000A10EE900A26F05BFA77E0AB
:10F850008CE000000000000048030020281A00206F
:10F86000C8070020295C8F02DB40A70DECC20120F5
:10F8700000C30120A56804082E2E5C2E2E5C4D616D
:10F88000696E4170705C4D61696E4170704C696267
:10F890002E63000025732C25642C25733A43616C7C
:10F8A0006962726174696F6E20696E707574207020
:10F8B0006F776572203D2025640A000025732C2592
:10F8C000642C25733A43616C6962726174696F6E6E
:10F8D000206D617820706F776572203D2025640A65
:10F8E0000000000025732C25642C25733A43616CBD
:10F8F0006962726174696F6E206D696E20706F77D6
:10F900006572203D2025640A000000000000000010
:10F910000000000000FEAF400000000000000000FA
:10F92000CDCCCC3D000000009A9999999999B93FA6
:10F930009A9999999999C93F333333333333D33FE4
:10F9400041EC180B9FEDC00B51EC180B53EC102B36
:10F9500025F0AEFF41EC190B304625F059FF53EC72
:10F96000192B26F0E5F841EC190BC1E02E89A642CF
:10F9700023DA6889A04220DB801B00EE900AB8EEF3
:10F98000E01AC1EE000A10EE900A26F0BBF941EC35
:10F99000180B9FEDAF0B51EC180B53EC102B25F00F
:10F9A00087FF41EC190B304625F032FF53EC192B41
:10F9B00026F0BEF841EC190B9AE06E89A64223DAD4
:10F9C000A889A04220DB801B00EE900AB8EEE01A66
:10F9D000C1EE000A10EE900A26F094F941EC180BE3
:10F9E0009FED9D0B51EC180B53EC102B25F060FF95
:10F9F00041EC190B304625F00BFF53EC192B26F088
:10FA000097F841EC190B73E0AE89A64223DAE88936
:10FA1000A04220DB801B00EE900AB8EEE01AC1EE97
:10FA2000000A10EE900A26F06DF941EC180B9FEDDC
:10FA30008C0B51EC180B53EC102B25F039FF41ECDB
:10FA4000190B304625F0E4FE53EC192B26F070F824
:10FA500041EC190B4CE0EE89A64223DA288AA04239
:10FA600020DB801B00EE900AB8EEE01AC1EE000A1F
:10FA700010EE900A26F046F941EC180B9FED7A0B38
:10FA800051EC180B53EC102B25F012FF41EC190B25
:10FA9000304625F0BDFE53EC192B26F049F841EC19
:10FAA000190B25E02E8AA64222DA688AA0421FDBC3
:10FAB000801B00EE900AB8EEE01AC1EE000A10EECC
:10FAC000900A26F01FF941EC180B9FED690B51ECE1
:10FAD000180B53EC102B25F0EBFE41EC190B3046C4
:10FAE00025F096FE53EC192B26F022F841EC190B69
:10FAF00049EC108B53EC192B51EC100B26F018F835
:10FB000053EC182B25F0ACFC41EC1A0B5A4BC822D5
:10FB1000AFF29C2159A022F08DFB8DED029B564B3C
:10FB20008DED008BC922AFF2B0215DA022F082FBE7
:10FB3000514B8DED00ABCA22AFF2C42161A022F07F
:10FB400079FB13E04C4BCD22AFF2D42165A022F01B
:10FB500071FB304625F045FE41EC100B51EC1A0BC1
:10FB600053EC102B25F07CFC41EC1A0B53EC1C2BB6
:10FB700051EC1A0B25F09CFE41EC190B53EC1C2B9D
:10FB800051EC190B25F092FF03D2B0EE4C9AF0EE37
:10FB90006C9A53EC1B2B51EC190B25F04DFE03D244
:10FBA000B0EE4B9AF0EE6B9A51EC190B25F0ECFD90
:10FBB00084B2314BD822AFF2403153A0009422F0EE
:10FBC00039FB05B02046BDEC0A8BBDE8F083002070
:10FBD000704700207047891A00EE101AB8EEC00A6C
:10FBE000B1EE400A80ED030A10EE101A11F1814FB8
:10FBF00008D810EE101AB1F17E5F03DC9FED4A0ABF
:10FC000080ED030AD0ED000A90ED030A20EE801A81
:10FC1000D0ED011AD0ED040A61EEA01A90ED022A8F
:10FC2000D0ED052A22EE222A31EE611A31EE021AB7
:10FC3000C0ED050A80ED040ABDEEC10A10EE100AFF
:10FC400000B27047000000009A9999999999D93F9C
:10FC5000000000000000E03F333333333333E33F31
:10FC6000666666666666E63F9A9999999999E93F4C
:10FC7000CDCCCCCCCCCCEC3FA568040825732C258E
:10FC8000642C25733A456E61626C652063616C6912
:10FC900062726174696F6E206D6F64650A000000A6
:10FCA00025732C25642C25733A43616C696272615B
:10FCB00074696F6E20664B3D25662C2066423D259B
:10FCC000660A000025732C25642C25733A43616C69
:10FCD0006962726174696F6E20664F75743D256646
:10FCE0000A00000025732C25642C25733A4469739F
:10FCF00061626C652063616C6962726174696F6EC8
:10FD0000206D6F64650A000025732C25642C257313
:10FD10003A43616C6962726174696F6E20664F75F7
:10FD2000743D25640A0000000000000006480088B9
:10FD30007047064801680648016006490968416045
:10FD40000549096881607047227AFF1F107AFF1FFA
:10FD500034C30120147AFF1F187AFF1FF448B0F94A
:10FD600042001F2802DA2120F2F76CB87047F048F1
:10FD7000B0F94200002802DD2120F2F775B8704783
:10FD80002DE9F05F81460024EA4E01254FF0370A45
:10FD90004FF0380B4FF47A78B9F1010F00F0FE8084
:10FDA0000AEB841736F9170001282DD002282BD032
:10FDB000052829D0062827D0072825D006EBC4100F
:10FDC000621CDDA122F042FA26F817500BEB8410DA
:10FDD00026F810500A20392101EB841126F8110071
:10FDE0003A2000EB841026F810503D2000EB8410E0
:10FDF00026F810503E2000EB841026F810803F209B
:10FE000000EB841026F81080601C04B2202CC3DBA9
:10FE10003446CCA1204622F019FAA4F86E50A4F87A
:10FE200070502827A4F87270A4F87450A4F87A507F
:10FE3000A4F87C80A4F87E8004F18000C5A122F0A3
:10FE400005FAA4F8EE500226A4F8F060A4F8F270C7
:10FE5000A4F8F450A4F8FA50A4F8FC80A4F8FE80AA
:10FE600004F58070C0A122F0F1F9A4F86E51A4F855
:10FE700070513227A4F87271A4F87451A4F87A5121
:10FE8000A4F87C81A4F87E8104F5C070BBA122F0A7
:10FE9000DDF9A4F8EE51A4F8F061A4F8F271A4F829
:10FEA000F451A4F8FA51A4F8FC81A4F8FE8104F5F9
:10FEB0000070B7A122F0CAF9A4F86E52A4F87052EB
:10FEC0003C27A4F87272A4F87452A4F87A52A4F8E9
:10FED0007C82A4F87E8204F52070B2A122F0B6F9EB
:10FEE000A4F8EE52A4F8F062A4F8F272A4F8F45266
:10FEF000A4F8FA52A4F8FC82A4F8FE8204F540703B
:10FF0000AEA122F0A3F9A4F86E53A4F870531427FD
:10FF1000A4F87273A4F87453A4F87A53A4F87C83F9
:10FF2000A4F87E8304F56070A8A122F08FF9A4F8EC
:10FF3000EE53A4F8F063A4F8F273A4F8F453A4F811
:10FF4000FA53A4F8FC83A4F8FE8304F58060A4A10E
:10FF500022F07CF9A4F86E54A4F870541E27A4F87B
:10FF60007274A4F87454A4F87A54A4F87C84A4F8A5
:10FF70007E8404F590609EA122F068F9A4F8EE5406
:10FF8000A4F8F064A4F8F274A4F8F454A4F8FA54B1
:10FF9000A4F8FC84A4F8FE84BDE8F09F06EBC4102E
:10FFA000621C65A122F052F90AEB841026F8105069
:10FFB0000BEB841026F810500A20392101EB841134
:10FFC00026F811003A2000EB841026F810503D204E
:10FFD00000EB841026F810503E2000EB841026F829
:10FFE00010803F2000EB841026F810800CE7F8B555
:10FFF00007460C461F2C00DD1F244E4E4C4D06EBD1
:020000040802F0
:10000000C411702205F5906022F0D5FB372000EB7B
:10001000841036F81000A5F8EE04382000EB8410A8
:1000200036F81000A5F8F004392000EB841036F8FB
:100030001000A5F8F2043A2000EB841036F8100006
:10004000A5F8F4043D2000EB841036F81000A5F864
:10005000FA043E2000EB841036F81000A5F8FC04EA
:100060003F2000EB841036F81000A5F8FE04654B25
:1000700040F23A6264A16CA0009722F0DBF8614B79
:1000800040F23B6260A170A0009422F0D3F805F525
:10009000906000905B4B40F23C625BA171A022F04B
:1000A000C9F8B5F9EE040090564B40F23D6256A1F6
:1000B00073A022F0BFF8B5F9F0040090514B40F264
:1000C0003E6251A175A022F0B5F8B5F9F204009096
:1000D0004C4B40F23F624CA177A022F0ABF8B5F94F
:1000E000F4040090474B4FF4C86247A17AA022F075
:1000F000A1F8B5F9FA040090424B40F2416242A1E6
:100100007DA022F097F8B5F9FC0400903D4B40F239
:1001100042623DA180A022F08DF8B5F9FE04009066
:10012000384B40F2436238A183A022F083F8F8BD37
:1001300048030020281A0020437573746F6D202532
:100140006400000045564C4120546869676820638C
:100150007720690045564C412054686967682050F3
:10016000756C73652069000045564C4120546869E0
:1001700067682043772069690000000045564C41BC
:100180002054686967682050756C73652069690040
:1001900045564C4120546869676820437720696957
:1001A0006900000045564C4120546869676820503A
:1001B000756C7365206969690000000045564C4103
:1001C0002063616C662063772069000045564C41CE
:1001D0002063616C662050756C73652069000000B7
:1001E00045564C412063616C662043572069690085
:1001F00045564C412063616C662050756C736520D8
:1002000069690000B46804082E2E5C2E2E5C6465BB
:1002100076696365496E666F5C7072655363686585
:100220006D652E630000000025732C25642C25735A
:100230003A736368656D6520636C61737369667991
:100240003A25640A0000000025732C25642C2573D0
:100250003A736368656D6520696E6465783A2564F4
:100260000A00000025732C25642C25733A736368FB
:10027000656D65206E616D653A25730A00000000AA
:1002800025732C25642C25733A736368656D65208E
:1002900073656C6563743A25640A000025732C2528
:1002A000642C25733A736368656D65206D6F6465B2
:1002B0003A25640A0000000025732C25642C257360
:1002C0003A736368656D6520706F776572203134AD
:1002D00037303A25640A000025732C25642C2573D9
:1002E0003A736368656D6520706F77657220393881
:1002F000303A25640A00000025732C25642C2573F0
:100300003A736368656D6520706F77657220363368
:10031000353A25640A00000025732C25642C2573CA
:100320003A736368656D6520706F7377696474688C
:100330003A25640A0000000025732C25642C2573DF
:100340003A736368656D65206E6567776964746884
:100350003A25640A00000000F0B40268FC4BDFF8A4
:10036000F4C3FD4DFD4EFE4C98420AD0B0F1804FD3
:1003700007D0604505D0A84203D0B04201D0A042CA
:1003800003D122F070024F683A43984228D0B0F16E
:10039000804F25D0604523D0A84221D0B0421FD045
:1003A000A0421DD0A0F1804CBCF5A03C18D0A0F11B
:1003B000804CBCF5A23C13D0A0F1804CBCF5A43C11
:1003C0000ED0A0F1804CBCF5C05C09D0A0F1804CEF
:1003D000BCF5E05C04D0A0F1804CBCF5005C05D11C
:1003E00022F44072D1F80CC04CEA0202D1F814C0D9
:1003F00022F0800242EA0C0202608A68C2620A6845
:100400008262984201D0A04201D1096901630121B1
:100410004161016911F0010F03D0016921F001016F
:100420000161F0BC7047704710B50446002C03D042
:1004300094F83D0010B107E0012010BD002084F8C1
:100440003C002046F0F721FE022084F83D00211DEB
:100450002068FFF781FF012084F8460084F83E0001
:1004600084F83F0084F8400084F8410084F842009A
:1004700084F8430084F8440084F8450084F83D0083
:10048000002010BD704710B50446022084F83D00DE
:100490002068016A41F21112114207D1016A9210DB
:1004A000114203D1016821F0010101602046F0F7FB
:1004B00082FE002084F8460084F83E0084F83F0065
:1004C00084F8400084F8410084F8420084F8430036
:1004D00084F8440084F8450084F83D0084F83C002A
:1004E00010BD90F83D10012901D001207047022174
:1004F00080F83D100068A0F18041B1F5803126D030
:10050000B0F1804F23D0A0F18041B1F580611ED0C1
:10051000A0F18041B1F5006119D0A0F18041B1F5A1
:10052000406114D0A0F18041B1F582310FD0A0F12B
:100530008041B1F5A0310AD0A0F18041B1F5C051A0
:1005400005D0016841F00101016000207047816819
:1005500001F007010629F8D0016841F001010160AE
:10056000F3E701680A6A41F211131A4207D10A6AD5
:100570009B101A4203D10A6822F001020A6001218D
:1005800080F83D100020704790F83D10012901D0FF
:1005900001207047022180F83D100168CA6842F0CE
:1005A0000102CA600068A0F18041B1F5803126D017
:1005B000B0F1804F23D0A0F18041B1F580611ED011
:1005C000A0F18041B1F5006119D0A0F18041B1F5F1
:1005D000406114D0A0F18041B1F582310FD0A0F17B
:1005E0008041B1F5A0310AD0A0F18041B1F5C051F0
:1005F00005D0016841F00101016000207047816869
:1006000001F007010629F8D0016841F001010160FD
:10061000F3E70168CA6822F00102CA6001680A6A49
:1006200041F211131A4207D10A6A9B101A4203D1F0
:100630000A6822F001020A60012180F83D100020C2
:100640007047704710B5846B0121626A824203D102
:10065000217784F83E1019E0A26A824204D1022078
:10066000207784F83F1011E0E26A824204D104202E
:10067000207784F8401009E0226B824204D10820E0
:10068000207784F8411001E084F83D102046FFF700
:10069000D8FF0020207710BD704710B5806BFFF7A2
:1006A000FBFF10BD704710B5806B016AC969002956
:1006B00002D1012180F83D10EFF722FF10BD10B5E7
:1006C000044694F83D00022805D094F83D00012826
:1006D00003D0012010BD022010BDC1B1BAB102206B
:1006E00084F83D00236A1F48D863236A1E481864B3
:1006F000AFF2AF00236AD8642068134600F12C0CD7
:100700006246206A07F034FF18B1012010BD0120B5
:1007100010BD2068C16841F48071C1602068A0F1FB
:100720008041B1F5803136D0B0F1804F33D0A0F1A7
:100730008041B1F580612ED0A0F18041B1F500611A
:1007400029D0A0F18041B1F5406124D00EE0000035
:10075000000001400004004000080040000C004080
:1007600000040140A70602089B060208A0F1804190
:10077000B1F582310FD0A0F18041B1F5A0310AD09E
:10078000A0F18041B1F5C05105D0016841F00101EF
:100790000160002010BD816801F007010629F8D032
:1007A000016841F001010160F3E710B504462068DB
:1007B000C16821F48071C160206A07F062FF20687F
:1007C000016A41F21112114207D1016A92101142DD
:1007D00003D1016821F001010160012084F83D008E
:1007E000002010BD704710B50446002C03D094F8CB
:1007F0003D0010B107E0012010BD002084F83C004E
:100800002046FFF7EFFF022084F83D00211D2068FD
:10081000FFF7A2FD012084F8460084F83E0084F82A
:100820003F0084F8400084F8410084F8420084F8D6
:10083000430084F8440084F8450084F83D0000201B
:1008400010BD704710B50446022084F83D002068B2
:10085000016A41F21112114207D1016A921011424C
:1008600003D1016821F0010101602046FFF7E9FF93
:10087000002084F8460084F83E0084F83F0084F8A5
:10088000400084F8410084F8420084F8430084F872
:10089000440084F8450084F83D0084F83C0010BD15
:1008A00001F01F0101238B40D0F820C02CEA030384
:1008B0000362036A02FA01F119430162704710B53D
:1008C0000446002909D004290AD008290BD094F83D
:1008D000410001280AD0012010BD94F83E00F8E73D
:1008E00094F83F00F5E794F84000F2E70220D9B30E
:1008F000042947D0082948D084F841000122206803
:10090000FFF7CEFFF74A2068F749904201D08842AE
:1009100003D1436C43F4004343642068904224D0E5
:10092000B0F1804F21D0A0F18042B2F580621CD09E
:10093000A0F18042B2F5006217D0A0F18042B2F57A
:10094000406212D0884210D0A0F18041B1F5A031B0
:100950000BD0A0F18041B1F5C05106D0016841F043
:1009600001010160002010BD09E0816801F007016C
:100970000629F7D0016841F001010160F2E784F82F
:100980003E00BBE784F83F00B8E784F84000B5E7D5
:1009900030B504460D46002229462068FFF780FF47
:1009A000206841F211118A10A0F18043B3F5803321
:1009B00004D0A0F18043B3F5823309D1036A0B421E
:1009C00006D1036A134203D1436C23F4004343640A
:1009D0002068036A0B4206D1016A114203D1016803
:1009E00021F00101016001203DB1042D08D0082D46
:1009F00009D084F84100002030BD84F83E00FAE7B9
:100A000084F83F00F7E784F84000F4E730B5044687
:100A10000025002909D004290AD008290BD094F810
:100A2000410001280AD0012030BD94F83E00F8E7CB
:100A300094F83F00F5E794F84000F2E7022079B11E
:100A4000042910D0082911D084F8410089B1042963
:100A500015D0082919D00C291DD001250DB354E05B
:100A600084F83E00F2E784F83F00EFE784F84000A6
:100A7000ECE72068C26842F00202C260EEE720683C
:100A8000C26842F00402C260E8E72068C26842F02F
:100A90000802C260E2E72068C26842F01002C26049
:100AA000DCE701222068FFF7FBFE8E4A20688E49B2
:100AB000904201D0884203D1436C43F40043436425
:100AC0002068904223D0B0F1804F20D0A0F1804226
:100AD000B2F580621BD0A0F18042B2F5006216D060
:100AE000A0F18042B2F5406211D088420FD0A0F14F
:100AF0008041B1F5A0310AD0A0F18041B1F5C051DB
:100B000005D0016841F001010160284630BD8168CF
:100B100001F007010629F8D0016841F001010160E8
:100B2000F3E770B504460D460026002D08D0042DCD
:100B30000CD0082D10D00C2D14D00126C6B147E0E2
:100B40002068C16821F00201C160F7E72068C16830
:100B500021F00401C160F1E72068C16821F00801BB
:100B6000C160EBE72068C16821F01001C160E5E7D2
:100B7000002229462068FFF793FE206841F21111F8
:100B80008A10A0F18043B3F5803304D0A0F18043F4
:100B9000B3F5823309D1036A0B4206D1036A1342CB
:100BA00003D1436C23F4004343642068036A0B427F
:100BB00006D1016A114203D1016821F001010160EF
:100BC00001203DB1042D08D0082D09D084F8410042
:100BD000304670BD84F83E00FAE784F83F00F7E73E
:100BE00084F84000F4E7704710B5846B616A814275
:100BF00002D10120207710E0A16A814202D10220B7
:100C000020770AE0E16A814202D10420207704E0E3
:100C1000216B814201D1082020772046FFF7E3FFB6
:100C20000020207710BD704710B5846B0121626AE7
:100C3000824205D12177C069F8B984F83E101CE0E2
:100C4000A26A824206D102222277C069A8B984F83A
:100C50003F1012E0E26A824206D104222277C06984
:100C600058B984F8401008E0226B824205D108226E
:100C70002277C06908B984F841102046FFF7D3FFF6
:100C80000020207710BD2DE9F04104460D4617469F
:100C90000026002D13D0042D14D0082D15D094F863
:100CA0004100022814D0B5B1042D17D0082D1DD055
:100CB00094F8410001281CD00120BDE8F08194F88F
:100CC0003E00EEE794F83F00EBE794F84000E8E7D9
:100CD0000220BDE8F08194F83E00EBE794F83F0075
:100CE000E8E70000000001400004014094F84000E3
:100CF000E0E74FB143B102204DB1042D0AD0082DD9
:100D00000BD084F841000AE00120BDE8F08184F8AE
:100D10003E0004E084F83F0001E084F84000FE4813
:100D2000AFF23B11AFF2E36C4DB1042D1FD0082D93
:100D300035D00C2D4BD00126002E60D094E0626A95
:100D4000D063606A0164606AC0F84CC020683946AC
:100D500000F13402606A07F00BFC10B10120BDE81D
:100D6000F0812068C16841F40071C160E4E7A26AC3
:100D7000D063A06A0164A06AC0F84CC020683946FC
:100D800000F13802A06A07F0F3FB10B10120BDE8C2
:100D9000F0812068C16841F48061C160CCE7E26AFB
:100DA000D063E06A0164E06AC0F84CC0206839464C
:100DB00000F13C02E06A07F0DBFB10B10120BDE866
:100DC000F0812068C16841F40061C160B4E7226B22
:100DD000D063206B0164206BC0F84CC0206839469A
:100DE00000F14002206B07F0C3FB10B10120BDE809
:100DF000F0812068C16841F48051C1609CE7012204
:100E000029462068FFF74CFDC4492068C44A88423F
:100E100001D0904203D1436C43F400434364206803
:100E2000884224D0B0F1804F21D0A0F18041B1F5AB
:100E300080611CD0A0F18041B1F5006117D0A0F114
:100E40008041B1F5406112D0904210D0A0F18041B4
:100E5000B1F5A0310BD0A0F18041B1F5C05106D061
:100E6000016841F0010101603046BDE8F081816810
:100E700001F007010629F7D0016841F00101016086
:100E8000F2E770B504460D460026002D08D0042D6B
:100E90000FD0082D16D00C2D1DD0012626B353E0FF
:100EA0002068C16821F40071C160606A07F0E9FB45
:100EB000F4E72068C16821F48061C160A06A07F08E
:100EC000E0FBEBE72068C16821F40061C160E06AE3
:100ED00007F0D7FBE2E72068C16821F48051C160C8
:100EE000206B07F0CEFBD9E7002229462068FFF7E8
:100EF000D7FC206841F211118A10A0F18043B3F5AC
:100F0000803304D0A0F18043B3F5823309D1036A62
:100F10000B4206D1036A134203D1436C23F400430E
:100F200043642068036A0B4206D1016A114203D16F
:100F3000016821F00101016001203DB1042D08D0BC
:100F4000082D09D084F84100304670BD84F83E0079
:100F5000FAE784F83F00F7E784F84000F4E77047C9
:100F600010B50446002C03D094F83D0010B107E002
:100F7000012010BD002084F83C002046FFF7EFFF61
:100F8000022084F83D00211D2068FFF7E5F90120CB
:100F900084F8460084F83E0084F83F0084F840005E
:100FA00084F8410084F8420084F8430084F8440047
:100FB00084F8450084F83D00002010BD704710B54E
:100FC0000446022084F83D002068016A41F21112B3
:100FD000114207D1016A9210114203D1016821F038
:100FE000010101602046FFF7E9FF002084F8460078
:100FF00084F83E0084F83F0084F8400084F8410003
:1010000084F8420084F8430084F8440084F84500E2
:1010100084F83D0084F83C0010BD10B5044600295A
:1010200009D004290AD008290BD094F841000128DE
:101030000AD0012010BD94F83E00F8E794F83F0074
:10104000F5E794F84000F2E70220D9B3042947D02D
:10105000082948D084F8410001222068FFF720FCCD
:101060002E4A20682E49904201D0884203D1436C19
:1010700043F4004343642068904224D0B0F1804F91
:1010800021D0A0F18042B2F580621CD0A0F1804254
:10109000B2F5006217D0A0F18042B2F5406212D0E2
:1010A000884210D0A0F18041B1F5A0310BD0A0F161
:1010B0008041B1F5C05106D0016841F001010160E5
:1010C000002010BD09E0816801F007010629F7D072
:1010D000016841F001010160F2E784F83E00BBE7DE
:1010E00084F83F00B8E784F84000B5E730B504461F
:1010F0000D46002229462068FFF7D2FB206841F206
:1011000011118A10A0F18043B3F580330BD0A0F108
:101110008043B3F5823305E0290C0208000001404A
:101120000004014009D1036A0B4206D1036A13424D
:1011300003D1436C23F4004343642068036A0B42E9
:1011400006D1016A114203D1016821F00101016059
:1011500001203DB1042D08D0082D09D084F84100AC
:10116000002030BD84F83E00FAE784F83F00F7E73E
:1011700084F84000F4E730B504460025002909D082
:1011800004290AD008290BD094F8410001280AD07C
:10119000012030BD94F83E00F8E794F83F00F5E7F1
:1011A00094F84000F2E7022079B1042910D0082910
:1011B00011D084F8410089B1042915D0082919D02B
:1011C0000C291DD001250DB354E084F83E00F2E750
:1011D00084F83F00EFE784F84000ECE72068C2683D
:1011E00042F00202C260EEE72068C26842F00402E8
:1011F000C260E8E72068C26842F00802C260E2E725
:101200002068C26842F01002C260DCE70122206858
:10121000FFF746FBFD4A2068FD49904201D0884215
:1012200003D1436C43F4004343642068904223D0CD
:10123000B0F1804F20D0A0F18042B2F580621BD087
:10124000A0F18042B2F5006216D0A0F18042B2F562
:10125000406211D088420FD0A0F18041B1F5A03199
:101260000AD0A0F18041B1F5C05105D0016841F02C
:1012700001010160284630BD816801F0070106299F
:10128000F8D0016841F001010160F3E770B5044650
:101290000D460026002D08D0042D0CD0082D10D0AE
:1012A0000C2D14D00126C6B147E02068C16821F09A
:1012B0000201C160F7E72068C16821F00401C16044
:1012C000F1E72068C16821F00801C160EBE7206800
:1012D000C16821F01001C160E5E7002229462068BD
:1012E000FFF7DEFA206841F211118A10A0F1804365
:1012F000B3F5803304D0A0F18043B3F5823309D134
:10130000036A0B4206D1036A134203D1436C23F4F0
:10131000004343642068036A0B4206D1016A11420C
:1013200003D1016821F00101016001203DB1042DCC
:1013300008D0082D09D084F84100304670BD84F8EB
:101340003E00FAE784F83F00F7E784F84000F4E74E
:101350002DE9F04104460D4617460026002D13D016
:10136000042D14D0082D15D094F84100022814D073
:10137000B5B1042D17D0082D18D094F841000128DC
:1013800017D00120BDE8F08194F83E00EEE794F814
:101390003F00EBE794F84000E8E70220BDE8F08169
:1013A00094F83E00EBE794F83F00E8E794F840003B
:1013B000E5E74FB143B102204DB1042D0AD0082D0D
:1013C0000BD084F841000AE00120BDE8F08184F8E8
:1013D0003E0004E084F83F0001E084F840008D48BE
:1013E000AFF2FB71AFF6A35C4DB1042D1FD0082DF9
:1013F00035D00C2D4BD00126002E60D094E0626ACF
:10140000D063606A0164606AC0F84CC020683946E5
:1014100000F13402606A07F0ABF810B10120BDE8BA
:10142000F0812068C16841F40071C160E4E7A26AFC
:10143000D063A06A0164A06AC0F84CC02068394635
:1014400000F13802A06A07F093F810B10120BDE85E
:10145000F0812068C16841F48061C160CCE7E26A34
:10146000D063E06A0164E06AC0F84CC02068394685
:1014700000F13C02E06A07F07BF810B10120BDE802
:10148000F0812068C16841F40061C160B4E7226B5B
:10149000D063206B0164206BC0F84CC020683946D3
:1014A00000F14002206B07F063F810B10120BDE8A5
:1014B000F0812068C16841F48051C1609CE701223D
:1014C00029462068FFF7ECF950492068504A8842C5
:1014D00001D0904203D1436C43F40043436420683D
:1014E000884224D0B0F1804F21D0A0F18041B1F5E5
:1014F00080611CD0A0F18041B1F5006117D0A0F14E
:101500008041B1F5406112D0904210D0A0F18041ED
:10151000B1F5A0310BD0A0F18041B1F5C05106D09A
:10152000016841F0010101603046BDE8F081816849
:1015300001F007010629F7D0016841F001010160BF
:10154000F2E770B504460D460026002D08D0042DA4
:101550000FD0082D16D00C2D1DD0012626B353E038
:101560002068C16821F40071C160606A07F089F8E1
:10157000F4E72068C16821F48061C160A06A07F0C7
:1015800080F8EBE72068C16821F40061C160E06A7F
:1015900007F077F8E2E72068C16821F48051C16064
:1015A000206B07F06EF8D9E7002229462068FFF784
:1015B00077F9206841F211118A10A0F18043B3F548
:1015C000803304D0A0F18043B3F5823309D1036A9C
:1015D0000B4206D1036A134203D1436C23F4004348
:1015E00043642068036A0B4206D1016A114203D1A9
:1015F000016821F00101016001206DB1042D0ED0C0
:10160000082D0FD084F84100304670BD0000014025
:1016100000040140290C020884F83E00F4E784F835
:101620003F00F1E784F84000EEE7704710B504464C
:10163000002C03D094F83D0010B107E0012010BD4C
:10164000002084F83C002046FFF7EFFF022084F8DA
:101650003D00211D2068FEF77FFE012084F8460032
:1016600084F83E0084F83F0084F8400084F841008C
:1016700084F8420084F8430084F8440084F845006C
:1016800084F83D00002010BD704710B504460220CC
:1016900084F83D002068016A41F21112114207D11D
:1016A000016A9210114203D1016821F00101016029
:1016B0002046FFF7E9FF002084F8460084F83E004A
:1016C00084F83F0084F8400084F8410084F8420028
:1016D00084F8430084F8440084F8450084F83D0011
:1016E00084F83C0010BD10B5044600290FD0042931
:1016F00010D0082911D094F8410089B1042912D0E2
:10170000082913D094F84520012814D111E094F849
:101710003E00F2E794F83F00EFE794F84000ECE772
:1017200094F84220F0E794F84320EDE794F8442041
:10173000EAE7012A01D0012010BD0220E9B3042903
:101740004AD008294BD084F84100B9B304294CD0C1
:1017500008294DD084F8450001222068FFF7A0F841
:101760002068A0F18041B1F5803128D0B0F1804FE0
:1017700025D0A0F18041B1F5806120D0A0F1804159
:10178000B1F500611BD0A0F18041B1F5406116D0E8
:10179000A0F18041B1F5823111D0A0F18041B1F5C5
:1017A000A0310CD0A0F18041B1F5C05107D0016843
:1017B00041F001010160002010BD0AE012E08168E3
:1017C00001F007010629F6D0016841F0010101602E
:1017D000F1E784F83E00B8E784F83F00B5E784F805
:1017E0004000B2E784F84200B6E784F84300B3E76C
:1017F00084F84400B0E730B504460D46002229467F
:101800002068FFF74DF82068016A41F21112114279
:1018100007D1016A9210114203D1016821F0010140
:101820000160012075B1042D0FD0082D10D084F86F
:10183000410085B1042D11D0082D12D084F8450047
:10184000002030BD84F83E00F3E784F83F00F0E765
:1018500084F84000EDE784F84200F1E784F84300A3
:10186000EEE784F84400EBE730B504460025002994
:101870000FD0042910D0082911D094F8410089B163
:10188000042912D0082913D094F84520012814D136
:1018900011E094F83E00F2E794F83F00EFE794F887
:1018A0004000ECE794F84220F0E794F84320EDE79D
:1018B00094F84420EAE7012A01D0012030BD02203B
:1018C000B1B1042917D0082918D084F84100C1B15A
:1018D000042919D008291AD084F84500D1B1042967
:1018E0001ED0082922D00C2926D0012555B358E056
:1018F00084F83E00EBE784F83F00E8E784F8400016
:10190000E5E784F84200E9E784F84300E6E784F875
:101910004400E3E72068C26842F00202C260E5E7E3
:101920002068C26842F00402C260DFE72068C26833
:1019300042F00802C260D9E72068C26842F0100293
:10194000C260D3E701222068FEF7AAFF2068A0F159
:101950008041B1F5803126D0B0F1804F23D0A0F185
:101960008041B1F580611ED0A0F18041B1F50061E8
:1019700019D0A0F18041B1F5406114D0A0F18041AF
:10198000B1F582310FD0A0F18041B1F5A0310AD07C
:10199000A0F18041B1F5C05105D0016841F00101CD
:1019A0000160284630BD816801F007010629F8D0A2
:1019B000016841F001010160F3E770B504460D468E
:1019C0000026002D08D0042D0CD0082D10D00C2D91
:1019D00014D00126C6B139E02068C16821F00201A7
:1019E000C160F7E72068C16821F00401C160F1E738
:1019F0002068C16821F00801C160EBE72068C16878
:101A000021F01001C160E5E7002229462068FEF7B9
:101A100047FF2068016A41F21112114207D1016AA1
:101A20009210114203D1016821F0010101600120EF
:101A300075B1042D0FD0082D10D084F8410085B168
:101A4000042D11D0082D12D084F84500304670BD09
:101A500084F83E00F3E784F83F00F0E784F84000A4
:101A6000EDE784F84200F1E784F84300EEE784F8FC
:101A70004400EBE7704710B5846B616A814202D184
:101A80000120207710E0A16A814202D10220207754
:101A90000AE0E16A814202D10420207704E0216B50
:101AA000814201D1082020772046FFF7E3FF002084
:101AB000207710BD704710B5846B0121626A8242A5
:101AC00007D12177C06938BB84F83E1084F84210F2
:101AD00022E0A26A824208D102222277C069D8B9E4
:101AE00084F83F1084F8431016E0E26A824208D17D
:101AF00004222277C06978B984F8401084F8441031
:101B00000AE0226B824207D108222277C06918B905
:101B100084F8411084F845102046FFF7CBFF0020E1
:101B2000207710BD2DE9F04104460D461746984632
:101B30000026002D13D0042D14D0082D15D094F8B4
:101B40004100ADB1042D16D0082D17D094F84510E2
:101B5000022816D0022914D0012815D016E094F8D6
:101B60003E00EEE794F83F00EBE794F84000E8E72A
:101B700094F84210ECE794F84310E9E794F8441025
:101B8000E6E70220BDE8F081012902D00120BDE88E
:101B9000F08197B1B8F1000F0FD0022085B1042D6C
:101BA00011D0082D12D084F8410095B1042D13D026
:101BB000082D14D084F8450013E00120BDE8F08121
:101BC00084F83E00F1E784F83F00EEE784F8400037
:101BD000EBE784F8420004E084F8430001E084F875
:101BE0004400012229462068FEF75AFEAFF2391060
:101BF000AFF27D11FE4AA5B3042D55D0082D6BD050
:101C00000C2D7BD001262068A0F18041B1F58031F8
:101C100028D0B0F1804F25D0A0F18041B1F580618E
:101C200020D0A0F18041B1F500611BD0A0F180412E
:101C3000B1F5406116D0A0F18041B1F5823111D0EB
:101C4000A0F18041B1F5A0310CD0A0F18041B1F5F7
:101C5000C05107D0016841F0010101603046BDE884
:101C6000F08109E0816801F007010629F6D00168DA
:101C700041F001010160F1E7636AD863606A0164C1
:101C8000606AC2642068434600F134013A46606AE3
:101C900006F06EFC10B10120BDE8F0812068C1683B
:101CA00041F40071C160AEE7A36AD863A06A016421
:101CB000A06AC2642068434600F138013A46A06A2F
:101CC00006F056FC10B10120BDE8F0812068C16823
:101CD00041F48061C16096E7E36AD863E06A016419
:101CE000E06AC2642068434600F13C013A46E06A7B
:101CF00006F03EFC18B10120BDE8F08105E0206847
:101D0000C16841F40061C1607DE7236BD863206B3B
:101D10000164206BC2642068434600F140013A46EA
:101D2000206B06F025FC10B10120BDE8F081206891
:101D3000C16841F48051C16065E770B504460D4645
:101D40000026002229462068FEF7AAFD45B1042D91
:101D50000FD0082D16D00C2D1DD0012626B340E043
:101D60002068C16821F40071C160606A06F089FCD6
:101D7000F4E72068C16821F48061C160A06A06F0C0
:101D800080FCEBE72068C16821F40061C160E06A73
:101D900006F077FCE2E72068C16821F48051C16059
:101DA000206B06F06EFCD9E72068016A41F211123F
:101DB000114207D1016A9210114203D1016821F04A
:101DC00001010160012075B1042D0FD0082D10D044
:101DD00084F8410085B1042D11D0082D12D084F86B
:101DE0004500304670BD84F83E00F3E784F83F00BC
:101DF000F0E784F84000EDE784F84200F1E784F86A
:101E00004300EEE784F84400EBE7704770B5044602
:101E10000D46002C03D094F83D0010B107E00120DE
:101E200070BD002084F83C002046FFF7EEFF022042
:101E300084F83D00211D2068FEF78EFA20680168B5
:101E400021F0080101602068016829430160012038
:101E500084F8460084F83E0084F83F0084F842008D
:101E600084F8430084F83D00002070BD704710B531
:101E70000446022084F83D002068016A41F21112F4
:101E8000114207D1016A9210114203D1016821F079
:101E9000010101602046FFF7E9FF002084F84600B9
:101EA00084F83E0084F83F0084F8420084F8430040
:101EB00084F83D0084F83C0010BD10B5044694F849
:101EC0003E3094F83F0094F8421094F84320012BE0
:101ED00005D1012803D1012901D1012A01D0012016
:101EE00010BD022084F83E0084F83F0084F84200D0
:101EF00084F84300012200212068FEF7D1FC012272
:101F000004212068FEF7CCFC2068A0F18041B1F5E7
:101F1000803104D0A0F18041B1F5823103D1416C10
:101F200041F400414164002010BD10B50446002278
:101F300011462068FEF7B4FC002204212068FEF759
:101F4000AFFC206841F211118A10A0F18043B3F573
:101F5000803304D0A0F18043B3F5823309D1036A02
:101F60000B4206D1036A134203D1436C23F40043AE
:101F700043642068036A0B4206D1016A114203D10F
:101F8000016821F001010160012084F83E0084F81D
:101F90003F0084F8420084F84300002010BD10B5D3
:101FA000044694F83E2094F83F0094F8421094F8C8
:101FB0004330012A05D1012803D1012901D1012B88
:101FC00001D0012010BD022084F83E0084F83F00BB
:101FD00084F8420084F843002068C16841F002019F
:101FE000C1602068C16841F00401C160012201E0C4
:101FF0004506020800212068FEF752FC0122042158
:102000002068FEF74DFC2068A0F18041B1F58031D9
:1020100004D0A0F18041B1F5823103D1416C41F48B
:1020200000414164002010BD10B504462068C1681D
:1020300021F00201C1602068C16821F00401C16083
:10204000002211462068FEF72BFC002204212068A4
:10205000FEF726FC206841F211129110A0F1804396
:10206000B3F5803304D0A0F18043B3F5823309D1B6
:10207000036A134206D1036A0B4203D1436C23F473
:10208000004343642068036A134206D1026A0A428D
:1020900003D1016821F001010160012084F83E00B4
:1020A00084F83F0084F8420084F84300002010BD0B
:1020B000704770B504460D46002C03D094F83D00DF
:1020C00010B107E0012070BD002084F83C002046DC
:1020D000FFF7EEFF022084F83D002068816821F0C0
:1020E000070121F480418160211D2068FEF734F949
:1020F000206883688269016AD5F800C04CEA03034E
:1021000022F0030222F44072AE69D5F808C042EA18
:1021100006224CEA020222F00C0222F4406222F073
:10212000F00222F47042EE69D5F80CC042EA0622B1
:102130004CEA0202D5F810C02E6A4FEA0C1C4CEA99
:10214000063C4CEA020221F0220121F08801D5F878
:1021500004C06D6941EA05114CEA01018360206801
:10216000826120680162012084F8460084F83E0004
:1021700084F83F0084F8420084F8430084F83D006E
:10218000002070BD704710B50446022084F83D0061
:102190002068016A41F21112114207D1016A9210BE
:1021A000114203D1016821F0010101602046FFF7CF
:1021B000E9FF002084F8460084F83E0084F83F00E0
:1021C00084F8420084F8430084F83D0084F83C0021
:1021D00010BD30B5044694F83E0094F83F2094F8C2
:1021E000423094F843C00225002904D004290DD0C0
:1021F00001281ED116E0012801D1012B01D00120B8
:1022000030BD84F83E5084F842501CE0012A02D1CF
:10221000BCF1010F01D0012030BD84F83F5084F89B
:10222000435010E0012A04D1012B02D1BCF1010F6F
:1022300001D0012030BD84F83E5084F83F5084F82E
:10224000425084F8435091B1042916D00122002154
:102250002068FEF725FB012204212068FEF720FB01
:102260002068016841F001010160002030BD0122B9
:1022700000212068FEF714FBF2E701220421206808
:10228000FEF70EFBECE730B504460D462068002D46
:1022900026D0042D29D000221146FEF701FB002292
:1022A00004212068FEF7FCFA2068016A41F211124D
:1022B000114207D1016A9210114203D1016821F045
:1022C000010101600120ADB1042D13D084F83E005E
:1022D00084F83F0084F8420084F84300002030BDB9
:1022E00000221146FEF7DCFADEE700220421FEF7A9
:1022F000D7FAD9E76DB1042D0ED0082D0FD084F890
:1023000041007DB1042D10D0082D11D084F8450076
:10231000E4E784F83E00F4E784F83F00F1E784F84E
:102320004000EEE784F84200D8E784F84300D5E7A0
:1023300084F84400D2E730B5044694F83E0094F89F
:102340003F2094F8423094F843C00225002904D07D
:1023500004290DD001281ED116E0012801D1012B3E
:1023600001D0012030BD84F83E5084F842501CE07A
:10237000012A02D1BCF1010F01D0012030BD84F847
:102380003F5084F8435010E0012A04D1012B02D1C0
:10239000BCF1010F01D0012030BD84F83E5084F81B
:1023A0003F5084F8425084F84350E1B1042925D0CD
:1023B000012200212068FEF773FA0122042120681F
:1023C000FEF76EFA2068C16841F00201C160206822
:1023D000C16841F00401C1602068016841F0010159
:1023E0000160002030BD012200212068FEF758FA6C
:1023F0002068C16841F00201C160EDE701220421BB
:102400002068FEF74DFA2068C16841F00401C16000
:10241000E2E730B504460D462068002D30D0042D8B
:1024200038D000221146FEF73BFA00220421206832
:10243000FEF736FA2068C16821F00201C160206809
:10244000C16821F00401C1602068016A41F21112E3
:10245000114207D1016A9210114203D1016821F0A3
:10246000010101600120FDB1042D1DD084F83E0062
:1024700084F83F0084F8420084F84300002030BD17
:1024800000221146FEF70CFA2068C16821F0020113
:10249000C160D9E700220421FEF702FA2068C16872
:1024A00021F00401C160CFE76DB1042D0ED0082DDD
:1024B0000FD084F841007DB1042D10D0082D11D02B
:1024C00084F84500DAE784F83E00F4E784F83F003A
:1024D000F1E784F84000EEE784F84200CEE784F8A4
:1024E0004300CBE784F84400C8E72DE9F0470446F1
:1024F000089E1F4694F83E0094F83F3094F842C07E
:1025000094F843504FF0020800290DD0042926D03A
:1025100002283DD0022B3BD0BCF1020F38D0022D57
:1025200036D0012837D03DE0022805D0BCF1020F9B
:1025300002D0012803D005E00220BDE8F087BCF1FD
:10254000010F02D00120BDE8F0872AB126B184F83E
:102550003E8084F8428033E00120BDE8F087022B02
:1025600004D0022D02D0012B03D004E00220BDE8EC
:10257000F087012D02D00120BDE8F0872FB126B1F0
:1025800084F83F8084F843801AE00120BDE8F0879A
:102590000220BDE8F087012B04D1BCF1010F01D16D
:1025A000012D02D00120BDE8F0872AB327B31EB366
:1025B00084F83E8084F83F8084F8428084F8438029
:1025C000AFF60D35AFF65138DFF8E897B9B1042909
:1025D00038D0606AC563606AC0F84080606AC0F83D
:1025E0004C902068334600F13401606A05F0C0FF6A
:1025F000E0B30120BDE8F0870120BDE8F087606A04
:10260000C563606AC0F84080606AC0F84C9020687A
:10261000334600F13401606A05F0AAFF10B10120D1
:10262000BDE8F0872068C16841F40071C1600122F3
:1026300000212068FEF734F92068016841F00101AB
:10264000016051E0A06AC563A06AC0F84080A06A3A
:10265000C0F84C902068334600F138013A46A06A31
:1026600005F086FF18B10120BDE8F0870FE0206873
:10267000C16841F48061C160012204212068FEF735
:102680000FF92068016841F0010101602CE0A06AA7
:10269000C563A06AC0F84080A06AC0F84C9020686A
:1026A000334600F138013A46A06A05F061FF10B1E7
:1026B0000120BDE8F0872068C16841F40071C16065
:1026C0002068C16841F48061C16001220021206856
:1026D000FEF7E6F8012204212068FEF7E1F8206801
:1026E000016841F0010101600020BDE8F08770B58C
:1026F00004460D462068002D36D0042D41D000221E
:102700001146FEF7CDF8002204212068FEF7C8F834
:102710002068C16821F40071C1602068C16821F49B
:102720008061C160606A05F0ACFFA06A05F0A9FF96
:102730002068016A41F21112114207D1016A921018
:10274000114203D1016821F00101016001202DB384
:10275000042D23D084F83E0084F83F0084F8420022
:1027600084F84300002070BD00221146FEF798F85F
:102770002068C16821F40071C160606A05F081FFC2
:10278000D6E700220421FEF78BF82068C16821F407
:102790008061C160A06A05F074FFC9E76DB1042DC6
:1027A0000ED0082D0FD084F841007DB1042D10D03B
:1027B000082D11D084F84500D4E784F83E00F4E7F2
:1027C00084F83F00F1E784F84000EEE784F8420027
:1027D000C8E784F84300C5E784F84400C2E77047BF
:1027E00070472DE9F04104462068C56806694FF03E
:1027F000000716F0020F16D015F0020F13D0F91EC5
:102800000161012020772068806910F0030F03D058
:102810002046FFF74FF905E02046FFF7E1FF20468D
:10282000FEF701FA277716F0040F18D015F0040F01
:1028300015D021686FF0040008610220207720681D
:10284000806910F4407F03D02046FFF733F905E09C
:102850002046FFF7C5FF2046FEF7E5F9277716F07B
:10286000080F18D015F0080F15D021686FF0080078
:102870000861042020772068C06910F0030F03D09E
:102880002046FFF717F905E02046FFF7A9FF20468D
:10289000FEF7C9F9277716F0100F18D015F0100FB2
:1028A00015D021686FF0100008610820207720689B
:1028B000C06910F4407F03D02046FFF7FBF805E025
:1028C0002046FFF78DFF2046FEF7ADF9277716F07B
:1028D000010F09D015F0010F06D021686FF001003B
:1028E00008612046EDF70CFE16F0800F09D015F0B8
:1028F000800F06D021686FF080000861204602F04A
:10290000E6F916F0400F09D015F0400F06D0216807
:102910006FF0400008612046FFF761FF16F0200FBE
:102920000BD015F0200F08D021686FF0200008614F
:102930002046BDE8F04102F0EBB8BDE8F08110B4EC
:10294000036A026A22F4805202624268D0F81CC014
:102950002CF4E04C2CF4407C0C684CEA042C23F45E
:1029600000538C6843EA0433A0F18044B4F580340A
:1029700004D0A0F18044B4F5823404D122F4804222
:102980004C6942EA84124260C0F81CC04968016484
:10299000036210BC704770B4026A036A23F4807348
:1029A00003624368D0F81CC02CF0700C2CF0030CB0
:1029B0000C6844EA0C0C22F400728C6842EA04228F
:1029C000FD4CFE4DA04201D0A84206D122F4006287
:1029D000CE6842EA062222F48062A04201D0A842D8
:1029E00009D123F4805323F400534C6943EA0413C0
:1029F0008C6943EA04134360C0F81CC04968C16392
:102A0000026270BC704770B4026A036A23F010035C
:102A100003624368D0F818C02CF4E04C2CF4407CDE
:102A20000C684CEA042C22F020028C6842EA041262
:102A3000E14CE24DA04201D0A84206D122F0800232
:102A4000CE6842EA061222F04002A04201D0A8421B
:102A500009D123F4806323F400634C6943EA8403BF
:102A60008C6943EA84034360C0F818C049688163F5
:102A7000026270BC704770B4026A036A23F00103FB
:102A800003624368D0F818C02CF0700C2CF0030CD3
:102A90000C6844EA0C0C22F002028C682243C64CFB
:102AA000C64DA04201D0A84205D122F00802CE684E
:102AB000324322F00402A04201D0A84207D123F4FD
:102AC000807323F400734C6923438C692343436070
:102AD000C0F818C049684163026270BC704770B5A5
:102AE0000446002594F83C0001280FD0012084F80A
:102AF0003C006AB1042A0FD0082A11D00C2A13D046
:102B00000125002084F83C00284670BD022070BDDD
:102B10002068FFF7B0FFF4E72068FFF774FFF0E7E5
:102B20002068FFF738FFECE72068FFF708FFE8E7C9
:102B300010B4D0F820C0046A24F480540462C4693C
:102B400024F4407444EA022222F470424FF47044A8
:102B500004EA03331A432CF420434FF4204C0CEACC
:102B600001311943C261016210BC704710B4D0F842
:102B700020C0046A24F480740462C46924F003044D
:102B8000224322F0F002F02404EA03131A432CF447
:102B900020634FF4206C0CEA01211943C2610162E9
:102BA00010BC704710B4D0F820C0046A24F01004A0
:102BB0000462846924F4407444EA022222F47042DC
:102BC0004FF4704404EA03331A432CF0A0034FF08F
:102BD000A00C0CEA011119438261016210BC70471C
:102BE00030B4046AD0F820C02CF0010CC0F820C02A
:102BF000D0F818C0A0F18045B5F5803532D0B0F1DD
:102C0000804F2FD0A0F18045B5F580652AD0A0F186
:102C10008045B5F5006525D0A0F18045B5F5406546
:102C200020D0A0F18045B5F582351BD0A0F18045BC
:102C3000B5F5A03516D0A0F18045B5F5C05511D039
:102C40004CF0010222F0F0024FF0F00C0CEA0313FA
:102C50001A4324F00A0301F00A0119438261016258
:102C600030BC70472CF0030C4CEA0202EAE770B566
:102C700005460C46002695F83C0001280FD001209F
:102C800085F83C006AB1042A1CD0082A2CD00C2AF2
:102C90003BD00126002085F83C00304670BD022064
:102CA00070BDE368626821682868FFF799FF2868AB
:102CB000816921F00C01816128688169A268114352
:102CC0008161E7E7E368626821682868FFF76AFFC7
:102CD0002868816921F44061816128688169A2685E
:102CE00041EA02218161D5E7E368626821682868CA
:102CF000FFF73CFF2868C16921F00C01C161286819
:102D0000C169A2681143C161C4E7E36862682168D0
:102D10002868FFF70DFF2868C16921F44061C1618F
:102D20002868C169A26841EA0221C161B2E770B5B1
:102D300004460D46002694F83C0001280FD00120DF
:102D400084F83C006AB1042A1FD0082A38D00C2A23
:102D50004AD00126002084F83C00304670BD022095
:102D600070BD29462068FFF786FE2068816941F022
:102D7000080181612068816921F004018161206876
:102D800081692A6911438161E4E729462068FFF7D8
:102D90003AFE2068816941F400618161206881699F
:102DA00021F480618161206881692A6941EA0221F8
:102DB0008161CFE7450602080000014000040140A0
:102DC00029462068FFF7E7FD2068C16941F0080146
:102DD000C1612068C16921F00401C1612068C16935
:102DE0002A691143C161B5E729462068FFF7A7FDAD
:102DF0002068C16941F40061C1612068C16921F4A2
:102E00008061C1612068C1692A6941EA0221C1610A
:102E1000A0E72DE9F04188B004460D46984600260B
:102E200042457AD094F83C00012817D0012784F855
:102E30003C70022084F83D00286801906868029088
:102E4000A8680390E868049028690690686907906C
:102E500042B1042A0BD0012676B114E008B002205A
:102E6000BDE8F08101A92068FFF705FEF4E701A99C
:102E70002068FFF7C8FDEFE7B8F1000F0CD0B8F1FC
:102E8000040F29D0012684F83D70002084F83C000E
:102E900008B03046BDE8F0812B6AEA69A96920686C
:102EA000FFF79EFE2068816921F00C018161206896
:102EB000816821F0700181602068816841F05001D3
:102EC00081602068816821F0070181602068816845
:102ED00041F006018160D6E72B6AEA69A96920689A
:102EE000FFF760FE2068816921F4406181612068FC
:102EF000816821F0700181602068816841F0600183
:102F000081602068816821F0070181602068816804
:102F100041F006018160B6E7FFE708B00120BDE897
:102F2000F081704710B5806BFFF7FBFF10BD10B547
:102F3000806B816BC969002902D1012180F83D10A5
:102F4000FFF74DFC10BD2DE9F0479C46089F099BFB
:102F5000044688461546002694F84600022804D008
:102F600094F84600012803D00CE00220BDE8F08769
:102F7000BCF1000F03D117B10120BDE8F08702209A
:102F800084F84600F648F749F74AB5F5006F53D084
:102F900009DCB5F5807F13D0B5F5007F24D0B5F5F9
:102FA000806F09D134E0B5F5805F59D0B5F5005F89
:102FB0006AD0B5F5804F7DD00126002E79D096E0FD
:102FC000226AEA49D163226AE9491164216AC86424
:102FD0002068614600F14C02206A05F0C9FA002819
:102FE000EBD00120BDE8F087D4F82490C9F83C105C
:102FF000616A0A64616AC8642068614600F14C0233
:10300000606A05F0B5FA0028D7D00120BDE8F08746
:10301000D4F82890C9F83C10A16A0A64A16AC8646F
:103020002068614600F14C02A06A05F0A1FA002870
:10303000C3D00120BDE8F087D4F82C90C9F83C102B
:10304000E16A0A64E16AC8642068614600F14C02E2
:10305000E06A05F08DFA0028AFD00120BDE8F087C6
:10306000D4F83090C9F83C10216B0A64216BC86415
:103070002068614600F14C02206B05F079FA0028C7
:103080009BD00120BDE8F087626BBA49D163626BC7
:10309000B9491164616BC8642068614600F14C0253
:1030A000606B05F065FA002887D00120BDE8F08745
:1030B00000E014E0A26BB149D163A26BB049116486
:1030C000A16BC8642068614600F14C02A06B05F05A
:1030D0004FFA00283FF471AF0120BDE8F087216866
:1030E00048EA070088642068C1682943C160304607
:1030F000BDE8F08710B582B0DDF810C0CDF800C093
:103100004FEA1C24641C0194FFF71DFF02B010BDA0
:1031100070B504460D460026B5F5006F22D009DCD7
:10312000B5F5807F12D0B5F5007F13D0B5F5806F6F
:1031300009D113E0B5F5805F18D0B5F5005F19D05F
:10314000B5F5804F1AD00126E6B122E0206A05F0DD
:1031500098FAF9E7606A05F094FAF5E7A06A05F0D5
:1031600090FAF1E7E06A05F08CFAEDE7206B05F0E4
:1031700088FAE9E7606B05F084FAE5E7A06B05F0F3
:1031800080FAE1E72068C168A943C160012084F8A2
:103190004600304670BD2DE9F0479C46089F099BCC
:1031A000044688461546002694F84600022804D0B6
:1031B00094F84600012803D00CE00220BDE8F08717
:1031C000BCF1000F03D117B10120BDE8F087022048
:1031D00084F8460062486B4A6B49B5F5006F53D0DE
:1031E00009DCB5F5807F13D0B5F5007F24D0B5F5A7
:1031F000806F09D134E0B5F5805F59D0B5F5005F37
:103200006AD0B5F5804F7DD00126002E79D096E0AA
:10321000226A5649D163226A55491164216AC864F9
:103220002068624600F14C01206A05F0A1F90028EF
:10323000EBD00120BDE8F087D4F82490C9F83C20F9
:10324000626A1164616AC8642068624600F14C01D8
:10325000606A05F08DF90028D7D00120BDE8F0871D
:10326000D4F82890C9F83C20A26A1164A16AC86405
:103270002068624600F14C01A06A05F079F9002847
:10328000C3D00120BDE8F087D4F82C90C9F83C20C9
:10329000E26A1164E16AC8642068624600F14C0188
:1032A000E06A05F065F90028AFD00120BDE8F0879D
:1032B000D4F83090C9F83C20226B1164216BC864AB
:1032C0002068624600F14C01206B05F051F900289E
:1032D0009BD00120BDE8F087626B2649D163626B09
:1032E00025491164616BC8642068624600F14C0195
:1032F000606B05F03DF9002887D00120BDE8F0871C
:1033000000E014E0A26B1D49D163A26B1C4911645B
:10331000A16BC8642068624600F14C01A06B05F007
:1033200027F900283FF471AF0120BDE8F08721683C
:1033300048EA070088642068C1682943C1603046B4
:10334000BDE8F08710B582B0DDF810C0CDF800C040
:103350004FEA1C24641C0194FFF71DFF02B010BD4E
:1033600045060208290C0208E90B0208A706020814
:103370009B060208134B0208014B02082F2F02087C
:10338000252F0208B71A0208771A020870B50446FA
:103390000D460026B5F5006F22D009DCB5F5807F1B
:1033A00012D0B5F5007F13D0B5F5806F09D113E0C9
:1033B000B5F5805F18D0B5F5005F19D0B5F5804F31
:1033C0001AD00126E6B122E0206A05F05AF9F9E7A1
:1033D000606A05F056F9F5E7A06A05F052F9F1E7E1
:1033E000E06A05F04EF9EDE7206B05F04AF9E9E7F0
:1033F000606B05F046F9E5E7A06B05F042F9E1E7FF
:103400002068C168A943C160012084F846003046A5
:1034100070BD90F83C20012A0ED0012280F83C209B
:10342000022380F83D300368596180F83D20002177
:1034300080F83C100020704702207047D0F808C088
:103440002CF47F4C42EA0322114341EA0C018160D3
:1034500070472DE9F04304460D461646002794F8C0
:103460003C0001280ED04FF0010884F83C80022077
:1034700084F83D006868B94638B101280BD00127AF
:10348000C7B156E00220BDE8F0832068816821F4CE
:103490007F418160F4E7E96831B184F83D8084F8C8
:1034A0003C900120BDE8F0832B69AA682068FFF7F3
:1034B000C5FFE5E736B1042E12D0082E1ED00C2E23
:1034C00037D129E0286828B12068816941F080015E
:1034D00081612EE02068816921F08001816128E00E
:1034E000286828B12068816941F40041816120E0A9
:1034F0002068816921F4004181611AE0286828B1BF
:103500002068C16941F08001C16112E02068C16991
:1035100021F08001C1610CE0286828B12068C169F0
:1035200041F40041C16104E02068C16921F4004117
:10353000C16184F83D8084F83C903846BDE8F08352
:10354000826822F07002114341F0070181607047E8
:10355000036AD0F820C02CF0010CC0F820C0D0F8CD
:1035600018C02CF0F00C4CEA021223F00A031943A5
:10357000826101627047036AD0F820C02CF0100C01
:10358000C0F820C0D0F818C02CF4704C4CEA0232BD
:1035900023F0A00343EA011182610162704770B514
:1035A0000446002594F83C00012818D0012684F830
:1035B0003C60022084F83D002068826822F0770297
:1035C00022F47F4282600868502839D00EDC20281F
:1035D00054D006DC002851D0102811D14EE0022032
:1035E00070BD30284AD040280AD13DE0602831D053
:1035F00070280DD0B0F5805F03D0B0F5005F13D018
:10360000012584F83D60002084F83C00284670BD08
:10361000CB684A6889682068FFF710FF20688168D6
:1036200041F077018160ECE7CB684A6889682068DF
:10363000FFF704FF2068816841F480418160E0E782
:10364000CA6849682068FFF783FF50212068FFF7A8
:1036500077FFD6E7CA6849682068FFF78CFF6021CA
:103660002068FFF76DFFCCE7CA6849682068FFF75C
:103670006FFF40212068FFF763FFC2E72268014621
:103680001046FFF75DFFBCE70068426822F0800249
:10369000114341600020704710B500240268936810
:1036A00023F07003D1F804C04CEA030323F00703AE
:1036B000D1F800C04CEA030393604A6812F00F0F80
:1036C00034D11211082A31D2DFE802F03131313120
:1036D0000B242A040B698A68C9680068FFF7AEFEEC
:1036E00025E00A68052A13D00268136AD2F820C0C0
:1036F0002CF0010CC2F820C00268D2F818C02CF0DF
:10370000F00C09694CEA01119161006803620EE056
:10371000012010BD0A6989680068FFF719FF06E0FB
:103720000A6989680068FFF726FF00E00124204647
:1037300010BD70B5044694F83C00012810D0012556
:1037400084F83C50022084F83D002046FFF7A4FF97
:10375000002138B184F83D5084F83C10012070BD40
:10376000022070BD2068C26822F04002C26020685A
:10377000C26822F48042C26084F83D5084F83C1054
:10378000002070BD70B5044694F83C00012810D0AC
:10379000012584F83C50022084F83D002046FFF7C4
:1037A0007BFF002138B184F83D5084F83C100120A3
:1037B00070BD022070BD2068C26842F04002C26045
:1037C0002068C26822F48042C26084F83D5084F8C8
:1037D0003C10002070BD02460020002908D00429BA
:1037E00009D008290AD00C2901D11068006C704753
:1037F0001068406B70471068806B70471068C06B32
:10380000704790F83D00704790F83D00704790F881
:103810003D00704790F83D00704790F83D007047BC
:1038200090F83D007047007F7047002906D00429BA
:1038300007D0082908D090F84100704790F83E0062
:10384000704790F83F00704790F84000704790F83C
:1038500046007047704770B588B004460D46002C8E
:1038600004D094F83D00002618B107E008B001200C
:1038700070BD84F83C602046FFF7ECFF022084F81E
:103880003D00211D2068FCF767FDAB682968032215
:103890002068FFF7A5F92068816921F00C0181619A
:1038A000206881696A68114381612068416841F03C
:1038B000800141602068816821F07001816020688A
:1038C000816841F0400181602068816821F0070132
:1038D00081602068816841F0040181600596069648
:1038E00070200190079604960396E868029001A95B
:1038F0002068FFF788F82068416821F07001416076
:103900002068416841F050014160012084F8460080
:1039100084F83E0084F83F0084F8420084F84300B5
:1039200084F83D0008B0002070BD704710B5044613
:10393000022084F83D002068016A41F21112114210
:1039400007D1016A9210114203D1016821F00101EF
:1039500001602046FFF7E9FF002084F8460084F864
:103960003E0084F83F0084F8420084F8430084F865
:103970003D0084F83C0010BD10B5044694F83E109C
:1039800094F83F2094F8420094F84330012905D17F
:10399000012A03D1012801D1012B01D0012010BD42
:1039A000022084F83E0084F83F0084F8420084F846
:1039B0004300012200212068FCF772FF2068A0F17B
:1039C0008041B1F5803126D0B0F1804F23D0A0F1F5
:1039D0008041B1F580611ED0A0F18041B1F5006158
:1039E00019D0A0F18041B1F5406114D0A0F180411F
:1039F000B1F582310FD0A0F18041B1F5A0310AD0EC
:103A0000A0F18041B1F5C05105D0016841F001013C
:103A10000160002010BD816801F007010629F8D07F
:103A2000016841F001010160F3E710B5044600228E
:103A300011462068FCF734FF2068016A41F2111238
:103A4000114207D1016A9210114203D1016821F09D
:103A500001010160012084F83E0084F83F0084F8F1
:103A6000420084F84300002010BD10B5044694F8CD
:103A70003E0094F83F1094F8422094F84330012817
:103A800005D1012903D1012A01D1012B01D0012047
:103A900010BD022084F83E0084F83F0084F8420004
:103AA00084F843002068C16841F00201C16001222E
:103AB00000212068FCF7F4FE2068A0F18041B1F5F8
:103AC000803126D0B0F1804F23D0A0F18041B1F5F4
:103AD00080611ED0A0F18041B1F5006119D0A0F144
:103AE0008041B1F5406114D0A0F18041B1F582313F
:103AF0000FD0A0F18041B1F5A0310AD0A0F18041F2
:103B0000B1F5C05105D0016841F00101016000200C
:103B100010BD816801F007010629F8D0016841F065
:103B200001010160F3E710B5044600221146206848
:103B3000FCF7B6FE2068C16821F00201C160206870
:103B4000016A41F21112114207D1016A9210114229
:103B500003D1016821F001010160012084F83E00D9
:103B600084F83F0084F8420084F84300002010BD30
:103B700070B504460D46164694F83E0094F842107F
:103B8000022804D0022902D0012802D003E002203A
:103B900070BD012901D0012070BDF5B1EEB1022048
:103BA00084F83E0084F84200012200212068FCF7DE
:103BB00077FE616AFC48C863616AFC480864616A10
:103BC000FB48C8642068334600F134012A46606A25
:103BD00004F0CEFC18B1012070BD012070BD20683A
:103BE000C16841F40071C1602068A0F18041B1F565
:103BF000803126D0B0F1804F23D0A0F18041B1F5C3
:103C000080611ED0A0F18041B1F5006119D0A0F112
:103C10008041B1F5406114D0A0F18041B1F582310D
:103C20000FD0A0F18041B1F5A0310AD0A0F18041C0
:103C3000B1F5C05105D0016841F0010101600020DB
:103C400070BD816801F007010629F8D0016841F0D4
:103C500001010160F3E710B5044600221146206817
:103C6000FCF71EFE2068C16821F40071C160606A23
:103C700004F007FD2068016A41F21112114207D1D8
:103C8000016A9210114203D1016821F00101016023
:103C9000012084F83E0084F84200002010BD01F0AD
:103CA0000F0104238B40D0F820C02CEA03030362E9
:103CB000036A02FA01F119430162704710B5044624
:103CC000002909D004290AD008290BD094F845000E
:103CD00001280AD0012010BD94F84200F8E794F8BA
:103CE0004300F5E794F84400F2E70220D9B3042931
:103CF00047D0082948D084F8450004222068FFF7FF
:103D0000CEFF2068416C41F4004141642068A0F17D
:103D10008041B1F5803127D0B0F1804F24D0A0F19F
:103D20008041B1F580611FD0A0F18041B1F5006103
:103D30001AD0A0F18041B1F5406115D0A0F18041C9
:103D4000B1F5823110D0A0F18041B1F5A0310BD096
:103D5000A0F18041B1F5C05106D0016841F00101E8
:103D60000160002010BD09E0816801F0070106290B
:103D7000F7D0016841F001010160F2E784F84200E8
:103D8000BBE784F84300B8E784F84400B5E770B5B2
:103D900004460D46002229462068FFF780FF206870
:103DA000026A41F211110A4240F2444206D1036A0A
:103DB000134203D1436C23F4004343642068036A35
:103DC0000B4206D1016A114203D1016821F00101C1
:103DD000016001203DB1042D08D0082D09D084F8E0
:103DE0004500002070BD84F84200FAE784F84300E3
:103DF000F7E784F84400F4E770B50446002500298D
:103E000009D004290AD008290BD094F845000128CC
:103E10000AD0012070BD94F84200F8E794F84300FE
:103E2000F5E794F84400F2E7022069B104290ED0C6
:103E300008290FD084F8450079B1042913D0082946
:103E400017D00125DDB153E084F84200F4E784F88F
:103E50004300F1E784F84400EEE72068C26842F0CE
:103E60000202C260EEE72068C26842F00402C2604B
:103E7000E8E72068C26842F00802C260E2E7206812
:103E8000C26842F08002C26004222068FFF707FF88
:103E90002068416C41F4004141642068A0F18041F8
:103EA000B1F5803126D0B0F1804F23D0A0F1804110
:103EB000B1F580611ED0A0F18041B1F5006119D04B
:103EC000A0F18041B1F5406114D0A0F18041B1F57D
:103ED00082310FD0A0F18041B1F5A0310AD0A0F11C
:103EE0008041B1F5C05105D0016841F00101016088
:103EF000284670BD816801F007010629F8D00168E5
:103F000041F001010160F3E770B504460D4600265B
:103F1000002D06D0042D0AD0082D0ED0012696B112
:103F200040E02068C16821F00201C160F7E7206825
:103F3000C16821F00401C160F1E72068C16821F087
:103F40000801C160EBE7002229462068FFF7A7FEC1
:103F50002068016A40F24442114203D1C16821F055
:103F60008001C1602068036A41F211110B4206D141
:103F7000036A134203D1436C23F400434364206873
:103F8000036A0B4206D1016A114203D1016821F094
:103F90000101016001206DB1042D0ED0082D0FD05C
:103FA00084F84500304670BDB71A0208771A020837
:103FB0004506020884F84200F4E784F84300F1E77C
:103FC00084F84400EEE710B5846B0121626A8242F6
:103FD00003D1217784F842100EE0A26A824204D114
:103FE0000220207784F8431006E0E26A824203D17F
:103FF0000420207784F844102046FCF722FB0020A0
:10400000207710BD10B5846B0121626A824205D110
:104010002177C069A8B984F8421012E0A26A8242EE
:1040200006D102222277C06958B984F8431008E00B
:10403000E26A824205D104222277C06908B984F875
:1040400044102046FCF7EFFD0020207710BD2DE93D
:10405000F04104460D4694460026002D13D0042D51
:1040600014D0082D15D094F84500022814D0B5B10D
:10407000042D17D0082D18D094F84500012817D02A
:104080000120BDE8F08194F84200EEE794F8430087
:10409000EBE794F84400E8E70220BDE8F08194F8EB
:1040A0004200EBE794F84300E8E794F84400E5E7C2
:1040B000BCF1000F09D043B102204DB1042D0AD04C
:1040C000082D0BD084F845000AE00120BDE8F081FE
:1040D00084F8420004E084F8430001E084F84400DE
:1040E000FD48FE49FE4A35B1042D1BD0082D31D0C4
:1040F000012676B37AE0676AF863606A0164606AF1
:10410000C2642068614600F13402606A04F030FA4B
:1041100010B10120BDE8F0812068C16841F4007150
:10412000C160E6E7A76AF863A06A0164A06AC26496
:104130002068614600F13802A06A04F019FA10B153
:104140000120BDE8F0812068C16841F48061C16050
:10415000CFE716E0E76AF863E06A0164E06AC264E8
:104160002068614600F13C02E06A04F001FA10B1F7
:104170000120BDE8F0812068C16841F40061C160A0
:10418000B7E7042229462068FFF789FD2068416CC3
:1041900041F4004141642068A0F18041B1F58031D3
:1041A00027D0B0F1804F24D0A0F18041B1F58061DB
:1041B0001FD0A0F18041B1F500611AD0A0F180417B
:1041C000B1F5406115D0A0F18041B1F5823110D038
:1041D000A0F18041B1F5A0310BD0A0F18041B1F543
:1041E000C05106D0016841F0010101603046BDE8D0
:1041F000F081816801F007010629F7D0016841F0DC
:1042000001010160F2E770B504460D460026002D5D
:1042100006D0042D0DD0082D14D00126DEB141E0CA
:104220002068C16821F40071C160606A04F029FA55
:10423000F4E72068C16821F48061C160A06A04F0DD
:1042400020FAEBE72068C16821F40061C160E06AF0
:1042500004F017FAE2E7002229462068FFF71FFD65
:104260002068016A41F21112114240F2444106D124
:10427000036A0B4203D1436C23F400434364206878
:10428000036A134206D1026A0A4203D1016821F08F
:104290000101016001203DB1042D08D0082D09D095
:1042A00084F84500304670BD84F84200FAE784F88F
:1042B0004300F7E784F84400F4E710B5044600290A
:1042C00009D004290AD008290BD094F84500012808
:1042D0000AD0012010BD94F84200F8E794F843009A
:1042E000F5E794F84400F2E70220D9B3042947D057
:1042F000082948D084F8450004222068FFF7CFFC45
:104300002068416C41F4004141642068A0F1804183
:10431000B1F5803127D0B0F1804F24D0A0F1804199
:10432000B1F580611FD0A0F18041B1F500611AD0D4
:10433000A0F18041B1F5406115D0A0F18041B1F507
:10434000823110D0A0F18041B1F5A0310BD0A0F1A5
:104350008041B1F5C05106D0016841F00101016012
:10436000002010BD09E0816801F007010629F7D09F
:10437000016841F001010160F2E784F84200BBE707
:1043800084F84300B8E784F84400B5E770B5044604
:104390000D46002229462068FFF781FC2068026A4A
:1043A00041F211110A4240F2444206D1036A13421B
:1043B00003D1436C23F4004343642068036A0B4237
:1043C00006D1016A114203D1016821F001010160A7
:1043D00001203DB1042D08D0082D09D084F84500F6
:1043E000002070BD84F84200FAE784F84300F7E744
:1043F00084F84400F4E770B504460025002909D08C
:1044000004290AD008290BD094F8450001280AD0C5
:10441000012070BD94F84200F8E794F84300F5E7F6
:1044200094F84400F2E7022069B104290ED008296B
:104430000FD084F8450079B1042913D0082917D08A
:104440000125DDB15AE084F84200F4E784F8430026
:10445000F1E784F84400EEE72068C26842F0020207
:10446000C260EEE72068C26842F00402C260E8E77A
:104470002068C26842F00802C260E2E72068C268B1
:1044800042F08002C26004222068FFF708FC206826
:10449000416C41F4004141642068A0F18041B1F5D4
:1044A00080312DD0B0F1804F2AD0A0F18041B1F5FC
:1044B000806125D0A0F18041B1F5006120D0A0F14C
:1044C0008041B1F540611BD0A0F18041B1F582314E
:1044D00016D0A0F1804105E005400208E90B020872
:1044E000C73F0208B1F5A0310AD0A0F18041B1F573
:1044F000C05105D0016841F001010160284670BD3E
:10450000816801F007010629F8D0016841F0010136
:104510000160F3E770B504460D460026002D06D075
:10452000042D0AD0082D0ED0012696B140E0206857
:10453000C16821F00201C160F7E72068C16821F07D
:104540000401C160F1E72068C16821F00801C16081
:10455000EBE7002229462068FFF7A1FB2068016AEB
:1045600040F24442114203D1C16821F08001C16090
:104570002068036A41F211110B4206D1036A13420B
:1045800003D1436C23F4004343642068036A0B4265
:1045900006D1016A114203D1016821F001010160D5
:1045A00001203DB1042D08D0082D09D084F8450024
:1045B000304670BD84F84200FAE784F84300F7E71C
:1045C00084F84400F4E72DE9F04104460D46944692
:1045D0000026002D13D0042D14D0082D15D094F8EA
:1045E0004500022814D0B5B1042D17D0082D18D0DD
:1045F00094F84500012817D00120BDE8F08194F817
:104600004200EEE794F84300EBE794F84400E8E753
:104610000220BDE8F08194F84200EBE794F84300F3
:10462000E8E794F84400E5E7BCF1000F09D043B196
:1046300002204DB1042D0AD0082D0BD084F845007E
:104640000AE00120BDE8F08184F8420004E084F82B
:10465000430001E084F84400FD48FE49FE4A35B1BC
:10466000042D1BD0082D31D0012676B37AE0676A7D
:10467000F863606A0164606AC2642068614600F1A0
:104680003402606A03F074FF10B10120BDE8F081CC
:104690002068C16841F40071C160E6E7A76AF86369
:1046A000A06A0164A06AC2642068614600F1380211
:1046B000A06A03F05DFF10B10120BDE8F081206821
:1046C000C16841F48061C160CFE716E0E76AF86332
:1046D000E06A0164E06AC2642068614600F13C025D
:1046E000E06A03F045FF10B10120BDE8F0812068C9
:1046F000C16841F40061C160B7E70422294620681F
:10470000FFF7CDFA2068416C41F400414164206814
:10471000A0F18041B1F5803127D0B0F1804F24D095
:10472000A0F18041B1F580611FD0A0F18041B1F5C9
:1047300000611AD0A0F18041B1F5406115D0A0F11F
:104740008041B1F5823110D0A0F18041B1F5A031A6
:104750000BD0A0F18041B1F5C05106D0016841F005
:10476000010101603046BDE8F081816801F0070178
:104770000629F7D0016841F001010160F2E770B548
:1047800004460D460026002D06D0042D0DD0082D20
:1047900014D00126DEB141E02068C16821F4007127
:1047A000C160606A03F06DFFF4E72068C16821F41E
:1047B0008061C160A06A03F064FFEBE72068C16814
:1047C00021F40061C160E06A03F05BFFE2E70022D0
:1047D00029462068FFF763FA2068016A41F2111246
:1047E000114240F2444106D1036A0B4203D1436CAB
:1047F00023F4004343642068036A134206D1026A2B
:104800000A4203D1016821F00101016001203DB19C
:10481000042D08D0082D09D084F84500304670BD1D
:1048200084F84200FAE784F84300F7E784F844008C
:10483000F4E770B5044600290BD0002594F83E300B
:1048400094F83FC094F8420094F84320012B09D11A
:1048500001E00425F2E7BCF1010F03D1012801D1E9
:10486000012A01D0012070BD022084F83E0084F8A6
:104870003F0084F8420084F8430004222068FFF7D8
:104880000EFA012229462068FCF70AF82068416CDC
:1048900041F400414164002070BD70B50446002918
:1048A0002ED0002500222068FFF7F9F900222946C2
:1048B0002068FBF7F5FF2068026A41F211110A42F5
:1048C00040F2444206D1036A134203D1436C23F4FD
:1048D000004343642068036A0B4206D1016A114217
:1048E00003D1016821F001010160012084F83E003C
:1048F00084F83F0084F8420084F84300002070BD33
:104900000425CFE770B504468C46BCF1000F0BD0F0
:10491000002594F83E0094F83F2094F8423094F833
:104920004310012808D101E00425F2E7012A03D150
:10493000012B01D1012901D0012070BD022084F892
:104940003E0084F83F0084F8420084F84300206869
:10495000C16841F00201C1602068C16841F00401F2
:10496000C160042261462068FFF799F901222946B7
:104970002068FBF795FF2068416C41F400414164D9
:10498000002070BD70B50446002938D0002520688D
:10499000C26822F00202C2602068C26822F00402EB
:1049A000C26000222068FFF77AF9002229462068B9
:1049B000FBF776FF2068016A41F21112114240F2C2
:1049C000444106D1036A0B4203D1436C23F40043F4
:1049D00043642068036A134206D1026A0A4203D183
:1049E000016821F001010160012084F83E0084F893
:1049F0003F0084F8420084F84300002070BD042585
:104A0000C5E790F83C30012B0AD0012380F83C30F8
:104A100041B1102906D0202904D0302902D00EE05F
:104A2000022070470368D3F808C02CF0700CC3F85C
:104A300008C00368D3F808C04CEA01019960016816
:104A40004B6843F001034B6001684B6806E00000CF
:104A500005400208E90B0208C73F020823F00403DF
:104A60004B6001684B681A434A600168CA6822F0CB
:104A70002002CA600168CA6822F40052CA6000219C
:104A800080F83C100020704790F83C30012B0AD091
:104A9000012380F83C3041B1102906D0202904D0F0
:104AA000302902D00EE0022070470368D3F808C016
:104AB0002CF0700CC3F808C00368D3F808C04CEAA7
:104AC0000101996001684B6843F001034B60016884
:104AD0004B6823F004034B6001684B681A434A603B
:104AE0000168CA6822F40052CA600168CA6842F0CC
:104AF0002002CA60002180F83C10002070477047F7
:104B000010B5806B012180F83D10FFF7F8FF10BD54
:104B1000704710B5806B012180F83D10FFF7F8FF5A
:104B200010BD90F83C30012B0AD0012380F83C30B6
:104B300041B1102906D0202904D0302902D00EE03E
:104B4000022070470368D3F808C02CF0700CC3F83B
:104B500008C00368D3F808C04CEA010199600168F5
:104B60004B6843F001034B6001684B6823F004037A
:104B70004B6001684B681A434A60AFF26901426BAF
:104B8000D163AFF28301426B1164426B5B49D16424
:104B90000168CA6822F02002CA600168CA6842F44B
:104BA0000052CA60002180F83C100020704730B4E9
:104BB00090F83C20012A44D0012480F83C40022295
:104BC00080F83D200268D2F804C093682CF0700C85
:104BD0000D6845EA0C0CC2F804C00268A2F1804CD2
:104BE000BCF5803C20D0B2F1804F1DD0A2F1804CAA
:104BF000BCF5806C18D0A2F1804CBCF5006C13D0D1
:104C0000A2F1804CBCF5406C0ED0A2F1804CBCF5FA
:104C1000823C09D0A2F1804CBCF5A03C04D0A2F1AA
:104C2000804CBCF5C05C04D123F080034968194373
:104C3000916080F83D40002180F83C1030BC00209D
:104C4000704730BC0220704790F83C20012A2CD0DD
:104C5000012280F83C20CA680023D1F808C022F461
:104C6000407242EA0C02D1F804C022F4806242EAA7
:104C70000C02D1F800C022F4006242EA0C02D1F822
:104C800010C022F4805242EA0C02D1F814C022F47F
:104C9000005242EA0C02C96922F4804211430268C0
:104CA000516480F83C30002070470220704790F833
:104CB0003C20012A09D0012280F83C2002681165BD
:104CC000002180F83C100020704702207047704798
:104CD00090F83D007047002906D0042907D0082924
:104CE00008D090F84500704790F84200704790F85F
:104CF0004300704790F844007047000045060208E2
:104D00007047F8B50446002C05D0256894F8D50303
:104D1000002610B106E00120F8BD84F8D4632046D7
:104D20000FF034FD032084F8D503B5F1A04F00D176
:104D3000A671206800F083FF207C8DF8000094E8C5
:104D40000F0000F0D8FE022518B184F8D5530120D9
:104D5000F8BD0121206800F07CFF18B184F8D5531C
:104D60000120F8BD207C8DF8000094E80F0001F0D0
:104D700035FD18B184F8D5530120F8BD012084F821
:104D8000D5030020F8BDC1EB011100EB810000222A
:104D90008276C27680F8252080F824200020704793
:104DA0002DE9FF4F83B00546DDF84480109F129E29
:104DB0008946924695F8D40301281CD0012385F832
:104DC000D433C9EB091005EB80044FF0000B84F8D5
:104DD00019B00698207584F8159084F826800AF09A
:104DE0007F00A07549462846FFF7CDFF1AF0800FD7
:104DF00005D0E37505E007B00220BDE8F08F84F828
:104E000017B0286801F0B3FDB8F1010F05D1012FEB
:104E100003D110B9BC2E00D9BC262776B0B22085AC
:104E2000CDF8048000970290286852464946069BB8
:104E300001F0AAFD85F8D4B307B0BDE8F08F10B536
:104E4000044694F8D403012809D0012084F8D4033F
:104E5000206801F0F6FF002084F8D40310BD022082
:104E600010BD704710B50446002C0CD0032084F808
:104E7000D50320460FF0C4FC206800F0E0FE0020BF
:104E800084F8D50310BD012010BD2DE9F003DDF835
:104E90001C80089F069E099CC1EB011C00EB8C0C3A
:104EA0008CF817208CF826300225002E0AD08CF8BA
:104EB0002A5000246BB1012B4FD0022B27D0032B9B
:104EC0004DD137E04FF003098CF82A908CF8194047
:104ED000EFE7012E43D122B19CF81A20012A0DD010
:104EE0003DE017B901228CF83D209CF83D2012B11D
:104EF0008CF82A5033E08CF82A4030E09CF83C20B3
:104F000012B18CF82A502AE08CF82A4027E02AB106
:104F10009CF83C205AB18CF82A5020E09CF83D20A7
:104F200012B18CF82A501AE08CF82A4017E08CF85D
:104F30002A4014E02AB19CF83C205AB18CF82A503F
:104F40000DE09CF83D2012B18CF82A5007E08CF857
:104F50002A4004E08CF82A4001E08CF82A40CCF882
:104F60002C80CCF834708CF84C40CCF838408CF85D
:104F700015108CF84D4082790068BDE8F0030CF103
:104F8000140101F0AABD2DE9F04103461868074657
:104F9000016A01F00F06C1F34342C1F30A15022A68
:104FA0002FD1002D2DD0C6EB061103EB8104E16A51
:104FB000002926D0A26B636B2A449A4223D8AAB256
:104FC00001F0CBFAE06A2844E062A06B2844A063B9
:104FD00007EB4610D0F81015C1F3C941228DAA4243
:104FE0000FD100290DD0D0F8001521F0804141F0FB
:104FF0000041C0F8001594F83C0080F0010084F8EE
:105000003C00BDE8F081042084F84C00BDE8F0814C
:1050100070472DE9F05F05460E4628680746314681
:1050200001F06DFBC6EB061110F0040F4FF0040BFE
:1050300005EB81040CD007EB4610C0F808B507203B
:1050400084F84D0031462868BDE8F05F01F0F9BEF4
:105050003146286801F053FB10F0200F4FF0000894
:105060004FF0010A4FF0020928D007EB461120202B
:10507000C1F80805607E0327012809D184F819804A
:1050800084F84C9084F84D703146286801F0D9FEC0
:10509000A07E012810D1E07E00280DD194F82600D2
:1050A000012801D084F81BA084F84D70314628688F
:1050B00001F0C7FEC4F84480BDE8F09F314628687F
:1050C00001F01DFB10F4007F0BD007EB46114FF4ED
:1050D0000070C1F8080531462868BDE8F05F01F0AE
:1050E000B0BE3146286801F00AFB10F0010F27D04E
:1050F000C4F844803146286801F001FB10F0400FED
:1051000006D084F819A007EB46114020C1F8080525
:10511000E07E48B184F81B8007EB4610D0F80415F8
:1051200021F48031C0F8041507EB4610C0F808A53B
:1051300084F84DA031462868BDE8F05F01F081BEDB
:105140003146286801F0DBFA10F0400F13D005203B
:1051500084F84D00A07E08B984F819A0C4F84480F2
:105160003146286801F06DFE07EB46114020C1F87A
:105170000805BDE8F09F3146286801F0C0FA10F03C
:10518000080F0DD007EB46110820C1F808050620CE
:1051900084F84D0031462868BDE8F05F01F051BE4B
:1051A0003146286801F0ABFA10F0100F14D0C4F8A3
:1051B000448084F84DB0607E18B9207E08B984F828
:1051C00019A03146286801F03CFE07EB461110207B
:1051D000C1F80805BDE8F09F3146286801F08FFA54
:1051E00010F0800F2BD0A87970B1606C401C606407
:1051F000022811D9C4F844805A4684F84CB031468C
:1052000028460FF01EFB13E0072084F84D003146BE
:10521000286801F016FE0BE084F84C9007EB46106E
:10522000D0F8001521F0804141F00041C0F8001590
:1052300007EB46118020C1F80805BDE8F09F314614
:10524000286801F05CFA10F4806F0ED0092084F811
:105250004D003146286801F0F4FD07EB46114FF48C
:105260008060C1F80805BDE8F09F3146286801F06C
:1052700046FA10F0020FF6D007EB4611C1F8089578
:1052800094F84D00012817D003283BD0042841D0C2
:1052900005284FD0062852D0072801D00928E2D18E
:1052A00084F84D90606C401C606402284DD9C4F8AD
:1052B000448084F84CB052E084F84D9084F84CA0BF
:1052C00094F82600022801D0032848D1A87928B9EB
:1052D00094F83D0080F0010084F83D00A879012891
:1052E0003DD1606B28B3218D0844401EB0FBF1F026
:1052F00010F0010F33D094F83D0080F0010084F8E5
:105300003D002CE084F84D90E07E012827D184F800
:105310004C9024E084F84D9084F84C90E07E012875
:105320001DD184F81B80D1F8040520F48030C1F829
:10533000040514E084F84D9084F84C900FE084F854
:105340004D90052084F84C0009E084F84C90D1F889
:10535000000520F0804040F00040C1F8000594F8BE
:105360004C20314628460FF06CFABDE8F09F2DE93D
:10537000F05F05460E4628688346314601F0BFF9C6
:10538000C6EB061110F0040F4FF007074FF00408AA
:1053900005EB81040AD00BEB4610C0F8088584F8B1
:1053A0004D703146286801F04CFD4FE031462868C9
:1053B00001F0A5F910F4807F4FF008090CD00BEB39
:1053C00046114FF48070C1F8080584F84D903146BD
:1053D000286801F036FD39E03146286801F08FF980
:1053E00010F0080F0BD00BEB4610C0F80895062004
:1053F00084F84D003146286801F023FD26E031464F
:10540000286801F07CF910F4806F0DD00BEB461189
:105410004FF48060C1F80805092084F84D0031463A
:10542000286801F00EFD11E03146286801F067F9A7
:1054300010F0800F0AD00BEB46118020C1F8080550
:1054400084F84D703146286801F0FBFC314628682D
:1054500001F055F910F4007F0BD03146286801F0B7
:10546000F0FC0BEB46114FF40070C1F80805BDE8E5
:10547000F09F3146286801F042F910F0010F4FF01B
:10548000200A4FF001094FF0000756D00BEB4618E9
:10549000C8F808A5E07E012806D1E776D8F804050B
:1054A00020F48030C8F80405A87930B1206BD8F812
:1054B0001015C1F31201401AA0634A4684F84D90BA
:1054C0006764C8F8082594F8260030B1022804D093
:1054D00003280AD0012808D013E03146286801F0DB
:1054E000B0FC1020C8F808050BE0D8F8000540F023
:1054F0000050C8F8000584F84C20314628460FF0CB
:10550000A0F9A879012807D094F83C0080F00100A8
:1055100084F83C00BDE8F09F208DA16B0144491E3A
:10552000B1FBF0F010F0010FF4D094F83C0080F0E3
:10553000010084F83C00BDE8F09F3146286801F086
:10554000DEF810F0200F11D00BEB4610C0F808A5C4
:10555000A07E0128EFD184F81B90032084F84D0031
:1055600031462868BDE8F05F01F06BBC3146286821
:1055700001F0C5F810F0020F4FF0050A7ED00BEBDA
:1055800046100222C0F8082594F84D10012917D0C2
:1055900006291AD007291DD009291BD005293FD07B
:1055A000032972D004296BD008296AD00229C2D0FD
:1055B00094F84C20314628460FF043F9BDE8F09F9F
:1055C00084F84D2084F84C90F2E784F84D2084F85C
:1055D0004CA0EDE784F84D20616C491C6164022900
:1055E0000ED96764A17E012907D1E7762777D0F825
:1055F000041521F48031C0F8041584F84C80D7E7F5
:1056000084F84C2094F8261009B10229D0D1D0F8A2
:10561000001521F0804141F00041C0F80015C7E7B6
:1056200084F84D20E17E0129C2D194F82610032987
:105630000FD084F84C2094F8261009B10229B7D174
:10564000D0F8001521F0804141F00041C0F800156C
:10565000AEE7A16C491CA164022913D9A764E776BF
:10566000616C032901D284F81C90D0F8041521F450
:105670008031C0F8041584F84C80DCE748E004E091
:105680002BE03DE084F84C20D5E784F84D20E17E06
:1056900001298DD184F84C20D0F8041541F48031D3
:1056A000C0F80415D0F80C1541F04001C0F80C15F5
:1056B000D0F80C1521F02001C0F80C1594F8261034
:1056C00011B102297FF474AFD0F8001521F08041A8
:1056D00041F00041C0F800156AE784F84D2084F8D5
:1056E0004C2094F8261011B102297FF461AFD0F854
:1056F000001521F0804141F00041C0F8001557E746
:1057000084F84D20606C401C606484F84C804FE746
:105710003146286800F0F3FF10F0400F0FD00BEB7C
:1057200046114020C1F8080584F84DA0A07E00B9BC
:10573000676431462868BDE8F05F01F082BB3146FE
:10574000286800F0DCFF10F0100F3FF437AF94F83A
:105750002600032803D050B1022808D013E0676464
:1057600084F84D803146286801F06BFB0BE06764DC
:10577000A87910B1E07E012805D184F84D8031462A
:10578000286801F05EFBE07E01280ED1E7760BEB86
:105790004610D0F8041521F48031C0F80415D0F873
:1057A0000C1541F02001C0F80C150BEB4611102030
:1057B000C1F80805BDE8F09F704770477047704713
:1057C00030B583B004462568D5F840040290D5F87A
:1057D00040040190019820F02E000190029810F0F2
:1057E000020F0AD0029810F0010F02D020460FF0ED
:1057F00020F8019840F002000190029810F0080F84
:1058000029D0019840F008000190029810F0040F90
:105810001ED0607A022803D0E079012810D013E06E
:10582000029800F4C020B0F5802F04D00121206838
:1058300001F044F808E00221206801F03FF803E09D
:105840004EF66020C5F8040420460EF0FEFF02E08C
:1058500020460EF0FEFF029810F0200F03D00198B2
:1058600040F0200001900198C5F8400403B030BD1D
:1058700070472DE9F04104462068064600F0E5F93E
:1058800001287DD1206800F036FF002878D02068FC
:1058900000F031FF10F4001F03D021684FF4001016
:1058A0004861206800F027FF10F4801F03D02168B2
:1058B0004FF480104861206800F01DFF10F0806FE9
:1058C00003D021684FF080604861206800F013FF2A
:1058D00010F0020F02D0216802204861206800F019
:1058E0000AFF10F0005F19D021684FF000504861A6
:1058F000D6F8400410F0010F10D11021304600F00E
:10590000FDF9304600F0D5F9607A022803D1012173
:10591000206800F0D3FF20460EF08FFF206800F0D3
:10592000EAFE10F0807F02D02046FFF749FF206892
:1059300000F0E1FE10F0080F05D020460EF075FFD4
:10594000216808204861206800F0D5FE10F0007F33
:1059500029D0206801F071FA0746002560790028F7
:105960001DD94FF0010805F00F0008FA00F0384289
:1059700011D006EB4510D0F8000510F4004F00E000
:1059800024E004D0E9B22046FFF7F1FC03E0E9B2DD
:105990002046FFF73EFB6D1C6079A842E3D82168E2
:1059A0004FF000704861206800F0A5FE10F0100F65
:1059B0000CD02068816921F0100181612046FFF739
:1059C000E2FA2068816941F010018161BDE8F0814F
:1059D000704710B5044694F8D40301280DD0012077
:1059E00084F8D4030121206800F0A1FF206800F0B2
:1059F00020F9002084F8D40310BD022010BD10B59A
:105A0000044694F8D403012809D0012084F8D40373
:105A1000206801F09AFA002084F8D40310BD022017
:105A200010BD006800F068BF90F8D5037047C1EB67
:105A3000011100EB810090F84C007047C1EB01119F
:105A400000EB8100806B7047C1EB011100EB81001E
:105A500090F84D007047006800F092BF006800F0B9
:105A600086BF2DE9F04105460C4616461F462868BC
:105A700000F07DFF8446C4EB041005EB8000017E3E
:105A800059B1BCF1000F08D10121817690F8262090
:105A90001AB9C27D0AB180F83C1080F8256080F800
:105AA00024700020BDE8F08181B0002200920099AE
:105AB000491C00910099B1F1706F02D9032001B027
:105AC0007047016911F0004FF1D00092016941F077
:105AD000010101610099491C00910099B1F1706FB9
:105AE00002D9032001B07047016911F0010FF1D113
:105AF000002001B070470FB410B504469DF81100A6
:105B000001281CD0E06840F04000E0602046FFF72C
:105B1000CBFF9DF8151061B3A16B21F48031A16317
:105B20009DF80E10012907D1A16841F00601A1607E
:105B3000A16841F02001A16010BC5DF814FBA06BCE
:105B400020F48030A063E06820F0400020F484005E
:105B5000E060E06820F44010E0609DF81800012843
:105B600003D1E06840F48010E0602046FFF79CFF1E
:105B7000D6E7A16B41F48031A163D1E7022A0FD0AF
:105B8000002A54D00921C26822F47052C260C2684F
:105B90004FF4705303EA81211143C1600020704724
:105BA000F84AF94B0A449A4201D20F21EBE7F74A2F
:105BB000F74B0A449A4201D20E21E4E7A1F57402A0
:105BC000F44BA2F510529A4201D20D21DBE7A1F16C
:105BD0008372F14BA2F5E7429A4201D20C21D2E73F
:105BE000EE4AEF4B0A449A4201D20B21CBE7ED4A31
:105BF000ED4B0A449A4201D20A21C4E7EB4AEC4B2E
:105C00000A449A4201D20921BDE7A1F1B772E94BDA
:105C1000A2F558529A4201D20821B4E7E64A11444B
:105C2000E64A914201D20721ADE70621ABE70921FF
:105C3000A9E7816841F00101816000207047816817
:105C400021F00101816000207047406900F00100EF
:105C5000704770B505460024E86820F0C040E86051
:105C6000012902D089B1012070BDE86840F00050E0
:105C7000E8600A2003F0EBF80A342846FFF7E5FF56
:105C8000012810D0C82CF4D30DE0E86840F0804023
:105C9000E8600A2003F0DBF80A342846FFF7D5FF56
:105CA00008B1C82CF5D3C82C01D0002070BD01204C
:105CB00070BD81B0002200920099491C00910099AA
:105CC000B1F1706F02D9032001B07047016911F082
:105CD000004FF1D00092102101610099491C009100
:105CE0000099B1F1706F02D9032001B070470169CA
:105CF00011F0100FF1D1002001B0704781B00023E6
:105D00000093009A521C0092009AB2F1706F02D96F
:105D1000032001B07047026912F0004FF1D00093E8
:105D2000202242EA811101610099491C00910099E9
:105D3000B1F1706F02D9032001B07047016911F011
:105D4000200FF1D1002001B07047D0F80028114396
:105D5000C0F80018002070470FB42DE9F043044646
:105D600000250020002604EB8001C1F80461401CDE
:105D70000F28F8D39DF82A70002F38D0A06B20F49C
:105D80000011A163A06B40F40021A163C4F8006E70
:105D90009DF8250001283DD003212046FFF7D5FFBF
:105DA00010212046FFF7AAFF00B101252046FFF78A
:105DB00080FF00B10125C4F81068C4F81468C4F865
:105DC0001C6800209DF820204FF000694FF090489B
:105DD0004FF67F33002A36D904EB4011D1F800C9C1
:105DE0001CF0004F26D010B3C1F8008924E0D4F88D
:105DF000040840F00201C4F80418A06B40F400113C
:105E0000A163A06B20F40021A163A06B20F480218A
:105E1000A163BBE79DF8230020B101212046FFF7D5
:105E200094FFBDE700212046FFF78FFFB8E7C4F8D5
:105E3000009901E0C1F80069C1F81069C1F808399A
:105E4000401C8242C8D80020002A16D904EB401119
:105E5000D1F800CB1CF0004F06D010B1C1F8008B78
:105E600004E0C4F8009B01E0C1F8006BC1F8106BBE
:105E7000C1F8083B401C8242E8D8D4F8100820F44E
:105E80008071C4F81018A6616FF0804060619DF8C1
:105E9000220018B9A06940F01000A061A06948492B
:105EA0000843A0619DF8260018B1A06940F00800E1
:105EB000A061012F05D1A06940F0040040F08040AE
:105EC000A0612846BDE8F0035DF814FBD0F808088F
:105ED00000F00600002805D0022805D0062803D0CF
:105EE0000F207047002070470220704710B40A78D6
:105EF0004C784FF0010C02F00F030CFA03F3012C65
:105F00000DD0D0F81CC84CEA0343C0F81C3800EB95
:105F10004210D0F8002B12F4004F22D02EE0D0F81F
:105F20001CC89BB24CEA0303C0F81C3800EB4210BB
:105F3000D0F8003913F4004F20D1D0F80039B1F86F
:105F400008C00979CCF30A0C890443EA0C0341EA3E
:105F50008251194341F4004141F08051C0F80019C9
:105F60000CE0D0F8002B0B890979C3F30A031A431C
:105F7000144B43EA81411143C0F8001B10BC0020C0
:105F800070470000405327FF00350C00401E1BFFE8
:105F900040420F00804F120020D6130060B6E5FE8D
:105FA00060E3160000D3CEFE40771B00C05BB3FE5B
:105FB000C091210020753800E05459FEE09C41005A
:105FC00000383C800080001030B40B784C780A78A0
:105FD0004FF0010C00EB4212012C05D0D2F8004B1F
:105FE00014F4004F22D030E0D2F8004914F4004FEE
:105FF00010D1D2F800490D89C5F30A052C430D795B
:10600000AD0445EA8353234343F4004343F08053F4
:10601000C2F80039D0F83C28097801F00F010CFAD9
:1060200001F189B21143C0F83C1819E0D2F8004BD5
:106030000D89C5F30A052C430D79AD0445EA835358
:10604000234343F40043C2F8003BD0F83C280978CE
:1060500001F00F010CFA01F142EA0141C0F83C18CD
:1060600030BC0020704710B491F801C00A780123B9
:1060700000EB4212BCF1010F2FD0D2F800CB1CF084
:10608000004F0BD0D2F800CB4CF0006CC2F800CB24
:10609000D2F800CB4CF0804CC2F800CBD0F83CC812
:1060A0000C7804F00F0403FA04F42CEA044CC0F852
:1060B0003CC8D0F81CC8097801F00F0103FA01F1BF
:1060C0002CEA0141C0F81C18D2F8000BFE49084028
:1060D000C2F8000B10BC00207047D2F800C91CF0B9
:1060E000004F0BD0D2F800C94CF0006CC2F800C9C8
:1060F000D2F800C94CF0804CC2F800C9D0F83CC8B6
:106100000C7804F00F0403FA04F4A4B22CEA040C93
:10611000C0F83CC8D0F81CC8097801F00F0103FA98
:1061200001F189B22CEA0101C0F81C18D2F800096B
:10613000E6490840C2F80009CCE791F801C00A78A6
:10614000012300EB4212BCF1010F23D0D2F800CBA7
:106150001CF0004F0BD0D2F800CB4CF0006CC2F812
:1061600000CBD2F800CB4CF0804CC2F800CBD2F878
:1061700000CB2CF4004CC2F800CBD0F81C280978D6
:1061800001F00F0103FA01F122EA0141C0F81C18E5
:1061900000207047D2F800C91CF0004F0BD0D2F895
:1061A00000C94CF0006CC2F800C9D2F800C94CF02C
:1061B000804CC2F800C9D2F800C92CF4004CC2F8D7
:1061C00000C9D0F81C28097801F00F0103FA01F189
:1061D00089B222EA0101C0F81C18D9E7DDF800C035
:1061E000BCF1000F12D1DB1C4FEA930C0023BCF171
:1061F000000F0BD900EB023000F5805208681060E8
:10620000481C801C411C5B1C6345F7D30020704771
:1062100078B591F800C04C780B786FF0604500EBD2
:106220004313012C31D0D3F8104B6FF31204C3F891
:10623000104BD3F8104B6FF3DC44C3F8104BBCF198
:10624000000F7DD00C69002C00F0F780D1F808C059
:106250006444641EB4FBFCF4A4B20CFB04FCC1F85F
:1062600020C0D3F810CB05EAC4444CEA040CC3F8B0
:1062700010CBD3F810CB0C6AC4F312044CEA040C14
:10628000C3F810CB012A79D0EBE00C6904B3D3F842
:1062900010496FF31204C3F81049D3F810496FF393
:1062A000DC44C3F81049BCF1000F24D00E698C689F
:1062B0002644761EB6FBF4F4A4B2D3F8106905EABE
:1062C000C4453543C3F810590D79012D1FD02DE079
:1062D000D3F810496FF3DC44C3F81049D3F81049E0
:1062E00044F40024C3F81049D3F810496FF31204A2
:1062F000C3F8104922E00D698C68A54200D90C61F1
:10630000D0F8104944F40025C0F810590EE0D3F835
:10631000105925F0C045C3F81059D3F810594FF063
:10632000C04606EA44742C43C3F81049D3F8104918
:106330000D69C5F312052C43C3F81049012A00E08A
:106340005FE01CD000EB4C13D3F800C94CF0044CB8
:10635000C3F800C991F804C0BCF1010F37D00A6935
:10636000002A46D0D0F834280978012301F00F0123
:1063700003FA01F11143C0F8341886E06DE0CA69F0
:106380001AB100EB4C13C3F81429097901290CD177
:10639000D0F8081811F4807F10D000EB4C11D1F820
:1063A000002942F08052C1F8002900EB4C10D0F8CF
:1063B000001941F00441C0F8001966E000EB4C11EF
:1063C000D1F8002942F00052C1F80029EDE7D0F8D9
:1063D00008C81CF4807F0DD0D3F800C94CF0805C55
:1063E000C3F800C900920A8A93B20A78C968FFF715
:1063F000F5FE4AE0D3F800C94CF0005CC3F800C9D0
:10640000F0E7D1F810C0BCF1000F03D0D1F808C0FC
:10641000C1F810C0D1F808C0C1F820C0D0F8104BA6
:10642000CCF3120C44EA0C0CC0F810CBD0F810CB13
:106430004CF4002CC0F810CB24E7D3F810CB8C68B8
:10644000C4F312044CEA040CC3F810CBD3F810CBFD
:106450004CF4002CC3F810CB14E7CA680AB1C3F897
:10646000142B097901290AD1D0F8080810F4807F8B
:106470000DD0D3F8000B40F08050C3F8000BD3F8D8
:10648000000B40F00440C3F8000B002078BDD3F8A7
:10649000000B40F00050C3F8000BF0E718B40022E6
:1064A000009294460A784C7800EB421342F2107244
:1064B000012C21D0D3F8004B14F0004F4AD0D3F870
:1064C000004B44F0006403E00078F3EF007833EC15
:1064D000C3F8004B0B7800EB4313D3F8004B44F0A8
:1064E0008044C3F8004B009B5B1C0093009B9342CD
:1064F00028D94FF0010C2DE0D3F8004914F0004FDB
:1065000028D0D3F8004944F00064C3F800490B7860
:1065100000EB4313D3F8004944F08044C3F800492A
:10652000009B5B1C0093009B934202D94FF0010C2F
:1065300010E00B7800EB4313D3F8003913F0004F51
:10654000EED107E00B7800EB4313D3F8003B13F0D8
:10655000004FC8D118BC6046704730B48446084626
:10656000930802F003010022002B07D90CF5805498
:1065700025680560001D521C9A42F9D300290ED0EF
:1065800000224FF4805353F80CC0D3002CFA03F3CD
:106590000370521C401C491E89B20029F5D130BC41
:1065A00070470A784B780978012B00EB411005D031
:1065B000D0F8001B11F0004F13D019E0D0F80019EB
:1065C00011F0004F06D12AB1D0F8001921F0804116
:1065D000C0F80019D0F8001941F40011C0F80019F2
:1065E0000CE02AB1D0F8001B21F08041C0F8001B5C
:1065F000D0F8001B41F40011C0F8001B00207047C8
:106600004A780B78012A00EB43100BD0D0F8002B0E
:1066100022F40012C0F8002B0979032914D00229B2
:1066200012D017E0D0F8002922F40012C0F8002997
:106630000979032901D002290CD1D0F8001941F0C1
:106640008051C0F8001905E0D0F8001B41F08051DE
:10665000C0F8001B0020704710B5044620460021FA
:106660004FF67F3300EB4112C2F80839C2F8083BFD
:10667000491C0F29F6D30021C0F81018C0F81418CF
:10668000C0F81C182046FFF714FB002805D120464F
:10669000BDE810401021FFF731BB10BDD0F8002835
:1066A00022F4FE62C0F80028D0F800284FF4FE6300
:1066B00003EA01111143C0F8001800207047D0F818
:1066C000001E21F00301C0F8001ED0F8041821F0CC
:1066D0000201C0F8041800207047D0F8001E21F015
:1066E0000301C0F8001ED0F8041841F00201C0F800
:1066F000041800207047416980690840704700EB2A
:106700004110D0F80815D0F80C0508407047D0F8B3
:106710001818D0F81C080840000C7047D0F818185A
:10672000D0F81C08084080B2704700EB4111D1F846
:10673000081BD0F8140808407047D0F81028D0F88B
:10674000343801F00F0C23FA0CF303F0010342EA92
:10675000C31200EB4110D0F808091040704742699D
:10676000114041617047D0F800196FF30A01C0F879
:106770000019D0F8041841F48071C0F80418002002
:106780007047036CDFF8CCC4634506D9D0F8003BF2
:1067900013F0004F01D0002070470023C0F8103BD9
:1067A000D0F8103B43F40023C0F8103BD0F8103B66
:1067B00043F01803C0F8103BD0F8103B43F0C0433F
:1067C000C0F8103B012907D1C0F8142BD0F8001BEA
:1067D00041F08021C0F8001B002070470FB470B555
:1067E000044600260025C4F8005EA06B40F40010AB
:1067F000A063A06B20F40020A063A06B20F4802095
:10680000A063E06810F0400F3AD0D4F8000420F004
:106810000401C4F8001410212046FFF76FFA00B1FC
:1068200001262046FFF745FA00B1012600209DF819
:106830001530421E002B08D904EB4011C1F8082581
:10684000C1F80C55401C8342F6D8A5616261A4F1E1
:106850008040B0F580200AD080206062FE48A062AF
:10686000FE48C4F800019DF81600D8B11EE04FF4B0
:1068700000706062FA48A062FA48C4F80001F2E7CA
:106880009DF81700012806D0D4F8000420F0040178
:10689000C4F80014BFE7D4F8000440F00401C4F8C1
:1068A0000014B8E7A06940F01000A061A069EE49AB
:1068B0000843A061304670BC5DF814FBD0F800249A
:1068C00022F00302C0F80024D0F8002401F00303F2
:1068D0001A43C0F80024012903D0022906D0012060
:1068E00070474BF68031C0F8041403E041F2707138
:1068F000C0F804140020704738B50446D4F84004AA
:106900000090009820F02E000090009840F48070D5
:10691000C4F84004642002F09AFA009820F48070D1
:10692000C4F840040A2002F092FA002038BD81B079
:10693000D0F840240092009A22F02E020092009A91
:1069400012F4805F06D1012904D1009A42F48052EA
:10695000C0F84024009A12F4805F05D021B9009954
:1069600021F48051C0F84014002001B0704781B07C
:10697000D0F8400400900098C0F3414001B0704747
:10698000D0F8080480B270472DE9F043DDF8248088
:10699000079F089D002600EB41144FF0FF3CC4F810
:1069A00008C5002D26D0012D4CD0022D22D0032D5C
:1069B0003AD001264FF0000CC4F804C5D4F80CC539
:1069C0004CF0020CC4F80CC5D0F818C401F00F014B
:1069D0004FF0010909FA01F14CEA010CC0F818C4A2
:1069E000816941F00071816112F0800F38D04FF45D
:1069F000004136E040F29D4CC4F80CC512F0800F07
:106A000006D0D4F80CC54CF4807CC4F80CC5D1E792
:106A1000A0F18049B9F58029CCD1D4F80CC54CF04F
:106A2000600CC4F80CC5C5E740F29D6CC4F80CC5F9
:106A300012F0800FBED0D4F80CC54CF4807CC4F8A2
:106A40000CC5B7E740F2252CC4F80CC512F0800F36
:106A5000B0D0D4F80CC54CF4C07CC4F80CC5A9E780
:106A60000021FFF784FF022F03D1022801D0380450
:106A700000E000204FF0FE5C0CEA83534FF4F04C32
:106A80000CEAC2221A434FF4402303EA85431A4317
:106A9000C8F30A031A431143084340F48010C4F8B2
:106AA0000005032D01D0012D05D1D4F8000540F0DB
:106AB0000050C4F800053046BDE8F08300EB4110FB
:106AC0006A4AC0F81025D0F8001521F0804141F045
:106AD0000041C0F8001500207047F0B582B04C7836
:106AE0004FF48077A0F18043B3F580231AD1012AB7
:106AF00002D00B799BB115E091F812C0BCF1000FE8
:106B000002D0BCF1020F0DD18B795BB900EB441CB4
:106B1000DCF80C3523F07003CCF80C3502E04B792F
:106B2000012B17D08B790126012B19D00D6A002D6E
:106B300064D0B1F814C005EB0C035B1EB3FBFCF38F
:106B40009BB2B3F5807F5AD93B464FEA0C2CC1F873
:106B50001CC054E02146FFF7B1FF02B00020F0BD99
:106B6000012391F803C0BCF1000F04D0B1F814C0A8
:106B7000C1F81CC050E091F812C0BCF1010F02D066
:106B8000012A2ED035E0D1F820C0BCF1BC0F14D9B9
:106B9000B1F814C0C1F81CC0C1F820C0D1F80CC0B5
:106BA000BCF1010F04D0BCF1020F01D0CE6033E084
:106BB0004FF0020CC1F80CC02EE0C1F81CC0D1F897
:106BC0000CC0BCF1010F07D0BCF1020F04D04FF094
:106BD000040CC1F80CC01FE04FF0030CC1F80CC04E
:106BE0001AE0B1F814C00D6A654502D9C1F81CC09D
:106BF00012E0D1F820C0C1F81CC00DE0012391F8CB
:106C000003C0BCF1000F06D0B1F814C00CFB03FCAC
:106C1000C1F81CC000E0CD61D1F81CC06FF0604528
:106C2000CCF3120C05EAC3434CEA030391F816C0F7
:106C30004FF0C04505EA4C7C43EA0C0C00EB4413D2
:106C4000C3F810C51AB1D1F818C0C3F814C5D0F8EC
:106C500008C40DE00A30544F80006000E00040009E
:106C6000000200010003E000080020A300000880EB
:106C700026EA0C0CD3F8004524F00054C3F8004574
:106C8000D3F8004544EA4C7CC3F800C591F806C02F
:106C90000024BCF1010F17D0C3F80445D3F800C598
:106CA000CDF804C0DDF804C02CF0804CCDF804C051
:106CB00091F803C0BCF1000F7AD0DDF804C04CF4A9
:106CC000004CCDF804C079E04D7C91F810C04FF035
:106CD000004646EAC5154CEA050CC3F804C5D3F8CE
:106CE0000CC54CF0600CC3F80CC591F807C0BCF1A2
:106CF000010F10D191F803C0BCF1000F0BD1D3F8F4
:106D000004C54CF4803CC3F804C5D3F80CC54CF062
:106D1000400CC3F80CC591F812C0BCF1010F02D0B1
:106D2000BCF1030F0FD191F807C0BCF1010F0AD1DC
:106D300091F803C0BCF1010F05D1D3F804C54CF4A0
:106D4000803CC3F804C591F812C0BCF1010FA5D175
:106D500091F803C0BCF1000FA0D1D1F80CC0BCF178
:106D6000010F0FD0BCF1020F13D0BCF1030F18D0EC
:106D7000BCF1040F92D1D3F804C54CF4404CC3F8D5
:106D800004C58BE7D3F804C54CF4004CC3F804C524
:106D900084E7D3F804C54CF00E0CC3F804C57DE7B6
:106DA00006E0D3F804C54CF4804CC3F804C575E77D
:106DB000DDF804C02CF4004CCDF804C0DDF804C0AC
:106DC0004CF0004CCDF804C0DDF804C0C3F800C599
:106DD00012B102B00020F0BDCA785ABB0B6A4BB3A7
:106DE000CA793ABB8A7C32B1012A10D0022A02D079
:106DF000032A18D10BE0DA1CC2F38F02C36A9BB2DC
:106E0000934210D2826942F0200282610BE0DA1CC8
:106E1000C2F38F02D0F810349BB2934203D282693E
:106E200042F08062826100940A8C93B24A78896948
:106E3000FFF7D4F902B00020F0BDD0F8140480B2FE
:106E4000704718B40022009200EB4111D1F80025E0
:106E5000C2F38142D1F80035DB0FD1F804C54FEA07
:106E6000DC7C846814F0200F07D0BCF1000F04D143
:106E7000D3B1012A18D0032A16D0C2B1022A16D0E3
:106E8000D1F8002542F08042C1F80025D0F8100466
:106E900010F47F0F40D0D1F8000540F00040C1F859
:106EA000000518BC0020704718BC00207047D1F8BE
:106EB000002542F08042C1F80025826812F0200FC0
:106EC00006D0D1F8000540F00040C1F80005E8E721
:106ED000C06A10F47F0F06D0D1F8000540F00040E2
:106EE000C1F80005DDE7D1F8000520F00040C1F849
:106EF0000005D1F8000540F00040C1F800050098F9
:106F0000401C00900098B0F57A7FCAD8D1F80005EF
:106F100010F0004FF3D1C4E7D1F8000520F0004095
:106F2000C1F80005D1F8000540F00040C1F80005A7
:106F30000098401C00900098B0F57A7FB1D8D1F845
:106F4000000510F0004FF3D1ABE738B5044600253B
:106F5000002000902046FEF772FE10212046FEF72A
:106F6000CDFE00B101252046FEF7A3FE00B10125AC
:106F7000002104EB4110D0F8002542F0804222F0BD
:106F8000004222F40042C0F80025491C0F29F0D924
:106F9000002104EB4112D2F8000540F0804040F09F
:106FA000004020F40040C2F80005009B5B1C0093E9
:106FB0000098B0F57A7F04D8D2F8000510F0004FA1
:106FC000F3D1491C0F29E4D94FF0FF30C4F8140461
:106FD00060612046FEF72DFE284638BDD0F808181F
:106FE00011F0010F05D0D0F8041841F00101C0F8EC
:106FF000041800207047D0F8041821F00101C0F8EF
:107000000418002070470000002070472DE9F84F59
:107010000446002C12D02078FB4E10F0010FA6F190
:10702000040563D0301D016801F00C0104290CD067
:10703000006800F00C00082803D010E00120BDE833
:10704000F88F306810F4800F09D0286810F4003FE2
:107050004CD06068002849D10120BDE8F88F6068F5
:10706000B0F5803F14D0B0F5A02F16D0286820F4DA
:1070700080302860286820F480202860606810B381
:1070800001F0CDFE0746286810F4003F0ED02DE039
:10709000286840F480302860F0E7286840F48020B9
:1070A0002860286840F480302860E7E701F0B7FEE8
:1070B000C01B642802D90320BDE8F88F286810F4AB
:1070C000003FF3D012E001F0AAFE0746286810F452
:1070D000003F0BD001F0A3FEC01B642802D903209F
:1070E000BDE8F88F286810F4003FF3D12078C74F2F
:1070F00010F0020F4FF0000957D0C548016811F099
:107100000C0F14D0006800F00C00082803D1306880
:1071100010F4800F0BD0E06880B30120386001F0DC
:107120007EFE8046286810F0020F12D01EE028680C
:1071300010F0020F05D0E068012802D00120BDE860
:10714000F88F2868216920F0F80040EAC100286023
:107150002BE001F064FEA0EB0800022802D9032016
:10716000BDE8F88F286810F0020FF2D02868216976
:1071700020F0F80040EAC100286016E0FFE7C7F8F9
:10718000009001F04CFE8046286810F0020F0CD0F1
:1071900001F045FEA0EB0800022802D90320BDE85B
:1071A000F88F286810F0020FF2D1207810F0080F45
:1071B00035D09848DFF860A26169C1B10121016052
:1071C00001F02DFE8046DAF8000010F0020F26D103
:1071D00001F025FEA0EB0800022802D90320BDE83B
:1071E000F88FDAF8000010F0020FF1D017E0C0F8C5
:1071F000009001F014FE8046DAF8000010F0020F53
:107200000DD001F00CFEA0EB0800022802D90320EB
:10721000BDE8F88FDAF8000010F0020FF1D1207805
:1072200010F0040F71D04FF000087C48006810F097
:10723000805F0AD17948016841F08051016000689F
:1072400000F0805000904FF00108DFF8D4B1DBF877
:10725000000010F4807F1BD1DBF8000040F4807048
:10726000CBF8000001F0DBFD8246DBF8000010F4F3
:10727000807F0DD101F0D3FDA0EB0A00022802D9D6
:107280000320BDE8F88FDBF8000010F4807FF1D018
:10729000A068DFF890B1012818D005281DD0DBF8D0
:1072A000000020F00100CBF80000DBF8000020F027
:1072B0000400CBF80000A06840B301F0B0FD8246A6
:1072C000DBF8000010F0020F14D03EE0DBF8000005
:1072D00040F00100CBF80000EDE7DBF8000040F0E3
:1072E0000400CBF80000DBF8000040F00100CBF810
:1072F0000000E0E701F093FDA0EB0A0141F28830C5
:10730000814204D90320BDE8F88F26E005E0DBF8D0
:10731000000010F0020FEDD017E001F080FD824672
:10732000DBF8000010F0020F0FD001F078FDA0EBA9
:107330000A0141F28830814202D90320BDE8F88F6A
:10734000DBF8000010F0020FEFD1B8F1010F04D10B
:107350003248016821F080510160A069F0B32C49E6
:1073600009684FF0FF3801F00C01082966D00228A7
:1073700010D0C7F8609001F052FD0446286810F064
:10738000007F2BD001F04BFD001B022851D90320B8
:10739000BDE8F88FC7F8609001F041FD814628688C
:1073A00010F0007F0CD001F03AFDA0EB090002289C
:1073B00002D90320BDE8F88F286810F0007FF2D1D1
:1073C000216AE069A26A0843616A08EB52028901F6
:1073D00041EA0241084394F82C1000E055E040EAED
:1073E000016030600120386601F019FD044628680C
:1073F00010F0007F49D101F012FD001B022813D9C3
:107400000320BDE8F88F0000043802400000474226
:1074100008380240800E474274380240403802402B
:107420000070004070380240286810F0007FE2D001
:107430002BE0286810F0007FA4D126E0012822D09C
:107440003068E26900F4800191421AD1226A00F0AA
:107450003F01914215D147F6C071626A0140B1EB1C
:10746000821F0ED1A26A00F4403108EB5202B1EB48
:10747000024F06D194F82C1000F07060B0EB016F51
:1074800003D00120BDE70120BBE70020B9E710B51C
:10749000E948006810F00C01E84816D0E84B0429D0
:1074A00012D0082911D1E74C216801F03F02216870
:1074B00011F4800F0AD02068C0F38810A0FB0301EC
:1074C00000231AF040FE09E0184610BD2168002391
:1074D000C1F38811A1FB00011AF035FE2168C1F348
:1074E0000141491C4900B0FBF1F010BD2DE9F04706
:1074F00004460D46002C13D0DFF84C93D9F8000059
:10750000EFB200F00700A8420DD289F80070D9F858
:10751000000000F00700A84205D00120BDE8F08778
:107520000120BDE8F0872068C34E10F0020F14D090
:1075300010F0040F03D0306840F4E0503060207841
:1075400010F0080F03D0306840F4604030603068BD
:10755000A16820F0F00008433060207810F0010F9F
:107560003ED06068B949012808D002280DD0032810
:107570000BD0096811F0020F28D00AE0096811F455
:10758000003F06D10120BDE8F087096811F0007FB7
:1075900019D0316821F003010843306001F03FFC4D
:1075A00080463068616800F00C00B0EB810F17D0A6
:1075B00041F2883A01F033FCA0EB0800504508D9AD
:1075C0000320BDE8F0870120BDE8F0870120BDE879
:1075D000F0873068616800F00C00B0EB810FE9D1F2
:1075E000D9F8000000F00700A8420AD989F8007015
:1075F000D9F8000000F00700A84202D00120BDE841
:10760000F087207810F0040F05D03068E16820F48E
:10761000E05008433060207810F0080F06D0306842
:10762000216920F4604040EAC1003060FFF72FFF7D
:107630003168874AC1F30311515CC840854908602D
:1076400085480068E9F792FF0020BDE8F08770B533
:1076500086B00C461546814902230322764E4FF030
:10766000000C00281CD0086840F00400086008687E
:1076700000F0040000904815019002930492CDF8A8
:107680000CC0CDF814C001A9754800F043FC306867
:1076900044EAC50120F078400843306006B070BD70
:1076A000086840F001000860086800F001000090E0
:1076B0004FF48070019002930492CDF80CC0CDF885
:1076C00014C001A9674800F025FC306844EA0501B0
:1076D00020F0EC600843306006B070BD62490120C4
:1076E000C864704760490020C86470475948006802
:1076F000704700B5FFF7FAFF4F4909685B4AC1F3CD
:107700008221515CC84000BD00B5FFF7EFFF4A4938
:107710000968564AC1F34231515CC84000BD10B4FB
:107720000F210160494B196811F4802F4FF00001BF
:1077300003D04FF4A022426008E01A6812F4803FA0
:1077400003D04FF48032426000E041601A6812F0CA
:10775000010F4FF0010201D0C26000E0C160D3F818
:1077600000C0CCF3C40CC0F810C0DFF804C1DCF8D2
:10777000004014F0040F04D04FF0050CC0F808C00E
:1077800007E0DCF800C01CF0010F01D0826000E0CF
:107790008160DFF8E0C0DCF800C01CF0010F01D010
:1077A000426100E04161196811F0807F02D002213E
:1077B000816100E0826123490A6802F48002C261AB
:1077C0000A6802F03F0202620A68C2F3881242624B
:1077D0000A6802F4403202F58032D20B82620968F4
:1077E000C1F30361C16210BC70470F220260124AEC
:1077F000136803F003034360136803F0F00383602E
:10780000136803F4E053C360126802F46042D208C4
:1078100002610D48006800F007000860704770477B
:1078200010B51548006810F0800F04D0FFF7F7FF7F
:1078300012498020087010BD083802400024F4006E
:1078400040787D0104380240003C0240003802408C
:10785000485F040800C0012034C0012030380240D5
:10786000000802400000024000004742585F040840
:1078700070380240743802400C3802400E38024022
:10788000D149086810F0100FD04805D0C26942F005
:107890001002C26110220A600A6812F0200F05D09F
:1078A000C26942F00802C26120220A600A6812F02E
:1078B000400F05D0C26942F00402C26140220A6052
:1078C0000A6812F0800F05D0C26942F00202C2615C
:1078D00080220A600A6812F0020F05D0C26942F0E5
:1078E0002002C26102200860704770B50446B749A3
:1078F0000020C86101F093FA0646B34D286810F4E1
:10790000803F0ED0B4F1FF3F07D024B101F087FAD9
:10791000801BA04201D9032070BD286810F4803F6D
:10792000F0D1286810F0010F01D0012028602868EC
:1079300010F0F20F03D0FFF7A3FF012070BD00206D
:1079400070BDA349D1F800C02CF4407CC1F800C040
:10795000D1F800C04CF4407CC1F800C0D1F800C0A0
:107960004CF0010CC1F800C00260BFF36F8F4360A0
:107970007047974A136823F440731360136843F405
:1079800000731360136843F00103136001607047D4
:107990008F4A136823F440731360136843F48073B1
:1079A0001360136843F00103136001807047884A35
:1079B000136823F44073136013681360136843F073
:1079C00001031360017070472DE9F04106468846B7
:1079D00014461D467D4F387E012807D00120387699
:1079E0004CF25030FFF781FF18B115E00220BDE8DE
:1079F000F081AEB1012E18D0022E1BD022462B46AC
:107A00004046FFF79EFF4CF25030FFF76EFF704983
:107A10000A6822F001020A6000213976BDE8F0818F
:107A2000E1B24046FFF7C3FFEDE7A1B24046FFF7E2
:107A3000AFFFE8E721464046FFF79BFFE3E770B55D
:107A40008C46002462490D6845F080750D600D6814
:107A500045F000750D605D4903250D70C1F814C037
:107A6000002808D001280BD002280ED06046FFF76E
:107A700068FF204670BDD1B26046FFF798FFF8E777
:107A800091B26046FFF784FFF3E711466046FFF7C7
:107A900070FFEEE7704770472DE9F0414A4F3868B4
:107AA0004A4D10F0F20F4FF000060CD02878012854
:107AB0002BD0287802282DD06C69FFF7E1FE2046F4
:107AC000FFF7E9FF2E70386810F0010F0BD001208E
:107AD0003860287801281FD02878022836D06869B5
:107AE000FFF7D8FF2E70287800280CD1384801689D
:107AF00021F0FF010160016821F0807101600168DF
:107B000021F000710160BDE8F081EC684FF0FF30BA
:107B1000E860D2E72C69D0E76868401E6860686852
:107B200050B1E868FFF7B6FFE868401CE860E86815
:107B3000297A00F087F8D6E74FF0FF34EC602E701A
:107B400000F056F82046FFF7A5FFCCE700F050F80C
:107B50002869FFF79FFFC5E700201D490A6812F05A
:107B6000004F09D01C4A1B4B13601C4B1360096863
:107B700011F0004F00D0012070471548016841F016
:107B800000410160002070471548006810F0010FA7
:107B900006D0154813490160144901600020704760
:107BA000012070470E48016841F00101016000208A
:107BB00070470B48017841F0020101704CF25030DF
:107BC00093E60248C06970470C3C024040C3012064
:107BD000103C024023016745043C0240AB89EFCDD5
:107BE000143C02403B2A1908083C02407F6E5D4C61
:107BF000C148016811F4007F0FD0016821F40071C1
:107C00000160016841F400610160016821F40061D4
:107C10000160016841F400710160016811F4806F36
:107C20000FD0016821F480610160016841F4805146
:107C30000160016821F480510160016841F48061B4
:107C4000016070470022002905D001291AD00229BD
:107C50001BD04FF44072A9490B6823F440730B60AA
:107C60000B681A430A600A6822F0F8020A600A6880
:107C7000022343EAC00010430860086840F48030E3
:107C8000086070474FF48072E5E74FF40072E2E756
:107C90009A490A6822F440720A600A6842F00402B3
:107CA0000A600A684FF4803343EA002010430860FA
:107CB00070472DE9F04104460F46DFF8448298F8FA
:107CC000180001280AD0012088F818004CF2503022
:107CD000FFF70BFE0246100003D035E00220BDE89E
:107CE000F0814FF0FF3038602068844E012815D0B5
:107CF000A568E0682844A84224D9217C2846FFF7DB
:107D0000A1FF4CF25030FFF7F0FD0246306820F042
:107D1000FA00306010000FD03D6013E0207C6168F5
:107D2000FFF7B6FF4CF25030FFF7DFFD0246306838
:107D300020F00400306005E06D1CA168E068084494
:107D4000A842DAD8FFF754FF002088F81800104640
:107D5000BDE8F08110B5002468490A6842F08072DD
:107D60000A600A6842F000720A60664AF3211160F4
:107D700002686349012A0DD001220A70C2684A6074
:107D80008268CA60027C0A72017C8068FFF75AFF31
:107D9000204610BD02220A7042680A614168007CD8
:107DA000FFF776FFF4E758490A7822F00C020A70D0
:107DB0000A78104308700020704770B504460D46DD
:107DC00016464CF25030FFF790FD00280BD1DFF83B
:107DD00038C19CF8001001F01F0345EA030131434C
:107DE00021438CF8001070BD10B504464CF25030A1
:107DF000FFF77BFD002801D144490C7010BD10B580
:107E000004464CF25030FFF770FD002803D1404982
:107E10000A8822430A8010BD10B504464CF2503047
:107E2000FFF763FD002803D139490A88A2430A807D
:107E300010BD70B504460120314D297E01292AD09C
:107E400001212976217811F0010F06D06068012800
:107E500023D0E168A068FFF7D2FF217811F0020F6C
:107E600002D0207CFFF7C0FF217811F0040F08D06A
:107E7000207E00F0800200F0400100F02000FFF7BB
:107E80009CFF217811F0080F02D0207DFFF78BFFB7
:107E90000021297670BD022070BDE168A068FFF75F
:107EA000BBFFDAE71848007800F00C00704716486E
:107EB000006800F0E0007047AA2014490A78CC2A34
:107EC00004D00978AA2900D055207047CC207047EB
:107ED0000F480088704710B504460F202060FFF758
:107EE000F7FFA060FFF7E8FF2061FFF7E0FF2076D3
:107EF000FFF7D8FF606110BD003C0240103C02401B
:107F000040C301200C3C0240143C0240153C02409E
:107F1000163C02402DE9F84F0022DFF8C4A3DFF839
:107F2000BC934FF0010E03274FF00F08AAF1040B8A
:107F30000EFA02FC0B6803EA0C0363457DD10C7951
:107F400004F00304012C01D0022C14D185685400E4
:107F500007FA04F6B543CE6806FA04F42C438460AD
:107F6000446824EA0C0C0C79C4F30014944044EAED
:107F70000C0CC0F804C0D1F804C037EA0C0C0CD0CB
:107F8000C4684FEA420C07FA0CF5AC438D6805FA59
:107F90000CFC4CEA040CC0F80CC091F804C00CF0C6
:107FA000030CBCF1020F12D14FEAD20C00EB8C048F
:107FB000256A4FEA427C4FEADC6C08FA0CF6B543BE
:107FC0000E6906FA0CFC4CEA050CC4F820C00468E3
:107FD0004FEA420C07FA0CF5AC430D7905F00305A6
:107FE00005FA0CFC4CEA040CC0F800C0D1F804C03F
:107FF0001CF4403F7DD0D9F800C04CF4804CC9F847
:1080000000C0D9F800C00CF4804CCDF800C022F0BC
:10801000030C0CF1804505F59835D5F808C8940790
:10802000240F08FA04F62CEA0606A0F1804CBCF5F1
:10803000003C64D0A0F1804C00E05AE0BCF5013C6B
:1080400060D0A0F1804CBCF5023C5ED0A0F1804C29
:10805000BCF5033C5CD0A0F1804CBCF5043C5AD08C
:10806000A0F1804CBCF5053C58D0A0F1804CBCF58B
:10807000063C56D0A0F1804CBCF5073C54D04FF0E4
:10808000080C0CFA04FC4CEA060CC5F808C8DAF82F
:1080900000C02CEA030C4C6814F4801F01D04CEA99
:1080A000030CCAF800C08F4CD4F800C02CEA030CB3
:1080B0004D6815F4001F01D04CEA030CC4F800C051
:1080C000DBF800C02CEA030C4C6814F4003F01D02C
:1080D0004CEA030CCBF800C0834CD4F800C02CEA67
:1080E000030C4D6815F4803F01D04CEA030CC4F832
:1080F00000C0521C102AFFF41BAFBDE8F88F4FF0F0
:10810000000CBEE74FF0010CBBE74FF0020CB8E7E4
:108110004FF0030CB5E74FF0040CB2E74FF0050C3D
:10812000AFE74FF0060CACE74FF0070CA9E72DE9DD
:10813000F04F0023DFF8AC91DFF8B0E1A9F1040AB9
:108140004FF00F08012202FA03F601EA060CB445CB
:108150007AD123F0030202F1804404F59834D4F874
:1081600008289D072F0F08FA07F505EA020B70454E
:1081700001D1002223E0A0F18042B2F5013269D0A2
:10818000A0F18042B2F5023266D0A0F18042B2F591
:10819000033263D0A0F18042B2F5043260D0A0F186
:1081A0008042B2F505325DD0A0F18042B2F50632D0
:1081B0005AD0A0F18042B2F5073257D00822BA4017
:1081C0005A451AD1484F3A6822EA0C023A603F1DDC
:1081D0003A6822EA0C023A60D9F8002022EA0C023E
:1081E000C9F80020DAF8002022EA0C02CAF80020C0
:1081F000D4F80828AA43C4F80828D0F800C05C00C6
:108200000322A2402CEA020CC0F800C04FEAD30CB3
:1082100000EB8C0CDCF820405D07ED0E08FA05F54C
:10822000AC43CCF82040D0F80CC02CEA020CC0F8CB
:108230000CC0D0F804C02CEA060CC0F804C0D0F87A
:1082400008C02CEA020282605B1C102BFFF47AAF9C
:10825000BDE8F08F0122B2E70222B0E70322AEE7C9
:108260000422ACE70522AAE70622A8E70722A6E730
:108270000069084201D00120704700207047002AA1
:1082800001D081617047090481617047426921EA28
:108290000203114043EA01418161704781B041F41A
:1082A00080320092009AC261C1610099C161C169C6
:1082B0000091C06910F4803F02D0002001B07047E7
:1082C000012001B07047704710B509490A680242A1
:1082D00002D00860FFF7F7FF10BD000044380240ED
:1082E000083C01400C3C0140003C014000000240C1
:1082F000143C01400168FD4BCAB2103AA3FB0232A4
:108300001209FB4B9B5CC365032A04D96FF3090177
:10831000091D816502E06FF309018165806D704779
:10832000014600208A6A8B69002B0FD0B3F5005FED
:108330001DD08AB3012A30D0022A2ED0032A04D1BC
:10834000C96A11F0807F00D0012070471AB1012A5C
:1083500007D0022AF9D1C96A11F0807FF5D0012037
:108360007047C96AB1F1C07FFAD1012070475AB194
:10837000012A0BD0022A07D0032AF7D1C96AB1F12A
:10838000C07FF3D10120704701207047C96A11F006
:10839000807FFAD001207047FFE7012070472DE968
:1083A000F041044600F03BFD0546DCB1022084F8B4
:1083B0003500002684F834602068016821F001014E
:1083C00001602068006810F0010F13D000F027FD55
:1083D000401B052809D920206065032084F835005A
:1083E000BDE8F0810120BDE8F0812068006810F050
:1083F000010FEBD121680868BE4A1040A36862688B
:10840000D4F810C01A43E36843EA0C031A436369C3
:108410001A43A3691A43E3691A43236A1A431043B0
:10842000626A042A03D1236BE26A1A43104308608C
:108430002068406920F00701606A40EA01050127D1
:1084400004280ED1A06A0543E06A50B12046FFF728
:1084500067FF30B14020606584F835700120BDE8C9
:10846000F081206845612046FFF744FF94F85C10D6
:108470003F2202FA01F18160666584F835700020C0
:10848000BDE8F08170B50446002C2CD094F835007E
:1084900002282AD02068016821F0010101602068CB
:1084A0000025056020684560206885602068C560FB
:1084B000206805612168212048612046FFF71AFFE6
:1084C000E56325646564A564E564256594F85C103E
:1084D0003F2202FA01F18160656584F8355084F825
:1084E0003450002070BD012070BD022070BD10B45A
:1084F000D0F800C0DCF8004024F48024CCF8004020
:10850000D0F800C0CCF804308368402B05D0036855
:1085100099600068C26010BC704703689A60006888
:10852000C16010BC704770B50446002594F8340053
:1085300001280DD0012084F8340094F835C00020C3
:10854000BCF1010F06D084F834000225284670BD26
:10855000022070BD4FF0020C84F835C060652046E3
:10856000FFF7C5FF2068016841F001010160EDE7F8
:1085700070B504460025A66D94F8340001280DD08E
:10858000012084F8340094F835C00020BCF1010FBC
:1085900006D084F834000225284670BD022070BD44
:1085A0004FF0020C84F835C060652046FFF79FFF4E
:1085B00094F85C003F2101FA00F0B0602068016887
:1085C00041F016010160206C20B12068016841F083
:1085D000080101602068016841F001010160DBE7EA
:1085E0002DE9F0410446A66D00F019FC054694F80B
:1085F00035000027022806D08020606584F834709A
:108600000120BDE8F0812068016821F016010160B9
:108610002068416921F080014161206C08B9A06C9B
:1086200020B12068016821F008010160206801681C
:1086300021F0010101602068006810F0010F12D0E4
:1086400000F0EDFB401B052808D9202060650320C1
:1086500084F8350084F83470BDE8F0812068006843
:1086600010F0010FECD194F85C003F2101FA00F00A
:10867000B060012084F8350084F834700020BDE833
:10868000F08190F83510022903D080214165012046
:108690007047052180F835100068016821F001015C
:1086A0000160002070472DE9F84F044689461646C0
:1086B0000020009000F0B3FB834694F835004FF0A3
:1086C000000A022806D08020606584F834A00120CA
:1086D000BDE8F88F2068006810F4807F0CD04FF45C
:1086E000807060650120BDE8F88F0000ABAAAAAADF
:1086F000C56804083F8010F0B9F1000F09D094F864
:108700005C10102000FA01F7A56D28684FF00108F1
:1087100039E094F85C10202000FA01F7F4E7B6F194
:10872000FF3F0ED02EB100F07AFBA0EB0B00B04261
:1087300007D92020606584F8358084F834A00320B0
:10874000D1E7286894F85C2008219140014204D0C8
:10875000626D42F001026265A96094F85C1008FA4B
:1087600001F1014204D0626D42F002026265A9602B
:1087700094F85C2004219140014204D0626D42F0E3
:1087800004026265A960384203D1606D10F0010FE8
:10879000C5D0606D302688B1606D10F0010F0DD02E
:1087A0002046FFF71DFF94F85C0006FA00F0A86071
:1087B00084F8358084F834A0012094E7B9F1000FE3
:1087C00006D094F85C1010208840A86000988AE7D2
:1087D00094F85C0006FA00F0A86084F8358084F80C
:1087E00034A0F3E72DE9F84304464FF00008CDF834
:1087F0000080A8484FF416510068B0FBF1F7A56D52
:108800002E6894F85C00082101FA00F0304211D083
:108810002068026812F0040F0CD0026822F00402F3
:10882000026094F85C0001FA00F0A860606D40F00E
:108830000100606594F85C004FF0010909FA00F04E
:10884000304209D02168496911F0800F04D0A86036
:10885000606D40F00200606594F85C100420884070
:10886000304209D02168096811F0020F04D0A860D5
:10887000606D40F00400606594F85C101020884042
:10888000304224D02168096811F0080F1FD0A86079
:108890002068016811F4802F0DD0006810F4002FBB
:1088A00004D0A16C99B12046884710E0216C71B1C9
:1088B000204688470BE0016811F4807F03D10168EE
:1088C00021F008010160216C09B12046884794F825
:1088D0005C1020208840304251D02168096811F096
:1088E000100F4CD0A86094F8350005280DD02068F2
:1088F000016811F4802F32D0006810F4002F29D0C5
:10890000E16B59B32046884739E02068016821F0BF
:10891000160101602068416921F080014161206CED
:1089200008B9A06C20B12068016821F0080101603D
:1089300094F85C003F2101FA00F0A86084F83590BB
:1089400084F83480216D00293ED001B02046BDE876
:10895000F0430847616C09B1204688470FE0016881
:1089600011F4807F07D1016821F01001016084F8C3
:10897000359084F83480E16B09B120468847606DFA
:10898000002821D0606D10F0010F15D0052084F86B
:1089900035002068016821F0010101600098401C49
:1089A0000090B84204D82068006810F0010FF5D19B
:1089B00084F8359084F83480E16C002904D001B04B
:1089C0002046BDE8F0430847BDE8F883002390F84F
:1089D00034C0BCF1010F0ED04FF0010C80F834C050
:1089E00090F835C0BCF1010F07D00123002180F8B9
:1089F00034101846704702207047062910D2DFE86D
:108A000001F0030507090B0DC263EFE70264EDE710
:108A10004264EBE78264E9E7C264E7E70265E5E701
:108A20000123E3E7002390F83420012A0DD001222E
:108A300080F8342090F835C00022BCF1010F06D038
:108A4000012380F834201846704702207047072918
:108A500018D2DFE801F00406080A0C0E1000C26309
:108A6000EFE70264EDE74264EBE78264E9E7C264A2
:108A7000E7E70265E5E7C263026442648264C264B8
:108A80000265DEE70123DCE790F835007047406DB2
:108A90007047000000C0012000F00700AD4A1168D7
:108AA0004FF6FF03194041EA002040F0FD7040F00E
:108AB00080601060704710B4A64B1B68C3F302239C
:108AC000C3F1070CBCF1040F01D94FF0040C1C1DBD
:108AD000072C01D2002300E0DB1E012404FA0CFC69
:108AE000ACF1010C0CEA0101994004FA03F35B1E9E
:108AF0001A401143002806DB00F1E020090180F84C
:108B0000001410BC704700F00F0000F1E0200901D4
:108B100080F8141D10BC704700280ADB00F01F010C
:108B2000012202FA01F14009800000F1E020C0F8C2
:108B30000011704700280EDB00F01F01012202FA2D
:108B400001F14009800000F1E020C0F88011BFF37E
:108B50004F8FBFF36F8F7047BFF34F8F7D48016812
:108B60007D4A01F4E06111430160BFF34F8F00BF04
:108B7000FDE7401EB0F1807F01D3012070474FF028
:108B8000E0214861754AF0201070002088610720BC
:108B9000086100207047BFF35F8F7148016821F4BE
:108BA000803101606F490020086070476D4940F0D6
:108BB000010008606A48016841F480310160BFF338
:108BC0004F8FBFF36F8F7047674908606748016830
:108BD00041F0010101607047634908606348016822
:108BE00021F00101016070475F4A417811605F49DF
:108BF0000A6822F001020A600B1F42681A60027BB9
:108C0000C37A120742EA0362837A42EAC342437B91
:108C100042EA8342837B42EA4342C37B42EA034205
:108C2000437A42EA0322037A007842EA430210437D
:108C30000860704740BF20BF704746480068C0F3D7
:108C40000220704730B4002806DB00F1E02090F8E5
:108C500000044FEA101C07E000F00F0000F1E020D4
:108C600090F8140D4FEA101C01F00700C0F1070145
:108C7000042900D90421041D072C01D2002000E0A2
:108C8000C01E01242CFA00F504FA01F1491E294006
:108C9000116004FA00F0401E00EA0C00186030BCBD
:108CA000704700280ADB00F01F01012202FA01F1DF
:108CB0004009800000F1E020C0F800127047002851
:108CC00010DB4109890001F1E021D1F8001200F028
:108CD0001F00012202FA00F0014201D0012070477A
:108CE000002070470020704700280ADB00F01F01B9
:108CF000012202FA01F14009800000F1E020C0F8F1
:108D000080127047002810DB4109890001F1E02141
:108D1000D1F8001300F01F00012202FA00F0014216
:108D200001D00120704700207047002070474FF0AD
:108D3000E021042804D0086920F00400086170478D
:108D4000086940F0040008617047704710B5FFF7EC
:108D5000FCFF10BD0CED00E00400FA0523ED00E07F
:108D600024ED00E094ED00E098ED00E0A0ED00E0DF
:108D7000704770B50446654D4FF47A712878B1FBA1
:108D8000F0F063490968B1FBF0F0FFF7F2FE08B1BB
:108D9000012070BD102C07D200222146501EFFF783
:108DA0008AFE6C60002070BD012070BD10B559486E
:108DB000016841F400710160016841F48061016063
:108DC000016841F4807101600320FFF765FE0F2008
:108DD000E8F7CCFBE8F7A4FB002010BD704710B506
:108DE0004E494D48086000200860091D4C4A0A6041
:108DF00008604D494B4A0A600860C122091D0A609B
:108E000008600122091D0A600860FFF7E7FF0020E3
:108E100010BD3E48816802781144816070473B482C
:108E20008068704739484068704770B50021374DF9
:108E30002C78844206D028706868E8F797FB0146D2
:108E400001B12C70084670BD30480078704770B58D
:108E50000446FFF7E4FF0546B4F1FF3F02D02B487C
:108E600000780444FFF7DBFF401BA042FAD370BD3B
:108E70004FF0E020016921F00201016170474FF0DD
:108E8000E020016941F00201016170472748704705
:108E900027480068000C704725480068C0F30B00A5
:108EA00070472348416841F0010141607047204804
:108EB000416821F00101416070471D48416841F05F
:108EC0000201416070471A48416821F00201416087
:108ED00070471748416841F00401416070471448E9
:108EE000416821F004014160704712490120086087
:108EF000704710490020086070470F4800687047AD
:108F00000E48006870470E480068704730C0012066
:108F100000C00120003C0240FFC9FEF6203802409C
:108F200033797704FF1160201038024000030801F4
:108F3000002004E000042742107AFF1F147AFF1F6C
:108F4000187AFF1FF6494A6822F440324A604A689C
:108F500043681A434A6001684A6822F480724A6092
:108F600001684A68036942EA03224A6001684A6864
:108F700022F040724A6001684A6883681A434A6076
:108F800001688A6822F400628A6001688A68C3689E
:108F90001A438A60816A6FF07062D14214D001680E
:108FA0008A6822F070628A6001688A68836A1A435C
:108FB0008A6001688A6822F040528A6001688A6883
:108FC000C36A1A438A6009E001688A6822F0706205
:108FD0008A6001688A6822F040528A6001688A6863
:108FE00022F002028A6001688A68037E42EA430234
:108FF0008A6090F8201089B101684A6842F40062E2
:109000004A6001684A6822F460424A6001684A681E
:10901000436A5B1E42EA43324A6004E001684A68E0
:1090200022F400624A600168CA6A22F47002CA62CD
:109030000168CA6A838B5B1E42EA0352CA620168F6
:109040008A6822F400728A6001688A6890F8303079
:1090500042EA43228A6001688A6822F480628A6058
:1090600001688A68406942EA8020886070477047DA
:1090700070B504460025002C03D0206C002610B1EA
:1090800007E0012070BD2046E7F7AFFB666484F877
:109090003C60206C10F0100F04D0012584F83C6077
:1090A000284670BD206C20F4885040F002002064F7
:1090B0002046FFF747FF6664206C20F0020040F076
:1090C00001002064EAE7704770B50446002C10D018
:1090D000206C40F0020020642068816821F00101CA
:1090E0008160206880684FF0000510F0010F02D009
:1090F00006E0012070BD2046E7F7D1FB65642564DA
:1091000084F83C50284670BD81B00022009290F84F
:109110003C10012908D0012180F83C1001688B68BF
:1091200013F0010F03D016E0022001B070478B68E6
:1091300043F001038B607B497B4B0968B1FBF3F182
:1091400001EB41010091009929B10099491E00915C
:1091500000990029F9D101688B6813F0010F52D0F2
:10916000036C23F0010323F4C06343F480730364AE
:109170004B6813F4806F05D0036C23F4005343F461
:1091800080530364036C13F4805F04D0436C23F0BA
:109190000603436400E0426480F83C20604A6FF0BC
:1091A00022030B60516811F01F0F604907D000685F
:1091B000884230D1816811F0405F1FD02BE00068F9
:1091C000884212D05A4A904204D1D1F8042312F0B6
:1091D0001F0F0AD0A0F18042B2F591321BD1D1F815
:1091E000041301F01F01102915D2816811F0405FAE
:1091F00011D1816841F0804181600CE0816841F0CB
:109200008041816007E0016C41F010010164416C14
:1092100041F001014164002001B0704790F83C101A
:1092200001290DD0012180F83C1001688A6822F0E4
:1092300001028A600168896811F0010F02D007E01D
:1092400002207047016C21F4885141F00101016452
:10925000002180F83C10002070472DE9F0410446C1
:109260000D46206881684FF0000711F4806F0CD024
:10927000806810F4807F08D0206C40F020002064CB
:1092800084F83C700120BDE8F081FFF7C8FD064678
:109290002068006810F0020F12D1B5F1FF3F0AD02C
:1092A00025B1FFF7BCFD801BA84204D920680068E7
:1092B00010F0020F12D02068006810F0020FECD0FE
:1092C00021686FF012000860206C40F40070206488
:1092D0002068816811F0405F09D01EE0206C40F0EA
:1092E0000400206484F83C700320BDE8F081217EF6
:1092F00099B9C16A11F4700F03D0806810F4806FBF
:109300000BD1206C20F480702064206C10F4805FFE
:1093100003D1206C40F0010020640020BDE8F08102
:109320000023014000C0012040420F000020014006
:10933000002101402DE9F04104460D461646FFF795
:109340006EFD07462068006835EA00001CD0B6F1C3
:10935000FF3F14D026B1FFF762FDC01BB0420ED90B
:109360002068006835EA000009D0206C40F0040055
:109370002064002084F83C000320BDE8F0812068D0
:10938000006835EA0000E2D1012D0ED0206C40F4D7
:1093900080602064606C40F00200606421686FF0BF
:1093A000200008600020BDE8F081206C40F480308F
:1093B000206421686FF001000860F3E781B00022AB
:1093C000009290F83C10012908D0012180F83C104F
:1093D00001688B6813F0010F03D016E0022001B082
:1093E00070478B6843F001038B60FE49FE4B0968B0
:1093F000B1FBF3F101EB41010091009929B1009912
:10940000491E009100990029F9D101688B6813F079
:10941000010F59D0036C23F0010323F4C06343F41C
:10942000807303644B6813F4806F05D0036C23F4DE
:10943000005343F480530364036C13F4805F04D03F
:10944000436C23F00603436400E0426480F83C2050
:10945000E64A6FF022030B6001684B6843F020037B
:1094600043F080634B60516811F01F0FE04907D053
:109470000068884230D1816811F0405F1FD02BE036
:109480000068884212D0DB4A904204D1D1F804230C
:1094900012F01F0F0AD0A0F18042B2F591321BD119
:1094A000D1F8041301F01F01102915D2816811F0C1
:1094B000405F11D1816841F0804181600CE081689A
:1094C00041F08041816007E0016C41F010010164CE
:1094D000416C41F001014164002001B0704790F8F7
:1094E0003C1001290DD0012180F83C1001688A68E8
:1094F00022F001028A6001688A6812F0010F02D02E
:109500000DE0022070474A6822F0200222F08062BB
:109510004A60016C21F4885141F00101016400218D
:1095200080F83C100020704770477047704770B556
:10953000044620680568466805F0020106F020022E
:1095400000292DD062B3216C11F0100F03D1216CD2
:1095500041F400712164816811F0405F19D1217ECE
:10956000B9B9C16A11F4700F03D0816811F4806F2A
:109570000FD1416821F020014160206C20F48070FF
:109580002064206C10F4805F03D1206C40F0010057
:1095900020642046EBF79DFE21686FF01200086002
:1095A00005F0040006F08001B0B3A9B3206C10F000
:1095B000100F03D1206C40F40050206420688168B3
:1095C00011F4401F21D1816B11F4401F03D0816839
:1095D00011F4806F19D1416811F4806F15D1816841
:1095E00011F0405F11D1217E79B9416821F08001ED
:1095F0004160206C20F480502064206C10F4807F47
:1096000003D1206C40F001002064204600F053FD9F
:1096100021686FF00C00086005F0010006F04001C1
:1096200080B179B12068006810F0010F0AD0206C79
:1096300040F4803020642046FFF777FF21686FF008
:109640000100086005F0200006F0806100280ED0BF
:1096500000290CD0606C40F00200606420686FF05C
:10966000200505602046FFF75FFF2068056070BD9C
:1096700010B5806B40210164416C41F004014164EC
:10968000FFF752FF10BD704710B5806BFFF7FBFF6F
:1096900010BD10B50246906B016C11F0500F06D052
:1096A000016C11F0100F28D0FFF73EFF10BD016CC8
:1096B00041F40071016401688A6812F0405F19D1B9
:1096C000027EBAB9CA6A12F4700F03D08A6812F423
:1096D000806F0FD14A6822F020024A60016C21F4A9
:1096E00080710164016C11F4805F03D1016C41F061
:1096F00001010164EBF7EDFD10BD806BC16CBDE8AD
:1097000010401046084738B504460023009394F8EB
:109710003C00012809D0012084F83C002068D0F8E2
:1097200008C01CF0010F02D018E0022038BDD0F8AC
:1097300008C04CF0010CC0F808C02A48DFF8A8C0E7
:109740000068B0FBFCF000EB40000090009828B1EE
:109750000098401E009000980028F9D12068D0F8A9
:1097600008C01CF4807F05D0D0F808C02CF4807CA1
:10977000C0F808C02068D0F808C01CF0010F7DD0E8
:10978000D4F840C02CF0010C2CF4C06C4CF4807C5C
:10979000C4F840C0406810F4806F05D0206C20F4FD
:1097A000005040F480502064206C10F4805F04D09E
:1097B000606C20F00600606400E0636484F83C3074
:1097C0000A4DA36B0C48D863A36B0C481864A36BB9
:1097D0000B48D86423686FF0220018602068436843
:1097E00010E0000000C0012040420F0000230140B3
:1097F000002001400021014093960208899602084A
:109800007196020843F0806343602068836843F4E4
:10981000807383602068134600F14C0C0A46614651
:10982000A06BFEF7A5FE6868B34910F01F0F07D0C4
:109830002068884232D1816811F0405F21D02DE04C
:109840002068884212D0AD4A904204D1D1F8042356
:1098500012F01F0F0AD0A0F18042B2F591321DD153
:10986000D1F8041301F01F01102917D2816811F0FB
:10987000405F13D1816841F0804100E006E08160E3
:109880000CE0816841F08041816007E0206C40F08D
:1098900010002064606C40F001006064002038BD5E
:1098A00010B50446002194F83C0001280DD0012099
:1098B00084F83C002068826822F0010282602068FF
:1098C000826812F0010F02D01DE0022010BD8268F4
:1098D00022F480728260A06B90F83520022A07D1B2
:1098E000FEF77EFE014619B1206C40F04000206476
:1098F0002068426822F080624260206C20F4885028
:1099000040F001002064002084F83C00084610BDAF
:109910000068C06C704738B44FF0000CCDF800C040
:1099200090F83C20012A1BD0012280F83C200A68D4
:109930000724092A17D90368DD680A3A02EB4202B4
:1099400004FA02F225EA0202DA600A788B680A3A1F
:1099500002EB420293400268D4682343D36014E0D0
:1099600038BC0220704703681D6902EB420204FA0A
:1099700002F225EA02021A610A788B6802EB4202BF
:10998000934002681469234313614A681F24072A1D
:1099900015D203685D6B521E02EB820204FA02F2DA
:1099A00025EA02025A630A8893B20A79521E02EB30
:1099B000820293400268546B234353632CE00D2AC8
:1099C00015D203681D6BD21F02EB820204FA02F269
:1099D00025EA02021A630A8893B20A79D21F02EBBF
:1099E000820293400268146B2343136314E00368FC
:1099F000DD6A0D3A02EB820204FA02F225EA020263
:109A0000DA620A8893B20A790D3A02EB8202934035
:109A10000268D46A2343D362394A374B04689C42B4
:109A200006D10C68122C03D1546844F480045460AD
:109A300004689C421CD10B68102B01D0112B17D14C
:109A4000536843F4000353600968102910D12D496D
:109A50002D4A0968B1FBF2F101EB81014900009147
:109A6000009929B10099491E009100990029F9D166
:109A700080F83CC038BC0020704790F83C20012A98
:109A80002ED0012280F83C200A7C012A2AD00268CC
:109A9000536823F0400353600268536823F4007353
:109AA00023F44003536002685368D1F800C043EACE
:109AB0000C03536003684A685A6203688A689A62B2
:109AC0000268536823F01F03536002685368898952
:109AD00089B219435160002180F83C100020704782
:109AE000022070470268536843F040035360D3E795
:109AF000006C7047406C704700200140002101401D
:109B00000023014000C0012040420F0081B000232B
:109B1000009390F83C10012909D0012280F83C20E4
:109B20000168D1F808C01CF0010F03D019E0022031
:109B300001B07047D1F808C04CF0010CC1F808C062
:109B4000FB49DFF8F0C30968B1FBFCF101EB41010F
:109B50000091009929B10099491E009100990029AE
:109B6000F9D10168D1F808C01CF0010F42D0D0F83B
:109B700040C02CF0010C2CF4005C4CF4805CC0F86C
:109B800040C0D0F840C01CF4807F00D1436480F80E
:109B90003C306FF004030B60E749496811F01F0F78
:109BA00014D00068816811F4401F21D0002143685F
:109BB00022EA9322A0F18043B3F5903322D109B376
:109BC00002B3816841F4800181601BE00068816814
:109BD00011F4401F0AD00021436822EA932289B180
:109BE00082B1816841F4800181600BE00121F3E7DB
:109BF0000121DCE7016C41F010010164416C41F08E
:109C000001014164002001B0704781B0002300933E
:109C100090F83C10012909D0012280F83C2001680D
:109C2000D1F808C01CF0010F03D019E0022001B0E8
:109C30007047D1F808C04CF0010CC1F808C0BC490D
:109C4000DFF8F0C20968B1FBFCF101EB41010091C2
:109C5000009929B10099491E009100990029F9D174
:109C60000168D1F808C01CF0010F47D0D0F840C0FF
:109C70002CF0010C2CF4005C4CF4805CC0F840C06B
:109C8000D0F840C01CF4807F00D1436480F83C30A1
:109C90006FF004030B6001684B6843F080034B6076
:109CA000A549496811F01F0F14D00068816811F4AC
:109CB000401F21D00021436822EA9322A0F1804373
:109CC000B3F5903322D109B302B3816841F4800126
:109CD00081601BE00068816811F4401F0AD00021F8
:109CE000436822EA932289B182B1816841F48001FC
:109CF00081600BE00121F3E70121DCE7016C41F019
:109D000010010164416C41F001014164002001B087
:109D10007047002290F83C10012907D0012180F8FB
:109D20003C10016C11F4807F02D006E002207047E5
:109D300001684B6813F4806F09D0016C41F0200179
:109D400001640122002180F83C10104670478B68A6
:109D500023F001038B600168896811F0010FF1D1D4
:109D6000016C21F4885141F001010164EAE770B50A
:109D700004460D46FFF753F806462068006810F0C9
:109D8000040F12D1B5F1FF3F0AD025B1FFF747F814
:109D9000801BA84204D92068006810F0040F12D07C
:109DA0002068006810F0040FECD021686FF00C0000
:109DB0000860206C40F4005020642068816811F431
:109DC000401F07D024E004202064002084F83C00D9
:109DD000032070BD816B11F4401F03D0816811F422
:109DE000806F15D1416811F4806F11D1806810F037
:109DF000405F0DD1207E58B9206C20F48050206443
:109E0000206C10F4807F03D1206C40F001002064AE
:109E1000002070BD002290F83C10012907D00121DC
:109E200080F83C10016C11F4807F02D006E0022023
:109E3000704701684B6813F4806F09D0016C41F0E2
:109E4000200101640122002180F83C101046704777
:109E50008B6823F001038B6001688B6813F0010F9E
:109E6000F1D14B6823F080034B60016C21F48851E1
:109E700041F001010164E6E781B00022009203682D
:109E8000521F1A60012911D002290BD0032905D0D5
:109E900004290ED10068806C00900AE00068406CD4
:109EA000009006E00068006C009002E00068C06B63
:109EB0000090009801B07047806B40210164416CB4
:109EC00041F004014164FFF72FBB806BFFF7DBBB60
:109ED0000246906B016C11F0500F03D0806BC16C87
:109EE00010460847016C41F40071016401688A68FA
:109EF00012F0405F19D1027EBAB9CA6A12F4700F2B
:109F000003D08A6812F4806F0FD14A6822F02002D1
:109F10004A60016C21F480710164016C11F4805F6E
:109F200003D1016C41F001010164EBF7D2B90000EB
:109F300000C0012040420F000023014038B5044614
:109F40000023009394F83C00012809D0012084F8F4
:109F50003C002068D0F808C01CF0010F02D018E0C7
:109F6000022038BDD0F808C04CF0010CC0F808C081
:109F7000E648DFF89CC30068B0FBFCF000EB400053
:109F80000090009828B10098401E0090009800288A
:109F9000F9D12068D0F808C01CF0010F4ED0D4F8D9
:109FA00040C02CF0010C2CF4C06C4CF4807CC4F844
:109FB00040C0406810F4806F05D0206C20F4005041
:109FC00040F480502064206C10F4805F04D0606CFA
:109FD00020F00600606400E0636484F83C30A36B0A
:109FE000CC48D863A36BCC481864A36BCB48D86427
:109FF00023686FF0020018602068436843F08063B4
:10A000004360C74894F8303023B1436843F40053A9
:10A01000436003E0436823F40053436013460A4659
:10A02000C049A06BFEF7A4FA2068816811F0405F78
:10A030000CD1816841F08041816007E0206C40F0E4
:10A0400010002064606C40F001006064002038BDA6
:10A0500010B50446002194F83C0001280ED00120E0
:10A0600084F83C002068826822F001028260AC48DB
:10A070002268926812F0010F02D014E0022010BD95
:10A08000416821F400514160A06BFEF7A9FA014636
:10A090002068426822F080624260206C20F4885080
:10A0A00040F001002064002084F83C00084610BD08
:10A0B0009B4880687047704730B4DFF86CC28A698B
:10A0C00090F83C20012A1BD0012280F83C200A682D
:10A0D0000724092A17D90368DD680A3A02EB42020D
:10A0E00004FA02F225EA0202DA600A788B680A3A78
:10A0F00002EB420293400268D4682343D36014E029
:10A1000030BC0220704703681D6902EB420204FA6A
:10A1100002F225EA02021A610A788B6802EB420217
:10A12000934002681469234313610268936B23F41C
:10A13000401393630268936B0C8A641E43EA0453D2
:10A1400093630A790B7CD21AD21C02EB82021F2382
:10A1500093400268946B24EA030393630A790B7CAF
:10A16000D21A0B88D21C02EB82029BB29340026887
:10A17000946B234393638A69624518D0026893689D
:10A1800023F47023936002689368D1F818C043EAFF
:10A190000C0393600268936823F440139360026891
:10A1A0009368D1F81CC043EA0C03936009E002688D
:10A1B000936823F4702393600268936823F4401338
:10A1C00093604A7D2AB10268536843F48063536008
:10A1D00004E00268536823F4806353600A7D2AB167
:10A1E0000268536843F48053536004E00268536884
:10A1F00023F4805353604A68012A1BD0022A26D0D8
:10A20000032A31D00268136A6FF30B0313620268EA
:10A21000136AD1F80CC043EA0C031362404A434B63
:10A22000D0F800C09C4532D1D1F800C0BCF1120F6B
:10A2300027D02CE0026853696FF30B035361026867
:10A240005369D1F80CC043EA0C035361E6E7026896
:10A2500093696FF30B03936102689369D1F80CC0A3
:10A2600043EA0C039361D9E70268D3696FF30B03E8
:10A27000D3610268D369D1F80CC043EA0C03D361FF
:10A28000CCE7D2F804C04CF4800CC2F804C0D0F87B
:10A2900000C09C4508D10968102901D0112903D1BB
:10A2A000516841F400015160002180F83C1030BC3D
:10A2B0000020704790F83C20012A24D0012280F829
:10A2C0003C20174A536823F01F0353605368D1F8AA
:10A2D00000C043EA0C035360536823F440435360C7
:10A2E0005368D1F804C043EA0C035360536823F465
:10A2F000706353605368896819435160002180F886
:10A300003C100020704702207047000000C0012070
:10A3100040420F00D19E0208CB9E0208B99E02085F
:10A32000002301400823014001000F0000200140EC
:10A33000704710B50446002C02D0607910B106E0D9
:10A34000012010BD002020712046E6F7E7FA012029
:10A350006071002010BD704770B50446002C13D00A
:10A360006079022812D0022060712068816841F073
:10A37000010181602068002505712046E6F7E0FABA
:10A3800065712571002070BD012070BD022070BD77
:10A3900010B4022343710023002A07D9046851F83E
:10A3A00023C0C4F800C05B1C9342F7D3016809685E
:10A3B0000122427110BC0846704710B40223437159
:10A3C0000368D3F808C04CF0010CC3F808C00023A0
:10A3D000002A07D9046851F823C0C4F800C05B1CE8
:10A3E0009342F7D3016809680122427110BC084604
:10A3F0007047407970470000704770B50446002CE4
:10A4000003D02079002510B105E0012070BD6571F1
:10A410002046E6F7CAFA022020712561012020714A
:10A42000002070BD704710B50446002C09D00220F2
:10A4300020712046E6F7E3FA002020612071607168
:10A4400010BD012010BD30B4002825D04279012A6A
:10A4500025D04FF0010C80F805C00222027103687C
:10A460001C6801F010020CFA02F52C431C603C231E
:10A47000C1B101680C6803FA02F204F4701494424A
:10A4800003D14A6842F002024A6080F804C0002109
:10A49000417130BC0020704730BC0120704730BC97
:10A4A0000220704701680A6833EA0202EDD14A6867
:10A4B00042F001024A60E8E700280CD00268136805
:10A4C00001F0100C012101FA0CFC23EA0C031360CB
:10A4D00001710020704701207047704710B5846BF0
:10A4E000206940F0040020612046FFF7F6FF0120BC
:10A4F000207110BD704710B5806BFFF7FBFF10BDDA
:10A50000704710B5846B2046FFF7FAFF01202071D9
:10A5100010BD70B5044604980D469446002C33D007
:10A520006179012932D00126667102212171002D45
:10A530002ED0E2689349D163E26893491164E268DE
:10A540009249D16421680A6842F080520A6000286A
:10A550003ED0042840D0206800F11C02002D3FD0DE
:10A560002068016841F0005101606146E068FDF734
:10A57000FFFF01460020607100293CD0206940F0B7
:10A5800004002061084670BD012070BD022070BD2E
:10A59000AFF29101A268D163AFF2A501A268116484
:10A5A000AFF2C701A268D16421680A6842F4805200
:10A5B0000A6028B1042807D0206800F11002CDE716
:10A5C000206800F10802C9E7206800F10C02C5E725
:10A5D000206800F11402C1E7206800F11802BDE70D
:10A5E0002068016841F4005101606146A068FDF7F0
:10A5F000BFFF0146BEE72068026805F0100306FAB7
:10A6000003F31A430260BDE770B50446002C1ED068
:10A610002268136801F010004FF4805C0CFA00FC13
:10A6200023EA0C03136022681368012505FA00F081
:10A6300023EA0000106061B1E068FDF7D1FF2068F7
:10A64000016821F0005101602571002070BD0120DA
:10A6500070BDA068FDF7C4FF2068016821F40051B7
:10A660000160F1E770472DE9F04104462068056874
:10A67000466B15F4005F4FF0040711D016F4005F2D
:10A680000ED02771216941F001012161F902416376
:10A690002068016821F4805101602046FFF7E2FF45
:10A6A00015F0005F15D016F0005F12D027712069F9
:10A6B00040F00200206121684FF00050486320689C
:10A6C000016821F0805101602046BDE8F04100F0B2
:10A6D0000EB9BDE8F08181B04FF0000CCDF800C09C
:10A6E00000280BD00068009059B100981044143035
:10A6F000009000980360002001B07047012001B075
:10A7000070470098104408300090F2E70068002974
:10A7100001D0006B7047C06A704730B4002827D062
:10A7200031B34379012B26D00124447102230371F4
:10A730000368D3F800C002F0100240F6FE759540A1
:10A740002CEA050C0D6849682943914041EA0C0147
:10A75000196001680B684FF0C00C0CFA02F223EA92
:10A7600002020A6004710021417130BC0846704742
:10A7700030BC0120704730BC022070470079704720
:10A7800000697047FDA802080DA9020817A9020870
:10A7900010B4002100281CD04279012A1CD00123CA
:10A7A0004371022202710268D2F800C04CF0010C21
:10A7B000C2F800C00268D2F800C04CF4803CC2F875
:10A7C00000C00268D2F800C03C2434EA0C0C06D069
:10A7D00006E010BC0120704710BC02207047012128
:10A7E000D2F800C04FF4701434EA0C0C01D141F0DF
:10A7F0000201D2F804C04CEA01015160037100214A
:10A80000417110BC0020704700280DD001680A6813
:10A8100022F001020A6001680A6822F480320A60AC
:10A8200001210171002070470120704730B40028D9
:10A830001DD04379012B1DD04FF0010C80F805C0CD
:10A840000223037103681C6801F010014FF47C655A
:10A850008D4042F08002AC4302FA01F121431960BD
:10A8600080F804C00021417130BC0020704730BC2A
:10A870000120704730BC0220704730B400281DD042
:10A880004379012B1DD04FF0010C80F805C0022345
:10A89000037103681C6801F010014FF47C658D4062
:10A8A00042F04002AC4302FA01F12143196080F802
:10A8B00004C00021417130BC0020704730BC012031
:10A8C000704730BC02207047002808D0082908D003
:10A8D00042EA0342006808440262002070470120F7
:10A8E000704742EA0322F5E77047704770477047A8
:10A8F0000068C16A006B41EA0040704710B5846B84
:10A900002046FFF7F1FF0120207110BD10B5806BCC
:10A91000FFF7EBFF10BD10B5846B206940F0040019
:10A9200020612046FFF7E2FF0120207110BD0000EA
:10A93000704770B50446002C04D094F83D00002503
:10A9400010B106E0012070BD84F83C502046E6F7C7
:10A95000A0F8242084F83D002068016821F001015E
:10A9600001602068016841F40041016020680168CD
:10A9700021F400410160FCF7BCFEF74B616899428D
:10A9800003D8F649884203D304E0F549884201D24E
:10A99000012070BDF349B0FBF1F12268D2F804C088
:10A9A0002CF03F0C4CEA010CC2F804C062689A42D9
:10A9B00001D84A1C07E04FF4967251434FF47A7263
:10A9C000B1FBF2F14A1C2168D1F820C02CF03F0CF9
:10A9D00042EA0C020A626168994210D84900401E9E
:10A9E000B0FBF1F2521CC2F30B02042A01D2042084
:10A9F00026E0B0FBF1F0401CC0F30B0020E0A268A1
:10AA0000002A50D001EBC10303EB0113A0F1010CAC
:10AA1000BCFBF3F35B1C43F480431B051B0D4AD0C6
:10AA2000002A4AD001EBC10202EB0111401EB0FB2B
:10AA3000F1F0401CC0F30B0040F4804040F40040B3
:10AA40002168CA6922F0FF0222F44F421043C86114
:10AA5000216AE06901432068026822F0C0021143C4
:10AA60000160E168206901432068826822F0FF02EA
:10AA700022F4034211438160A169606901432068A7
:10AA8000C26822F0FF021143C1602068016841F0F2
:10AA9000010101602564202084F83D00256384F8CD
:10AAA0003E50002070BD01EB4103A0F1010CBCFB46
:10AAB000F3F35B1CB1E70120C2E701EB4101401E4B
:10AAC000B0FBF1F0401CC0F30B00B7E7704710B5C6
:10AAD0000446002C14D0242084F83D00206801682E
:10AAE00021F0010101602046E6F74BF800202064C8
:10AAF00084F83D00206384F83E0084F83C0010BDDB
:10AB0000012010BD0068416911F0800F01D00021C3
:10AB10000161704701684A6912F4806F11D06FF4C7
:10AB200080624A6100210163202280F83D2080F884
:10AB30003E10026C42F00402026480F83C100120D6
:10AB400070470020704770B504460D4616462068D1
:10AB5000406910F0040F18D12046FFF7DBFF08B161
:10AB6000012070BDB5F1FF3F0AD0FEF758F9801BF8
:10AB7000A84200D825B92068406910F0040F06D01B
:10AB80002068406910F0040FE6D0002070BD00205E
:10AB90002063202184F83D1084F83E00216C41F0B0
:10ABA0002001216484F83C00012070BD70B504468A
:10ABB0000D4616462068406910F0800F18D12046D7
:10ABC000FFF7A8FF08B1012070BDB5F1FF3F0AD023
:10ABD000FEF725F9801BA84200D825B920684069F6
:10ABE00010F0800F06D02068406910F0800FE6D08A
:10ABF000002070BD00202063202184F83D1084F8DF
:10AC00003E00216C41F02001216484F83C000120C9
:10AC100070BD2DE9F04704460D4616469846C5F32B
:10AC200007472068012F26D0806925EA000000042C
:10AC3000000C59D04FF000094FF0200A20684069FD
:10AC400010F4806F1ED02068016841F4007101602B
:10AC500021686FF480604861C4F8309084F83DA0AA
:10AC600084F83E90206C40F00400206484F83C900E
:10AC70000120BDE8F087406925EA00000004000CCF
:10AC800032D0D7E7B6F1FF3F25D0FEF7C8F8A0EBEA
:10AC90000800B04200D8F6B9012F15D020688069AD
:10ACA00025EA00000004000C15D0C4F8309084F8A8
:10ACB0003DA084F83E90206C40F02000206484F891
:10ACC0003C900120BDE8F0872068406925EA00003B
:10ACD0000004000CE9D1012F09D02068806925EA21
:10ACE00000000004000CA9D10020BDE8F087206816
:10ACF000406925EA00000004000C9FD1F4E72DE92B
:10AD0000F0470446DDF820900D4617461E46C5F371
:10AD100007482068B8F1010F13D0806925EA0000C8
:10AD20000004000C20D00020B84256D1B6F1FF3FFD
:10AD300046D0FEF774F8A0EB0900B04216D8AEB1C9
:10AD40003EE0406925EA00000004000C01D000202C
:10AD5000EAE70120E8E70000A086010080841E00E9
:10AD600000093D0040420F000120DDE7B8F1010F6E
:10AD700019D02068806925EA00000004000C1DD06D
:10AD80000020B8421CD100202063202184F83D100F
:10AD900084F83E00216C41F02001216484F83C00DD
:10ADA0000120BDE8F0872068406925EA0000000422
:10ADB000000C01D00020E4E70120E2E70120E0E7F9
:10ADC000B8F1010F0CD02068806925EA000000046A
:10ADD000000C10D00020B842A8D00020BDE8F087B9
:10ADE0002068406925EA00000004000C01D0002022
:10ADF000F1E70120EFE70120EDE7F8B504460D4645
:10AE000017461E46E06A082808D0012806D010F52B
:10AE1000803F03D0206B122806D00AE0206801682A
:10AE200041F48071016004E02068016841F48071A0
:10AE300001603B4600224FF0011120460096FFF7CB
:10AE40005EFF48B12068006810F4807F02D04FF4A4
:10AE5000007020640320F8BD2069B0F5804F0FD04A
:10AE600005F44070F02141EAD010216808613346B2
:10AE70003A46FE492046FFF7CCFE30B10120F8BD2E
:10AE8000216805F0FE00086102E02168E8B208616F
:10AE900033463A46F6492046FFF7BBFE08B101208B
:10AEA000F8BD0020F8BD2DE9F84F04468A469046CB
:10AEB00099460A9FFDF7B3FF064694F83D00202807
:10AEC00002D00220BDE8F88F19230122E94920466B
:10AED0000096FFF714FF10B10220BDE8F88F94F838
:10AEE0003C00012808D0012084F83C00206801685B
:10AEF00011F0010F03D006E00220BDE8F88F0168D1
:10AF000041F0010101602068016821F400610160E5
:10AF1000212084F83D00102084F83E00002525649F
:10AF2000C4F82480A4F82A90608D2085D248E0627D
:10AF300033463A4651462046FFF75FFF10B10120E5
:10AF4000BDE8F88F2068416980690090208D002855
:10AF500046D0324639462046FFF728FE50B1206CD5
:10AF6000042804D12068016841F4007101600120C7
:10AF7000BDE8F88F606A216800780861606A00F1B6
:10AF8000010CC4F824C0608D401E6085208D401ED9
:10AF900080B220852268516911F0040F0CD058B19D
:10AFA0009CF800001061606A401C6062608D401E69
:10AFB0006085208D401E2085324639462046FFF7A9
:10AFC000C2FD50B1206C042804D12068016841F40E
:10AFD000007101600120BDE8F88F208D0028B8D1F4
:10AFE0002068016841F400710160202084F83D0070
:10AFF00084F83E5084F83C500020BDE8F88F2DE9DD
:10B00000F04104460D4616462068406910F0400F96
:10B0100027D100274FF020082068406910F0100F5A
:10B020000FD020686FF010014161276384F83D80E4
:10B0300084F83E70206C206484F83C700120BDE8E8
:10B04000F081FDF7ECFE801BA84200D825B92068EE
:10B05000406910F0400F07D02068406910F0400FA1
:10B06000DAD00020BDE8F081276384F83D8084F8C1
:10B070003E70206C40F02000206484F83C70012079
:10B08000BDE8F0812DE9F84F04460D4691461E4675
:10B09000E06A21680A6842F480620A60082808D0E1
:10B0A000012806D010F5803F03D0206B112806D070
:10B0B0000AE02068016841F48071016004E02068C2
:10B0C000016841F4807101604B4600224FF001118C
:10B0D00020460096FFF713FE4FF4007848B1206831
:10B0E000006810F4807F01D0C4F840800320BDE8E0
:10B0F000F88F2069DFF878A1B0F5804F11D0216872
:10B1000005F44077F02040EAD710086133464A46FC
:10B110000AF106012046FFF77CFD40B10120BDE8A1
:10B12000F88F2168E8B240F0010008612CE0216846
:10B13000E8B2086133464A4651462046FFF769FDAA
:10B1400010B10120BDE8F88F206841698169009144
:10B15000016841F4807101604B4600224FF00111FB
:10B1600020460096FFF7CBFD48B12068006810F438
:10B17000807F01D0C4F840800320BDE8F88F2168AB
:10B18000F12040EAD710086133464A46514620462E
:10B19000FFF73FFD10B10120BDE8F88F0020BDE8AA
:10B1A000F88F2DE9F84F04468A4617469946DDF890
:10B1B0002880FDF734FE054694F83D00202802D093
:10B1C0000220BDE8F88F192301222A492046009564
:10B1D000FFF795FD10B10220BDE8F88F94F83C0010
:10B1E000012808D0012084F83C002068016811F093
:10B1F000010F03D006E00220BDE8F88F016841F09E
:10B20000010101602068016821F4006101602220D1
:10B2100084F83D00102084F83E0000262664676212
:10B22000A4F82A90608D20851348E0622B464246A0
:10B2300051462046FFF726FF10B10120BDE8F88FE8
:10B24000208D80B3012838D0022844D020680168BE
:10B2500041F4806101602068416980690090208D1F
:10B26000002800F0F780054F208D09E0080001005C
:10B2700002000100020010000000FFFF04000100B6
:10B28000032800F2B480012834D0022849D0434674
:10B290000022394620460095FFF731FD00286AD08C
:10B2A0000120BDE8F88FFFE72068416981690091BE
:10B2B000016841F400710160D1E72068016821F460
:10B2C000806101602068416981690091016841F4F1
:10B2D00000710160C3E72068016821F480610160AA
:10B2E0002068016841F4006101602068416980695B
:10B2F0000090B4E72A4641462046FFF780FE10B191
:10B300000120BDE8F88F20680069616A0870606AF2
:10B31000401C6062208D401E2085608D401E60852F
:10B3200094E043460022394620460095FFF7E7FCAB
:10B3300010B10120BDE8F88F2068016841F4007168
:10B34000016020680069616A0870606A401C606280
:10B35000218D491E2185618D491E618521680969FC
:10B360000170606A401C6062208D401E2085608DE7
:10B37000401E60856AE02068016821F480610160F8
:10B3800020680069616A0870606A401C6062208DF4
:10B39000401E2085608D401E608543460022394650
:10B3A00020460095FFF7ABFC10B10120BDE8F88FF7
:10B3B0002068016841F40071016020680069616AD9
:10B3C0000870606A401C6062218D491E2185618D74
:10B3D000491E6185216809690170606A401C6062CC
:10B3E000208D401E2085608D401E60852EE02A46FF
:10B3F00041462046FFF703FE10B10120BDE8F88F5B
:10B4000020680069616A0870606A401C6062208D73
:10B41000401E81B22185608D401E60852068426992
:10B4200012F0040F12D0032903D1016821F48061C6
:10B43000016020680069616A0870606A401C60628F
:10B44000208D401E2085608D401E6085208D002847
:10B450007FF40AAF202084F83D0084F83E6084F831
:10B460003C600020BDE8F88F2DE9F84F04460D46FA
:10B4700092469946FDF7D3FC064694F83D002028F5
:10B4800002D00220BDE8F88F7DB1BAF1000F0CD0D8
:10B4900094F83C0001280BD0012084F83C0020687F
:10B4A000016811F0010F06D009E00120BDE8F88F16
:10B4B0000220BDE8F88F016841F0010101602068B9
:10B4C000016821F400610160212084F83D002027FB
:10B4D00084F83E704FF00008C4F840806562A4F81C
:10B4E0002AA0608D2085FE48E0622068016841F452
:10B4F00080610160FB4D4B460022294620460096A4
:10B50000FFF7FDFB10B10120BDE8F88F206841690D
:10B51000806900902069B0F5404F0ED14B46002263
:10B52000294620460096FFF7EAFB10B10120BDE84E
:10B53000F88F2068416980690090208D98B3324669
:10B5400049462046FFF732FB38B12068016821F4F4
:10B55000806101600120BDE8F88F606A2168007891
:10B560000861606A401C6062618D491E6185218DA1
:10B57000491E1FFA81FCA4F828C02568696911F0EA
:10B58000040F0DD0BCF1000F0AD000782861606A6A
:10B59000401C6062608D401E6085208D401E2085AD
:10B5A000208D0028CBD14B4600224FF4823120461B
:10B5B0000096FFF7A4FB10B10120BDE8F88F2168C9
:10B5C0006FF4806048612068016821F48061016047
:10B5D00084F83D7084F83E8084F83C800020BDE80B
:10B5E000F88F70B504460D4616462068406910F085
:10B5F000100F15D12046FFF78DFA08B1012070BD5C
:10B60000FDF70DFC801BA84200D825B920684069D1
:10B6100010F0100F06D02068406910F0100FE9D02C
:10B62000002070BD00202063202184F83D1084F8A4
:10B630003E00216C41F02001216484F83C0001208F
:10B6400070BD2DE9F84F04460D4692469946FDF728
:10B65000E6FB804694F83D00202802D00220BDE899
:10B66000F88F7DB1BAF1000F0CD094F83C0001289E
:10B670000BD0012084F83C002068016811F0010F14
:10B6800006D009E00120BDE8F88F0220BDE8F88F60
:10B69000016841F0010101602068016821F4006146
:10B6A0000160222084F83D00202684F83E600027B7
:10B6B00027646562A4F82AA0608D20858848E0622E
:10B6C0002068016841F4806101604B460022854991
:10B6D0002046CDF80080FFF712FB10B10120BDE835
:10B6E000F88F2068416980690090208D98B34246A8
:10B6F00049462046FFF783FC38B12068016821F4F1
:10B70000806101600120BDE8F88F20680069616AEE
:10B710000870606A401C6062218D491E1FFA81FC1E
:10B72000A4F828C0618D491E61852568696911F0FA
:10B73000040F0DD0BCF1000F0AD029690170606AB6
:10B74000401C6062208D401E2085608D401E6085FB
:10B75000208D0028CBD1424649462046FFF741FFC5
:10B7600038B12068016821F4806101600120BDE8E2
:10B77000F88F206841690091016841F00101016082
:10B780002068016821F48061016084F83D6084F8DC
:10B790003E7084F83C700020BDE8F88F38B4002477
:10B7A000009490F83DC0BCF1200F02D038BC0220BC
:10B7B0007047DFF834C146F2A815DCF800C0BCFBC6
:10B7C000F5FC0CEBCC0505EB0C1CCDF800C0DDF84E
:10B7D00000C0ACF1010CCDF800C0DDF800C0BCF138
:10B7E000000F17D0D0F800C0DCF818C01CF0020F12
:10B7F000EDD190F83CC0BCF1010F18D04FF0010C16
:10B8000080F83CC0D0F800C0DCF8005015F0010F03
:10B8100010D015E00463202180F83D1080F83E40F0
:10B82000016C41F02001016438BC0220704738BC33
:10B8300002207047DCF8005045F00105CCF80050BC
:10B84000D0F800C0DCF8005025F40065CCF80050BA
:10B850004FF0210C80F83DC04FF0100C80F83EC036
:10B86000046442624385428D02851D4AC26241647E
:10B8700080F83C4001684A6842F4E0624A6000682F
:10B88000016841F48071016038BC0020704738B411
:10B890000024009490F83DC0BCF1200F02D038BCC9
:10B8A00002207047DFF840C046F2A815DCF800C05F
:10B8B000BCFBF5FC0CEBCC0505EB0C1CCDF800C07B
:10B8C000DDF800C0ACF1010CCDF800C0DDF800C01F
:10B8D000BCF1000F1ED0D0F800C0DCF818C005E0A5
:10B8E0000000FFFF0200010000C001201CF0020F59
:10B8F000E6D190F83CC0BCF1010F18D04FF0010C1C
:10B9000080F83CC0D0F800C0DCF8005015F0010F02
:10B9100010D015E00463202180F83D1080F83E40EF
:10B92000016C41F02001016438BC0220704738BC32
:10B9300002207047DCF8005045F00105CCF80050BB
:10B94000D0F800C0DCF8005025F40065CCF80050B9
:10B950004FF0220C80F83DC04FF0100C80F83EC034
:10B96000046442624385428D0285FA4AC2624164A0
:10B9700080F83C4001684A6842F4E0624A6001682D
:10B980000A6842F480620A600068016841F48071CC
:10B99000016038BC0020704790F83D30202B01D06A
:10B9A0000220704771B16AB190F83C30012B0BD086
:10B9B000012380F83C300368D3F800C01CF0010F6D
:10B9C00004D009E00120704702207047D3F800C07E
:10B9D0004CF0010CC3F800C00368D3F800C02CF48D
:10B9E000006CC3F800C0212380F83D30202380F88C
:10B9F0003E300023036441624285418D0185D54973
:10BA0000C16201680A6842F480620A6080F83C30D2
:10BA10000068416841F4E06141600020704790F89F
:10BA20003D30202B01D00220704771B16AB190F8EF
:10BA30003C30012B0BD0012380F83C300368D3F855
:10BA400000C01CF0010F04D009E001207047022063
:10BA50007047D3F800C04CF0010CC3F800C0036875
:10BA6000D3F800C02CF4006CC3F800C0222380F887
:10BA70003D30202380F83E3000230364416242853C
:10BA8000418D0185B349C16201680A6842F4806250
:10BA90000A6080F83C300068416841F4E061416030
:10BAA00000207047704770B501468C6B0025606BB5
:10BAB000002800D0C563A06B00B1C5630846FCF741
:10BAC000E6FF022811D02068016821F4806101603E
:10BAD0006585202084F83D0084F83E50206C40F0BD
:10BAE000100020642046FFF7DDFF70BD70477047EF
:10BAF0007047704770B5846B94F83D1094F83EC061
:10BB0000E06A2268536823F440735360626B002339
:10BB1000002A00D0D363A26B02B1D363212535EA9A
:10BB200001064FF022020DD032EA010602D1BCF12B
:10BB3000200F07D094F83E10002923D0618D0129F1
:10BB400021D025E02068D0F804C02CF4006CC0F8A7
:10BB500004C063852820292902D02A2907D00CE0B7
:10BB6000256384F83D002046FFF7C3FF05E022630C
:10BB700084F83D002046FFF7BBFF2068416841F490
:10BB80004071416070BD21680A6822F480620A60D9
:10BB900021684A6822F440724A6010F5803F06D05E
:10BBA000082804D0B0F12A4F01D0202804D1216800
:10BBB0000A6842F400720A6021684A6822F48052DE
:10BBC0004A6021684A6822F400624A606385216CF9
:10BBD00019B12046FFF766FF70BD202184F83D10A3
:10BBE00094F83E1040290BD084F83E3008280ED03F
:10BBF00020280CD0122020632046FFF777FF70BD6D
:10BC000084F83E3023632046FFF771FF70BD236345
:10BC1000F2E7F8B504460025009594F83D00202889
:10BC200001D00220F8BD4C4846F2A81C0068B0FBC9
:10BC3000FCF000EBC00C0CEB0010009020260098EC
:10BC4000401E0090009890B12068806910F0020FAB
:10BC5000F5D194F83C00012814D0012084F83C0070
:10BC60002068D0F800C01CF0010F0DD012E0256351
:10BC700084F83D6084F83E50206C40F02000206441
:10BC80000220F8BD0220F8BDD0F800C04CF0010C35
:10BC9000C0F800C02068D0F800C02CF4006CC0F8D8
:10BCA00000C0212084F83D00102084F83E00256467
:10BCB00062626385608D20852648E0626164208D24
:10BCC00000284FD0606B08B32449C163616B2448DE
:10BCD000C864606B0564606B4564606B8564606B11
:10BCE00005652068238D00F11002616A606BFCF726
:10BCF0003FFCB8B184F83D6084F83E50206C40F0C1
:10BD00001000206484F83C500120F8BD84F83D60A8
:10BD100084F83E50206C40F08000206484F83C5051
:10BD20000120F8BD84F83C502068416841F440711E
:10BD300041602068416841F4006141602068016809
:10BD400041F4806101602068016841F48071016004
:10BD500019E000000000FFFF00C00120F5BA020852
:10BD6000A7BA02082068016841F480610160206878
:10BD7000016841F48071016084F83C50206841689A
:10BD800041F4E06141600020F8BDF8B504460025AB
:10BD9000009594F83D00202801D00220F8BDF74816
:10BDA00046F2A81C0068B0FBFCF000EBC00C0CEBEA
:10BDB0000010009020260098401E0090009890B13E
:10BDC0002068806910F0020FF5D194F83C0001283A
:10BDD00014D0012084F83C002068D0F800C01CF08A
:10BDE000010F0DD012E0256384F83D6084F83E50C9
:10BDF000206C40F0200020640220F8BD0220F8BD35
:10BE0000D0F800C04CF0010CC0F800C02068D0F899
:10BE100000C02CF4006CC0F800C0222084F83D0063
:10BE2000102084F83E00256462626385608D208561
:10BE3000D348E0626164208D002846D0A06B08B32F
:10BE4000D049C163A16BD048C864A06B0564A06BE6
:10BE50004564A06B8564A06B05652068238D00F1A7
:10BE60001001626AA06BFCF783FBB8B184F83D60F7
:10BE700084F83E50206C40F01000206484F83C5060
:10BE80000120F8BD84F83D6084F83E50206C40F0FD
:10BE90008000206484F83C500120F8BD20680168CF
:10BEA00041F4806101602068016841F480710160A3
:10BEB00084F83C502068416841F44071416020683A
:10BEC000416841F40061416010E084F83C50206812
:10BED000416841F4E06141602068016841F480619B
:10BEE00001602068016841F4807101600020F8BDA4
:10BEF00070B5044694F83D00202801D0022070BDA2
:10BF000069B162B194F83C0001280AD0012084F89C
:10BF10003C002068036813F0010F04D007E0012003
:10BF200070BD022070BD036843F001030360206808
:10BF3000036823F400630360212084F83D00202679
:10BF400084F83E600025256461626285608D2085ED
:10BF50008B48E062606B08B38A49C163616B8A48B1
:10BF6000C864606B0564606B4564606B8564606B7E
:10BF700005652068238D00F11002616A606BFCF793
:10BF8000F7FAC0B184F83D6084F83E50206C40F070
:10BF90001000206484F83C50012070BD282084F8F3
:10BFA0003D0084F83E50206C40F08000206484F80E
:10BFB0003C50012070BD2068016841F4806101603F
:10BFC00084F83C502068416841F440714160206829
:10BFD000416841F400614160002070BD70B50446C5
:10BFE00094F83D00202801D0022070BD69B162B1F3
:10BFF00094F83C0001280AD0012084F83C00206815
:10C00000036813F0010F04D007E0012070BD022087
:10C0100070BD036843F0010303602068036823F4E4
:10C0200000630360222084F83D00202684F83E60EF
:10C030000025256461626285608D20855048E0623C
:10C04000A06B08B34F49C163A16B4F48C864A06B94
:10C050000564A06B4564A06B8564A06B05652068D2
:10C06000238D00F11001626AA06BFCF781FAC0B168
:10C0700084F83D6084F83E50206C40F0100020644D
:10C0800084F83C50012070BD282084F83D0084F8DD
:10C090003E50206C40F08000206484F83C50012029
:10C0A00070BD2068016841F48061016084F83C50F3
:10C0B0002068416841F4407141602068416841F462
:10C0C00000614160002070BD2DE9F8430446DDF8B1
:10C0D0002090099F0D46164698462068016841F455
:10C0E000807101604B4600224FF0011120460097FD
:10C0F000FEF705FE50B12068006810F4807F02D082
:10C100004FF4007020640320BDE8F883216805F037
:10C11000FE0008613B464A461C492046FEF779FD71
:10C1200010B10120BDE8F883206841698069009062
:10C130003A4649462046FEF739FD50B1206C0428A6
:10C1400004D12068016841F4007101600120BDE85C
:10C15000F883F5B2B8F1010F0CD02168300A0861FC
:10C160003A4649462046FEF721FDC8B1206C042816
:10C170000ED012E02068056114E0000000C001202C
:10C180000000FFFFF5BA0208A7BA0208020001008A
:10C190002068016841F4007101600120BDE8F88366
:10C1A000206805610020BDE8F8832DE9FF4F83B0CA
:10C1B00004468A469346DDF84490DDF84080129E9E
:10C1C000FCF72DFE054694F83D00202803D007B06B
:10C1D0000220BDE8F08F19230122F949204600957D
:10C1E000FEF78DFD18B107B00220BDE8F08F94F87E
:10C1F0003C00012808D0012084F83C002068016838
:10C2000011F0010F04D007E007B00220BDE8F08F65
:10C21000016841F0010101602068016821F40061BA
:10C220000160212084F83D00402084F83E00002772
:10C230002764C4F82480A4F82A90608D2085E14802
:10C24000E062019500965A4651462046069BFFF74C
:10C250003BFF18B107B00120BDE8F08F208D00280A
:10C2600036D02A4631462046FEF7A0FC58B1206C55
:10C27000042804D12068016841F40071016007B00E
:10C280000120BDE8F08F606A216800780861606A6B
:10C2900000F1010CC4F824C0208D401E80B220851E
:10C2A000618D491E61852368596911F0040F0CD016
:10C2B00058B19CF800001861606A401C6062208DD3
:10C2C000401E2085608D401E6085208D0028C8D1CD
:10C2D0002A4631462046FEF736FC58B1206C042829
:10C2E00004D12068016841F40071016007B00120A9
:10C2F000BDE8F08F2068016841F4007101602020E2
:10C3000084F83D0084F83E7084F83C7007B000204B
:10C31000BDE8F08F2DE9F84F0446DDF828A00B9D0D
:10C320000F4690461E462068016841F48061016016
:10C330002068016841F480710160534600224FF08B
:10C34000011120460095FEF7DAFC4FF4007948B160
:10C350002068006810F4807F01D0C4F8409003206A
:10C36000BDE8F88F216807F0FE000861DFF858B2D9
:10C370002B46524659462046FEF74BFC10B1012091
:10C38000BDE8F88F20684169806900902A465146CF
:10C390002046FEF70BFC50B1206C042804D1206825
:10C3A000016841F4007101600120BDE8F88F30465A
:10C3B00008F0FF0601280DD021684FEA1820086117
:10C3C0002A4651462046FEF7F1FB70B1206C042846
:10C3D00003D007E02068066109E02068016841F4A5
:10C3E000007101600120BDE8F88F206806612A46CF
:10C3F00051462046FEF7DAFB50B1206C042804D1E8
:10C400002068016841F4007101600120BDE8F88FE7
:10C410002068016841F480710160534600224FF0AA
:10C42000011120460095FEF76AFC48B120680068BB
:10C4300010F4807F01D0C4F840900320BDE8F88F4D
:10C440002168F8B240F0010008612B465246594677
:10C450002046FEF7DEFB10B10120BDE8F88F00207A
:10C46000BDE8F88F2DE9FF4F83B004468A46934616
:10C47000DDF84490DDF84080129EFCF7D0FC0546C4
:10C4800094F83D00202803D007B00220BDE8F08FCB
:10C49000192301224A4920460095FEF730FC18B1C5
:10C4A00007B00220BDE8F08F94F83C00012808D0C6
:10C4B000012084F83C002068016811F0010F04D0CD
:10C4C00007E007B00220BDE8F08F016841F00101EC
:10C4D00001602068016821F400610160222084F875
:10C4E0003D00402084F83E0000272764C4F82480E3
:10C4F000A4F82A90608D20853248E062019500966C
:10C500005A4651462046069BFFF704FF18B107B074
:10C510000120BDE8F08F208D10B3012829D002281A
:10C5200035D02068416980690290208D002800F094
:10C53000F480DFF89880208D032800F2BC80012869
:10C5400034D0022852D0334600224146204600957E
:10C55000FEF7D5FB002873D007B00120BDE8F08FAF
:10C560002068416981690291016841F400710160AC
:10C57000DBE72068016821F480610160206841697F
:10C5800081690291016841F400710160CDE7206882
:10C59000016821F4806101602068016841F4006154
:10C5A00001602068416980690290BEE72A463146F1
:10C5B0002046FEF724FD58B1012007B0BDE8F08FFA
:10C5C000020010000000FFFF020001000400010053
:10C5D00020680069616A0870606A401C6062208D92
:10C5E000401E2085608D401E608592E0334600220B
:10C5F000414620460095FEF782FB08B10120DCE7AA
:10C600002068016841F40071016020680069616A76
:10C610000870606A401C6062218D491E2185618D11
:10C62000491E6185216809690170606A401C606269
:10C63000208D401E2085608D401E608569E0FFE7EB
:10C640002068016821F48061016020680069616AE6
:10C650000870606A401C6062208D401E2085608DDD
:10C66000401E608533460022414620460095FEF775
:10C6700046FB08B10120A0E72068016841F4007181
:10C68000016020680069616A0870606A401C60622D
:10C69000218D491E2185618D491E618521680969A9
:10C6A0000170606A401C6062208D401E2085608D94
:10C6B000401E60852DE02A4631462046FEF79FFC4D
:10C6C00008B1012079E720680069616A0870606A32
:10C6D000401C6062208D401E82B22285608D401E0B
:10C6E00060852068416911F0040F12D0032A03D13C
:10C6F000016821F48061016020680069616A087046
:10C70000606A401C6062208D401E2085608D401E46
:10C710006085208D00287FF40EAF202084F83D0036
:10C7200084F83E7084F83C70002046E7F8B4069D1B
:10C73000059C0026009690F83DC0BCF1200F02D069
:10C74000F8BC02207047DFF80CC646F2A817DCF8E8
:10C7500000C0BCFBF7FC0CEBCC0707EB0C1CCDF8C6
:10C7600000C0DDF800C0ACF1010CCDF800C0DDF870
:10C7700000C0BCF1000F17D0D0F800C0DCF818C022
:10C780001CF0020FEDD190F83CC0BCF1010F18D0A5
:10C790004FF0010C80F83CC0D0F800C0DCF800700D
:10C7A00017F0010F10D015E00663202180F83D102E
:10C7B00080F83E60016C41F020010164F8BC022069
:10C7C0007047F8BC02207047DCF8007047F00107A2
:10C7D000CCF80070D0F800C0DCF8007027F40067D7
:10C7E000CCF800704FF0210C80F83DC04FF0400CA9
:10C7F00080F83EC0066444624585B0F82AC0A0F8BF
:10C8000028C0DFF854C5C0F82CC041648264C364FA
:10C81000066501680A6842F480720A6080F83C602C
:10C820000068416841F4E0614160F8BC0020704755
:10C83000F8B4069D059C0026009690F83DC0BCF11A
:10C84000200F02D0F8BC02207047DFF808C546F27E
:10C85000A817DCF800C0BCFBF7FC0CEBCC0707EB1F
:10C860000C1CCDF800C0DDF800C0ACF1010CCDF817
:10C8700000C0DDF800C0BCF1000F17D0D0F800C038
:10C88000DCF818C01CF0020FEDD190F83CC0BCF1F0
:10C89000010F18D04FF0010C80F83CC0D0F800C058
:10C8A000DCF8007017F0010F10D015E006632021AE
:10C8B00080F83D1080F83E60016C41F02001016479
:10C8C000F8BC02207047F8BC02207047DCF800700A
:10C8D00047F00107CCF80070D0F800C0DCF8007019
:10C8E00027F40067CCF800704FF0220C80F83DC0B0
:10C8F0004FF0400C80F83EC0066444624585B0F8B5
:10C900002AC0A0F828C0DFF850C4C0F82CC0416489
:10C910008264C364066501680A6842F480620A6042
:10C9200001680A6842F480720A6080F83C60018DF8
:10C9300021B10068416841F4E0614160F8BC002029
:10C9400070472DE9F04F85B00446DDF83C800E9F1E
:10C95000894692469B4600250495FCF760FA0390B1
:10C9600094F83D00202803D005B00220BDE8F08FE8
:10C97000F84846F2A8110068B0FBF1F000EBC001E6
:10C9800001EB0010049020260498401E04900498A7
:10C9900088B12068806910F0020FF5D194F83C004E
:10C9A000012815D0012084F83C002068016811F0AE
:10C9B000010F11D014E0256384F83D6084F83E50E7
:10C9C000206C40F02000206405B00220BDE8F08F0C
:10C9D00005B00220BDE8F08F016841F0010101605F
:10C9E0002068016821F400610160212084F83D0085
:10C9F000402084F83E0025646762A4F82A80608D98
:10CA00002085D548E062C4F84490C4F848A0C4F832
:10CA10004CB02565208D002866D0606B18B3CF49D7
:10CA2000C163616BCE48C864606B0564606B45642C
:10CA3000606B8564606B05652068238D00F11002D2
:10CA4000616A606BFBF794FDD8B184F83D6084F8AF
:10CA50003E50206C40F01000206484F83C5005B03B
:10CA60000120BDE8F08F84F83D6084F83E50206CD2
:10CA700040F08000206484F83C5005B00120BDE8FF
:10CA8000F08F23210398009101905B46524649465E
:10CA90002046FFF719FBA0B1606BFBF7F2FD606B5E
:10CAA000C5632068016821F4806101602585658582
:10CAB0002068016821F00101016005B00120BDE896
:10CAC000F08F206841698169029184F83C50416887
:10CAD00041F4807141602068416841F40061416027
:10CAE00005B00020BDE8F08F84F83D6084F83E502A
:10CAF000206C40F04000206484F83C5005B00120D8
:10CB0000BDE8F08F2DE9FF4F83B004468A46934677
:10CB1000DDF84490DDF84080FCF781F907460025F8
:10CB2000029594F83D00202803D007B00220BDE80C
:10CB3000F08F884846F2A8110068B0FBF1F000EBD6
:10CB4000C00101EB0010029020260298401E0290C6
:10CB5000029888B12068806910F0020FF5D194F82E
:10CB60003C00012815D0012084F83C0020680168B1
:10CB700011F0010F11D014E0256384F83D6084F8B2
:10CB80003E50206C40F02000206407B00220BDE839
:10CB9000F08F07B00220BDE8F08F016841F001017D
:10CBA00001602068016821F400610160222084F89E
:10CBB0003D00402084F83E002564C4F82480A4F899
:10CBC0002A90608D20856448E062C4F844A0C4F8CF
:10CBD00048B00698E0642565208D4FF023080028B2
:10CBE00071D0A06B18B35D49C163A16B5C48C86488
:10CBF000A06B0564A06B4564A06B8564A06B0565A4
:10CC00002068238D00F11001626AA06BFBF7B0FC75
:10CC1000D8B184F83D6084F83E50206C40F010009C
:10CC2000206484F83C5007B00120BDE8F08F84F800
:10CC30003D6084F83E50206C40F08000206484F811
:10CC40003C5007B00120BDE8F08F0197CDF800807F
:10CC50005A4651462046069BFFF75CFBA0B1A06BED
:10CC6000FBF70FFDA06BC5632068016821F48061AC
:10CC70000160258565852068016821F0010101605A
:10CC800007B00120BDE8F08F208D012814D0206866
:10CC9000416841F480514160206841698169019196
:10CCA00084F83C50416841F48071416020684168DB
:10CCB00041F40061416020E02068016821F4806156
:10CCC0000160E9E7FFE70197CDF800805A46514639
:10CCD0002046069BFFF71EFB18B107B00120BDE8F8
:10CCE000F08F2068416981690191016841F4007108
:10CCF000016084F83D6084F83C5007B00020BDE836
:10CD0000F08F2DE9F84F0446884692461E46FCF700
:10CD100086F80546002794F83D00202802D002201E
:10CD2000BDE8F88F192301220E4920460095FDF732
:10CD3000E6FF10B10220BDE8F88F94F83C0001280E
:10CD400012D0012084F83C002068016811F0010F26
:10CD50000DD010E000C001200000FFFFF5BA02086E
:10CD6000A7BA0208020010000220BDE8F88F01688F
:10CD700041F0010101602068016821F40061016057
:10CD8000242084F83D0000202064F848E06208F088
:10CD9000FE094FF0A0084FF0200B2068016841F415
:10CDA00080710160334600224FF00111204600954A
:10CDB000FDF7A5FF50B12068006810F4807F02D015
:10CDC0004FF4007020640320BDE8F88F2068C0F89D
:10CDD0001090FCF724F8054620684169C1F3400132
:10CDE0004069C0F380200EE0FCF719F8401BB04208
:10CDF00000D80EB984F83D8020684169C1F3400134
:10CE00004069C0F3802094F83D20A02A02D009B9DF
:10CE10000028E9D084F83DB02068416911F0020F84
:10CE20001BD02168096841F4007101600026206868
:10CE300041698069009019230122CD49204600955F
:10CE4000FDF75DFF10B10120BDE8F88F84F83DB01B
:10CE500084F83C600020BDE8F88F016841F400715F
:10CE6000016021686FF48060486119230122C04984
:10CE700020460095FDF743FF10B10120BDE8F88F73
:10CE80007F1C574589D384F83DB0002084F83C00CE
:10CE90000120BDE8F88FF0B482B0DDF818C000269C
:10CEA0000196009690F83D40202C03D002B002205D
:10CEB000F0BC70470468256815F4007F05D1BCF10B
:10CEC000080F02D0BCF1010F13D1AA4D46F2A817EA
:10CED0002D68B5FBF7F505EBC50707EB05150095C4
:10CEE000009D6D1E0095009D7DB1A56915F0020F96
:10CEF000F6D190F83C50012D15D0012580F83C501A
:10CF0000256815F0010F12D015E00663202180F886
:10CF10003D1080F83E60016C41F02001016402B0D8
:10CF20000220F0BC704702B00220F0BC70472568B8
:10CF300045F0010525600468256825F40065256035
:10CF4000212480F83D40102480F83E40066442626F
:10CF50004385428D0285C0F82CC04164016B01916C
:10CF60000199112905D1BCF52A0F02D0BCF12A4F35
:10CF700004D101680A6842F480720A6080F83C605B
:10CF80000068416841F4E061416002B00020F0BCFB
:10CF900070472DE9F04182B00446089D00260196B5
:10CFA000009694F83D00202803D002B00220BDE88E
:10CFB000F0812068D0F800C04FF020071CF4007FFB
:10CFC00003D1082D01D0012D1DD1DFF8A8C146F2F3
:10CFD000A818DCF800C0BCFBF8FC0CEBCC0808EB94
:10CFE0000C1CCDF800C0DDF800C0ACF1010CCDF890
:10CFF00000C0DDF800C0BCF1000F13D0D0F818C09D
:10D000001CF0020FEFD194F83CC0BCF1010F16D018
:10D010004FF0010C84F83CC0D0F800C01CF0010FA8
:10D0200011D016E0266384F83D7084F83E60206CD1
:10D0300040F02000206402B00220BDE8F08102B080
:10D040000220BDE8F081D0F800C04CF0010CC0F81F
:10D0500000C02068D0F800C02CF4006CC0F800C0FC
:10D06000212084F83D00102084F83E00266462628E
:10D070006385608D2085E5626164206B0190208D61
:10D08000002855D0606BF8B13B49C163616B3B48E8
:10D09000C864606B0664606B06652068238D00F1D0
:10D0A0001002616A606BFBF763FAD8B184F83D70D7
:10D0B00084F83E60206C40F01000206484F83C60EE
:10D0C00002B00120BDE8F08184F83D7084F83E6034
:10D0D000206C40F08000206484F83C6002B00120A5
:10D0E000BDE8F0812068016841F480610160019829
:10D0F000112805D1B5F52A0F02D0B5F12A4F04D178
:10D100002068016841F48071016084F83C60042D5E
:10D1100003D0202D01D0102D04D12068416841F4A6
:10D12000006141602068416841F44071416019E04C
:10D130002068016841F4806101600198112805D1DF
:10D14000B5F52A0F02D0B5F12A4F04D12068016845
:10D1500041F48071016084F83C602068416841F4CA
:10D16000E061416002B00020BDE8F0810000FFFFF7
:10D170000200100000C00120F5BA0208A7BA020898
:10D180002DE9F00182B0DDF81CC00027019700975F
:10D190004FF4E06590F83D40202C04D002B002200E
:10D1A000BDE8F00170470468266816F4007F05D1D9
:10D1B000BCF1080F02D0BCF1010F13D1FE4E46F2B4
:10D1C000A8183668B6FBF8F606EBC60808EB061694
:10D1D0000096009E761E0096009E7EB1A66916F00F
:10D1E000020FF6D190F83C60012E16D0012680F88F
:10D1F0003C60266816F0010F14D017E00763202169
:10D2000080F83D1080F83E70016C41F0200101640F
:10D2100002B00220BDE8F001704702B00220BDE874
:10D22000F0017047266846F001062660046826680B
:10D2300026F400662660222480F83D40102480F801
:10D240003E40076442624385428D0285C0F82CC08F
:10D250004164016B0191418D022905D1BCF1200F80
:10D260000BD0BCF1100F08D001680A6842F480624C
:10D270000A60019912291CD115E00199122905D0E3
:10D2800001680A6842F480620A60F2E701680A688D
:10D2900022F480620A6001680A6842F400620A604F
:10D2A00025F48065E5E7BCF52A0F02D0BCF12A4FD2
:10D2B00004D101680A6842F480720A6080F83C7008
:10D2C000006841682943416002B00020BDE8F001D8
:10D2D00070472DE9F04383B004460A9D002602966C
:10D2E00001964FF4E06894F83D00202803D003B085
:10D2F0000220BDE8F0832068D0F800C04FF020077E
:10D300001CF4007F03D1082D01D0012D1DD1DFF8C1
:10D31000A8C246F2A819DCF800C0BCFBF9FC0CEB73
:10D32000CC0909EB0C1CCDF804C0DDF804C0ACF14D
:10D33000010CCDF804C0DDF804C0BCF1000F13D01F
:10D34000D0F818C01CF0020FEFD194F83CC0BCF12B
:10D35000010F16D04FF0010C84F83CC0D0F800C08B
:10D360001CF0010F11D016E0266384F83D7084F89C
:10D370003E60206C40F02000206403B00220BDE835
:10D38000F08303B00220BDE8F083D0F800C04CF079
:10D39000010CC0F800C02068D0F800C02CF4006C6C
:10D3A000C0F800C02068D0F804C02CF4805CC0F83D
:10D3B00004C0222084F83D00102084F83E0026643A
:10D3C00062626385608D2085E5626164206B0290F6
:10D3D000208D002875D0608D022803D1202D0ED01D
:10D3E000102D0CD02068016841F480610160202D6F
:10D3F0001ED0B5F12A4F1BD0102D19D01DE0029878
:10D40000122805D02068016841F48061016014E0B1
:10D410002068016821F4806101602068016841F49E
:10D42000006101602068416841F48051416004E07E
:10D430002068416841F480514160A06BF8B15F49B8
:10D44000C163A16B5E48C864A06B0664A06B0665EF
:10D450002068238D00F11001626AA06BFBF788F849
:10D46000D8B184F83D7084F83E60206C40F0100024
:10D47000206484F83C6003B00120BDE8F08384F8A8
:10D480003D7084F83E60206C40F08000206484F899
:10D490003C6003B00120BDE8F0830298122811D14E
:10D4A000B5F52A0F0ED0B5F12A4F0BD04FF480708E
:10D4B00084F83C60042D0DD0202D0BD0102D09D008
:10D4C0000DE011E02068016841F4807101604FF4C3
:10D4D0004070EDE721684A6842F400624A602168C2
:10D4E0004A681043486019E02068016841F480618F
:10D4F00001600298122805D1B5F52A0F02D0B5F1C6
:10D500002A4F04D12068016841F48071016084F8D9
:10D510003C602068416841EA0801416003B0002096
:10D52000BDE8F08318B490F83DC0282434EA0C0C10
:10D5300002D018BC0220704789B182B190F83CC07B
:10D54000BCF1010F0ED04FF0010C80F83CC0D0F8B8
:10D5500000C0DCF8004014F0010F06D00BE018BC4E
:10D560000120704718BC02207047DCF8004044F0EE
:10D570000104CCF80040D0F800C0DCF8004024F4EE
:10D580000064CCF800404FF0290C80F83DC04FF00B
:10D59000200C80F83EC04FF0000CC0F840C0416243
:10D5A0004285418D0185C36201684A698A6900929A
:10D5B00080F83CC0486805E000C00120F5BA0208C8
:10D5C000A7BA020840F4E060486018BC0020704729
:10D5D000704708B50022806B90F83D30FE4946F256
:10D5E000A81C0968B1FBFCF1C1EBC10101EB810191
:10D5F00000910099002934D00099491E00910168DA
:10D60000096811F4007FF4D1416B01B1CA63816BE9
:10D6100001B1CA630168D1F800C02CF4806CC1F874
:10D6200000C04285416B01B10A65816B01B10A6599
:10D630000168D1F800C02CF0010CC1F800C090F8CE
:10D640003DC02021BCF1600F10D04FF0280C3CEA07
:10D65000030313D080F83D1080F83E20FEF722FA35
:10D6600008BD016C41F020010164CDE780F83D1058
:10D6700080F83E200264FFF7ABFF08BD01680B682D
:10D6800043F001030B6001680B6843F480630B6097
:10D69000026380F83DC0E1E72DE9F84F04460D46EE
:10D6A0001646984694F83D00282737EA000002D035
:10D6B0000220BDE8F88FB5B1AEB194F83C00012866
:10D6C00014D0012084F83C002068416821F44071A6
:10D6D000416094F83D00C1492A280AD094F83D00E1
:10D6E00029281BD02DE00120BDE8F88F0220BDE8DD
:10D6F000F88F2068426812F4006F22D0A26B02B348
:10D70000426822F400624260A06B0165A06BFAF7E8
:10D71000B8FFB0B1A06B016D884712E02068426885
:10D7200012F4006F0DD0426822F400624260606B18
:10D7300038B10165606BFAF7A4FF10B1606B016D41
:10D7400088472068016811F0010F03D1016841F09A
:10D75000010101602068016821F400610160292055
:10D7600084F83D004FF0200A84F83EA04FF00009F5
:10D77000C4F8409065626685608D2085C4F82C8071
:10D78000606B00B39649C163616B9648C864606B77
:10D79000C0F84090606BC0F850902068238D00F175
:10D7A0001002616A606BFAF7E3FEC8B184F83DA02D
:10D7B00084F83E90206C40F01000206484F83C9087
:10D7C0000120BDE8F88F84F83D7084F83E90206C0D
:10D7D00040F08000206484F83C900120BDE8F88F80
:10D7E0002068016841F480610160206841698169B5
:10D7F000009184F83C90416841F440714160206898
:10D80000416841F4006141600020BDE8F88F18B420
:10D8100090F83DC0282434EA0C0C02D018BC022039
:10D82000704789B182B190F83CC0BCF1010F0ED0B5
:10D830004FF0010C80F83CC0D0F800C0DCF800408C
:10D8400014F0010F06D00BE018BC0120704718BC83
:10D8500002207047DCF8004044F00104CCF800409E
:10D86000D0F800C0DCF8004024F40064CCF800409C
:10D870004FF02A0C80F83DC04FF0200C80F83EC0DD
:10D880004FF0000CC0F840C041624285418D0185D7
:10D89000C36201684A698A69009280F83CC048689E
:10D8A00040F4E060486018BC002070472DE9F84F54
:10D8B00004460D461646984694F83D00282737EA58
:10D8C000000002D00220BDE8F88FB5B1AEB194F8E7
:10D8D0003C00012814D0012084F83C0020684168F5
:10D8E00021F44071416094F83D003C492A280AD057
:10D8F00094F83D0029281BD02DE00120BDE8F88FC9
:10D900000220BDE8F88F2068426812F4006F22D030
:10D91000A26B02B3426822F400624260A06B016510
:10D92000A06BFAF7AEFEB0B1A06B016D884712E0B4
:10D930002068426812F4006F0DD0426822F4006241
:10D940004260606B38B10165606BFAF79AFE10B106
:10D95000606B016D88472068016811F0010F03D1E9
:10D96000016841F0010101602068016821F4006153
:10D9700001602A2084F83D004FF0200A84F83EA080
:10D980004FF00009C4F8409065626685608D20857F
:10D99000C4F82C80A06B38B31149C163A16B114846
:10D9A000C864A06BC0F84090A06BC0F8509020688D
:10D9B000238D00F11001626AA06BFAF7D9FD10B354
:10D9C00084F83DA084F83E90206C40F01000206464
:10D9D00084F83C90012008E000C00120D3D5020863
:10D9E000F5BA0208A7BA020801E0BDE8F88F84F88A
:10D9F0003D7084F83E90206C40F08000206484F8F4
:10DA00003C900120E7E72068016841F480610160F3
:10DA1000206841698169009184F83C90416841F433
:10DA2000006141602068416841F44071416000201C
:10DA3000D1E790F83D10202901D00220704728211D
:10DA400080F83D1001680A6812F0010F03D10A68DE
:10DA500042F001020A6001680A6842F480620A60CA
:10DA60000068416841F4407141600020704790F8BF
:10DA70003D10282901D00220704790F83D1001F098
:10DA8000030190F83E2011430163202180F83D10EE
:10DA9000002180F83E1001680A6822F480620A6062
:10DAA0000068416821F44071416000207047704770
:10DAB00070B5044694F83D0094F83E10102901D04A
:10DAC000402906D1222804D121680A6822F4006284
:10DAD0000A60282131EA00024FF000054FF02006CD
:10DAE00005D02168496811F4006F04D009E025636E
:10DAF00084F83D1006E0602803D084F83D6084F887
:10DB00003E5025632068416811F4006F35D04168AC
:10DB100021F400614160606B90F83520FA49012AD8
:10DB20000FD00165606BFAF7ACFD28B3206801687F
:10DB300021F00101016084F83D60606B016D884750
:10DB40002CE0A06B0165A06BFAF79BFDA0B12068EB
:10DB5000416911F0400F05D00069616A0870606A80
:10DB6000401C60622068016821F00101016084F8B6
:10DB70003D60A06B016D884710E094F83D1060296E
:10DB800014D0416911F0400F05D00069616A087036
:10DB9000606A401C60622046FDF784FF206C00F044
:10DBA000010100F0020211431CD115E084F83D6030
:10DBB0002564416911F0400F05D00069616A087061
:10DBC000606A401C60622068016821F00101016008
:10DBD0002046FFF7FDFCE1E710F0040F02D110F042
:10DBE000080F04D02068416821F4E061416094F896
:10DBF0003D00216C11F0040F0BD0282809D1C34837
:10DC0000E062256384F83D6084F83E502046FFF7CB
:10DC10004EFF70BD10B590F83E100268936913F086
:10DC2000020F03D0102903D0402901D0012010BDDC
:10DC300090F83C1001291CD0012180F83C100023F1
:10DC40000363602180F83D10116821F48061116048
:10DC500001680A6842F400720A60438501684A68F4
:10DC600022F4E0624A6080F83C30FFF721FF002098
:10DC700010BD022010BD418D002909D0016809693D
:10DC8000426A1170416A491C4162418D491E4185B9
:10DC9000704710B590F83D10428D002A1AD00268E6
:10DCA0001269436A1A70426A521C4262428D521EC5
:10DCB0004285428D002A0DD12A290BD101684A687C
:10DCC00022F480624A6022210163282180F83D10FD
:10DCD000FDF70EFF10BD418D002909D0416A026891
:10DCE00009781161416A491C4162418D491E418593
:10DCF000704710B590F83D10428D002A1AD0426A44
:10DD0000036812781A61426A521C4262428D521EA6
:10DD10004285428D002A0DD129290BD101684A681C
:10DD200022F480624A6021210163282180F83D109D
:10DD3000FDF7DFFE10BDF8B5044694F83D502068AD
:10DD4000416821F4E061416000262068416900914A
:10DD5000016841F0010101602068016821F48061DF
:10DD600001602068416811F4006F20D0664F222DB9
:10DD700047D02A2D45D0616B096849686185618D5E
:10DD800019B1216C41F004012164416821F4006162
:10DD90004160606BFAF778FE012808D0606B076578
:10DDA000606BFAF76EFC10B1606B016D8847608D97
:10DDB00008B32068416911F0040F08D00069616A56
:10DDC0000870606A401C6062608D401E608520683B
:10DDD000416911F0400F08D00069616A0870606AFB
:10DDE000401C6062608D401E6085608D18B1206CA3
:10DDF00040F004002064206C08B32046BDE8F840E1
:10DE000056E6A16B096849686185618D19B1216C7D
:10DE100041F004012164416821F400614160A06B7C
:10DE2000FAF732FE0128C2D0A06B0765A06BFAF7A3
:10DE300028FC0028BBD0A06B016D8847B7E72A2DCE
:10DE400006D12663282084F83D002046FDF750FEC9
:10DE500094F83D10202028290DD0216B222901D0D3
:10DE6000222D07D1266384F83D0084F83E602046C9
:10DE7000FDF73EFEF8BD2549E162266384F83D00CA
:10DE800084F83E602046FFF712FEF8BD704738B5B3
:10DE9000002390F83D204FF0280C3CEA0204026871
:10DEA0009C4605D051699169009180F83CC038BD0D
:10DEB000546824F48064546011F0040F00D10123ED
:10DEC00011F0800F07D0018B8AB280F83CC0194650
:10DED000FFF7DCFF38BD81898AB2F6E710B5C26A68
:10DEE000438D0168042B13D0438D032B1FD0438D2A
:10DEF000022B34D00969426A1170416A491C41629F
:10DF0000418D491E418510BDD3D502080000FFFF99
:10DF10004A6822F480624A6001680969426A1170A5
:10DF2000416A491C4162418D491E4185EBE74B68BE
:10DF300023F480634B60042A06D0022A04D00168CF
:10DF40000A6822F480620A6001680969426A1170F5
:10DF5000416A491C4162418D491E4185D3E7012A2E
:10DF600034D0102A32D0042A35D0022A33D00B689C
:10DF700043F400730B6001680969436A1970416AD0
:10DF8000491C4162438D5B1E438503681B690B700E
:10DF9000416A491C4162418D491E418501684B68B7
:10DFA00023F440734B60202180F83D1090F83E3000
:10DFB0000021402B14D080F83E10082A16D0202AC9
:10DFC00014D012210163FDF791FD9CE70B6823F447
:10DFD00080630B60CFE70B6843F480630B60CAE794
:10DFE00080F83E100163FDF782FD8CE70163EAE7EC
:10DFF00081B0FB4946F2A8120968B1FBF2F101EBCE
:10E00000810100910099491E0091009939B1016880
:10E01000096811F4007FF5D1002001B07047016C50
:10E0200041F020010164012001B0704770B5044641
:10E0300094F83D00222815D1E56A608D032812D995
:10E0400020680069616A0870606A401C6062608DC7
:10E05000401E6085608D032804D12068416821F44A
:10E060008061416070BDE16A022902D0012806D0BA
:10E0700028B12068416821F48061416070BD20466C
:10E08000FFF7B6FF20220021B0B12068436823F4D7
:10E09000E063436020680069636A1870606A401C2E
:10E0A0006062608D401E608584F83D2084F83E10DB
:10E0B0002046FDF7F7FC70BD2068036823F48063F9
:10E0C00003602068436823F4E063436020680069CC
:10E0D000636A1870606A401C6062608D401E6085D3
:10E0E00084F83D2094F83E0040280BD084F83E1080
:10E0F000082D0ED0202D0CD0122020632046FDF7D5
:10E10000F5FC70BD84F83E1021632046FDF7EFFC5E
:10E1100070BD2163F2E7704710B590F83D10026DB5
:10E12000002A09D0026D012A1AD0026D022A1FD0DE
:10E13000BDE81040FCF7E6BCC16C012908D0816C39
:10E140000268C1F307211161016D491C016510BD11
:10E15000816C0268C9B21161016D891C016510BD35
:10E16000816C0268C9B21161016D491C016510BD65
:10E1700022291CD0428D0AB1212921D0428D002AAA
:10E18000F5D12129F3D101684A6822F4E0624A609E
:10E1900001680A6842F400720A60002101632022CB
:10E1A00080F83D2080F83E10FFF7B5FF10BD0168F4
:10E1B0000A6842F480720A60016D491C016510BD55
:10E1C000416A026809781161416A491C4162418DC6
:10E1D000491E418510BD704710B5C16A90F83D20B9
:10E1E000212A0BD1428D52B1416A0268097811612E
:10E1F000416A491C4162418D491E418510BD202361
:10E200000022082914D0202912D011F5803F0FD008
:10E210000168D1F804C02CF4E06CC1F804C01121ED
:10E22000016380F83E2080F83D30FFF7D4FF10BD39
:10E230000168D1F804C02CF4E06CC1F804C0016896
:10E24000D1F800C04CF4007CC1F800C0026380F833
:10E250003D3090F83E10402904D080F83E20FFF772
:10E26000BAFF10BD80F83E20FFF755FF10BD10B576
:10E2700090F83D1090F83E30C26AB0F828C0BCF16A
:10E28000000F01D1212917D0212903D0402B12D111
:10E29000222910D1418D002941D090F83E1040290B
:10E2A00043D0416A026809781161416A491C4162A0
:10E2B000418D491E418510BD00234FF0200C082AD6
:10E2C00012D0202A10D012F5803F0DD001684A6884
:10E2D00022F4E0624A601121016380F83E3080F848
:10E2E0003DC0FFF778FF10BD01684A6822F4E06284
:10E2F0004A6001680A6842F400720A60036380F8A9
:10E300003DC090F83E10402904D080F83E30FFF721
:10E3100062FF10BD80F83E30FFF7FDFE10BD0068C3
:10E32000416821F48061416010BDBDE81040F3E612
:10E3300038B490F83EC0C26A046B90F83D50002398
:10E340000168222D04D048698869009038BC704764
:10E35000056D15B9BCF1400F05D0D0F850C0BCF127
:10E36000000F05D009E048698869009038BC704703
:10E37000D0F810C0BCF5404F26D0B0F82AC0BCF190
:10E38000000F2FD0B0F82AC0BCF1010F32D0B0F886
:10E390002AC0BCF1020F77D0D1F800C04CF4806CD9
:10E3A000C1F800C00168D1F804C01CF4006F69D046
:10E3B00012F5803F67D0012A65D0082A63D0102A61
:10E3C00061D0202A5FD097E04A698A6900920A6882
:10E3D00042F480720A60016D491C016538BC7047C7
:10E3E00000C001204A698A6900920A6842F40072FA
:10E3F0000A6085E012F5803F06D0082A20D0202A46
:10E400001ED0122C29D119E00A6822F480620A6019
:10E4100001684A6812F4006F08D00A6822F480622A
:10E420000A6001684A698969009169E04A698A69F4
:10E4300000920A6842F400720A6061E0012A0CD07E
:10E440000A6822F480620A6001684A698A69009257
:10E450000A6842F400720A6052E0042A08D0022AD4
:10E4600006D0102A04D00A6822F480620A6003E011
:10E470000A6842F480620A6001684A698969009109
:10E480003EE001E038E033E0042A11D0022A0FD048
:10E49000102A0DD0D1F800C02CF4806CC1F800C057
:10E4A0000168D1F800C04CF4006CC1F800C005E070
:10E4B000D1F800C04CF4806CC1F800C00168D1F8FC
:10E4C00004C01CF4006F0ED012F5803F07D0012A63
:10E4D00005D0082A03D0102A01D0202A03D14A6887
:10E4E00042F480524A6001684A698969009107E0F4
:10E4F0004A6842F480524A6001684A698969009119
:10E50000036538BC7047416C0268C9B21161416B48
:10E51000002901D0C96B29B9816B002907D0C96BCB
:10E52000002904D00068416841F4006141607047EF
:10E5300090F83E10402912D00169B1F5804F1DD0EE
:10E54000016D00293BD0016D012907D1416C0068A4
:10E5500001F44071F12242EAD11101617047016D6D
:10E5600031B1416C0068C9B241F0010101617047ED
:10E57000416C006801F0FE010161704790F83D10A8
:10E5800021290AD0416C0268C9B241F00101116130
:10E59000416B41B1C96B61B905E0416C026801F0A2
:10E5A000FE011161F4E7816B0029E6D0C96B0029F7
:10E5B000E3D00068416841F4006141607047416CFC
:10E5C000006801F44071F02242EAD1110161704704
:10E5D000C16AB1F52A0F06D0C16AB1F12A4F01D143
:10E5E0000821C16270470121C16270472DE9F041E5
:10E5F00004460021D4F800C0DCF80420E56A94F851
:10E600003E3094F83D00102B07D0402B05D0236CF2
:10E61000002B76D0DCF8143077E0DCF81860DCF8FA
:10E62000141011F0010F05D1B5F52A0F68D0B5F11E
:10E630002A4F65D011F0010F09D012F4007F06D0E7
:10E640002046FFF7C5FF2046BDE8F04170E711F016
:10E65000080F06D012F4007F03D02046BDE8F04139
:10E6600051E711F0020F06D012F4007F03D02046CC
:10E67000BDE8F0415CE616F0040F23D0DCF804C0DE
:10E680001CF4006F3CD111F0800F05D012F4806FA4
:10E6900002D011F0040F0DD011F0040F30D012F49D
:10E6A000007F2DD0212809D0402B7ED12046BDE807
:10E6B000F04131E52046BDE8F041D8E52046BDE80F
:10E6C000F04189E5DCF8040010F4006F6DD111F021
:10E6D000400F05D012F4806F02D011F0040F0AD061
:10E6E00011F0040F61D012F4007F5ED02046BDE827
:10E6F000F041FFF7F3BB2046BDE8F04196E400E0AF
:10E7000053E0DCF81810DCF8143013F0020F0BD0D3
:10E7100012F4007F08D0206C08B1DCF818102046F5
:10E72000BDE8F041FFF7B3BB13F0100F07D012F4B0
:10E73000007F04D02046BDE8F041FFF7FCBA212855
:10E7400015D0292813D013F0400F05D012F4806F94
:10E7500002D013F0040F23D013F0040F25D012F4CD
:10E76000007F22D02046BDE8F041FFF784BA13F0C5
:10E77000800F05D012F4806F02D013F0040F0AD07E
:10E7800013F0040F11D012F4007F0ED02046BDE824
:10E79000F041FFF7A0BA2046BDE8F041FFF7A9BA63
:10E7A0002046BDE8F041FFF774BABDE8F08170B5CE
:10E7B000044694F83D10E26A00232025DFF84CC19E
:10E7C00020686FF48066082A01D0202A01D1282908
:10E7D00003D0212917D0466170BDC4F82CC0416810
:10E7E00021F4E0614160206846612068016821F4FD
:10E7F00080610160236384F83D5084F83E302046F8
:10E80000FFF755F970BDC4F82CC02121216384F8AD
:10E810003D5084F83E30416821F4E0614160206859
:10E8200046612068016821F4806101602046FCF7A0
:10E8300069F92046FDF75DF970BD2DE9F041044608
:10E8400021684E694F68002594F83E0016F4807FD9
:10E8500006D017F4807F03D001256FF480724A61DF
:10E8600016F4007F08D017F4807F05D045F002052C
:10E8700022686FF40071516116F4806F25D017F48F
:10E88000807F22D0628D94F83D10236B202808D120
:10E890003AB9212910D029290ED0282901D1212BBC
:10E8A0000AD022686FF48061516145F00405102898
:10E8B00006D0402804D008E02046FFF778FF04E0A7
:10E8C0002068016841F40071016016F4006F08D0FF
:10E8D00017F4807F05D045F0080521686FF40060CB
:10E8E0004861002D07D0206C284320642046BDE8F5
:10E8F000F041FFF7DDB8BDE8F08190F83D007047CA
:10E9000090F83E007047006C704700000000FFFF69
:10E91000704770B50446002C03D06079002510B113
:10E9200005E0012070BD25712046E2F75DF9022067
:10E9300060712068016841F004010160012060718C
:10E94000A560002070BD704710B50446002C11D0A2
:10E950002068016821F00C0101602068416821F005
:10E96000600141602046E2F751F900206071A0602B
:10E97000207110BD012010BD2DE9F04704468A46E4
:10E980000026207901280DD0012727716079B04633
:10E9900001280AD00420A060012684F804803046B3
:10E9A000BDE8F0870220BDE8F0874FF0020984F847
:10E9B0000590FAF734FA05462068406810F0010F18
:10E9C0000ED1FAF72CFA401B022804D920684068BF
:10E9D00010F0010F0BD02068406810F0010FF0D04C
:10E9E00020688068E060CAF800006771D5E7677149
:10E9F000C4F8089084F804800120BDE8F087002165
:10EA00000279012A0AD0012202714279012A07D033
:10EA1000017104218160012108467047022070477E
:10EA2000022242710068026842F008020260F3E7C5
:10EA300010B5044604F10C012046FFF79DFF08B114
:10EA4000002010BDE06810BD017901290AD0012124
:10EA5000017102214171016888680A6842F0080268
:10EA60000A607047022070477047704710B504462F
:10EA700000202268516811F0200F03D01020A06000
:10EA8000012005E011F0400F02D00820A060012015
:10EA9000012814D011F0010F10D0106820F00800E8
:10EAA000106020688168E1606079042806D0012048
:10EAB0006071002020712046FFF7D6FF10BD0420B2
:10EAC00060712046FFF7D1FF21686FF06000486059
:10EAD00010BDC0687047407970478068704700007B
:10EAE0002DE9F041044620680169E26821F44051B3
:10EAF000114301612169A068E2690843616911431A
:10EB000001432068C26822F4037222F414421143C4
:10EB1000C16020684169A26921F4407111434161DB
:10EB20002068A0F18041B1F588312ED0A0F180415C
:10EB3000B1F58A3129D0F8F7DCFD8446E16900207F
:10EB40001927F74D3226B1F5004F22D06068830FA8
:10EB50008200ACFB070113F0F6FA0146A5FB00208A
:10EB600040097A42424301EB820106EB0111A5FB09
:10EB70000121490901F0F00202EB001001F00F0140
:10EB8000084421688860BDE8F081F8F7BDFD84463F
:10EB9000D4E761684A1840EB0003ACFB070113F0AF
:10EBA000D2FA0346A5FB0010410918460A016FF08E
:10EBB0001803594300EB810006EBC000A5FB0010D1
:10EBC000400900F0F80102EB410100F007000844A1
:10EBD00021688860BDE8F081704770B50446002C5C
:10EBE00004D094F84100002510B106E0012070BD6A
:10EBF00084F840502046E2F781FB242084F841004D
:10EC00002068C16821F40051C1602046FFF768FF09
:10EC10002068016921F4904101612068416921F077
:10EC20002A0141612068C16841F40051C1606564F6
:10EC3000202084F8410084F842006563002070BD04
:10EC400070B50446002C04D094F84100002510B1A2
:10EC500006E0012070BD84F840502046E2F74EFBEC
:10EC6000242084F841002068C16821F40051C1606B
:10EC70002046FFF735FF2068016921F490410161CA
:10EC80002068416921F0220141612068416941F019
:10EC9000080141612068C16841F40051C1606564A8
:10ECA000202084F8410084F842006563002070BD94
:10ECB00070B504460E46002C04D094F8410000259F
:10ECC00010B106E0012070BD84F840502046E2F704
:10ECD00015FB242084F841002068C16821F400510C
:10ECE000C1602046FFF7FCFE2068016921F4006145
:10ECF00001612068416921F02A01416120680169B0
:10ED000041F4804101612068016921F02001016125
:10ED100020680169314301612068C16841F40051F4
:10ED2000C1606564202084F8410084F84200656376
:10ED3000002070BD2DE9F04104460E461746002C18
:10ED400004D094F84100002518B107E00120BDE887
:10ED5000F08184F840502046E2F7D0FA242084F86D
:10ED600041002068C16821F40051C1602046FFF7CE
:10ED7000B7FE2068016921F4904101612068416972
:10ED800021F02A0141612068016921F00F01016130
:10ED900020680169314301612068C16821F4006184
:10EDA000C1602068C1683943C1602068C16841F40E
:10EDB0000051C1606564202084F8410084F842005D
:10EDC00065630020BDE8F081704710B50446002C53
:10EDD00015D0242084F841002068C16821F4005136
:10EDE000C1602046E2F71CFB0020606484F841000B
:10EDF00084F842002063606384F8400010BD012065
:10EE000010BD01680C3151E8002F22F4907241E8E6
:10EE10000023002BF5D10168143151E8002F22F0B6
:10EE2000010241E80023002BF5D1016B012909D132
:10EE300001680C3151E8002F22F0100241E8002354
:10EE4000002BF5D1202180F842100021016370478A
:10EE50002DE9F8430446089E0D461746984620685B
:10EE6000006835EA000028D00020B84232D1B6F15F
:10EE7000FF3F27D0F9F7D3FFA0EB0800B0421ED820
:10EE8000EEB12068C16811F0040F1BD0802D19D09D
:10EE9000402D17D0016811F0080F13D0002521680C
:10EEA0000968406800902046FFF7ABFF08206064C7
:10EEB00084F840500120BDE8F8830120D5E7032005
:10EEC000BDE8F8832068006835EA000005D000201E
:10EED000B842CCD00020BDE8F8830120F8E72DE946
:10EEE000F84304460E4615461F4694F84100202874
:10EEF00002D00220BDE8F8837EB175B100206064C5
:10EF0000212084F84100F9F78AFF8146A584E58431
:10EF1000A068B0F5805F05D006E00120BDE8F88369
:10EF20001F85EB51206990B135460026E08C4FF0EB
:10EF30002008C8B14B460022802120460097FFF7E9
:10EF400087FF30B184F841800320BDE8F8830025B5
:10EF5000ECE7B5B12168287848606D1CE08C401E54
:10EF6000E084E08C0028E5D14B4600224021204679
:10EF70000097FFF76DFF58B184F841800320BDE88A
:10EF8000F88330882168C0F308004860B61CE5E7C4
:10EF900084F841800020BDE8F8832DE9F843044659
:10EFA0000E4615461F4694F84200202802D0022043
:10EFB000BDE8F88386B17DB100206064222184F829
:10EFC00042102063F9F72BFF8146A585E585A068EF
:10EFD000B0F5805F03D004E00120BDE8F88320692C
:10EFE00090B135460026E08D4FF0200850B34B46D7
:10EFF0000022202120460097FFF72AFF30B184F835
:10F0000042800320BDE8F8830025ECE72DB1A0681D
:10F01000B0F5805F1BD038B108E020684068C0F3CD
:10F0200008003080B61C07E0206980B12068406885
:10F0300000F07F0028706D1CE08D401EE085E08DA3
:10F040000028D4D184F842800020BDE8F8832068ED
:10F0500040682870EFE790F84130202B01D0022063
:10F06000704779B172B101628284C2840021416427
:10F07000212180F841100068C16841F08001C16021
:10F08000002070470120704781628285C28500217F
:10F090004164222180F842100169002904D00168EE
:10F0A000CA6842F48072CA6001684A6942F001028B
:10F0B0004A610068C16841F02001C16000207047CA
:10F0C00090F84230202B01D00220704719B112B1C4
:10F0D00000230363D8E701207047704701680C31B3
:10F0E00051E8002F22F0C00241E80023002BF5D1A7
:10F0F000202180F84110704770B5846B206840690A
:10F10000C0F3C01094F841100025212904D118B192
:10F11000E5842046FFF7E2FF20684069C0F38010D5
:10F1200094F84210222904D118B1E5852046FFF752
:10F1300068FE606C40F0100060642046E8F7D3FE83
:10F1400070BD704710B5806BFFF7FBFF10BD7047B7
:10F1500010B50146886B0968096811F4807F02D0F8
:10F16000FFF7F5FF10BD0021C1840168143151E89B
:10F17000002F22F0800241E80023002BF5D1016826
:10F180000C3151E8002F42F0400241E80023002BEF
:10F19000F5D110BD37B5044694F84100202802D0BF
:10F1A00003B0022030BD0199002933D0002A31D0AC
:10F1B0002162A284E28400206064212384F841302B
:10F1C000D4F838C0FD4BCCF83C30D4F838C0FC4BF8
:10F1D000CCF84030D4F838C0FA4BCCF84C30A36BA4
:10F1E00018652068134600F1040C6246A06BF9F71D
:10F1F000BFF921686FF0400008602068143050E8C3
:10F20000001F41F0800140E80012002AF5D103B050
:10F21000002030BD03B0012030BD7047704710B5ED
:10F22000806B01214163016B012902D0E8F748FEA0
:10F2300010BD818D4908FFF7F1FF10BD704710B573
:10F240000146886B096809684FF0000311F4807F5C
:10F2500032D1C38501680C3151E8002F22F480724D
:10F2600041E8002CBCF1000FF4D10168143151E8E1
:10F27000002F22F0010241E8002CBCF1000FF4D174
:10F280000168143151E8002F22F0400241E8002CBF
:10F29000BCF1000FF4D1202180F84210016B01294C
:10F2A0000AD101680C3151E8002F22F0100241E828
:10F2B000002CBCF1000FF4D14363016B012902D093
:10F2C000E8F7EBFD10BD818DFFF7A8FF10BD17B566
:10F2D00081B004461346029AA262A38500206064AE
:10F2E000222184F84210D4F83CC0B749CCF83C1035
:10F2F000D4F83CC0B549CCF84010D4F83CC0B14972
:10F30000CCF84C10E16B08652068011DE06BF9F743
:10F310002FF92068016840680090206948B1206892
:10F320000C3050E8001F41F4807140E80012002AC0
:10F33000F5D12068143050E8001F41F0010140E889
:10F340000012002AF5D12068143050E8001F41F067
:10F35000400140E80012002AF5D104B0002010BDA1
:10F3600090F84230202B01D00220704719B112B121
:10F3700000230363ABE70120704701684969C1F3CB
:10F38000C01190F84120212A0AD149B101681431F5
:10F3900051E8002F22F0800241E80023002BF5D134
:10F3A00001684969C1F3801190F84220222A1ED1D8
:10F3B000E9B101680C3151E8002F22F4807241E874
:10F3C0000023002BF5D10168143151E8002F22F001
:10F3D000010241E80023002BF5D10168143151E806
:10F3E000002F22F0400241E80023002BF5D100203D
:10F3F000704781B090F84110212909D1016814317A
:10F4000051E8002F42F0800241E80023002BF5D1A3
:10F4100090F84210222923D101680A6849680091B6
:10F42000016949B101680C3151E8002F42F4807242
:10F4300041E80023002BF5D10168143151E8002F79
:10F4400042F0010241E80023002BF5D1016814319C
:10F4500051E8002F42F0400241E80023002BF5D193
:10F46000002001B0704710B5044620684069C0F321
:10F47000C01094F84110212911D180B120681430B6
:10F4800050E8001F21F0800140E80012002AF5D169
:10F49000A06B08B1F9F7A4F82046FFF71FFE20681B
:10F4A0004069C0F3801094F84210222911D180B134
:10F4B0002068143050E8001F21F0400140E800129D
:10F4C000002AF5D1E06B08B1F9F78AF82046FFF77A
:10F4D00098FC002010BD2DE9F84F0446DDF8288087
:10F4E0000F4615461E4694F84200202802D00220FE
:10F4F000BDE8F88FAFB1A5B14FF0000AC4F844A041
:10F50000222084F8420001202063C4F834A0F9F7D7
:10F5100086FC8146A585E585A068B0F5805F03D0AF
:10F5200004E00120BDE8F88F2069C8B13D460027FE
:10F53000A6F800A0E08D4FF0200A00284AD02068ED
:10F54000016811F0100F0DD00168416800913188F9
:10F5500041B10220606384F842A00020BDE8F88F2A
:10F560000025E5E7016811F0200F19D02DB1A16841
:10F57000B1F5805F37D031B107E04068C0F30800D3
:10F580003880BF1C06E0216969B3406800F07F0045
:10F5900028706D1C3088401C3080E08D401EE08556
:10F5A000B8F1FF3F08D0F9F73AFCA0EB090040455D
:10F5B0001CD8B8F1000F19D0E08D09E051F1020814
:10F5C00045F10208F9F002083FF202081FF20208B2
:10F5D0000028B4D1A08DE18D401A308084F842A07B
:10F5E0000020BDE8F88F40682870D2E784F842A078
:10F5F0000320BDE8F88F08B5034693F842002028A1
:10F6000001D0022008BD61B15AB101201863002069
:10F6100058631846FFF738FD8446BCF1000F02D04E
:10F6200006E0012008BD186B012803D04FF0010C43
:10F63000604608BD186801684068009018680C3082
:10F6400050E8001F41F0100140E80012002AF5D1F7
:10F65000EEE738B5044694F84200202801D0022095
:10F6600038BD51B14AB101202063002060632046BB
:10F67000FFF72DFE034613B105E0012038BD206BD6
:10F68000012802D00123184638BD2068016840686F
:10F69000009020680C3050E8001F41F0100140E855
:10F6A0000012002AF5D1EEE7406B704770B50446B2
:10F6B00020680C3050E8001F21F4F07140E800127F
:10F6C000002AF5D12068143050E8001F21F0010114
:10F6D00040E80012002AF5D1206B012809D12068EA
:10F6E0000C3050E8001F21F0100140E80012002A01
:10F6F000F5D1206840694FF0100610F0800F4FF0F0
:10F70000000515D02068143050E8001F21F080015A
:10F7100040E80012002AF5D1A06B48B10565A06B46
:10F72000F8F75EFF20B1A06BF9F7B1F9202825D0DA
:10F730002068406910F0400F15D02068143050E860
:10F74000001F21F0400140E80012002AF5D1E06BD3
:10F7500048B10565E06BF8F743FF20B1E06BF9F7BE
:10F7600096F920280DD0E584E5856564202084F88D
:10F77000420084F841002563002070BD66640320C8
:10F7800070BD6664032070BD70B5044620680C30FF
:10F7900050E8001F21F0C00140E80012002AF5D116
:10F7A00020684069154610F0800F15D0206814308D
:10F7B00050E8001F21F0800140E80012002AF5D136
:10F7C000A06B48B10565A06BF8F70AFF20B1A06BEC
:10F7D000F9F75DF9202805D0E584202084F8410060
:10F7E000002070BD10206064032070BD70B5044619
:10F7F00020680C3050E8001F21F4907140E800129E
:10F80000002AF5D12068143050E8001F21F00101D2
:10F8100040E80012002AF5D1206B012809D12068A8
:10F820000C3050E8001F21F0100140E80012002ABF
:10F83000F5D1206840694FF0000510F0400F15D059
:10F840002068143050E8001F21F0400140E8001209
:10F85000002AF5D1E06B48B10565E06BF8F7C0FE12
:10F8600020B1E06BF9F713F9202806D0E5852020B8
:10F8700084F842002563002070BD102060640320DE
:10F8800070BD704710B5806B0022C16B0A65816B3B
:10F89000002902D0096D00290AD1C284C2854264C0
:10F8A000202180F8411080F842100263FFF7E9FF41
:10F8B00010BD10B5806B0022816B0A65C16B0029F9
:10F8C00002D0096D00290AD1C284C2854264202178
:10F8D00080F8411080F842100263FFF7D2FF10BD9C
:10F8E00070B50446012520680C3050E8001F21F453
:10F8F000F07140E80012002AF5D12068143050E879
:10F90000001F21F0010140E80012002AF5D1206B10
:10F91000012809D120680C3050E8001F21F01001A7
:10F9200040E80012002AF5D1A06B002640B1216802
:10F93000496911F0800F02D0FE49016500E00665BB
:10F94000E06B40B12168496911F0400F02D0FA49DB
:10F95000016500E006652068406910F0800F12D054
:10F960002068143050E8001F21F0800140E80012A8
:10F97000002AF5D1A06B30B1F8F783FE10B1A06B6F
:10F98000066500E000252068406910F0400F13D0A4
:10F990002068143050E8001F21F0400140E80012B8
:10F9A000002AF5D1E06B38B1F8F76BFE18B1E06BC7
:10F9B0000665012500E00025012D0BD1E684E685D2
:10F9C0006664202084F8410084F8420026632046C3
:10F9D000FFF757FF002070BD704710B5806B002106
:10F9E000C184202180F84110FFF7F6FF10BD10B54B
:10F9F000044620680C3050E8001F21F0C00140E8A8
:10FA00000012002AF5D120684069134610F0800FDB
:10FA10004FF0200C1CD02068143050E8001F21F05B
:10FA2000800140E80012002AF5D1A06B48B1C3491B
:10FA30000165A06BF8F725FE80B1A06B016D8847CA
:10FA40000CE0E38484F841C02046FFF7C5FF05E0E1
:10FA5000E38484F841C02046FFF7BEFF002010BDBC
:10FA6000704710B5806B0021C185202280F84220AC
:10FA70000163FFF7F5FF10BD10B5044620680C3098
:10FA800050E8001F21F4907140E80012002AF5D1DF
:10FA90002068143050E8001F21F0010140E80012F6
:10FAA000002AF5D1206B012809D120680C3050E8DC
:10FAB000001F21F0100140E80012002AF5D1206853
:10FAC00040694FF0000310F0400F4FF0200C1DD0A4
:10FAD0002068143050E8001F21F0400140E8001277
:10FAE000002AF5D1E06B48B195490165E06BF8F764
:10FAF000C8FD90B1E06B016D88470EE0E38584F8A6
:10FB000042C023632046FFF7ABFF06E0E38584F89D
:10FB100042C023632046FFF7A3FF002010BD10B5AD
:10FB20000168CA6822F04002CA60202180F84110B2
:10FB3000FFF70DFB002010BD90F84110212901D0E6
:10FB4000022070478168B1F5805F01D1016961B120
:10FB5000016A4A1C0262026809785160C18C491E20
:10FB60000904090CC1840AD013E0016A02680988FB
:10FB7000C1F308015160016A891C0162EEE7016866
:10FB8000CA6822F08002CA600068C16841F0400182
:10FB9000C1600020704710B5806B0021C185C18411
:10FBA000E8F7A1F910BD08B590F84210222901D05C
:10FBB000022008BD8268B2F5805F01D1016929B1D8
:10FBC000816AB2F5805F1DD052B10BE0816A026894
:10FBD0005268C2F308020A80816A891C816209E0C6
:10FBE00002697AB10268526802F07F020A70816A83
:10FBF000491C8162C18D491E0904090CC18505D0CB
:10FC0000002008BD026852680A70F0E70168CA68FF
:10FC100022F02002CA600168CA6822F48072CA60B9
:10FC200001684A6922F001024A61202180F84210ED
:10FC300000214163026B012A03D0E8F72EF900206E
:10FC400008BD016301680C3151E8002F22F0100259
:10FC500041E80023002BF5D101680A6812F0100F6B
:10FC600002D00A6849680091818DFFF7D7FAE6E76C
:10FC7000F8B5044622681068D168536900F00F0C8B
:10FC8000BCF1000F09D110F0200F06D011F0200FA9
:10FC900003D02046BDE8F84085E70025BCF1000F01
:10FCA0007FD003F0010C01F490765CEA060678D070
:10FCB00010F0010F06D011F4807F03D0626C42F087
:10FCC0000102626410F0040F06D013F0010F03D09C
:10FCD000626C42F00202626410F0020F06D013F070
:10FCE000010F03D0626C42F00402626410F0080F4E
:10FCF00008D001F0200252EA0C0203D0626C42F0FC
:10FD000008026264626C002A41D010F0200F05D016
:10FD100011F0200F02D02046FFF745FF2068406910
:10FD2000C0F38010616C11F0080F00D158B3204669
:10FD300008E00000B3F8020885F80208DBF90208C1
:10FD400063FA0208FFF75DF82068406910F0400F81
:10FD50001ED02068143050E8001F21F0400140E818
:10FD60000012002AF5D1E06B70B1AB490165E06B80
:10FD7000F8F787FC00280AD0E06B016D01B0BDE800
:10FD8000F04008470DE007E02046E8F7ACF8F8BD82
:10FD90002046E8F7A8F8F8BD2046E8F7A4F865641F
:10FDA000F8BD236B012B7CD110F0100F79D011F02E
:10FDB000100F76D010685068009050694FF0200303
:10FDC00010F0400F4FF0020644D0E16B0868406825
:10FDD00080B20028E4D0A28D8242E1D9E085C869D2
:10FDE000B0F5807F2DD020680C3050E8001F21F442
:10FDF000807140E80012002AF5D12068143050E8E4
:10FE0000001F21F0010140E80012002AF5D120680E
:10FE1000143050E8001F21F0400140E80012002A91
:10FE2000F5D184F84230256320680C3050E8001F7B
:10FE300021F0100140E80012002AF5D1E06BF8F73C
:10FE4000CFFB6663A08DE18D401A81B22046FFF79B
:10FE5000E5F9F8BDA08DE18D401A81B2E08D002852
:10FE6000F7D00029F5D020680C3050E8002F22F49C
:10FE7000907240E8002CBCF1000FF4D120681430DF
:10FE800050E8002F22F0010240E8002CBCF1000FE6
:10FE9000F4D184F84230256320680C3050E8002FFC
:10FEA00000E00AE022F0100240E80023002BF3D12A
:10FEB00066632046FFF7B2F9F8BD10F0800F06D058
:10FEC00011F0800F03D02046BDE8F84034E610F072
:10FED000400FF1D011F0400FEED02046BDE8F840C1
:10FEE0001DE690F84010012917D0012180F840103C
:10FEF000242180F8411001680C3151E8002F42F0B4
:10FF0000010241E80023002BF5D1202180F84110A7
:10FF1000002180F84010002070470220704790F8C0
:10FF20004010012918D0012180F84010242180F8C8
:10FF3000411001680C3151E8002F42F0020241E803
:10FF40000023002BF5D1202180F8411000214163CE
:10FF500080F84010002070470220704790F8401051
:10FF6000012918D0012180F84010242180F8411087
:10FF700001680C3151E8002F22F0020241E8002311
:10FF8000002BF5D1202180F841100021416380F839
:10FF90004010002070470220704790F8401001295F
:10FFA00014D0012180F84010242180F8411001680C
:10FFB000CA6822F00C0242F00802CA60202180F8D0
:10FFC0004110002180F84010002070470220704747
:10FFD00090F84010012914D0012180F8401024210C
:10FFE00080F841100168CA6822F00C0242F0040255
:10FFF000CA60202180F84110002180F840100020C4
:020000040803EF
:1000000070470220704790F8411090F84200084372
:100010007047406C7047000097FB020838B5002815
:100020000BD020210091044600202060201D00F00C
:10003000CDF901202077204638BD502080F311886B
:10004000BFF34F8FBFF36F8FFEE770B5202004F032
:100050005AF804462CB100252560201D00F0B6F9A1
:100060002577204670BD2DE9F041884600250446DD
:1000700000280AD018F07F4F0FD0502080F311884D
:10008000BFF34F8FBFF36F8FFEE7502080F31188CF
:10009000BFF34F8FBFF36F8FFEE7261D06F10807F2
:1000A00001F037FBF068216841EA08012160B8429D
:1000B00024D046680268002102F07F4322F07F428C
:1000C00013F0806F05D0D4F800C032EA0C0C07D0D2
:1000D00007E0D4F800C01CEA020F02D0012100E0C2
:1000E000012141B113F0807F00D01543216841F018
:1000F000007101F093FF3046B842DAD12068A8437E
:10010000206001F06AFA2068BDE8F0812DE9F04135
:100110000446884615461E4615F07F4F07D05020EE
:1001200080F31188BFF34F8FBFF36F8FFEE71DB1D0
:1001300002F019F840B110E0502080F31188BFF3AD
:100140004F8FBFF36F8FFEE73EB1502080F31188D1
:10015000BFF34F8FBFF36F8FFEE701F0DAFA276826
:1001600041462046FFF77FFF47EA080735EA0700C8
:1001700008D066B145F0A0613246201D01F0D3FEE3
:10018000002705E02068A8432060002600E02768DB
:1001900001F023FADEB138B98B494FF08050086086
:1001A000BFF34F8FBFF36F8F02F0ABF8064616F028
:1001B000007F0AD104F042F9266835EA060002D130
:1001C00026EA0500206004F054F926F07F473846FF
:1001D000BDE8F08103460020002A03D0994300D1F6
:1001E000012070470B42FCD0012070472DE9F047F9
:1001F0000D46089E90469A460446002700280AD0DD
:1002000015F07F4F0FD0502080F31188BFF34F8F30
:10021000BFF36F8FFEE7502080F31188BFF34F8F3D
:10022000BFF36F8FFEE71DB101F09DFF40B110E0FD
:10023000502080F31188BFF34F8FBFF36F8FFEE71D
:100240003EB1502080F31188BFF34F8FBFF36F8F03
:10025000FEE701F05EFAD4F800905246294648467F
:10026000FFF7B8FF40B14F460026B8F1000F15D098
:100270002068A843206011E0AEB1B8F1000F01D0B2
:100280004FF08077BAF1000F01D047F0806745EA60
:1002900007013246201D01F046FE002701F09DF9BE
:1002A00026B310B109E04F46F8E747494FF08050B8
:1002B0000860BFF34F8FBFF36F8F02F022F806463E
:1002C00016F0007F10D104F0B9F82668524629468E
:1002D0003046FFF77FFF28B1B8F1000F02D0206849
:1002E000A843206004F0C5F826F07F473846BDE8F3
:1002F000F08770B50E46044600280AD016F07F4FEE
:100300000FD0502080F31188BFF34F8FBFF36F8F52
:10031000FEE7502080F31188BFF34F8FBFF36F8F3C
:10032000FEE704F08BF8256825EA0601216004F059
:10033000A0F8284670BDDCE70A4600230146AFF26C
:10034000090002F0FDBC5022EFF3118182F3118805
:10035000BFF34F8FBFF36F8F006881F31188704731
:1003600070B50646341D01F0D4F9206898B104F147
:100370000805E068A84207D1502080F31188BFF338
:100380004F8FBFF36F8FFEE74FF0007101F046FE15
:1003900020680028EDD1307F10B9304603F023FFEC
:1003A000BDE8704001F019B95DE613460A46014602
:1003B000AFF20B0002F0C4BC002801D08069704786
:1003C000002070478161704704ED00E000F10801F2
:1003D00041604FF0FF328260C16001610021016025
:1003E000704700210161704742684A6093688B60E2
:1003F00093685960916008610168491C0160704709
:1004000010B4D1F800C0BCF1FF3F02D000F10802E7
:1004100002E0026904E01A4653681C686445FAD990
:1004200053684B6099608A60516008610168491C9B
:10043000016010BC70470169436882689A608368F4
:1004400042685A604A68824201D182684A6000224A
:1004500002610868401E08600868704770B504466D
:100460000D46002C25D003F0E9FF226CE16B2068DB
:1004700001FB0200A0600020A06320686060E16BC7
:10048000226C2068491E01FB0200E0604FF0FF3043
:1004900084F8440084F845009DB104F11000FFF792
:1004A00095FF04F12400FFF791FF03F0E2FF012024
:1004B00070BD502080F31188BFF34F8FBFF36F8F53
:1004C000FEE720690028F0D004F1100001F071FD72
:1004D0000028EAD0F9494FF080500860BFF34F8FF1
:1004E000BFF36F8FE1E770B51D46049C002909D06A
:1004F0002260E063216401212046FFF7AFFF84F80A
:100500004C5070BD2460F4E738B5049D002804D039
:100510005BB102B189B1C2B120E0502080F31188F3
:10052000BFF34F8FBFF36F8FFEE7502080F311882A
:10053000BFF34F8FBFF36F8FFEE7502080F311881A
:10054000BFF34F8FBFF36F8FFEE739B1502080F3B9
:100550001188BFF34F8FBFF36F8FFEE74FF0500C42
:10056000CDF800C01C46012384F846302B46009489
:10057000FFF7B9FF204638BDF8B505460E461746C9
:10058000002D13D005FB06F0503003F0BCFD0446EF
:1005900054B104F15002002084F846003B46314635
:1005A00028460094FFF79FFF2046F8BD502080F3B7
:1005B0001188BFF34F8FBFF36F8FFEE770B504460E
:1005C00003F03CFF94F94550002D0CDD606A50B1FA
:1005D00004F1240001F0EDFC08B101F0ADFD681E4E
:1005E00045B2002DF2DC4FF0FF3684F8456003F091
:1005F00040FF03F023FF94F94450002D0CDD2069E7
:1006000050B104F1100001F0D4FC08B101F094FDE8
:10061000681E45B2002DF2DC84F84460BDE87040ED
:1006200003F027BF10B5044603F008FFA06BE16B91
:10063000884201D1012400E0002403F01AFF204683
:1006400010BD2DE9F041044616460027A56B226C2B
:10065000002A10D0C6B1E06812F0ADF8E168206C55
:10066000091AE1602268914202D2A168081AE0608A
:10067000022E16D017E02068A8B9A06801F0BAFDD4
:1006800007460020A0600EE0606812F094F8216C2C
:10069000606808446060A168884204D32068606094
:1006A00001E005B16D1E681CA0633846BDE8F0810D
:1006B0002DE9FF4782B004468A461F460025002CDC
:1006C00003D0BAF1000F08D011E0502080F3118858
:1006D000BFF34F8FBFF36F8FFEE7206C38B1502010
:1006E00080F31188BFF34F8FBFF36F8FFEE7022FA8
:1006F0000AD1E06B012807D0502080F31188BFF3A6
:100700004F8FBFF36F8FFEE701F02DFD48B90498BE
:1007100038B1502080F31188BFF34F8FBFF36F8F34
:10072000FEE700264FF08058DFF8909103F086FE38
:10073000A06BE16B884205D3022F03D0049808B365
:1007400035B329E03A4651462046FFF77AFF616A01
:1007500059B104F1240001F02CFC68B1C9F8008003
:10076000BFF34F8FBFF36F8F06E028B1C9F8008049
:10077000BFF34F8FBFF36F8F03F07BFE06B00120F6
:10078000BDE8F08703F075FE06B00020BDE8F087F5
:10079000684601F08EFC012503F06BFE00F0B9FF06
:1007A00003F04CFE94F94400B0F1FF3F01D184F80E
:1007B000446094F94500B0F1FF3F01D184F84560F1
:1007C00003F057FE04A9684601F079FC40B12046C9
:1007D000FFF7F4FE00F001FF06B00020BDE8F0874F
:1007E0002046FFF71FFF90B104F11000049901F0BB
:1007F00082FB2046FFF7E2FE00F0EFFE002895D1D5
:10080000C9F80080BFF34F8FBFF36F8F8EE720468C
:10081000FFF7D4FE00F0E1FE88E7002807D00021B2
:1008200081600160C16000231A46194640E77047A5
:1008300010B5024600210120FFF79EFE0446204627
:10084000FFF7EBFF204610BD38B50B4600220090A5
:1008500011460120FFF758FE04462046FFF7DDFF52
:10086000204638BD10B5044603F0E8FD206820B1ED
:10087000002403F0FEFD204610BDA468F9E700281F
:1008800003D0016849B100207047502080F31188DF
:10089000BFF34F8FBFF36F8FFEE78068704710B5CF
:1008A0000446002C0CD001F05BFCA168884217D1F3
:1008B000E068401EE06058B110E0000004ED00E088
:1008C000502080F31188BFF34F8FBFF36F8FFEE787
:1008D00000231A4619462046FFF7EAFE012010BD04
:1008E000002010BD416A002904D0006B0068C0F1EF
:1008F000380070470020704710B5044603F09EFD95
:10090000A06B20B1002403F0B4FD204610BD0124EB
:10091000F9E72DE9F34383B0044600250026002CB7
:1009200009D0206C78B1502080F31188BFF34F8F2D
:10093000BFF36F8FFEE7502080F31188BFF34F8F16
:10094000BFF36F8FFEE701F00EFC48B9049838B191
:10095000502080F31188BFF34F8FBFF36F8FFEE7F6
:1009600000274FF08058DFF8A49803F067FDA06BD4
:10097000C8B1401EA063206810B901F0CCFCA06093
:10098000206950B104F1100001F013FB28B1C9F83F
:100990000080BFF34F8FBFF36F8F03F06AFD05B088
:1009A0000120BDE8F083049808B17DB112E03EB1AA
:1009B000502080F31188BFF34F8FBFF36F8FFEE796
:1009C00003F057FD05B00020BDE8F083684601F054
:1009D00070FB012503F04DFD00F09BFE03F02EFDA2
:1009E00094F94400B0F1FF3F01D184F8447094F9C8
:1009F0004500B0F1FF3F01D184F8457003F039FDA7
:100A000004A9684601F05BFBD0B12046FFF7D6FD94
:100A100000F0E3FD2046FFF76FFF0028A5D05EB190
:100A200003F00CFD2046FFF75DFFA268014610466B
:100A300001F022FC03F01DFD05B00020BDE8F083AD
:100A40002046FFF759FFE8B1206838B903F0F6FCFB
:100A5000A06801F094FB064603F00BFD04F12400AE
:100A6000049901F048FA2046FFF7A8FD00F0B5FD13
:100A700000287FF47AAFC9F80080BFF34F8FBFF32F
:100A80006F8F72E72046FFF799FD00F0A6FD6CE737
:100A900070B504460D46002C09D001F061FBA26838
:100AA00090420CD1E068401CE060012070BD5020F5
:100AB00080F31188BFF34F8FBFF36F8FFEE7294696
:100AC0002046FFF726FF0028F0D0E168491CE160CE
:100AD00070BD38B50C46002809D084420FD950208B
:100AE00080F31188BFF34F8FBFF36F8FFEE7502065
:100AF00080F31188BFF34F8FBFF36F8FFEE70221A2
:100B00001346002200911146FFF7FEFC002800D09A
:100B1000846338BD10B50C46002809D084420FD933
:100B2000502080F31188BFF34F8FBFF36F8FFEE724
:100B3000502080F31188BFF34F8FBFF36F8FFEE714
:100B400002220021FFF718FD002800D0846310BDA9
:100B50002DE9F0470446894617461E46002C03D06F
:100B6000B9F1000F08D011E0502080F31188BFF3D5
:100B70004F8FBFF36F8FFEE7206C38B1502080F3AA
:100B80001188BFF34F8FBFF36F8FFEE7022E0AD19C
:100B9000E06B012807D0502080F31188BFF34F8FFE
:100BA000BFF36F8FFEE703F08AFC5020EFF311884C
:100BB00080F31188BFF34F8FBFF36F8FA06BE16B92
:100BC000884206D3022E04D0002088F31188BDE8A5
:100BD000F08794F94550A06B324649462046FFF70E
:100BE00030FDB5F1FF3F04D0681C84F845000120BA
:100BF000EBE7606A0028FAD004F1240001F0D9F98B
:100C00000028F4D0002FF2D001203860EFE770B553
:100C100004460D46002C09D0206C78B1502080F39A
:100C20001188BFF34F8FBFF36F8FFEE7502080F323
:100C30001188BFF34F8FBFF36F8FFEE7206848B96D
:100C4000A06838B1502080F31188BFF34F8FBFF3F5
:100C50006F8FFEE703F033FC5020EFF3118680F333
:100C60001188BFF34F8FBFF36F8FA06BE16B814291
:100C700019D994F94520401CA063B2F1FF3F04D07C
:100C8000501C84F8450001200EE0606A0028FAD06C
:100C900004F1240001F08DF90028F4D0002DF2D0E9
:100CA00001202860EFE7002086F3118870BD0B4615
:100CB000026C002A0CD0C1681144C160D0F808C091
:100CC000614501D30168C160C168184611F073BD68
:100CD00070472DE9F74783B004468A460025002C6B
:100CE00003D0BAF1000F08D011E0502080F3118832
:100CF000BFF34F8FBFF36F8FFEE7206C38B15020EA
:100D000080F31188BFF34F8FBFF36F8FFEE701F0C1
:100D10002AFA48B9059838B1502080F31188BFF3FA
:100D20004F8FBFF36F8FFEE700274FF08058DFF83B
:100D3000DC9403F083FBA66BC6B151462046FFF757
:100D4000B6FF701EA063206950B104F1100001F0DD
:100D500030F928B1C9F80080BFF34F8FBFF36F8F10
:100D600003F087FB06B00120BDE8F087059808B1C5
:100D700035B109E003F07DFB06B00020BDE8F08747
:100D8000684601F096F9012503F073FB00F0C1FC01
:100D900003F054FB94F94400B0F1FF3F01D184F813
:100DA000447094F94500B0F1FF3F01D184F84570DB
:100DB00003F05FFB05A9684601F081F968B12046A0
:100DC000FFF7FCFB00F009FC2046FFF795FD00282B
:100DD000AFD006B00020BDE8F0872046FFF78CFDBD
:100DE00090B104F12400059901F085F82046FFF741
:100DF000E5FB00F0F2FB00289BD1C9F80080BFF3AF
:100E00004F8FBFF36F8F94E72046FFF7D7FB00F0BB
:100E1000E4FB8EE72DE9F74382B0044689460025BE
:100E2000002C03D0B9F1000F08D011E0502080F35E
:100E30001188BFF34F8FBFF36F8FFEE7206C38B17F
:100E4000502080F31188BFF34F8FBFF36F8FFEE701
:100E500001F089F948B9049838B1502080F311881D
:100E6000BFF34F8FBFF36F8FFEE700264FF0805721
:100E7000DFF8988303F0E2FAA06BC0B1E568494659
:100E80002046FFF714FFE560606A50B104F12400CA
:100E900001F08FF828B1C8F80070BFF34F8FBFF38F
:100EA0006F8F03F0E6FA05B00120BDE8F0830498E7
:100EB00008B135B109E003F0DCFA05B00020BDE867
:100EC000F083684601F0F5F8012503F0D2FA00F04E
:100ED00020FC03F0B3FA94F94400B0F1FF3F01D1D4
:100EE00084F8446094F94500B0F1FF3F01D184F8E3
:100EF000456003F0BEFA04A9684601F0E0F868B165
:100F00002046FFF75BFB00F068FB2046FFF7F4FC90
:100F10000028AFD005B00020BDE8F0832046FFF7E1
:100F2000EBFC90B104F12400049900F0E4FF2046AA
:100F3000FFF744FB00F051FB00289BD1C8F800707C
:100F4000BFF34F8FBFF36F8F94E72046FFF736FB59
:100F500000F043FB8EE72DE9F0470446894617462B
:100F6000002C03D0B9F1000F08D011E0502080F31D
:100F70001188BFF34F8FBFF36F8FFEE7206C38B13E
:100F8000502080F31188BFF34F8FBFF36F8FFEE7C0
:100F900003F095FA5020EFF3118880F31188BFF326
:100FA0004F8FBFF36F8FA56BEDB194F94460494645
:100FB0002046FFF77CFE681EA063B6F1FF3F04D019
:100FC000701C84F8440001200EE020690028FAD04B
:100FD00004F1100000F0EDFF0028F4D0002FF2D053
:100FE00001203860EFE7002088F31188BDE8F08722
:100FF0002DE9F04104460F46002C01D047B111E025
:10100000502080F31188BFF34F8FBFF36F8FFEE73F
:10101000206C38B1502080F31188BFF34F8FBFF39D
:101020006F8FFEE7206CA0B103F049FA5020EFF378
:10103000118580F31188BFF34F8FBFF36F8FA06BC3
:1010400078B1E66839462046FFF731FEE6600120B8
:1010500008E0502080F31188BFF34F8FBFF36F8FEC
:10106000FEE7002085F31188BDE8F08110B5044645
:10107000002C06D003F0E2F9A46B03F0FAF9204645
:1010800010BD502080F31188BFF34F8FBFF36F8FD7
:10109000FEE710B50446002C08D003F0CFF9A16B91
:1010A000E06B441A03F0E5F9204610BD502080F3B0
:1010B0001188BFF34F8FBFF36F8FFEE7002801D079
:1010C000806B7047502080F31188BFF34F8FBFF3C0
:1010D0006F8FFEE700214E4A02EBC1035B6883423B
:1010E00006D1002042F8310002EBC1014860704790
:1010F000491C0829F0D3704710B50446002C0BD0CA
:101100002046FFF7E7FF94F8460000280CD1204660
:10111000BDE8104003F067B8502080F31188BFF39A
:101120004F8FBFF36F8FFEE710BD806C70478164F7
:10113000704790F84C007047002803D0806B48B18E
:1011400000207047502080F31188BFF34F8FBFF30A
:101150006F8FFEE701207047002805D0816BC06BC0
:10116000814209D101207047502080F31188BFF3DC
:101170004F8FBFF36F8FFEE7002070470022244B94
:1011800053F832C0BCF1000F03D0521C082AF7D329
:10119000704743F8321003EBC201486070474FF0CC
:1011A000000C00211A4A02EBC1035B68834202D1A2
:1011B00052F831C002E0491C0829F4D36046704758
:1011C00070B504460D46164603F038F994F944000C
:1011D000B0F1FF3F4FF0000001D184F8440094F9D2
:1011E0004510B1F1FF3F01D184F8450003F041F90A
:1011F000A06B28B93246294604F1240000F0BEFE57
:101200002046BDE87040FFF7D9B9000004ED00E0CA
:10121000D051002070B50024F84D04EB840005EB9C
:101220008000FFF7D3F8641C382CF6D3F448FFF79E
:10123000CDF8F448FFF7CAF8F348FFF7C7F8F348CA
:10124000FFF7C4F8F248FFF7C1F8F248EC494163F0
:101250001431816370BD70B5044603F0EFF8ED4DB5
:10126000A868401CA860286810B1686938B10CE013
:101270002C60A868012808D1FFF7CCFF05E028689A
:10128000E16AC06A884200D82C60686A401C6862C3
:101290006064E06A2969884200D92861D74900EB77
:1012A000800001EB8000211DFFF79EF803F0E1F8BC
:1012B000686900280CD02868E16AC06A884207D2B1
:1012C000D5494FF080500860BFF34F8FBFF36F8F49
:1012D00070BD2DE9F05F82460B9F0A9D0C9C0E4667
:1012E00090469B464FEA8801A522206B11F0DAFA5E
:1012F000206BA8F1010100EB810020F007094FF0FD
:10130000000866B100202218315C82F83410315C8C
:1013100011B1401C1028F6D384F8438001E084F812
:101320003480382D00D33725E562E564C4F8508059
:10133000201DFFF756F804F11800FFF752F824615A
:10134000C5F13800A0616462C4F85480C4F85880C4
:1013500084F85C805A465146484602F0CAFF206035
:10136000002F00D03C60BDE8F09F70B586B0064607
:10137000DDF828C00C9C0B98002816D0ECB1602535
:1013800004952063022084F85D00002005AD0390E1
:10139000CDF800C0019502943046FFF79AFF204631
:1013A000FFF759FF059806B070BD502080F31188F3
:1013B000BFF34F8FBFF36F8FFEE7502080F311888C
:1013C000BFF34F8FBFF36F8FFEE72DE9F04F85B06E
:1013D00081460F9F0E9E8A4690469B464FEA8800A4
:1013E00002F091FE054628000AD0602002F08BFE34
:1013F00004460CB1256304E0284602F0F4FE00E048
:1014000000249CB1002084F85D0003905B464246B6
:1014100051460197009602944846FFF75AFF20462E
:10142000FFF719FF05B00120BDE8F08F05B04FF0C0
:10143000FF30BDE8F08F7749486B0068002805D081
:10144000486BC068C0684068886270474FF0FF30E2
:101450008862704710B5044694F85D1000290BD0DF
:10146000012911D0022914D0502080F31188BFF334
:101470004F8FBFF36F8FFEE7206B02F0B4FE204664
:10148000BDE8104002F0AFBE2046BDE8104002F0BB
:10149000AABE10BD70B5044602F0D0FF5D4D04B980
:1014A0002C68201DFEF7C7FFA06A18B104F11800D0
:1014B000FEF7C1FF686A401C68622868844207D151
:1014C000211D5248FEF790FF6868401C686007E0E5
:1014D000A868401EA8602046FFF7BCFFFFF7ABFFDF
:1014E00002F0C7FF6869002814D02868844211D12F
:1014F000286B38B1502080F31188BFF34F8FBFF3B2
:101500006F8FFEE744494FF080500860BFF34F8F64
:10151000BFF36F8F70BD2DE9F04100263D4F386B52
:10152000002805D0B869401CB8613046BDE8F0819C
:10153000F868451CFD609DB9786B006838B1502093
:1015400080F31188BFF34F8FBFF36F8FFEE7786B87
:10155000B96B7963B863386A401C3862FFF76BFF78
:10156000B86ADFF8988085420DD3786B006838B18F
:10157000786BC068C4686068854212D2B86202E0C5
:101580004FF0FF30B8623868C06A00EB800058F84E
:101590002000012800D90126F8690028C5D00126BD
:1015A000C3E7201DFEF747FFA06A18B104F1180039
:1015B000FEF741FFE16A3869814200D9396101EBE8
:1015C000810008EB8000211DFEF70EFFE06A3968FC
:1015D000C96A8842C9D30126C7E72DE9F04700242C
:1015E00000270C4D286B002818D002F027FF286B2D
:1015F000401E2863286BC8B15AE00000105200203A
:10160000705600208456002098560020AC560020CA
:10161000C05600203CC0012004ED00E0502080F3C3
:101620001188BFF34F8FBFF36F8FFEE7A8680028C4
:101630003ED0FD4E30684FF0010800B3A6F5916929
:10164000F068C46804F11800FEF7F5FE201DFEF7EF
:10165000F2FEE06A2969884200D9286100EB800027
:1016600009EB8000211DFEF7BFFEE06A2968C96A08
:10167000884201D3C5F81C8030680028E0D10CB145
:10168000FFF7D9FEAC694CB1FFF745FF08B1C5F8CB
:101690001C80641E002CF7D10020A861E86938B1D5
:1016A0000127E24938070860BFF34F8FBFF36F8F00
:1016B00002F0DFFE3846BDE8F0872DE9F041044630
:1016C0000F46DB4EF5683068001DFEF7B4FEB4F13E
:1016D000FF3F07D137B13068BDE8F041011DD54863
:1016E000FEF782BE2C4430684460AC4206D23068BB
:1016F000011DB06BBDE8F041FEF782BE3068011DF0
:10170000706BFEF77DFEB06A844200D2B462BDE821
:10171000F081C748016B491C0163704770B50446EE
:101720000D460023002C0BD095B1C14A106BB8B107
:10173000502080F31188BFF34F8FBFF36F8FFEE708
:10174000502080F31188BFF34F8FBFF36F8FFEE7F8
:10175000502080F31188BFF34F8FBFF36F8FFEE7E8
:10176000FFF7D7FFD268D4F800C00CEB0501944511
:1017700005D98C4508D9914206D9012304E08C454E
:1017800001D8914200D9012321601BB1881A0021A0
:10179000FFF793FFFFF721FF002807D1A3494FF080
:1017A00080500860BFF34F8FBFF36F8F70BD10B5CF
:1017B00002460020002A12D09D48006B38B150200C
:1017C00080F31188BFF34F8FBFF36F8FFEE7FFF7F2
:1017D000A0FF00211046FFF770FFFFF7FEFE002874
:1017E00007D192494FF080500860BFF34F8FBFF38D
:1017F0006F8F10BD2DE9F0410446002C06D08C4FB0
:10180000386884420AD10020BDE8F081502080F37E
:101810001188BFF34F8FBFF36F8FFEE702F00EFE0C
:1018200065697E6BBF6B02F024FEB54201D0BD42FC
:1018300002D10220BDE8F0817E4885420ED1A06A27
:1018400010B10220BDE8F08194F85C00012802D0BC
:101850000320BDE8F0810220BDE8F0817648854292
:1018600003D015B10120BDE8F0810420BDE8F0816E
:1018700010B5044602F0E2FD0CB96D480468E46A54
:1018800002F0F7FD204610BD10B5044602F017FE29
:101890005020EFF3118180F31188BFF34F8FBFF316
:1018A0006F8F0CB962480468E06A81F3118810BD3B
:1018B0002DE9F04104460D460026382D07D350206F
:1018C00080F31188BFF34F8FBFF36F8FFEE702F0F5
:1018D000B5FD574F04B93C68E06CA8423AD0854248
:1018E00008D939688C4209D03968C96AA94205D833
:1018F000012603E039688C4200D10126E16A884262
:1019000000D1E562E564A06910F0004F02D1C5F195
:101910003800A061494D01EB8101606905EB81014F
:1019200088420ED1201DFEF786FDE06A39698842A3
:1019300000D9386100EB800005EB8000211DFEF727
:1019400053FD3EB139494FF080500860BFF34F8FCF
:10195000BFF36F8FBDE8F04102F08BBD344B186BC5
:10196000002802D00120D86170470020D861186992
:10197000324900EB800251F822203AB9C0B1401E32
:1019800000EB800251F82220002AF7D000EB800201
:1019900001EB82014A6852684A6001F1080C624515
:1019A00001D152684A604968C96819601861704776
:1019B000502080F31188BFF34F8FBFF36F8FFEE786
:1019C00070B5044602F03AFD194D04B92C68201D8B
:1019D000FEF731FDA06A18B104F11800FEF72BFDE7
:1019E000211D1448FEF700FD94F85C000026012834
:1019F00001D184F85C6002F03CFD686928B102F016
:101A00001DFDFFF718FD02F034FD286884421FD148
:101A10006869F0B1286B98B1502080F31188BFF34A
:101A20004F8FBFF36F8FFEE79856002004ED00E064
:101A30003CC00120C0560020AC56002010520020AF
:101A4000FC494FF080500860BFF34F8FBFF36F8F9A
:101A500070BDF9480068A968884201D12E6070BD48
:101A6000BDE870407AE7002100280AD0F24B4269B5
:101A70009A420FD1806AA3F1280290420AD040B165
:101A800008E0502080F31188BFF34F8FBFF36F8FB2
:101A9000FEE701210846704770B5044600282AD0A9
:101AA000E64D286884422ED002F0C8FC2046FFF79D
:101AB000DAFFE0B1201DFEF7BEFCE06A296988422A
:101AC00000D92861DE4900EB800001EB8000211D78
:101AD000FEF78AFCE06A2968C96A884207D3D549BB
:101AE0004FF080500860BFF34F8FBFF36F8FBDE89A
:101AF000704002F0BEBC502080F31188BFF34F8FBE
:101B0000BFF36F8FFEE770BD2DE9F041002604465C
:101B100000281BD002F0D3FC5020EFF3118580F396
:101B20001188BFF34F8FBFF36F8F2046FFF79BFFE6
:101B300038B1C24F386B88B104F11801C148FEF7C3
:101B400053FC85F311883046BDE8F081502080F3C6
:101B50001188BFF34F8FBFF36F8FFEE7E06A3968DC
:101B6000C96A884200D30126201DFEF764FCE06AA2
:101B70003969884200D93861B14900EB800001EB36
:101B80008000211DFEF730FCDBE770B5AB4C6068D0
:101B9000002815D0AC4E02F051FCF068C568281D35
:101BA000FEF749FCA068401EA0606068401E6060AF
:101BB00002F05FFC2846FFF74DFC60680028EAD180
:101BC00070BD9F4E4FF080549A4DFFF7DEFF306896
:101BD0000128FAD92C60BFF34F8FBFF36F8FF4E762
:101BE00030B587B000250695059504AA05A906A875
:101BF00002F022FA069805990191029000230095BF
:101C000092A19448049AFFF7B0FB8C4CE06208B1B3
:101C1000012000E00020012801D100F040FF012850
:101C20000AD0B0F1FF3F19D1502080F31188BFF3E3
:101C30004F8FBFF36F8FFEE7502080F31188BFF303
:101C40004F8FBFF36F8F4FF0FF30A06201206061B4
:101C5000E56007B0BDE8304002F06EBB07B030BDB4
:101C6000502080F31188BFF34F8FBFF36F8F7349FC
:101C70000020486102F0D4BB7048C068704710B5BE
:101C800002F01DFC6D48C06810BD6C48806870474C
:101C9000002801D16948006808B1343070475020ED
:101CA00080F31188BFF34F8FBFF36F8FFEE70021E2
:101CB0000278A52A04D1401C491C0278A52AFAD032
:101CC000880880B270472DE9F0410C4617465B4901
:101CD000002815D00546256005F134006060E86AEB
:101CE0002061286BE061686CA060E86C6061002690
:101CF000A661052B12D00868854203D1267311E036
:101D00000D68E8E72373032B0CD1FFF702FDA86AE7
:101D100008B102202073FFF760FC03E02846FFF7BC
:101D200069FD20732FB1286BFFF7C1FF2084BDE848
:101D3000F0812684BDE8F0812DE9F04780460C460D
:101D4000914600252068002823D0606840686060C4
:101D500004F10806B04201D1416861606068C7685B
:101D60006068D0F804C0C4F804C0B44502D1DCF8FF
:101D7000041061606068D0F80CA005EBC50008EBAA
:101D800080014B4601225046FFF79DFF6D1CBA456E
:101D9000E6D12846BDE8F0872DE9F04706460B4618
:101DA000174600243825FFF7B4FCDFF89080D8F8F8
:101DB0000800834239D3DFF888906D1E05EB85005B
:101DC00009EB800104EBC40006EB80000122FFF761
:101DD000B3FF0444002DF0D104EBC40006EB8000F7
:101DE0000222D8F83410FFF7A7FF044404EBC40024
:101DF00006EB80000222D8F83810FFF79DFF04445C
:101E000004EBC40006EB800004220F49FFF794FFA7
:101E1000044404EBC40006EB800003220649FFF7EC
:101E20008BFF04440FB100203860FFF7D6FB20463B
:101E3000BDE8F08704ED00E0C05600203CC0012062
:101E40001052002098560020AC56002049444C45C2
:101E500000000000C31B030810B50346F74A116BCE
:101E6000002907D0502080F31188BFF34F8FBFF3B4
:101E70006F8FFEE7FFF74DFC9169C8189061BDE8D0
:101E80001040FFF7AABB70B50D46002807D00446E6
:101E900002F0D4FA6565BDE8704002F0EABAE7489E
:101EA0000468F5E710B5002807D0044602F0C6FA2A
:101EB000646D02F0DEFA204610BDE0480468F5E7E4
:101EC000002801D1DD4800685022EFF3118182F330
:101ED0001188BFF34F8FBFF36F8F406D81F311886F
:101EE0007047002801D1D5480068426D0AB1084604
:101EF00010470020704710B50C4600280BD0CF4A81
:101F0000126802F11801FEF77BFA2046BDE8104086
:101F10000121FFF7D2BB502080F31188BFF34F8F10
:101F2000BFF36F8FFEE710B503461446002B15D0A4
:101F3000C248D0F830C0BCF1000F17D0026841F0A1
:101F400000419161006800F118011846FEF74CFA53
:101F50002046BDE810400121FFF7AFBB502080F3C1
:101F60001188BFF34F8FBFF36F8FFEE7502080F3D0
:101F70001188BFF34F8FBFF36F8FFEE770B50D462B
:101F8000144600280DD0AD4909681831FEF72CFA27
:101F90000CB14FF0FF3521462846BDE87040FFF7F1
:101FA0008CBB502080F31188BFF34F8FBFF36F8F2E
:101FB000FEE770B5C068C468002C14D004F11800A6
:101FC000FEF739FA9D4D286BA8B104F118019C4821
:101FD000FEF70AFAE06A2968C96A88421CD901201A
:101FE0000121E96170BD502080F31188BFF34F8F4C
:101FF000BFF36F8FFEE7201DFEF71DFAE06A296927
:10200000884200D928618F4900EB800001EB8000F5
:10201000211DFEF7E9F9DDE7002070BD70B5874DA1
:102020002A6B002A1ED041F000410160C4680CB345
:10203000FEF701FA201DFEF7FEF9E06A29698842E1
:1020400000D928617F4900EB800001EB8000211D51
:10205000FEF7CAF9E06A2968C96A884201D90120F5
:10206000E86170BD502080F31188BFF34F8FBFF33C
:102070006F8FFEE7502080F31188BFF34F8FBFF3BF
:102080006F8FFEE710B50446002C0AD002F0D6F997
:102090006A48016A2160C0686060BDE8104002F0D3
:1020A000E8B9502080F31188BFF34F8FBFF36F8FD3
:1020B000FEE762490A6A0260C9684160704770B50C
:1020C00005460C46002D15D0E4B102F0B7F9DFF853
:1020D0006CC1DCF80C006B68C11A2268B2F1FF3FDA
:1020E00018D02E68DCF820C0664515D0834213D87E
:1020F00001241DE0502080F31188BFF34F8FBFF300
:102100006F8FFEE7502080F31188BFF34F8FBFF32E
:102110006F8FFEE700240BE08A4206D9501A206038
:102120002846FFF7C6FF002402E0002020600124BB
:1021300002F09FF9204670BD40490120C8617047F8
:10214000002801D0806C704700207047002800D024
:1021500081647047002801D138480068006BA6E50B
:1021600036480068704735484169002903D0006B44
:1021700018B100207047012070470220704770B5E9
:1021800004460020002C2DD02C4DE16A2A68D26A2A
:10219000914228D2A06910F0004F04D12868C06A8B
:1021A000C0F13800A061E06A264E00EB8000616952
:1021B00006EB8000814211D1201DFEF73CF9286812
:1021C000C06AE0622969884200D9286100EB80007A
:1021D00006EB8000211DFEF707F902E02868C06ABF
:1021E000E062012070BDE16C2A68D26A9142F9D2A6
:1021F000012070BD70B50446002100283AD00F4D73
:102200002868844207D0502080F31188BFF34F8F95
:10221000BFF36F8FFEE7206D38B1401E2065E36C81
:10222000E26A9A4226D078B124E0502080F31188E7
:10223000BFF34F8FBFF36F8FFEE700003CC001205C
:102240009856002010520020201DFEF7F4F8E06C94
:10225000E062C0F13800A061E06A2969884200D9D3
:102260002861FA4900EB800001EB8000211DFEF798
:10227000BBF80121084670BD70B5044600283FD068
:10228000226DA2B1E06C884200D30146E06A884228
:1022900036D0012A34D1EE4D2A6894420FD1502015
:1022A00080F31188BFF34F8FBFF36F8FFEE750208D
:1022B00080F31188BFF34F8FBFF36F8FFEE7E162AA
:1022C000A26912F0004F02D1C1F13801A161DF4EC5
:1022D00000EB8000616906EB8000814210D1201D77
:1022E000FEF7A9F8E06A2969884200D9286100EB65
:1022F000800006EB8000211DBDE87040FEF774B839
:1023000070BDD349086880690A680968D26AC2F159
:1023100038028A617047CE490868002803D00868EF
:10232000026D521C02650868704770B506460C467F
:1023300002F084F8C64D2868806D80B92A680120B3
:1023400082F85C005CB101212046FFF7B6F9C14973
:102350004FF080500860BFF34F8FBFF36F8F02F0D4
:1023600088F802F06BF82868846D002034B116B14B
:102370002968886502E02A68611E9165296881F8EC
:102380005C0002F076F8204670BD2DE9F0418046F1
:102390000E4614461F4602F051F8AD4D286890F8DD
:1023A0005C00022818D0286800F1580C806D20EAE3
:1023B0000800CCF800002968012081F85C005FB1BA
:1023C00001213846FFF779F9A2494FF080500860A3
:1023D000BFF34F8FBFF36F8F02F04BF802F02EF870
:1023E00014B12868806D2060286890F85C0002288D
:1023F00001D0002404E02868816DB1438165012487
:102400002968002081F85C0002F033F82046BDE81E
:10241000F0812DE9F0410D4690461F460126002827
:1024200012D0044602F00AF80FB1A06D386094F89B
:102430005C00022184F85C10B8F1050F1CD2DFE8C3
:1024400008F0270B0F131500502080F31188BFF3FD
:102450004F8FBFF36F8FFEE7A16D2943A16517E092
:10246000A16D491CA16513E0A56511E0022801D00A
:10247000A5650DE000260BE0A16DB1F1FF3F07D08F
:10248000502080F31188BFF34F8FBFF36F8FFEE7AB
:10249000012827D1201DFDF7CEFF6D4DE06A296987
:1024A000884200D92861694900EB800001EB800077
:1024B000211DFDF799FFA06A38B1502080F31188E3
:1024C000BFF34F8FBFF36F8FFEE7E06A2968C96AD9
:1024D000884207D95F494FF080500860BFF34F8FA3
:1024E000BFF36F8F01F0C5FF3046BDE8F0812DE9E5
:1024F000F0470446089E0D4691469A464FF0010863
:10250000002C1DD001F0DBFF5020EFF3118780F38A
:102510001188BFF34F8FBFF36F8FBAF1000F02D056
:10252000A06DCAF8000094F85C00022184F85C10E9
:10253000B9F1050F1DD2DFE809F0280B0F131500C4
:10254000502080F31188BFF34F8FBFF36F8FFEE7EA
:10255000A16D2943A16518E0A16D491CA16514E096
:10256000A56512E0022801D0A5650EE04FF0000835
:102570000BE0A16DB1F1FF3F07D0502080F311882F
:10258000BFF34F8FBFF36F8FFEE701281AD1A06A08
:1025900038B1502080F31188BFF34F8FBFF36F8F96
:1025A000FEE72B4D286B90B104F118012A48FDF786
:1025B0001BFFE06A2968C96A884203D9012006B175
:1025C0003060E86187F311884046BDE8F087201D40
:1025D000FDF731FFE06A2969884200D9286100EBE4
:1025E00080011A4800EB8100211DFDF7FDFEE0E7A8
:1025F0002DE9F04104460D46002C15D001F05FFF97
:102600005020EFF3118680F31188BFF34F8FBFF393
:102610006F8F94F85C00022184F85C10A16D491C56
:10262000A165012808D02AE0502080F31188BFF36B
:102630004F8FBFF36F8FFEE7A06A78B1502080F311
:102640001188BFF34F8FBFF36F8FFEE7105200204A
:102650003CC0012004ED00E098560020274F386B65
:1026600088B104F118012648FDF7BEFEE06A39681A
:10267000C96A884203D9012005B12860F86186F350
:102680001188BDE8F081201DFDF7D5FEE06A3969AB
:10269000884200D938611B4900EB800001EB8000C3
:1026A000211DFDF7A1FEE1E710B500280BD004467F
:1026B00001F0C4FE94F85C00022807D0002401F069
:1026C000D8FE204610BD0D480468F1E7002084F8CC
:1026D0005C000124F3E770B50E46084D00280BD0CE
:1026E000044601F0ABFE2868856DA16DB143A1657C
:1026F00001F0BFFE284670BD2C68F2E73CC0012007
:10270000985600201052002010B50024416000614E
:10271000DFF834C491420BD8D11A8269914201D3B7
:10272000012410E0011DDCF81000FDF769FE0AE04D
:102730009A4203D2994201D3012404E0011DDCF83E
:102740000C00FDF75DFE204610BDF0B585B0844657
:102750000A9D16461F460022BCF1000F14D0FA4C09
:10276000206800B300910196CDF808C006291BDA55
:10277000FFF7F9FC02280FD000231A4669462068AB
:10278000FDF796FF024615E0502080F31188BFF355
:102790004F8FBFF36F8FFEE700232A4669462068FC
:1027A000FDF786FF024605E000233A466946FEF73C
:1027B000CFF9024605B01046F0BDF8B5E24EF0681C
:1027C0000068002826D00027F068C0680568C46843
:1027D000201DFDF730FE216A2046884794F8280026
:1027E00010F0040F12D0A0692844A84206D96060F6
:1027F0002461211DF068FDF703FE07E000232A464F
:10280000194620460097FFF7A0FF40B1F068006826
:102810000028D9D1F0683169F1603061F8BD5020ED
:1028200080F31188BFF34F8FBFF36F8FFEE770B552
:102830000446FFF721FA0546C34EB068854204D22C
:10284000FFF7BBFF0120206001E000202060B560A1
:10285000284670BD30B587B0BB4D002202A928685C
:10286000FEF737FA002875D00298002803DA039A99
:102870000599049890470298002864DB049C6069DD
:1028800010B1201DFDF7D7FD01A8FFF7D0FF0246CC
:1028900002980A2857D2DFE800F00505052F364DCB
:1028A00005052F3694F8280040F0010084F8280030
:1028B0000398A169034601442046FFF725FF00283D
:1028C00041D0216A2046884794F8280010F0040F70
:1028D00039D0002000900398A169002342181946BE
:1028E0002046FFF732FF70BB502080F31188BFF302
:1028F0004F8FBFF36F8FFEE794F8280020F00100A0
:1029000084F828001FE094F8280040F0010084F8C3
:1029100028000398A06128B1811813462046FFF7CC
:10292000F3FE10E0502080F31188BFF34F8FBFF308
:102930006F8FFEE794F8280010F0020F0CD020F003
:10294000010084F82800002202A92868FEF7C1F9D6
:10295000002889D107B030BD204601F044FCF2E7E1
:10296000F8B505460E467848C068C068C468201DA2
:10297000FDF761FD94F8280010F0040F18D0A0694D
:102980002B46411932462046FFF7BEFEA0B100207B
:102990000346014600902A462046FFF7D6FE58B966
:1029A000502080F31188BFF34F8FBFF36F8FFEE786
:1029B00020F0010084F82800216A01B02046BDE81B
:1029C000F0400847F8B505460C46FEF7A2FE6846FB
:1029D000FFF72DFF0646009810B1FEF7FEFDF8BD8B
:1029E00044B9B54206D8FEF7F8FD31462846FFF750
:1029F000B7FFF8BD54481CB10169096891B10024C2
:102A0000A91B22460068FEF7DBFBFEF7E6FD002867
:102A1000EFD14E494FF080500860BFF34F8FBFF3A6
:102A20006F8FF8BD0124EBE74749CA681168002998
:102A300004D00021016019B1002070470121F9E79D
:102A4000D0680068704782B001A8FFF7EDFF0199D8
:102A5000FFF7B8FFFFF7FEFEF6E738B501F0EEFC32
:102A6000394C2068B8B93A48FDF7B0FC3948FDF751
:102A7000ADFC3748E060143020610020364B0090F8
:102A800003F1500210210A20FDF73EFD206010B135
:102A900032A1FEF773FBBDE8384001F0EABC30B567
:102AA00087B00024FFF7D9FF274D2868B0B1002078
:102AB0000690059004AA05A906A801F0C6FA059992
:102AC00006980222009201910290002325A1274836
:102AD000049AFEF74AFC686000B1012414B107B003
:102AE000204630BD502080F31188BFF34F8FBFF3D5
:102AF0006F8FFEE72DE9F0470746089E099C0D46BB
:102B000090469946002D16D0002C12D0FFF7A5FF55
:102B10002760A561C4F81C902662201DFDF761FCAA
:102B2000B8F1000F05D094F8280040F0040084F8B4
:102B30002800BDE8F087502080F31188BFF34F8F45
:102B4000BFF36F8FFEE7000078C0012004ED00E0C6
:102B500050C4012064C4012060C30120546D72512F
:102B600000000000546D722053766300472A03086A
:102B70002DE9F04383B006460A9D0F4690469946DC
:102B80002C2001F0C0FA044654B1002084F828003B
:102B90004B4642463946304600950194FFF7AAFF5E
:102BA00003B02046BDE8F08330B583B00546079CEE
:102BB00006984FF02C0CCDF808C0002C0BD04FF02D
:102BC000020C84F828C0009001942846FFF792FF79
:102BD00003B0204630BD502080F31188BFF34F8FE3
:102BE000BFF36F8FFEE771484068002807D150207F
:102BF00080F31188BFF34F8FBFF36F8FFEE77047ED
:102C0000002801D080697047502080F31188BFF3FD
:102C10004F8FBFF36F8FFEE770B50D460446002857
:102C200009D001F00BFC75B194F8280040F00400C5
:102C300084F828000DE0502080F31188BFF34F8FF7
:102C4000BFF36F8FFEE794F8280020F0040084F8AB
:102C50002800BDE8704001F00CBC10B50446002807
:102C60000BD001F0EBFB94F8280010F0040F0CD00F
:102C7000012401F0FEFB204610BD502080F3118896
:102C8000BFF34F8FBFF36F8FFEE70024F1E70028FB
:102C900001D040687047502080F31188BFF34F8FF8
:102CA000BFF36F8FFEE7002801D000687047502007
:102CB00080F31188BFF34F8FBFF36F8FFEE710B51E
:102CC000044600280BD001F0B9FB94F8280010F05E
:102CD000010F0CD0012401F0CCFB204610BD502088
:102CE00080F31188BFF34F8FBFF36F8FFEE700248F
:102CF000F1E710B50446002806D001F09FFBE46917
:102D000001F0B7FB204610BD502080F31188BFF3BF
:102D10004F8FBFF36F8FFEE770B50D460446002856
:102D200006D001F08BFBE561BDE8704001F0A1BB6E
:102D3000502080F31188BFF34F8FBFF36F8FFEE7F2
:102D400010B584B01C466FF0010CCDF800C00190A6
:102D50000291039215480023224669460068FDF758
:102D6000F7FE04B010BD30B585B084461D460F484F
:102D7000006800280DD04FF0FF340094CDF804C057
:102D80000291039200232A466946FDF791FC05B0A3
:102D900030BD502080F31188BFF34F8FBFF36F8F8A
:102DA000FEE7406A704741627047000078C001202A
:102DB00010B54FF0E0200069FFF7D5F9012803D0E6
:102DC000BDE8104001F068BB10BDEFF3058000289E
:102DD00002D06FF005007047FE48016811B14FF056
:102DE000FF307047012101600020704710B50B468D
:102DF000002805D0DFF8E0C3C0F800C0C0F804C068
:102E00003BB132B1112A00D91122F4A118460FF0BA
:102E1000D2FC002010BD10B5FFF7A5F948B102287B
:102E200005D0EC480068012805D0002010BD022024
:102E300010BD032010BD012010BD10B5EFF30580BB
:102E4000002802D06FF0050010BDE248016801299A
:102E500002D04FF0FF3010BDE54A00211170022171
:102E60000160FEF7BDFE002010BD10B5EFF3058038
:102E7000002802D06FF0050010BDFFF774F920B1F3
:102E8000022804D04FF0FF3010BD012010BDFEF726
:102E900040FC002010BD10B5EFF30580002802D0E3
:102EA0006FF0050406E0FFF75EF928B102280ED0A6
:102EB0004FF0FF34204610BD0124FEF78EFB0128A1
:102EC000F8D0FFF750F90028F4D1441EF2E70024AF
:102ED000F0E710B50446EFF3058010B16FF005047C
:102EE00006E0FFF740F928B1022803D04FF0FF3485
:102EF000204610BD012C03D02CB14FF0FF34F7E772
:102F0000FEF707FCF4E7FEF768FB0128F0D0FFF7B7
:102F10002AF90228ECD04FF0FF34E9E7EFF30580FF
:102F2000002801D0FEF7ABBEFEF7A6BE4FF47A70C4
:102F300070474FF0E02148698969401A70474FF0A7
:102F4000E0200069C0F3004070474FF0E020406986
:102F5000401C704770B5EFF31080002802D1EFF3EA
:102F6000118008B1012500E0002572B6FEF784FE4D
:102F70000446FFF7DEFF0646FFF7E1FF18B1FFF753
:102F8000D8FF0646641CFFF7E0FF04FB0060002D3D
:102F900000D162B670BD9748006870472DE9F043D4
:102FA00085B00B464FF000070497EFF30581002929
:102FB0004FD100284DD04FF400744FF0180C8946C3
:102FC000491E52B3166806B1B146956905B1AC46C3
:102FD000ACF10105382D03D2157915F0010F03D09E
:102FE00005B00020BDE8F083556905B1AC08D2F802
:102FF0000880B8F1000F07D0D668602E04D3166998
:1030000016B10DB1012109E0B8F1000F06D1D56864
:1030100025B9156915B9002100E00021012901D069
:1030200061B116E09168126901920291CDF800C079
:1030300022464946FEF799F904900AE004A9019155
:10304000A2B2CDF800C04946FEF7BFF9012800D072
:103050000497049805B0BDE8F083EFF305810029DB
:1030600002D108B1FEF714BE00207047FFF778B810
:1030700010B5EFF30581002909D140B1FEF7BAFB85
:1030800005280FD2DFE800F006080A0A0C004FF00E
:10309000FF3010BD022010BD012010BD032010BD67
:1030A000042010BD4FF0FF3010BD10B5EFF30581C7
:1030B000002904D118B1FFF74DF8800010BD0020A1
:1030C00010BD10B5EFF30582002A02D06FF00504A1
:1030D0000AE018B1012901DB382902DD6FF0030491
:1030E00002E00024FEF7E4FB204610BDEFF305816B
:1030F000002902D108B1FEF7BBBB4FF0FF3070478B
:10310000EFF30580002802D06FF005007047002023
:10311000394A4FF080511160BFF34F8FBFF36F8F6B
:10312000704710B5EFF30581002902D06FF0050458
:1031300003E020B10024FEF743FC204610BD6FF0F1
:103140000304FAE710B5EFF30581002902D06FF010
:10315000050403E020B10024FEF79EFC204610BDCC
:103160006FF00304FAE70020FEF794F9FEE770B56C
:103170000546EFF3058010B16FF005040FE04DB187
:103180002846FEF737FB042807D000242846FEF720
:1031900081F904E06FF0030401E06FF002042046BF
:1031A00070BDEFF30580002801D000207047FEF7C6
:1031B0006CBD2DE9F04106460F46EFF3058048BB94
:1031C00046B33FB3FEF7A5FAFEF75FFD044604EBF6
:1031D000C40013E06800002031F5F505467265650E
:1031E00052544F53205631302E332E310000000000
:1031F0001FED00E000C0012004ED00E0800000F0C1
:1032000082FF0546280012D000222146FEF7C4FDA9
:10321000002408E000240FE004EBC40155F821105D
:1032200046F82410641C844201D2BC42F4D3FEF759
:10323000D4F9284600F0D7FF2046BDE8F08130B52C
:1032400083B00446002C03D001F00040002803D0D6
:103250006FF0030002902BE04FF0FF300290EFF38D
:103260000580D0B10025019501A80090002301221E
:103270002046FFF73CF9002202AB1146204600959C
:10328000FFF735F9019898B1FC494FF0805008607C
:10329000BFF34F8FBFF36F8F0AE000230122204658
:1032A000FFF7B7F8002202AB11462046FFF7B1F84E
:1032B000029803B030BDF8B50546EFF3058010B1B4
:1032C0006FF0050412E015F0004F02D06FF0030418
:1032D0000CE0FEF745FF064600226B4611463046DD
:1032E000FFF797F8012803D04FF0FF342046F8BDD0
:1032F000009C24EA05010091002303223046FFF7D9
:1033000088F80128F2D04FF0FF34EFE708B5EFF36B
:103310000580002803D06FF0050000900BE0FEF759
:103320001FFF00226B461146FFF773F8012802D0F9
:103330004FF0FF300090009808BD2DE9F84F064689
:1033400089461746EFF3058010B16FF0050421E0C0
:1033500016F0004F02D06FF003041BE019F0020FCB
:1033600002D04FF0000A00E0B24600243D46FEF7CE
:1033700083FC83462B466A4651460020FFF705F83A
:103380008046B8F1010F08D037B36FF00104B8F1EF
:10339000000FEFD12046BDE8F88F04EA060000993F
:1033A00040EA010419F0010F06D036EA0400F1D01A
:1033B0002FB96FF00204EDE72642EBD13FB1FEF7E3
:1033C0005BFCA0EB0B00A84204D90025DFE76FF0FF
:1033D0000204DFE72D1ADAE76FF00204D7E710B531
:1033E0000146EFF3058010B16FF0050404E00024FE
:1033F00011B10846FEF7DBF9204610BD38B5054689
:10340000EFF3058010B16FF005040CE00024FEF727
:1034100033FC0090291A002903DD6846FEF77EF987
:1034200001E06FF00304204638BD10B5FFF761FCE2
:10343000002805D042680168BDE8104010460847E2
:1034400010BD2DE9F04383B00746884691461C46DF
:103450004FF00005EFF30580002841D1002F3FD049
:10346000082000F050FE0646300039D03760C6F81C
:103470000490B8F1000F11D001224FF0FF30002767
:103480009CB1D4F800C0BCF1000F00D06746A16821
:1034900031B1E3682C2B03D3012007E00022ECE7D5
:1034A00021B9E16811B9002000E000207449012829
:1034B00001D050B110E0A068009101903346012185
:1034C0003846FFF771FB054606E0009133460121BF
:1034D0003846FFF74DFB054615B9304600F083FE30
:1034E00003B02846BDE8F083EFF30581002902D13F
:1034F00008B1FFF7D8BB0020704708B5EFF305838C
:10350000002B02D06FF0050008BD50B100230A4621
:1035100004210093FFF719F9012805D06FF002008C
:1035200008BD6FF0030008BD002008BD38B5044693
:10353000EFF3058010B16FF0050038BD84B120466F
:10354000FFF7BDFB78B1002003460246009003213F
:103550002046FFF7FAF8012808D04FF0FF3038BDB9
:103560006FF0030038BD6FF0020038BD002038BD99
:10357000EFF30581002902D108B1FFF7A0BB0020BD
:10358000704738B50446EFF3058010B16FF00500C1
:1035900038BD84B12046FFF7ACFB0546002003464A
:1035A0000246009005212046FFF7CFF8012805D0FC
:1035B0006FF0020038BD6FF0030038BD284600F000
:1035C00012FE002038BD10B54FF00003EFF3058167
:1035D00000291CD1491E68B1826832B1D0F80CC0F4
:1035E000BCF1200F01D3012105E022B9C26812B954
:1035F000002100E00021012901D029B107E0806805
:10360000FCF70CFD034602E0FCF71FFD03461846DD
:1036100010BD38B50C46002803D004F07F410029C6
:1036200002D06FF0030038BDEFF30581B1B1002186
:1036300000916A462146FCF7B8FE60B12046009929
:103640000029F0D00D4A4FF080511160BFF34F8F29
:10365000BFF36F8F38BD6FF0020038BD2146FCF715
:1036600002FD38BD70B505460E46002D03D006F0AC
:103670007F40002806D06FF0030417E004ED00E05F
:103680002B340308EFF3058058B12846FCF75BFEA6
:10369000044631462846FCF74FFE38B96FF0020465
:1036A00004E031462846FCF724FE0446204670BD5F
:1036B000002804D0EFF3058119B1FCF744BE0020C7
:1036C00070470021FCF715BEF8B50C4615461E469E
:1036D000002803D004F07F41002902D06FF00300DE
:1036E000F8BDEFF3058111B16FF00500F8BD15F0DD
:1036F000010F01D0012300E0002315F0020F01D0DB
:10370000002200E0012221460096FCF76FFD15F033
:10371000010F09D034EA0001E8D016B16FF00100C2
:10372000F8BD6FF00200F8BD0442FCD116B16FF095
:103730000100F8BD6FF00200F8BD10B5EFF3058190
:10374000002902D06FF0050403E020B10024FCF74B
:1037500007FE204610BD6FF00304FAE770B504467B
:103760004FF00005EFF30580002843D10CB16068ED
:1037700000E0002010F0010F01D0012600E000263B
:1037800010F0080F36D14FF0FF305CB1A16821B1C5
:10379000E268502A01D3012005E021B9E16811B99E
:1037A000002000E00020012801D068B116E02EB111
:1037B0000420A168FDF748F805460FE00120A16844
:1037C000FDF742F8054609E026B10420FDF730F880
:1037D000054603E00120FDF72BF8054635B10CB195
:1037E000216800E000212846FDF7C8FC15B10EB1A4
:1037F00045F00105284670BD70B50D4620F0010268
:1038000000F001004FF00004EFF30581002901D022
:10381000A41F1DE052B178B129461046FDF738F9D2
:10382000012815D02DB16FF0010411E06FF00304F1
:103830000EE06FF002040BE029461046FDF769F830
:10384000012805D015B16FF0010401E06FF002040A
:10385000204670BD10B520F0010C00F001004FF0C3
:103860000004EFF30581002901D0A41F18E0BCF18A
:10387000000F08D050B16046FDF711F801280FD0B5
:103880006FF002040CE06FF0030409E000231A4615
:1038900019466046FCF70CFF012801D06FF00204C6
:1038A000204610BD20F00100EFF30581002902D170
:1038B00008B1FCF7D7BF0020704770B520F00105B4
:1038C000EFF30580002802D06FF0050407E045B152
:1038D0002846FDF7FFFB00242846FDF70DFC204697
:1038E00070BD6FF00304FAE7F8B50E4614464FF0CA
:1038F0000005EFF3058100294ED100284CD0864207
:103900004AD84A1E5CB1A36823B1E168502901D3AB
:10391000012205E023B9E16811B9002200E000228C
:10392000B2F1FF3F38D0012809D0012A2AD0314610
:10393000FDF7F0F805467DB354B3216829E0012A6C
:1039400016D0032200210120FCF716FE0546002DAB
:10395000F1D0002EEFD000231A4619462846FCF776
:10396000A7FE0128E7D02846FDF7C6FB0025E2E7C1
:1039700003200090002211460120A368FCF7C4FD3B
:103980000546E4E73146A268FDF7A3F80546D2E70D
:1039900000212846FDF7F2FB2846F8BD38B50D4654
:1039A0000024002806D0EFF30581D9B12DB16FF0C6
:1039B000030422E06FF003041FE0002100916A4637
:1039C000FDF7C9FA012802D06FF0020415E0009853
:1039D00098B1FD494FF080500860BFF34F8FBFF39F
:1039E0006F8F0AE02946FCF794FF012805D015B136
:1039F0006FF0010401E06FF00204204638BD38B5D5
:103A0000002400280CD0EFF30581B9B1002100910A
:103A10006946FDF7FCF8012805D06FF0020416E0B6
:103A20006FF0030413E0009888B1E7494FF080502D
:103A30000860BFF34F8FBFF36F8F08E000231A4673
:103A40001946FCF735FE012801D06FF0020420462C
:103A500038BD002804D0EFF3058119B1FDF72EBB66
:103A600000207047FDF702BB70B50546EFF30580F7
:103A700010B16FF0050407E045B12846FDF72AFBB9
:103A800000242846FDF738FB204670BD6FF0030484
:103A9000FAE7F8B5844614464FF00005EFF30580C9
:103AA000002838D1BCF1000F35D0002933D0421E98
:103AB000B4B1A06858B1E368502B08D3236933B17F
:103AC00063690CFB01F6B34201D3012209E040B95E
:103AD000E06830B9206920B9606910B9002200E0BF
:103AE0000022012A01D04AB10DE00020009060467A
:103AF000A3682269FCF708FD054604E00022604641
:103B0000FCF73AFD054635B10CB1216800E0002113
:103B10002846FDF733FB2846F8BD38B51D464FF063
:103B20000004EFF30582002A1BD008B101B115B1E2
:103B30006FF0030426E00022009200236A46FDF79E
:103B400007F8012802D06FF002041BE00098C8B10A
:103B50009D494FF080500860BFF34F8FBFF36F8FC8
:103B600010E050B149B100232A46FCF7A1FD01281D
:103B700008D02DB16FF0010404E06FF0030401E000
:103B80006FF00204204638BD38B51D464FF00004E2
:103B9000EFF30582002A1AD008B101B115B16FF018
:103BA000030424E0002200926A46FDF7D4F90128BC
:103BB00002D06FF002041AE00098C0B182494FF0C1
:103BC00080500860BFF34F8FBFF36F8F0FE048B195
:103BD00041B12A46FDF77DF8012808D02DB16FF0DC
:103BE000010404E06FF0030401E06FF002042046DA
:103BF00038BD002801D0C06B7047002070470028F6
:103C000001D0006C704700207047002804D0EFF30B
:103C1000058119B1FDF752BA00207047FDF726BAA9
:103C2000002811D0EFF3058181B15022EFF311810B
:103C300082F31188BFF34F8FBFF36F8FC26B806B1E
:103C4000101A81F31188704700207047FDF721BAE0
:103C500010B5EFF30581002902D06FF0050404E0F0
:103C600028B100240021FCF7F9FB204610BD6FF0BD
:103C70000304FAE770B50546EFF3058010B16FF065
:103C8000050407E045B12846FDF724FA002428463C
:103C9000FDF732FA204670BD6FF00304FAE72DE914
:103CA000F05F804689461546EFF3058008B1002491
:103CB0006EE0B8F1000F19D0B9F1000F16D009F17C
:103CC0000300800800FB08F04FEA800B4FF0000A69
:103CD0004FF0FF363746FDB1286800B18246A8682C
:103CE00030B1E968742903D3012605E000244FE0D0
:103CF00010B9E86800B90026286908B9696921B1D6
:103D000060B110F0030F02D008E0002706E06869F8
:103D1000584503D3012701E000260027F6B1AC681F
:103D200054B104F1240241464046FCF7D2FE6060E3
:103D300010B1C7B12869A06024B3A06810B30020F7
:103D40002060C4F80CB0C4F810A0C4F81490C4F8F3
:103D50001880E0611D48206256B10DE0742000F02B
:103D6000D2F90446DCE7584600F0CDF9A060E3E75D
:103D7000206A40F00100206257B9206A40F002003A
:103D8000206205E01EB914B1204600F02CFA002490
:103D90002046BDE8F09FEFF30581002901D0002007
:103DA0007047010001D00069704700207047002271
:103DB0008369C169994205D24369826803FB012284
:103DC000491CC1611046704704ED00E00000ED5E43
:103DD000024600201168002902D0084601681160DF
:103DE000704770B5002808D000250446206A9B4E15
:103DF00026EA0000002802D03CE000253AE0EFF37C
:103E0000058000B3B1BB002211466068FDF7A3F83E
:103E100001282FD1206A36EA00002BD15020EFF381
:103E2000118680F31188BFF34F8FBFF36F8F204649
:103E3000FFF7CEFF05461DB92046FFF7B8FF054640
:103E400086F3118816E06068FCF763FD012811D144
:103E5000206A36EA00000DD100F0F0FA2046FFF7A4
:103E6000B7FF0546280003D12046FFF7A0FF05460F
:103E700000F0FFFA284670BD02680A6001607047D2
:103E8000F8B50E46002809D046B10446206A7349A9
:103E900031EA000005D06FF0020551E06FF0030534
:103EA0004EE0A068B04204D8E1680844401EB04229
:103EB00002D26FF0030543E04FF00005EFF30580F9
:103EC00038B36068FDF7FAF8A169884201D1ED1EA8
:103ED00036E05020EFF3118780F31188BFF34F8F46
:103EE000BFF36F8F31462046FFF7C6FF87F3118877
:103EF0000020009069466068FCF789FE0098F8B1E0
:103F000057494FF080500860BFF34F8FBFF36F8F5A
:103F100016E06068FDF7AAF8A169884202D16FF047
:103F200002050DE000F08AFA31462046FFF7A4FFB3
:103F300000F09FFA00231A4619466068FCF7B8FBA8
:103F40002846F8BD002806D0016A444A32EA010139
:103F500003D0002070470020704780697047002818
:103F600006D0016A3D4A32EA010103D000207047C1
:103F7000002070474069704710B5002807D00446FC
:103F8000216A36488843002803D0002010BD002055
:103F900010BDEFF3058018B16068FDF78FF802E0FF
:103FA0006068FDF763F8A169081A10BD002807D002
:103FB000016A2A4A22EA0101002903D00020704741
:103FC00000207047EFF3058111B14068FDF776B826
:103FD0004068FDF74BB810B5002805D0EFF3058118
:103FE00029B16FF0050010BD6FF0030010BD04464D
:103FF00000F024FA206A00F00300206200231A4631
:1040000019466068FCF754FB0128F7D000202060B7
:104010006061A061206A10F0020F02D0A06800F079
:10402000E2F8206A10F0010F02D0204600F0DBF821
:1040300000F01FFA002010BD0A4B036003F160007E
:1040400008604FF4007010607047074B036003F185
:10405000600008604FF48060106070470000ED5E03
:1040600004ED00E0D4560020345F002010B49349E2
:1040700000E011460A688242FBD34B6803EB010C57
:10408000844503D140681844486008460C68D0F85D
:1040900004C00CEB0003A3420CD1894B1B689A426D
:1040A00006D05268624442600A681268026002E008
:1040B000036000E00260814200D0086010BC7047DD
:1040C0004FF440417F4810F0070F06D0C01D20F08C
:1040D00007007C49411AC1F54041784A106000232D
:1040E00053600144083921F00701183A11604B6010
:1040F0000B600B1A436001604068906050604FF0A5
:104100000040506170472DE9F04105460026FDF75B
:1041100000FB6B4F386808B9FFF7D2FF786905429A
:1041200051D19DB1083515F0070F0FD005F00700EC
:10413000C0F10800054415F0070F07D0502080F3A8
:104140001188BFF34F8FBFF36F8FFEE7002D3AD07A
:104150007868854237D859490846046801E0214605
:1041600004466068A84202D220680028F7D1386867
:10417000844228D0086800F108062068086060685A
:10418000411B10290FD9601910F0070F07D05020DC
:1041900080F31188BFF34F8FBFF36F8FFEE741604D
:1041A0006560FFF763FF61687868401A7860BA68F5
:1041B000904200D2B86078690843606000202060B7
:1041C000F868401CF860FDF708FA16F0070F07D0F2
:1041D000502080F31188BFF34F8FBFF36F8FFEE73E
:1041E0003046BDE8F08170B500282AD0A0F108045F
:1041F000334D60686969084207D1502080F3118807
:10420000BFF34F8FBFF36F8FFEE722683AB15020A4
:1042100080F31188BFF34F8FBFF36F8FFEE78843A2
:104220006060FDF776FA6068696808446860204657
:10423000FFF71CFF2869401C2861BDE87040FDF7AE
:10424000CCB970BD1E48406870471D4880687047F3
:1042500070472DE9F04705464FF000080026771E0D
:10426000FDF757FA15480168A0F1180969B1D9F8A6
:10427000000008F101084C68B44200D92646BC424F
:1042800000D2274609688142F3D1FDF7A6F96E6096
:10429000AF60C5F80C8000F0D1F8D9F804002860B0
:1042A000D9F80C006861D9F81000A861D9F80800A5
:1042B0002861BDE8F04700F0DCB800008400002071
:1042C0006C000020946F00208F484068B0F1FF3FE1
:1042D00007D0502080F31188BFF34F8FBFF36F8F4B
:1042E000FEE7502080F31188BFF34F8FBFF36F8F2D
:1042F000FEE7001F4FF080730360001F21F00101F3
:104300000160001F8149016014380260001F6FF0D6
:1043100002010160203870474FF0E0200021016168
:1043200081617B494FF47A720968B1FBF2F1491E51
:10433000416107210161704710B582B0754801687D
:10434000754A914207D1502080F31188BFF34F8FF7
:10435000BFF36F8FFEE700687049884207D1502095
:1043600080F31188BFF34F8FBFF36F8FFEE76C4967
:1043700008780190FF200870087800909DF80000F0
:104380009DF8002000F0F000904207D0502080F30C
:104390001188BFF34F8FBFF36F8FFEE79DF80000CA
:1043A000594C00F0500020700720A0609DF80000DC
:1043B00010F0800F0BD0A068401EA0609DF8000098
:1043C000400000909DF8000010F0800FF3D1A0682D
:1043D000032807D0502080F31188BFF34F8FBFF31D
:1043E0006F8FFEE74FF44070A060019808704D4851
:1043F000016841F470010160016841F070410160A1
:10440000FFF78AFF00206060DBF788FF46480168FD
:1044100041F040410160DBF76DFF02B0002010BDAC
:1044200039484068B0F57A7F07D0502080F3118872
:10443000BFF34F8FBFF36F8FFEE77047502080F3BD
:104440001188BFF34F8FBFF36F8F2F494868401C0F
:10445000486001280CD13548006810F0FF0F07D0E4
:10446000502080F31188BFF34F8FBFF36F8FFEE7AB
:10447000704725494868002806D0401E486000283B
:1044800001D180F311887047502080F31188BFF369
:104490004F8FBFF36F8FFEE710B5502080F3118868
:1044A000BFF34F8FBFF36F8FFDF735F818B11F497A
:1044B0004FF080500860002080F3118810BD10B5C7
:1044C000DBF764FF104910280ED300F1E02090F8CC
:1044D000F0030A78904207D2502080F31188BFF38E
:1044E0004F8FBFF36F8FFEE711480068896800F4B3
:1044F000E060884207D9502080F31188BFF34F8FC6
:10450000BFF36F8FFEE710BD8C000020C942030887
:1045100000C0012000ED00E071C20F4170C20F41E8
:1045200000E400E020ED00E034EF00E004ED00E006
:104530000CED00E00020704710B5012401464D4805
:104540000AF057FB00B10024204610BD30B58FB0F3
:104550000546012400930B46294646480AF098FB7D
:1045600068B102AA294643480AF058FB9DF8150095
:10457000042806D0282804D03A280CD101E00024D1
:1045800009E03DA00DF056FE3DA00DF053FE42A007
:104590000DF050FE03240FB0204630BD30B58FB073
:1045A0000546012400930B46294632480AF0B2FB27
:1045B00078B102AA29462F480AF030FB9DF8150071
:1045C000042813D0272806D028280FD03A2817D13E
:1045D0000CE0002414E028A00DF02CFE2FA00DF01C
:1045E00029FE2DA00DF026FE022409E022A00DF0E8
:1045F00021FE23A00DF01EFE27A00DF01BFE0324BC
:104600000FB0204630BD30B58DB0154601240029CD
:1046100009D0012909D0022912D003291CD0042471
:104620000DB0204630BD0024FAE701466A46114825
:104630000AF0F4FA0028F3D1019828600024EFE78B
:1046400001466A460B480AF0E9FA0028E8D1BDF8AD
:10465000080028600024E3E701466A4605480AF09E
:10466000DDFA0028DCD1BDF80800400A28600024EB
:10467000D6E70000942F01204552524F523A2000B5
:10468000555342204469736B206973206E6F742008
:1046900072656164792100000A00000055534220D0
:1046A0004469736B20697320577269746520707256
:1046B0006F746563746564210000000010B50449DF
:1046C000044805F00FFB0449087010BD0020704736
:1046D00099000020D068040898000020012908D023
:1046E0002248022906D0042907D0052901D1032137
:1046F00001707047022101707047012101707047FD
:1047000010B501221A491B4806F0E2F908B1DBF79F
:104710007BFE1949174806F03FFA08B1DBF774FE33
:104720001649144806F038FA08B1DBF76DFE144953
:10473000104806F031FA08B1DBF766FE11490D4862
:1047400006F02AFA08B1DBF75FFE0F49094806F0C8
:1047500023FA08B1DBF758FE064805F06FFB002886
:1047600003D0BDE81040DBF74FBE10BD9D00002018
:10477000DD460308942F012094C00120A0000020F2
:10478000D8000020B4C00120E4C0012000B587B0EB
:104790000021029103910491059106910068B0F106
:1047A000A04F2BD19348016841F0010101600068DE
:1047B00000F0010001904FF4C050029002200390DD
:1047C000032005900A20069002A98B48F3F7A2FB6C
:1047D0008A48016841F0800101608948016841F41C
:1047E00080410160006800F48040019000220521B2
:1047F0004320F4F760F94320F4F78EF907B000BDC9
:1048000010B50068B0F1A04F0ED17C48016821F0CE
:10481000800101604FF4C0517748F3F788FCBDE890
:1048200010404320F4F786B910BDD0F8DC0306F041
:10483000A0BAD0F8DC0306F0B4BAD0F8DC0306F076
:10484000C6BAD0F8DC0306F0E3BAD0F8DC0306F011
:1048500096BAD0F8DC0306F0A0BA10B5044694F876
:104860009C0701281CD16748C0F8DC43C4F8A007A6
:104870004FF0A0410160082141710121C171002167
:104880008171022242728172F0F73BFA08B1DBF7C4
:10489000BBFD5C48F1F7DFF80146204606F05CFA04
:1048A000002010BD01460020002906D0012905D0B6
:1048B000022905D0032905D0022070470220704745
:1048C000012070470220704710B5D0F8A007F0F71C
:1048D000C9FABDE81040E5E710B5D0F8A007F1F738
:1048E00078F8BDE81040DDE710B5D0F8A007F1F783
:1048F00086F8BDE81040D5E710B50124D0F8A00730
:10490000F1F7ACF820B1012805D0022803D101E06D
:10491000002400E00224204610BD10B5D0F8A00706
:10492000F1F77FF8BDE81040BCE7D0F8A007F1F739
:1049300085B830B583B0DDF818C0089D079CCDF868
:1049400000C002950194D0F8A007F0F729FA03B04F
:10495000BDE83040A6E710B5D0F8A007F0F76FFA31
:10496000BDE810409EE770B584B0DDF820C00B9E16
:104970000A9D099CCDF800C0039602950194D0F8D9
:10498000A007F0F782FA04B0BDE870408AE7D0F8DB
:10499000A007F1F74CB810B590F89C07012802D198
:1049A000084600F031F8C820F4F751FA002010BD95
:1049B000D0F8A007C1EB011100EB8100C17D0029F7
:1049C00002D080F83C2001E080F83D2000207047B4
:1049D000D0F8A007C1EB011100EB8100C17D0029D7
:1049E00002D090F83C00704790F83D007047F4F713
:1049F0002EBA000030380240000002403438024035
:104A00004438024078C40120002805D001224FF428
:104A100080710248F3F733BC0022F8E7000002403F
:104A200022490A1801EB8000127A4068416810465A
:104A3000084770B5044600201C4D295D00290AD1A5
:104A400005EB840128194968007A0968884700281D
:104A500001D10121295570BD30B4DFF850C00CEBF5
:104A600000040CEB8000247A4068D0F808C020468F
:104A700030BC604730B4DFF834C00CEB00040CEB02
:104A80008000247A4068D0F80CC0204630BC6047D3
:104A9000064B03EB000C03EB80009CF808C0406859
:104AA00003696046184700207047000058C801207D
:104AB0004178007840EA01207047C178827842EA64
:104AC0000121427842EA0121007840EA0120704742
:104AD000C17983790A0E43EA01211202437942EA3D
:104AE000116243EA01211202037942EA116243EAA8
:104AF00001211202C37842EA116243EA0121120243
:104B0000837842EA116243EA0121120242EA116308
:104B1000427842EA012200781B0243EA126140EA2D
:104B2000022070470170421C080A10707047017023
:104B3000421C080A1070511C000A0870000A4870D4
:104B400070470270120A42EA03621B0A4270120A9C
:104B500042EA03621B0A8270120A42EA03621B0ADB
:104B6000C270120A42EA03621B0A0271120A42EA86
:104B700003621B0A4271120A42EA03621B0A827133
:104B8000120A42EA0362C2717047002A05D011F886
:104B9000013B00F8013B521EF9D17047C9B200F841
:104BA000011B521EFBD1704710F8013B11F801CBDD
:104BB000A3EB0C03521E01D0002BF5D01846704712
:104BC00000E0401C02780AB18A42FAD100787047AE
:104BD00010B5002805D0406905F0B5F808B10120EE
:104BE00010BD002010BD002808D00C2906D00B29CC
:104BF00004D00F2902D0406905F0AFB8704770B4F7
:104C000000221446FE4D05EB0213D3F800C0BCF1A0
:104C1000000F0DD00668B4450BD1D3F804C08668E8
:104C2000B44506D19B68D0F830C0634504D000E09D
:104C30000124521CFF2AE6D3FF2A01D091B908E0D3
:104C400024B9022902D070BC1220704770BC002029
:104C5000704705EB02108089B0F5807F02D070BCF0
:104C60000020704770BC102070470020E44900E02D
:104C7000401CFF2804D201EB00121268002AF7D171
:104C8000FF2801D0012070470020704770B4002237
:104C9000DB4CD0F800C004EB02131D68654507D15A
:104CA0005D688668B54203D19B68056BAB4202D054
:104CB000521CFF2AEFD3FF2A17D1002200E0521C1A
:104CC000FF2A04D204EB02131B68002BF7D1FF2A42
:104CD00013D004EB0213C3F800C0D0F808C0C3F827
:104CE00004C0006B98600020988149B104EB021069
:104CF000808928B170BC0020704770BC00207047CC
:104D000011B14FF4807003E004EB02108089401C65
:104D100004EB0211888170BC501C7047401EFF28B4
:104D200010D2B74901EB00118889B0F5807F00D11E
:104D3000002008B1401E80B2888108B900200860B8
:104D4000002070470220704710B40021AC4B8C4605
:104D500003EB01121468844201D1C2F800C0491C5F
:104D6000FF29F5D310BC70472DE9F0410446002718
:104D7000E078002820D0A66B60780123324604F149
:104D80003C01FFF777FE08B1012715E00020E07035
:104D9000E06A616A301A88420ED2A578022D0BD3E0
:104DA000606A064460780123324604F13C01FFF753
:104DB00061FE6D1E022DF3D23846BDE8F08170B55C
:104DC00004460D460026A06BA84210D02046FFF7EF
:104DD000CBFF06465EB9607801232A4604F13C0108
:104DE000FFF73AFE10B14FF0FF350126A5633046BC
:104DF00070BD70B504462046FFF7B6FF0546002D8E
:104E000037D1207803282DD1207901282AD14202D8
:104E1000002104F13C00FFF7C1FE4AF6552104F2DF
:104E20003A20FFF77FFE774904F13C00FFF77FFE51
:104E3000754904F50870FFF77AFE04F50970E16919
:104E4000FFF775FE04F50A70A169FFF770FEA06A0E
:104E5000421CA2636078012304F13C01FFF70AFEC3
:104E600000202071002260781146FFF711FE00B18A
:104E70000125284670BD891E026A921E8A4201D809
:104E800000207047426B408901FB002070472DE9EC
:104E9000F04102460D461468022D02D3206AA84252
:104EA00001D8012691E04FF0FF36207801280AD082
:104EB000F70D02282FD0F10D01EA850703283AD01B
:104EC000042872D145E005EB5507E06A00EB572155
:104ED0002046FFF774FF002877D1C7F3080020446D
:104EE00007F1010890F83C70E06A00EB5821204679
:104EF000FFF765FF002868D1C8F30800204490F848
:104F00003C0047EA002015F0010F01D006095CE0E3
:104F1000C0F30B0659E0E06A00EB15212046FFF7CD
:104F20004EFF002851D107EA450020443C30FFF7EE
:104F3000BFFD064649E0E06A00EBD5112046FFF7C9
:104F40003EFF00BB38193C30FFF7B7FD20F070463C
:104F50003BE05169106950EA010335D09368EB1AC0
:104F6000B0F1010C41F1FF304FEA5C2141EAC05041
:104F70006189B0FBF1F1D079022808D18B4206D8C3
:104F800002D16FF0004620E005F101061DE0032884
:104F900004D19169994201D96E1C16E0022813D000
:104FA000D06918B16FF000460FE00DE0E06A00EB49
:104FB000D5112046FFF703FF38B938193C30FFF709
:104FC0007CFD20F0004600E001263046BDE8F0817F
:104FD0002DE9F04704460D4616460227022D50D310
:104FE000206AA8424DD920784FF0010A01280FD03D
:104FF00040F2FF18022845D0032856D0042805E0C7
:105000004837012052526141727241616DD14CE0CA
:1050100005EB5508E06A00EB58212046FFF7CFFE6C
:105020000746380061D1C8F30800204408F101099F
:105030003C3015F0010F04D00178F2B262F31F1179
:1050400000E03146017084F803A0E06A00EB5921CA
:105050002046FFF7B4FE0746380046D1C9F30800E2
:1050600020443C3015F0010F02D0C6F3071105E0D3
:105070000178C6F3032201F0F0011143017084F8B6
:1050800003A032E0E06A00EB15212046FFF797FE0F
:105090000746380029D108EA45002044B1B23C3027
:1050A000FFF740FD84F803A01FE0E06A00EBD51194
:1050B0002046FFF784FE0746380016D140F2FF1065
:1050C000217800EA85000519042907D0B04605F1CA
:1050D0003C00FFF7F2FC064668F31B0605F13C00B6
:1050E0003146FFF724FD84F803A03846BDE8F08779
:1050F0002DE9F047064691468F1E306A801EB84261
:1051000000D800273C46A04600254FF0010A706BEE
:1051100000EB14313046FFF752FE18B14FF0FF306C
:10512000BDE8F087C4F3C80004F007010AFA01F1F2
:10513000C9B2326A931E321892F83C200A404906DE
:10514000090E641C9C4203D3002400214FF400701C
:1051500032B1A0460025BC4209D10020BDE8F0874D
:105160006D1C4D45F7D108F10200BDE8F08700291C
:10517000E1D10121401CB0F5007FDCD3C7E72DE968
:10518000F047074615469846881E796B01EB1039A3
:10519000C0F3C80600F007004FF0010A0AFA00F059
:1051A000C4B2494609F101093846FFF708FE10B1BB
:1051B0000120BDE8F087B91991F83CC01CEA040051
:1051C00000D00120404502D10220BDE8F0878CEAE2
:1051D000040081F83C0087F803A06D1E0AD060002F
:1051E00010F0FF04E8D10124761CB6F5007FE2D36D
:1051F0000026D6E70020BDE8F08770B50646F079B6
:1052000003280FD1B568B46954B16A1C29463068C7
:10521000FFF7DEFE002806D16D1C641E002CF4D1C1
:105220000020F071002070BD70B504460D46164692
:10523000E069002812D0E069012802D9291A8A1CE5
:1052400000E03246281A411C2068FFF7C1FE002802
:1052500005D1E069401EE0610028ECD1002070BD5E
:105260002DE9F04782B080460F469146D8F80040BD
:10527000BA463E46022F02D3206AB84203D8022023
:1052800002B0BDE8F087B9F1000F0ED020780428F5
:1052900003D198F80700022807D04FF0FF324946A3
:1052A0002046FFF795FE0028EAD139464046FFF731
:1052B000EEFD054628004BD0012D1CD0B5F1FF3F77
:1052C0001DD02078042806D0002239462046FFF75A
:1052D0007FFE0028D4D1216AE069891E884205D268
:1052E000401CE061207940F001002071701CA84250
:1052F00009D12E4628E002B00220BDE8F087012047
:1053000002B0BDE8F0872078042809D1A6EB0A0096
:10531000421C002351462046FFF731FF0028EFD101
:1053200051462046FFF7A7FD009031462046FFF783
:10533000A2FD6189401E0844019060786A460421FC
:10534000FFF7A6FB2E46AA462F46206AB842ACD8E5
:105350002078042817D1B9F1000F04D098F807007D
:10536000032804D00FE0002088F807000BE0D8F8ED
:105370000800484507D8D8F818100844484502D313
:10538000022088F8070002B00020BDE8F0872DE970
:10539000F041064688463568B8F1000F08D041460E
:1053A0003046FFF774FD022809D20120BDE8F081E4
:1053B000AF6917B1286AB84208D8012706E0B0F1F2
:1053C000FF3FF3D0296A8142F0D847462878042865
:1053D0000AD03C46641C286AA04250D80224022FFE
:1053E0004DD20020BDE8F081012239462846FFF762
:1053F0007FFE0446200013D0B4F1FF3F10D00123FC
:105400001A4621462846FFF7BAFE02280BD001288B
:105410000CD0B8F1000F0DD0F17902290DD014E0B5
:105420002046BDE8F0810120BDE8F0814FF0FF305B
:10543000BDE8F0810221F17107E0791C8C4204D0B3
:10544000B168791AB1610321F171F179022934D07F
:1054500008F101018C4206D1F16909B1491C00E053
:105460000221F16129E0F069012700B9F7612246C4
:1054700041463046FFF7D8FEF8B9F7611DE02146F6
:105480003046FFF704FD48B10128D1D0B0F1FF3F0D
:10549000CED0BC429ED10020BDE8F0814FF0FF325B
:1054A00021462846FFF794FD38B9B8F1000F04D023
:1054B000224641462846FFF78BFD28B1012810D02F
:1054C00001242046BDE8F081AC61296AE869891EA3
:1054D000884201D8401EE861287940F00100287117
:1054E000EFE74FF0FF34ECE710B50168006D041DE5
:1054F000B1F80AC0510A41EAC350590A6246002372
:105500000CF021FE2168221D21B1884204D21168CD
:10551000084410BD002010BD401A141DF2E72DE90B
:10552000F04106460C4637683878042809D04FF415
:105530000010A04202D914F01F0F05D00220BDE8D0
:10554000F0814FF08050F4E73463B5682DB93878B6
:10555000032802D33D6B0020F071A5B178894FEA92
:105560004028444520D329463046FFF790FC0546A5
:10557000B5F1FF3F11D0022D02D3386AA8420FD8EF
:105580000220BDE8F0813889B0EB541F02D8022018
:10559000BDE8F081386BB0630BE00120BDE8F0811D
:1055A000A4EB08044445DED229463846FFF763FCE5
:1055B000B0637563B06B50B100EB5420B063C4F3BB
:1055C000080038443C30F0630020BDE8F081022040
:1055D000BDE8F0812DE9F04705460E462C68286BA2
:1055E00000F12008A86B002806D02178042906D0F5
:1055F0004FF40011414505D80420BDE8F0874FF075
:105600008051F7E7C8F30801002977D1401CA8634F
:10561000696B4FF0000929B16089401E10EA582FCC
:1056200009D06BE02089B0EB581F67D8C5F83890D7
:105630000420BDE8F0872846FFF729FC0746012F24
:1056400002D80220BDE8F087B7F1FF3F1AD0206AE8
:10565000B8424DD8CEB12846696BFFF798FE074691
:10566000380017D0012F18D0B7F1FF3F18D0E879D4
:1056700040F00400E8712046FFF776FB98B1012066
:10568000BDE8F0870120BDE8F087C5F83890042018
:10569000BDE8F0870720BDE8F0870220BDE8F0876D
:1056A0000120BDE8F0874FF40072002104F13C00B6
:1056B000FFF774FA002639462046FFF7DCFBA063AB
:1056C0006089002811D94FF0010984F80390204621
:1056D000FFF74AFB10B10120BDE8F087761CA06BF4
:1056E000401CA0636089B042EFD8A06B801BA06310
:1056F0006F6339462046FFF7BEFBA863C5F83080CC
:10570000C8F3080020443C30E8630020BDE8F0877F
:105710002DE9F04104460F46266800212046FFF798
:10572000FEFE00BB00254FF001083046A16BFFF7DD
:1057300046FBC0B93178042905D0E16B0A78E52A27
:1057400006D02AB108E0E16B097838EAD11103D01C
:105750006D1CBD4207D000E0002501212046FFF767
:1057600039FF0028E1D0042800D10720BDE8F081EE
:1057700070B506460C4604F11A00FFF799F9054684
:105780003078032805D104F11400FFF791F945EAB8
:105790000045284670BD70B506460C461546A9B2B0
:1057A00004F11A00FFF7BEF93078032806D1290C5E
:1057B00004F11400BDE87040FFF7B4B970BD2DE9E5
:1057C000F05F81460F4607F11A00FFF771F910B13B
:1057D0000020BDE8F09F387800F03F00401E00EB4D
:1057E000800101EBC00401260025DFF818AC4FF65C
:1057F000FF7B1AF805003844FFF75AF9804696B146
:10580000FF2C0BD2404604F0C5FA06462046641C25
:1058100039F8100004F0BEFA864202D00020BDE83C
:10582000F09F464604E0D84502D00020BDE8F09F36
:105830006D1C0D2DDDD3387810F0400F06D02EB141
:1058400039F8140010B10020BDE8F09F0120BDE838
:10585000F09F2DE9F04780460E4606F11A00FFF74B
:1058600027F910B10020BDE8F087307820F0400023
:10587000401E00EB800101EBC00401270025DFF88A
:10588000849B4FF6FF7A19F805003044FFF710F9B2
:1058900057B1FF2C02D30020BDE8F0872146074610
:1058A000641C28F8110004E0504502D00020BDE837
:1058B000F0876D1C0D2DE6D3307810F0400F07D027
:1058C000FF2C02D30020BDE8F087002028F8140048
:1058D0000120BDE8F0872DE9F05F81460E46904635
:1058E00073730F20F07200203073002106F11A004C
:1058F000FFF718F9A8F1010000EB800101EBC005EA
:1059000000242746DFF8FCBA4FF6FF7A544503D04F
:1059100028466D1C39F810401BF80700214630441A
:10592000FFF700F90CB94FF6FF747F1C0D2FEDD374
:10593000544502D039F8150008B948F0400886F8F7
:105940000080BDE8F09F70B582B0054616461C4643
:105950000B222846FFF719F9052C16D93088A0B17B
:1059600036F8021B002320460C4660F35F0449080A
:1059700014F4803F03D084F0210484F488345B1C49
:10598000102BF0D330880028EAD107216B4604F0B1
:105990000F0000F13002392A01D9D01DC2B20846E9
:1059A000491E1A542409002CF1D17E20585400229B
:1059B00000E0521C8A4202D2A85C2028F9D10829B2
:1059C00003D20846491C185C00E020209446521C73
:1059D00005F80C00082AF2D302B070BD0146002081
:1059E0000B22430803EBC01011F8013B1844C0B26E
:1059F000521EF6D1704784469CF80100401C4301BA
:105A000000200146002B13D9022905D010F0010F08
:105A100004D04FF4004202E0032106E0002202EB32
:105A200050001CF80120104480B2491C9942EBD36D
:105A3000704770B50146002408888D1C00281ED0D0
:105A400004F0A8F9024614F0010F02D04FF4004010
:105A500000E0002000EB5400D1B2084480B210F006
:105A6000010F02D04FF4004100E0002101EB500093
:105A700000EB122084B235F8020B0028E0D120465A
:105A800070BD11F0010F02D04FF0004200E0002283
:105A900002EB5101084470472DE9F04107460E46DC
:105AA00000244025A04697F82300002819D915F0B6
:105AB0001F0F00D1AD1C7819FEF7FAFF002104F08A
:105AC0004FF908B1FF2C01D300240AE021463144EC
:105AD000641C8876AD1C08F1010897F82300404546
:105AE000E5D814B93F200124B0760020311988761A
:105AF00070733879307310F0100F02D00020014617
:105B000003E007F13800FEF7E3FF7160306007F152
:105B10000C00FEF7CDFF708107F10E00FEF7C8FF05
:105B20003081BDE8F0812DE9F04104462068066926
:105B3000A16BFFF744F9002804D1E16B08788528B0
:105B400002D00220BDE8F08120223046FFF71DF888
:105B50007078401C4701A7F16000B0F5007F02D9C2
:105B60000220BDE8F08100212046FFF733FD002828
:105B7000F7D1A16B2068FFF722F90028F1D1E16B82
:105B80000878C02802D00220BDE8F081202206F16A
:105B90002000FEF7FAFF96F823002C3000EB0011EE
:105BA00001EB002000F21110000BB7EB401F02D2F6
:105BB0000220BDE8F081402500212046FFF70AFDC4
:105BC0000028F6D1A16B2068FFF7F9F80028F0D182
:105BD000E16B0878C12802D00220BDE8F081B5F55C
:105BE000187F03D270192022FEF7CFFF2035BD4267
:105BF000E2D3B5F5187F0BD83046FFF7FCFE04461C
:105C0000B01CFEF755FF844202D00220BDE8F081AF
:105C10000020BDE8F08110B5044608682060086ADD
:105C2000A06091F82400E071486A002220F0FF0093
:105C300062612061896AE1642046FFF770FC0028F8
:105C400003D12046BDE810406DE710BD2DE9F041BD
:105C50000446206806693046FFF7CDFE0146B01CB9
:105C6000FEF760FF7078471C2046E16CFFF757FC99
:105C70000546280019D14FF00108A16B2068FFF7F5
:105C80009EF805468DB920223146E06BFEF77DFF78
:105C9000206880F803807F1E07D020360021204630
:105CA000FFF798FC0546002DE7D025B1012D02D065
:105CB0000220BDE8F0812846BDE8F0812DE9F05FC3
:105CC00006468846402200213046FEF767FF8520C1
:105CD0003070C02086F8200000254FF00109012710
:105CE00040244FF0000A4FF0C10B601C06F804B0CE
:105CF000441C06F800A027B138F815700FB1681CD5
:105D0000C5B230193946FEF70DFFA41C14F01F0F61
:105D1000F1D109F1010000F0FF0938F81500002861
:105D2000E3D186F8235086F801904046FFF781FEC4
:105D3000014606F12400BDE8F05FFEF7F3BE2DE951
:105D4000F04705468A460427D5F80080FF26B1466D
:105D5000A86B00286AD04046A96BFFF730F80746C9
:105D6000380063D1E86B0478A4B198F800100429D6
:105D700012D0C17A01F03F01A971E52C08D02E2C78
:105D800006D021F02002082A1DD0002252451CD046
:105D9000FF2638E0042749E0BAF1000F02D0832C37
:105DA00044D030E0852C2ED1286BE8642846FFF7DC
:105DB000BAFE0746380039D1D8F81000007900F053
:105DC0003F00A87132E00122E0E70F2901D036BB85
:105DD00021E014F0400F06D090F80D9004F0BF04BD
:105DE0002646296BE964B4420BD1417B494508D171
:105DF000D8F80C2001461046FFF72BFD08B1701EA5
:105E000000E0FF20C6B200212846FFF7E3FB07466B
:105E100038000BD107E0FFF7E1FD484506D04FF011
:105E2000FF30E86402E0A86B002894D10FB1002095
:105E3000A8633846BDE8F0872DE9F05F05462E6877
:105E400000212846FFF76BFB00284FD1307804284B
:105E50000ED0FF27B8464FF0FF3AC5F84CA03046A9
:105E6000A96BFEF7ACFF81465FEA090054D13FE021
:105E7000F068FFF7DEFD824600212846FFF75FFF4E
:105E8000B0F1000B31D130692430FEF711FE5045DE
:105E900024D1306990F8237040244FF00008C7B136
:105EA00014F01F0F00D1A41C30692044FEF700FE3F
:105EB00003F070FF8146F06830F8180003F06AFFC5
:105EC000814506D1781EC7B2A41C08F10108002F35
:105ED000E6D11FB9F06830F8180030B1002128462B
:105EE000FFF72DFFB0F1000BCDD05846BDE8F09F75
:105EF000E86B047874B1C17A01F03F01A971E52C17
:105F000004D011F0080F08D00F2906D0FF27C5F8DC
:105F10004CA038E04FF004093EE00F2901D0FFB15A
:105F200022E095F84B1011F0400F2CD114F0400FE7
:105F300006D090F80D8004F0BF042746296BE96471
:105F4000BC420AD1417B414507D1F2680146104667
:105F5000FFF735FC08B1781E00E0FF20C7B212E061
:105F6000FFF73CFD404517D095F84B0010F0010FAE
:105F700006D10B2205F14001E86BFEF715FE58B182
:105F8000FF27C5F84CA000212846FFF723FB8146D8
:105F90005FEA09003FF463AF4846BDE8F09F2DE992
:105FA000F04399B00446256894F84B0010F0A00F18
:105FB00003D0062019B0BDE8F0830026E86800E0B1
:105FC000761C30F816100029FAD1287804281BD046
:105FD0000C2204F1400116A8FEF7D7FD9DF86300DE
:105FE00010F0010F6ED0402084F84B0001273B4693
:105FF00016A904F14000EA68FFF7A5FC2046FFF768
:106000001BFF002856D152E0FF4906F10E00A1FB0C
:106010000010C008861C31462046FFF779FB002897
:10602000C8D1711E206B494200EB4110E064A068AA
:10603000A8B3E07910F0040F31D0688923694002D9
:1060400062691B1842F10000236160612046FFF77E
:10605000D4F80028AED1421E2046616BFFF7E4F869
:106060000028A7D121466846FFF7D5FD0028A1D119
:106070002869636922693830FEF763FD286963691E
:1060800022692830FEF75DFDE079296940F00100C2
:1060900081F821006846FFF7D9FD00288AD1E96818
:1060A0002869FFF70BFE002019B0BDE8F0837F1CC4
:1060B000642F9CD3642F12D00428F5D19DF863007F
:1060C00084F84B009DF8630010F0020F0BD0CF490D
:1060D00006F10C00A1FB00108008471C04E019B079
:1060E0000720BDE8F083012739462046FFF710FB63
:1060F00006464FF0010836BB7F1E24D0206B794244
:1061000000EB41112046FFF70AFA064630001AD18B
:1061100004F14000FFF762FC81462846A16BFEF7C0
:106120004EFE06467EB9FAB2E16B4B46E868FFF7D1
:10613000D2FB85F8038000212046FFF74BFA064684
:106140000EB97F1EE9D1CEB92846A16BFEF737FE06
:106150000646300012D120220021E06BFEF71EFD22
:106160000B2204F14001E06BFEF70FFD94F84B00A9
:10617000E16B00F01800087385F8038019B0304611
:10618000BDE8F0832DE9F04104462568266BE16CFB
:10619000B1F1FF3F0DD02046FFF7C1F900281DD116
:1061A000E5274FF001082846A16BFEF708FE90B9DD
:1061B00001E00020F2E72978042911D0E16B0F708B
:1061C00085F80380216BB14205D200212046FFF7FC
:1061D00001FA0028E7D0042800D10220BDE8F081B0
:1061E000E16B0A7802F07F020A70E9E72DE9F047D7
:1061F00006460C46D6F800904FF0000884F81A8046
:10620000B06B00287ED099F80000042811D0F06C03
:10621000B0F1FF3F24D00025D9F80C0001270088F9
:10622000D8B1002103F09CFD48B1FF2D09D3002512
:1062300013E02146D9F81000BDE8F0472CE4002512
:106240000BE0294621446D1C8876D9F80C1038469D
:106250007F1C31F810000028E3D1601980F81A8003
:1062600000210A46A07E2E27D6F83CC00B46491CCA
:106270001CF80330202B27D0052B00D1E52309295A
:1062800009D118B904EB020C8CF81A709446A44496
:10629000521C8CF80D7004EB020C8CF80D3090B988
:1062A000A3F14105192D0CD8F56B092995F80C902F
:1062B00001D3102500E0082519EA050F01D020338D
:1062C000DBB28CF81A30521C0B29CDD330B9A01890
:1062D00080F81A80F06B007B00B90022A01880F8CB
:1062E0000D80F06BC07A2073F06B1C30FEF7E5FB7D
:1062F000C4F804802060F06B1630FEF7DEFB60818E
:10630000000C00E000E02081BDE8F08701684A1C35
:1063100002600878A0F16101192901D8203880B203
:10632000802803D33A49084410F8800C7047FFB521
:1063300083B005461E46541E05D304A8FFF7E6FFAA
:1063400020B1641EF9D2287818B106E007B0002009
:10635000F0BD16B107B00120F0BD02950498019080
:10636000029800783F2810D02A280ED002A8FFF704
:10637000CDFF074601A8FFF7C9FF0446A7421ED17B
:10638000002FEDD107B00120F0BD00221346029886
:1063900010F8011B02903F290DD0012300783F28FF
:1063A000F5D02A28F3D001990298FFF7C0FF20B159
:1063B00007B00120F0BD521CF0E70198047804A852
:1063C000FFF7A4FF0EB1002CC7D107B00020F0BD2D
:1063D0002DE9F35F8846D8F8007000980068D0F87F
:1063E0000C900024254628466D1C385C202817D3C5
:1063F0002F2810D05C280ED0FF2C18D3062002B016
:10640000BDE8F09F64690408898888884FECC44E11
:10641000E46804086D1C795D2F29FBD05C29F9D054
:106420007919C8F80010202817D2042616E0C0B247
:10643000012103F095FC064646B1802E08D2314674
:10644000FDA0FEF7BDFB18B10620D8E70620D6E771
:106450002046641C29F81060C5E700264CB1601E78
:1064600039F81000202801D02E2802D1641E002CFB
:10647000F5D1002029F814003CB100980B2220210E
:106480004030FEF78BFB002702E00620B7E77F1CB9
:1064900039F817002028FAD02E28F8D01FB146F07E
:1064A000030600E0641E24B1601E39F810002E2897
:1064B000F8D14FF00008C2464FF0080B38467F1C59
:1064C00039F8105005B3202D03D02E2D04D1A7424A
:1064D00002D046F00306F1E7DA4501D2A74219D10E
:1064E000BBF10B0F0ED0A74201D046F003060BD82C
:1064F00027464FF0080A4FF00B0B4FEA88604FEA2F
:106500001068DBE746F00306009890F84000E528A5
:106510002FD032E0802D0BD30021284603F020FC41
:1065200005461DB1C748284410F8805C46F00206B5
:1065300025B12946C4A0FEF743FB18B15F2546F0FC
:1065400003060EE0A5F14100192802D848F0020820
:1065500007E0A5F16100192803D848F0010841308F
:1065600085B20099504608440AF1010A80F840506B
:10657000A4E70098052180F84010BBF1080F03D173
:106580004FEA88604FEA10680C2030EA080003D018
:10659000032030EA080001D146F0020616F0020F8F
:1065A0000BD108F00300012801D146F0100608F0D5
:1065B0000C00042801D146F00806009880F84B60D2
:1065C00000201CE773B50446256801E0401C0190DB
:1065D000019801782F29F9D05C29F7D00020A0601C
:1065E000E06101980078202808D2802084F84B00D0
:1065F00000212046FEF793FF02B070BD01A920469E
:10660000FFF7E6FE0028F7D12046FFF715FC94F8C7
:106610004B1038B10428EFD111F0040FECD1052054
:1066200002B070BD11F0040FFAD1A07910F0100F74
:106630000DD0287804280DD0208EC0F308002844FF
:1066400000F13C012846FFF793F8A060D6E705204B
:1066500002B070BDA1682162206920F0FF01E079DD
:1066600001436162E16CA16228693430FEF725FACA
:10667000A060286990F8210000F00201E17128690A
:106680003830FEF725FA61612061B7E710B404469F
:106690004FF0FF30D4F800C0BCF1000F0BD06146C2
:1066A00000E0491C0A78202A01D33A2AF9D10A7855
:1066B0003A2A02D0002010BC70479CF800300CF140
:1066C0000102303B0A2BF6D28A42F4D1002BF2D1E0
:1066D0001846491C216010BC704710B504460020C4
:1066E000E070401EA0632046FEF769FB08B104205D
:1066F00010BD04F23A20FEF7DBF9A0F52A41553926
:1067000001D0032010BD94F83C00E92805D0EB2807
:1067100017D194F83E00902813D104F17200FEF7CF
:10672000CCF94B4920F07F40884201D1002010BDB8
:1067300004F18E00FEF7C1F94649884201D10020DC
:1067400010BD0B2244A104F13C00FEF72DFA08B164
:10675000022010BD012010BD2DE9F04784B00E4687
:1067600017464FF00008C6F80080FFF78FFF054678
:10677000280003D504B00B20BDE8F087394850F855
:106780002540DCB12046FEF723FAD8B1346007F08B
:10679000FE06207828B16078FEF742F910F0010F6C
:1067A00014D084F80080E8B26070FEF742F910F06F
:1067B000010F17D004B00320BDE8F08704B00C200F
:1067C000BDE8F08704B00F20BDE8F08736B110F0C7
:1067D000040F03D004B00A20BDE8F08704B0002005
:1067E000BDE8F08736B110F0040F03D004B00A20E2
:1067F000BDE8F087002529462046FFF76EFF0228F6
:1068000038D16F4604EB051000F5FD70017919B120
:106810000830FEF752F900E0002047F825006D1C13
:10682000042DEFD3002657F82650EDB12946204617
:10683000FFF753FF19E00000222A3A3C3E3F7C7FDD
:1068400000000000E46804082B2C3B3D5B5D000069
:106850004641540046415433EB76904558464154E6
:106860002020200090C001200320022802D3761CA3
:10687000042ED8D3042805D0022807D304B00D2055
:10688000BDE8F08704B00120BDE8F0874FF0FF3984
:1068900001280AD004F14700FEF70AF9B0F5007F9D
:1068A0007CD004B00D20BDE8F0870B2000E0401C38
:1068B000402804D2211891F83C100029F7D0402834
:1068C00003D204B00D20BDE8F08704F1A400FEF768
:1068D000EFF8B0F5807F03D004B00D20BDE8F0875D
:1068E00094F8A8004FF0010A0AFA00F0B0F5007F12
:1068F00003D004B00D20BDE8F08704F18400FEF75A
:10690000E7F8461941EB0807012F03D304B00D2027
:10691000BDE8F08704F19000FEF7CFF8606294F8CC
:10692000AA00A070012803D004B00D20BDE8F087B4
:1069300094F8A9000AFA00F080B2608158B104F11D
:106940009800FEF7BAF88246FC48824507D904B0A1
:106950000D20BDE8F08704B00D20BDE8F0870AF1F6
:1069600002002062A56204F19400FEF7A6F8284414
:10697000606304F18C00FEF7A0F82844E0626089AF
:10698000616B00FB0AF0081848EB0801301A77EB3E
:10699000010004D204B00D20BDE8F0872DE004F121
:1069A0009C00FEF78AF8206301462046FEF763FA52
:1069B00001462046FEF703FA18B104B00120BDE8F5
:1069C000F0870025601990F83C10812904D15030DF
:1069D000FEF773F8022803D02035B5F5007FF1D318
:1069E000B5F5007F05D0C4F81C90C4F818900426B3
:1069F000D9E004B00D20BDE8F08704F15200FEF7A5
:106A000057F8014621B904F16000FEF756F8014637
:106A1000616294F84C00A070012805D0022803D0D0
:106A200004B00D20BDE8F08700FB01F794F84900A1
:106A3000608110B1411E084203D004B00D20BDE8B2
:106A4000F08704F14D00FEF733F8208110F00F0FAE
:106A500003D004B00D20BDE8F08704F14F00FEF72D
:106A600027F80646300004D104F15C00FEF725F853
:106A7000064604F14A00FEF71BF802464AB1238994
:106A8000D01900EB13118E4207D204B00D20BDE8DF
:106A9000F08704B00D20BDE8F087B4F80AC0701A82
:106AA000B0FBFCF040B303264FF6F57C604500D800
:106AB000022640F6F57C604500D80126801C206245
:106AC000A5622A44E26229446163032E18D073B39D
:106AD000D1192163022E2FD000F0010100EB4000FC
:106AE00001EB5000616A00F2FF10B1EB502F25D28C
:106AF00004B00D20BDE8F08704B00D20BDE8F0879C
:106B000004F16600FDF7D4FF18B104B00D20BDE814
:106B1000F087208918B104B00D20BDE8F08704F19A
:106B20006800FDF7CAFF2063206A8000DAE7FFE70C
:106B300004B00D20BDE8F0874000D3E7C4F81C90F6
:106B4000C4F8189080202071032E2CD104F16C0021
:106B5000FDF7AEFF012826D1691C2046FEF72FF96C
:106B600008BB84F8048004F23A20FDF7A1FFA0F5E9
:106B70002A41553917D104F13C00FDF79EFF7049B9
:106B8000884210D104F50870FDF797FF6D498842DF
:106B900009D104F50970FDF790FFE06104F50A7072
:106BA000FDF78BFFA061267067490888401C0880AC
:106BB000E0802046FEF7C8F804B00020BDE8F0876A
:106BC00070B504460E460925002C19D02068B8B1CE
:106BD0000178A9B1A188C288914211D1FDF7F8FFCF
:106BE00068B120684078FDF71BFF10F0010F04D05A
:106BF00000212068FDF7F7FF02E0002500E00F25E7
:106C00001DB100203060284670BD2068FAE72DE9EC
:106C1000F74181B01646029800906846FFF736FDAE
:106C20000446002C03DA04B00B20BDE8F081474F86
:106C300057F824504FF0000845B12846FEF784F875
:106C4000686903F07BF8B0B185F80080019840B125
:106C500080F80080E2B200F11401104603F064F8FD
:106C600068B1019847F8240008B1012E0BD004B098
:106C70000020BDE8F08104B00220BDE8F08104B03E
:106C80000220BDE8F081002201A902A8FFF764FDFF
:106C9000044621460198FDF7A6FF04B02046BDE852
:106CA000F0812DE9F747ADF2C44D0446002C0ED01B
:106CB00002F03F052A460DF264410DF59960FFF799
:106CC0004BFD07464FF0000937B100F0BDB90DF597
:106CD0009A6D0920BDE8F087DDF86404CDF86804FA
:106CE00098A9C160C0F810D00DF58D60DDF8C8140A
:106CF000FFF768FC0746380011D19DF8B30410F087
:106D0000800F01D006270AE035F0010001D00121F3
:106D100000E000210DF58D60FDF771FF074615F0CD
:106D20001C0F7DD0C7B1042F13D1FDF79EFF78B1A2
:106D30000DF58D60FFF733F907460AE0FDFFFF7F91
:106D400052526141727241618CC0012090C0012099
:106D5000122745F008050AE09DF86E0410F0110FA7
:106D600001D0072703E015F0040F00D00827002FFB
:106D700041D115F0080F3ED0FDF7A8FC8246DDF8A2
:106D8000640401264FF020080178042934D0DDF88E
:106D9000A40451460E30FDF7CAFEDDF8A4045146A6
:106DA0001630FDF7C4FEDDF8A40480F80B80DDF892
:106DB000A414DDF86404FEF7DBFC80460022DDF855
:106DC000A414DDF86404FEF7E6FCDDF8A404002159
:106DD0001C30FDF7ACFEDDF86404C670B8F1000F9E
:106DE00009D0866B002241460DF58D60FEF738FA1A
:106DF0000746380061D07BE02060DDF8640400695C
:106E00003430FDF75AFEA060DDF8640400693830C4
:106E1000FDF75EFE61612061DDF86404016900E058
:106E200057E091F8211001F00201E171C4F81C90C3
:106E3000006951460830FDF77AFEDDF86404016907
:106E400081F81490006951460C30FDF770FEDDF8B2
:106E50006404016981F81590016981F80480006972
:106E600000213430FDF763FEDDF864040022134690
:106E700000693830FDF765FEDDF864040022134632
:106E800000692830FDF75DFEDDF86404006980F8D4
:106E900021600DF58D60FEF7D9FE0746380027D139
:106EA000A16829B300222046FEF7DAF90746A06858
:106EB000DDF86414401E88611AE03146DDF8640490
:106EC000FDF77DFF0746DDF86414A8F10100886135
:106ED0000EE06FB99DF86E0410F0100F01D004277A
:106EE00006E015F0020F03D010F0010F00D00727C5
:106EF000C7B915F0080F01D045F04005DDF864046E
:106F0000806BA064DDF8A404E06435F0010001D0DA
:106F1000012100E000210DF58D60FDF7B7FEE06274
:106F200000B90227002F7CD1DDF864040178042920
:106F300036D0DDF8A414FEF71BFCA060DDF8A40435
:106F40001C30FDF7BAFDC4F814902061C4F85090CD
:106F5000DDF864042060DDF86404C088A08084F853
:106F6000305084F83190C4F844900021A163E1636B
:106F70004FF4007204F15400FDF710FE15F0200FDD
:106F800062D06669256955EA06005DD0E663A563AF
:106F9000DDF8640440894FEA4028A168CA4632E01F
:106FA000DDF870142162DDF878149DF86F2421F06B
:106FB000FF0111436162DDF8B414A162006934304D
:106FC000FDF77BFDA060DDF8640400693830FDF753
:106FD0007FFD61612061DDF86404006990F82100A3
:106FE00000F00200E071B1E72046FDF750FF0146D6
:106FF000012900D80227B1F1FF3F00D10127B5EBED
:10700000080566EB0A0627B9B8EB05007AEB06001F
:10701000EAD321642FB9E805C00D15D0DDF864046A
:1070200000E011E0FDF727FFD8B16A0A42EAC65135
:107030000A186264DDF86404012304F15401407805
:10704000FDF70AFD00B101270FB1C4F800903946E1
:10705000DDF86404FDF7C7FD0DF59A6D3846BDE80F
:10706000F0870227F0E72DE9F84F04460F46164651
:1070700098460025C8F8005069462046FFF7A0FD55
:107080008146B9F1000F04D194F83190B9F1000FA5
:1070900006D049460098FDF7A6FD4846BDE8F88FA2
:1070A00094F8300010F0010F13D02269A06B6369CF
:1070B000E16B101A63EB0101821BA94100D2064665
:1070C000002E6ED04FF00109208FC005C00D07D0F3
:1070D000B0E007210098FDF786FD0720BDE8F88F96
:1070E000A26BE36B510A41EAC35000994989491EDA
:1070F00000EA0105F5B952EA030005D0206D28B178
:107100002046FEF7F1F905E0A06803E02046216C77
:10711000FDF7BDFE022809D2022084F831000221C9
:107120000098FDF760FD0220BDE8F88FB0F1FF3F49
:1071300024D02064216C0098FDF79DFE38B300EB4D
:10714000050B4FEA562ABAF1000F40D0009805EB24
:107150000A0241898A4201D9A1EB050A40785346C7
:107160005A463946FDF778FCE0B184F831900121A8
:107170000098FDF738FD0120BDE8F88F84F83190C4
:1071800001210098FDF72FFD0120BDE8F88F0220B6
:1071900084F8310002210098FDF725FD0220BDE8AA
:1071A000F88F67E094F8300010F0800F0CD0606C1E
:1071B000A0EB0B00504507D207EB40204FF40072C4
:1071C00004F15401FDF7E1FC4FEA4A2541E0626C0D
:1071D0005A452DD094F8300010F0800F16D000984A
:1071E000012304F154014078FDF744FC40B184F8D8
:1071F000319001210098FDF7F6FC0120BDE8F88FE1
:1072000094F8300000F07F0084F8300000980123EB
:107210005A46407804F15401FDF71EFC40B184F851
:10722000319001210098FDF7DEFC0120BDE8F88FC8
:10723000C4F844B0208FC0F30800C0F50075B54213
:1072400000D93546204400F154012A463846FDF75E
:107250009CFC2F44A16BE26B491942F10000A16331
:10726000E063D8F800002844C8F80000761B002E20
:107270007FF42AAF00210098FDF7B5FC0020BDE89F
:10728000F88F2DE9F84F0646894690469A46002524
:10729000CAF8005069463046FFF792FC044614B91C
:1072A00096F8314034B121460098FDF79CFC204609
:1072B000BDE8F88F96F8300010F0020F15D0009856
:1072C0000078042806D0B06B10EB0801814201D28F
:1072D0006FEA0008B8F1000F00F0F8804FF0010BE2
:1072E000308FC005C00D07D0BFE007210098FDF723
:1072F0007AFC0720BDE8F88FB26BF36B510A41EAC4
:10730000C35000994989491E00EA01048CBB52EA26
:10731000030005D0306D50B13046FEF7E5F80AE0C5
:10732000B06840B900213046FEF731F803E030463E
:10733000316CFEF72CF8002877D0012806D0B0F188
:10734000FF3F0DD03064B168A1B114E0022086F88F
:10735000310002210098FDF746FC0220BDE8F88FBD
:1073600086F831B001210098FDF73DFC0120BDE811
:10737000F88F00E0B06096F8300010F0800F17D062
:107380000098726C0123407806F15401FDF772FBFE
:1073900040B186F831B001210098FDF724FC0120AE
:1073A000BDE8F88F96F8300000F07F0086F83000D6
:1073B000316C0098FDF75FFDC8B107194FEA5825F9
:1073C000A5B30098621941898A4200D90D1B407803
:1073D0002B463A464946FDF74DFB90B186F831B051
:1073E00001210098FDF7FFFB0120BDE8F88F022086
:1073F00086F8310002210098FDF7F5FB0220BDE878
:10740000F88F706CC01BA8420DD209EB40214FF4DD
:10741000007206F15400FDF7B8FB96F8300000F05A
:107420007F0086F830006F0233E04FE0FFE7706CBA
:10743000B84219D0B16B3069F36B7269081A73EBFB
:10744000020011D2009801233A46407806F1540117
:10745000FDF702FB40B186F831B001210098FDF73D
:10746000C2FB0120BDE8F88F7764308FC0F30800BD
:10747000C0F50077474500D94746304454303A4676
:107480004946FDF782FB96F8300040F0800086F810
:107490003000B944B06BF26BC01942F10001F163E6
:1074A000B06334697569221A75EB010201D3204675
:1074B000294671613061DAF800003844CAF80000EA
:1074C000A8EB0708B8F1000F7FF40AAF96F8300078
:1074D00040F0400086F8300000210098FDF783FB63
:1074E0000020BDE8F88F70B5ADF5986D04460DF538
:1074F00097612046FFF764FB0546002D7ED194F886
:10750000300010F0400F79D010F0800F18D0DDF867
:10751000B804626C0123407804F15401FDF7AAFA23
:1075200040B10121DDF8B804FDF75DFB0DF5986D64
:10753000012070BD94F8300000F07F0084F8300026
:10754000FDF7C4F80646DDF8B8040178042906D032
:10755000A16CFDF734FC0546002D62D087E0204683
:10756000FDF74BFE054635B94FF0FF322046216C42
:10757000FDF75AFE0546002D79D1DDF8B80498A92B
:10758000C160C0F810D021460DF58C60FEF743FBBA
:107590000546002D6BD1DDF8B80401690A7942F087
:1075A00020020A71E179026941F0010182F821109B
:1075B0000069A1683430FDF7BAFADDF8B8046369F0
:1075C000226900693830FDF7BCFADDF8B804636958
:1075D000226900692830FDF7B4FADDF8B8043146B5
:1075E00000690C30FDF7A3FADDF8B8040021026948
:1075F000517500691030FDF79AFA00E037E00DF59B
:107600008C60FEF723FB05468DBBDDF8B804FDF763
:10761000F0FB054694F8300000F0BF0084F830001D
:1076200025E0E56CE87A40F02000E8722946A2687F
:107630002068FEF7B0F805F11C002169FDF777FA24
:10764000314605F11600FDF772FA002105F112002E
:10765000FDF768FADDF8B8040121C170FDF7C9FB38
:10766000054694F8300000F0BF0084F83000294649
:10767000DDF8B804FDF7B7FA0DF5986D284670BD32
:1076800038B505462846FFF72EFF044684B96946FB
:107690002846FFF795FA044654B9E86AFDF73EFB21
:1076A00004460CB90020286000210098FDF79BFAE1
:1076B000204638BD2DE9F04F83B0824614461D4662
:1076C00001A95046FFF77CFA0290029810B99AF887
:1076D00031000290029850B901980078042806D130
:1076E000421F5046DAF84010FDF79EFD02900298C6
:1076F00038B102990198FDF776FA029803B0BDE817
:10770000F08FDAF850004FF0000B00287ED0E143F4
:1077100071EA05014DD0DAF81000DAF81410021BF6
:1077200071EB050201D204460D46CAF83C50CAF876
:10773000384054EA050000F00382621E45F1FF3331
:1077400014461D465046FDF7CFFECAF840000146DC
:107750000198FDF790FB0146002974D00198620A58
:1077600042EAC55243895B1E1A405418BAF83810D1
:10777000C905C90D00F0E481DAF84420A24200F006
:10778000DF819AF8301011F0800F6DD0407801231E
:107790000AF15401FDF76EF900285FD001208AF844
:1077A000310001210198FDF71EFA03B00120BDE868
:1077B000F08FD0F80090071D0225DAF8081031B3D9
:1077C00088460024AD1C0E46641C5046FDF75FFB46
:1077D000014601290AD802208AF8310002210198C5
:1077E000FDF701FA03B00220BDE8F08FB1F1FF3FD1
:1077F00019D0701C8142E6D04D4504D8381D3C603C
:10780000071DC0F800800198006A01E044E001E033
:107810008842D5D8DAF8500005604D450FD8C7F832
:1078200000B000F08DB901208AF8310001210198E3
:10783000FDF7D9F903B00120BDE8F08F03E0112076
:10784000029000F07DB902208AF8310002210198EF
:10785000FDF7C9F903B00220BDE8F08F9AF83000B7
:1078600000F07F008AF8300001980123224640781A
:107870000AF15401FDF7F0F850B101208AF8310007
:1078800001210198FDF7AFF903B00120BDE8F08FA9
:10789000CAF8444000F054B9019A1078042804D082
:1078A000012D02D34FF0FF340025DAF81000DAF88A
:1078B0001410031B71EB050306D29AF8303013F055
:1078C000020F01D104460D46DAF83C90DAF8388010
:1078D00000200090CAF83800CAF83C0054EA0500BD
:1078E00073D050894FEA402B58EA090029D0601E16
:1078F00045F1FF315A4600230AF025FC0646B8F14F
:1079000001000F4649F1FF31804689465A4600235F
:107910000AF019FC301A77EB010012D3ABF1010128
:107920000020CA43C14309EA010108EA0200CAF87B
:107930003C10CAF83800241A65EB0105DAF840104B
:1079400010E0DAF8081059B900215046FDF71FFD84
:10795000014601293AD0B1F1FF3F42D0CAF80810E0
:10796000CAF84010002930D00026BBEB040076EBAB
:1079700005006ED2B4EB0B0465EB0605DAF83800AF
:10798000DAF83C3010EB0B027341CAF83C30CAF80D
:1079900038209AF8300010F0020F30D0DAF810C01A
:1079A000DAF81470BCEB020C77EB030C07D2CAF8C0
:1079B0001430CAF8102040F040008AF830005046D9
:1079C000FDF7E5FC0146B9B11DE058E002208AF858
:1079D000310002210198FDF706F903B00220BDE84D
:1079E000F08F01208AF8310001210198FDF7FBF8A2
:1079F00003B00120BDE8F08F0024254629E0504661
:107A0000FDF745FA0146B1F1FF3F10D0012903D936
:107A10000198006A884215D802208AF831000221B4
:107A20000198FDF7E0F803B00220BDE8F08F0120D7
:107A30008AF8310001210198FDF7D5F803B0012043
:107A4000BDE8F08FCAF84010BBEB040276EB0500EE
:107A500090D3DAF83800DAF83C2000196A41CAF805
:107A60003C20CAF83800E005C00D08D00198FDF7A9
:107A700002FAE0B3620A42EAC55108440090DAF81B
:107A80001020DAF83800DAF81430DAF83C10121A5C
:107A900073EB010209D2CAF81410CAF810009AF860
:107AA000300040F040008AF83000BAF83800C005D5
:107AB000C00D45D0DAF844200098824240D09AF8B0
:107AC000300010F0800F24D0019801230AF15401F6
:107AD0004078FCF7CFFFB0B101208AF831000121D6
:107AE0000198FDF780F803B00120BDE8F08FFFE7B3
:107AF00002208AF8310002210198FDF774F803B0E2
:107B00000220BDE8F08F9AF8300000F07F008AF87C
:107B10003000019801230AF154014078009AFCF7E3
:107B20009BFF50B101208AF8310001210198FDF737
:107B30005AF803B00120BDE8F08F0098CAF844005D
:107B400002990198FDF74FF8029803B0BDE8F08F55
:107B500073B5ADF58D6D0446002C0AD000220DF5ED
:107B60008C610DF26C40FEF7F7FD0546002625B14D
:107B700062E00DF58E6D092070BDDDF860142160A6
:107B8000DDF8600498A9C160C0F810D02046DDF887
:107B90006C14FEF717FD054628004AD194F84B00F7
:107BA00010F0800F2ED1A07910F0100F29D0DDF841
:107BB00060040178042904D0E16BFDF7D9FDA060D1
:107BC00020E0A2682262216921F0FF02E1790A43E4
:107BD0006262E26CA26200693430FCF76EFFA06062
:107BE000DDF8600400693830FCF772FF61612061E4
:107BF000DDF86004006990F8210000F00201E171F5
:107C000000E00525ADB9DDF86004C188A180002140
:107C10002046FDF784FC054628000AD1A06838B14B
:107C200000212046FDF732F8E06210B9122500E08D
:107C3000E662042D00D1052505B126602946DDF850
:107C40006004FCF7D0FF0DF58E6D284670BD38B589
:107C5000044669462046FEF7B3FF05465DB9E06A73
:107C600010B1FDF75BF805460DB90020206000213A
:107C70000098FCF7B8FF284638BD70B5ADF58D6D9E
:107C800006460D460DF58C613046FEF799FF044619
:107C900014BB6DB1DDF8600498A9C160C0F810D0C4
:107CA00000213046FEF74BF80446042C06D006E0CF
:107CB00000213046FDF733FC04460DE000245CB99A
:107CC00029463046FEF792FA00213046FDF782FC45
:107CD0000446042C00D100242146DDF86004FCF7A2
:107CE00082FF0DF58D6D204670BD70B505460C46C2
:107CF00021462846FFF7C1FF064630000BD154B19C
:107D0000A07E40B100231A4604F11A01286DFEF747
:107D10000EFB0028ECD0304670BD70B50D46044611
:107D2000114623652046FFF713FF002804D129469A
:107D30002046BDE87040D8E770BD33B5ADF2BC4D0C
:107D40000D4600220DF58C610DF2BC40FEF704FDDE
:107D50000446E4B9DDF8601498A8C860DDF8601442
:107D6000C1F810D00DF58C60DDF8BC14FEF72AFCCC
:107D7000044664B99DF8AB0410F0800F01D00624CE
:107D800005E025B129460DF58C60FEF72FFA214656
:107D9000DDF86004FCF727FF0DF2C44D204630BD2E
:107DA0002DE9F7478DB08846144600220CA90DA88E
:107DB000FEF7D2FC0746380076D10C9820600C986C
:107DC000D0F820A0C169AAF10202914202D8C8F8F5
:107DD000001078E000240178012908D004291ED081
:107DE000D0F82C9000250026002D3CD049E002253B
:107DF000009029466846FDF74AF8B0F1FF3F03D0EE
:107E0000012803D020B104E0012754E0022752E00A
:107E1000641C0C986D1C006A8542EAD34BE0AAF101
:107E20000205D0F8349000263EB9494609F101090F
:107E30000C98FCF7C4FF071E3DD108220C98304473
:107E400090F83C0006E010F0010F00D1641C4008DF
:107E5000521E6D1E0AB1002DF5D1701CC0F308062C
:107E6000002DE1D127E0494609F101090C98FCF702
:107E7000A6FF074638001ED10C9800F13C064FF4CF
:107E800000750C980078022806D03046FCF715FEE5
:107E900030F0704009D009E03046FCF709FE00B927
:107EA000641CB61CAD1E03E00DE0641C361D2D1FC6
:107EB000BAF1010A98D1C8F800400C98C461017960
:107EC00041F00101017139460C98FCF78CFE10B0AD
:107ED0003846BDE8F08738B5044669462046FEF7C7
:107EE0006FFE0546280002D194F831502DB1294685
:107EF0000098FCF778FE284638BD94F8300010F062
:107F0000020F12D02369A06B6269E16BC31A71EB97
:107F100002024FD208430ED02046216CFCF7B7FF77
:107F20000146B1F1FF3F0FD00FE007210098FCF7A9
:107F30005AFE072038BD00222046A168FDF790F9BF
:107F400005460020A0600DE00125012900D1022591
:107F500045B90098006A884204D92046226CFDF792
:107F60007FF90546E16BA06B6161206194F83000F8
:107F700040F0400084F830009DB910F0800F10D020
:107F80000098626C0123407804F15401FCF772FD03
:107F900008B1012505E094F8300000F07F0084F876
:107FA00030003DB184F8315029460098FCF71BFEA3
:107FB000284638BD29460098FCF715FE284638BDEE
:107FC00031B5ADF5A96D002502220DF294410DF5F4
:107FD000A960FEF7C1FB0446DDF89404CDF8F00477
:107FE000002C7DD198A9C160C0F810D00DF59E601D
:107FF000DDF84815FEF7E6FA0446200005D1022117
:108000000DF59E60FCF7FBFD0446002C7CD19DF82D
:108010003B0510F0800F01D0062405E09DF8F60422
:1080200010F0010F00D00724002C55D1DDF8940486
:10803000CDF860040178042913D0DDF82C15FDF784
:1080400097FB05469DF8F60410F0100F44D0DDF8BC
:108050009404CDF89804CDF8A054007804281BD0DF
:1080600026E000693430FCF728FD0546CDF86804A9
:10807000DDF8940400693830FCF72AFDCDF874145B
:10808000CDF87004DDF89404006990F8210000F048
:1080900002008DF86704D5E7DDF87004DDF874148C
:1080A000CDF8AC14CDF8A8049DF867048DF89F04B2
:1080B00000210DF59360FDF732FA044620000BD144
:1080C00000210DF59360FDF73AFE0446200000D133
:1080D0000724042C00D1002414B90DF59E6000E0A3
:1080E00012E0FEF74FF80446200007D135B1002218
:1080F00029460DF58C60FDF7B3F8044624B9DDF888
:108100009404FCF776FE04462146DDF89404FCF75F
:108110006AFD0DF24C5D204630BD2DE9F14FADF505
:10812000986D02220DF264410DF59860FEF714FB84
:108130000446DDF86414CDF86814002C7DD198A8AD
:10814000C860C1F810D00DF58D60DDF8C014FEF7E1
:1081500039FA0446200000D10824042C6DD10021F6
:108160000DF58D60FDF713F98046DDF86404418953
:1081700049020022CDF87C24CDF878140024B8F10F
:10818000000F00D10724B8F1010F00D10224B8F18B
:10819000FF3F00D1012414B9FCF7E6FD0446FCF7CB
:1081A00095FA83464FF010094FF0010A002C59D17F
:1081B0004146DDF86404FCF75EFE0746DDF8640422
:1081C00000F13C064FF4007200213046FCF7E6FC5B
:1081D000DDF86404007804282AD00B2220213046E0
:1081E000FCF7DCFC2E25357086F80B90594606F11D
:1081F0001600FCF79CFC42463146DDF86404FDF7AE
:10820000CAFA2022314606F12000FCF7BEFC86F8AF
:108210002150DDF87024DDF864040178032903D1CE
:10822000016B914200D1002206F12001FDF7B3FA63
:10823000DDF864044589ADB100E020E0DDF86404B8
:1082400087637F1C80F803A0FCF78EFD04462000A6
:1082500008D14FF4007200213046FCF79FFC6D1EE0
:10826000002DE9D124B90DF58D60FDF798FE044687
:108270007CB1002241460DF58D60FCF7F1FF2146EF
:10828000DDF86404FCF7AFFC0DF2C44D2046BDE8F8
:10829000F08FDDF86404017804291AD0DDF8A454C5
:1082A000594605F11600FCF742FC42462946DDF826
:1082B0006404FDF770FA85F80B90DDF8640480F82B
:1082C00003A0002CDBD1DDF86404FCF792FD04462A
:1082D000D5E7006959460C30FCF729FCDDF8640449
:1082E000414600693430FCF722FCDDF86404DDF817
:1082F000781400693830FCF71AFCDDF86404DDF806
:10830000781400692830FCF712FCDDF864040321BE
:10831000026982F82110006980F804900DF58D60E3
:10832000FDF794FC0446CCE773B5ADF5AB6D0DF2EB
:108330005C50FEF7ABF902220DF2A4410DF5AB60E3
:10834000FEF70AFA0446002C40F0F280DDF8A4049F
:10835000CDF8000598A9C160C0F810D00DF5A06057
:10836000DDF85815FEF72EF904462CB99DF84B059B
:1083700010F0A00F00D006242CB902210DF5A0604A
:10838000FCF73DFC0446002C71D1DDF8A404017813
:10839000042919D0DDF83C05152200F10B010DF57B
:1083A0008C60FCF7F2FB58220DF5A0610DF595608D
:1083B000FCF7EBFB0DF59560DDF85C15FEF702F9B7
:1083C0000446002C54D062E0016940220DF58C6017
:1083D000FCF7DBFB58220DF5A0610DF59560FCF76D
:1083E000D4FB0DF59560DDF85C15FEF7EBF804465F
:1083F00074B9DDF80815DDF8B004884207D1DDF85E
:108400003015DDF8D804884201D1042400E00824A6
:10841000042C74D10DF59560FDF7C1FD0446002CC8
:108420007AD1DDF8A4040069457890F8234024301F
:10843000FCF73EFB0646DDF8A40440220DF58C61F6
:108440000069FCF7A2FBDDF8A40400694570DDF8C3
:10845000A404016981F82340006931462430FCF707
:1084600061FB0DF59560FDF7F1FB044654E05FE01C
:10847000DDF80815DDF8B004884207D1DDF83015C5
:10848000DDF8D804884201D1042400E00824042C3B
:1084900042D10DF59560FDF782FD04467CBBDDF809
:1084A000E45413220DF2624105F10D00FCF76DFB5F
:1084B0009DF8600440F02000E872DDF8A404012675
:1084C000C670E97A11F0100F26D0DDF8B024DDF87F
:1084D0000815914220D02946FDF74AF90146DDF8FA
:1084E000A404FCF7C8FC014651B1DDF8A404FCF774
:1084F00066FC0446DDF8A40400F15C0114B10BE055
:10850000022409E04A782E2A06D1DDF8B024FDF7CE
:1085100042F9DDF8A404C67054B90DF5A060FDF76A
:1085200031FE044624B9DDF8A404FCF762FC0446DD
:108530002146DDF8A404FCF756FB0DF5AC6D204692
:1085400070BD77B5ADF2C44D0D46164602220DF250
:1085500064410DF2C440FEF7FFF80446DDF86414F0
:10856000CDF86814002C3CD198A8C860C1F810D090
:108570000DF58D60DDF8C414FEF724F804462000E4
:1085800005D19DF8B30410F0A00F00D0062444BB21
:1085900006F02700DDF864140A78042A0ED0DDF80E
:1085A000A43405EA0002DB7A23EA00001043DDF878
:1085B000A424D0720120C87074B112E0096905EAE0
:1085C00000020B7923EA0000104308710DF58D605D
:1085D000FDF73CFB0446EFE7DDF86404FCF709FC1B
:1085E00004462146DDF86404FCF7FDFA0DF59A6DAA
:1085F000204670BD33B5ADF2C44D0D4602220DF2DA
:1086000064410DF2C440FEF7A7F80446DDF8641497
:10861000CDF86814002C39D198A8C860C1F810D0E2
:108620000DF58D60DDF8C414FDF7CCFF04462CB9C0
:108630009DF8B30410F0A00F00D0062434BBDDF881
:108640006404017804290ED06889298940EA01412F
:10865000DDF8A4041630FCF76AFADDF86414012092
:10866000C87074B112E069892A89006941EA02413F
:108670000C30FCF75CFA0DF58D60FDF7E7FA044667
:10868000EFE7DDF86404FCF7B4FB04462146DDF8AF
:108690006404FCF7A8FA0DF2CC4D204630BD2DE95C
:1086A000F74799B00C469046002201A919A8FEF799
:1086B00053F8074638004ED1002C4CD00198029058
:1086C000B946CDF81090002102A8FCF728FF074614
:1086D00038001CD1012102A8FDF731FB0746380004
:1086E00015D101980078042814D000200146119B70
:1086F0000246401C9B5C0A46491CA3540B29F6D336
:1087000004F8019019B1491E605C2028F8D0042FAC
:108710001ED020E000252E4611984078002814D95C
:108720004FF0020A11980AEB45010844FCF7C0F922
:10873000002101F015FB00B93F203146761C605442
:108740006D1C11984078A842ECD804F80690DEE73A
:1087500084F800900027B7B9B8F1000F13D0019842
:10876000816AFCF72CFB074638000CD10199087888
:10877000032812D004280ED0272008443C30FCF7F0
:108780009CF9C8F8000039460198FCF72CFA1CB097
:108790003846BDE8F0876420EFE74320EDE72DE998
:1087A000F1439EB0022207A91EA8FDF7D5FF04469B
:1087B000200007D021460798FCF715FA1FB0204685
:1087C000BDE8F083079A089200241E9800E0641C1C
:1087D000015D2029FBD211784FF000090DF104084A
:1087E000042927D100252E46002C18D91E99304681
:1087F000761C085C012101F0B3FA0746380010D05E
:108800003946F848FCF7DCF958B9162D09D008EBC1
:1088100005003946FCF786F9AD1CA642E6D32C4686
:1088200053E006210798FCF7DEF91FB00620BDE8EB
:10883000F083641E24B1011911F8011C2029F8D01D
:10884000F4B38DF8049000252F461E9938467F1CFE
:10885000085C012101F084FA01F09CFA002101F08A
:108860007FFA064666B13146DE48FCF7A9F938B909
:10887000B6F5807F01D30A2000E00B20A84207D87C
:1088800006210798FCF7AFF91FB00620BDE8F0837A
:10889000B6F5807F04D3310A28466D1C08F8001015
:1088A00028466D1C08F80060A742CED30B2D06D2D7
:1088B000202029466D1C08F801000B2DF9D300E09B
:1088C00003E09DF80400E52808D0CDF828900021A9
:1088D00008A8FCF724FE054645B14DE0062107989F
:1088E000FCF781F91FB00620BDE8F083012108A83C
:1088F000FDF725FA0546012615B1042D1ED03BE0F3
:1089000007980078042806D07CB10B2201A917989B
:10891000FCF73BF90CE0179960084870179822465D
:10892000801C01A9FCF731F902E01799E5200870D5
:108930000798C670FCF75DFA05461DE00025DCB11E
:10894000012108A8FCF7E4FE0546ADB9202200216C
:108950001798FCF723F907980078042814D0179982
:108960000820C8720B2201A91798FCF70EF9079886
:10897000C670FCF73EFA054629460798FCF733F91E
:108980001FB02846BDE8F083179983200870179917
:108990006008487017982246801C01A9FCF7F5F87A
:1089A000E5E72DE9F04F83B0814614461D4602A944
:1089B0004846FEF705F90646300002D199F83160C5
:1089C0003EB131460298FCF70EF903B03046BDE8DF
:1089D000F08F54EA05001AD0D9F81410D9F8100015
:1089E000084314D199F8300010F0020F0FD0029F05
:1089F00097F80080B8F1040F11D0012D0FD3072193
:108A00003846FCF7F0F803B00720BDE8F08F0721E7
:108A10000298FCF7E8F803B00720BDE8F08F7889EA
:108A2000420293464FF0000A53462046294609F079
:108A30008AFB0146ABF10100204050EA0A0001D058
:108A4000012000E0002008440090D7F818B04FF053
:108A5000000ABBF1020F02D3386A584501D84FF023
:108A6000020BB8F1040F1BD05F46B84600200190FE
:108A700039464846FCF70BFA02997F1C096A8F4277
:108A800000D3022701282BD0B0F1FF3F2AD058B3E2
:108A9000B846002001905F45EAD107265EB348E062
:108AA00059463846009AFCF723FB80465FEA0800E7
:108AB00000D10726B8F1FF3F00D101267EBB0C98FC
:108AC00058B101234146009A0298FCF758FB06462C
:108AD00000984044A0F1010A2BE0A8F1010A28E027
:108AE0000226DBE70126D9E701980099401C019096
:108AF0008842D3D0CFE70C98C8B1C346009F77B166
:108B0000012F09D00BF1010259460298FCF760FAD7
:108B1000064630000DD103E04FF0FF32F4E708E0E5
:108B2000DA460BF1010B7F1E002FE9D101E0A8F11D
:108B3000010AFEB90298C0F818A00C99D1B1C9F881
:108B40000880C9F81450C9F81040022189F80710AC
:108B500099F8301041F0400189F83010026AC1697B
:108B6000921E914206D8009A891AC161017941F09A
:108B70000101017131460298FCF735F803B0304627
:108B8000BDE8F08F2DE9F84F0446884615461F468C
:108B90004FF0000BC7F800B069462046FEF710F80A
:108BA000064616B994F8316036B131460098FCF7A4
:108BB0001AF83046BDE8F88F94F8300010F0010F35
:108BC00012D02269A06B6369E16B101A63EB01019B
:108BD000421B71EB0B0100D205464FF002094FF02A
:108BE000010A90E07169040807210098FBF7FBFF78
:108BF0000720BDE8F88FA06BE16B430A43EAC1523E
:108C0000009B5B895B1E02EA0306228FD205D20D10
:108C100017D1B6B908430ED02046216CFCF737F9BE
:108C200001280AD884F8319002210098FBF7DBFF75
:108C30000220BDE8F88FA068F2E7B0F1FF3F1FD037
:108C40002064216C0098FCF716F910B30644626C9E
:108C5000B2423FD094F8300010F0800F28D0009836
:108C6000012304F154014078FBF704FFD0B184F8EC
:108C700031A001210098FBF7B6FF0120BDE8F88F75
:108C800084F831A001210098FBF7ADFF0120BDE879
:108C9000F88F84F8319002210098FBF7A4FF02209E
:108CA000BDE8F88F94F8300000F07F0084F83000C1
:108CB000009801233246407804F15401FBF7CCFEC2
:108CC00040B184F831A001210098FBF78CFF01200E
:108CD000BDE8F88F04F154026664208FC0F30800E9
:108CE000C0F50071A94200D929461044C047C0B15F
:108CF000A16BE26B091842EB0B02E263A1633968D6
:108D0000014439602D1A2DB100210846C0470028C2
:108D10007FF471AF00210098FBF765FF0020BDE8EC
:108D2000F88F84F8319002210098FBF75CFF022055
:108D3000BDE8F88F2DE9FF4F9FB014462C9E1F46CB
:108D40001FA8FDF7A3FC002803DA23B00B20BDE821
:108D5000F08FFA4951F8201009B100220A70C0B210
:108D600016901698FBF765FE10F0010F03D023B0A4
:108D70000320BDE8F08F10F0040F03D023B00A20C9
:108D8000BDE8F08F14AA03211698FBF781FE38B9CD
:108D9000149828B1B0F5004F02D8411E084201D006
:108DA000012014904FF4007514B1B4F5007F05D381
:108DB000B4F1807F02D8601E044203D023B0132098
:108DC000BDE8F08FB4FBF5FA3C46B6FBF5F94FEA87
:108DD00049201590159848B10CAA01211698FBF767
:108DE00057FE38B123B00120BDE8F08F23B00E202C
:108DF000BDE8F08F209810F0080F01D0002000E0AF
:108E00003F200F900C990F98814203D223B00E207F
:108E1000BDE8F08F0F98081A0C90802803D223B079
:108E20000E20BDE8F08F209911F0040F01F007012A
:108E30000AD0042905D0B0F1806F02D2BAF1800FB8
:108E400002D94FF0040B16E0BAF1800F03D923B01A
:108E50001320BDE8F08F209A12F0020F05D00229EE
:108E600023D0209911F0010F1FD0209911F0010F8C
:108E70001ED04FF0020BBBF1040F1DD0410C1A9114
:108E8000010B199114994FF6F573491E1891149915
:108E900040F6F57C17915646BBF1030F00F0D182E6
:108EA000002E00F0EF8200F0FABA4FF0030BE2E779
:108EB00023B01320BDE8F08FB0F5805F03D223B05C
:108EC0000E20BDE8F08F0F9906910F990844401EBF
:108ED000079006AA04211698FBF7DAFDBAF1000FF5
:108EE0000CD14FF0080A0C98B0F5002F01D34FF0C9
:108EF000400AB0F1806F01D34FF4807A0F9800F1EF
:108F000020010E910C98B0FBFAF1891C05EB810150
:108F1000491EB1FBF5F20B920B9A0E990A44149973
:108F20000A44521E491E22EA01010D910D99B1EB2E
:108F3000500F03D323B00E20BDE8F08F0F9A0D9988
:108F4000891A401AB0FBFAF01E911390139810285A
:108F500003D223B00E20BDE8F08F794913988842E0
:108F600003D923B00E20BDE8F08F1398C01DC008B0
:108F700005900598401E0AFB05014FEA4A20B1FB07
:108F8000F0F0069006990D980AFB0100129000205F
:108F9000039000263746B04604960096009880B3AA
:108FA000012853D0B8B20290F01986B20020009088
:108FB0000298C0B204F808000399FCF762FD01466C
:108FC000029804EB0802000A5070FCF75AFD039067
:108FD00008F102080498801C049016B11598804589
:108FE00042D108EB0500401EB0FBF5F84346214690
:108FF000129A1698FBF73EFD80B323B00120BDE81E
:10900000F08FFFE7304600F0C5FE02900298B042B4
:1090100002D0701C86B2CBE7012700E07F1CF0195C
:109020001D900004000C07D01D9880B200F0B2FE25
:109030001D9989B28842F1D0802F05D34FF6FF7079
:10904000029002200090B3E701200090701C02966D
:1090500086B27F1EACD100200090A9E7FFE71298EE
:10906000404412904FF00008002E97D104980AFB5C
:1090700005F1401E0AFB0500B0FBF1F0079001204E
:1090800008900D98129005982844401EB0FBF5F703
:10909000079906980844461C00212046159AFBF7BC
:1090A0007DFD0020FF2103E00246401CA154083E44
:1090B000082E02D3159A9042F6D3012105E0225CD6
:1090C0000A4322544906090E761E16B1159A90429B
:1090D000F5D34F4501D9C84600E0B846434621467E
:1090E000129A1698FBF7C6FC18B123B00120BDE810
:1090F000F08F129840441290A7EB0807002FCBD1B5
:109100000E9812900B981190002637460196002178
:109110002046159AFBF742FD4FF0000806BB6FF0A2
:1091200007012046FBF703FD201D4FF0FF31FBF741
:10913000FEFC4FF00808022612E0000090C001205B
:10914000FDFFFF7F012F01D9711C01E04FF0FF31BE
:1091500004EB0800FBF7EBFC08F10408761C7F1E0B
:1091600017B115988045EDD347B90198032805D26A
:109170000198411C019106A951F8207017B115986A
:109180008045EDD31198484501D9C84601E0DDF886
:10919000448021464346129A1698FBF76BFC18B19F
:1091A00023B00120BDE8F08F12984044129011982E
:1091B000A0EB0800119011980028A8D100212046AA
:1091C000159AFBF7EBFC83202070812084F82000A7
:1091D000022104F13400FBF7AAFC04F138000599E0
:1091E000FBF7A5FC822084F8400004F144000399B9
:1091F000FBF79DFC0698811C04F15400FBF797FCDB
:1092000004F158000499FBF792FC07990698014471
:109210000D980AFB010856464E4501D94F4600E01D
:1092200037463B46424621461698FBF723FC18B1C9
:1092300023B00120BDE8F08F2A4600212046FBF72D
:10924000ADFCB844F61B002EE6D1B0460F9E0E983A
:10925000801B1C9060191B902A4600212046FBF7BA
:109260009DFC0B22FE492046FBF78FFC04F14000D9
:109270000F99FBF75CFC04F148000C99FBF757FCD5
:1092800004F150001C99FBF752FC04F154000B99B7
:10929000FBF74DFC04F158001E99FBF748FC04F164
:1092A0005C001399FBF743FC079906980844811C5E
:1092B00004F16000FBF73BFCFBF708FA014604F100
:1092C0006400FBF734FC4FF4807104F16800FBF795
:1092D00029FC002284F86C20284604E094F86C10E5
:1092E000491C84F86C104008F8D184F86D20D146F0
:1092F00004E094F86D00401C84F86D005FEA5909A1
:10930000F7D1012084F86E00802084F86F004FF6BA
:10931000EB6104F17800FBF705FC4AF6552104F5F2
:10932000FF70FBF7FFFB00200390002D12D9B9F16D
:109330006A0F0BD0B9F16B0F08D0B9F1700F05D0DF
:1093400014F809000399FCF79CFB039009F101094B
:10935000A945ECD3771C0123324621461698FBF72A
:1093600089FB18B123B00120BDE8F08F2A46002107
:109370002046FBF713FC1B984AF65521801EFBF78D
:10938000D1FB4FF00109002606E03046761C205C38
:109390000399FCF776FB0390AE42F6D33A467F1C66
:1093A000012321461698FBF765FB18B123B0012075
:1093B000BDE8F08F09F10109B9F1090FE3D32A469D
:1093C00000212046FBF7EAFBB9F10B0F1BD2002668
:1093D00006E03046761C205C0399FCF752FB0390B4
:1093E000AE42F6D33A467F1C012321461698FBF77E
:1093F00041FB18B123B00120BDE8F08F09F101094C
:10940000B9F10B0FE3D30026002D06D9A01903995B
:10941000FBF78DFB361DAE42F8D37E1C01233A4686
:1094200021461698FBF726FB18B123B00120BDE8B2
:10943000F08F08F10108B8F1020FFFF40DAF00F052
:1094400009BA66B9DDF8688000210126854F01E080
:10945000491C760037F811200AB14245F8D9B0FB13
:10946000F6F105EB8102D21DB2FBF5F820270022B0
:109470000A92994202D97C4A914229D923B00E20FE
:10948000BDE8F08FDDF8648000210126774F01E010
:10949000491C760037F811200AB14245F8D9B0FBD3
:1094A000F6F1614503D9042202EB410107E04FF0D8
:1094B000010B01EB41014A1C032101EB520129443C
:1094C000491EB1FBF5F80127B903B1FBF5F10A918B
:1094D0000F9939440E910E9901EB08020A990A443A
:1094E00017991144A1F1010E18992EEA0101891A68
:1094F000BBF1030F0AD088440F9902EB0612511AF0
:10950000814209D923B00E20BDE8F08F0F44DDF869
:1095100038E071440E91EFE7C11BA1EB08020A99F4
:10952000511AB1FBF6F11391BBF1030F0DD1139951
:1095300099420AD8BAF1000F03D15FEA560A7FF4C4
:10954000AAAC23B00E20BDE8F08FBBF1020F30D1E2
:10955000139999421DD9BAF1000F06D14021B1EB00
:10956000460F02D34FEA460A95E4209911F0020F04
:1095700002D04FF0030B8EE4BAF1000F05D14FEA91
:10958000460ABAF1800F7FF686AC23B00E20BDE804
:10959000F08F139961450CD8BAF1000F05D14FEA4D
:1095A000460ABAF1800F7FF676AC23B00E20BDE8F4
:1095B000F08FBBF1010F06D11399614503D923B098
:1095C0000E20BDE8F08F0F9906910F990844401EB8
:1095D000079006AA04211698FBF75AFA2A4600219A
:1095E0002046FBF7DBFA0B2221A12046FBF7CDFA40
:1095F000294604F10B00FBF795FA6673B9B204F142
:109600000E00FBF78FFA01202074BBF1030F0ED080
:10961000410204F11100FBF785FA0C99B1F5803F86
:1096200007D289B204F11300FBF77CFA05E00021B0
:10963000EFE704F12000FBF77AFAF82060753F218C
:1096400004F11800FBF76EFAFF2104F11A00FBF792
:1096500069FA04F11C000F99FBF769FA29270DE05C
:109660005868030890690408F5FFFF0F8269040831
:10967000EBFE904D53444F53352E3000BBF1030F9A
:1096800028D0FBF723F8014604F12700FBF74FFA37
:109690001FFA88F104F11600FBF744FA802084F8E1
:1096A000240084F826701322FEA104F12B00FBF79E
:1096B0006CFA4AF6552104F5FF70FBF733FA0123E3
:1096C00021460F9A1698FBF7D5F950B323B0012025
:1096D000BDE8F08FFAF7FAFF014604F14300FBF70B
:1096E00026FA414604F12400FBF721FA022104F195
:1096F0002C00FBF71CFA012104F13000FBF712FAF1
:10970000062104F13200FBF70DFA802084F84000B6
:1097100084F842701322E8A104F14700FBF735FA00
:10972000C7E7BBF1030F33D10F980123821D2146F8
:109730001698FBF79FF92A4600212046FBF72EFAE0
:10974000E2492046FBF7F3F9E14904F5F270FBF733
:10975000EEF91398411E04F5F470FBF7E8F90221C5
:1097600004F5F670FBF7E3F94AF6552104F5FF70AE
:10977000FBF7D8F90F980123C21D21461698FBF775
:1097800079F90F980123421C21461698FBF772F9CC
:1097900000212046159AFBF701FADDF838A00020D9
:1097A0000990BBF1030F0CD0BBF1010F1AD06FF081
:1097B00007012046FBF7BBF947464F4514D94846F9
:1097C00013E06FF007012046FBF7B1F94FF0FF31CE
:1097D000201DFBF7ACF96FF0704104F10800FBF7B6
:1097E000A6F9E9E7BB49E4E738461090524621461E
:1097F000109B1698FBF73EF918B123B00120BDE885
:10980000F08F2A4600212046FBF7C8F910988244C1
:1098100010983F1A002FD0D10998401C0990099840
:109820000028BED0BBF1030F00D00A9E4E4501D9DF
:109830004F4600E037463B46524621461698FBF716
:1098400019F918B123B00120BDE8F08FBA44F61B16
:10985000002EEBD1BBF1040F08D0BBF1030F07D0F2
:109860000C98B0F5803F05D3062607E0072605E0F3
:109870000C2603E0BBF1020F05D00126209810F062
:10988000080F02D038E00426F8E72A4600212046D7
:10989000FBF784F94AF6552104F5FF70FBF742F90E
:1098A00004F5DF750021297001206870A870E97047
:1098B0002E710C990F98084443F6C161B0FBF1F08A
:1098C000FE2169713F2141EA9001A971E87105F11A
:1098D00008000F99FBF72BF905F10C000C99FBF729
:1098E00026F90123002221461698FBF7C3F818B188
:1098F00023B00120BDE8F08F002211461698FBF737
:10990000C7F818B123B00120BDE8F08F23B00020C4
:10991000BDE8F08F2DE9F04182B007469046002562
:109920003C464E1E002E13DD6B46012201A9404627
:10993000FDF799FB009801280AD19DF804000D2835
:1099400004D004F8010B6D1C0A2801D0B542EBDBF2
:10995000002020701DB102B03846BDE8F08102B091
:109960000020BDE8F081F8B504460E460A2E03D16A
:109970000D212046FFF7F7FF6068002816DB451C25
:10998000204406733D2D0DDB6B462A4604F10C0185
:109990002068FDF776FC0098A84201D1002501E07F
:1099A0004FF0FF356560A068401CA060F8BD38B579
:1099B00004466268002A0CDB6B4604F10C01206847
:1099C000FDF75FFC28B960680099884201D1A06862
:1099D00038BD4FF0FF3038BD01600021416081602B
:1099E000704710B594B0044601A8FFF7F5FF214673
:1099F00001A8FFF7B8FF01A8FFF7D9FF14B010BD09
:109A000010B594B0044601A8FFF7E6FF207838B1FE
:109A100014F8011B01A8FFF7A6FF20780028F7D152
:109A200001A8FFF7C4FF14B010BD0FB42DE9F04733
:109A30009CB0014608A8FFF7CFFF26A81B904FF067
:109A40002D086F46259810F8011B2590002900F07D
:109A50002181252903D008A8FFF785FFF2E700251B
:109A60002E4610F8011B2590302902D02D2905D053
:109A700008E0012610F8011B259003E0022610F8EB
:109A8000011B2590A1F13000092829D805EB85009C
:109A900001EB4000A0F13005259810F8011B25903E
:109AA0001AE000004E4F204E414D45202020204618
:109AB00041542020202020004E4F204E414D452073
:109AC0002020204641543332202020005252614150
:109AD00072724161F8FFFF00A1F130000928D5D969
:109AE0006C2901D04C2905D146F00406259810F8C0
:109AF000011B2590002972D00A46A2F1610011468F
:109B0000192801D84130C2B24F2A4ED006DC422A71
:109B100049D0432A3FD0442A06D148E0532A07D0EF
:109B2000552A44D0582A44D008A8FFF71CFF89E7DB
:109B30001B9850F8049B1B90002400E0641C19F84B
:109B400004000028FAD116F0020F0BD12046641C45
:109B5000A84207D2202108A8FFF705FF2046641C71
:109B6000A842F7D399F8000040B199F8001008A86E
:109B7000FFF7F9FE19F8010F0028F6D1661CAC4278
:109B8000BFF460AF202108A8FFF7EDFE3046761C39
:109B9000A842F7D356E71B9810F8041B1B9008A89F
:109BA000FFF7E1FE4EE7022304E0082302E00A2368
:109BB00000E0102316F0040F06D0DDF86CC05CF84E
:109BC000040BCDF86CC007E0442A09D0DDF86CC066
:109BD0005CF8040BCDF86CC0442A08D00DE059E0C5
:109BE000DDF86CC05CF8040BCDF86CC0F4E710F045
:109BF000004F02D0404246F008060024B0FBF3F2CA
:109C000003FB1202D2B2B0FBF3F0092A05D978297E
:109C100019D04FF0070C6244D2B23032A446641C13
:109C200007F80C2008B1202CE8D316F0080F03D059
:109C30002046641C07F80080A14616F0010F05D0ED
:109C40004FF0300A09E04FF0270CE4E74FF0200A0C
:109C500003E0514608A8FFF786FE16F0020F04D174
:109C6000484609F10109A842F3D3641E08A8395DEA
:109C7000FFF779FE002CF8D109F10104A945BFF4E2
:109C8000E1AE514608A8FFF76EFE2046641CA842CC
:109C9000F7D3D7E608A8FFF78AFE1CB0BDE8F007A7
:109CA0005DF814FB10B4844601201E4B5C7A002C36
:109CB00016D1587A1C54587A03EB8000C0F804C0BF
:109CC000587A03F1080C00F80C20587A421C5A729A
:109CD000303008703A2048702F208870CC700020F7
:109CE00010BC70470022DDE7014601200D4B5A7A77
:109CF000002A11D009783039C9B203EB8102D2F8B9
:109D000004C0BCF1000F07D0002050601944087255
:109D1000587A401E5872002070470021E4E701483D
:109D2000407A704758C8012010B50C460020F9F75A
:109D300015FD2060002800D0012010BD10B5F9F7F6
:109D4000BCFD012010BD10B500244FF47A71F9F765
:109D500053FD00B90124204610BDF9F77BBD00007A
:109D6000802805D3324A41B1B0F5807F01D300206D
:109D70007047803832F810007047002132F81130F7
:109D8000834203D0491C89B28029F7D301F18000B6
:109D9000C0B2704710B4B0F5805F01D2254900E031
:109DA000254931F8022B002A16D0904214D331F8FD
:109DB000023B4FEA132CDBB2D418844232D9BCF1F7
:109DC000090F09D2DFE80CF0050A1115191D21252C
:109DD0002900801A31F8100010BC7047811A01F078
:109DE0000101401A80B210BC7047103880B210BC1C
:109DF0007047203880B210BC7047303880B210BC39
:109E000070471A3880B210BC7047083080B210BC5E
:109E10007047503880B210BC7047A0F5E35080B254
:109E200010BC7047BCF1000FBBD101EB4301B8E798
:109E30009E6904089E6A0408906C040810B50446E4
:109E40002046FAF749FD01212046FAF7A4FD00203B
:109E500010BD70B504460020002504EB8001C1F858
:109E60005457401C1028F8D30020211881F81C51A9
:109E7000401CB0F5806FF8D3257065700120A0708C
:109E8000C4F8945720764021A171657684F81C555A
:109E900084F81D0584F81F5584F81E55010204F14D
:109EA0001C0008F029FD4FF4806104F58E7008F065
:109EB00023FDC4F82655C4F82A55C4F82E55C4F815
:109EC0003255A4F836554FF4FF7104F5A76008F039
:109ED00013FD002070BD2DE9F04383B00446012539
:109EE000607800260D27A9464FF00508082880F065
:109EF000F181DFE800F0045295DBFEFDFCFB082158
:109F0000204601F052FA18B1032821D000F0E2B93E
:109F100094F82D05A07184F8019094F81D15029015
:109F20000196009194F81C3521798022204601F099
:109F300019FDA07994F81D1502900196009194F8EE
:109F40001C3561790022204601F00CFD00F0C2B9F9
:109F5000F2A008F06FF9F3A008F06CF9FEA008F089
:109F600069F994F81E05401CC0B284F81E05032848
:109F700008D9FAA008F05EF9F7A008F05BF927709D
:109F800000F0A8B96179204601F024FD217920462E
:109F900001F020FD267000F09DB91221204601F04D
:109FA00004FA18B1032815D000F094B9B4F83015AC
:109FB000FAA008F03FF9E8A008F03CF9B4F82E1533
:109FC000F9A008F037F9E4A008F034F90220607035
:109FD00000F080B9D1A008F02DF9F6A008F02AF918
:109FE000DDA008F027F994F81E05401CC0B284F8E3
:109FF0001E05032808D9D9A008F01CF9D6A008F03E
:10A0000019F9277000F066B96179204601F0E2FC89
:10A010002179204601F0DEFC6670267000F05AB906
:10A020000121204601F0A3FB18B103282BD000F03A
:10A0300051B90220FAF7DBFC494684F81C95ECA0E4
:10A0400008F0F8F8C4A008F0F5F803206070A079D3
:10A0500094F81D1502900196009194F81C35217911
:10A060008022204601F07EFCA07994F81D15029014
:10A070000196009194F81C3561790022204601F088
:10A0800071FC00F027B9A5A008F0D4F8DEA008F014
:10A09000D1F8B1A008F0CEF8B0A008F0CBF8AEA08F
:10A0A00008F0C8F82770667000F014B9092120463E
:10A0B00001F0D8FA18B1032805D000F00BB904203C
:10A0C000607000F007B995A008F0B4F8DB4808F01C
:10A0D000B1F8A1A008F0AEF894F81E05401CC0B27B
:10A0E00084F81E0503280DD99CA003E0CCE08FE086
:10A0F00047E013E008F09EF897A008F09BF827705F
:10A1000000F0E8B86179204601F064FC217920462E
:10A1100001F060FC6670267000F0DCB8B4F83A1507
:10A12000204601F09FFA18B1032805D000F0D2B8FC
:10A1300084F8018000F0CEB878A008F07BF8BF4822
:10A1400008F078F884A008F075F894F81E05401C13
:10A15000C0B284F81E05032808D980A008F06AF868
:10A160007DA008F067F8277000F0B4B86179204648
:10A1700001F030FC2179204601F02CFC667026703D
:10A18000A8E094F83415062679B3FF2304F58E72FF
:10A19000204601F0C3FA10B1032814D09AE004F568
:10A1A0008E71A7A008F046F86BA008F043F866701F
:10A1B000C4F8B08700231A4604F5F661D4F8A8075E
:10A1C000F9F7ABFC86E0A3A008F034F862A008F031
:10A1D00031F86670C4F8B08700231A4604F5F661BA
:10A1E000D4F8A807F9F799FC74E0FFE799A008F004
:10A1F00021F859A008F01EF86670C4F8B087002353
:10A200001A4604F5F661D4F8A807F9F786FC61E070
:10A2100094F83515072629B3FF2304F58E722046DE
:10A2200001F07CFA10B103280AD053E004F58E71D6
:10A230008DA007F0FFFF48A007F0FCFF667049E023
:10A240008DA007F0F7FF44A007F0F4FF6670C4F894
:10A25000B08700231A4604F5F661D4F8A807F9F789
:10A260005CFC37E084A007F0E5FF3BA007F0E2FFCD
:10A270006670C4F8B08700231A4604F5F661D4F876
:10A28000A807F9F74AFC25E094F83615D9B1FF2361
:10A2900004F58E72204601F041FA10B103280AD06D
:10A2A00018E004F58E7178A007F0C4FF2AA007F02B
:10A2B000C1FF00250EE079A007F0BCFF26A007F043
:10A2C000B9FF002506E075A007F0B4FF22A007F053
:10A2D000B1FF002503B02846BDE8F08330B585B056
:10A2E000044602200490002094F82115012901D190
:10A2F0000321217021780C2980F0F182DFE801F040
:10A3000006EDECEBEAE9E8E7E6E5E40D94F8200574
:10A31000002800F0E48266A0E0E0ACE24552524F33
:10A32000523A2000436F6E74726F6C206572726FC8
:10A33000723A2047657420446576696365204465F8
:10A340007363726970746F7220726571756573746E
:10A35000206661696C6564000A000000436F6E74DA
:10A36000726F6C206572726F722C2044657669631F
:10A3700065206E6F7420526573706F6E64696E67CE
:10A3800020506C6561736520756E706C7567207404
:10A390006865204465766963652E00005049443A3B
:10A3A00020257868000000005649443A2025786846
:10A3B00000000000436F6E74726F6C206572726FE4
:10A3C000723A204765742046756C6C204465766946
:10A3D00063652044657363726970746F722072657F
:10A3E0007175657374206661696C656400000000B6
:10A3F0004164647265737320282325642920617386
:10A400007369676E65642E00436F6E74726F6C20A3
:10A410006572726F723A2044657669636520536590
:10A42000742041646472657373207265717565731D
:10A4300074206661696C656400000000287504087A
:10A440004D616E756661637475726572203A202580
:10A45000730000004D616E7566616374757265729C
:10A46000203A204E2F41000050726F6475637420B3
:10A470003A2025730000000050726F6475637420E9
:10A480003A204E2F4100000053657269616C204EE6
:10A49000756D626572203A202573000053657269FC
:10A4A000616C204E756D626572203A204E2F41001E
:10A4B0005553422044657669636520436F6E6E652F
:10A4C00063746564000000003FE109E1ECE0D4E062
:10A4D00098E1A2E003E2D5E15DE01EE007F0AAFE0C
:10A4E000AFF28C1007F0A6FE01252570C820FAF700
:10A4F0007EFA2046FAF711FA002084F81C05C4F809
:10A500009807C4F8B05700231A4604F5F661D4F84A
:10A51000A807F9F702FB00F0E2B994F82305012837
:10A5200016D0D4F89807B0F57A7F21D994F81F0592
:10A53000401CC0B284F81F05032816D9F4A007F008
:10A5400079FEAFF2EC1007F075FE0D20207015E0DB
:10A55000FAA007F06FFEAFF2002007F06BFE0020BC
:10A5600084F81F050220207008E00020207005E01C
:10A570000A30C4F898070A20FAF739FA0120C4F81B
:10A58000B00700231A4604F5F661D4F8A807F9F7D6
:10A59000C4FA00F0A4B9D4F8A42712B104212046CB
:10A5A00090476420FAF723FA2046FAF7A5F984F8D1
:10A5B0001D05052020700021204601F0F7F960718B
:10A5C0008021204601F0F2F92071A27994F81D351E
:10A5D0000025029201950093014694F81C358022D3
:10A5E000204601F0BFF9A07994F81D15029001955D
:10A5F000009194F81C3561790022204601F0B2F9EF
:10A600000120C4F8B00700231A4604F5F661D4F817
:10A61000A807F9F782FA00F062B92046FFF75BFC61
:10A6200004909DF81000002840F05981CAA007F05E
:10A6300001FEAFF2DC2007F0FDFD002084F82405C8
:10A6400094F8370501280ED0072020700520C4F8A3
:10A65000B00700231A4604F5F661D4F8A807F9F705
:10A660005CFA00F03CB9C1A007F0E4FDAFF218308D
:10A6700007F0E0FD08202070E8E7D4F8A427002ABE
:10A6800000F02D81012120469047082020700520F0
:10A69000C4F8B00700231A4604F5F661D4F8A807F9
:10A6A000F9F73BFA00F01BB994F83D15204601F08C
:10A6B0006BF840B909202070B6A007F0BBFDAFF2DF
:10A6C000683007F0B7FD0120C4F8B00700231A4630
:10A6D00004F5F661D4F8A807F9F71FFA00F0FFB8FF
:10A6E00094F83F0510F0200F20D00121204601F002
:10A6F00065F804909DF8100020B19DF81000032823
:10A700000AD015E0AAA007F095FDAFF2B43007F02B
:10A7100091FD0A2020700BE0ADA007F08BFDAFF299
:10A72000C83007F087FD0A20207001E00A20207061
:10A730000120C4F8B00700231A4604F5F661D4F8E6
:10A74000A807F9F7EAF900F0CAB8D4F8501791B1A0
:10A750000021C4F84C1794F8471504EB8002D2F896
:10A76000382712798A420ED104EB8000D0F83807DE
:10A77000C4F84C070BE0A1A007F05CFDAFF2284045
:10A7800007F058FD32E0401CC0B20528E5D3D4F8EC
:10A790004C0710B381682046884760B10D202070B7
:10A7A000D4F84C0701689DA007F044FDAFF2584073
:10A7B00007F040FD1AE006202070D4F84C0701682D
:10A7C0009EA007F037FDAFF2704007F033FDD4F8DC
:10A7D000A42703212046904708E00D2020709CA06C
:10A7E00007F028FDAFF2904007F024FD0520C4F8E3
:10A7F000B00700231A4604F5F661D4F8A807F9F764
:10A800008CF96CE0D4F84C07E0B101692046884728
:10A8100004909DF8100020B19DF81000022803D08C
:10A820001DE00B2020701AE00D202070AFF21450B4
:10A8300007F000FD90A007F0FDFCAFF2E44007F048
:10A84000F9FC0CE00D202070AFF2305007F0F2FC64
:10A8500093A007F0EFFCAFF2005007F0EBFC0520EF
:10A86000C4F8B00700231A4604F5F661D4F8A80727
:10A87000F9F753F933E0D4F84C0780B34169204627
:10A8800088472CE0002584F821552046FFF7E1FA9F
:10A89000D4F84C0720B1C16820468847C4F84C570B
:10A8A000D4F8A42712B105212046904782A007F0D2
:10A8B000C1FCAFF25C5007F0BDFC94F82205012802
:10A8C00010D02046FAF708F80120C4F8B00700239A
:10A8D0001A4604F5F661D4F8A807F9F71EF905B091
:10A8E000002030BD84F822552046FFF7A7FAEBE799
:10A8F00004464FF0FF33002204F5F661D4F8A807B0
:10A90000F9F742F90028F4D12046FFF7E7FCF0E719
:10A91000555342205265736574204661696C6564C5
:10A920002C20506C6561736520756E706C756720A6
:10A93000746865204465766963652E00555342202E
:10A9400044657669636520526573657420436F6D55
:10A95000706C657465640000456E756D6572617438
:10A96000696F6E20646F6E652E0000005468697315
:10A970002064657669636520686173206F6E6C7909
:10A98000203120636F6E66696775726174696F6EDE
:10A990002E00000044656661756C7420636F6E66FE
:10A9A000696775726174696F6E207365742E00003B
:10A9B0004465766963652072656D6F7465207761A3
:10A9C0006B65757020656E61626C656400000000E7
:10A9D00052656D6F74652077616B657570206E6F61
:10A9E0007420737570706F7274656420627920745E
:10A9F0006865206465766963650000004E6F2043DA
:10AA00006C61737320686173206265656E20726586
:10AA100067697374657265642E0000004465766929
:10AA20006365206E6F7420737570706F7274696ED9
:10AA30006720257320636C6173732E002573206378
:10AA40006C61737320737461727465642E0000000E
:10AA50004E6F207265676973746572656420636CFC
:10AA600061737320666F7220746869732064657601
:10AA70006963652E00000000446576696365206E99
:10AA80006F7420726573706F6E64696E6720506CAE
:10AA90006561736520556E706C75672E000000004F
:10AAA000496E76616C696420436C617373204472F3
:10AAB000697665722E000000555342204465766920
:10AAC000636520646973636F6E6E656374656400AB
:10AAD00070B504460E46002C2FD084F89C27002524
:10AAE000C4F84C57C4F850572046FFF7B2F984F821
:10AAF000235584F8205584F8215584F822550EB149
:10AB0000C4F8A467002204211020F8F7C2FFC4F89B
:10AB1000A807CA48C6A101604FF40071416118211D
:10AB2000816102462146C648F8F738FAC4F8AC07F6
:10AB30002046F9F792FE002070BDAFF6200007F026
:10AB400079FBC0A007F076FBAFF2F47007F072FB60
:10AB5000022070BD10B504462046FFF77AF90020A8
:10AB600084F8230584F8200584F8210584F822055B
:10AB700084F81F0584F81E05D4F8A00710B12046FC
:10AB8000F9F7B2FED4F8AC07F8F7F1FAD4F8A80751
:10AB9000F9F770F8002010BD10B50022002919D077
:10ABA000D0F85037052B08D203F1010CC0F850C77C
:10ABB00000EB8300C0F8381718E0AFF6A00007F0EC
:10ABC00039FBA5A007F036FBAFF6740007F032FBA7
:10ABD00002220BE0AFF6BC0007F02CFBA5A007F0AB
:10ABE00029FBAFF68C0007F025FB0222104610BDB2
:10ABF00070B505460C46002695F83C05A0422BD9B9
:10AC000085F824452146A1A007F014FBAFF6B80053
:10AC100007F010FB04EBC40000EB041005EB40044C
:10AC2000A2A094F8471507F005FBAFF6D40007F093
:10AC300001FB94F84815A1A007F0FCFAAFF6E80074
:10AC400007F0F8FA94F84915A0A007F0F3FAAFF668
:10AC5000F80007F0EFFA0BE0AFF6401007F0EAFA61
:10AC60009EA007F0E7FAAFF6101007F0E3FA02260D
:10AC7000304670BD90F84705704730B484460020D8
:10AC80000CF5A76400EBC00C0CEB001C04EB4C0CA7
:10AC90000CF10A0C9CF805508D4201D0FF290BD114
:10ACA0009CF80650954201D0FF2A05D19CF807C0B8
:10ACB0009C4506D0FF2B04D0401CC0B20A28E1D32B
:10ACC000FF2030BC704710B40346002003F5A76C8A
:10ACD00000EBC00303EB00130CEB43030A339C7837
:10ACE0008C4202D1DB78934204D0401CC0B20A28C7
:10ACF000EED3FF2010BC704710B50446002120465B
:10AD0000F9F749FE2046F9F7EFFD2179204600F0DA
:10AD100061FE6179204600F05DFE002010BD90F8D4
:10AD20002305704770B504462046FFF7F8FF01255C
:10AD300030B184F822552046FFF7DEFF84F8215514
:10AD4000C4F8B05700231A4604F5F661D4F8A807F2
:10AD5000F8F7E3FE002070BDC0F894177047017843
:10AD60000B2905D1D0F84C17002901D08969084773
:10AD70007047D0F89417491CC0F89417EFE70121E9
:10AD800080F82315C0F8B017D0F8A8C7002300F545
:10AD9000F6611A466046F8F7C0BE002180F8231518
:10ADA000704710B5012280F82025002180F8211578
:10ADB00080F82215C0F8B027D0F8A8C7002300F506
:10ADC000F6611A466046F8F7A8FE002010BD70B57F
:10ADD0000446012584F82155002084F8200584F8D4
:10ADE00023052046F9F780FD2179204600F0F2FD89
:10ADF0006179204600F0EEFDC4F8B05700231A46F2
:10AE000004F5F661D4F8A807F8F787FE002070BDB6
:10AE100010B50121C0F8B017D0F8A8C7002300F57D
:10AE2000F6611A466046F8F778FE002010BD000073
:10AE3000555342485F5175657565000064C801202F
:10AE4000F1A80308496E76616C696420486F7374D9
:10AE50002068616E646C65004D617820436C61739D
:10AE600073204E756D6265722072656163686564FA
:10AE700000000000496E76616C696420436C617368
:10AE8000732068616E646C6500000000537769741C
:10AE90006368696E6720746F20496E7465726661BD
:10AEA000636520282325642900000000436C61733A
:10AEB00073202020203A20257868000053756243D3
:10AEC0006C617373203A20257868000050726F74AB
:10AED0006F636F6C203A20257868000043616E6EC6
:10AEE0006F742053656C65637420546869732049DE
:10AEF0006E746572666163652E00000030B400F206
:10AF000026530024002943D091F800C083F800C0E4
:10AF100091F801C083F801C091F802C0CD784CEAE5
:10AF2000052CA3F802C091F804C083F804C091F87E
:10AF300005C083F805C091F806C083F806C091F8F3
:10AF400007C083F807C090F81D05082518B301282D
:10AF500021D002282DD00324082A16D9087A4A7A4B
:10AF600040EA02201881887ACA7A40EA0220588191
:10AF7000087B4A7B40EA02209881887B9873C87BD3
:10AF8000D873087C1874487C5874204630BC7047CD
:10AF900030BC02207047BCF1080FDDD0BCF1100FAF
:10AFA000DAD0BCF1200FD7D0BCF1400FD4D0DD7186
:10AFB000D2E7BCF1080FCFD0DD71CDE7F8B504467C
:10AFC0000125207E0C2880F09781DFE800F0CA067A
:10AFD000104C59909FE8F8F6F5F4627904F11001ED
:10AFE000204600F009FC0220207600F085B9617946
:10AFF0002046F9F7CCFC012805D0042824D00228EB
:10B0000022D000F079B9207C00F08000E18A39B1CB
:10B01000802802D00520207606E00320207603E079
:10B0200080280ED0072020760320C4F8B007002324
:10B030001A4604F5F661D4F8A807F8F76EFD00F09B
:10B040005BB909202076EFE70B2020760320C4F8B7
:10B05000B00700231A4604F5F661D4F8A807F8F7FC
:10B060005CFD00F049B9D4F89407E0812379A28906
:10B070002046A16800F0EAFB0420207600F03CB9ED
:10B0800021792046F9F783FC0646012E0CD10920D0
:10B0900020760320C4F8B00700231A4604F5F661B1
:10B0A000D4F8A807F8F739FD052E03D0042E0FD0E9
:10B0B00000F022B903250320C4F8B00700231A4684
:10B0C00004F5F661D4F8A807F8F727FD00F014B9E5
:10B0D0000B2020760320C4F8B00700231A4604F59D
:10B0E000F661D4F8A807F8F718FD00F005B90120BB
:10B0F00000906379A2892046A16800F08FFBD4F804
:10B100009407E0810620207600F0F6B861792046A9
:10B11000F9F73DFC012807D0052814D0022821D0DA
:10B1200004282DD000F0E8B8072020760320C4F8CA
:10B13000B00700231A4604F5F661D4F8A807F8F71B
:10B14000ECFC00F0D9B80C20207603250320C4F8CD
:10B15000B00700231A4604F5F661D4F8A807F8F7FB
:10B16000DCFCC9E0052020760320C4F8B0070023EA
:10B170001A4604F5F661D4F8A807F8F7CEFCBBE050
:10B180000B20207602250320C4F8B00700231A46BE
:10B1900004F5F661D4F8A807F8F7BFFCACE000228C
:10B1A00023791146204600F051FBD4F89407E08142
:10B1B00008202076A0E07BE044E035E0FFE721793D
:10B1C0002046F9F7E4FB012804D0042811D0052813
:10B1D0001DD091E00D20207600250320C4F8B00793
:10B1E00000231A4604F5F661D4F8A807F8F795FC91
:10B1F00082E00B2020760320C4F8B00700231A4613
:10B2000004F5F661D4F8A807F8F787FC74E0032585
:10B210000320C4F8B00700231A4604F5F661D4F8F9
:10B22000A807F8F77AFC67E0012000900022637914
:10B230001146204600F0F2FAD4F89407E0810A2083
:10B24000207659E061792046F9F7A1FB012804D066
:10B25000022811D004281DD04EE000250D202076B4
:10B260000320C4F8B00700231A4604F5F661D4F8A9
:10B27000A807F8F752FC3FE0092020760320C4F825
:10B28000B00700231A4604F5F661D4F8A807F8F7CA
:10B2900044FC31E00B2020760320C4F8B0070023E3
:10B2A0001A4604F5F661D4F8A807F8F736FC23E04F
:10B2B000607E401CC0B26076022803D80120207650
:10B2C000A07019E0D4F8A427062120469047002555
:10B2D0006576EEA006F0AEFFEEA006F0ABFFF7A09D
:10B2E00006F0A8FF6179204600F074FB2179204622
:10B2F00000F070FB257002252846F8BD2DE9F041CD
:10B3000004460125A07801260327012802D002283F
:10B3100029D10FE0A160A28126760220A070C4F896
:10B32000B07700231A4604F5F661D4F8A807F8F7B9
:10B33000F4FB18E02046FFF741FE054625B1032D3A
:10B3400002D0022D04D004E0A6700020207600E098
:10B35000A670C4F8B07700231A4604F5F661D4F855
:10B36000A807F8F7DAFB2846BDE8F08130B48C4630
:10B3700002998478012C10D14CF0800C80F810C018
:10B380004FF0060C80F811C0428202F47F42B2F501
:10B39000407F06D000228282C1820A4630BC194614
:10B3A000ACE740F209428282F6E738B505460C4622
:10B3B000B4F5806F0AD9B5A006F03CFFC04806F08E
:10B3C00039FFBEA006F036FF032038BD05F58E73A9
:10B3D0004FF48072002128460094FFF7C7FF002831
:10B3E000F3D1224605F58E712846BDE8384085E543
:10B3F00030B40446002013780B7053784B70937868
:10B400008B7092F803C081F803C01379557943EA31
:10B4100005238B8092798A71002B02D0B3F5806F5F
:10B4200000D9032094F81D15032431B1012924D03B
:10B43000022945D030BC032070470CF003010229DB
:10B440000AD01CF0030F0DD0012910D034EA0C01F2
:10B450000DD0032030BC7047B3F5007FFAD903202C
:10B4600030BC7047402BFBD9032030BC70470AB179
:10B47000102AFAD930BC032070470CF003010229CE
:10B480000AD01CF0030F07D001290AD034EA0C01BE
:10B490000FD0032030BC7047402BFBD9032030BCB9
:10B4A00070471AB1102A01D8402BF8D9032030BCBC
:10B4B000704712B1B3F5806FF9D330BC03207047E9
:10B4C0001CF0030F05D034EA0C0107D0032030BC78
:10B4D0007047082BFBD0032030BC70470AB1082B03
:10B4E000FAD930BC032070470A8803781A440A80CE
:10B4F0000178084470470A7802704A7842708A7866
:10B500008270CA78C2700A79052A00D305220271B6
:10B510004A7942718A798271CA79C271097A017253
:10B5200070472DE9F74F82B0029800F5A767002019
:10B5300001908046002926D00C464FF0090A207859
:10B54000092801D084F800A008783870487878700D
:10B550008878CB7840EA0320B0F5807F01D34FF4A0
:10B560008070788008793871487978718879B871F5
:10B57000C879F871087A3872092A6FD9CDF800A015
:10B580004FF0070B57E005B00220BDE8F08F694689
:10B590002046FFF7A9FF0446607804284BD12078A5
:10B5A000092801D084F800A008EBC80000EB0810BF
:10B5B00007EB400909F10A0521462846FFF79BFFE2
:10B5C00000261CE069462046FFF78EFF044660789F
:10B5D000052814D16879012804D1A87902281DD042
:10B5E00003281BD084F800B009EBC60000F1140159
:10B5F00022460298FFF7FCFE0190701CC6B2287923
:10B60000B04204D97888BDF800108842DAD8287989
:10B61000B0420CD905B00320BDE8F08FE8790028CE
:10B62000E2D120780928DFD084F800A0DCE708F117
:10B63000010000F0FF08B8F10A0F04D27888BDF8C5
:10B6400000108842A3D838790A2800D30A20404540
:10B6500004D905B00320BDE8F08FFFE7019805B0DD
:10B66000BDE8F08FF8B506460C4606F11C05B4F5AA
:10B67000807F29D905A006F0DDFD124806F0DAFD2D
:10B680000EA006F0D7FD0320F8BD00004552524F32
:10B69000523A2000436F6E74726F6C206572726F45
:10B6A000723A20446576696365206E6F7420726516
:10B6B00073706F6E64696E67000000000A0000001E
:10B6C0006C750408F47504082B464FF400720021D1
:10B6D00030460094FFF74AFE0028D5D1224629467D
:10B6E0003046BDE8F8401CE74378032B15D10378BA
:10B6F000A3F1020C944500D89A1E92B2831C00203C
:10B70000002A08D913F800C081F800C0491C801C29
:10B7100080B29042F6D3002008707047F8B5054615
:10B7200017461C46B4F5806F0CD85FB141F44072E7
:10B7300005F58E73002128460094FFF717FE064694
:10B740006EB112E0AFF2BC0006F074FD294806F0BD
:10B7500071FDAFF2980006F06DFD0320F8BD2246A2
:10B76000394605F58E70FFF7BFFF3046F8BD827889
:10B77000012A06D100220274052343744182828289
:10B78000C28200221146B9E58278012A06D1002240
:10B7900002740923437441828282C28200221146CC
:10B7A000ACE58378012B06D103740B2343744282EA
:10B7B00081820021C182002211469FE58278012A00
:10B7C00006D1002202740323437441828282C28222
:10B7D0000022114692E58278012A07D102220274E2
:10B7E00001224274002242828182C28200221146DA
:10B7F00084E50000B075040810B584B01446002339
:10B800004FF0080C019100931A46CDF808C003933D
:10B810002146F9F7A8F804B0002010BD30B585B076
:10B820008C4608991D4690F81D45002C00D000213B
:10B830000124002302920391CDF804C000941A461B
:10B840002946F9F790F805B0002030BD30B585B035
:10B850001D464FF0000C0124029201916346CDF881
:10B860000CC0009422462946F9F77DF805B0002067
:10B8700030BD30B585B08C4608991D4690F81D4501
:10B88000002C00D000210124029203910223CDF864
:10B8900004C0009400222946F9F765F805B000209D
:10B8A00030BD30B585B01D4601244FF0000C02922A
:10B8B00001910223CDF80CC0009422462946F9F7E5
:10B8C00052F805B0002030BD30B585B01D460124CA
:10B8D0004FF0000C029201910323CDF80CC00094AC
:10B8E00022462946F9F73FF805B0002030BD30B5B3
:10B8F00085B01D464FF0000C0124029201910323F4
:10B90000CDF80CC0009462462946F9F72CF805B032
:10B91000002030BD30B585B01D46012492B24FF0F5
:10B92000000C029201912346CDF80CC000942246EF
:10B930002946F9F718F805B0002030BD30B585B0BC
:10B940001D464FF0000C92B2012402920191234651
:10B95000CDF80CC0009462462946F9F704F805B00A
:10B96000002030BD30B583B0DDF818C0089D079CBD
:10B97000CDF800C002950194F8F7DBFF03B000207A
:10B9800030BD10B5F8F7E7FF002010BD01460020DC
:10B9900001EB8002B2F8542712F4004F05D0401C8E
:10B9A000C0B21028F4D34FF6FF70704770B504464C
:10B9B0000D462046FFF7EAFFA0F57F42FF3A07D089
:10B9C00000F00F0204EB820245F40041C2F8541764
:10B9D000C0B270BD102907D200EB8100B0F8541737
:10B9E000C1F30E01C0F854170020704710B4D0F80E
:10B9F0004C07C0690022B0F8EE30002B16D900EBDE
:10BA0000820CDCF890C09CF804C08C450AD100EB95
:10BA10008200D0F89000C07810BC42EA004040F4A8
:10BA2000C0607047521CD2B29342E8D80022B0F8EE
:10BA3000F2C0BCF1000F18D900EB8203D3F8A0309C
:10BA40005C798C4202D09B798B420AD100EB820058
:10BA5000D0F8A000C07810BC42EA004040F48060FA
:10BA60007047521CD2B29445E6D80022B0F8F030AC
:10BA7000002B16D900EB820CDCF8B0C09CF805C096
:10BA80008C450AD100EB8200D0F8B000C07810BC21
:10BA900042EA004040F4A0607047521CD2B2934288
:10BAA000E8D80022B0F8EC30002B16D900EB820C5D
:10BAB000DCF880C09CF807C08C450AD100EB8200FE
:10BAC000D0F88000C07810BC42EA004040F44070DA
:10BAD0007047521CD2B29342E8D810BC0020704785
:10BAE0002DE9F041064600210025D6F84C07C4692F
:10BAF0000020B4F8EA30002B16D940F2012C04EBF8
:10BB00008002126F1779527947EA0222624507D103
:10BB100004EB8000006FC178C07984F8510103E024
:10BB2000401CC0B28342EAD83046FFF75FFF90B1B5
:10BB3000C2B2C0F30723C0F30741032B17D0042B75
:10BB40000FD0052B10D0062B08D00225032BEBD1EC
:10BB50002846BDE8F0810220BDE8F08184F84F213D
:10BB6000F4E784F84D21F1E784F84E21EEE784F8FC
:10BB70005021EBE72DE9F041064600210025D6F8DB
:10BB80004C07C4690020B4F8EA30002B16D940F203
:10BB9000011C04EB8002126F1779527947EA0222E6
:10BBA000624507D104EB8000006FC178C07984F84A
:10BBB000090103E0401CC0B28342EAD80020B4F877
:10BBC000E820002A0DD904EBC003D3F8C030DB789D
:10BBD0008B4202D184F8040103E0401CC0B28242CF
:10BBE000F1D840F203173046FFF700FF90B1C2B220
:10BBF000C0F30723C0F30741032B17D0042B0FD04A
:10BC0000052B10D0062B08D00225032BEBD128469C
:10BC1000BDE8F0810220BDE8F08184F80721F4E757
:10BC200084F80521F1E784F80621EEE784F808217D
:10BC3000042A0CD204EB8200D0F88000027940790B
:10BC400042EA0020B842E0D00020BDE8F0810225A1
:10BC5000DBE7012902D0022938D04BE0917807298F
:10BC600048D2DFE801F04704060F2A2118000260DD
:10BC700040E0B0F87E104B1CA0F87E3000EB810055
:10BC8000426037E0B0F880104B1CA0F8803000EB29
:10BC9000810042612EE0B0F882104B1CA0F8823087
:10BCA00000EB8100426225E0B0F884104B1CA0F844
:10BCB000843000EB810042641CE0B0F886104B1C1D
:10BCC000A0F8863000EB8100426313E091780129EF
:10BCD00002D002290ED105E0B0F87C1000EBC100C3
:10BCE000426507E0B0F87C104B1CA0F87C3000EBFC
:10BCF000C1008265002070472DE9F84304464FF0EB
:10BD000000090025A846D4F84C07C76904F11C06B1
:10BD1000092000900020A7F8EE00A7F8EA00A7F895
:10BD2000EC00A7F8E800B4F83A0509283DD96946BF
:10BD30003046FFF7D9FB06467078042802D0242845
:10BD40002DD108E096F80280F27841462046FEF7B1
:10BD5000BAFF054623E094F83C0540451FD3FF2D6C
:10BD600001D00A2D0ED3F3A006F064FAD4F84C07E4
:10BD70000168F3A006F05EFAFEA006F05BFA4FF051
:10BD800002090CE005EBC50000EB051004EB4000D8
:10BD9000324690F8481507F16C00FFF75AFFB4F8E7
:10BDA0003A05BDF800108842C1D84846BDE8F8837E
:10BDB00070B505460226D5F84C07C4690122FF2359
:10BDC00011462846FEF759FFFF2801D00A2801D363
:10BDD000022070BD002101EBC10000EB011005EB5A
:10BDE000400292F84705032822D1B2F85005F8B175
:10BDF00092F84E0510F0800F1AD001EBC10000EB55
:10BE0000011005EB400090F84E0584F88401B2F86B
:10BE10005005A4F8860192F8440584F8880192F848
:10BE2000520584F88B01012084F88901002603E083
:10BE3000481CC1B20A29CED3304670BDF0B40226E8
:10BE4000D0F84C17CD694FF0000C0023012703EB0D
:10BE5000C30101EB031100EB410191F84725012AD1
:10BE600026D191F84825022A22D191F84E4514F0A6
:10BE7000800F1DD1B1F85025D2B10CEB8C0205EB2F
:10BE8000420282F83840B1F85045548791F8444551
:10BE900082F83D4091F8454582F83C4091F85215B2
:10BEA000A2F8401082F83E700CF1010101F0FF0C85
:10BEB000591CCBB20A2BCAD3BCF1000F00D000260C
:10BEC0003046F0BC7047F0B40226D0F84C17CD696C
:10BED0004FF0000C0023012703EBC30101EB03111A
:10BEE00000EB410191F84725012A21D191F848251D
:10BEF000022A1DD191F84E4514F0800F18D0B1F8E8
:10BF00005025AAB10CEB8C0205EB42029471B1F8FA
:10BF10005045148191F84445D47291F84545947286
:10BF200091F85215D18117730CF1010101F0FF0C4A
:10BF3000591CCBB20A2BCFD3BCF1000F00D0002686
:10BF40003046F0BC70472DE9F04383B0054600272A
:10BF5000B8460122002311462846FEF78EFEFF2830
:10BF600017D04FF4D27006F098F8D5F84C17C86186
:10BF7000044620001DD04FF4D27106F0BDFC2846C7
:10BF8000FFF7A1FF06462846FFF758FF022E1DD0F7
:10BF90001EE068A006F04EF9D5F84C07016876A0BF
:10BFA00006F048F973A006F045F903B00220BDE899
:10BFB000F08360A006F03EF979A006F03BF96DA091
:10BFC00006F038F903B00220BDE8F08302280BD058
:10BFD00000214FF0010901EB810004EB400090F8D3
:10BFE0003E20012A10D028E052A006F023F9D5F80F
:10BFF0004C07016874A006F01DF95EA006F01AF95E
:10C0000003B00220BDE8F083468FBE4215D9374603
:10C0100090F83D2084F8F82090F83C2084F8F9202E
:10C0200090F8382084F8F420428FA4F8F62090F895
:10C03000402084F8FC2084F8FA90027B012A15D174
:10C040000289424512D99046C27A84F84021827A08
:10C0500084F84121827984F83C210289A4F83E21A8
:10C0600090F8400084F8440184F84291481CC1B221
:10C070000529B0D32846FFF79BFE08B984F88991BB
:10C080002846FFF739FE94F8FA0001281FD1284608
:10C09000FFF770FD94F8F4102846FFF787FC84F84A
:10C0A000FB00B4F8F62095F81D35CDF80490009308
:10C0B0000292014695F81C3594F8F4202846FFF7C3
:10C0C00051FC94F8FB1000222846F8F771FC94F814
:10C0D000420101281FD12846FFF702FD94F83C11C8
:10C0E0002846FFF763FC84F84301B4F83E3195F825
:10C0F0001D25CDF8049002930092014695F81C3559
:10C1000094F83C212846FFF72DFC94F843110022B7
:10C110002846F8F74DFC94F8890101287CD194F861
:10C1200084112846FFF742FC84F88A01B4F886217E
:10C1300003215EE04445425547203A2000000000BC
:10C1400043616E6E6F742046696E6420746865206A
:10C15000617564696F20696E7465726661636520DC
:10C16000696E64657820666F7220257320636C6148
:10C1700073732E000A00000043616E6E6F742046D8
:10C18000696E642074686520696E746572666163A7
:10C190006520666F7220257320636C6173732E00B7
:10C1A00043616E6E6F7420616C6C6F6361746520A7
:10C1B0006D656D6F727920666F7220415544494FED
:10C1C0002048616E646C6500257320636C61737335
:10C1D00020636F6E66696775726174696F6E206E39
:10C1E0006F7420737570706F727465642E00000038
:10C1F00012E095F81D35019100930292014695F8E1
:10C200001C3594F884212846FFF7ACFB94F88A117A
:10C2100000222846F8F7CCFB84F8009084F80390BD
:10C2200003B00020BDE8F08370B50546D5F84C0793
:10C23000C469002694F84311002909D02846FFF765
:10C24000A0FB94F843112846FFF7C4FB84F8436130
:10C2500094F8FB1049B12846FFF793FB94F8FB10C4
:10C260002846FFF7B7FB84F8FB6094F88A1149B1C0
:10C270002846FFF786FB94F88A112846FFF7AAFBA9
:10C2800084F88A61D5F84C07C06920B105F034FF05
:10C29000D5F84C07C661002070BD2DE9F00F92461D
:10C2A000DDF82090DDF824800024002500220026FF
:10C2B000D0F84CC7DCF81CC00027022909D003299C
:10C2C0001ED0062911D002271FB33846BDE8F00F53
:10C2D0007047DCF87010C97846EA01254FF4807485
:10C2E0000021ACF890110122EEE70CEB8A01D1F8A5
:10C2F0009010C97846EA012549EA03244246E3E75B
:10C30000DCF88010C97846EA01254FF480740122D8
:10C31000DAE7A12101748421417444828582C282BA
:10C32000BDE8F00F0CF5C871FEF7E8BF2DE9F00F7E
:10C330009246DDF82090DDF82480002400250022BC
:10C340000026D0F84CC7DCF81CC00027022909D011
:10C3500003291ED0062911D002271FB33846BDE895
:10C36000F00F7047DCF87010C97846EA01254FF4E9
:10C3700080740021ACF890110122EEE70CEB8A01E9
:10C38000D1F89010C97846EA012549EA03244246CB
:10C39000E3E7DCF88010C97846EA01254FF48074A1
:10C3A0000122DAE7A121017483214174448285824C
:10C3B000C282BDE8F00F0CF5C871FEF79FBF2DE9F2
:10C3C000F00F9246DDF82090DDF82480002400254F
:10C3D00000220026D0F84CC7DCF81CC00027022938
:10C3E00009D003291ED0062911D002271FB33846D1
:10C3F000BDE8F00F7047DCF87010C97846EA0125F7
:10C400004FF480740021ACF890110122EEE70CEBA0
:10C410008A01D1F89010C97846EA012549EA032437
:10C420004246E3E7DCF88010C97846EA01254FF47C
:10C4300080740122DAE7A1210174822141744482CF
:10C440008582C282BDE8F00F0CF5C871FEF756BFB9
:10C450002DE9F00F9246DDF82090DDF824800024CD
:10C46000002500220026D0F84CC7DCF81CC00027AD
:10C47000022909D003291ED0062911D002271FB393
:10C480003846BDE8F00F7047DCF87010C97846EA0E
:10C4900001254FF480740021ACF890110122EEE7E1
:10C4A0000CEB8A01D1F89010C97846EA012549EAD7
:10C4B00003244246E3E7DCF88010C97846EA012508
:10C4C0004FF480740122DAE7A121017481214174C3
:10C4D00044828582C282BDE8F00F0CF5C871FEF778
:10C4E0000DBFF0B583B08446DCF84C07C469012663
:10C4F000022360784FF6FF75001F052865D2DFE83C
:10C5000000F0192F034D6300009201930A460223A5
:10C5100006216046FFF79CFF012856D0042060707A
:10C52000B4F89211B4F8900105EA01210843C4F867
:10C5300034014AE0009201930A4602230621604634
:10C54000FFF73DFF012840D005206070B4F892113C
:10C55000B4F8900105EA01210843C4F82C0134E045
:10C56000009201930A46022306216046FFF7DEFE91
:10C5700001282AD007206070B4F89211B4F8900115
:10C5800005EA01210143C4F83011D4F82C0181429D
:10C590001BD24FF47F40C4F8300116E000920193A3
:10C5A0000A46022306216046FFF777FE01280CD0D9
:10C5B00008206070B4F89211B4F8900105EA0121E6
:10C5C0000843C4F8380100E0002603B03046F0BD4F
:10C5D00070B505460126D5F84C07C469284694F87D
:10C5E000A12194F8A011FFF77CFF012813D094F843
:10C5F000A101012811D0401E84F8A101062060701D
:10C600000220C5F8B00700231A4605F5F661D5F8F3
:10C61000A807F7F782FA304670BD94F8070184F84E
:10C62000A001002084F8A1010026E7E72DE9F047EA
:10C630000546D5F84C07C4690126022720784FF03B
:10C6400006084FF00409082880F0DB80DFE800F0DE
:10C65000D904C70432739E6B94F8420101280DD0AF
:10C6600084F80090C5F8B07700231A4605F5F66106
:10C67000D5F8A807F7F751FA00F0C3B894F84011BD
:10C6800000222846FFF78DF818B1032805D000F0E6
:10C69000B8B884F8009000F0B4B8FEA005F0CAFD68
:10C6A000FEA005F0C7FDAFF2345005F0C3FD022631
:10C6B00000F0A7B894F8FA004FF0070901280FD04E
:10C6C00084F8009084F80180C5F8B07700231A46FA
:10C6D00005F5F661D5F8A807F7F71FFA00F091B84D
:10C6E00094F8F81000222846FFF75BF810B10328F1
:10C6F0000DD086E084F8009084F8018094F807015A
:10C7000084F8A00194F8090184F8A10179E0E1A07E
:10C7100005F090FDE1A005F08DFDAFF2A85005F009
:10C7200089FD02266DE02846FFF752FF002868D1F8
:10C730000520207065E094F8420101280CD084F8AF
:10C740000080C5F8B07700231A4605F5F661D5F8E4
:10C75000A807F7F7E2F954E094F8412194F8401162
:10C760002846FFF71EF810B1032803D049E084F8EB
:10C77000008046E0C7A005F05DFDC8A005F05AFDA9
:10C78000AFF2106005F056FD02263AE094F8FA0088
:10C7900001280BD02770C5F8B07700231A4605F59D
:10C7A000F661D5F8A807F7F7B8F92AE094F8F92068
:10C7B00094F8F8102846FEF7F4FF10B1032802D0D1
:10C7C0001FE027701DE0B3A005F034FDB3A005F015
:10C7D00031FDAFF2606005F02DFD022611E0012071
:10C7E000A070D5F8A4270221284690470026C5F856
:10C7F000B09700231A4605F5F661D5F8A807F7F7B4
:10C800008CF93046BDE8F0870120704770472DE96C
:10C81000F0039146DDF81880079F002400250022D0
:10C82000D0F84CC7DCF81CC00026022907D0062926
:10C8300012D00226E6B13046BDE8F0037047DCF8BE
:10C840007010C978002242EA01254FF4807400215B
:10C85000ACF890110122EDE70CEB8901D1F89010B2
:10C86000C978002242EA012548EA03243A46E1E772
:10C87000212101740121417444828582C282BDE874
:10C88000F0030CF5C871FEF739BD00B583B09446CE
:10C89000D0F84C27D269A2F89031022213460192B7
:10C8A0000A46CDF800C00621FFF7B1FF03B000BD76
:10C8B00070B584460125DCF84C07C469012929D0EC
:10C8C00002292FD00225D4F83411D4F83001814246
:10C8D00001D9C4F83401D4F83411D4F82C018142C0
:10C8E00001D2C4F83401B4F8340194F8A12183B220
:10C8F00094F8A0116046FFF7C8FF012808D094F80B
:10C90000A101012816D0401E84F8A1010620607004
:10C91000284670BDD4F83811D4F834010844C4F85E
:10C920003401D0E7D4F83811D4F83401401AC4F8EF
:10C930003401C8E794F8070184F8A00194F80901CC
:10C9400084F8A1010025E1E72DE9F0410546012623
:10C95000D5F84C07C469E078012807D0022822D016
:10C96000012704284CD0052859D151E0D5F8940767
:10C9700010F0010F53D1D5F89407C4F88C0194F846
:10C980008A3194F8862104F5C8712846FEF79CFF89
:10C9900094F8070184F8A00194F8090184F8A10132
:10C9A0000220E0703BE094F88A112846F7F7EFFF89
:10C9B00001280ED194F8921194F890014FF6FF726D
:10C9C00002EA01210843C1B22846FFF771FF01289E
:10C9D00025D0D5F89407D4F88C11401A94F88B110F
:10C9E00088421CD3D5F89407C4F88C0194F88A3196
:10C9F00094F8862104F5C8712846FEF765FF0EE01D
:10CA000001212846FFF754FF48B9E770002606E0E9
:10CA100002212846FFF74CFF08B9E7700026304690
:10CA2000BDE8F08170B505460126D5F84C07C4690C
:10CA30002079012804D0022853D00226304670BD48
:10CA4000D5F8940710F0010F0ED00120F6F7C7FCBF
:10CA50000420C5F8B00700231A4605F5F661D5F89D
:10CA6000A807F7F75AF8E9E7D5F89407C4F80001E2
:10CA70000220207194F8FB30B4F820212846D4F825
:10CA80001011FEF75BFFB4F82001C4F81801C4F8D8
:10CA90001C0121E04552524F523A2000436F6E7400
:10CAA000726F6C206572726F723A20415544494F23
:10CAB0003A204465766963652053657420696E7415
:10CAC0006572666163652072657175657374206651
:10CAD00061696C6564000000D4F81001C4F81401A9
:10CAE000ACE794F8FB102846F7F751FF0128A5D1D1
:10CAF000D5F89407D4F80011401A94F8FC10884235
:10CB00009CD3D5F89407C4F8000194F88901012852
:10CB100002D12846FFF718FFD4F82411D4F81C01DD
:10CB200088421AD894F8FB30B4F820212846D4F86B
:10CB30001411FEF703FFB4F82001D4F814110144D6
:10CB4000C4F81411D4F818110144C4F81811D4F819
:10CB50001C110844C4F81C0170E74FF0FF30C4F802
:10CB600018010520A0702846FFF750FE66E77047C1
:10CB700030B494464FF480730322222404740124B9
:10CB8000447443828182C28230BC6146FEF7B6BBE8
:10CB90002DE9F04105460126D5F84C07C469052763
:10CBA000A07806284CD2DFE800F04B032C1B473A54
:10CBB00094F8040104EBC000D0F8C400C17902204D
:10CBC00059B1A070C5F8B00700231A4605F5F66103
:10CBD000D5F8A807F6F7A1FF32E00321A170F1E72D
:10CBE00094F8040104EBC000D0F8C40000F108027E
:10CBF00094F8F4102846FFF7BBFF064606BBA77063
:10CC00001EE004F5867294F8F4102846FFF7B0FF92
:10CC10000646AEB9A7702846FFF7A9FF10E0002628
:10CC20000420C5F8B00700231A4605F5F661D5F8CB
:10CC3000A807F6F772FF03E02846FFF7F3FE002689
:10CC40003046BDE8F08170B506460125D6F84C07A0
:10CC5000C46994F8FA00012802D13046FFF798FF22
:10CC600094F84201012802D13046FFF7CDFD284655
:10CC700070BD002070472DE9F04784460127002051
:10CC80009CF800400B2C61D1DCF84CC7DCF81C5040
:10CC900095F802C0BCF1050F58D195F804C105EB19
:10CCA000CC0CDCF8C44094F807C0BCF1000F22D0D3
:10CCB00094F800C0714EACF1080CA6FB0C6CCCF3E0
:10CCC00047088446B8F1000F33D90CEB4C0606F147
:10CCD000090906F10A0A14F80990083614F80AA09E
:10CCE0004FEA0929A65D49EA0A4949EA06068E4241
:10CCF00019D101201DE094F809C0A67A4FEA0C2C46
:10CD00004CEA064C267A4CEA060C267B94F80D80F9
:10CD10003602E47A46EA08463443614509D3A14223
:10CD200007D8012005E00CF1010C0CF0FF0CC44504
:10CD3000CBD301280DD0AFF2A42005F07BFA50A090
:10CD400005F078FAAFF6D43005F074FA3846BDE84D
:10CD5000F087C5F80C1101FB03F050434FF4FA5172
:10CD6000B0FBF1F0A5F820010220A8700027EDE744
:10CD700010B5022403780B2B1CD1D0F84C37DB699B
:10CD800093F802C0BCF1050F14D1C3F81011C3F819
:10CD90002421042199700122DA701A710024C0F84C
:10CDA000B017D0F8A8C7002300F5F6611A46604610
:10CDB000F6F7B3FE204610BD022102780B2A0AD1F5
:10CDC000D0F84C07C0698278042A04D10321C170CD
:10CDD00005218170002108467047EDE702210278A5
:10CDE0000B2A09D1D0F84C07C0698278052A03D1F3
:10CDF0000122C270042282700846704701780B2914
:10CE000005D1D0F84C07C0698178042902D04FF0D1
:10CE1000FF307047D0F818017047022203780B2BBF
:10CE200013D1D0F84C07C0698378042B0DD1D0F80A
:10CE300010318B4209D8C0F81411D0F810218A4261
:10CE400002D10021C0F81811002210467047D0F816
:10CE50004C27D269012901D0022905D100780B287D
:10CE600002D19078042801D002207047012903D014
:10CE70000520D070002070470420FAE7ABAAAAAAC8
:10CE800053616D706C652052617465206E6F742003
:10CE9000737570706F727465642062792074686550
:10CEA00020417564696F2044657669636500000000
:10CEB00070B584B005460222012311462846FDF7CD
:10CEC000DCFE0646FF2E01D00A2E0ED3EDA005F0A3
:10CED000B1F9D5F84C070168EDA005F0ABF9FCA05D
:10CEE00005F0A8F904B0022070BD31462846FDF7D0
:10CEF0007FFE10B104B0022070BD502005F0CDF8C7
:10CF0000D5F84C17C8610446200042D0502105F0E6
:10CF1000F3FC06EBC60000EB061005EB400090F8B2
:10CF20004E1511F0800F03D06170B0F8500560818C
:10CF300061782846FEF73AFD2070628995F81D3524
:10CF40000321019100930292014695F81C35627805
:10CF50002846FEF707FD217800222846F7F728FD2E
:10CF600000231A460A212846FDF787FEFF2801D034
:10CF70000A281AD3C3A005F05DF9D5F84C0701685B
:10CF8000D4A005F057F9D2A005F054F904B002205E
:10CF900070BDBCA005F04EF9DBA005F04BF9CCA0AC
:10CFA00005F048F904B0022070BD00EBC00101EBB0
:10CFB000001005EB400090F84E1511F0800F04D0E2
:10CFC000E173B0F85015618303E0A173B0F8501518
:10CFD000218390F8561511F0800F04D0E173B0F85A
:10CFE0005805608303E0A173B0F858052083A17B46
:10CFF0002846FEF7DBFC6073E17B2846FEF7D6FC93
:10D000002073208B95F81D15022602900196009141
:10D0100095F81C35A27B617B2846FEF7A3FC608B4C
:10D0200095F81D1502900196009195F81C35E27B4C
:10D03000217B2846FEF796FC002084F84C00617B9B
:10D0400000222846F7F7B4FC217B00222846F7F798
:10D05000AFFC04B0002070BD70B50546D5F84C0794
:10D06000C46900262178002907D02846FEF789FCEC
:10D0700021782846FEF7AEFC2670217B39B1284680
:10D08000FEF77FFC217B2846FEF7A4FC2673617B1C
:10D0900039B12846FEF775FC617B2846FEF79AFCFD
:10D0A0006673D5F84C07C06920B105F025F8D5F8AE
:10D0B0004C07C661002070BDA12202742122427477
:10D0C0000022428282820722C282FEF717B970B51F
:10D0D0000446D4F84C07C06900F140012046FFF730
:10D0E000EBFF054615B1032D06D00EE0D4F8A427BA
:10D0F00002212046904708E08DA005F09BF88EA005
:10D1000005F098F872A005F095F8284670BD7047B4
:10D1100070B50546D5F84C07C469042694F84E004E
:10D1200003281AD0042820D1217B2846F7F72FFCAA
:10D1300001281AD1217B2846F7F7F7FBA16A814223
:10D1400014D0628B824211D1091AA162216A08446B
:10D150002062032084F84E000EE0237B628B284679
:10D16000216AFEF79EFB84F84E6070BD002084F8B3
:10D170004E002846FFF7CBFFC5F8B06705F5F6610E
:10D18000D5F8A807BDE8704000231A46F6F7C5BCDD
:10D190007047F8B50546D5F84C07C469012694F8E0
:10D1A0004D00012819D002282CD1617B2846F7F7C1
:10D1B000EEFB0427012826D0022823D184F84D60F5
:10D1C000C5F8B077D5F8A80701B005F5F661BDE858
:10D1D000F04000231A46F6F7A0BC228B606A90420A
:10D1E00006D90096637B2846E169FEF742FB06E01C
:10D1F000009682B2637B2846E169FEF73AFB022083
:10D2000084F84D00F8BD208B616A0022814205D967
:10D21000091A6162E1690844E06100E06262606AE3
:10D2200010B184F84D6004E084F84D202846FFF7E3
:10D23000AFFFC5F8B077D5F8A80701B005F5F661DE
:10D24000BDE8F04000231A46F6F767BC704721227C
:10D250000274202242740022428282820722C28209
:10D26000FEF74CB82DE9F04106460125D6F84C07EB
:10D27000C46904274FF0000894F84C00052800D238
:10D280007AE0C1E04445425547203A2000000000C2
:10D2900043616E6E6F742046696E64207468652009
:10D2A000696E7465726661636520666F7220436F94
:10D2B0006D6D756E69636174696F6E20496E74651A
:10D2C000726661636520436C6173732E0000000019
:10D2D0000A00000043616E6E6F742046696E642020
:10D2E00074686520696E7465726661636520666F37
:10D2F00072204461746120496E7465726661636571
:10D3000020436C6173732E0043616E6E6F742061F5
:10D310006C6C6F63617465206D656D6F72792066EA
:10D320006F72204344432048616E646C65000000C6
:10D330004552524F523A2000436F6E74726F6C2008
:10D340006572726F723A204344433A2044657669AD
:10D35000636520476574204C696E6520436F64697E
:10D360006E6720636F6E66696775726174696F6E50
:10D37000206661696C656400DFE800F0030513381E
:10D380003F00002540E03046A16CFFF760FF20B170
:10D39000012839D084F84C7036E0022084F84C0023
:10D3A00032E004F140013046FFF786FE20B101284B
:10D3B0002AD084F84C7027E084F84C80A06C94F854
:10D3C0004410027991421FD194F84610827991421B
:10D3D0001AD194F845104279914215D1216C006818
:10D3E000814211D13046FFF731FF0DE03046FFF7A3
:10D3F000D0FE3046FFF78CFE06E000213046FEF7F7
:10D40000EAF908B984F84C802846BDE8F08100208C
:10D41000704770B50546D5F84C07C46928780B28C5
:10D420000ED1002084F84C0021782846FEF7A9FA96
:10D43000217B2846FEF7A5FA617B2846FEF7A1FA74
:10D44000002070BD10B5D0F84C27D26903780B2BA3
:10D450000FD1012382F84C3091640421C0F8B01739
:10D46000D0F8A8C7002300F5F6611A466046F6F723
:10D4700054FB002010BDD0F84C27D26903780B2B49
:10D4800004D00078062801D002207047106C526C3E
:10D490004A6008600020704710B5D0F84C17C96981
:10D4A00002780B2A02D0002080B210BD097BF7F76A
:10D4B0003CFAF9E710B50124D0F84C37DB6993F852
:10D4C0004CC0BCF1000F02D0BCF1030F14D1D961E4
:10D4D0005A62032183F84C10012183F84D10002477
:10D4E0000421C0F8B017D0F8A8C7002300F5F661F2
:10D4F0001A466046F6F711FB204610BD10B5012410
:10D50000D0F84C37DB6993F84CC0BCF1000F02D067
:10D51000BCF1030F13D119629A62032183F84C10F6
:10D5200083F84E1000240421C0F8B017D0F8A8C723
:10D53000002300F5F6611A466046F6F7EEFA20463B
:10D5400010BD00002DE9F04784B006460027D6F84C
:10D550004C07FF23012201793046FDF78EFB804600
:10D56000B8F1FF0F02D0B8F10A0F0FD3F1A004F009
:10D5700061FED6F84C070168F1A004F05BFEFAA04A
:10D5800004F058FE04B00220BDE8F0874146304662
:10D59000FDF72EFB18B104B00220BDE8F08734205F
:10D5A00004F07BFDD6F84C17C8610446200025D056
:10D5B000002525606560A560E56025616561A56160
:10D5C000E56125626562A562E56225630720A070BA
:10D5D00008EBC80000EB081006EB400898F8490576
:10D5E000012818D002281FD0E0A004F023FEDEA0FE
:10D5F00004F020FE04B00220BDE8F087CDA004F0C6
:10D6000019FEE0A004F016FED7A004F013FE04B04B
:10D610000220BDE8F087E5A004F00CFED2A004F0E3
:10D6200009FEE848206307E0E7A004F003FECEA06F
:10D6300004F000FEE9482063A570657198F84E0576
:10D64000A076B8F85005208398F85205A0830A28E0
:10D6500001D20A20A08398F84695B9F1050F01D9A7
:10D660004FF00509B9F1000F3FD94FF0030A08EB5D
:10D67000C70595F84E1511F0800F19D0217130466D
:10D68000FEF794F96070B5F8502596F81D150091D5
:10D69000CDF804A00292014696F81C352279304656
:10D6A000FEF760F9617800223046F7F781F918E05B
:10D6B000E1703046FEF77AF92070B5F8502596F8FB
:10D6C0001D35CDF804A000930292014696F81C3552
:10D6D000E2783046FEF746F9217800223046F7F727
:10D6E00067F9781CC7B24F45C1D304B00020BDE82C
:10D6F000F08770B50546D5F84C07C46900266178F7
:10D70000002907D02846FEF73CF961782846FEF745
:10D7100061F96670217839B12846FEF732F921782F
:10D720002846FEF757F92670D5F84C07C06920B196
:10D7300004F0E2FCD5F84C07C661002070BD212240
:10D7400002740B2242740022002901D0428201E0BF
:10D75000012141828282C28200221146FDF7CEBDA4
:10D76000212303740A23437442EA012141820021E8
:10D770008182C18200221146FDF7C0BD08B5B1F516
:10D78000806F0AD996A004F055FD974804F052FD29
:10D7900075A004F04FFD032008BD009100F58E73C5
:10D7A0004FF408520121FDF7E1FD08BD38B50446EC
:10D7B00008468A78C97842EA0125092D0BD9092142
:10D7C00000916946FDF790FE4178212904D0BDF80B
:10D7D0000010A942F5D338BD0178217041786170FD
:10D7E0008178C27841EA0221618001792171417911
:10D7F00061718179A171C179007A41EA00202081AB
:10D8000038BD70B506460125D6F84C07C469607965
:10D8100006285DD2DFE800F0035C0C03223006F13D
:10D820001C0104F12600FFF7C1FF022060714FE0E8
:10D83000E18D3046FFF7A2FF10B1032803D047E087
:10D840000420607144E066A004F0F4FC67A004F0DA
:10D85000F1FC45A004F0EEFC022539E0002211465F
:10D860003046FFF77DFF052110B1032802D02FE0DD
:10D8700061712DE061712BE000213046FFF75FFF01
:10D8800010B1032809D023E001206071D6F8A42745
:10D8900002213046904700251AE03046DDF705FBAF
:10D8A00060B162A004F0C6FC2FA004F0C3FCD6F85F
:10D8B000A427022130469047002509E048A004F043
:10D8C000B9FC68A004F0B6FC27A004F0B3FC022564
:10D8D000284670BD7047F0B4837A0026002B23D110
:10D8E000012383720023002A1ED98588C48805F18C
:10D8F000010CA4451CD00789BC4500D1C4B1046803
:10D9000011F801CB04F805C0B0F804C00CF1010C0B
:10D910001FFA8CFCA0F804C00489A44500D18680BD
:10D920005B1C9BB29342E0D38672F0BC10467047FA
:10D93000B4E000004445425547203A200000000072
:10D9400043616E6E6F742046696E64207468652052
:10D95000696E7465726661636520666F72202573F7
:10D9600020636C6173732E000A00000050726F74A4
:10D970006F636F6C206E6F7420737570706F72744C
:10D9800065642E0043616E6E6F7420616C6C6F6312
:10D99000617465206D656D6F727920666F722048C5
:10D9A00049442048616E646C650000004B65794213
:10D9B0006F6172642064657669636520666F756E59
:10D9C00064210000A5DD03084D6F75736520646553
:10D9D0007669636520666F756E642100F1DE030869
:10D9E0004552524F523A200094760408436F6E74A9
:10D9F000726F6C206572726F723A204849443A2007
:10DA000044657669636520476574205265706F725E
:10DA1000742044657363726970746F7220726571EB
:10DA200075657374206661696C65640046696E642F
:10DA3000204B41434F4E204852462D4D39472055EB
:10DA4000534220484944204465766963652C736BD2
:10DA50006970207365742070726F746F636F6C0AE5
:10DA600000000000436F6E74726F6C206572726FFD
:10DA7000723A204849443A204465766963652053E8
:10DA800065742070726F746F636F6C20726571754E
:10DA9000657374206661696C656400008672F0BC11
:10DAA0001846704730B49446029AA12404740124A5
:10DAB00044744CEA0121418200218182C28230BC3F
:10DAC0001946FDF71BBC2DE9F84F05460026D5F891
:10DAD0004C07C46902274FF0040AA0784FF00108F0
:10DAE0004FF00709072842D2DFE800F00425A0A084
:10DAF0005D4B6C00216B284688470646C6B1AFF2E5
:10DB0000201004F097FBA0A004F094FBAFF2A81043
:10DB100004F090FB84F802900226C5F8B077002349
:10DB20001A4605F5F661D5F8A807F5F7F6FF7DE08A
:10DB300084F80280F1E7207E00900022012128462F
:10DB40006369FFF7AFFF064605208EB1012E11D0A5
:10DB5000032E13D084F802900226C5F8B077002374
:10DB60001A4605F5F661D5F8A807F5F7D6FF5DE08A
:10DB7000A070F2E784F802800026EEE7A07000268D
:10DB8000EBE7D5F8940710F0010F01D084F802A05C
:10DB9000C5F8B07700231A4605F5F661D5F8A80751
:10DBA000F5F7BBFF42E06378227E28466169FDF706
:10DBB0008BFE0620A070D5F894072062002084F820
:10DBC000240033E061782846F6F7E1FE012806D00C
:10DBD00061782846F6F7DBFE052820D026E061783C
:10DBE0002846F6F7A2FE94F82410F9B9F0B1A0681F
:10DBF000E0B1228B04F108006169FFF76CFE84F844
:10DC000024802846FFF766FEC5F8B07700231A4641
:10DC100005F5F661D5F8A807F5F77FFF06E0A17EC8
:10DC20002846FDF7D8FD08B984F802A03046BDE8C3
:10DC3000F88F10B5D0F84C17C9698A78062A14D124
:10DC4000D0F894270B6AD21A8B8B9A420DD30422F8
:10DC50008A700221C0F8B017D0F8A8C7002300F5D9
:10DC6000F6611A466046F5F758FF002010BD08B56A
:10DC7000B1F5806F0CD9AFF2982004F0DBFA484878
:10DC800004F0D8FAAFF2203004F0D4FA032008BD33
:10DC9000009100F58E734FF404520121FDF766FBED
:10DCA00008BD30B49446029A2124047409244474B3
:10DCB0004CEA0121418200218182C28230BC194696
:10DCC000FDF71CBBFF2201780B2911D190F8241518
:10DCD00001EBC10303EB011100EB410090F8490592
:10DCE000012802D0022802D002E0022200E0012234
:10DCF00010467047D0F84C17C9690278062A0DD033
:10DD00000278072A0AD00278082A07D002780A2A5D
:10DD100004D000780B2801D000207047087F70479E
:10DD200000238380C380837202810160704730B416
:10DD3000837A0024002B1ED1012383720023002A42
:10DD400019D9B0F806C08588AC4518D0056815F813
:10DD50000CC001F801CBB0F806C00CF1010C1FFAA1
:10DD60008CFCA0F806C00589AC4500D1C4805B1CC2
:10DD70009BB29342E5D3847230BC104670478472E4
:10DD800030BC18467047000048494420436C61731A
:10DD90007320496E6974206661696C6564000000D7
:10DDA0005076040810B5D0F84C17CB6942490022D0
:10DDB0004A708A70CA700A714A718A71CA710A728D
:10DDC00000213E4CA4F1080C62540CF80120491CBF
:10DDD0000829F9D3198B082901D908211983C3F817
:10DDE00014C000F58E71502203F10800FFF798FF70
:10DDF000002010BD70B5D0F84C07C469228B002AF2
:10DE000040D0A06800283DD02C4904F10800FFF75D
:10DE10008EFF218B884237D10021294800F0D4F8A9
:10DE2000254D68700021274800F0CEF8A870002129
:10DE3000254800F0C9F8E8700021244800F0C4F833
:10DE400028710021224800F0BFF8687100212148A4
:10DE500000F0BAF8A87100211F4800F0B5F8E87189
:10DE600000211E4800F0B0F82872002421461C480A
:10DE700000F0AAF829194872601CC4B2062CF5D328
:10DE8000002070BD022070BD022070BD10B5FFF7EC
:10DE9000B1FF08B1002010BD074810BD114A417AFA
:10DEA0008378515C002B01D1807910B10E48405C21
:10DEB00070470E48405C704738470120DCC00120A5
:10DEC0004C6D04086C6D04088C6D0408AC6D04087E
:10DED000CC6D0408EC6D04080C6E04082C6E04086C
:10DEE0004C6E0408706F0408EE6E04086C6E040833
:10DEF00010B5D0F84C17CB692C4900220A704A7033
:10DF00008A70CA700A710021294C04F1080C62540D
:10DF10000CF80120491C0829F9D3198B082901D9CB
:10DF200008211983C3F814C000F58E71502203F143
:10DF30000800FFF7F5FE002010BD10B5D0F84C0723
:10DF4000C469228B002A25D0A06818B3184904F1AF
:10DF50000800FFF7ECFE218B88421DD100211548F7
:10DF600000F032F8114C20700021134800F02CF81A
:10DF700060700021114800F027F8A07000211048BF
:10DF800000F022F8E07000210E4800F01DF820712A
:10DF9000002010BD022010BD022010BD10B5FFF7FB
:10DFA000CCFF08B1002010BD004810BDC00000200B
:10DFB000C5000020B8700408D87004085870040820
:10DFC000787004089870040870B400250022036873
:10DFD000047A90F809C0BCF1000F0DD08C4502D82E
:10DFE00070BC00207047D0F804C00CFB01F1214444
:10DFF00003EBD10301F00704416811F0070F04D0CF
:10E000004FEAD10C0CF1010C01E04FEAD10C944520
:10E010000FD91E784FEAD10CD30006FA03F5521C33
:10E0200011F0070F02D00CF1010300E063469342A8
:10E03000F2D84FF0010C25FA04F20CFA01F35B1E42
:10E040001A40C468944202D80469944202D270BC57
:10E0500000207047847A7CB1491E0CFA01F111420C
:10E060000AD062EA0301C069012802D070BC4843AB
:10E07000704770BC08467047C069012802D070BC68
:10E080005043704770BC1046704770B4037AD0F8A4
:10E0900014C08C4503D8D0F818C08C4502D270BC8F
:10E0A0000120704790F809C0BCF1000F0BD09445D7
:10E0B00002D370BC0020704790F804C00CFB02F241
:10E0C0001A4402F00703C269012A01D0B1FBF2F140
:10E0D00042684FF0010C0CFA02FCACF10104214043
:10E0E00001FA03F5002112F0070F02D0D208521CEA
:10E0F00000E0D2088A4217D90268CB0024FA03FC58
:10E10000565C25FA03F326EA0C0603EA0C033343B4
:10E110005354491C426812F0070F02D0D208521C17
:10E1200000E0D2088A42E7D870BC002070470000A7
:10E1300070B584B005465023D5F84C070622017906
:10E140002846FCF79AFD0646FF2E01D00A2E0ED374
:10E15000EFA004F06FF8D5F84C070168EFA004F0C9
:10E1600069F8F8A004F066F804B0022070BD3146EA
:10E170002846FCF73DFD10B104B0022070BD4FF4FD
:10E18000827003F08AFFD5F84C17C861044620005E
:10E1900013D04FF4827104F0AFFB06EBC60000EB26
:10E1A000061005EB400090F84E1511F0800F10D0CE
:10E1B000E171B0F8501561810FE0D5A004F03AF894
:10E1C000E1A004F037F8DFA004F034F804B0022036
:10E1D00070BDA171B0F85015218190F8561511F05D
:10E1E000800F04D0E171B0F85805608103E0A1719F
:10E1F000B0F858052081002020736073A073A179C6
:10E200002846FDF7D3FB6071E1792846FDF7CEFB88
:10E210002071284600F0D7FDA2794AB3208938B38F
:10E2200095F81D15022602900196009195F81C356F
:10E2300061792846FDF796FBE279E2B16089D0B1B9
:10E2400095F81D1502900196009195F81C352179DD
:10E250002846FDF787FB217900222846F6F7A8FB20
:10E26000617900222846F6F7A3FB04B0002070BDB8
:10E2700004B0032070BD04B0032070BD70B5054626
:10E28000D5F84C07C46900266179002907D02846D3
:10E29000FDF777FB61792846FDF79CFB66712179D4
:10E2A00039B12846FDF76DFB21792846FDF792FB31
:10E2B0002671D5F84C07C06920B103F01DFFD5F8D1
:10E2C0004C07C661002070BD70B50246D2F84C07FD
:10E2D000C4690125A07B002804D0022802D00328AD
:10E2E00036D12EE02146104600F062FD054600269C
:10E2F000032D01D126700025002D29D12078022878
:10E3000001D9022000E0401CC1B2217098A003F0A6
:10E3100091FF8CA003F08EFF00212078002817D9F0
:10E32000022001EB810202EBC10204EB820282F8BF
:10E33000920082F8C160491CC9B222788A42F0D8A2
:10E3400006E000211046FDF746FA08B9E07BA0730D
:10E35000284670BD2DE9F05F0546D5F84C07C46925
:10E360004FF0010B0027207B4FF0040A4FF001080B
:10E37000002807D0012800F00E830A2840F00D8302
:10E3800000F0D9BAB4F8F8002178884280F0C4824D
:10E3900000EB800101EBC00004EB800080F891806D
:10E3A000B4F8F810022601EB810000EBC10004EB89
:10E3B00080004FF0080990F89020092A80F0A1828F
:10E3C000DFE802F005A487A31BA2A4A4A1006FA00C
:10E3D00003F030FF5BA003F02DFFB4F8F80000EB72
:10E3E000800101EBC00004EB800080F890A0D5F81C
:10E3F0009407C4F8000100F084BA00F19F02C9B28A
:10E40000284600F02AFF28B102283FD004284AD02D
:10E4100000F077BAB4F8F80000EB800101EBC0001F
:10E4200004EB800000F1A2015BA003F003FF45A014
:10E4300003F000FFB4F8F80000EB800101EBC0002E
:10E4400004EB800000F1AB0159A003F0F3FE3DA006
:10E4500003F0F0FEB4F8F80000EB800101EBC0001F
:10E4600004EB800000F1BC0157A003F0E3FE35A0EF
:10E4700003F0E0FEB4F8F80000EB800101EBC0000F
:10E4800004EB800080F8906000F03BBAB4F8F8002C
:10E49000052100EB800202EBC00004EB800080F855
:10E4A000901000F02EBAB4F8F80000EB800101EBF8
:10E4B000C00004EB800080F89090B4F8F80000EB06
:10E4C000800101EBC00004EB800080F8916000F057
:10E4D00018BAC9B2284600F053FE28B1022816D057
:10E4E00004287DD000F00DBAB4F8F80000EB8001EC
:10E4F00001EBC00004EB800090F8921011B180F89D
:10E50000C1806EE075E0F9E167E1E4E0F9E193E0F4
:10E510004445425547203A200000000043616E6E9A
:10E520006F742046696E642074686520696E746536
:10E53000726661636520666F7220257320636C616B
:10E5400073732E000A00000043616E6E6F742061C9
:10E550006C6C6F63617465206D656D6F7279206698
:10E560006F72204D53432048616E646C650000005B
:10E570004E756D626572206F6620737570706F7274
:10E58000746564204C554E3A202564004C554E204D
:10E590002325643A20000000496E71756972792064
:10E5A00056656E646F7220203A20257300000000CB
:10E5B000496E71756972792050726F647563742049
:10E5C0003A20257300000000496E71756972792048
:10E5D00056657273696F6E203A2025730000000043
:10E5E00063E0FEA003F026FEAFF2A80003F022FED7
:10E5F00001E080F8C170B4F8F800032100EB80025C
:10E6000002EBC00004EB800080F89010B4F8F80032
:10E6100000EB800101EBC00004EB800080F89170FA
:10E62000B4F8F80000EB800101EBC00004EB8000BF
:10E6300080F8927000F065B9B4F8F80000EB800142
:10E6400001EBC00004EB800090F89210022909D081
:10E6500080F8C180E6A003F0EDFDAFF2181003F0E2
:10E66000E9FD01E080F8C170B4F8F800052100EB85
:10E67000800202EBC00004EB800080F89010B4F838
:10E68000F80000EB800101EBC00004EB800080F893
:10E690009180B4F8F80000EB800101EBC00004EBBE
:10E6A000800080F8926000F02CB9B4F8F80000EB1C
:10E6B000800101EBC00004EB800080F89090B4F87A
:10E6C000F80000EB800101EBC00004EB800080F853
:10E6D000916000F016B900F19402C9B2284600F02A
:10E6E00076FD28B1022857D0042861D000F009B97E
:10E6F000B4F8F80000EB800101EBC00004EB8000EF
:10E7000090F8C11001292DD1D0F89410B0F89800DC
:10E710004143BDA003F08EFDAFF2D81003F08AFD97
:10E72000B4F8F80000EB800101EBC00004EB8000BE
:10E73000D0F89410BCA003F07DFDAFF2F81003F008
:10E7400079FDB4F8F80000EB800101EBC00004EBA8
:10E750008000B0F89810B9A003F06CFDAFF21C2057
:10E7600003F068FDB4F8F80000EB800101EBC00095
:10E7700004EB800080F89080B4F8F80000EB800192
:10E7800001EBC00004EB800080F89170B4F8F80051
:10E79000401CA4F8F800B4E0B4F8F800052100EB40
:10E7A000800202EBC00004EB800080F89010A8E02B
:10E7B000B4F8F80000EB800101EBC00004EB80002E
:10E7C00080F89090B4F8F80000EB800101EBC000F5
:10E7D00004EB800080F8916093E000F19C02C9B2E4
:10E7E000284600F0ACFD20B1022855D0042870D096
:10E7F00087E0B4F8F80000EB800101EBC00004EB07
:10E80000800090F89C10062901D002290BD1D5F880
:10E810009427D4F80031D21A42F210739A4202D2ED
:10E8200080F890606DE08AA003F004FDAFF2EC2068
:10E8300003F000FDB4F8F80000EB800101EBC0002C
:10E8400004EB800090F89D1085A003F0F3FCAFF27C
:10E850000C3003F0EFFCB4F8F80000EB800101EBA2
:10E86000C00004EB800090F89E1084A003F0E2FC4E
:10E87000AFF2303003F0DEFCB4F8F80000EB8001BA
:10E8800001EBC00004EB800080F89080B4F8F80041
:10E89000401CA4F8F80034E055A003F0CBFCAFF224
:10E8A0005C3003F0C7FCB4F8F80000EB800101EB2A
:10E8B000C00004EB800080F89090B4F8F80000EB02
:10E8C000800101EBC00004EB800080F8916018E04B
:10E8D000FFE7B4F8F80000EB800101EBC00004EBA7
:10E8E000800080F89090B4F8F80000EB800101EB14
:10E8F000C00004EB800080F8916002E0481CA4F89E
:10E90000F800C5F8B0A700231A4605F5F661D5F85A
:10E91000A807F5F702F940E0A4F8F8700A20207380
:10E92000C5F8B0A700231A4605F5F661D5F8A80783
:10E93000F5F7F3F831E0B4F8FA00217888421BD2F9
:10E94000A4F8F80000EB800101EBC00004EB8000AC
:10E9500090F8910050B1D5F8A42706212846904799
:10E96000B4F8FA00401CA4F8FA0009E0D5F8A4278E
:10E97000022128469047F3E7A4F8FA7084F80C8047
:10E98000C5F8B0A700231A4605F5F661D5F8A80723
:10E99000F5F7C3F801E04FF0000B5846BDE8F09FD3
:10E9A000002070472DE9F84F0546D5F84C07C0699F
:10E9B000012601EB810202EBC10200EB8204012778
:10E9C00094F890004FF004084FF00809052867D02C
:10E9D00000224FF0050A062866D062E04D5343201E
:10E9E00044657669636520726561647900000000A2
:10E9F0004D534320446576696365204E4F54207221
:10EA000065616479000000004D53432044657669D8
:10EA10006365206361706163697479203A202575AC
:10EA20002042797465730000426C6F636B206E75D1
:10EA30006D626572203A202575000000426C6F639C
:10EA40006B2053697A652020203A2025750000004C
:10EA500053656E7365204B657920203A2025780038
:10EA60004164646974696F6E616C2053656E73658F
:10EA700020436F6465203A20257800004164646972
:10EA800074696F6E616C2053656E736520436F64AB
:10EA900065205175616C69666965723A2025780058
:10EAA00044E0072841D120E0002300921A4628467E
:10EAB00000F0EDFC20B1022806D0042807D009E0C0
:10EAC00084F89070002605E084F890A002E084F8B5
:10EAD00090900226C5F8B08700231A4605F5F66126
:10EAE000D5F8A807F5F719F866E0002300921A4652
:10EAF000284600F079FC20B1022806D0042807D06F
:10EB000009E084F89070002605E084F890A002E007
:10EB100084F890900226C5F8B08700231A4605F5C0
:10EB2000F661D5F8A807F4F7F8FF45E004F19C0278
:10EB3000284600F004FC20B1022827D004282ED05B
:10EB400030E094F89C10AFF2F80003F073FBAFF2E2
:10EB50000C6003F06FFB94F89D10AFF2FC0003F023
:10EB600069FBAFF2206003F065FB94F89E10AFF2F2
:10EB7000F40003F05FFBAFF2346003F05BFB84F85A
:10EB80009070022084F8910002260BE0AFF2A010F2
:10EB900003F050FBAFF2546003F04CFB02E084F84A
:10EBA00090900226C5F8B08700231A4605F5F66155
:10EBB000D5F8A807F4F7B1FF3046BDE8F88FD0F8D4
:10EBC0004C17C96900780B2802D1087B012801D0B5
:10EBD0000020704701207047D0F84C17C9690078B1
:10EBE0000B2802D1087B012801D0FF20704708784C
:10EBF0007047D0F84C27D269A2F8F81000780B289B
:10EC000008D101EB810000EBC10002EB800090F81D
:10EC1000910008B100207047012070472DE9F001F4
:10EC2000D0F84C37DB69A3F8F81000780B2803D034
:10EC3000BDE8F0010220704701EB810000EBC1004C
:10EC400003EB800000F19C04D0F898C094E8F00138
:10EC5000D0F89430D0F89010C2F808C00C32A2E876
:10EC6000F001203A53601160D0F8B8C0D0F8BC4031
:10EC7000D0F8B430D0F8B010D0F8C000C2F828C036
:10EC8000D462536211621063BDE8F0010020704746
:10EC9000F8B50446069F0D46D4F84C07C069A0F8A5
:10ECA000F85094F8201500290CD021780B2909D1AF
:10ECB00005EB850101EBC50100EB810090F8901098
:10ECC000012901D00220F8BD062180F890102946C4
:10ECD0002046009700F0DBFBD4F8946729462046D5
:10ECE000FFF760FE012811D140F271204743D4F8AC
:10ECF0009407801BB0EB071F0AD894F8200538B1A1
:10ED000029462046FFF74EFE0128F0D00020F8BD2E
:10ED10000220F8BDF8B50446069F0D46D4F84C070E
:10ED2000C069A0F8F85094F8201500290CD021787B
:10ED30000B2909D105EB850101EBC50100EB810031
:10ED400090F89010012901D00220F8BD072180F829
:10ED5000901029462046009700F046FBD4F89467AF
:10ED600029462046FFF71EFE012811D140F27120EE
:10ED70004743D4F89407801BB0EB071F0AD894F8D8
:10ED8000200538B129462046FFF70CFE0128F0D0B7
:10ED90000020F8BD0220F8BD21210174FF2141743B
:10EDA000002141828182C18200221146FCF7A6BA6D
:10EDB000A1220274FE224274002242828282012237
:10EDC000C282FCF79BBAD0F84C07C069E94941659B
:10EDD000E9498165012180F8501080F85210002027
:10EDE000704703460220D3F84C17C969002A05D0A2
:10EDF000012A07D189791846FCF7EDBCC979184674
:10EE0000FCF7E9BC704770B5D0F84C17CC69012508
:10EE10002179F5F78AFD0D2801D0022514E0D749A4
:10EE2000A06F88420FD1A16DE06F88420CD194F899
:10EE3000840020B1012807D0022802D004E0002578
:10EE400002E0022500E00225284670BDF8B505461F
:10EE50000126D5F84C07C46994F850000C2880F0BE
:10EE60008681DFE800F09D0616616DADBAF1F0EF26
:10EE7000EEED84F86110022084F85000012000902B
:10EE800063791F2204F154012846FCF7F2FC00F0DC
:10EE90006EB961792846F5F77AFD012805D0022878
:10EEA00022D0052830D000F062B9E06D60B194F84E
:10EEB000600010F0800F03D0032084F8500006E0BB
:10EEC000052084F8500002E0072084F8500002205A
:10EED000C5F8B00700231A4605F5F661D5F8A8076E
:10EEE000F4F71BFE00F043B9012084F85000022023
:10EEF000C5F8B00700231A4605F5F661D5F8A8074E
:10EF0000F4F70BFE00F033B90A2084F85000022019
:10EF1000C5F8B00700231A4605F5F661D5F8A8072D
:10EF2000F4F7FBFD00F023B9237962892846D4F871
:10EF30008C10FCF7B6FC042084F8500000F017B9E0
:10EF400021792846F5F723FD012803D0052828D08C
:10EF500000F00DB96289E06D904207D9D4F88C10A9
:10EF60001144C4F88C10801AE06501E00020E065CF
:10EF7000E06D38B123792846D4F88C10FCF791FC69
:10EF800000F0F5B8072084F850000220C5F8B0075B
:10EF900000231A4605F5F661D5F8A807F4F7BDFD7C
:10EFA000E5E0092084F850000220C5F8B0070023EE
:10EFB0001A4605F5F661D5F8A807F4F7AEFDD6E0D8
:10EFC00001200090637922892846D4F88C10FCF740
:10EFD00050FC062084F85000C9E061792846F5F716
:10EFE000D6FC012804D002282FD005283CD0BEE052
:10EFF0002289E06D904207D9D4F88C101144C4F8EE
:10F000008C10801AE06501E00020E065E06D40B101
:10F010000120009063792846D4F88C10FCF729FC75
:10F0200002E0072084F850000220C5F8B007002352
:10F030001A4605F5F661D5F8A807F4F76EFD96E0D7
:10F040008CE06BE05AE029E01DE0052084F85000D8
:10F050000220C5F8B00700231A4605F5F661D5F879
:10F06000A807F4F75AFD82E00A2084F85000022035
:10F07000C5F8B00700231A4605F5F661D5F8A807CC
:10F08000F4F74BFD73E023790D2204F17801284653
:10F09000FCF707FC082084F8500068E02179284636
:10F0A000F5F775FC012802D0052818D05FE0012093
:10F0B00084F8500084F852002846FFF7A4FE60B19F
:10F0C00002260220C5F8B00700231A4605F5F661AE
:10F0D000D5F8A807F4F721FD49E00026F1E709205B
:10F0E00084F850000220C5F8B00700231A4605F541
:10F0F000F661D5F8A807F4F710FD38E0002228469D
:10F10000FFF76FFE10B1042804D030E0072084F828
:10F1100050002CE00B2084F8500028E00122284603
:10F12000FFF75FFE10B1042814D020E06179284673
:10F13000F5F74EFCC0F10100C2B261792846F5F73F
:10F1400037FC217900222846F5F732FC092084F8A3
:10F1500050000CE00B2084F8500008E02846FFF730
:10F160001BFE0646300002D1012084F850003046D4
:10F17000F8BD000055534243504030205553425390
:10F1800084460220DCF84C27D26992F85230012BD9
:10F1900004D0022B1AD16046FFF758BE0020D0657C
:10F1A00082F860000A2182F86210C2F86300C2F897
:10F1B0006700C2F86B00C2F86F0082F8630001209C
:10F1C00082F85000022082F852000120704770B58A
:10F1D000844615460120DCF84C27D46994F8523057
:10F1E000012B1BD0022B18D16046FFF72FFE002801
:10F1F00013D1D4F88C10CA788B7842EA03224B786A
:10F2000009781B0443EA016111432960D4F88C108A
:10F21000CA79897942EA0121A98070BD0821E16596
:10F22000802184F860100A2184F862100021C4F85B
:10F230006310C4F86710C4F86B10C4F86F10252170
:10F2400084F86310012184F85010022184F85210D0
:10F2500004F11001C4F88C1070BD2DE9F041034693
:10F2600015460227D3F84C07C46900264FF0010861
:10F2700094F85200012802D002285DD126E0242013
:10F28000E065802284F860200A2284F86220C4F8B5
:10F290006360C4F86760A4F86B60122284F863208E
:10F2A000490184F8641084F8656084F8666084F825
:10F2B000670084F8686084F85080022084F8520067
:10F2C00004F11000C4F88C00012735E01846FFF760
:10F2D000BDFD074638002FD12221284603F0EAFA67
:10F2E000D4F88C00007800F01F006870D4F88C000F
:10F2F000007840092870D4F88C00407810F0800F16
:10F3000002D085F8028000E0AE70D4F88C008168ED
:10F31000C5F80310C068C5F80700D4F88C0001696F
:10F32000E9604169296181696961C069A861D4F8AE
:10F330008C00006AC5F81D003846BDE8F08170B544
:10F34000034615460220D3F84C27D46994F852207E
:10F35000012A1ED0022A1BD11846FFF777FD00288C
:10F3600016D1D4F88C10897801F00F012970D4F8E7
:10F370008C10097B6970D4F88C20527BAA703A29D2
:10F3800006D16DA002F056FF73A002F053FF0420D7
:10F3900070BD0E22E265802084F860000A2084F8A7
:10F3A00062000020C4F86300C4F86700C4F86B0072
:10F3B000C4F86F00032384F86330490184F86410B3
:10F3C00084F8650084F8660084F8672084F8680093
:10F3D000012084F85000022084F8520004F110004B
:10F3E000C4F88C00012070BD3FB404460220D4F85C
:10F3F0004C27D26992F852C0BCF1010F07D0BCF182
:10F40000020F41D104B0204630BCFFF71FBD01EB15
:10F41000810000EBC10002EB80000699B0F8980073
:10F420004843D065002082F860000A2182F862100B
:10F43000C2F86300C2F86700C2F86B00C2F86F0040
:10F440002A2082F863009DF80B0082F865009DF881
:10F450000A0082F866009DF8090082F867009DF8AE
:10F46000080082F868009DF8190082F86A009DF88B
:10F47000180082F86B00012082F85000022082F808
:10F480005200C2F88C30012004B030BC70473FB449
:10F4900004460220D4F84C27D26992F852C0BCF13D
:10F4A000010F07D0BCF1020F42D104B0204630BC9E
:10F4B000FFF7CCBC01EB810000EBC10002EB800048
:10F4C0000699B0F898004843D065802082F8600023
:10F4D0000A2082F862000020C2F86300C2F86700C8
:10F4E000C2F86B00C2F86F00282082F863009DF814
:10F4F0000B0082F865009DF80A0082F866009DF80E
:10F50000090082F867009DF8080082F868009DF8FD
:10F51000190082F86A009DF8180082F86B0001203B
:10F5200082F85000022082F85200C2F88C3001208C
:10F5300004B030BC704700004D53432044657669E9
:10F540006365204D454449554D206E6F742070729F
:10F550006573656E740000000A00000010B4044674
:10F56000002202EBC20000EB021004EB400393F810
:10F570004705062815D1002003EBC00191F84EC5C0
:10F580001CF0800F09D1B1F850C5BCF1000F04D0B8
:10F5900091F84F1511F0020F08D1401CC0B2052898
:10F5A000EAD3501CC2B20A2ADBD3FF2010BC70473A
:10F5B00010B40446002202EBC20000EB021004EB80
:10F5C000400393F84705062815D1002003EBC0013E
:10F5D00091F84EC51CF0800F09D0B1F850C5BCF1B0
:10F5E000000F04D091F84F1511F0020F08D1401C04
:10F5F000C0B20528EAD3501CC2B20A2ADBD3FF20CE
:10F6000010BC704730B4044600224FF0030C02EBEC
:10F61000C20000EB021004EB400393F847050628F4
:10F6200013D1002003EBC00191F84E5515F0800F67
:10F6300007D0B1F8505525B191F84F153CEA0101BA
:10F6400008D0401CC0B20528ECD3501CC2B20A2A14
:10F65000DDD3FF2030BC70472DE9F04184B0054672
:10F6600001231A4606212846FBF707FB0446FF2C18
:10F6700001D00A2C0CD3E8A002F0DCFDE9A002F0D6
:10F68000D9FDF5A002F0D6FD04B00220BDE8F0815E
:10F6900021462846FBF7ACFA21462846FBF7A8FA94
:10F6A00018B104B00220BDE8F0812846FFF7AAFF98
:10F6B0000746FF2F01D0052F0CD3D7A002F0BAFDCB
:10F6C000E6A002F0B7FDE4A002F0B4FD04B0022011
:10F6D000BDE8F08142F2D01002F0DFFCD5F84C1703
:10F6E000C8610646300048D042F2D01103F004F958
:10F6F00004EBC40000EB041005EB400808EBC7075F
:10F7000006F5805497F84E1584F8311DB7F850056A
:10F71000A4F8360D2846FCF749F984F82E0D97F821
:10F720005215A4F8441DB4F8361D95F81D25029114
:10F73000032301930092014695F81C3594F8312D6E
:10F740002846FCF70FF994F82E1D00222846F5F7FD
:10F750002FF92846FFF72CFFFF2801D0052819D3E1
:10F76000ADA002F067FDC5A002F064FDBAA002F0F2
:10F7700061FD04B00220BDE8F081A7A002F05AFDAF
:10F78000C6A002F057FDB4A002F054FD04B0022060
:10F79000BDE8F08108EBC00090F84E1584F8301DEC
:10F7A000B0F85005A4F8340D2846FCF7FFF884F8AB
:10F7B0002C0DB4F8342D95F81D35022701970093D0
:10F7C0000292014695F81C3594F8302D2846FCF736
:10F7D000C9F894F82C1D00222846F5F7E9F82846C8
:10F7E000FFF7BCFEFF2801D005280CD38AA002F049
:10F7F00021FDB4A002F01EFD97A002F01BFD04B095
:10F800000220BDE8F08108EBC00090F84E1584F8A6
:10F810002F1DB0F85005A4F8320D2846FCF7C6F8A5
:10F8200084F82D0DB4F8322D95F81D15009101972F
:10F830000292014695F81C3594F82F2D2846FCF7C6
:10F8400091F894F82D1D00222846F5F7B1F884F8B8
:10F85000387D42F2CC110020885184F83C0D04B070
:10F860002846BDE8F04101F061B870B50546D5F80D
:10F870004C07C069002600F5805494F82D1D00291E
:10F8800009D02846FCF77DF894F82D1D2846FCF792
:10F89000A1F884F82D6D94F82C1D49B12846FCF789
:10F8A00070F894F82C1D2846FCF794F884F82C6D19
:10F8B00094F82E1D49B12846FCF763F894F82E1DE4
:10F8C0002846FCF787F884F82E6DD5F84C07C069F8
:10F8D00020B102F011FCD5F84C07C661002070BDC4
:10F8E00010B50521C0F8B017D0F8A8C7002300F55F
:10F8F000F6611A466046F4F710F9002010BD704713
:10F900002DE9F0410646D6F84C07C46904F580524B
:10F91000B2F84E5DD2F8547DA5F580400F2880F0F6
:10F92000E481DFE800F008162432404E5C6A777606
:10F9300075747372710038A002F07CFC42F2A8105A
:10F94000015969A002F076FC43A002F073FC00F0BC
:10F95000DAB931A002F06EFC42F2A81001596BA096
:10F9600002F068FC3CA002F065FC00F0CCB92AA0D3
:10F9700002F060FC42F2A81001596FA002F05AFC9C
:10F9800035A002F057FC00F0BEB923A002F052FCF3
:10F9900042F2A810015972A002F04CFC2EA002F015
:10F9A00049FC00F0B0B91CA002F044FC42F2A810DF
:10F9B000015975A002F03EFC27A002F03BFC00F0CC
:10F9C000A2B915A002F036FC42F2A810015978A0A5
:10F9D00002F030FC20A002F02DFC00F094B90EA043
:10F9E00002F028FC42F2A81001597BA002F022FC90
:10F9F00019A002F01FFC00F086B907A002F01AFC63
:10FA000042F2A8100159FDE060E150E140E130E12F
:10FA100020E110E1FFE000004445425547203A2034
:10FA20000000000043616E6E6F742046696E6420B2
:10FA300074686520696E7465726661636520666FBF
:10FA400072205374696C6C20496D61676520436C4A
:10FA50006173732E000000000A000000496E766199
:10FA60006C696420436F6E74726F6C20656E647095
:10FA70006F696E74206E756D62657200496E766195
:10FA80006C6964204461746120494E20656E647025
:10FA90006F696E74206E756D6265720043616E6E83
:10FAA0006F7420616C6C6F63617465206D656D6F40
:10FAB000727920666F72204D54502048616E646CDC
:10FAC00065000000496E76616C6964204461746170
:10FAD000204F555420656E64706F696E74206E758A
:10FAE0006D626572000000004556543A2050545033
:10FAF0005F45435F556E646566696E656420696E37
:10FB00002073657373696F6E202575004556543AEE
:10FB1000205054505F45435F43616E63656C54727F
:10FB2000616E73616374696F6E20696E20736573B3
:10FB300073696F6E202575004556543A2050545015
:10FB40005F45435F4F626A65637441646465642026
:10FB5000696E2073657373696F6E202575000000F0
:10FB60004556543A205054505F45435F4F626A6592
:10FB7000637452656D6F76656420696E207365737A
:10FB800073696F6E202575004556543A20505450C5
:10FB90005F45435F53746F726541646465642069B7
:10FBA0006E2073657373696F6E2025750000000009
:10FBB0004556543A205054505F45435F53746F721A
:10FBC0006552656D6F76656420696E207365737329
:10FBD000696F6E20257500004556543A20505450E8
:10FBE0005F45435F44657669636550726F70436833
:10FBF000616E67656420696E2073657373696F6EEB
:10FC000020257500DDA002F015FBAFF2B41002F064
:10FC100011FB00F078B8AFF2002002F00BFB42F2CB
:10FC2000A8100159E0A002F005FBAFF2D41002F0D9
:10FC300001FB00F068B8AFF2202002F0FBFA42F2BC
:10FC4000A8100159E3A002F0F5FAAFF2F41002F0A7
:10FC5000F1FA58E0AFF2402002F0ECFA42F2A810BC
:10FC60000159E8A002F0E6FAAFF2142002F0E2FA3D
:10FC700049E0AFF25C2002F0DDFA42F2A81001592F
:10FC8000E9A002F0D7FAAFF2302002F0D3FA3AE05E
:10FC9000AFF27C2002F0CEFA42F2A8100159ECA09B
:10FCA00002F0C8FAAFF2502002F0C4FA2BE0AFF233
:10FCB000982002F0BFFA42F2A8100159F0A002F019
:10FCC000B9FAAFF26C2002F0B5FA1CE0AFF2B8203E
:10FCD00002F0B0FA42F2A8100159F4A002F0AAFA18
:10FCE000AFF28C2002F0A6FA0DE0AFF2D42002F0C1
:10FCF000A1FA42F2A8100159F7A002F09BFAAFF264
:10FD0000A82002F097FA3A4629463046FFF7F7FD59
:10FD1000BDE8F0812DE9F04105460127D5F84C07F3
:10FD2000C66941F6485806F5805494F83C0D002801
:10FD300002D0012836D115E0D5F8940710F0010F54
:10FD400030D1D5F89407C4F8400D94F82E3D94F8BE
:10FD5000362D06EB08012846FBF7B6FD012084F896
:10FD60003C0D1FE094F82E1D2846F4F710FE0128E4
:10FD700002D12846FFF7C4FDD5F89407D4F8401DFA
:10FD8000401AB4F8441D88420CD3D5F89407C4F83F
:10FD9000400D94F82E3D94F8362D06EB08012846C8
:10FDA000FBF792FD3846BDE8F0812DE9F05F05468E
:10FDB0000127D5F84C07C469002604F58058B246DF
:10FDC00098F8380D4FF0010B4FF00509062880F028
:10FDD000F182DFE800F0D12003D0CFCE0121284608
:10FDE00001F001FC0746380040F0E482C4A002F0B4
:10FDF00021FAAFF29C3002F01DFA88F838BDC5F840
:10FE0000B09700231A4605F5F661D5F8A807F3F771
:10FE100084FE00F0CFBA2146284601F092FC074646
:10FE2000380040F0C782AFF2104002F003FABAA0E7
:10FE300002F000FAAFF2E03002F0FCF9AFF2284035
:10FE400002F0F8F92188BCA002F0F4F9AFF2F83022
:10FE500002F0F0F9AFF2404002F0ECF960680628D9
:10FE600000F08380BAA1BEA002F0E4F9AFF218401E
:10FE700002F0E0F9AFF2604002F0DCF9B4F80A01F8
:10FE8000002800F07480BBA1BCA002F0D3F9AFF24F
:10FE9000384002F0CFF9AFF2804002F0CBF9BDA0BC
:10FEA000D4F80C1102F0C6F9AFF2544002F0C2F9D6
:10FEB000AFF29C4002F0BEF9C0A0D4F8D81102F015
:10FEC000B9F9AFF26C4002F0B5F9AFF2B44002F00C
:10FED000B1F9C3A0D4F8A41202F0ACF9AFF2884093
:10FEE00002F0A8F9AFF2D04002F0A4F904F5A16144
:10FEF000C5A002F09FF9AFF2A04002F09BF9AFF26B
:10FF0000E84002F097F904F20761C4A002F092F908
:10FF1000AFF2BC4002F08EF9AFF2045002F08AF961
:10FF200004F20671C0A002F085F9AFF2D44002F0ED
:10FF300081F9AFF21C5002F07DF904F60501BFA073
:10FF400002F078F9AFF2F04002F074F9042088F87A
:10FF5000380DC5F8B09700231A4605F5F661D5F8B7
:10FF6000A807F3F7DAFD00F025BAB9A17BE7B9A13C
:10FF70008AE7B4E174E1F4E10BE200004556543A3B
:10FF8000205054505F45435F4F626A656374496E09
:10FF9000666F4368616E67656420696E2073657380
:10FFA00073696F6E202575004556543A20505450A1
:10FFB0005F45435F446576696365496E666F436874
:10FFC000616E67656420696E2073657373696F6E17
:10FFD000202575004556543A205054505F45435FE4
:10FFE000526571756573744F626A656374547261AA
:10FFF0006E7366657220696E2073657373696F6EC8
:020000040804EE
:10000000202575004556543A205054505F45435FB3
:1000100053746F726546756C6C20696E20736573DE
:1000200073696F6E202575004556543A2050545020
:100030005F45435F44657669636552657365742007
:10004000696E2073657373696F6E202575000000FB
:100050004556543A205054505F45435F53746F7275
:10006000616765496E666F4368616E6765642069A4
:100070006E2073657373696F6E2025750000000034
:100080004556543A205054505F45435F4361707465
:10009000757265436F6D706C65746520696E207351
:1000A000657373696F6E2025750000004556543ADC
:1000B000205054505F45435F556E7265706F727487
:1000C000656453746174757320696E20736573730E
:1000D000696F6E20257500005265636569766564F9
:1000E00020756E6B6E6F776E206576656E74206915
:1000F0006E2073657373696F6E20257500000000B4
:100100004D54502053657373696F6E202330204F18
:1001100070656E65640000003E3E3E3E3E204D54DC
:10012000502044657669636520496E666F726D6123
:1001300074696F6E000000005374616E64617264D4
:100140002076657273696F6E203A20257800000072
:100150004E4F5420535550504F52544544000000C8
:1001600056656E646F72204578744944203A2025A4
:100170007300000056656E646F72000046756E6312
:1001800074696F6E616C206D6F6465203A20257311
:10019000000000004E756D626572206F6620537519
:1001A00070706F72746564204F7065726174696FEE
:1001B0006E287329203A2025640000004E756D6278
:1001C0006572206F6620537570706F72746564205D
:1001D0004576656E7473287329203A2025640000E3
:1001E0004E756D626572206F6620537570706F7208
:1001F0007465642050726F707269657469657320EC
:100200003A202564000000004D616E7566616374DC
:1002100075726572203A2025730000004D6F646589
:100220006C203A202573000044657669636520766A
:10023000657273696F6E203A202573005365726989
:10024000616C206E756D626572203A202573000026
:100250004D5450005374616E64617264000000007C
:1002600004F60411284601F0C1FA0746380078D197
:10027000AFF65C0001F0DEFFFEA0D4F8041901F037
:10028000D9FFAFF62C0001F0D5FFD4F804090028FF
:1002900014D9AFF67C0001F0CDFF04EB86003146A7
:1002A000D0F80829FBA001F0C5FFAFF6540001F01B
:1002B000C1FF761CD4F80409B042EAD842F2C81053
:1002C00040F804A088F8389DC5F8B09700231A4676
:1002D00005F5F661D5F8A807F3F71FFC6AE004F509
:1002E0000056D6F8C80100EB001104EB411104EBF5
:1002F000800001F51262D0F80819284601F0CBFA07
:100300000746380056D1D6F8C81101EB011004EBAE
:10031000401000F63B2300F63C12E3A001F08AFFF8
:10032000AFF6CC0001F086FFD6F8C801401CC6F835
:10033000C801D4F80419884220D388F838ADC6F82B
:10034000CCB1C6F8C8A1D4F80809C8F8180DDCA0CB
:1003500001F070FFAFF6001001F06CFF04F63C11E5
:1003600000E027E0DCA001F065FFAFF6141001F01B
:1003700061FFD5F8A427022128469047C5F8B09719
:1003800000231A4605F5F661D5F8A807F3F7C5FB73
:1003900010E02846FFF7BEFC0A20F3F720F8C5F866
:1003A000B09700231A4605F5F661D5F8A807F3F7CC
:1003B000B4FB00273846BDE8F09F00207047D0F816
:1003C0004C07C06900F5005090F8CC017047024618
:1003D0000220D2F84C27D26942F2CC139B58002B52
:1003E00003D092F8040908700020704702460220EA
:1003F000D2F84C27D269D2F804398B420CD942F298
:10040000CC139B58012B07D102EB810041F6185108
:10041000D0F8080988500020704710B59446022390
:10042000D0F84C07C069D0F804298A4210D942F2AA
:10043000CC121258012A0BD101EB011100EB411033
:1004400000F512614FF40872604602F0F9F90023DA
:10045000184610BD2DE9F84F04460A9D91469A466C
:100460000220D4F84C27D269D4F89467D2F8043922
:100470008B4224D942F2CC139B58012B1FD102EBA3
:100480008107009553464A462046D7F8081901F0DF
:100490005DFA012813D141F28838D4F89407801B03
:1004A00040450ED894F8200558B1009553464A4669
:1004B0002046D7F8081901F049FA0128EDD0BDE827
:1004C000F88F0220BDE8F88F2DE9F84F04460A9D09
:1004D00091469A460220D4F84C27D269D4F8946702
:1004E000D2F804398B4224D942F2CC139B58012B09
:1004F0001FD102EB8107009553464A462046D7F8A4
:10050000081901F075FA012813D141F28838D4F89E
:100510009407801B40450ED894F8200558B10095EB
:1005200053464A462046D7F8081901F061FA0128D7
:10053000EDD0BDE8F88F0220BDE8F88F2DE9F0413D
:1005400004460F4690460220D4F84C17C969D4F8E7
:10055000946701F50051D1F8CC11002917D042461B
:100560003946204601F0A5FA012810D141F288351C
:10057000D4F89407801BA8420BD894F8200540B10A
:1005800042463946204601F094FA0128F0D0BDE8F1
:10059000F0810220BDE8F0812DE9F04104460F46CC
:1005A00090460220D4F84C17C969D4F8946701F535
:1005B0000051D1F8CC11002917D0424639462046C7
:1005C00001F0D1FA012810D141F28835D4F894070E
:1005D000801BA8420BD894F8200540B1424639460A
:1005E000204601F0C0FA0128F0D0BDE8F0810220D9
:1005F000BDE8F0812DE9F04104460F469046022007
:10060000D4F84C17C969D4F8946701F50051D1F8B2
:10061000CC11002917D042463946204601F0E9FAAC
:10062000012810D141F28835D4F89407801BA842E4
:100630000BD894F8200540B142463946204601F0D7
:10064000D8FA0128F0D0BDE8F0810220BDE8F081A1
:100650002DE9F04F83B004460D9E0C9D89469246CD
:100660009B460220D4F84C17C969D4F8947701F559
:1006700000513FE04E756D626572206F66207374A5
:100680006F72616765204944206974656D73203A13
:100690002025640073746F726167652325642049A7
:1006A00044203A2025780000566F6C756D6523252F
:1006B0006C753A2025732020205B25735D000000B7
:1006C0004D545020436C61737320696E6974696185
:1006D0006C697A65642E0000257320697320646557
:1006E0006661756C742073746F7261676520756ED6
:1006F00069740000D1F8CC1100291DD05B46524628
:10070000494620460196009501F0D7FA012813D1F9
:1007100041F28838D4F89407C01B40450FD894F8AC
:10072000200560B15B465246494620460196009539
:1007300001F0C3FA0128EDD003B0BDE8F08F03B09B
:100740000220BDE8F08F2DE9F04704460F469046A1
:1007500099460220D4F84C17C969D4F8945701F58A
:100760000051D1F8CC11002919D04B4642463946E8
:10077000204601F00FFB012811D141F28836D4F850
:100780009407401BB0420CD894F8200548B14B4662
:1007900042463946204601F0FDFA0128EFD0BDE877
:1007A000F0870220BDE8F0872DE9F04704460F46A8
:1007B000904699460220D4F84C17C969D4F894574A
:1007C00001F50051D1F8CC11002919D04B46424611
:1007D0003946204601F03DFB012811D141F288360F
:1007E000D4F89407401BB0420CD894F8200548B1C7
:1007F0004B4642463946204601F02BFB0128EFD0FC
:10080000BDE8F0870220BDE8F0872DE9F0470446F7
:100810000F46904699460220D4F84C17C969D4F87F
:10082000945701F50051D1F8CC11002919D04B464D
:1008300042463946204601F06BFB012811D141F2B6
:100840008836D4F89407401BB0420CD894F82005A1
:1008500048B14B4642463946204601F059FB012833
:10086000EFD0BDE8F0870220BDE8F0872DE9F04722
:1008700004460F46904699460220D4F84C17C969A1
:10088000D4F8945701F50051D1F8CC11002919D0B2
:100890004B4642463946204601F0ACFB012811D1B7
:1008A00041F28836D4F89407401BB0420CD894F833
:1008B000200548B14B4642463946204601F09AFB96
:1008C0000128EFD0BDE8F0870220BDE8F0872DE9D0
:1008D000F04104460F4690460220D4F84C17C969EF
:1008E000D4F8946701F50051D1F8CC11002917D044
:1008F00042463946204600F0BCFE012810D141F2A4
:100900008835D4F89407801BA8420BD894F82005AA
:1009100040B142463946204600F0ABFE0128F0D0F7
:10092000BDE8F0810220BDE8F0810000D0F84C075E
:10093000C069002100F5805080F8601D012180F819
:10094000611D002070470022D0F84C07C06900F5F7
:100950000050B0F88A310B80D0F8A8314B60D0F845
:100960008C318B60D0F89031CB60D0F894310B6132
:10097000D0F898314B61D0F89C318B61D0F8A00150
:10098000C861104670470B7813800A7852004B1CE0
:100990000021002A08D913F801C080F800C0401CCB
:1009A000891C89B29142F6D300210170704730B49E
:1009B0008446002388188C5C457844EA05248578B1
:1009C000C0782D0445EA00602043002808D99C1C0B
:1009D00002EB44040C5D2CF813405B1C9842F6D8E3
:1009E00030BC7047F8B50C46D0F84C07C66941F6E4
:1009F00090503518F6A001F01DFCF84801F01AFCE3
:100A0000F7A001F017FC42F2BC10805900287DD1FC
:100A10002878697840EA01202080A878E9786A7906
:100A200040EA01202979090441EA02610843606033
:100A3000A879E97940EA012020816A4605F1080198
:100A400004F10A00FFF79FFFBDF80000012101EB50
:100A50004006A819017A407A41EA0020A4F80A0168
:100A600006F10A02294604F58870FFF7A0FFC4F8D2
:100A70000C0106EB4000061D06F10A02294604F5AA
:100A8000EE70FFF794FFC4F8D80106EB4000061D96
:100A900006F10A02294604F52A70FFF788FFC4F818
:100AA000A40206EB4000061D06F10A02294604F5E1
:100AB0005D70FFF77CFFC4F8700306EB4000061D75
:100AC00006F10A02294604F58860FFF770FFC4F8B2
:100AD0003C0406EB4000061DA81900F10A016A4615
:100AE00004F5A160FFF74FFFBDF8000006EB4000E2
:100AF000461CA81900F10A016A4604F20760FFF7D4
:100B000042FFBDF8000006EB400000E015E0461C87
:100B1000A81900F10A016A4604F20670FFF733FFD4
:100B2000BDF8000006EB4000401C284400F10A011B
:100B30006A4604F60500FFF726FFF8BD10B5D0F8A9
:100B40004C17C96941F68A526FF48053525AD21831
:100B50001BD0082A03D00C2A1AD01A2A14D101F566
:100B60000054D4F8BC0100280ED141F690534FF444
:100B70007D721944D4F8C40101F01DFED4F8C401FB
:100B800000F57D70C4F8B00110BDBDE8104029E744
:100B900001F50050D0F8BC110029F5D1D0F8C411EE
:100BA00001F57D71C0F8B01110BDF0B58BB00446F1
:100BB0000127D4F84C07C5694FF4EB50405D0A2873
:100BC00080F0C081DFE800F0CF0519697CF3F1F017
:100BD000EFEE012005F580560090B6F8640D96F80A
:100BE0002D3D82B241F6645029182046FAF741FEA5
:100BF000022086F8600D00F0A5B905F58056204664
:100C000096F82D1DF3F7C3FE012805D0022824D045
:100C1000052832D000F096B942F2AC10405920B10C
:100C2000012806D0022808D00AE0072086F8600DC7
:100C300006E0032086F8600D02E0052086F8600DCE
:100C40000220C4F8B00700231A4604F5F661D4F870
:100C5000A807F2F762FF00F075B9012086F8600D71
:100C60000220C4F8B00700231A4604F5F661D4F850
:100C7000A807F2F752FF00F065B9092086F8600D69
:100C80000220C4F8B00700231A4604F5F661D4F830
:100C9000A807F2F742FF00F055B90120009005F5D2
:100CA000805642F2B01096F82D3D4159B6F8322DDB
:100CB0002046FAF7DEFD042086F8600D00F042B908
:100CC00005F58056204696F82D1DF3F760FE0128A5
:100CD00005D0022848D0052855D000F033B905F5D5
:100CE0000055B6F8320DD5F8B41181421BD9D5F8AC
:100CF000B0210244C5F8B021091AC5F8B411D5F8DD
:100D0000B8110844C5F8B801B0F57D7F0ED3204670
:100D1000FFF714FF0020C5F8B801D5F8BC01401C4E
:100D2000C5F8BC0102E00020C5F8B401D5F8B40153
:100D300058B10120009096F82D3DB6F8322D20468E
:100D4000D5F8B011FAF795FD02E0072086F8600D9E
:100D50000220C4F8B00700231A4604F5F661D4F85F
:100D6000A807F2F7DAFEEDE0032086F8600D022016
:100D7000C4F8B00700231A4604F5F661D4F8A807B2
:100D8000F2F7CBFEDEE0092086F8600D0220C4F801
:100D9000B00700231A4604F5F661D4F8A807F2F765
:100DA000BCFECFE0CAE09DE08DE01BE0FFE705F56B
:100DB000805642F2B01096F82C3D4159B6F8342DC9
:100DC0002046FAF76EFD062086F8600DBAE00000B6
:100DD0004445425547203A2000000000E4760408CC
:100DE0000A00000005F58056204696F82C1DF3F702
:100DF000CEFD012802D0052856D0A3E096F82C1D80
:100E00002046F3F792FD05F50055D5F8C011491CB1
:100E1000C5F8C011012907D1D5F8B0110968C5F886
:100E2000B4110021C5F8BC11B6F8341D814227D891
:100E3000D5F8B41121B3D5F8B0210244C5F8B021DA
:100E4000091AC5F8B411D5F8B8110844C5F8B801A5
:100E5000B0F57D7F0AD32046FFF770FE0020C5F86D
:100E6000B801D5F8BC01401CC5F8BC0196F82C3D72
:100E7000B6F8342D2046D5F8B011FAF712FD61E02E
:100E8000D5F8B411081AC5F8B401072086F8600D2A
:100E90000220C4F8B00700231A4604F5F661D4F81E
:100EA000A807F2F73AFE4DE0092086F8600D02200F
:100EB000C4F8B00700231A4604F5F661D4F8A80771
:100EC000F2F72BFE3EE005F5805642F28410291819
:100ED00096F82C3D3F222046FAF7E3FC082086F8DE
:100EE000600D2FE005F58055204695F82C1DF3F791
:100EF0004EFD012802D0052811D023E002A920468A
:100F0000FFF721FDBDF8080042F20101884201D13E
:100F1000002700E00227012085F8610D12E009207A
:100F200085F8600D0220C4F8B00700231A4604F5C6
:100F3000F661D4F8A807F2F7F0FD03E041F661513D
:100F4000012048550BB03846F0BDD0F84C07C369B6
:100F5000002003F5E052C2F86401C2F86801C2F84B
:100F60006C01C2F87001C2F87401C2F87801C2F8CD
:100F70007C01C2F8800191F820204FF0200CC2F1D2
:100F8000050252420CEB820C03F58052C2F864CD8C
:100F90000123A2F8683D0B88A2F86A3D8B68C2F86D
:100FA0006C3DCB68C2F8703D0B69C2F8743D4B696B
:100FB000C2F8783D8B69C2F87C3DC969C2F8801DD2
:100FC000704770B404460023881811F802C04578B1
:100FD0004CEA052C8578C0782D0445EA00604CEA7F
:100FE0000000002818D903F1010C02EB8C0C11F859
:100FF0000C508C449CF8016045EA06259CF8026080
:101000009CF803C0360446EA0C6C45EA0C0C44F824
:1010100023C05B1C9842E6D870BC704710B50C46E4
:10102000D0F84C07C06941F6905101440022201DC0
:10103000FFF7C7FF206010BD38B51546D0F84C0744
:10104000C06941F6905144182078617840EA012047
:101050002880A078E17840EA0120688020796179D1
:1010600040EA0120A880E079A279010E42EA00223C
:10107000207A42EA004241EA1041607A030A42EAD9
:101080000060A27A19431143E27A41EA0221227BED
:1010900041EA0241627B41EA0261E960A860E07BCB
:1010A000A27B010E42EA0023207C43EA004341EA8E
:1010B0001041607C020A1143A27C43EA00601143A4
:1010C000E27C41EA0221227D41EA0241627D41EA5D
:1010D000026169612861A07DE17D627E40EA0120B4
:1010E000217E090441EA02610843A8616A4604F1CD
:1010F0001A0105F11C00FFF746FCBDF800006A4626
:1011000004EB400000F11B0105F21B10FFF73BFC54
:1011100038BD38B50B46D0F84C07C06941F6905140
:1011200008440178427890F803C041EA02218278AD
:10113000120442EA0C62114319600179427941EAD2
:10114000022199808179C27941EA0221D980417ACC
:1011500090F808C00A0E4CEA0124817A44EA01445E
:1011600042EA1142C17A4FEA112C42EA0C0290F88D
:101170000CC044EA016142EA0C0290F80DC042EA58
:101180000C2290F80EC042EA0C4CC27B4CEA026280
:10119000DA60996090F83410002903D190F8381083
:1011A00001B1001D017B427B41EA02211982817B52
:1011B000C27B90F811C041EA0221027C120442EA8B
:1011C0000C6211435961817CC27C90F815C041EAE0
:1011D0000221027D120442EA0C6211439961817D71
:1011E000C27D90F819C041EA0221027E120442EA4F
:1011F0000C621143D961817EC27E90F81DC041EA24
:101200000221027F120442EA0C6211431962817FBB
:10121000C27F90F821C041EA022190F820201204F8
:1012200042EA0C621143596290F8221090F8232090
:1012300090F825C041EA022190F82420120442EAE5
:101240000C621143996290F8261090F8272090F8CC
:1012500029C041EA022190F82820120442EA0C62D7
:101260001143D96290F82A1090F82B2041EA02210C
:10127000198690F82C1090F82D2090F82FC041EA94
:10128000022190F82E20120442EA0C6211435963A5
:1012900090F8301090F8312090F833C041EA0221E4
:1012A00090F83220120442EA0C621143996300F173
:1012B00034016A4603F13C00FFF765FB38BDF8B521
:1012C0008446069A0C461846DCF84C17C96941F664
:1012D00090531944062A77D006DC062A35D2DFE877
:1012E00002F0344950575E69092A6BD02EDC072A78
:1012F00069D0082A29D122684B1CD35C8D5C4FEA47
:10130000136C45EA03258B1CD35C45EA03454CEA84
:10131000134CCB1CD35C1E0A45EA03630D1D4CEA3B
:10132000060C555D4CEA050C4D1D555D4CEA052C2F
:101330008D1DC91D555D515C4CEA054C4CEA01619F
:1013400003604160206808302060F8BD0A2A5DD043
:10135000A2F57F42FF3AF8D1226811446A46FFF7AE
:1013600012FBBDF800100122206802EB4101084485
:101370002060F8BD2268895C01702068401C2060F4
:10138000F8BD2268895C01702068401C2060F8BDAF
:101390002268895A01802068801C2060F8BD22687C
:1013A0008B5C491C515C43EA012101802068801C50
:1013B0002060F8BD2268895801602068001D206007
:1013C000F8BD01E026E017E0226801F1010C8B5C1A
:1013D00012F80CC043EA0C2301F1020CC91C12F8EC
:1013E0000CC0515C4FEA0C4C4CEA0161194301609E
:1013F0002068001D2060F8BD226811444A68096811
:1014000042600160206808302060F8BD206810301C
:101410002060F8BD206810302060F8BDF0B583B0C2
:1014200006460C461746D6F84C07C06941F690515F
:101430004518002002902878697840EA0120208031
:10144000A878E97840EA0120608028792071052099
:1014500002906088009004F108033A4602A93046E1
:10146000FFF72DFF029829182A5C4B7842EA0322E5
:101470008B78C9781B0443EA01611143C4F8081151
:10148000001D0290295C84F80C11411C029194F813
:101490000C01012821D002281DD16A18685C5278FD
:1014A00040EA0220A4F81001881C02900025B4F83C
:1014B000100100280FD9618804EB052000F58C731A
:1014C00000913A4602A93046FFF7F9FE6D1CB4F8C8
:1014D0001001A842EFD803B0F0BD6088009004F579
:1014E00088733A4602A93046FFF7E9FE608800900B
:1014F00004F504733A4602A93046FFF7E0FE60881F
:10150000009004F544733A4602A93046FFF7D7FE2F
:1015100003B0F0BD2DE9F04782B080460D46D8F803
:101520004C07C06941F690510844002701970178A3
:10153000437890F803C041EA032183781B0443EA0F
:101540000C6341EA0306002E45D000F10403A2F12A
:1015500004004FF000043AD9002840D019785A7896
:1015600093F803C041EA02219A78120442EA0C621D
:101570000A4304EB441105EBC10CCCF804201A1DFE
:10158000031F107892F8019040EA092025F83100F5
:10159000901C991E0278437842EA0322ACF802209C
:1015A00000F1020AA1F102090197BCF802000090C3
:1015B0000CF108034A4601A94046FFF780FE019856
:1015C0000AEB0003A9EB0000641CB442C4D302B0D0
:1015D0003046BDE8F08702B00020BDE8F08702B0D9
:1015E0000020BDE8F087F0B589B004460126D4F8A4
:1015F0004C07C06900F5805595F8612D012A02D08D
:10160000022A33D12EE000F500520023C2F8A431A3
:10161000C2F8A811C2F8AC3141F20200ADF80000E6
:101620000191D2F8A4010290D2F8A401401CC2F8A2
:10163000A401039101278DF8207069462046FFF729
:1016400084FC85F8607D022085F8610D0520C4F8D2
:10165000B00700231A4604F5F661D4F8A807F2F79C
:101660005CFA03E02046FFF7A0FA064609B03046D0
:10167000F0BD2DE9F04389B0054616464FF001084C
:10168000D5F84C07C36941F690501C1803F58057F4
:101690004FF0000997F8610D012802D002284CD1C3
:1016A00036E003F500520224C2F8AC4141F6845002
:1016B0001844C2F8B001C2F8B491C2F8C091C2F89F
:1016C000B89141F21400ADF80000D2F8A8010190E1
:1016D000D2F8A4010290D2F8A401401CC2F8A401DF
:1016E000039101268DF8206069462846FFF72DFCFE
:1016F00087F8606D87F8614D0520C5F8B0070023B5
:101700001A4605F5F661D5F8A807F2F706FA14E0CF
:101710002846FFF74AFA80465FEA08000DD1207894
:10172000617840EA01203080A078E17840EA012029
:1017300070802079307186F8089209B04046BDE883
:10174000F083F0B589B004460F460126D4F84C0763
:10175000C06900F5805595F8612D012A02D0022A52
:1017600041D136E000F500510227C1F8AC7141F6D5
:1017700084521044C1F8B0010020C1F8B401C1F88E
:10178000C001C1F8B80141F20102ADF80020D1F862
:10179000A8210192D1F8A4210292D1F8A421521CCF
:1017A000C1F8A4218DF8200069462046FFF7CDFB43
:1017B000012085F8600D85F8617D0520C4F8B0072B
:1017C00000231A4604F5F661D4F8A807F2F7A5F944
:1017D00009E02046FFF7E9F90646300003D1394613
:1017E0002046FFF7FFF809B03046F0BDF0B589B0EC
:1017F00004460F460126D4F84C07C06900F5805511
:1018000095F8612D012A02D0022A41D136E000F577
:1018100000510227C1F8AC7141F684521044C1F85E
:10182000B0010020C1F8B401C1F8C001C1F8B8018D
:1018300041F20402ADF80020D1F8A8210192D1F8BC
:10184000A4210292D1F8A421521CC1F8A4218DF840
:10185000200069462046FFF778FB012085F8600DDF
:1018600085F8617D0520C4F8B00700231A4604F509
:10187000F661D4F8A807F2F750F909E02046FFF71F
:1018800094F90646300003D139462046FFF7C6FBDF
:1018900009B03046F0BD2DE9F0418AB004460F464C
:1018A00090460126D4F84C07C06900F5805595F89C
:1018B000611D012902D0022944D138E000F500520F
:1018C0004FF00208C2F8AC8141F684510844C2F8D6
:1018D000B0010020C2F8B401C2F8C001C2F8B801DA
:1018E00041F20500ADF80400D2F8A8010290D2F848
:1018F000A4010390D2F8A401401CC2F8A4010497EB
:1019000001278DF8247001A92046FFF71EFB85F8FA
:10191000607D85F8618D0520C4F8B00700231A4664
:1019200004F5F661D4F8A807F2F7F7F80AE02046C4
:10193000FFF73BF90646300004D1424639462046BF
:10194000FFF77AFB0AB03046BDE8F0812DE9F0419F
:101950008AB00446DDF840800127D4F84C07C569F9
:1019600005F5805696F8610D012802D002283BD17A
:101970002FE005F5005C0020CCF8AC0141F2060038
:10198000ADF80400DCF8A8010290DCF8A401039093
:10199000DCF8A401401CCCF8A40104910592069344
:1019A00003208DF8240001A92046FFF7CEFA01207C
:1019B00086F8600D022086F8610D0520C4F8B00796
:1019C00000231A4604F5F661D4F8A807F2F7A5F843
:1019D0000AE02046FFF7E9F80746380004D142F252
:1019E00090104059C8F800000AB03846BDE8F081B0
:1019F0002DE9F0418AB00546109F4FF00108D5F857
:101A00004C07C46904F5805696F8610D012802D090
:101A100002284AD13AE004F5005C0227CCF8AC7108
:101A200041F684502044CCF8B0010020CCF8B40139
:101A3000CCF8C001CCF8B80141F20700ADF80400C1
:101A4000DCF8A8010290DCF8A4010390DCF8A40102
:101A5000401CCCF8A40104910592069303208DF854
:101A6000240001A92846FFF770FA012086F8600DCE
:101A700086F8617D0520C5F8B00700231A4605F5F4
:101A8000F661D5F8A807F2F748F80EE02846FFF708
:101A90008CF880465FEA080007D141F69050211883
:101AA0000022381DFFF78DFA38600AB04046BDE8C5
:101AB000F0812DE9F0418AB004460B461746012615
:101AC000D4F84C07C06900F5805595F8611D0129CF
:101AD00002D0022943D138E000F500510227C1F8B5
:101AE000AC7141F684521044C1F8B0010020C1F835
:101AF000B401C1F8C001C1F8B80141F20800ADF865
:101B00000400D1F8A8010290D1F8A4010390D1F803
:101B1000A401401CC1F8A40104934FF001088DF802
:101B2000248001A92046FFF710FA85F8608D85F81A
:101B3000617D0520C4F8B00700231A4604F5F6615C
:101B4000D4F8A807F1F7E9FF09E02046FFF72DF8E0
:101B50000646300003D139462046FFF7DAFA0AB0CC
:101B60003046BDE8F081F0B589B004460126D4F8CE
:101B70004C07C06900F5805595F8613D012B02D0F6
:101B8000022B33D12EE000F500534FF0000CC3F8C8
:101B9000ACC141F20B00ADF80000D3F8A8010190F0
:101BA000D3F8A4010290D3F8A401401CC3F8A40107
:101BB0000391049202278DF8207069462046FFF7B2
:101BC000C4F9012085F8600D85F8617D0520C4F811
:101BD000B00700231A4604F5F661D4F8A807F1F718
:101BE0009CFF03E02046FEF7E0FF064609B03046C2
:101BF000F0BD2DE9F0418AB005460127D5F84C0724
:101C0000C46904F5805696F8610D012802D00228B7
:101C10004FD13AE004F500534FF00208C3F8AC810D
:101C200041F684502044C3F8B0010020C3F8B40149
:101C3000C3F8C001C3F8B801C3F8C42141F20900D8
:101C4000ADF80400D3F8A8010290D3F8A4010390E2
:101C5000D3F8A401401CC3F8A401049101248DF819
:101C6000244001A92846FFF770F986F8604D86F8F0
:101C7000618D0520C5F8B00700231A4605F5F66109
:101C8000D5F8A807F1F749FF13E02846FEF78DFFC6
:101C9000074638000DD104F50050D0F8BC1141B909
:101CA00041F69051D0F8C4014FF47D72214400F008
:101CB00082FD0AB03846BDE8F0812DE9F04389B0D5
:101CC0000546DDF84090DDF844800127D5F84C0743
:101CD000C46904F5805696F8610D012802D00228E7
:101CE00054D13DE004F5005C4FF00208CCF8AC8123
:101CF00041F684502044CCF8B0010020CCF8B40167
:101D0000CCF8C001CCF8B801CCF8C49141F21B006A
:101D1000ADF80000DCF8A8010190DCF8A401029005
:101D2000DCF8A401401CCCF8A401039104920593B3
:101D300003208DF8200069462846FFF706F90120A8
:101D400086F8600D86F8618D0520C5F8B007002380
:101D50001A4605F5F661D5F8A807F1F7DEFE15E09D
:101D60002846FEF722FF074638000FD104F5005041
:101D7000D0F89021C8F80020D0F8BC1131B941F654
:101D80009051D0F8C401214400F015FD09B0384647
:101D9000BDE8F0832DE9F04389B0054690469946A9
:101DA0000127D5F84C07C46904F5805696F8610DF3
:101DB000012802D0022848D138E004F500504FF045
:101DC0000208C0F8AC8141F684522244C0F8B02128
:101DD0000022C0F8B421C0F8C021C0F8B82149F6EB
:101DE0000102ADF80020D0F8A8210192D0F8A4217A
:101DF0000292D0F8A421521CC0F8A421039101241E
:101E00008DF8204069462846FFF79FF886F8604D18
:101E100086F8618D0520C5F8B00700231A4605F540
:101E2000F661D5F8A807F1F778FE0EE02846FEF730
:101E3000BCFE0746380008D141F690502118002218
:101E40004846FEF7B4FDC8F8000009B03846BDE8C2
:101E5000F0832DE9F0418AB005468C46984601276B
:101E6000D5F84C07C46904F5805696F8610D012831
:101E700002D0022848D13AE004F500514FF00208A0
:101E8000C1F8AC8141F684502044C1F8B001002073
:101E9000C1F8B401C1F8C001C1F8B80149F60200A7
:101EA000ADF80400D1F8A8010290D1F8A401039084
:101EB000D1F8A401401CC1F8A401CDF810C00592CE
:101EC0008DF8248001A92846FFF73FF8012086F805
:101ED000600D86F8618D0520C5F8B00700231A460D
:101EE00005F5F661D5F8A807F1F717FE0CE02846CE
:101EF000FEF75BFE0746380006D142F2B4104146B9
:101F000002592846FFF78AFA0AB03846BDE8F08140
:101F10002DE9F04F89B006468B4614464FF0010973
:101F2000D6F84C07C56905F5805797F8610D01286B
:101F300002D002285AD14BE005F500544FF0020AB6
:101F4000C4F8ACA141F684502844C4F8B0014FF065
:101F50000008C4F8B481C4F8C081C4F8B88141F65F
:101F600090504FF47D722844D4F8C41100F023FC43
:101F700049F60500ADF80000D4F8A8010190D4F8A6
:101F8000A4010290D4F8A401401CC4F8A401CDF827
:101F90000CB0CDF810804FF0FF300590CDF81880D0
:101FA000079005248DF8204069463046FEF7CDFFA6
:101FB000012087F8600D87F861ADC6F8B0470023AF
:101FC0001A4606F5F661D6F8A807F1F7A6FD0DE06A
:101FD0003046FEF7EAFD81465FEA090006D142F28B
:101FE000B410214642593046FFF794FA09B04846EA
:101FF000BDE8F08FF0B589B004460126D4F84C074F
:10200000C06900F5805595F8611D012902D00229AB
:102010003FD13AE000F500510127C1F8AC7141F61B
:10202000845C6044C1F8B0010020C1F8C001C1F86F
:10203000B801C1F8BC01C1F8C421C1F8B43141F202
:102040000D02ADF80020D1F8A8210192D1F8A42109
:102050000292D1F8A421521CC1F8A4218DF82000CD
:1020600069462046FEF771FF85F8607D022085F8FD
:10207000610D0520C4F8B00700231A4604F5F66187
:10208000D4F8A807F1F749FD03E02046FEF78DFDDF
:10209000064609B03046F0BD704770B5064600F000
:1020A00081FC056806F10B0020F00704B4429CBFD8
:1020B000002070BD2B466A68BAB11068A04210D3E8
:1020C00004F1080188423CBF5068586007D351684A
:1020D000101941601168091B016058601460101DDF
:1020E00070BD13465268002AE7D12146284600F009
:1020F00061FC0028DED170BD70B50446051F00F0FC
:1021000051FC0068002C14BF446870BD002C18BF3F
:10211000AC423CBF20466468F8D301680A18AA4262
:1021200018BF456003D12A6805461144016028683C
:102130004119A1421CBF6C6070BD61686960216873
:102140000844286070BD53EA020C00F069802DE954
:10215000F04B4FF00006002B1FBFB3FA83F503FAD4
:1021600005F424FA05F65E4012BF1643B2FA82F572
:1021700002FA05F4C5F120051EBF22FA05FC44EA67
:102180000C04203556EA044C4FEA144418BF641C72
:102190004FF000084FF00009904271EB030C39D367
:1021A000002919BFB1FA81F701FA07F6B0FA80F7F2
:1021B00000FA07F6C7F120071EBF20FA07FC46EA1F
:1021C0000C062037B6FBF4FCA7EB0507103F07F021
:1021D0001F0BCBF120060CFA0BFB2CFA06F644BFC2
:1021E000B3460026202FA4BF5E464FF0000B5BEAEB
:1021F000060C08BF4FF0010B19EB0B09ABFB027C7F
:1022000048EB0608C01B06FB02CC0BFB03CC71EBB2
:102210000C01C1E70B46024641464846BDE8F08B3B
:1022200013B54FF000004FF00001AFF30080BDE8A0
:102230001C4070470FB4044910B503AA029800F07F
:10224000ABFE10BC5DF814FB140000200FB41CB5ED
:10225000074B06AA7B4469460090059800F06DFE86
:102260000020694600F07CFE1CBC5DF814FB0000F9
:10227000090D000070B5044685690068C10601D5E6
:10228000302600E02026C00707D070BDD4E9012128
:1022900030469047206A401C20626D1EF6D570BD06
:1022A00070B5044685690078C00707D170BDD4E9D0
:1022B000012120209047206A401C20626D1EF6D527
:1022C00070BD70B50C460546012A05D028788006F9
:1022D00000D5EA69002302E0012305E05B1C93427C
:1022E00002D2E05C0028F9D1A869E618C01AA861FA
:1022F000286A184428622846FFF7BCFF04E0D5E9A5
:10230000012114F8010B9047B442F8D32846FFF797
:10231000C7FF70BD2DE9F0410646002410687529FD
:10232000314616A510D0AFF30080002802DA4042F3
:1023300013A507E031688A0701D512A502E0490715
:1023400004D511A5012401E0AFF3008000210A2289
:1023500006F1240709E0B0FBF2FCB0FBF2F302FB4C
:102360001C00303078541846491C0028F3D123460D
:102370002A463046BDE8F04100F071BB0000000085
:102380002D0000002B0000002000000070B5044666
:102390000D4621461068AFF300802188090502D55B
:1023A0000F4A7A4402E00E4A7A440E32002104F1C8
:1023B000240305E000F00F060009965D5E54491CF9
:1023C0000028F7D120780023000704D5702D02D013
:1023D00009B1022311322046BDE8704000F03FBB36
:1023E000524D00002DE9F05F894604464FF0000A87
:1023F000DFF874B1FB44C0F820A02046E1688847AC
:10240000002874D0252806D0D4E901219047206AFD
:10241000401C2062F1E700265F462046E1688847BD
:102420002028054607DB312D05D2781910F8200C3D
:1024300008B10643F1E7B00701D526F00406C4F859
:102440001CA00027C4F818A02A2D09D0284602F0A5
:1024500052FE38B304EB8708303DC8F8185019E035
:1024600059F8041B204604EB87029161E168884714
:10247000012F054618D1E069002820DA26F0200651
:102480001DE0D8F8180000EB800005EB4000303864
:10249000C8F818002046E1688847054602F02BFE80
:1024A0000028EED1012F0AD02E2D08D12046E16858
:1024B00088477F1C0546022F46F02006C4DBA06932
:1024C000002803DA404246F00106A061F00701D07F
:1024D00026F010066C2D0BD0682D09D04C2D39D06C
:1024E0006A2D35D0742D35D07A2D33D016E038E0F2
:1024F000E1682F4620468847B842054609D16C2F2F
:1025000026D04FF48060E1680643204688470546A0
:1025100004E06C2F1AD04FF4807006430DB3A5F180
:102520004100192802D8203546F400664A4629465B
:10253000204626604E46CDF78FFE80B101280BD095
:10254000F61D26F0070000F1080956E74020E4E7F1
:102550008020D8E70020D6E706F104094DE7284699
:1025600052E7206ABDE8F09F284D00000FB400B587
:102570008DB010A9099000910B904FF0FF300A9098
:1025800000200C90064878440690064878446A4635
:1025900007900F9909A800F0A1FF0DB05DF814FB9A
:1025A000730F00008B0F00002DE9FF5F1D464FF0F9
:1025B000FF3B91464FF000085F46D5E90146A96907
:1025C00001987F1C8847296A824688470028F6D1EF
:1025D000BAF1FF3F0CD0002E24F4C06419DD600670
:1025E00014D5BAF12B0F09D0BAF12D0F0ED103E09B
:1025F000584604B0BDE8F09F44F48064A96901988E
:102600007F1C8847761E8246002E02DDBAF1300F0D
:1026100003D0B9F1000F26D032E0A969761E0198E7
:102620007F1C44F400748847002E824605DDBAF111
:10263000780F06D0BAF1580F03D0B9F1000F10D0BF
:102640001EE0B9F1000F02D0B9F1100F18D1A9693D
:10265000761E01987F1C24F400748847824610205F
:1026600002E0082000E00A20814609E0A96908FB91
:102670000908761E01987F1C44F40074884782463E
:10268000002E05DD4946504600F098FC0028EDDAA2
:10269000E96901988847A00502D46FF00100A8E716
:1026A000E00725D1600613D5600502D5C8F100000A
:1026B00000E0404629680A1D2A600968220501D504
:1026C000087015E0220701D5088011E008600FE0CE
:1026D0002868011D29600068210502D580F8008066
:1026E00006E0210702D5A0F8008001E0C0F80080D4
:1026F00038467EE70B4910B5A1F17C020A4CC2E9CD
:102700003712372106E000EB104342F82130074B27
:1027100000FB03400B1EA1F10101F4DC10BD012000
:10272000E8E70000C4470120E119D666CD0D01009D
:1027300040EA0103024630B59B0710D14FF0013447
:1027400000E008C208C91D1B9D4315EAC41FF8D04C
:1027500013F0FF0102F8011B0DD01B0AF8E711F876
:10276000013B002B02F8013B05D011F8013B002B87
:1027700002F8013BF3D130BD10B5431C02E010F864
:10278000011B71B18107FAD14FF0013202C88C1AD6
:102790008C4314EAC211F9D0C01A0A0603D0C01E35
:1027A00010BDC01A10BD0A0401D0801E10BD090260
:1027B000FCD0401E10BD032A40F2308010F0030C04
:1027C00000F0158011F8013BBCF1020F624498BF84
:1027D00011F801CB00F8013B38BF11F8013BA2F121
:1027E000040298BF00F801CB38BF00F8013B11F09C
:1027F000030300F02580083AC0F0088051F8043B3C
:10280000083A51F804CBA0E80810F5E7121D5CBFA8
:1028100051F8043B40F8043BAFF30080D20724BFDB
:1028200011F8013B11F801CB48BF11F8012B24BF6F
:1028300000F8013B00F801CB48BF00F8012B7047BE
:1028400010B5203AC0F00B80B1E81850203AA0E84B
:102850001850B1E81850A0E81850BFF4F5AF5FEA7F
:10286000027C24BFB1E81850A0E8185044BF18C932
:1028700018C0BDE810405FEA827C24BF51F8043BD9
:1028800040F8043B08BF7047D20728BF31F8023B2D
:1028900048BF11F8012B28BF20F8023B48BF00F8C1
:1028A000012B704702F0FF0343EA032242EA02428F
:1028B00000F002B84FF000020429C0F0128010F0BE
:1028C000030C00F01B80CCF1040CBCF1020F18BF0C
:1028D00000F8012BA8BF20F8022BA1EB0C0100F09F
:1028E0000DB85FEAC17C24BF00F8012B00F8012B72
:1028F00048BF00F8012B70474FF0000200B51346A7
:1029000094469646203922BFA0E80C50A0E80C500F
:10291000B1F12001BFF4F7AF090728BFA0E80C50C0
:1029200048BF0CC05DF804EB890028BF40F8042BB9
:1029300008BF704748BF20F8022B11F0804F18BF26
:1029400000F8012B704710B5044610F0030F08BFC4
:1029500011F0030F40F015804FF0013E121FC0F23E
:102960000E8051F8043BA3EB0E0C2CEA030C1CEA7E
:10297000CE1C08BF40F8043BF0D0A1F1040102F1E5
:102980000402521E08DB11F8013B002B00F8013B4A
:10299000F7D11146FFF78EFF204610BD70477047F4
:1029A0007047000000487047344801207047704766
:1029B0007047704738B504460A4600206946AFF3B1
:1029C0000080002808BF38BD02460099204600F06C
:1029D000C1FD012038BD012001F094B8F8B5AFF376
:1029E0000080054600200C46102000BF0646A819AE
:1029F000A0420DD9324669460020AFF3008007009F
:102A000008BF01F07FF80098A04218BF0546C4191E
:102A1000FFF7C8FF05600746F01D20F007004619C4
:102A2000284600F00AF8B44208BFF8BDA21B3146A0
:102A30003868BDE8F84000F08DBD00210160C0E9B4
:102A4000011070471020704710B500F07FFD00683E
:102A500010BD10B5044600F079FD046010BD2DE9ED
:102A6000F0470D4699469246044600F12408016855
:102A7000880604D5E06921F01001216000E0012002
:102A8000A84201DD471B00E00027A1697A1902EB8B
:102A90000900081AA0612078C00602D42046FFF77A
:102AA000E9FB002608E0D4E901211AF80600904766
:102AB000206A401C761C20624E45F4DB2078C0065C
:102AC0000AD52046FFF7D6FB06E0D4E901213020E5
:102AD0009047206A401C2062381EA7F10107F4DCF1
:102AE00007E0D4E9012118F805009047206A401C4E
:102AF0002062281EA5F10105F3DC2046FFF7D0FB7C
:102B00002078000602D50220BDE8F0870120FBE70F
:102B100070472DE9FF4F0C461E464FF0FF378BB034
:102B2000D2E90001DDF860800A908A46C1F30A55B7
:102B300005B93D46002108464FF00000BAF1000FEC
:102B400000F4400005DA00EB80004FF4400101EA98
:102B500050004FEA9059B9F1010F00DDB9460A98CB
:102B600050EA4A000ED044F61050A5F2FF35454316
:102B70002F14B8F1000F1ED07542291E1EDDC9F1B9
:102B800000021CE0B8F1010F4FF0000001D030212D
:102B900003E0F24305E02154401CB042FBDB304629
:102BA0000022002121540B99C1F80880C1E90020BE
:102BB0000FB0BDE8F08FBD1B6D1CDEE74A4600DAA2
:102BC000694206A800F028FF06AB93E8070003ABB4
:102BD00083E8070050460A9901F094FA8DE807004F
:102BE000A0F500501F3800900398002D0ADD42F236
:102BF0001F014A460844002303A90390684601F0D8
:102C00003FFD09E0A0F500504A461F38002303A904
:102C10000390684601F05EFD8DE807000004000C9B
:102C200003D04FF0FF30410800E01046B8F1000F2C
:102C300003D00022009215461EE0751E05D400F058
:102C4000A3FC303262556D1EF9D5B346012208430C
:102C500002D000227F1C04E02078302801D100221D
:102C60007F1E002A099784D01DE0112D07DA00F09D
:102C70008BFC303262556D1C50EA0102F5D10843DD
:102C800002D00098C8B10EE00021681E05E0235C68
:102C9000625C63542254401E491C8142F7DBAB4600
:102CA000A81B401E0990002004F80B000B98099AFD
:102CB000C0F80880C0E9002B7AE711264FF0000821
:102CC00057E72DE9F04F88460446D21D22F0070150
:102CD00091B0D1E90001CDE90A0101F047FE0246B9
:102CE0000B98C00F01D02D2007E02068810701D587
:102CF0002B2002E0202101EAC000032A099001D024
:102D0000072A05DB03464146204600F08BFC0BE119
:102D10002078800601D5E06900E00620B8F1650F53
:102D2000814606D0B8F1660F18D0B8F1670F70D1A0
:102D300031E00020B9F1110F009001DB112301E017
:102D400009F101030AAA01A90CA8FFF7E2FEDDE9D7
:102D50000C70002609F10105834647E001204B462F
:102D600000904FF000470AAA01A90CA8FFF7D1FE76
:102D7000DDE90DB00C995D46002610B909F101009E
:102D80000D18B9EB050003D4C0F1FF3609F10105B8
:102D9000A5EB09002BE0B9F1010F01DA4FF00109B1
:102DA0000020B9F1110F0090484601DD112300E029
:102DB00003460AAA01A90CA8FFF7ABFEDDE90C70D7
:102DC0004D4600268346207800070AD4AB4500DA3A
:102DD0005D4601A8012D04DD411911F8011C3029BF
:102DE00007D04F4502DA17F1040F04DA01208246BA
:102DF0000FE06D1EEEE7002F02DCED1B3E4403E00A
:102E0000781CA84200DD7D1CB81B00F1010A4FF0C0
:102E100000472078000703D4AA4501DB4FF0FF3AB2
:102E20000021B7F1004F0DF143088DF8431024D075
:102E300002202B23002F01DA7F422D230A21021EBC
:102E4000A0F1010000DC5FB197FBF1FC97FBF1F210
:102E500001FB1C7C17460CF1300C08F801CDEEE7A5
:102E6000A8F1010003702188090501D5452100E082
:102E70006521A0F1010800F8011C09980FA9A1EB38
:102E80000807FF1D00B10120411901EBEA70A1699B
:102E90003844081A401EA0612078C00602D420469B
:102EA000FFF7E8F9099828B1D4E901219047206A91
:102EB000401C20622078C00622D52046FFF7DAF9B0
:102EC0001EE0002E04DBB34502DD01A8805D00E0BA
:102ED0003020D4E901219047206A401C2062761CF2
:102EE000AAF101005FEA000A0AD100F02BFBC068DA
:102EF0000168405CD4E901219047206A401C2062AF
:102F0000281EA5F10105DCDC07E0D4E9012118F851
:102F1000010B9047206A401C2062381EA7F1010770
:102F2000F3DC2046FFF7BCF9032011B041E60000B6
:102F300001694A1C02610878704700B58FB0CDE97D
:102F400001310021059105497944CDE9031011466D
:102F50006846FFF747FA0FB000BD0000E5FFFFFF2E
:102F60000A6802F8010B0A60704710B5436913B193
:102F7000AFF3008001E0FFF7A4F9012010BD127843
:102F800000F124010A7000224A700122EDE7116865
:102F90004FF0FF32E9E70000074B70B50D467B4468
:102FA000FFF7CBFF0446284600F0A8FD10B14FF014
:102FB000FF3070BD204670BD07FDFCFF3A2800D2EF
:102FC000303820F02002412A01D3A2F13700884294
:102FD00001D34FF0FF3070472DE9FF4F06468BB00D
:102FE0000878FF2806D0491C2D2805D000244FF072
:102FF000000908E000200CE00124F8E709EB890350
:10300000491C00EB43090878FF28F7D114B1C9F136
:1030100000008146107800252C46AA4629462D2816
:1030200001D02B2804D1521C2D2813D00020824619
:103030008B461078FF280FD04FF0000C0A21521C4D
:10304000A5FB017804FB018105FB0C11C5194BEBB5
:103050000104EEE70120EAE7002108464FF00000F6
:10306000BAF1000F02D000EB80004008C0F3815796
:10307000012F01DD4FF0FF370E9955EA040009EBEF
:1030800001080BD04FF0020918F5FA7F16DA4FEA63
:10309000CA70002F706008DD012007E04FEACA7097
:1030A000C6E900B00FB0BDE8F08F0020306000F03E
:1030B0004DFAC0F800901821084616E0B8F5FA7FDE
:1030C00018DD002F02DAF748784401E0F64878442A
:1030D000D0E90010C6E9001040EACA70706000F044
:1030E00035FAC0F80090142108460FB0BDE8F04F43
:1030F00002F083BE002108464FF00000B8F1000145
:10310000099002DAC7F1000200E03A4601DAC8F19C
:10311000000106A800F080FC06AB93E8070003ABB3
:1031200083E8070044F23E005BEA04010090584641
:1031300004D144F21E012C465D460091210C090485
:10314000014306D10099240444EA15442D041039A2
:10315000009104F07F41014306D10099240244EA22
:1031600015642D020839009104F07041014306D125
:103170000099240144EA15742D01091F009104F0FF
:103180004041014306D10099A40044EA9574AD0082
:10319000891E009104F00041084304D100986D1984
:1031A0006441401E00904FF001033A466846B8F172
:1031B000000FCDE9014503A902DD01F0A0FA01E00D
:1031C00001F073FABAF1000F04460D4601D084F005
:1031D0000044002108464FF00000099940F2FF77B3
:1031E000484010F00C0F07D124F00040284303D0D2
:1031F000C4F30A50B84212D100F0A8F9C0F8009008
:10320000C4F30A50B8420AD1A8487844D0E9001063
:10321000C6E9001004F000410843706042E7C6E9C7
:1032200000543FE72DE9FF4F1F464FF0000A4FF0D3
:10323000FF38454691B0D7E90146CDF83CA000F0F3
:1032400081F9C0680168405C1090B96912986D1CE2
:103250008847396A814688470028F6D1B9F1FF3F8F
:103260000AD0002E24F4D06411DDB9F12B0F08D060
:10327000B9F12D0F0BD102E0404615B013E744F42D
:103280008064B96912986D1C8847761E8146600576
:1032900004A901D52D2000E02B20002E01F1010B07
:1032A0000DF130088DF810003FDDB9F1690F08D03D
:1032B000B9F1490F05D0B9F16E0F02D0B9F14E0F37
:1032C0001CD13B4601A8009580E85002DDE91212AE
:1032D0006FF0020002F0FAFDC11CCED10EE0B96918
:1032E00012986D1C884781461398761E44F400742A
:1032F00005600F98401C002E0F9016DDB9F1300FBD
:10330000EDD0B9F1780F02D0B9F1580F0DD10F9867
:1033100001280AD13B46CDE90054DDE91212001F15
:10332000029602F0D1FDC11CA7D1109989453ED16A
:1033300044F0800406E01399681CAAF1010A44F4E1
:1033400000740860B9696D1C1298761E8847302891
:103350008146F0D02BE01099894505D1200603D491
:10336000761E44F0800418E0484601F0C4FE08B31D
:10337000761E0DF123018B4544F4007408D2A9F1A7
:1033800030000BF8010B200607D5AAF1010003E07D
:10339000200602D40AF101008246A00502D5139945
:1033A000681C0860B96912986D1C88478146002E18
:1033B000D1DC53E0002E51DDB9F1650F02D0B9F137
:1033C000450F4BD1A00549D5B9696D1C1298761EE1
:1033D00024F440748847002E81460CDD2B2804D04D
:1033E000B9F12D0F07D144F48074B96912986D1C9E
:1033F0008847761E8146E00501D52D2100E02B216E
:1034000008F8011BCDF8008021E0761E0DF139018E
:10341000884544F400740CD2A9F1300010F0FF008C
:1034200088F8000002D10099884509D908F10108FF
:1034300006E0E00501D51E4801E042F20F70824629
:10344000B96912986D1C8847814613980560002E53
:1034500004DD484601F04FFE0028D6D1F9691298E4
:103460008847FF2053468BF8000088F800000020B2
:103470000A900B9004AA0CA90AA8FFF7ADFDA005BD
:1034800002D46FF00100F8E614F0240F12D0E00728
:103490001CD13868DDE90A12031D3B600068C0E9F1
:1034A000001213E0C4460000B64600007A45000052
:1034B000F1D8FFFF0AA9684601F00AFEE00705D12E
:1034C0003868009A011D3960006802602846D4E619
:1034D000026811441378016018467047D1600549AD
:1034E0007944516104497944116200211161114606
:1034F00000F0D8B8EDFFFFFF29010000426842B19B
:10350000016811F8013B23B1521EC0E900121846B0
:1035100070470121C160881E704742685AB1C36874
:10352000016843B983688B4205D0491E521CC0E92B
:103530000012002070474FF0FF307047004870477E
:103540002C480120004870474C4801200048704733
:103550002C480120034640688C46002818BF88424A
:103560003CBF03464068F8D318681844884207D027
:103570000CF1030020F00700001D411A521A014609
:10358000081D0A60FEF7B8BD30B5B0F10A024FEA77
:10359000900E71F100034EEA817EB0EB0E0061EBFC
:1035A00091014FEA101E4EEA017E10EB0E0041EB36
:1035B00011114FEA102E4EEA016E10EB0E0041EB96
:1035C00011214FEA104E4EEA014E10EB0E0041EB76
:1035D0001141401841F100014FEAD00040EA41702A
:1035E0004FEAD10110EB80054FEA810444EA907460
:1035F00044EB01046D1944EB0404521BA3414FF04A
:10360000000348BF0A3200D530BD401C41F1000123
:1036100030BD10B5044600F0A1FA0068005D00F06E
:10362000010010BD2DE9F0411F4604460326016844
:10363000072A01F4006004DB08B116A505E016A511
:1036400003E008B115A500E015A521F010002060E9
:10365000A069C01EA0610FB1401EA0612046FEF708
:1036600009FE4FB1D4E9012138469047206A401C39
:103670002062C01C206206E0206AFAE7D4E901213A
:1036800015F8010B9047761EF8D22046FEF708FE8B
:10369000BDE8F0814E414E006E616E00494E46001D
:1036A000696E66002DE9F34F4FF0000A0C4656464E
:1036B0008DB001200C9001F10C000B9062690B9809
:1036C00001219047051E2DD0252D2CD0216A884739
:1036D000C0B162690B9801219047216A8847002890
:1036E000F7D16269411E0B98904700E0761CA169F2
:1036F0000D988847216A88470028F7D1E1690D981D
:103700008847DBE7A1690D988847A842074601D1A1
:10371000761CD3E7E1690D9888477F1C02D1BAF186
:10372000000F6FD06BE162690B9800273D46394668
:1037300090472A2804D162690B98012190470125FE
:10374000DFF8D08262690B9801219047A0F1300127
:103750000A290AD24745E5DC07EB870100EB410760
:10376000303FDFD445F01005ECE7E90601D46FF0F7
:1037700000476C280AD04C2814D0682815D06A2835
:103780000DD074281CD07A281AD01DE062690B98DD
:10379000012190476C2802D045F0040514E045F063
:1037A00002050DE045F020050AE062690B98012151
:1037B0009047682802D045F0080505E045F400650B
:1037C00062690B9801219047C4E9015765283DD0F3
:1037D00019DC58287AD00CDC452837D004DC2528A1
:1037E00026D041289ED131E046282FD0472899D1B4
:1037F0002CE05B2877D0612828D063287CD064280F
:1038000023D15AE0F6E06F2848D008DC66281DD0A6
:1038100067281BD0692821D06E2816D127E0702890
:1038200045D0732868D0752847D078280DD14DE051
:10383000A1690D988847252805463FF469AFE169DD
:103840000D9888476D1C3FF46AAFD8E00D99234668
:103850006A466FF0010002F035FBC5E045F040001C
:1038600023464FF000026060A80736D43EE0E80728
:103870007FF447AF2068011D21600068290501D54C
:1038800006701BE7290701D5068017E7A90703D5AE
:10389000F117C0E9006111E706600FE745F040004D
:1038A00023464FF008026060A80716D41EE040F6D9
:1038B0000E0125EA0100606016E045F04000234655
:1038C0004FF00A026060A80707D40FE045F04000FF
:1038D0006060A80708D5234610220D996FF00100FB
:1038E000AFF3008080E007E0102223460D996FF0CF
:1038F0000100FEF759FE77E04FF0000963284F46BC
:10390000C8464B46CB4602D05B2806D038E0E806D6
:1039100001D40120A060012732E06269D4F80CB024
:103920000B98012190475E2807D14FF001094946C5
:103930006269D4F80CB00B989047216939B900211D
:103940000A4603AB43F82120491C0829FADBD8B307
:10395000216949B308F1010862690B980121904778
:103960005D28F4D1B9F1000F09D0002003A951F866
:103970002020D24341F82020401C0828F7DB03AB6D
:103980002069002820794FEA40701ED05B4622460D
:10399000CDF80080CDE901970D9900286FF0010066
:1039A00020DAAFF300801FE0C11703AA00EBD1615A
:1039B0004B1121F01F0102EB8302411A1368012011
:1039C000884003431360C7E719E00D992246002899
:1039D0006FF00100009702DAAFF3008004E0AFF36C
:1039E000008001E0AFF3008000280ADA401C06D115
:1039F0000C9820B14FF0FF300FB0BDE8F08F50466B
:103A0000FAE7E90701D10AF1010A064400200C9007
:103A100054E60000CCCCCC0C2DE9F047814616468C
:103A20008AB0354878440DC88DE80D003248784496
:103A3000801C03AC0DC884E80D0041F69B3008449F
:103A4000372190FBF1F290FBF1F5A5F1800501FB28
:103A500012041B3C02D56442012000E00020DFF884
:103A600098A080460027FA44AAF1BE0A0EE0E007BB
:103A70000AD03246684607EB470101230AEB810171
:103A800000F028FE8DE8070064107F1C002CEED1AA
:103A9000194F7F44AE3F19E0E80715D007EB04103B
:103AA0000DF1180A90E80E008AE80E00C068F04296
:103AB00001D1981908903246012306A903A800F005
:103AC00009FE03AB83E807006D10641C002DE3D1F1
:103AD0004FF0010332466946B8F1000F03A802D047
:103AE00000F0CEFD01E000F0F5FDC9E90001C9F8E4
:103AF00008200AB0BDE8F087CC370000007B00F05A
:103B00008000704710B500F069FABDE8104000F081
:103B100060BA7546FFF712FDAE460500694653468A
:103B200020F00700854618B020B5CCF75BFCBDE857
:103B300020404FF000064FF000074FF000084FF014
:103B4000000B21F00701AC46ACE8C009ACE8C009A5
:103B5000ACE8C009ACE8C0098D46704710B5FFF766
:103B6000F1FC001D10BD00BFD91600002DE9FF4F6C
:103B70001F464FF03C0987B04FF00042DDE91410BA
:103B800001F10108DDF858A002EA4050039000203E
:103B900005908346054604460490B969461E089878
:103BA0008847AAF1010A0290BAF1000F3BDD0298A2
:103BB0002E2815D01021FFF701FA00282EDB4FF038
:103BC000010B0599014317D0B9F1000F0BDB4A46F1
:103BD000C11700F06BFA05430C43A9F1040905E095
:103BE000012004900BE008B145F00105012005908B
:103BF000049820B9361D02E0049800B1361FB96957
:103C0000089808F101088847BBF1000FAAF1010AE2
:103C10000290C9D00999C1F80080C5E702987028C0
:103C200008D0502806D0F96908988847BBF1000FE2
:103C300014D04FE0002002900120BBF1000F04904F
:103C400009D0B969089808F101088847AAF1010963
:103C5000B9F1000F07DCF969089888476FF0010097
:103C60000BB0BDE8F08F2B2804D02D280CD14FF0DD
:103C7000FF300490B969089808F101088847A9F154
:103C80000109B9F1000FE6DD411CE4D00A21FFF77C
:103C900095F90028DFDB029908F1010801EB8101A9
:103CA00000EB41000290B969089888470A21FFF7A4
:103CB00085F9099AA9F10109B9F1000FC2F800804C
:103CC00001DD0028E7DAF969089888470499029825
:103CD00000FB016655EA040004D004F040410900ED
:103CE00002D006E0039898E0A40044EA9574AD0081
:103CF000B61E04F00041080002D16D196441761E21
:103D0000159810F0240F03D04FF00B095C4803E026
:103D10004FF028096FF07D008246564507DAAAEB7E
:103D200006018944B9F1410F01DD4FF0410901203D
:103D30000021A9F1010200F0B9F9024628400B4622
:103D40002140084301D0012100E00021501E0291D2
:103D500043F1FF3128402140084301D0012000E019
:103D600000200299834651EA0B014FD000210846FA
:103D70004FF00000039900F4400039B100EB8000DF
:103D80004FF4400100EBD07001EA6000801501287B
:103D900002DD4FF0FF3000E013D0401C36D0029817
:103DA00060B3BBF1000F0CD14A460120002100F0A6
:103DB0007DF928402140084301D0012000E0002087
:103DC000E0B101204A46002100F070F90346401995
:103DD0000A4661412D1A8C4111D3B9F1400F09DD1A
:103DE000159810F0240F02D0AAF1340603E0AAF1CE
:103DF000170600E0761C00254FF0004406E05B1E2D
:103E000042F1FF3220EA030521EA0204CAF101006F
:103E1000B04206DA1B490398084301900020009045
:103E20000EE0039AC4F3D321E80A0A43164940EA94
:103E300044500A433146CDE90002684601F051F989
:103E4000159810F0240F0BD01598C00715D13868BD
:103E5000DDE90012031D3B600068C0E900120CE0C0
:103E600002A8694601F034F91598C00705D13868F1
:103E7000029A011D3960006802604046F0E60000C9
:103E800002FCFFFF0000F07F0000F03F2DE9FF4F34
:103E900092461D4685B04FF00041DDE9124BDDE949
:103EA00014727F1E01EA4B50414940F0FF4940EA3D
:103EB0000108002122F020004928049102D04E2858
:103EC00028D04CE03BA0012607C88DE80700A9696F
:103ED0000698641C88477F1E014606D41DF806001C
:103EE00018B121F0200181420BD0E969069888477A
:103EF000032E34D0082E32D06FF0010009B0BDE897
:103F0000F08F761C032E01D0082EE0D1601CCAF879
:103F10000000DCE7A9690698641C88477F1E2AD444
:103F200020F02000412826D1A9690698641C884702
:103F30007F1E20D420F020004E281CD1A9690698AD
:103F4000641C88477F1E48F4002849F48009CAF899
:103F5000004001D4282806D0E969069888475FEA1E
:103F6000CB7012D022E0A9690698641C88477F1E96
:103F700001D4002803DAE96906988847BCE72928B4
:103F8000F1D1641CCAF80040E9E71BF0240F07D008
:103F900028680499031D2B600068C0E9001805E03B
:103FA0002868021D2A600068C0F800902046A5E736
:103FB0000000F07F494E46494E4954590000000028
:103FC00010B50446AFF300802046BDE81040CCF7A2
:103FD0007AB9002801D0CEF77DBE704710B5012810
:103FE00005D0002103A000F074F8012010BD09A144
:103FF000F8E7000053494752544D454D3A204F755C
:1040000074206F662068656170206D656D6F7279D0
:10401000000000003A2048656170206D656D6F7288
:104020007920636F72727570746564004FF0013CA3
:1040300050F8042B51F8043B9A4221D1A2EB0C0317
:10404000934313EACC1317D150F8042B51F8043BD7
:104050009A4215D1A2EB0C03934313EACC130BD174
:1040600050F8042B51F8043B9A4209D1A2EB0C03FF
:10407000934313EACC13DBD04FF00000704700BF2E
:10408000D01A01BAB1FA81F101F0180122FA01F057
:10409000CB40C1F12001DBB2C0B2C01A2CFA01F34F
:1040A000D11A914311EAC311E6D17047B2F120034E
:1040B0000AD5C2F1200301FA02F120FA03F300FA53
:1040C00002F041EA0301704700FA03F14FF00000EB
:1040D000704770B505460C460A2000E06D1CCEF70F
:1040E000FAFD35B128780028F8D102E0641CCEF73B
:1040F000F2FD14B120780028F8D1BDE870400A2004
:10410000CEF7E9BD5FEA400C08BF91F0000F4FEA1F
:104110008C234FEAC12243EA51514FEA1C5018BF89
:1041200000F5F0404FEA300018BF41F000415FEA6F
:104130006C5C00F02980BCF1FF3F08BF40F080407C
:104140007047130C06BF12044FF0100C4FF0000C18
:10415000130E04BF12020CF1080C130F04BF12015E
:104160000CF1040C930F04BF92000CF1020CD30F5E
:1041700004BF52000CF1010C11464FF00002A0F1F7
:104180001F00A0EB0C00704711F0004F08BF7047F4
:1041900031F000413FF4D5AF0B0C06BF09044FF0DE
:1041A000100C4FF0000C0B0E04BF09020CF1080CB0
:1041B0000B0F04BF09010CF1040C8B0F04BF890025
:1041C0000CF1020CCB0F04BF49000CF1010CCCF137
:1041D0002003A0EB0C0022FA03F302FA0CF241EAEE
:1041E000030100F10100704720F07F4C80EA0300DA
:1041F00023F07F47ACEB070303F57C5300F000404E
:1042000003F1FF032DE980494FEA154B09B44FEA4A
:10421000144325EA0B4E24EA03480FF2042606EB6A
:10422000132749083E785FEA320203FB0667C7F5A9
:10423000000707FB06F64FEA54374FEAD64606F169
:10424000020607FB066CCCF1005C4FEA1C472CEA27
:10425000074C07FB06F40CFB06F504EB15464FEA8A
:10426000961634BF00204FF000404FEAD13706FBCE
:1042700007FC4FEA1C4C0CFB0BF7D21B03FB0CF7A3
:1042800061EB07010CFB0EF7B0EB074072EB174236
:104290000CFB08F734BFA2EB0742B2EB074261EB1D
:1042A00017414FEA0C444FEA910706FB07FC4FEA1F
:1042B0001C4C0CFB0BF7B0EBC74072EB573203FB07
:1042C0000CF734BFA2EBC742B2EBC74261EB5731E8
:1042D0000CFB0EF7B0EBC70072EB57720CFB08F744
:1042E00034BFA2EBC702B2EBC70261EB5771039F69
:1042F0004FEA816141EA921104EBCC044FEAD137D5
:104300004FEA826206FB07FC42EA90124FEA8060A5
:104310004FEA1C4C0CFB0BF7D21B03FB0CF761EBB9
:1043200007010CFB0EF7B0EB074072EB17420CFBDA
:1043300008F734BFA2EB0742B2EB074261EB17412B
:104340004FEA8C554FEA910704EB9C2406FB07FCCF
:104350004FEA1C4C0CFB0BF7B0EBC74072EB57322B
:1043600003FB0CF734BFA2EBC742B2EBC74261EBD1
:1043700057310CFB0EF7B0EBC70072EB57720CFB1A
:1043800008F734BFA2EBC702B2EBC70261EB57716B
:1043900015EB4C254FEA816141EA92114FEA8262A6
:1043A0004FEAD13742EA901206FB07FC44F10004C1
:1043B0004FEA80604FEA1C4C0CFB0BF7D21B03FB4F
:1043C0000CF761EB07010CFB0EF7B0EB074072EB4B
:1043D00017420CFB08F734BFA2EB0742B2EB0742CF
:1043E00061EB174115EB1C154FEA813141EA92410F
:1043F0004FEA823242EA90424FEA80304FEA0C762E
:1044000044F1000448EA03434EEA0B484FF0000E23
:10441000B2EB080C71EB030724BF624639464EEB42
:104420000E0E4FF0000B0018524149414BEB0B0BA5
:10443000B2EB080C71EB03077BF1000B24BF624663
:1044400039464EEB0E0E4FF0000B00185241494119
:104450004BEB0B0BB2EB080C71EB03077BF1000B82
:1044600024BF624639464EEB0E0E51EA020718BFD2
:1044700046F0010616EB0E7655F1000254F10001EC
:1044800003D5BDE88901BDE80088BDE88901BDE824
:104490000048B619524141EB0101A3F101037047F5
:1044A00080807F7E7D7C7B7A797877767675747371
:1044B000727171706F6E6E6D6C6C6B6A6A69686830
:1044C000676666656464636362616160605F5F5EC6
:1044D0005E5D5D5C5C5B5B5A5A595958585757563C
:1044E00056555555545453535252525151505050A1
:1044F0004F4F4F4E4E4D4D4D4C4C4C4B4B4B4A4AF3
:104500004A49494948484847474747464646454536
:10451000454444444443434343424242424141416F
:1045200046EA0646A3F570534FEA164646EA425657
:104530004FEAD22242EA415210B54FEAD121A3F10B
:10454000010300F02FF820F0004000F1020C00F011
:10455000004701EB00501146BCF5006F40EA070030
:1045600000D210BDBAF1000F0AD01CB503B44FF051
:1045700004004FF004014FF000000FBCBDE81040F4
:104580004FF00001BBF1010FB9BF04484FF0FF31FC
:104590000348002140EA070010BD00BFFFFFEF7F86
:1045A0000000F07F002B9C4630D477002BD01CB548
:1045B0004FEA370703B44FF010004FF01001BAF183
:1045C000000F06D0BCF1000FDCBF40F0080040F047
:1045D00008014FF000000FBCBDE810400BF1010BCB
:1045E000BBF1010F08BF5FEA170722BF12F10102FA
:1045F00011F101014FF0004143F1000300F00040D0
:1046000043EA00007047F9D35708D0E746EA064668
:1046100013F1400F4FEA16461FDD13F1200FDFBFE5
:1046200016430A46002120335B42BED0C3F1200767
:1046300046EA064602FA07F74FEA164646EA070632
:10464000C3F1200722FA03F201FA07F721FA03F176
:104650004FF0000342EA0702A7E746EA020646EAED
:1046600006464FEA164646EA0106BCBF46EA06463B
:10467000360C4FF000034FF000024FF0000194E7BA
:104680002DE9804C9A46934670B491E8380007C8EB
:1046900031EA400C48BF34EA430C03D5FFF7A4FDD0
:1046A000FFF780FFF0BCBDE8008C2DE9804C9A46F6
:1046B000934670B491E8380007C831EA400C48BF0F
:1046C00034EA430C03D5FFF78FFDFFF729FFF0BC59
:1046D000BDE8008C2DE9804C9A46934670B491E871
:1046E000380007C810F0804F08BF13F0804F03D187
:1046F00000F01AF8FFF756FFF0BCBDE8008C2DE97A
:10470000804C9A46934670B491E8380007C810F080
:10471000804F08BF13F0804F03D100F005F8FFF77A
:10472000FFFEF0BCBDE8008C20F07F4780EA03006C
:1047300023F07F4C07EB0C03A3F57C5300F0004003
:10474000A3F1FE0392F0000F00F0B38095F0000F8C
:1047500000F077802DE901494FEA11404FEA1446F5
:1047600021EA004800FB06FC24EA064708FB06F69F
:1047700007FB08F800FB07F718EB06484CEB164C54
:104780004FEA124B18EB07484FEA15464CEB17401F
:1047900022EA0B4E0BFB06FC25EA06470EFB06F64B
:1047A00007FB0EFE0BFB07F71EEB064E4CEB164C01
:1047B0004FF000061EEB074E4CEB174B18EB0B08A7
:1047C00040F1000018EB0E0B58EB000840F1000020
:1047D0008F1A4FF000013CBFC943661B14BFB5EBF5
:1047E000040C00213CBFC943F61B4FEA17444EEAB4
:1047F0008E0E27EA04454FEA1C4704FB07622CEAA9
:10480000074C05FB07F70CFB05F604FB0CFC16EB4D
:10481000074642EB174216EB0C4642EB1C421BEBE1
:10482000060658EB0202414146EA9E0601D5BDE864
:104830000189B619524141EB0101A3F10103BDE821
:1048400001894FEA14454FEA114724EA054621EA57
:10485000074C05FB07F406FB07F70CFB06F105FB0D
:104860000CFC11EB074144EB17444FEA124711EBE4
:104870000C4144EB1C4422EA074C05FB07F206FB03
:1048800007F70CFB06F605FB0CFC16EB074642EBA4
:10489000174216EB0C4642EB1C456A1854F1000116
:1048A00048BF7047B619524141EB0101A3F1010322
:1048B000704795F0000F37D04FEA11424FEA144786
:1048C00021EA024624EA074C02FB07F106FB07F740
:1048D0000CFB06F402FB0CFC14EB074441EB174104
:1048E0004FEA154714EB0C4441EB1C4125EA074CF9
:1048F00002FB07F506FB07F70CFB06F602FB0CFCB8
:1049000016EB074645EB174516EB0C4645EB1C42EC
:10491000121951F1000148BF7047B619524141EBDD
:104920000101A3F1010370474FEA14454FEA114713
:1049300024EA054621EA074C05FB07F106FB07F7C9
:104940000CFB06F24FF0000605FB0CFC12EB0742D5
:1049500041EB174112EB0C4251EB1C4148BF704731
:10496000921841EB0101A3F10103704703B40198D0
:104970004100009850EAC12018BF04204A0D18BF1A
:1049800040F0010040F2FF72B2EB515F08BF40F00F
:104990000200012808BF052002B070470000000097
:1049A00030B52DED048B81B0B0EE408AF0EE608A18
:1049B0006A4651EC180B00F0A7FB00989FED329B64
:1049C0007E300090002821DC53EC192B51EC180BA1
:1049D00000F09EFE1AD0002140F608004FF00000C3
:1049E000044651EC180B00F04DFC08EE100A40F69E
:1049F000080004EA00014FF00000B5EEC08AF1EEB5
:104A000010FA04BF0220FEF724F82DE00098FF28DA
:104A100030DB002108464FF0000000F4400553EC65
:104A2000192B51EC180B01F041F88CBF0024012424
:104A30000220FEF70EF89FED168A4DB1002C0CBF38
:104A40004FF400004FF48000A84218BF9FED118A78
:104A5000042108464FF00000002C01BFB1EE480AC7
:104A600001B0BDEC048B30BDB0EE480A01B0BDEC26
:104A7000048B30BD51EC180B00F004FC01B000EECB
:104A8000100ABDEC048B30BD0000000000000000E7
:104A90000000807FFFFF7F7F30B540F2FF742DED77
:104AA000048BF0EE608A18EE901A85B0B0EE408A62
:104AB0009FED2B9B05468DED008B34EA115147D0BD
:104AC00053EC192B51EC180B00F022FE40D02A4673
:104AD00051EC180B01F0C8F941EC180B18EE900AD4
:104AE0008DED008B34EA10501CD053EC192B51EC97
:104AF000180B00F00DFE2BD10220FDF7AAFF00F0ED
:104B0000D7FA10EE901A18EE900A8DED020B8DED8B
:104B1000008B61F31E0003909DED020B05B0BDEC10
:104B2000048B30BD0220FDF794FF00F0B1FA10EEC7
:104B3000901A18EE900A8DED020B8DED008B61F34B
:104B40001E0003909DED020B05B0BDEC048B30BD43
:104B500005B0B0EE480AF0EE680ABDEC048B30BD3B
:104B6000000000000000000070B5D94B00242DEDBE
:104B7000020B2DED108BDDE91010984205DA20F0C4
:104B800000429A4201D809D141B19DED100BBDEC14
:104B9000108B02B0BDE8704000F05EBAB0F5801F27
:104BA00026DA11430BD0002813DA0120FDF751FF5C
:104BB000BDEC108B02B0BDE8704000F059BA022085
:104BC000FDF747FF00F030FA51EC100B00F04EFB00
:104BD0009EE06FF035049FEDC00B53EC102B9DED64
:104BE000100B51EC100B00F063FECDE910010846EC
:104BF00004EB2051C0F31304B948A1F2FF31204463
:104C000000F4801080F07F6282F04052224301EB7A
:104C100020559FEDB50B119253EC102B9DED100B11
:104C200051EC100B00F084FF41EC180BA01CC0F3FA
:104C300013009FEDAFDB9FEDB0EBB14E7E44032838
:104C40006CD296ED000B51EC180B53EC102B00F0CE
:104C50005FFD1DD1002D01BF96ED000BBDEC108B4B
:104C600002B070BD284600F0BCFD41EC180B53ECBF
:104C70001D2B00F01DFE41EC190B53EC1E2B51ECCB
:104C8000180B00F015FE53EC192B00F02DFB3FE044
:104C90009FED9D0B51EC180B53EC102B00F008FE10
:104CA0009FED9B1B53EC112B00F036FF41EC190BD1
:104CB00053EC182B51EC180B00F0FAFD53EC192BA8
:104CC00000F0F6FD41EC190B002D04BF53EC192B3D
:104CD00051EC180B1AD0284600F083FD41EC1A0B5A
:104CE00053EC1D2B00F0E4FD53EC192B00F014FFE6
:104CF00053EC182B00F01CFF41EC180B53EC1E2B4F
:104D000051EC1A0B00F0D4FD53EC182B00F010FFFF
:104D1000BDEC108B02B041EC100B70BD9FED7E0B13
:104D200051EC180B53EC102B00F0DEFA41EC100B99
:104D300051EC180B53EC102B00F092FB41EC190BCB
:104D4000284600F04EFD41EC1B0B53EC192B51ECA7
:104D5000190B00F0ADFD41EC1A0B714853EC1A2B06
:104D6000261851EC1A0B00F0A3FD41EC1F0B6D4807
:104D7000C4F1510404F5D724B0EE4F0AF0EE6F0AE7
:104D80000321784400F0D2F853EC1F2B51EC100BA8
:104D900000F08EFD41EC1C0B6348B0EE4F0AF0EEC4
:104DA0006F0A0421784400F0C1F853EC1A2B51EC3F
:104DB000100B00F07DFD344353EC1C2B00F094FAF3
:104DC00041EC1C0B002C4CDD9FED510B51EC180BF2
:104DD00053EC102B00F06CFD53EC182B00F068FD29
:104DE00041EC1A0B55B353EC1D2B51EC1B0B00F08F
:104DF0005FFD41EC1D0B53EC1C2B51EC1A0B00F02A
:104E000073FA53EC192B00F053FD53EC1D2B00F0FB
:104E10006BFA53EC1A2B00F07FFE53EC182B00F0CA
:104E200087FE41EC180B53EC1E2B51EC1B0B00F0D2
:104E30003FFD53EC182B00F07BFE69E753EC1C2B75
:104E400051EC1A0B00F050FA53EC192B00F030FD26
:104E500053EC1A2B00F060FE53EC182B00F05CFEB4
:104E600056E735B353EC1D2B51EC1B0B00F020FD26
:104E700041EC1A0B53EC1C2B51EC180B00F058FEB4
:104E800053EC192B00F014FD53EC1A2B00F050FEDC
:104E900053EC182B00F04CFE41EC180B53EC1E2B7E
:104EA00051EC1B0B00F004FD53EC182B00F040FEFE
:104EB0002EE753EC1C2B51EC180B00F039FE53EC91
:104EC000192B00F0F5FC53EC182B00F025FE1FE722
:104ED0000000F07F000000000000000000005043D0
:104EE000645F090000000000000000000000F03FC7
:104EF000763C7935EF39EA3D0000E0FE422EE63F90
:104F00003025000000000000555555555555D53F3A
:104F1000000000000000E03F000000000000004032
:104F200086EBF9FFB2230000A823000070B5044609
:104F30002DED028B4D1E00EBC500B0EE408AF0EE69
:104F4000608A90ED000B35F0060017D053EC182B5B
:104F500051EC100B00F0ACFC41EC100B6D1E04EB9F
:104F6000C50090ED001B51EC100B53EC112B00F021
:104F7000BBF941EC100B35F00600E7D1022D36D01D
:104F8000042D1CD0062D1CBFBDEC028B70BD53EC54
:104F9000182B51EC100B00F08BFC94ED0A1B53EC1A
:104FA000112B00F0A1F953EC182B00F081FC94EDCB
:104FB000081B53EC112B00F097F941EC100B53EC4C
:104FC000182B51EC100B00F073FC94ED061B53EC06
:104FD000112B00F089F953EC182B00F069FC94EDCB
:104FE000040B53EC102B00F07FF941EC100B53EC49
:104FF000182B51EC100B00F05BFC94ED021B53ECF2
:10500000112B00F071F953EC182B00F051FC94EDCA
:10501000001B53EC112B00F067F9BDEC028B41EC47
:10502000100B70BD000000009FED070B10B553EC96
:10503000102B9FED070B51EC100B00F011FA41EC17
:10504000100B10BD00000000000000000000000078
:10505000000000000000F03F10B553EC102B51ECA5
:10506000100B00F041F941EC100B10BD00000000E6
:105070009FED050B10B553EC102B51EC100B00F00D
:10508000EFF941EC100B10BD000000000000000023
:105090009FED050B10B553EC102B51EC100B00F0ED
:1050A00007FC41EC100B10BD000000000000007078
:1050B0009FED050B10B553EC102B51EC100B00F0CD
:1050C000F7FB41EC100B10BD0000000000000010C9
:1050D00010B5044691ED000BFFF762FC84ED000A69
:1050E00010BD10B5044690ED000B0846FFF7D4FC48
:1050F00084ED000B10BD30380A2801D20120704722
:10510000002070470000000010B582B01446CDE9C1
:1051100000010023009A2360194B21F000409842BF
:105120002ADA024328D0B0F5801FA8BF226810DA1F
:105130009FED150B53EC102B9DED000B51EC100B5C
:1051400000F0B6FBCDE900016FF0350221F0004020
:1051500022600F4B6FF31E5103EB20501044206070
:1051600041F0FF5040F0005001909DED000B00BF5A
:1051700002B051EC100B10BD9DED000BF8E70000E4
:105180000000F07F0000000000000000000050431D
:1051900002FCFFFF41F29411884200DD0846B0F5A1
:1051A000FA7F01DA4FF4FA7080B2CFF77DBD0000CC
:1051B000134991F90110814220D01249C0EB00201F
:1051C00081FB00104111A1EBE07000EE100AB8EE77
:1051D000C00A0D4910EE100A884201DD9FED0B0A4E
:1051E000B5EEC00AF1EE10FA01D29FED090ABDEE4C
:1051F000C00A10EE100AC0B2CFF79BBD7047000086
:1052000024C001201F85EB5100007F4300007F4335
:105210000000000010B500290AD00878002807D047
:1052200005487844FEF702FF002801D0002010BD99
:105230000248784410BD0000762500006E2500006D
:1052400010B500290AD00878002807D0054878440E
:10525000FEF7ECFE002801D0002010BD0248784483
:1052600010BD0000662500005E25000081F00041B1
:10527000704780F00040704721F00041704720F0F7
:105280000040704721F00042A2F16052B2F5801F49
:1052900001F0004328BFD2F17F6C0BD95FEA001CFC
:1052A00043EAC20242EB507018BF704728BF20F09B
:1052B00001007047B2F5801FBCBF184670474FEA27
:1052C000410C1CF5001F02D2084600F091BD70B5DC
:1052D00000F098FB00000089FFF7F6BF4FF0004098
:1052E000A0F580007047000010B591EA030F48BF99
:1052F00083F0004300F12484841A71EB030C05D27F
:10530000121943EB0C03001B61EB0C01DFF824E1E5
:105310004FEA1154A4EB135C1EEA430F18BF9EEA38
:10532000445F73D023EA0E03DCF1200E21EA04511E
:1053300043F4801332D322FA0CFE10EB0E0023FA52
:105340000CFE41EB0E01CCF1200E03FA0EFE10EB29
:105350000E0051F10001B1F5801FCCF1200E32D2C8
:1053600001EB045112FA0EF2BDE8104058BF70472D
:10537000401C38BF5FEA420218BF7047002814BFC4
:1053800020F0010041F100014FEA410313F5001F35
:1053900038BF7047A1F1C04100F082BB012A43EB46
:1053A0000302ACF1200CDCF11F0E32BF4FF0000EF7
:1053B00023FA0CF310EB030041EB0451B4EB115F43
:1053C000D0D0A1EB045101F5801149085FEA30000B
:1053D00001EB04510ED350F1000038BF12FA0EFE5B
:1053E00008D1BDE81040C9E7401C38BF5FEA42025F
:1053F000CAD1C3E7BDE810404FEA410313F5001FCF
:1054000038BF7047A1F1C04100F04ABB9EEA445F3B
:1054100008D011EA5E0FBDE8104004BF01F0004162
:1054200000207047BDE8104070B500F0EBFA00BFF7
:1054300064FBBE3E0000E0FF02494FF0000000F0B8
:10544000E1BC00BF0000F87F491058BFC1F14041E6
:105450005B1058BFC3F140438B42EFF300807047AD
:105460002DE9C04130B4DFF8A0C23CEA111418BFE6
:105470003CEA131400F0EC8081EA03051CEA1114E5
:1054800044EAD57418BF1CEA131500F0C780A4EBDA
:1054900005044FF0004545EAC12145EAC32341EA2E
:1054A000505143EA525304F17F74994204F5003499
:1054B0004FEAC0204FEAC22208BF904200F09C8011
:1054C0004FEA13650FF24016765D4FEA134506FB6F
:1054D00005F7C7F1807706FB07F74FEAD737A7FB39
:1054E00003687642C8F58038A7FB06CE38BFA8F11E
:1054F000010807FB08E64FF0000EA6FB028CE6FB56
:1055000003CEDCF1000CCEF1004E38BFAEF1010E3F
:10551000A6FB0C584FF000074FF00005E6FB0E8786
:10552000A1FB08C6A0FB07CE16EB0E0645F1000551
:10553000E1FB076515F1E04E7EBFA4F580345FEA1C
:1055400046066D4116F1800745F100054FEA172721
:105550004FEA066647EA0567A6F1DE46B6F1805FC8
:105560004FEA15251FD9384624F0010C05EBC4710C
:10557000BCF1FE6F01EB0C1102D8F0BCBDE800815C
:1055800024425CBF01F5801E9EEAC47F02D4F0BCB9
:10559000BDE80081244238D4F0BCA1F1C041BDE88F
:1055A000004100F07DBA4FEAD22242EA43524FEA6C
:1055B000D323A7FB02864FEAD02040EA415007FBE5
:1055C00003661EEA0E0F4FEAD12105FB026658BFA3
:1055D000A6EB0056B6EB00564FEA520E4EEAC37EDB
:1055E00018EB0E0E56EB530EBDD518EB02085E41BC
:1055F0007F1C55F10005B6E74FF480154FF000070A
:105600004FF000064FF00008ADE7F0BC4FF000008F
:1056100001F1C04101F00041BDE8008111EA0C1F19
:105620000CEA131500D00CE013EA0C1F00F02580E3
:105630004FF00000F0BC81EA030101F00041BDE839
:105640000081F0BCBDE8004181EA030100F028BA06
:10565000F0BCBDE8004170B500F0D4F9097EFC3E15
:1056600000F007B881EA03014FF0000001F00041AB
:10567000704781EA030100F013BAF0BCBDE80041B5
:105680004FF0000021497047FFFDFBF9F7F5F4F2F8
:10569000F0EEEDEBE9E8E6E4E3E1E0DEDDDBDAD8CD
:1056A000D7D5D4D3D1D0CFCDCCCBCAC8C7C6C5C42B
:1056B000C2C1C0BFBEBDBCBBBAB9B8B7B6B5B4B342
:1056C000B2B1B0AFAEADACABAAA9A8A8A7A6A5A42D
:1056D000A3A3A2A1A09F9F9E9D9C9C9B9A999998F1
:1056E0009797969595949393929191908F8F8E8E94
:1056F0008D8C8C8B8B8A8989888887878685858421
:1057000084838382828181800000FF070000F87F0C
:1057100051EA030C17D41CF5801F58BFBCF5801F3D
:1057200000F10680994218BF704708BF9042704749
:1057300007D711F5801F58BF13F5801F19D4994260
:105740007047894270471CF5801F08D5BCF5801F43
:10575000F7D58B4218BF704708BF824270474FF49D
:10576000001C1CEB410F38BF1CEB430F01D28B42D6
:10577000704770B500F046F9922449004FF000518F
:105780004FF08053FFF760BE4FEA1153A3F58063DB
:10579000D3F11E03A8BFD3F1200C08DB4FF0004269
:1057A00042EAC12252EA505232FA03F070470942EB
:1057B0000BD4102BC4BF0020704703F5787CBCF1DC
:1057C000FF3F05D04FF0FF3070474FF000007047AB
:1057D00070B500F017F900BF49922480002070478F
:1057E000F0E710F0004248BF4042B0FA80F310FAF0
:1057F00003F10AD0C3F11D0303F580634FEA415062
:1058000002EB035202EBD12170474FF000007047CA
:10581000B0FA80F310FA03F10AD0C3F11D0303F5C7
:1058200080634FEA41504FEA035202EBD1217047A7
:105830004FF000007047000051EA030C17D41CF52C
:10584000801F58BFBCF5801F00F10680994218BF29
:10585000704708BF9042704707D711F5801F58BFA7
:1058600013F5801F19D499427047894270471CF57F
:10587000801F08D5BCF5801FF7D58B4218BF704735
:1058800008BF824270474FF4001C1CEB410F38BF29
:105890001CEB430F01D28B42704770B500F0B2F899
:1058A000922449004FF000514FF08053FFF7CCBDD8
:1058B000DFF848C170B51CEA111E1EBF1CEA1315A3
:1058C0009EEA0C0F95EA0C0F00F06F8081EA03044A
:1058D00023EA4C134EEAD47E21EA4C1141F48011A4
:1058E00043F48013AE44A1FB024CA0FB0365AEF170
:1058F0007F7E361955EB0C05A1FB034C4CF10003E0
:10590000A0FB021C16EB0C06654153F10003094293
:1059100018BF46F0010613F4007F0BD14FEA0331A4
:105920004FEA0530340341EA155140EA16506FF052
:1059300003020AE04FEAC3214FEAC520F40241EA1C
:10594000555140EA56506FF0020202EB2E4201EB35
:10595000025585EACE710AD05FEA440C18BF24F0E4
:10596000004450F1000041F1000120EAD47040F2FF
:10597000FE7C624500D270BDA84214BF4FF0804447
:105980004FF04044002E08BF0024BEF1806FA8BF36
:10599000A1F1C041BDE8704080F282804FF000006C
:1059A00001F1C04101F0004170479EEA0C0F0CEA82
:1059B000131518BF95EA0C0F06D04FF0000081EACE
:1059C000030E0EF0004170BD00F01CF88900013E8E
:1059D00000F007B800F009B84FEA430C5FEA5C5CDE
:1059E00008D081EA030100F05BB84FEA410C5FEA9E
:1059F0005C5CF6D14FF00000014970470000FF07E2
:105A00000000F87F0EF1020E2EF0030E5EF8046B1C
:105A1000364205D4012A43EB030515F5001F12D8C1
:105A2000012841EB010C1CF5001F0CD80ED14FEAE8
:105A3000D17C15F5001F0CEB4C0C0CF1020C08BFCF
:105A40004CEBD37C04E04FF0080C01E04FEAD37C30
:105A50000CEB4C0526FA05F606F00706B6F1040C29
:105A600006D20EEB860CBDE870404CF0010C60478E
:105A7000DFE80CF0090B02024FF000414FF000008C
:105A8000A1F5002170BD19461046012851EB010413
:105A900018BFD4F5001484BF002001F0004170BD90
:105AA0000808A0F500114FEA3101704753EA010CD4
:105AB00017D41CF5801F58BFBCF5801F00F106806D
:105AC0008B4218BF704708BF8242704707D713F553
:105AD000801F58BF11F5801F19D48B4270479B421D
:105AE00070471CF5801F08D5BCF5801FF7D599427B
:105AF00018BF704708BF904270474FF4001C1CEB62
:105B0000430F38BF1CEB410F01D2994270470FB4CD
:105B10000CBC03BCFFF7C1BE91EA030F10B581F0C6
:105B200000413FF5E9AB83F0004300F009B8000005
:105B300010B591EA030F48BF83F000433FF5DCAB9B
:105B4000841A71EB030C07D212198CF0004C43EB52
:105B50000C03001B61EB0C01DFF8A4E14FEA1154C8
:105B6000A4EB135C1EEA430F18BF9EEA445F00F0EB
:105B7000B08023EA6E03524221EA0451C3EB6E0364
:105B800038BF5B1EDCF1200E25D322FA0CFE10EB91
:105B90000E0043FA0CFE41EB0E01CCF1200E03FA8D
:105BA0000EFE10EB0E0051F10001CCF1200E29D4B5
:105BB00012FA0EF201EB0451BDE8104058BF7047D5
:105BC000401C1CBFB2F1004F704700280CBF491C9D
:105BD00020F00100704712EB020E43EB030218BFE6
:105BE0004FF0010E4EEA4202ACF1200CDCF11E0E29
:105BF00054D943FA0CFE10EB0E0051F1FF31CCF1F9
:105C00001E0ED5D50EF1010E12FA0EFE404141EBEB
:105C1000010101EB445C5FEA5C5C10D910EBDE70C3
:105C200001EB045138BFBEF1004FBDE8104018BF72
:105C3000704700280CBF491C20F00100704730D28B
:105C40004FEAD42C11F5001124F400641BD0B1FAF2
:105C500081F20B3AA41AA41ED2F12003914030FA2B
:105C600003F31943904001EBCC71002C01EB04517C
:105C7000BDE81040A8BF704701F1C0414FF00000DF
:105C800001F000417047B0FA80F310FA03F100D13F
:105C900010BDE41A173C4805C90AE4E701EB0451BA
:105CA00010BD491001EB0451BDE810404FEA30002F
:105CB00002E04FF0000170474A0008BF0042F8D0F0
:105CC000B2F5001F28BF704701F000414FF00000FF
:105CD00070479EEA445F07D011EA5E0FBDE81040AE
:105CE00004BF002100207047BDE8104070B5FFF7E9
:105CF00089FE00BF40DFF63E83F00041104670474A
:105D00000000E0FF43004FEAD30C4FEA3C0C434055
:105D10001FBF40070CF1605113F0FE4F70471CF09D
:105D2000006F03D100200CF0004170470CF00043DD
:105D300043EA507010B540EACC0000F00EF800BF06
:105D4000000000924FEA0001FFF7AABE4FF00041A9
:105D50004FF00000A1F5002170470EF1020E2EF069
:105D6000030E5EF8044B244204D44FEA4102B2F120
:105D70007F4F11D84FEA4003B3F17F4F0CD80ED1BB
:105D80004FEAD07CB2F17F4F0CEB4C0C0CF1020CC3
:105D900008BF4CEBD17C04E04FF0080C01E04FEA67
:105DA000D17C0CEB4C0324FA03F404F00704B4F1A7
:105DB000040C06D20EEB840CBDE810404CF0010C34
:105DC0006047DFE80CF0070802024FF00040A0F542
:105DD000800010BD0846420018BFD2F1807288BF13
:105DE00000F0004010BD4FF04070E1EE100A704727
:105DF000FF2141EAD050C00570474FF000007047C6
:105E0000FCF75FBF0CF00F03092B08BF082000F060
:105E10005F800A2B0BD0082B18BF704708BF1CF0FF
:105E2000400F0AD04FF000004FF0000170471CF007
:105E3000400F18BF4FF0004070471CF0100F08D003
:105E400020F0704300F07F4242EAD3014FEA4370F2
:105E5000704700F0604021F07F4242EA000201F00A
:105E60007F4040EA727070474FF0FF0C4CF4E06CDA
:105E70001CEA11531CBF9CEA030C9445C2BFDA42D2
:105E800001EB02517047002B0DD0BCF1000F0FD079
:105E9000002A01F00041A4BF41F0E04141F07F61E0
:105EA0004FF00000704701F000414FF000007047D4
:105EB00050EA01334FF09B0C18BF4CF0806C7FF41C
:105EC000BBAA7047FDF7AEB9FDF750BEFDF7DEBFC8
:105ED0001CF4801F11D01CF4E02F03D06FEACC31EA
:105EE000490070474FF04050EFF3008222F07042BB
:105EF00042EA000282F3008870474FF000007047CA
:105F000018720408000000000000000000000000FB
:105F10000000000000080000180000000000000061
:105F2000000000000C7204080000000000000000E7
:105F30000000000000000000004000001800000009
:105F40000000000000000000000000000000000051
:105F5000010203040607080900000000010203040F
:105F600000002110422063308440A550C660E770D5
:105F7000088129914AA16BB18CC1ADD1CEE1EFF17D
:105F80003112100273325222B5529442F772D66225
:105F9000399318837BB35AA3BDD39CC3FFF3DEE3CD
:105FA0006224433420040114E664C774A444855475
:105FB0006AA54BB528850995EEE5CFF5ACC58DD51D
:105FC0005336722611163006D776F6669556B446C5
:105FD0005BB77AA719973887DFF7FEE79DD7BCC76D
:105FE000C448E5588668A778400861180228233815
:105FF000CCC9EDD98EE9AFF9488969990AA92BB9BD
:10600000F55AD44AB77A966A711A500A333A122A64
:10601000FDDBDCCBBFFB9EEB799B588B3BBB1AAB0C
:10602000A66C877CE44CC55C222C033C600C411CB4
:10603000AEED8FFDECCDCDDD2AAD0BBD688D499D5C
:10604000977EB66ED55EF44E133E322E511E700E04
:106050009FFFBEEFDDDFFCCF1BBF3AAF599F788FAC
:106060008891A981CAB1EBA10CD12DC14EF16FE18C
:106070008010A100C230E3200450254046706760C4
:10608000B9839893FBA3DAB33DC31CD37FE35EF3DC
:10609000B1029012F322D232354214527762567214
:1060A000EAB5CBA5A89589856EF54FE52CD50DC52C
:1060B000E234C324A0148104667447642454054464
:1060C000DBA7FAB79987B8975FE77EF71DC73CD77C
:1060D000D326F2369106B0165766767615463456B4
:1060E0004CD96DC90EF92FE9C899E9898AB9ABA9CC
:1060F0004458654806782768C018E1088238A32804
:106100007DCB5CDB3FEB1EFBF98BD89BBBAB9ABB1B
:10611000754A545A376A167AF10AD01AB32A923A53
:106120002EFD0FED6CDD4DCDAABD8BADE89DC98D6B
:10613000267C076C645C454CA23C832CE01CC10CA3
:106140001FEF3EFF5DCF7CDF9BAFBABFD98FF89FBB
:10615000176E367E554E745E932EB23ED10EF01EF3
:1061600000000000963007772C610EEEBA510999B5
:1061700019C46D078FF46A7035A563E9A395649E11
:106180003288DB0EA4B8DC791EE9D5E088D9D29735
:106190002B4CB609BD7CB17E072DB8E7911DBF9091
:1061A0006410B71DF220B06A4871B9F3DE41BE84B5
:1061B0007DD4DA1AEBE4DD6D51B5D4F4C785D38311
:1061C00056986C13C0A86B647AF962FDECC9658AB5
:1061D0004F5C0114D96C0663633D0FFAF50D088D11
:1061E000C8206E3B5E10694CE44160D5727167A2B5
:1061F000D1E4033C47D4044BFD850DD26BB50AA511
:10620000FAA8B5356C98B242D6C9BBDB40F9BCAC34
:10621000E36CD832755CDF45CF0DD6DC593DD1AB90
:10622000AC30D9263A00DE518051D7C81661D0BFB4
:10623000B5F4B42123C4B3569995BACF0FA5BDB810
:106240009EB802280888055FB2D90CC624E90BB1B4
:10625000877C6F2F114C6858AB1D61C13D2D66B610
:106260009041DC760671DB01BC20D2982A10D5EF74
:106270008985B1711FB5B606A5E4BF9F33D4B8E8D0
:10628000A2C9077834F9000F8EA8099618980EE174
:10629000BB0D6A7F2D3D6D08976C6491015C63E6D0
:1062A000F4516B6B62616C1CD83065854E0062F2F4
:1062B000ED95066C7BA5011BC1F4088257C40FF550
:1062C000C6D9B06550E9B712EAB8BE8B7C88B9FC74
:1062D000DF1DDD62492DDA15F37CD38C654CD4FBD0
:1062E0005861B24DCE51B53A7400BCA3E230BBD474
:1062F00041A5DF4AD795D83D6DC4D1A4FBF4D6D3D0
:106300006AE96943FCD96E34468867ADD0B860DA73
:10631000732D0444E51D03335F4C0AAAC97C0DDDCF
:106320003C710550AA41022710100BBE86200CC9F3
:1063300025B56857B3856F2009D466B99FE461CE4F
:106340000EF9DE5E98C9D9292298D0B0B4A8D7C773
:10635000173DB359810DB42E3B5CBDB7AD6CBAC0CF
:106360002083B8EDB6B3BF9A0CE2B6039AD2B174EB
:106370003947D5EAAF77D29D1526DB048316DC7347
:10638000120B63E3843B64943E6A6D0DA85A6A7AEB
:106390000BCF0EE49DFF099327AE000AB19E077D47
:1063A00044930FF0D2A3088768F2011EFEC206696B
:1063B0005D5762F7CB67658071366C19E7066B6EC7
:1063C000761BD4FEE02BD3895A7ADA10CC4ADD67EB
:1063D0006FDFB9F9F9EFBE8E43BEB717D58EB06047
:1063E000E8A3D6D67E93D1A1C4C2D83852F2DF4FEB
:1063F000F167BBD16757BCA6DD06B53F4B36B24847
:10640000DA2B0DD84C1B0AAFF64A0336607A0441EA
:10641000C3EF60DF55DF67A8EF8E6E3179BE694646
:106420008CB361CB1A8366BCA0D26F2536E268526A
:1064300095770CCC03470BBBB91602222F260555C6
:10644000BE3BBAC5280BBDB2925AB42B046AB35CEA
:10645000A7FFD7C231CFD0B58B9ED92C1DAEDE5B46
:10646000B0C2649B26F263EC9CA36A750A936D022A
:10647000A906099C3F360EEB856707721357000586
:10648000824ABF95147AB8E2AE2BB17B381BB60CAA
:106490009B8ED2920DBED5E5B7EFDC7C21DFDB0B06
:1064A000D4D2D38642E2D4F1F8B3DD686E83DA1F2A
:1064B000CD16BE815B26B9F6E177B06F7747B71886
:1064C000E65A0888706A0FFFCA3B06665C0B01112A
:1064D000FF9E658F69AE62F8D3FF6B6145CF6C1686
:1064E00078E20AA0EED20DD75483044EC2B303392A
:1064F000612667A7F71660D04D476949DB776E3E86
:106500004A6AD1AEDC5AD6D9660BDF40F03BD837A9
:1065100053AEBCA9C59EBBDE7FCFB247E9FFB53005
:106520001CF2BDBD8AC2BACA3093B353A6A3B42429
:106530000536D0BA9306D7CD2957DE54BF67D92385
:106540002E7A66B3B84A61C4021B685D942B6F2A29
:1065500037BE0BB4A18E0CC31BDF055A8DEF022D85
:1065600046445341565F4F4E450073506C634E7620
:1065700072616D4C6F61640073506C634E76726132
:106580006D536176650073506C634E7672616D5524
:1065900070646174650073506C634E7672616D4314
:1065A0006C6561720073506C63466472616D4C6F10
:1065B00061640073506C63466472616D536176650B
:1065C0000073506C63466472616D436C6561720068
:1065D00073506C63446576696365436F6E66696783
:1065E000436C6561720073506C63446576696365E2
:1065F0004C6F67436C6561720073506C63496E69E0
:10660000740073506C634570726F6D5465737400E1
:1066100073506C63496E707574496E697400735081
:106620006C634F7574707574496E69740053544C83
:1066300041520045444C41520073506C634C6173AD
:106640006572496E69740073657446616E53706556
:1066500065640073506C63537065616B6572496E5D
:1066600069740073506C6354696D6572496E697426
:106670000073506C63416463496E697400686D69AE
:1066800055617274496E697400686D695561727400
:1066900053656E6443686172006C6F616444657633
:1066A000696365436F6E666967007361766544650B
:1066B00076696365436F6E666967007570646174BF
:1066C0006541636F7573746963446973706C617954
:1066D00000776673774C6F6F70006463486D694C28
:1066E0006F6F700000446F6F7220696E7465726C1A
:1066F0006F636B20646973636F6E6E65637465644A
:1067000000466F6F74737769746368206E6F7420CE
:10671000636F6E6E6563746564004553544F50201B
:106720005072657373004E6F2066696265722063F4
:106730006F6E6E656374656400456E65726779207F
:106740006F7574206F6620746F6C6572616E63651F
:10675000004C61736572206F76657268656174695B
:106760006E67004C61736572204E5443206F7065F4
:106770006E206F72206C6F7768656174696E670058
:106780004C617365722063757272656E74206578F2
:106790006365656473207365742076616C7565004C
:1067A0004C617365722063757272656E74206578D2
:1067B0006365656473207365742076616C7565002C
:1067C000546865726D6973746F72204572726F726E
:1067D00000456E766920486967682054656D70656C
:1067E00072617475726500456E7669204C6F772012
:1067F00054656D706572617475726500466F6F7473
:106800002F66696E676572207377697463682069A3
:106810007320646570726573736564004C617365A1
:106820007220697320666972696E670057616974C6
:10683000204C617365722054726967676572004607
:1068400069626572206E6F74206D617465004170BD
:10685000702056657273696F6E3A20332E31613144
:106860003462302D41312D4475616C0054595045CE
:106870003A205056474C5320313934302F313000B4
:106880004C415345525F504F5745523A2031305793
:106890000057415645204C454E4754483A2031391F
:1068A00034306E6D006669744C61736572546F4369
:1068B0006F6465006C6F616453656C6563745363EA
:1068C00068656D65000006101600061016000000D1
:1068D00035450308394503084D4503089D45030820
:1068E00007460308809A45418E418F8045454549BA
:1068F00049498E8F9092924F994F555559999A9B2D
:106900009C9D9E9F41494F55A5A5A6A7A8A9AAABA6
:10691000ACADAEAFB0B1B2B3B4B5B6B7B8B9BABB3F
:10692000BCBDBEBFC0C1C2C3C4C5C6C7C8C9CACB2F
:10693000CCCDCECFD0D1D2D3D4D5D6D7D8D9DADB1F
:10694000DCDDDEDFE0E1E2E3E4E5E6E7E8E9EAEB0F
:10695000ECEDEEEFF0F1F2F3F4F5F6F7F8F9FAFBFF
:10696000FCFDFEFF01030507090E10121416181C8A
:106970001E222A2B2C2E3A3B3C3D3E3F5B5D7C7F0A
:1069800000000100040010004000000100020000AF
:106990000100020004000800100020000000C700F1
:1069A000FC00E900E200E400E000E500E700EA00A6
:1069B000EB00E800EF00EE00EC00C400C500C900E9
:1069C000E600C600F400F600F200FB00F900FF004C
:1069D000D600DC00A200A300A500A7209201E100E0
:1069E000ED00F300FA00F100D100AA00BA00BF00E8
:1069F0001023AC00BD00BC00A100AB00BB00912582
:106A000092259325022524256125622556255525A5
:106A10006325512557255D255C255B25102514250B
:106A200034252C251C2500253C255E255F255A256F
:106A3000542569256625602550256C256725682520
:106A40006425652559255825522553256B256A252A
:106A500018250C25882584258C2590258025B103B3
:106A6000DF009303C003A303C303B500C403A6035D
:106A70009803A903B4031E22C603B5032922612289
:106A8000B1006522642220232123F7004822B000B0
:106A90001922B7001A227F20B200A025A0006100B1
:106AA0001A03E0001703F8000703FF000100780154
:106AB0000001300132010601390110014A012E01A5
:106AC0007901060180014D004302810182018201AA
:106AD0008401840186018701870189018A018B0174
:106AE0008B018D018E018F01900191019101930124
:106AF0009401F60196019701980198013D029B01CE
:106B00009C019D0120029F01A001A001A201A20100
:106B1000A401A401A601A701A701A901AA01AB0133
:106B2000AC01AC01AE01AF01AF01B101B201B301E3
:106B3000B301B501B501B701B801B801BA01BB0194
:106B4000BC01BC01BE01F701C001C101C201C3010A
:106B5000C401C501C401C701C801C701CA01CB01F5
:106B6000CA01CD011001DD0101008E01DE0112011B
:106B7000F3010300F101F401F401F80128012202FC
:106B800012013A020900652C3B023B023D02662CD1
:106B90003F0240024102410246020A015302400004
:106BA00081018601550289018A0158028F015A022A
:106BB00090015C025D025E025F029301610262026B
:106BC00094016402650266026702970196016A02F7
:106BD000622C6C026D026E029C01700271029D01BA
:106BE000730274029F0176027702780279027A02B8
:106BF0007B027C02642C7E027F02A601810282025B
:106C0000A9018402850286028702AE014402B10115
:106C1000B20145028D028E028F0290029102B701ED
:106C20007B030300FD03FE03FF03AC0304008603A4
:106C3000880389038A03B1031103C2030200A3037B
:106C4000A303C4030803CC0303008C038E038F0348
:106C5000D8031801F2030A00F903F303F403F50360
:106C6000F603F703F703F903FA03FA0330042003EA
:106C700050041007600422018A043601C1040E0189
:106C8000CF040100C004D0044401610526040000C3
:106C90007D1D0100632C001E9601A01E5A01001FDD
:106CA0000806101F0606201F0806301F0806401F92
:106CB0000606511F0700591F521F5B1F541F5D1FFF
:106CC000561F5F1F601F0806701F0E00BA1FBB1FF4
:106CD000C81FC91FCA1FCB1FDA1FDB1FF81FF91FF0
:106CE000EA1FEB1FFA1FFB1F801F0806901F0806F4
:106CF000A01F0806B01F0400B81FB91FB21FBC1F99
:106D0000CC1F0100C31FD01F0206E01F0206E51FB3
:106D10000100EC1FF21F0100FC1F4E210100322177
:106D200070211002842101008321D0241A05302C07
:106D30002F04602C0201672C0601752C0201802CA7
:106D40006401002D260841FF1A030000DCC0012069
:106D50000100000000000000000000000100000031
:106D6000000000000100000001000000DCC0012064
:106D70000100000001000000000000000100000010
:106D8000000000000100000001000000DCC0012044
:106D900001000000020000000000000001000000EF
:106DA000000000000100000001000000DCC0012024
:106DB00001000000030000000000000001000000CE
:106DC000000000000100000001000000DCC0012004
:106DD00001000000040000000000000001000000AD
:106DE000000000000100000001000000DCC00120E4
:106DF000010000000500000000000000010000008C
:106E0000000000000100000001000000DCC00120C3
:106E1000010000000600000000000000010000006A
:106E2000000000000100000001000000DCC00120A3
:106E30000100000007000000000000000100000049
:106E4000000000000100000001000000DEC0012081
:106E500008000000000600000000000065000000BF
:106E600000000000650000000100000000603132F9
:106E700033343536373839302D3D000D097177659B
:106E800072747975696F705B5D5C006173646667CD
:106E9000686A6B6C3B27000A00007A786376626E42
:106EA0006D2C2E2F000000000020000000000000CC
:106EB0000000000000000000000000000D000000C5
:106EC00000000000000000373431002F3835323028
:106ED0002A3936332E2D2B000A0000000000000056
:106EE0000000000000000000000000000000007E24
:106EF00021402324255E262A28295F2B00000051EB
:106F0000574552545955494F507B7D7C004153445D
:106F10004647484A4B4C3A22000A00005A5843560A
:106F2000424E4D3C3E3F00000000000000000000CB
:106F30000000000000000000000000000000000051
:106F40000000000000000000000000000000000041
:106F50000000000000000000000000000000000031
:106F60000000000000000000000000000000000021
:106F7000000000001F323021132223241825262769
:106F80003433191A111420151731122F162E02033B
:106F90000405060708090A0B2B6E0F103D0C0D1B8C
:106FA0001C1D2A2829013536371E707172737475BD
:106FB000767778797A7B7C7D7E4B50554C5156594B
:106FC0004F54535A5F64696A6C5D62675C61665BCB
:106FD000606563682D810000000000000000000073
:106FE00000000000000000000000000000000000A1
:106FF00000000000006B00380000000000000000EE
:107000000000000000000000000000000000000080
:107010000000000000000000000000000000000070
:107020000000000000000000000000000000000060
:107030000000000000000000000000000000000050
:107040000000000000000000000000000000000040
:107050003A2C3C7F40393E80C500002001000000F2
:10706000000000000000000001000000000000001F
:107070000100000001000000C50000200100000028
:1070800001000000000000000100000000000000FE
:107090000100000001000000C50000200100000008
:1070A00002000000000000000100000000000000DD
:1070B0000100000001000000C600002008000000E0
:1070C0000000010000000000FFFF000000000000C1
:1070D000FFFF000001000000C700002008000000C2
:1070E0000000010000000000FFFF000000000000A1
:1070F000FFFF0000010000003031323334353637F5
:1071000038394142434445464030580030313233EB
:1071100034353637383961626364656640307800EB
:107120000400000800000000000000020001000050
:10713000100000000000000004FA97999999D93FC7
:10714000AF788E1DC571CC3F9FC678D0099AC33FDA
:10715000935555555555E53F599322942449D23FAF
:10716000DE03CB966446C73F44523EDF12F1C23F76
:10717000000000000000000002400000000000A02D
:107180000000000005400000000000C800000000F2
:107190000C4000000000409C00000000194000006E
:1071A0000020BCBE0000000034400000BFC91B8EA0
:1071B00000000004B5400000504BCFD06607E2CF7E
:1071C000010000006C4100003E8251AADFEEA734AE
:1071D00001000000D9420000DCB5A0E23A301F9760
:1071E000FFFFFFFFB4450000FD25A0C8E9A3C14F84
:1071F000FFFFFFFFFF3F00000000008000000000D5
:10720000FF3F000000000080000000006D61696E1B
:107210004170705461736B0064656661756C745481
:1072200061736B0020204144523A20202B302C20E7
:10723000202B312C20202B322C20202B332C2020D3
:107240002B342C20202B352C20202B362020202BBB
:10725000372C20202B382C20202B392C202B313080
:107260002C202B31312C202B31322C202B31332C64
:10727000202B31342C202B31350A000030303030B7
:10728000303A464646462C464646462C46464646F4
:107290002C464646462C464646462C464646462CF6
:1072A000464646462C464646462C464646462C46CC
:1072B0004646462C464646462C464646462C4646BC
:1072C00046462C464646462C464646462C464646AC
:1072D000460A000025732C25642C25733A68616EDC
:1072E0006420737769746368206D6F64652C666FC2
:1072F0006F747377697463682070726573732C732D
:10730000746F70204C6173657220656D69742072B2
:1073100065712121210A000025732C25642C257319
:107320003A666F6F7420737769746368206D6F6459
:10733000652C666F6F7473776974636820756E70FF
:10734000726573732C73746F70204C617365722057
:10735000656D6974207265712121210A00000000A9
:10736000426F6F744C6F616465723A436865636B1A
:1073700073756D20626F6F746C6F616420666169F4
:107380006C2C666C617368206372633A25303858E0
:107390002C2066696C65206372633A253038580A80
:1073A0002C47616D65204F7665722121210A00000E
:1073B000426F6F744C6F616465723A6F6C642063E6
:1073C0007263253038583A20616E64206E657720EC
:1073D0006372633A25303858206973206E6F7420C9
:1073E00073616D652C6E65656420636F6E6669728E
:1073F0006D20757064617465210A0000426F6F74BE
:107400004C6F616465723A46696C6520257320692A
:1074100073206F766572206C656E6774682C2063CC
:107420006C6F73652066696C6520616E6420756E93
:107430006D6F756E74206469736B210A0000000023
:10744000426F6F744C6F616465723A436865636B39
:1074500073756D20626F6F746C6F616420706173FF
:10746000732C666C617368206372633A25303858F8
:107470002C2066696C65206372633A253038580A9F
:10748000000000004653204E433A2531642C4653F9
:10749000204E4F3A2531642C45533A25642C494CF3
:1074A0003A2531642C46503A2531642C4C543A2507
:1074B0003035642C48543A253035642C42543A25F2
:1074C0003035642C4D543A253035642C4650443ABE
:1074D000253035642C4C50443A253035642C00005E
:1074E00041383A253035642C41393A253035642C01
:1074F0004131303A253035642C4131313A2530352F
:10750000642C4131323A253035642C4131333A25EF
:107510003035642C4131343A253035642C413135D5
:107520003A25303564000000436F6E74726F6C2032
:107530006572726F723A204765742044657669639C
:107540006520636F6E66696775726174696F6E201E
:1075500064657363726970746F72207265717565AA
:107560007374206661696C6564000000436F6E741B
:10757000726F6C206572726F723A20476574204496
:1075800065766963652044657363726970746F72B0
:10759000206661696C65642C206461746120627589
:1075A000666665722073697A652069737375650014
:1075B000436F6E74726F6C206572726F723A2047FF
:1075C000657420537472696E6720446573637269D1
:1075D00070746F72206661696C65642C20646174DC
:1075E00061206275666665722073697A65206973C9
:1075F00073756500436F6E74726F6C206572726F85
:10760000723A2047657420636F6E666967757261B0
:1076100074696F6E2044657363726970746F722051
:107620006661696C65642C206461746120627566B2
:107630006665722073697A652069737375650000E9
:10764000415544494F000000434443004849440029
:10765000436F6E74726F6C206572726F723A20475E
:107660006574204849442044657363726970746F7F
:1076700072206661696C65642C20646174612062AB
:1076800075666665722073697A65206973737565BE
:1076900000000000436F6E74726F6C206572726F31
:1076A000723A2047657420484944205265706F72D1
:1076B000742044657363726970746F7220666169C7
:1076C0006C65642C20646174612062756666657205
:1076D0002073697A65206973737565004D534300A3
:1076E0004D545000204D54502064657669636520E8
:1076F000696E666F2073697A652065786365656475
:107700007320696E7465726E616C20627566666561
:10771000722073697A652E202020202020202020CE
:107720002020202020206F6E6C7920617661696CAA
:1077300061626C65206461746120617265206465BA
:10774000636F6465642E0000C478040800000020A4
:10775000F800000020020108BC79040800C00120E4
:107760000401000020020108BC790408F800002090
:10777000988701003C020108C07A040804C1012076
:10778000840700003C020108000000000000F07FB8
:10779000FFFFFFFFFFFFEF7F1C0000004300000022
:1077A000F8FFFFFF0C0000000E0000000F000000BB
:1077B0002E0000001001000043000000F8FFFFFF52
:1077C00000404040404040404040414141414140F4
:1077D00040404040404040404040404040404040A9
:1077E0004005020202020202020202020202020238
:1077F000022020202020202020202002020202023D
:107800000202909090909090101010101010101094
:1078100010101010101010101010101002020202A0
:1078200002028888888888880808080808080808E4
:1078300008080808080808080808080802020202E0
:1078400040000000000000000000000000000000F8
:107850000000000000000000000000000000000028
:107860000000000000000000000000000000000018
:107870000000000000000000000000000000000008
:1078800000000000000000000000000000000000F8
:1078900000000000000000000000000000000000E8
:1078A00000000000000000000000000000000000D8
:1078B00000000000000000000000000000000000C8
:1078C00000000000000000000000000000000000B8
:1078D00000000000000000000000000000000000A8
:1078E0000000000000000000000000000000000098
:1078F000FFFF00000000000000000000FFFF00008C
:107900000000000000000000C016000000000000A1
:107910000000E20500000000000000000000000080
:107920000000000000000000000000000000000057
:107930000000000000000000000000000000000047
:107940000000000000000000000000000000000037
:1079500000000000AAAAAAAA00000000000000007F
:10796000000000004876040802000000B1CE0308C1
:1079700059D00308CFD0030865D203080FD40308F9
:1079800000000000000000000000000000000000F7
:10799000000000000000000000000000DC76040889
:1079A0000800000031E103087DE20308C9E2030892
:1079B00055E30308A1E90308000000000024F400D7
:1079C00000000000000000000000000000000000B7
:1079D00000000000000000000000000000000000A7
:1079E000FFFF000000000000000000000100000098
:1079F0001000000000000000000000000000000077
:107A00000000000000000000000000000000000076
:107A10000000000000000000000000000000000066
:107A20000000000000000000000000000000000056
:107A30000000000000000000000000000000000046
:107A40000000000000000000000000000000000036
:107A5000407604080100000047BF030829C203085C
:107A60002DC6030847CC030873CC030800000000B0
:107A70004C7604080300000045D50308F3D603083C
:107A800003D80308C7DA030833DC0308000000004A
:107A900000000000000000000000000000000000E6
:107AA000E07604080600000059F603086BF80308A6
:107AB000E1F80308ABFD0308BB0304080000000065
:040000050801018964
:00000001FF
