:020000040801F1
:10000000409601207503010875A80108418F010879
:1000100071A80108B12F0108256C0208000000003A
:10002000000000000000000000000000B502010810
:100030000D330108000000001103010889DF0108E9
:100040008F0301088F0301088F0301088F03010844
:100050008F0301088F0301088F0301088F03010834
:100060008F0301088F0301088F0301088F03010824
:100070008F0301088F0301088F0301088F03010814
:100080008F0301088F0301088F0301088F03010804
:100090008F0301088F0301088F0301088F030108F4
:1000A0008F0301088F0301088F0301088F030108E4
:1000B0008F0301088F0301088F0301088F030108D4
:1000C0008F0301088F0301088F0301088F030108C4
:1000D0008F0301088F03010845F001088F03010811
:1000E0008F0301088F0301088F0301088F030108A4
:1000F00061E4010849E401088F0301088F03010846
:100100008F0301088F0301088F0301088F03010883
:100110008F0301088F03010829E4010839E401086D
:10012000653101088F0301088F0301088F0301085F
:100130008F0301088F0301088F0301088F03010853
:100140008F0301088F0301088F0301089DD3010865
:100150008F0301088F0301088F0301088F03010833
:100160008F0301088F0301088F0301088F03010823
:100170008F0301088F0301088F03010800000000AE
:100180008F0301088F03010800F002F800F082F8E5
:100190000AA090E8000C82448344AAF10107DA45E2
:1001A00001D100F077F8AFF2090EBAE80F0013F0B2
:1001B000010F18BFFB1A43F00103184768C602007D
:1001C00088C602000A444FF0000C10F8013B13F0FF
:1001D000070408BF10F8014B1D1108BF10F8015BA0
:1001E000641E05D010F8016B641E01F8016BF9D193
:1001F00013F0080F1EBF10F8014BAD1C0C1B09D1EA
:100200006D1E58BF01F801CBFAD505E014F8016B5B
:1002100001F8016B6D1EF9D59142D6D370470000ED
:100220000023002400250026103A28BF78C1FBD8FF
:10023000520728BF30C148BF0B60704766292AF0BB
:10024000F986642900F0F481752900F0F18178299C
:1002500000F02A82632901F00280732901F00780EF
:10026000002070471FB52AF0D8FE9DE8030000F07B
:1002700025FD01F0D7FA0400002000212AF0FAF849
:10028000401C6060002000212AF0DEF8E0601FBD05
:1002900010B510BD01F0ADFD1146FFF7E3FF1EF0F4
:1002A000CBFA01F0FDFF03B4FFF7F2FF03BC17F038
:1002B00029F900002C4B19680868B0E8F04F80F36A
:1002C0000988BFF36F8F4FF0000080F311887047EB
:1002D0000000000008480068006880F308884FF0BC
:1002E000000080F3148862B661B6BFF34F8FBFF38E
:1002F0006F8F00DF00BF00BF08ED00E0DFF80C00EB
:10030000016841F470010160704700BF88ED00E0B2
:10031000EFF30980BFF36F8F134B1A681EF0100FB5
:1003200008BF20ED108A20E9F04F106009B44FF0AB
:10033000500080F31188BFF34F8FBFF36F8F28F009
:1003400075FC4FF0000080F3118809BC196808683B
:10035000B0E8F04F1EF0100F08BFB0EC108A80F329
:100360000988BFF36F8F704750000020EFF30580BE
:10037000704700000948804709480047FEE7FEE74C
:10038000FEE7FEE7FEE7FEE7FEE7FEE7FEE7FEE745
:1003900004480549054A064B7047000019E1010869
:1003A0008901010840660120409601204086012015
:1003B00040860120704770B5064600F063FC056872
:1003C00006F10B0020F00704B4429CBF002070BD72
:1003D0002B466A68BAB11068A04210D304F1080134
:1003E00088423CBF5068586007D35168101941607B
:1003F0001168091B016058601460101D70BD134620
:100400005268002AE7D12146284600F043FC002824
:10041000DED170BD70B50446051F00F033FC0068E6
:10042000002C14BF446870BD002C18BFAC423CBF08
:1004300020466468F8D301680A18AA4218BF4560CC
:1004400003D12A6805461144016028684119A14278
:100450001CBF6C6070BD61686960216808442860D9
:1004600070BD53EA020C00F069802DE9F04B4FF0AB
:100470000006002B1FBFB3FA83F503FA05F424FA34
:1004800005F65E4012BF1643B2FA82F502FA05F491
:10049000C5F120051EBF22FA05FC44EA0C042035F4
:1004A00056EA044C4FEA144418BF641C4FF000088D
:1004B0004FF00009904271EB030C39D3002919BFAA
:1004C000B1FA81F701FA07F6B0FA80F700FA07F6F9
:1004D000C7F120071EBF20FA07FC46EA0C062037AA
:1004E000B6FBF4FCA7EB0507103F07F01F0BCBF1A1
:1004F00020060CFA0BFB2CFA06F644BFB346002686
:10050000202FA4BF5E464FF0000B5BEA060C08BF2D
:100510004FF0010B19EB0B09ABFB027C48EB060813
:10052000C01B06FB02CC0BFB03CC71EB0C01C1E73B
:100530000B46024641464846BDE8F08B13B54FF0E6
:1005400000004FF00001AFF30080BDE81C40704791
:100550000FB4044910B503AA029800F08DFE10BC38
:100560005DF814FBB00100200FB41CB5074B06AAC0
:100570007B4469460090059800F04FFE00206946D4
:1005800000F05EFE1CBC5DF814FB0000CD0C00000A
:1005900070B5044685690068C10601D5302600E0C3
:1005A0002026C00707D070BDD4E90121304690470E
:1005B000206A401C20626D1EF6D570BD70B50446E1
:1005C00085690078C00707D170BDD4E901212020DA
:1005D0009047206A401C20626D1EF6D570BD70B534
:1005E0000C460546012A05D02878800600D5EA6920
:1005F000002302E0012305E05B1C934202D2E05C91
:100600000028F9D1A869E618C01AA861286A184418
:1006100028622846FFF7BCFF04E0D5E9012114F861
:10062000010B9047B442F8D32846FFF7C7FF70BDCF
:100630002DE9F0410646002410687529314616A5BB
:1006400010D0AFF30080002802DA404213A507E083
:1006500031688A0701D512A502E0490704D511A522
:10066000012401E0AFF3008000210A2206F12407F3
:1006700009E0B0FBF2FCB0FBF2F302FB1C003030EF
:1006800078541846491C0028F3D123462A463046A0
:10069000BDE8F04100F053BB000000002D00000059
:1006A0002B0000002000000070B504460D462146D6
:1006B0001068AFF300802188090502D50F4A7A44FB
:1006C00002E00E4A7A440E32002104F1240305E0D0
:1006D00000F00F060009965D5E54491C0028F7D112
:1006E00020780023000704D5702D02D009B1022321
:1006F00011322046BDE8704000F021BB07BC02006B
:100700002DE9F05F894604464FF0000ADFF874B126
:10071000FB44C0F820A02046E1688847002874D038
:10072000252806D0D4E901219047206A401C206288
:10073000F1E700265F462046E16888472028054605
:1007400007DB312D05D2781910F8200C08B10643CB
:10075000F1E7B00701D526F00406C4F81CA0002775
:10076000C4F818A02A2D09D0284616F0C4FE38B3C4
:1007700004EB8708303DC8F8185019E059F8041BFD
:10078000204604EB87029161E1688847012F054606
:1007900018D1E069002820DA26F020061DE0D8F8FC
:1007A000180000EB800005EB40003038C8F8180056
:1007B0002046E1688847054616F09DFE0028EED1E8
:1007C000012F0AD02E2D08D12046E16888477F1CD2
:1007D0000546022F46F02006C4DBA069002803DA94
:1007E000404246F00106A061F00701D026F0100655
:1007F0006C2D0BD0682D09D04C2D39D06A2D35D0F9
:10080000742D35D07A2D33D016E038E0E1682F46CC
:1008100020468847B842054609D16C2F26D04FF4B0
:100820008060E168064320468847054604E06C2F57
:100830001AD04FF4807006430DB3A5F1410019287A
:1008400002D8203546F400664A46294620462660EE
:100850004E46FFF7F3FC80B101280BD0F61D26F0C1
:10086000070000F1080956E74020E4E78020D8E7B8
:100870000020D6E706F104094DE7284652E7206A32
:10088000BDE8F09FDDBB02000FB400B58DB010A92C
:10089000099000910B904FF0FF300A9000200C90CF
:1008A000064878440690064878446A4607900F99AF
:1008B00009A800F083FF0DB05DF814FB370F0000AE
:1008C0004F0F00002DE9FF5F1D464FF0FF3B9146A3
:1008D0004FF000085F46D5E90146A96901987F1CE1
:1008E0008847296A824688470028F6D1BAF1FF3F37
:1008F0000CD0002E24F4C06419DD600614D5BAF1C2
:100900002B0F09D0BAF12D0F0ED103E0584604B0D9
:10091000BDE8F09F44F48064A96901987F1C884772
:10092000761E8246002E02DDBAF1300F03D0B9F1F7
:10093000000F26D032E0A969761E01987F1C44F48E
:1009400000748847002E824605DDBAF1780F06D084
:10095000BAF1580F03D0B9F1000F10D01EE0B9F171
:10096000000F02D0B9F1100F18D1A969761E0198B5
:100970007F1C24F4007488478246102002E008207F
:1009800000E00A20814609E0A96908FB0908761EF3
:1009900001987F1C44F4007488478246002E05DDD0
:1009A0004946504600F07AFC0028EDDAE9690198E2
:1009B0008847A00502D46FF00100A8E7E00725D121
:1009C000600613D5600502D5C8F1000000E040467E
:1009D00029680A1D2A600968220501D5087015E0FA
:1009E000220701D5088011E008600FE02868011D8A
:1009F00029600068210502D580F8008006E0210703
:100A000002D5A0F8008001E0C0F8008038467EE7FB
:100A100040EA0103024630B59B0710D14FF0013484
:100A200000E008C208C91D1B9D4315EAC41FF8D089
:100A300013F0FF0102F8011B0DD01B0AF8E711F8B3
:100A4000013B002B02F8013B05D011F8013B002BC4
:100A500002F8013BF3D130BD10B5431C02E010F8A1
:100A6000011B71B18107FAD14FF0013202C88C1A13
:100A70008C4314EAC211F9D0C01A0A0603D0C01E72
:100A800010BDC01A10BD0A0401D0801E10BD09029D
:100A9000FCD0401E10BD032A40F2308010F0030C41
:100AA00000F0158011F8013BBCF1020F624498BFC1
:100AB00011F801CB00F8013B38BF11F8013BA2F15E
:100AC000040298BF00F801CB38BF00F8013B11F0D9
:100AD000030300F02580083AC0F0088051F8043B79
:100AE000083A51F804CBA0E80810F5E7121D5CBFE6
:100AF00051F8043B40F8043BAFF30080D20724BF19
:100B000011F8013B11F801CB48BF11F8012B24BFAC
:100B100000F8013B00F801CB48BF00F8012B7047FB
:100B200010B5203AC0F00B80B1E81850203AA0E888
:100B30001850B1E81850A0E81850BFF4F5AF5FEABC
:100B4000027C24BFB1E81850A0E8185044BF18C96F
:100B500018C0BDE810405FEA827C24BF51F8043B16
:100B600040F8043B08BF7047D20728BF31F8023B6A
:100B700048BF11F8012B28BF20F8023B48BF00F8FE
:100B8000012B704702F0FF0343EA032242EA0242CC
:100B900000F002B84FF000020429C0F0128010F0FB
:100BA000030C00F01B80CCF1040CBCF1020F18BF49
:100BB00000F8012BA8BF20F8022BA1EB0C0100F0DC
:100BC0000DB85FEAC17C24BF00F8012B00F8012BAF
:100BD00048BF00F8012B70474FF0000200B51346E4
:100BE00094469646203922BFA0E80C50A0E80C504D
:100BF000B1F12001BFF4F7AF090728BFA0E80C50FE
:100C000048BF0CC05DF804EB890028BF40F8042BF6
:100C100008BF704748BF20F8022B11F0804F18BF63
:100C200000F8012B704710B5044610F0030F08BF01
:100C300011F0030F40F015804FF0013E121FC0F27B
:100C40000E8051F8043BA3EB0E0C2CEA030C1CEABB
:100C5000CE1C08BF40F8043BF0D0A1F1040102F122
:100C60000402521E08DB11F8013B002B00F8013B87
:100C7000F7D11146FFF78EFF204610BD7047704731
:100C80007047000000487047E865012070477047D2
:100C90007047704738B504460A4600206946AFF3EE
:100CA0000080002808BF38BD02460099204600F0A9
:100CB000C1FD012038BD012001F094B8F8B5AFF3B3
:100CC0000080054600200C46102000BF0646A819EB
:100CD000A0420DD9324669460020AFF300800700DC
:100CE00008BF01F07FF80098A04218BF0546C4195C
:100CF000FFF7C8FF05600746F01D20F00700461902
:100D0000284600F00AF8B44208BFF8BDA21B3146DD
:100D10003868BDE8F84000F08DBD00210160C0E9F1
:100D2000011070471020704710B500F07FFD00687B
:100D300010BD10B5044600F079FD046010BD2DE92A
:100D4000F0470D4699469246044600F12408016892
:100D5000880604D5E06921F01001216000E001203F
:100D6000A84201DD471B00E00027A1697A1902EBC8
:100D70000900081AA0612078C00602D42046FFF7B7
:100D800007FC002608E0D4E901211AF80600904784
:100D9000206A401C761C20624E45F4DB2078C00699
:100DA0000AD52046FFF7F4FB06E0D4E90121302004
:100DB0009047206A401C2062381EA7F10107F4DC2E
:100DC00007E0D4E9012118F805009047206A401C8B
:100DD0002062281EA5F10105F3DC2046FFF7EEFB9B
:100DE0002078000602D50220BDE8F0870120FBE74D
:100DF00070472DE9FF4F0C461E464FF0FF378BB072
:100E0000D2E90001DDF860800A908A46C1F30A55F4
:100E100005B93D46002108464FF00000BAF1000F29
:100E200000F4400005DA00EB80004FF4400101EAD5
:100E300050004FEA9059B9F1010F00DDB9460A9808
:100E400050EA4A000ED044F61050A5F2FF35454353
:100E50002F14B8F1000F1ED07542291E1EDDC9F1F6
:100E600000021CE0B8F1010F4FF0000001D030216A
:100E700003E0F24305E02154401CB042FBDB304666
:100E80000022002121540B99C1F80880C1E90020FB
:100E90000FB0BDE8F08FBD1B6D1CDEE74A4600DADF
:100EA000694206A800F028FF06AB93E8070003ABF1
:100EB00083E8070050460A9901F094FA8DE807008C
:100EC000A0F500501F3800900398002D0ADD42F273
:100ED0001F014A460844002303A90390684601F015
:100EE0003FFD09E0A0F500504A461F38002303A942
:100EF0000390684601F05EFD8DE807000004000CD9
:100F000003D04FF0FF30410800E01046B8F1000F69
:100F100003D00022009215461EE0751E05D400F095
:100F2000A3FC303262556D1EF9D5B3460122084349
:100F300002D000227F1C04E02078302801D100225A
:100F40007F1E002A099784D01DE0112D07DA00F0DA
:100F50008BFC303262556D1C50EA0102F5D108431A
:100F600002D00098C8B10EE00021681E05E0235CA5
:100F7000625C63542254401E491C8142F7DBAB463D
:100F8000A81B401E0990002004F80B000B98099A3A
:100F9000C0F80880C0E9002B7AE711264FF000085E
:100FA00057E72DE9F04F88460446D21D22F007018D
:100FB00091B0D1E90001CDE90A0115F0B9FE024670
:100FC0000B98C00F01D02D2007E02068810701D5C4
:100FD0002B2002E0202101EAC000032A099001D061
:100FE000072A05DB03464146204600F08BFC0BE157
:100FF0002078800601D5E06900E00620B8F1650F91
:10100000814606D0B8F1660F18D0B8F1670F70D1DD
:1010100031E00020B9F1110F009001DB112301E054
:1010200009F101030AAA01A90CA8FFF7E2FEDDE914
:101030000C70002609F10105834647E001204B466C
:1010400000904FF000470AAA01A90CA8FFF7D1FEB3
:10105000DDE90DB00C995D46002610B909F10100DB
:101060000D18B9EB050003D4C0F1FF3609F10105F5
:10107000A5EB09002BE0B9F1010F01DA4FF00109EE
:101080000020B9F1110F0090484601DD112300E066
:1010900003460AAA01A90CA8FFF7ABFEDDE90C7014
:1010A0004D4600268346207800070AD4AB4500DA77
:1010B0005D4601A8012D04DD411911F8011C3029FC
:1010C00007D04F4502DA17F1040F04DA01208246F7
:1010D0000FE06D1EEEE7002F02DCED1B3E4403E047
:1010E000781CA84200DD7D1CB81B00F1010A4FF0FE
:1010F00000472078000703D4AA4501DB4FF0FF3AF0
:101100000021B7F1004F0DF143088DF8431024D0B2
:1011100002202B23002F01DA7F422D230A21021EF9
:10112000A0F1010000DC5FB197FBF1FC97FBF1F24D
:1011300001FB1C7C17460CF1300C08F801CDEEE7E2
:10114000A8F1010003702188090501D5452100E0BF
:101150006521A0F1010800F8011C09980FA9A1EB75
:101160000807FF1D00B10120411901EBEA70A169D8
:101170003844081A401EA0612078C00602D42046D8
:10118000FFF706FA099828B1D4E901219047206AAF
:10119000401C20622078C00622D52046FFF7F8F9CF
:1011A0001EE0002E04DBB34502DD01A8805D00E0F7
:1011B0003020D4E901219047206A401C2062761C2F
:1011C000AAF101005FEA000A0AD100F02BFBC06817
:1011D0000168405CD4E901219047206A401C2062EC
:1011E000281EA5F10105DCDC07E0D4E9012118F88F
:1011F000010B9047206A401C2062381EA7F10107AE
:10120000F3DC2046FFF7DAF9032011B041E60000D5
:1012100001694A1C02610878704700B58FB0CDE9BA
:1012200001310021059105497944CDE903101146AA
:101230006846FFF765FA0FB000BD0000E5FFFFFF4D
:101240000A6802F8010B0A60704710B5436913B1D0
:10125000AFF3008001E0FFF7C2F9012010BD127862
:1012600000F124010A7000224A700122EDE71168A2
:101270004FF0FF32E9E70000074B70B50D467B44A5
:10128000FFF7CBFF0446284600F0A8FD10B14FF051
:10129000FF3070BD204670BD9FBF01003A2800D2CC
:1012A000303820F02002412A01D3A2F137008842D1
:1012B00001D34FF0FF3070472DE9FF4F06468BB04A
:1012C0000878FF2806D0491C2D2805D000244FF0AF
:1012D000000908E000200CE00124F8E709EB89038D
:1012E000491C00EB43090878FF28F7D114B1C9F174
:1012F00000008146107800252C46AA4629462D2854
:1013000001D02B2804D1521C2D2813D00020824656
:101310008B461078FF280FD04FF0000C0A21521C8A
:10132000A5FB017804FB018105FB0C11C5194BEBF2
:101330000104EEE70120EAE7002108464FF0000033
:10134000BAF1000F02D000EB80004008C0F38157D3
:10135000012F01DD4FF0FF370E9955EA040009EB2C
:1013600001080BD04FF0020918F5FA7F16DA4FEAA0
:10137000CA70002F706008DD012007E04FEACA70D4
:10138000C6E900B00FB0BDE8F08F0020306000F07B
:101390004DFAC0F800901821084616E0B8F5FA7F1B
:1013A00018DD002F02DAF748784401E0F648784467
:1013B000D0E90010C6E9001040EACA70706000F081
:1013C00035FAC0F80090142108460FB0BDE8F04F80
:1013D00029F02DBE002108464FF00000B8F10001B1
:1013E000099002DAC7F1000200E03A4601DAC8F1DA
:1013F000000106A800F080FC06AB93E8070003ABF1
:1014000083E8070044F23E005BEA0401009058467E
:1014100004D144F21E012C465D460091210C0904C2
:10142000014306D10099240444EA15442D041039DF
:10143000009104F07F41014306D10099240244EA5F
:1014400015642D020839009104F07041014306D162
:101450000099240144EA15742D01091F009104F03C
:101460004041014306D10099A40044EA9574AD00BF
:10147000891E009104F00041084304D100986D19C1
:101480006441401E00904FF001033A466846B8F1AF
:10149000000FCDE9014503A902DD01F0A0FA01E04A
:1014A00001F073FABAF1000F04460D4601D084F042
:1014B0000044002108464FF00000099940F2FF77F0
:1014C000484010F00C0F07D124F00040284303D00F
:1014D000C4F30A50B84212D100F0A8F9C0F8009045
:1014E000C4F30A50B8420AD1A8487844D0E90010A1
:1014F000C6E9001004F000410843706042E7C6E905
:1015000000543FE72DE9FF4F1F464FF0000A4FF010
:10151000FF38454691B0D7E90146CDF83CA000F030
:1015200081F9C0680168405C1090B96912986D1C1F
:101530008847396A814688470028F6D1B9F1FF3FCC
:101540000AD0002E24F4D06411DDB9F12B0F08D09D
:10155000B9F12D0F0BD102E0404615B013E744F46A
:101560008064B96912986D1C8847761E81466005B3
:1015700004A901D52D2000E02B20002E01F1010B44
:101580000DF130088DF810003FDDB9F1690F08D07A
:10159000B9F1490F05D0B9F16E0F02D0B9F14E0F74
:1015A0001CD13B4601A8009580E85002DDE91212EB
:1015B0006FF0020029F0A4FDC11CCED10EE0B96984
:1015C00012986D1C884781461398761E44F4007467
:1015D00005600F98401C002E0F9016DDB9F1300FFA
:1015E000EDD0B9F1780F02D0B9F1580F0DD10F98A5
:1015F00001280AD13B46CDE90054DDE91212001F53
:10160000029629F07BFDC11CA7D1109989453ED1D6
:1016100044F0800406E01399681CAAF1010A44F41E
:1016200000740860B9696D1C1298761E88473028CE
:101630008146F0D02BE01099894505D1200603D4CE
:10164000761E44F0800418E0484615F054FF08B3B5
:10165000761E0DF123018B4544F4007408D2A9F1E4
:1016600030000BF8010B200607D5AAF1010003E0BA
:10167000200602D40AF101008246A00502D5139982
:10168000681C0860B96912986D1C88478146002E55
:10169000D1DC53E0002E51DDB9F1650F02D0B9F174
:1016A000450F4BD1A00549D5B9696D1C1298761E1E
:1016B00024F440748847002E81460CDD2B2804D08A
:1016C000B9F12D0F07D144F48074B96912986D1CDB
:1016D0008847761E8146E00501D52D2100E02B21AB
:1016E00008F8011BCDF8008021E0761E0DF13901CC
:1016F000884544F400740CD2A9F1300010F0FF00CA
:1017000088F8000002D10099884509D908F101083C
:1017100006E0E00501D51E4801E042F20F70824666
:10172000B96912986D1C8847814613980560002E90
:1017300004DD484615F0DFFE0028D6D1F96912987D
:101740008847FF2053468BF8000088F800000020EF
:101750000A900B9004AA0CA90AA8FFF7ADFDA005FA
:1017600002D46FF00100F8E614F0240F12D0E00765
:101770001CD13868DDE90A12031D3B600068C0E92E
:10178000001213E0A0B4020092B4020056B30200AB
:10179000F1D8FFFF0AA9684615F09AFEE00705D1C7
:1017A0003868009A011D3960006802602846D4E656
:1017B000026811441378016018467047D1600549EA
:1017C0007944516104497944116200211161114643
:1017D00000F0D8B8EDFFFFFF29010000426842B1D8
:1017E000016811F8013B23B1521EC0E900121846EE
:1017F00070470121C160881E704742685AB1C368B2
:10180000016843B983688B4205D0491E521CC0E968
:101810000012002070474FF0FF30704700487047BB
:10182000E0650120004870470066012000487047CD
:10183000E0650120034640688C46002818BF8842B6
:101840003CBF03464068F8D318681844884207D064
:101850000CF1030020F00700001D411A521A014646
:10186000081D0A60FEF7D6BD30B5B0F10A024FEA96
:10187000900E71F100034EEA817EB0EB0E0061EB39
:1018800091014FEA101E4EEA017E10EB0E0041EB73
:1018900011114FEA102E4EEA016E10EB0E0041EBD3
:1018A00011214FEA104E4EEA014E10EB0E0041EBB3
:1018B0001141401841F100014FEAD00040EA417067
:1018C0004FEAD10110EB80054FEA810444EA90749D
:1018D00044EB01046D1944EB0404521BA3414FF087
:1018E000000348BF0A3200D530BD401C41F1000161
:1018F00030BD10B5044600F0A1FA0068005D00F0AC
:10190000010010BD2DE9F0411F4604460326016881
:10191000072A01F4006004DB08B116A505E016A54E
:1019200003E008B115A500E015A521F01000206026
:10193000A069C01EA0610FB1401EA0612046FEF745
:1019400027FE4FB1D4E9012138469047206A401C58
:101950002062C01C206206E0206AFAE7D4E9012177
:1019600015F8010B9047761EF8D22046FEF726FEAA
:10197000BDE8F0814E414E006E616E00494E46005A
:10198000696E66002DE9F34F4FF0000A0C4656468B
:101990008DB001200C9001F10C000B9062690B9846
:1019A00001219047051E2DD0252D2CD0216A884776
:1019B000C0B162690B9801219047216A88470028CD
:1019C000F7D16269411E0B98904700E0761CA1692F
:1019D0000D988847216A88470028F7D1E1690D985A
:1019E0008847DBE7A1690D988847A842074601D1DF
:1019F000761CD3E7E1690D9888477F1C02D1BAF1C4
:101A0000000F6FD06BE162690B9800273D463946A5
:101A100090472A2804D162690B980121904701253B
:101A2000DFF8D08262690B9801219047A0F1300164
:101A30000A290AD24745E5DC07EB870100EB41079D
:101A4000303FDFD445F01005ECE7E90601D46FF034
:101A500000476C280AD04C2814D0682815D06A2872
:101A60000DD074281CD07A281AD01DE062690B981A
:101A7000012190476C2802D045F0040514E045F0A0
:101A800002050DE045F020050AE062690B9801218E
:101A90009047682802D045F0080505E045F4006548
:101AA00062690B9801219047C4E9015765283DD030
:101AB00019DC58287AD00CDC452837D004DC2528DE
:101AC00026D041289ED131E046282FD0472899D1F1
:101AD0002CE05B2877D0612828D063287CD064284C
:101AE00023D15AE0F6E06F2848D008DC66281DD0E4
:101AF00067281BD0692821D06E2816D127E07028CE
:101B000045D0732868D0752847D078280DD14DE08E
:101B1000A1690D988847252805463FF469AFE1691A
:101B20000D9888476D1C3FF46AAFD8E00D992346A5
:101B30006A466FF0010029F0DFFAC5E045F0400089
:101B400023464FF000026060A80736D43EE0E80765
:101B50007FF447AF2068011D21600068290501D589
:101B600006701BE7290701D5068017E7A90703D5EB
:101B7000F117C0E9006111E706600FE745F040008A
:101B800023464FF008026060A80716D41EE040F616
:101B90000E0125EA0100606016E045F04000234692
:101BA0004FF00A026060A80707D40FE045F040003C
:101BB0006060A80708D5234610220D996FF0010038
:101BC000AFF3008080E007E0102223460D996FF00C
:101BD0000100FEF777FE77E04FF0000963284F46DB
:101BE000C8464B46CB4602D05B2806D038E0E80614
:101BF00001D40120A060012732E06269D4F80CB062
:101C00000B98012190475E2807D14FF00109494602
:101C10006269D4F80CB00B989047216939B900215A
:101C20000A4603AB43F82120491C0829FADBD8B344
:101C3000216949B308F1010862690B9801219047B5
:101C40005D28F4D1B9F1000F09D0002003A951F8A3
:101C50002020D24341F82020401C0828F7DB03ABAA
:101C60002069002820794FEA40701ED05B4622464A
:101C7000CDF80080CDE901970D9900286FF00100A3
:101C800020DAAFF300801FE0C11703AA00EBD16197
:101C90004B1121F01F0102EB8302411A136801204E
:101CA000884003431360C7E719E00D9922460028D6
:101CB0006FF00100009702DAAFF3008004E0AFF3A9
:101CC000008001E0AFF3008000280ADA401C06D152
:101CD0000C9820B14FF0FF300FB0BDE8F08F5046A8
:101CE000FAE7E90701D10AF1010A064400200C9045
:101CF00054E60000CCCCCC0C2DE9F04781461646CA
:101D00008AB0354878440DC88DE80D0032487844D3
:101D1000801C03AC0DC884E80D0041F69B300844DC
:101D2000372190FBF1F290FBF1F5A5F1800501FB65
:101D300012041B3C02D56442012000E00020DFF8C1
:101D400098A080460027FA44AAF1BE0A0EE0E007F8
:101D50000AD03246684607EB470101230AEB8101AE
:101D600000F028FE8DE8070064107F1C002CEED1E7
:101D7000194F7F44AE3F19E0E80715D007EB041078
:101D80000DF1180A90E80E008AE80E00C068F042D3
:101D900001D1981908903246012306A903A800F042
:101DA00009FE03AB83E807006D10641C002DE3D12E
:101DB0004FF0010332466946B8F1000F03A802D084
:101DC00000F0CEFD01E000F0F5FDC9E90001C9F821
:101DD00008200AB0BDE8F087BCA60200007B00F036
:101DE0008000704710B500F069FABDE8104000F0BF
:101DF00060BA7546FFF712FDAE46050069465346C8
:101E000020F00700854618B020B5FEF7C1FABDE8FE
:101E100020404FF000064FF000074FF000084FF051
:101E2000000B21F00701AC46ACE8C009ACE8C009E2
:101E3000ACE8C009ACE8C0098D46704710B5FFF7A3
:101E4000F1FC001D10BD00BF2D8602002DE9FF4FE3
:101E50001F464FF03C0987B04FF00042DDE91410F7
:101E600001F10108DDF858A002EA4050039000207B
:101E700005908346054604460490B969461E0898B5
:101E80008847AAF1010A0290BAF1000F3BDD0298DF
:101E90002E2815D01021FFF701FA00282EDB4FF075
:101EA000010B0599014317D0B9F1000F0BDB4A462E
:101EB000C11700F06BFA05430C43A9F1040905E0D2
:101EC000012004900BE008B145F0010501200590C8
:101ED000049820B9361D02E0049800B1361FB96994
:101EE000089808F101088847BBF1000FAAF1010A20
:101EF0000290C9D00999C1F80080C5E702987028FE
:101F000008D0502806D0F96908988847BBF1000F1F
:101F100014D04FE0002002900120BBF1000F04908C
:101F200009D0B969089808F101088847AAF10109A0
:101F3000B9F1000F07DCF969089888476FF00100D4
:101F40000BB0BDE8F08F2B2804D02D280CD14FF01A
:101F5000FF300490B969089808F101088847A9F191
:101F60000109B9F1000FE6DD411CE4D00A21FFF7B9
:101F700095F90028DFDB029908F1010801EB8101E6
:101F800000EB41000290B969089888470A21FFF7E1
:101F900085F9099AA9F10109B9F1000FC2F8008089
:101FA00001DD0028E7DAF969089888470499029862
:101FB00000FB016655EA040004D004F0404109002A
:101FC00002D006E0039898E0A40044EA9574AD00BE
:101FD000B61E04F00041080002D16D196441761E5E
:101FE000159810F0240F03D04FF00B095C4803E064
:101FF0004FF028096FF07D008246564507DAAAEBBC
:1020000006018944B9F1410F01DD4FF0410901207A
:102010000021A9F1010200F0B9F9024628400B465F
:102020002140084301D0012100E00021501E02910F
:1020300043F1FF3128402140084301D0012000E056
:1020400000200299834651EA0B014FD00021084637
:102050004FF00000039900F4400039B100EB80001C
:102060004FF4400100EBD07001EA600080150128B8
:1020700002DD4FF0FF3000E013D0401C36D0029854
:1020800060B3BBF1000F0CD14A460120002100F0E3
:102090007DF928402140084301D0012000E00020C4
:1020A000E0B101204A46002100F070F903464019D2
:1020B0000A4661412D1A8C4111D3B9F1400F09DD57
:1020C000159810F0240F02D0AAF1340603E0AAF10B
:1020D000170600E0761C00254FF0004406E05B1E6A
:1020E00042F1FF3220EA030521EA0204CAF10100AD
:1020F000B04206DA1B490398084301900020009083
:102100000EE0039AC4F3D321E80A0A43164940EAD1
:1021100044500A433146CDE90002684615F0E1F922
:10212000159810F0240F0BD01598C00715D13868FA
:10213000DDE90012031D3B600068C0E900120CE0FD
:1021400002A8694615F0C4F91598C00705D138688A
:10215000029A011D3960006802604046F0E6000006
:1021600002FCFFFF0000F07F0000F03F2DE9FF4F71
:1021700092461D4685B04FF00041DDE9124BDDE986
:1021800014727F1E01EA4B50414940F0FF4940EA7A
:102190000108002122F020004928049102D04E2895
:1021A00028D04CE03BA0012607C88DE80700A969AC
:1021B0000698641C88477F1E014606D41DF8060059
:1021C00018B121F0200181420BD0E96906988847B7
:1021D000032E34D0082E32D06FF0010009B0BDE8D4
:1021E000F08F761C032E01D0082EE0D1601CCAF8B7
:1021F0000000DCE7A9690698641C88477F1E2AD482
:1022000020F02000412826D1A9690698641C88473F
:102210007F1E20D420F020004E281CD1A9690698EA
:10222000641C88477F1E48F4002849F48009CAF8D6
:10223000004001D4282806D0E969069888475FEA5B
:10224000CB7012D022E0A9690698641C88477F1ED3
:1022500001D4002803DAE96906988847BCE72928F1
:10226000F1D1641CCAF80040E9E71BF0240F07D045
:1022700028680499031D2B600068C0E9001805E078
:102280002868021D2A600068C0F800902046A5E773
:102290000000F07F494E46494E4954590000000065
:1022A00010B50446AFF300802046BDE81040FDF7AE
:1022B000FABF002801D015F025B9704710B50128E4
:1022C00005D0002103A000F074F8012010BD09A181
:1022D000F8E7000053494752544D454D3A204F7599
:1022E00074206F662068656170206D656D6F72790E
:1022F000000000003A2048656170206D656D6F72C6
:102300007920636F72727570746564004FF0013CE0
:1023100050F8042B51F8043B9A4221D1A2EB0C0354
:10232000934313EACC1317D150F8042B51F8043B14
:102330009A4215D1A2EB0C03934313EACC130BD1B1
:1023400050F8042B51F8043B9A4209D1A2EB0C033C
:10235000934313EACC13DBD04FF00000704700BF6B
:10236000D01A01BAB1FA81F101F0180122FA01F094
:10237000CB40C1F12001DBB2C0B2C01A2CFA01F38C
:10238000D11A914311EAC311E6D17047B2F120038B
:102390000AD5C2F1200301FA02F120FA03F300FA90
:1023A00002F041EA0301704700FA03F14FF0000028
:1023B000704770B505460C460A2000E06D1C15F00C
:1023C000A3F835B128780028F8D102E0641C15F094
:1023D0009BF814B120780028F8D1BDE870400A209D
:1023E00015F092B85FEA400C08BF91F0000F4FEA79
:1023F0008C234FEAC12243EA51514FEA1C5018BFC7
:1024000000F5F0404FEA300018BF41F000415FEAAC
:102410006C5C00F02980BCF1FF3F08BF40F08040B9
:102420007047130C06BF12044FF0100C4FF0000C55
:10243000130E04BF12020CF1080C130F04BF12019B
:102440000CF1040C930F04BF92000CF1020CD30F9B
:1024500004BF52000CF1010C11464FF00002A0F134
:102460001F00A0EB0C00704711F0004F08BF704731
:1024700031F000413FF4D5AF0B0C06BF09044FF01B
:10248000100C4FF0000C0B0E04BF09020CF1080CED
:102490000B0F04BF09010CF1040C8B0F04BF890062
:1024A0000CF1020CCB0F04BF49000CF1010CCCF174
:1024B0002003A0EB0C0022FA03F302FA0CF241EA2B
:1024C000030100F10100704720F07F4C80EA030017
:1024D00023F07F47ACEB070303F57C5300F000408B
:1024E00003F1FF032DE980494FEA154B09B44FEA88
:1024F000144325EA0B4E24EA03480FF2042606EBA8
:10250000132749083E785FEA320203FB0667C7F5E6
:10251000000707FB06F64FEA54374FEAD64606F1A6
:10252000020607FB066CCCF1005C4FEA1C472CEA64
:10253000074C07FB06F40CFB06F504EB15464FEAC7
:10254000961634BF00204FF000404FEAD13706FB0B
:1025500007FC4FEA1C4C0CFB0BF7D21B03FB0CF7E0
:1025600061EB07010CFB0EF7B0EB074072EB174273
:102570000CFB08F734BFA2EB0742B2EB074261EB5A
:1025800017414FEA0C444FEA910706FB07FC4FEA5C
:102590001C4C0CFB0BF7B0EBC74072EB573203FB44
:1025A0000CF734BFA2EBC742B2EBC74261EB573125
:1025B0000CFB0EF7B0EBC70072EB57720CFB08F781
:1025C00034BFA2EBC702B2EBC70261EB5771039FA6
:1025D0004FEA816141EA921104EBCC044FEAD13712
:1025E0004FEA826206FB07FC42EA90124FEA8060E3
:1025F0004FEA1C4C0CFB0BF7D21B03FB0CF761EBF7
:1026000007010CFB0EF7B0EB074072EB17420CFB17
:1026100008F734BFA2EB0742B2EB074261EB174168
:102620004FEA8C554FEA910704EB9C2406FB07FC0C
:102630004FEA1C4C0CFB0BF7B0EBC74072EB573268
:1026400003FB0CF734BFA2EBC742B2EBC74261EB0E
:1026500057310CFB0EF7B0EBC70072EB57720CFB57
:1026600008F734BFA2EBC702B2EBC70261EB5771A8
:1026700015EB4C254FEA816141EA92114FEA8262E3
:102680004FEAD13742EA901206FB07FC44F10004FE
:102690004FEA80604FEA1C4C0CFB0BF7D21B03FB8C
:1026A0000CF761EB07010CFB0EF7B0EB074072EB88
:1026B00017420CFB08F734BFA2EB0742B2EB07420C
:1026C00061EB174115EB1C154FEA813141EA92414C
:1026D0004FEA823242EA90424FEA80304FEA0C766B
:1026E00044F1000448EA03434EEA0B484FF0000E61
:1026F000B2EB080C71EB030724BF624639464EEB80
:102700000E0E4FF0000B0018524149414BEB0B0BE2
:10271000B2EB080C71EB03077BF1000B24BF6246A0
:1027200039464EEB0E0E4FF0000B00185241494156
:102730004BEB0B0BB2EB080C71EB03077BF1000BBF
:1027400024BF624639464EEB0E0E51EA020718BF0F
:1027500046F0010616EB0E7655F1000254F1000129
:1027600003D5BDE88901BDE80088BDE88901BDE861
:102770000048B619524141EB0101A3F10103704732
:1027800080807F7E7D7C7B7A7978777676757473AE
:10279000727171706F6E6E6D6C6C6B6A6A6968686D
:1027A000676666656464636362616160605F5F5E03
:1027B0005E5D5D5C5C5B5B5A5A5959585857575679
:1027C00056555555545453535252525151505050DE
:1027D0004F4F4F4E4E4D4D4D4C4C4C4B4B4B4A4A30
:1027E0004A49494948484847474747464646454574
:1027F00045444444444343434342424242414141AD
:1028000046EA0646A3F570534FEA164646EA425694
:102810004FEAD22242EA415210B54FEAD121A3F148
:10282000010300F02FF820F0004000F1020C00F04E
:10283000004701EB00501146BCF5006F40EA07006D
:1028400000D210BDBAF1000F0AD01CB503B44FF08E
:1028500004004FF004014FF000000FBCBDE8104031
:102860004FF00001BBF1010FB9BF04484FF0FF3139
:102870000348002140EA070010BD00BFFFFFEF7FC3
:102880000000F07F002B9C4630D477002BD01CB585
:102890004FEA370703B44FF010004FF01001BAF1C0
:1028A000000F06D0BCF1000FDCBF40F0080040F084
:1028B00008014FF000000FBCBDE810400BF1010B08
:1028C000BBF1010F08BF5FEA170722BF12F1010237
:1028D00011F101014FF0004143F1000300F000400D
:1028E00043EA00007047F9D35708D0E746EA0646A6
:1028F00013F1400F4FEA16461FDD13F1200FDFBF23
:1029000016430A46002120335B42BED0C3F12007A4
:1029100046EA064602FA07F74FEA164646EA07066F
:10292000C3F1200722FA03F201FA07F721FA03F1B3
:102930004FF0000342EA0702A7E746EA020646EA2A
:1029400006464FEA164646EA0106BCBF46EA064678
:10295000360C4FF000034FF000024FF0000194E7F7
:102960002DE9804C9A46934670B491E8380007C828
:1029700031EA400C48BF34EA430C03D5FFF7A4FD0D
:10298000FFF780FFF0BCBDE8008C2DE9804C9A4633
:10299000934670B491E8380007C831EA400C48BF4C
:1029A00034EA430C03D5FFF78FFDFFF729FFF0BC96
:1029B000BDE8008C2DE9804C9A46934670B491E8AE
:1029C000380007C810F0804F08BF13F0804F03D1C4
:1029D00000F01AF8FFF756FFF0BCBDE8008C2DE9B7
:1029E000804C9A46934670B491E8380007C810F0BE
:1029F000804F08BF13F0804F03D100F005F8FFF7B8
:102A0000FFFEF0BCBDE8008C20F07F4780EA0300A9
:102A100023F07F4C07EB0C03A3F57C5300F0004040
:102A2000A3F1FE0392F0000F00F0B38095F0000FC9
:102A300000F077802DE901494FEA11404FEA144632
:102A400021EA004800FB06FC24EA064708FB06F6DC
:102A500007FB08F800FB07F718EB06484CEB164C91
:102A60004FEA124B18EB07484FEA15464CEB17405C
:102A700022EA0B4E0BFB06FC25EA06470EFB06F688
:102A800007FB0EFE0BFB07F71EEB064E4CEB164C3E
:102A90004FF000061EEB074E4CEB174B18EB0B08E4
:102AA00040F1000018EB0E0B58EB000840F100005D
:102AB0008F1A4FF000013CBFC943661B14BFB5EB32
:102AC000040C00213CBFC943F61B4FEA17444EEAF1
:102AD0008E0E27EA04454FEA1C4704FB07622CEAE6
:102AE000074C05FB07F70CFB05F604FB0CFC16EB8B
:102AF000074642EB174216EB0C4642EB1C421BEB1F
:102B0000060658EB0202414146EA9E0601D5BDE8A1
:102B10000189B619524141EB0101A3F10103BDE85E
:102B200001894FEA14454FEA114724EA054621EA94
:102B3000074C05FB07F406FB07F70CFB06F105FB4A
:102B40000CFC11EB074144EB17444FEA124711EB21
:102B50000C4144EB1C4422EA074C05FB07F206FB40
:102B600007F70CFB06F605FB0CFC16EB074642EBE1
:102B7000174216EB0C4642EB1C456A1854F1000153
:102B800048BF7047B619524141EB0101A3F101035F
:102B9000704795F0000F37D04FEA11424FEA1447C3
:102BA00021EA024624EA074C02FB07F106FB07F77D
:102BB0000CFB06F402FB0CFC14EB074441EB174141
:102BC0004FEA154714EB0C4441EB1C4125EA074C36
:102BD00002FB07F506FB07F70CFB06F602FB0CFCF5
:102BE00016EB074645EB174516EB0C4645EB1C422A
:102BF000121951F1000148BF7047B619524141EB1B
:102C00000101A3F1010370474FEA14454FEA114750
:102C100024EA054621EA074C05FB07F106FB07F706
:102C20000CFB06F24FF0000605FB0CFC12EB074212
:102C300041EB174112EB0C4251EB1C4148BF70476E
:102C4000921841EB0101A3F10103704770B50546ED
:102C5000AC6B206C00F0500050BB206C40F4007056
:102C600020642068806800F04050E8B9207ED8B920
:102C70002068C06A00F4700020B12068806800F409
:102C8000806088B92068406820F020002168486092
:102C9000206C20F480702064206C00F4805018B9FF
:102CA000206C40F001002064204600F025FF0BE07E
:102CB000206C00F0100018B1204600F02AFF03E05D
:102CC000A06BC16C2846884770BD70B50546AC6BDB
:102CD00040202064606C40F004006064204600F0F6
:102CE00018FF70BD70B50446A56B284600F010FFB4
:102CF00070BD000055494A6822F440324A604A6873
:102D000043681A434A600268526822F4807203687A
:102D10005A6002685368026943EA022203685A60F3
:102D20000268526822F0407203685A600268526872
:102D300083681A4303685A600268926822F400624A
:102D400003689A6002689268C3681A4303689A60CD
:102D50003F4B826A9A4218D00268926822F07062F1
:102D600003689A6002689268836A1A4303689A60EB
:102D70000268926822F0405203689A600268926882
:102D8000C36A1A4303689A600BE00268926822F0F3
:102D9000706203689A600268926822F04052036889
:102DA0009A600268926822F0020203689A600268E0
:102DB0009368027E43EA420203689A602022125C12
:102DC000A2B10268526842F4006203685A60026865
:102DD000526822F4604203685A6002685368426A8B
:102DE000521E43EA423203685A6005E002685268A4
:102DF00022F4006203685A600268D26A22F4700208
:102E00000368DA620268D36A828B521E43EA025276
:102E10000368DA620268926822F4007203689A60BA
:102E20000268936890F8302043EA422203689A606F
:102E30000268926822F4806203689A60026893686C
:102E4000426943EA822203689A6070470023014086
:102E50000100000F074931F9101047F6FF72914247
:102E600007DA044931F81010491C09B2014A22F866
:102E700010107047E4FF00200146064A02EB4100B3
:102E80006FF0004302689A4202D00268521C02604E
:102E900070470000E4FF00202DE9FC4704460D4682
:102EA00016461F464FF00108D4F84C05D0F81C9088
:102EB000A9F89071022003462A460621CDE9006058
:102EC00020460CF04BFA80464046BDE8FC8710B522
:102ED0000446EE201AF048FCB1201AF045FC1220FE
:102EE0001AF042FC200A1AF03FFCE0B21AF03CFC57
:102EF00010BD10B5FF201AF037FCFC201AF034FC8E
:102F0000FF201AF031FCFF201AF02EFC10BD70B526
:102F100004460D46200A1AF027FCE0B21AF024FC01
:102F200000201AF021FC01201AF01EFCE8B21AF071
:102F30001BFC70BD70B504460D46200A1AF014FC47
:102F4000E0B21AF011FC02201AF00EFCE8B21AF0FE
:102F50000BFC70BD70B505460C46280A1AF004FC3F
:102F6000E8B21AF001FC00201AF0FEFB04201AF06F
:102F7000FBFB200E1AF0F8FBC4F307401AF0F4FB39
:102F8000C4F307201AF0F0FBE0B21AF0EDFB70BDBD
:102F900070B504460D46200A1AF0E6FBE0B21AF0BE
:102FA000E3FB01201AF0E0FBE8B21AF0DDFB70BD94
:102FB00000BFFEE72DE9F0410646D6F84C05C4698E
:102FC000002794F84E00032802D0042833D109E0EA
:102FD000237B628B3046216A0DF08AFB042084F843
:102FE0004E0029E0217B30460FF09AFA0746012F68
:102FF00020D1217B30460FF053FA0546A16A481BC9
:103000000CD0608BA84209D1A06A401BA062206A44
:1030100028442062032084F84E0005E0002084F854
:103020004E0030460DF001FE00231A4604213046C2
:1030300011F055FC00E000BF00BFBDE8F081F8B51D
:103040000546D5F84C05C469002694F84D000128C2
:1030500002D002284FD119E0208B616A814208D941
:1030600001200090637B228B2846E1690DF055FB1F
:1030700008E001200090637BA08C82B22846E169C1
:103080000DF04BFB022084F84D0035E0617B2846B3
:103090000FF046FA0646012E21D1208B616A81424B
:1030A00008D9208B616A081A6062208BE1690844A4
:1030B000E06101E000206062606A18B1012084F8DC
:1030C0004D0005E0002084F84D0028460DF0B1FDCC
:1030D00000231A460421284611F001FC0AE0022EC2
:1030E00008D1012084F84D0000231A460421284607
:1030F00011F0F5FB00E000BF00BFF8BD10B50446BD
:1031000020461DF0C4FA0020014921F8140010BD2A
:10311000E4FF002010B5044620461DF0B8FA611CFB
:1031200088B21DF0B4FA0020044921F814000021EF
:10313000024A601C22F8101010BD0000E4FF0020BD
:10314000074931F9101011F5004F07DD044931F836
:103150001010491E09B2024A22F8101070470000F0
:10316000E4FF002010B5024801F098F810BD0000FF
:103170006C0200200146087810381823B0FBF3F2E7
:103180000848805CC865032A05D908686FF3090000
:10319000001D886503E008686FF309008865886D85
:1031A0007047000090B10308014600208A6A8B69CD
:1031B000CBB932B1012A0DD0022A03D0032A10D193
:1031C0000EE000BFCB6A03F08073B3F1807F00D1C3
:1031D000012007E0CB6AB3F1C07F00D1012001E0FC
:1031E00000E000BF34E08B69B3F5005F1AD132B163
:1031F000012A07D0022A03D0032A11D10AE000BF16
:1032000001200EE0CB6A03F08073B3F1807F00D120
:10321000012006E0CB6AB3F1C07F00D1012000E0BD
:1032200000BF15E032B1012A05D0022A04D0032ADA
:103230000CD103E000BF00BF012008E0CB6A03F01F
:103240008073B3F1807F00D1012000E000BF00BF98
:10325000704730B50468246824F4802405682C6025
:10326000046863608468402C04D10468A260046828
:10327000E16003E00468A1600468E26030BD70B5FD
:103280000446002505E0002104F2545040F82510C2
:103290006D1C102DF7D3002504E0002104F58E707D
:1032A00041556D1CB5F5007FF7D30020207060708C
:1032B0000120A0700020C4F894050121217640214E
:1032C000A1710021617684F81C13012184F81D137B
:1032D000002184F81F1384F81E134FF4807104F149
:1032E0001C00FDF757FC4FF4007104F58E70FDF7DC
:1032F00051FC122104F22630FDF74CFC4FF4FF7113
:1033000004F54E70FDF746FC002070BD70470000CC
:1033100010B50D4B99220DA113A0FDF719F900204E
:10332000174909684862164803F0F2FB1AF052FB8D
:1033300000201449088014490880144908700120AD
:103340001349087010BD0000F9BF03082E2E5C2E33
:103350002E5C73506C63506F72745C73506C634C72
:10336000617365722E63000025732C25642C257310
:103370003A6C617365722073746F70210A000000EB
:1033800080040020D6010020DC010020E60100209E
:10339000E801002072B600BFFEE730B504460D46D6
:1033A00000222946204600F001F830BDF0B5034662
:1033B000012500241148407A01281CDA00200F4E14
:1033C000767A0E4FB8553846467A001D40F82630BA
:1033D000001F467A083082553E46707A461C7E723F
:1033E000044604F1300008703A2048702F2088709D
:1033F0000020C87000252846F0BD00008C20002069
:1034000010B51DF04FFC1DF013FA1DF04CFC10BD63
:1034100010B504461DF046FC0A4B03EBC4114FF4F3
:10342000087202EBC41290B2802217F0BFFE064B66
:103430004FF4F37205A10BA0FDF78AF81DF033FCE1
:1034400010BD0000C4160120C0BF03082E2E5C2E44
:103450002E5C73506C635C73506C6346756E2E63A8
:103460000000000025732C25642C25733A736176C7
:1034700065204F6E65204644204E5652414D2064D3
:103480006F6E652E2E2E0A0010B5002201B909E0DC
:10349000012901D10A0205E0022901D10A0201E055
:1034A0004FF440720E4B1B6823F440730C4C2360A6
:1034B00023461B681343236023461B6823F07803CD
:1034C000236023461B68022444EAC0042343044CBF
:1034D000236023461B6843F48033236010BD000043
:1034E000103C02401C48006800F40070B0B11A485B
:1034F000006820F400701849086000BF08460068A2
:1035000040F4006008600846006820F4006008602D
:1035100000BF0846006840F4007008600E4800686C
:1035200000F48060B0B10C48006820F480600A4963
:10353000086000BF0846006840F4805008600846F4
:10354000006820F48050086000BF0846006840F41E
:103550008060086070470000003C024010B54FF0EA
:10356000006000F029F80F4908600F4800F024F8C7
:103570000C490968401A401C0C49086000200C499D
:10358000086008480068886008480068C860022031
:1035900008610849064801F09DF808B1012010BDF6
:1035A0000020FCE798010020FBFF00089C010020A0
:1035B000C4FF0020A0010020014600202C4A9142B7
:1035C00003D2B1F1006F00D350E02A4A914204D2F5
:1035D000274A914201D3012048E0274A914204D270
:1035E000244A914201D3022040E0244A914204D26D
:1035F000214A914201D3032038E0214A914204D26A
:103600001E4A914201D3042030E01E4A914204D266
:103610001B4A914201D3052028E01B4A914204D263
:10362000184A914201D3062020E0184A914204D260
:10363000154A914201D3072018E0154A914204D25D
:10364000124A914201D3082010E0124A914204D25A
:103650000F4A914201D3092008E00F4A914204D257
:103660000C4A914201D30A2000E00B207047000071
:10367000004000080080000800C0000800000108A9
:103680000000020800000408000006080000080806
:1036900000000A0800000C0800000E080A4A126820
:1036A00022F44072084B1A601A46126842F0040273
:1036B0001A601A4612684FF4803343EA00231A4313
:1036C000014B1A6070470000103C0240074A126824
:1036D00022F44072054B1A601A4612681A601A46A4
:1036E000126842F001021A6001707047103C0240FB
:1036F00010B50A49096821F44071084C216021463F
:10370000096841F4407121602146096841F00101D6
:1037100021600260BFF36F8F436010BD103C024018
:10372000084A126822F44072064B1A601A46126860
:1037300042F480721A601A46126842F001021A605E
:1037400001807047103C0240084A126822F440721F
:10375000064B1A601A46126842F400721A601A4642
:10376000126842F001021A6001607047103C02408A
:103770002348006800F0100040B12248C06940F0C2
:1037800010002049C86110201D4908601C480068CD
:1037900000F0200040B11B48C06940F00800194902
:1037A000C8612020164908601548006800F04000F4
:1037B00040B11448C06940F004001249C86140207B
:1037C0000F4908600E48006800F0800040B10D48C5
:1037D000C06940F002000B49C861802008490860B8
:1037E0000748006800F0020040B10648C06940F098
:1037F00020000449C86102200149086070470000A8
:103800000C3C02401800002070B504460025002042
:103810001449C86101F0DCF9054609E0601C38B1C3
:1038200024B101F0D5F9401BA04201D9032070BD9D
:103830000D48006800F480300028EFD10A48006885
:1038400000F0010010B10120074908600648006837
:1038500000F0F20018B1FFF78BFF0120E7E700202E
:10386000E5E70000180000200C3C024070B504465B
:103870000D460848844208D82A46002321460220E3
:1038800000F088FF18B1012070BD0120FCE7002086
:10389000FAE70000FBFF000870B5044620461CF064
:1038A000EFFE2046E21704EB127212110A4B33F9B5
:1038B00012202146E31704EB13731B11A4EB03132F
:1038C0001A4102F0010515B10AF036F902E020466E
:1038D0000AF054F970BD0000E4FF002070B5044602
:1038E0000D46EE2019F040FFB12019F03DFFAB204E
:1038F00019F03AFF200E19F037FFC4F3074019F012
:1039000033FFC4F3072019F02FFFE0B219F02CFFAA
:10391000280E19F029FFC5F3074019F025FFC5F35C
:10392000072019F021FFE8B219F01EFFFF2019F05F
:103930001BFFFC2019F018FFFF2019F015FFFF20D6
:1039400019F012FF70BD70B504460D46A121217417
:103950002121617400216182A1820721E182072275
:10396000294620460DF098F970BD000038B5024692
:103970000020009000BF92F83C00012801D10220F5
:1039800038BD012082F83C0000BF0868092816D91C
:103990001068C0680C780A3C04EB44050724AC406E
:1039A000A0431468E0600C780A3C04EB4404886887
:1039B000A0401468E46820431468E06013E01068D5
:1039C00000690C7804EB44050724AC40A04314685C
:1039D00020610C7804EB44048868A04014682469D2
:1039E0002043146820614868072817D21068406B8C
:1039F0000C79641E04EB84051F24AC40A0431468BA
:103A00006063088880B20C79641E04EB8404A040D3
:103A10001468646B20431468606331E048680D28C3
:103A200017D21068006B0C79E41F04EB84051F2487
:103A3000AC40A04314682063088880B20C79E41F6E
:103A400004EB8404A0401468246B204314682063B2
:103A500016E01068C06A0C790D3C04EB84051F2445
:103A6000AC40A0431468E062088880B20C790D3C39
:103A700004EB8404A0401468E46A20431468E06204
:103A8000194B1A4C1068A04206D10868122803D1BD
:103A9000586840F480005860144C1068A0421CD153
:103AA0000868102802D00868112816D1586840F418
:103AB00000005860086810280FD10D4800680D4CB0
:103AC000B0FBF4F000EB80004000009002E00098B2
:103AD000401E009000980028F9D100BF002082F815
:103AE0003C0000BF00BF4BE7002301400020014025
:103AF0004400002040420F00034A0168914202D175
:103B00000121024A1170704700200140D3010020BA
:103B10007047704770B5044600250CB9012070BD90
:103B20001549A06A884200D000BF206C30B92046F9
:103B300000F024F80020606484F83C00206C00F061
:103B4000100088B9206C20F4885040F002002064F6
:103B50002046FFF7CFF800206064206C20F00200C0
:103B600040F00100206400E0012500BF002084F83F
:103B70003C0000BF2846D2E70100000F10B586B018
:103B80000446142101A8FDF727F84049206888421F
:103B90007AD100BF002000903D48006840F480705A
:103BA0003B4908600846006800F48070009000BF40
:103BB00000BF00BF0020009035481438006840F076
:103BC00004003349143908600846006800F0040016
:103BD000009000BF00BF00BF0020009008460068B2
:103BE00040F0010008600846006800F00100009005
:103BF00000BF00BF00BF002000900846006840F0F2
:103C0000020008600846006800F00200009000BF53
:103C100000BF3F200190032002900020039001A9E3
:103C20001C4800F0CDFEC02001900320029000202F
:103C3000039001A9184800F0C3FE032001900290F0
:103C40000020039001A9154800F0BAFE1448154958
:103C5000086000204860002112488160C1604FF474
:103C60008061016149004161890081610021C16178
:103C70000162416200F032FC08B1FFF78BFB00BF2C
:103C80000848A063846300BF06B010BD0020014057
:103C90004438024000080240000002400004024094
:103CA000106402406C0200202DE9F84304460D46E2
:103CB000164600200090804600BF94F83C00012882
:103CC00002D10220BDE8F883012084F83C0000BF47
:103CD0002068806800F00100A0B92068806840F08A
:103CE000010021688860564800685649B0FBF1F031
:103CF00000EB4000009002E00098401E0090009809
:103D00000028F9D12068806800F48070B0F5807FC9
:103D100005D12068806820F4807021688860206860
:103D2000806800F0010000287FD0206C40F2016123
:103D3000884340F4807020642068406800F480600C
:103D400028B1206C20F4005040F480502064206C96
:103D500000F48050B0F5805F04D1606C20F0060064
:103D6000606401E00020606400BF002084F83C0033
:103D700000BF354F3548A16BC8633548A16B086457
:103D80003448A16BC8646FF0220021680860206885
:103D9000406840F08060216848602068806840F496
:103DA000807021688860226802F14C0133462A46FF
:103DB000A06B00F009FC8046786800F01F0018BB7B
:103DC00025492068884213D024492068884204D1BC
:103DD000381D006800F01F0050B12149206888425A
:103DE0002BD11948001D006800F01F00102824D2B4
:103DF0002068806800F04050F8B92068806840F082
:103E000080402168886018E013492068884214D1F6
:103E10002068806800F0405078B92068806840F0E1
:103E200080402168886008E0FFE7206C40F01000C7
:103E30002064606C40F001006064404642E700008E
:103E40004400002040420F00002301404D2C010897
:103E5000E52C0108CB2C0108002001400021014085
:103E60000022014070B50446002500BF94F83C00D4
:103E7000012801D1022070BD012084F83C0000BF60
:103E80002068806820F001002168886020688068D0
:103E900000F00100F8B92068806820F48070216883
:103EA0008860A06B90F83500022808D1A06B00F064
:103EB0008BF905461DB1206C40F04000206420685D
:103EC000406820F0806021684860206C20F48850B1
:103ED00040F00100206400BF002084F83C0000BFD7
:103EE0002846C8E770B503460C46002002255D71E0
:103EF0001D68AD6845F001051E68B560002104E04D
:103F000054F821501E683560491C9142F8D31D6851
:103F1000286801255D7170BD10B504460CB90120FB
:103F200010BD607920B900202071204600F004F80F
:103F3000012060710020F3E708B50A4A0168914248
:103F40000FD100BF002100910749096841F4805159
:103F5000054A11601146096801F48051009100BFC3
:103F600000BF08BD00300240303802407047F0B555
:103F70000346002603B109B90120F0BD00BF5879FE
:103F8000012801D10220F8E70120587100BF02206A
:103F900018711868046802F0100740F6FE70B84007
:103FA0008443D1E9000740EA070502F0100005FA52
:103FB00000F00443186804601868006802F0100CF0
:103FC000C02707FA0CF7B8431F6838600120187142
:103FD00000BF0020587100BF3046CEE7704770B573
:103FE0000446206805682068466B05F40050B0F56B
:103FF000005F17D106F40050B0F5005F12D1042025
:104000002071206940F0010020614FF400502168C8
:1040100048632068006820F48050216808602046CA
:10402000FFF7DCFF05F00050B0F1005F17D106F09C
:104030000050B0F1005F12D104202071206940F0DF
:10404000020020614FF0005021684863206800683A
:1040500020F08050216808602046FFF787FF70BD80
:1040600010B504460CB9012010BD207920B90020FC
:104070006071204600F008F80220207100202061C5
:10408000012020710020EFE710B586B0044614210E
:1040900001A8FCF7A1FD1D492068884233D100BF6B
:1040A000002000901A48006840F00050184908604D
:1040B0000846006800F00050009000BF00BF00BF3D
:1040C0000020009012481038006840F001001049AC
:1040D000103908600846006800F00100009000BF39
:1040E00000BF30200190032002900020039001A91E
:1040F000084800F065FC00220521362001F008FE8A
:10410000362001F0F1FD06B010BD00000074004043
:10411000403802400000024038B5044600200090BC
:104120000CB9012038BD2068009029B902F10800BF
:10413000009D2844009004E002F11400009D2844F2
:104140000090009803600020ECE710B502460AB921
:10415000012010BD00BF5079012801D10220F8E7ED
:104160000120507100BF022010711068006801F03A
:1041700010040123A34018431368186061B9106844
:10418000006800F03C003C2816D11068406840F000
:104190000100136858600FE01068006800F47013A5
:1041A00001F010043C20A040834205D11068406813
:1041B00040F00200136858600120107100BF002019
:1041C000507100BF00BFC4E770B50446A56D00F094
:1041D000FFFC064694F83500022808D08020606570
:1041E00000BF002084F8340000BF012070BD2068AB
:1041F000006820F01600216808602068406920F0FF
:10420000800021684861206C08B9A06C28B1206842
:10421000006820F00800216808602068006820F02D
:1042200001002168086010E000F0D2FC801B052826
:104230000BD920206065032084F8350000BF0020E2
:1042400084F8340000BF0320D0E72068006800F045
:1042500001000028E8D194F85C103F208840A86055
:10426000012084F8350000BF002084F8340000BF2E
:1042700000BFBBE7014691F83500022803D080203B
:10428000486501207047052081F8350008680068FE
:1042900020F001000A6810600020F3E7F8B504463A
:1042A000002000908C4800684FF41651B0FBF1F7E5
:1042B000A56D2E6894F85C1008208840304098B1B5
:1042C0002068006800F0040070B12068006820F0E9
:1042D00004002168086094F85C1008208840A860F9
:1042E000606D40F00100606594F85C10012088402A
:1042F000304068B12068406900F0800040B194F817
:104300005C1001208840A860606D40F0020060658C
:1043100094F85C1004208840304068B12068006840
:1043200000F0020040B194F85C1004208840A860BE
:10433000606D40F00400606594F85C1010208840C7
:10434000304078B32068006800F0080050B394F85B
:104350005C1010208840A8602068006800F480206D
:1043600080B12068006800F4002028B9206CC8B132
:104370002046216C884715E0A06C98B12046A16CBE
:1043800088470FE02068006800F4807028B9206832
:10439000006820F0080021680860206C10B12046F9
:1043A000216C884794F85C10202088403040002819
:1043B00065D02068006800F0100000285FD094F8F5
:1043C0005C1020208840A86094F83500052828D18A
:1043D0002068006820F016002168086020684069A5
:1043E00020F0800021684861206C08B9A06C28B1D9
:1043F0002068006820F008002168086094F85C10CC
:104400003F208840A860012084F8350000BF0020CC
:1044100084F8340000BF206D10B12046216D88471C
:10442000F8BD2068006800F4802080B12068006832
:1044300000F4002028B9606C10B12046616C8847F8
:104440001DE0E06BD8B12046E16B884717E020689B
:10445000006800F4807068B92068006820F01000DF
:1044600021680860012084F8350000BF002084F82E
:10447000340000BFE06B10B12046E16B8847606DEF
:1044800038B3606D00F00100F0B1052084F835000C
:104490002068006820F001002168086000BF0098D3
:1044A000401C0090B84200D905E02068006800F088
:1044B00001000028F3D100BF012084F8350000BFBF
:1044C000002084F8340000BFE06C10B12046E16C9D
:1044D000884700BFA4E70000440000202DE9F04118
:1044E0000446002500F074FB074614B90120BDE81E
:1044F000F081606A00B100BF022084F8350000BF7F
:10450000002084F8340000BF2068006820F001001B
:10451000216808600AE000F05BFBC01B052805D994
:1045200020206065032084F83500E0E720680068FB
:1045300000F001000028EED1206805682148054000
:10454000D4E901010843E16808432169084361692E
:104550000843A1690843E1690843216A0843054308
:10456000606A042803D1D4E90B010843054320689D
:1045700005602068456925F00705606A0543606AA3
:1045800004280DD1A06A0543E06A48B12046FEF731
:104590000BFE28B140206065012084F83500A6E7B5
:1045A000206845612046FEF7E5FD064694F85C105C
:1045B0003F208840B06000206065012084F835000D
:1045C000002094E73F8010F02DE9F04704460D46A7
:1045D00016461F464FF00008D4F8589000BF94F8D4
:1045E0003400012802D10220BDE8F087012084F8C0
:1045F000340000BF94F83500012825D1022084F84A
:104600003500002060653B46324629462046FEF7CD
:1046100020FE94F85C103F208840C9F8080020680C
:10462000006840F0160021680860206C28B12068FE
:10463000006840F00800216808602068006840F0C9
:1046400001002168086006E000BF002084F8340003
:1046500000BF4FF002084046C6E7000010B50F4803
:104660000F490860002008600E48091D08600020FE
:1046700008600D480A491039086000200860C12010
:10468000091D0860002008600120091D0860002045
:10469000086001F0D5FA002010BD0000FFC9FEF649
:1046A0002038024033797704FF11602270B5044648
:1046B00000F08EFA06462546681C10B104480078C2
:1046C000054400BF00F084FA801BA842FAD370BDF5
:1046D000400000202DE9F04104460F46002600BFAF
:1046E0002548007E012802D10220BDE8F08101208A
:1046F0002149087600BF4CF25030FFF785F8054697
:10470000002D31D1401E3860206801280FD1207C57
:104710006168FEF7C3FF4CF25030FFF775F80546AD
:104720001648006820F00400144908601AE0A668E2
:1047300012E0217C3046FEF7A7FE4CF25030FFF726
:1047400063F805460D48006820F07A000B490860C0
:104750000DB13E6005E0761CD4E902100844B04279
:10476000E7D800BFFEF7BEFE00BF00200249087672
:1047700000BF2846B9E7000018000020103C0240A6
:104780000348006840F0004001490860002070477D
:10479000103C02402DE9F0410646884614461D466D
:1047A00000BF1E48007E012802D10220BDE8F08132
:1047B00001201A49087600BF4CF25030FFF724F868
:1047C00007461FBB26B9E1B24046FEF77FFF12E065
:1047D000012E04D1A1B24046FEF7A2FF0BE0022E4B
:1047E00004D121464046FEF7AFFF04E022462B46A7
:1047F0004046FEF77DFF4CF25030FFF705F80746C4
:104800000748006820F001000549086000BF00204B
:104810000249087600BF3846C8E7000018000020AB
:10482000103C024000200949096801F0004159B1DB
:104830000749064A0C3A11600649116003490968A4
:1048400001F0004101B1012070470000103C02401E
:1048500023016745AB89EFCDF0B50C46002500225A
:104860000023002194E0012606FA01F504EA05027E
:10487000AA427DD1484E8F0856F827308E07370F51
:104880000F26BE403340454EB04201D1002623E002
:10489000434EB04201D101261EE0424EB04201D14A
:1048A000022619E0404EB04201D1032614E03F4EEB
:1048B000B04201D104260FE03D4EB04201D10526A1
:1048C0000AE03C4EB04201D1062605E03A4EB04225
:1048D00001D1072600E008268F073F0FBE409E4209
:1048E00024D1364E36689643344F3E603E1D3668BE
:1048F00096433F1D3E60314E0C36366896432F4F2F
:104900000C373E603E1F366896433F1F3E608E0761
:10491000370F0F2606FA07F31F4E8F0856F8276049
:104920009E431D4F4FEA910C47F82C6006684FEAF2
:10493000410C032707FA0CF7BE430660CF0800F1CD
:10494000200656F827604F074FEAD76C0F2707FA63
:104950000CF7BE434FEAD10C00F1200747F82C605A
:10496000C6684FEA410C032707FA0CF7BE4300E084
:104970000DE0C660466801278F40BE4346608668EA
:104980004FEA410C032707FA0CF7BE438660491C27
:104990001029FFF468AFF0BD083801400000024064
:1049A0000004024000080240000C024000100240D7
:1049B0000014024000180240001C0240003C01406C
:1049C000F8B502460B460025002400200021D6E061
:1049D000012606FA01F51E6806EA0504AC4274D108
:1049E0001E7906F00306012E04D01E7906F0030698
:1049F000022E13D190684F000326BE40B0434F00F3
:104A0000DE68BE4030439060506801268E40B0435F
:104A10001E79C6F300168E40304350601E7906F0B2
:104A20000306032E09D0D0684F000326BE40B043D2
:104A30004F009E68BE403043D0601E7906F00306EA
:104A4000022E13D1CF0802F1200656F827004E0798
:104A5000F70E0F26BE40B0434F07FF0E1E69BE4043
:104A60003043CF0802F1200646F8270010684F00B7
:104A70000326BE40B0431E7906F003064F00BE4039
:104A8000304310605E6806F44036002E76D000BFDA
:104A9000002600963C4E366846F480463A4F3E600B
:104AA0003E46366806F48046009600BF00BF374E8B
:104AB0008F0856F827008E07370F0F26BE40B043E9
:104AC000334EB24202D1002624E057E0314EB242CA
:104AD00001D101261EE0304EB24201D1022619E07A
:104AE0002E4EB24201D1032614E02D4EB24201D126
:104AF00004260FE02B4EB24201D105260AE02A4ED1
:104B0000B24201D1062605E0284EB24201D1072665
:104B100000E008268F073F0FBE4030431B4E8F0832
:104B200046F82700224E3068A0435E6806F48016DF
:104B300006B120431E4E3060361D3068A0435E68CB
:104B400006F4001606B12043194E361D3060184E8B
:104B5000361F3068A0435E6806F4003606B1204375
:104B6000134E361F3060361F3068A0435E6806F46F
:104B7000803606B120430E4E083E3060491C102995
:104B8000FFF426AFF8BD0000443802400838014069
:104B9000000002400004024000080240000C0240F5
:104BA000001002400014024000180240001C0240A5
:104BB000083C0140024613690B400BB1012000E0A4
:104BC000002070470AB1816101E00B0483617047E6
:104BD00001480068704700003800002010B5044606
:104BE000D4F8DC030DF013FC10BD10B50446D4F866
:104BF000DC030DF01EFC10BD10B50446206811F05A
:104C0000A7FA10BD10B50446206811F0A8FA10BD2F
:104C100010B502460023C1EB011402F1140000EBB1
:104C200084008371C1EB011402F1140000EB8400D5
:104C3000C371C1EB011402F1140000EB8400437452
:104C4000C1EB011402F1140000EB84000374002096
:104C500010BD0246C1EB011302F1140000EB83000A
:104C600090F8380070470246C1EB011302F11400BE
:104C700000EB8300406A70472DE9FF5F04460D4654
:104C800016469B46DDE90E78DDF840A000BF94F89B
:104C9000D403012803D1022004B0BDE8F09F012015
:104CA00084F8D40300BF0021C5EB051204F1140001
:104CB00000EB82004171C5EB051104F1140000F80E
:104CC00021B0C5EB051100EB81004570C5EB051166
:104CD00004F1140000EB810080F8128006F07F01DF
:104CE000C5EB051204F1140000EB82008170294627
:104CF0002046FFF78DFF06F08000802808D10121B3
:104D0000C5EB051204F1140000EB8200C17007E04E
:104D10000021C5EB051204F1140000EB8200C17004
:104D2000206811F01CFA8146B8F1010F09D1012F5A
:104D300007D1B9F1000F04D1BAF1BC0F01D94FF07E
:104D4000BC0AC5EB051104F1140000EB81000771EA
:104D5000C5EB051204F1140000EB8200A0F814A0CA
:104D60001FFA8AF0CDE9007802905B463246294668
:104D7000206811F0E1FA039000BF002084F8D4030A
:104D800000BF039888E770B504460D461646D4F870
:104D9000DC030DF005FC70BD2DE9F05F04460D4607
:104DA00016461F46DDE90C9BDDE90A8AC5EB0511B5
:104DB00004F1140000EB8100C670C5EB051104F18D
:104DC000140000EB81008774B8F1000F10D10321AB
:104DD000C5EB051204F1140000EB82008175C5EBF0
:104DE000051104F1140000EB810080F805B007E024
:104DF0000221C5EB051204F1140000EB820081755D
:104E000037B1012F6FD0022F51D0032F6CD187E023
:104E1000B8F1010F4AD136BBB9F1000F08D1012119
:104E2000C5EB051204F1140000EB820080F8291094
:104E3000C5EB051104F1140000EB810090F8290086
:104E400040B90021C5EB051204F1140000EB82000B
:104E500081752BE00221C5EB051204F1140000EB73
:104E60008200817522E0C5EB051104F1140000EB0E
:104E700081008079012819D1C5EB051104F11400D6
:104E800000EB810090F8280040B90021C5EB051225
:104E900004F1140000EB8200817507E00221C5EBEC
:104EA000051204F1140000EB8200817579E0E6B987
:104EB000C5EB051104F1140000EB810090F8290006
:104EC00040B90021C5EB051204F1140000EB82008B
:104ED000817524E00221C5EB051204F1140000EBFA
:104EE000820081751BE052E05AE0C5EB051104F128
:104EF000140000EB810090F8280040B90021C5EBB8
:104F0000051204F1140000EB8200817507E0022114
:104F1000C5EB051204F1140000EB8200817540E03E
:104F2000D6B9C5EB051104F1140000EB810090F82F
:104F3000290040B90021C5EB051204F1140000EB73
:104F40008200817522E00221C5EB051204F11400F4
:104F500000EB8200817519E0C5EB051104F1140026
:104F600000EB810090F8280040B90021C5EB051244
:104F700004F1140000EB8200817507E00221C5EB0B
:104F8000051204F1140000EB8200817509E0002194
:104F9000C5EB051204F1140000EB8200817500E0FE
:104FA00000BF00BFC5EB051104F1140000EB810048
:104FB000C0F818A0C5EB051104F1140000EB810046
:104FC000C0F820900021C5EB051204F1140000EB9D
:104FD000820080F83810C5EB051204F1140000EBD4
:104FE00082004162C5EB051104F1140000EB810061
:104FF00045700021C5EB051204F1140000EB82009E
:1050000080F83910A279C5EB051C04F1140303EBF9
:105010008C01206811F082FABDE8F09F2DE9F04183
:1050200004462768B846206811F0A5F801287AD10F
:10503000206811F0EBFC08B9BDE8F081206811F0A0
:10504000E5FC00F40010B0F5001F03D14FF4001090
:1050500021684861206811F0D9FC00F48010B0F597
:10506000801F03D14FF4801021684861206811F03F
:10507000CDFC00F08060B0F1806F03D14FF0806014
:1050800021684861206811F0C1FC00F0020002288C
:1050900001D121684861206811F0B8FC00F000508F
:1050A000B0F1005F19D14FF0005021684861D8F885
:1050B000400400F0010080B91021384611F01EF8BC
:1050C000384610F0F3FF607A022803D101212068EE
:1050D00011F068FC2046FFF788FD206811F096FC6F
:1050E00000F08070B0F1807F02D1204603F0BEFD59
:1050F000206811F08BFC00F00800082805D120463C
:1051000000F0F6F8082021684861206811F07EFC64
:1051100000F00070B0F1007F27D1206811F0F6F99F
:10512000064600251AE035E005F00F010120884011
:10513000304090B108F5A06000EB4510006800F425
:105140000040B0F5004F04D1E9B2204602F0F4FC73
:1051500003E0E9B2204603F0DFF96D1C6079A84254
:10516000E2D84FF0007021684861206811F04EFCD1
:10517000C0F3001070B12068806920F01000216831
:105180008861204603F0CDFD2068806940F0100062
:105190002168886100BF4FE738B504460CB901208B
:1051A00038BD256894F8D50328B9002084F8D403C5
:1051B000204600F035F8032084F8D503B5F1A04F60
:1051C00001D10021A171206810F01BFF207C8DF817
:1051D000000094E80F0010F09DFE20B1022084F83A
:1051E000D5030120DCE70121206811F062FC20B129
:1051F000022084F8D5030120D2E7207C8DF800003E
:1052000094E80F0011F04EFB20B1022084F8D50382
:105210000120C5E7012084F8D5030020C0E7000085
:1052200010B586B00446142101A8FBF7D5FC206810
:10523000B0F1A04F42D100BF00200090204800688C
:1052400040F001001E4908600846006800F00100B7
:10525000009000BF00BF4FF4C050019002200290A8
:1052600000200390032004900A20059001A915480E
:10527000FFF7A6FB00BF1248001D006840F0800049
:105280000F49091D086000BF002000900C48143031
:10529000006840F480400A491431086008460068FC
:1052A00000F48040009000BF00BF00BF0022052135
:1052B000432000F02DFD432000F016FD06B010BD88
:1052C000303802400000024010B50446D4F8DC0338
:1052D0000DF090F910BD10B50446D4F8DC030DF0C4
:1052E00090F910BD10B50446206811F0C4FB10BD44
:1052F00010B50446D4F8DC030DF01BF910BD10B551
:10530000044600BF94F8D403012801D1022010BD47
:10531000012084F8D40300BF0121206810F09AFE18
:10532000206810F0BCFE00BF002084F8D40300BF4A
:1053300000BFECE710B5044600BF94F8D403012881
:1053400001D1022010BD012084F8D40300BF2068E1
:1053500011F0E3FB00BF002084F8D40300BF00BFBE
:10536000F0E710B504460CB9012010BD242084F8E4
:105370003D002068006820F0010021680860204698
:1053800000F02CFB0020206484F83D00206384F8AA
:105390003E0000BF84F83C0000BF00BFE5E700000E
:1053A00070B504460CB9012070BD94F83D0028B9D1
:1053B000002084F83C00204600F042FB242084F8C2
:1053C0003D002068006820F0010021680860206826
:1053D000006840F40040216808602068006820F4FC
:1053E00000402168086000F0CFFD05465C49606818
:1053F000884206D85B48854201D2012007E00020A0
:1054000005E05948854201D2012000E00020012832
:1054100000D1C9E75548B5FBF0F62068406820F098
:105420003F003043216848604D496068884201D898
:10543000701C07E04FF4967070434FF47A71B0FB24
:10544000F1F0401C2168096A21F03F0108432168FE
:10545000086243496068884214D8681E6168490040
:10546000B0FBF1F0401CC0F30B00042801D2042073
:105470003DE0681E61684900B0FBF1F0401CC0F3DC
:105480000B0034E0A06838B9681E616801EB410187
:10549000B0FBF1F0401C0AE0681E616801EBC1023C
:1054A00002EB0111B0FBF1F0401C40F48040C0F36E
:1054B0000B0008B901201AE0A06848B9681E6168AD
:1054C00001EB4101B0FBF1F0401CC0F30B000CE01C
:1054D000681E616801EBC10202EB0111B0FBF1F043
:1054E000401CC0F30B0040F4804040F400402168B1
:1054F000C9694CF6FF72914308432168C861D4E939
:10550000070108432168096821F0C00108432168A8
:105510000860D4E9031008432168896848F2FF3223
:105520009143084321688860D4E905010843216854
:10553000C96821F0FF0108432168C860206800683D
:1055400040F001002168086000202064202084F8D9
:105550003D000020206384F83E0000BF24E70000E7
:10556000A086010080841E0000093D0040420F001B
:105570002DE9FC5F04460F4690469946DDE90CABE9
:105580000E9EFFF725FB054694F83D00202870D1BC
:1055900019230122B5492046009503F046FE10B1BB
:1055A0000220BDE8FC9F00BF94F83C00012801D117
:1055B0000220F6E7012084F83C0000BF2068006864
:1055C00000F0010028B92068006840F0010021685F
:1055D00008602068006820F40060216808602220CC
:1055E00084F83D00402084F83E0000202064C4F888
:1055F00024A0A4F82AB0608D20859D48E0624B4627
:10560000424639462046CDE9006503F0BBFC08B1AF
:105610000120C6E7208D88B900BF002001902068D6
:105620004069019020688069019000BF00BF206838
:10563000006840F400702168086040E0208D012877
:1056400018D12068006820F480602168086000BFDD
:1056500000200190206840690190206880690190D5
:1056600000BF00BF2068006840F400702168086037
:1056700025E0F8E0208D022816D12068006820F48B
:105680008060216808602068006840F4006021683C
:10569000086000BF002001902068406901902068E8
:1056A0008069019000BF0AE000BF002001902068DF
:1056B0004069019020688069019000BF00BFC3E08D
:1056C000208D03287ED8208D012815D12A46314609
:1056D000204603F086FE08B1012062E720680069D9
:1056E000616A0870606A401C6062208D401E2085DF
:1056F000608D401E6085A7E0208D02282AD13346A8
:1057000000225C492046009503F08FFD08B101207E
:1057100047E72068006840F400702168086020684E
:105720000069616A0870606A401C6062208D401EDA
:105730002085608D401E608520680069616A087060
:10574000606A401C6062208D401E2085608D401E76
:10575000608579E03346002246492046009503F0F3
:1057600064FD08B101201CE72068006820F4806017
:105770002168086020680069616A0870606A401CDE
:105780006062208D401E2085608D401E60853346FE
:10579000002238492046009503F047FD08B101205A
:1057A000FFE62068006840F4007021680860206807
:1057B0000069616A0870606A401C6062208D401E4A
:1057C000208500E010E0608D401E60852068006943
:1057D000616A0870606A401C6062208D401E2085EE
:1057E000608D401E60852FE02A463146204603F03A
:1057F000F8FD08B10120D4E620680069616A0870EC
:10580000606A401C6062208D401E2085608D401EB5
:10581000608520684069C0F38000A8B1208D03280E
:1058200005D12068006820F4806021680860206845
:105830000069616A0870606A401C6062208D401EC9
:105840002085608D401E6085208D00287FF438AF54
:10585000202084F83D00002084F83E0000BF84F83A
:105860003C0000BF9DE602209BE600000200100005
:105870000000FFFF040001002DE9FC5F04460F4615
:1058800090469946DDE90CAB0E9EFFF7A1F905465F
:1058900094F83D0020287DD1192301224D4920464E
:1058A000009503F0C2FC10B10220BDE8FC9F00BFD0
:1058B00094F83C00012801D10220F6E7012084F889
:1058C0003C0000BF2068006800F0010028B9206893
:1058D000006840F00100216808602068006820F43A
:1058E000006021680860212084F83D00402084F891
:1058F0003E0000202064C4F824A0A4F82AB0608DE3
:1059000020853548E0624B46424639462046CDE97F
:10591000006503F0E7FB08B10120C6E731E02A4645
:105920003146204603F0A2FD50B1206C042805D179
:105930002068006840F40070216808600120B4E726
:10594000606A007821680861606A401C6062208D8E
:10595000401E2085608D401E608520684069C0F330
:10596000800070B1208D60B1606A007821680861A4
:10597000606A401C6062208D401E2085608D401E44
:105980006085208D0028CAD12A463146204603F082
:1059900019FC00E01CE050B1206C042805D12068FF
:1059A000006840F400702168086001207DE72068ED
:1059B000006840F4007021680860202084F83D00F1
:1059C000002084F83E0000BF84F83C0000BF6CE774
:1059D00002206AE7020010000000FFFF10B5044635
:1059E0001349206888420FD11248006820F4001043
:1059F0001049086089151048FEF72EFF4FF400711A
:105A00000D48FEF729FF12E00C49206888420ED1AC
:105A10000848006820F48000064908600915064817
:105A2000FEF71AFF4FF400610348FEF715FF10BDA3
:105A3000005400404038024000040240005800403A
:105A400010B586B00446142101A8FBF7C5F8364905
:105A50002068884230D100BF0020009033480068A1
:105A600040F00200314908600846006800F002007A
:105A7000009000BF00BF4FF44070019012200290D0
:105A800000200390032004900420059001A92848D9
:105A9000FEF796FF00BF00200090244810300068F9
:105AA00040F400102149103108600846006800F4F5
:105AB0000010009000BF34E01E492068884230D1B9
:105AC00000BF002000901948006840F0020017490C
:105AD00008600846006800F00200009000BF00BFA8
:105AE0004FF44060019012200290002003900320A8
:105AF00004900420059001A90D48FEF761FF00BF46
:105B00000020009009481030006840F480000749E8
:105B1000103108600846006800F48000009000BF63
:105B200000BF06B010BD00000054004030380240F5
:105B30000004024000580040034800680349097807
:105B400008440149086070473800002040000020E8
:105B500010B50D48006840F400700B490860084615
:105B6000006840F4806008600846006840F4807077
:105B70000860032000F00AF90F2000F007F800F099
:105B800061F8002010BD0000003C02402DE9F0410A
:105B900088B004460027B84600BF00200190234883
:105BA000006840F08000214908600846006800F065
:105BB0008000019000BF00BF02A903A800F0BCF95B
:105BC000069F1FB900F0E0F9054602E000F0DCF99D
:105BD00045001748B5FBF0F0A0F10108154816493B
:105BE000086040F2E7311448C160C0F80480002129
:105BF00001618160816100F02BFE064696B90E4876
:105C000000F032FF06466EB92C2000F06DF8102C23
:105C100007D2002221462C2000F07AF807480460C1
:105C200000E00126304608B0BDE8F081403802406F
:105C300040420F00001C0040C00600203C00002035
:105C40007047000008B500BF0020009011480068B0
:105C500040F480400F4908600846006800F4804026
:105C6000009000BF00BF00BF00200090081F006828
:105C700040F08050091F08600846006800F080501E
:105C8000009000BF00BF00220F21901E00F040F8DE
:105C900008BD00004438024010B5014608460028FF
:105CA00007DB00F01F0301229A40034B440943F82D
:105CB000242000BF10BD000080E200E010B50146C6
:105CC000084600280BDB00F01F0301229A40054B19
:105CD000440943F82420BFF34F8FBFF36F8F00BFF9
:105CE00010BD000080E100E00146084600280DDB01
:105CF00000BF00BF00F01F0301229A4043099B0030
:105D000003F1E023C3F8002100BF00BF00BF7047CC
:105D10002DE9F05F80460D461646002711F020F869
:105D2000074639462A46334601F00700C0F1070A04
:105D3000BAF1040F02D94FF0040A01E0C0F1070ADA
:105D4000D14600F1040ABAF1070F02D24FF0000A5F
:105D500001E0A0F1030AD4464FF0010A0AFA09FA59
:105D6000AAF1010A0AEA020A0AFA0CFA4FF0010B38
:105D70000BFA0CFBABF1010B0BEA030B4AEA0B0429
:105D80002146404610F0F4FFBDE8F09F00BF00F050
:105D90000702064B19684FF6FF031940044B0B43EB
:105DA00043EA0221014B196000BF70470CED00E08F
:105DB0000000FA0570B504460D460CB9012070BD0F
:105DC0005848006800F00700A84209D255490D70F4
:105DD0000846006800F00700A84201D00120EEE765
:105DE000207800F0020002281DD1207800F0040085
:105DF000042805D14C48006840F4E0504A49086046
:105E0000207800F00800082805D14748006840F4D1
:105E10006040454908604448006820F0F000A168EF
:105E2000084341490860207800F00100A8B3606889
:105E3000012807D13C4808380068C0F34040B8B991
:105E40000120BCE76068022802D06068032807D1FF
:105E5000354808380068C0F3406048B90120AEE713
:105E6000314808380068C0F3400008B90120A6E7AF
:105E70002D48006820F00300616808432A49086043
:105E8000FEF7A6FE064609E0FEF7A2FE801B41F2E1
:105E90008831884202D9032091E707E02248006850
:105EA00000F00C006168B0EB810FEDD11D48006877
:105EB00000F00700A84209D91A490D700846006889
:105EC00000F00700A84201D0012078E7207800F018
:105ED0000400042807D11448006820F4E050E16869
:105EE000084311490860207800F00800082808D10C
:105EF0000D48006820F46040216940EAC1000A4969
:105F0000086000F061F808490968C1F30311074A05
:105F1000515CC8400649086006480068FFF736FE35
:105F200000204CE7003C02400838024098B10308CA
:105F3000440000203C0000200F2202600D4A12683D
:105F400002F0030242600B4A126802F0F002826023
:105F5000084A126802F4E052C260064A126802F46B
:105F60006042D2080261044A126802F007020A6025
:105F70007047000008380240003C024001480068B9
:105F8000704700004400002000B5FFF7F7FF044908
:105F90000968C1F38221034A515CC84000BD00007A
:105FA00008380240A8B1030800B5FFF7E7FF04492D
:105FB0000968C1F34231034A515CC84000BD00008A
:105FC00008380240A8B103082DE9F0470024002555
:105FD0000026A1462548006800F00C0020B10428E6
:105FE00005D008283AD105E0DFF8849039E0DFF8E1
:105FF000849036E01D48001F006800F03F041B48F5
:10600000001F006800F4800078B11A481749091F82
:106010000968C1F38811A0FB0170014622460023E4
:106020003846FAF71EFA05460EE011480F49091FD7
:106030000968C1F38811A0FB0170014622460023C4
:106040003846FAF70EFA05460848001F0068C0F304
:106050000140401C4600B5FBF6F902E0DFF8109065
:1060600000BF00BF4846BDE8F08700000838024086
:106070000024F40040787D01F8B504460CB90120F5
:10608000F8BD207800F00100002874D0F9480068BD
:1060900000F00C0004280DD0F648006800F00C0059
:1060A000082813D1F348001F006800F48000B0F501
:1060B000800F0BD1EF4808380068C0F3404000283B
:1060C00059D06068002856D10120D9E700BF606828
:1060D000B0F5803F08D1E7480838006840F48030C8
:1060E000E449083908601EE06068B0F5A02F0DD1C2
:1060F000E0480838006840F48020DE49083908602C
:106100000846006840F4803008600CE0D948083840
:10611000006820F48030D7490839086008460068D4
:1061200020F48020086000BF606890B1FEF750FD49
:10613000054606E0FEF74CFD401B642801D903200C
:106140009EE7CC4808380068C0F340400028F1D0F2
:1061500011E0FEF73DFD054606E0FEF739FD401B68
:10616000642801D903208BE7C24808380068C0F3CF
:1061700040400028F1D1207800F0020002285FD1D1
:10618000BC48006800F00C0058B1BA48006800F044
:106190000C0008281CD1B748001F006800F48000DC
:1061A000B0B9B44808380068C0F3400020B1E068D6
:1061B000012801D0012063E7AE480838006820F0CC
:1061C000F800216940EAC100AA490839086037E0AF
:1061D000E06800B30120A8490860FEF7F9FC054615
:1061E00006E0FEF7F5FC401B022801D9032047E733
:1061F000A04808380068C0F340000028F1D09D484E
:106200000838006820F0F800216940EAC100994987
:106210000839086014E0002097490860FEF7D8FCB0
:10622000054606E0FEF7D4FC401B022801D90320F6
:1062300026E7904808380068C0F340000028F1D1F4
:10624000207800F0080008282CD16069A8B101204E
:106250008A490860FEF7BCFC054606E0FEF7B8FC7C
:10626000401B022801D903200AE782486C300068ED
:10627000C0F340000028F1D014E000207F490860FE
:10628000FEF7A6FC054606E0FEF7A2FC401B02282E
:1062900001D90320F4E677486C300068C0F3400071
:1062A0000028F1D1207800F00400042870D10027E4
:1062B00070483830006800F0805090B900BF00206E
:1062C00000906C483830006840F08050694938319F
:1062D00008600846006800F08050009000BF00BFD2
:1062E00001276748006800F48070B0B9644800680E
:1062F00040F4807062490860FEF76AFC054606E0DB
:10630000FEF766FC401B022801D90320B8E65C4872
:10631000006800F480700028F2D000BFA068012857
:1063200008D154486830006840F001005149683194
:1063300008601DE0A06805280DD14E48683000684F
:1063400040F004004B49683108600846006840F09E
:10635000010008600CE047486830006820F0010048
:106360004449683108600846006820F0040008606D
:1063700000BFA068A8B1FEF72BFC054609E0FEF7B8
:1063800027FC401B41F28831884202D9032077E67E
:1063900026E0384868300068C0F340000028EED09E
:1063A00013E0FEF715FC054608E0FEF711FC401B64
:1063B00041F28831884201D9032061E62D486830D6
:1063C0000068C0F340000028EFD1012F07D1294811
:1063D0003830006820F0805026493831086000BF0E
:1063E000A069002845D02348006800F00C00082868
:1063F0005DD0A069022845D100201F490866FEF73C
:10640000E7FB054606E0FEF7E3FB401B022801D947
:10641000032035E6174808380068C0F340600028BC
:10642000F1D1D4E907010843616A40EA81110122F0
:10643000A06AC2EB500041EA00412C20005D41EA15
:1064400000600C49091F086001200B490866FEF72F
:10645000BFFB054606E0FEF7BBFB401B022801D947
:1064600003200DE6034808380068C0F340600028A8
:10647000F1D049E00838024000004742800E474210
:1064800000700040002021490866FEF7A1FB054688
:1064900006E0FEF79DFB401B022801D90320EFE533
:1064A0001B480068C0F340600028F2D12CE0A069CE
:1064B000012800D1E4E51648001D0668A0690128FE
:1064C00020D006F48001E06981421BD106F03F0133
:1064D000206A814216D147F6C0703040616AB0EB45
:1064E000811F0FD106F440310122A06AC2EB500097
:1064F000B1EB004F06D106F070612C20005DB1EBCE
:10650000006F01D00120BBE50020B9E50000474243
:106510000038024010B504460CB9012010BD607966
:1065200020B900202071204600F00EF80220607192
:106530002068006840F00400216808600120607154
:106540000020A06000BFE9E708B50A4A016891424F
:106550000FD100BF002100910749096841F04001B7
:10656000054A11601146096801F04001009100BF21
:1065700000BF08BD000806503438024010B504467C
:106580000CB9012010BD606A38B96068B0F5827F2F
:1065900000D105E00021E16102E00021216161619B
:1065A000A06AB0F5005F00D100BF94F8510028B98F
:1065B000002084F85000204600F050F8022084F8B3
:1065C00051002068006820F0400021680860A08821
:1065D00000F48270218901F404410843A18901F487
:1065E00000610843217C01F002010843217D01F094
:1065F00001010843218B01F400710843217F01F060
:10660000380108432021095D01F080010843218DF4
:1066100001F400510843216808600421A06901EADF
:10662000104094F8241001F01001084321684860DC
:10663000A06AB0F5005F03D1A08D80B22168086127
:106640002068C06920F400602168C861002060658E
:10665000012084F85100002094E7000010B586B0B6
:106660000446142101A8FAF7B7FA2A49206888429B
:106670004DD100BF002000902748006840F4004042
:10668000254908600846006800F40040009000BFFB
:1066900000BF00BF002000901F481038006840F085
:1066A00001001D49103908600846006800F001002B
:1066B000009000BF00BF00BF0020009008460068A7
:1066C00040F0040008600846006800F004000090F4
:1066D00000BF00BF4FF40040019002200290012053
:1066E0000390032004900620059001A90B48FEF7B3
:1066F00067F94FF4E05001900220029003900320CC
:1067000004900620059001A90548FEF759F906B046
:1067100010BD0000003C0040403802400000024034
:10672000000802407047704710B50346002200BFC2
:1067300093F83C00012801D1022010BD012083F80C
:106740003C0000BF22F0FF00CC6840EA040222F4C3
:1067500040708C6840EA040222F480604C6840EA91
:10676000040222F400600C6840EA040222F4805023
:106770000C6940EA040222F400504C6940EA040229
:1067800022F48040CC6940EA04021868426400BFE9
:10679000002083F83C0000BF00BFCEE730B50246C2
:1067A0000B4600BF92F83C00012801D1022030BD09
:1067B000012082F83C0000BF022082F83D001068F2
:1067C00044681068816824F07004186804431068F5
:1067D0004460184D1068A8421BD01068B0F1804F7B
:1067E00017D0154D1068A84213D0144D1068A84258
:1067F0000FD0134D1068A8420BD0124D1068A8425C
:1068000007D0114D1068A84203D0104D1068A8425F
:1068100005D121F080015868014310688160012092
:1068200082F83D0000BF002082F83C0000BF00BF9E
:10683000BDE70000000001400004004000080040E7
:10684000000C0040000401400040014000180040DE
:1068500010B504460CB9012010BD94F83D0028B9CC
:10686000002084F83C00204600F026F8022084F83E
:106870003D00211D206807F0FFFD012084F846003F
:1068800000BF84F83E0001213F2001554020015502
:106890004120015500BF00BF012084F84200432081
:1068A0000155442001554520015500BF012084F8C1
:1068B0003D000020D0E7000010B586B0044614214A
:1068C00001A8FAF789F96049206888420FD100BF12
:1068D000002000905D48006840F002005B490860BD
:1068E0000846006800F00200009000BFA9E0584987
:1068F000206888422FD100BF0020009053480068D4
:1069000040F00400514908600846006800F00400A7
:10691000009000BF00BF00BF002000904B4810381F
:10692000006840F0080049491039086008460068CE
:1069300000F00800009000BF00BF881401901220F2
:1069400002900020039004900220059001A9414884
:10695000FEF736F875E040492068884218D100BF3C
:10696000002000903948006840F020003749086056
:106970000846006800F02000009000BF00BF002221
:1069800005213720FFF7C4F93720FFF7ADF958E0AC
:1069900032492068884222D100BF002000902B4855
:1069A000001D006840F002002849091D08600846E3
:1069B000006800F00200009000BF00BF00220F211D
:1069C0002C20FFF7A5F92C20FFF78EF900220521D6
:1069D0002D20FFF79DF92D20FFF786F931E02049A2
:1069E0002068884211D100BF002000901748001D88
:1069F000006840F400301549091D08600846006829
:106A000000F40030009000BF1BE016492068884267
:106A100017D100BF002000900C48006840F480703F
:106A20000A4908600846006800F48070009000BFC2
:106A300000BF002205212D20FFF76AF92D20FFF766
:106A400053F906B010BD0000000400404038024079
:106A500000080040000C0240001400400004014007
:106A60000044014000200040014691F83D0001280B
:106A700001D001207047022081F83D000868C068FD
:106A800040F001000B68D8601A4B086898421BD090
:106A90000868B0F1804F17D0174B0868984213D0A0
:106AA000164B086898420FD0154B086898420BD0D7
:106AB000144B0868984207D0134B0868984203D0DB
:106AC000124B086898420CD10868806800F00702F1
:106AD000062A0CD00868006840F001000B681860B6
:106AE00005E00868006840F001000B6818600020AD
:106AF000C0E7000000000140000400400008004022
:106B0000000C00400004014000400140001800401B
:106B100001460868C06820F001000A68D06000BF24
:106B20000868006A41F21112104050B90868006A02
:106B30009210104028B90868006820F001000A6827
:106B4000106000BF012081F83D00002070472DE952
:106B5000F04104460D46002700BF94F83C00012890
:106B600002D10220BDE8F081012084F83C0000BF82
:106B7000022084F83D002068866826F0770626F417
:106B80007F46206886602868502833D00CDC202897
:106B900050D004DC00284BD0102851D149E03028D7
:106BA00049D040284CD139E060282DD0702807D03A
:106BB000B0F5805F03D0B0F5005F41D10DE041E05A
:106BC000D5E902136A68206807F0D7FC2068866858
:106BD00046F077062068866034E0D5E902136A68DB
:106BE000206807F0CAFC2068806840F48040216873
:106BF000886027E0EA686968206807F0AFFD5021E7
:106C0000206807F0C5FC1DE0EA686968206807F0A5
:106C100001FE6021206807F0BBFC13E0EA686968A8
:106C2000206807F09BFD4021206807F0B1FC09E0D7
:106C300000BF00BF00BF2968206807F0A9FC01E081
:106C4000012700BF00BF012084F83D0000BF0020E5
:106C500084F83C0000BF384684E770472DE9F041D6
:106C600004460D461646002700BF94F83C00012854
:106C700002D10220BDE8F081012084F83C0000BF71
:106C800096B9EB68D5E90012206807F07BFD206813
:106C9000806920F00C002168886120688069A968FB
:106CA00008432168886141E0042E13D1EB68D5E9DF
:106CB0000012206807F0C2FD2068806920F440605F
:106CC0002168886120688069A96840EA01202168FC
:106CD00088612BE0082E12D1EB68D5E900122068FC
:106CE00007F0C9FD2068C06920F00C002168C86168
:106CF0002068C069A96808432168C86116E00C2EA5
:106D000013D1EB68D5E90012206807F0D0FD2068A8
:106D1000C06920F440602168C8612068C069A96822
:106D200040EA01202168C86100E0012700BF00207F
:106D300084F83C0000BF38469CE710B504460CB907
:106D4000012010BD94F83D0028B9002084F83C00D3
:106D5000204600F025F8022084F83D00211D20681F
:106D600007F08AFB012084F8460000BF84F83E004B
:106D700001213F200155402001554120015500BF10
:106D800000BF012084F842004320015544200155F2
:106D90004520015500BF012084F83D000020D0E7C8
:106DA000704770B504462068C5682068066906F01B
:106DB0000200022819D105F00200022815D1401F57
:106DC00021680861012020772068806900F00300B5
:106DD00018B12046FFF741FF05E0204600F072F9A8
:106DE000204600F05AFA0020207706F0040004281C
:106DF00019D105F00400042815D1C04321680861A9
:106E0000022020772068806900F4407018B1204685
:106E1000FFF723FF05E0204600F054F9204600F07C
:106E20003CFA0020207706F00800082819D105F068
:106E30000800082815D1C043216808610420207784
:106E40002068C06900F0030018B12046FFF705FF75
:106E500005E0204600F036F9204600F01EFA00203A
:106E6000207706F01000102819D105F01000102826
:106E700015D1C04321680861082020772068C069C7
:106E800000F4407018B12046FFF7E7FE05E0204609
:106E900000F018F9204600F000FA0020207706F0F4
:106EA000010048B105F0010030B16FF00100216828
:106EB0000861204600F0CCFA06F08000802809D155
:106EC00005F08000802805D1C04321680861204674
:106ED000FFF728FC06F04000402809D105F04000EB
:106EE000402805D1C04321680861204600F0CCFA53
:106EF00006F02000202809D105F02000202805D127
:106F0000C043216808612046FFF70DFC70BD0000FA
:106F100010B586B00446142101A8F9F75DFE454975
:106F2000206888421ED100BF0020009042480068BF
:106F300040F00400404908600846006800F0040082
:106F4000009000BF00BF4FF46070019002200290DB
:106F50000020039004900220059001A93748FDF716
:106F60002FFD65E03649206888421ED100BF002011
:106F700000903148006840F008002F49086008463A
:106F8000006800F00800009000BF00BF4FF4005000
:106F9000019012200290002003900490022005909E
:106FA00001A92848FDF70CFD42E0274920688842E6
:106FB0001DD100BF002000901F48006840F0040071
:106FC0001D4908600846006800F00400009000BFFA
:106FD00000BF402001900220029003900020049006
:106FE0000320059001A91548FDF7EAFC20E01749A8
:106FF000206888421CD100BF002000900E48006825
:1070000040F020000C4908600846006800F02000AD
:10701000009000BF00BF402001900220029000209D
:10702000039004900320059001A90948FDF7C8FCCE
:1070300006B010BD00040040303802400008024095
:1070400000080040000C02400004014000440140E0
:10705000001402402DE9F04104460E461546002773
:1070600000BF94F83C00012802D10220BDE8F08165
:10707000012084F83C0000BF35B1042D09D0082D53
:107080000CD00C2D14D10EE03146206807F08AFA9E
:1070900010E03146206807F0BDFA0BE03146206869
:1070A00007F0F6FA06E03146206807F02DFB01E014
:1070B000012700BF00BF00BF002084F83C0000BFD4
:1070C0003846D3E7704710B504460CB9012010BD0F
:1070D00094F83D0028B9002084F83C00204600F0D8
:1070E00025F8022084F83D00211D206807F0C4F92E
:1070F000012084F8460000BF84F83E0001213F20B3
:107100000155402001554120015500BF00BF01201D
:1071100084F8420043200155442001554520015583
:1071200000BF012084F83D000020D0E770472DE922
:10713000F04104460D461646002700BF94F83C0077
:10714000012802D10220BDE8F081012084F83C0032
:1071500000BF36B1042E1BD0082E31D00C2E5ED1CC
:1071600045E02946206807F01DFA2068806940F054
:107170000800216888612068806920F00400216887
:10718000886120688069296908432168886148E02E
:107190002946206807F03EFA2068806940F40060C4
:1071A000216888612068806920F480602168886196
:1071B00020688069296940EA01202168886130E0FF
:1071C0002946206807F064FA2068C06940F008008A
:1071D0002168C8612068C06920F004002168C86186
:1071E0002068C069296908432168C86119E02946F7
:1071F000206807F089FA2068C06940F400602168BF
:10720000C8612068C06920F480602168C861206876
:10721000C069296940EA01202168C86101E00127AD
:1072200000BF00BF00BF002084F83C0000BF38460C
:1072300089E710B504460CB9012010BD94F83D0053
:1072400028B9002084F83C00204600F025F80220F0
:1072500084F83D00211D206807F00EF9012084F814
:10726000460000BF84F83E0001213F200155402028
:1072700001554120015500BF00BF012084F84200A4
:1072800043200155442001554520015500BF0120F0
:1072900084F83D000020D0E77047704770B5044681
:1072A0000D4615B994F83E000BE0042D02D13F20A5
:1072B000005D06E0082D02D14020005D01E0412084
:1072C000005D012801D0012070BD1DB9022084F8A5
:1072D0003E000EE0042D03D102213F20015508E0BD
:1072E000082D03D102214020015502E00221412056
:1072F000015501222946206807F02EF9234920680C
:10730000884203D022492068884201D1012000E050
:10731000002028B12068406C40F400402168486497
:107320001A49206888421BD02068B0F1804F17D0DE
:1073300018492068884213D01749206888420FD026
:107340001649206888420BD011492068884207D02E
:1073500013492068884203D01249206888420CD122
:107360002068806800F00706062E0CD020680068B0
:1073700040F001002168086005E02068006840F0E6
:1073800001002168086000209EE700000000014025
:10739000000401400004004000080040000C0040D0
:1073A000004001400018004030B504460D46002260
:1073B0002946206807F0D0F823492068884203D086
:1073C00022492068884201D1012000E0002090B1CC
:1073D00000BF2068006A41F21111084050B92068CE
:1073E000006A8910084028B92068406C20F40040E9
:1073F0002168486400BF00BF2068006A41F2111193
:10740000084050B92068006A8910084028B92068EF
:10741000006820F001002168086000BF1DB901204C
:1074200084F83E000EE0042D03D101213F200155D8
:1074300008E0082D03D101214020015502E001217F
:1074400041200155002030BD0000014000040140F2
:1074500010B5044609492068884201D1FEF76CFB4B
:1074600007492068884201D11AF0B2FA054920681C
:10747000884201D119F082FC10BD0000001C0040C0
:1074800000200040001400407047704710B50446CB
:1074900004492068884204D101220349034800F0CE
:1074A000BFFA10BD00440040FA010020E8050020AA
:1074B0002DE9F84F0446206805682068C6682068F2
:1074C00047694FF00009CA4605F00F09B9F1000FEE
:1074D0000AD105F0200038B106F0200020B1204686
:1074E00007F04FFBBDE8F88FB9F1000F7CD007F033
:1074F000010018B906F49070002875D005F001005D
:1075000030B106F4807018B1606C40F00100606426
:1075100005F0040030B107F0010018B1606C40F0D4
:107520000200606405F0020030B107F0010018B1FC
:10753000606C40F00400606405F0080048B106F09B
:10754000200010B907F0010018B1606C40F008008D
:107550006064606C002846D005F0200028B106F079
:10756000200010B1204607F00CFB20684069C0F3F2
:10757000801A606C00F0080010B9BAF1000F2DD02D
:10758000204607F0B8FA2068406900F04000402823
:1075900020D100BF00BF2168143151E8001F21F045
:1075A00040002168143141E80002002AF3D100BFF5
:1075B000E06B50B17F48E16B0865E06BFCF75AFE69
:1075C00088B1E06B016D88470DE02046FFF75EFF54
:1075D00009E009E02046FFF759FF04E02046FFF7E5
:1075E00055FF002060647DE7206B012878D105F00D
:1075F0001000002874D006F010000028FAD000BF58
:10760000002000902068006800902068406800908A
:1076100000BF00BF2068406900F04000402870D1E2
:10762000E06B006840681FFA80F8B8F1000F58D08E
:10763000A08D404555DDA4F82E80E06BC069B0F503
:10764000807F43D000BF00BF21680C3151E8001F8C
:1076500021F4807021680C3141E80002002AF3D146
:1076600000BF00BF00BF2168143151E8001F21F0A6
:1076700001002168143141E80002002AF3D100BF63
:1076800000BF00BF2168143151E8001F21F0400005
:107690002168143141E80002002AF3D100BF202004
:1076A00084F842000020206300BF00BF21680C3135
:1076B00051E8001F21F0100021680C3141E8000260
:1076C000002AF3D100BFE06BFCF77EFD022060636F
:1076D000A08DE28D801A81B22046FFF7D6FE0EE023
:1076E00052E0A08D40450AD1E06BC069B0F5807FC3
:1076F00005D102206063A18D2046FFF7C6FEF1E6AA
:10770000FFE7A08DE18D401A1FFA80F8E08DD0B31D
:10771000B8F1000F37D000BF00BF21680C3151E82D
:10772000001F21F4907021680C3141E80002002A0A
:10773000F3D100BF00BF00BF2168143151E8001F22
:1077400021F001002168143141E80002002AF3D140
:1077500000BF202084F842000020206300BF00BF4B
:1077600021680C3151E8001F21F0100021680C3114
:1077700041E80002002AF3D100BF022060634146C5
:107780002046FFF782FEADE605F0800030B106F03E
:10779000800018B1204607F0A9FBA3E605F04000E1
:1077A00030B106F0400018B1204607F0DAF999E64A
:1077B00000BF97E6E5EA010810B504460CB90120C0
:1077C00010BDA06900B100E000BF94F8410028B9E5
:1077D000002084F84000204600F02AF8242084F895
:1077E00041002068C06820F400502168C86020462D
:1077F00007F046FA2068006920F49040216808618B
:107800002068406920F02A00216848612068C0682B
:1078100040F400502168C86000206064202084F893
:10782000410084F842000020606300BFC8E7000008
:1078300010B586B00446142101A8F9F7CDF97049B6
:107840002068884230D100BF002000906D48006859
:1078500040F010006B4908600846006800F0100016
:10786000009000BF00BF00BF0020009065481438A2
:10787000006840F001006349143908600846006858
:1078800000F00100009000BF00BF4FF4C060019005
:10789000022002900390002004900720059001A987
:1078A0005948FDF78DF8A8E058492068884239D139
:1078B00000BF002000905348001F006840F40030D3
:1078C0005049091F08600846006800F40030009025
:1078D00000BF00BF00BF002000904A481438006875
:1078E00040F008004749143908600846006800F075
:1078F0000800009000BF00BF6020019002200290AD
:107900000390002004900720059001A94048FDF74E
:1079100057F8002205212620FEF7FAF92620FEF767
:10792000E3F96AE03B492068884232D100BF002079
:1079300000903448001F006840F480203149091F3E
:1079400008600846006800F48020009000BF00BF77
:1079500000BF002000902B481438006840F0080059
:107960002849143908600846006800F008000090B3
:1079700000BF00BF4FF440700190022002900390BE
:10798000002004900720059001A92148FDF718F870
:1079900033E02149206888422FD100BF00200090A9
:1079A0001848006840F02000164908600846006842
:1079B00000F02000009000BF00BF00BF002000903A
:1079C00010481438006840F040000E49143908602F
:1079D0000846006800F04000009000BF00BF4FF470
:1079E000844001900220029003900020049008201F
:1079F000059001A90948FCF7E3FF06B010BD00009F
:107A000000100140443802400000024000440040A1
:107A1000000C0240004800400014014000180240E1
:107A200070B504460D46164694F8420020280BD146
:107A300005B10EB9012070BD0020206332462946F1
:107A4000204607F033FAF6E70220F4E710B50446C3
:107A500006492068884208D10548007818F092FA53
:107A6000012203490348FFF7DBFF10BD004400403B
:107A7000FA010020E80500202DE9F84F04460E46E3
:107A8000174699464FF0000A94F84100202850D13B
:107A900006B117B90120BDE8F88F002060642120ED
:107AA00084F84100FDF794F88246A784E784A06833
:107AB000B0F5805F04D1206910B90025B04602E01E
:107AC00035464FF000081EE0534600228021204634
:107AD000CDF8009007F03AFA20B1202084F8410058
:107AE0000320D8E745B9B8F80000C0F308002168C2
:107AF000486008F1020803E02878216848606D1C9E
:107B0000E08C401EE084E08C0028DDD1534600224A
:107B100040212046CDF8009007F018FA20B120202F
:107B200084F841000320B6E7202084F841000020BB
:107B3000B1E70220AFE770472DE9F04105460C465A
:107B4000D5F800804646214628680EF050FF00F028
:107B50000400042813D1042106F5A06000EB4410B2
:107B600081600721C4EB041205F1140000EB8200D0
:107B700080F83910214628680EF002FB72E0214699
:107B800028680EF034FF00F48070B0F5807F14D1C7
:107B90004FF4807106F5A06000EB4410816008216D
:107BA000C4EB041205F1140000EB820080F83910D8
:107BB000214628680EF0E4FA54E0214628680EF0C9
:107BC00016FF00F00800082813D1082106F5A06070
:107BD00000EB441081600621C4EB041205F114008F
:107BE00000EB820080F83910214628680EF0C8FAB0
:107BF00038E0214628680EF0FAFE00F48060B0F507
:107C0000806F14D14FF4806106F5A06000EB441042
:107C100081600921C4EB041205F1140000EB82001D
:107C200080F83910214628680EF0AAFA1AE0214699
:107C300028680EF0DCFE00F08000802812D1802140
:107C400006F5A06000EB441081600721C4EB04122C
:107C500005F1140000EB820080F8391021462868F5
:107C60000EF08EFA214628680EF0C1FE00F4007076
:107C7000B0F5007F0BD1214628680EF081FA4FF451
:107C8000007106F5A06000EB44108160DCE0214645
:107C900028680EF0ACFE00F0010000287ED0202104
:107CA00006F5A06000EB44108160C4EB041105F1FF
:107CB000140000EB8100C079012813D10021C4EB2E
:107CC000041205F1140000EB8200C17106F5A060FA
:107CD00000EB4410406820F4803106F5A06000EB12
:107CE00044104160A879A8B1C4EB041105F1140057
:107CF00000EB8100C16906F5A06000EB441000694B
:107D0000C0F31200091AC4EB041205F1140000EBD1
:107D1000820041620121C4EB041205F1140000EB62
:107D2000820080F839100021C4EB041205F1140020
:107D300000EB82000163012106F5A06000EB441016
:107D40008160C4EB041105F1140000EB8100807C1C
:107D500040B1C4EB041105F1140000EB8100807CFC
:107D600002280AD1214628680EF00AFA102106F5E9
:107D7000A06000EB4410816034E0C4EB041105F115
:107D8000140000EB8100807C03280AD0C4EB0411AE
:107D900005F1140000EB8100807C00E068E0012820
:107DA00020D106F5A06000EB4410006840F00051BF
:107DB00006F5A06000EB441001600121C4EB041241
:107DC00005F1140000EB820080F83810C4EB0411B8
:107DD00005F1140000EB810090F838202146284678
:107DE000FCF7D1FFA87901282FD1C4EB041105F1CC
:107DF000140000EB8100C4EB0412416A05F1140089
:107E000000EB8200808A0844401EC4EB041205F196
:107E1000140101EB8201898AB0FBF1F000F001004E
:107E2000002811D0C4EB041105F1140000EB81000F
:107E300090F8280080F00101C4EB041205F1140051
:107E400000EB820080F8281064E3C4EB041105F114
:107E5000140000EB810090F8280080F00101C4EBD1
:107E6000041205F1140000EB820080F8281051E3A1
:107E7000214628680EF0BBFD00F02000202824D108
:107E8000202106F5A06000EB44108160C4EB0411D2
:107E900005F1140000EB810080790128D4D1012183
:107EA000C4EB041205F1140000EB8200C171032140
:107EB000C4EB041205F1140000EB820080F83910C5
:107EC000214628680EF05CF924E3214628680EF06C
:107ED0008EFD00F0020002287DD1022106F5A0608F
:107EE00000EB44108160C4EB041105F1140000EBB9
:107EF000810090F83900012812D10221C4EB04124C
:107F000005F1140000EB820080F839100121C4EB68
:107F1000041205F1140000EB820080F8381037E2FB
:107F2000C4EB041105F1140000EB810090F8390056
:107F3000062812D10221C4EB041205F1140000EB53
:107F4000820080F839100521C4EB041205F11400F9
:107F500000EB820080F838101AE2C4EB041105F13E
:107F6000140000EB810090F83900072809D0C4EB19
:107F7000041105F1140000EB810090F83900092884
:107F80007ED10221C4EB041205F1140000EB820043
:107F900080F83910C4EB041105F1140000EB8100E6
:107FA000006B401CC4EB041205F1140101EB8201CB
:107FB0000863C4EB041105F1140000EB8100006BB1
:107FC000022837D90021C4EB041205F1140000EB9C
:107FD0008200016300E0E8E1C4EB041105F1140044
:107FE00000EB8100807901281AD10021C4EB041232
:107FF00005F1140000EB8200C171C4EB041205F11D
:10800000140000EB8200017206F5A06000EB441042
:10801000406820F4803106F5A06000EB4410416018
:108020000421C4EB041205F1140000EB820080F877
:108030003810ADE10221C4EB041205F1140000EB8D
:10804000820080F83810C4EB041105F1140000EB35
:108050008100807C40B1C4EB041105F1140000EBF9
:108060008100807C0228E4D106F5A06000EB44107A
:10807000076827F0804747F0004706F5A06000E05A
:1080800003E000EB4410076082E1C4EB041105F14A
:10809000140000EB810090F83900052872D102210C
:1080A000C4EB041205F1140000EB820080F83910D3
:1080B000C4EB041105F1140000EB8100C079012824
:1080C000B7D1C4EB041105F1140000EB8100807CF2
:1080D000032858D1C4EB041105F1140000EB810012
:1080E000406B401CC4EB041205F1140101EB82014A
:1080F0004863C4EB041105F1140000EB8100406BF0
:10810000022835D90021C4EB041205F1140000EB5C
:1081100082004163C4EB041205F1140000EB8200FD
:10812000C171C4EB041105F1140000EB8100006B78
:10813000032807D20121C4EB041205F1140000EB5F
:108140008200017206F5A06000EB4410406820F444
:10815000803106F5A06000EB441041600421C4EBBF
:10816000041205F1140000EB820080F8381013E0CF
:108170000221C4EB041205F1140000EB820080F828
:10818000381009E028E00221C4EB041205F11400C4
:1081900000EB820080F83810C4EB041105F11400E4
:1081A00000EB8100807C40B1C4EB041105F11400A8
:1081B00000EB8100807C02280DD106F5A06000EB69
:1081C0004410076827F0804747F0004706F5A06095
:1081D00000EB44100760DBE0C4EB041105F1140070
:1081E00000EB810090F8390003285ED10221C4EB36
:1081F000041205F1140000EB820080F83910C4EB82
:10820000041105F1140000EB8100C07901284BD165
:108210000221C4EB041205F1140000EB820080F887
:10822000381006F5A06000EB4410406840F480313F
:1082300006F5A06000EB4410416006F5A06000EB7D
:108240004410C06840F0400106F5A06000EB441007
:10825000C16006F5A06000EB4410C06820F020016A
:1082600006F5A06000EB4410C160C4EB041105F1F9
:10827000140000EB8100807C40B1C4EB041105F1D7
:10828000140000EB8100807C02280DD106F5A0606F
:1082900000EB4410076827F0804747F0004706F5D9
:1082A000A06000EB4410076072E0C4EB041105F11C
:1082B000140000EB810090F83900042830D102212D
:1082C000C4EB041205F1140000EB820080F83910B1
:1082D000C4EB041205F1140000EB820080F83810A2
:1082E000C4EB041105F1140000EB8100807C40B167
:1082F000C4EB041105F1140000EB8100807C02281E
:1083000046D106F5A06000EB4410076827F08047CF
:1083100047F0004706F5A06000EB4410076037E027
:10832000C4EB041105F1140000EB810090F8390052
:10833000082821D10221C4EB041205F1140000EB3E
:10834000820080F83910C4EB041105F1140000EB31
:108350008100006B401CC4EB041205F1140101EB19
:10836000820108630421C4EB041205F1140000EB40
:10837000820080F838100BE0C4EB041105F1140002
:1083800000EB810090F83900022801D1BDE8F081AE
:10839000C4EB041105F1140000EB810090F83820C3
:1083A00021462846FCF7EFFCB4E0214628680EF091
:1083B0001EFB00F04000402823D1402106F5A060BC
:1083C00000EB441081600521C4EB041205F1140098
:1083D00000EB820080F83910C4EB041105F11400A1
:1083E00000EB8100807938B90021C4EB041205F15B
:1083F000140000EB82000163214628680DF0C0FEE6
:1084000088E0214628680EF0F2FA00F010001028EB
:108410007ED1C4EB041105F1140000EB8100807CD7
:10842000032815D10021C4EB041205F1140000EB60
:10843000820001630421C4EB041205F1140000EB77
:10844000820080F83910214628680DF099FE30E04E
:10845000C4EB041105F1140000EB8100807C40B1F5
:10846000C4EB041105F1140000EB8100807C0228AC
:108470001FD10021C4EB041205F1140000EB8200AF
:108480000163A87940B1C4EB041105F1140000EBBD
:108490008100C07901280CD10421C4EB041205F13C
:1084A000140000EB820080F83910214628680DF096
:1084B00067FEC4EB041105F1140000EB8100C079E4
:1084C00001281FD10021C4EB041205F1140000EBB8
:1084D0008200C17106F5A06000EB4410406820F4F2
:1084E000803106F5A06000EB4410416006F5A06005
:1084F00000EB4410C06840F0200106F5A06000EBDE
:108500004410C160102106F5A06000EB441000E0AB
:1085100000E0816000BF39E72DE9F04705460C46D1
:10852000D5F800904E46214628680EF060FA00F01B
:108530000400042813D1042106F5A06000EB4410C8
:1085400081600721C4EB041205F1140000EB8200E6
:1085500080F83910214628680DF012FE84E3214688
:1085600028680EF044FA00F02000202865D1202170
:1085700006F5A06000EB44108160C4EB041105F126
:10858000140000EB8100407901281DD10021C4EBCB
:10859000041205F1140000EB820041710221C4EBCA
:1085A000041205F1140000EB820080F8381003215A
:1085B000C4EB041205F1140000EB820080F83910BE
:1085C000214628680DF0DCFDC4EB041105F1140010
:1085D00000EB810080790128C0D1C4EB041105F1C2
:1085E000140000EB8100C0790028B7D1C4EB04115E
:1085F00005F1140000EB8100807C012807D00121E7
:10860000C4EB041205F1140000EB8200C1710321D8
:10861000C4EB041205F1140000EB820080F839105D
:10862000214628680DF0ACFD0021C4EB041205F1D1
:10863000140000EB8200016316E3214628680EF067
:10864000D6F900F40070B0F5007F0BD14FF4007143
:1086500006F5A06000EB44108160214628680DF00B
:108660008FFD01E3214628680EF0C1F900F00100FA
:10867000E8B30021C4EB041205F1140000EB820002
:108680000163214628680EF0B2F900F0400040284E
:108690000DD10121C4EB041205F1140000EB82009E
:1086A0004171402106F5A06000EB44108160C4EBED
:1086B000041105F1140000EB8100C07998B100218C
:1086C000C4EB041205F1140000EB8200C17106F541
:1086D000A06000EB4410406820F4803106F5A060F3
:1086E00000EB44104160012106F5A06000E00FE0BE
:1086F00000EB44108160C4EB041205F1140000EBA0
:10870000820080F83910214628680DF039FDABE26F
:10871000214628680EF06BF900F0400040282BD16C
:108720000521C4EB041205F1140000EB820080F86F
:108730003910C4EB041105F1140000EB81008079BD
:1087400038B90121C4EB041205F1140000EB8200DA
:1087500041710021C4EB041205F1140000EB82000A
:108760000163214628680DF00BFD402106F5A0604D
:1087700000EB4410816077E2214628680EF037F95B
:1087800000F00800082813D1082106F5A06000EBCE
:10879000441081600621C4EB041205F1140000EBC3
:1087A000820080F83910214628680DF0E9FC5BE270
:1087B000214628680EF01BF900F01000102833D174
:1087C0000021C4EB041205F1140000EB82000163E8
:1087D0000421C4EB041205F1140000EB820080F8C0
:1087E0003910C4EB041105F1140000EB810040794D
:1087F00078B9C4EB041105F1140000EB8100007995
:1088000038B90121C4EB041205F1140000EB820019
:108810004171214628680DF0B3FC102106F5A060D7
:1088200000EB441081601FE2214628680EF0DFF85B
:1088300000F08000802863D1A87968B90721C4EBD3
:10884000041205F1140000EB820080F83910214673
:1088500028680DF095FC4CE0C4EB041105F1140000
:1088600000EB8100006B401CC4EB041205F1140105
:1088700001EB82010863C4EB041105F1140000EB65
:108880008100006B02281DD90021C4EB041205F100
:10889000140000EB820001630421C4EB041205F113
:1088A000140000EB820080F83810C4EB041105F1CD
:1088B000140000EB810090F8382021462846FCF790
:1088C00062FA16E00221C4EB041205F1140000EB79
:1088D000820080F8381006F5A06000EB44100768AD
:1088E00027F0804747F0004706F5A06000EB4410F2
:1088F0000760802106F5A06000EB44108160B3E1C1
:10890000214628680EF073F800F48060B0F5806F9F
:1089100014D10921C4EB041205F1140000EB82000C
:1089200080F83910214628680DF02AFC4FF4806148
:1089300006F5A06000EB4410816095E121462868AF
:108940000EF055F800F0020002287DD1022106F554
:10895000A06000EB44108160C4EB041105F1140029
:1089600000EB810090F83900012876D10221C4EB98
:10897000041205F1140000EB820080F83910012187
:10898000C4EB041205F1140000EB820080F83810EB
:10899000C4EB041105F1140000EB8100807C022877
:1089A00008D0C4EB041105F1140000EB8100807CB9
:1089B000032851D1A87988B9C4EB041105F114003A
:1089C00000EB810090F8290080F00101C4EB041253
:1089D00005F1140000EB820080F82910A879012825
:1089E000E7D1C4EB041105F1140000EB8100006A2B
:1089F000002831D0C4EB041105F1140000EB810014
:108A0000C4EB0412016A05F1140000EB8200808AB5
:108A10000844401EC4EB041205F1140101EB82016D
:108A2000898AB0FBF1F808F001000028E1D0C4EB1E
:108A3000041105F1140000EB810090F8290080F08A
:108A40000101C4EB041201E00DE106E005F11400A0
:108A500000EB820080F82910F8E0C4EB041105F166
:108A6000140000EB810090F8390003281BD102218B
:108A7000C4EB041205F1140000EB820080F83910F9
:108A8000C4EB041105F1140000EB8100C07901284A
:108A900008D10221C4EB041205F1140000EB82009E
:108AA00080F83810D2E0C4EB041105F1140000EB9B
:108AB000810090F8390004282ED10221C4EB041261
:108AC00005F1140000EB820080F83910C4EB0412A9
:108AD00005F1140000EB820080F83810C4EB04119B
:108AE00005F1140000EB8100C079012813D10021A9
:108AF000C4EB041205F1140000EB8200C17106F50D
:108B0000A06000EB4410406820F4803106F5A060BE
:108B100000EB4410416099E0C4EB041105F114002E
:108B200000EB810090F83900052811D10221C4EB37
:108B3000041205F1140000EB820080F83910C4EB38
:108B4000041205F1140000EB820080F838107DE07B
:108B5000C4EB041105F1140000EB810090F839001A
:108B6000062812D10221C4EB041205F1140000EB17
:108B7000820080F839100521C4EB041205F11400BD
:108B800000EB820080F8381060E0C4EB041105F1BE
:108B9000140000EB810090F83900072809D0C4EBDD
:108BA000041105F1140000EB810090F83900092848
:108BB0004AD10221C4EB041205F1140000EB82003B
:108BC00080F83910C4EB041105F1140000EB8100AA
:108BD000006B401CC4EB041205F1140101EB82018F
:108BE0000863C4EB041105F1140000EB8100006B75
:108BF000022811D90021C4EB041205F1140000EB86
:108C0000820001630421C4EB041205F1140000EB9F
:108C1000820080F8381019E00221C4EB041205F13B
:108C2000140000EB820080F8381006F5A06000EB1D
:108C30004410076827F0804747F0004706F5A0601A
:108C400000EB4410076001E0BDE8F087C4EB0411BD
:108C500005F1140000EB810090F8382021462846E9
:108C6000FCF791F800E0EFE700BFEDE77CB50446C4
:108C700026683546D5F840040190D5F840040090A8
:108C8000009820F02E000090019800F002000228C9
:108C90000AD1019800F0010010B12046FBF79EFFB9
:108CA000009840F002000090019800F008000828A9
:108CB0002AD1009840F008000090019800F00400CC
:108CC00004281ED1607A02280FD1019800F4C02038
:108CD000B0F5802F04D1022120680DF063FE0CE076
:108CE000012120680DF05EFE07E0E079012804D143
:108CF0004EF6602140F2044041512046FCF7EBFA69
:108D000002E02046FCF7E0FA019800F0200020285D
:108D100003D1009840F0200000900098C5F840046E
:108D20007CBD2DE9F84F0546D5F800B05F462868B0
:108D3000D0F8208008F00F04C8F343400090C8F337
:108D40000A160098022806D003287DD005287CD07A
:108D500007287BD18CE0002E79D0C4EB041105F1FB
:108D6000140000EB8100806900287DD0C4EB041161
:108D700005F1140000EB8100406A8119C4EB041274
:108D800005F1140000EB8200006A814263D8B2B2A0
:108D9000C4EB041C05F1140303EB8C0399692868E8
:108DA0000DF039FEC4EB041105F1140000EB810055
:108DB00080698119C4EB041205F1140000EB8200F4
:108DC0008161C4EB041105F1140000EB8100406ADD
:108DD0008119C4EB041205F1140000EB820041621A
:108DE00007F5A06000EB44100069C0F3C94AC4EB6A
:108DF000041105F1140000EB8100808AB04233D1E8
:108E0000BAF1000F30D007F5A06000EB4410D0F8A5
:108E1000009029F0804949F0004907F5A06000EB77
:108E20004410C0F80090C4EB041105F1140000EBED
:108E3000810090F8280080F00101C4EB041205F1D4
:108E4000140000EB820003E011E00EE00EE00BE006
:108E500080F8281008E00421C4EB041205F1140086
:108E600000EB820080F8381003E002E000BF00BF92
:108E700000BF00BFBDE8F88F2DE9F04102460B4668
:108E8000002100241668177A507A68B1507A984207
:108E900002DC0020BDE8F081506800FB03F53D4492
:108EA00006EBD50605F00707002405E030784FEA09
:108EB000C40C00FA0CF1641C107900F0070018B122
:108EC0005068C008401C01E05068C008A042EDD8BE
:108ED00021FA07F092F804804FF0010C0CFA08FC1C
:108EE000ACF1010C00EA0C01D068884202D810698C
:108EF000884201D20020CDE7907AC8B11079401E97
:108F00004FF0010C0CFA00F0084088B192F8048090
:108F1000012000FA08F0401EC04340EA010CD0696D
:108F2000012801D16046B5E7D06900FB0CF0B1E73C
:108F3000D069012801D10846ACE7D0694843A9E7C8
:108F400000BFFEE7014608684069C0F38020B0B169
:108F50006FF480600A68506100200863202081F867
:108F60003D00002081F83E00086C40F004000864D9
:108F700000BF002081F83C0000BF012070470020A6
:108F8000FCE700002DE9F84304460F4615469946D4
:108F9000DDE908862068006840F480602168086088
:108FA0002068006840F48070216808604346002211
:108FB0004FF001112046009600F037F960B12068AB
:108FC000006800F48070B0F5807F02D14FF400702B
:108FD00020640320BDE8F88307F0FE0021680861E3
:108FE000334642463E49204600F07EF908B1012052
:108FF000F0E700BF002000902068406900902068E2
:109000008069009000BF00BF32464146204600F014
:109010002DFA50B1206C042805D12068006840F476
:109020000070216808600120D4E7B9F1010F03D175
:10903000E8B22168086117E0C5F3072021680861DC
:1090400032464146204600F011FA50B1206C042807
:1090500005D12068006840F4007021680860012094
:10906000B8E7E8B22168086132464146204600F080
:10907000FDF950B1206C042805D12068006840F447
:109080000070216808600120A4E72068006840F4AF
:10909000807021680860434600224FF0011120468D
:1090A000009600F0C2F858B12068006800F48070A3
:1090B000B0F5807F02D14FF400702064032089E76F
:1090C000F8B240F001002168086133464246044985
:1090D000204600F009F908B101207BE7002079E77C
:1090E000020001002DE9F8430446884615469946DA
:1090F000DDE908672068006840F480702168086036
:10910000334600224FF001112046009700F08DF801
:1091100060B12068006800F48070B0F5807F02D1F3
:109120004FF4007020640320BDE8F88308F0FE00CF
:10913000216808613B4632462149204600F0D4F8B8
:1091400008B10120F0E700BF0020009020684069CE
:10915000009020688069009000BF00BF3A46314609
:10916000204600F083F950B1206C042805D1206816
:10917000006840F40070216808600120D4E7B9F16C
:10918000010F03D1E8B22168086117E0C5F3072099
:10919000216808613A463146204600F067F950B12F
:1091A000206C042805D12068006840F40070216814
:1091B00008600120B8E7E8B2216808610020B3E741
:1091C0000200010070B504460D46164625E0204613
:1091D000FFF7B8FE08B1012070BD681CE8B1FBF7CD
:1091E000F7FC801BA84200D8BDB920684069C0F3D5
:1091F000800090B900202063202084F83D000020EA
:1092000084F83E00206C40F02000206400BF002065
:1092100084F83C0000BF0120DEE720684069C0F30D
:1092200080000028D3D00020D6E72DE9F041044685
:109230000D4617461E46DDF8188038E0701CA8B3AE
:10924000FBF7C6FCA0EB0800B04200D876BBC5F324
:10925000074001280AD120684069A9B20840A9B294
:10926000884201D101200BE0002009E020688069DC
:10927000A9B20840A9B2884201D1012000E0002033
:10928000B84214D100202063202084F83D00002043
:1092900084F83E00206C40F02000206400BF0020D5
:1092A00084F83C0000BF0120BDE8F081FFE7C5F372
:1092B000074001280AD120684069A9B20840A9B234
:1092C000884201D101200BE0002009E0206880697C
:1092D000A9B20840A9B2884201D1012000E00020D3
:1092E000B842ABD00020DFE72DE9F04104460D463F
:1092F00016461F4658E020684069C0F38020E8B158
:109300002068006840F40070216808606FF4806095
:109310002168486100202063202084F83D0000205F
:1093200084F83E00206C40F00400206400BF002060
:1093300084F83C0000BF0120BDE8F081701C90B3B0
:10934000FBF746FCC01BB04200D866BBC5F3074024
:1093500001280AD120684069A9B20840A9B2884210
:1093600001D101200BE0002009E020688069A9B24A
:109370000840A9B2884201D1012000E0002090B944
:1093800000202063202084F83D00002084F83E0067
:10939000206C40F02000206400BF002084F83C00D6
:1093A00000BF0120C8E7FFE7C5F3074001280AD145
:1093B00020684069A9B20840A9B2884201D10120C1
:1093C0000BE0002009E020688069A9B20840A9B23A
:1093D000884201D1012000E0002000288BD000202D
:1093E000AAE770B504460D46164637E02068406986
:1093F000C0F30010A0B16FF0100021684861002098
:109400002063202084F83D00002084F83E00206C7A
:10941000206400BF002084F83C0000BF012070BD24
:10942000FBF7D6FB801BA84200D8BDB92068406975
:10943000C0F3801090B900202063202084F83D0004
:10944000002084F83E00206C40F02000206400BF23
:10945000002084F83C0000BF0120E0E7206840695C
:10946000C0F380100028C1D00020D8E770B50446B2
:109470000D46164625E02046FFF764FD08B10120A1
:1094800070BD681CE8B1FBF7A3FB801BA84200D8A5
:10949000BDB920684069C0F3C01090B900202063B6
:1094A000202084F83D00002084F83E00206C40F02D
:1094B0002000206400BF002084F83C0000BF012091
:1094C000DEE720684069C0F3C0100028D3D0002038
:1094D000D6E7000070B504460025204617F0D0F806
:1094E0002046E21704EB12721211094B33F91220D5
:1094F0002146E31704EB13731B11A4EB03131A416A
:1095000002F001050DB1012070BD0020FCE7000054
:10951000E4FF002070B504460025204617F0B0F89F
:109520002046E21704EB12721211094B33F9122094
:109530002146E31704EB13731B11A4EB03131A4129
:1095400002F001050DB1002070BD0120FCE7000014
:10955000E4FF002070B5044600250026204617F0E1
:109560008FF82046E21704EB12721211114B33F9F7
:1095700012202146E31704EB13731B11A4EB031312
:109580001A4102F00105E21704EB127212110A4BA4
:1095900033F91220E31704EB13731B11A4EB03132D
:1095A0001A4102F001061DB9012E01D1012070BD42
:1095B0000020FCE7E4FF0020540B012070B50446B6
:1095C00000250026204617F05BF82046E21704EB42
:1095D00012721211114B33F912202146E31704EBDA
:1095E00013731B11A4EB03131A4102F00105E217D8
:1095F00004EB127212110A4B33F91220E31704EB39
:1096000013731B11A4EB03131A4102F0010615B1E9
:109610000EB9012070BD0020FCE70000E4FF00202F
:10962000540B012010B50E4B33F910300C4C34F9AB
:109630001240A34205DB0A4B33F81230084C24F8E1
:109640001030074B33F91030054C34F91140A34268
:1096500005DC034B33F81130014C24F8103010BDF9
:10966000E4FF00202DE9F0410546D5F84C05C4691A
:1096700041F63C502044468A41F63C5020448769DC
:10968000A6F580400F2872D2DFE800F008172635D3
:109690004453627281909FAEBDCCDB0000BF7CA0C2
:1096A000F6F756FF42F2A81001597CA0F6F750FFDA
:1096B00083A0F6F74DFF00BFE1E000BF74A0F6F70E
:1096C00047FF42F2A81001597EA0F6F741FF7CA0A7
:1096D000F6F73EFF00BFD2E000BF6DA0F6F738FFFF
:1096E00042F2A810015982A0F6F732FF74A0F6F7F3
:1096F0002FFF00BFC3E000BF65A0F6F729FF42F2CD
:10970000A810015984A0F6F723FF6DA0F6F720FFFB
:1097100000BFB4E000BF5EA0F6F71AFF42F2A81047
:10972000015987A0F6F714FF65A0F6F711FF00BFF7
:10973000A5E000BF56A0F6F70BFF42F2A8100159B2
:1097400089A0F6F705FF5EA0F6F702FF00BF96E0DE
:1097500000BF4FA0F6F7FCFE42F2A81001598CA002
:10976000F6F7F6FE56A0F6F7F3FE00BF87E077E0C7
:1097700000BF47A0F6F7ECFE42F2A81001598FA0F7
:10978000F6F7E6FE4EA0F6F7E3FE00BF77E000BF77
:109790003FA0F6F7DDFE42F2A810015992A0F6F7BD
:1097A000D7FE47A0F6F7D4FE00BF68E000BF38A0A0
:1097B000F6F7CEFE42F2A810015996A0F6F7C8FEC1
:1097C0003FA0F6F7C5FE00BF59E000BF30A0F6F796
:1097D000BFFE42F2A81001599AA0F6F7B9FE38A0D0
:1097E000F6F7B6FE00BF4AE000BF29A0F6F7B0FECC
:1097F00042F2A81001599CA0F6F7AAFE30A0F6F795
:10980000A7FE00BF3BE000BF21A0F6F7A1FE42F299
:10981000A81001599EA0F6F79BFE29A0F6F798FE26
:1098200000BF2CE000BF1AA0F6F792FE42F2A8108B
:109830000159A3A0F6F78CFE21A0F6F789FE00BF20
:109840001DE000BF12A0F6F783FE42F2A8100159F6
:10985000A6A0F6F77DFE1AA0F6F77AFE00BF0EE08E
:1098600000BF0BA0F6F774FE42F2A8100159AAA09F
:10987000F6F76EFE12A0F6F76BFE00BF00BF00BF4A
:109880003A46314628460AF079FBBDE8F0810000EF
:109890004445425547203A20000000004556543ABE
:1098A000205054505F45435F556E646566696E6530
:1098B0006420696E2073657373696F6E202575006F
:1098C0000A0000004556543A205054505F45435F0B
:1098D00043616E63656C5472616E73616374696F2A
:1098E0006E20696E2073657373696F6E2025750035
:1098F0004556543A205054505F45435F4F626A6565
:109900006374416464656420696E20736573736970
:109910006F6E2025750000004556543A2050545073
:109920005F45435F4F626A65637452656D6F76652C
:109930006420696E2073657373696F6E20257500EE
:109940004556543A205054505F45435F53746F72EC
:1099500065416464656420696E2073657373696F23
:109960006E202575000000004556543A2050545092
:109970005F45435F53746F726552656D6F766564C2
:1099800020696E2073657373696F6E202575000002
:109990004556543A205054505F45435F44657669BC
:1099A000636550726F704368616E67656420696EAD
:1099B0002073657373696F6E202575004556543AA0
:1099C000205054505F45435F4F626A656374496E2F
:1099D000666F4368616E67656420696E20736573A6
:1099E00073696F6E202575004556543A20505450C7
:1099F0005F45435F446576696365496E666F43689A
:109A0000616E67656420696E2073657373696F6E3C
:109A1000202575004556543A205054505F45435F09
:109A2000526571756573744F626A656374547261CF
:109A30006E7366657220696E2073657373696F6EED
:109A4000202575004556543A205054505F45435FD9
:109A500053746F726546756C6C20696E2073657304
:109A600073696F6E202575004556543A2050545046
:109A70005F45435F4465766963655265736574202D
:109A8000696E2073657373696F6E20257500000021
:109A90004556543A205054505F45435F53746F729B
:109AA000616765496E666F4368616E6765642069CA
:109AB0006E2073657373696F6E202575000000005A
:109AC0004556543A205054505F45435F436170748B
:109AD000757265436F6D706C65746520696E207377
:109AE000657373696F6E2025750000004556543A02
:109AF000205054505F45435F556E7265706F7274AD
:109B0000656453746174757320696E207365737333
:109B1000696F6E202575000052656365697665641E
:109B200020756E6B6E6F776E206576656E7420693A
:109B30006E2073657373696F6E20257500000000D9
:109B400010B50346002140E001EBC10000EB011419
:109B500003F2423000EB44004079062833D1002262
:109B60002FE001EBC10000EB011403F2423000EBE7
:109B700044000A3000EBC200807800F08000F0B1B1
:109B800001EBC10000EB011403F2423000EB440092
:109B90000A3000EBC200808888B101EBC10000EB05
:109BA000011403F2423000EB44000A3000EBC20023
:109BB000C07800F00300032801D1104610BD501CEE
:109BC000C2B2052ACDD3481CC1B20A29BCD3FF209A
:109BD000F4E710B50346002140E001EBC10000EBC3
:109BE000011403F2423000EB44004079062833D1DF
:109BF00000222FE001EBC10000EB011403F2423020
:109C000000EB44000A3000EBC200807800F08000D6
:109C1000F0B101EBC10000EB011403F2423000EBA4
:109C200044000A3000EBC200808888B101EBC1001B
:109C300000EB011403F2423000EB44000A3000EB69
:109C4000C200C07800F00200022801D1104610BD09
:109C5000501CC2B2052ACDD3481CC1B20A29BCD3BC
:109C6000FF20F4E710B50346002140E001EBC100FE
:109C700000EB011403F2423000EB44004079062867
:109C800033D100222FE001EBC10000EB011403F2FD
:109C9000423000EB44000A3000EBC200807800F054
:109CA0008000F0B901EBC10000EB011403F2423077
:109CB00000EB44000A3000EBC200808888B101EB61
:109CC000C10000EB011403F2423000EB44000A3003
:109CD00000EBC200C07800F00200022801D110465B
:109CE00010BD501CC2B2052ACDD3481CC1B20A29EE
:109CF000BCD3FF20F4E700001FB5002000900190C6
:109D0000029003905848594908604FF480304860E9
:109D1000002156488160012101610176002180F80F
:109D20002010C162524981620021C1600D21C161D0
:109D3000012180F830104161F9F7ECFE08B1F9F724
:109D400029FB062000900120019006200290694620
:109D50004648F9F70BFE08B1F9F71CFB0720009005
:109D60000220019069464148F9F700FE08B1F9F771
:109D700011FB082000900320019069463B48F9F749
:109D8000F5FD08B1F9F706FB0920009004200190C9
:109D900069463648F9F7EAFD08B1F9F7FBFA0A20F7
:109DA00000900520019069463048F9F7DFFD08B1C1
:109DB000F9F7F0FA0B2000900620019069462B4835
:109DC000F9F7D4FD08B1F9F7E5FA0C200090072067
:109DD000019069462548F9F7C9FD08B1F9F7DAFAA3
:109DE0000D2000900820019069462048F9F7BEFD3B
:109DF00008B1F9F7CFFA0E200090092001906946CA
:109E00001A48F9F7B3FD08B1F9F7C4FA0F2000902A
:109E10000A20019069461548F9F7A8FD08B1F9F73D
:109E2000B9FA102000900B20019069460F48F9F70D
:109E30009DFD08B1F9F7AEFA112000900C200190B9
:109E400069460A48F9F792FD08B1F9F7A3FA12201A
:109E500000900D20019069460448F9F787FD08B18C
:109E6000F9F798FA1FBD00000020014024020020ED
:109E70000100000F10B50548054908600846FAF7CB
:109E80004BF808B1F9F786FA10BD00000030024027
:109E9000080000201CB50020009001900E480F49DA
:109EA00008600846FAF7DCF808B1F9F773FA002001
:109EB00000900190002269460848FAF758F808B166
:109EC000F9F768FA102269460448FAF750F808B121
:109ED000F9F760FA1CBD000000740040CC020020BD
:109EE00008B500BF002000900A48006840F48000D8
:109EF000084908600846006800F48000009000BF30
:109F000000BF002205213820FBF702FF3820FBF7B5
:109F1000EBFE08BD3038024010B503490348F9F79D
:109F20003CFA0349087010BD110000207CB1030801
:109F30001000002010B5074A0021074814F018FF50
:109F400006490860064A0021064814F011FF064938
:109F5000086010BD34B103087BDF01080000002059
:109F600058B10308A5E802080400002000B587B036
:109F7000142102A8F6F730FE00BF00200190C94866
:109F8000006840F01000C74908600846006800F00B
:109F90001000019000BF00BF00BF002001900846E4
:109FA000006840F0040008600846006800F0040003
:109FB000019000BF00BF00BF00200190084600686C
:109FC00040F0200008600846006800F02000019082
:109FD00000BF00BF00BF002001900846006840F0AD
:109FE000800008600846006800F08000019000BF13
:109FF00000BF00BF002001900846006840F001004B
:10A0000008600846006800F00100019000BF00BF32
:10A0100000BF002001900846006840F00200086080
:10A020000846006800F00200019000BF00BF00BFBA
:10A03000002001900846006840F040000860084693
:10A04000006800F04000019000BF00BF00BF00208A
:10A0500001900846006840F0080008600846006863
:10A0600000F00800019000BF00BF00224FF6C4714D
:10A070008D48FAF7A7FD00224FF400518B48FAF7FC
:10A08000A1FD002241F601018948FAF79BFD00225B
:10A090004DF2E4018748FAF795FD00224FF4F7717D
:10A0A0008548FAF78FFD00224CF206018348FAF743
:10A0B00089FD00224FF480718148FAF783FD042066
:10A0C00002900120039004900020059002A9764898
:10A0D000FAF776FC082002900020039001200490FB
:10A0E00002A97148FAF76CFC30200290002003901E
:10A0F000049002A96C48FAF763FC4FF6C070029016
:10A1000001200390022004900020059002A96648D7
:10A11000FAF756FC4FF40050029001200390022001
:10A1200004900020059002A96048FAF749FC01203C
:10A1300002900390022004900020059002A95C4840
:10A14000FAF73EFC042002900120039002200490C4
:10A15000059002A95748FAF733FC4FF400600290CB
:10A160000120039002200490059002A95048FAF7BC
:10A1700027FC4FF4805002900120039004900220AD
:10A18000059002A94A48FAF71BFC0620029001201C
:10A190000390022004900020059002A94648FAF797
:10A1A0000FFC4FF480500290012003900220049095
:10A1B0000020059002A93F48FAF702FC4CF2E000AB
:10A1C00002900120039000200490059002A93948D4
:10A1D000FAF7F6FB40F6014002900020039004904D
:10A1E00002A93648FAF7ECFB4FF4404002900120F8
:10A1F000039000200490059002A93048FAF7E0FB94
:10A20000082002900120039004900020059002A9EC
:10A210002948FAF7D5FB1020029000200390049003
:10A2200002A92548FAF7CCFB2020029001200390D8
:10A2300000200490059002A91F48FAF7C1FB4020B6
:10A2400002900120039004900220059002A91A4870
:10A25000FAF7B6FB4FF4C070029001200390022081
:10A260000490059002A91448FAF7AAFB4FF48070F5
:10A27000029001200390022004900020059002A982
:10A280000F48FAF79DFB0620029001200390002062
:10A2900004900220059002A90848FAF791FB07B044
:10A2A00000BD0000303802400010024000080240AB
:10A2B000001402400004024000180240000C02405A
:10A2C0000000024010B50B480B4908600B4848607D
:10A2D000002109488160C1604FF480410161002183
:10A2E00041618161C1610162FBF75AF808B1F9F778
:10A2F00051F810BD00540040E0020020801A060012
:10A3000010B50B480B4908600B484860002109480C
:10A310008160C1604FF48041016100214161816130
:10A32000C1610162FBF73CF808B1F9F733F810BDE1
:10A330000058004034030020A086010010B50548F5
:10A34000054908600846FCF7E5F808B1F9F722F876
:10A3500010BD0000000806508803002010B50C480E
:10A360000C4908600020486000210A488160C160F3
:10A37000016141618161016241624FF4005181627A
:10A380000A21C162FCF7FAF808B1F9F703F810BD29
:10A39000003C00409803002000B587B01C216846AF
:10A3A000F6F71AFC1648174908606020486000213B
:10A3B0001448816041F28831C1600021016180212F
:10A3C0008161FCF745FA08B1F8F7E4FF0D48FCF7A6
:10A3D00030FF08B1F8F7DEFF602000900020019008
:10A3E00002900490002269460648FCF7A0FE08B1DE
:10A3F000F8F7D0FF0348FCF78BFD07B000BD000065
:10A40000004401401005002010B50A480A490860C0
:10A41000542048600021084881604FF47A71C1607F
:10A42000002101618161FCF713FA08B1F8F7B2FF6E
:10A4300010BD0000002000405805002000B58DB080
:10A44000002009900A900B900C90079008901C2116
:10A450006846F6F7C1FB2848284908604FF4965033
:10A4600048600021254881606421C16000210161AC
:10A4700080218161FCF7ECF908B1F8F78BFF4FF40C
:10A480008050099009A91D48FCF761FB08B1F8F755
:10A4900081FF1A48FCF7CDFE08B1F8F77BFF0020DA
:10A4A0000790089007A91548FCF778F908B1F8F764
:10A4B00071FF60200090002001900290049004221F
:10A4C00069460E48FCF733FE08B1F8F763FF08222F
:10A4D00069460A48FCF72BFE08B1F8F75BFF0C222F
:10A4E00069460648FCF723FE08B1F8F753FF034816
:10A4F000FCF70EFD0DB000BD00040040F00300208D
:10A5000000B591B000200D900E900F9010900B9020
:10A510000C900790089009900A901C216846F6F765
:10A520005BFB2A482A49086023204860002128480C
:10A5300081606421C1600021016180218161FCF79B
:10A5400087F908B1F8F726FF4FF480500D900DA958
:10A550001F48FCF7FCFA08B1F8F71CFF1C48FCF791
:10A56000ECFB08B1F8F716FF1948FCF762FE08B1DA
:10A57000F8F710FF00200B900C900BA91448FCF783
:10A580000DF908B1F8F706FF0020079001200890A8
:10A59000002009900A90002207A90D48FCF75EFBF5
:10A5A00008B1F8F7F7FE60200090002001900290BB
:10A5B0000490042269460648FCF7B9FD08B1F8F793
:10A5C000E9FE0348FCF7A4FC11B000BD0008004000
:10A5D000380400201CB50020009001900E480F495F
:10A5E00008605420486000210C4881604FF47A7163
:10A5F000C16080218161FCF72BF908B1F8F7CAFE30
:10A6000000200090019069460448FCF7C7F808B1A3
:10A61000F8F7C0FE1CBD00000014004080040020BC
:10A6200000B595B0002011901290139014900F90E7
:10A6300010901C2108A8F6F7CFFA20216846F6F7FB
:10A64000CBFA3048304908604FF4FA604860002186
:10A650002D4881604FF47A71C16000210161416130
:10A6600080218161FCF7F4F808B1F8F793FE4FF40C
:10A670008050119011A92448FCF769FA08B1F8F745
:10A6800089FE2148FCF71FFD08B1F8F783FE002082
:10A690000F9010900FA91C48FCF780F808B1F8F74C
:10A6A00079FE302008900120099000200A900B903C
:10A6B0000C900D900E90002208A91348FCF7CAFCDC
:10A6C00008B1F8F767FE10480068806940F008009C
:10A6D0000D49096888610020009001900290039064
:10A6E00004904FF4005005900020079069460648FA
:10A6F000FCF71AF808B1F8F74DFE0348FCF708FC20
:10A7000015B000BD00040140C804002010B50B487E
:10A710000B4908604FF4E13048600021084881602F
:10A72000C16001610C21416100218161C161FDF7BE
:10A7300043F808B1F8F72EFE10BD000000100140EC
:10A74000A005002010B50B480B4908604FF4E1301C
:10A750004860002108488160C16001610C214161AD
:10A7600000218161C161FDF727F808B1F8F712FEF9
:10A7700010BD000000440040E805002010B50B4863
:10A780000B4908604FF4E1304860002108488160BF
:10A79000C16001610C21416100218161C161FDF74E
:10A7A0000BF808B1F8F7F6FD10BD000000480040B6
:10A7B0003006002010B50B480B4908604FF4E1301B
:10A7C0004860002108488160C16001610C2141613D
:10A7D00000218161C161FCF7EFFF08B1F8F7DAFDF4
:10A7E00010BD0000001401407806002010B50122C1
:10A7F0001849194807F07EFD08B1F8F7CBFD174955
:10A8000015480BF01DF908B1F8F7C4FD14491248BA
:10A810000BF016F908B1F8F7BDFD12490E480BF020
:10A820000FF908B1F8F7B6FD0F490B480BF008F91E
:10A8300008B1F8F7AFFD0D4907480BF001F908B171
:10A84000F8F7A8FD04480BF02CFA08B1F8F7A2FDC0
:10A8500010BD0000B95C020808070020D0000020ED
:10A86000F000002058010020100100207801002095
:10A8700000BFFEE700BFFEE710B516F013FA16F0B2
:10A88000C9FB16F010FA10BD10B516F00BFA16F051
:10A890001FFC16F008FA10BD07B5C2B04298001FA1
:10A8A0000D2882F04381DFE810F00D00D40441113F
:10A8B0002109500B930B180CEA0D410F030C641087
:10A8C0003411F20B00208DF80C0043980F287CD235
:10A8D000DFE800F07B085AADFDFCFBFAF9F8F7F66B
:10A8E000F5F4F300FD48B0F8360558B9FB48B0F967
:10A8F000380540F03100F949A1F838050120A1F8E8
:10A90000360531E0F548B0F8360501280BD1F3489B
:10A91000B0F9380540F44450F049A1F83805022058
:10A92000A1F8360520E0ED48B0F8360502280BD135
:10A93000EA48B0F93A0540F03100E849A1F83A0593
:10A940000320A1F836050FE0E448B0F836050328E7
:10A950000AD1E248B0F93A0540F44450DF49A1F881
:10A960003A050420A1F83605DC48B0F83805ADF802
:10A970000800DA48B0F83A05ADF80A0002AA0F213B
:10A98000429803F0D1FA4EE2D448B0F8360558B9EF
:10A99000D248B0F9380540F03200D049A1F8380566
:10A9A0000120A1F8360532E0CC48B0F83605012880
:10A9B0000CD1CA48B0F9380540F44850C749A1F84D
:10A9C00038050220A1F8360521E0FDE3C348B0F8C0
:10A9D000360502280BD1C148B0F93A0540F03200E3
:10A9E000BE49A1F83A050320A1F836050FE0BB489F
:10A9F000B0F8360503280AD1B848B0F93A0540F452
:10AA00004850B649A1F83A050420A1F83605B348E4
:10AA1000B0F83805ADF80800B048B0F83A05ADF820
:10AA20000A0002AA0F21429803F07EFAFBE1AB482C
:10AA3000B0F8360558B9A948B0F9380540F03300E8
:10AA4000A649A1F838050120A1F8360531E0A34850
:10AA5000B0F8360501280BD1A048B0F9380540F40C
:10AA60004C509E49A1F838050220A1F8360520E097
:10AA70009A48B0F8360502280BD19848B0F93A0543
:10AA800040F033009549A1F83A050320A1F83605B6
:10AA90000FE09248B0F8360503280AD18F48B0F984
:10AAA0003A0540F44C508D49A1F83A050420A1F82C
:10AAB00036058A48B0F838050AE023E3C2E270E2BE
:10AAC00059E206E2B0E15DE10AE1B5E062E00FE0E3
:10AAD000ADF808008148B0F83A05ADF80A0000204A
:10AAE0008DF80C0002AA0F21429803F01DFAADE385
:10AAF0007A48B0F8360558B97848B0F9380540F0CA
:10AB000034007649A1F838050120A1F8360531E076
:10AB10007248B0F8360501280BD17048B0F93805F5
:10AB200040F450506D49A1F838050220A1F83605CF
:10AB300020E06A48B0F8360502280BD16748B0F922
:10AB40003A0540F034006549A1F83A050320A1F820
:10AB500036050FE06148B0F8360503280AD15F4892
:10AB6000B0F93A0540F450505C49A1F83A05042088
:10AB7000A1F836055948B0F83805ADF8080057482F
:10AB8000B0F83A05ADF80A0002AA0F21429803F086
:10AB9000CBF95BE35148B0F8360558B94F48B0F9E6
:10ABA000380540F035004D49A1F838050120A1F8DD
:10ABB000360531E04948B0F8360501280BD1474841
:10ABC000B0F9380540F454504449A1F83805022042
:10ABD000A1F8360520E04148B0F8360502280BD12F
:10ABE0003E48B0F93A0540F035003C49A1F83A0535
:10ABF0000320A1F836050FE03848B0F836050328E1
:10AC00000AD13648B0F93A0540F454503349A1F816
:10AC10003A050420A1F836053048B0F83805ADF8FB
:10AC200008002E48B0F83A05ADF80A0002AA0F2134
:10AC3000429803F079F909E32848B0F8360558B985
:10AC40002648B0F9380540F036002449A1F8380507
:10AC50000120A1F8360531E02048B0F8360501287A
:10AC60000BD11E48B0F9380540F458501B49A1F8E3
:10AC700038050220A1F8360520E01848B0F836055E
:10AC800002280BD11548B0F93A0540F036001349B7
:10AC9000A1F83A050320A1F836050FE00F48B0F8F7
:10ACA000360503280AD10D48B0F93A0540F458504A
:10ACB0000A49A1F83A050420A1F836050748B0F87A
:10ACC0003805ADF808000548B0F83A05ADF80A00B7
:10ACD00002AA0F21429803F027F9B7E2E4FF00200F
:10ACE000FE48B0F8360558B9FC48B0F9380540F0D0
:10ACF0003700FA49A1F838050120A1F8360531E0FE
:10AD0000F648B0F8360501280BD1F448B0F93805FB
:10AD100040F45C50F149A1F838050220A1F836054D
:10AD200020E0EE48B0F8360502280BD1EB48B0F928
:10AD30003A0540F03700E949A1F83A050320A1F8A7
:10AD400036050FE0E548B0F8360503280AD1E34898
:10AD5000B0F93A0540F45C50E049A1F83A05042006
:10AD6000A1F83605DD48B0F83805ADF80800DB4835
:10AD7000B0F83A05ADF80A0002AA0F21429803F094
:10AD8000D3F863E2D548B0F8360558B9D348B0F9DE
:10AD9000380540F03800D149A1F838050120A1F864
:10ADA000360531E0CD48B0F8360501280BD1CB4847
:10ADB000B0F9380540F46050C849A1F838050220C0
:10ADC000A1F8360520E0C548B0F8360502280BD1B9
:10ADD000C248B0F93A0540F03800C049A1F83A0538
:10ADE0000320A1F836050FE0BC48B0F8360503286B
:10ADF0000AD1BA48B0F93A0540F46050B749A1F811
:10AE00003A050420A1F83605B448B0F83805ADF885
:10AE10000800B248B0F83A05ADF80A0002AA0F21BE
:10AE2000429803F081F811E2AC48B0F8360558B901
:10AE3000AA48B0F9380540F03900A849A1F838050A
:10AE40000120A1F8360531E0A448B0F83605012804
:10AE50000BD1A248B0F9380540F464509F49A1F8DD
:10AE600038050220A1F8360520E09C48B0F83605E8
:10AE700002280BD19948B0F93A0540F039009749BA
:10AE8000A1F83A050320A1F836050FE09348B0F881
:10AE9000360503280AD19148B0F93A0540F46450C8
:10AEA0008E49A1F83A050420A1F836058B48B0F880
:10AEB0003805ADF808008948B0F83A05ADF80A0041
:10AEC00000208DF80C0002AA0F21429803F02CF804
:10AED000BCE18248B0F8360558B98048B0F9380569
:10AEE00040F030007D49A1F838050120A1F8360571
:10AEF00031E07A48B0F8360501280BD17748B0F92F
:10AF0000380540F440507549A1F838050220A1F8F1
:10AF1000360520E07148B0F8360502280BD16F489D
:10AF2000B0F93A0540F030006C49A1F83A05032029
:10AF3000A1F836050FE06948B0F8360503280AD1B4
:10AF40006648B0F93A0540F440506449A1F83A0522
:10AF50000420A1F836056148B0F83805ADF80800BE
:10AF60005E48B0F83A05ADF80A0002AA0F214298EF
:10AF700002F0DAFF6AE14FF42770F8F7BFF840F209
:10AF80009D20F8F7BBF840F29B20F8F7B7F80420B3
:10AF90005249A1F8340502AA0F21429802F0C4FFD9
:10AFA00054E14E48B0F83605042809D14B4890F8D2
:10AFB0003A054A49A1F83A050320A1F8360531E0DF
:10AFC0004648B0F8360503280CD14448B0F83A0595
:10AFD00000F47F4000B24149A1F83A050220A1F8EF
:10AFE00036051FE03D48B0F83605022809D13B4838
:10AFF00090F838053949A1F838050120A1F836053F
:10B0000010E03648B0F8360501280BD13348B0F8C7
:10B01000380500F47F4000B23049A1F8380500201F
:10B02000A1F836052D48B0F83805ADF808002B48D2
:10B03000B0F83A05ADF80A0002AA0F21429802F0D2
:10B0400073FF03E12548B0F938052449B1F94A10E6
:10B05000884217D12148B0F93A052049B1F94C107E
:10B0600088420FD14FF497701C49A1F82C05052098
:10B07000A1F834050846B0F8340580B2019002F01A
:10B08000EFFE1CE01548B0F9380543F23251884212
:10B0900015D11248B0F93A0543F2380188420ED171
:10B0A0004FF497700D49A1F82C050520A1F834053F
:10B0B0000846B0F8340580B2019002F0D1FE4FF49A
:10B0C0002770F8F71BF840F29D20F8F717F840F2C8
:10B0D0009B20F8F713F8014802E00000E4FF00208D
:10B0E000B0F83805ADF80800FC48B0F83A05ADF8FE
:10B0F0000A0000208DF80C0002AA0F21429802F0ED
:10B1000013FFA3E0F548B0F9380543F23251884205
:10B1100013D1F248B0F93A0543F2380188420CD114
:10B120004FF4C870ED49A1F82C0542F2152002F049
:10B1300025FD012018F020FC1DE0E848B0F9380595
:10B14000E649B1F94A10884214D1E448B0F93A0509
:10B15000E249B1F94C1088420CD14FF4C870DF4974
:10B16000A1F82C0542F2152002F0E6FC002018F0B0
:10B1700003FC00E06AE04FF42770F7F7BFFF40F2EE
:10B180009D20F7F7BBFF40F29B20F7F7B7FFD348AE
:10B19000B0F83805ADF80800D048B0F83A05ADF879
:10B1A0000A0000208DF80C0001221721072002F070
:10B1B000E8FD01221721072002F0BAFD0022172125
:10B1C000072002F08CFD00E03FE000222D21072047
:10B1D00002F0D7FD00222D21072002F0A9FD002258
:10B1E0002D21072002F07BFD01221821072002F00B
:10B1F000C8FD01221821072002F09AFD0022182123
:10B20000072002F06CFD01221921072002F0B9FD90
:10B2100001221921072002F08BFD002219210720AD
:10B2200002F05DFD0720AD49A1F8340502AA0F2107
:10B23000429802F079FEA948B0F8340580B2019036
:10B2400002F00EFE1CF0DAFE00E000BF00BF01F0CD
:10B250006EBC00208DF80C0043980F287CD2DFE8EC
:10B2600000F07B085AADFDFCFBFAF9F8F7F6F5F4AF
:10B27000F3009A48B0F8360558B99848B0F938053F
:10B2800040F031009549A1F838050120A1F83605B4
:10B2900031E09248B0F8360501280BD18F48B0F95B
:10B2A000380540F444508D49A1F838050220A1F832
:10B2B000360520E08948B0F8360502280BD18748CA
:10B2C000B0F93A0540F031008449A1F83A0503206D
:10B2D000A1F836050FE08148B0F8360503280AD1F9
:10B2E0007E48B0F93A0540F444507C49A1F83A054B
:10B2F0000420A1F836057948B0F83805ADF8080003
:10B300007648B0F83A05ADF80A0002AA0F21429833
:10B3100002F00AFEE7E37148B0F8360558B96F4805
:10B32000B0F9380540F032006C49A1F83805012029
:10B33000A1F8360532E06948B0F8360501280CD18D
:10B340006648B0F9380540F448506449A1F838051A
:10B350000220A1F8360521E0C4E36048B0F83605C4
:10B3600002280BD15D48B0F93A0540F032005B4944
:10B37000A1F83A050320A1F836050FE05748B0F8C8
:10B38000360503280AD15548B0F93A0540F448502B
:10B390005249A1F83A050420A1F836054F48B0F803
:10B3A0003805ADF808004D48B0F83A05ADF80A0088
:10B3B00002AA0F21429802F0B7FD94E34748B0F883
:10B3C000360558B94548B0F9380540F033004349CF
:10B3D000A1F838050120A1F8360531E03F48B0F862
:10B3E000360501280BD13D48B0F9380540F44C50E2
:10B3F0003A49A1F838050220A1F8360520E037487F
:10B40000B0F8360502280BD13448B0F93A0540F0BF
:10B4100033003249A1F83A050320A1F836050FE0C0
:10B420002E48B0F8360503280AD12C48B0F93A0561
:10B4300040F44C502949A1F83A050420A1F83605FA
:10B440002648B0F838050AE020E3C5E273E256E288
:10B4500000E2ADE15AE107E1B4E061E00CE0ADF8F3
:10B4600008001E48B0F83A05ADF80A0002AA0F21FC
:10B47000429802F059FD36E31848B0F8360558B93D
:10B480001648B0F9380540F034001449A1F83805E1
:10B490000120A1F8360533E01048B0F83605012840
:10B4A0000BD10E48B0F9380540F450500B49A1F8C3
:10B4B00038050220A1F8360522E00848B0F8360524
:10B4C00002280DD10548B0F93A0540F0340003498F
:10B4D000A1F83A050320A1F8360511E0E4FF0020A9
:10B4E000FE48B0F8360503280AD1FC48B0F93A0501
:10B4F00040F45050F949A1F83A050420A1F8360566
:10B50000F648B0F83805ADF80800F448B0F83A0548
:10B51000ADF80A0002AA0F21429802F005FDE2E20E
:10B52000EE48B0F8360558B9EC48B0F9380540F0A7
:10B530003500EA49A1F838050120A1F8360531E0C7
:10B54000E648B0F8360501280BD1E448B0F93805D3
:10B5500040F45450E149A1F838050220A1F836051D
:10B5600020E0DE48B0F8360502280BD1DB48B0F900
:10B570003A0540F03500D949A1F83A050320A1F871
:10B5800036050FE0D548B0F8360503280AD1D34870
:10B59000B0F93A0540F45450D049A1F83A050420D6
:10B5A000A1F83605CD48B0F83805ADF80800CB480D
:10B5B000B0F83A05ADF80A0002AA0F21429802F04D
:10B5C000B3FC90E2C548B0F8360558B9C348B0F9A5
:10B5D000380540F03600C149A1F838050120A1F82E
:10B5E000360531E0BD48B0F8360501280BD1BB481F
:10B5F000B0F9380540F45850B849A1F83805022090
:10B60000A1F8360520E0B548B0F8360502280BD180
:10B61000B248B0F93A0540F03600B049A1F83A0511
:10B620000320A1F836050FE0AC48B0F83605032832
:10B630000AD1AA48B0F93A0540F45850A749A1F8F0
:10B640003A050420A1F83605A448B0F83805ADF84D
:10B650000800A248B0F83A05ADF80A0002AA0F2186
:10B66000429802F061FC3EE29C48B0F8360558B9B9
:10B670009A48B0F9380540F037009849A1F83805E4
:10B680000120A1F8360531E09448B0F836050128CC
:10B690000BD19248B0F9380540F45C508F49A1F8BD
:10B6A00038050220A1F8360520E08C48B0F83605B0
:10B6B00002280BD18948B0F93A0540F03700874994
:10B6C000A1F83A050320A1F836050FE08348B0F849
:10B6D000360503280AD18148B0F93A0540F45C5098
:10B6E0007E49A1F83A050420A1F836057B48B0F858
:10B6F0003805ADF808007948B0F83A05ADF80A0009
:10B7000002AA0F21429802F00FFCECE17348B0F856
:10B71000360558B97148B0F9380540F038006F491E
:10B72000A1F838050120A1F8360531E06B48B0F8E2
:10B73000360501280BD16948B0F9380540F460504E
:10B740006649A1F838050220A1F8360520E06348D3
:10B75000B0F8360502280BD16048B0F93A0540F040
:10B7600038005E49A1F83A050320A1F836050FE03C
:10B770005A48B0F8360503280AD15848B0F93A05B6
:10B7800040F460505549A1F83A050420A1F8360567
:10B790005248B0F83805ADF808005048B0F83A05FE
:10B7A000ADF80A0002AA0F21429802F0BDFB9AE10F
:10B7B0004A48B0F8360558B94848B0F9380540F05D
:10B7C00039004649A1F838050120A1F8360531E0D5
:10B7D0004248B0F8360501280BD14048B0F9380589
:10B7E00040F464503D49A1F838050220A1F836051F
:10B7F00020E03A48B0F8360502280BD13748B0F9B6
:10B800003A0540F039003549A1F83A050320A1F87E
:10B8100036050FE03148B0F8360503280AD12F4825
:10B82000B0F93A0540F464502C49A1F83A050420D7
:10B83000A1F836052948B0F83805ADF808002748C2
:10B84000B0F83A05ADF80A0002AA0F21429802F0BA
:10B850006BFB48E12148B0F8360558B91F48B0F9EC
:10B86000380540F030001D49A1F838050120A1F845
:10B87000360531E01948B0F8360501280BD11748D4
:10B88000B0F9380540F440501449A1F838050220B9
:10B89000A1F8360520E01148B0F8360502280BD192
:10B8A0000E48B0F93A0540F030000C49A1F83A05CD
:10B8B0000320A1F836050FE00848B0F83605032844
:10B8C0000AD10648B0F93A0540F440500349A1F8BE
:10B8D0003A050420A1F83605004801E0E4FF002005
:10B8E000B0F83805ADF80800F848B0F83A05ADF8FA
:10B8F0000A0002AA0F21429802F016FBF3E04FF46F
:10B900002770F7F7FBFB40F29D20F7F7F7FB40F2BB
:10B910009B20F7F7F3FBED48B0F83805ADF80800C9
:10B92000EA48B0F83A05ADF80A0002AA0F21429899
:10B9300002F0FAFAD7E0E548B0F83605042809D154
:10B94000E24890F83A05E149A1F83A050320A1F848
:10B95000360531E0DD48B0F8360503280CD1DB4868
:10B96000B0F83A0500F47F4000B2D849A1F83A0592
:10B970000220A1F836051FE0D448B0F836050228A9
:10B9800009D1D24890F83805D049A1F838050120EE
:10B99000A1F8360510E0CD48B0F8360501280BD1E6
:10B9A000CA48B0F8380500F47F4000B2C749A1F892
:10B9B00038050020A1F83605C448B0F83805ADF8C0
:10B9C0000800C248B0F83A05ADF80A0002AA0F21F3
:10B9D000429802F0A9FA86E0BC48B0F9360504287E
:10B9E00030DBBA48B0F8380560B3B848B0F838056D
:10B9F00040B3B648B0F83805B449A1F84A00084643
:10BA0000B0F83A05A1F84C00FEF73EFF40F29B204B
:10BA1000F7F774FB4FF42770F7F770FB40F29D20A7
:10BA2000F7F76CFB40F22D10A849A1F82C05042073
:10BA3000A1F834050846B0F8340580B2019002F050
:10BA40000FFA13E040F29B20F7F758FB4FF42770F2
:10BA5000F7F754FB40F29D20F7F750FB4FF4977037
:10BA60009A49A1F82C050520A1F834059748B0F8AB
:10BA70003805ADF808009548B0F83A05ADF80A0069
:10BA800002AA0F21429802F04FFA2CE04FF42770DF
:10BA9000F7F734FB40F29D20F7F730FB40F29B2094
:10BAA000F7F72CFB40F22D108849A1F82C05084629
:10BAB000B0F83805ADF808000846B0F83A05ADF81A
:10BAC0000A0002AA0F21429802F02EFA04207F49B0
:10BAD000A1F834050846B0F8340580B2019002F0B0
:10BAE000BFF900E000BF00BF01F021B843982E2845
:10BAF0007ED2DFE800F07D1755BAD7FDFCFBFAF9DE
:10BB0000F8F7F6F5F4F3F2F1F0EFEEEDEA96A8B1FE
:10BB10007D7D7D7D7D7D7D7D7D7D7D7D7D7D7D7D55
:10BB20007D7D7D9F4498D0B36848B0F8EE0401282D
:10BB300008D16648B0F9F204962803DA40F2792079
:10BB4000F7F788F96148B0F8EE04022808D15F4899
:10BB5000B0F9F404962803DA40F27A20F7F77AF97C
:10BB60005A48B0F8EE04052808D15848B0F9FA044C
:10BB7000052803DA40F27D20F7F76CF95348B0F856
:10BB8000F2045249B1F8F41408445049B1F8FA14D7
:10BB9000084400B24D49A1F82A051CF02FFAD2E161
:10BBA000449830B34948B0F8EE04012808D147481A
:10BBB000B0F9F204012803DD40F27920F7F7C0FA6A
:10BBC0004248B0F8EE04022808D14048B0F9F40425
:10BBD000012803DD40F27A20F7F7B2FA3B48B0F8CB
:10BBE000EE0405280BD13948B0F9FA04012801E028
:10BBF000A8E115E003DD40F27D20F7F7A1FA334814
:10BC0000B0F8F2043149B1F8F41408442F49B1F8FE
:10BC1000FA14084400B22D49A1F82A051CF0EEF9E7
:10BC200091E1449828B101202849A1F8EE041CF0C4
:10BC3000E5F988E1449828B101202449A1F8EE04EF
:10BC40001CF0DCF97FE1449828B102201F49A1F8DB
:10BC5000EE041CF0D3F976E1449828B105201B4985
:10BC6000A1F8EE041CF0CAF96DE14498C8B1174878
:10BC7000B0F9F204962814DA40F27920F7F7EAF8DE
:10BC80001248B0F8F2041149B1F8F41408440F490D
:10BC9000B1F8FA14084400B20C49A1F82A051CF0C6
:10BCA000ADF950E1449870B30848B0F9F2040128A6
:10BCB00029DD40F27920F7F743FA0448B0F8F2049E
:10BCC0000249B1F8F414084413E0CFE0E4FF002087
:10BCD000C0E0B3E0A6E0EDE0F3E0D3E020E118E15E
:10BCE00008E1FCE0F4E090E082E064E046E028E077
:10BCF0000AE0F749B1F8FA14084400B2F449A1F88F
:10BD00002A051CF07BF91EE14498C8B1F048B0F94F
:10BD1000F404962814DA40F27A20F7F79BF8EC48FE
:10BD2000B0F8F204EA49B1F8F4140844E849B1F86B
:10BD3000FA14084400B2E649A1F82A051CF05EF99D
:10BD400001E14498C8B1E248B0F9F404012814DDD7
:10BD500040F27A20F7F7F4F9DD48B0F8F204DC4954
:10BD6000B1F8F4140844DA49B1F8FA14084400B2FE
:10BD7000D749A1F82A051CF041F9E4E04498C8B17C
:10BD8000D348B0F9FA04052814DA40F27D20F7F719
:10BD900061F8CF48B0F8F204CD49B1F8F414084482
:10BDA000CB49B1F8FA14084400B2C949A1F82A05F0
:10BDB0001CF024F9C7E04498C8B1C548B0F9FA04AA
:10BDC000012814DD40F27D20F7F7BAF9C048B0F839
:10BDD000F204BF49B1F8F4140844BD49B1F8FA14AB
:10BDE000084400B2BA49A1F82A051CF007F9AAE0F4
:10BDF000449848B1B648B0F946000A2804DA23202E
:10BE0000F7F728F81CF0FAF89DE0449848B1B048DC
:10BE1000B0F94600002804DD2320F7F791F91CF063
:10BE2000EDF890E0449820B142F2322001F0A6FEF5
:10BE300003E042F2332001F0A1FE84E0449820B1F7
:10BE400042F2342001F09AFE03E042F2352001F084
:10BE500095FE78E0449820B142F2362001F08EFE43
:10BE600003E042F2372001F089FE6CE0449820B1F3
:10BE700042F2382001F082FE03E042F2392001F064
:10BE80007DFE60E04498A0B19148B0F8400080B9D0
:10BE90008F4890F84200019018F0F2FB8C48B0F9FE
:10BEA00042001F2805DC8A48B0F942000190F7F7EC
:10BEB000AFFA48E0449818B142F2412001F05EFE2A
:10BEC00041E0449818B142F2422001F057FE3AE0B6
:10BED000449818B142F23C2001F050FE33E04498FF
:10BEE00038B101207A49A1F8F00418F07FFE1CF067
:10BEF00085F828E0449858B102207549A1F8F0046B
:10BF000019F02EF919F0B6F818F070FE1CF076F85A
:10BF100019E0449818B142F23E2001F02FFE12E0E1
:10BF2000449870B14FF42F706949A1F82C050A208C
:10BF3000A1F834050846B0F8340580B2019001F04C
:10BF40008FFF00E000BF00BFCEE543980D38052805
:10BF50003BD2DFE800F00A16222E0300449818B9FD
:10BF600042F23D2001F00AFE30E0449820B142F256
:10BF7000522001F003FE03E042F2532001F0FEFDE7
:10BF800024E0449820B142F2542001F0F7FD03E090
:10BF900042F2552001F0F2FD18E0449820B142F23F
:10BFA000562001F0EBFD03E042F2572001F0E6FDE0
:10BFB0000CE0449820B142F2582001F0DFFD03E08C
:10BFC00042F2592001F0DAFD00E000BF00BF8BE52E
:10BFD00043980A2858D2DFE800F057050F161D24B1
:10BFE000322B4650449818B10B2001F0C7FD02E0F7
:10BFF0000B2001F0A1FD48E0449818B142F26820FE
:10C0000001F0BCFD41E0449818B142F2692001F012
:10C01000B5FD3AE0449818B142F26A2001F0AEFD55
:10C0200033E0449818B142F26B2001F0A7FD2CE0F8
:10C03000449818B142F2652001F0A0FD25E0449833
:10C0400080B14FF4C8702249A1F82C050720A1F84F
:10C0500034050846B0F8340580B2019001F000FFC5
:10C060001BF0CCFF11E0449818B10A2001F086FDC6
:10C0700002E00A2001F060FD07E0449818B142F2A6
:10C08000672001F07BFD00E000BF00BF2CE5439876
:10C0900002280AD1449838B114F090F8FEF7ECFB6E
:10C0A000F7F7AEF901F02EFD00E000BF00BF00BFC2
:10C0B000439801280ED1449820B142F26E2001F03D
:10C0C0005DFD03E042F26F2001F058FD03E0000047
:10C0D000E4FF002000BF00BF06E543980C287DD296
:10C0E000DFE800F07C06305A86B0DAFEFDFCFBFA91
:10C0F000449830B30120FC49A1F832050020A1F892
:10C1000030050C20A1F834050846B0F8340580B29B
:10C11000019001F0A5FEF448B0F930050190F24815
:10C12000B0F932050090019919F002FAEE48B0F921
:10C1300030050190EC48B0F932050090019917F0F4
:10C1400061F89AE1449830B30220E749A1F832053A
:10C150000020A1F830050C20A1F834050846B0F8FD
:10C16000340580B2019001F07BFEDF48B0F9300564
:10C170000190DD48B0F932050090019919F0D8F925
:10C18000D948B0F930050190D748B0F93205009090
:10C19000019917F037F870E1449840B30320D24971
:10C1A000A1F832050020A1F830050C20A1F83405D3
:10C1B0000846B0F8340580B2019001F051FECA483B
:10C1C000B0F930050190C848B0F9320500900199E6
:10C1D00019F0AEF9C448B0F9300500E04CE1019027
:10C1E000C148B0F932050090019917F00BF844E10D
:10C1F000449830B30420BC49A1F832050020A1F8CE
:10C2000030050C20A1F834050846B0F8340580B29A
:10C21000019001F025FEB448B0F930050190B24814
:10C22000B0F932050090019919F082F9AE48B0F9E1
:10C2300030050190AC48B0F932050090019916F034
:10C24000E1FF1AE1449830B30520A749A1F832056F
:10C250000020A1F830050C20A1F834050846B0F8FC
:10C26000340580B2019001F0FBFD9F48B0F9300524
:10C2700001909D48B0F932050090019919F058F9E4
:10C280009948B0F9300501909748B0F9320500900F
:10C29000019916F0B7FFF0E0449860B30620924988
:10C2A000A1F832050020A1F830050C20A1F83405D2
:10C2B0000846B0F8340580B2019001F0D1FD8A48FB
:10C2C000B0F9300501908848B0F932050090019925
:10C2D00019F02EF9844804E0BBE08BE060E035E023
:10C2E0000AE0B0F9300501907F48B0F932050090BE
:10C2F000019916F087FFC0E0449830B307207A49CF
:10C30000A1F832050020A1F830050C20A1F8340571
:10C310000846B0F8340580B2019001F0A1FD7248E2
:10C32000B0F9300501907048B0F9320500900199DC
:10C3300019F0FEF86C48B0F9300501906A48B0F980
:10C3400032050090019916F05DFF96E0449830B3F5
:10C3500008206549A1F832050020A1F830050C201D
:10C36000A1F834050846B0F8340580B2019001F018
:10C3700077FD5D48B0F9300501905B48B0F93205B2
:10C380000090019919F0D4F85748B0F930050190A0
:10C390005548B0F932050090019916F033FF6CE072
:10C3A000449830B309205049A1F832050020A1F883
:10C3B00030050C20A1F834050846B0F8340580B2E9
:10C3C000019001F04DFD4848B0F930050190464814
:10C3D000B0F932050090019919F0AAF84248B0F975
:10C3E000300501904048B0F932050090019916F0EF
:10C3F00009FF42E0449858B34FF480523B493C480F
:10C40000F4F749FB00203849A1F83205A1F83005BE
:10C410000C20A1F834050846B0F8340580B201902C
:10C4200001F01EFD3048B0F9300501902E48B0F9FA
:10C4300032050090019919F07BF82B48B0F93005CE
:10C4400001902948B0F932050090019916F0DAFE02
:10C4500013E007202449A1F834050846B0F8340554
:10C4600080B2019001F0FCFC4FF4C8701E49A1F8A5
:10C470002C051BF0C3FD00E000BF00BF57E343984D
:10C480000C287DD2DFE800F07C0636607C8C7CB620
:10C490007CE0FDFC449830B301201349A1F832053B
:10C4A0000020A1F830050C20A1F834050846B0F8AA
:10C4B000340580B2019001F0D3FC0B48B0F930058F
:10C4C00001900948B0F932050090019919F030F84F
:10C4D0000548B0F9300501900348B0F932050090E5
:10C4E000019916F08FFE1FE1E4FF0020C416012021
:10C4F000C4260120449830B30220FE49A1F8320539
:10C500000020A1F830050C20A1F834050846B0F849
:10C51000340580B2019001F0A3FCF648B0F9300573
:10C520000190F448B0F932050090019919F000F833
:10C53000F048B0F930050190EE48B0F932050090AE
:10C54000019916F05FFEEFE0449840B30320E949FB
:10C55000A1F832050020A1F830050C20A1F834051F
:10C560000846B0F8340580B2019001F079FCE1484A
:10C57000B0F930050190DF48B0F93205009000E0D5
:10C58000D1E0019918F0D4FFDA48B0F930050190F4
:10C59000D848B0F932050090019916F033FEC3E097
:10C5A000449830B30520D349A1F832050020A1F802
:10C5B00030050C20A1F834050846B0F8340580B2E7
:10C5C000019001F04DFCCB48B0F930050190C9480D
:10C5D000B0F932050090019918F0AAFFC548B0F9EA
:10C5E00030050190C348B0F932050090019916F06A
:10C5F00009FE99E0449830B30720BE49A1F83205FE
:10C600000020A1F830050C20A1F834050846B0F848
:10C61000340580B2019001F023FCB648B0F9300532
:10C620000190B448B0F932050090019918F080FFEC
:10C63000B048B0F930050190AE48B0F9320500902D
:10C64000019916F0DFFD6FE0449848B30920A9492D
:10C65000A1F832050020A1F830050C20A1F834051E
:10C660000846B0F8340580B2019001F0F9FBA1480A
:10C67000B0F9300501909F48B0F93205009001E013
:10C680003EE00EE0019918F053FF9A48B0F93005EA
:10C6900001909848B0F932050090019916F0B2FD6A
:10C6A00042E0449858B34FF4805293499348F4F7CA
:10C6B000F2F900208F49A1F83205A1F830050C20CD
:10C6C000A1F834050846B0F8340580B2019001F0B5
:10C6D000C7FB8848B0F9300501908648B0F93205AB
:10C6E0000090019918F024FF8248B0F930050190BC
:10C6F0008048B0F932050090019916F083FD13E0EF
:10C7000007207C49A1F834050846B0F8340580B20A
:10C71000019001F0A5FB4FF4C8707649A1F82C05F3
:10C720001BF06CFC00E000BF00BF00E2439829282A
:10C7300074D2DFE800F073151C505E656C747B8268
:10C740008990979EA5ACB3BAC1C8737373737373A2
:10C7500073737373737373737373737373F9CF003A
:10C76000449818B142F2782001F008FAFFE04498AA
:10C7700080B36048B0F8320528B94FF480525F4961
:10C780005D48F4F788F95B48B0F830055949A1F8DD
:10C7900042000846B0F83205A1F840000846B0F95A
:10C7A000420001900846B0F940000090019911F054
:10C7B00065FB4FF4C8704F49A1F82C050720A1F87C
:10C7C00034050846B0F8340580B2019001F048FB0A
:10C7D0001BF014FCCBE0449850B10A204549A1F865
:10C7E00034050846B0F8340580B2019001F038FBFA
:10C7F000BDE0449818B142F27B2001F0BFF9B6E0E9
:10C80000449818B142F27C2001F0B8F9AFE04498A6
:10C8100018B142F27D2001F0B1F9A8E0A6E04498F9
:10C8200018B142F27E2001F0A9F9A0E0449818B1B5
:10C8300042F27F2001F0A2F999E0449818B14FF438
:10C840000A5001F09BF992E0449818B142F281201D
:10C8500001F094F98BE0449818B142F2822001F083
:10C860008DF984E0449818B142F2832001F086F9F2
:10C870007DE0449818B142F2842001F07FF976E01F
:10C88000449818B142F2852001F078F96FE044989D
:10C8900018B142F2862001F071F968E0449818B1AD
:10C8A00042F2872001F06AF961E0449818B142F23F
:10C8B000882001F063F95AE0449818B142F28920C7
:10C8C00001F05CF953E0449818B142F28A2001F07B
:10C8D00055F94CE0449830B310200649A1F83005D2
:10C8E0000846B0F9300501900846B0F932050090CD
:10C8F000019906E0E4FF0020C4160120C4260120AF
:10C9000012E018F015FE012204210C2001F0E7F9D5
:10C910008848B0F9300501908648B0F9320500909A
:10C9200001991BF051F822E04498F0B100208149B0
:10C93000A1F830050846B0F9300501900846B0F975
:10C9400032050090019918F0F3FD012204210C201A
:10C9500001F0C5F97748B0F9300501907548B0F994
:10C960003205009001991BF02FF800E000BF00BFD6
:10C97000DDE040F233124398811A90427ED018DCF9
:10C9800040F22F12A0EB020190423AD00ADC632859
:10C9900017D0B0F5967F27D0A0F22D1080B30128D4
:10C9A00073D146E0012913D0022936D003296CD176
:10C9B00058E0082969D2DFE801F0A9816E75888FF7
:10C9C000969D449818B142F2A02001F0D7F89EE05D
:10C9D000449820B142F20E2001F0D0F803E042F278
:10C9E0000E2001F0A9F892E0449820B142F20D2007
:10C9F00001F0C4F803E042F20D2001F09DF886E05A
:10CA000023E0449820B142F20C2001F0B7F803E093
:10CA100042F20C2001F090F879E0449820B142F203
:10CA2000122001F0ABF803E042F2122001F084F88A
:10CA30006DE0449820B142F20F2001F09FF803E02E
:10CA400042F20F2001F078F861E0449820B142F200
:10CA5000102001F093F803E042F2102001F06CF88E
:10CA600055E00BE0449820B142F2112001F086F825
:10CA700003E042F2112001F05FF848E0449828B149
:10CA800042F2162001F07AF804E03FE042F216206C
:10CA900001F052F83BE0449818B142F2132001F043
:10CAA0006DF834E0449840B1002263210E2001F07B
:10CAB0003FF942F2182001F061F828E0449818B1DB
:10CAC00042F2142001F05AF821E0449818B142F2E1
:10CAD000192001F053F81AE0449818B142F21A20D4
:10CAE00001F04CF813E0449818B142F21B2001F019
:10CAF00045F80CE0449820B100200F4981F844002B
:10CB000003E001200C4981F8440000E000BF00BFB1
:10CB100000BF4398032806D1449818B142F2AB20D5
:10CB200001F02CF800E000BF00BF00E000BF00BF34
:10CB300045B000BDE4FF0020C436012070477047B7
:10CB4000F0B52DED028B81B006460D461446072E3A
:10CB500002D0092E7ED12AE1A5F1270005287AD23C
:10CB6000DFE800F0038EBCEAFE00642C00D96424E8
:10CB7000012C00D80124AE48B0F8EE0401281ED1E3
:10CB800000EE104AB8EE400ADFEDAA0A80EE201A45
:10CB90009FEDA90A21EE008AB7EE000AB4EEC08A22
:10CBA000F1EE10FA03D2B7EE000AB0EE408ABDEE05
:10CBB000C80A10EE100A00B29D49A1F8F2049C4880
:10CBC000B0F8EE04022820D100EE104AF8EE400A38
:10CBD0009FED981A80EE810ADFED970A20EE200A79
:10CBE000B0EE408AB7EE000AB4EEC08AF1EE10FA59
:10CBF00003D2B7EE000AB0EE408ABDEEC80A10EECE
:10CC0000100A00B28A49A1F8F4048948B0F8EE0489
:10CC1000052823D100EE104AB8EE400ADFED850A60
:10CC200080EE201AB1EE040A21EE000AB0EE408A2E
:10CC3000B7EE000AB4EEC08AF1EE10FA03D2B7EEF6
:10CC4000000AB0EE408ABDEEC80A10EE100A00B22B
:10CC5000774901E0E6E0A7E0A1F8FA047448B0F8EB
:10CC6000F2047349B1F8F41408447149B1F8FA14A4
:10CC7000084400B26E49A1F82A051BF0BFF994E000
:10CC8000642C00D9642404B9012400EE104AF8EEA3
:10CC9000400A9FED681A80EE810ADFED670A20EEF8
:10CCA000200AF2EE040A20EE208ABDEEC80A10EE39
:10CCB000100A00B25E49A1F800050846B0F8F20477
:10CCC000B1F8F41408445A49B1F8FA14084400B20F
:10CCD0005749A1F82A051BF091F966E0642C00D9A8
:10CCE000642404B9012400EE104AF8EE400A9FEDD6
:10CCF000511A80EE810ADFED500A20EE200AF2EE92
:10CD0000040A20EE208ABDEEC80A10EE100A00B216
:10CD10004749A1F802050846B0F8F204B1F8F41446
:10CD200008444349B1F8FA14084400B24049A1F854
:10CD30002A051BF063F938E0642C00D9642400EE66
:10CD4000104AF8EE400A9FED3B1A80EE810AF1EEA0
:10CD5000040A20EE200AF2EE040A20EE208A00E007
:10CD600018E0BDEEC80A10EE100A00B23049A1F872
:10CD700008050846B0F8F204B1F8F41408442C4948
:10CD8000B1F8FA14084400B22949A1F82A051BF0A9
:10CD900035F90AE00A2C00D90A2420B22449A1F866
:10CDA00046001BF02BF900E000BF00BF3AE00C2D5D
:10CDB00002D00D2D33D116E0642C00D9642420B2AA
:10CDC0001B49A1F844000846B0F84400A1F8C80A7D
:10CDD000002000900846B0F9442001230A210920D0
:10CDE00001F05CF81CE004B90124642C00D964242F
:10CDF00020B20F49A1F84800002000900846B0F981
:10CE0000482001230B21092001F048F80849B1F915
:10CE1000480010F0B5FA074600F049FF00E000BFF7
:10CE200000BF00BF00BF01B0BDEC028BF0BD000031
:10CE3000E4FF00200000C84200001643704770B5B0
:10CE400004AC70CC70BD7047704770472DE9FC4151
:10CE500007460D4616460E2F2BD00F2F7ED1012DE3
:10CE600024D1FE48B0F8300584B23046F3F7F4FD23
:10CE70006C281AD8002101EB8411F94A02EB410019
:10CE80003146F3F7C5FD04F1140081B232460C209F
:10CE900001F04AF8F14AB2F93015B2F9320518F04A
:10CEA00047FB42F2AC2000F069FE00E000BF00BF8B
:10CEB0006AE2A5F16400322875D2DFE800F0192B90
:10CEC0003D5062758799ABBDCFF3F1F0EFEEEDEC1D
:10CED000EBEA747474747474747474747474747425
:10CEE000747474747474E9E8E7E6E5E4E374E2E109
:10CEF0006A46DCA13046F3F7C7FC9DED000AF2EE6E
:10CF0000040A20EE200ABCEEC00A10EE100AD64930
:10CF1000088036E26A46D3A13046F3F7B5FC9DEDB2
:10CF2000000AF2EE040A20EE200ABCEEC00A10EE5F
:10CF3000100ACD49488024E26A46CAA13046F3F778
:10CF4000A3FC9DED000AF2EE040A20EE200ABCEEDE
:10CF5000C00A10EE100AC449888012E213E26A4641
:10CF6000C0A13046F3F790FC9DED000AF2EE040AF2
:10CF700020EE200ABCEEC00A10EE100ABA49C880A2
:10CF8000FFE16A46B7A13046F3F77EFC9DED000A4B
:10CF9000F2EE040A20EE200ABCEEC00A10EE100ADF
:10CFA000B1490881EDE1EBE16A46AEA13046F3F705
:10CFB0006BFC9DED000AF2EE040A20EE200ABCEEA6
:10CFC000C00A10EE100AA8494881DAE16A46A5A114
:10CFD0003046F3F759FC9DED000AF2EE040A20EE0C
:10CFE000200ABCEEC00A10EE100A9F498881C8E1F1
:10CFF0006A469CA13046F3F747FC9DED000AF2EE2D
:10D00000040A20EE200ABCEEC00A10EE100A96496F
:10D01000C881B6E16A4693A13046F3F735FC9DED31
:10D02000000AF2EE040A20EE200ABCEEC00A10EE5E
:10D03000100A8D490882A4E16A468AA13046F3F7B6
:10D0400023FC9DED000AF2EE040A20EE200ABCEE5D
:10D05000C00A10EE100A8449488292E16A4681A112
:10D060003046F3F711FC9DED000AF2EE040A20EEC3
:10D07000200ABCEEC00A10EE100A7B49888280E1CB
:10D0800066E14FE138E121E10AE1B6E0F3E0D3E007
:10D09000BAE09FE08BE077E063E04FE03BE027E021
:10D0A00013E0FFE76A466FA13046F3F7EDFB9DED15
:10D0B000000AF2EE040A20EE200ABCEEC00A10EECE
:10D0C000100A81B26848C1825BE16A4665A13046B8
:10D0D000F3F7DAFB9DED000AF2EE040A20EE200AD7
:10D0E000BCEEC00A10EE100A81B25F48018348E12D
:10D0F0006A465CA13046F3F7C7FB9DED000AF2EEED
:10D10000040A20EE200ABCEEC00A10EE100A81B21A
:10D110005548418335E16A4652A13046F3F7B4FBE6
:10D120009DED000AF2EE040A20EE200ABCEEC00AD1
:10D1300010EE100A81B24C48818322E16A4649A16F
:10D140003046F3F7A1FB9DED000AF2EE040A20EE53
:10D15000200ABCEEC00A10EE100A81B24248C18318
:10D160000FE16A463FA13046F3F78EFB9DED000AC2
:10D17000F2EE040A20EE200ABCEEC00A10EE100AFD
:10D1800081B239480184FCE06A4636A13046F3F7A3
:10D190007BFB9DED000AF2EE040A20EE200ABCEEB5
:10D1A000C00A10EE100A81B22F484184E9E06A46B5
:10D1B0002CA13046F3F768FB9DED000AF2EE040A5D
:10D1C00020EE200ABCEEC00A10EE100A81B22648FA
:10D1D0008184D6E06A4623A13046F3F755FB9DEDE6
:10D1E000000AF2EE040A20EE200ABCEEC00A10EE9D
:10D1F000100A81B21C48C184C3E0102231461A488B
:10D200002830F3F710FDBCE001AA18A13046F3F76F
:10D210003BFB40F2E6710198884201DA0846019032
:10D2200040F633010198884201DD084601900198DB
:10D2300000B20D490887A4E001AA0CA13046F3F71B
:10D2400023FB01980C2801DD0C2001900198012896
:10D2500001DA01200190019800B209E0E4FF00200A
:10D26000C426012025660000C43601202564000084
:10D270004749488785E001AAAFF210013046F3F72D
:10D2800003FB01981F2801DD1F2001900198012850
:10D2900001DA01200190019800B23D49888770E0D1
:10D2A00001AAAFF238013046F3F7EEFA019864288C
:10D2B00001DD642001900198012801DA012001902C
:10D2C000019840B2324981F83E005AE001AAAFF21B
:10D2D00064013046F3F7D8FA0198642801DD642030
:10D2E00001900198012801DA01200190019840B2D3
:10D2F000274981F83F0044E001AAAFF2900130468F
:10D30000F3F7C2FA0198642801DD642001900198C6
:10D31000012801DA01200190019840B21C4981F8EE
:10D3200040002EE001AAAFF2BC013046F3F7ACFAA0
:10D330000198642801DD642001900198012801DA38
:10D3400001200190019840B2114981F8410018E094
:10D3500001AAAFF2E8013046F3F796FA0198B0F56A
:10D36000805F02DB40F6FF7001900198012801DA2E
:10D3700001200190019800B20549A1F8420000BFC8
:10D3800000BF00BF00E000BF00BFBDE8FC8100009F
:10D39000C4360120704770477047000010B502483E
:10D3A000F7F73CFE10BD0000BC0C002030B5024673
:10D3B0009089081A03B2D2ED002AB2F90E00081AB9
:10D3C000181A02EE100AB8EEC22A22EE822AB0EE35
:10D3D000420AD2ED012A02EE103AB8EEC22A22EE3B
:10D3E000822AF0EE420AB2F90E00B2F91040001B98
:10D3F000B2F90E400C1B022505FB1434204402EE4A
:10D40000100AB8EEC22AD2ED022A22EE222AB0EE8B
:10D41000421A30EE202A32EE012AF0EE421A92ED44
:10D42000052AB8EEC22A32EE212ABDEEC22A82EDCA
:10D43000052AB2F91A405069A04203DDB2F91A0078
:10D44000506107E0B2F918405069A04202DAB2F91F
:10D4500018005061D0891082D181506930BD80EDB3
:10D46000000AC0ED010A80ED021A81810023C38108
:10D4700003824361038340F2FF334383C2617047F9
:10D4800070B50546D5F84C05C46941F68A50005B75
:10D490006FF48051084430B108280AD00C281FD0FE
:10D4A0001A282AD104E02146284600F029F825E070
:10D4B00000BF42F2BC10005988B942F2C4110859A9
:10D4C0004FF47D7204F5EB513031F3F7E4FA42F298
:10D4D000C410005900F57D7042F2B01108510DE002
:10D4E00042F2BC10005938B942F2C410005900F59C
:10D4F0007D7042F2B011085100E000BF00BF70BD66
:10D500002DE9F84307460C46D7F84C05D0F81C80A7
:10D5100008F5EB5000F1300600BF5BA0F3F718F8F8
:10D520005C48F3F715F85CA0F3F712F800BF42F27D
:10D53000BC1050F8080000287ED13078717840EA9D
:10D5400001202080B178F07841EA0021307941EA69
:10D550000041707941EA00606060B179F07941EA98
:10D56000002020816A4606F1080104F10A0000F05B
:10D570008FF9BDF80000012101EB400505F108001D
:10D58000315C3044407841EA0020A4F80A0105F1FA
:10D590000A02314604F5887000F080F8C4F80C01E6
:10D5A000D4F80C0105EB4000051D05F10A023146D7
:10D5B00004F5EE7000F072F8C4F8D801D4F8D80180
:10D5C00005EB4000051D05F10A02314604F52A70FD
:10D5D00000F064F8C4F8A402D4F8A40205EB4000FB
:10D5E000051D05F10A02314604F55D7000F056F89C
:10D5F000C4F87003D4F8700305EB4000051D05F175
:10D600000A02314604F5886000F048F8C4F83C048A
:10D61000D4F83C0405EB4000051D05F10A00811912
:10D620006A4604F5A16000F033F9BDF8000001215D
:10D6300001EB4000054400E023E005F10A008119F8
:10D640006A4604F2076000F023F9BDF800000121EA
:10D6500001EB4000054405F10A0081196A4604F215
:10D66000067000F015F9BDF80000012101EB400043
:10D67000054405F10A0081196A4604F6050000F028
:10D6800007F9BDE8F88300004445425547203A2099
:10D69000000000006CC503080A00000070B50446D5
:10D6A00000238D5C8E18767845EA06258E18B678AC
:10D6B00045EA06458E18F67845EA066007E09D1CA7
:10D6C000022606FB05254D5D24F813505B1C98428D
:10D6D000F5D870BDF0B5044600238D5C8E187678C1
:10D6E00045EA06258E18B67845EA06458E18F6787E
:10D6F00045EA06601DE05D1C042606FB05254E5D1F
:10D700005D1C042707FB05250D446D7846EA0526B8
:10D710005D1C07FB05250D44AD7846EA05465D1CFA
:10D7200007FB05250D44ED7846EA056544F82350CE
:10D730005B1C9842DFD8F0BD2DE9F04105460C4650
:10D74000D5F84C05C66906F5EB5000F1300700220C
:10D750003946201DFFF7BEFF2060BDE8F0812DE9AE
:10D76000F843064688461546D6F84C05C76907F5BE
:10D77000EB5000F130042078617840EA01202880E5
:10D78000A178E07841EA002068802179607941EA57
:10D790000020A880A0790023E1791A0242EA1162F0
:10D7A0004FEA012C40EA0C0043EA0201227A1B04F2
:10D7B00043EA12434FEA024C0A4640EA0C0142EAAD
:10D7C0000300637A0022120642EA132C41EA036244
:10D7D00040EA0C01A07A0143E07A030208461146B0
:10D7E00040EA0302207B42EA0040627B40EA02609A
:10D7F000C5E90210A07B0023E27B190241EA126115
:10D800004FEA022C40EA0C0043EA0102237C00218B
:10D81000090441EA13414FEA034C134640EA0C0263
:10D820001943637C0020000640EA132042EA0362A9
:10D830000143A07C0143E07C0302084611461843E3
:10D84000227D40EA0240627D40EA0260C5E90410A0
:10D85000A17DE07D41EA0021207E41EA0041607E19
:10D8600041EA0060A8616A4604F11A0105F11C0052
:10D8700000F00EF8BDF800001A2202EB4000401C38
:10D8800001196A4605F21B1000F002F8BDE8F883A2
:10D8900030B513460D781D800D786C00491C0022B0
:10D8A00004E08D5C0570401C951CAAB2A242F8DB16
:10D8B0000025057030BD10B50346012942D190788E
:10D8C00007283DD2DFE800F03C04061031261B009B
:10D8D0001A6036E033F87E4F1888401C23F87E0922
:10D8E000181D40F824202CE033F8804F1888401C85
:10D8F00023F8800903F1140040F8242021E033F8D4
:10D90000824F1888401C23F8820903F1240040F854
:10D91000242016E033F8844F1888401C23F884092B
:10D9200003F1440040F824200BE033F8864F1888B8
:10D93000401C23F8860903F1340040F8242000E05D
:10D9400000BF1CE002291AD19078012802D00228D9
:10D9500013D106E0B3F87C4003F1540040F83420C2
:10D960000CE033F87C4F1888401C23F87C0903F145
:10D97000540000EBC400426000E000BF00BF002084
:10D9800010BD00002DE9FE4F04460D466678A778CD
:10D9900094F807802079E17840EA0129A07961793B
:10D9A00040EA012A207A0106607A41EA0041A07A21
:10D9B00041EA0020E17A40EA010B0D2E2CD008DC70
:10D9C000012E0FD0032E0ED00B2E29D00C2E6FD18E
:10D9D0001EE00F2E2CD0552E6BD0B12E43D0F72E3B
:10D9E000F5D12BE089E0464B5B79DFF814C19CF858
:10D9F00004C043EA0C22424BDB78DFF804C19CF8F8
:10DA000002C043EA0C213E4B5878FFF7C4FC74E097
:10DA10000120FFF7C1FC70E00020FFF7BDFC6CE0C7
:10DA2000A81F82B23649891C0120FFF707FA64E07B
:10DA3000002211461046FFF701FA5EE03048017AF5
:10DA4000C0792F4A9279DFF8B8C0CDE90020029161
:10DA50009CF805309CF804209CF803109CF8020008
:10DA6000FFF7EDF949E0012F03D14846FFF7EBF945
:10DA700040E0A8F110000C283AD2DFE800F0060CD4
:10DA8000131B213939343939272E627A51464846D9
:10DA9000FCF702FF2DE004F1080251464846FFF76B
:10DAA000D5F926E05A4651464846FFF749F820E0A6
:10DAB00022E020E05A4651464846FFF7C6F918E0F2
:10DAC0005A4651464846FFF73AF812E0637A227AFE
:10DAD00051464846FFF732F80BE0227A5146484655
:10DAE000FFF7B2F905E051464846FFF753FC00E066
:10DAF00000BF00BF01E000E000BF00BFBDE8FE8F37
:10DB0000A8490120012080F3138800BF00BFBFF3A4
:10DB10004F8F0748006800F4E06006490843001D85
:10DB200003490860BFF34F8F00BF00BF00BFFDE790
:10DB30000CED00E00000FA0570B50446204612F036
:10DB40009FFDE21704EB127212110B4B33F81220F7
:10DB50002146E31704EB13731B11A4EB03150123F8
:10DB6000AB409A4312B22046E31704EB13731B1128
:10DB7000014D25F8132070BDE4FF002070B5044668
:10DB8000204612F07DFDE21704EB127212110B4BCE
:10DB900033F812202146E31704EB13731B11A4EB97
:10DBA00003150123AB401A4312B22046E31704EBDE
:10DBB00013731B11014D25F8132070BDE4FF0020E5
:10DBC00010B5204B812220A126A0F2F7C1FC2B48E2
:10DBD000B0F84000022809D12848B0F942000228D4
:10DBE00004DC15202549A1F8CC0A0DE042F21720EB
:10DBF000FBF770FC20B114202049A1F8CC0A03E007
:10DC000012201E49A1F8CC0A40F24C401B49A1F851
:10DC1000CA0A0846B0F84400A1F8C80A0020A1F8D2
:10DC2000CE0A174908801749088017490880174904
:10DC30000870174908701749096848621548F8F7CD
:10DC400013FF10BDF3BF03082E2E5C2E2E5C735005
:10DC50006C63506F72745C73506C634C617365726B
:10DC60002E63000025732C25642C25733A6C617398
:10DC70006572207374617274210A0000E4FF002051
:10DC8000D6010020DC010020E4010020E601002094
:10DC9000E80100208004002010B5044603E020784D
:10DCA0000FF062FD641C20780028F8D110BD10B57B
:10DCB0000446EE200FF058FD60200FF055FDE0B255
:10DCC0000FF052FDFF200FF04FFDFC200FF04CFD38
:10DCD000FF200FF049FDFF200FF046FD10BD70B58D
:10DCE00004460D461646EE200FF03EFDB1200FF023
:10DCF0003BFD10200FF038FD200A0FF035FDE0B29B
:10DD00000FF032FD280A0FF02FFDE8B20FF02CFDC6
:10DD1000F0B20FF029FDFF200FF026FDFC200FF0E0
:10DD200023FDFF200FF020FDFF200FF01DFD70BD33
:10DD300070B504460D461646EE200FF015FDB120D5
:10DD40000FF012FD04200FF00FFD200A0FF00CFD64
:10DD5000E0B20FF009FD280A0FF006FDE8B20FF05F
:10DD600003FDF0B20FF000FDFF200FF0FDFCFC20E2
:10DD70000FF0FAFCFF200FF0F7FCFF200FF0F4FC8F
:10DD800070BD70B504460D461646EE200FF0ECFC53
:10DD9000B1200FF0E9FC03200FF0E6FC200A0FF0A1
:10DDA000E3FCE0B20FF0E0FC280A0FF0DDFCE8B283
:10DDB0000FF0DAFCF0B20FF0D7FCFF200FF0D4FC2C
:10DDC000FC200FF0D1FCFF200FF0CEFCFF200FF065
:10DDD000CBFC70BD70B504460D4621212174202175
:10DDE000617400216182A1820721E1820722294614
:10DDF000204602F051FF70BD70B505460E46144630
:10DE0000EE200FF0B1FCB1200FF0AEFC10200FF0AF
:10DE1000ABFC280A0FF0A8FCE8B20FF0A5FC300A12
:10DE20000FF0A2FCF0B20FF09FFC200E0FF09CFC54
:10DE3000C4F307400FF098FCC4F307200FF094FCE4
:10DE4000E0B20FF091FCFF200FF08EFCFC200FF0F1
:10DE50008BFCFF200FF088FCFF200FF085FC70BDCD
:10DE600010B50446EE200FF07FFCB1200FF07CFCD3
:10DE700000200FF079FC200A0FF076FCE0B20FF0E2
:10DE800073FCFF200FF070FCFC200FF06DFCFF20F6
:10DE90000FF06AFCFF200FF067FC10BD2DE9F04188
:10DEA00005460E4614461F46DDF81880EE200FF09A
:10DEB0005BFCB1200FF058FC07200FF055FC280A3E
:10DEC0000FF052FCE8B20FF04FFC300A0FF04CFCA0
:10DED000F0B20FF049FC0FB1012100E00021C8B2FF
:10DEE0000FF042FC08F00F0141F080000FF03CFC05
:10DEF000200E0FF039FCC4F307400FF035FCC4F3DB
:10DF000007200FF031FCE0B20FF02EFCFF200FF0E5
:10DF10002BFCFC200FF028FCFF200FF025FCFF203D
:10DF20000FF022FCBDE8F08170B504460D461646A0
:10DF3000EE200FF019FCB1200FF016FC10200FF0AE
:10DF400013FC200A0FF010FCE0B20FF00DFC280AC1
:10DF50000FF00AFCE8B20FF007FC3046FFF79CFE1A
:10DF6000FF200FF001FCFC200FF0FEFBFF200FF064
:10DF7000FBFBFF200FF0F8FB70BDFCF737FC00BF88
:10DF8000012010F0E4FCFBE710B54FF0E020006941
:10DF90001BF06EFF012801D01BF0D0F910BD00006E
:10DFA00000B593B0302107A8F2F716FE142102A89D
:10DFB000F2F712FE00BF002001902448006840F0F4
:10DFC0008050224908600846006800F080500190A7
:10DFD00000BF00BF00BF002001901D48006840F452
:10DFE00080401B4908600846006800F480400190AA
:10DFF00000BF00BF012007900004089002200D9090
:10E0000041050E9119210F914FF4A8711091022131
:10E0100011910721129107A8F8F72EF808B1F5F72A
:10E02000B9F90F20029002200390002004904FF4D1
:10E03000A05005904FF480500690052102A8F7F7F4
:10E04000B9FE08B1F5F7A6F913B000BD403802409B
:10E050000070004000B593B0302107A8F2F7BCFD76
:10E06000142102A8F2F7B8FD00202749086001201A
:10E07000086000202549086608602548006820F0EF
:10E0800080502349086000BF0020019008460068C6
:10E0900040F0805008600846006800F08050019011
:10E0A00000BF00BF00BF002001901A48006840F484
:10E0B0008040184908600846006800F480400190DC
:10E0C00000BF00BF0220079001200A9010200B9093
:10E0D00000200D9007A8F7F7CFFF08B1F5F75AF920
:10E0E0000F2002900020039004904FF48050059080
:10E0F00000200690002102A8F7F75CFE08B1F5F7B2
:10E1000049F913B000BD0000400E474200004742ED
:10E1100040380240007000400548006840F470003C
:10E1200003490860034802498039086070470000CD
:10E1300088ED00E0000001082DE9F04104460D469D
:10E140001646EDB344F240516018FFF717FD04F591
:10E150009B60384931F91000B0421EDBE21704EB36
:10E160001272121102F589620B4633F81220214611
:10E17000E31704EB13731B11A4EB03170123BB403C
:10E180001A4313B22046E21704EB1272121102F581
:10E190008962284F27F8123049E0E21704EB127227
:10E1A000121102F58962234B33F812202146E3173E
:10E1B00004EB13731B11A4EB03170123BB4000E016
:10E1C0000CE09A4313B22046E21704EB12721211CC
:10E1D00002F58962174F27F8123028E044F24051C7
:10E1E0006018FFF7A9FCE21704EB1272121102F596
:10E1F0008962104B33F812202146E31704EB1373A6
:10E200001B11A4EB03170123BB409A4313B2204612
:10E21000E21704EB1272121102F58962054F27F81A
:10E220001230002104F59B603A4622F81010BDE838
:10E23000F0810000E4FF00202DE9F04104460D4686
:10E240001646EDB304F58A40FFF798FC04F5936099
:10E25000374931F91000B0421EDBE21704EB1272AD
:10E26000121102F244420B4633F812202146E31702
:10E2700004EB13731B11A4EB03170123BB401A43D8
:10E2800013B22046E21704EB1272121102F244425A
:10E29000274F27F8123048E0E21704EB12721211F0
:10E2A00002F24442224B33F812202146E31704EBDA
:10E2B00013731B11A4EB03170123BB409A4300E027
:10E2C0000BE013B22046E21704EB1272121102F2B5
:10E2D0004442174F27F8123027E004F58A40FFF731
:10E2E0002BFCE21704EB1272121102F24442104BA3
:10E2F00033F812202146E31704EB13731B11A4EB30
:10E3000003170123BB409A4313B22046E21704EBE4
:10E310001272121102F24442054F27F81230002106
:10E3200004F593603A4622F81010BDE8F081000031
:10E33000E4FF0020364AB2F9822A002A20DD354A5D
:10E34000128800EE902AF8EE600A9FED331A20EE54
:10E35000811A2F4A32F9112000EE902AF8EEE00AD5
:10E3600021EE201A2A4AB2F9822A00EE902AF8EE0B
:10E37000E00ADFED2A1A60EEA10A81EE200A16E01B
:10E38000244A128800EE902AF8EE600A9FED221AC5
:10E3900020EE811A1E4A32F9112000EE902AF8EE82
:10E3A000E00A61EE200A9FED1D1A80EE810ADFED82
:10E3B0001C0A30EE601AF0EE041AC1EE210AB3EE28
:10E3C000091A70EE810AB0EE600ADFED160AB4EEAB
:10E3D000E00AF1EE10FA03DBDFED120AB0EE600A9C
:10E3E000FBEE090AB4EEE00AF1EE10FA03D8FBEEF8
:10E3F000090AB0EE600AF2EE040A60EE200AFDEEB1
:10E40000E00A10EE902A12B2014B23F81020704758
:10E41000E4FF00202A7AFF1F00404E45000080459F
:10E4200000003E440000C84210B50248F5F7D7FD91
:10E4300010BD0000CC02002010B50248F8F7B1FC76
:10E4400010BD00008004002010B50348F8F7A9FCB7
:10E450000248F8F7A6FC10BDC804002058050020AB
:10E4600010B50348F8F79DFC0248F8F79AFC10BD78
:10E47000C8040020C006002010B502682B4B98424B
:10E480000ED0B0F1804F0BD0294B984208D0294BC9
:10E49000984205D0284B984202D0284B984203D18D
:10E4A00022F070024B681A43204B984220D0B0F102
:10E4B000804F1DD01E4B98421AD01E4B984217D049
:10E4C0001D4B984214D01D4B984211D01C4B9842C2
:10E4D0000ED01C4B98420BD01B4B984208D01B4BC4
:10E4E000984205D01A4B984202D01A4B984203D159
:10E4F00022F44072CB681A4322F080034C6943EA4D
:10E5000004028B68C3620B688362084B984202D096
:10E510000A4B984201D10B690363036843F004037B
:10E52000036001234361026010BD00000000014050
:10E530000004004000080040000C004000040140BE
:10E5400000400140004401400048014000180040E4
:10E55000001C00400020004030B501F01F050124E0
:10E5600004FA05F3046A9C430462046A01F01F057F
:10E5700002FA05F52C43046230BD30B50C468168C3
:10E5800021F47F4142EA032525432943816030BDC0
:10E590000A46816821F0700142F007031943816047
:10E5A0007047000030B5026A056A25F00105056272
:10E5B0004368846924F0700424F003040D682C433C
:10E5C00022F002028D682A43104DA84200D103E0D8
:10E5D0000F4DA84206D100BF22F00802CD682A43A1
:10E5E00022F00402094DA84202D0094DA84207D1E9
:10E5F00023F4807323F400734D692B438D692B43FF
:10E60000436084614D684563026230BD0000014093
:10E610000004014030B5026A056A25F01005056264
:10E620004368846924F4E04424F440740D6844EAA7
:10E63000052422F020028D6842EA0512124DA842FC
:10E6400000D103E0114DA84207D100BF22F08002A3
:10E65000CD6842EA051222F040020B4DA84202D0DA
:10E660000A4DA84209D123F4806323F400634D6965
:10E6700043EA85038D6943EA8503436084614D68FD
:10E680008563026230BD00000000014000040140CB
:10E6900030B5026A056A25F4807505624368C4696D
:10E6A00024F0700424F003040D682C4322F400725B
:10E6B0008D6842EA0522124DA84200D103E0114DB7
:10E6C000A84207D100BF22F40062CD6842EA0522C9
:10E6D00022F480620A4DA84202D00A4DA84209D114
:10E6E00023F4805323F400534D6943EA05138D69E5
:10E6F00043EA05134360C4614D68C563026230BDDF
:10E70000000001400004014030B5036A056A25F4A9
:10E71000805505624468C26922F4E04222F44072E6
:10E720000D6842EA052223F400538D6843EA05335D
:10E73000084DA84202D0084DA84204D124F48044D8
:10E740004D6944EA85144460C2614D680564036202
:10E7500030BD0000000001400004014030B50B4610
:10E760001446026A056A25F001050562816921F0F7
:10E77000F00141EA041122F00A021A4381610262A7
:10E7800030BD000070B50C461546026A066A26F0D8
:10E79000010606628169184EB04214D0B0F1804F74
:10E7A00011D0164EB0420ED0154EB0420BD0154EC1
:10E7B000B04208D0144EB04205D0144EB04202D040
:10E7C000134EB04201D1012600E000261EB121F017
:10E7D0000301294301E041F0010121F0F001F0269D
:10E7E00006EA0316314322F00A0204F00A06324315
:10E7F0008161026270BD0000000001400004004021
:10E8000000080040000C00400004014000400140AE
:10E810000018004030B50B461446026A056A25F020
:10E8200010050562816921F4704141EA043122F04A
:10E83000A00242EA03128161026230BD70B50C464B
:10E840001546026A066A26F010060662816921F4FE
:10E85000407141EA052121F470414FF4704606EA07
:10E860000336314322F0A002A02606EA0416324302
:10E870008161026270BD70B50C461546026A066A77
:10E8800026F480760662C16921F00301294321F054
:10E89000F001F02606EA0316314322F420624FF419
:10E8A000206606EA04263243C161026270BD70B57B
:10E8B0000C461546026A066A26F480560662C1694D
:10E8C00021F4407141EA052121F470414FF4704672
:10E8D00006EA0336314322F420424FF4204606EA8A
:10E8E00004363243C161026270BD000070B52DED87
:10E8F0000E8B05460C46284611F0C9FE204611F045
:10E90000C6FE00206449A1F8F00A40F6FF70A1F8A5
:10E91000F20A40F27952511E2046FAF783FE5E4811
:10E9200030F914000A2853DB5B48B0F9820A00284A
:10E9300020DD5A48008800EE100AB8EE400ADFEDEC
:10E94000580A60EE200A544830F9140000EE100A0C
:10E95000B8EEC00A60EE800A4F48B0F9820A00EEB5
:10E96000100AB8EEC00A9FED4F1A20EE010A80EEA1
:10E97000808A16E04948008800EE100AB8EE400A86
:10E98000DFED470A60EE200A434830F9140000EE3C
:10E99000100AB8EEC00A20EE800ADFED420A80EECF
:10E9A000208A9FED410AB4EE408AF1EE10FA04D1BC
:10E9B0009FED3E0AB0EE408A0CE0DFED3D0A80EEAE
:10E9C000880ADFED390A30EE600AB0EE408A01E0D5
:10E9D0009FED388A9FED380AC8EE000A10EE906A63
:10E9E00030461CF0A9FA41EC1E0BB0EE4E0AF0EED8
:10E9F0006E0A08F0B9FAB0EE40DAF0EE60DA9FED98
:10EA00002F0B53EC102B51EC1D0B1CF06BF841EC51
:10EA10001C0B9FED2C0B53EC102B1BF07FFD41ECDE
:10EA20001B0B53EC1B2B9FED290B51EC100B1BF018
:10EA300031FE41EC1A0B9FED270B53EC102B1CF011
:10EA400091F941EC190B1BF037FD08EE100A9FED10
:10EA5000230AB4EEC08AF1EE10FA03DB9FED1F0A21
:10EA6000B0EE408A9FED1E0AB4EEC08AF1EE10FAB5
:10EA700003D89FED1B0AB0EE408AB2EE040A28EEDE
:10EA8000000ABDEEC00A10EE100A00B2024921F8D9
:10EA90001500BDEC0E8B70BDE4FF00202A7AFF1F2D
:10EAA00000404E450000804500E09245FE23744939
:10EAB000F0A96C4BCDCCCC3D00401C46000000E0E2
:10EAC00032D9323F000000E0E1796B3F00000000E6
:10EAD0000000F03F66666666661271400000C8423C
:10EAE0000000C8C270B50446A56B0020E885284622
:10EAF000F8F7CCFC70BD00BF00BF02680C3252E8D2
:10EB0000002F22F4907102680C3242E80013002BAF
:10EB1000F3D100BF00BF00BF0268143252E8002FDB
:10EB200022F001010268143242E80013002BF3D1F5
:10EB300000BF016B01290ED100BF00BF02680C327B
:10EB400052E8002F22F0100102680C3242E8001354
:10EB5000002BF3D100BF202180F842100021016377
:10EB6000704710B504462068C06820F04000216856
:10EB7000C860202084F841002046F8F7DCFF002020
:10EB800010BDF8B504460025002694F8420022285E
:10EB900073D1A068B0F5805F0BD1206948B9A66A2F
:10EBA00020684068C0F308003080A06A801CA06222
:10EBB00014E0A56AA068B0F5805F03D0A06828B90A
:10EBC000206918B920684068287004E0206840680F
:10EBD00000F07F002870A06A401CA062E08D401EFB
:10EBE00080B2E085002846D12068C06820F020006F
:10EBF0002168C8602068C06820F480702168C860FF
:10EC00002068406920F0010021684861202084F8D4
:10EC1000420000206063206B012826D10020206381
:10EC200000BF00BF21680C3151E8001F21F0100027
:10EC300021680C3141E80002002AF3D100BF2068AE
:10EC4000006800F0100010280AD100BF00200090DA
:10EC500020680068009020684068009000BF00BFF6
:10EC6000A18D2046F8F711FC02E02046F8F7EEFEF1
:10EC70000020F8BD01E00020FBE70220F9E70000DA
:10EC80002DE9F84F04462068006920F44050E168FF
:10EC90000843216808612169A06808436169084345
:10ECA000E169084300902068C06849F20C6188431C
:10ECB000009908432168C8602068406920F44070CA
:10ECC000A16908432168486176492068884203D0D9
:10ECD00075492068884203D1F7F766F9814602E05A
:10ECE000F7F752F98146E069B0F5004F6CD1022088
:10ECF0006168A0FB015003461920A9FB0070014682
:10ED00002A463846F1F7ADFB6421B0FBF1F04FEA3B
:10ED1000001A02206168A0FB01510B461920A9FBD3
:10ED200000712A463846F1F79CFB83460220616851
:10ED3000A0FB015003461920A9FB00712A46384662
:10ED4000F1F78FFB6421B0FBF1F000EBC00101EBA8
:10ED50000010ABEB8000322101EBC0006421B0FB5E
:10ED6000F1F000F0F8000AEB400A02206168A0FB15
:10ED7000015003461920A9FB007001462A46384677
:10ED8000F1F76FFB834602206168A0FB0150034648
:10ED90001920A9FB00712A463846F1F762FB64216D
:10EDA000B0FBF1F000EBC00101EB0010ABEB800019
:10EDB000322101EBC0006421B0FBF1F000F007004C
:10EDC0005044216888606AE004206168A0FB01501B
:10EDD00003461920A9FB007001462A463846F1F780
:10EDE00040FB824604206168A0FB015003461920C5
:10EDF000A9FB007001462A463846F1F732FB642130
:10EE0000B0FBF1F000EBC00101EB0010AAEB8000B9
:10EE1000322101EB00106421B0FBF1F000F0F00AA8
:10EE200004206168A0FB017003461920A9FB005172
:10EE30003A462846F1F715FB6421B0FBF1F00AEBE6
:10EE4000001A04206168A0FB01510B461920A9FBA0
:10EE500000712A463846F1F704FB834604206168B6
:10EE6000A0FB015003461920A9FB007001462A4669
:10EE70003846F1F7F6FA6421B0FBF1F000EBC0017F
:10EE800001EB0010ABEB8000322101EB001064219C
:10EE9000B0FBF1F000F00F00504421688860BDE83D
:10EEA000F88F0000001001400014014010B5034627
:10EEB00099629A85DA8500205864222083F84200FE
:10EEC000186928B11868C06840F480701C68E06058
:10EED0001868406940F001001C6860611868C068EB
:10EEE00040F020001C68E060002010BD014691F851
:10EEF0004100212828D18868B0F5805F0BD10869CE
:10EF000048B90A6A1088C0F308000B685860086A9C
:10EF1000801C086205E00B6A581C086218780B68B0
:10EF20005860C88C401E80B2C88458B90868C06850
:10EF300020F080000B68D8600868C06840F040008E
:10EF40000B68D860002070470220FCE72DE9F843E9
:10EF500004460D4617469846089E31E0701C70B373
:10EF6000F5F736FEA0EB0800B04200D816B9032032
:10EF7000BDE8F8832068C06800F00400F8B1802D77
:10EF80001ED0402D1CD020680068C0F3C000B0B176
:10EF900000BF002000902068006800902068406852
:10EFA000009000BF00BF2046FFF7A5FD0820606469
:10EFB00000BF002084F8400000BF0120D8E7FFE731
:10EFC000206800682840A84201D1012000E000200C
:10EFD000B842C3D00020CBE710B50648B0F88C0A81
:10EFE000C0F30B042346002210210348F5F794F8E0
:10EFF00010BD0000E4FF0020CC02002010B5064840
:10F00000B0F88E0AC0F30B042346002211460348D1
:10F01000F5F782F810BD0000E4FF0020CC020020CC
:10F0200070477047704770477047000010B504483C
:10F03000B0F89A0AC0F30B04204619F027FF10BD60
:10F04000E4FF002010B50248F8F732FA10BD0000C6
:10F05000E80500202DE9FE4F0446884691469A4671
:10F06000002002900190834600260027D4F84C052A
:10F07000C56900200090B8F1020F06D0B8F1030F67
:10F0800022D0B8F1060F2CD10EE0286FC6780027E9
:10F0900047EA062001904FF4807002900020A5F806
:10F0A00090014FF0010B1FE005F1900050F829008E
:10F0B000C678002747EA062001900C9840EA0A200B
:10F0C0000290DDF834B00FE080204059C678002768
:10F0D00047EA062001904FF4807002904FF0010B38
:10F0E00002E00220009000BF00BF009810B100981D
:10F0F000BDE8FE8FA1212174812161740299618292
:10F100000199A182A4F816B05A4605F5C8712046A7
:10F1100001F0C2FDECE72DE9FE4F0446884691461A
:10F120009A46002002900190834600260027D4F8DA
:10F130004C05C56900200090B8F1020F06D0B8F167
:10F14000030F22D0B8F1060F2CD10EE0286FC6783D
:10F15000002747EA062001904FF4807002900020BB
:10F16000A5F890014FF0010B1FE005F1900050F859
:10F170002900C678002747EA062001900C9840EA4B
:10F180000A200290DDF834B00FE080204059C678A4
:10F19000002747EA062001904FF4807002904FF05C
:10F1A000010B02E00220009000BF00BF009810B1E8
:10F1B0000098BDE8FE8FA12121748321617402991A
:10F1C00061820199A182A4F816B05A4605F5C8716A
:10F1D000204601F061FDECE72DE9FE4F044688462C
:10F1E00091469A460020029001908346002600270F
:10F1F000D4F84C05C56900200090B8F1020F06D084
:10F20000B8F1030F22D0B8F1060F2CD10EE0286F11
:10F21000C678002747EA062001904FF480700290DC
:10F220000020A5F890014FF0010B1FE005F19000C0
:10F2300050F82900C678002747EA062001900C986C
:10F2400040EA0A200290DDF834B00FE080204059F7
:10F25000C678002747EA062001904FF4807002909C
:10F260004FF0010B02E00220009000BF00BF0098A9
:10F2700010B10098BDE8FE8FA12121748221617434
:10F28000029961820199A182A4F816B05A4605F547
:10F29000C871204601F000FDECE72DE9FE4F044661
:10F2A000884691469A4600200290019083460026A7
:10F2B0000027D4F84C05C56900200090B8F1020F72
:10F2C00006D0B8F1030F22D0B8F1060F2CD10EE012
:10F2D000286FC678002747EA062001904FF4807017
:10F2E00002900020A5F890014FF0010B1FE005F1FE
:10F2F000900050F82900C678002747EA06200190C0
:10F300000C9840EA0A200290DDF834B00FE080202B
:10F310004059C678002747EA062001904FF48070D4
:10F3200002904FF0010B02E00220009000BF00BFEE
:10F33000009810B10098BDE8FE8FA12121748421AE
:10F340006174029961820199A182A4F816B05A46AB
:10F3500005F5C871204601F09FFCECE72DE9FE4F52
:10F360000446884691469A460020029001908346C2
:10F37000D4F84C05C76900200090B8F1020F03D003
:10F38000B8F1060F1FD10EE0386FC578002646EAA7
:10F39000052001904FF4807002900020A7F89001A2
:10F3A0004FF0010B12E007F1900050F82900C578EA
:10F3B000002646EA052001900C9840EA0A200290B7
:10F3C000DDF834B002E00220009000BF00BF0098DA
:10F3D00010B10098BDE8FE8F2121217401216174D4
:10F3E000029961820199A182A4F816B05A4607F5E4
:10F3F000C871204601F050FCECE770472DE9F05F42
:10F4000081464FF0000AD346D9F84C05C46900275D
:10F4100020E004F1700050F82700017904F1700039
:10F4200050F82700407941EA002040F2011188425B
:10F430000ED104F1700050F8270090F803A004F1F9
:10F44000700050F82700C17940F20910015505E01D
:10F45000781CC7B2B4F8EA00B842DADC00BF002575
:10F460000CE004F1C00050F83500C078504503D1DD
:10F470004FF48270055505E0681CC5B2B4F8E80089
:10F48000A842EEDC00BF00BF5146484600F062FCD7
:10F49000064616B90220BDE8F09FF5B2C6F307286C
:10F4A000C6F3074AB8F1030F14D0B8F1040F09D01E
:10F4B000B8F1050F0AD0B8F1060F25D140F20710B8
:10F4C000055524E040F20510055520E04FF4837007
:10F4D00005551CE04FF484700555042D11D204F13C
:10F4E000800050F82500017904F1800050F82500D3
:10F4F000407941EA002040F20311884203D0002005
:10F50000C9E74FF0020B02E04FF0020B00BF00BF53
:10F51000B8F1030F01D0002EB6D15846BBE72DE954
:10F52000F05F81464FF0000AD346D9F84C05C46914
:10F53000002620E004F1700050F82600017904F163
:10F54000700050F82600407941EA002040F2012185
:10F5500088420ED104F1700050F8260090F803A004
:10F5600004F1700050F82600C17940F251100155A5
:10F5700005E0701CC6B2B4F8EA00B042DADC00BFA5
:10F5800000BF5146484600F0E5FB054615B902208C
:10F59000BDE8F09FEFB2C5F30728C5F3074AB8F1FD
:10F5A000030F14D0B8F1040F09D0B8F1050F0AD039
:10F5B000B8F1060F0FD140F24F1007550EE040F2A0
:10F5C0004D1007550AE04FF4A770075506E04FF4B9
:10F5D000A870075502E04FF0020B00BF00BFB8F162
:10F5E000030F01D0002DCCD15846D1E72DE9FC5FA7
:10F5F000804689461646D8F84C05C4694FF0010B81
:10F6000001276078001F05287DD2DFE800F01F3B4E
:10F6100003607D00022003464A460621CDE90060D2
:10F620004046FFF717FD0746012F0ED004206070FB
:10F63000B4F890014FF4C971095B4FF6FF7202EA0A
:10F64000012140EA0105C4F8345161E0022003467B
:10F650004A460621CDE900604046FFF7BDFD07465A
:10F66000012F0ED005206070B4F890014FF4C971DD
:10F67000095B4FF6FF7202EA012140EA0105C4F876
:10F680002C5145E0022003464A460621CDE90060A0
:10F690004046FFF740FD0746012F17D00720607056
:10F6A000B4F890014FF4C971095B4FF6FF7202EA9A
:10F6B000012140EA0105C4F8305104F5967003C8F1
:10F6C000814203D24FF47F41C4F8301120E0022080
:10F6D00003464A460621CDE900604046FFF7DDFDBE
:10F6E0000746012F0ED008206070B4F890014FF447
:10F6F000C971095B4FF6FF7202EA012140EA010A73
:10F70000C4F838A104E002E04FF0000B00E000BFB5
:10F7100000BF5846BDE8FC9F2DE9F0410646D6F8EB
:10F720004C05C46901270125207808287DD2DFE82F
:10F7300000F0CC04BD052E6A956300BF4FF4A170A4
:10F74000005D01281AD14FF4A070015D00223046FF
:10F7500006F092FA054615B90420207016E0032D34
:10F7600014D100BF5BA0F0F7F3FE5CA0F0F7F0FE51
:10F7700069A0F0F7EDFE00BF022707E0042020702B
:10F7800000231A460221304605F0A9F89EE0FA202F
:10F79000005D012825D1F820015D0022304606F0E9
:10F7A0006BFA054675B9072020700620607040F29C
:10F7B0000710005D84F8A00140F20910005D84F894
:10F7C000A10118E0032D16D100BF42A0F0F7C0FE42
:10F7D00042A0F0F7BDFE50A0F0F7BAFE00BF02272E
:10F7E00009E0072020700620607000231A460221DD
:10F7F000304605F074F869E0304600F023FB08B9A4
:10F800000520207062E04FF4A170005D01281CD13A
:10F8100040F24110025D401E015D304606F02CFAB8
:10F8200005461DB90620207017E04EE0032D14D1C7
:10F8300000BF28A0F0F78CFE28A0F0F789FE36A0C4
:10F84000F0F786FE00BF022707E0062020700023A5
:10F850001A460221304605F042F837E0FA20005DF2
:10F8600001281AD1F920025DF820015D304606F02A
:10F8700003FA054615B90220207016E0032D14D1B5
:10F8800000BF14A0F0F764FE14A0F0F761FE22A000
:10F89000F0F75EFE00BF022707E002202070002381
:10F8A0001A460221304605F01AF80FE00120A07038
:10F8B00002213046D6F8A4259047002700231A4697
:10F8C0000421304605F00BF800E000BF00BF3846C9
:10F8D000BDE8F0814552524F523A2000436F6E749A
:10F8E000726F6C206572726F723A20415544494FB5
:10F8F0003A204465766963652053657420696E74A7
:10F9000065726661636520726571756573742066E2
:10F9100061696C65640000000A0000002DE9F04197
:10F9200005460126D5F84C05C4690027E07806286D
:10F930006AD2DFE800F06903236A5760D5F89405BE
:10F9400000F00100C8B9D5F894154FF4C670015104
:10F95000801E035D001F025D04F5C871284602F099
:10F9600027FD40F20710005D84F8A00140F2091065
:10F97000005D84F8A1010220E07047E04FF4C570FB
:10F98000015D284602F0CCFD012811D1B4F89001A8
:10F990004FF4C971095B4FF6FF7202EA012140EA98
:10F9A0000107F9B2284600F081FD012800D12DE0C1
:10F9B000D5F894154FF4C6700059091A40F28B100F
:10F9C000005D81420DD3D5F894154FF4C6700151F6
:10F9D000801E035D001F025D04F5C871284602F019
:10F9E000E7FC13E00121284600F060FD10B901207A
:10F9F000E07000260AE00221284600F057FD10B909
:10FA00000120E070002601E000BF00BF00BF3046CB
:10FA1000BDE8F081F0B501460220D1F84C55EC6903
:10FA20000023002282E002EBC20505EB021601F280
:10FA3000423505EB46056D79012D75D102EBC20506
:10FA400005EB021601F2423505EB4605AD79022DB4
:10FA50006AD102EBC20505EB021601F2423505EB55
:10FA600046052D7B05F08005002D5DD002EBC2051B
:10FA700005EB021601F2423505EB4605ED89002D36
:10FA800052D002EBC20505EB021601F2423505EB3E
:10FA900046052E7B03EB8307A51D05F8176002EBD7
:10FAA000C20505EB021601F2423505EB4605EE896B
:10FAB00003EB8307A51D05EB47056E8002EBC2052E
:10FAC00005EB021601F2423505EB4605AE7803EB75
:10FAD0008307A51D05EB47056E7102EBC20505EB1B
:10FAE000021601F2423505EB4605EE7803EB83077B
:10FAF000A51D05EB47052E7102EBC20505EB0216AD
:10FB000001F2423505EB46052E7C03EB8307A51D6C
:10FB100005EB47052E81012603EB8307A51D05EBA9
:10FB20004705AE715D1CEBB2551CEAB20A2AFFF420
:10FB30007AAF03B10020F0BDF0B501460220D1F844
:10FB40004C55EC690023002288E002EBC20505EB6E
:10FB5000021601F2423505EB46056D79012D7BD188
:10FB600002EBC20505EB021601F2423505EB460534
:10FB7000AD79022D70D102EBC20505EB021601F240
:10FB8000423505EB46052D7B05F08005002D63D140
:10FB900002EBC20505EB021601F2423505EB460504
:10FBA000ED89002D58D002EBC20505EB021601F2DB
:10FBB000423505EB46052E7B03EB830704F1380540
:10FBC00005F8176002EBC20505EB021601F242359B
:10FBD00005EB4605EE8903EB830704F1380505EBD9
:10FBE00047056E8002EBC20505EB021601F24235B5
:10FBF00005EB4605AE7803EB830704F1380505EB0A
:10FC000047056E7102EBC20505EB021601F24235A3
:10FC100005EB4605EE7803EB830704F1380505EBA9
:10FC200047052E7102EBC20505EB021601F24235C3
:10FC300005EB46052E7C03EB830704F1380505EB45
:10FC400047052E81012603EB830704F1380505EBF8
:10FC50004705AE715D1CEBB2551CEAB20A2AFFF4EF
:10FC600074AF03B10020F0BD2DE9F0410546022735
:10FC7000D5F84C05C669FF2301221146284601F03C
:10FC800074F80446FF2C01D00A2C02D30220BDE8F0
:10FC9000F081002459E004EBC40000EB041105F2EC
:10FCA000423000EB4100407903284CD104EBC40002
:10FCB00000EB041105F2423000EB4100C089E8B3CB
:10FCC00004EBC40000EB041105F2423000EB4100EC
:10FCD000007B00F08000802835D104EBC40000EBED
:10FCE000041105F2423000EB4100007B86F88401EC
:10FCF00004EBC40000EB041105F2423000EB4100BC
:10FD0000C1894FF4C370815304EBC40000EB0411AC
:10FD100005F2423000EB410081784FF4C470815508
:10FD200004EBC40000EB041105F2423000EB41008B
:10FD3000017C40F28B108155012100E003E0801E20
:10FD40008155002703E0601CC4B20A2CA3D300BF76
:10FD500038469CE710B504460B46D4F84C05C269FA
:10FD6000002113E002F1900050F821000079984240
:10FD70000AD102F1900050F82100C3784FF4C0601E
:10FD800040EA0340084310BD481CC1B2B2F8EE007F
:10FD90008842E7DC00211AE002F1A00050F82100BF
:10FDA0004079984206D002F1A00050F821008079F5
:10FDB00098420AD102F1A00050F82100C3784FF414
:10FDC000806040EA03400843DDE7481CC1B2B2F856
:10FDD000F2008842E0DC002113E002F1B00050F8AC
:10FDE0002100407998420AD102F1B00050F8210078
:10FDF000C3784FF4A06040EA03400843C3E7481CBF
:10FE0000C1B2B2F8F0008842E7DC002113E002F151
:10FE1000800050F82100C07998420AD102F1800098
:10FE200050F82100C3784FF4407040EA0340084383
:10FE3000A9E7481CC1B2B2F8EC008842E7DC002018
:10FE4000A1E770472DE9F041054601260127D5F8C5
:10FE50004C05C46994F8A12194F8A0112846FFF735
:10FE6000C5FB0746012F1AD094F8A101012809D13A
:10FE700040F20710005D84F8A001002084F8A10181
:10FE8000002604E094F8A101401E84F8A101062098
:10FE9000607000231A460221284604F020FD3046F7
:10FEA000BDE8F08101460120704770B50546D5F8E0
:10FEB0004C05C46940F24310005D78B140F2431034
:10FEC000015D284600F0B6FE40F24310015D284671
:10FED00000F092FF002140F243100155FB20005D2D
:10FEE00060B1FB20015D284600F0A4FEFB20015D0F
:10FEF000284600F081FF0021FB2001554FF4C5701A
:10FF0000005D78B14FF4C570015D284600F092FEA7
:10FF10004FF4C570015D284600F06EFF00214FF4DC
:10FF2000C5700155D5F84C05C06940B1D5F84C15E0
:10FF3000C869F0F76FFA0020D5F84C15C8610020A9
:10FF400070BD00002DE9FE4F06464FF0000AD34673
:10FF5000002301221146304600F007FF8146B9F127
:10FF6000FF0F10D100BFB2A0F0F7F2FAD6F84C059F
:10FF70000168B2A0F0F7ECFABAA0F0F7E9FA00BF16
:10FF80000220BDE8FE8F4FF4D270F0F714FAD6F8D5
:10FF90004C15C861D6F84C05C46964B900BFA4A06B
:10FFA000F0F7D6FAB0A0F0F7D3FAAEA0F0F7D0FA97
:10FFB00000BF0220E5E74FF4D2712046F0F70CFEB7
:10FFC0003046FFF727FD80463046FFF7B5FD074670
:10FFD000B8F1020F11D1022F0FD100BF94A0F0F79A
:10FFE000B7FAD6F84C050168A9A0F0F7B1FA9DA0C0
:10FFF000F0F7AEFA00BF0220C3E7002590E005EB62
:020000040802F0
:10000000850104F1380000EB4100807901283FD1DF
:1000100005EB850104F1380000EB410040885045B4
:1000200036DD05EB850104F1380000EB4100B0F846
:1000300002A005EB850104F1380000EB4100417995
:10004000F820015505EB850104F1380000EB410073
:100050000179F920015505EB850104F1380010F80C
:10006000110084F8F40005EB850104F1380000EB81
:1000700041004188F620015305EB850104F1380069
:1000800000EB4100017AFC2001550121FA200155C5
:1000900005EB8501A01D00EB4100807901283DD1D1
:1000A00005EB8501A01D00EB41004088584535DD7A
:1000B00005EB8501A01D00EB4100B0F802B005EB97
:1000C0008501A01D00EB410041794FF4A07001555E
:1000D00005EB8501A01D00EB4100017940F24110C4
:1000E000015505EB8501A01D10F8110084F83C01B5
:1000F00005EB8501A01D00EB410041884FF49F7086
:10010000015305EB850104F1380000EB4100017A51
:100110004FF4A27001550121801E0155681CC5B223
:10012000052DFFF46CAF3046FFF79EFD18B9012195
:1001300040F289100155304600F01AF9FA20005DAE
:10014000012820D13046FFF759F994F8F4103046D1
:1001500000F0B9FAFB210855F620005B012296F861
:100160001D13CDE90012029096F81C3394F8F42088
:10017000FB20015D304604F0C9FBFB20015D00223D
:10018000304602F05BFA4FF4A170005D012823D1E4
:100190003046FFF7C4F994F83C11304600F093FA6A
:1001A00040F243110855481F005B012296F81D13C9
:1001B000CDE90012029096F81C3394F83C2140F2ED
:1001C0004310015D304604F0A1FB40F24310015D95
:1001D0000022304602F032FA40F28910005D012818
:1001E00020D194F88411304600F06DFA4FF4C571B7
:1001F0000855081F005B032296F81D13CDE9001275
:10020000029096F81C3394F884214FF4C570015D78
:10021000304604F07BFB4FF4C570015D0022304690
:1002200002F00CFA01202070E0700020A9E6000026
:100230004445425547203A200000000043616E6E5D
:100240006F742046696E642074686520696E7465F9
:10025000726661636520666F7220257320636C612E
:1002600073732E000A00000043616E6E6F7420618C
:100270006C6C6F63617465206D656D6F727920665B
:100280006F7220415544494F2048616E646C65008F
:10029000257320636C61737320636F6E6669677585
:1002A000726174696F6E206E6F7420737570706FF9
:1002B000727465642E0000002DE9F04107460125A7
:1002C000D7F84C05C469A07806284CD2DFE800F0C6
:1002D0004B032E19463E4FF48270015D04F1C000BD
:1002E00000EBC1004068C07910B90320A07001E0A4
:1002F0000220A07000231A460221384604F0EFFACB
:1003000032E04FF48270015D04F1C00000EBC100E7
:10031000406800F1080694F8F4103246384600F0C0
:100320001EF905460DB90520A0701DE004F586767E
:1003300094F8F4103246384600F011F9054625B914
:100340000520A0703846FFF77CFD0DE00025002356
:100350001A460421384604F0C2FA05E0384600F097
:1003600017F9002500E000BF00BF2846BDE8F08176
:100370002DE9F84F04464FF0000A0027B846D4F89C
:100380004C05C66904F11C05092000900021A6F85F
:10039000EE10A6F8EA10A6F8EC10A6F8E8103FE078
:1003A0006946284600F070FD05466878042802D0AA
:1003B000242833D10AE095F8028095F803904A4644
:1003C0004146204600F0F9FC074628E094F83C033B
:1003D000404522DBFF2F01D00A2F10D300BF15A00C
:1003E000F0F7B6F8D4F84C05016815A0F0F7B0F8AE
:1003F00020A0F0F7ADF800BF4FF0020A0DE007EBC8
:10040000C70000EB071204F2423000EB4200817992
:100410002A4606F16C00FDF74EFA00E000BF00BF6F
:10042000B4F83A03BDF800108842B9DC5046BDE884
:10043000F88F00004445425547203A200000000054
:1004400043616E6E6F742046696E64207468652027
:10045000617564696F20696E746572666163652099
:10046000696E64657820666F7220257320636C6105
:1004700073732E000A00000070B504460126D4F8FC
:100480004C05C569FA20405D012802D12046FFF7DE
:1004900013FF4FF4A170405D012802D12046FFF701
:1004A00001FD304670BD0146002070472DE9F04146
:1004B00005460E460127D5F84C05C469012E02D029
:1004C000022E10D107E0D4F83411D4F838010144D9
:1004D000C4F8341109E0D4F83411D4F83801091AF9
:1004E000C4F8341101E0022700BF00BF04F5987082
:1004F00003C8814203D9D4F83011C4F83411D4F8B8
:100500003411D4F82C01814203D2D4F82C11C4F850
:100510003411B4F8340183B294F8A12194F8A011F5
:100520002846F2F7B9FC012816D094F8A101012859
:100530000BD140F20710005D84F8A00140F20910D1
:10054000005D84F8A101002704E094F8A101401E99
:1005500084F8A101062060703846BDE8F0812DE9DD
:10056000F04704460D4616464FF48078A946032707
:100570002221217401216174A4F81280A4F814903E
:10058000E7823A463146204600F086FBBDE8F08718
:1005900070B505460126D5F84C05C46920790128B7
:1005A00002D002287ED131E0D5F8940500F0010098
:1005B00010BBD5F894154FF48070015102202071C2
:1005C000FB20035D4FF49070025B4FF4887001597B
:1005D000284601F002FF4FF49070015B4FF48C70DD
:1005E00001514FF49070015B001F01514FF488706E
:1005F0000159001D015108E001200EF0A8F9002367
:100600001A460421284604F06AF959E0FB20015DEE
:10061000284601F085FF01284FD1D5F89415000236
:100620000059091AFC20005D814246D3D5F8941583
:100630004FF48070015140F28910005D012802D111
:100640002846FFF76BF94FF48E7001594FF4927002
:100650000059814227D8FB20035D4FF49070025B64
:100660004FF48A700159284601F0B7FE4FF48A70A2
:1006700001594FF49070005B01444FF48A700151AE
:10068000001D01594FF49070005B01444FF48C70D1
:100690000151001D0159001D005B01444FF48E7093
:1006A00001510AE00AE04FF0FF314FF48C70015124
:1006B0000520A0702846FEF7A0FE01E0022600BF3C
:1006C00000BF304670BD70B506460D46304600F09E
:1006D000C7FB04464FF6FF70844207D045F4004143
:1006E00004F00F0206F2545040F82210E0B270BD40
:1006F0002DE9FF4107460C4615461E460020012104
:1007000002230A468DE8320003903146384601F054
:10071000D2FF002004B0BDE8F0812DE9FF4104467E
:100720000D4617461E46DDF8288094F81D0308B1D3
:100730004FF0000801200223002231468DE8A1017C
:10074000204601F0B8FF002004B0BDE8F0810000B1
:1007500070B50446D4F84C05C66906F14001204640
:10076000F3F7F1F805462DB902212046D4F8A42567
:1007700090470CE0032D0AD100BF06A0EFF7E8FE7A
:1007800006A0EFF7E5FE15A0EFF7E2FE00BF284652
:1007900070BD00004552524F523A2000436F6E74B4
:1007A000726F6C206572726F723A204344433A2034
:1007B00044657669636520476574204C696E6520E1
:1007C000436F64696E6720636F6E666967757261F7
:1007D00074696F6E206661696C6564000A000000D0
:1007E00070B50546D5F84C05C469207848B1217824
:1007F000284600F01FFA2178284600F0FDFA002074
:100800002070207B48B1217B284600F013FA217B21
:10081000284600F0F1FA00202073607B48B1617B2C
:10082000284600F007FA617B284600F0E5FA00212F
:100830006173D5F84C05C06940B1D5F84C15C8694D
:10084000EFF7E8FD0020D5F84C15C861002070BD19
:10085000FEB50546012302221146284600F085FA1E
:100860000646FF2E01D00A2E0FD300BF91A0EFF74E
:100870006FFED5F84C05016891A0EFF769FEA0A0C6
:10088000EFF766FE00BF0220FEBD3146284605F0A8
:1008900025F907460FB10220F6E75020EFF78BFD50
:1008A000D5F84C15C861D5F84C05C46964B900BFCA
:1008B00080A0EFF74DFE93A0EFF74AFE90A0EFF770
:1008C00047FE00BF0220DFE750212046F0F784F901
:1008D00006EBC60000EB061105F2423000EB4100CA
:1008E000007B00F0800098B106EBC60000EB06111B
:1008F00005F2423000EB4100007B607006EBC60061
:1009000000EB061105F2423000EB4100C089608126
:1009100061782846FFF7D7FE20706089032295F89A
:100920001D13CDE90012029095F81C3362782178EE
:10093000284603F0EBFF21780022284601F07EFED6
:1009400000231A460A21284600F00FFA0646FF2E19
:1009500001D00A2E0FD300BF56A0EFF7F9FDD5F84E
:100960004C05016871A0EFF7F3FD65A0EFF7F0FD0E
:1009700000BF022088E706EBC60000EB061105F277
:10098000423000EB4100007B00F08000A0B106EB9C
:10099000C60000EB061105F2423000EB4100017B7E
:1009A000E17306EBC60000EB061105F2423000EBE6
:1009B0004100C189618313E006EBC60000EB06111C
:1009C00005F2423000EB4100017BA17306EBC6004B
:1009D00000EB061105F2423000EB4100C189218392
:1009E00006EBC60000EB061105F2423000EB4100B9
:1009F000007D00F08000A0B106EBC60000EB061100
:100A000005F2423000EB4100017DE17306EBC600C8
:100A100000EB061105F2423000EB4100C18A618310
:100A200013E006EBC60000EB061105F2423000EBC6
:100A30004100017DA17306EBC60000EB061105F233
:100A4000423000EB4100C18A2183A17B2846FFF799
:100A50003AFE6073E17B2846FFF735FE2073208B5A
:100A6000022295F81D13CDE90012029095F81C336F
:100A7000A27B617B284603F049FF608B022295F838
:100A80001D13CDE90012029095F81C33E27B217B07
:100A9000284603F03BFF002084F84C00617B0022D5
:100AA000284601F0CBFD217B0022284601F0C6FD3F
:100AB0000020E9E64445425547203A200000000066
:100AC00043616E6E6F742046696E642074686520A1
:100AD000696E7465726661636520666F7220436F2C
:100AE0006D6D756E69636174696F6E20496E7465B2
:100AF000726661636520436C6173732E00000000B1
:100B00000A00000043616E6E6F7420616C6C6F634D
:100B1000617465206D656D6F727920666F72204318
:100B200044432048616E646C6500000043616E6E52
:100B30006F742046696E642074686520696E746500
:100B4000726661636520666F72204461746120493A
:100B50006E7465726661636520436C6173732E0009
:100B600070472DE9F041064601270025D6F84C05CF
:100B7000C46994F84C00052852D2DFE800F0030560
:100B80001540470000274CE03046A16CFDF722F9E4
:100B900005461DB9022084F84C0004E0012D02D066
:100BA000042084F84C003CE004F140013046F2F7A8
:100BB000CAFE0546EDB9002084F84C004420005DD3
:100BC000A16C0979884219D14620005DA16C897910
:100BD000884213D14520005DA16C497988420DD12E
:100BE000A16C206C0968884208D13046FFF7B8FF35
:100BF00004E0012D02D0042084F84C0011E03046BE
:100C0000F2F71DFA3046F2F7D5F90AE00021304636
:100C100000F019F8054615B9002084F84C0000E0F2
:100C200000BF00BF3846BDE8F08170470146002094
:100C30007047704770B504460D462946204601F0BE
:100C4000E3FB002070BD70B504460D46A078012876
:100C500007D1022121740121617400216182A582E2
:100C6000E18200221146204600F016F870BD2DE901
:100C7000FF4107460C4615461E460020012103464B
:100C80000A468DE8320003903146384601F013FDE4
:100C9000002004B0BDE8F0812DE9F04104460E4685
:100CA00017460125A078012802D0022825D10DE0A1
:100CB000A660A781012121760220A07001250023D2
:100CC0001A460321204603F00AFE17E0204600F0F2
:100CD000ABFE05460DB1032D04D10120A07000210B
:100CE000217603E0022D01D10120A07000231A46D5
:100CF0000321204603F0F3FD00E000BF00BF2846BB
:100D0000BDE8F0812DE9FF4104460D4617461E4619
:100D1000DDF8288094F81D0308B14FF00008012089
:100D200000231A4631468DE8A101204601F0C3FC9C
:100D3000002004B0BDE8F0817FB506460C4615469C
:100D400000200821CDE9000403460246CDE9021047
:100D50002946304601F0AFFC002004B070BD10B54C
:100D600004462046F3F7A2FC10BDF0B506460C463B
:100D700015460022002106F54E771AE002EBC2006C
:100D800000EB021C07F10A0000EB4C014879A0427D
:100D900001D0FF2C0BD18879A84201D0FF2D06D1BC
:100DA000C879984201D0FF2B01D11046F0BD501CEC
:100DB000C2B20A2AE2D3FF20F8E7F0B503460C4698
:100DC00015460021002203F54E7611E001EBC1002B
:100DD00000EB011706F10A0000EB47029078A042F1
:100DE00004D1D078A84201D10846F0BD481CC1B258
:100DF0000A29EBD3FF20F8E70246102909D202F2B4
:100E0000545030F82100C0F30E0302F2545040F861
:100E10002130002070472DE9F04104460E4615466A
:100E20001F46DDF81880A078012812D146F0800115
:100E3000217406216174658205F47F40B0F5407F1E
:100E400003D140F20941A18201E00021A182A4F86E
:100E50001680424639462046FFF71EFFBDE8F08166
:100E60000246002100BF0AE002F2545030F821008F
:100E700000F4004008B908467047481CC1B2102968
:100E8000F2D34FF6FF70F7E710B502460B881478DF
:100E900023440B801378981810BD0000F8B506465F
:100EA0000C4606F11C07B4F5807F0CD900BF0FA0DB
:100EB000EFF74EFB0F48EFF74BFB0FA0EFF748FBA8
:100EC00000BF0320F8BD3B464FF4007200213046BE
:100ED0000094FFF7A0FF05462DB92246394630465B
:100EE00004F0C9F805462846ECE700004552524F89
:100EF000523A2000C0C403080A000000F8B50546B5
:100F00000C46B4F5007F0CD900BF10A0EFF720FB12
:100F10001048EFF71DFB10A0EFF71AFB00BF0320EE
:100F2000F8BD05F58E734FF48072002128460094B9
:100F3000FFF771FF064636B9224605F58E71284641
:100F400004F048F906463046EAE700004552524FA1
:100F5000523A200038C403080A0000002DE9F84383
:100F60000546884616461C46B4F5007F00D86EB983
:100F700000BF10A0EFF7ECFA1048EFF7E9FA10A065
:100F8000EFF7E6FA00BF0320BDE8F88348F44072AB
:100F900005F58E73002128460094FFF73CFF0746B5
:100FA0002FB92246314605F58E7004F013FA384603
:100FB000EAE700004552524F523A20007CC4030831
:100FC0000A0000000146002031B1012906D00229A3
:100FD00006D0032908D105E0002007E0022005E043
:100FE000012003E0022001E0022000BF00BF7047A3
:100FF0002DE9F041064601270125D6F84C05C469C4
:101000006079062853D2DFE800F003530D0425343D
:1010100000BF06F11C0104F1260000F0DBFB0220FA
:10102000607146E0E18D304600F004F9054615B9DF
:10103000042060710DE0032D0BD100BF1FA0EFF75E
:1010400087FA20A0EFF784FA2EA0EFF781FA00BF0D
:1010500002272EE000221146304600F0BAFC054679
:1010600015B90520607103E0032D01D105206071E1
:101070001FE00021304600F0C0FC054645B90120C4
:10108000607102213046D6F8A425904700270DE074
:10109000032D0BD100BF09A0EFF75AFA1AA0EFF702
:1010A00057FA18A0EFF754FA00BF022701E000BF7B
:1010B00000BF00BF3846BDE8F08100004552524FE6
:1010C000523A2000436F6E74726F6C206572726FBB
:1010D000723A204849443A2044657669636520475E
:1010E0006574205265706F72742044657363726911
:1010F00070746F72207265717565737420666169B2
:101100006C6564000A000000436F6E74726F6C209F
:101110006572726F723A204849443A204465766994
:101120006365205365742070726F746F636F6C20F9
:1011300072657175657374206661696C6564000021
:10114000704700238380C3808372028101607047EF
:1011500070B503460C462546987AF0B9012098727E
:10116000002118E0D8889E88B0420ED0DE8818682A
:10117000805D05F8010BD888401CD880D8881E896E
:10118000B04206D10020D88003E0002098720846C3
:1011900070BD481C81B29142E4DB00209872104679
:1011A000F6E7F0B503460C462546987A28BB0120A1
:1011B000987200211FE09888401CDE88B04206D05B
:1011C0009888401C1E89B04205D1D88818B90020E3
:1011D00098720846F0BD15F8010B9F881E68F055FF
:1011E0009888401C988098881E89B04201D10020C0
:1011F0009880481C81B29142DDDB00209872104635
:10120000E8E7000001468A780AB98A792AB14A7A61
:10121000054B9A5C054B985C04E04A7A024B9A5C59
:10122000034B985C7047000040B80308BCB7030844
:1012300038B70308F8B505460C46B4F5007F0CD95D
:1012400000BF0CA0EFF784F90C48EFF781F90CA070
:10125000EFF77EF900BF0320F8BD05F58E734FF45C
:101260000852012128460094FFF7D5FD0646304676
:10127000F2E700004552524F523A20001CC50308C5
:101280000A00000010B50446204600F0D9F908B95C
:10129000014810BD0020FCE798FF00202DE9F04137
:1012A00004460D4616461F46DDF81880A12121741C
:1012B0000121617446EA052161820021A182A4F81E
:1012C0001680424639462046FFF7E6FCBDE8F0812D
:1012D00070B50546D5F84C05C469607848B16178A9
:1012E0002846FFF7A7FC61782846FFF785FD002018
:1012F0006070207848B121782846FFF79BFC217860
:101300002846FFF779FD00202070D5F84C05C0690C
:1013100040B1D5F84C15C869EFF77CF80020D5F836
:101320004C15C861002070BD2DE9FE4F0546002711
:10133000D5F84C050179FF2301222846FFF715FD5A
:101340000646FF2E01D00A2E10D300BF91A0EFF762
:10135000FFF8D5F84C05016891A0EFF7F9F89AA0CD
:10136000EFF7F6F800BF0220BDE8FE8F31462846B1
:1013700004F0B4FB8146B9F1000F01D00220F3E77D
:101380003420EFF718F8D5F84C15C861D5F84C059E
:10139000C46964B900BF7FA0EFF7DAF88BA0EFF75C
:1013A000D7F889A0EFF7D4F800BF0220DCE734219A
:1013B0002046EFF711FC0720A07006EBC60000EBFB
:1013C000061105F2423000EB4100C07901280AD134
:1013D00000BF88A0EFF7BCF87BA0EFF7B9F800BF1B
:1013E0008A4820631FE006EBC60000EB061105F2F9
:1013F000423000EB4100C07902280AD100BF84A02E
:10140000EFF7A6F870A0EFF7A3F800BF85482063B8
:1014100009E000BF84A0EFF79BF86BA0EFF798F806
:1014200000BF0220A0E70020A070607106EBC6009C
:1014300000EB061105F2423000EB4100007BA07684
:1014400006EBC60000EB061105F2423000EB41004E
:10145000C089208306EBC60000EB061105F242307E
:1014600000EB4100007CA083A08B0A2801D20A2057
:10147000A08306EBC60000EB061105F2423000EB3C
:1014800041000079052809D806EBC60000EB0611DB
:1014900005F2423000EB4100007900E00520824671
:1014A000002772E006EBC60000EB061105F24230A1
:1014B00000EB41000A3000EBC700807800F08000AC
:1014C00080B306EBC60000EB061105F2423000EBDC
:1014D00041000A3000EBC70080782071217928464E
:1014E000FFF7F1F8607006EBC60000EB061105F29D
:1014F000423000EB41000A3000EBC700B0F8048036
:10150000032195F81D038DE8030195F81C3322791A
:101510006178284603F0FAF961780022284601F044
:101520008DF830E0FFE706EBC60000EB061105F290
:10153000423000EB41000A3000EBC7008078E070D9
:10154000E1782846FFF7BFF8207006EBC60000EBF5
:10155000061105F2423000EB41000A3000EBC700F3
:10156000B0F80480032195F81D038DE8030195F878
:101570001C33E2782178284603F0C8F9217800224C
:10158000284601F05BF8781CC7B257458ADB00207B
:10159000EAE600004445425547203A20000000009A
:1015A00043616E6E6F742046696E642074686520B6
:1015B000696E7465726661636520666F722025735B
:1015C00020636C6173732E000A00000043616E6E2D
:1015D0006F7420616C6C6F63617465206D656D6FF5
:1015E000727920666F72204849442048616E646CAD
:1015F000650000004B6579426F6172642064657616
:1016000069636520666F756E642100001917020812
:101610004D6F7573652064657669636520666F75C7
:101620006E6421007917020850726F746F636F6CDB
:10163000206E6F7420737570706F727465642E0005
:1016400070B50646D6F84C05C569288B08B1A86860
:1016500008B9022070BD2A8B244905F10800FFF764
:1016600077FD298B88423FD100212148F7F704FC00
:101670002049487000212048F7F7FEFB1D4988707B
:1016800000211E48F7F7F8FB1A49C87000211C48D2
:10169000F7F7F2FB1749087100211A48F7F7ECFB3E
:1016A0001449487100211848F7F7E6FB1149887181
:1016B00000211648F7F7E0FB0E49C87100211448D5
:1016C000F7F7DAFB0B490872002409E021461148BC
:1016D000F7F7D2FBC1B2074809300155601CC4B20C
:1016E000062CF3D30020B5E70220B3E73801002031
:1016F00018B6030898FF002038B6030858B6030848
:1017000078B6030898B60308B8B60308D8B6030835
:10171000F8B6030818B7030870B50646D6F84C05A6
:10172000C5690020114948708870C87008714871F7
:101730008871C8710872002405E000200C49085522
:101740000C490855641C082CF7D3288B082801D9AC
:101750000820288307486861502206F58E7105F13C
:101760000800FFF7EEFC002070BD000098FF00208D
:10177000380100203001002070B50646D6F84C052F
:10178000C5690020104908704870887000210E4813
:10179000C1700171002405E000200C4908550C4976
:1017A0000855641C082CF7D3288B082801D9082079
:1017B000288307486861502206F58E7105F10800FC
:1017C000FFF7BFFC002070BD400100204501002054
:1017D0004D010020F8B505460E463446B178F07844
:1017E00041EA0027092F24D9092000901CE069460E
:1017F0002046FFF749FB04466078212814D1207861
:10180000287060786870A178E07841EA00206880EC
:101810002079287160796871A079A871E179207ABE
:1018200041EA0020288103E0BDF80000B842DEDB79
:1018300000BFF8BDF8B506460025D6F84C05C469CA
:10184000A07807287ED2DFE800F004219595524465
:1018500061003046216B8847054615B90120A0700C
:101860000DE000BF45A0EEF773FE46A0EEF770FE58
:101870004AA0EEF76DFE00BF0720A07002250023EE
:101880001A460221304603F02AF874E0207E0090C8
:101890000022012130466369FFF700FD054615B9B6
:1018A0000520A0700EE0012D03D10120A0700025BD
:1018B00008E0032D03D10520A070002502E00720D9
:1018C000A070022500231A460221304603F007F8D3
:1018D00051E0D6F8940500F0010008B10420A07092
:1018E00000231A460221304602F0F9FF43E06378F4
:1018F000227E3046616900F05BFD0620A070D6F8BC
:1019000094052062002084F8240034E06178304699
:1019100000F006FE01281FD16178304600F0C0FDBE
:10192000074694F8240020BB1FB3A06808B3228B9D
:1019300004F108006169FFF734FC012084F82400F9
:10194000304600E016E0FFF7FBFB00231A460221B9
:10195000304602F0C4FF0CE06178304600F0E0FD54
:10196000052806D1A17E3046FFF76DF908B904209D
:10197000A07000E000BF00BF2846F8BD4552524F9E
:10198000523A200048494420436C61737320496EE9
:101990006974206661696C65640000000A000000DB
:1019A00070B50546D5F84C05C469A07806280ED157
:1019B000D5F89405216A401AA18B884207D30420E8
:1019C000A07000231A460221284602F088FF00205A
:1019D00070BD70B504460D461646212121740A21BA
:1019E000617446EA052161820021A182E182002220
:1019F00011462046FFF750F970BD70B504460D46FC
:101A0000212121740B21617415B10021618201E053
:101A1000012161820021A182E1820022114620463B
:101A2000FFF73AF970BD0000F8B50446012700251C
:101A3000207E0C2870D2DFE800F06F060F3E4A705F
:101A40007EB1BDE3F3F1627904F110012046FFF7A6
:101A500073F90221217634E16179204600F060FDBE
:101A60000546012D1AD1207C00F08006E08A38B1AD
:101A7000802E02D10321217609E00521217606E09E
:101A8000802E02D10921217601E007212176002351
:101A90001A460321204602F022FF0BE0042D01D05C
:101AA000022D07D10B21217600231A46032120465F
:101AB00002F015FF05E1D4F89405E0812379A289AD
:101AC0002046A168FFF7D3F804212176F9E02179B7
:101AD000204600F025FD0546012D08D1092121767B
:101AE00000231A460321204602F0F9FE13E0052DDB
:101AF00007D1032700231A460321204602F0EFFEF8
:101B000009E0042D07D10B21217600231A46032179
:101B1000204602F0E4FED4E0D2E001200090637998
:101B2000A2892046A168FFF7EDF8D4F89405E0817A
:101B300006212176C5E06179204600F0F1FC0546DA
:101B4000012D08D10721217600231A4603212046C2
:101B500002F0C5FE21E0052D09D10C2121760327D5
:101B600000231A460321204602F0B9FE15E0022D9B
:101B700008D10521217600231A460321204602F0D0
:101B8000AEFE0AE0042D08D10B21217602270023A6
:101B90001A460321204602F0A2FE92E02379002299
:101BA00011462046FFF763F8D4F89405E081082138
:101BB000217686E02179204600F0B2FC0546012D11
:101BC00009D10D212176002700231A460321204642
:101BD00002F085FE13E0042D08D10B2121760023AD
:101BE0001A460321204602F07AFE08E0052D06D1B0
:101BF000032700231A460321204602F070FE60E00E
:101C0000012000906379002211462046FFF77AF800
:101C1000D4F89405E0810A21217652E027E0FFE71D
:101C20006179204600F07CFC0546012D09D1002792
:101C30000D21217600231A460321204602F04FFE93
:101C400014E0022D08D10921217600231A46032130
:101C5000204602F044FE09E0042D07D10B21217635
:101C600000231A460321204602F039FE29E0607E57
:101C7000401CC1B26176022904D8012121760120DD
:101C8000A0701CE006212046D4F8A425904700212E
:101C9000617600BF0CA0EEF75BFC0DA0EEF758FCE0
:101CA00015A0EEF755FC00BF61792046FFF7A4F8B8
:101CB00021792046FFF7A0F800202070022700E0DD
:101CC00000BF00BF3846F8BD4552524F523A20007F
:101CD000436F6E74726F6C206572726F723A20443B
:101CE0006576696365206E6F7420726573706F6EC0
:101CF00064696E67000000000A000000FEB504463B
:101D0000012601256078082875D2DFE800F0045725
:101D1000A2F5F3F2F1F008212046FFF7EFF80546AF
:101D200005BB94F82D13A17101206070A0790022E9
:101D300094F81D13CDE90012029094F81C33217918
:101D40008022204602F0E2FDA079002294F81D13C3
:101D5000CDE90012029094F81C336179204602F01C
:101D6000D5FD2AE0032D28D100BFEEA0EEF7F0FB51
:101D7000EEA0EEF7EDFBFAA0EEF7EAFB00BF94F859
:101D80001E03401C84F81E0394F81E0303280AD97E
:101D900000BFF4A0EEF7DCFBF1A0EEF7D9FB00BF2B
:101DA0000D20207009E061792046FFF725F82179A0
:101DB0002046FFF721F8002020708AE212212046F9
:101DC000FFF79CF80546BDB900BFB4F83013F5A085
:101DD000EEF7BEFBE2A0EEF7BBFB00BF00BFB4F81E
:101DE0002E13F3A0EEF7B4FBDDA0EEF7B1FB00BFBE
:101DF000022060702CE06BE2032D29D100BFC9A046
:101E0000EEF7A6FBEDA0EEF7A3FBD5A0EEF7A0FB47
:101E100000BF94F81E03401C84F81E0394F81E03B0
:101E200003280AD900BFCFA0EEF792FBCCA0EEF7B3
:101E30008FFB00BF0D2020700AE061792046FEF77D
:101E4000DBFF21792046FEF7D7FF0020607020706D
:101E50003FE20121204603F0D3FE05466DBB022080
:101E6000FEF77DFF012184F81C1300BF94F81C13BA
:101E7000E1A0EEF76DFBBAA0EEF76AFB00BF03200E
:101E80006070A079002294F81D13CDE90012029031
:101E900094F81C3321798022204602F037FDA07986
:101EA000002294F81D13CDE90012029094F81C331F
:101EB0006179204602F02AFD18E0032D16D100BFFB
:101EC00098A0EEF745FBD2A0EEF742FBA4A0EEF7F8
:101ED0003FFB00BF00BFA3A0EEF73AFBA0A0EEF7C8
:101EE00037FB00BF0D20207000206070F1E1F3E0AF
:101EF000B4E06EE036E0FFE709212046FEF7CEFFB2
:101F0000054615B9042060702BE0032D29D100BFD0
:101F100084A0EEF71DFBCB48EEF71AFB90A0EEF77E
:101F200017FB00BF94F81E03401C84F81E0394F8AE
:101F30001E0303280AD900BF8AA0EEF709FB88A078
:101F4000EEF706FB00BF0D2020700AE06179204605
:101F5000FEF752FF21792046FEF74EFF0020607009
:101F60002070B6E1B4F83A132046FEF797FF054615
:101F700015B9052060702BE0032D29D100BF69A0A1
:101F8000EEF7E6FAAF48EEF7E3FA75A0EEF7E0FAFF
:101F900000BF94F81E03401C84F81E0394F81E032F
:101FA00003280AD900BF6FA0EEF7D2FA6CA0EEF7B3
:101FB000CFFA00BF0D2020700AE061792046FEF7BD
:101FC0001BFF21792046FEF717FF0020607020706C
:101FD0007FE194F8340378B394F83413FF2304F5C5
:101FE0008E722046FEF7BAFF054695B900BF04F58C
:101FF0008E7195A0EEF7ACFA59A0EEF7A9FA00BFE2
:102000000620607000231A460521204602F067FC76
:1020100023E0032D21D100BF90A0EEF799FA50A044
:10202000EEF796FA00BF0620607000231A460521DD
:10203000204602F054FC10E0FFE700BF87A0EEF757
:1020400087FA47A0EEF784FA00BF062060700023ED
:102050001A460521204602F042FC3AE194F8350385
:1020600048B394F83513FF2304F58E722046FEF72B
:1020700075FF054665B900BF04F58E717CA0EEF7CB
:1020800067FA37A0EEF764FA00BF0720607022E01D
:10209000032D20D100BF7AA0EEF75AFA30A0EEF758
:1020A00057FA00BF0720607000231A46052120461A
:1020B00002F015FC0FE000BF71A0EEF749FA28A06E
:1020C000EEF746FA00BF0720607000231A4605218C
:1020D000204602F004FCFCE094F8360308B394F8C0
:1020E0003613FF2304F58E722046FEF737FF0546B0
:1020F0005DB900BF04F58E7165A0EEF729FA18A04E
:10210000EEF726FA00BF0026E1E0032D08D100BF5C
:1021100064A0EEF71DFA12A0EEF71AFA00BF00262F
:10212000D5E0C9E04552524F523A2000436F6E74D9
:10213000726F6C206572726F723A2047657420442A
:1021400065766963652044657363726970746F7244
:102150002072657175657374206661696C656400D1
:102160000A000000436F6E74726F6C206572726FAC
:10217000722C20446576696365206E6F7420526509
:1021800073706F6E64696E6720506C656173652053
:10219000756E706C75672074686520446576696338
:1021A000652E00005049443A202578680000000060
:1021B0005649443A2025786800000000436F6E7449
:1021C000726F6C206572726F723A20476574204698
:1021D000756C6C2044657669636520446573637231
:1021E0006970746F722072657175657374206661B1
:1021F000696C65640000000041646472657373205B
:1022000028232564292061737369676E65642E0035
:10221000436F6E74726F6C206572726F723A2044F5
:1022200065766963652053657420416464726573E3
:10223000732072657175657374206661696C65647D
:1022400000000000F4C303084D616E75666163749D
:1022500075726572203A2025730000004D616E751D
:102260006661637475726572203A204E2F410000DA
:1022700050726F64756374203A202573000000006B
:1022800050726F64756374203A204E2F4100000035
:1022900053657269616C204E756D626572203A20DB
:1022A0002573000053657269616C204E756D62651F
:1022B00072203A204E2F410000BFAFF21800EEF717
:1022C00047F9AFF26410EEF743F900BF002600E0D3
:1022D00000BF00BF3046FEBD10B5044620780B2875
:1022E00007D1D4F84C0520B1D4F84C0581692046BB
:1022F000884710BD70B504460D46164664B900BF48
:102300001EA0EEF725F91FA0EEF722F922A0EEF7A6
:102310001FF900BF022070BD84F89C650020C4F83E
:102320004C05C4F850052046F0F7A9FF002184F8B9
:10233000231384F8201384F8211384F822130DB199
:10234000C4F8A4550022042110200CF0BAFBC4F8F4
:10235000A80512A0144908604FF4007048611820C5
:1023600088610A46214611480CF002FDC4F8AC050C
:10237000204600F0E9F80020CDE700004552524F1A
:10238000523A2000496E76616C696420486F73741C
:102390002068616E646C65000A0000005553424875
:1023A0005F5175657565000074FF00201D5A0208B5
:1023B0002DE9FF4107460C4615461E460020012127
:1023C00003230A468DE8320003903146384600F078
:1023D00072F9002004B0BDE8F0812DE9FF41074605
:1023E0000C4615461E460021A8B201221346CDE92F
:1023F0000024CDE902010A463146384600F05BF977
:10240000002004B0BDE8F08102460020704710B5FE
:102410000446012184F82013002184F8211384F854
:10242000221300231A460121204602F058FA002008
:1024300010BD10B50446012184F82113002184F851
:10244000201384F82313204600F026F92179204632
:10245000FEF7D2FC61792046FEF7CEFC00231A4637
:102460000121204602F03BFA002010BD70B5054660
:102470000C4695F89C0501280BD12CB900220102CD
:102480000648F2F79FFB04E0012211020348F2F72D
:1024900099FBC820F2F70AF9002070BD0000024045
:1024A00070B504460D462946D4F8A005F2F7DBFBCB
:1024B00070BD70B504460125D4F8A005F2F7A2FB63
:1024C00020B1012804D0022806D103E0002505E050
:1024D000012503E0022501E0012500BF00BF2846D9
:1024E00070BD30B503460020D3F8A025C1EB01151F
:1024F00002F1140404EB8504E47844B1C1EB011546
:1025000002F1140404EB850494F8280007E0C1EB01
:10251000011502F1140404EB850494F8290030BD80
:1025200070B504460D462946D4F8A005F2F791FB94
:1025300070BD10B50446D4F89405401CC4F8940549
:102540002046FFF7C9FE10BD70B5044694F89C05FF
:10255000012820D11148C0F8DC43C4F8A0054FF091
:10256000A0400E49086008210C4841710121C17149
:10257000002181710221417200218172F2F70CFE6B
:1025800008B1F0F707FF0548F2F736FB0546294684
:10259000204600F050F8002070BD0000BC0C002068
:1025A00010B5044600231A460121204602F097F98F
:1025B000002010BD2DE9FF5F04460D4616461F465C
:1025C000DDE90F9ADDF838804FF0000B0020039012
:1025D0008DE800073B4632462946D4F8A005F2F7BD
:1025E0004BFB83465846FEF7EDFC0390039804B07E
:1025F000BDE8F09F002280F82323012280F82123E8
:10260000704710B50446012184F8231300231A46AD
:10261000204602F064F910BD70B50446002500267E
:10262000D4F8A005F2F75EFE05462846FEF7CAFC80
:102630000646304670BDC0F89415704730B5044664
:10264000D4F8A035C1EB011503F1140000EB8500AF
:10265000C07840B1C1EB011503F1140000EB850017
:1026600080F8282007E0C1EB011503F1140000EB0E
:10267000850080F82920002030BD70B50446002573
:102680000026D4F8A005F2F73AFE05462846FEF7E4
:1026900099FC0646304670BD70B5044600250026FC
:1026A000D4F8A005F2F746FE05462846FEF78AFC58
:1026B0000646304670BD2DE9F04F87B004460D4602
:1026C00016461F46DDE912ABDDE9108900200690B1
:1026D00005908DE8000F3B4632462946D4F8A00508
:1026E000F2F75AFB06900698FEF76CFC05900598E9
:1026F00007B0BDE8F08F2DE9F04104468846154645
:102700000227D4F84C05C66915B1012D0CD105E09E
:10271000F1792046FEF797FA074606E0B1792046A0
:10272000FEF791FA074600E000BF00BF3846BDE85B
:10273000F08100000246D2F84C05C169054B4B659B
:10274000054B8B65012381F8503081F85230002011
:102750007047000055534243504030202DE9F84F58
:10276000074688464FF001090126B2460025D7F8F2
:102770004C05C469AB4694F850000C2870D2DFE8D1
:1027800000F06F06154E59929FE5F4F2F1F084F8CF
:102790006180022184F850100120009063791F228B
:1027A00004F154013846FDF7B8FF48E16179384635
:1027B000FFF7B6FE0546012D19D1E06D68B194F81A
:1027C000600000F08000802803D1032184F85010BD
:1027D00006E0052184F8501002E0072184F850102B
:1027E00000231A460221384602F079F816E0022D3D
:1027F00009D1012184F8501000231A4602213846DD
:1028000002F06DF80AE0052D08D10A2184F8501075
:1028100000231A460221384602F061F80FE12379BD
:1028200062898C2001593846FDF762FF042184F843
:10283000501004E121793846FFF772FE0546012D5C
:1028400025D16189E06D88420BD98C2000596189BE
:1028500001448C2001516189E06D411AE16502E07B
:10286000ECE00021E165E06D38B1237962898C20CC
:1028700001593846FDF73CFF14E0072184F8501059
:1028800000231A460221384602F029F80AE0052DF5
:1028900008D1092184F8501000231A460221384635
:1028A00002F01DF8CBE001200090637922898C2092
:1028B00001593846FDF731FF062184F85010BEE07B
:1028C00061793846FFF72CFE0546012D26D1218976
:1028D000E06D88420AD98C200059218901448C205E
:1028E00001512189E06D411AE16501E00021E165B6
:1028F000E06D48B101200090637922898C20015954
:102900003846FDF70AFF02E0072184F85010002343
:102910001A460221384601F0E2FF16E0022D09D1E5
:10292000052184F8501000231A460221384601F090
:10293000D6FF0AE0052D08D10A2184F850100023A3
:102940001A460221384601F0CAFF78E023790D22A9
:1029500004F178013846FDF7CBFE082184F85010C9
:102960006DE060E03DE02BE0FFE721793846FFF7BE
:10297000D7FD0546012D17D1012184F8501084F8A8
:102980005210384600F0E8F88246BAF1000F02D142
:102990004FF0000901E04FF0020900231A4602211E
:1029A000384601F09CFF0AE0052D08D1092184F882
:1029B000501000231A460221384601F090FF3EE0F5
:1029C000002241463846FFF796FE06461EB907210B
:1029D00084F8501004E0042E02D10B2184F850102A
:1029E0002DE0012241463846FFF785FE0646A6B98E
:1029F00061793846FFF775FD8346CBF10100C2B21D
:102A000061793846FFF71AFE217900223846FFF730
:102A100015FE092184F8501004E0042E02D10B2188
:102A200084F850100BE0384600F01FF88146B9F1E9
:102A3000000F02D1012184F8501000E000BF00BF58
:102A40004846BDE8F88F70B504460D46A1212174B3
:102A5000FE21617400216182A1820121E1820122B3
:102A600029462046FEF718F970BD10B5044621210D
:102A70002174FF21617400216182A182E182002220
:102A800011462046FEF708F910BD00002DE9F0417F
:102A90000746D7F84C05C4690126A07B20B102285F
:102AA00003D0032842D139E000BF21463846FFF762
:102AB000CAFF0646032E02D100202070002666BB06
:102AC0002078022801D9022001E02078401C2070E3
:102AD00000BF217818A0EDF73BFD1EA0EDF738FDF3
:102AE00000BF002516E0022105EB850000EBC502C2
:102AF00004F1900000EB82008170002105EB85005D
:102B000000EBC50204F1900000EB820080F8311068
:102B1000681CC5B22078A842E5DC08E000213846F0
:102B2000FEF791F808B9E07BA07300E000BF00BF9A
:102B30003046BDE8F08100004E756D626572206F11
:102B40006620737570706F72746564204C554E3AD0
:102B5000202564000A00000070B50546D5F84C0534
:102B6000C469012621792846FFF79AFC0D2801D077
:102B7000022619E00D49A06F884214D1E16FA06DC3
:102B8000814211D194F8840008B900260CE094F831
:102B90008400012801D1012606E094F8840002286F
:102BA00002D1022600E00226304670BD5553425342
:102BB0002DE9F04104460D461646D4F84C05C76988
:102BC000A7F8F85020780B280ED105EB850000EB14
:102BD000C50207F1900000EB820134223046EDF788
:102BE0009FFF0020BDE8F0810220FBE770B505469D
:102BF000D5F84C05C469607948B161792846FEF77B
:102C000019F861792846FEF7F7F8002060712079FD
:102C100048B121792846FEF70DF821792846FEF7BC
:102C2000EBF800202071D5F84C05C06940B1D5F80B
:102C30004C15C869EDF7EEFB0020D5F84C15C861BE
:102C4000002070BDFEB50546D5F84C05017950232E
:102C500006222846FEF789F80646FF2E01D00A2EE6
:102C60000FD300BF72A0EDF773FCD5F84C050168D7
:102C700072A0EDF76DFC7BA0EDF76AFC00BF0220AF
:102C8000FEBD3146284602F029FF07460FB102205B
:102C9000F6E74FF48270EDF78EFBD5F84C15C8615E
:102CA000D5F84C05C46964B900BF61A0EDF750FCCC
:102CB0006DA0EDF74DFC6BA0EDF74AFC00BF0220C4
:102CC000DEE74FF482712046EDF786FF06EBC60083
:102CD00000EB061105F2423000EB4100007B00F0F2
:102CE0008000A0B106EBC60000EB061105F24230F1
:102CF00000EB4100007BE07106EBC60000EB061123
:102D000005F2423000EB4100C089608113E006EB20
:102D1000C60000EB061105F2423000EB4100007BDB
:102D2000A07106EBC60000EB061105F2423000EB85
:102D30004100C089208106EBC60000EB061105F2B8
:102D4000423000EB4100007D00F08000A0B106EBB6
:102D5000C60000EB061105F2423000EB4100007D99
:102D6000E07106EBC60000EB061105F2423000EB05
:102D70004100C08A608113E006EBC60000EB06113B
:102D800005F2423000EB4100007DA07106EBC60069
:102D900000EB061105F2423000EB4100C08A2081B1
:102DA000002020736073A073A1792846FDF78BFC87
:102DB0006071E1792846FDF786FC20712846FFF70F
:102DC000B9FCA07980B1208970B12089022295F8E0
:102DD0001D13CDE90012029095F81C33A279617998
:102DE000284601F093FD01E0032049E7E07980B136
:102DF000608970B16089022295F81D13CDE9001237
:102E0000029095F81C33E2792179284601F07EFD85
:102E100001E0032034E7217900222846FFF70EFC69
:102E2000617900222846FFF709FC002028E700000E
:102E30004445425547203A200000000043616E6E31
:102E40006F742046696E642074686520696E7465CD
:102E5000726661636520666F7220257320636C6102
:102E600073732E000A00000043616E6E6F74206160
:102E70006C6C6F63617465206D656D6F727920662F
:102E80006F72204D53432048616E646C65000000F2
:102E90002DE9F0410646D6F84C05C4694FF001080B
:102EA00001250127207B20B1012876D00A2875D181
:102EB00090E3B4F8F8002178884270DA0121B4F880
:102EC000F80000EB800202EBC00204F1900000EB7E
:102ED00082004170B4F8F80000EB800101EBC00102
:102EE00004F1900010F8210009287CD2DFE800F0FE
:102EF000057BA9F01FEF7B7BEE0000BFB4F8F81054
:102F0000F8A0EDF725FBFAA0EDF722FB00BF0421A6
:102F1000B4F8F80000EB800202EBC00204F190006C
:102F200000F82210D6F89405C4F800013EE3B4F886
:102F3000F80000EB800303EBC00304F1900000EB0A
:102F4000830000F10F0294F8F810304600F020FDE5
:102F50000546002D4DD100BFB4F8F80000EB80020B
:102F600002EBC00204F1900000EB820000F11201BC
:102F7000E0A0EDF7EDFADEA0EDF7EAFA00BF00BF42
:102F8000B4F8F80000EB800202EBC00204F19000FC
:102F900000EB820000F11B0102E04CE34EE30DE385
:102FA000DAA0EDF7D5FAD2A0EDF7D2FA00BF00BF54
:102FB000B4F8F80000EB800202EBC00204F19000CC
:102FC00000EB820000F12C01D6A0EDF7C1FAC8A0F9
:102FD000EDF7BEFA00BF0221B4F8F80000EB800262
:102FE00002EBC00200E0E0E204F1900000F82210E1
:102FF00026E0022D0BD10521B4F8F80000EB800289
:1030000002EBC00204F1900000F8221018E0042D39
:1030100016D10821B4F8F80000EB800202EBC002E0
:1030200004F1900000F822100221B4F8F80000EB3F
:10303000800202EBC00204F1900000EB82004170BC
:10304000B4E294F8F810304600F048FE0746E7BBBB
:10305000B4F8F80000EB800101EBC00104F190002E
:1030600000EB81008078A0B10121B4F8F80000EBFA
:10307000800202EBC00204F1900000EB820080F8B5
:10308000311000BFADA0EDF763FA99A0EDF760FA3B
:103090000CE00021B4F8F80000EB800202EBC00263
:1030A00004F1900000EB820080F831100321B4F8A5
:1030B000F80000EB800202EBC00204F1900000F87F
:1030C00022100021B4F8F80003E017E067E297E16E
:1030D00083E000EB800202EBC00204F1900000EB01
:1030E00082004170B4F8F80000EB800202EBC002ED
:1030F00004F1900000EB820081706DE0022F52D14C
:10310000B4F8F80000EB800101EBC00104F190007D
:1031100000EB81008078022814D00121B4F8F80077
:1031200000EB800202EBC00204F1900000EB820091
:1031300080F8311000BF86A0EDF70AFA6CA0EDF719
:1031400007FA0CE00021B4F8F80000EB800202EB73
:10315000C00204F1900000EB820080F831100521DC
:10316000B4F8F80000EB800202EBC00204F190001A
:1031700000F822100121B4F8F80000EB800202EB05
:10318000C00204F1900000EB820041700221B4F80B
:10319000F80000EB800202EBC00204F1900000EBAB
:1031A0008200817018E0042F16D10821B4F8F800CD
:1031B00000EB800202EBC00204F1900000F8221044
:1031C0000221B4F8F80000EB800202EBC00204F127
:1031D000900000EB82004170E8E1B4F8F80000EBE9
:1031E000800303EBC00304F1900000EB8300021D99
:1031F00094F8F810304600F0A5FC0546002D70D17B
:10320000B4F8F80000EB800101EBC00104F190007C
:1032100000EB810090F83100012845D100BFB4F8DF
:10322000F80000EB800202EBC00204F1900000EB1A
:1032300082004068B4F8F82002EB820303EBC2037B
:1032400004F1900202EB8302128900FB02F146A016
:10325000EDF77EF926A0EDF77BF900BF00BFB4F8CB
:10326000F80000EB800202EBC00204F1900000EBDA
:103270008200416844A0EDF76BF91DA0EDF768F9F5
:1032800000BF00BFB4F8F80000EB800202EBC00200
:1032900004F1900000EB8200018940A0EDF758F99D
:1032A00013A0EDF755F900BF0121B4F8F80000EBC9
:1032B000800202EBC00204F1900000F8221000210D
:1032C000B4F8F80000EB800202EBC00204F19000B9
:1032D00000EB82004170B4F8F800401CA4F8F8003C
:1032E0008DE065E04C554E202325643A2000000017
:1032F0000A000000496E71756972792056656E6426
:103300006F7220203A20257300000000496E71750D
:103310006972792050726F64756374203A20257346
:1033200000000000496E71756972792056657273EC
:10333000696F6E203A202573000000004D53432032
:1033400044657669636520726561647900000000F8
:103350004D534320446576696365204E4F54207277
:1033600065616479000000004D534320446576692F
:103370006365206361706163697479203A20257503
:103380002042797465730000426C6F636B206E7528
:103390006D626572203A202575000000426C6F63F3
:1033A0006B2053697A652020203A202575000000A3
:1033B000022D0BD10521B4F8F80000EB800202EBDE
:1033C000C00204F1900000F8221018E0042D16D17C
:1033D0000821B4F8F80000EB800202EBC00204F10F
:1033E000900000F822100221B4F8F80000EB8002EF
:1033F00002EBC00204F1900000EB82004170D5E0C6
:10340000B4F8F80000EB800303EBC00304F1900074
:1034100000EB830000F10C0294F8F810304600F045
:10342000E5FB0546002D7CD1B4F8F80000EB8001E7
:1034300001EBC00104F1900000EB8100007B062845
:103440000CD0B4F8F80000EB800101EBC00104F1EE
:10345000900000EB8100007B022814D1D6F894057F
:10346000D4F80011401A42F2107188420BD20221A6
:10347000B4F8F80000EB800202EBC00204F1900007
:1034800000F8221092E000BFB4F8F80000EB8002D0
:1034900002EBC00204F1900000EB8200017B6AA005
:1034A000EDF756F8AFF2B810EDF752F800BF00BFD5
:1034B000B4F8F80000EB800202EBC00204F19000C7
:1034C00000EB8200417B64A0EDF742F8AFF2E01020
:1034D000EDF73EF800BF00BFB4F8F80000EB800243
:1034E00002EBC00204F1900000EB8200817B61A03E
:1034F000EDF72EF8AFF20820EDF72AF800BF012112
:10350000B4F8F80000EB800202EBC00204F1900076
:1035100000F82210B4F8F800401CA4F8F8003DE0D0
:10352000FFE7022D21D100BFAFF2DC10EDF710F85C
:10353000AFF24420EDF70CF800BF0821B4F8F80012
:1035400000EB800202EBC00204F1900000F82210B0
:103550000221B4F8F80000EB800202EBC00204F193
:10356000900000EB8200417018E0042D16D1082174
:10357000B4F8F80000EB800202EBC00204F1900006
:1035800000F822100221B4F8F80000EB800202EBF0
:10359000C00204F1900000EB8200417006E0B4F834
:1035A000F800401CA4F8F80000E000BF00BF0023B2
:1035B0001A460421304601F092F90AE00020A4F8EE
:1035C000F8000A20207300231A460421304601F037
:1035D00086F934E0B4F8FA00217888421FDAF8342A
:1035E0006088208034F8F80900EB800101EBC0010D
:1035F00004F1900000EB8100407828B902213046A8
:10360000D6F8A425904704E006213046D6F8A42534
:103610009047B4F8FA00401CA4F8FA0004E0002037
:10362000A4F8FA000120207300231A460421304632
:1036300001F055F903E04FF0000800E000BF00BFC3
:103640004046BDE8F081000053656E7365204B6510
:103650007920203A202578004164646974696F6E8E
:10366000616C2053656E736520436F6465203A205A
:10367000257800004164646974696F6E616C205341
:10368000656E736520436F6465205175616C696672
:103690006965723A202578002DE9F84380460C468A
:1036A000D8F84C05C5690127012604EB840000EB1E
:1036B000C40105F1900010F8210005286CD00628FF
:1036C00002D007287DD133E0002003460246214680
:1036D0000090404600F0DCF9064656B9012104EBA3
:1036E000840000EBC40205F1900000F822100027CE
:1036F00017E0022E09D1052104EB840000EBC4027F
:1037000005F1900000F822100BE0042E09D10821E9
:1037100004EB840000EBC40205F1900000F82210D5
:10372000022700231A460421404601F0D8F8ACE0F5
:1037300000200346024621460090404600F0FFFA72
:10374000064656B9012104EB840000EBC40205F1E2
:10375000900000F82210002717E0022E09D1052161
:1037600004EB840000EBC40205F1900000F8221085
:103770000BE0042E09D1082104EB840000EBC40205
:1037800005F1900000F82210022700231A460421B8
:10379000404601F0A4F878E004EB840000EBC4019B
:1037A00005F1900000EB810000F10C02214640463B
:1037B00000F01CFA0646002E49D100BF04EB84003D
:1037C00000E061E000EBC40205F1900000EB820034
:1037D000017B30A0ECF7BCFE32A0ECF7B9FE00BFD5
:1037E00000BF04EB840000EBC40205F1900000EB85
:1037F0008200417B2CA0ECF7ABFE2AA0ECF7A8FEE0
:1038000000BF00BF04EB840000EBC40205F1900090
:1038100000EB8200817B2BA0ECF79AFE21A0ECF755
:1038200097FE00BF012104EB840000EBC40205F108
:10383000900000F82210022104EB840000EBC40287
:1038400005F1900000EB82004170022715E0022E86
:1038500007D100BF24A0ECF77BFE12A0ECF778FEA6
:103860000BE0042E09D1082104EB840000EBC40214
:1038700005F1900000F82210022700231A460421C7
:10388000404601F02CF800E000BF00BF3846BDE81C
:10389000F883000053656E7365204B657920203AEC
:1038A000202578000A0000004164646974696F6E25
:1038B000616C2053656E736520436F6465203A2008
:1038C000257800004164646974696F6E616C2053EF
:1038D000656E736520436F6465205175616C696620
:1038E0006965723A202578004D5343204465766916
:1038F0006365204E4F5420726561647900000000BA
:103900002DE9F84F04460D4691469A460A9FD4F891
:103910004C05C669A6F8F85094F8230360B12078E6
:103920000B2809D105EB850000EBC50106F19000DD
:1039300010F82100012802D00220BDE8F88F0621EE
:1039400005EB850000EBC50206F1900000F822109F
:1039500053464A4629462046009700F099F8D4F885
:1039600094850DE0D4F89405A0EB080142F21070A4
:103970007843814202D894F8230308B90220DCE797
:1039800029462046FFF788FE0128EBD00020D4E727
:103990002DE9F04106460F4615464FF00208D6F8CD
:1039A0004C05C46994F85200012802D002286AD15B
:1039B0002FE02421E165802184F860100A2184F839
:1039C0006210002104F10F00C4F86310C4F86710FE
:1039D000A4F86B10122184F863107807010E84F8A4
:1039E0006410002184F8651084F86610242184F89E
:1039F0006710002184F86810012184F8501002211A
:103A000084F8521004F110008C2108514FF0010885
:103A10003AE039463046FEF7A1FE8046B8F1000F85
:103A200030D122212846EDF7B5F88C2000590078D6
:103A300000F01F0068708C20005900784011287039
:103A40008C200059407800F08000802802D10120AD
:103A5000A87001E00020A8708C2000598168C5F88A
:103A60000310C068C5F807008C20005900F1100150
:103A7000102205F10C00EDF70EF88C200059006AB9
:103A8000C5F81D0000E000BF00BF4046BDE8F08162
:103A90002DE9FF4105460E461F464FF00208D5F8B6
:103AA0004C05C46994F85200012802D0022843D181
:103AB0003CE006EB860000EBC60104F1900000EB51
:103AC000810001890A984143E165802184F86010F2
:103AD0000A2184F86210102104F16300EDF75AF80E
:103AE000282184F863109DF80B1084F865109DF868
:103AF0000A1084F866109DF8091084F867109DF884
:103B0000081084F868109DF8291084F86A109DF850
:103B1000281084F86B10012184F85010022184F8D9
:103B200052108C2007514FF0010806E0314628461C
:103B3000FEF714FE804600E000BF00BF404604B020
:103B4000BDE8F0812DE9F04106468846154601277B
:103B5000D6F84C05C46994F85200012802D0022816
:103B60003FD11BE00821E165802184F860100A2123
:103B700084F86210102104F16300EDF70BF82521A1
:103B800084F86310012184F85010022184F8521047
:103B900004F110008C210851012723E041463046F2
:103BA000FEF7DCFD0746DFB98C200059C1788C2078
:103BB0000059807841EA00218C200059407841EA80
:103BC00000418C200059007841EA006028608C2078
:103BD0000059C1798C200059807941EA0020A880E1
:103BE00000E000BF00BF3846BDE8F0812DE9F0419C
:103BF00006460F4615464FF00208D6F84C05C46934
:103C000094F85200012802D0022850D12BE00E2156
:103C1000E165802184F860100A2184F86210102187
:103C200004F16300ECF7B6FF032184F86310780712
:103C3000010E84F86410002184F8651084F8661081
:103C40000E2184F86710002184F86810012184F89F
:103C50005010022184F8521004F110008C210851F8
:103C60004FF0010824E039463046FEF777FD8046E4
:103C7000B8F1000F1AD18C200059807800F00F00A5
:103C800028708C200059007B68708C200059407B84
:103C9000A87068783A2809D100BF07A0ECF758FC53
:103CA0000DA0ECF755FC00BF4FF0040800E000BF8A
:103CB00000BF4046BDE8F0814D534320446576691E
:103CC0006365204D454449554D206E6F74207072D8
:103CD0006573656E740000000A0000002DE9F04174
:103CE00005460E460227D5F84C05C46994F85200E3
:103CF000012802D002281DD116E00021E16584F8D8
:103D000060100A2184F86210102104F16300ECF7BE
:103D100041FF002184F86310012184F85010022132
:103D200084F85210012706E031462846FEF716FDBA
:103D3000074600E000BF00BF3846BDE8F0812DE92E
:103D4000FF4105460E461F464FF00208D5F84C05C8
:103D5000C46994F85200012802D0022843D13CE003
:103D600006EB860000EBC60104F1900000EB810039
:103D700001890A984143E165002184F860100A2115
:103D800084F86210102104F16300ECF703FF2A218C
:103D900084F863109DF80B1084F865109DF80A10E4
:103DA00084F866109DF8091084F867109DF80810D3
:103DB00084F868109DF8291084F86A109DF828107E
:103DC00084F86B10012184F85010022184F85210FD
:103DD0008C2007514FF0010806E031462846FEF7D7
:103DE000BDFC804600E000BF00BF404604B0BDE817
:103DF000F08101460020704730B50246D2F84C45AC
:103E0000E369A3F8F81014780B2C0BD101EB8104B3
:103E100004EBC10503F1900404EB850464780CB94C
:103E2000012000E0002030BD2DE9F84F04460D468A
:103E300091469A460A9FD4F84C05C669A6F8F850F0
:103E400094F8230360B120780B2809D105EB850095
:103E500000EBC50106F1900010F82100012802D006
:103E60000220BDE8F88F072105EB850000EBC502B5
:103E700006F1900000F8221053464A462946204693
:103E80000097FFF75CFFD4F894850DE0D4F8940513
:103E9000A0EB080142F210707843814202D894F8F6
:103EA000230308B90220DCE729462046FFF7F4FB8C
:103EB0000128EBD00020D4E710B5044600231A46B1
:103EC0000521204600F00BFD002010BD70B5054611
:103ED0000126D5F84C05C46941F63C50005D10B18F
:103EE000012847D11BE0D5F8940500F00100A8B9DE
:103EF000D5F8940541F63C512144486041F62E50D6
:103F0000035D41F63650025D801D21180C312846B4
:103F1000FEF74EFA012141F63C5001552BE041F6E7
:103F20002E50015D2846FEF7FBFA012802D12846F3
:103F3000F5F798FBD5F8940541F63C5121444968C2
:103F4000401A41F63C5121440989884211D3D5F8E1
:103F5000940541F63C512144486041F62E50035DE2
:103F600041F63650025D801D21180C312846FEF7BF
:103F70001FFA00E000BF00BF304670BD704770B54B
:103F80000546D5F84C05C46941F62D50005D78B161
:103F900041F62D50015D2846FCF74CFE41F62D50B0
:103FA000015D2846FCF728FF002141F62D50015500
:103FB00041F62C50005D78B141F62C50015D284649
:103FC000FCF738FE41F62C50015D2846FCF714FF43
:103FD000002141F62C50015541F62E50005D78B17C
:103FE00041F62E50015D2846FCF724FE41F62E5086
:103FF000015D2846FCF700FF002141F62E500155D7
:10400000D5F84C05C06940B1D5F84C15C869ECF736
:1040100001FA0020D5F84C15C861002070BD0000E1
:104020002DE9FE43054601231A4606212846FCF7E2
:104030009CFE0746FF2F01D00A2F0DD300BFAAA078
:10404000ECF786FAABA0ECF783FAB7A0ECF780FAAE
:1040500000BF0220BDE8FE833946284601F03EFD40
:104060003946284601F03AFD8046B8F1000F01D0EC
:104070000220EFE72846F5F763FD0646FF2E01D044
:10408000052E0CD300BF98A0ECF762FAA7A0ECF7BE
:104090005FFAA5A0ECF75CFA00BF0220DAE742F273
:1040A000D010ECF788F9D5F84C15C861D5F84C0557
:1040B000C46964B900BF8CA0ECF74AFAA3A0ECF77E
:1040C00047FA99A0ECF744FA00BF0220C2E742F297
:1040D000D0112046ECF780FD07EBC70000EB07117D
:1040E00005F2423000EB41000A3000EBC600817857
:1040F00041F63150015507EBC70000EB071105F2FF
:10410000423000EB41000A3000EBC600818841F6E6
:1041100036500153401F015D2846FCF7D4FA41F6A2
:104120002E51085507EBC70000EB071105F242308E
:1041300000EB41000A3000EBC600807941F63C51AB
:104140002144088141F63650005B032295F81D1387
:10415000CDE90012029095F81C3341F63150025D12
:10416000C01E015D284600F0D1FB41F62E50015DD6
:1041700000222846FEF762FA2846F5F72AFD064691
:10418000FF2E01D0052E0CD300BF57A0ECF7E0F9AD
:1041900078A0ECF7DDF964A0ECF7DAF900BF0220B3
:1041A00058E707EBC70000EB071105F2423000EBC0
:1041B00041000A3000EBC600817841F630500155CD
:1041C00007EBC70000EB071105F2423000EB41009E
:1041D0000A3000EBC600818841F634500153001FBD
:1041E000015D2846FCF76FFA41F62C51085541F65F
:1041F0003450005B022295F81D13CDE900120290A5
:1042000095F81C3341F63050025D001F015D2846D1
:1042100000F07CFB41F62C50015D00222846FEF7A1
:104220000DFA2846F5F71EFD0646FF2E01D0052E95
:104230000CD300BF2CA0ECF78BF956A0ECF788F953
:1042400039A0ECF785F900BF022003E707EBC700B0
:1042500000EB071105F2423000EB41000A3000EBA1
:10426000C600817841F62F50015507EBC70000EBDF
:10427000071105F2423000EB41000A3000EBC600A6
:10428000818841F632500153C01E015D2846FCF77B
:104290001AFA41F62D510855481D005B022295F887
:1042A0001D13CDE90012029095F81C3341F62F50F2
:1042B000025D801E015D284600F028FB41F62D506E
:1042C000015D00222846FEF7B9F9022141F6385077
:1042D0000155002142F2CC10015141F63C500155EC
:1042E000284600F068FCB5E64445425547203A2090
:1042F0000000000043616E6E6F742046696E64209A
:1043000074686520696E7465726661636520666FA6
:1043100072205374696C6C20496D61676520436C31
:104320006173732E000000000A000000496E766180
:104330006C696420436F6E74726F6C20656E64707C
:104340006F696E74206E756D6265720043616E6E8A
:104350006F7420616C6C6F63617465206D656D6F47
:10436000727920666F72204D54502048616E646CE3
:1043700065000000496E76616C6964204461746177
:1043800020494E20656E64706F696E74206E756D85
:1043900062657200496E76616C6964204461746183
:1043A000204F555420656E64706F696E74206E7571
:1043B0006D626572000000002DE9F041074601259D
:1043C000D7F84C05C469002641F63850005D062830
:1043D0007ED2DFE800F0FE1C037DC8FD01213846D7
:1043E00000F0F6FB05468DB900BFBFA0ECF7B0F8B2
:1043F000C3A0ECF7ADF800BF012141F638500155DC
:1044000000231A460521384600F069FA68E1214682
:10441000384600F090FA0546002D7DD100BFB9A0C6
:10442000ECF796F8BAA0ECF793F8B5A0ECF790F893
:1044300000BF00BFB3A0ECF78BF82188BCA0ECF75D
:1044400087F8AFA0ECF784F800BF00BFADA0ECF791
:104450007FF86068062801D1BBA000E0BBA0014640
:10446000BEA0ECF775F8A6A0ECF772F800BF00BF8D
:10447000A4A0ECF76DF8B4F80A0108B9BCA000E0FC
:10448000BEA00146BFA0ECF763F89DA0ECF760F872
:1044900000BF00BF9BA0ECF75BF8C0A0D4F80C11E4
:1044A000ECF756F896A0ECF753F800BF00BF95A0C4
:1044B000ECF74EF8C3A0D4F8D811ECF749F890A067
:1044C000ECF746F800BF00BF8EA0ECF741F800E023
:1044D00005E1C5A0D4F8A412ECF73AF888A0ECF7EF
:1044E00037F800BF00BF87A0ECF732F804F5A161F0
:1044F000C7A0ECF72DF882A0ECF72AF800BF00BFA8
:1045000080A0ECF725F804F20761C6A0ECF720F8CC
:104510007BA0ECF71DF800E024E000BF00BF79A00D
:10452000ECF716F804F20671C1A0ECF711F874A0CC
:10453000ECF70EF800BF00BF72A0ECF709F804F624
:104540000501C0A0ECF704F86DA0ECF701F800BF7E
:10455000042141F63850015500231A4605213846FA
:1045600000F0BDF9BCE004F60411384600F066FA2C
:104570000546002D33D100BF62A0EBF7E9FFB6A0DE
:10458000D4F80419EBF7E4FF5DA0EBF7E1FF00BFFF
:10459000002610E000BF5BA0EBF7DAFF04F608107E
:1045A00050F826203146B4A0EBF7D2FF54A0EBF729
:1045B000CFFF00BF761CD4F80409B042EAD800212E
:1045C00042F2C8100151052141F63850015501E071
:1045D00006E076E000231A46384600F080F97FE0D6
:1045E00042F2C810005900EB001304F5126000EB12
:1045F000431242F2C810035904F6081050F8231071
:10460000384600F077FA0546002D59D100BF42F236
:10461000C810005900EB001C04F5126000EB4C10B0
:1046200000F21B1342F2C810005900EB001C04F505
:10463000126000EB4C1000F11C0242F2C81001594C
:1046400092A0EBF785FF2EA0EBF782FF00BF42F2AE
:10465000C8100059401C42F2C8110851D4F804197E
:10466000884227D3002141F638500155012142F2FA
:10467000CC1001510021001F015140F608100159D2
:1046800041F61850015100BF86A0EBF761FF1CA056
:10469000EBF75EFF00BF00BF04F63C1187A0EBF70D
:1046A00057FF17A0EBF754FF00BF02213846D7F899
:1046B000A425904700231A460521384600F00FF93B
:1046C0000EE03846FFF702FC0A200AF040F900230A
:1046D0001A460521384600F002F9002500E000BF27
:1046E00000BF2846BDE8F0814D54502053657373D8
:1046F000696F6E202330204F70656E656400000086
:104700000A0000004445425547203A2000000000BE
:104710003E3E3E3E3E204D545020446576696365E2
:1047200020496E666F726D6174696F6E00000000E3
:104730005374616E646172642076657273696F6E22
:10474000203A2025780000004D5450004E4F542050
:10475000535550504F5254454400000056656E6406
:104760006F72204578744944203A20257300000078
:104770005374616E646172640000000056656E647B
:104780006F72000046756E6374696F6E616C206DA8
:104790006F6465203A202573000000004E756D623D
:1047A0006572206F6620537570706F727465642037
:1047B0004F7065726174696F6E287329203A2025E5
:1047C000640000004E756D626572206F662053753F
:1047D00070706F72746564204576656E74732873AB
:1047E00029203A20256400004E756D626572206FA5
:1047F0006620537570706F727465642050726F70AC
:1048000072696574696573203A20256400000000B0
:104810004D616E756661637475726572203A20250C
:10482000730000004D6F64656C203A202573000012
:104830004465766963652076657273696F6E203AA8
:104840002025730053657269616C206E756D626519
:1048500072203A20257300004E756D626572206FDC
:10486000662073746F7261676520494420697465BE
:104870006D73203A2025640073746F72616765233D
:104880002564204944203A2025780000566F6C7535
:104890006D6523256C753A2025732020205B2573D8
:1048A0005D0000004D545020436C61737320696EAD
:1048B000697469616C697A65642E000025732069EA
:1048C000732064656661756C742073746F726167C0
:1048D0006520756E697400000146002070472DE95F
:1048E000F04104460D4616461F46C4F8B055D4F8AC
:1048F000A8050AF0C1F838B1FAB2334604F5B6613A
:10490000D4F8A8050AF02AF9BDE8F0812DE9FE4F98
:1049100004460D4616461F46DDE90D9ADDF8308047
:104920003B463246294620468DE80007FDF742FE09
:104930000020BDE8FE8FF0B589B005460F46012680
:10494000D5F84C05C46941F66150005D012802D0DC
:10495000022847D13CE0022142F2AC10015104F59B
:10496000EB50243042F2B0110851002142F2B41051
:1049700001514FF40750015142F2B810015141F278
:104980000100ADF8000042F2A8100059019042F277
:10499000A4100059029042F2A4100059401C42F2A7
:1049A000A411085100208DF820006946284600F027
:1049B0002FFB01214FF4EB5001550221401C015502
:1049C000012600231A4605212846FFF788FF0AE042
:1049D000284600F046F906461EB939462846F8F73B
:1049E0008FFD00E000BF00BF304609B0F0BD10B53C
:1049F00003460020D3F84C45E26942F28A14A45AD7
:104A00000C8042F2A814A4584C6042F28C14A458B2
:104A10008C6042F29014A458CC6042F29414A458D2
:104A20000C6142F29814A4584C6142F29C14A458B0
:104A30008C6142F2A014A458CC6110BDF0B589B0CD
:104A400005460F460126D5F84C05C46941F661506C
:104A5000005D012802D0022847D13CE0022142F249
:104A6000AC10015104F5EB50243042F2B011085162
:104A7000002142F2B41001514FF40750015142F2AB
:104A8000B810015141F20400ADF8000042F2A81044
:104A90000059019042F2A4100059029042F2A41071
:104AA0000059401C42F2A411085100208DF820004A
:104AB0006946284600F0ACFA01214FF4EB5001554D
:104AC0000221401C0155012600231A4605212846D3
:104AD000FFF705FF0AE0284600F0C3F806461EB9B6
:104AE00039462846F8F728FE00E000BF00BF3046F0
:104AF00009B0F0BD2DE9F0418AB005460E4690465A
:104B00000127D5F84C05C46941F66150005D0128C4
:104B100002D0022849D13DE0022142F2AC100151FD
:104B200004F5EB50243042F2B0110851002142F25A
:104B3000B41001514FF40750015142F2B810015125
:104B400041F20500ADF8040042F2A81000590290AD
:104B500042F2A4100059039042F2A4100059401CE4
:104B600042F2A4110851049601208DF8240001A9F5
:104B7000284600F04DFA01214FF4EB500155022177
:104B8000401C0155012700231A4605212846FFF73E
:104B9000A6FE0BE0284600F064F8074627B9424617
:104BA00031462846F8F7DBFD00E000BF00BF38467D
:104BB0000AB0BDE8F0810146D1F84C05C269002376
:104BC0004FF4EB5083540123401C83540020704762
:104BD000F0B589B006460D460127D6F84C05C469E4
:104BE00041F66150005D012802D0022834D12EE048
:104BF000002142F2A4100151001D0551001D015178
:104C000041F20200ADF80000019542F2A4100059F3
:104C1000029042F2A4100059401C42F2A411085123
:104C2000039501208DF820006946304600F0F0F928
:104C300001214FF4EB5001550221401C0155012781
:104C400000231A4605213046FFF749FE05E03046AD
:104C500000F007F8074600E000BF00BF384609B083
:104C6000F0BD2DE9F0418AB007464FF0010800255C
:104C7000D7F84C05C4694FF4EB50005D0A2873D295
:104C8000DFE800F005061A6073F2F0EFEEEDBAE12E
:104C90000120009041F62D50035D41F66450005B09
:104CA00082B204F5EB51091D3846FBF736FD0221AF
:104CB0004FF4EB500155A6E141F62D50015D384609
:104CC000FDF72EFC0546012D22D142F2AC10005911
:104CD00020B907214FF4EB50015512E042F2AC101D
:104CE0000059012804D103214FF4EB50015508E08D
:104CF00042F2AC100059022803D105214FF4EB50C9
:104D0000015500231A4602213846FFF7E8FD18E056
:104D1000022D0AD101214FF4EB50015500231A4610
:104D200002213846FFF7DBFD0BE0052D09D10921F3
:104D30004FF4EB50015500231A4602213846FFF785
:104D4000CEFD60E10120009041F62D50035D401D35
:104D5000025B42F2B01001593846FBF7DEFC042139
:104D60004FF4EB5001554EE14CE141F62D50015D01
:104D70003846FDF7D5FB0546012D56D142F2B41059
:104D8000015941F63250005B81422DD942F2B010F8
:104D9000015941F63250005B014442F2B01001511A
:104DA000001D015941F63250005B091A42F2B4105D
:104DB0000151001D015941F63250005B014442F29D
:104DC000B81001510059B0F57D7F11D33846F8F77E
:104DD00057FB002142F2B8100151001D0059401C40
:104DE00042F2BC11085103E0002142F2B41001511B
:104DF00042F2B410005968B10120009041F62D50E4
:104E0000035D401D025B42F2B01001593846FBF7CA
:104E100084FC03E007214FF4EB50015500231A46B0
:104E200002213846FFF75BFD18E0022D0AD103216D
:104E30004FF4EB50015500231A4602213846FFF784
:104E40004EFD0BE0052D09D109214FF4EB50015522
:104E500000231A4602213846FFF741FDD3E0CCE09B
:104E6000A1E090E011E0FFE741F62C50035D41F630
:104E70003450025B42F2B01001593846FBF738FC5F
:104E800006214FF4EB500155BDE041F62C50015D79
:104E90003846FDF745FB0546012D67D141F62C50FC
:104EA000015D3846FDF7FCFA06464FF407500259FB
:104EB0000059401C4FF40751085152B942F2B0104A
:104EC0000059016842F2B4100151002142F2BC10B5
:104ED000015141F63450005BB04235D842F2B41073
:104EE000005980B342F2B0100059811942F2B0105B
:104EF0000151001D0059811B42F2B4100151001DE7
:104F00000059811942F2B81001510059B0F57D7F66
:104F10000CD33846F8F7B4FA002142F2B810015128
:104F2000001D0059401C42F2BC11085141F62C50A2
:104F3000035D41F63450025B42F2B010015938462D
:104F4000FBF7D6FB1EE0FFE742F2B4100059811BCD
:104F500042F2B410015107214FF4EB5001550023E8
:104F60001A4602213846FFF7BAFC0BE0052D09D19D
:104F700009214FF4EB50015500231A46022138460F
:104F8000FFF7ADFC3FE041F62C50035D3F2204F5F6
:104F9000EB5101F224413846FBF7AAFB08214FF4FC
:104FA000EB5001552FE041F62C50015D3846FDF7DE
:104FB000B7FA0546012D13D101A93846FFF717FDB1
:104FC000BDF8040042F20101884202D14FF000080E
:104FD00001E04FF00208012141F6615001550BE05C
:104FE000052D09D109214FF4EB50015500231A4634
:104FF00002213846FFF773FC05E0012141F66150BC
:10500000015500E000BF00BF40460AB0BDE8F08196
:105010002DE9F04106460D460027D6F84C05C46937
:10502000202104F5EB50001DEBF7D6FD95F820008C
:10503000C0F105008000C0F1200141F6645001512B
:105040000121001D01532988801C0153801CA9687F
:105050000151001DE9680151001D29690151001D20
:1050600069690151001DA9690151001DE9690151DA
:105070003846BDE8F0812DE9F74F82B083460C46F3
:105080000BF54E7500200190814680461CB9022028
:1050900005B0BDE8F08F26463078092801D00920F8
:1050A00030702078287060786870A178E07841EAE4
:1050B0000020FF2804DCA178E07841EA002001E02C
:1050C0004FF4807068802079287160796871A079C8
:1050D000A871E079E871207A28720498092877D9B4
:1050E00009200090002760E069463046FBF7CCFEBF
:1050F00006467078042858D13078092801D0092054
:10510000307009EBC90000EB091105F10A0000EB52
:1051100041073146384600F04AF94FF00008C246D0
:105120002FE069463046FBF7AFFE0646707805284B
:1051300027D1787901280DD1B879022802D0B87921
:10514000032807D1F87938B93078092804D0092024
:10515000307001E00720307009EBC90000EB091145
:1051600005F10A0000EB41000A3000EBC80A3246A4
:105170005146584600F087F8019008F1010000F010
:10518000FF08B8F1050F07D23879404504DD68887B
:10519000BDF800108842C4DC3879404501DD0320A9
:1051A00076E709F1010000F0FF09B9F10A0F04D216
:1051B0006888BDF80010884296DC28790A2802DA4F
:1051C000287901E004E00A20484501DD03205FE77B
:1051D00001985DE770B50346144603F226320025B8
:1051E00009B9022070BD08781070487850708E7828
:1051F000C87846EA002050800879107148795071CB
:1052000088799071C879D07193F81D0318B193F81B
:105210001D03012811D1D079082806D0102805D007
:10522000202804D0402804D102E000BF00BF00BF06
:1052300002E00820D07100BF0AE093F81D030228A5
:1052400005D1D079082803D00820D07100E00325CB
:10525000082C16D90E7A487A46EA002010818E7AF8
:10526000C87A46EA002050810E7B487B46EA00203F
:105270009081887B9073C87BD073087C1074487CC5
:1052800050742846AEE730B50346002014780C7001
:1052900054784C7094788C70D478CC70157954799B
:1052A00045EA04248C8094798C718C883CB18C887C
:1052B000B4F5806F03D88C88B4F5007F00D9032043
:1052C00093F81D4334BBCC7804F00304022C05D1C1
:1052D0008C88B4F5007F69D9032067E0CC7804F0AE
:1052E000030424B98C88402C60D903205EE0CC787C
:1052F00004F00304012C04D0CC7804F00304032C44
:1053000006D18C7914B18C79102C4FD903204DE043
:1053100003204BE093F81D43012C2BD1CC7804F0F3
:105320000304022C03D0CC7804F0030424B98C8845
:10533000402C3BD9032039E0CC7804F00304012C45
:1053400009D18C792CB18C79102C02D88C88402C06
:105350002CD903202AE0CC7804F00304032C07D1D5
:105360008C791CB18C88B4F5806F1FD303201DE0AD
:1053700003201BE093F81D43022C16D1CC7804F0D7
:10538000030424B98C88082C10D003200EE0CC78BC
:1053900004F00304032C06D18C7914B18C88082CFA
:1053A00004D9032002E0032000E0032030BD0A7886
:1053B00002704A7842708A788270CA78C2700A791C
:1053C00002714A7942718A798271CA79C2710A7A04
:1053D0000272704730B513464578032D14D1057815
:1053E000AD1E9D4202D80578AD1E00E01D46ACB250
:1053F000801C002204E0855C0D70491C951CAAB23B
:10540000A242F8DB00250D7030BD00007FB50446D8
:1054100002200390002594F82103012801D10320E4
:10542000207020780E287DD2DFE800F0072764FC8A
:105430007CA4FBCFE0FDF9F87CF794F82003D8B109
:1054400000BFF5A0EBF784F8F9A0EBF781F800BFF7
:1054500001202070C820FBF782FC2046FDF7DCF815
:10546000002184F81C130020C4F8980500231A4674
:1054700001212046FFF733FACCE294F823030128F8
:105480000DD100BFEBA0EBF763F8E9A0EBF760F8F4
:1054900000BF002184F81F130220207023E0D4F8FD
:1054A0009805B0F57A7F16D994F81F03401C84F84C
:1054B0001F0394F81F0303280AD900BFE4A0EBF7E9
:1054C00047F8DBA0EBF744F800BF0D2020700AE09E
:1054D0000020207007E0D4F898050A30C4F8980539
:1054E0000A20FBF73CFC00231A4601212046FFF767
:1054F000F6F98FE2D4F8A40520B104212046D4F8AF
:10550000A42590476420FBF72AFC2046FCF7D1FF36
:1055100084F81D030520207000212046FBF7D3F8F6
:10552000607100E074E280212046FBF7CCF8207126
:10553000A079002294F81D13CDE90012029094F88E
:105540001C33217980222046FFF7E0F9A079002260
:1055500094F81D13CDE90012029094F81C33617980
:105560002046FFF7D3F900231A4601212046FFF712
:10557000B6F94FE22046FCF7C1FB03909DF80C0002
:10558000002821D100BFBDA0EAF7E2FFA8A0EAF7FA
:10559000DFFF00BF002184F8241394F837030128AB
:1055A0000AD100BFBAA0EAF7D3FFA1A0EAF7D0FF63
:1055B00000BF0820207001E00720207000231A4659
:1055C00005212046FFF78BF924E2D4F8A40560B149
:1055D00001212046D4F8A4259047082020700023FC
:1055E0001A4605212046FFF77AF913E294F83D1395
:1055F000204600F019FB48B90920207000BFAEA07A
:10560000EAF7A6FF8AA0EAF7A3FF00BF00231A4625
:1056100001212046FFF763F9FCE1FAE1C6E032E040
:1056200001E08FE0CBE094F83F0300F0200008B3E6
:105630000121204600F00CFB03909DF80C0050B9AE
:1056400000BFA4A0EAF784FF79A0EAF781FF00BFBA
:105650000A20207010E09DF80C0003280CD100BF38
:10566000A4A0EAF775FF72A0EAF772FF00BF0A2054
:10567000207001E00A20207000231A4601212046F4
:10568000FFF72DF9C6E1D4F8500538B900BFA4A042
:10569000EAF75EFF66A0EAF75BFF4CE00020C4F883
:1056A0004C05002511E004F5A76050F825000179AC
:1056B00094F84703814206D104F5A76050F825000D
:1056C000C4F84C0503E0681CC5B2052DEBD300BF40
:1056D000D4F84C0528B3D4F84C0581682046884797
:1056E00090B90620207000BFD4F84C05016894A042
:1056F000EAF72EFF4EA0EAF72BFF00BF032120465A
:10570000D4F8A425904716E00D20207000BFD4F8EF
:105710004C0501688FA0EAF71BFF45A0EAF718FFC8
:1057200009E00D20207000BF92A0EAF711FF40A011
:10573000EAF70EFF00BF00231A4605212046FFF7B7
:10574000CEF867E1D4F84C05E0B1D4F84C05016916
:105750002046884703909DF80C0010B90B2020705C
:105760001DE09DF80C00022819D10D20207000BF0B
:105770008AA0EAF7EDFE8BA0EAF7EAFE2CA0EAF792
:10578000E7FE0CE00D20207000BF84A0EAF7E0FEE9
:105790008EA0EAF7DDFE26A0EAF7DAFE00BF0023BE
:1057A0001A4605212046FFF79AF833E1D4F84C0554
:1057B00020B1D4F84C054169204688472AE10021F0
:1057C00084F821132046EDF75AFDD4F84C0538B182
:1057D000D4F84C05C168204688470020C4F84C0521
:1057E000D4F8A40520B105212046D4F8A42590477B
:1057F00000BF7CA0EAF7ACFE0DA0EAF7A9FE00BF4F
:1058000094F82203012806D1002184F822132046AF
:1058100000F047FAF5E0F1E055534220446576691F
:10582000636520436F6E6E656374656400000000FD
:105830000A00000055534220446576696365205292
:105840006573657420436F6D706C657465640000EA
:10585000555342205265736574204661696C6564D6
:105860002C20506C6561736520756E706C756720B7
:10587000746865204465766963652E00456E756DB4
:1058800065726174696F6E20646F6E652E00000032
:105890005468697320646576696365206861732064
:1058A0006F6E6C79203120636F6E66696775726107
:1058B00074696F6E2E00000044656661756C74201B
:1058C000636F6E66696775726174696F6E20736568
:1058D000742E00004465766963652072656D6F748F
:1058E000652077616B65757020656E61626C6564BB
:1058F0000000000052656D6F74652077616B6575FF
:1059000070206E6F7420737570706F727465642090
:1059100062792074686520646576696365000000BB
:105920004E6F20436C6173732068617320626565FC
:105930006E20726567697374657265642E0000007D
:10594000257320636C617373207374617274656472
:105950002E000000446576696365206E6F742073C5
:105960007570706F7274696E6720257320636C6147
:1059700073732E004E6F207265676973746572656C
:105980006420636C61737320666F7220746869733E
:10599000206465766963652E000000004552524F11
:1059A000523A2000446576696365206E6F742072F8
:1059B0006573706F6E64696E6720506C65617365A6
:1059C00020556E706C75672E00000000496E766180
:1059D0006C696420436C61737320447269766572EC
:1059E0002E000000555342204465766963652064AB
:1059F0006973636F6E6E6563746564002046FCF7BF
:105A00003CFE00231A4601212046FEF768FF01E014
:105A100000BF00BF00BF002004B070BD044600BF3F
:105A20004FF0FF33002204F5B661D4F8A80508F062
:105A3000E3FF0546002DF3D12046FFF7E7FCEFE733
:105A400070B504460D460026D5B1D4F8500505289A
:105A500009D2D4F85015481CC4F8500504F5A760C5
:105A600040F8215018E000BF0CA0EAF771FD0DA02E
:105A7000EAF76EFD12A0EAF76BFD00BF02260BE00D
:105A800000BF06A0EAF764FD0EA0EAF761FD0CA0D6
:105A9000EAF75EFD00BF0226304670BD4552524F08
:105AA000523A20004D617820436C617373204E752B
:105AB0006D62657220726561636865640000000054
:105AC0000A000000496E76616C696420436C617362
:105AD000732068616E646C650000000070B5044658
:105AE0000D46002694F83C03A8423DDD84F824537B
:105AF00000BF294623A0EAF72BFD2AA0EAF728FDDC
:105B000000BF00BF05EBC50000EB051204F24230F8
:105B100000EB4200417924A0EAF71AFD21A0EAF740
:105B200017FD00BF00BF05EBC50000EB051204F236
:105B3000423000EB420081791FA0EAF709FD19A06D
:105B4000EAF706FD00BF00BF05EBC50000EB05123C
:105B500004F2423000EB4200C1791BA0EAF7F8FCE6
:105B600010A0EAF7F5FC0BE000BF1BA0EAF7F0FC81
:105B70001BA0EAF7EDFC0BA0EAF7EAFC00BF022647
:105B8000304670BD537769746368696E6720746FBF
:105B900020496E7465726661636520282325642937
:105BA000000000000A000000436C61737320202095
:105BB000203A202578680000537562436C61737346
:105BC000203A20257868000050726F746F636F6C04
:105BD000203A2025786800004552524F523A200062
:105BE00043616E6E6F742053656C656374205468F6
:105BF000697320496E746572666163652E000000EA
:105C000070B504460D46A078012807D10021217403
:105C10000521617465820021A182E1820022114682
:105C20002046FBF739F870BD70B504460D46A078E4
:105C3000012807D1002121740921617465820021A6
:105C4000A182E182002211462046FBF725F870BDB3
:105C500070B504460D46A078012807D100212174B3
:105C60000321617465820021A182E1820022114634
:105C70002046FBF711F870BD70B504460D46164678
:105C8000A078012807D1012121740B21617466825B
:105C9000A5820021E182002211462046FAF7FCFF8E
:105CA00070BD10B504462046FCF7E7FC01212046F4
:105CB000FCF7DCFB002010BD012906D0022909D029
:105CC00004290BD005290DD100E00CE00322074B7D
:105CD0001A7008E00222054B1A7004E00122034BFF
:105CE0001A7000E000BF00BF7047000015000020E0
:105CF0000146002070470000F0B58DB005460E4605
:105D00001446012736B1012E06D0022E10D0032EE4
:105D10002CD11AE000272BE06A4629461648FCF7EA
:105D200047FF18B901982060002700E001271FE015
:105D30006A4629461048FCF73BFF20B9BDF8080029
:105D40002060002700E0012712E06A4629460A4841
:105D5000FCF72EFF40B9BDF80800C11700EBD15188
:105D600049122160002700E0012701E0042700BF5D
:105D700000BF38460DB0F0BD080700202DE9F04106
:105D80008EB004460D4617461E464FF001082B46BE
:105D90003A46214616480096FDF7B2FD10B94FF07D
:105DA000000821E001AA21461148FCF701FF9DF8F7
:105DB0001100042804D0282804D03A2810D100E08B
:105DC00000BF00BF00BF0BA0EAF7C2FB0BA0EAF7C1
:105DD000BFFB10A0EAF7BCFB00BF4FF0030802E0D6
:105DE0004FF0010800BF00BF40460EB0BDE8F08193
:105DF000080700204552524F523A20005553422086
:105E00004469736B206973206E6F742072656164DE
:105E1000792100000A00000070B5044601252146E2
:105E20000448FDF7E9FF08B1002500E001252846F8
:105E300070BD0000080700202DE9F0418EB0044637
:105E40000D4617461E464FF001082B463A4621469E
:105E50001E480096FDF7E8FF10B94FF0000831E04A
:105E600001AA21461948FCF7A3FE9DF81100042859
:105E700014D0272804D0282812D03A281ED10EE0AA
:105E800000BF13A0EAF764FB13A0EAF761FB1AA0B6
:105E9000EAF75EFB00BF4FF0020812E000BF00BF50
:105EA00000BF0BA0EAF754FB14A0EAF751FB12A0C5
:105EB000EAF74EFB00BF4FF0030802E04FF0010885
:105EC00000BF00BF40460EB0BDE8F08108070020CB
:105ED0004552524F523A2000555342204469736B49
:105EE0002069732057726974652070726F746563DE
:105EF00074656421000000000A0000005553422030
:105F00004469736B206973206E6F742072656164DD
:105F1000792100000FB470B504469DF819000128DE
:105F200018D1A06B20F48030A063E0681B490840C2
:105F3000E060E06820F44010E0609DF82000012857
:105F400003D1E06840F48010E060204600F028F8BB
:105F5000054613E0E06840F04000E060204600F0B5
:105F60001FF805469DF81D0020B9A06B40F4803055
:105F7000A06303E0A06B20F48030A0639DF81600BE
:105F8000012807D1A06840F00600A060A06840F09A
:105F90002000A060284670BC5DF814FBBFFFBDFF69
:105FA00008B501460020009000BF0098401C0090FA
:105FB0000098B0F1706F01D9032008BD086900F0A6
:105FC00000400028F1D00A20009002E00098401E16
:105FD000009000980028F9D1086940F0010008619C
:105FE00000BF0098401C00900098B0F1706F01D97C
:105FF0000320E2E7086900F001000028F1D100BFAA
:10600000DBE70146886820F00100886000207047C7
:10601000F0B503461C460A4601260D4800EAC64074
:1060200040F00047114604F5A06000EB4110076105
:1060300004F5A06000EB4110056825F0804545F0AF
:10604000004504F5A06000EB411005600020F0BDA4
:106050000000F81F08B50246134600200090D3F850
:1060600040040090009820F02E000090009800F46A
:10607000805030B9012904D1009840F48050C3F811
:106080004004009800F48050B0F5805F05D121B93C
:10609000009820F48050C3F84004002008BD014659
:1060A000886840F0010088600020704708B501460C
:1060B0000020009000BF0098401C00900098B0F1B4
:1060C000706F01D9032008BD086900F00040002866
:1060D000F1D0002000901020086100BF0098401C03
:1060E00000900098B0F1706F01D90320EBE70869C8
:1060F00000F010001028F1D00020E4E708B50246B7
:106100000020009000BF0098401C00900098B0F163
:10611000706F01D9032008BD106900F0004000280D
:10612000F1D000200090202040EA8110106100BFD3
:106130000098401C00900098B0F1706F01D90320C6
:10614000E9E7106900F020002028F1D00020E2E704
:1061500001460A464FF48160805880B2704708B506
:1061600001460A4600200090D2F8400400900098B2
:10617000C0F3414008BD0146486900F00100704786
:10618000F8B503460C461A4621460020009002F559
:10619000A06000EB41100068C0F3814502F5A060EB
:1061A00000EB41100068C60F02F5A06000EB411043
:1061B0004068C70F986800F02000202807D137B941
:1061C0001EB1012D01D0032D01D10020F8BD0DB16C
:1061D000022D60D102F5A06000EB4110006840F094
:1061E000804C02F5A06000EB4110C0F800C0986838
:1061F00000F0200088BBD86A00F47F0070BB02F575
:10620000A06000EB4110006820F0004C02F5A06097
:1062100000EB4110C0F800C002F5A06000EB411097
:10622000006840F0004C02F5A06000EB4110C0F89F
:1062300000C000BF0098401C00900098B0F57A7F25
:1062400000D909E002F5A06000EB4110006800F001
:106250000040B0F1004FEDD06BE00EE0FFE702F53B
:10626000A06000EB4110006840F0004C02F5A06017
:1062700000EB4110C0F800C05BE002F5A06000EB4D
:106280004110006840F0004C02F5A06000EB4110A6
:10629000C0F800C04DE002F5A06000EB41100068BE
:1062A00040F0804C02F5A06000EB4110C0F800C047
:1062B0004FF48260805800F47F0068BB02F5A06054
:1062C00000EB4110006820F0004C02F5A06000EBEC
:1062D0004110C0F800C002F5A06000EB411000685A
:1062E00040F0004C02F5A06000EB4110C0F800C087
:1062F00000BF0098401C00900098B0F57A7F00D94C
:1063000009E002F5A06000EB4110006800F00040D9
:10631000B0F1004FEDD00CE002F5A06000EB4110B1
:10632000006840F0004C02F5A06000EB4110C0F89E
:1063300000C000204AE700002DE9FF4F81B006466B
:106340000C461746DDF83C80002000903546411E83
:1063500005F5A06000EB44108160B8F1000F09D092
:10636000B8F1010F47D0B8F1020F04D0B8F1030F14
:1063700059D128E000BF40F29D4105F5A06000EB37
:106380004410C16007F0800080280CD105F5A060A2
:1063900000EB4410C06840F4807105F5A06000EB8C
:1063A0004410C1600EE0584886420BD105F5A0604C
:1063B00000EB4410C06840F0600105F5A06000EB00
:1063C0004410C16032E040F29D6105F5A06000EB31
:1063D0004410C16007F0800080280BD105F5A06053
:1063E00000EB4410C06840F4807105F5A06000EB3C
:1063F0004410C1601AE040F2252105F5A06000EBD1
:106400004410C16007F0800080280BD105F5A06022
:1064100000EB4410C06840F4C07105F5A06000EBCB
:106420004410C16002E00120009000BF00BF0021C5
:1064300005F5A06000EB4410416005F5A06000EB9D
:106440004410C06840F0020105F5A06000EB441064
:10645000C1604FF48360415904F00F020120904065
:1064600008434FF483614851B06940F00070B06157
:1064700007F08000802802D14FF4004901E04FF07E
:1064800000093046FFF76BFE83460E98022805D1BF
:10649000BBF1020F02D04FF4003A01E04FF0000AC6
:1064A0004FF0FE51049801EA80504FF4F04101EAA8
:1064B000C72108434FF4402101EA8841084310995D
:1064C000C1F30A01084340F4801040EA090040EAA1
:1064D0000A0005F5A06101EB44110860B8F1030F53
:1064E00002D0B8F1010F0BD105F5A06000EB44100C
:1064F000006840F0005105F5A06000EB4410016019
:10650000009805B0BDE8F08F0000044001460A463F
:1065100040F21440805880B2704700002DE9FE4FD1
:1065200080460C469146464665784FF4807BDB48B2
:10653000804522D1B9F1010F13D1A07C10B1A07C0C
:1065400002281AD1A079C0B906F5A06000EB451069
:10655000C06820F0700106F5A06000EB4510C16036
:106560000BE0207948B96079012806D1617840466E
:10657000FFF74EFD0020BDE8FE8FA079012838D13D
:106580000127E07818B1A08A7843E0614AE0A07C56
:10659000012820D1206ABC280FD9A08AE061E069D7
:1065A0002062E068012802D0E068022802D10220BF
:1065B000E06037E00120E06034E0206AE061E068FC
:1065C000012805D0E068022802D00420E06029E01C
:1065D0000320E06026E0B9F1010F07D1A18A206A0B
:1065E000884203D9A08A7843E0611BE0206AE06119
:1065F00018E0206A68B1A18A206A0844401EB0FBF6
:10660000F1F087B25F4505DD5F46A08A7843E0611F
:1066100000E00127E07818B1A08A7843E06101E04A
:10662000206AE061E069C0F312009D4901EAC741B8
:106630000843A17D4FF0C04202EA4171084306F5CC
:10664000A06101EB45110861B9F1000F05D006F515
:10665000A06000EB4510A16941614FF48160805951
:1066600000F0010080F00100019006F5A06000EB51
:106670004510006820F0005106F5A06000EB4510C1
:10668000016006F5A06000EB45100168019841EA41
:10669000407106F5A06000EB45100160A07901286B
:1066A00074D1207C617C40EAC11040F0004106F5C5
:1066B000A06000EB4510416006F5A06000EB4510BE
:1066C000C06840F0600106F5A06000EB4510C160B5
:1066D000E079012819D1E078B8B906F5A06000EB9F
:1066E0004510406840F4803106F5A06000EB45108D
:1066F000416006F5A06000EB4510C06840F0400125
:1067000006F5A06000EB4510C160A07C012802D016
:10671000A07C032811D1E07901280ED1E07801286E
:106720000BD106F5A06000EB4510406840F48031C5
:1067300006F5A06000EB45104160A07C012849D11E
:10674000E07888BBE068012806D0022811D0032831
:106750001DD0042836D128E006F5A06000EB4510D6
:10676000406840F4004106F5A06000EB4510416030
:1067700029E006F5A06000EB4510406840F00E01EE
:1067800006F5A06000EB451041601CE01CE006F53A
:10679000A06000EB4510406840F4804106F5A06021
:1067A00000EB451041600EE014E006F5A06000EB40
:1067B0004510406840F4404106F5A06000EB4510EC
:1067C000416000E000BF05E0002106F5A06000EB9D
:1067D0004510416006F5A06000EB4510006802908E
:1067E000029820F080400290E07820B1029840F4B6
:1067F0000040029003E0029820F4004002900298CA
:1068000040F00040029006F5A06000EB45100299B0
:106810000160B9F1000F01D00020ACE6E07878BB50
:10682000206A68B3E07958BBA07C30B1012816D04B
:10683000022803D0032824D110E000BF206AC01C26
:10684000C0F38F0AD8F82C0080B2504505D2D8F892
:10685000180040F02000C8F8180013E000BF206ABC
:10686000C01CC0F38F0A4FF48260805980B250453B
:1068700005D2D8F8180040F08060C8F8180001E090
:106880000AE000BF00BF00200090208C83B2627835
:106890004046A16900F0A4F900206CE60000044025
:1068A0000000F81F0FB4F0B504460027254600206D
:1068B000C5F8000EA06B40F40010A063A06B20F49C
:1068C0000020A063A06B20F48020A063E06800F0AB
:1068D000400088B99DF81B00012806D1D5F80004B6
:1068E00040F00400C5F800040CE0D5F8000420F0E6
:1068F0000400C5F8000405E0D5F8000420F0040009
:10690000C5F8000410212046FFF7F8FB00B101276D
:106910002046FFF7CBFB00B1012700260DE04FF02A
:10692000FF3105F5A06000EB46108160002105F500
:10693000A06000EB4610C160761C9DF81900B042C3
:10694000EDD80020A061401E60611048844207D14C
:10695000401560620E48A0620E48C4F8000106E0CF
:10696000802060620C48A0620C48C4F800019DF8C9
:106970001A0018B9A06940F01000A061A069084988
:106980000843A0613846F0BC5DF814FB00000440E9
:10699000000200010003E00080006000E000400011
:1069A000080020A310B502460B461146D1F800049A
:1069B00020F00300C1F80004D1F8000403F0030440
:1069C0002043C1F80004012B05D14BF6803440F27E
:1069D0000440445009E0022B05D141F2707440F2AA
:1069E0000440445001E0012010BD0020FCE710B538
:1069F0000246134603F5A06404EB4114A06803F5B6
:106A0000A06404EB4114E468204010BD01464869CD
:106A10008A69104070472DE9F04104460D4627462B
:106A200028464FEA920C02F0030300210AE04FF4DB
:106A3000805858F80780C0F80080401C401C401C5B
:106A4000401C491C6145F2D39BB100214FF4805892
:106A500058F8076000BF4FEAC10826FA08F880F826
:106A60000080491C401CA3F101081FFA88F3002B89
:106A7000F1D1BDE8F08138B50446254600200090EC
:106A8000D5F840040090009820F02E000090009867
:106A900040F48070C5F840046420EDF707FE0098CC
:106AA00020F48070C5F840040A20EDF7FFFD0020B7
:106AB00038BD70B504460E460025E06820F0C040A1
:106AC000E060012E10D1E06840F00050E06000BFAF
:106AD0000A20EDF7EBFD0A352046FFF74CFB0128B5
:106AE00015D0C82DF4D312E07EB9E06840F08040A4
:106AF000E06000BF0A20EDF7D9FD0A352046FFF718
:106B00003AFB20B1C82DF5D301E0012070BDC82D9E
:106B100001D10120FAE70020F8E72DE9F841074606
:106B20004FF000083E46002000903846FFF769FA13
:106B300010213846FFF7E2FA08B14FF00108384655
:106B4000FFF7B4FA08B14FF00108002410E006F591
:106B5000A06000EB4410056845F0804525F0004535
:106B600025F4004506F5A06000EB44100560641CA8
:106B70000F2CECD9002424E006F5A06000EB4410B3
:106B8000056845F0804545F0004525F4004506F5CB
:106B9000A06000EB4410056000BF0098401C00900E
:106BA0000098B0F57A7F00D909E006F5A06000EB07
:106BB0004410006800F00040B0F1004FEDD000BF7D
:106BC000641C0F2CD8D94FF0FF3140F21440815192
:106BD000084678613846FFF762FA4046BDE8F8811A
:106BE0002DE9F04304460D461E46DDF81CC0A046C4
:106BF0002946BCF1000F12D1F01C870800230CE0DD
:106C0000D1F8009008F5805000EB0230C0F80090F9
:106C1000491C491C491C491C5B1CBB42F0D3002089
:106C2000BDE8F08300BFFEE700B587B000BF0020DD
:106C300001903C48006840F001003A49086008466D
:106C4000006800F00100019000BF00BF002289141D
:106C50003548EDF7B7FF4FF48050029001200390C4
:106C6000022004900020059002A92F48EDF7A8FE0D
:106C700000224FF480512C48EDF7A4FF64200CF063
:106C8000C9FB012211032848EDF79CFF64200CF09A
:106C9000C1FB4FF480512448EDF7DEFD2148006828
:106CA00020F001001F49086000BF00200190084645
:106CB000006840F0400008600846006800F04000AE
:106CC000019000BF00BF002289151848EDF77AFF38
:106CD0004FF4807002900120039002200490002065
:106CE000059002A91148EDF76BFEC8200CF092FB4D
:106CF0004FF480510D48EDF7AFFD0A48006820F0D1
:106D0000400008490860081D006820F08000091D47
:106D100008604320EEF7D2FF4320EEF7BDFF07B037
:106D200000BD000030380240000002400018024060
:106D300003B401984100009850EAC12018BF042014
:106D40004A0D18BF40F0010040F2FF72B2EB515FF4
:106D500008BF40F00200012808BF052002B07047BC
:106D600002480068C0F30220704700000CED00E00C
:106D700010B5002804DB0A07130E054A135406E079
:106D80000A07140E034A00F00F031B1FD45410BD52
:106D900000E400E018ED00E0EFF30580704700002C
:106DA00030B52DED048B81B0B0EE408AF0EE608AF4
:106DB0006A4651EC180B06F043FA00989FED329B9F
:106DC0007E300090002821DC53EC192B51EC180B7D
:106DD00013F0B8FD1AD0002140F608004FF0000073
:106DE000044651EC180B13F067FB08EE100A40F64E
:106DF000080004EA00014FF00000B5EEC08AF1EE91
:106E000010FA04BF0220E9F794FF2DE00098FF2854
:106E100030DB002108464FF0000000F4400553EC41
:106E2000192B51EC180B13F05BFF8CBF00240124CD
:106E30000220E9F77EFF9FED168A4DB1002C0CBFB2
:106E40004FF400004FF48000A84218BF9FED118A54
:106E5000042108464FF00000002C01BFB1EE480AA3
:106E600001B0BDEC048B30BDB0EE480A01B0BDEC02
:106E7000048B30BD51EC180B13F01EFB01B000EE7B
:106E8000100ABDEC048B30BD0000000000000000C3
:106E90000000807FFFFF7F7F30B540F2FF742DED53
:106EA000048BF0EE608A18EE901A85B0B0EE408A3E
:106EB0009FED2B9B05468DED008B34EA115147D099
:106EC00053EC192B51EC180B13F03CFD40D02A4623
:106ED00051EC180B14F0E2F841EC180B18EE900A84
:106EE0008DED008B34EA10501CD053EC192B51EC73
:106EF000180B13F027FD2BD10220E9F71AFF00F041
:106F0000D7FA10EE901A18EE900A8DED020B8DED67
:106F1000008B61F31E0003909DED020B05B0BDECEC
:106F2000048B30BD0220E9F704FF00F0B1FA10EE47
:106F3000901A18EE900A8DED020B8DED008B61F327
:106F40001E0003909DED020B05B0BDEC048B30BD1F
:106F500005B0B0EE480AF0EE680ABDEC048B30BD17
:106F6000000000000000000070B5D94B00242DED9A
:106F7000020B2DED108BDDE91010984205DA20F0A0
:106F800000429A4201D809D141B19DED100BBDECF0
:106F9000108B02B0BDE8704000F05EBAB0F5801F03
:106FA00026DA11430BD0002813DA0120E9F7C1FEDD
:106FB000BDEC108B02B0BDE8704000F059BA022061
:106FC000E9F7B7FE00F030FA51EC100B13F068FA55
:106FD0009EE06FF035049FEDC00B53EC102B9DED40
:106FE000100B51EC100B13F07DFDCDE9100108469C
:106FF00004EB2051C0F31304B948A1F2FF3120443F
:1070000000F4801080F07F6282F04052224301EB56
:1070100020559FEDB50B119253EC102B9DED100BED
:1070200051EC100B13F09EFE41EC180BA01CC0F3AA
:1070300013009FEDAFDB9FEDB0EBB14E7E44032814
:107040006CD296ED000B51EC180B53EC102B13F097
:1070500079FC1DD1002D01BF96ED000BBDEC108B0E
:1070600002B070BD284613F0D6FC41EC180B53EC6F
:107070001D2B13F037FD41EC190B53EC1E2B51EC7B
:10708000180B13F02FFD53EC192B13F047FA3FE0C8
:107090009FED9D0B51EC180B53EC102B13F022FDC0
:1070A0009FED9B1B53EC112B13F050FE41EC190B81
:1070B00053EC182B51EC180B13F014FD53EC192B57
:1070C00013F010FD41EC190B002D04BF53EC192BEC
:1070D00051EC180B1AD0284613F09DFC41EC1A0B0A
:1070E00053EC1D2B13F0FEFC53EC192B13F02EFE6A
:1070F00053EC182B13F036FE41EC180B53EC1E2BFF
:1071000051EC1A0B13F0EEFC53EC182B13F02AFE83
:10711000BDEC108B02B041EC100B70BD9FED7E0BEF
:1071200051EC180B53EC102B13F0F8F941EC100B49
:1071300051EC180B53EC102B13F0ACFA41EC190B7B
:10714000284613F068FC41EC1B0B53EC192B51EC57
:10715000190B13F0C7FC41EC1A0B714853EC1A2BB6
:10716000261851EC1A0B13F0BDFC41EC1F0B6D48B7
:10717000C4F1510404F5D724B0EE4F0AF0EE6F0AC3
:107180000321784400F0D2F853EC1F2B51EC100B84
:1071900013F0A8FC41EC1C0B6348B0EE4F0AF0EE74
:1071A0006F0A0421784400F0C1F853EC1A2B51EC1B
:1071B000100B13F097FC344353EC1C2B13F0AEF977
:1071C00041EC1C0B002C4CDD9FED510B51EC180BCE
:1071D00053EC102B13F086FC53EC182B13F082FCAD
:1071E00041EC1A0B55B353EC1D2B51EC1B0B13F058
:1071F00079FC41EC1D0B53EC1C2B51EC1A0B13F0DA
:107200008DF953EC192B13F06DFC53EC1D2B13F07F
:1072100085F953EC1A2B13F099FD53EC182B13F04E
:10722000A1FD41EC180B53EC1E2B51EC1B0B13F082
:1072300059FC53EC182B13F095FD69E753EC1C2B0C
:1072400051EC1A0B13F06AF953EC192B13F04AFCAA
:1072500053EC1A2B13F07AFD53EC182B13F076FD38
:1072600056E735B353EC1D2B51EC1B0B13F03AFCD6
:1072700041EC1A0B53EC1C2B51EC180B13F072FD64
:1072800053EC192B13F02EFC53EC1A2B13F06AFD60
:1072900053EC182B13F066FD41EC180B53EC1E2B2E
:1072A00051EC1B0B13F01EFC53EC182B13F05AFD82
:1072B0002EE753EC1C2B51EC180B13F053FD53EC41
:1072C000192B13F00FFC53EC182B13F03FFD1FE7A5
:1072D0000000F07F000000000000000000005043AC
:1072E000645F090000000000000000000000F03FA3
:1072F000763C7935EF39EA3D0000E0FE422EE63F6C
:107300000053010000000000555555555555D53F17
:10731000000000000000E03F00000000000000400E
:1073200086EBF9FF825101007851010070B50446E7
:107330002DED028B4D1E00EBC500B0EE408AF0EE45
:10734000608A90ED000B35F0060017D053EC182B37
:1073500051EC100B13F0C6FB41EC100B6D1E04EB4F
:10736000C50090ED001B51EC100B53EC112B13F0EA
:10737000D5F841EC100B35F00600E7D1022D36D0E0
:10738000042D1CD0062D1CBFBDEC028B70BD53EC30
:10739000182B51EC100B13F0A5FB94ED0A1B53ECCA
:1073A000112B13F0BBF853EC182B13F09BFB94ED4F
:1073B000081B53EC112B13F0B1F841EC100B53ECFC
:1073C000182B51EC100B13F08DFB94ED061B53ECB6
:1073D000112B13F0A3F853EC182B13F083FB94ED4F
:1073E000040B53EC102B13F099F841EC100B53ECF9
:1073F000182B51EC100B13F075FB94ED021B53ECA2
:10740000112B13F08BF853EC182B13F06BFB94ED4E
:10741000001B53EC112B13F081F8BDEC028B41ECF7
:10742000100B70BD000000009FED070B10B553EC72
:10743000102B9FED070B51EC100B13F02BF941ECC7
:10744000100B10BD00000000000000000000000054
:10745000000000000000F03F10B553EC102B51EC81
:10746000100B13F05BF841EC100B10BD0000000096
:107470009FED050B10B553EC102B51EC100B13F0D6
:1074800009F941EC100B10BD0000000000000000E5
:107490009FED050B10B553EC102B51EC100B13F0B6
:1074A00021FB41EC100B10BD00000000000000703B
:1074B0009FED050B10B553EC102B51EC100B13F096
:1074C00011FB41EC100B10BD00000000000000108B
:1074D00010B5044691ED000BFFF762FC84ED000A45
:1074E00010BD10B5044690ED000B0846FFF7D4FC24
:1074F00084ED000B10BD30380A2801D201207047FE
:107500000020704700BF704700BF704710B511489A
:10751000B0F81C050F49B1F82015084400B20D4918
:10752000A1F81C0540F29322511C881FF2F77AF84B
:107530000848B0F81A050749B1F81E15084400B20A
:107540000449A1F81A0540F29122511C481FF2F794
:1075500069F810BDE4FF002010B51148B0F81C0513
:107560000F49B1F82015084400B20D49A1F81C05D7
:1075700040F29322511C881FF2F754F80848B0F8E3
:107580001A050749B1F81E15084400B20449A1F8CC
:107590001A0540F29122511C481FF2F743F810BD22
:1075A000E4FF00202DE9F04704460D469046994639
:1075B000AD1E606B00EB153AC5F3C80605F0070178
:1075C00001208840C7B200BF51460AF1010A204697
:1075D00007F0A3F910B10120BDE8F08700BF00BF9C
:1075E00004F13C00805D384008B1012000E000203B
:1075F000484501D10220EFE704F13C00805D78406E
:1076000004F13C0188550120E070A8F10100B0F1BF
:10761000000800D1E0E77806000E071EE0D1012740
:10762000701C0646B0F5007FD9D30026CCE710B514
:1076300002460B46002105E0545CFF2C01D00020DF
:1076400010BD491C9942F7D30120F9E770B50446F3
:107650000D460020E070401EA0632946204607F03A
:107660005CF908B1042070BD04F23A2006F032FA49
:107670004AF65521884201D00320F4E794F83C00F3
:10768000E92807D094F83C00EB2817D13E20005D94
:10769000902813D104F1720006F0DFF920F07F404A
:1076A0000C49884201D10020DDE704F18E0006F08C
:1076B000D4F90949884201D10020D4E70B2207A15F
:1076C00004F13C0007F001F908B90120CBE70220E2
:1076D000C9E700004641540046415433EB769045DB
:1076E0005846415420202000024600E0521C1078E9
:1076F00010B110788842F9D11078704730B5024641
:107700000B460020044601461CE01A4800EB01101D
:107710000068A8B1174800EB011000681568A8427E
:107720000FD1144800EB011040689568A84208D1B9
:10773000104800EB01108068156BA84201D103E0EE
:107740000124491CFF29E0D300BFFF2906D10CB951
:10775000022B01D1002030BD1220FCE733B90548CF
:1077600000EB01108089B0F5807F01D11020F2E795
:107770000020F0E79C10002038B50546002000905E
:10778000072D6ED2DFE805F083040F3A526A7700C6
:10779000002404E0A0B2694603F066FD641CB4F561
:1077A000005FF7D374E0002404E0A0B2694603F060
:1077B0005BFD641C1F2CF8D9202404E0A0B26946AC
:1077C00003F052FD641CB4F5087FF7D341F664540E
:1077D00004E0A0B2694603F047FD641C41F667501F
:1077E0008442F6D9441C04E0A0B2694603F03CFD93
:1077F000641C41F66B508442F6D949E04FF408749A
:1078000004E0A0B2694603F02FFD641CB4F5226FBA
:10781000F7D341F66C5404E0A0B2694603F024FDAE
:10782000641C41F66F508442F6D931E041F6705441
:1078300004E0A0B2694603F017FD641C41F67350E2
:107840008442F6D9441C04E0A0B2694603F00CFD62
:10785000641C41F677508442F6D919E04FF4EC5499
:1078600005E014E0A0B2694603F0FEFC641CB4F528
:10787000FC5FF7D30CE04FF4FC5404E0A0B269467F
:1078800003F0F2FC641CB4F5005FF7D300E000BF26
:1078900000BF38BD10B54FF42970EBF73BFC4FF437
:1078A0002A70EBF737FC40F2A620EBF733FC0DF023
:1078B0008BFD10BD014600200BE0074A02EB0012D1
:1078C00012688A4204D10022034B03EB00131A60B2
:1078D000401CFF28F1D370479C1000202DE9F84F81
:1078E000824615461E46DAF800000090DAF850008D
:1078F00000F104094FF40072002328463146E8F7EE
:10790000B0FD07460098B0F80AC06246002338462A
:10791000E8F7A7FD834600BF59F8044B14B90020CF
:10792000BDE8F88FA34500D204E0ABEB040B09F1EE
:107930000409F1E700BFD9F800005844F0E7024617
:10794000891E106A801E884201D800207047538922
:10795000506B01FB0300F9E72DE9F04780460C4628
:1079600004F11A0006F0B6F810B10020BDE8F08767
:10797000207800F03F00401E00EB800101EBC005C5
:107980004FF00109002621E01849895D081906F029
:10799000A1F80746B9F1000F11D0FF2D0BD23846E0
:1079A00004F05AFD824629466D1C38F8110004F097
:1079B00053FD824501D00020D8E7B94605E04FF6D7
:1079C000FF70874201D00020D0E7761C0D2EDBD35C
:1079D000207800F0400038B1B9F1000F04D038F839
:1079E000150008B10020C1E70120BFE730B203084D
:1079F00010B511F013F972B600204FF0E0210861C4
:107A0000ECF710FF0A200BF005FD464846490860D8
:107A1000EBF7A4FD40B145A0E8F79AFD4FA29321F2
:107A20000E20F6F781FA10BD4FF448700BF0F2FC0F
:107A30004FF48031C802FFF7FAFD40B14FA0E8F7DC
:107A400087FD58A293210E20F6F76EFA08E05CA09D
:107A5000E8F77EFD41A293210E20F6F765FAE2E7F2
:107A600044F620600BF0D6FC5EA293210E20F6F7C0
:107A70005BFA00240AE0634A115904F10060EBF755
:107A8000F5FE10B160A0E8F763FD241DB4F5803F5A
:107A9000F1D3ECF775FE69A0E8F75AFD71A29321C6
:107AA0000E20F6F741FA4FF448700BF0B3FC74A0C7
:107AB000E8F74EFD7DA293210E20F6F735FA05F08A
:107AC00087FC8249086047F230500BF0A3FC7F48E6
:107AD00000687F49096888420CD17D4802687B486C
:107AE00001687C48E8F734FD7BA293210E20F6F76D
:107AF0001BFA13E076480268744801688248E8F788
:107B000027FD82A293210E20F6F70EFA884803F093
:107B100039FC012287A1002003F0CAFEF5F7F2FF2D
:107B200000BFFEE7910001000C3C0240426F6F7401
:107B30004C6F616465723A457261736520626F6F64
:107B4000746C6F6164206661696C2C2047616D659F
:107B50004F76657221212121210A0000457261734F
:107B60006520626F6F746C6F6164206661696C2C54
:107B700047616D65204F766572210000426F6F741A
:107B80006C6F616465723A4572617365206D6375EF
:107B900020626F6F6C6F6164207375636573732E01
:107BA0000A000000457261736520626F6F746C6F2C
:107BB00061642073756365737366756C2E2E2E0079
:107BC000426F6F746C6F616465723A457261736580
:107BD000206D637520626F6F6C6F616420666169F0
:107BE0006C2E0A0053746172742075706461746540
:107BF000206E657720626F6F746C6F61642E2E2E1D
:107C00000000000000000010426F6F744C6F616450
:107C100065723A7772697465206D637520626F6F63
:107C2000746C6F6164206661696C2C47616D654F8F
:107C300076657221212121210A000000426F6F74B4
:107C40004C6F616465723A557064617465206E654D
:107C50007720626F6F746C6F616420646F6E652E45
:107C60002E2E0A00557064617465206E657720625F
:107C70006F6F746C6F616420646F6E652E2E2E00C2
:107C8000426F6F744C6F616465723A5374617274C1
:107C900020636865636B73756D206E657720626F16
:107CA0006F746C6F61642E2E2E0A00005374617223
:107CB0007420636865636B73756D206E65772062F1
:107CC0006F6F746C6F61642E2E2E0000B80100205F
:107CD000040200203CC70308436865636B73756D3D
:107CE00020626F6F746C6F616420706173732C70AD
:107CF0006F776572206379636C65207468652073A3
:107D0000797374656D0000005CC6030843686563A1
:107D10006B73756D20626F6F746C6F616420666148
:107D2000696C2C47616D65204F76657221212100B9
:107D3000084D0120303A000010B502460B460021E4
:107D40000EE0505C094C24786040C0B2084C54F8F6
:107D50002000064C246880EA1420044C2060491C52
:107D60009942EED301480068C04310BDAC01002029
:107D700028BB03080146084800784840C0B2074ABB
:107D800052F82000044A126880EA1220024A106069
:107D900010460068C0437047AC01002028BB0308B0
:107DA0004FF0FF300149086070470000AC0100202F
:107DB0002DE9F04704468A462668BAF1000F06D13D
:107DC000B76917B1306AB84217D8012715E0514694
:107DD000204605F011FB8146B9F1020F02D20120C5
:107DE000BDE8F08709F1010008B94846F8E7306AB4
:107DF000484501D94846F3E75746307804284CD126
:107E000001223946304604F0B6FB05460DB1681C28
:107E100008B92846E4E701231A4629463046FFF709
:107E2000C1FB8046B8F1020F01D10120D8E7B8F1BB
:107E3000010F02D14FF0FF30D2E7BAF1000F02D1AB
:107E40000220E0710AE0E079022807D1781C85421F
:107E500004D0A068381AA0610320E071E0790228FC
:107E60004FD00AF10100854207D1E06910B1E06905
:107E7000401C00E00220E06143E0E06908B9012015
:107E8000E0612A465146204604F053FB8046B8F193
:107E9000000F36D10120E06133E03D4600BF6D1C8C
:107EA000306AA84204D80225BD4201D9002097E7D4
:107EB0002946204605F0A0FA8146B9F1000F00D10D
:107EC0000BE0B9F1010F02D009F1010008B94846F1
:107ED00086E7BD42E3D1002082E700BF4FF0FF32CA
:107EE0002946304607F044FE8046B8F1000F08D11D
:107EF000BAF1000F05D02A465146304607F038FE49
:107F00008046B8F1000F0DD1B561D6E90710801E8B
:107F1000814202D8F069401EF061307940F00100E2
:107F2000307107E0B8F1010F02D14FF0FF3000E0EF
:107F300001200546284653E72DE9F34F83B08146DB
:107F4000049800680190D9F80000D0F80CA0002037
:107F50000546064600BF3046761C01990C5C202C75
:107F600000DA2BE02F2C01D05C2C0AD100E0761C2B
:107F70000198805D2F28FAD00198805D5C28F6D0AA
:107F80001CE0FF2D03D3062005B0BDE8F08FE4B25E
:107F90000121204604F006FA04460CB90620F3E756
:107FA000802C06DA21466AA0FFF79EFB08B1062066
:107FB000EAE728466D1C2AF81040CCE700BF01987C
:107FC000811904980160202C01DA042000E00020CF
:107FD000074608E0681E3AF81040202C02D02E2CEC
:107FE00000D002E06D1E002DF4D100BF00202AF861
:107FF00015000DB90620C7E70B22202109F140002A
:1080000006F082FC002600E0761C3AF816002028D4
:10801000FAD03AF816002E28F6D00EB147F0030732
:1080200000E06D1E25B1681E3AF810002E28F8D128
:108030004FF00008CDF808804FF0080B00BF304625
:10804000761C3AF8104004B954E0202C03D02E2CB2
:1080500004D1AE4202D047F00307F0E7029858453A
:1080600001D2AE4216D1BBF10B0F02D147F003078C
:1080700040E0AE4201D047F00307AE4200D939E0FC
:108080002E46082002904FF00B0B4FEA88604FEA13
:108090001068D4E7802C0BDB0021204604F082F925
:1080A00004461CB1A4F180002C490C5C47F0020787
:1080B00000BF24B121462AA0FFF716FB18B15F24A8
:1080C00047F003070FE0412C04DB5A2C02DC48F098
:1080D000020808E0612C06DB7A2C04DC48F0010879
:1080E000A4F1200084B20298411C029109F14001E0
:1080F0000C54A4E700BF99F84000E52802D1052000
:1081000089F84000BBF1080F03D14FEA88604FEABD
:10811000106808F00C000C2803D008F003000328B6
:1081200001D147F0020707F0020058B908F0030038
:10813000012801D147F0100708F00C00042801D1F4
:1081400047F008074B2000F8097000201CE70000EA
:10815000222A3A3C3E3F7C7F00000000B0B1030879
:108160002B2C3B3D5B5D00002DE9F04704460D469E
:1081700040220021204606F0C7FB85202070C02049
:1081800084F8200000274FF001084FF00109402635
:1081900000BFC1223046761C225400223046761C95
:1081A000225400BFB9F1000F06D035F81700B0F126
:1081B000000901D0781CC7B2A01949460BF0D6FBC4
:1081C000B01C064600F01F000028EBD108F10100AA
:1081D00000F0FF0835F817000028DAD184F8237082
:1081E00084F80180284612F008F98246514604F1CD
:1081F00024000BF0BBFBBDE8F08700000EB5F8488B
:10820000B0F82C0510B3F74810F082FD0BF018F908
:108210000BF096FC03F098FF42F22020F1F75AF998
:10822000A0B142F22620F1F755F978B14FF48071F0
:10823000ED4807F04BFEED4908800846008800280D
:1082400004DD08460188E848F5F79CFBE448B0F8EF
:108250002C0558B945F28510F1F73CF928B106F024
:1082600019FF0A20DE49A1F82C050EBDDC48B0F844
:108270002C050A2877D145F28510F1F74BF930B17A
:1082800006F018FE0020D649A1F82C05EDE70020E5
:10829000D349A1F82C0545F2A060F5F74DFC00206C
:1082A000CF49A1F84E00A1F85000A1F83C05A1F873
:1082B0003E05084690F84A00A1F8F00A0846B0F8D2
:1082C0004A00C0F30720A1F8F40A084690F84C00D1
:1082D000A1F8F80A0846B0F84C00C0F30720A1F84E
:1082E000FC0A0846B0F9F00A302822DB0846B0F94B
:1082F000F00A39281DDC0846B0F9F40A302818DBEA
:108300000846B0F9F40A392813DC0846B0F9F80A2F
:1083100030280EDB0846B0F9F80A392809DC08468F
:10832000B0F9FC0A302804DB0846B0F9FC0A392809
:108330000ADD43F23000AA49A1F84A00A1F84C0036
:10834000A1F84E00A1F8500042F21F20F5F716FCEC
:108350000020A649088007F02DFE6420A049A1F85E
:108360002C0582E7FFE79E48B0F82C0564287DD1F4
:1083700045F28510F1F7CEF830B106F09BFD0020F4
:108380009749A1F82C0570E7282201210020F5F774
:10839000D3FE4FF48940F1F79DF8002867D0944B45
:1083A00040F6F83293A19AA0E8F7D2F828220021EB
:1083B0000846F5F7C1FE42F21F20F5F7BDFB42F279
:1083C0002020F5F7DBFB42F22520F5F7D7FB002153
:1083D0009748EBF783FA42F22520F5F7ADFB42F21E
:1083E0002620F5F7CBFB4FF496707D49A1F82C05BC
:1083F000FF209049087000220B210720F5F76FFC41
:1084000001220B210720F5F793FC00221021072001
:10841000F5F765FC012210210720F5F789FC86A2FB
:1084200020210720F5F780FD00224FF497710E20E0
:10843000F5F755FC002240F22D110E20F5F74FFC08
:1084400000224FF499710E20F5F749FC002240F20A
:1084500035110E20F5F743FC00224FF498710E20E1
:10846000F5F73DFC00224FF4967101E070E06AE000
:108470000E20F5F734FC002240F22F110E20F5F704
:108480002EFC002240F231110E20F5F728FC0022CC
:1084900040F233110E20F5F722FC5CA293210E204E
:1084A000F5F742FD002293210E20F5F718FC00227B
:1084B00063210E20F5F713FC012263210E20F5F74E
:1084C00037FC002240F237110E20F5F708FC00229D
:1084D0004FF49C710E20F5F702FC002240F2391196
:1084E0000E20F5F7FCFB012240F237110E20F5F7C4
:1084F0001FFC00224FF49C710E20F5F719FC00229E
:1085000040F239110E20F5F713FC3548B0F9480058
:10851000009004F035FF0190F5F7C9FB02203049C7
:10852000A1F834050846B0F8340580B20190F5F79B
:1085300097FC10202A49A1F8CC0A0846B0F844005C
:10854000A1F8C80A03E064202549A1F82C058CE6AF
:108550002348B0F92C05C8280CD145F28510F0F756
:10856000D9FF30B106F0A6FC00201D49A1F82C056A
:108570007BE67AE61A48B0F92C05B0F5967F63D110
:1085800045F28510F0F7C6FF30B106F093FC0020ED
:108590001349A1F82C0568E65A2201210846F5F78F
:1085A000CBFD44F28140F0F795FFC0B145F2A060E9
:1085B000F5F7C2FA5A2200210120F5F7BDFD40F27D
:1085C0002D100749A1F82C050420A1F83405084610
:1085D000B0F8340580B20190F5F742FC33E02DE0AD
:1085E000E4FF002008070020A8490120FE01002028
:1085F000A6C003082E2E5C2E2E5C4D61696E417064
:10860000705C6463486D694170702E630000000007
:1086100025732C25642C25733A686D692064656C7C
:10862000617920646F6E652E2E2E2E2E2E0A00008C
:108630000000BBAA00020020200000004FF496704A
:10864000F449A1F82C0510E6F248B0F92C0540F2E7
:108650002D1188420CD145F28510F0F75BFF30B147
:1086600006F028FC0020EB49A1F82C05FDE5FCE50F
:10867000E848B0F92C05B0F5977F0CD145F285108C
:10868000F0F748FF30B106F015FC0020E149A1F8F1
:108690002C05EAE5E9E5DF48B0F92C05B0F5C87F1F
:1086A0007DD145F28510F0F735FF30B106F002FCC0
:1086B0000020D849A1F82C05D7E542F21520F0F7A3
:1086C00009FF30B145F28760F0F778FF08B10BF091
:1086D000E7FF42F23220F0F771FF60B1CD48B0F908
:1086E000FC044FF47A51019005F0F0F8C949A1F863
:1086F000FC040CF035FD42F23220F0F7EBFE78B3CB
:10870000502201210020F5F797FD44F24040F0F798
:10871000E1FE28B345F28460F0F750FF20B945F23E
:108720008460F0F717FFD8B1BA48B0F9FC044FF4F1
:108730007A51019005F0CAF8B649A1F8FC040CF092
:108740000FFDB448B0F9FC04B0F57A5F08DB42F2E3
:108750003220F5F7F1F9502200210846F5F76CFDBB
:1087600042F23320F0F7B6FE70B142F23220F5F754
:10877000E3F9502200210846F5F75EFD0CF036FAC9
:1087800042F23320F5F7D8F942F23420F0F716FF21
:1087900068B1A048B0F9FC040121019000E060E359
:1087A00005F0B9F89B49A1F8FC040CF0D9FC42F2A1
:1087B0003420F0F78FFE68B3502201210846F5F708
:1087C0003BFD44F24140F0F785FE18B345F284606A
:1087D000F0F7F4FE20B945F28460F0F7BBFEC8B1B3
:1087E0008C48B0F9FC040121019005F094F8894906
:1087F000A1F8FC040CF0B4FC8648B0F9FC04012894
:1088000008DC42F23420F5F797F9502200210120CC
:10881000F5F712FD42F23520F0F75CFE70B142F23E
:108820003420F5F789F9502200210120F5F704FDE5
:108830000CF0DCF942F23520F5F77EF942F23620F1
:10884000F0F7BCFE60B17348B0F9FE044FF47A5102
:10885000019005F03BF86F49A1F8FE040CF00AFC0A
:1088600042F23620F0F736FE78B350220121022082
:10887000F5F7E2FC44F24240F0F72CFE28B345F253
:108880008460F0F79BFE20B945F28460F0F762FE49
:10889000D8B16048B0F9FE044FF47A51019005F068
:1088A00015F85C49A1F8FE040CF0E4FB5948B0F956
:1088B000FE04B0F57A5F08DB42F23620F5F73CF9AA
:1088C000502200210220F5F7B7FC42F23720F0F7E2
:1088D00001FE70B142F23620F5F72EF95022002148
:1088E0000220F5F7A9FC0CF081F942F23720F5F7E8
:1088F00023F942F23820F0F761FE58B14548B0F94B
:10890000FE040121019005F006F84249A1F8FE0499
:108910000CF0B0FB42F23820F0F7DCFD78B35022C7
:1089200001210320F5F788FC44F24340F0F7D2FD23
:1089300028B345F28460F0F741FE20B945F2846027
:10894000F0F708FED8B13348B0F9FE0401210190D8
:1089500004F0E1FF2F49A1F8FE040CF08BFB2D4839
:10896000B0F9FE04012808DC42F23820F5F7E4F8FB
:10897000502200210320F5F75FFC0CF07BFB42F254
:108980003920F0F7A7FD70B142F23820F5F7D4F89E
:10899000502200210320F5F74FFC0CF027F942F29A
:1089A0003920F5F7C9F845F28560F0F707FE98B36E
:1089B00042F20B20F0F78EFD78B342F20420F0F77C
:1089C00089FD18B106200FF0A7FD4AE042F205200C
:1089D000F0F780FD18B107200FF09EFD41E042F254
:1089E0000620F0F777FD18B10B200FF095FD38E069
:1089F00042F20720F0F76EFD18B10C200FF08CFD4D
:108A00002FE04FF40850F0F785FD38B103200FF048
:108A100083FD26E0E4FF00203EE033E042F2012047
:108A2000F0F778FD18B101200FF076FD19E042F261
:108A30000220F0F76FFD18B104200FF06DFD10E07B
:108A400042F20820F0F766FD18B102200FF064FD35
:108A500007E042F20320F0F75DFD10B110200FF0A7
:108A60005BFD00200AF096FF1320FE49A1F8CC0A16
:108A70000846B0F84400A1F8C80A45F2A060F5F72E
:108A80007DF809E045F2A060F5F756F800200FF0F8
:108A900043FD01200AF07EFF42F20B20F0F73AFD81
:108AA00070B145F28460F0F789FD48B145F2A060ED
:108AB000F5F742F800200FF02FFD01200AF06AFFC1
:108AC00042F23E20F0F706FDA0B345F2A060F5F7B4
:108AD00033F842F21520F0F7FDFC50B101220921D4
:108AE0000846F5F74EF9012209210846F5F720F965
:108AF00009E0002209210846F5F743F9002209217F
:108B00000846F5F715F94FF4FA70D649A1F82C0587
:108B10000CF0DEFA0920D349A1F834050846B0F874
:108B2000340580B20190F5F79BF942F23E20F5F74B
:108B300003F8A3E2FFE742F23C20F0F7CBFC002869
:108B4000F7D04FF42970EAF7E5FA4FF42A70EAF704
:108B5000E1FAC44890F8F00440B2C34908700846EE
:108B600090F90000C14B40F61352AFF278510090DB
:108B7000BFA0E7F7EDFCBB48B0F8FC04C349088090
:108B8000B848B0F8FC04B749B1F8FE14084400B284
:108B9000BF490880BD48B0F90000B44B40F61652FA
:108BA000AFF2B0510090BBA0E7F7D2FCB848B0F9E3
:108BB0000000AE4B40F61752AFF2C8510090BEA075
:108BC000E7F7C6FCA748B0F8F00401285AD1A54839
:108BD000B0F84000022817D1A248B0F8420048B1CE
:108BE000A048B0F84200012804D09E48B0F84200E6
:108BF000022804D142F21720F4F79EFF08E042F267
:108C00001720F4F7BBFF03E042F21720F4F7B6FF9A
:108C100001209449A1F820050846B0F82A05A1F8DA
:108C20001E050120A1F81C050846B0F81C05B1F886
:108C30002A1510FB01F000B28A49A1F81A0501209B
:108C4000A1F828050846B0F82005322110FB01F0F4
:108C500000B28449A1F826050846B0F82805B1F805
:108C60002A1510FB01F000B27E49A1F82405084640
:108C7000B0F82A05B1F8261510FB01F000B27949C9
:108C8000A1F822057748B0F8F00402285DD17548B4
:108C9000B0F9FC04B0F57A7F53DB7248B0F9FE04FA
:108CA000B0F57A7F4DDB42F21720F4F767FF6D488D
:108CB000B0F9FC044FF47A7190FBF1F06949B1F915
:108CC000FE144FF47A7291FBF2F1084400B2654948
:108CD000A1F820050846B0F82005A1F81C050846B3
:108CE000B0F9FC04114690FBF1F05E49B1F82A1589
:108CF000484300B25B49A1F81E050846B0F81E05BE
:108D0000A1F81A050846B0F82005A1F8280508467C
:108D1000B0F8280500EB8000400000B2A1F826055D
:108D20000846B0F81E05A1F824050846B0F82A0543
:108D3000B1F8261510FB01F000B24A49A1F822054E
:108D400003E042F21720F4F7F7FE42F21720F0F7A3
:108D5000C1FB40B1454B40F64752AFF2687160A08D
:108D6000E7F7F6FB07E0414B40F64A52AFF27C7161
:108D700062A0E7F7EDFB3B48B0F920053B4B40F61E
:108D80004C52AFF29071009063A0E7F7E1FB3548D9
:108D9000B0F92805354B40F64D52AFF2A87100905E
:108DA00066A0E7F7D5FB2F48B0F926052F4B40F614
:108DB0004E52AFF2C071009069A0E7F7C9FB294895
:108DC000B0F91E05294B4FF45562AFF2D8710090EF
:108DD0006CA0E7F7BDFB2348B0F92405234B40F610
:108DE0005152AFF2F07100906FA0E7F7B1FB1D4850
:108DF000B0F922051D4B40F65252AFF60801009023
:108E000072A0E7F7A5FB1748B0F8EE04012814D1CB
:108E10001448B0F9F204764A01460190012003F0AB
:108E20003BFE00B20F49A1F88C0AF6F7D5F80020F6
:108E30000C49A1F88E0AF6F7E1F80A48B0F8EE04FA
:108E400002280DD100200749A1F88C0AF6F7C4F8D2
:108E50000448B0F9F404664A014601900220C9E0D2
:108E6000D0E03DE1E4FF0020D5010020A6C00308CA
:108E700025732C25642C25733A736574206C6173FB
:108E80006572206D6F64653D25640A00D80100207D
:108E9000DA01002025732C25642C25733A73657440
:108EA000204C6173657254696D65725F544D6174D5
:108EB000653D25640A00000025732C25642C25736C
:108EC0003A736574204C6173657254696D65725FA5
:108ED000544F76657274696D653D25640A00000023
:108EE00025732C25642C25733A61636F757374693F
:108EF0006320656E61626C65210A000025732C2574
:108F0000642C25733A61636F7573746963206469B7
:108F10007361626C65210A0025732C25642C25730E
:108F20003A61636F75737469632074696D6520734A
:108F3000746570203D2025640A00000025732C25EF
:108F4000642C25733A61636F757374696320746967
:108F50006D65206D696E203D2025640A00000000CB
:108F600025732C25642C25733A61636F75737469BE
:108F7000632074696D65206D6178203D2025640A49
:108F80000000000025732C25642C25733A61636F63
:108F9000757374696320656E657267792073746593
:108FA00070203D2025640A0025732C25642C257330
:108FB0003A61636F757374696320656E6572677972
:108FC000206D696E203D2025640A000025732C2544
:108FD000642C25733A61636F757374696320656EE1
:108FE00065726779206D6178203D2025640A000054
:108FF000C436012003F050FD00B2FE49A1F88E0AEC
:10900000F5F7FCFFFB48B0F8EE0405280BD1002073
:10901000F849A1F88C0AF5F7DFFF0020F549A1F81F
:109020008E0AF5F7EBFFF348B0F84600F24991F9E4
:10903000411010FB01F000B201900AF05DF940F21E
:109040009110EC49A1F82C0542F23C20F4F774FD94
:1090500000200AF0B1FC0820E649A1F834050846D2
:10906000B0F8340580B20190F4F7FAFE002006F063
:10907000DDFF012006F0D2FF0CF0A0F842F2422002
:10908000F0F728FA90B104F0ADFADA48B0F94200EE
:109090000190D848B0F940000090019904F0EEFE2C
:1090A0000EF0ACFF42F24220F4F746FD42F24120BE
:1090B000F0F710FA90B104F089FACE48B0F9420006
:1090C0000190CC48B0F940000090019904F0D6FE20
:1090D0000EF094FF42F24120F4F72EFDFFF7C5B8E1
:1090E000C448B0F92C0540F29111884211D145F2E3
:1090F0008510F0F70FFA30B105F0DCFE0020BD4915
:10910000A1F82C05EAE74FF4C970BA49A1F82C057B
:10911000E4E7B848B0F92C05B0F5C97F76D145F23F
:109120008510F0F7F7F930B105F0C4FE0020B14921
:10913000A1F82C05D2E7142201210220F4F7FCFF4C
:1091400044F28240F0F7C6F988B342F20920F0F702
:10915000E1F960B3032200210220F4F7EDFF0120C2
:1091600006F064FF0820A349A1F834050846B0F8CA
:10917000340580B20190F4F773FE42F21720F0F745
:10918000A9F9A8B101220D210820F4F7D1FD01228F
:109190000E210820F4F7CCFD01220F210820F4F75E
:1091A000C7FD012210210820F4F7C2FD14E019E0E8
:1091B00000220D210820F4F7BBFD00220E2108201B
:1091C000F4F7B6FD00220F210820F4F7B1FD0022CC
:1091D00010210820F4F7ACFD40F293108549A1F866
:1091E0002C0574E042F23D20F0F774F978B145F2B5
:1091F000A060F4F7A1FC032200210220F4F79CFFF9
:1092000040F293107B49A1F82C0560E060E042F247
:109210000920F0F7D3F9E0B313207649A1F8CC0A7E
:109220000846B0F84400A1F8C80A45F2A060F4F777
:10923000A5FC7048B0F9CC0A704B40F6AD52AFF6C1
:109240004C4100906EA0E7F783F96A48B0F9CA0A6A
:109250006A4B40F6AE52AFF6644100906FA0E7F75C
:1092600077F9664B40F6AF52AFF6784172A0E7F758
:109270006FF96048B0F8340511280AD011205D4913
:10928000A1F834050846B0F8340580B20190F4F72F
:10929000E7FD42F20920F0F75DF998B145F2A060D0
:1092A000F4F74AFC5348B0F8340508280AD00820DF
:1092B0005049A1F834050846B0F8340580B2019051
:1092C000F4F7CEFD4FF4C9704A49A1F82C0505E723
:1092D0004848B0F92C0540F2931188427ED145F2FE
:1092E0008510F0F717F930B105F0E4FD0020414991
:1092F000A1F82C05F2E642F21520F0F7EBF830B1B8
:1093000045F28760F0F75AF908B10BF0C9F942F25B
:109310005220F0F753F918B1FEF7F8F80AF0B4FE4E
:1093200042F25220F0F7D6F870B350220121082003
:10933000F4F782FF44F24840F0F7CCF820B345F24E
:109340008460F0F73BF920B945F28460F0F702F948
:10935000D0B1FEF7DBF82748B0F91A052549B1F975
:10936000221588420EDB2348B0F822052149A1F8D6
:109370001A0542F25220F4F7DFFB502200210820A8
:10938000F4F75AFF0AF080FE42F25320F0F7A2F8F9
:1093900060B142F25220F4F7CFFB502200210820A6
:1093A000F4F74AFF42F25320F4F7C6FB42F254208E
:1093B000F0F704F918B101F0F9F90AF065FE42F28C
:1093C0005420F0F787F898B1502201210920F4F7D2
:1093D00033FF44F24940F0F77DF800E097E138B1FF
:1093E00045F28460F0F7EAF818B945F284602FE09E
:1093F0004CE030E0E4FF0020C4360120A6C00308A2
:1094000025732C25642C25733A7365742042656599
:109410006D206D6F64653A25640A000025732C2564
:10942000642C25733A736574204265656D206672FD
:1094300065713A25640A000025732C25642C257378
:109440003A736574204265656D206F6E0A000000F6
:10945000F0F780F8D0B101F0A9F9F848B0F91A0591
:10946000F649B1F9241588420EDCF448B0F8240519
:10947000F249A1F81A0542F25420F4F75DFB50229C
:1094800000210920F4F7D8FE0AF0FEFD42F2552033
:10949000F0F720F860B142F25420F4F74DFB50226F
:1094A00000210920F4F7C8FE42F25520F4F744FBEE
:1094B00042F25620F0F782F818B1FEF74DF80AF0A4
:1094C000E3FD42F25620F0F705F870B35022012177
:1094D0000A20F4F7B1FE44F24A40EFF7FBFF20B355
:1094E00045F28460F0F76AF820B945F28460F0F73D
:1094F00031F8D0B1FEF730F8D048B0F91C05CF49AB
:10950000B1F9261588420EDBCC48B0F82605CB49C8
:10951000A1F81C0542F25620F4F70EFB5022002160
:109520000A20F4F789FE0AF0AFFD42F25720EFF768
:10953000D1FF60B142F25620F4F7FEFA502200212A
:109540000A20F4F779FE42F25720F4F7F5FA42F2D6
:109550005820F0F733F818B101F04EF90AF094FDF5
:1095600042F25820EFF7B6FF70B3502201210B20D2
:10957000F4F762FE44F24B40EFF7ACFF20B345F244
:109580008460F0F71BF820B945F28460EFF7E2FF42
:10959000D0B101F031F9A948B0F91C05A749B1F9DA
:1095A000281588420EDCA548B0F82805A349A1F883
:1095B0001C0542F25820F4F7BFFA502200210B207C
:1095C000F4F73AFE0AF060FD42F25920EFF782FF0D
:1095D00060B142F25820F4F7AFFA502200210B207C
:1095E000F4F72AFE42F25920F4F7A6FA42F23D209F
:1095F000EFF770FF20B942F20B20EFF76BFFA8B333
:10960000E9F786FE00208D49A1F88C0AA1F88E0AA0
:10961000F5F7E2FCF5F7F2FC002009F06DFE0322FD
:1096200000210220F4F788FD07208449A1F83405C1
:109630000846B0F8340580B20190F4F711FC0EF042
:10964000DDFC00200AF0B8F942F23D20EFF742FFBE
:1096500018B142F23D20F4F76FFA00200EF05CFFE3
:109660004FF4C8707549A1F82C0537E5FFE70A20CB
:10967000EFF730FF20B342F20920EFF79FFFE0B38E
:109680006E48B0F94400019007F0CEFF40F24C4024
:109690006A49A1F8CA0A0846B0F9CA0A019007F057
:1096A00075FF002006F0C2FC4FF4CA706349A1F8B0
:1096B0002C05F4F785FA45F2A060F4F75FFA25E08F
:1096C00042F20920EFF706FFB8B15C48B0F9440058
:1096D000019007F0A9FF40F24C405849A1F8CA0A8E
:1096E0000846B0F9CA0A019007F050FF002006F0C2
:1096F0009DFC4FF4CA70514900E007E0A1F82C0529
:10970000F4F75EFA45F2A060F4F738FAE6E44B4865
:10971000B0F92C05B0F5CA7F6FD145F28510EFF78F
:10972000F9FE30B105F0C6FB00204449A1F82C0534
:10973000D4E445F28260EFF741FF18B14FF42A708C
:10974000E9F79AFB45F28260EFF738FF30B13C4809
:10975000007818B14FF42970E9F78EFB45F2846068
:10976000EFF72CFF08B10BF02FFE42F21520EFF7B8
:10977000B1FE30B145F28760EFF720FF08B10AF083
:109780008FFF42F23D20EFF7A5FE20B942F20B20F9
:10979000EFF7A0FE80B3E9F7BBFD00202749A1F851
:1097A0008C0AA1F88E0AF5F717FCF5F727FC0020C4
:1097B00009F0A2FD07202149A1F834050846B0F8B8
:1097C000340580B20190F4F74BFB0EF017FC00203B
:1097D0000AF0F2F842F23D20EFF77CFE18B142F2B7
:1097E0003D20F4F7A9F900200EF096FE4FF4C87062
:1097F0001249A1F82C0571E400E044E00A20EFF7DB
:1098000069FED0B142F20920EFF7D8FED0B3E9F7F4
:109810007FFD45F2A060F4F78FF940F293100749FD
:10982000A1F82C05012006F001FC064B40F67C62F5
:1098300005490648E6F78CFE24E009E0E4FF002035
:10984000E6010020A6C00308F4850208D0C503087D
:1098500042F20920EFF75EFEA0B1E9F759FD45F2AB
:10986000A060F4F769F940F29310FE49A1F82C05C5
:10987000012006F0DBFBFC4B40F68562FB49FC480F
:10988000E6F766FE2AE4F748B0F92C0540F2951198
:10989000884229D145F28510EFF73CFE30B105F042
:1098A00009FB0020EF49A1F82C0517E442F209203A
:1098B000EFF730FE90B145F2A060F4F73DF90020DB
:1098C0000AF07AF801200AF065F800200EF024FE74
:1098D0004FF4C870E349A1F82C0504E040F295105C
:1098E000E049A1F82C050DE4DE48B0F92C05B0F5EF
:1098F000FA7F7CD145F28510EFF70CFE30B105F010
:10990000D9FA0020D749A1F82C0513E442F26820C7
:10991000EFF7E0FD50B3D348B0F94400642821DAF2
:10992000D048B0F84400401C00B2CE49A1F8440031
:109930000846B0F84400A1F8C80A00200090084684
:10994000B0F94400012302460A2101900920F4F7EE
:10995000A5FAC448B0F9440002460C210190092040
:10996000F4F74AFA42F26820F4F7E6F842F2692086
:10997000EFF7B0FD50B3BB48B0F94400002821DD3B
:10998000B848B0F84400401E00B2B649A1F84400FF
:109990000846B0F84400A1F8C80A00200090084624
:1099A000B0F94400012302460A2101900920F4F78E
:1099B00075FAAC48B0F9440002460C210190092028
:1099C000F4F71AFA42F26920F4F7B6F842F26A2084
:1099D000EFF780FD80B3A348B0F94800642827DA88
:1099E000A048B0F84800401C00B29E4900E08CE05E
:1099F000A1F84800002000900846B0F94800012373
:109A000002460B2101900920F4F748FA9548B0F975
:109A1000480002460D2101900920F4F7EDF9914824
:109A2000B0F94800009003F0ABFC0190F4F73FF967
:109A300042F26A20F4F780F842F26B20EFF74AFD19
:109A400070B38848B0F94800012825DD8548B0F892
:109A50004800401E00B28349A1F848000020009051
:109A60000846B0F94800012302460B210190092065
:109A7000F4F714FA7B48B0F9480002460D21019032
:109A80000920F4F7B9F97748B0F94800009003F0DD
:109A900077FC0190F4F70BF942F26B20F4F74CF8E5
:109AA00042F26520EFF716FDA0B10BF00FFA4FF46C
:109AB00016706C49A1F82C050D20A1F83405084654
:109AC000B0F8340580B20190F4F7CAF942F265208B
:109AD000F4F732F842F26720EFF7FCFCA0B14FF444
:109AE00048706049A1F82C050E20A1F834050846FD
:109AF000B0F8340580B20190F4F7B2F90AF07EFFB5
:109B000042F26720F4F718F8AFE55648B0F92C0593
:109B1000B0F5167F24D145F28510EFF7FBFC30B18C
:109B200005F0C8F900204F49A1F82C059DE542F247
:109B30006E20EFF7CFFC90B14FF4FA704949A1F8CD
:109B40002C050920A1F834050846B0F8340580B288
:109B50000190F4F785F942F26E20F3F7EDFF84E50A
:109B60004048B0F92C05B0F52F7F79D145F285102A
:109B7000EFF7D0FC30B105F09DF900203949A1F88C
:109B80002C0572E545F2A060F3F7D6FF42F27B2088
:109B9000EFF7A0FC78B33348B0F9300501900AF034
:109BA00064FA3048B0F8300540B12E48B0F93005BD
:109BB000102803DA00202B49A1F830052948B0F815
:109BC0003005102808D02748B0F93005102803DBED
:109BD00010202449A1F830052248B0F93005019041
:109BE0002048B0F93205009001990DF0EDFE42F2E7
:109BF0007B20F3F7A1FF42F27C20EFF76BFC80B3F0
:109C00001848B0F9300501900AF02FFA1548B0F85D
:109C10003005012808D01348B0F93005102803DAC0
:109C200001201049A1F830050E48B0F83005112880
:109C300008D00C48B0F93005102803DB1120094981
:109C4000A1F830050748B0F9300501900548B0F992
:109C50003205009001990DF0B7FE42F27C2009E038
:109C600027E309E0E4FF0020A6C00308F48502080A
:109C700014C60308F3F760FF42F27D20EFF72AFCD9
:109C800080B3FE48B0F9300501900AF0EEF9FB48C8
:109C9000B0F83005022808D0F848B0F9300510288F
:109CA00003DA0220F549A1F83005F448B0F8300590
:109CB000122808D0F148B0F93005102803DB122033
:109CC000EE49A1F83005ED48B0F930050190EB48B8
:109CD000B0F93205009001990DF076FE42F27D2038
:109CE000F3F72AFF42F27E20EFF7F4FB80B3E3485C
:109CF000B0F9300501900AF0B8F9E048B0F8300545
:109D0000032808D0DD48B0F93005102803DA032015
:109D1000DA49A1F83005D948B0F83005132808D041
:109D2000D648B0F93005102803DB1320D349A1F839
:109D30003005D248B0F930050190D048B0F932056D
:109D4000009001990DF040FE42F27E20F3F7F4FE00
:109D500042F27F20EFF7BEFB80B3C848B0F9300570
:109D600001900AF082F9C548B0F83005042808D0FF
:109D7000C248B0F93005102803DA0420BF49A1F821
:109D80003005BE48B0F83005142808D0BB48B0F9FB
:109D90003005102803DB1420B849A1F83005B74876
:109DA000B0F930050190B548B0F93205009001993D
:109DB0000DF00AFE42F27F20F3F7BEFE4FF40A5088
:109DC000EFF788FB80B3AD48B0F9300501900AF099
:109DD0004CF9AA48B0F83005052808D0A748B0F9D2
:109DE0003005102803DA0520A449A1F83005A3485E
:109DF000B0F83005152808D0A048B0F93005102873
:109E000003DB15209D49A1F830059C48B0F93005C9
:109E100001909A48B0F93205009001990DF0D4FDF7
:109E20004FF40A50F3F788FE42F28120EFF752FB1D
:109E300080B39248B0F9300501900AF016F98F48C6
:109E4000B0F83005062808D08C48B0F93005102845
:109E500003DA06208949A1F830058848B0F83005B2
:109E6000162808D08548B0F93005102803DB1620E5
:109E70008249A1F830058148B0F9300501907F484A
:109E8000B0F93205009001990DF09EFD42F281205B
:109E9000F3F752FE42F28220EFF71CFB80B37748C3
:109EA000B0F9300501900AF0E0F87448B0F83005D8
:109EB000072808D07148B0F93005102803DA0720C8
:109EC0006E49A1F830056D48B0F83005172808D064
:109ED0006A48B0F93005102803DB17206749A1F85C
:109EE00030056648B0F9300501906448B0F9320594
:109EF000009001990DF068FD42F28220F3F71CFEFC
:109F000042F28320EFF7E6FA80B35C48B0F93005FF
:109F100001900AF0AAF85948B0F83005082808D08E
:109F20005648B0F93005102803DA08205349A1F843
:109F300030055248B0F83005182808D04F48B0F91D
:109F40003005102803DB18204C49A1F830054B4898
:109F5000B0F9300501904948B0F9320500900199F7
:109F60000DF032FD42F28320F3F7E6FD42F2842049
:109F7000EFF7B0FA80B34148B0F9300501900AF02C
:109F800074F83E48B0F83005092808D03B48B0F9CD
:109F90003005102803DA09203849A1F83005374880
:109FA000B0F83005192808D03448B0F93005102829
:109FB00003DB19203149A1F830053048B0F93005EC
:109FC00001902E48B0F93205009001990DF0FCFC8B
:109FD00042F28420F3F7B0FD42F28520EFF77AFADF
:109FE00080B32648B0F9300501900AF03EF82348C6
:109FF000B0F830050A2808D02048B0F930051028FC
:10A0000003DA0A201D49A1F830051C48B0F83005D4
:10A010001A2808D01948B0F93005102803DB1A2097
:10A020001649A1F830051548B0F9300501901348DC
:10A03000B0F93205009001990DF0C6FC42F285207E
:10A04000F3F77AFD42F28620EFF744FAA0B30B480B
:10A05000B0F9300501900AF008F80848B0F830056A
:10A060000B2808D00548B0F93005102803DA0B207A
:10A070000249A1F83005014802E00000E4FF002099
:10A08000B0F830051B2808D0FE48B0F9300510287C
:10A0900003DB1B20FB49A1F83005FA48B0F9300575
:10A0A0000190F848B0F93205009001990DF08CFC50
:10A0B00042F28620F3F740FD42F28720EFF70AFADA
:10A0C00080B3F048B0F93005019009F0CEFFED48BB
:10A0D000B0F830050C2808D0EA48B0F9300510284F
:10A0E00003DA0C20E749A1F83005E648B0F830055E
:10A0F0001C2808D0E348B0F93005102803DB1C20E9
:10A10000E049A1F83005DF48B0F930050190DD489D
:10A11000B0F93205009001990DF056FC42F287200B
:10A12000F3F70AFD42F28820EFF7D4F980B3D5485F
:10A13000B0F93005019009F098FFD248B0F8300529
:10A140000D2808D0CF48B0F93005102803DA0D20CB
:10A15000CC49A1F83005CB48B0F830051D2808D00F
:10A16000C848B0F93005102803DB1D20C549A1F807
:10A170003005C448B0F930050190C248B0F9320545
:10A18000009001990DF020FC42F28820F3F7D4FCF6
:10A1900042F28920EFF79EF980B3BA48B0F9300552
:10A1A000019009F062FFB748B0F830050E2808D0DA
:10A1B000B448B0F93005102803DA0E20B149A1F8EF
:10A1C0003005B048B0F830051E2808D0AD48B0F9C9
:10A1D0003005102803DB1E20AA49A1F83005A94844
:10A1E000B0F930050190A748B0F932050090019907
:10A1F0000DF0EAFB42F28920F3F79EFC42F28A203E
:10A20000EFF768F980B39F48B0F93005019009F085
:10A210002CFF9C48B0F830050F2808D09948B0F9B9
:10A220003005102803DA0F209649A1F8300595482B
:10A23000B0F830051F2808D09248B0F93005102832
:10A2400003DB1F208F49A1F830058E48B0F9300597
:10A2500001908C48B0F93205009001990DF0B4FBE3
:10A2600042F28A20F3F768FC42F27820EFF732F9E5
:10A27000F0B14FF461708349A1F82C050F20A1F8CB
:10A2800034050846B0F930057F4901EBC01002469D
:10A29000012101900F20F3F747FE7A48B0F834050A
:10A2A00080B20190F3F7DCFD42F27820F3F744FC32
:10A2B0002AE47448B0F92C05B0F5617F3DD145F230
:10A2C0008510EFF727F930B104F0F4FD00206D4957
:10A2D000A1F82C0518E442F2AC20EFF7FBF898B196
:10A2E0004FF42F706749A1F82C050C20A1F8340514
:10A2F0000846B0F8340580B20190F3F7B1FD42F2A0
:10A30000AC20F3F719FC17E042F2AB20EFF7E2F8CC
:10A3100090B14FF42F705B49A1F82C050C20A1F8E7
:10A3200034050846B0F8340580B20190F3F798FD83
:10A3300042F2AB20F3F700FC11E45248B0F92C05CF
:10A34000B0F5487F7ED145F28510EFF7E3F830B1E4
:10A3500004F0B0FD00204B49A1F82C0511E442F2B5
:10A36000A020EFF7B7F898B14FF4FA704549A1F87B
:10A370002C050920A1F834050846B0F8340580B250
:10A380000190F3F76DFD42F2A020F3F7D5FB34E125
:10A3900042F21320EFF79EF8C8B1002263210E208D
:10A3A000F3F7C6FC00200190019880F3108800BFED
:10A3B00006F038FD06F0BCF906F08CF905F0D4FE85
:10A3C0004FF47A6009F026F8F3F79CFB15E142F2AE
:10A3D0001420EFF77FF8C8B1002263210E20F3F7B5
:10A3E000A7FC00200190019880F3108800BF06F0C0
:10A3F00011FE06F01DFA07F0DBFB05F0B5FE4FF489
:10A400007A6009F007F8F3F77DFBF6E042F21820D6
:10A41000EFF760F8A8B3002002900190019880F354
:10A42000108800BF02A941F6745000F01DFF02A978
:10A4300041F6755000F018FF02A941F6765000F081
:10A4400013FF00E0DAE002A941F6775000F00CFFBC
:10A4500002A941F6705000F007FF02A941F67150C1
:10A4600000F002FF02A941F6725000F0FDFE02A9C1
:10A4700041F6735000F0F8FE05F076FE4FF47A6076
:10A4800004E008E0E4FF0020C426012008F0C2FF39
:10A49000F3F738FBB1E042F21920EFF71BF8E0B315
:10A4A000012293210E20F3F76CFC002263210E2081
:10A4B000F3F73EFC002240F237110E20F3F738FC90
:10A4C00009F0F6FEC0B101224FF49C710E20F3F7A3
:10A4D00058FC012240F239110E20F3F752FC012200
:10A4E0004FF49C710E20F3F723FC012240F2391146
:10A4F0000E20F3F71DFC2AE000224FF49C710E2081
:10A50000F3F73FFC002240F239110E20F3F739FC3B
:10A5100000224FF49C710E2000E01DE0F3F708FCD0
:10A52000002240F239110E20F3F702FC01226321D0
:10A530000E20F3F7FDFB002240F237110E20F3F757
:10A54000CEFB012240F237110E20F3F7F1FB42F26D
:10A550001920F3F7F1FA50E042F21A20EEF7BAFFB1
:10A5600070B100224FF49C710E20F3F7E1FB002242
:10A5700040F239110E20F3F7DBFBFDF739FA3CE02E
:10A5800042F21B20EEF7A6FF78B300224FF49C7135
:10A590000E20F3F7CDFB002240F239110E20F3F725
:10A5A000C7FB00F0ABFE002240F237110E20F3F79C
:10A5B00096FB012240F237110E20F3F7B9FB00227F
:10A5C0004FF49C710E20F3F7DCFB002240F23911AE
:10A5D0000E20F3F7D6FB012263210E20F3F7A8FB30
:10A5E00042F21B20F3F7A8FA07E0FFE745F2856087
:10A5F000EEF7E4FF08B10AF0A7F859E600BF57E606
:10A6000010B503F067FB614890F93F00002804DDB6
:10A610005E4890F93F00642804DD0A205C4909681F
:10A62000086405E0594890F93F00594909680864F1
:10A63000564890F93E00002804DD544890F93E0049
:10A64000642804DD0A2052490968C86305E04F48C0
:10A6500090F93E004E490968C8634C4890F94000A3
:10A66000002804DD494890F94000642804DD0A20F0
:10A6700047490968886305E0444890F94000444927
:10A68000096888634FF4FA72FA21B0EE001AF6EE08
:10A69000000AB3EE040A3F48F2F7E1FEFF203E490C
:10A6A0000870002008F028FE03F018F8002007F0DA
:10A6B000CFFA3A4AB2F94210B2F9400003F0DEFB99
:10A6C00000203649A1F82C05A1F8F00A6420A1F871
:10A6D000F20A40F27952511E2220EEF7A3FF002029
:10A6E0002E49A1F8F00A0A20A1F8F20A40F27952A4
:10A6F000511E2320EEF796FF01202849A1F8F00A09
:10A700006420A1F8F20A40F27952511E2420EEF79B
:10A7100089FF00202149A1F81605A1F8180542F289
:10A720000320F3F72BFA42F20420F3F705FA42F282
:10A730000520F3F701FA42F20620F3F7FDF942F2A1
:10A740000720F3F7F9F942F20B20F3F7F5F945F298
:10A75000A060F3F7F1F900211148ECF79FFD00220A
:10A7600080211048EAF72EFA00224FF400410E48EB
:10A77000EAF728FA0122D1030A48EAF723FA01226C
:10A7800091030848EAF71EFA10BD0000C436012004
:10A79000F0030020A84A0120FC010020E4FF002073
:10A7A000C804002000040240000C024010B511480B
:10A7B000B0F81C050F49B1F82015401A00B20D4938
:10A7C000A1F81C0540F29322511C881FEEF72AFFC6
:10A7D0000848B0F81A050749B1F81E15401A00B22A
:10A7E0000449A1F81A0540F29122511C481FEEF7C6
:10A7F00019FF10BDE4FF002010B51148B0F81C058A
:10A800000F49B1F82015401A00B20D49A1F81C05F6
:10A8100040F29322511C881FEEF704FF0848B0F85D
:10A820001A050749B1F81E15401A00B20449A1F8EB
:10A830001A0540F29122511C481FEEF7F3FE10BD9D
:10A84000E4FF002010B50246531E1A46FF2B17D214
:10A850000C4B03EB02139989B1F5807F00D10021E5
:10A86000002901DD4B1E99B2064B03EB02139981BF
:10A8700021B90023034C04EB02142360002000E004
:10A88000022010BD9C1000202DE9F04104460E4628
:10A89000D4F800800021204600F027FB05465DBB70
:10A8A000002700BF4046A16B04F037F8054605B10C
:10A8B00021E098F80000042805D1E06B0078012120
:10A8C00021EAD01009E0E06B0078E52802D0E06BC7
:10A8D000007808B9012000E0002020B1781C07466C
:10A8E000B04201D107E000270121204600F0DEF848
:10A8F0000546002DD6D000BF042D00D107252846DF
:10A90000BDE8F0812DE9F04F85B0044625680021AF
:10A91000204600F0EAFA07461FB1384605B0BDE808
:10A92000F08F287804284CD1E8680FF066FD01907C
:10A930003EE0296901F1240003F0CCF80199884236
:10A9400000D035E0286990F8230003904FF0400ACA
:10A95000002002901FE00AF01F0008B90AF1020A65
:10A96000296901EB0A0003F0B5F8009001F074FDCD
:10A970008346EA68029932F8110001F06DFD8345C3
:10A9800000D00BE00398401EC0B203900AF1020A07
:10A990000298401C029003980028DCD100BF039865
:10A9A00028B9E968029831F8100000B906E000BF44
:10A9B0000021204600F00AF9071EBAD000BF384631
:10A9C000ACE74FF0FF09CDF810904FF0FF30E06496
:10A9D00000BF2846A16B03F0A0FF074607B162E065
:10A9E000E06B06780EB904275DE0E06BC07A00F0FA
:10A9F0003F0884F80680E52E05D008F0080040B135
:10AA0000B8F10F0F05D04FF0FF094FF0FF30E064B1
:10AA100042E0B8F10F0F22D14B20005D00F0400062
:10AA2000A0BB06F0400038B1E06B407B049006F01C
:10AA3000BF06B146206BE0644E450CD1E06B417B14
:10AA40000498814207D1E16BE868FCF785FF10B1FB
:10AA5000A9F1010000E0FF2000F0FF091CE0B9F1BE
:10AA6000000F06D1E06B08F0E8FF0499884200D19E
:10AA700019E04B20005D00F0010040B90B2204F109
:10AA80004001E06B03F021FF08B90CE004E04FF057
:10AA9000FF094FF0FF30E0640021204600F006F887
:10AAA0000746002F95D000BF384637E72DE9F0471D
:10AAB000044689462568206B00F12007A06B40B151
:10AAC0002878042801D1800601E04FF40010B84234
:10AAD00002D80420BDE8F087C7F3080000286CD135
:10AAE000A06B401CA063606B38B92889B0EB571F7E
:10AAF00063D80020A0630420ECE76889401E00EAC8
:10AB00005720002859D12046616B02F075FC06469B
:10AB1000012E01D80220DDE7701C08B90120D9E719
:10AB2000286AB04243D8B9F1000F03D10020A063D6
:10AB30000420CFE72046616BFDF73AF906460EB9CF
:10AB40000720C7E7012E01D10220C3E7701C08B916
:10AB50000120BFE7E07940F00400E071284608F0EA
:10AB6000C5FF08B10120B5E74FF40072002105F1DF
:10AB70003C0003F0C9FE4FF0000831462846FCF7C0
:10AB8000DEFEA8630CE00120E870284608F0AEFF66
:10AB900008B101209EE708F10108A86B401CA863DA
:10ABA00068894045EFD8A86BA0EB0800A8636663EE
:10ABB00031462846FCF7C3FEA0632763C7F30801AC
:10ABC00005F13C000844E063002083E72DE9F05FD5
:10ABD00004468846042627684FF0FF0AD3466CE0F7
:10ABE0003846A16B03F099FE064606B168E0E06BBB
:10ABF00005780DB9042663E03878042814D1B8F13B
:10AC0000000F02D0832D51D15AE0852D4ED1206BFB
:10AC1000E064204603F084FD064626B938690079D1
:10AC200000F03F00A0714BE0E06BC07A00F03F09FC
:10AC300084F80690E52D0AD02E2D08D029F02000AA
:10AC4000082801D1012000E00020404502D04FF04B
:10AC5000FF0A2BE0B9F10F0F1CD105F0400038B10D
:10AC6000E06B90F80DB005F0BF05AA46206BE064DC
:10AC700055450BD1E06B407B584507D1E16BF86837
:10AC800004F0D4F810B1AAF1010000E0FF2000F0B8
:10AC9000FF0A0BE0BAF1000F04D1E06B08F0CDFE23
:10ACA000584502D04FF0FF30E06409E00021204613
:10ACB000FFF7FCFE064606B102E0A06B00288FD12C
:10ACC00000BF0EB10020A0633046BDE8F09F2DE923
:10ACD000F04F9BB0044626684B20005D00F0A000BA
:10ACE00018B106201BB0BDE8F08F4FF0000B01E05B
:10ACF0000BF1010BF06830F81B000028F8D1307818
:10AD0000042862D10BF10E000F21B0FBF1F000F12D
:10AD1000020949462046FFF7B7FD05460DB1284612
:10AD2000E0E7A9F101002022216B02FB1010E06492
:10AD3000A068002843D0E07900F0040000283ED04D
:10AD400070894002D4E90431181841F10001C4E9C6
:10AD50000401204601F0D2FB05460DB12846C1E7AB
:10AD60004FF0FF322046616B01F0E3FB05460DB169
:10AD70002846B7E72146684603F0B4FC05460DB106
:10AD80002846AFE7D4E90473316901F138003A4647
:10AD900008F0BEFDD4E90473316901F128003A4698
:10ADA00008F0B6FDE07940F00100316981F821003A
:10ADB000684608F009FE05460DB1284692E7D6E937
:10ADC0000310FDF7D1F900208CE70C2204F14001BB
:10ADD00017A803F08CFD9DF8670000F0010028B370
:10ADE00040214B2001554FF0010A0EE0534617A9B0
:10ADF00004F14000F26802F069FA2046FFF782FD94
:10AE0000054605B104E00AF1010ABAF1640FEDD379
:10AE100000BFBAF1640F01D1072063E7042D01D010
:10AE200028465FE79DF867104B2001559DF86700A5
:10AE300000F0020030B10BF10C000D21B0FBF1F07D
:10AE4000401C00E00120814649462046FFF71CFDDA
:10AE5000054675BBA9F10100B0F1000929D0206BAE
:10AE6000A0EB4911204600F040F805460DBB04F167
:10AE7000400008F0E2FD169000BF3046A16B03F0E1
:10AE80004CFD054605B113E009F0FF02E16BF068E7
:10AE9000169B04F00FFF0120F07000212046FFF701
:10AEA00005FE054625B9A9F10100B0F10009E4D17C
:10AEB00000BFC5B93046A16B03F02FFD054695B91B
:10AEC00020220021E06B03F01FFD0B2204F1400162
:10AED000E06B03F00CFD4B20005D00F01800E16B0F
:10AEE00008730120F0702846FCE62DE9F041044685
:10AEF0000D4626683078042801D1800601E04FF421
:10AF00000010A84202D905F01F0010B10220BDE8D0
:10AF1000F0812563A7682FB93078032802DB376BEF
:10AF20000020E07147B93089B0EB551F01D80220ED
:10AF3000EDE7306BA0631CE070894FEA402811E018
:10AF40003946204602F058FA0746781C08B9012015
:10AF5000DDE7022F02D3306AB84201D80220D6E7DB
:10AF6000A5EB08054545EBD239463046FCF7E7FC32
:10AF7000A0636763A06B08B90220C8E7A06B00EB71
:10AF80005520A063C5F3080106F13C000844E063C6
:10AF90000020BCE770B5044600250948005D60B993
:10AFA000074A0832105D121F52F8242011688847A2
:10AFB000054615B9012002490855284670BD000014
:10AFC0008C2000202DE9F04104460D461646064926
:10AFD000085D091F51F8241032460B69294698472D
:10AFE00007463846BDE8F081942000202DE9F04165
:10AFF00004460D4616461F460749085D091F51F8CD
:10B0000024103B463246D1F808C02946E047804626
:10B010004046BDE8F08100009420002070B5044651
:10B02000044A105D121F52F82420516888470546D3
:10B03000284670BD942000202DE9F04104460D46BD
:10B0400016461F460749085D091F51F824103B4664
:10B050003246D1F80CC02946E04780464046BDE85C
:10B06000F081000094200020002100E0491CFF290D
:10B0700005D2064800EB011000680028F6D1FF2930
:10B0800001D0012070470020FCE700009C10002048
:10B090002DE9F04188B00746884614463819B0F5C6
:10B0A000005F04DD0125284608B0BDE8F081204698
:10B0B000E11704EB5171C1F3CF010691E11704EBE5
:10B0C0005171C910A4EBC10189B205910797464699
:10B0D0000020049021E04FF47A7008211023CDE97C
:10B0E00000610290BDF81C20A1211D48EAF740FA3A
:10B0F00005463DB11A48EAF734F905461848EAF71B
:10B100004FF90546BDF81C00083080B2079008369C
:10B11000BDF81000401C80B20490BDF81000BDF8CE
:10B1200018108842D7DBBDF81400B8B14FF47A701C
:10B13000BDF814101023CDE900610290BDF81C2069
:10B14000A1210748EAF714FA05463DB10448EAF799
:10B1500008F905460248EAF723F905462846A3E719
:10B16000E0020020FEB505460E46E81CB0F5005F83
:10B1700002DB01242046FEBD4FF47A700421102327
:10B180002A46CDE900610290A1210748EAF7F0F9CB
:10B1900004463CB10448EAF7E4F804460248EAF7FA
:10B1A000FFF804462046E6E7E00200202DE9F74FCD
:10B1B00084B0074614463819B0F5005F04DD012558
:10B1C000284607B0BDE8F08F2046E11704EB517127
:10B1D000C1F3CF0BE11704EB5171C910A4EBC1010E
:10B1E0001FFA81F9B846059E4FF0000A1EE04FF4A1
:10B1F0007A70082110234246CDE900610290A02117
:10B200001848EAF739FB05463DB11648EAF7A9F8B0
:10B2100005461448EAF7C4F8054608F108001FFA85
:10B2200080F808360AF101001FFA80FADA45DEDB01
:10B23000B9F1000F14D04FF47A7010234246A021C8
:10B24000CDE9006902900748EAF716FB05463DB1D3
:10B250000448EAF786F805460248EAF7A1F80546E9
:10B260002846AEE7E0020020FEB505460E46B5F5DD
:10B27000005F02DB01242046FEBD4FF47A700121FD
:10B2800010232A46CDE900610290A0210748EAF781
:10B29000F3FA04463CB10548EAF763F8044603486C
:10B2A000EAF77EF804462046E6E70000E0020020C8
:10B2B000FEB505460E46E81C41F6FF71884202DBEA
:10B2C00001242046FEBD4FF47A70042110232A4643
:10B2D000CDE900610290A0210748EAF7CDFA0446C3
:10B2E0003CB10548EAF73DF804460348EAF758F848
:10B2F00004462046E6E70000E002002010B51D48A5
:10B3000000F040F801221CA1002000F0D1FA4FF417
:10B3100096700DF043FB0122D1031848E9F752FC67
:10B32000012291031548E9F74DFC15A293210E2047
:10B33000F2F7FAFD00224FF49C710E20F2F721FD86
:10B34000002240F239110E20F2F71BFD00224FF4CB
:10B350009C710E20F2F7ECFC002240F239110E2015
:10B36000F2F7E6FC012240F237110E20F2F7E0FC82
:10B3700010BD0000084D0120303A000000040240DA
:10B380000000000038B50546284600F0FDFD0446E3
:10B3900084B9694628460DF091FC044654B9E86A20
:10B3A000FFF750FA04460CB90020286000210098ED
:10B3B00008F006FE204638BD2DE9F04F8FB08046DC
:10B3C00014461D460DA940460DF078FC0E900E98CF
:10B3D00010B998F831000E900E9850B90D98007879
:10B3E000042806D1421F4046D8F8401001F0A1F8C9
:10B3F0000E900E9838B1DDE90D0108F0E1FD0E98D0
:10B400000FB0BDE8F08FD8F8500000287DD04FF085
:10B41000FF3184EA0100694008435FD1D8F8501039
:10B420000391039802C80591039002200490D8F874
:10B4300008B0BBF1000F42D000BFCDF81CB0002017
:10B4400008900498801C049000BFCDF824B00898A0
:10B45000401C08905946404601F0CEFF8346BBF1A0
:10B46000010F08D8022088F8310002210D9808F059
:10B47000A7FD0220C4E70BF1010040B9012088F8C4
:10B48000310001210D9808F09BFD0120B8E70998D3
:10B49000401C8345D9D0DDE9040188420BD80399CB
:10B4A000089808600398001D0390039907980860A6
:10B4B0000398001D03900D98006A5845BDD8049864
:10B4C000D8F850100860DDE90401884203D8002153
:10B4D00003980160E5E111200E90E2E1D8E9041043
:10B4E000091BA84101D2D8E90445C8E90E4500214D
:10B4F00084EA010069400843ECD0661E65F1000350
:10B5000032464046FCF7EAF900E068E0C8F840003F
:10B51000D8F840100D98FCF712FA0690069840B93A
:10B52000022088F8310002210D9808F049FD022020
:10B5300066E7661E65F100014FF400720023304695
:10B54000E4F78FFF0D994989491E08400699084480
:10B5500006904FF400720023D8E90E613046E4F7FC
:10B5600080FF00214A404B401A43B3D0D8F8441022
:10B5700006988142AED098F8300000F08000C0B14B
:10B58000D8F844200D994878012308F15401FFF7B9
:10B5900053FD40B1012088F8310001210D9808F0D9
:10B5A0000FFD01202CE798F8300000F07F0088F8AC
:10B5B00030000D994878012308F15401069AFFF7ED
:10B5C00015FD40B1012088F8310001210D9808F0E7
:10B5D000F7FC012014E70698C8F8440061E10D98D3
:10B5E0000078042806D0211E75F1010002D34FF027
:10B5F000FF340025D8E90410091BA84106D298F8A9
:10B60000300000F0020008B9D8E90445D8E90E017D
:10B61000CDE90A0100200C90C8F83800C8F83C00B9
:10B62000002184EA0100694008437DD00D984089DB
:10B630004FEA40290023DDE90A01584059400843F8
:10B640002BD0661E65F100014A463046E4F709FF3B
:10B6500006460F46DDE90A10491E60F10002CDE9F9
:10B6600000124A46002308460199E4F7FAFE301A10
:10B670008F4112D3DDE90A104A1E60F10001A9F1E1
:10B68000010022EA0000C8E90E01D8E90E12641A8E
:10B6900065EB0205D8F840A025E0D8F808A0BAF17B
:10B6A000000F1ED100214046FCF782FB8246BAF112
:10B6B000010F08D1022088F8310002210D9808F00E
:10B6C0007FFC02209CE60AF1010040B9012088F8C5
:10B6D000310001210D9808F073FC012090E6C8F8B4
:10B6E00008A0C8F840A0BAF1000F1DD051E0B4EB9B
:10B6F000090465F10005D8E90E2012EB090240F1BA
:10B700000000C8E90E2098F8300000F00200E8B10F
:10B71000D8E90430D8E90E12591A90410BD2D8E971
:10B720000E01C8E9040100E065E098F8300040F03F
:10B73000400088F8300051464046FCF739FB82460D
:10B74000BAF1000F07D10024254627E051464046B4
:10B7500001F052FE82460AF1010040B9012088F84A
:10B76000310001210D9808F02BFC012048E6BAF1C8
:10B77000010F03D90D98006A504508D8022088F8B7
:10B78000310002210D9808F01BFC022038E6C8F8B1
:10B7900040A00020B9EB0401A841A8D300BFD8E91C
:10B7A0000E1009196841C8E90E104FF40072002309
:10B7B00020462946E4F755FE00214A404B401A43F3
:10B7C00019D051460D98FCF7BAF80C900C9840B976
:10B7D000022088F8310002210D9808F0F1FB0220C8
:10B7E0000EE64FF40072002320462946E4F739FEA6
:10B7F0000C9908440C90D8E90430D8E90E219A1A23
:10B80000884109D2D8E90E01C8E9040198F830004E
:10B8100040F0400088F830004FF400720023D8E96F
:10B820000E613046E4F71DFE00214A404B401A43AA
:10B8300037D0D8F844100C98814232D098F83000B4
:10B8400000F08000C0B1D8F844200D994878012359
:10B8500008F15401FFF7F0FB40B1012088F83100F6
:10B8600001210D9808F0ACFB0120C9E598F83000E3
:10B8700000F07F0088F830000D994878012308F126
:10B8800054010C9AFFF7B2FB40B1012088F8310057
:10B8900001210D9808F094FB0120B1E50C98C8F83F
:10B8A0004400DDE90D0108F08BFB0E98A8E50000CF
:10B8B000F7B582B016460398019001A801F061FE29
:10B8C0000546002D02DA0B2005B0F0BD184850F8EF
:10B8D000254054B12046FBF7EDFF606900F097FD6D
:10B8E00008B90220F0E700202070029850B1002033
:10B8F00002990870E8B20299143100F079FD08B994
:10B900000220E1E70A49029841F82500029808B1AF
:10B91000012E01D00020D7E7002202A903A800F0E1
:10B920007DFE07463946029808F04AFB3846CBE7C9
:10B93000480000202DE9F74F9AB0044616461CB97E
:10B9400009201DB0BDE8F08F06F03F06324603A97E
:10B950001BA800F063FE0546002D7DD103980490DE
:10B960004FF48C6000F05AFD8346BBF1000F05D107
:10B970001121039808F024FB1120E2E70398C0F896
:10B980000CB00BF500700399086104A81B9901F035
:10B99000D5FB05468DB99DF85B0000F0800008B12D
:10B9A00006250AE026F0010008B1012000E0002091
:10B9B000014604A8FBF7A2FE054606F01C0000287D
:10B9C0007ED06DB1042D08D1FFF74EFB18B104A84D
:10B9D000FFF77DF900E01220054646F008060AE070
:10B9E0009DF8160000F0110008B1072503E006F0ED
:10B9F000040000B10825002D71D106F008000028D0
:10BA00006DD001F0BCFD029003980078042867D146
:10BA1000039820600399096901F1340002F01DF8D0
:10BA2000A0600399096901F1380002F022F8C4E925
:10BA300004010398006990F8210000F00200E07111
:10BA40000020E0610399096901F10800029907F0FB
:10BA500053FF0020039900E04FE10969087503993D
:10BA6000096901F10C00029907F046FF00200399D3
:10BA700009694875202003990969087103990969C2
:10BA800001F13400002107F037FF0399096901F142
:10BA900038000022134607F03BFF0399096901F1C2
:10BAA00028000022134607F033FF0120039909699B
:10BAB00081F8210004A807F087FF0546002D00E06B
:10BAC00046E056D1A068002853D000222046A16845
:10BAD00004F0C3FA0546A068401E0399886148E057
:10BAE000139901F10E00029907F006FF139901F175
:10BAF0001600029907F000FF20201399C8721399CD
:10BB0000039801F097FF019000221399039807F022
:10BB1000E1FE139901F11C00002107F0EDFE012068
:10BB20000399C870019820B30398806B029000229B
:10BB300004A8019904F091FA0546D5B9DDE902108F
:10BB400002F0EBFE05460198401E0399886110E063
:10BB50007DB99DF8160000F0100008B1042508E03A
:10BB600006F0020028B19DF8160000F0010000B1B7
:10BB70000725BDB906F0080008B146F04006039855
:10BB8000806BA0641398E06426F0010008B10120E6
:10BB900000E00020014604A801F01CFEE062E06A1B
:10BBA00000B90225002D7CD103980078042821D10A
:10BBB00006982062089820F0FF009DF817100843AF
:10BBC00060621798A0620399096901F1340001F0DD
:10BBD00044FFA0600399096901F1380001F049FFB1
:10BBE000C4E904010398006990F8210000F0020004
:10BBF000E0710CE01399039801F01CFFA060139909
:10BC000001F11C0001F029FF0021C4E9040100201A
:10BC10002065039820600398C088A08084F8306075
:10BC2000002084F831006064A063E0634FF4007288
:10BC3000002104F1540002F067FE06F02000002805
:10BC400058D00023D4E9041059405840014351D042
:10BC5000D4E90401C4E90E01039840894FEA402960
:10BC6000D4F808A0D4E9047810E05146204601F049
:10BC7000C3FB8246BAF1010F00D802250AF1010088
:10BC800000B90125B7EB090768F100082DB90020BC
:10BC9000B9EB070170EB0800E7D3C4F840A005B981
:10BCA00000E012E04FF40072002338464146E4F70A
:10BCB000D8FB00214A404B401A431BD05146039801
:10BCC000FBF73DFE009008B9022513E04FF4007227
:10BCD000002338464146E4F7C4FB009908446064F9
:10BCE000626C03994878012304F15401FFF77EF94F
:10BCF00000B10125584600F097FB0DB100202060EF
:10BD00002946039808F05CF928461AE62DE9FF4F0A
:10BD100087B0044615460898039000210A980160F0
:10BD200005A920460CF0CAFF0690069818B994F8A9
:10BD30003100069038B1DDE9050108F041F90698B7
:10BD40000BB0BDE8F08F94F8300000F0010028B986
:10BD50000721059808F034F90720F1E7D4E90E31FE
:10BD6000D4E90420D71A60EB0108791B78F10000B0
:10BD700000D23D46FFE0D4E90E014FF400720023EB
:10BD8000CDE90001E4F76DFB00214A404B401A4326
:10BD900078D1D4E90E014FF400720023CDE90001FF
:10BDA000E4F75FFB05994989491E00EA010ABAF1E7
:10BDB000000F35D10023D4E90E10594058400143FB
:10BDC00002D1A068049011E0206D50B1D4E90E01B9
:10BDD00002460B46CDE900012046FBF77FFD0490AB
:10BDE00004E02046216C01F007FB0490049802282F
:10BDF00008D2022084F831000221059808F0E0F80A
:10BE000002209DE70498401C40B9012084F83100CD
:10BE10000121059808F0D4F8012091E704982064E6
:10BE2000216C0598FBF78BFD8146B9F1000F08D115
:10BE3000022084F831000221059808F0C1F80220A0
:10BE40007EE7D1444FEA552BBBF1000F34D00AEB0B
:10BE50000B0005994989884203D905984089A0EBD0
:10BE60000A0B059948785B464A460399FFF7BEF8E6
:10BE700048B1012084F831000121059808F0A0F8AC
:10BE800001205DE74CE094F8300000F0800080B1C4
:10BE9000606CA0EB090058450BD2616CA1EB090165
:10BEA000039A02EB41204FF4007204F1540102F0B6
:10BEB0001EFD4FEA4B264EE0606C48452ED094F8AC
:10BEC000300000F08000B8B1626C05994878012319
:10BED00004F15401FFF7B0F840B1012084F83100BB
:10BEE0000121059808F06CF8012029E794F830004A
:10BEF00000F07F0084F830000599487801234A4615
:10BF000004F15401FFF772F840B1012084F83100C8
:10BF10000121059808F054F8012011E7C4F8449075
:10BF2000208FC0F30800C0F50076AE4200D92E463F
:10BF3000D4E90E014FF400720023CDE90001E4F7CB
:10BF400090FA04F1540010443246014602900398DE
:10BF500002F0CDFC00BF039830440390D4E90E20DA
:10BF6000921940F10000C4E90E200A980068811976
:10BF70000A980160AD1B002D7FF4FDAE00210598ED
:10BF800008F01EF80020DBE62DE9F04798B00446E3
:10BF900016A920460CF092FE0546002D7DD194F89E
:10BFA000300000F04000002877D094F8300000F016
:10BFB0008000B0B1626C16994878012304F15401F5
:10BFC000FFF73AF838B10121169807F0F9FF012080
:10BFD00018B0BDE8F08794F8300000F07F0084F8D6
:10BFE000300001F0CCFA824616980078042879D106
:10BFF000204600F083FA054635B94FF0FF3220465F
:10C00000216C00F096FA0546002DC7D14FF48C60E4
:10C0100000F004FA8146B9F1000F05D111211698FC
:10C0200007F0CEFF1120D3E71698C0F80C9009F561
:10C030000070169908612146684602F053FB0546D8
:10C04000002D4AD116980069007940F02000169919
:10C0500009690871E07940F001001699096981F8D1
:10C060002100A168169A126902F1340007F044FC1D
:10C07000D4E904731699096901F138003A4607F0CA
:10C0800047FCD4E904731699096901F128003A467E
:10C0900007F03EFC1699096900E04FE001F10C0041
:10C0A000514607F029FC0020169909694875169930
:10C0B000096901F11000002107F01EFC684607F035
:10C0C00083FC05464DB9169807F0C8FC054694F860
:10C0D000300000F0BF0084F83000484600F0A4F9BA
:10C0E0002CE0FFE7A16C169802F017FC05462DBB6B
:10C0F000E66CF07A40F02000F0723146A2682068C9
:10C1000007F0E8FB06F11C00216907F0F5FB51463A
:10C1100006F1160007F0F0FB002106F1120007F00F
:10C1200025FC01201699C870169807F097FC054663
:10C1300094F8300000F0BF0084F8300029461698CB
:10C1400007F03EFF284643E710B5002442F21020D6
:10C15000EDF7C0F920B142F20220F1F70FFD0DE03A
:10C1600045F28410EDF7B6F920B142F20220F1F762
:10C1700005FD03E042F20220F1F7DEFC42F20F205F
:10C18000EDF7A8F918B142F20320F1F7F7FC42F2FB
:10C190000C20EDF79FF920B14FF40850F1F7EEFCB9
:10C1A0000DE04FF4A340EDF795F920B14FF408509E
:10C1B000F1F7E4FC03E04FF40850F1F7BDFC42F264
:10C1C0001220EDF787F920B142F20120F1F7D6FCF9
:10C1D00021E0724890F8440001280ED145F2811008
:10C1E000EDF778F920B142F20120F1F7A5FC12E059
:10C1F00042F20120F1F7C2FC0DE045F28110EDF7AB
:10C2000069F920B142F20120F1F7B8FC03E042F2F3
:10C210000120F1F791FC42F20D20EDF75BF978B1C6
:10C2200042F20420F1F788FC42F20520F1F784FC89
:10C2300042F20620F1F780FC42F20720F1F77CFC85
:10C2400042F20E20EDF746F990B142F20820F1F7E4
:10C2500095FC42F20A20EDF73DF920B142F20920A7
:10C26000F1F78CFC38E042F20920F1F765FC33E08D
:10C2700045F2A860EDF72EF990B142F20820F1F7EF
:10C280007DFC45F2A960EDF725F920B142F20920C5
:10C29000F1F774FC20E042F20920F1F74DFC1BE0BD
:10C2A00045F28310EDF716F920B142F20820F1F7BC
:10C2B00065FC03E042F20820F1F73EFC45F28210F3
:10C2C000EDF708F920B142F20920F1F757FC03E03D
:10C2D00042F20920F1F730FC4FF40850EDF71AF95B
:10C2E000044342F20120EDF715F9044342F208201D
:10C2F000EDF710F9044342F20220EDF70BF9044385
:10C3000042F20320EDF706F9044342F20420EDF770
:10C31000E1F8044342F20520EDF7DCF8044342F271
:10C320000720EDF7D7F8044324B142F20B20F1F7D0
:10C3300025FC03E042F20B20F1F7FEFB42F20B205A
:10C34000EDF7C8F860B14FF4A440F1F7F5FB45F202
:10C350000220F1F7F1FB45F20120F1F70FFC1BE0A1
:10C360000F48007860B14FF4A440F1F707FC45F2A4
:10C370000220F1F7E1FB45F20120F1F7FFFB0BE0B2
:10C380004FF4A440F1F7FAFB45F20220F1F7D4FB99
:10C3900045F20120F1F7D0FB10BD0000C4360120AA
:10C3A000E601002010B50246802A01DA10461BE0A3
:10C3B00051B1FF2A01DD002304E0A2F180030B4C00
:10C3C00034F8133018460FE0002007E0074B33F82D
:10C3D0001030934200D103E0431C98B28028F5DB73
:10C3E00000BF00F18003D8B210BD00006AB203089C
:10C3F00070B506460C46002002F03AFC206020682A
:10C4000008B1012000E000200546284670BD10B5A7
:10C410000446204602F015FC012010BD10B504466C
:10C42000204603F087FC10BD10B5044620460CF0F2
:10C43000A5F910BD10B50446204602F072FC10BDEF
:10C4400070B5044600254FF47A71204602F0C8FB0F
:10C4500000B90125284670BD30B5B0F5805F01DA1E
:10C46000244D00E0244D294600BF31F8022B0AB1CB
:10C47000904200DA3CE031F8023B1C12DBB2D518E6
:10C48000854230DD092C2CD2DFE804F005090F13BA
:10C49000171B1F232700851A31F8150021E0851A84
:10C4A00005F00105451BA8B21BE0A0F11005A8B2DC
:10C4B00017E0A0F12005A8B213E0A0F13005A8B262
:10C4C0000FE0A0F11A05A8B20BE000F10805A8B230
:10C4D00007E0A0F15005A8B203E0A0F5E355A8B22B
:10C4E00000BF00BF04E0002CBFD101EB4301BCE75B
:10C4F00000BF30BD6AB303085CB503082DE9F04105
:10C500000446E079032812D1A568A7690BE06A1CEC
:10C510002946206803F02CFB064616B13046BDE8DC
:10C52000F0816D1C7F1E002FF1D10020E0710020F2
:10C53000F5E72DE9F04104460D46174616E0E3699C
:10C54000012B03D9E369EB1A9B1C00E03B461A461A
:10C55000E369EB1A591C206803F00AFB064616B182
:10C560003046BDE8F081E069401EE061E0690028E6
:10C57000E5D100BFF5E72DE9F74F05460E46B61E9B
:10C58000286A801EB04200D800263446A2464FF0EA
:10C59000000B00BF686B00EB1431284602F0BDF9B8
:10C5A00018B14FF0FF30BDE8FE8FC4F3C80904F0A6
:10C5B000070101208840C7B200BF00BF05F13C0061
:10C5C00010F8090000EA07087806070E601C044608
:10C5D000296A891E884203D3002400274FF400797A
:10C5E000B8F1000F08D10BF101008346029988428F
:10C5F00005D10AF10200D6E7A2464FF0000BB44283
:10C6000001D10020CFE7002FD8D1012709F1010087
:10C610008146B0F5007FD0D3BCE700002DE9F74F8D
:10C620008CB000210D9801600C9800F0AAFF0A90D0
:10C630000A98002803DA0B200FB0BDE8F08FFE49FE
:10C640000A9851F820400CB90C20F5E7204602F07A
:10C65000E8F808B90F20EFE70D9804600E9800F095
:10C66000FE000E90207888B16078FEF7D7FC099024
:10C67000099800F0010048B90E9828B1099800F017
:10C68000040008B10A20D7E70020D5E70020207079
:10C690000A9860706078FEF77DFC0990099800F0B8
:10C6A000010008B10320C7E70E9828B1099800F0EF
:10C6B000040008B10A20BFE7002631462046FAF7F9
:10C6C000C5FF8146B9F1020F03D0B9F1020F2FDA8D
:10C6D0002EE0002514E04FF4DF7000EB051104F1AB
:10C6E0003C0008440B900B98007920B10B9808305F
:10C6F00001F0B3F900E0002002A941F825006D1C0B
:10C70000042DE8D3002505B16D1E00BF02A850F826
:10C71000256026B131462046FAF798FF00E0032055
:10C720008146B9F1020F03DB681C05460428EDD3EE
:10C73000B9F1040F01D101207EE7B9F1020F01DB4D
:10C740000D2079E7B9F1010F7CD10B2500E06D1CBC
:10C75000402D04D204F13C00405D0028F7D0402D6C
:10C7600001D20D2068E704F1A40001F0B3F9B0F59F
:10C77000807F01D00D205FE794F8A8100120884049
:10C78000B0F5007F01D00D2056E704F1840001F0E0
:10C7900070F9871941F10008391E78F1010001D3C1
:10C7A0000D2049E704F1900001F057F9606294F818
:10C7B000AA00A070A078012801D00D203CE794F8D1
:10C7C000A910012088406081608908B90D2033E7F5
:10C7D00004F1980001F041F9824698498A4501D94F
:10C7E0000D2029E70AF102002062A66204F19400FC
:10C7F00001F033F93044606304F18C0001F02DF94D
:10C800003044E0624FF0000C608900FB0AF0626B7C
:10C8100012184CEB0C00B91A78EB000001D20D2075
:10C820000AE704F19C0001F018F920632046216B0F
:10C83000FBF785F801460090204602F06EF810B133
:10C840000120F9E621E000250FE004F13C00405D05
:10C85000812809D104F13C01294401F1140001F0BF
:10C86000FCF8022800D103E02035B5F5007FECD3B9
:10C8700000BFB5F5007F01D10D20DDE64FF0FF30A0
:10C88000E061A0614FF00409F2E004F1470001F01B
:10C8900021F9B0F5007F01D00D20CDE604F1520062
:10C8A00001F018F98346BBF1000F04D104F16000D8
:10C8B00001F0D3F88346C4F824B04C20005DA0708A
:10C8C000A078012804D0A078022801D00D20B3E67A
:10C8D000A0780BFB00FB4920005D6081608918B1E6
:10C8E0006089411E084008B10D20A5E604F14D0005
:10C8F00001F0F0F82081207A00F00F0008B10D203F
:10C900009AE604F14F0001F0E5F80890089820B984
:10C9100004F15C0001F0A1F8089004F14A0001F074
:10C92000D9F80190019808B90D2085E6019858447E
:10C93000218900EB11100790DDE90701814201D246
:10C940000D2079E6DDE90710401A6189B0FBF1FAA4
:10C95000BAF1000F01D10D206EE64FF003094FF63A
:10C96000F570824501D84FF0020940F6F570824516
:10C9700001D84FF001090AF102002062A662019875
:10C980003044E062079830446063B9F1030F13D17B
:10C9900004F1660001F09EF808B10D204CE62089F4
:10C9A00008B10D2048E604F1680001F056F8206354
:10C9B000206A8000069016E0208908B90D203BE629
:10C9C000E06A58442063B9F1020F02D1206A4000A6
:10C9D00008E094F8200000F00100216A01EB410119
:10C9E00000EB51000690616A069800F2FF10B1EB6F
:10C9F000502F01D20D201FE64FF0FF30E061A06103
:10CA000080202071B9F1030F32D104F16C0001F0E4
:10CA100061F801282CD1711C204601F07EFF38BB43
:10CA20000020207104F23A2001F054F84AF6552112
:10CA300088421DD104E0000048000020FDFFFF7F78
:10CA400004F13C0001F009F81049884210D104F5C6
:10CA5000087001F002F80E49884209D104F5097006
:10CA600000F0FBFFE06104F50A7000F0F6FFA06142
:10CA700084F8009007480088401C80B2054908806F
:10CA8000E0802046FAF716FF0020D5E552526141BA
:10CA9000727241614C0000202DE9F04F2DED0C8B9E
:10CAA00085B081460D469346B9F1010F03D0B9F127
:10CAB000020F09D103E096260127F64C05E09626E1
:10CAC0000127F44C143400E000BF00BFB54200DD84
:10CAD0003546BD4200DA3D4600EE105AB8EEC00AB7
:10CAE00010EE100A0EF028FA41EC1B0BEA4B9922CB
:10CAF000EAA1F1A00095E3F72BFDE74B9A22E7A10D
:10CB0000F7A00096E3F724FDE34B9B22E3A1FEA0F0
:10CB10000097E3F71DFD42F21620ECF7FBFC00281E
:10CB200073D0002D15DD2088A84212DB208800EE8E
:10CB3000100AB8EE400ADFEDFE0A80EE201A11EE70
:10CB400010AA50460EF0F8F941EC180B9FEDF9AB26
:10CB50009DE12088A8422ADA6088A84227DB608805
:10CB60002188401A00EE100AB8EEC00ADFEDF00A84
:10CB700080EE201A11EE10AA50460EF0DDF941ECBD
:10CB8000180B9FEDEE0B53EC102B51EC180B0DF026
:10CB9000A9FF41EC1C0B20880DF054FF41EC1D0B4C
:10CBA00053EC1C2B0EF0DEF841EC1A0B6FE16088A1
:10CBB000A8422BDAA088A84228DBA0886188401A06
:10CBC00000EE100AB8EEC00ADFEDD90A80EE201A96
:10CBD00011EE10AA50460EF0AFF941EC180B9FED84
:10CBE000D90B53EC102B51EC180B0DF07BFF41ECE3
:10CBF0001C0B60880DF026FF41EC1D0B53EC1C2B29
:10CC00000EF0B0F841EC1A0B41E1E9E1A088A8422E
:10CC10002ADAE088A84227DBE088A188401A00EEE3
:10CC2000100AB8EEC00ADFEDC20A80EE201A11EE3B
:10CC300010AA50460EF080F941EC180B9FEDC30B83
:10CC400053EC102B51EC180B0DF04CFF41EC1C0B6E
:10CC5000A0880DF0F7FE41EC1D0B53EC1C2B0EF0E1
:10CC600081F841EC1A0B12E1E088A8422ADA208907
:10CC7000A84227DB2089E188401A00EE100AB8EEAE
:10CC8000C00ADFEDAB0A80EE201A11EE10AA504662
:10CC90000EF052F941EC180B9FEDAE0B53EC102B3C
:10CCA00051EC180B0DF01EFF41EC1C0BE0880DF051
:10CCB000C9FE41EC1D0B53EC1C2B0EF053F841EC5C
:10CCC0001A0BE4E02089A8422ADA6089A84227DB0F
:10CCD00060892189401A00EE100AB8EEC00ADFED23
:10CCE000940A80EE201A11EE10AA50460EF024F994
:10CCF00041EC180B9FED990B53EC102B51EC180BDA
:10CD00000DF0F0FE41EC1C0B20890DF09BFE41EC78
:10CD10001D0B53EC1C2B0EF025F841EC1A0BB6E062
:10CD20006089A8422ADAA089A84227DBA089618904
:10CD3000401A00EE100AB8EEC00ADFED7D0A80EE60
:10CD4000201A11EE10AA50460EF0F6F841EC180B1E
:10CD50009FED840B53EC102B51EC180B0DF0C2FE21
:10CD600041EC1C0B60890DF06DFE41EC1D0B53EC8A
:10CD70001C2B0DF0F7FF41EC1A0B88E0A089A842AC
:10CD80002ADAE089A84227DBE089A189401A00EE6F
:10CD9000100AB8EEC00ADFED660A80EE201A11EE26
:10CDA00010AA50460EF0C8F841EC180B9FED6F0B1F
:10CDB00053EC102B51EC180B0DF094FE41EC1C0BB6
:10CDC000A0890DF03FFE41EC1D0B53EC1C2B0DF028
:10CDD000C9FF41EC1A0B5AE0E089A8422ADA208AFE
:10CDE000A84227DB208AE189401A00EE100AB8EE3B
:10CDF000C00ADFED4F0A80EE201A11EE10AA50464D
:10CE00000EF09AF841EC180B9FED5A0B53EC102BD7
:10CE100051EC180B0DF066FE41EC1C0BE0890DF097
:10CE200011FE41EC1D0B53EC1C2B0DF09BFF41EC54
:10CE30001A0B2CE0208AA84229DA608AA84226DB55
:10CE4000608A218A401A00EE100AB8EEC00ADFEDAF
:10CE5000380A80EE201A11EE10AA50460EF06CF837
:10CE600041EC180B9FED450B53EC102B51EC180BBC
:10CE70000DF038FE41EC1C0B208A0DF0E3FD41EC77
:10CE80001D0B53EC1C2B0DF06DFF41EC1A0B2846CB
:10CE900078E00000C4360120A9C203082E2E5C2EC3
:10CEA0002E5C4D61696E4170705C4D61696E4170C0
:10CEB000704C69622E63000025732C25642C257349
:10CEC0003A43616C6962726174696F6E20696E7059
:10CED000757420706F776572203D2025640A00000C
:10CEE00025732C25642C25733A43616C6962726149
:10CEF00074696F6E206D617820706F776572203D68
:10CF00002025640A0000000025732C25642C25735D
:10CF10003A43616C6962726174696F6E206D696E0B
:10CF200020706F776572203D2025640A00000000A4
:10CF3000CDCCCC3D00000000000000009A999999EA
:10CF40009999B93F9A9999999999C93F333333334C
:10CF50003333D33F9A9999999999D93F00000000AA
:10CF60000000E03F333333333333E33F66666666B6
:10CF70006666E63F9A9999999999E93FCDCCCCCCD0
:10CF8000CCCCEC3F0DF047FD41EC1D0B53EC1A2BC4
:10CF90000DF0E8FE41EC1C0B53EC182B0DF07AFB66
:10CFA00041EC190B374BC822AFF2101136A0E3F752
:10CFB000CFFA8DED02AB8DED008B324BC922AFF273
:10CFC00024113AA0E3F7C4FA51EC190B2D4BCA22F5
:10CFD000CDE90001AFF23C113DA0E3F7B9FA13E04F
:10CFE000284BCD22AFF24C1141A0E3F7B1FA304605
:10CFF0000DF011FD41EC1C0B53EC1C2B51EC1B0BE9
:10D000000DF048FB41EC190B9FED420B53EC102B3C
:10D0100051EC190B0DF066FD41EC190B9FED3D0B2A
:10D0200053EC102B51EC190B0DF05AFE05D29FED6D
:10D03000390BB0EE409AF0EE609A1FED420B53ECC4
:10D04000102B51EC190B0DF011FD05D21FED470B04
:10D05000B0EE409AF0EE609A51EC190B0DF0AEFC78
:10D060001FFA80F8074BD822AFF2D0112BA0CDF8D1
:10D070000080E3F76DFA404605B0BDEC0C8BBDE8CF
:10D08000F08F0000A9C2030825732C25642C25739A
:10D090003A456E61626C652063616C6962726174AD
:10D0A000696F6E206D6F64650A00000025732C2582
:10D0B000642C25733A43616C6962726174696F6EA6
:10D0C00020664B3D25662C2066423D25660A000001
:10D0D00025732C25642C25733A43616C6962726157
:10D0E00074696F6E20664F75743D25660A000000F6
:10D0F00025732C25642C25733A44697361626C6531
:10D100002063616C6962726174696F6E206D6F6417
:10D11000650A00000000000000FEAF4025732C25CA
:10D12000642C25733A43616C6962726174696F6E35
:10D1300020664F75743D25640A0000002DE9F34117
:10D1400005462C46266802E00198401C0190019893
:10D1500000782F28F8D0019800785C28F4D00020BF
:10D16000A060E06101980078202808D280214B203F
:10D17000415500212846FDF7B8FE07464DE000BFA7
:10D1800001A92846FAF7D8FE074607B144E0284629
:10D19000FDF7B8FB074695F84B803FB1042F04D14B
:10D1A00000BF08F0040000B9052735E008F00400CE
:10D1B00000B131E0A07900F0100008B905272BE09C
:10D1C000307804281DD1A0682062206920F0FF007B
:10D1D000E17908436062E86CA062316901F13400D2
:10D1E00000F03BFCA060306990F8210000F00200E4
:10D1F000E071316901F1380000F03BFCC4E9040141
:10D2000009E0288EC0F3080206F13C0011183046F0
:10D2100000F010FCA060B3E700BF3846BDE8FC8119
:10D2200038B504460D46E0B200904FF47A730122FF
:10D2300069460248EAF720FC204638BDA0050020D8
:10D2400010B582B01446CDE900010023009A236096
:10D25000194B21F0004098422ADA024328D0B0F559
:10D26000801FA8BF226810DA9FED150B53EC102B1E
:10D270009DED000B51EC100B0DF034FCCDE90001DD
:10D280006FF0350221F0004022600F4B6FF31E510A
:10D2900003EB20501044206041F0FF5040F000505C
:10D2A00001909DED000B00BF02B051EC100B10BDC2
:10D2B0009DED000BF8E700000000F07F000000008B
:10D2C000000000000000504302FCFFFF2DE9FF4F6B
:10D2D00083B0814690461D460B224846049901F0D2
:10D2E00006FB052D18D92F4611E038F802BB0024A3
:10D2F0000BE0584667F35F0007464FEA6B0B07F4F5
:10D30000803008B11D484740641C102CF1D3B8F898
:10D3100000000028E9D13D46072400BF05F00F00BA
:10D3200000F1300ABAF1390F03DD0AF1070000F00D
:10D33000FF0A2046641E01A901F800A02D09002D56
:10D34000ECD17E200855002600E0761CA64203D2D0
:10D3500019F806002028F8D100BF082C04D2204676
:10D36000641C01A9085C00E020203146761C09F805
:10D370000100082EF1D307B0BDE8F08F21100100A5
:10D380000146C1F1640001B2002900DC00215029EE
:10D3900000DB5021C1EB012082B2642092FBF0F04F
:10D3A00082B2D0B27047000070B5FAF7F9FC064CB3
:10D3B00005E025782846FAF7DDFC0646641C03489C
:10D3C0008442F6D3304670BD00000108FFFF0F080D
:10D3D00070B5FAF7E5FC4FF0006405E025782846C3
:10D3E000FAF7C8FC0646641C02488442F6D330466D
:10D3F00070BD0000FFFF00082DE9FC5F06460C46EB
:10D400003568022C02D3286AA04202D84FF00109E5
:10D41000B2E04FF0FF392878012806D0022830D03A
:10D42000032841D0042878D152E0274607EB57075C
:10D43000E86A00EB5721284601F06FFA00B19AE044
:10D4400038467F1CC0F3080105F13C0010F801804C
:10D45000E86A00EB5721284601F05FFA00B18AE044
:10D46000C7F3080105F13C00405C48EA002804F0DD
:10D47000010010B14FEA181001E0C8F30B0081461B
:10D4800079E0E86A00EB1421284601F046FA00B181
:10D4900071E040F2FF1101EA440205F13C0150182D
:10D4A00000F018FB814666E0E86A00EBD4112846DC
:10D4B00001F033FA00B15EE040F2FF1101EA8402AC
:10D4C00005F13C01501800F0C8FA20F0704952E014
:10D4D0000022D6E9041051405040014347D0B068C3
:10D4E000A4EB000AD6E90420521E60F10000CDE949
:10D4F00000204FF400720023DDE90001E2F7B1FFE4
:10D500006989B0FBF1FBF07902280AD1DA4508D825
:10D51000DA4503D16FF0004001E029E0601C81464C
:10D5200029E0F079032805D1B069504502D904F10A
:10D53000010920E0F079022818D0F06910B16FF0ED
:10D54000004912E0E86A00EBD411284601F0E5F941
:10D5500000B110E040F2FF1101EA840205F13C0144
:10D56000501800F07AFA20F0004904E000BF00BF34
:10D570004FF0010900BF00BF4846BDE8FC9F0020F6
:10D58000704770B502464FF0FF301568DDB1116885
:10D5900000E0491C0D78202D02D30D783A2DF8D1EA
:10D5A0000D783A2D0ED1146814F8015BA5F1300303
:10D5B0000A2B06D28C4204D11BB918464D1C2946B1
:10D5C000156070BD002000BFFBE7000010B50448E7
:10D5D000B0F94200002802DD2120E5F7B1FD10BDC1
:10D5E000E4FF002010B53448B0F940000A2860D2AA
:10D5F000DFE800F056050E172029323B444D2E4837
:10D60000B0F94200022802DA2120E5F723FC51E0BC
:10D610002948B0F94200052802DA2120E5F71AFC72
:10D6200048E02548B0F94200152802DA2120E5F744
:10D6300011FC3FE02048B0F942000F2802DA212017
:10D64000E5F708FC36E01C48B0F94200042802DA8D
:10D650002120E5F7FFFB2DE01748B0F9420008282C
:10D6600002DA2120E5F7F6FB24E01348B0F9420086
:10D67000062802DA2120E5F7EDFB1BE00E48B0F9A1
:10D680004200162802DA2120E5F7E4FB12E00A48FE
:10D69000B0F94200072802DA2120E5F7DBFB09E0B8
:10D6A0000548B0F942001F2802DA2120E5F7D2FB35
:10D6B00000E000BF00BF10BDE4FF002010B505482A
:10D6C00090F84200202804D1012203490148EAF7DA
:10D6D000A7F910BDE8050020FA01002010B54FF4AD
:10D6E000E1300E49486000210C488160C160016151
:10D6F0000C21416100218161C161EAF75DF808B147
:10D70000E5F748FE012206490448EAF789F9054B86
:10D71000122205A10BA0E2F71BFF10BDE8050020B7
:10D72000FA01002059C003082E2E5C2E2E5C646383
:10D73000486D695C686D6955736572556172742EC8
:10D740006300000025732C25642C25733A737461E3
:10D75000727420686D69207561727420696E6974D5
:10D760002E2E2E2E2E2E0A0031B54FF47A73012262
:10D7700069460648EAF780F904462CB1044B1922A1
:10D7800004A10BA0E2F7E4FE38BD0000E80500208C
:10D7900065C003082E2E5C2E2E5C6463486D695CA8
:10D7A000686D6955736572556172742E630000006F
:10D7B00025732C25642C25733A686D692075617278
:10D7C000742074782074696D656F7574212121212E
:10D7D0000A00000010B502460B46002116E02B4857
:10D7E00000EB011000681468A0420ED1274800EB3E
:10D7F000011040689468A04207D1244800EB011052
:10D800008068146BA04200D102E0491CFF29E6D3D6
:10D8100000BFFF2922D1002100E0491CFF2905D2C9
:10D820001A4800EB011000680028F6D1FF2901D149
:10D83000002010BD154C04EB011410682060134C3F
:10D8400004EB011490686060104C04EB0114106B41
:10D85000A06000200D4C04EB0114A08133B10B48F3
:10D8600000EB0110808908B10020E2E713B14FF40A
:10D87000807004E0054800EB01108089401C034CD7
:10D8800004EB0114A081481CD3E700009C10002089
:10D890000246002111E0B2F82E030A4B33F8113092
:10D8A000984208D1B2F83003074B33F81130984250
:10D8B00001D101207047481CC1B20529EBDB0020D3
:10D8C000F8E700000E02002018020020012804DB07
:10D8D0000A2802DA421C10B219E00A2805DB642883
:10D8E00003DA00F10A0210B211E0642806DBB0F599
:10D8F0007A7F03DA00F1320210B208E0B0F57A7FE5
:10D9000005DBB0F5FA4F02DA00F57A7210B2884200
:10D9100000DB08467047012804DD0A2802DC421EAD
:10D9200010B219E00A2805DD642803DCA0F10A0220
:10D9300010B211E0642806DDB0F57A7F03DCA0F1B7
:10D94000320210B208E0B0F57A7F05DDB0F5FA4F8B
:10D9500002DCA0F57A7210B2884200DC08467047FB
:10D9600010B51748007850BB1648B0F8EE040128EF
:10D9700004D1012241031448E7F724F91148B0F813
:10D98000EE04022804D1012240211048E7F71AF9D9
:10D990000C48B0F8EE04052809D10A49B1F8FA1488
:10D9A0004FF47A7211FB02F108B205F0A5FC0120D8
:10D9B00003490870012280210548E7F703F910BDEB
:10D9C000E6010020E4FF00200008024000100240B1
:10D9D0000004024010B51148007801281CD1002233
:10D9E00041030F48E7F7EEF8002240210D48E7F722
:10D9F000E9F80D49B1F846100C4A92F9412011FBA3
:10DA000002F108B205F078FC0020044908700022F9
:10DA100080210748E7F7D6F810BD0000E601002096
:10DA20000008024000100240E4FF0020C43601203C
:10DA30000004024070B505460C4604F11A0000F0DF
:10DA400049F806462878032805D104F1140000F0AF
:10DA500041F846EA0046304670BD0146C8788A78EB
:10DA600042EA00204A7842EA00200A7842EA00208E
:10DA7000704770B50246D3790024250245EA136445
:10DA8000907940EA0323250245EA1364507940EA7D
:10DA90000323250245EA1364107940EA0323250293
:10DAA00045EA1364D07840EA0323200240EA136475
:10DAB000917841EA0323210241EA1364507840EA55
:10DAC0000323250245EA1364117841EA032318462B
:10DAD000214670BD014648780A7842EA0020704726
:10DAE00010B520231F22002121A0E2F731FD4FF4C1
:10DAF000007340F21F22202126A0E2F729FD4FF4F7
:10DB0000006340F61F224FF408712BA0E2F720FDBE
:10DB100041F66752D11E31A0E2F71AFD41F66B5271
:10DB2000D11E36A0E2F714FD41F66F52D11E3BA084
:10DB3000E2F70EFD41F67352D11E42A0E2F708FD56
:10DB400041F67752D11E47A0E2F702FD4FF4007371
:10DB500041F67F724FF4EC514AA0E2F7F9FC8023C2
:10DB600041F6FF724FF4FC5150A0E2F7F1FC10BDFA
:10DB70004D52204550524F4D3A3078253034582D73
:10DB80002D2D3078253034582873697A653A25640C
:10DB9000290A0000444D204550524F4D3A30782517
:10DBA0003034582D2D2D3078253034582873697A2B
:10DBB000653A2564290A00004644204550524F4DDD
:10DBC0003A3078253034582D2D2D30782530345882
:10DBD0002873697A653A2564290A00004D5220436A
:10DBE0005243204550524F4D3A3078253034582D0D
:10DBF0002D2D3078253034580A000000444D204344
:10DC00005243204550524F4D3A3078253034582DEC
:10DC10002D2D3078253034580A000000464420432A
:10DC20005243204550524F4D3A3078253034582DCC
:10DC30002D2D3078253034582C28756E7573652954
:10DC40000A0000004D435520435243204550524F97
:10DC50004D3A3078253034582D2D2D3078253034FC
:10DC6000580A00004C434420435243204550524F31
:10DC70004D3A3078253034582D2D2D3078253034DC
:10DC8000580A0000434F4E464947204550524F4DD9
:10DC90003A3078253034582D2D2D307825303458B1
:10DCA0002873697A653A2564290A00004C4F474970
:10DCB0004E464F204550524F4D3A3078253034581B
:10DCC0002D2D2D3078253034582873697A653A2502
:10DCD00064290A0038B546223C494FF4EC50FDF760
:10DCE000D7F9694641F67850FDF73CFA11223749D9
:10DCF0003748E6F7F7F804460098A0425DD0354B68
:10DD00004FF4F97234A13BA0E2F722FC314B40F210
:10DD1000F31231A142A0E2F71BFC06202B49088038
:10DD200015204880242088803420C8804420088121
:10DD300055204881632088817120C8817D20088218
:10DD400096204882092088821B212048C1822D21EB
:10DD500001833E2141834F2181836021C183702152
:10DD600001847F2141848C2181849621C1844FF4D8
:10DD7000AF701649A1F8420040F2E9700887092007
:10DD800048870E20888730A110482830E2F7ECFB46
:10DD900019200E4981F83F0081F83E0081F84000CB
:10DDA0005F2081F841004FF4AF70A1F842000120DC
:10DDB00081F8440003F0FCFE06E0064B40F25122DD
:10DDC00005A124A0E2F7C4FB38BD0000C436012041
:10DDD0000800002019C003082E2E5C2E2E5C735004
:10DDE0006C63506F72745C73506C634D6973632E17
:10DDF0006300000025732C25642C25733A6C6F6139
:10DE0000642064657669636520636F6E6669672068
:10DE1000637263206661696C2121210A00000000A1
:10DE200025732C25642C25733A7573696E672064FD
:10DE3000656661756C742064657669636520636FDF
:10DE40006E666967210A0000585858582D5858586E
:10DE50005800000025732C25642C25733A6C6F61E3
:10DE6000642064657669636520636F6E6669672008
:10DE7000646F6E652E2E2E0A0000000038B5054630
:10DE80000C460A2D7ED2DFE805F0F40556A3F5F224
:10DE9000F1F0EFEEFE48B0F94200022803DD022067
:10DEA000FB49A1F8420004EB8400FA4A52F8201022
:10DEB000F948E2F7ADFD04EB8400F64901EB800080
:10DEC0008088F349A1F8EE0404EB8400F14901EBEA
:10DED0008000C088EE49A1F8F00404EB8400ED490D
:10DEE00001EB80000089EA49A1F8F20404EB840008
:10DEF000E84901EB80004089E549A1F8F40404EB0E
:10DF00008400E44901EB80008089E149A1F8FA042A
:10DF100004EB8400DF4901EB8000C089DC49A1F8F3
:10DF2000FC0404EB8400DB4901EB8000008AD84943
:10DF3000A1F8FE04C1E2052C00DD052404EB8400F9
:10DF4000D64A52F82010D448E2F762FD04EB840070
:10DF5000D24901EB80008088CD49A1F8EE0404EBA2
:10DF60008400CE4901EB8000C088C949A1F8F004C3
:10DF700004EB8400C94901EB80000089C449A1F881
:10DF8000F20400E098E204EB8400C44901EB800055
:10DF90004089BF49A1F8F40404EB8400BF4901EBB8
:10DFA00080008089BA49A1F8FA0404EB8400BB49D7
:10DFB00001EB8000C089B649A1F8FC0404EB8400A1
:10DFC000B64901EB8000008AB149A1F8FE0474E271
:10DFD000152C00DD152404EB8400B14A52F8201002
:10DFE000AD48E2F715FD04EB8400AD4901EB80007C
:10DFF0008088A749A1F8EE0404EB8400A84901EB4E
:10E000008000C088A249A1F8F00404EB8400A44970
:10E0100001EB800000899E49A1F8F20404EB840022
:10E020009F4901EB800040899949A1F8F40404EB71
:10E0300084009B4901EB800080899549A1F8FA048E
:10E0400004EB8400964901EB8000C0899049A1F857
:10E05000FC0404EB8400924901EB8000008A8C49A7
:10E06000A1F8FE0429E28FE143E1E4E098E04CE00E
:10E0700000E0D4E10F2C00DD0F2404EB8400894A7A
:10E0800052F820108448E2F7C3FC04EB8400854971
:10E0900001EB800080887E49A1F8EE0404EB840047
:10E0A000804901EB8000C0887949A1F8F00404EBB5
:10E0B00084007C4901EB800000897549A1F8F204D5
:10E0C00004EB8400774901EB800040897049A1F896
:10E0D000F40404EB8400734901EB800080896C49EF
:10E0E000A1F8FA0404EB84006E4901EB8000C089BA
:10E0F0006749A1F8FC0404EB84006A4901EB800045
:10E10000008A6349A1F8FE04D7E1042C00DD042451
:10E1100004EB8400644A52F820105F48E2F778FC70
:10E1200004EB8400604901EB800080885849A1F825
:10E13000EE0404EB84005C4901EB8000C088544984
:10E14000A1F8F00404EB8400574901EB800000893A
:10E150004F49A1F8F20404EB8400534901EB80001D
:10E1600040894B49A1F8F40404EB84004E4901EBCB
:10E17000800080894649A1F8FA0404EB84004A49EA
:10E1800001EB8000C0894249A1F8FC0404EB840043
:10E19000454901EB8000008A3D49A1F8FE048CE16D
:10E1A000082C00DD082404EB8400404A52F82010BB
:10E1B0003948E2F72DFC04EB84003C4901EB800078
:10E1C00080883349A1F8EE0404EB8400374901EB61
:10E1D0008000C0882E49A1F8F00404EB8400334984
:10E1E00001EB800000892A49A1F8F20404EB8400C5
:10E1F0002E4901EB800040892549A1F8F40404EB85
:10E2000084002A4901EB800080892149A1F8FA04A1
:10E2100004EB8400254901EB8000C0891C49A1F86A
:10E22000FC0404EB8400214901EB8000008A1849BA
:10E23000A1F8FE0441E1062C00DD062404EB840075
:10E240001B4A52F820101448E2F7E2FB04EB84006A
:10E25000174901EB800080880D49A1F8EE0404EB1A
:10E260008400134901EB8000C0880949A1F8F0043B
:10E2700004EB84000E4901EB800000890449A1F8F9
:10E28000F20404EB84000A4901EB8000408911E0AC
:10E29000E4FF0020604F012064040120E0510120D0
:10E2A00060540120E056012060590120E05B01200C
:10E2B000605E0120B049A1F8F40404EB8400AF498A
:10E2C00001EB80008089AC49A1F8FA0404EB8400DA
:10E2D000AA4901EB8000C089A749A1F8FC0404EB1E
:10E2E0008400A64901EB8000008AA349A1F8FE043E
:10E2F000E3E0162C00DD162404EB8400A04A52F85B
:10E300002010A048E2F784FB04EB84009C4901EB59
:10E31000800080889849A1F8EE0404EB84009849B5
:10E3200001EB8000C0889449A1F8F00404EB84005C
:10E33000934901EB800000898F49A1F8F20404EBB6
:10E3400084008F4901EB800040898B49A1F8F404D7
:10E3500004EB84008A4901EB800080898649A1F89A
:10E36000FA0404EB8400864901EB8000C0898249ED
:10E37000A1F8FC0404EB8400814901EB8000008AD1
:10E380007D49A1F8FE0498E0072C00DD072404EB8A
:10E3900084007D4A52F820107A48E2F739FB04EBFA
:10E3A0008400794901EB800080887349A1F8EE046C
:10E3B00004EB8400744901EB8000C0886E49A1F829
:10E3C000F00404EB8400704901EB800000896A4985
:10E3D000A1F8F20404EB84006B4901EB8000408952
:10E3E0006549A1F8F40404EB8400674901EB80005F
:10E3F00080896149A1F8FA0404EB8400624901EBC9
:10E400008000C0895C49A1F8FC0404EB84005E49EB
:10E4100001EB8000008A5849A1F8FE044DE01F2C52
:10E4200000DD1F24002000EB8410584A02EB40015D
:10E4300070225448E2F72FFB372000EB8410534939
:10E4400031F810004C49A1F8EE04382000EB84109C
:10E450004E4931F810004849A1F8F004392000EB8A
:10E4600084104A4931F810004349A1F8F2043A20D7
:10E4700000EB8410454931F810003F49A1F8F4043D
:10E480003D2000EB8410414931F810003A49A1F8D1
:10E49000FA043E2000EB84103C4931F81000364964
:10E4A000A1F8FC043F2000EB8410384931F810003B
:10E4B0003149A1F8FE0400E000BF00BF344BE72261
:10E4C00034A13CA00095E2F743F8314BE82231A19A
:10E4D00040A00094E2F73CF82A482D4BE9222DA1F8
:10E4E000009043A0E2F734F82348B0F9EE04284B3B
:10E4F000EA2228A1009045A0E2F72AF81E48B0F9C8
:10E50000F004234BEB2223A1009047A0E2F720F870
:10E510001948B0F9F2041E4BEC221EA1009049A04C
:10E52000E2F716F81448B0F9F404194BED2219A1DA
:10E5300000904CA0E2F70CF80F48B0F9FA04144B25
:10E54000EE2214A100904FA0E2F702F80A48B0F9B9
:10E55000FC040F4BEF220FA1009052A0E1F7F8FF4F
:10E560000548B0F9FE040A4BF0220AA1009055A01C
:10E57000E1F7EEFF38BD0000E4FF0020605E0120FF
:10E58000E06001206404012060630120C4160120C2
:10E59000B8C203082E2E5C2E2E5C4D61696E417050
:10E5A000705C707265536368656D65547269702E36
:10E5B0006300000025732C25642C25733A7363686F
:10E5C000656D6520636C6173736966793A25640AC9
:10E5D0000000000025732C25642C25733A736368B2
:10E5E000656D6520696E6465783A25640A000000EF
:10E5F00025732C25642C25733A736368656D65203B
:10E600006E616D653A25730A0000000025732C25A4
:10E61000642C25733A736368656D652073656C655A
:10E6200063743A25640A000025732C25642C257335
:10E630003A736368656D65206D6F64653A25640A99
:10E640000000000025732C25642C25733A73636841
:10E65000656D6520706F77657220313437303A25EB
:10E66000640A000025732C25642C25733A736368B3
:10E67000656D6520706F776572203938303A256492
:10E680000A00000025732C25642C25733A736368F7
:10E69000656D6520706F776572203633353A256475
:10E6A0000A00000025732C25642C25733A736368D7
:10E6B000656D6520706F7377696474683A25640AC4
:10E6C0000000000025732C25642C25733A736368C1
:10E6D000656D65206E656777696474683A25640ABC
:10E6E0000000000070B504460D4628682060286AC6
:10E6F000A06095F82400E071686A20F0FF00002116
:10E70000C4E90401A86AE0642046E16CFCF7EDFB73
:10E7100006461EB9204600F003F80646304670BD96
:10E720002DE9F047044620680669A16B206800F0D7
:10E73000F4F8054615B12846BDE8F087E06B00788F
:10E74000852801D00220F7E720223046E16B00F057
:10E75000CEF87078401C4FEA4018B8F1600F02D331
:10E76000B8F5187F01D90220E6E700212046FCF722
:10E770009DF905460DB12846DEE7A16B206800F043
:10E78000CCF805460DB12846D6E7E06B0078C028E6
:10E7900001D00220D0E7202206F12000E16B00F03A
:10E7A000A6F896F823002C300F21B0FBF1F0B8EB5F
:10E7B000401F01D20220BFE7402700BF00212046B2
:10E7C000FCF774F905460DB12846B5E7A16B206842
:10E7D00000F0A3F805460DB12846ADE7E06B0078E0
:10E7E000C12801D00220A7E7B7F5187F04D2F0199D
:10E7F0002022E16B00F07BF807F12000074640453E
:10E80000DCD3B7F5187F0AD830460BF0D9FD814626
:10E81000B01CFFF75FF9814501D002208CE7002092
:10E820008AE710B504462CB16069FDF709FE08B10E
:10E83000012010BD0020FCE701F0B6FCE7F788F9E5
:10E84000EFF7AEFBEBF792FBEBF74AFBEBF722FBA4
:10E85000EBF784FDEBF750FAEBF70CFBEBF750FD11
:10E86000EBF76CFDEBF7EAFDEBF74AFEEBF7D8FEB2
:10E87000EBF74CFFEBF766FFEBF780FFEBF722FDC2
:10E88000EBF78AFDEBF796FFEBF7BEFDEBF7A2FE89
:10E89000EBF742FB00F06AF8EBF74CFB00F07CF87A
:10E8A00000BFFEE702F00EF80EE002F0E3FD45F2D5
:10E8B0008160EAF70FFE08B1FBF7A2FEF9F79EFCB4
:10E8C00002F0C4FDFEF7FAFEEFE7F0B503461D4681
:10E8D0000C46002000BF15F8017B14F801CBA7EB14
:10E8E0000C00561E321E01D00028F4D0F0BD30B509
:10E8F00003460C463AB100BF14F8015B03F8015B14
:10E90000551E2A1EF8D130BD10B5034600BF03F8CE
:10E91000011B541E221EFAD110BD70B504460D46CF
:10E920000026A06BA84210D0204605F0DFF806466E
:10E930005EB9607801232A4604F13C01FCF756FBDE
:10E9400010B14FF0FF350126A563304670BD70B59C
:10E950000546F8F721FA10B16FF0050404E0002431
:10E9600015B128460AF01AF8204670BD10B5F8F720
:10E9700013FA10B16FF0050409E00648006820B9E9
:10E98000012004490860002401E04FF0FF342046D4
:10E9900010BD0000A000002070B5F8F7FDF910B11F
:10E9A0006FF005041FE011480068012819D100BF6D
:10E9B000801F0021002804DB0A07130E0C4A1354A1
:10E9C00006E00A07150E0B4A00F00F031B1FD55473
:10E9D00000BF00BF0220054908600AF0C3F8002408
:10E9E00001E04FF0FF34204670BD0000A000002081
:10E9F00000E400E018ED00E02DE9F84307460D467D
:10EA000091461C463E464FF00008F8F7C5F9E0B1C4
:10EA10000EB105B114B16FF0030828E0002000909A
:10EA20006A46294630460AF0DDFF012802D06FF021
:10EA300002081CE00098D0B14FF080500D490860EA
:10EA4000BFF34F8FBFF36F8F11E006B115B96FF0B1
:10EA500003080CE02246294630460AF00FFF012841
:10EA600005D014B16FF0010801E06FF002084046D4
:10EA7000BDE8F88304ED00E02DE9F04107463D468E
:10EA80000DB900261AE0F8F787F998B100BF5021B8
:10EA9000EFF3118081F31188BFF34F8FBFF36F8FB6
:10EAA000044600BFD5E90E10461A00BF84F3118852
:10EAB00000BF03E0284609F0B3FD06463046BDE836
:10EAC000F0812DE9F84305460E4614464FF0000943
:10EAD000F8F762F900283ED1002D3CD0002E3AD044
:10EAE000471EBCB1A06858B1E068502808D320691F
:10EAF00030B105FB06F06169814201D301270AE0CC
:10EB0000A06840B9E06830B9206920B9606910B9DF
:10EB1000002700E00027012F09D100200090314696
:10EB20002846A36822690AF076FC814606E02FB9E0
:10EB30000022314628460AF041FC8146B9F1000F17
:10EB400009D014B1D4F8008001E04FF0000841462C
:10EB5000484609F0B5FE4846BDE8F8832DE9F8437C
:10EB600007460D4691461C463E464FF00008F8F712
:10EB700013F9E8B10EB105B114B16FF003082AE042
:10EB80000020009000236A46294630460AF0D4FD52
:10EB9000012802D06FF002081DE00098D8B14FF0B4
:10EBA00080500E490860BFF34F8FBFF36F8F12E0A4
:10EBB00006B115B96FF003080DE00023224629467F
:10EBC00030460AF0E5FC012805D014B16FF00108C9
:10EBD00001E06FF002084046BDE8F88304ED00E074
:10EBE0002DE9F04104460D4624F0010604F0010829
:10EBF0000027F8F7D1F808B1BF1F1FE016B96FF072
:10EC000003071BE0B8F1000F0CD0294630460BF08B
:10EC10002BF8012812D015B16FF001070EE06FF04C
:10EC200002070BE0294630460AF042FF012805D0D2
:10EC300015B16FF0010701E06FF002073846BDE83B
:10EC4000F08170B5054625F00106F8F7A5F810B17A
:10EC50006FF005040AE016B96FF0030406E03046D1
:10EC600009F05EFE0024304609F040FE204670BDEB
:10EC70002DE9F04704460026F8F78EF800284DD11C
:10EC80000CB1676800E0002707F0010008B101251A
:10EC900000E0002507F0080008283FD04FF0FF38BB
:10ECA00074B1A06828B1E068502802D34FF0010881
:10ECB00008E0A06830B9E06820B94FF0000801E032
:10ECC0004FF00008B8F1010F0CD12DB10420A1685C
:10ECD0000AF05FFB064612E00120A1680AF059FB2A
:10ECE00006460CE0B8F1000F09D125B104200AF066
:10ECF0003FFB064603E001200AF03AFB06464EB110
:10ED000014B1D4F8009001E04FF0000949463046B4
:10ED100009F0D6FD16B10DB146F001063046BDE84A
:10ED2000F0872DE9F041044624F0010504F00107C5
:10ED30000026F8F731F808B1B61F16E015B96FF0E4
:10ED4000030612E03FB128460AF074FD01280CD0FA
:10ED50006FF0020609E000231A46194628460AF019
:10ED600017FC012801D06FF002063046BDE8F081A3
:10ED70002DE9FF4780468946144600200390F8F7A6
:10ED80000BF800284FD1B8F1000F4CD04FF40076AB
:10ED900018258246471E44B3206808B1D4F800A065
:10EDA000A06900B1A5692DB1382D03D8207900F0F4
:10EDB000010018B1002004B0BDE8F087606908B117
:10EDC00060698608A06840B1E068602805D32069C2
:10EDD00018B1606908B1012708E0A06830B9E0689F
:10EDE00020B9206910B9002700E00027012F0CD1BD
:10EDF0002169A0684B463246CDE900510290514648
:10EE000040460AF0D1FF03900DE067B903A8B2B203
:10EE10004B465146CDE9005040460AF093FF012889
:10EE200001D0002003900398C5E700002DE9F047CA
:10EE300080460C4604F11A00FEF74CFE10B100208B
:10EE4000BDE8F087207820F04000401E00EB8001F4
:10EE500001EBC0054FF00109002619E01449895D56
:10EE60000819FEF737FE0746B9F1000F09D0FF2D4C
:10EE700001D30020E4E7B94628466D1C28F810703D
:10EE800005E04FF6FF70874201D00020D8E7761CDE
:10EE90000D2EE3D3207800F0400030B1FF2D01D3D8
:10EEA0000020CDE7002028F815000120C8E7000069
:10EEB00030B2030810B53D4B40F694323CA143A05C
:10EEC000E1F746FB00204749A1F88C0AA1F88E0A19
:10EED000A1F8900AA1F8920AA1F8940AA1F8960A5A
:10EEE000A1F8980AA1F89A0AF0F776F8F0F786F8F0
:10EEF000F0F796F8F0F795F8F0F794F8F0F793F844
:10EF0000F0F792F8F0F792F8284B40F6993228A1E2
:10EF100035A0E1F71DFBE4F7FBF9244B40F69B32EB
:10EF200023A139A0E1F714FB45F2A060EEF704FE3F
:10EF30001E4B40F69D321EA13AA0E1F709FB45F2B7
:10EF40000620EEF7F9FD194B40F69F3218A13CA0C0
:10EF5000E1F7FEFA4FF4A440EEF7EEFD45F2022091
:10EF6000EEF7EAFD45F20120EEF7E6FD0F4B40F625
:10EF7000A3320FA139A0E1F7EBFA45F20920EEF731
:10EF8000DBFD45F20720EEF7D7FD45F20820EEF74E
:10EF9000F5FD064B40F6A73205A138A0E1F7D8FAF7
:10EFA00000201049A1F82C0510BD000094C00308F2
:10EFB0002E2E5C2E2E5C4D61696E4170705C646318
:10EFC000486D694170702E630000000025732C2588
:10EFD000642C25733A73687574646F776E2064616E
:10EFE00063210A00E4FF002025732C25642C25737F
:10EFF0003A73687574646F776E206C617365722004
:10F00000706F776572210A0025732C25642C257397
:10F010003A73687574646F776E206265656D210A56
:10F020000000000025732C25642C25733A73687545
:10F0300074646F776E20636F6F6C210A00000000AC
:10F0400025732C25642C25733A73687574646F7767
:10F050006E20726267206C6564210A0025732C257E
:10F06000642C25733A73687574646F776E2032343C
:10F070005620706F776572210A00000025732C25D9
:10F08000642C25733A696E746F206964656C210A7B
:10F090000000000010B545F20720EEF76FFD45F2C5
:10F0A0000920EEF76BFD45F20820EEF745FD0B4B0E
:10F0B00040F6B1320AA111A0E1F74AFA14A0E1F733
:10F0C00047FA064B40F6B33205A10CA0E1F740FA2F
:10F0D0000A201049A1F82C0510BD00009EC00308AD
:10F0E0002E2E5C2E2E5C4D61696E4170705C6463E7
:10F0F000486D694170702E630000000025732C2557
:10F10000642C25733A706F7765727570210A000060
:10F110000A0A0A00E4FF00202DE9F04105460E46E8
:10F120001648076816480068001D09F065FA681C53
:10F1300038B936B112480168091D124809F0CAFAF7
:10F140001AE07C190E4800684460BC4207D20C48A3
:10F150000168091D0C48006809F0A2FA0CE0084893
:10F160000168091D0948006809F09AFA0848006812
:10F17000844201D206480460BDE8F08164000020AA
:10F180005000002088250020580000205400002056
:10F190008000002010B5044609F0A8FA2448006851
:10F1A000401C234908602348006840B92148046096
:10F1B0000846006801280DD100F016FA0AE01E4842
:10F1C000006838B91B480068C06AE16A884201D803
:10F1D0001848046019480068401C1849086008462F
:10F1E000006860641649E06A0968884202D91449D7
:10F1F000E06A0860E16A01EB8101124A02EB8100DA
:10F20000211D09F067FA09F09BFA0B48006868B104
:10F2100008480068C06AE16A884207D24FF080500F
:10F2200009490860BFF34F8FBFF36F8F10BD000017
:10F2300060000020500000206C0000207C000020B6
:10F2400068000020D820002004ED00E008B509F097
:10F250004DFA12480068E8B9114809F011FA11484E
:10F2600009F00EFA0E48104908600E480F49086070
:10F2700000200F4B0F4A102100900A200AF0CBF813
:10F28000064908600846006820B10BA103480068E1
:10F2900009F016FB09F054FA08BD000094000020A4
:10F2A0009C250020B02500208C000020900000202C
:10F2B000C425002014260020546D72510000000067
:10F2C00010B516E009F012FA0C48C068C468201D99
:10F2D00009F092F90A480068401E09490860094887
:10F2E0000068401E0749086009F02AFA204600F02D
:10F2F0005FF8044800680028E4D110BD74250020A0
:10F30000600000205C00002070B504460D46206CB3
:10F3100070B1216CE0680144E160D4E902108842D8
:10F3200001D32168E1602846226CE168E1F7B3FB74
:10F3300070BD2DE9F04104460F4615464FF0000818
:10F34000A66B206C48B9206800282CD1A0680AF070
:10F3500047FE80460020A06025E07DB93946226C3A
:10F360006068E1F798FB216C606808446060D4E94C
:10F370000101884217D32068606014E03946226C8E
:10F38000E068E1F788FB216CE068411AE1602168E0
:10F39000E068884203D2216CA068411AE160022D26
:10F3A00001D106B1761E701CA0634046BDE8F08115
:10F3B00010B5044694F85D0030B9206B09F0DEF911
:10F3C000204609F0DBF91AE094F85D00012803D12A
:10F3D000204609F0D3F912E094F85D00022801D12B
:10F3E000012000E0002050B900BF502080F31188B8
:10F3F000BFF34F8FBFF36F8F00BF00BFFEE710BD9D
:10F4000001464A6A22B10A6B1268C2F1380000E074
:10F41000002070470146084A126812680AB90122A2
:10F4200000E000220A600A6822B9034A1268D26822
:10F43000106800E0002070478C00002030B54FF4C9
:10F440004043174800F007042CB1C01D20F007000E
:10F45000134C041B1B1B0246124C22600024114D4E
:10F460006C60D018083820F007000F4C2060002492
:10F470000D4D2D686C600C4D2D682C601146441AA2
:10F480004C60094C24680C60084D4C682C60084D99
:10F490004C682C604FF00044064D2C6030BD0000DD
:10F4A000743F0020A4000020AC000020B400002025
:10F4B000B0000020C000002000BFFFF701FF064899
:10F4C00000680128F9D94FF0805004490860BFF363
:10F4D0004F8FBFF36F8FF0E7D820002004ED00E0DE
:10F4E00010B5044654B10020A06020600021E16006
:10F4F00000231A46194620460AF04AF810BD2DE9A5
:10F50000F04106460D4617469846069C0DB9246004
:10F5100000E02760E66325640121204609F0ECFF46
:10F5200084F84C80BDE8F0812DE9F05F82460E46FC
:10F5300090469B460A9F0C9C4FEA8801A522206BAF
:10F54000E1F720FBA8F10100216B01EB800929F014
:10F55000070909F0070008B9012000E0002050B9B0
:10F5600000BF502080F31188BFF34F8FBFF36F8F20
:10F5700000BF00BFFEE786B1002507E0715D04F122
:10F5800034004155705D00B902E06D1C102DF5D3BB
:10F5900000BF00214320015502E0002084F8340020
:10F5A000382F00D33727E762E76400202065201D4D
:10F5B00009F073F804F1180009F06FF82461C7F13D
:10F5C0003800A061646200206065A06584F85C007A
:10F5D0005A465146484600F063FC20600B9808B13B
:10F5E0000B980460BDE8F09F10B5002407E004EB21
:10F5F00084010F4A02EB810009F042F8641C382CA8
:10F60000F5D30C4809F03CF80B4809F039F80B48E1
:10F6100009F036F80A4809F033F80A4809F030F8DA
:10F6200004480949086004480849086010BD000002
:10F63000D8200020382500204C25002060250020FF
:10F640007425002088250020540000205800002048
:10F6500010B50146164800E0006803688B42FBD3F2
:10F660000246436813448B4204D143684C682344E8
:10F67000436001460A464B6813440468A34211D113
:10F680000C4C03682468A34208D04B680468646883
:10F6900023444B6003681B680B6005E0054B1B6847
:10F6A0000B6001E003680B60884200D0016010BD70
:10F6B000A4000020AC0000202DE9F04104460D46D6
:10F6C00016461F464FF0000865602461B5420CD80D
:10F6D000F01BA169884202D34FF0010811E0211DFF
:10F6E0000948006808F0DCFF0BE0BE4204D2BD42CE
:10F6F00002D34FF0010804E0211D0448006808F01F
:10F70000CFFF4046BDE8F081900000208C00002033
:10F7100070B5054608F0EAFFA86B08B9012400E0BF
:10F72000002409F00DF8204670BD70B5054608F0BC
:10F73000DDFFA86BE96B884201D1012400E00024C1
:10F7400008F0FEFF204670BDF8B505460F461A4882
:10F750000068C068C468201D08F04EFF94F82800B7
:10F7600000F00400E8B1A06941192B463A46204652
:10F77000FFF7A2FFD8B1002003462A4601460090B9
:10F7800020460AF0DBFD064656B900BF502080F344
:10F790001188BFF34F8FBFF36F8F00BF00BFFEE72D
:10F7A00005E094F8280020F0010084F828002046A5
:10F7B000216A8847F8BD00008C000020F0B587B0B2
:10F7C000A0E00398002811DA04AE56B900BF50201B
:10F7D00080F31188BFF34F8FBFF36F8F00BF00BF5F
:10F7E000FEE7D6E90020B168904700BF03980028E3
:10F7F000E6DB059C606908B9012000E0002010B933
:10F80000201D08F0F9FE02A800F0DEF80546039876
:10F810000A2875D2DFE800F00905073941630608B8
:10F820003A4200BF00BF00BF00BF94F8280040F07C
:10F83000010084F828000498A269811803462A462A
:10F840002046FFF739FFF8B12046216A884794F82F
:10F85000280000F00400B8B1002000900498A169CD
:10F8600042180023194620460AF068FD074657B99A
:10F8700000BF502080F31188BFF34F8FBFF36F8F0D
:10F8800000BF00BFFEE700BF3BE000BF94F82800C8
:10F8900020F0010084F8280033E000BF94F828002D
:10F8A00040F0010084F828000498A061A06908B124
:10F8B000012000E0002050B900BF502080F31188E3
:10F8C000BFF34F8FBFF36F8F00BF00BFFEE7A0698C
:10F8D00041192B462A462046FFF7EEFE11E094F828
:10F8E000280000F0020018B9204608F047FF05E0A4
:10F8F00094F8280020F0010084F8280001E0FFE7D8
:10F9000000BF00BF002203A90448006809F0B6FF49
:10F9100000287FF456AF07B0F0BD0000940000202F
:10F92000F8B505460C4609F079F9684600F04CF840
:10F930000646009820BB44B9B54206D80AF040FC00
:10F9400031462846FFF700FF1CE03CB10E48006836
:10F95000006808B9012000E000200446A91B2246E7
:10F960000A48006808F0F4FF0AF02AFC50B94FF08A
:10F97000805007490860BFF34F8FBFF36F8F01E0DE
:10F980000AF01EFCF8BD000090000020940000204A
:10F9900004ED00E00A490968096809B9012100E09D
:10F9A000002121B14FF0FF31064A116006E0044901
:10F9B0000968C968C868034A416811607047000057
:10F9C000540000208000002070B504460AF060FA60
:10F9D000054607480068854204D200F00BF8012074
:10F9E000206001E00020206001480560284670BDCD
:10F9F0009C0000202DE9F84334E025480068C068E9
:10FA0000056823480068C068C468201D08F0F4FD3C
:10FA10002046216A884794F8280000F0040008B3C3
:10FA2000A0694619AE4207D966602461211D1848B5
:10FA3000006808F035FE15E0002003462A4601461E
:10FA4000009020460AF07AFC074657B900BF5020C4
:10FA500080F31188BFF34F8FBFF36F8F00BF00BFDC
:10FA6000FEE700BF0A480068006808B9012000E00E
:10FA700000200028C1D00648D0F800800548006862
:10FA8000034908600348C0F80080BDE8F88300001F
:10FA90008C000020900000200E480068401C08B92F
:10FAA000012000E0002050B900BF502080F31188F1
:10FAB000BFF34F8FBFF36F8F00BF00BFFEE700BFE4
:10FAC000502080F31188BFF34F8FBFF36F8F00BFBB
:10FAD00000BFFEE7C400002008B500BF6846FFF77E
:10FAE00099FC044620460099FFF71AFFFFF766FECF
:10FAF000F4E770B5044608F0F9FD94F9455010E0BC
:10FB0000606A08B9012000E0002038B904F124003F
:10FB10000AF00AFB18B108F07BFF00E003E0681E62
:10FB200045B2002DECDC00BFFF2084F8450008F052
:10FB300007FE08F0DBFD94F9445010E0206908B995
:10FB4000012000E0002048B904F110000AF0ECFAAE
:10FB500008B108F05DFF681E45B200E001E0002D2D
:10FB6000ECDC00BFFF2084F8440008F0E9FD70BD24
:10FB70002DE9F04704460D4616464FF00209022DC6
:10FB800077D3206AA84274D92078012806D00228A9
:10FB90004BD0032861D004280DD15FE02F4607EB3E
:10FBA0005707E06A00EB57212046FEF7B6FE814674
:10FBB000B9F1000F00D079E038467F1CC0F308018E
:10FBC00004F13C0001EB000805F0010028B1F1B29E
:10FBD00098F8000061F31F1000E0304688F800003C
:10FBE0000120E070E06A00EB57212046FEF795FE09
:10FBF0008146B9F1000F00D058E0C7F3080104F1C5
:10FC00003C0001EB000805F0010010B1C6F307103D
:10FC100006E098F8000000F0F000C6F30321084366
:10FC200088F800000120E07040E0E06A00EB152158
:10FC30002046FEF772FE8146B9F1000F00D035E094
:10FC4000B1B240F2FF1202EA450304F13C029818F7
:10FC500003F08CFE0120E07028E000BFE06A00EBBA
:10FC6000D5112046FEF759FE8146B9F1000F01D0AB
:10FC70001CE01CE0207804280BD040F2FF1101EAC0
:10FC8000850204F13C015018FDF7E7FE66F31B0006
:10FC9000064640F2FF1101EA850204F13C015018CA
:10FCA000314603F029FE0120E07000BF00BF484646
:10FCB000BDE8F0872DE9F04707460C461546984603
:10FCC00084F80D800F20E07200202073002104F1E1
:10FCD0001A0003F04BFE681E00EB800101EBC00927
:10FCE00000200646824600BF4FF6FF70864204D0D1
:10FCF000484609F1010937F810600D4911F80A105A
:10FD00000819314603F032FE0EB94FF6FF760AF1BC
:10FD1000010082460D28E7D34FF6FF70864202D0DD
:10FD200037F8190008B945F040052570BDE8F0879F
:10FD300030B203082DE9F04104464FF0000808F006
:10FD40006DFF4948006808B9FFF778FB474800682D
:10FD50002040002870D1D4B1083404F00700B0B1BD
:10FD600004F00700C0F10800044404F0070008B9DB
:10FD7000012000E0002050B900BF502080F311881E
:10FD8000BFF34F8FBFF36F8F00BF00BFFEE7002CA4
:10FD900052D03748006884424ED8364E3046056807
:10FDA00001E02E462D686868A04202D2286800282B
:10FDB000F7D12D48006885423ED0306800F1080830
:10FDC000286830606868001B102819D92F1907F0BF
:10FDD000070008B9012000E0002050B900BF502002
:10FDE00080F31188BFF34F8FBFF36F8F00BF00BF49
:10FDF000FEE76868001B78606C603846FFF728FCF7
:10FE00001B4968680968081A1949086008460068AB
:10FE100019490968884203D21548006816490860E4
:10FE20001249686809680843686000202860134820
:10FE30000068401C114908600AF0C2F908F0070088
:10FE400008B9012000E0002050B900BF502080F325
:10FE50001188BFF34F8FBFF36F8F00BF00BFFEE766
:10FE60004046BDE8F0810000AC000020C00000204A
:10FE7000B0000020A4000020B4000020B800002042
:10FE80000648006830B10549096801F15000096D64
:10FE9000491C0160014800687047000050000020C4
:10FEA000001F4FF080730360001F21F00103036007
:10FEB000001F054B036014380260001F6FF002033F
:10FEC000036020387047000099FA0208F8B504462C
:10FED0000D460026002000902FE0684600F038F81C
:10FEE0001948008820B99DF80000EE2800D024E0D1
:10FEF00015480088A84208DA9DF8001012480288C8
:10FF00000088401C104B1880A1549DF800000F4938
:10FF1000096840EA01200D490860084600686FF44E
:10FF20004031884208D10848068800200749086007
:10FF3000054908803046F8BD00BF00F04BF80028A6
:10FF4000CBDC0020F7E70000F8010020F4010020DE
:10FF500001460B4840880A4A128890420FD0084850
:10FF60004288001D805C0870054A5288501CC217E8
:10FF700000EB12521213A0EB0232014B5A80704771
:10FF8000A039012001460A4B1B88581CC31700EBFF
:10FF900013531B13A0EB03339AB2054840889042D9
:10FFA00005D003480388001DC154001F028070471C
:10FFB000A0390120002004494880088003490860D6
:10FFC0000349088070470000A0390120F401002097
:10FFD000F80100200748008800F58050054A528843
:10FFE000811AC81701EB10500013A1EB003080B24A
:10FFF00070470000A03901200648006806490860E3
:020000040803EF
:100000000448001D006848600248083000688860A5
:1000100070470000107AFF1FD8FF002010B504467B
:10002000E2B20B210820EDF75AFE10BD10B50446D0
:10003000E2B20D210820EDF77BFEE2B20E2108208E
:10004000EDF776FEE2B20F210820EDF771FEE2B285
:1000500010210820EDF76CFE10BD2DE9F05F06467B
:100060000F4690464FF000093468BA46BB46022F4F
:1000700002D3206AB84202D80220BDE8F09FB8F14E
:10008000000F11D02078042802D1F07902280BD07B
:100090004FF0FF3241462046FFF76AFD8146B9F135
:1000A000000F01D04846E8E700BF39463046FDF76B
:1000B000A3F9054605B93EE0012D01D10220DCE798
:1000C000681C08B90120D8E7207804280AD000224B
:1000D00039462046FFF74CFD8146B9F1000F01D0AB
:1000E0004846CAE7D4E90710801E814206D2E0697B
:1000F000401CE061207940F0010020710BF101000B
:10010000A84201D1AB4612E0207804280DD1ABEB18
:100110000A00421C002351462046F7F743FA814665
:10012000B9F1000F01D04846A7E7AB46AA462F46D3
:10013000206AB842B9D800BF2078042812D1B8F19B
:10014000000F02D10020F0710CE0F079032809D1F2
:10015000B068404506D8B169B0680844404501D34D
:100160000220F071002088E710B5EE20FDF7FCFAC0
:100170000720FDF7F9FA3520FDF7F6FA5A20FDF7CA
:10018000F3FA5320FDF7F0FAA520FDF7EDFAFF2072
:10019000FDF7EAFAFC20FDF7E7FAFF20FDF7E4FAA5
:1001A000FF20FDF7E1FA10BD10B5E4F757FAEDF7BF
:1001B00051FFF6F739FD62B610BD000010B50A20F8
:1001C000EDF7BAFC0B20EDF7B7FC42F20F20EDF78C
:1001D000B3FC42F21020EDF7AFFC42F21120EDF734
:1001E000ABFC32200849A1F844000A20A1F84600DF
:1001F0006420A1F84800012001F02AFDE3F700F98E
:10020000EAF73AFB10BD0000E4FF002010B5002023
:100210000B4908704FF482710A48E0F7BBFC4FF4B9
:1002200082710948E0F7B6FC822206490748E3F7E5
:100230003BFD074B0E2207A10DA0E0F789F910BD89
:10024000D2010020183701201C3801202402002090
:10025000CABF03082E2E5C2E2E5C73506C63506F49
:1002600072745C73506C634164632E630000000021
:1002700025732C25642C25733A7374617274206184
:10028000646320696E69742E2E2E2E2E2E0A0000B5
:1002900030B58DB000BFF44800780028FBD00020B6
:1002A000F1490870F148007800287CD1F048E3F764
:1002B000D9FD8222EF49EE48E3F7F6FC0120EB4935
:1002C000087034216846E0F787FC002414E000251C
:1002D0000EE05DF8240005EB850101EBC50121442A
:1002E000E54A32F8111008444DF82400681CC5B2E4
:1002F0000A2DEEDB601CC4B20D2CE8DB9DED000A7C
:10030000B8EE400AF2EE040A80EE201ABCEEC10AF2
:1003100010EE100A00B2D949A1F8720A9DED010A47
:10032000B8EE400AF2EE040A80EE201ABCEEC10AD2
:1003300010EE100A00B2A1F87C0A9DED020AB8EE98
:10034000400AF2EE040A80EE201ABCEEC10A10EE5A
:10035000100A00B2A1F87E0A9DED030AB8EE400A29
:10036000F2EE040A80EE201ABCEEC10A10EE100A6A
:1003700000B2A1F8700A9DED040AB8EE400AF2EE50
:10038000040A80EE201ABCEEC10A10EE100A00B278
:10039000A1F86E0A9DED050AB8EE400AF2EE040AD5
:1003A00080EE201A00E070E0BCEEC10A10EE100AE8
:1003B00000B2A1F8680A9DED060AB8EE400AF2EE16
:1003C000040A80EE201ABCEEC10A10EE100A00B238
:1003D000A1F8660A9DED070AB8EE400AF2EE040A9B
:1003E00080EE201ABCEEC10A10EE100A00B2A1F88D
:1003F000740A9DED080AB8EE400AF2EE040A80EE97
:10040000201ABCEEC10A10EE100A00B2A1F87A0A56
:100410009DED090AB8EE400AF2EE040A80EE201AB9
:10042000BCEEC10A10EE100A00B2A1F8780A9DEDE8
:100430000A0AB8EE400AF2EE040A80EE201ABCEE78
:10044000C10A10EE100A00B2A1F8800A9DED0B0A55
:10045000B8EE400AF2EE040A80EE201ABCEEC10AA1
:1004600010EE100A00B2A1F8820A9DED0C0AB8EE57
:10047000400AF2EE040A80EE201ABCEEC10A10EE29
:10048000100A00B2A1F8840AEBE07948E3F7EAFC2D
:10049000822279497648E3F707FC00207349087007
:1004A00034216846E0F798FB002414E000250EE0B4
:1004B0005DF8240005EB850101EBC50121446D4A7F
:1004C00032F8111008444DF82400681CC5B20A2DFA
:1004D000EEDB601CC4B20D2CE8DB9DED000AB8EE2B
:1004E000400AF2EE040A80EE201ABCEEC10A10EEB9
:1004F000100A00B26149A1F8720A9DED010AB8EE36
:10050000400AF2EE040A80EE201ABCEEC10A10EE98
:10051000100A00B2A1F87C0A9DED020AB8EE400A6A
:10052000F2EE040A80EE201ABCEEC10A10EE100AA8
:1005300000B2A1F87E0A9DED030AB8EE400AF2EE81
:10054000040A80EE201ABCEEC10A10EE100A00B2B6
:10055000A1F8700A9DED040AB8EE400AF2EE040A12
:1005600080EE201ABCEEC10A10EE100A00B2A1F80B
:100570006E0A9DED050AB8EE400AF2EE040A80EE1E
:10058000201ABCEEC10A10EE100A00B2A1F8680AE7
:100590009DED060AB8EE400AF2EE040A80EE201A3B
:1005A000BCEEC10A10EE100A00B2A1F8660A9DED79
:1005B000070AB8EE400AF2EE040A80EE201ABCEEFA
:1005C000C10A10EE100A00B2A1F8740A9DED080AE3
:1005D000B8EE400AF2EE040A80EE201ABCEEC10A20
:1005E00010EE100A00B2A1F87A0A9DED090AB8EEE1
:1005F000400AF2EE040A80EE201ABCEEC10A10EEA8
:10060000100A00B2A1F8780A9DED0A0AB8EE400A75
:10061000F2EE040A80EE201ABCEEC10A10EE100AB7
:1006200000B2A1F8800A9DED0B0AB8EE400AF2EE86
:10063000040A80EE201ABCEEC10A10EE100A00B2C5
:10064000A1F8820A9DED0C0AB8EE400AF2EE040A07
:1006500080EE201ABCEEC10A10EE100A00B2A1F81A
:10066000840A0DB030BD0000D3010020D20100206B
:10067000240200201C38012018370120E4FF00204C
:1006800045F67F31884201D900BFFEE77047B0F5DB
:10069000B76F01DB00BFFEE77047000010B5002315
:1006A0001A4619460A48E3F737FD00231A46102177
:1006B0000748E3F731FD00210548E3F746FD102127
:1006C0000348E3F742FD002008F0E0FB10BD000006
:1006D000CC02002010B500F0E5FA0520F7F74CF841
:1006E000044BB32204A109A0DFF732FF00F0DBFACC
:1006F00010BD00008EBF03082E2E5C2E2E5C7350A2
:100700006C635C73506C632E6300000025732C25B2
:10071000642C25733A636C656172204644204E5602
:1007200052414D20646F6E652E2E2E0A000000008F
:1007300010B500F0B7FA0320F7F71EF84FF4805118
:100740000548E0F727FA054BAD2205A109A0DFF720
:10075000FFFE00F0A8FA10BDC41601207FBF0308F9
:100760002E2E5C2E2E5C73506C635C73506C632E6B
:100770006300000025732C25642C25733A636C6597
:100780006172204644204E5652414D20646F6E6582
:100790002E2E2E0A0000000010B500F083FA4FF450
:1007A00080520B494FF40870FAF772FC044600F0CF
:1007B0007AFA34B1074B972207A10CA0DFF7C8FEE5
:1007C00005E0044B9A2204A111A0DFF7C1FE10BD81
:1007D000C416012063BF03082E2E5C2E2E5C7350BE
:1007E0006C635C73506C632E6300000025732C25D2
:1007F000642C25733A6C6F6164204644204E565237
:10080000414D20637263206661696C2121210A00D9
:1008100025732C25642C25733A6C6F616420464443
:10082000204E5652414D20646F6E652E2E2E0A00CA
:1008300010B500F037FA4FF480520B494FF40870AE
:10084000FAF7B4FC044634B1084BA22208A10DA06B
:10085000DFF77EFE05E0054BA52205A111A0DFF71D
:1008600077FE00F020FA10BDC416012071BF030806
:100870002E2E5C2E2E5C73506C635C73506C632E5A
:100880006300000025732C25642C25733A73617670
:1008900065204644204E5652414D206661696C2EBB
:1008A0002E2E0A0025732C25642C25733A7361764D
:1008B00065204644204E5652414D20646F6E652E91
:1008C0002E2E0A0008B5294B40F2151228A12DA0A2
:1008D000DFF73EFEFDF704F9FFF78EFB00F0DCFAD0
:1008E000FFF75AFFFCF774FD2D490860FCF75CFD2B
:1008F0002C4908602A4800681C4B40F21F121CA1BA
:10090000009029A0DFF724FE26480068174B4FF41B
:10091000907217A100902CA0DFF71AFE4FF4AD40A3
:10092000EDF72CF945F28160EDF728F900F05CF85D
:1009300000F07EFCFFF7B2FEFFF768FC00F0B4F9B0
:1009400000F0E8FF00F032FE08212648E6F72CFD13
:100950000C212448E6F728FD04212248E6F724FD6F
:1009600045F20320EDF7E8F808BD0000B7BF030823
:100970002E2E5C2E2E5C73506C635C73506C632E59
:100980006300000025732C25642C25733A73746171
:100990007274204170702E2E2E2E2E2E0A00000012
:1009A000B8010020BC01002025732C25642C257380
:1009B0003A626F6F746C6F6164206372633A30786F
:1009C000253038580A00000025732C25642C257327
:1009D0003A617070206372633A3078253038580A73
:1009E00000000000F003002010B580210448E0F76B
:1009F000D1F8044B082204A10AA0DFF7A9FD10BD1D
:100A000020390120D6BF03082E2E5C2E2E5C735099
:100A10006C63506F72745C73506C63496F496E2ED7
:100A20006300000025732C25642C25733A696E70D1
:100A3000757420696E69742E2E2E2E2E2E0A0000DB
:100A400010B501219148E4F7B5F80446A4B99048DF
:100A500090F900000A2806DA8D480078401C40B260
:100A60008B4908701DE08B48B0F9300A40F0010056
:100A70008849A1F8300A14E0854890F9000010F187
:100A80000A0F06DD82480078401E40B28049087097
:100A900007E08048B0F9300A20F001007D49A1F854
:100AA000300A10217C48E4F785F80446A4B9784858
:100AB00090F901000A2806DA75484078401C40B2D7
:100AC000734948701DE07348B0F9300A40F00200E5
:100AD0007049A1F8300A14E06D4890F9010010F156
:100AE0000A0F06DD6A484078401E40B268494870E7
:100AF00007E06848B0F9300A20F002006549A1F823
:100B0000300A20216548E4F755F80446A4B9604846
:100B100090F902000A2806DA5D488078401C40B24D
:100B20005B4988701DE05B48B0F9300A40F0040072
:100B30005849A1F8300A14E0554890F9020010F124
:100B40000A0F06DD52488078401E40B25049887036
:100B500007E05048B0F9300A20F004004D49A1F8F0
:100B6000300A10214D48E4F725F80446012C14D131
:100B7000474890F903000A2806DA4548C078401C27
:100B800040B24349C8701DE04248B0F9300A40F015
:100B900008004049A1F8300A14E03D4890F90300EC
:100BA00010F10A0F06DD3A48C078401E40B23849BD
:100BB000C87007E03748B0F9300A20F0080035491E
:100BC000A1F8300A3348B0F9780A3549B1F9421032
:100BD000884214DC2E4890F904000A2806DA2C48D2
:100BE0000079401C40B22A4908711DE02948B0F93B
:100BF000300A40F010002749A1F8300A14E02448D8
:100C000090F9040010F10A0F06DD21480079401E1A
:100C100040B21F49087107E01E48B0F9300A20F0C1
:100C200010001C49A1F8300A4FF400611748E3F79F
:100C3000C1FF0446A4B9164890F905000A2806DA4F
:100C400013484079401C40B2114948711DE01148D9
:100C5000B0F9300A40F020000E49A1F8300A14E043
:100C60000B4890F9050010F10A0F06DD084840799D
:100C7000401E40B20649487107E00648B0F9300A04
:100C800020F020000349A1F8300A10BD000C0240FA
:100C900020390120E4FF002000180240001002402B
:100CA000C43601207047704710B500224FF4005140
:100CB0001448E3F787FF002240211348E3F782FF3F
:100CC000002002F019FB002010490870104908802C
:100CD0001049088010490880104908801049088090
:100CE0001049088010490880104908801049087090
:100CF00010490870104BB22210A117A0DFF728FC92
:100D000010BD00000008024000100240D501002084
:100D1000D6010020D8010020DA010020DC010020EB
:100D2000DE010020E0010020E2010020E4010020BB
:100D3000E6010020E8010020FFBF03082E2E5C2EF4
:100D40002E5C73506C63506F72745C73506C634CA8
:100D5000617365722E63000025732C25642C257346
:100D60003A6C617365722074696D657220696E6991
:100D7000742E2E2E2E2E2E0A0000000010B52548AF
:100D800090F90000012802D0022840D10BE022484F
:100D9000008838B9FCF7E4FD1F480088401C00B209
:100DA0001D49088034E01C48B0F90000002809DB28
:100DB0001948B0F900001949B1F90010884201DA68
:100DC000FCF7CEFD1448B0F900001449B1F9001049
:100DD000884209DB1048B0F900001149B1F9001050
:100DE000884201DAFCF7F6FD0B48B0F900000C4927
:100DF000B1F90010884203DB4FF0FF30064908804C
:100E000005480088401C00B20349088000E000BF8C
:100E100000BF10BDD5010020D6010020D801002060
:100E2000DA01002010B5FFF73DFF0220F6F7A4FC21
:100E30004FF437610848DFF7ADFE4FF437610748DC
:100E4000DFF7A8FEFFF72FFF054B8F2205A10AA0B1
:100E5000DFF77EFB10BD0000E4FF0020540B0120F3
:100E600054BF03082E2E5C2E2E5C73506C635C7393
:100E7000506C632E6300000025732C25642C2573B1
:100E80003A636C656172204E5652414D20646F6E1C
:100E9000652E2E2E0A0000007FB54FF437612948D9
:100EA000DFF778FE402227490020FAF7F1F803A97E
:100EB00041F66450FAF756F9102222492248E3F726
:100EC00011F804464FF480621E4940312020FAF7A1
:100ED000DFF802A941F66850FAF744F94FF480723E
:100EE000184940311848E2F7FDFF05464FF43762D4
:100EF00014491648DFF7CFFD0398154B472215A17B
:100F0000CDE9000418A0DFF723FB0298104B48221C
:100F100010A1CDE9000521A0DFF71AFB0398A0423C
:100F200009D00298A84206D0094B4A2209A128A05C
:100F3000DFF70EFB05E0064B4D2206A12DA0DFF7E3
:100F400007FB7FBDE4FF002008000020540B0120B8
:100F500028BF03082E2E5C2E2E5C73506C635C73CE
:100F6000506C632E6300000025732C25642C2573C0
:100F70003A4D52204550524F4D204352433A30781B
:100F8000253038582C4D522043414C432043524386
:100F90003A3078253038580A0000000025732C2597
:100FA000642C25733A444D204550524F4D204352F6
:100FB000433A3078253038582C444D2043414C4337
:100FC000204352433A3078253038580A0000000058
:100FD00025732C25642C25733A6C6F6164204E5662
:100FE00052414D20637263206661696C2E2E2E0A79
:100FF0000000000025732C25642C25733A6C6F616A
:1010000064204E5652414D20646F6E652E2E2E0A7E
:10101000000000001FB5402216490020FAF7C6F86C
:10102000102214491448E2F75DFF039003A941F62A
:101030006450FAF73DF94FF480620E4940312020A8
:10104000FAF7B4F84FF480720A4940310A48E2F7DF
:1010500049FF029002A941F66850FAF729F9DDE943
:101060000210064B5A22CDE9000105A109A0DFF7C5
:101070006FFA1FBDE4FF00200800002036BF030800
:101080002E2E5C2E2E5C73506C635C73506C632E42
:101090006300000025732C25642C25733A73617658
:1010A00065204E5652414D20646F6E652E2E2E28BF
:1010B0004D52204352433A3078253038582C444D15
:1010C000204352433A307825303858290A0000002E
:1010D0002DE9FE434FF00008324D334E00240DE061
:1010E00028783178884205D0A0B22946FAF7BCF8B2
:1010F00048F0FF086D1C761C601C84B2402CEFDBAE
:10110000B8F1000F0AD0102226492848E2F7EAFE7B
:10111000029002A941F66450FAF7CAF80027214D5F
:101120004035214E403600240FE02878317888423F
:1011300007D004F1200188B22946FAF795F847F064
:10114000FF076D1C761C601C84B2B4F5806FECDB6D
:1011500067B14FF48072134940311448E2F7C2FE80
:10116000019001A941F66850FAF7A2F84FF43762EE
:101170000C490D48DFF78FFCB8F1000F07D002983B
:101180000B4B83220BA100900FA0DFF7E1F93FB1D9
:101190000198074B862207A1009018A0DFF7D8F925
:1011A000BDE8FE83E4FF0020540B0120080000206E
:1011B00044BF03082E2E5C2E2E5C73506C635C7350
:1011C000506C632E6300000025732C25642C25735E
:1011D0003A757064617465204D52204E5652414DEF
:1011E00020646F6E652E2E2E284D52204352433AB6
:1011F000307825303858290A0000000025732C2546
:10120000642C25733A75706461746520444D204EDA
:101210005652414D20646F6E652E2E2E28444D206F
:101220004352433A307825303858290A00000000EC
:1012300010B500201249A1F8400A002220211148CF
:10124000E3F7C0FC08211048E6F7AEF80C210E4881
:10125000E6F7AAF804210C48E6F7A6F80022402198
:101260000848E3F7AFFC002220210648E3F7AAFC78
:10127000064B0C2206A10DA0DFF76AF910BD000095
:10128000E4FF002000040240F0030020E4BF030854
:101290002E2E5C2E2E5C73506C63506F72745C73D8
:1012A000506C63496F4F75742E63000025732C25B5
:1012B000642C25733A6F757470757420696E697447
:1012C0002E2E2E2E2E2E0A0010B54FF4A440E8F735
:1012D00075F918B10C215948E5F7E0FF4FF4A44027
:1012E000E8F738F918B10C215448E6F75DF845F2F3
:1012F0000120E8F763F918B108215048E5F7CEFF5F
:1013000045F20120E8F726F918B108214B48E6F725
:101310004BF845F20220E8F751F918B1042147488B
:10132000E5F7BCFF45F20220E8F714F918B10421F3
:101330004248E6F739F845F20320E8F73FF920B1D3
:10134000012240213E48E3F73DFC45F20320E8F747
:1013500001F920B1002240213948E3F733FC45F27E
:101360000420E8F72BF920B1012220213448E3F7CB
:1013700029FC45F20420E8F7EDF820B100222021F5
:101380002F48E3F71FFC45F20520E8F717F945F26F
:101390000520E8F7DFF845F20620E8F70FF920B15D
:1013A000012220212648E3F70DFC45F20620E8F74C
:1013B000D1F820B1002220212148E3F703FC45F2B7
:1013C0000720E8F7FBF820B1012208211D48E3F7C8
:1013D000F9FB45F20720E8F7BDF820B1002208210B
:1013E0001848E3F7EFFB45F20820E8F7E7F820B1EB
:1013F000012204211348E3F7E5FB45F20820E8F752
:10140000A9F820B1002204210E48E3F7DBFB45F2E6
:101410000920E8F7D3F820B1012291030A48E3F745
:10142000D1FB45F20920E8F795F828B100224FF4E6
:1014300080410548E3F7C6FB10BD0000F003002023
:101440000004024000180240000C024010B545F2B2
:101450008660E8F7B3F818B145F20320E2F71CFA0A
:10146000FFF732FFFFF734FE45F28160ECF764FBD3
:1014700010BD000010B52C480078012815DB45F29E
:101480008260E2F709FA0020274908702748B0F97E
:10149000CE0A47F6FF71884207DA2448B0F8CE0A30
:1014A000401C00B22149A1F8CE0A21480078012849
:1014B00006DB45F28460E2F7EFF900201C49087072
:1014C0001C480078012806DB45F28560E2F7E4F964
:1014D00000201849087018480078012806DB45F2FA
:1014E0008660E2F7D9F900201349087013480078A4
:1014F000012806DB45F28760E2F7CEF900200F49AC
:1015000008700F480078012806DB45F28860E2F792
:10151000C3F900200A490870FFF792FA00F0BAF800
:10152000FEF7B6FE10BD0000CC010020E4FF002055
:10153000CD010020CE010020CF010020D0010020ED
:10154000D101002010B50648007838B101222021D1
:101550000448E3F737FB00200149087010BD000084
:10156000EC0100200018024010B506480078012860
:1015700007D0002220210448E3F724FB0120014981
:10158000087010BDEC0100200018024010B50446A0
:1015900041F29410844200DD0446B4F5FA7F01DA8A
:1015A0004FF4FA74A0B201F0C5FE10BD10B545F2BB
:1015B000A060ECF7C1FA0949B1F9440000F034F831
:1015C000FFF7C0FF40F24C40FFF7E0FF044B0D2255
:1015D00004A10CA0DEF7BCFF10BD0000E4FF00205A
:1015E0003BC003082E2E5C2E2E5C73506C63506F34
:1015F00072745C73506C63537065616B65722E63BB
:101600000000000025732C25642C25733A73706547
:10161000616B657220646D6120696E69742E2E2E77
:101620002E2E2E0A0000000010B52DED028B044670
:10163000154890F90000A04223D0C4EB0420642197
:1016400090FBF1F000EE100AB8EEC08A9FED0F0A91
:10165000B4EEC08AF1EE10FA03DD9FED0C0AB0EE95
:10166000408AB5EEC08AF1EE10FA03D29FED080A67
:10167000B0EE408ABDEEC80A10EE101AC8B207F0EC
:101680009FFCBDEC028B10BDED01002000007F43EC
:101690000000000010B545F28260E7F78FFF0028D8
:1016A0007CD045F2B160E7F715FF78B147F6FF70DF
:1016B0009749A1F8A80A0020A1F8A60A45F2B1604E
:1016C000ECF73AFA45F2B060ECF736FA9048B0F928
:1016D000A80A8F49B1F9A61A884212DB00208C496A
:1016E000A1F8A80A0846B0F8A00AA1F8A20A08467C
:1016F000B0F8A40AA1F8A60A45F2B060ECF73EFAE9
:101700001CE08348B0F9A80A8149B1F9A21A8842BD
:101710000CD17F48B0F8A80A401C00B27C49A1F85F
:10172000A80A45F2B060ECF707FA07E07848B0F88D
:10173000A80A401C00B27649A1F8A80A45F2B36095
:10174000E7F7C8FE78B147F6FF707149A1F8B20A11
:101750000020A1F8B00A45F2B360ECF7EDF945F2CC
:10176000B260ECF7E9F96A48B0F9B20A6849B1F930
:10177000B01A884213DB00206549A1F8B20A084676
:10178000B0F8AA0AA1F8AC0A0846B0F8AE0AA1F867
:10179000B00A45F2B260ECF7F1F91DE0B6E05C4842
:1017A000B0F9B20A5A49B1F9AC1A88420CD158487A
:1017B000B0F8B20A401C00B25549A1F8B20A45F28D
:1017C000B260ECF7B9F907E05148B0F8B20A401C32
:1017D00000B24F49A1F8B20A45F2B560E7F77AFEC8
:1017E00078B147F6FF704A49A1F8BC0A0020A1F879
:1017F000B00A45F2B560ECF79FF945F2B460ECF73A
:101800009BF94348B0F9BC0A4149B1F9BA1A884278
:1018100012DB00203E49A1F8BC0A0846B0F8B40A21
:10182000A1F8B60A0846B0F8B80AA1F8BA0A45F213
:10183000B460ECF7A3F91CE03548B0F9BC0A3449B0
:10184000B1F9B61A88420CD13148B0F8BC0A401C34
:1018500000B22F49A1F8BC0A45F2B460ECF76CF96C
:1018600007E02B48B0F8BC0A401C00B22849A1F898
:10187000BC0A45F2B760E7F72DFE78B147F6FF7076
:101880002349A1F8C60A0020A1F8C40A45F2B760AE
:10189000ECF752F945F2B660ECF74EF91C48B0F996
:1018A000C60A1B49B1F9C41A884212DB0020184944
:1018B000A1F8C60A0846B0F8BE0AA1F8C00A084650
:1018C000B0F8C20AA1F8C40A45F2B660ECF756F9BE
:1018D0001CE00F48B0F9C60A0D49B1F9C01A884298
:1018E0000CD10B48B0F8C60A401C00B20849A1F858
:1018F000C60A45F2B660ECF71FF907E00448B0F8F5
:10190000C60A401C00B20249A1F8C60A10BD000078
:10191000E4FF002010B51148E5F7A6F800201049B3
:101920000870104908701049087010490870104973
:101930000870104908801049088010490880104933
:101940000880104908801049088010490860104B31
:10195000142210A116A0DEF7FBFD10BD58050020D3
:10196000CC010020CD010020CE010020CF010020BD
:10197000D0010020C0010020C2010020C4010020CD
:10198000C6010020C8010020CA010020F00100208B
:101990004BC003082E2E5C2E2E5C73506C63506F70
:1019A00072745C73506C6354696D65722E630000D1
:1019B00025732C25642C25733A73706C632074692D
:1019C0006D657220696E69742E2E2E2E2E2E0A00E1
:1019D00010B54FF48B641EE0A4F58B6144F2C04255
:1019E000114488B2E7F776FD78B1634830F9140006
:1019F00047F6FF7188420CDA5F4830F81400401C4B
:101A000000B25D4921F8140003E000205A4921F892
:101A10001400601C84B2B4F5936FDDDB5748008876
:101A20000A2829DD4FF493641DE0A4F5936101F5C4
:101A30008A4188B2E7F74EFD78B14F4830F914007B
:101A400047F6FF7188420CDA4B4830F81400401C0E
:101A500000B2494921F8140003E00020464921F86A
:101A60001400601C84B2B4F59B6FDEDB0120444996
:101A700008700020414908804248008864282BDD16
:101A80004FF49B641EE0A4F59B6144F24052114464
:101A900088B2E7F71FFD78B1374830F9140047F6F0
:101AA000FF7188420CDA344830F81400401C00B250
:101AB000314921F8140003E000202F4921F81400D7
:101AC000601C84B240F217508442DCDB01202E49B6
:101AD000087000202B4908802C480088C82805DDA4
:101AE00001202B49087000202849088029480088D7
:101AF000B0F5FA7F05DD012027490870002025494F
:101B0000088026480088B0F57A7F05DD0120244949
:101B10000870002021490880224800884EF6602184
:101B2000884205DD01202049087000201D490880F9
:101B300012480088401C1149088012480088401C47
:101B40001049088011480088401C1049088011483D
:101B50000088401C0F49088010480088401C0F492D
:101B6000088010480088401C0E4908800F48006813
:101B7000401C0E49086010BDE4FF0020C001002099
:101B8000CC010020C2010020CD010020C4010020B2
:101B9000CE010020C6010020CF010020C801002096
:101BA000D0010020CA010020D1010020F001002056
:101BB0001CB546220C494FF4EC50F9F7F7FA112204
:101BC00009490A48E2F78EF9019001A941F67850D7
:101BD000F9F76EFB0198064B40F2592205A10090DF
:101BE0000BA0DEF7B5FC1CBDC436012008000020A8
:101BF0002AC003082E2E5C2E2E5C73506C63506F2F
:101C000072745C73506C634D6973632E63000000E3
:101C100025732C25642C25733A73617665206465E1
:101C20007669636520636F6E66696720746F2065EF
:101C300070726F6D20646F6E652E2E2E284346479E
:101C4000204352433A307825303858290A000000A2
:101C500070B5064600258EE0012E33D1002101EB40
:101C60008511FE4A02EB41006A1CFDA1DEF77CFCF7
:101C70000120372101EB8511F84A22F811003821A3
:101C800001EB851122F811000A20392101EB8511A1
:101C900022F8110001203A2101EB851122F81100F0
:101CA0003D2101EB851122F811004FF47A703E219D
:101CB00001EB851122F811003F2101EB851122F87B
:101CC000110056E0372000EB8510E44931F8100090
:101CD00001284ED0372000EB851031F81000022883
:101CE00047D0372000EB851031F81000052840D090
:101CF000372000EB851031F81000062839D0372046
:101D000000EB851031F81000072832D0002101EBDC
:101D10008511D24A02EB41006A1CD1A1DEF724FCF6
:101D20000120372101EB8511CC4A22F8110038211E
:101D300001EB851122F811000A20392101EB8511F0
:101D400022F8110001203A2101EB851122F811003F
:101D50003D2101EB851122F811004FF47A703E21EC
:101D600001EB851122F811003F2101EB851122F8CA
:101D70001100681C05B2202DFFF66EAFBB4CBCA055
:101D800020600120A080E08050202081012060811F
:101D9000A0814FF47A70E08120821434B7A02060D3
:101DA0000120A080E0803C20208101206081A08172
:101DB0004FF47A70E08120821434B3A020600120B7
:101DC000A080E0801E20208101206081A0814FF44E
:101DD0007A70E0812082B14CB1A020600120A08007
:101DE000E0804620208101206081A0814FF47A703C
:101DF000E08120821434B1A020600120A080E08026
:101E00005020208101206081A0814FF47A70E08110
:101E100020821434B0A020600120A080E0805020F7
:101E2000208101206081A0814FF47A70E0812082BE
:101E30001434B0A020600120A080E08078202081B0
:101E400001206081A0814FF47A70E08120821434F7
:101E5000AAA020600120A080E080782020810120BD
:101E60006081A0814FF47A70E08120821434A7A0B1
:101E700020600120A080E080462020810120608138
:101E8000A0814FF47A70E0812082A54CA5A020604B
:101E90000120A0800220E0803C2020810120608180
:101EA000A0814FF4FA70E08120821434A6A0206053
:101EB0000120A0800220E080462020810120608156
:101EC000A0814FF4FA70E08120821434A7A0206032
:101ED0000120A0800220E08050202081012060812C
:101EE000A0814FF4FA70E08120821434A8A0206011
:101EF0000120A0800220E08050202081012060810C
:101F0000A0814FF4FA70E08120821434A9A02060EF
:101F10000120A080E0803C20208101206081A08100
:101F20004FF47A70E08120821434AAA0206001204E
:101F3000A080E0806420208101206081A08143F6A0
:101F40009820E0814FF47A7020821434AAA0206097
:101F50000120A080E0803220208101206081A081CA
:101F60004FF47A70E08120821434AAA0206001200E
:101F7000A080E0803220208101206081A0814FF488
:101F80007A70E08120821434A8A020600120A08013
:101F9000E0805020208101206081A0814FF47A7080
:101FA000E08120821434A9A020600120A080E0807C
:101FB0007820208101206081A0814FF47A70E08137
:101FC00020821434A6A020600120A080E080502050
:101FD000208101206081A0814FF47A70E08120820D
:101FE0001434A4A020600120A080E080642020811F
:101FF00001206081A0814FF47A70E0812082143446
:10200000A1A020600120A080E08064202081012028
:102010006081A0814FF47A70E08120821434A0A006
:1020200020600120A080E080782020810120608154
:10203000A0814FF47A70E08120821434A0A0206047
:102040000120A080E0807820208101206081A08193
:102050004FF47A70E081208214343DE1C4160120EF
:10206000437573746F6D202564000000604F01207C
:1020700045564C41205468696768000045564C41FC
:102080002063616C6600000045564C4120536D6131
:102090006C6C2056657373656C000000E051012084
:1020A00048656D6F7272686F69647320477261640E
:1020B0006520322C203235304A00000048656D6FB3
:1020C0007272686F69647320477261646520332C93
:1020D000203335304A00000048656D6F7272686FBA
:1020E00069647320477261646520342C2033353075
:1020F0004A00000046697374756C610050696C6F2A
:102100006E6964616C2053696E7573004669737300
:102110007572652041626C6174696F6E0000000029
:10212000605401204C6173657220566167696E616D
:102130006C205469676874656E696E6720317374CA
:10214000203630304A0000004C61736572205661C1
:1021500067696E616C205469676874656E696E6743
:1021600020326E64203630304A0000004C617365C6
:102170007220566167696E616C2054696768746586
:102180006E696E6720337264203630304A0000007A
:102190004C6173657220566167696E616C20546989
:1021A000676874656E696E672034746820363030F5
:1021B0004A0000004C6173657220566167696E6168
:1021C0006C2052656A7576656E6174696F6E203336
:1021D00036304A004C6173657220566167696E61E2
:1021E0006C2052656A7576656E6174696F6E2B201E
:1021F0003630304A00000000537472657373204912
:102200006E636F6E74696E656E63652C2037354A38
:1022100000000000496E66656374696F6E20636F2D
:102220006E74726F6C2C2035304A000054726561F8
:10223000746D656E74206166746572204D656E6F95
:1022400070617573652C203438304A004879737496
:1022500065726F73636F7079204D796F6D61730074
:102260004879737465726F73636F707920506F6C07
:10227000797073004879737465726F73636F7079E6
:102280002053657074756D004879737465726F734F
:10229000636F7079204164686573696F6E00000038
:1022A0004879737465726F73636F707920447973C2
:1022B0006D6F727068696320557465727573000084
:1022C0004879737465726F73636F707920497374A2
:1022D000686D6F63656C6500FEA020600120A080C2
:1022E000E0807820208101206081A0814FF47A7005
:1022F000E08120821434FEA020600120A080E080D4
:102300007820208101206081A0814FF47A70E081E3
:1023100020821434FBA020600120A080E080642093
:10232000208101206081A0814FF47A70E0812082B9
:102330001434FBA020600120A080E0806420208174
:1023400001206081A0814FF47A70E08120821434F2
:10235000F9A020600120A080E0806420208101207D
:102360006081A0814FF47A70E08120821434F9A05A
:1023700020600120A080E080642020810120608115
:10238000A0814FF47A70E08120821434F6A020609E
:102390000120A080E0806420208101206081A08154
:1023A0004FF47A70E0812082F64CF7A02060012083
:1023B000A0800220E0804620208101206081A08151
:1023C0004FF47A70E08141F2883020821434F7A013
:1023D00020600120A0800220E08046202081012092
:1023E0006081A0814FF47A70E08141F288302082D0
:1023F0001434F5A020600220A080E080012020811C
:102400004B2060810120A0814FF42F70E081208259
:102410001434F0A020600120A0800220E08046203B
:10242000208101206081A0814FF47A70E08141F227
:10243000883020821434EBA020600220A080E0804D
:1024400001202081502060810120A0814FF47A700A
:10245000E08141F288302082E64CE7A02060022033
:10246000A0800120E0802081822060810120A08165
:102470004FF47A70E08120821434E3A020600220BF
:10248000A0800120E0802081782060810120A0814F
:102490004FF47A70E08120821434DEA020600220A4
:1024A000A0800120E08020818C2060810120A0811B
:1024B0004FF47A70E08120821434DBA02060022087
:1024C000A0800120E08020818C2060810120A081FB
:1024D0004FF47A70E08120821434D6A0206002206C
:1024E000A0800120E08020818C2060810120A081DB
:1024F0004FF47A70E08120821434D1A02060022051
:10250000A0800120E08020818C2060810120A081BA
:102510004FF47A70E08120821434CFA02060022032
:10252000A0800120E0802081822060810120A081A4
:102530004FF47A70E08120821434CBA02060022016
:10254000A0800120E0802081822060810120A08184
:102550004FF47A70E08120821434C8A020600220F9
:10256000A0800120E0802081642060810120A08182
:102570004FF47A70E08120821434C4A020600220DD
:10258000A0800120E0802081822060810120A08144
:102590004FF47A70E08120821434C0A020600220C1
:1025A000A0800120E0802081822060810120A08124
:1025B0004FF47A70E08120821434BDA020600220A4
:1025C000A0800120E0802081642060810120A08122
:1025D0004FF47A70E08120821434BCA02060022085
:1025E000A0800120E0802081822060810120A081E4
:1025F0004FF47A70E08120821434B7A0206002206A
:10260000A080E08001202081642060810120A081E1
:102610003220E0815A2020821434B6A020600220AB
:10262000A0800120E0802081642060810120A081C1
:102630004FF47A70E08120821434B3A0206002202D
:10264000A0800120E0802081782060810120A0818D
:102650004FF47A70E0812082B04CB1A0206002205B
:10266000A0800120E0802081642060810120A08181
:102670004FF47A70E08120821434AAA020600220F6
:10268000A0800120E08020811E2060810120A081A7
:102690004FF47A70E08120821434A5A020600220DB
:1026A000A0800120E0802081502060810120A08155
:1026B0004FF47A70E08120821434A1A020600220BF
:1026C000A0800120E0802081642060810120A08121
:1026D0003EE100004879737465726F73636F7079BF
:1026E00020542D53686170652055746572757300B0
:1026F0004C617061726F73636F7079204D796F6D8B
:10270000617300004C617061726F73636F70792048
:102710004F76617269616E204379737473000000B3
:102720004C617061726F73636F707920416468658A
:1027300073696F6E000000004C617061726F7363AB
:102740006F70792053616C70696E676563746F6D2B
:10275000790000004C617061726F73636F70792053
:1027600043797374730000004C617061726F73631E
:102770006F707920456E646F6D657472696F7369EF
:102780007300000060590120504C4444204C322D0D
:102790004C332C204C332D4C342C204C352D5331C4
:1027A000203830302D313530304A0000504C444410
:1027B000204C342D4C3520546F74616C20383030EF
:1027C0002D313830304A0000504C444420393830E4
:1027D0006E6D000054756D6F757220313437306E38
:1027E0006D00000054756D6F7572203938306E6D54
:1027F00000000000E0560120566F63616C20506FAE
:102800006C79707300000000436F72646563746FCD
:102810006D7900004C6172796E6765616C2043616F
:102820007263696E6F6D61004861656D61746F6D93
:1028300061730000466962726F6D61730000000091
:102840004C6172796E78706170696C6C6F6D6174D7
:102850006F736973000000005061726163656E748C
:10286000657369730000000041636F757374696379
:10287000204E6575726F6D610000000043686F6CDB
:102880006573746561746F6D61000000546F6E73E1
:10289000696C6C6563746F6D7900000054756D6FC1
:1028A0007572205661706F7269736174696F6E0022
:1028B0005576756C6F70616C61746F706C61737458
:1028C0007920284C4155502900000000436F6E6369
:1028D000686F746F6D79000044616372796F63791A
:1028E00073746F7268696E6F73746F6D79202844AA
:1028F0004352290054757262696E61746520526595
:1029000064756374696F6E004E6173616C20506F03
:102910006C79706563746F6D79000000E05B012075
:1029200043757400436F6167756C6174696F6E0005
:102930004D6F6C65732052656D6F76616C000000A1
:1029400057617274732052656D6F76616C00000080
:102950004FF47A70E08120821434FEA020600220BF
:10296000A080E080012020813C2060810120A081A6
:102970004FF47A70E08120821434F9A020600220A4
:10298000A080E08001202081962060810120A0812C
:102990004620E081782020821434F4A020600220B8
:1029A000A080E08001202081502060810120A08152
:1029B0004FF47A70E08141F2883020821434F0A024
:1029C00020600220A080E0800120208150206081D2
:1029D0000120A0814FF47A70E08141F2883020829A
:1029E0001434EBA020600220A080E0800120208130
:1029F000502060810120A0814FF47A70E08141F283
:102A000088302082E74CE8A020600120A080E08090
:102A10001E20208101206081A0814FF47A70E08126
:102A200020821434E6A020600120A080E0803C20B9
:102A3000208101206081A0814FF47A70E0812082A2
:102A40001434E4A020600120A080E0805020208188
:102A500001206081A0814FF47A70E08120821434DB
:102A6000E0A020600120A080E0807820208101206B
:102A70006081A0814FF47A70E08120821434DEA05E
:102A800020600120A080E0806420208101206081FE
:102A9000A0814FF47A70E08120821434DBA02060A2
:102AA0000120A080E0805020208101206081A08151
:102AB0004FF47A70E08120821434D9A02060012084
:102AC000A080E0805020208101206081A0814FF40F
:102AD0007A70E0812082D64CD6A020600220A080AF
:102AE0000120E08020810C2060810120A0814FF432
:102AF0007A70E08120821434D6A020600220A08069
:102B00000120E08020810A2060810120A0814FF413
:102B10007A70E08120821434D6A020600220A08048
:102B2000E08001202081142060810120A0813220DA
:102B3000E08120821434D6A020600220A0800120F1
:102B4000E08020810F2060810120A0813220E0817F
:102B500020821434D1A020600220A0800120E080D7
:102B600020810A2060810120A0814FF47A70E081E9
:102B700020821434D0A020600220A0800120E080B8
:102B800020810A2060810120A0814FF47A70E081C9
:102B900020821434CCA020600220A0800120E0809C
:102BA00020810A2060810120A0814FF47A70E081A9
:102BB00020821434C7A020600220A0800120E08081
:102BC00020810A2060810120A0814FF47A70E08189
:102BD00020821434C3A020600220A0800120E08065
:102BE00020810A2060810120A0814FF47A70E08169
:102BF00020821434BFA020600220A0800120E08049
:102C000020810A2060810120A0814FF47A70E08148
:102C100020821434C1A020600220A080E080012026
:102C20002081122060810120A0813220E081208259
:102C30001434BFA020600220A0800120E080208109
:102C40000F2060810120A0814FF47A70E081208202
:102C50001434C0A020600220A0800120E0802081E8
:102C60000A2060810120A0814FF47A70E0812082E7
:102C70001434BDA020600220A0800120E0802081CB
:102C80000C2060810120A0814FF47A70E0812082C5
:102C90001434BCA020600220A0800120E0802081AC
:102CA000122060810120A0814FF47A70E08120829F
:102CB0001434B9A020600220A0800120E08020818F
:102CC0000F2060810120A0814FF47A70E081208282
:102CD0001434B5A020600220A0800120E080208173
:102CE000122060810120A0814FF47A70E08120825F
:102CF0001434B4A020600220A0800120E080208154
:102D0000082060810120A0814FF47A70E081208248
:102D10001434B2A020600220A0800120E080208135
:102D2000082060810120A0814FF47A70E081208228
:102D30001434B0A020600220A0800120E080208117
:102D40000A2060810120A0814FF47A70E081208206
:102D5000143455E14E61696C2046756E67757300D9
:102D600056656E65637461736961000053706964D0
:102D70006572205665696E20302E356D6D0000003D
:102D8000537069646572205665696E20316D6D00FF
:102D9000537069646572205665696E20312E356DF9
:102DA0006D000000605E01204C69706F7375637484
:102DB000696F6E20556E646572204579650000006C
:102DC0004C69706F73756374696F6E204368696EC8
:102DD000000000004C69706F73756374696F6E203A
:102DE00041726D004C69706F73756374696F6E200A
:102DF0004162646F6D656E004C69706F73756374CA
:102E0000696F6E20427574746F636B004C69706FEC
:102E100073756374696F6E20546869676800000099
:102E200047796E65636F6D617374696100000000BE
:102E3000E0600120496E636973696F6E202620444B
:102E40007261696E616765204F66204162736365D8
:102E5000737300004578636973696F6E202620499B
:102E60006E636973696F6E616C2042696F7073790C
:102E70000000000041706874686F757320556C63C2
:102E800065722026206865727065746963000000B1
:102E900050756C706F746F6D790000004578706FBD
:102EA0007365206F6620756E657275707465642039
:102EB0007465657468000000466962726F6D612018
:102EC00052656D6F76616C004672656E6563746FF6
:102ED0006D79000047696E6769766563746F6D7917
:102EE0000000000047696E6769766F706C617374EB
:102EF0007900000047696E676976616C20696E63CE
:102F00006973696F6E2026206578636973696F6ED7
:102F10002048656D6F7374617369730043726F77D6
:102F20006E204C656E677468656E696E67000000A0
:102F3000526564756374696F6E206F662047696EB1
:102F4000676976616C20487970657274726F706819
:102F500079000000496D706C616E74205265636F7A
:102F6000766572790000000048656D6F7374617357
:102F7000697320616E6420436F6167756C61746969
:102F80006F6E000047696E676976616C2054726FDE
:102F9000756768696E6700004F70657263756C6570
:102FA00063746F6D79000000496E666563746564D3
:102FB00020506F636B6574732052656D6F76616C22
:102FC0000000000047696E676976616C20426C659D
:102FD0006564696E6720496E6465780053756C633B
:102FE000756C617220446562726964656D656E74AA
:102FF000000000004C65756B6F706C616B6961005F
:1030000053A020600220A0800120E08020810A20BF
:1030100060810120A0814FF47A70E0812082143415
:103020004FA020600220A0800120E08020810920A4
:1030300060810120A0814FF47A70E08120821434F5
:103040004CA020600220A080E0800120208132205E
:1030500060810120A0813220E0812082494C4AA079
:1030600020600220A080E08001202081502060812B
:103070000120A0813220E0812082143446A020600B
:103080000220A080E080012020815020608101206A
:10309000A0813220E0812082143442A020600220EE
:1030A000A080E08001202081642060810120A08137
:1030B0003220E081208214343EA020600220A080D3
:1030C000E080012020813C2060810120A08132200D
:1030D000E081208214343AA020600220A080E080A9
:1030E000012020813C2060810120A0813220E081EC
:1030F0002082143436A020600520A0800120E080CA
:10310000208160810520A0814FF47A70E0812082C7
:10311000143433A020600520A0800120E0802081AD
:1031200060810520A0814FF47A70E0812082143400
:1031300030A020600520A0800120E08020816081F7
:103140000520A0814FF47A70E081208270BD0000DC
:10315000566573746962756C6F706C617374790015
:103160004F72616C20506170696C6563746F6D693A
:1031700065730000546F6F74682057686974656EDA
:10318000696E6700606301204F7274686F706564D8
:103190006963205061696E005370696E65205061EB
:1031A000696E000046726F7A656E2053686F756CA9
:1031B0006465720046617363696974697300000035
:1031C0005061696E204D616E6167656D656E74005A
:1031D000576F756E64204865616C696E670000000A
:1031E0004C6F77204C617365722054686572617012
:1031F0007900000042696F7374696D756C61746960
:103200006F6E000070B505460C46102C07DBA4F16C
:103210000C0081B201220C20EAF761FD05E0201DBF
:1032200081B201220C20EAF75AFD2146284604F01B
:10323000CBFB70BD38B504461F48B0F90000A04272
:1032400038D0642C00DD6424002C00DA00241B48F4
:103250000068846324B104211848E4F71FF803E0F0
:1032600004211648E4F7A0F8002C04DC04211348DC
:10327000E4F79AF815E0002C09DD642C07DA042144
:103280000E48E4F70BF80D480068846309E0642CED
:1032900007DB04210948E4F701F8642007490968BD
:1032A000886305480480064B742206A10CA0009494
:1032B000DDF74EF938BD0000EA0100203804002097
:1032C0000DC003082E2E5C2E2E5C73506C63506F65
:1032D00072745C73506C634D6973632E63000000FD
:1032E00025732C25642C25733A7365742066616EF2
:1032F0003A25640A0000000010B50446002C00DAEC
:1033000000240A48006844633CB100210748E3F701
:10331000C5FF01200649087006E000210348E4F7D4
:1033200043F800200249087010BD0000100500207D
:10333000D4010020F0B587B00446234D002704B91E
:103340000124B4EB550F01D9C5F34F04B5FBF4F0DC
:10335000461EB6F5803F11D3A727781CB5FBF0F0C9
:10336000B0FBF4F0461EB6F5803F07D340F2FF37BE
:10337000781CB5FBF0F0B0FBF4F0461E1348476034
:10338000C660E3F765FA20B111A0DDF7E1F8E0F7D8
:1033900001F81C216846DDF71FFC3020009000205A
:1033A000029003900490059006907008019000220E
:1033B00069460648E3F7BBFE20B10DA0DDF7C8F86B
:1033C000DFF7E8FF07B0F0BD00BD0105C80400202D
:1033D00072655365742054494D38206261736520CD
:1033E000636C6B206661696C2121210A000000007A
:1033F00072655365742054494D3820434831206F1D
:1034000075742066726571206661696C2121210ADC
:103410000000000008B5002100910CE000BF00BFD3
:1034200000BF00BF00BF00BF00BF00BF00BF00BFA4
:103430000099491C00910099B1F57A7FEED308BD3F
:1034400070B545F2A060E6F745F8002875D0F74959
:10345000B1F9C80AFEF7E8F8F448B0F9CC0A103818
:1034600006286BD2DFE800F0030F3C6BBAFD45F293
:10347000A160E6F74FF828B1FEF776F845F2A160B3
:10348000EAF77CFB17E24FF40051E948E1F792FBC1
:1034900020B94021E748E1F78DFB08B1012000E0A9
:1034A000002005465DB145F2A160E6F733F888B12A
:1034B000FEF75AF845F2A160EAF760FB0AE045F230
:1034C000A160E6F707F828B1FEF73CF845F2A160E5
:1034D000EAF732FB4FF0FF30D449A1F8CE0AEAE117
:1034E000D248B0F9CE0A00280BDBD048B0F9CE0A9A
:1034F000322806DAFEF738F845F2A160EAF73EFB1B
:103500001AE0CA48B0F9CE0A32280BDBC748B0F936
:10351000CE0A642806DAFEF715F845F2A160EAF74C
:103520000BFB09E0C148B0F9CE0A642804DB4FF078
:10353000FF30BE49A1F8CE0ABDE1BDE1BAE1BB480A
:10354000B0F9CE0A00280BDBB848B0F9CE0A0F2834
:1035500006DAFEF709F845F2A160EAF70FFB3CE056
:10356000B248B0F9CE0A0F280BDBB048B0F9CE0A4A
:103570001E2806DAFDF7E6FF45F2A160EAF7DCFA5D
:103580002BE0AA48B0F9CE0A1E280BDBA748B0F9F9
:10359000CE0A2D2806DAFDF7E7FF45F2A160EAF72B
:1035A000EDFA1AE0A148B0F9CE0A2D280BDB9F48AE
:1035B000B0F9CE0A3C2806DAFDF7C4FF45F2A16057
:1035C000EAF7BAFA09E09948B0F9CE0AC82804DB4C
:1035D0004FF0FF309549A1F8CE0A6CE19348B0F95D
:1035E000CE0A00280BDB9148B0F9CE0A322806DA61
:1035F000FDF7BAFF45F2A160EAF7C0FA4AE08B484E
:10360000B0F9CE0A32280BDB8848B0F9CE0A64281C
:1036100006DAFDF797FF45F2A160EAF78DFA39E087
:103620008248B0F9CE0A642834DB8048D0F85005CF
:103630001930322190FBF1F47C48B0F91C0594FB61
:10364000F0F100FB114090B97849B1F844101E31F7
:1036500008B2FDF7E9FF4FF4AF607449A1F8CA0A58
:1036600000E018E0B1F9CA0AFDF790FF0DE06F49DC
:10367000B1F94400FDF7D8FF40F24C406B49A1F886
:10368000CA0AB1F9CA0AFDF781FF4FF0FF30674956
:10369000A1F8CE0A0FE16548B0F94C0540F6C41117
:1036A00088422CDA6148B0F9CE0A00280BDB5F486B
:1036B000B0F9CE0A322806DAFDF756FF45F2A160CE
:1036C000EAF75CFAF5E05948B0F9CE0A32280BDB8C
:1036D0005648B0F9CE0A642806DAFDF733FF45F202
:1036E000A160EAF729FAE4E05048B0F9CE0A64286C
:1036F000E8DB4FF0FF304D49A1F8CE0AD9E04B4846
:10370000B0F94C0540F6C411884254DB4748B0F983
:103710004C05490088424EDA4448B0F9CE0A0028E8
:103720000BDB4248B0F9CE0A0F2806DAFDF71CFF82
:1037300045F2A160EAF722FABBE03C48B0F9CE0AB4
:103740000F280BDB3948B0F9CE0A192806DAFDF745
:10375000F9FE45F2A160EAF7EFF9AAE03348B0F9C3
:10376000CE0A19280BDB3148B0F9CE0A322806DA26
:10377000FDF7FAFE45F2A160EAF700FA99E02B485E
:10378000B0F9CE0A32280BDB2848B0F9CE0A6428FB
:1037900006DAFDF7D7FE45F2A160EAF7CDF988E039
:1037A0002248B0F9CE0A642804DB4FF0FF301F49ED
:1037B000A1F8CE0A7DE01D48B0F94C0541F28831F0
:1037C000884276DD1948B0F9CE0A00280BDB17488D
:1037D000B0F9CE0A0E2806DAFDF7C6FE45F2A16062
:1037E000EAF7CCF965E01148B0F9CE0A0E280BDBF8
:1037F0000E48B0F9CE0A1A2806DAFDF7A3FE45F204
:10380000A160EAF799F954E00848B0F9CE0A1A28FD
:1038100012DB0648B0F9CE0A28280DDAFDF7A4FE1F
:1038200045F2A160EAF7AAF943E00000E4FF0020B6
:1038300000080240001002402548B0F9CE0A2828AE
:103840000BDB2348B0F9CE0A342806DAFDF77AFEFE
:1038500045F2A160EAF770F92BE01D48B0F9CE0AF5
:1038600034280BDB1A48B0F9CE0A422806DAFDF7F5
:103870007BFE45F2A160EAF781F91AE01448B0F93D
:10388000CE0A42280BDB1248B0F9CE0AA02806DA8D
:10389000FDF758FE45F2A160EAF74EF909E00C4841
:1038A000B0F9CE0AA02804DB4FF0FF300849A1F898
:1038B000CE0A00E000BF09E0FDF744FE45F2A1603A
:1038C000EAF73AF900200249A1F8CE0A70BD0000DB
:1038D000E4FF002070B506460C461546A9B204F177
:1038E0001A0000F043F83078032804D1290C04F1C1
:1038F000140000F03BF870BD00F8011B090A00F845
:10390000011B090A00F8011B090A00F8011B704796
:1039100030B500F8012B110A41EA03621B0A00F8D6
:10392000012B110A41EA03621B0A00F8012B110A5C
:1039300041EA03621B0A00F8012B110A41EA036203
:103940001B0A00F8012B110A41EA03621B0A00F866
:10395000012B110A41EA03621B0A00F8012B110A2C
:1039600041EA03621B0A00F8012B30BD00F8011B7D
:10397000091200F8011B704710B50446E2B263213A
:103980000720EAF7FEF9E2B263210820EAF7F9F925
:1039900010BD000010B50446064890F900008442AE
:1039A00006D0E2B20B210720EAF7C2F90148047001
:1039B00010BD0000FC01002010B5044622460B217A
:1039C0000720EAF78CF910BD2DE9F0410446206884
:1039D0000569284606F0F4FC80464146A81CFFF71E
:1039E000C5FF6878471C2046E16CF7F77EFA06466B
:1039F00018E0A16B2068FAF790FF064606B113E0C5
:103A000020222946E06BFAF772FF01202168C87076
:103A1000781E071E00D107E0203500212046F7F769
:103A200045F80646002EE4D000BF0EB1012E02D1AB
:103A30003046BDE8F0810220FBE730B501460020AA
:103A40000B2200BF431003EBC01411F8015B631994
:103A5000D8B2531E1A1EF5D130BD000070B5044611
:103A6000204600F043F80546002D38D12078032881
:103A70002ED1207901282BD14202002104F13C00F3
:103A8000FAF742FF4AF6552104F23A20FFF76EFF9B
:103A9000144904F13C00FFF72FFF134904F50870A7
:103AA000FFF72AFF04F50970E169FFF725FF04F528
:103AB0000A70A169FFF720FFA06A401CA06360782C
:103AC000012304F13C01A26BF7F7B6FA0020207144
:103AD000607800221146F7F775FA00B101252846F3
:103AE00070BD000052526141727241612DE9F04196
:103AF00004460027E078F8B1A56B607801232A46D8
:103B000004F13C01F7F798FA08B1012714E000200E
:103B1000E070E06A281A616A88420DD2A67809E04E
:103B2000606A0544607801232A4604F13C01F7F7F6
:103B300083FA761E022EF3D23846BDE8F0810000EB
:103B400010B540F23E5140F28720EAF7CFFE40F236
:103B50003F514FF42270EAF7C9FE40F23B5140F268
:103B60008A20EAF7C3FE4FF4A86140F28920EAF701
:103B7000E1FBFB48B0F90E05B0F5E17F03DB42F253
:103B80000420E9F7FBFFF648B0F90E05B0F5C87F51
:103B900003DC42F20420E9F7CFFFF148B0F90E054B
:103BA00010F1FA0F03DC42F20520E9F7E7FFEC48D9
:103BB000B0F90E0510F1C80F03DB42F20520E9F75A
:103BC000BBFFE748B0F9120540F2EE21884203DB63
:103BD00042F20620E9F7D2FFE148B0F91205B0F54C
:103BE0002F7F03DB42F20620E9F7A6FFDC48B0F99D
:103BF000120510F1C80F03DC42F20720E9F7BEFFFF
:103C0000D748B0F9120510F1960F03DB42F20720F6
:103C1000E9F792FF45F28460E5F7D0FCF0B3D048B5
:103C2000B0F90E15CF48E9F7C1FB00B2CE490880C4
:103C30000846B0F9000040F2FF31884202DB084636
:103C4000C9490880C848B0F90000002802DA0020FD
:103C5000C5490880C448B0F90000C149A1F89A0AD2
:103C6000C148B0F90000002805DC00220121BF484E
:103C7000E0F7A8FF04E001221146BC48E0F7A2FFEC
:103C8000EBF7D4F9B848B0F90000142190FBF1F03B
:103C900000B2B54908800020B54900E000E0088086
:103CA000B348008818B945F20620E9F767FF45F2E6
:103CB0008260E5F783FC88B1AD48B0F90000AA49FD
:103CC000B1F90010884203DB45F20620E9F734FF22
:103CD000A7480088401C00B2A549088045F28760CB
:103CE000E5F76CFC00287AD042F20420E5F7F2FBFD
:103CF00070B942F20520E5F7EDFB48B942F2062023
:103D0000E5F7E8FB20B942F20720E5F7E3FB20B135
:103D100064209349A1F8160549E19148B0F91005CE
:103D200010F1640F7ADA8E48B0F92C05B0F5CA7F2D
:103D300075D18B48B0F8EE0401283BD18848B0F922
:103D40000E05B0F5AF7F31DC8548B0F9F2043228BA
:103D500004DC2D208249A1F816052BE08048B0F93B
:103D6000F204322809DD7E48B0F9F204642804DA4E
:103D700041207B49A1F816051CE07948B0F9F2040E
:103D8000642809DB7648B0F9F204822804DA4B2073
:103D90007349A1F816050DE07148B0F9F2048228C4
:103DA00008DB64206E49A1F8160503E064206C4925
:103DB000A1F816056A48B0F8EE0402283ED168481A
:103DC000B0F90E05B0F5AF7F34DC6548B0F9F40406
:103DD000322805DC23206249A1F816052EE0EBE02D
:103DE0005F48B0F9F404322809DD5D48B0F9F40405
:103DF000642804DA37205A49A1F816051EE058480D
:103E0000B0F9F40464280BDB5548B0F9F4048228B7
:103E100006DA41205249A1F816050FE01DE017E02F
:103E20004F48B0F9F404822808DB64204C49A1F81B
:103E3000160503E064204A49A1F816054848B0F881
:103E4000EE04052803D11E204549A1F81605AEE071
:103E500014204349A1F81605A9E04148B0F910051E
:103E600010F1640F09DB3E48B0F91005962804DA1A
:103E700023203B49A1F8160599E03948B0F910050F
:103E8000962809DB3648B0F91005C82804DA28203E
:103E90003349A1F816058AE03148B0F91005C82861
:103EA00009DB2F48B0F91005FA2804DA2D202C4937
:103EB000A1F816057BE02A48B0F91005FA280ADBBC
:103EC0002748B0F91005B0F5967F04DA322024496E
:103ED000A1F816056BE02248B0F91005B0F5967F01
:103EE0000ADB1F48B0F91005B0F5AF7F04DA3720C0
:103EF0001B49A1F816055AE01948B0F91005B0F5AC
:103F0000AF7F0ADB1648B0F91005B0F5C87F04DAB8
:103F10003C201349A1F8160549E01148B0F91005F5
:103F2000B0F5C87F0ADB0E48B0F91005B0F5E17FA7
:103F300004DA41200A49A1F8160538E00848B0F92A
:103F40001005B0F5E17F15DB0548B0F91005B0F5B7
:103F5000FA7F0FDA46200249A1F8160527E0000093
:103F6000E4FF0020A84A01200A02002000140240B9
:103F7000080200201148B0F91005B0F5FA7F0BDBFC
:103F80000E48B0F9100540F22621884204DA50208C
:103F90000A49A1F816050AE00848B0F9100540F2F0
:103FA0002621884203DB64200449A1F81605034951
:103FB000B1F91605FFF73EF910BD0000E4FF00203F
:103FC00070B505460C4645B10C2C06D00B2C04D020
:103FD0000F2C02D06869F8F72DFA70BD10B50C20CF
:103FE000DEF775FF00210420DEF791FF0021052098
:103FF000DEF78DFF00210620DEF789FF0021072074
:10400000DEF785FF00210820DEF781FF002109206F
:10401000DEF77DFF00210A20DEF779FF00210B206B
:10402000DEF775FF00210C20DEF771FF00210D2067
:10403000DEF76DFF00210E20DEF769FF00210F2063
:10404000DEF765FF00211020DEF761FF002111205F
:10405000DEF75DFF00211220DEF759FF002113205B
:10406000DEF755FFDEF745FF10BD10B50446102CF6
:1040700002DBA4F1100004B2201D81B200220C204A
:10408000E9F72DFE10BD000010B52DED048BC2B078
:1040900000245D48B0F8F00401281DD1010202A8F7
:1040A000DCF79AFD59A102A8DCF75EFA02AA0B21FF
:1040B0000820E9F739FF4FF4807102A8DCF78CFD86
:1040C0005148B0F91C2552A102A8DCF74DFA02AA0A
:1040D0000A210820E9F728FF42F21720E5F7FAF94C
:1040E00048B34948B0F91C054749B1F9201590FB80
:1040F000F1F004B24FF4807102A8DCF76DFD2246A6
:1041000045A102A8DCF730FA02AA0B210820E9F742
:104110000BFF4FF4807102A8DCF75EFD3A48B0F95E
:104120001C253BA102A8DCF71FFA02AA0A210820DD
:10413000E9F7FAFE1BE04FF4807102A8DCF74CFDB2
:1041400032A102A8DCF710FA02AA0B210820E9F735
:10415000EBFE4FF4807102A8DCF73EFD31A102A80E
:10416000DCF702FA02AA0A210820E9F7DDFE4FF483
:10417000807102A8DCF730FD2348B0F91A0500EE83
:10418000100AB8EEC00AF2EE040A80EE208A42F26B
:104190001720E5F79FF960B118EE100A06F0CCFE83
:1041A00041EC190B53EC192B1FA102A8DCF7DCF929
:1041B00003E01CA102A8DCF7D7F902AA0921082014
:1041C000E9F7B2FE1048B0F91C05194B40F64B1246
:1041D00018A100901EA0DCF7BBF90B48B0F91A0536
:1041E000134B40F64C1213A1009021A0DCF7B0F95C
:1041F0000F4B40F64D120FA125A00094DCF7A8F953
:1042000042B0BDEC048B10BDE4FF002000000000B4
:1042100025642053000000002564204379636C6509
:10422000000000004E2F410025342E31664A000068
:1042300075C003082E2E5C2E2E5C4D61696E417098
:10424000705C6463486D694170702E63000000000B
:1042500025732C25642C25733A61636F757374691B
:10426000632074696D65203D2025640A000000000C
:1042700025732C25642C25733A61636F75737469FB
:104280006320656E65726779203D2025640A000011
:1042900025732C25642C25733A61636F75737469DB
:1042A00063206379636C65203D2025640A0000006B
:1042B000F8B50026012779A293210E20E9F734FEF4
:1042C0000022F9037E48E0F77DFC0122D1037D48FE
:1042D000E0F778FC7CA0DCF73BF90022B9037948D1
:1042E000E0F770FC7FA0DCF733F94FF4FA6004F0DC
:1042F00055FB012284A18548F7F7DAFA8449087052
:104300000846007858B10846017882A0DCF720F909
:1043100089A293210E20E9F707FE0020F8BD41F2A3
:10432000707004F03BFB01228CA19048F7F702FB70
:104330007749087008460078002811D0012272A140
:104340000020F7F7B5FA7248027884A188A0DCF75C
:10435000FFF895A293210E20E9F7E6FD0020DDE7A6
:10436000002213468148F7F727F880484FF480323F
:10437000D0E904310020D21A884112D27B48F7F7E5
:1043800001F8012260A10020F7F792FA73A18E488C
:10439000DCF7DEF88DA293210E20E9F7C5FD0020A1
:1043A000BCE74FF4487004F0F9FA00209049086027
:1043B000F3F7F6FC4FF00064FF224FF6FF718D48D3
:1043C000DCF7E0FB12E06B464FF6FF728949674865
:1043D000F7F79CFC87480099F3F7AEFC8449086026
:1043E000009EB6F5804F00D200273444002FEAD15A
:1043F0005E48F6F7C7FF012243A10020F7F758FAFD
:10440000254605E0FF20F3F7B5FC794908606D1CEF
:1044100079488542F6D37948006875490968884229
:1044200011D1734802687548016875A0DCF790F8EF
:1044300083A293210E20E9F777FD4FF4487004F032
:10444000ADFA00206AE76A4802686C480168834850
:10445000DCF77EF882A293210E20E9F765FD0122A8
:104460004FF49C710E20E9F78CFC012240F23911C7
:104470000E20E9F786FC01224FF49C710E20E9F72B
:1044800057FC012240F239110E20E9F751FC4FF49C
:10449000487004F083FA012040E70000506C656129
:1044A0007365205374616E6462792C446F204E6F83
:1044B0007420506F776572204F66662121000000DE
:1044C000000C024000040240426F6F746C6F616424
:1044D00065723A73776974636820657874207573C0
:1044E000620A0000426F6F746C6F616465723A70AB
:1044F0006F776572206F666620696E7420757362CF
:1045000020706F7765720A00303A0000C84A0120B7
:104510000C020020426F6F746C6F616465723A4DDB
:104520006F756E7420466174667320657272726F67
:10453000723A2564210A00004D6F756E7420757300
:1045400062206469736B20657272726F722C657879
:104550006974207570646174652100002F626F6F4B
:10456000746C6F61642E62696E000000084D01205A
:10457000426F6F744C6F616465723A4F70656E2064
:104580002573206661696C2C756E6D6F756E742075
:10459000757362206469736B2C45434F44453D300D
:1045A0007825303258480A004F70656E2066696C75
:1045B0006520657272726F722C65786974207570EF
:1045C0006461746521000000F8C6030846696C65E3
:1045D000206973206F766572206C656E6774682C35
:1045E000657869742075706461746521000000004D
:1045F0000402002000000010FFFF0008B8010020A6
:10460000426F6F744C6F616465723A6F6C642063C3
:104610007263253038583A20616E64206E657720C9
:104620006372633A253038582069732073616D6571
:104630002C736B697020757064617465210A0000C9
:1046400046696C652069732073616D652C736B69B5
:1046500070207570646174652E2E2E00ACC6030840
:10466000436F6E6669726D207570646174652E2E7D
:104670002E594553204F52204E4F2121210000003A
:1046800070B50446044901EBC416044D8022294646
:104690003046DCF700FA70BDC41601206404012026
:1046A00000B5C5B04FF4807105A8DCF795FA18483D
:1046B000B0F97A0A1649B1F9781A154AB2F91425EF
:1046C000134BB3F91235CDE90032CDE90210104891
:1046D000B0F91035B0F90E250EA105A8DBF744FF9F
:1046E0000B48B0F93405072802D008280CD105E0A2
:1046F00005AA63210720E9F717FC06E005AA632154
:104700000820E9F711FC00E000BF00BF45B000BD84
:10471000E4FF00204C543A253035642C48543A25A7
:104720003035642C4D543A253035642C42543A25AA
:104730003035642C4650443A253035642C4C504476
:104740003A253035640000002DE9F041CAB04FF43D
:1047500080710AA8DCF740FA7848B0F9741AB0F909
:10476000720A764AB2F9702A744BB3F96E3ACDE9FF
:104770000232CDE904017148B0F96C0A6F49B1F910
:104780006A1ACDE900106D48B0F9683AB0F9662AA6
:104790006BA10AA8DBF7E8FE0AAA01210E20E9F7BF
:1047A000C3FB4FF480710AA8DCF716FA6348B0F92E
:1047B000840A6249B1F9821A604AB2F9802A5F4BD1
:1047C000B3F97E3ACDE90232CDE904105B48B0F985
:1047D0007C0A5A49B1F97A1ACDE900105748B0F964
:1047E000783AB0F9762A66490AA8DBF7BDFE0AAA2C
:1047F00002210E20E9F798FB4FF480710AA8DCF73C
:10480000EBF94E48B0F99A1AB0F9980A4B4AB2F946
:10481000962A4A4BB3F9943ACDE90232CDE9040124
:104820004648B0F9920A4549B1F9901ACDE900100D
:104830004248B0F98E3AB0F98C2A52A10AA8DBF7A7
:1048400093FE0AAA03210E20E9F76EFB4FF4807154
:104850000AA8DCF7C1F945F28410E4F73BFE0446F0
:1048600045F28110E4F736FE05464FF4A340E4F725
:1048700031FE064645F28210E4F72CFE074645F26B
:104880008310E4F727FE80462C48B0F97A0A2B49BA
:10489000B1F9781A294AB2F91425284BB3F912351F
:1048A000CDE90532CDE907102448B0F910052349B8
:1048B000B1F90E153B464246CDE90065CDE902410E
:1048C000049040490AA8DBF74FFE0AAA04210E20F3
:1048D000E9F72AFB4FF480710AA8DCF77DF9174845
:1048E000B0F9180500901548B0F91635B0F99A2AB4
:1048F00035A10AA8DBF738FE0AAA11210E20E9F734
:1049000013FB4FF480710AA8DCF766F945F2A96041
:10491000E4F7E0FD044645F2A860E4F7DBFD054658
:1049200023462A462FA10AA8DBF71EFE0AAA162153
:104930000E20E9F7F9FA4AB0BDE8F081E4FF002063
:1049400041303A253035642C41313A253035642CDC
:1049500041323A253035642C41333A253035642CC8
:1049600041343A253035642C41353A253035642CB4
:1049700041363A253035642C41373A2530356400CC
:10498000DCC7030844303A253035642C44313A25DD
:104990003035642C44323A253035642C44333A2582
:1049A0003035642C44343A253035642C44353A256E
:1049B0003035642C44363A253035642C44373A255A
:1049C0003035640080C703085049443A25303564C7
:1049D0002C4650574D3A253035642C4646473A25EB
:1049E0003035640057465357204E433A2531642CE6
:1049F00057465357204E4F3A2531640030B52DEDC0
:104A0000028BC1B0002424E04FF4807101A8DCF7D0
:104A1000E3F8724830F8140000EE100AB8EE400ACD
:104A2000F2EE040A80EE201A11EE105A284606F023
:104A300083FA41EC180B53EC182B69A101A8DBF7A2
:104A400093FD04F1640101AA0E20E9F76DFA601CE0
:104A5000C4B20A2CD8DB002425E04FF4807101A8F1
:104A6000DCF7BAF85D48143030F8140000EE100A94
:104A7000B8EE400AF2EE040A80EE201A11EE105A47
:104A8000284606F059FA41EC180B53EC182B54A1A8
:104A900001A8DBF769FD04F16E0101AA0E20E9F718
:104AA00043FA601CC4B20A2CD7DB002000904B48AC
:104AB000B0F9382001238C210E20E9F7EFF900200E
:104AC00000904648B0F93A2001238D210E20E9F7E5
:104AD000E5F9002000904148B0F93C2001238E21E7
:104AE0000E20E9F7DBF93D4A28328F210E20E9F745
:104AF0001BFA00200090394890F93E2001239021B4
:104B00000E20E9F7CBF900200090344890F93F20BF
:104B1000012391210E20E9F7C1F9002000902F48D0
:104B200090F94020012392210E20E9F7B7F90020E7
:104B300000902A4890F94120012394210E20E9F7A2
:104B4000ADF9002000902548B0F9422001239521BD
:104B50000E20E9F7A3F9012240F237110E20E9F700
:104B6000E7F8002240F237110E20E9F7B8F80022EA
:104B70004FF49C710E20E9F7DBF8002240F2391166
:104B80000E20E9F7D5F800224FF49C710E20E9F7CA
:104B9000F8F8002240F239110E20E9F7F2F800226D
:104BA00093210E20E9F7EDF80FA293210E20E9F7EB
:104BB000BBF90A4890F8440030B901224FF49D71C6
:104BC0000E20E9F78CF805E000224FF49D710E20CD
:104BD000E9F785F841B0BDEC028B30BDC436012049
:104BE00025342E31660000000000000000B52DEDD8
:104BF000068BC1B0A948B0F8F00401281ED1B7EE69
:104C0000008A010201A8DBF7E7FFA5A101A8DBF7F5
:104C1000ABFC01AA22210720E9F786F901AA23218A
:104C20000720E9F781F99D48B0F92A0500EE100A3E
:104C3000B8EEC00AF2EE040A80EE209A9748B0F867
:104C4000F00402285ED1C10101A8DBF7C5FF93483B
:104C5000B0F9FC049149B1F9FE14084400EE100AC1
:104C6000B8EEC00ADFED8F0AC0EE808A18EE900A17
:104C700006F062F941EC1A0B53EC1A2B8AA101A839
:104C8000DBF772FC01AA22210720E9F74DF98348DE
:104C9000B0F9FC048149B1F9FE14084400EE100A91
:104CA000F8EEC00A7D48B0F9FC0400EE100AB8EE38
:104CB000C00A80EE201AB0EE418A9FED7E0A28EEEF
:104CC000000A10EE101A084606F036F941EC1A0BED
:104CD00053EC1A2B78A101A8DBF746FC01AA23218B
:104CE0000720E9F721F96D48B0F92A0500EE100A0E
:104CF000B8EEC00A20EE080AF2EE040A80EE201A8E
:104D0000B0EE419A4FF4807101A8DBF765FF63486C
:104D1000B0F9EE04082867D2DFE800F066041466F4
:104D20006624344D5D48B0F9F20400EE100AB8EE86
:104D3000C00A20EE080AF2EE040A80EE201AB0EE55
:104D4000419A73E05548B0F9F40400EE100AB8EE49
:104D5000C00A20EE080AF2EE040A80EE201AB0EE35
:104D6000419A63E04D48B0F9FA0400EE100AB8EE3B
:104D7000C00A20EE080AF2EE040A80EE201AB0EE15
:104D8000419A53E04548B0F9F20400EE100AF8EEFB
:104D9000C00A4248B0F9FA0400EE100AB8EEC00AA0
:104DA00030EE800A20EE080AF2EE040A80EE201AA5
:104DB000B0EE419A3AE03948B0F9F40400EE100A36
:104DC000F8EEC00A3548B0F9FA0400EE100AB8EE61
:104DD000C00A30EE800A20EE080AF2EE040A80EEE5
:104DE000201AB0EE419A21E02C48B0F9F20400EE0E
:104DF000100AF8EEC00A2948B0F9F40400EE100ACF
:104E0000B8EEC00A70EE800A2448B0F9FA0400EE49
:104E1000100AB8EEC00A30EE800A20EE080AF2EE60
:104E2000040A80EE201AB0EE419A00BF00BF19EECE
:104E3000100A06F081F841EC1A0B53EC1A2B21A151
:104E400001A8DBF791FB01AA21210720E9F76CF803
:104E50004FF4807101A8DBF7BFFE1048B0F92A05B6
:104E600000EE100AB8EEC00AF2EE040AC0EE209A74
:104E700019EE900A06F060F841EC1A0B53EC1A2B6D
:104E800010A101A8DBF770FB01AA26210720E9F792
:104E90004BF841B0BDEC068B00BD0000E4FF0020E4
:104EA0004E2F410000007A4425352E326620487A84
:104EB000000000000000C84225342E316620252560
:104EC0000000000025332E316620570030B5C1B0F8
:104ED000454A02210D20E9F727F8434A02210D2017
:104EE000E9F722F84FF4807101A8DBF775FE3F4A1D
:104EF0003FA101A8DBF738FB01AA03210D20E9F748
:104F000013F83D4A04210D20E9F70EF83B4A05212C
:104F10000D20E9F709F84FF4807101A8DBF75CFE7A
:104F2000374A34A101A8DBF71FFB01AA06210D2097
:104F3000E8F7FAFF4FF4807101A8DBF74DFE314C22
:104F4000651C2078302816DB2078392813DC287877
:104F5000302810DB287839280DDC28780090237859
:104F6000294A2AA101A8DBF7FFFA01AA07210D208F
:104F7000E8F7DAFF09E0244A2AA101A8DBF7F4FAEE
:104F800001AA07210D20E8F7CFFF4FF4807101A897
:104F9000DBF722FE15482838B0F93C000090134892
:104FA0002838B0F93A30B0F9382024A101A8DBF74D
:104FB000DBFA01AA08210D20E8F7B6FF4FF4807153
:104FC00001A8DBF709FE2548806800902348436864
:104FD00023A1026801A8DBF7C7FA01AA09210D2065
:104FE000E8F7A2FF41B030BD5DC20308EC360120F6
:104FF000534E3A202573000089C203086FC203088C
:105000001FC2030800FE00083DC2030825733B20B1
:10501000426F6F746C6F6164205665723A2025632D
:105020002E25630025733B20426F6F746C6F6164A3
:10503000205665723A20312E300000004D414E5509
:105040004641435455524520444154453A20253465
:10505000642D2532642D253264000000D8FF002025
:10506000555549443A202530385825303858253090
:105070003858000010B5C0B01048B0F9FE04B0F5C3
:105080007A7F07DA0D48B0F9FE240DA16846DBF7F8
:105090006BFA0BE00948B0F9FE044FF47A7190FB0B
:1050A000F1F4224608A16846DBF75EFA6A4625213C
:1050B0000720E8F739FF40B010BD0000E4FF0020F2
:1050C0002564206D7300000025642053000000005B
:1050D00008B50A20E4F7FEF928B1012208210920C9
:1050E000E8F7FDFD04E0002208210920E8F7F7FDBC
:1050F0000B20E4F7EFF928B1012211460920E8F767
:10510000EEFD04E0002201210920E8F7E8FD092076
:10511000DDF7DDFE1148B0F944100C20DDF71AFF71
:105120000E48B0F948100D20DDF714FFDDF7E1FE61
:10513000002000900948B0F9442001230A210920E9
:10514000E8F7ACFE002000900448B0F948200123A5
:105150000B210920E8F7A2FE08BD0000E4FF0020B3
:1051600010B5C0B01048B0F9FC04B0F57A7F07DA8A
:105170000D48B0F9FC240DA16846DBF7F5F90BE00A
:105180000948B0F9FC044FF47A7190FBF1F422461F
:1051900008A16846DBF7E8F96A4624210720E8F70A
:1051A000C3FE40B010BD0000E4FF00202564206D68
:1051B00073000000256420530000000000B52DEDB1
:1051C000048BC1B04FF4807101A8DBF705FD6A487C
:1051D000B0F9EE0408287CD2DFE800F081041981E0
:1051E000812E43616448B0F9F20400EE100AB8EE73
:1051F000C00AF2EE040A80EE208A60A101A8DBF763
:10520000B3F901AA0C210820E8F78EFE8EE05A4877
:10521000B0F9F40400EE100AB8EEC00AF2EE040A87
:1052200080EE208A57A101A8DBF79EF901AA0C2184
:105230000820E8F779FE79E04F48B0F9FA0400EE6B
:10524000100AB8EEC00AF2EE040A80EE208A4FA1DE
:1052500001A8DBF789F901AA0C210820E8F764FE10
:1052600064E04548B0F9F20400EE100AF8EEC00A16
:105270004148B0F9FA0400EE100AB8EEC00A30EE68
:10528000800AF2EE040A80EE208A42A101A8DBF730
:105290006BF901AA0C210820E8F746FE46E040A180
:1052A00001A8DBF761F901AA0C210820E8F73CFE10
:1052B0003148B0F9F40400EE100AF8EEC00A2E48A6
:1052C000B0F9FA0400EE100AB8EEC00A30EE800A17
:1052D00000E004E0F2EE040A80EE208A26E033A12A
:1052E00001A8DBF741F901AA0C210820E8F71CFE10
:1052F0002148B0F9F20400EE100AF8EEC00A1E4888
:10530000B0F9F40400EE100AB8EEC00A70EE800A9C
:105310001948B0F9FA0400EE100AB8EEC00A30EEEF
:10532000800AF2EE040A80EE208A00BF00BF4FF42C
:10533000807101A8DBF750FC18EE100A05F0FCFDA7
:1053400041EC190B53EC192B1BA101A8DBF70CF94D
:1053500001AA06210820E8F7E7FD1A4A01210820E2
:10536000E8F7E2FDF2F796FA00F02EF8FEF78CFE71
:1053700041B0BDEC048B00BDE4FF00203134373078
:105380006E6D00003938306E6D0000003633356EBA
:105390006D000000313437302B3633356E6D000030
:1053A0003938302B3633356E6D00000031343730EC
:1053B0002B3938306E6D000025332E316620570AA8
:1053C00000000000640401202DE9F04F2DED028B58
:1053D000C3B04FF4807101A8DBF7FEFB4C48D0F856
:1053E0005065322096FBF0F63C2096FBF0F0C0B200
:1053F00042903C2096FBF0F100FB1160C0B241905E
:1054000044A101A8419B429ADBF7AEF801AA08210A
:105410000846E8F789FD3E48B0F8F004012804D1B9
:105420003B48B0F92A0500FB06F53948B0F8F0040E
:10543000022842D13648B0F9FC04B0F57A7F05DB8A
:105440003348B0F9FE04B0F57A7F0CDA3048B0F991
:10545000FC44B0F9FE74B0F92A0570436043E119C9
:1054600090FBF1F529E02A48B0F9FC444FF47A703A
:1054700094FBF0F42648B0F9FE744FF47A7097FB71
:10548000F0F7E01996FBF0F9E01996FBF0F100FB5C
:1054900011681F48B0F92A0500FB09F000FB04F56C
:1054A000A04505DC1A48B0F92A0508FB005504E0C0
:1054B0001748B0F92A0504FB0055002D00DA002535
:1054C0006FF00040854200D100BFDFF854A0CAF859
:1054D000005000EE105AB8EEC00AF2EE040A80EE58
:1054E000201A11EE10BA584605F026FD41EC180BB3
:1054F00053EC182B0BA101A8DBF736F801AA072102
:105500000820E8F711FD43B0BDEC028BBDE8F08F39
:10551000E4FF00202533643A2530326400000000A7
:10552000300501202531312E3166204A000000006F
:1055300003B5C1B04FF4807101A8DBF74DFB419872
:105540000A2882F02C82DFE810F0420F0A00ED00FA
:105550001D02350529073E088109C40AF40DFDA284
:1055600026210C20E8F7E0FCFE4800680090DBF7FD
:1055700073FA6C280BD8FB4800680146009001A81C
:10558000DBF746FA01AA14210C20E8F7CDFCF54818
:1055900040690090DBF760FA6C280BD8F14840694D
:1055A0000146009001A8DBF733FA01AA15210C206F
:1055B000E8F7BAFCEB48806A0090DBF74DFA6C28FC
:1055C0000BD8E848806A0146009001A8DBF720FA72
:1055D00001AA16210C20E8F7A7FC0C20DDF777FCC8
:1055E00001210420DDF7A6FC01210520DDF7A2FC46
:1055F00001210620DDF79EFC00210720DDF79AFC43
:1056000000210820DDF796FC00210920DDF792FC3F
:1056100000210A20DDF78EFC00210B20DDF78AFC3B
:1056200000210C20DDF786FC00210D20DDF782FC37
:1056300000210E20DDF77EFC00210F20DDF77AFC33
:1056400000211020DDF776FC00211120DDF772FC2F
:1056500000211220DDF76EFC00211320DDF76AFC2B
:10566000DDF747FC0C20DDF732FC01211420DDF7CB
:105670008FFC01211520DDF78BFC01211620DDF7C1
:1056800087FC00211720DDF783FC00211820DDF7BF
:105690007FFC00211920DDF77BFC00211A20DDF7BB
:1056A00077FC00211B20DDF773FC00211C20DDF7B7
:1056B0006FFC00211D20DDF76BFC00211E20DDF7B3
:1056C00067FC00211F20DDF763FC00212020DDF7AF
:1056D0005FFC00212120DDF75BFC00212220DDF7AB
:1056E00057FC00212320DDF753FCDDF702FC0022EC
:1056F00027210C20E8F71CFB002227210C20E8F7CB
:1057000040FB002228210C20E8F712FB0022282170
:105710000C20E8F736FB002201210C20E8F708FBFB
:1057200002F03EB990A226210C20E8F7FDFB92483A
:1057300000680090DBF790F96C280BD88E48006861
:105740000146009001A8DBF763F901AA14210C209F
:10575000E8F7EAFB884840690090DBF77DF96C28A0
:105760000BD8854840690146009001A8DBF750F945
:1057700001AA15210C20E8F7D7FB7F48806A00902A
:10578000DBF76AF96C280BD87B48806A01460090E9
:1057900001A8DBF73DF901AA16210C20E8F7C4FBAC
:1057A0007548C06B0090DBF757F96C280BD872482E
:1057B000C06B0146009001A8DBF72AF901AA172166
:1057C0000C20E8F7B1FB6C48006D0090DBF744F962
:1057D0006C280BD86848006D0146009001A8DBF7E3
:1057E00017F901AA18210C20E8F79EFB6248406EC9
:1057F0000090DBF731F96C280BD85F48406E01460A
:10580000009001A8DBF704F901AA19210C20E8F7A0
:105810008BFB0C20DDF75BFB01210420DDF78AFB0D
:1058200001210520DDF786FB01210620DDF782FB43
:1058300001210720DDF77EFB01210820DDF77AFB3F
:1058400001210920DDF776FB00210A20DDF772FB3C
:1058500000210B20DDF76EFB00210C20DDF76AFB39
:1058600000210D20DDF766FB00210E20DDF762FB35
:1058700000210F20DDF75EFB00211020DDF75AFB31
:1058800000211120DDF756FB00211220DDF752FB2D
:1058900000211320DDF74EFBDDF72BFB0C20DDF79D
:1058A00016FB01211420DDF773FB01211520DDF724
:1058B0006FFB01211620DDF76BFB01211720DDF7BF
:1058C00067FB01211820DDF763FB01211920DDF7BB
:1058D0005FFB00211A20DDF75BFB00211B20DDF7B9
:1058E00057FB00211C20DDF753FB00211D20DDF7B5
:1058F0004FFB00211E20DDF74BFB00211F20DDF7B1
:1059000047FB00212020DDF743FB00212120DDF7AC
:105910003FFB00212220DDF73BFB00212320DDF7A8
:1059200037FBDDF7E6FA002227210C20E8F700FA22
:10593000002227210C20E8F724FA002228210C203D
:10594000E8F7F6F9002228210C20E8F71AFA0022DD
:10595000012113E02D2050686C65626F6C6F6779D0
:1059600000000000604F01202D2050726F63746FA3
:105970006C6F677900000000E05101200C20E8F70F
:10598000D7F9CDE6FEA226210C20E8F7CDFA429801
:1059900010287DDAFE4800680090DBF75DF86C287F
:1059A0000BD8FB4800680146009001A8DBF730F8EF
:1059B00001AA14210C20E8F7B7FAF54840690090D5
:1059C000DBF74AF86C280BD8F14840690146009093
:1059D00001A8DBF71DF801AA15210C20E8F7A4FAAD
:1059E000EB48806A0090DBF737F86C280BD8E84862
:1059F000806A0146009001A8DBF70AF801AA162187
:105A00000C20E8F791FAE248C06B0090DBF724F82D
:105A10006C280BD8DE48C06B0146009001A8DAF76D
:105A2000F7FF01AA17210C20E8F77EFAD848006D8D
:105A30000090DBF711F86C280BD8D548006D0146B3
:105A4000009001A8DAF7E4FF01AA18210C20E8F77A
:105A50006BFACF48406E0090DAF7FEFF6C280BD847
:105A6000CB48406E0146009001A8DAF7D1FF01AAA9
:105A700019210C20E8F758FAC548806F0090DAF732
:105A8000EBFF6C280DD8C248806F0146009000E003
:105A900063E101A8DAF7BCFF01AA1A210C20E8F79C
:105AA00043FABB48D0F88C000090DAF7D5FF6C2899
:105AB0000CD8B748D0F88C000146009001A8DAF75E
:105AC000A7FF01AA1B210C20E8F72EFAB048D0F856
:105AD000A0000090DAF7C0FF6C280CD8AC48D0F8D2
:105AE000A0000146009001A8DAF792FF01AA1C214C
:105AF0000C20E8F719FAA648D0F8B4000090DAF7BD
:105B0000ABFF6C280CD8A248D0F8B4000146009036
:105B100001A8DAF77DFF01AA1D210C20E8F704FA9D
:105B20009B48D0F8C8000090DAF796FF6C280CD894
:105B30009748D0F8C8000146009001A8DAF768FF3E
:105B400001AA1E210C20E8F7EFF99148D0F8DC00FB
:105B50000090DAF781FF6C280CD88D48D0F8DC0073
:105B60000146009001A8DAF753FF01AA1F210C207B
:105B7000E8F7DAF98648D0F8F0000090DAF76CFF21
:105B80006C280CD88248D0F8F0000146009001A89B
:105B9000DAF73EFF01AA20210C20E8F7C5F97C487E
:105BA000D0F804010090DAF757FF6C280CD8784839
:105BB000D0F804010146009001A8DAF729FF01AAF4
:105BC00021210C20E8F7B0F97148D0F818010090B5
:105BD000DAF742FF6C280CD86D48D0F8180101465E
:105BE000009001A8DAF714FF01AA22210C20E8F79F
:105BF0009BF96748D0F82C010090DAF72DFF6C284C
:105C00000CD86348D0F82C010146009001A8DAF7BF
:105C1000FFFE01AA23210C20E8F786F90C20DDF70E
:105C200056F901210420DDF785F901210520DDF772
:105C300081F901210620DDF77DF901210720DDF73B
:105C400079F901210820DDF775F901210920DDF737
:105C500071F901210A20DDF76DF901210B20DDF733
:105C600069F901210C20DDF765F901210D20DDF72F
:105C700061F901210E20DDF75DF901210F20DDF72B
:105C800059F901211020DDF755F901211120DDF727
:105C900051F901211220DDF74DF901211320DDF723
:105CA00049F9DDF726F90C20DDF711F9012114205F
:105CB000DDF76EF901211520DDF76AF901211620C3
:105CC000DDF766F901211720DDF762F901211820BF
:105CD000DDF75EF901211920DDF75AF901211A20BB
:105CE000DDF756F901211B20DDF752F901211C20B7
:105CF000DDF74EF901211D20DDF74AF901211E20B3
:105D0000DDF746F901211F20DDF742F901212020AE
:105D1000DDF73EF901212120DDF73AF901212220AA
:105D2000DDF736F901212320DDF732F9DDF7E1F85F
:105D3000002227210C20E7F7FBFF002227210C205F
:105D4000E8F71FF8012228210C20E7F7F1FF0122D4
:105D500028210C20E8F715F826E10D48D0F840017D
:105D60000090DAF779FE6C2817D80948D0F840017E
:105D70000146009001A8DAF74BFE01AA142109E0C0
:105D80002D2047796E65636F6C6F677900000000A6
:105D9000605401200C20E8F7C7F8FE48D0F8540101
:105DA0000090DAF759FE6C280CD8FA48D0F8540164
:105DB0000146009001A8DAF72BFE01AA15210C205C
:105DC000E8F7B2F8F348D0F868010090DAF744FE3B
:105DD0006C280CD8EF48D0F868010146009001A863
:105DE000DAF716FE01AA16210C20E8F79DF8E9481B
:105DF000D0F87C010090DAF72FFE6C280CD8E5482B
:105E0000D0F87C010146009001A8DAF701FE01AA52
:105E100017210C20E8F788F8DE48D0F890010090B0
:105E2000DAF71AFE6C280CD8DA48D0F8900101464F
:105E3000009001A8DAF7ECFD01AA18210C20E8F780
:105E400073F8D448D0F8A4010090DAF705FE6C2866
:105E50000CD8D048D0F8A4010146009001A8DAF788
:105E6000D7FD01AA19210C20E8F75EF80C20DDF718
:105E70002EF801210420DDF75DF801210520DDF772
:105E800059F801210620DDF755F801210720DDF73B
:105E900051F801210820DDF74DF801210920DDF737
:105EA00049F800210A20DDF745F800210B20DDF735
:105EB00041F800210C20DDF73DF800210D20DDF731
:105EC00039F800210E20DDF735F800210F20DDF72D
:105ED00031F800211020DDF72DF800211120DDF729
:105EE00029F800211220DDF725F800211320DDF725
:105EF00021F8DCF7FEFF0C20DCF7E9FF012114207C
:105F0000DDF746F801211520DDF742F801211620C2
:105F1000DDF73EF801211720DDF73AF801211820BE
:105F2000DDF736F801211920DDF732F800211A20BB
:105F3000DDF72EF800211B20DDF72AF800211C20B8
:105F4000DDF726F800211D20DDF722F800211E20B4
:105F5000DDF71EF800211F20DDF71AF800212020B0
:105F6000DDF716F800212120DDF712F800212220AC
:105F7000DDF70EF800212320DDF70AF8DCF7B9FF82
:105F8000012227210C20E7F7D3FE012227210C2034
:105F9000E7F7F7FE002228210C20E7F7C9FE0022D0
:105FA00028210C20E7F7EDFE002201210C20E7F765
:105FB000BFFEE6E478A226210C20E7F7B5FF78487B
:105FC00000680090DAF748FD6C280BD87448006828
:105FD0000146009001A8DAF71BFD01AA14210C204C
:105FE000E7F7A2FF6E4840690090DAF735FD6C28AC
:105FF0000BD86B4840690146009001A8DAF708FD0C
:1060000001AA15210C20E7F78FFF6548806A0090F0
:10601000DAF722FD6C280BD86148806A01460090AF
:1060200001A8DAF7F5FC01AA16210C20E7F77CFF9E
:106030005B48C06B0090DAF70FFD6C280BD858480E
:10604000C06B0146009001A8DAF7E2FC01AA172113
:106050000C20E7F769FF5248006D0090DAF7FCFC6E
:106060006C280BD84E48006D0146009001A8DAF765
:10607000CFFC01AA18210C20E7F756FF4848406ED4
:106080000090DAF7E9FC6C280BD84548406E0146D1
:10609000009001A8DAF7BCFC01AA19210C20E7F74F
:1060A00043FF3F48806F0090DAF7D6FC6C280BD88E
:1060B0003B48806F0146009001A8DAF7A9FC01AACD
:1060C0001A210C20E7F730FF3548D0F88C000090FB
:1060D000DAF7C2FC6C280CD83148D0F88C000146A5
:1060E000009001A8DAF794FC01AA1B210C20E7F725
:1060F0001BFF2B48D0F8A0000090DAF7ADFC6C280D
:106100000CD82748D0F8A0000146009001A8DAF783
:106110007FFC01AA1C210C20E7F706FF2048D0F8DD
:10612000B4000090DAF798FC6C280CD81C48D0F822
:10613000B4000146009001A8DAF76AFC01AA1D210B
:106140000C20E7F7F1FE1648D0F8C8000090DAF707
:1061500083FC6C280CD81248D0F8C8000146009087
:1061600001A8DAF755FC01AA1E210C20E7F7DCFE96
:106170000B48D0F8DC000090DAF76EFC6C2815D8DC
:106180000748D0F8DC000146009001A8DAF740FC8F
:1061900001AA07E0605401202D20454E5400000064
:1061A000E05601201F210C20E7F7BEFEFE48D0F884
:1061B000F0000090DAF750FC6C280CD8FA48D0F8C0
:1061C000F0000146009001A8DAF722FC01AA202184
:1061D0000C20E7F7A9FEF448D0F804010090DAF7A4
:1061E0003BFC6C280CD8F048D0F804010146009024
:1061F00001A8DAF70DFC01AA21210C20E7F794FE93
:10620000E948D0F818010090DAF726FC6C280CD881
:10621000E548D0F82C010146009001A8DAF7F8FB18
:1062200001AA22210C20E7F77FFEDF48D0F82C01DD
:106230000090DAF711FC6C280CD8DB48D0F82C0160
:106240000146009001A8DAF7E3FB01AA23210C2004
:10625000E7F76AFE0C20DCF73AFE01210420DCF7A8
:1062600069FE01210520DCF765FE01210620DCF72F
:1062700061FE01210720DCF75DFE01210820DCF72B
:1062800059FE01210920DCF755FE01210A20DCF727
:1062900051FE01210B20DCF74DFE01210C20DCF723
:1062A00049FE01210D20DCF745FE01210E20DCF71F
:1062B00041FE01210F20DCF73DFE01211020DCF71B
:1062C00039FE01211120DCF735FE01211220DCF717
:1062D00031FE01211320DCF72DFEDCF70AFE0C2035
:1062E000DCF7F5FD01211420DCF752FE0121152019
:1062F000DCF74EFE01211620DCF74AFE01211720B3
:10630000DCF746FE01211820DCF742FE01211920AE
:10631000DCF73EFE01211A20DCF73AFE01211B20AA
:10632000DCF736FE01211C20DCF732FE01211D20A6
:10633000DCF72EFE01211E20DCF72AFE01211F20A2
:10634000DCF726FE01212020DCF722FE012121209E
:10635000DCF71EFE01212220DCF71AFE012123209A
:10636000DCF716FEDCF7C5FD002227210C20E7F73D
:10637000DFFC002227210C20E7F703FD0022282163
:106380000C20E7F7D5FC002228210C20E7F7F9FCC8
:10639000002201210C20E7F7CBFC0AE683A226218C
:1063A0000C20E7F7C1FD854800680090DAF754FB40
:1063B0006C280BD8814800680146009001A8DAF7E4
:1063C00027FB01AA14210C20E7F7AEFD7B484069AA
:1063D0000090DAF741FB6C280BD8784840690146F9
:1063E000009001A8DAF714FB01AA15210C20E7F7A9
:1063F0009BFD7248806A0090DAF72EFB6C280BD860
:106400006E48806A0146009001A8DAF701FB01AAF4
:1064100016210C20E7F788FD6848C06B0090DAF77A
:106420001BFB6C280BD86548C06B0146009001A887
:10643000DAF7EEFA01AA17210C20E7F775FD5F489D
:10644000006D0090DAF708FB6C280BD85B48006DF4
:106450000146009001A8DAF7DBFA01AA18210C2006
:10646000E7F762FD0C20DCF732FD01210420DCF7A8
:1064700061FD01210520DCF75DFD01210620DCF72F
:1064800059FD01210720DCF755FD01210820DCF72B
:1064900051FD00210920DCF74DFD00210A20DCF729
:1064A00049FD00210B20DCF745FD00210C20DCF725
:1064B00041FD00210D20DCF73DFD00210E20DCF721
:1064C00039FD00210F20DCF735FD00211020DCF71D
:1064D00031FD00211120DCF72DFD00211220DCF719
:1064E00029FD00211320DCF725FDDCF702FD0C203F
:1064F000DCF7EDFC01211420DCF74AFD0121152019
:10650000DCF746FD01211620DCF742FD01211720B2
:10651000DCF73EFD01211820DCF73AFD00211920AF
:10652000DCF736FD00211A20DCF732FD00211B20AC
:10653000DCF72EFD00211C20DCF72AFD00211D20A8
:10654000DCF726FD00211E20DCF722FD00211F20A4
:10655000DCF71EFD00212020DCF71AFD00212120A0
:10656000DCF716FD00212220DCF712FD002123209C
:10657000DCF70EFDDCF7BDFC002227210C20E7F73D
:10658000D7FB002227210C20E7F7FBFB0022282164
:106590000C20E7F7CDFB002228210C20E7F7F1FBC8
:1065A000002201210C200BE0E05601202D204E6539
:1065B00075726F737572676572790000605901209A
:1065C000E7F7B6FBF5E4FDA226210C20E7F7ACFCCB
:1065D000FE4800680090DAF73FFA6C280BD8FB48B9
:1065E00000680146009001A8DAF712FA01AA142106
:1065F0000C20E7F799FCF54840690090DAF72CFA8F
:106600006C280BD8F14840690146009001A8DAF7E0
:10661000FFF901AA15210C20E7F786FCEB48806AF8
:106620000090DAF719FA6C280BD8E848806A01461E
:10663000009001A8DAF7ECF901AA16210C20E7F77F
:1066400073FCE248C06B0090DAF706FA6C280BD8AE
:10665000DE48C06B0146009001A8DAF7D9F901AA1B
:1066600017210C20E7F760FCD848006D0090DAF79E
:10667000F3F96C280BD8D548006D0146009001A8AD
:10668000DAF7C6F901AA18210C20E7F74DFCCF482C
:10669000406E0090DAF7E0F96C280BD8CB48406EDA
:1066A0000146009001A8DAF7B3F901AA19210C20DC
:1066B000E7F73AFCC548806F0090DAF7CDF96C280F
:1066C0000BD8C248806F0146009001A8DAF7A0F904
:1066D00001AA1A210C20E7F727FCBC48D0F88C004F
:1066E0000090DAF7B9F96C280CD8B848D0F88C00CB
:1066F0000146009001A8DAF78BF901AA1B210C20B2
:10670000E7F712FC0C20DCF7E2FB01210420DCF7A8
:1067100011FC01210520DCF70DFC01210620DCF72E
:1067200009FC01210720DCF705FC01210820DCF72A
:1067300001FC01210920DCF7FDFB01210A20DCF727
:10674000F9FB01210B20DCF7F5FB00210C20DCF725
:10675000F1FB00210D20DCF7EDFB00210E20DCF722
:10676000E9FB00210F20DCF7E5FB00211020DCF71E
:10677000E1FB00211120DCF7DDFB00211220DCF71A
:10678000D9FB00211320DCF7D5FBDCF7B2FB0C2092
:10679000DCF79DFB01211420DCF7FAFB0121152019
:1067A000DCF7F6FB01211620DCF7F2FB01211720B4
:1067B000DCF7EEFB01211820DCF7EAFB01211920B0
:1067C000DCF7E6FB01211A20DCF7E2FB01211B20AC
:1067D000DCF7DEFB00211C20DCF7DAFB00211D20AA
:1067E000DCF7D6FB00211E20DCF7D2FB00211F20A6
:1067F000DCF7CEFB00212020DCF7CAFB00212120A2
:10680000DCF7C6FB00212220DCF7C2FB002123209D
:10681000DCF7BEFBDCF76DFB002227210C20E7F73D
:1068200087FA002227210C20E7F7ABFA0022282163
:106830000C20E7F77DFA002228210C20E7F7A1FAC7
:10684000002201210C20E7F773FAA6E560A22621B9
:106850000C20E7F769FB624800680090DAF7FCF863
:106860006C280BD85E4800680146009001A8DAF752
:10687000CFF801AA14210C20E7F756FB58484069CD
:106880000090DAF7E9F86C280BD8554840690146C2
:10689000009001A8DAF7BCF801AA15210C20E7F74F
:1068A00043FB4F48806A0090DAF7D6F86C280BD883
:1068B0004B48806A0146009001A8DAF7A9F801AABE
:1068C00016210C20E7F730FB4548C06B0090DAF743
:1068D000C3F86C280BD84248C06B0146009001A851
:1068E000DAF796F801AA17210C20E7F71DFB3C48C0
:1068F000006D0090DAF7B0F86C280BD83848006DBE
:106900000146009001A8DAF783F801AA18210C20AB
:10691000E7F70AFB3248406E0090DAF79DF86C28E2
:106920000BD82F48406E0146009001A8DAF770F8A6
:1069300001AA19210C20E7F7F7FA2948806F009087
:10694000DAF78AF86C280BD82548806F014600904A
:1069500001A8DAF75DF801AA1A210C20E7F7E4FA9A
:106960000C20DCF7B4FA01210420DCF7E3FA012162
:106970000520DCF7DFFA01210620DCF7DBFA012134
:106980000720DCF7D7FA01210820DCF7D3FA012130
:106990000920DCF7CFFA01210A20DCF7CBFA00212D
:1069A0000B20DCF7C7FA00210C20DCF7C3FA00212A
:1069B0000D20DCF7BFFA00210E2013E02D204465E6
:1069C000726D61746F6C6F6779000000E05B01208D
:1069D0002D204C69706F73756374696F6E000000D1
:1069E000605E0120DCF7A6FA00210F20DCF7A2FA96
:1069F00000211020DCF79EFA00211120DCF79AFA22
:106A000000211220DCF796FA00211320DCF792FA1D
:106A1000DCF76FFA0C20DCF75AFA01211420DCF7BE
:106A2000B7FA01211520DCF7B3FA01211620DCF7B3
:106A3000AFFA01211720DCF7ABFA01211820DCF7AF
:106A4000A7FA01211920DCF7A3FA01211A20DCF7AB
:106A50009FFA00211B20DCF79BFA00211C20DCF7A9
:106A600097FA00211D20DCF793FA00211E20DCF7A5
:106A70008FFA00211F20DCF78BFA00212020DCF7A1
:106A800087FA00212120DCF783FA00212220DCF79D
:106A90007FFA00212320DCF77BFADCF72AFA0022B8
:106AA00027210C20E7F744F9002227210C20E7F7E3
:106AB00068F9002228210C20E7F73AF90022282162
:106AC0000C20E7F75EF9002201210C20E7F730F9EE
:106AD00063E4F8A226210C20E7F726FA4298102852
:106AE0007EDAF74800680090D9F7B6FF6C280BD81B
:106AF000F34800680146009001A8D9F789FF01AA70
:106B000014210C20E7F710FAED4840690090D9F7FE
:106B1000A3FF6C280BD8EA4840690146009001A801
:106B2000D9F776FF01AA15210C20E7F7FDF9E44813
:106B3000806A0090D9F790FF6C280BD8E048806AF3
:106B40000146009001A8D9F763FF01AA16210C2085
:106B5000E7F7EAF9DA48C06B0090D9F77DFF6C28B7
:106B60000BD8D748C06B0146009001A8D9F750FF59
:106B700001AA17210C20E7F7D7F9D148006D009042
:106B8000D9F76AFF6C280BD8CD48006D01460090FC
:106B900001A8D9F73DFF01AA18210C20E7F7C4F995
:106BA000C748406E0090D9F757FF6C280BD8C448EF
:106BB000406E0146009001A8D9F72AFF01AA1921C9
:106BC0000C20E7F7B1F9BE48806F0090D9F744FF79
:106BD0006C280DD8BA48806F0146009001A800E0EB
:106BE00070E1D9F715FF01AA1A210C20E7F79CF9EB
:106BF000B348D0F88C000090D9F72EFF6C280CD841
:106C0000AF48D0F88C000146009001A8D9F700FFEA
:106C100001AA1B210C20E7F787F9A948D0F8A000AA
:106C20000090D9F719FF6C280CD8A548D0F8A0001F
:106C30000146009001A8D9F7EBFE01AA1C210C2007
:106C4000E7F772F99E48D0F8B4000090D9F704FF36
:106C50006C280CD89A48D0F8B4000146009001A8DE
:106C6000D9F7D6FE01AA1D210C20E7F75DF994485B
:106C7000D0F8C8000090D9F7EFFE6C280CD89048E7
:106C8000D0F8C8000146009001A8D9F7C1FE01AABA
:106C90001E210C20E7F748F98948D0F8DC00009065
:106CA000D9F7DAFE6C280CD88548D0F8DC0001460C
:106CB000009001A8D9F7ACFE01AA1F210C20E7F72C
:106CC00033F97F48D0F8F0000090D9F7C5FE6C2862
:106CD0000CD87B48D0F8F0000146009001A8D9F705
:106CE00097FE01AA20210C20E7F71EF97448D0F87E
:106CF00004010090D9F7B0FE6C280CD87048D0F889
:106D000004010146009001A8D9F782FE01AA2121C1
:106D10000C20E7F709F96A48D0F818010090D9F774
:106D20009BFE6C280CD86648D0F8180101460090EC
:106D300001A8D9F76DFE01AA22210C20E7F7F4F88B
:106D40005F48D0F82C010090D9F786FE6C280CD84B
:106D50005B48D0F82C010146009001A8D9F758FEF5
:106D600001AA23210C20E7F7DFF80C20DCF7AFF8AD
:106D700001210420DCF7DEF801210520DCF7DAF838
:106D800001210620DCF7D6F801210720DCF7D2F834
:106D900001210820DCF7CEF801210920DCF7CAF830
:106DA00001210A20DCF7C6F801210B20DCF7C2F82C
:106DB00001210C20DCF7BEF801210D20DCF7BAF828
:106DC00001210E20DCF7B6F801210F20DCF7B2F824
:106DD00001211020DCF7AEF801211120DCF7AAF820
:106DE00001211220DCF7A6F801211320DCF7A2F81C
:106DF000DCF77FF80C20DCF76AF801211420DCF7BF
:106E0000C7F801211520DCF7C3F801211620DCF7B3
:106E1000BFF801211720DCF7BBF801211820DCF7AF
:106E2000B7F801211920DCF7B3F801211A20DCF7AB
:106E3000AFF801211B20DCF7ABF801211C20DCF7A7
:106E4000A7F801211D20DCF7A3F801211E20DCF7A3
:106E50009FF801211F20DCF79BF801212020DCF79F
:106E600097F801212120DCF793F801212220DCF79B
:106E70008FF801212320DCF78BF8DCF73AF80022A9
:106E800027210C20E6F754FF002227210C20E6F7EB
:106E900078FF012228210C20E6F74AFF0122282151
:106EA0000C20E6F76EFF002201210C20E6F740FFE0
:106EB0003EE100002D2044656E74697374727900A0
:106EC000E0600120FE48D0F840010090D9F7C4FDF1
:106ED0006C280CD8FA48D0F840010146009001A86F
:106EE000D9F796FD01AA14210C20E7F71DF8F44804
:106EF000D0F854010090D9F7AFFD6C280CD8F048B9
:106F0000D0F854010146009001A8D9F781FD01AAEB
:106F100015210C20E7F708F8E948D0F8680100903F
:106F2000D9F79AFD6C280CD8E548D0F868010146DD
:106F3000009001A8D9F76CFD01AA16210C20E6F7F4
:106F4000F3FFDF48D0F87C010090D9F785FD6C286D
:106F50000CD8DB48D0F87C010146009001A8D9F795
:106F600057FD01AA17210C20E6F7DEFFD448D0F820
:106F700090010090D9F770FD6C280CD8D048D0F85B
:106F800090010146009001A8D9F742FD01AA1821FD
:106F90000C20E6F7C9FFCA48D0F8A4010090D9F741
:106FA0005BFD6C280CD8C648D0F8A40101460090BF
:106FB00001A8D9F72DFD01AA19210C20E6F7B4FF8D
:106FC000BF48D0F8B8010090D9F746FD6C280CD81E
:106FD000BB48D0F8B8010146009001A8D9F718FDC8
:106FE00001AA1A210C20E6F79FFF0C20DBF76FFFA8
:106FF00001210420DBF79EFF01210520DBF79AFF2A
:1070000001210620DBF796FF01210720DBF792FF25
:1070100001210820DBF78EFF01210920DBF78AFF21
:1070200001210A20DBF786FF00210B20DBF782FF1E
:1070300000210C20DBF77EFF00210D20DBF77AFF1B
:1070400000210E20DBF776FF00210F20DBF772FF17
:1070500000211020DBF76EFF00211120DBF76AFF13
:1070600000211220DBF766FF00211320DBF762FF0F
:10707000DBF73FFF0C20DBF72AFF01211420DBF7B1
:1070800087FF01211520DBF783FF01211620DBF7A5
:107090007FFF01211720DBF77BFF01211820DBF7A1
:1070A00077FF01211920DBF773FF01211A20DBF79D
:1070B0006FFF00211B20DBF76BFF00211C20DBF79B
:1070C00067FF00211D20DBF763FF00211E20DBF797
:1070D0005FFF00211F20DBF75BFF00212020DBF793
:1070E00057FF00212120DBF753FF00212220DBF78F
:1070F0004FFF00212320DBF74BFFDBF7FAFE0122D5
:1071000027210C20E6F714FE012227210C20E6F7A8
:1071100038FE002228210C20E6F70AFE0022282152
:107120000C20E6F72EFE002201210C20E6F700FEDF
:10713000CEE464A226210C20E6F7F6FE644800683F
:107140000090D9F789FC6C280BD86148006801468B
:10715000009001A8D9F75CFC01AA14210C20E6F7E5
:10716000E3FE5B4840690090D9F776FC6C280BD8A9
:10717000574840690146009001A8D9F749FC01AA87
:1071800015210C20E6F7D0FE5148806A0090D9F70F
:1071900063FC6C280BD84E48806A0146009001A819
:1071A000D9F736FC01AA16210C20E6F7BDFE4848A7
:1071B000C06B0090D9F750FC6C280BD84448C06BCA
:1071C0000146009001A8D9F723FC01AA17210C2041
:1071D000E6F7AAFE3E48006D0090D9F73DFC6C280A
:1071E0000BD83B48006D0146009001A8D9F710FC70
:1071F00001AA18210C20E6F797FE3548406E009052
:10720000D9F72AFC6C280BD83148406E0146009013
:1072100001A8D9F7FDFB01AA19210C20E6F784FE8D
:107220002B48806F0090D9F717FC6C280BD82848A2
:10723000806F0146009001A8D9F7EAFB01AA1A2144
:107240000C20E6F771FE2248D0F88C000090D9F7A8
:1072500003FC6C280CD81E48D0F88C000146009026
:1072600001A8D9F7D5FB01AA1B210C20E6F75CFE8B
:107270000C20DBF72CFE01210420DBF75BFE012153
:107280000520DBF757FE01210620DBF753FE012125
:107290000720DBF74FFE01210820DBF74BFE012121
:1072A0000920DBF747FE01210A20DBF743FE01211D
:1072B0000B20DBF73FFE00210C20DBF73BFE09E053
:1072C000E06001202D205468657261707900000033
:1072D0006063012000210D20DBF72CFE00210E2031
:1072E000DBF728FE00210F20DBF724FE0021102011
:1072F000DBF720FE00211120DBF71CFE002112200D
:10730000DBF718FE00211320DBF714FEDBF7F1FD9D
:107310000C20DBF7DCFD01211420DBF739FE012115
:107320001520DBF735FE01211620DBF731FE0121A8
:107330001720DBF72DFE01211820DBF729FE0121A4
:107340001920DBF725FE01211A20DBF721FE0121A0
:107350001B20DBF71DFE00211C20DBF719FE00219E
:107360001D20DBF715FE00211E20DBF711FE00219A
:107370001F20DBF70DFE00212020DBF709FE002196
:107380002120DBF705FE00212220DBF701FE002192
:107390002320DBF7FDFDDBF7ACFD002227210C20CD
:1073A000E6F7C6FC002227210C20E6F7EAFC0022C3
:1073B00028210C20E6F7BCFC002228210C20E6F74F
:1073C000E0FC002201210C20E6F7B2FCE8E2FEA27C
:1073D00026210C20E6F7A8FD429810287EDAFD4809
:1073E000D9F73AFB6C2809D86C22FA4901A8D9F7D9
:1073F00052FB01AA14210C20E6F796FDF5488030D7
:10740000D9F72AFB6C280AD86C22F249803101A8EE
:10741000D9F741FB01AA15210C20E6F785FDEE48BE
:10742000D9F71AFB6C2809D86C22EB4901A8D9F7C7
:1074300032FB01AA16210C20E6F776FDE6488030E3
:10744000D9F70AFB6C280AD86C22E349803101A8DD
:10745000D9F721FB01AA17210C20E6F765FDDF48CB
:10746000D9F7FAFA6C2809D86C22DC4901A8D9F7B7
:1074700012FB01AA18210C20E6F756FDD7488030F0
:10748000D9F7EAFA6C280AD86C22D449803101A8CD
:10749000D9F701FB01AA19210C20E6F745FDD048D8
:1074A000D9F7DAFA6C2809D86C22CD4901A8D9F7A6
:1074B000F2FA01AA1A210C20E6F736FDC8488030FE
:1074C000D9F7CAFA6C280CD86C22C549803101A8BA
:1074D000D9F7E1FA01AA1B210C2000E096E0E6F7BB
:1074E00023FDC048D9F7B8FA6C2809D86C22BD49E9
:1074F00001A8D9F7D0FA01AA1C210C20E6F714FD47
:10750000B8488030D9F7A8FA6C280AD86C22B54957
:10751000803101A8D9F7BFFA01AA1D210C20E6F796
:1075200003FDB148D9F798FA6C2809D86C22AE4906
:1075300001A8D9F7B0FA01AA1E210C20E6F7F4FC45
:10754000A9488030D9F788FA6C280AD86C22A64955
:10755000803101A8D9F79FFA01AA1F210C20E6F774
:10756000E3FCA248D9F778FA6C2809D86C229F4925
:1075700001A8D9F790FA01AA20210C20E6F7D4FC43
:107580009A488030D9F768FA6C280AD86C22974953
:10759000803101A8D9F77FFA01AA21210C20E6F752
:1075A000C3FC9348D9F758FA6C2809D86C22904943
:1075B00001A8D9F770FA01AA22210C20E6F7B4FC41
:1075C0008B488030D9F748FA6C280AD86C22884951
:1075D000803101A8D9F75FFA01AA23210C20E6F730
:1075E000A3FC002227210C20E6F7A2FB0022272182
:1075F0000C20E6F7C6FB012228210C20E6F798FBB9
:10760000012228210C20E6F7BCFB38E17948D9F7A4
:1076100023FA6C2809D86C22764901A8D9F73BFADD
:1076200001AA14210C20E6F77FFC72488030D9F7BC
:1076300013FA6C280AD86C226E49803101A8D9F758
:107640002AFA01AA15210C20E6F76EFC6A48D9F740
:1076500003FA6C2809D86C22674901A8D9F71BFAEC
:1076600001AA16210C20E6F75FFC63488030D9F7A9
:10767000F3F96C280AD86C225F49803101A8D9F748
:107680000AFA01AA17210C20E6F74EFC5B48D9F74D
:10769000E3F96C2809D86C22584901A8D9F7FBF9FD
:1076A00001AA18210C20E6F73FFC54488030D9F796
:1076B000D3F96C280AD86C225049803101A8D9F737
:1076C000EAF901AA19210C20E6F72EFC4C48D9F75B
:1076D000C3F96C2809D86C22494901A8D9F7DBF90C
:1076E00001AA1A210C20E6F71FFC45488030D9F783
:1076F000B3F96C280AD86C224149803101A8D9F726
:10770000CAF901AA1B210C20E6F70EFC3D48D9F767
:10771000A3F96C2809D86C223A4901A8D9F7BBF91A
:1077200001AA1C210C20E6F7FFFB36488030D9F770
:1077300093F96C280AD86C223249803101A8D9F714
:10774000AAF901AA1D210C20E6F7EEFB2E48D9F775
:1077500083F96C2809D86C222B4901A8D9F79BF929
:1077600001AA1E210C20E6F7DFFB27488030D9F75D
:1077700073F96C280AD86C222349803101A8D9F703
:107780008AF901AA1F210C20E6F7CEFB1F48D9F782
:1077900063F96C2809D86C221C4901A8D9F77BF938
:1077A00001AA20210C20E6F7BFFB18488030D9F74A
:1077B00053F96C282FD86C221449803101A8D9F7CD
:1077C0006AF901AA212123E02D20437573746F6D9E
:1077D00000000000C4260120C4270120C428012085
:1077E000C4290120C42A0120C42B0120C42C01205B
:1077F000C42D0120C42E0120C42F0120C43001203B
:10780000C4310120C4320120C4330120C43401201A
:107810000C20E6F789FB6B48D9F71EF96C2809D8CC
:107820006C22684901A8D9F736F901AA22210C2057
:10783000E6F77AFB63488030D9F70EF96C280AD84E
:107840006C226049803101A8D9F725F901AA2321CA
:107850000C20E6F769FB012227210C20E6F768FAE5
:10786000012227210C20E6F78CFA002228210C2087
:10787000E6F75EFA002228210C20E6F782FA0C20B7
:10788000DBF725FB01210420DBF754FB0121052058
:10789000DBF750FB01210620DBF74CFB0121072021
:1078A000DBF748FB01210820DBF744FB012109201D
:1078B000DBF740FB01210A20DBF73CFB01210B2019
:1078C000DBF738FB01210C20DBF734FB01210D2015
:1078D000DBF730FB01210E20DBF72CFB01210F2011
:1078E000DBF728FB01211020DBF724FB012111200D
:1078F000DBF720FB01211220DBF71CFB0121132009
:10790000DBF718FBDBF7F5FA0C20DBF7E0FA0121D7
:107910001420DBF73DFB01211520DBF739FB0121AA
:107920001620DBF735FB01211720DBF731FB0121A6
:107930001820DBF72DFB01211920DBF729FB0121A2
:107940001A20DBF725FB01211B20DBF721FB01219E
:107950001C20DBF71DFB01211D20DBF719FB01219A
:107960001E20DBF715FB01211F20DBF711FB012196
:107970002020DBF70DFB01212120DBF709FB012192
:107980002220DBF705FB01212320DBF701FBDBF7DE
:10799000B0FA012211460C20E6F7CAF900E000BF58
:1079A00000BFFCF71BFBAFF2D81224210C20E6F736
:1079B000BBFAAFF2E41225210C20E6F7B5FA43B08A
:1079C00000BD0000C43501202DE9F04F2DED048BE2
:1079D000ADF5037D83460C460298004002900AEA0A
:1079E0000A0A4FF4807143A8D9F7F6F84FF4807172
:1079F00003A8D9F7F1F8BBF10A0F7CD2DFE80BF04E
:107A0000FB05356597C7FCF9F8F7022C00DD022469
:107A100004EB8400FD4901EB8000B0F9047004EB35
:107A2000840001EB8000B0F90800029004EB8400B0
:107A300001EB8000B0F90AA004EB840001EB8000A8
:107A4000B0F90C6004EB840001EB8000B0F90E800B
:107A500004EB840001EB8000B0F9109004EB84008B
:107A600001EB8000B0F90650B3E1052C00DD0524E0
:107A700004EB8400E64901EB8000B0F9047004EBEC
:107A8000840001EB8000B0F90800029004EB840050
:107A900001EB8000B0F90AA004EB840001EB800048
:107AA000B0F90C6004EB840001EB8000B0F90E80AB
:107AB00004EB840001EB8000B0F9109004EB84002B
:107AC00001EB8000B0F9065083E1152C00DD152490
:107AD00004EB8400CF4901EB8000B0F9047004EBA3
:107AE000840001EB8000B0F90800029004EB8400F0
:107AF00001EB800000E06BE1B0F90AA004EB840028
:107B000001EB8000B0F90C6004EB840001EB800015
:107B1000B0F90E8004EB840001EB8000B0F9109006
:107B200004EB840001EB8000B0F9065051E10F2C0A
:107B300000DD0F2404EB8400B74901EB8000B0F9AD
:107B4000047004EB840001EB8000B0F9080002909F
:107B500004EB840001EB8000B0F90AA004EB840080
:107B600001EB8000B0F90C6004EB840001EB8000B5
:107B7000B0F90E8004EB840001EB8000B0F91090A6
:107B800004EB840001EB8000B0F9065021E1042CE5
:107B900000DD042404EB8400A04901EB8000B0F96F
:107BA000047004EB840001EB8000B0F9080002903F
:107BB00004EB840001EB8000B0F90AA004EB840020
:107BC00001EB8000B0F90C6004EB840001EB800055
:107BD000B0F90E8004EB840001EB8000B0F9109046
:107BE00004EB840001EB8000B0F90650F1E093E073
:107BF00062E031E000E0BFE0082C00DD082404EB87
:107C00008400874901EB8000B0F9047004EB840024
:107C100001EB8000B0F90800029004EB840001EB56
:107C20008000B0F90AA004EB840001EB8000B0F9F9
:107C30000C6004EB840001EB8000B0F90E8004EBD3
:107C4000840001EB8000B0F9109004EB840001EB9C
:107C50008000B0F90650BCE0062C00DD062404EBE1
:107C60008400704901EB8000B0F9047004EB8400DB
:107C700001EB8000B0F90800029004EB840001EBF6
:107C80008000B0F90AA004EB840001EB8000B0F999
:107C90000C6004EB840001EB8000B0F90E8004EB73
:107CA000840001EB8000B0F9109004EB840001EB3C
:107CB0008000B0F906508CE0162C00DD162404EB91
:107CC0008400594901EB8000B0F9047004EB840092
:107CD00001EB8000B0F90800029004EB840001EB96
:107CE0008000B0F90AA004EB840001EB8000B0F939
:107CF0000C6004EB840001EB8000B0F90E8004EB13
:107D0000840001EB8000B0F9109004EB840001EBDB
:107D10008000B0F906505CE0072C00DD072404EB7E
:107D20008400424901EB8000B0F9047004EB840048
:107D300001EB8000B0F90800029004EB840001EB35
:107D40008000B0F90AA004EB840001EB8000B0F9D8
:107D50000C6004EB840001EB8000B0F90E8004EBB2
:107D6000840001EB8000B0F9109004EB840001EB7B
:107D70008000B0F906502CE0002C00DA0024202C02
:107D800000DD2024372000EB8410294931F91070E0
:107D9000392000EB841031F9100002903A2000EBFA
:107DA000841031F910A03D2000EB841031F91060EF
:107DB0003E2000EB841031F910803F2000EB84104E
:107DC00031F91090382000EB841031F9105000E0A8
:107DD00000BF00BF012F06D0022F3ED0052F60D07C
:107DE000072F7DD183E09DED020AB8EEC00AF2EEC6
:107DF000040A80EE201A8DED011A019803F09CF818
:107E000041EC180B53EC182B14E00000604F0120DC
:107E1000E051012060540120E0560120605901200A
:107E2000E05B0120605E0120E060012060630120D2
:107E3000C426012051A143A8D8F796FB012D03D1F8
:107E400052A103A8D8F790FB022D05D14B4642461C
:107E500051A103A8D8F788FB7FE000EE10AAB8EE86
:107E6000C00AF2EE040A80EE201A8DED011A019884
:107E700003F062F841EC180B53EC182B4FA143A808
:107E8000D8F772FB012D03D140A103A8D8F76CFBF2
:107E9000022D05D14B4642463FA103A8D8F764FB0B
:107EA0005BE000EE106AB8EEC00AF2EE040A80EE63
:107EB000201A8DED011A019803F03EF841EC180BE1
:107EC00053EC182B41A143A8D8F74EFB012D03D149
:107ED0002EA103A8D8F748FB022D07D14B4600E09E
:107EE0003AE042462CA103A8D8F73EFB35E000EE6D
:107EF000106AB8EEC00AF2EE040A80EE201A8DED88
:107F0000011A019803F018F841EC180B00EE10AAC2
:107F1000B8EEC00AF2EE040A80EE201A8DED011AC6
:107F2000019803F009F841EC190B8DED008B53EC2F
:107F3000192B2AA143A8D8F717FB012D03D113A1B0
:107F400003A8D8F711FB022D05D14B46424612A1DA
:107F500003A8D8F709FB00E000BF00BF43AA242113
:107F60000C20E5F7E1FF03AA25210C20E5F7DCFF53
:107F70000DF5037DBDEC048BBDE8F08F3134373057
:107F80006E6D3A2025332E31665700004D6F6465C3
:107F90003A204357000000004D6F64653A20507549
:107FA0006C73652C204F6E3A2025646D532C204F46
:107FB00066663A2025646D53000000003938306E43
:107FC0006D3A2025332E3166570000003633356E6A
:107FD0006D3A2025332E3166570000003938306E57
:107FE0006D3A2025332E3166572C203633356E6D91
:107FF0003A2025332E3166570000000010B52DEDD4
:10800000048BC0B04FF480716846D8F7E5FDFE4898
:10801000B0F9EE04012804D0022809D0052815D1B2
:108020000DE0F948B0F8F204F749A1F82A050EE08E
:10803000F548B0F8F404F449A1F82A0507E0F2483D
:10804000B0F8FA04F049A1F82A0500E000BF00BF2B
:10805000ED48B0F8F00401284ED101220C21072090
:10806000E5F73DFE00220D210720E5F738FE00224E
:1080700013210720E5F785FE002214210720E5F7EC
:1080800080FE002215210720E5F77BFE0022162145
:108090000720E5F776FE002224210720E5F771FE90
:1080A000002225210720E5F76CFE00222C21072065
:1080B000E5F767FE002213210720E5F739FE0022CD
:1080C00014210720E5F734FE002215210720E5F7EB
:1080D0002FFE002216210720E5F72AFECBA16846D5
:1080E000D8F742FA6A4622210720E5F71DFF6A46C3
:1080F00023210720E5F718FFC348B0F8F004022851
:1081000044D100220C210720E5F7E9FD01220D21D1
:108110000720E5F7E4FD012213210720E5F731FEF2
:10812000012214210720E5F72CFE0122152107204A
:10813000E5F727FE012216210720E5F722FE01229E
:1081400024210720E5F71DFE012225210720E5F760
:1081500018FE01222C210720E5F713FE012213212E
:108160000720E5F7E5FD012214210720E5F7E0FDF2
:10817000012215210720E5F7DBFD0122162107204A
:10818000E5F7D6FDFCF7ECFFFCF774FF9E48B0F96D
:10819000F20400EE100AB8EEC00ADFED9D0A20EEF0
:1081A000200ADFED9C0A80EE201AB0EE418ABCEE78
:1081B000C80A10EE102A28210720E5F71DFE924874
:1081C000B0F9F40400EE100AB8EEC00ADFED900A30
:1081D00020EE200ADFED8F0A80EE201AB0EE418AF1
:1081E000BCEEC80A10EE102A29210720E5F704FE8C
:1081F0008548B0F9FA0400EE100AB8EEC00ADFEDC7
:10820000840A20EE200AF1EE040A80EE201AB0EE75
:10821000418ABCEEC80A10EE102A2A210720E5F791
:10822000EBFD7948B0F946202B210720E5F7E4FD66
:108230004FF480716846D8F7CFFC7348B0F8EE046D
:1082400001287CD17048B0F9F20400EE100AB8EEB3
:10825000C00AF2EE040A80EE201A11EE104A2046FF
:1082600002F06AFE41EC190B53EC192B6AA1684627
:10827000D8F77AF96A461B210720E5F755FE6248D0
:10828000B0F9F20400EE100AB8EEC00ADFED600AA1
:1082900020EE200ADFED5F0A80EE201AB0EE418A60
:1082A000B0EE000AB4EEC08AF1EE10FA03D8B0EED8
:1082B000000AB0EE408ABCEEC80A10EE102A272150
:1082C0000720E5F799FD012217210720E5F707FDB3
:1082D000012217210720E5F754FD0122172107206D
:1082E000E5F726FD00222D210720E5F7F8FC002206
:1082F0002D210720E5F745FD00222D210720E5F778
:1083000017FD002218210720E5F7E9FC01221821BA
:108310000720E5F736FD012218210720E5F708FDC3
:10832000002219210720E5F7DAFC01221921072094
:10833000E5F727FD012219210720E5F7F9FC32486E
:10834000B0F8EE0402284FD12F48B0F9F40400EE43
:10835000100AB8EEC00AF2EE040A80EE201A11EEFE
:10836000104A204602F0E8FD41EC190B53EC192BA2
:1083700029A16846D8F7F8F86A461B210720E5F7D7
:10838000D3FD2148B0F9F40400EE100AB8EEC00A9B
:10839000DFED1F0A20EE200ADFED1E0A80EE201A14
:1083A000B0EE418AB0EE000AB4EEC08AF1EE10FAE7
:1083B00003D8B0EE000AB0EE408ABCEEC80A10EE58
:1083C000102A27210720E5F717FD00221721072093
:1083D000E5F785FC012218210720E5F780FC002243
:1083E00019210720E5F77BFC0748B0F8EE040528C3
:1083F0006AD10548B0F9FA0400EE100AB8EEC00AD6
:10840000F2EE040A0EE00000E4FF00204E2F4100CF
:108410000000C8420000164325332E316620570A5B
:108420000000000080EE201A11EE104A204602F0F3
:1084300083FD41EC190B53EC192BAFF22401684674
:10844000D8F792F86A461B210720E5F76DFD2E4804
:10845000B0F9FA0400EE100AB8EEC00A5FED140A93
:1084600020EE200AF1EE040A80EE201AB0EE418AD6
:10847000B0EE000AB4EEC08AF1EE10FA03D8B0EE06
:10848000000AB0EE408ABCEEC80A10EE102A27217E
:108490000720E5F7B1FC002217210720E5F71FFCB4
:1084A000012217210720E5F76CFC01221721072084
:1084B000E5F73EFC002218210720E5F710FC012219
:1084C00019210720E5F70BFC4FF480716846D8F7B7
:1084D00083FB0D48B0F9460000EB800042000BA181
:1084E0006846D8F741F86A461F210720E5F71CFDCA
:1084F000084A1A210720E5F717FDFCF777FB40B083
:10850000BDEC048B10BD0000E4FF00202564252590
:108510000A0000006404012070B505462248007876
:10852000A84207D12148B0F934052149B1F93415E1
:10853000884238D0112D2CD2DFE805F0090B0D0F41
:1085400011131517191B1D1F212325272900194C4D
:1085500021E0194C1FE0194C1DE0194C1BE0194C8F
:1085600019E0194C17E0194C15E0194C13E0194C9F
:1085700011E0194C0FE0194C0DE0194C0BE0194CAF
:1085800009E0194C07E0194C05E0194C03E0194CBF
:1085900001E0084C00BF00BF224620210720E5F77C
:1085A000C3FC0148057070BD00020020E4FF0020FC
:1085B000540B0120B0C00308B1C00308CDC00308AC
:1085C000E6C00308F2C0030805C103081DC1030883
:1085D0002FC103084CC103086CC103088CC10308F8
:1085E0009DC10308B3C10308C8C10308E8C103085B
:1085F000F8C103080BC2030801460A69D1E901303A
:108600009860D1E9010358605068884201D18868B8
:108610005060002008611068401E106010687047AC
:1086200070B50446254655B900BF502080F3118827
:10863000BFF34F8FBFF36F8F00BF00BFFEE700F0A7
:1086400055F8D5E90E10461A00F07AF8304670BD9C
:10865000034B0360034B0B604FF4007313607047D0
:10866000B426002014270020034B0360034B0B604B
:108670004FF4806313607047142F0020742F002084
:1086800000F1080141604FF0FF31816000F1080105
:10869000C1600161002101607047002101617047E4
:1086A00010B502460B685C1C0CB9106907E002F1BA
:1086B000080000E04068446824689C42FAD9446895
:1086C0004C604C68A160886041600A611468641C59
:1086D000146010BD42684A6093688B60936859606B
:1086E0009160086103685B1C0360704700BF502005
:1086F00080F31188BFF34F8FBFF36F8F00BF0E4819
:108700000068401C0C49086008460068012812D126
:108710000A480068C0B208B9012000E0002050B942
:1087200000BF502080F31188BFF34F8FBFF36F8FCE
:1087300000BF00BFFEE77047C400002004ED00E06A
:108740000D48006850B900BF502080F31188BFF376
:108750004F8FBFF36F8F00BF00BFFEE70648006872
:10876000401E054908600846006820B9002080F3D3
:10877000118800BF00BF7047C400002070B50646D6
:108780003546002E44D0083D2C46224960680968D1
:10879000084008B1012000E0002050B900BF50207F
:1087A00080F31188BFF34F8FBFF36F8F00BF00BFFF
:1087B000FEE7206808B9012000E0002050B900BFA2
:1087C000502080F31188BFF34F8FBFF36F8F00BF2E
:1087D00000BFFEE70F49606809680840C0B1206823
:1087E000B0B90C49606809688843606000F016FA07
:1087F0000949606809680844074908602046F6F797
:1088000027FF06480068401C0449086001F0D8FCB6
:1088100070BD0000C0000020B0000020BC0000209F
:1088200000204FF0E02108618861064800684FF49D
:108830007A71B0FBF1F0401E4FF0E0214861072053
:10884000086170474400002070B5D7F78FFD0446DB
:10885000102C16D304F1E02090F8F053154800785E
:10886000854201DB012000E0002050B900BF50200C
:1088700080F31188BFF34F8FBFF36F8F00BF00BF2E
:10888000FEE70D48006800F4E0600C490968884282
:1088900001D8012000E0002050B900BF502080F333
:1088A0001188BFF34F8FBFF36F8F00BF00BFFEE78C
:1088B00070BD0000C80000200CED00E0CC000020DE
:1088C000024600200BE0084B53F8303033B9064B1A
:1088D00043F8301003EBC0035A6002E0401C082844
:1088E000F1D300BF704700009820002070B5044607
:1088F000254655B900BF502080F31188BFF34F8F34
:10890000BFF36F8F00BF00BFFEE7284600F008F8F6
:1089100095F8460010B92846FFF730FF70BD0000FB
:10892000014600200EE0094A02EBC00252688A426A
:1089300007D10022054B43F8302003EBC0035A60F7
:1089400002E0401C0828EED300BF704798200020AA
:108950002DE9F04105460E4617462C46FFF7C6FEA8
:1089600094F94400401C10B9002084F8440094F9A4
:108970004500401C10B9002084F84500FFF7E0FED8
:10898000A06B28B93A46314604F1240000F062F8A1
:108990002046F7F7AEF8BDE8F081000070B5044658
:1089A0000025D4B11248006808B9012000E0002079
:1089B00050B900BF502080F31188BFF34F8FBFF331
:1089C0006F8F00BF00BFFEE700F028F900212046AE
:1089D000F6F7A2FB01F0F4FB05463DB94FF08050DD
:1089E00004490860BFF34F8FBFF36F8F70BD000065
:1089F0008800002004ED00E0034909680160034994
:108A00000968416070470000780000206400002081
:108A100001200149086070477400002070B50446C9
:108A20000D4654B900BF502080F31188BFF34F8F1B
:108A3000BFF36F8F00BF00BFFEE705480168183124
:108A40002046FFF72DFE01212846F6F765FB70BD95
:108A50005000002070B505460E46144655B900BFBB
:108A6000502080F31188BFF34F8FBFF36F8F00BF8B
:108A700000BFFEE70648016818312846FFF72AFEC6
:108A80000CB14FF0FF3621463046F6F745FB70BD7E
:108A9000500000202DE9F04706460F4634464FF0BF
:108AA0000109002E55D0206D50B900BF502080F331
:108AB0001188BFF34F8FBFF36F8F00BF00BFFEE77A
:108AC000E06CB84201D23D4600E0E56CE06AA842A5
:108AD0003FD0206D01283CD11F480068844201D05E
:108AE000012000E0002050B900BF502080F3118821
:108AF000BFF34F8FBFF36F8F00BF00BFFEE7D4F807
:108B00002C80E562A06900F0004010B9C5F1380082
:108B1000A06108EB8801114A02EB8101606988427B
:108B200001D1012000E0002098B1201DFFF764FD75
:108B30000B49E06A0968884202D90949E06A08607D
:108B4000E16A01EB8101054A02EB8100211DFFF77B
:108B5000C1FDBDE8F087000050000020D8200020B3
:108B60006800002010B586B000200590049003AA8C
:108B700004A905A8FFF76CFD0022DDE904101346E7
:108B8000CDE9002102901EA11F48039A01F00CF9C3
:108B90001E4908600846006808B1012400E000246E
:108BA000012C02D101F08EFB0446012C15D100BF2F
:108BB000502080F31188BFF34F8FBFF36F8F00BF3A
:108BC0004FF0FF3012490860012012490860002070
:108BD0001149086000F0FEFA10E0601C08B10120A5
:108BE00000E0002050B900BF502080F31188BFF38F
:108BF0004F8FBFF36F8F00BF00BFFEE706B010BD01
:108C000049444C4500000000B9F4020884000020EB
:108C1000800000206C0000206400002002480068F2
:108C2000401C014908607047880000201E48006809
:108C300018B101201D49086034E000201B4908607C
:108C40001B4801680CE051B900BF502080F3118827
:108C5000BFF34F8FBFF36F8F00BF00BFFEE7491E0A
:108C600001EB8100134A52F8200008B9012000E00E
:108C700000200028E7D101EB81020E4B03EB8200BC
:108C800042685268426000F108024368934202D190
:108C90004268526842604268D268074B1A600448D2
:108CA000016000BF704700008800002074000020B1
:108CB00068000020D82000205000002070B5044635
:108CC0000D460926E4B12068D0B120680078B8B11B
:108CD000A0882168C988884212D12068F5F7A1FDD3
:108CE00068B121684878F2F799F900F0010008B9F5
:108CF000002605E000212068FBF762F900E00F265E
:108D00000EB9206800E000202860304670BD0000E9
:108D100070B5064629480078022839D13046F4F764
:108D2000B7FD002848D045F2A860E0F7F3FB50B14A
:108D3000234B40F6733223A129A0D7F709FC45F253
:108D4000A860E4F71BFF3046E8F79CFA0546002DC3
:108D500032D02846E8F756FA0446312C0AD1184B8F
:108D600040F67A3217A128A0D7F7F2FB45F2A960A6
:108D7000E4F704FF002C1FD1114B40F67E3211A105
:108D80002CA0D7F7E5FB45F2A960E4F7D5FE13E088
:108D900045F2A860E0F79EFB70B145F2A860E4F7E9
:108DA000CBFE45F2A960E4F7C7FE054B40F68D32D5
:108DB00004A12BA0D7F7CCFB70BD0000150000204C
:108DC0008BC003082E2E5C2E2E5C4D61696E4170A7
:108DD000705C6463486D694170702E630000000030
:108DE00025732C25642C25733A776972656C65733D
:108DF0007320666F6F74737769636820706C756732
:108E00002E2E2E2E2E2E0A0025732C25642C257333
:108E10003A776972656C65737320666F6F747377E8
:108E20006963682070726573732E2E2E2E2E2E0AA3
:108E30000000000025732C25642C25733A77697295
:108E4000656C65737320666F6F74737769636820F0
:108E500072656C656173652E2E2E2E2E2E0A000013
:108E600025732C25642C25733A776972656C6573BC
:108E70007320666F6F74737769636820756E706CAA
:108E800075672E2E2E2E2E2E0A00000070B5044679
:108E900000224FF480514848DBF794FE4FF6FF70F4
:108EA00000EA840443F6FC70044000BF00BF00BF2A
:108EB00000BF00BF00BF00BF00BF00BF00BF00BFBA
:108EC00000BF00BF00BF00BF00BF00BF00BF00BFAA
:108ED00000BF002553E0C5F10F0044FA00F000F098
:108EE0000106324604213548DBF76CFE00BF00BFA7
:108EF00000BF00BF00BF00BF00BF00BF00BF00BF7A
:108F000000BF00BF00BF00BF00BF00BF00BF00BF69
:108F100000BF00BF0122D1022748DBF753FE00BF8C
:108F200000BF00BF00BF00BF00BF00BF00BF00BF49
:108F300000BF00BF00BF00BF00BF00BF00BF00BF39
:108F400000BF00BF00BF00224FF400611A48DBF7EA
:108F500039FE00BF00BF00BF00BF00BF00BF00BFA1
:108F600000BF00BF00BF00BF00BF00BF00BF00BF09
:108F700000BF00BF00BF00BF00BF681CC5B2102DFE
:108F8000A9DB00BF00BF00BF00BF00BF00BF00BF24
:108F900000BF00BF00BF00BF00BF00BF00BF00BFD9
:108FA00000BF00BF00BF00BF00BF01221103024885
:108FB000DBF708FE70BD0000001402400004024010
:108FC0002DE9F0410646012240218148DBF7FAFDF8
:108FD00000BF00BF00BF00BF00BF00BF00BF00BF99
:108FE00000BF00BF00BF00BF00BF00BF00BF00BF89
:108FF00000BF00BF00BF00BF00BF00BF00BF00BF79
:1090000000BF00BF00BF00BF00BF00BF00BF00BF68
:1090100000BF00BF00BF00BF00BF00BF00BF00BF58
:10902000002240216A48DBF7CDFD4FF48857B8197C
:1090300087B200BF00BF00BF00BF00BF00BF00BFBE
:1090400000BF00BF00BF00258FE0C5F10F0047FA49
:1090500000F000F0010422464FF480715C48DBF719
:10906000B1FD00BF00BF00BF00BF00BF00BF00BF19
:1090700000BF00BF00BF00BF00BF00BF00BF00BFF8
:1090800000BF00BF00BF00BF00BF00BF00BF00BFE8
:1090900000BF00BF00BF00BF00BF00BF00BF00BFD8
:1090A00000BF00BF00BF00BF00BF00BF00BF00BFC8
:1090B00000BF012280214648DBF784FD00BF00BFCE
:1090C00000BF00BF00BF00BF00BF00BF00BF00BFA8
:1090D00000BF00BF00BF00BF00BF00BF00BF00BF98
:1090E00000BF00BF00BF00BF00BF00BF00BF00BF88
:1090F00000BF00BF00BF00BF00BF00BF00BF00BF78
:1091000000BF00BF00BF00BF00BF00BF0022802122
:109110002F48DBF757FD00BF00BF00BF00BF00BFF7
:1091200000BF00BF00BF00BF00BF00BF00BF00BF47
:1091300000BF00BF00BF00BF00BF00BF00BF00BF37
:1091400000BF00BF00BF00BF00BF00BF00BF00BF27
:1091500000BF00BF00BF00BF00BF00BF00BF00BF17
:1091600000BF00BF00BF681C85B2102DFFF66DAFB9
:1091700000BF00BF00BF00BF00BF00BF00BF00BFF7
:1091800000BF00BF00BF00BF00BF00BF00BF00BFE7
:1091900000BF00BF00BF00BF00BF00BF00BF00BFD7
:1091A00000BF00BF00BF00BF00BF00BF00BF00BFC7
:1091B00000BF00BF00BF00BF00BF00BF00BF00BFB7
:1091C000012240210248DBF7FDFCBDE8F0810000F0
:1091D000001802401CB5524800685249884201D02C
:1091E000012000E0002050B900BF502080F311881A
:1091F000BFF34F8FBFF36F8F00BF00BFFEE748483C
:1092000000684849491E884201D0012000E0002042
:1092100050B900BF502080F31188BFF34F8FBFF3C8
:109220006F8F00BF00BFFEE73F49084600780190FE
:10923000FF200A4610700846007800909DF8000054
:1092400000F0F0009DF80020904201D1012000E0E4
:10925000002050B900BF502080F31188BFF34F8F1A
:10926000BFF36F8F00BF00BFFEE79DF8000000F066
:1092700050002E4A107007202D4A106009E02C483B
:109280000068401E2A4A10609DF800004006000E4B
:1092900000909DF8000000F080008028EFD0244866
:1092A0000068C0F10700042801D1012000E000207F
:1092B00050B900BF502080F31188BFF34F8FBFF328
:1092C0006F8F00BF00BFFEE7194800680002184A10
:1092D00010601046008800F4E0601060124A0198A7
:1092E00010700F482030006840F470000C492031A5
:1092F00008600846006840F070400860FFF790FA88
:1093000000200C490860D6F7F9FF0B48006840F0D0
:10931000404009490860D6F7DDFF00201CBD000071
:1093200000ED00E071C20F4100E400E0C800002041
:10933000CC000020C400002034EF00E010B500BFD6
:10934000502080F31188BFF34F8FBFF36F8F00BFA2
:1093500000F0A4FD18B14FF080500449086000BF30
:10936000002080F3118800BF10BD000004ED00E074
:109370002DE9F04104460126002722460021012064
:1093800000F01CF805462846F6F7AAF82846BDE87E
:10939000F0812DE9F84304460D4601274FF00008FF
:1093A0002B46002211460120009400F034F80646B6
:1093B0003046F6F795F83046BDE8F8832DE9F843D6
:1093C00005460E4617460DB1012000E0002050B9B9
:1093D00000BF502080F31188BFF34F8FBFF36F8F12
:1093E00000BF00BFFEE705FB06F808F15000F6F7E6
:1093F000A1FC044664B1A14609F15009002084F89B
:1094000046003B464A46314628460094F6F777F830
:109410002046BDE8F8832DE9F84380460E461746FE
:109420001D46DDF82090B8F1000F01D0012000E0CA
:10943000002050B900BF502080F31188BFF34F8F38
:10944000BFF36F8F00BF00BFFEE70DB1012000E04A
:10945000002050B900BF502080F31188BFF34F8F18
:10946000BFF36F8F00BF00BFFEE707B10EB1012051
:1094700000E0002050B900BF502080F31188BFF3F6
:109480004F8FBFF36F8F00BF00BFFEE707B90EB964
:10949000012000E0002050B900BF502080F3118867
:1094A000BFF34F8FBFF36F8F00BF00BFFEE75020A9
:1094B00000900098502801D1012000E0002050B910
:1094C00000BF502080F31188BFF34F8FBFF36F8F21
:1094D00000BF00BFFEE700BF2C464CB1012084F85E
:1094E00046004B463A46314640460094F6F707F8A8
:1094F0002046BDE8F883000070B505460E462C46B0
:1095000054B900BF502080F31188BFF34F8FBFF3D1
:109510006F8F00BF00BFFEE7FFF7E8F8D4E90F1236
:10952000206801FB0200A0600020A063206860604A
:10953000E06B401E226C216800FB0211E160FF20FD
:1095400084F8440084F845009EB9206908B90120D8
:1095500000E00020A8B904F1100000F0E5FD80B1A2
:109560004FF0805009490860BFF34F8FBFF36F8FF2
:1095700007E004F11000FFF783F804F12400FFF77F
:109580007FF8FFF7DDF8012070BD000004ED00E07A
:109590002DE9FF4383B0064688461D464FF000097B
:1095A000344654B900BF502080F31188BFF34F8F69
:1095B000BFF36F8F00BF00BFFEE7B8F1000F01D10E
:1095C000206C08B9012000E0002050B900BF5020F5
:1095D00080F31188BFF34F8FBFF36F8F00BF00BFC1
:1095E000FEE7022D02D1E06B012801D1012000E04D
:1095F000002050B900BF502080F31188BFF34F8F77
:10960000BFF36F8F00BF00BFFEE700F031FC08B969
:10961000059808B9012000E0002050B900BF502093
:1096200080F31188BFF34F8FBFF36F8F00BF00BF70
:10963000FEE700BFFFF75AF8A06BE16B884201D349
:10964000022D28D12A4641462046F5F772FE0746EC
:10965000606A08B9012000E0002068B904F1240024
:1096600000F062FD88B14FF0805032490860BFF3CE
:109670004F8FBFF36F8F08E03FB14FF080502D49FF
:109680000860BFF34F8FBFF36F8FFFF759F80120CA
:1096900007B0BDE8F083059818B9FFF751F800202E
:1096A000F6E7B9F1000F04D101A8FFF7A5F94FF0D3
:1096B0000109FFF745F8FFF7B1FAFFF717F894F93A
:1096C0004400401C10B9002084F8440094F945007F
:1096D000401C10B9002084F84500FFF731F805A9B7
:1096E00001A800F0E9FAF0B92046F6F71EF8A0B19B
:1096F00004F110000599FFF791F92046F6F7F9F902
:1097000000F05EFD002895D14FF0805009490860B7
:10971000BFF34F8FBFF36F8F8CE72046F6F7E9F961
:1097200000F04EFD86E72046F6F7E3F900F048FD2D
:109730000020ADE704ED00E02DE9F84F07468A462A
:1097400090461E463C4654B900BF502080F3118815
:10975000BFF34F8FBFF36F8F00BF00BFFEE7BAF1BB
:10976000000F01D1206C08B9012000E0002050B9A1
:1097700000BF502080F31188BFF34F8FBFF36F8F6E
:1097800000BF00BFFEE7022E02D1E06B012801D12D
:10979000012000E0002050B900BF502080F3118864
:1097A000BFF34F8FBFF36F8F00BF00BFFEE7FFF720
:1097B0004BF800BF5021EFF3118081F31188BFF304
:1097C0004F8FBFF36F8F00BF0546A06BE16B8842E0
:1097D00001D3022E25D194F945B0A06B00903246FA
:1097E00051462046F5F7A5FD0BF1010088B9606AE6
:1097F00008B9012000E0002050B904F1240000F075
:1098000093FC28B1B8F1000F02D00120C8F8000085
:1098100004E00BF1010040B284F845004FF001096B
:1098200001E04FF0000900BF85F3118800BF4846F2
:10983000BDE8F88F70B505462C4654B900BF5020DE
:1098400080F31188BFF34F8FBFF36F8F00BF00BF4E
:10985000FEE700F007FBA16888420CD1E068401EDB
:10986000E060E06828B900231A4619462046FFF751
:109870008FFE012600E00026304670BD2DE9F7413D
:1098800083B005460E464FF000082C4654B900BF81
:10989000502080F31188BFF34F8FBFF36F8F00BF4D
:1098A00000BFFEE70EB9206C08B9012000E00020DF
:1098B00050B900BF502080F31188BFF34F8FBFF322
:1098C0006F8F00BF00BFFEE700F0D2FA08B905981D
:1098D00008B9012000E0002050B900BF502080F3FB
:1098E0001188BFF34F8FBFF36F8F00BF00BFFEE73C
:1098F00000BFFEF7FBFEA76BF7B131462046F5F738
:1099000003FD781EA063206908B9012000E0002053
:1099100060B904F1100000F007FC38B14FF080503E
:109920002F490860BFF34F8FBFF36F8FFEF708FF1B
:10993000012006B0BDE8F081059818B9FEF700FFD8
:109940000020F6E7B8F1000F04D101A8FFF754F8A2
:109950004FF00108FEF7F4FEFFF760F9FEF7C6FED0
:1099600094F94400401C10B9002084F8440094F994
:109970004500401C10B9002084F84500FEF7E0FEC9
:1099800005A901A800F098F9F0B92046F5F7C0FE46
:10999000A0B104F124000599FFF740F82046F6F73E
:1099A000A8F800F00DFC0028A3D14FF080500C491E
:1099B0000860BFF34F8FBFF36F8F9AE72046F6F72B
:1099C00098F800F0FDFB94E72046F6F792F800F0D7
:1099D000F7FB2046F5F79CFE00288AD00020A8E778
:1099E00004ED00E02DE9F05F06468946174634464F
:1099F00054B900BF502080F31188BFF34F8FBFF3DD
:109A00006F8F00BF00BFFEE7B9F1000F01D1206CDE
:109A100008B9012000E0002050B900BF502080F3B9
:109A20001188BFF34F8FBFF36F8F00BF00BFFEE7FA
:109A3000FEF70AFF00BF5021EFF3118081F3118878
:109A4000BFF34F8FBFF36F8F00BF0546D4F838A028
:109A5000BAF1000F22D094F944B049462046F5F7F8
:109A600053FCAAF10100A0630BF1010070B9206959
:109A700008B9012000E0002068B904F1100000F0EE
:109A800053FB40B13FB10120386004E00BF101000D
:109A900040B284F844004FF0010801E04FF00008A4
:109AA00000BF85F3118800BF4046BDE8F09F00006D
:109AB0002DE9F34182B005464FF000082C46002600
:109AC00054B900BF502080F31188BFF34F8FBFF30C
:109AD0006F8F00BF00BFFEE7206C08B9012000E0D7
:109AE000002050B900BF502080F31188BFF34F8F82
:109AF000BFF36F8F00BF00BFFEE700F0B9F908B9F0
:109B0000039808B9012000E0002050B900BF5020A0
:109B100080F31188BFF34F8FBFF36F8F00BF00BF7B
:109B2000FEE700BFFEF7E2FDA76BFFB1781EA06362
:109B3000206810B9F6F7A4F9A060206908B90120DF
:109B400000E0002060B904F1100000F0EDFA38B137
:109B50004FF0805043490860BFF34F8FBFF36F8FC2
:109B6000FEF7EEFD012004B0BDE8F081039898B93E
:109B70000EB9012000E0002050B900BF502080F352
:109B80001188BFF34F8FBFF36F8F00BF00BFFEE799
:109B9000FEF7D6FD0020E6E7B8F1000F04D16846D5
:109BA000FEF72AFF4FF00108FEF7CAFDFFF736F86F
:109BB000FEF79CFD94F94400401C10B9002084F885
:109BC000440094F94500401C10B9002084F8450079
:109BD000FEF7B6FD03A9684600F06EF840BB2046CC
:109BE000F5F796FDF0B1206838B9FEF77FFDA06863
:109BF00000F048FA0646FEF7A3FD04F1240003999D
:109C0000FEF70CFF2046F5F774FF00F0D9FA0028A4
:109C100088D14FF0805013490860BFF34F8FBFF3D6
:109C20006F8F7FE72046F5F764FF00F0C9FA79E708
:109C30002046F5F75EFF00F0C3FA2046F5F768FD11
:109C40000028EED05EB1FEF751FD2046F5F7D8FBB7
:109C500007463946A068FEF71DFFFEF771FD00209C
:109C600081E7000004ED00E02DE9F04106460F46D3
:109C7000344654B900BF502080F31188BFF34F8F92
:109C8000BFF36F8F00BF00BFFEE700F0EBF8A168E5
:109C9000884204D1E068401CE060012508E03946B4
:109CA0002046FFF705FF054615B1E068401CE0605F
:109CB0002846BDE8F081000070B505460C4655B950
:109CC00000BF502080F31188BFF34F8FBFF36F8F19
:109CD00000BF00BFFEE754B900BF502080F31188D9
:109CE000BFF34F8FBFF36F8F00BF00BFFEE7FEF7DC
:109CF000FDFC124802686868131A2068401C08B905
:109D0000002617E00E4928680968884204D0686870
:109D1000904201D801260DE02068984207D92068BA
:109D2000C01A20602846FEF767FE002602E00020E9
:109D300020600126FEF704FD304670BD640000205F
:109D4000780000202DE9FF4F85B0804689461746F0
:109D5000DDE912ABB800F5F7EDFF064656B160201D
:109D6000F5F7E8FF04460CB1266304E03046FEF741
:109D700005FD00E000248CB1002084F85D00CDE9F1
:109D800000ABCDE902403A4649464046089BF5F70C
:109D9000CBFB2046F5F7FEF9012501E04FF0FF353A
:109DA000284609B0BDE8F08F2DE9F04F85B0074691
:109DB000884691469A46DDE90EB6109C0EB1012008
:109DC00000E0002050B900BF502080F31188BFF39D
:109DD0004F8FBFF36F8F00BF00BFFEE70CB10120B4
:109DE00000E0002050B900BF502080F31188BFF37D
:109DF0004F8FBFF36F8F00BF00BFFEE7602003905F
:109E00000398602801D1012000E0002050B900BF74
:109E1000502080F31188BFF34F8FBFF36F8F00BFC7
:109E200000BFFEE700BFB4B1AEB125462C462E639D
:109E3000022085F85D00002004A953464A46CDE97A
:109E400000B1CDE9025041463846F5F76DFB284692
:109E5000F5F7A0F901E000200490049805B0BDE8F2
:109E6000F08F000001490868704700005000002092
:109E70000549096809B9012005E00449096809B9DB
:109E8000022000E0002070476C00002088000020C5
:109E90000149086870470000640000202DE9F04186
:109EA0004FF000084348006800287BD14248006812
:109EB000451C4148056015BB40480068006808B96A
:109EC000012000E0002050B900BF502080F311882D
:109ED000BFF34F8FBFF36F8F00BF00BFFEE7374860
:109EE00007683748006835490860354807603548D5
:109EF0000068401C33490860F5F74CFD00BF32484C
:109F0000006885423BD300BF2C480068006808B950
:109F1000012000E0002020B14FF0FF302A49086006
:109F20002CE026480068C068C4686668B54202D262
:109F30002548066022E0201DFEF75EFBA06A18B1EE
:109F400004F11800FEF758FB2049E06A09688842CE
:109F500002D91E49E06A0860E16A01EB81011C4AEE
:109F600002EB8100211DFEF7B5FB1A49E06A096882
:109F7000C96A8842C8D34FF00108C5E700BF154839
:109F80000068C06A00EB8000114951F820000128E8
:109F900001D94FF001081048006808B14FF00108DE
:109FA00005E0FFE70D480068401C0C49086040468A
:109FB000BDE8F081880000206400002054000020EB
:109FC0005800002078000020800000206800002059
:109FD000D8200020500000207400002070000020D5
:109FE00070B505462C460026002D43D02248006857
:109FF000844201D1012000E0002050B900BF502070
:10A0000080F31188BFF34F8FBFF36F8F00BF00BF86
:10A01000FEE7206D50B900BF502080F31188BFF3D8
:10A020004F8FBFF36F8F00BF00BFFEE7206D401E54
:10A030002065E16CE06A88421CD0206DD0B9201DFB
:10A04000FEF7DAFAE06CE062E06AC0F13800A06185
:10A050000A49E06A0968884202D90849E06A08604A
:10A06000E16A01EB8101064A02EB8100211DFEF746
:10A0700031FB0126304670BD5000002068000020F2
:10A08000D820002070B505462C460026002D42D071
:10A090002249E06A0968C96A884235D2A06900F09D
:10A0A000004028B91D480068C06AC0F13800A061AE
:10A0B000E16A01EB81011A4A02EB81016069884281
:10A0C00001D1012000E00020C0B1201DFEF794FA6C
:10A0D00012480068C06AE0621249E06A0968884272
:10A0E00002D91049E06A0860E16A01EB81010C4A7B
:10A0F00002EB8100211DFEF7EDFA03E0074800683E
:10A10000C06AE062012606E00449E06C0968C96A99
:10A11000884200D20126304670BD00005000002069
:10A12000D82000206800002070B50646F068C4689A
:10A1300054B900BF502080F31188BFF34F8FBFF395
:10A140006F8F00BF00BFFEE704F11800FEF754FA5E
:10A1500015480068A0B9201DFEF74EFA1349E06AC1
:10A160000968884202D91149E06A0860E16A01EB96
:10A1700081010F4A02EB8100211DFEF7ABFA04E0DA
:10A1800004F118010B48FEF7A5FA0B49E06A0968CB
:10A19000C96A884204D9012501200849086000E005
:10A1A0000025284670BD00008800002068000020BF
:10A1B000D8200020602500205000002074000020DE
:10A1C00070B5002400263648006850B900BF502002
:10A1D00080F31188BFF34F8FBFF36F8F00BF00BFB5
:10A1E000FEE7FEF783FA2E480068401E2C490860FF
:10A1F0000846006800284ED12A48006800284AD046
:10A2000023E02948C068C46804F11800FEF7F4F997
:10A21000201DFEF7F1F92549E06A0968884202D954
:10A220002249E06A0860E16A01EB8101204A02EB01
:10A230008100211DFEF74EFA1E49E06A0968C96ACD
:10A24000884202D301201C4908601748006808B9F9
:10A25000012000E000200028D3D00CB1F5F79AFBD4
:10A260001648056865B100BFFFF718FE10B1012060
:10A27000114908606D1E002DF6D100200F490860BD
:10A280000D48006838B1012630070D490860BFF35A
:10A290004F8FBFF36F8FFEF753FA304670BD00004B
:10A2A0008800002060000020602500206800002059
:10A2B000D8200020500000207400002070000020F2
:10A2C00004ED00E010B586B00024F4F7BFFF164897
:10A2D0000068D0B100200590049003AA04A905A845
:10A2E000FEF7C2F90222DDE904100023CDE90021C6
:10A2F00002900EA10F48039AFFF756FD0E49086021
:10A300000846006800B1012400BF54B900BF5020C6
:10A3100080F31188BFF34F8FBFF36F8F00BF00BF73
:10A32000FEE7204606B010BD94000020546D722058
:10A3300053766300D9FA0208980000202DE9FF4700
:10A3400004460D4616461F46DDF830804FF00009E2
:10A3500054B900BF502080F31188BFF34F8FBFF373
:10A360006F8F00BF00BFFEE71448006810B3009570
:10A3700001960294062D15DAFFF77AFD022808D11E
:10A380000023424669460D480068FFF701F98146FF
:10A3900010E000231A46694608480068FFF7F8F8FD
:10A3A000814607E000233A46694604480068FFF703
:10A3B000C3F98146484604B0BDE8F0879400002008
:10A3C00030B502465478641C6301002420462146BF
:10A3D00010E0022901D1491C0BE000F0010414B186
:10A3E0004FF4004400E0002404EB6004555C2C446E
:10A3F000A0B2491C9942ECD330BD70B5064600248A
:10A400001BE02846F2F728F8054604F0010010B1D9
:10A410004FF4004000E0002000EB6400E9B2084483
:10A4200084B204F0010010B14FF4004000E00020BD
:10A4300000EB640000EB252084B236F8021B0D1EF1
:10A44000DFD1204670BD000010B500290AD0087881
:10A45000002807D005487844D7F758FF002801D0D6
:10A46000002010BD0248784410BD0000FE2300000B
:10A47000F623000010B500290AD00878002807D07C
:10A4800005487844D7F742FF002801D0002010BDCE
:10A490000248784410BD0000EE230000E6230000CF
:10A4A00081F00041704780F00040704721F000418A
:10A4B000704720F00040704721F00042A2F1605246
:10A4C000B2F5801F01F0004328BFD2F17F6C0BD999
:10A4D0005FEA001C43EAC20242EB507018BF7047AB
:10A4E00028BF20F001007047B2F5801FBCBF18469E
:10A4F00070474FEA410C1CF5001F02D2084600F0DD
:10A5000091BD70B500F098FB00000089FFF7F6BF21
:10A510004FF00040A0F580007047000010B591EAB0
:10A52000030F48BF83F0004300F12484841A71EBC9
:10A53000030C05D2121943EB0C03001B61EB0C0159
:10A54000DFF824E14FEA1154A4EB135C1EEA430F39
:10A5500018BF9EEA445F73D023EA0E03DCF1200E9D
:10A5600021EA045143F4801332D322FA0CFE10EB9B
:10A570000E0023FA0CFE41EB0E01CCF1200E03FA83
:10A580000EFE10EB0E0051F10001B1F5801FCCF171
:10A59000200E32D201EB045112FA0EF2BDE8104047
:10A5A00058BF7047401C38BF5FEA420218BF70476F
:10A5B000002814BF20F0010041F100014FEA4103DF
:10A5C00013F5001F38BF7047A1F1C04100F082BBF6
:10A5D000012A43EB0302ACF1200CDCF11F0E32BF69
:10A5E0004FF0000E23FA0CF310EB030041EB045183
:10A5F000B4EB115FD0D0A1EB045101F580114908F3
:10A600005FEA300001EB04510ED350F1000038BF77
:10A6100012FA0EFE08D1BDE81040C9E7401C38BF51
:10A620005FEA4202CAD1C3E7BDE810404FEA4103E6
:10A6300013F5001F38BF7047A1F1C04100F04ABBBD
:10A640009EEA445F08D011EA5E0FBDE8104004BFE7
:10A6500001F0004100207047BDE8104070B500F0E7
:10A66000EBFA00BF64FBBE3E0000E0FF02494FF082
:10A67000000000F0E1BC00BF0000F87F491058BFA7
:10A68000C1F140415B1058BFC3F140438B42EFF32F
:10A69000008070472DE9C04130B4DFF8A0C23CEA29
:10A6A000111418BF3CEA131400F0EC8081EA030592
:10A6B0001CEA111444EAD57418BF1CEA131500F003
:10A6C000C780A4EB05044FF0004545EAC12145EAE7
:10A6D000C32341EA505143EA525304F17F74994233
:10A6E00004F500344FEAC0204FEAC22208BF90426E
:10A6F00000F09C804FEA13650FF24016765D4FEA3A
:10A70000134506FB05F7C7F1807706FB07F74FEA0D
:10A71000D737A7FB03687642C8F58038A7FB06CE7B
:10A7200038BFA8F1010807FB08E64FF0000EA6FBB2
:10A73000028CE6FB03CEDCF1000CCEF1004E38BFFC
:10A74000AEF1010EA6FB0C584FF000074FF00005CC
:10A75000E6FB0E87A1FB08C6A0FB07CE16EB0E0694
:10A7600045F10005E1FB076515F1E04E7EBFA4F55C
:10A7700080345FEA46066D4116F1800745F1000519
:10A780004FEA17274FEA066647EA0567A6F1DE4655
:10A79000B6F1805F4FEA15251FD9384624F0010C29
:10A7A00005EBC471BCF1FE6F01EB0C1102D8F0BCDB
:10A7B000BDE8008124425CBF01F5801E9EEAC47F93
:10A7C00002D4F0BCBDE80081244238D4F0BCA1F131
:10A7D000C041BDE8004100F07DBA4FEAD22242EA12
:10A7E00043524FEAD323A7FB02864FEAD02040EA28
:10A7F000415007FB03661EEA0E0F4FEAD12105FB0D
:10A80000026658BFA6EB0056B6EB00564FEA520E52
:10A810004EEAC37E18EB0E0E56EB530EBDD518EB69
:10A8200002085E417F1C55F10005B6E74FF4801524
:10A830004FF000074FF000064FF00008ADE7F0BC06
:10A840004FF0000001F1C04101F00041BDE800817E
:10A8500011EA0C1F0CEA131500D00CE013EA0C1FD0
:10A8600000F025804FF00000F0BC81EA030101F008
:10A870000041BDE80081F0BCBDE8004181EA030170
:10A8800000F028BAF0BCBDE8004170B500F0D4F982
:10A89000097EFC3E00F007B881EA03014FF000009A
:10A8A00001F00041704781EA030100F013BAF0BCE7
:10A8B000BDE800414FF0000021497047FFFDFBF962
:10A8C000F7F5F4F2F0EEEDEBE9E8E6E4E3E1E0DEE3
:10A8D000DDDBDAD8D7D5D4D3D1D0CFCDCCCBCAC855
:10A8E000C7C6C5C4C2C1C0BFBEBDBCBBBAB9B8B77C
:10A8F000B6B5B4B3B2B1B0AFAEADACABAAA9A8A86F
:10A90000A7A6A5A4A3A3A2A1A09F9F9E9D9C9C9B3C
:10A910009A999998979796959594939392919190E7
:10A920008F8F8E8E8D8C8C8B8B8A89898888878778
:10A930008685858484838382828181800000FF07ED
:10A940000000F87F51EA030C17D41CF5801F58BF94
:10A95000BCF5801F00F10680994218BF704708BF00
:10A960009042704707D711F5801F58BF13F5801F1D
:10A9700019D499427047894270471CF5801F08D549
:10A98000BCF5801FF7D58B4218BF704708BF8242C5
:10A9900070474FF4001C1CEB410F38BF1CEB430FFA
:10A9A00001D28B42704770B500F046F992244900FD
:10A9B0004FF000514FF08053FFF760BE4FEA115344
:10A9C000A3F58063D3F11E03A8BFD3F1200C08DBED
:10A9D0004FF0004242EAC12252EA505232FA03F0EA
:10A9E000704709420BD4102BC4BF0020704703F5F9
:10A9F000787CBCF1FF3F05D04FF0FF3070474FF03F
:10AA00000000704770B500F017F900BF499224802C
:10AA100000207047F0E710F0004248BF4042B0FA13
:10AA200080F310FA03F10AD0C3F11D0303F580632C
:10AA30004FEA415002EB035202EBD12170474FF035
:10AA400000007047B0FA80F310FA03F10AD0C3F1A6
:10AA50001D0303F580634FEA41504FEA035202EBB6
:10AA6000D12170474FF000007047000051EA030CFD
:10AA700017D41CF5801F58BFBCF5801F00F106805D
:10AA8000994218BF704708BF9042704707D711F529
:10AA9000801F58BF13F5801F19D49942704789420F
:10AAA00070471CF5801F08D5BCF5801FF7D58B4279
:10AAB00018BF704708BF824270474FF4001C1CEB60
:10AAC000410F38BF1CEB430F01D28B42704770B56A
:10AAD00000F0B2F8922449004FF000514FF080533B
:10AAE000FFF7CCBDDFF848C170B51CEA111E1EBFD0
:10AAF0001CEA13159EEA0C0F95EA0C0F00F06F800C
:10AB000081EA030423EA4C134EEAD47E21EA4C1175
:10AB100041F4801143F48013AE44A1FB024CA0FB2E
:10AB20000365AEF17F7E361955EB0C05A1FB034C96
:10AB30004CF10003A0FB021C16EB0C06654153F11F
:10AB40000003094218BF46F0010613F4007F0BD141
:10AB50004FEA03314FEA0530340341EA155140EA28
:10AB600016506FF003020AE04FEAC3214FEAC520F6
:10AB7000F40241EA555140EA56506FF0020202EBEE
:10AB80002E4201EB025585EACE710AD05FEA440CF1
:10AB900018BF24F0004450F1000041F1000120EA08
:10ABA000D47040F2FE7C624500D270BDA84214BF52
:10ABB0004FF080444FF04044002E08BF0024BEF107
:10ABC000806FA8BFA1F1C041BDE8704080F28280D3
:10ABD0004FF0000001F1C04101F0004170479EEAD2
:10ABE0000C0F0CEA131518BF95EA0C0F06D04FF0A6
:10ABF000000081EA030E0EF0004170BD00F01CF869
:10AC00008900013E00F007B800F009B84FEA430C94
:10AC10005FEA5C5C08D081EA030100F05BB84FEAB0
:10AC2000410C5FEA5C5CF6D14FF0000001497047CF
:10AC30000000FF070000F87F0EF1020E2EF0030E59
:10AC40005EF8046B364205D4012A43EB030515F583
:10AC5000001F12D8012841EB010C1CF5001F0CD875
:10AC60000ED14FEAD17C15F5001F0CEB4C0C0CF10A
:10AC7000020C08BF4CEBD37C04E04FF0080C01E061
:10AC80004FEAD37C0CEB4C0526FA05F606F00706D6
:10AC9000B6F1040C06D20EEB860CBDE870404CF009
:10ACA000010C6047DFE80CF0090B02024FF0004195
:10ACB0004FF00000A1F5002170BD19461046012893
:10ACC00051EB010418BFD4F5001484BF002001F03B
:10ACD000004170BD0808A0F500114FEA310170472E
:10ACE00053EA010C17D41CF5801F58BFBCF5801F18
:10ACF00000F106808B4218BF704708BF8242704740
:10AD000007D713F5801F58BF11F5801F19D48B4248
:10AD100070479B4270471CF5801F08D5BCF5801F0B
:10AD2000F7D5994218BF704708BF904270474FF45B
:10AD3000001C1CEB430F38BF1CEB410F01D29942A2
:10AD400070470FB40CBC03BCFFF7C1BE91EA030F00
:10AD500010B581F000413FF5E9AB83F0004300F00E
:10AD600009B8000010B591EA030F48BF83F0004313
:10AD70003FF5DCAB841A71EB030C07D212198CF08F
:10AD8000004C43EB0C03001B61EB0C01DFF8A4E16A
:10AD90004FEA1154A4EB135C1EEA430F18BF9EEA5E
:10ADA000445F00F0B08023EA6E03524221EA04516E
:10ADB000C3EB6E0338BF5B1EDCF1200E25D322FAF5
:10ADC0000CFE10EB0E0043FA0CFE41EB0E01CCF131
:10ADD000200E03FA0EFE10EB0E0051F10001CCF133
:10ADE000200E29D412FA0EF201EB0451BDE81040F6
:10ADF00058BF7047401C1CBFB2F1004F704700287D
:10AE00000CBF491C20F00100704712EB020E43EB0F
:10AE1000030218BF4FF0010E4EEA4202ACF1200CC3
:10AE2000DCF11E0E54D943FA0CFE10EB0E0051F16A
:10AE3000FF31CCF11E0ED5D50EF1010E12FA0EFE29
:10AE4000404141EB010101EB445C5FEA5C5C10D9DD
:10AE500010EBDE7001EB045138BFBEF1004FBDE8CE
:10AE6000104018BF704700280CBF491C20F001009B
:10AE7000704730D24FEAD42C11F5001124F400644D
:10AE80001BD0B1FA81F20B3AA41AA41ED2F120030E
:10AE9000914030FA03F31943904001EBCC71002C40
:10AEA00001EB0451BDE81040A8BF704701F1C0415B
:10AEB0004FF0000001F000417047B0FA80F310FA43
:10AEC00003F100D110BDE41A173C4805C90AE4E7B4
:10AED00001EB045110BD491001EB0451BDE81040D5
:10AEE0004FEA300002E04FF0000170474A0008BF0F
:10AEF0000042F8D0B2F5001F28BF704701F00041B2
:10AF00004FF0000070479EEA445F07D011EA5E0FE1
:10AF1000BDE8104004BF002100207047BDE810408C
:10AF200070B5FFF789FE00BF40DFF63E83F00041B9
:10AF3000104670470000E0FF43004FEAD30C4FEA91
:10AF40003C0C43401FBF40070CF1605113F0FE4F13
:10AF500070471CF0006F03D100200CF000417047D7
:10AF60000CF0004343EA507010B540EACC0000F00A
:10AF70000EF800BF000000924FEA0001FFF7AABEE2
:10AF80004FF000414FF00000A1F5002170470EF195
:10AF9000020E2EF0030E5EF8044B244204D44FEA56
:10AFA0004102B2F17F4F11D84FEA4003B3F17F4F16
:10AFB0000CD80ED14FEAD07CB2F17F4F0CEB4C0C89
:10AFC0000CF1020C08BF4CEBD17C04E04FF0080CF4
:10AFD00001E04FEAD17C0CEB4C0324FA03F404F0BB
:10AFE0000704B4F1040C06D20EEB840CBDE810404B
:10AFF0004CF0010C6047DFE80CF0070802024FF04C
:10B000000040A0F5800010BD0846420018BFD2F1F4
:10B01000807288BF00F0004010BD4FF04070E1EE3C
:10B02000100A7047FF2141EAD050C00570474FF029
:10B0300000007047D5F7B5BF0CF00F03092B08BF10
:10B04000082000F05F800A2B0BD0082B18BF704738
:10B0500008BF1CF0400F0AD04FF000004FF0000175
:10B0600070471CF0400F18BF4FF0004070471CF0B5
:10B07000100F08D020F0704300F07F4242EAD30165
:10B080004FEA4370704700F0604021F07F4242EA8F
:10B09000000201F07F4040EA727070474FF0FF0CF1
:10B0A0004CF4E06C1CEA11531CBF9CEA030C944561
:10B0B000C2BFDA4201EB02517047002B0DD0BCF148
:10B0C000000F0FD0002A01F00041A4BF41F0E04181
:10B0D00041F07F614FF00000704701F000414FF0F8
:10B0E0000000704750EA01334FF09B0C18BF4CF042
:10B0F000806C7FF4BBAA7047D6F704BAD6F7A6BE19
:10B10000D7F734B81CF4801F11D01CF4E02F03D003
:10B110006FEACC31490070474FF04050EFF30082A6
:10B1200022F0704242EA000282F3008870474FF03A
:10B1300000007047E8C303080000000000000000A2
:10B1400000000000000000000008000018000000DF
:10B150000000000000000000DCC303080000000045
:10B16000000000000000000000000000008000005F
:10B17000180000000000000000000000F15C020860
:10B18000195E02087D5D0208395E0208F95C02085A
:10B190000006101600061016000000000000000057
:10B1A000010203040607080900000000010203046D
:10B1B000809A45418E418F804545454949498E8F4A
:10B1C0009092924F994F555559999A9B9C9D9E9F4D
:10B1D00041494F55A5A5A6A7A8A9AAABACADAEAF4E
:10B1E000B0B1B2B3B4B5B6B7B8B9BABBBCBDBEBFE7
:10B1F000C0C1C2C3C4C5C6C7C8C9CACBCCCDCECFD7
:10B20000D0D1D2D3D4D5D6D7D8D9DADBDCDDDEDFC6
:10B21000E0E1E2E3E4E5E6E7E8E9EAEBECEDEEEFB6
:10B22000F0F1F2F3F4F5F6F7F8F9FAFBFCFDFEFFA6
:10B2300001030507090E10121416181C1E222A2BD2
:10B240002C2E3A3B3C3D3E3F5B5D7C7F0000010085
:10B250000400100040000001000200000100020094
:10B2600004000800100020000000C700FC00E900F6
:10B27000E200E400E000E500E700EA00EB00E8009F
:10B28000EF00EE00EC00C400C500C900E600C600F7
:10B29000F400F600F200FB00F900FF00D600DC002D
:10B2A000A200A300A500A7209201E100ED00F30099
:10B2B000FA00F100D100AA00BA00BF001023AC00D0
:10B2C000BD00BC00A100AB00BB00912592259325D9
:10B2D00002252425612562255625552563255125FE
:10B2E00057255D255C255B251025142534252C2547
:10B2F0001C2500253C255E255F255A2554256925FA
:10B300006625602550256C256725682564256525FB
:10B3100059255825522553256B256A2518250C25B6
:10B32000882584258C2590258025B103DF00930393
:10B33000C003A303C303B500C403A6039803A90372
:10B34000B4031E22C603B50329226122B10065227F
:10B35000642220232123F7004822B0001922B700DD
:10B360001A227F20B200A025A00061001A03E0008D
:10B370001703F8000703FF00010078010001300106
:10B3800032010601390110014A012E01790106013D
:10B3900080014D0043028101820182018401840108
:10B3A00086018701870189018A018B018B018D014B
:10B3B0008E018F0190019101910193019401F60199
:10B3C00096019701980198013D029B019C019D0106
:10B3D00020029F01A001A001A201A201A401A401D9
:10B3E000A601A701A701A901AA01AB01AC01AC010B
:10B3F000AE01AF01AF01B101B201B301B301B501BB
:10B40000B501B701B801B801BA01BB01BC01BC016B
:10B41000BE01F701C001C101C201C301C401C501E0
:10B42000C401C701C801C701CA01CB01CA01CD01CE
:10B430001001DD0101008E01DE011201F3010300A4
:10B44000F101F401F401F8012801220212013A028B
:10B450000900652C3B023B023D02662C3F02400284
:10B460004102410246020A01530240008101860165
:10B47000550289018A0158028F015A0290015C022B
:10B480005D025E025F029301610262029401640246
:10B49000650266026702970196016A02622C6C02DD
:10B4A0006D026E029C01700271029D0173027402B2
:10B4B0009F0176027702780279027A027B027C028F
:10B4C000642C7E027F02A60181028202A90184020D
:10B4D000850286028702AE014402B101B201450233
:10B4E0008D028E028F0290029102B7017B0303004E
:10B4F000FD03FE03FF03AC030400860388038903F6
:10B500008A03B1031103C2030200A303A303C4030C
:10B510000803CC0303008C038E038F03D8031801A8
:10B52000F2030A00F903F303F403F503F603F70348
:10B53000F703F903FA03FA03300420035004100759
:10B54000600422018A043601C1040E01CF04010007
:10B55000C004D00444016105260400007D1D0100E3
:10B56000632C001E9601A01E5A01001F0806101F22
:10B570000606201F0806301F0806401F0606511F3A
:10B580000700591F521F5B1F541F5D1F561F5F1F6F
:10B59000601F0806701F0E00BA1FBB1FC81FC91FFF
:10B5A000CA1FCB1FDA1FDB1FF81FF91FEA1FEB1F93
:10B5B000FA1FFB1F801F0806901F0806A01F080621
:10B5C000B01F0400B81FB91FB21FBC1FCC1F010061
:10B5D000C31FD01F0206E01F0206E51F0100EC1F7B
:10B5E000F21F0100FC1F4E210100322170211002C8
:10B5F000842101008321D0241A05302C2F04602CD3
:10B600000201672C0601752C0201802C6401002DBB
:10B61000260841FF1A030000380100200100000045
:10B620000000000000000000010000000000000019
:10B6300001000000010000003801002001000000AE
:10B6400001000000000000000100000000000000F8
:10B65000010000000100000038010020010000008E
:10B6600002000000000000000100000000000000D7
:10B67000010000000100000038010020010000006E
:10B6800003000000000000000100000000000000B6
:10B69000010000000100000038010020010000004E
:10B6A0000400000000000000010000000000000095
:10B6B000010000000100000038010020010000002E
:10B6C0000500000000000000010000000000000074
:10B6D000010000000100000038010020010000000E
:10B6E0000600000000000000010000000000000053
:10B6F00001000000010000003801002001000000EE
:10B700000700000000000000010000000000000031
:10B7100001000000010000003A01002008000000C4
:10B7200000060000000000006500000000000000AE
:10B73000650000000100000000603132333435360E
:10B74000373839302D3D0008097177657274797585
:10B75000696F705B5D5C006173646667686A6B6CDF
:10B760003B27000A00007A786376626E6D2C2E2FDC
:10B7700000000000002000000000000000000000A9
:10B7800000000000000000000D00000000000000AC
:10B79000000000373431002F383532302A39363343
:10B7A0002E2D2B000A001B000000000000000000EE
:10B7B000000000000000000000000000007E2140AA
:10B7C0002324255E262A28295F2B0008005157458F
:10B7D00052545955494F507B7D7C00415344464754
:10B7E000484A4B4C3A22000A00005A584356424EEF
:10B7F0004D3C3E3F00000000002000000000000023
:10B800000000000000000000000000000000000038
:10B8100000000000000000000000002F00000000F9
:10B820002A000000002D2B000A001B000000000071
:10B830000000000000000000000000000000000008
:10B84000000000001F323021132223241825262750
:10B850003433191A111420151731122F162E020322
:10B860000405060708090A0B2B6E0F103D0C0D1B73
:10B870001C1D2A2829013536371E707172737475A4
:10B88000767778797A7B7C7D7E4B50554C51565932
:10B890004F54535A5F64696A6C5D62675C61665BB2
:10B8A000606563682D81000000000000000000005A
:10B8B0000000000000000000000000000000000088
:10B8C00000000000006B00380000000000000000D5
:10B8D0000000000000000000000000000000000068
:10B8E0000000000000000000000000000000000058
:10B8F0000000000000000000000000000000000048
:10B900000000000000000000000000000000000037
:10B910000000000000000000000000000000000027
:10B920003A2C3C7F40393E80000021104220633099
:10B930008440A550C660E770088129914AA16BB187
:10B940008CC1ADD1CEE1EFF131121002733252222F
:10B95000B5529442F772D662399318837BB35AA3D7
:10B96000BDD39CC3FFF3DEE36224433420040114FF
:10B97000E664C774A44485546AA54BB52885099527
:10B98000EEE5CFF5ACC58DD55336722611163006CF
:10B99000D776F6669556B4465BB77AA71997388777
:10B9A000DFF7FEE79DD7BCC7C448E5588668A7788F
:10B9B0004008611802282338CCC9EDD98EE9AFF9C7
:10B9C000488969990AA92BB9F55AD44AB77A966A6F
:10B9D000711A500A333A122AFDDBDCCBBFFB9EEB17
:10B9E000799B588B3BBB1AABA66C877CE44CC55C3F
:10B9F000222C033C600C411CAEED8FFDECCDCDDD67
:10BA00002AAD0BBD688D499D977EB66ED55EF44E0E
:10BA1000133E322E511E700E9FFFBEEFDDDFFCCFB6
:10BA20001BBF3AAF599F788F8891A981CAB1EBA10A
:10BA30000CD12DC14EF16FE18010A100C230E32086
:10BA40000450254046706760B9839893FBA3DAB32E
:10BA50003DC31CD37FE35EF3B1029012F322D232D6
:10BA60003542145277625672EAB5CBA5A8958985FE
:10BA70006EF54FE52CD50DC5E234C324A014810426
:10BA80006674476424540544DBA7FAB79987B897CE
:10BA90005FE77EF71DC73CD7D326F2369106B01676
:10BAA00057667676154634564CD96DC90EF92FE98E
:10BAB000C899E9898AB9ABA94458654806782768C6
:10BAC000C018E1088238A3287DCB5CDB3FEB1EFB6E
:10BAD000F98BD89BBBAB9ABB754A545A376A167A16
:10BAE000F10AD01AB32A923A2EFD0FED6CDD4DCD3E
:10BAF000AABD8BADE89DC98D267C076C645C454C66
:10BB0000A23C832CE01CC10C1FEF3EFF5DCF7CDF0D
:10BB10009BAFBABFD98FF89F176E367E554E745EB5
:10BB2000932EB23ED10EF01E000000009630077733
:10BB30002C610EEEBA51099919C46D078FF46A7021
:10BB400035A563E9A395649E3288DB0EA4B8DC7941
:10BB50001EE9D5E088D9D2972B4CB609BD7CB17EC1
:10BB6000072DB8E7911DBF906410B71DF220B06A91
:10BB70004871B9F3DE41BE847DD4DA1AEBE4DD6DA1
:10BB800051B5D4F4C785D38356986C13C0A86B64A1
:10BB90007AF962FDECC9658A4F5C0114D96C0663C1
:10BBA000633D0FFAF50D088DC8206E3B5E10694CA1
:10BBB000E44160D5727167A2D1E4033C47D4044BE1
:10BBC000FD850DD26BB50AA5FAA8B5356C98B242C1
:10BBD000D6C9BBDB40F9BCACE36CD832755CDF4541
:10BBE000CF0DD6DC593DD1ABAC30D9263A00DE5171
:10BBF0008051D7C81661D0BFB5F4B42123C4B35661
:10BC00009995BACF0FA5BDB89EB802280888055FE0
:10BC1000B2D90CC624E90BB1877C6F2F114C685840
:10BC2000AB1D61C13D2D66B69041DC760671DB012E
:10BC3000BC20D2982A10D5EF8985B1711FB5B60600
:10BC4000A5E4BF9F33D4B8E8A2C9077834F9000F40
:10BC50008EA8099618980EE1BB0D6A7F2D3D6D08E0
:10BC6000976C6491015C63E6F4516B6B62616C1CD0
:10BC7000D83065854E0062F2ED95066C7BA5011B00
:10BC8000C1F4088257C40FF5C6D9B06550E9B712A0
:10BC9000EAB8BE8B7C88B9FCDF1DDD62492DDA1560
:10BCA000F37CD38C654CD4FB5861B24DCE51B53A80
:10BCB0007400BCA3E230BBD441A5DF4AD795D83D80
:10BCC0006DC4D1A4FBF4D6D36AE96943FCD96E34C0
:10BCD000468867ADD0B860DA732D0444E51D0333A0
:10BCE0005F4C0AAAC97C0DDD3C710550AA410227B0
:10BCF00010100BBE86200CC925B56857B3856F2080
:10BD000009D466B99FE461CE0EF9DE5E98C9D929DF
:10BD10002298D0B0B4A8D7C7173DB359810DB42E1F
:10BD20003B5CBDB7AD6CBAC02083B8EDB6B3BF9A6B
:10BD30000CE2B6039AD2B1743947D5EAAF77D29DF7
:10BD40001526DB048316DC73120B63E3843B6494D7
:10BD50003E6A6D0DA85A6A7A0BCF0EE49DFF0993D7
:10BD600027AE000AB19E077D44930FF0D2A3088747
:10BD700068F2011EFEC206695D5762F7CB676580F7
:10BD800071366C19E7066B6E761BD4FEE02BD389F7
:10BD90005A7ADA10CC4ADD676FDFB9F9F9EFBE8E57
:10BDA00043BEB717D58EB060E8A3D6D67E93D1A197
:10BDB000C4C2D83852F2DF4FF167BBD16757BCA677
:10BDC000DD06B53F4B36B248DA2B0DD84C1B0AAF17
:10BDD000F64A0336607A0441C3EF60DF55DF67A897
:10BDE000EF8E6E3179BE69468CB361CB1A8366BC27
:10BDF000A0D26F2536E2685295770CCC03470BBB77
:10BE0000B91602222F260555BE3BBAC5280BBDB276
:10BE1000925AB42B046AB35CA7FFD7C231CFD0B516
:10BE20008B9ED92C1DAEDE5BB0C2649B26F263EC08
:10BE30009CA36A750A936D02A906099C3F360EEB16
:10BE40008567077213570005824ABF95147AB8E2D6
:10BE5000AE2BB17B381BB60C9B8ED2920DBED5E5B6
:10BE6000B7EFDC7C21DFDB0BD4D2D38642E2D4F106
:10BE7000F8B3DD686E83DA1FCD16BE815B26B9F696
:10BE8000E177B06F7747B718E65A0888706A0FFFF6
:10BE9000CA3B06665C0B0111FF9E658F69AE62F8B6
:10BEA000D3FF6B6145CF6C1678E20AA0EED20DD7B6
:10BEB0005483044EC2B30339612667A7F71660D0D6
:10BEC0004D476949DB776E3E4A6AD1AEDC5AD6D916
:10BED000660BDF40F03BD83753AEBCA9C59EBBDE36
:10BEE0007FCFB247E9FFB5301CF2BDBD8AC2BACAE6
:10BEF0003093B353A6A3B4240536D0BA9306D7CD56
:10BF00002957DE54BF67D9232E7A66B3B84A61C475
:10BF1000021B685D942B6F2A37BE0BB4A18E0CC335
:10BF20001BDF055A8DEF022D73506C634E767261E4
:10BF30006D4C6F61640073506C634E7672616D532B
:10BF40006176650073506C634E7672616D557064F6
:10BF50006174650073506C634E7672616D436C65FD
:10BF600061720073506C63466472616D4C6F616402
:10BF70000073506C63466472616D53617665007343
:10BF8000506C63466472616D436C656172007350FE
:10BF90006C63446576696365436F6E666967436C7D
:10BFA0006561720073506C634465766963654C6FBC
:10BFB00067436C6561720073506C63496E6974000D
:10BFC00046445341565F4F4E450073506C63416485
:10BFD00063496E69740073506C63496E707574497F
:10BFE0006E69740073506C634F7574707574496E2C
:10BFF00069740053544C41520045444C4152007303
:10C00000506C634C61736572496E6974007365743A
:10C0100046616E5370656564006C6F61644465765B
:10C02000696365436F6E6669670073617665446531
:10C0300076696365436F6E6669670073506C63531E
:10C040007065616B6572496E69740073506C6354FE
:10C05000696D6572496E697400686D6955617274C5
:10C06000496E697400686D695561727453656E64D8
:10C07000436861720075706461746541636F7573C4
:10C08000746963446973706C617900776673774C87
:10C090006F6F7000706F776572446F776E00706FAE
:10C0A0007765725570006463486D694C6F6F7000FE
:10C0B00000446F6F7220696E7465726C6F636B20E1
:10C0C000646973636F6E6E656374656400466F6F59
:10C0D00074737769746368206E6F7420636F6E6E1B
:10C0E0006563746564004553544F50205072657306
:10C0F00073004E6F20666962657220636F6E6E65B5
:10C100006374656400456E65726779206F7574208D
:10C110006F6620746F6C6572616E6365004C61734D
:10C120006572206F76657268656174696E67004C30
:10C1300061736572204E5443206F70656E206F727C
:10C14000206C6F7768656174696E67004C61736518
:10C15000722063757272656E7420657863656564BC
:10C1600073207365742076616C7565004C6173652E
:10C17000722063757272656E74206578636565649C
:10C1800073207365742076616C7565005468657200
:10C190006D6973746F72204572726F7200456E76AE
:10C1A0006920486967682054656D706572617475AF
:10C1B000726500456E7669204C6F772054656D700E
:10C1C0006572617475726500466F6F742F66696E73
:10C1D000676572207377697463682069732064658A
:10C1E00070726573736564004C6173657220697366
:10C1F00020666972696E670057616974204C6173CB
:10C20000657220547269676765720046696265727B
:10C21000206E6F74206D61746500534E3A200048A3
:10C22000573A4C44523250315F47355F41315F32AB
:10C23000303235303733315F4455414C00417070F6
:10C240003A332E316131376234004D414E5546410B
:10C25000435455524520444154453A2000545950C6
:10C26000453A205056474C53202D20545249004CFB
:10C27000415345525F504F5745523A203135772B45
:10C280003330772B302E35770057415645204C45BB
:10C290004E4754483A20313437306E6D2B393830A0
:10C2A0006E6D2B3633356E6D006669744C61736547
:10C2B00072546F436F6465006C6F616453656C65A5
:10C2C0006374536368656D650030313233343536DD
:10C2D00037383941424344454640305800303132C6
:10C2E0003334353637383961626364656640307897
:10C2F000000400000800000000000000020001002F
:10C30000001000000000000004FA97999999D93FA5
:10C31000AF788E1DC571CC3F9FC678D0099AC33FB8
:10C32000935555555555E53F599322942449D23F8D
:10C33000DE03CB966446C73F44523EDF12F1C23F54
:10C34000000000000000000002400000000000A00B
:10C350000000000005400000000000C800000000D0
:10C360000C4000000000409C00000000194000004C
:10C370000020BCBE0000000034400000BFC91B8E7E
:10C3800000000004B5400000504BCFD06607E2CF5C
:10C39000010000006C4100003E8251AADFEEA7348C
:10C3A00001000000D9420000DCB5A0E23A301F973E
:10C3B000FFFFFFFFB4450000FD25A0C8E9A3C14F62
:10C3C000FFFFFFFFFF3F00000000008000000000B3
:10C3D000FF3F000000000080000000006D61696EFA
:10C3E0004170705461736B0064656661756C745460
:10C3F00061736B00436F6E74726F6C206572726F45
:10C40000723A204765742044657669636520636FDE
:10C410006E66696775726174696F6E2064657363B7
:10C42000726970746F7220726571756573742066BD
:10C4300061696C6564000000436F6E74726F6C20FC
:10C440006572726F723A204765742044657669633D
:10C45000652044657363726970746F7220666169E8
:10C460006C65642C20646174612062756666657217
:10C470002073697A6520697373756500436F6E7404
:10C48000726F6C206572726F723A20476574205328
:10C490007472696E672044657363726970746F7239
:10C4A000206661696C65642C20646174612062752A
:10C4B000666665722073697A6520697373756500B5
:10C4C000436F6E74726F6C206572726F723A2047A0
:10C4D000657420636F6E66696775726174696F6EEB
:10C4E0002044657363726970746F72206661696C51
:10C4F00065642C20646174612062756666657220D3
:10C5000073697A6520697373756500004155444904
:10C510004F0000004344430048494400436F6E7499
:10C52000726F6C206572726F723A20476574204892
:10C530004944205265706F72742044657363726958
:10C5400070746F72206661696C65642C206461741C
:10C5500061206275666665722073697A6520697309
:10C56000737565004D5343004D545000204D545099
:10C570002064657669636520696E666F2073697AE9
:10C5800065206578636565647320696E7465726E95
:10C59000616C206275666665722073697A652E200B
:10C5A00020202020202020202020202020206F6EEE
:10C5B0006C7920617661696C61626C65206461747C
:10C5C0006120617265206465636F6465642E00009C
:10C5D00025732C25642C25733A68616E642073776B
:10C5E00069746368206D6F64652C666F6F74737710
:10C5F000697463682070726573732C73746F702034
:10C600004C6173657220656D6974207265712121BA
:10C61000210A000025732C25642C25733A666F6F60
:10C620007420737769746368206D6F64652C666F1E
:10C630006F7473776974636820756E707265737355
:10C640002C73746F70204C6173657220656D697412
:10C65000207265712121210A00000000426F6F7471
:10C660004C6F616465723A436865636B73756D20E6
:10C67000626F6F746C6F6164206661696C2C666CAC
:10C68000617368206372633A253038582C206669DC
:10C690006C65206372633A253038580A2C47616D07
:10C6A00065204F7665722121210A0000426F6F7468
:10C6B0004C6F616465723A6F6C64206372632530FD
:10C6C00038583A20616E64206E6577206372633A51
:10C6D00025303858206973206E6F742073616D6542
:10C6E0002C6E65656420636F6E6669726D2075706F
:10C6F00064617465210A0000426F6F744C6F61645D
:10C7000065723A46696C65202573206973206F76DF
:10C710006572206C656E6774682C20636C6F73653E
:10C720002066696C6520616E6420756E6D6F756E34
:10C7300074206469736B210A00000000426F6F74FB
:10C740004C6F616465723A436865636B73756D2005
:10C75000626F6F746C6F616420706173732C666CB0
:10C76000617368206372633A253038582C206669FB
:10C770006C65206372633A253038580A0000000067
:10C780004653204E433A2531642C4653204E4F3AAF
:10C790002531642C45533A25642C494C3A253164A3
:10C7A0002C46503A2531642C4C543A253035642CB3
:10C7B00048543A253035642C42543A253035642C9F
:10C7C0004D543A253035642C4650443A2530356472
:10C7D0002C4C50443A253035642C000041383A2521
:10C7E0003035642C41393A253035642C4131303AAA
:10C7F000253035642C4131313A253035642C4131B6
:10C80000323A253035642C4131333A253035642CA9
:10C810004131343A253035642C4131353A253035B3
:10C820006400000080C9030800000020240200000A
:10C83000C401010824CA0308240200201C9401003A
:10C8400020020108000000000000F07FFFFFFFFF52
:10C85000FFFFEF7F1C00000043000000F8FFFFFF18
:10C860000C0000000E0000000F0000002E00000071
:10C870001001000043000000F8FFFFFF00404040AF
:10C8800040404040404041414141414040404040A3
:10C89000404040404040404040404040400502024F
:10C8A000020202020202020202020202022020200E
:10C8B000202020202020200202020202020290906A
:10C8C0009090909010101010101010101010101068
:10C8D00010101010101010100202020202028888BC
:10C8E00088888888080808080808080808080808C8
:10C8F00008080808080808080202020240000000B0
:10C900000000000000000000000000000000000027
:10C910000000000000000000000000000000000017
:10C920000000000000000000000000000000000007
:10C9300000000000000000000000000000000000F7
:10C9400000000000000000000000000000000000E7
:10C9500000000000000000000000000000000000D7
:10C9600000000000000000000000000000000000C7
:10C9700000000000000000000000000000000000B7
:10C9800001280213016A1018037D24F41AAA0181F8
:10C990002D0CC5030894181245FF0108ABFE0108D1
:10C9A00019F7010879040208A704411A1420320279
:10C9B000180A51080208E107020851044F630B02EC
:10C9C000082D0C201A18203203481329130208D10D
:10C9D000120208F10F020835180208A119200128D7
:10C9E0001A644829314813452C0208ED2B02088DA2
:10C9F0002A0208912E0208F33D481A6820320618D0
:10CA00000B214002087F3F0208B93E040E2C43026E
:10CA100008D94868012A1AFF01D9125904A183C014
:04CA200016A3E20572
:040000050801018964
:00000001FF
