:020000040800F2
:10000000F8B700204D020008B9630008E557000862
:10001000B5630008110E0008159F000800000000DD
:10002000000000000000000000000000D563000890
:10003000AD0F000800000000D1630008D76300087E
:1000400067020008670200086702000867020008EC
:1000500067020008D363000867020008670200080F
:1000600067020008670200086702000867020008CC
:1000700067020008670200086702000867020008BC
:100080006702000867020008A10C00086702000868
:10009000670200086702000867020008670200089C
:1000A00067020008AD6400086702000867020008E4
:1000B000670200086702000867020008670200087C
:1000C000670200086702000867020008670200086C
:1000D000670200086702000867020008670200085C
:1000E000670200086702000867020008670200084C
:1000F00067020008BD640008670200086702000884
:10010000670200086702000867020008670200082B
:10011000670200086702000867020008670200081B
:10012000310E000867020008670200086702000835
:1001300067020008000000000000000067020008DD
:10014000670200086702000867020008C163000830
:1001500067020008670200086702000867020008DB
:1001600067020008670200086702000867020008CB
:10017000670200086702000800000000000000009D
:10018000670200086702000800F002F800F04EF86D
:100190000AA090E8000C82448344AAF10107DA45E2
:1001A00001D100F043F8AFF2090EBAE80F0013F0E6
:1001B000010F18BFFB1A43F001031847ACF700000A
:1001C000CCF70000103A24BF78C878C1FAD852079B
:1001D00024BF30C830C144BF04680C6070470000C1
:1001E0000023002400250026103A28BF78C1FBD840
:1001F000520728BF30C148BF0B607047642900F028
:100200008381782900F0BC81632900F08C847329F4
:1002100000F09184002070471FB50EF023FE9DE88A
:10022000030000F0C9FB1FBD10B510BD00F0C3FCFA
:100230001146FFF7F1FF0DF05FFF00F0E1FC03B4A2
:10024000FFF7F2FF03BC09F08AFE0000094880476F
:1002500009480047FEE7FEE7FEE7FEE7FEE7FEE7A8
:10026000FEE7FEE7FEE7FEE704480549054A064BC0
:10027000704700009964000889010008F8770020A1
:10028000F8B70020F8970020F8970020704770B565
:10029000064600F075FB056806F10B0020F0070428
:1002A000B4429CBF002070BD2B466A68BAB110688A
:1002B000A04210D304F1080188423CBF5068586046
:1002C00007D35168101941601168091B016058601B
:1002D0001460101D70BD13465268002AE7D12146F4
:1002E000284600F055FB0028DED170BD70B50446ED
:1002F000051F00F045FB0068002C14BF446870BD6A
:10030000002C18BFAC423CBF20466468F8D301689B
:100310000A18AA4218BF456003D12A68054611444D
:10032000016028684119A1421CBF6C6070BD616802
:10033000696021680844286070BD53EA020C00F02F
:1003400069802DE9F04B4FF00006002B1FBFB3FA78
:1003500083F503FA05F424FA05F65E4012BF16434E
:10036000B2FA82F502FA05F4C5F120051EBF22FAA1
:1003700005FC44EA0C04203556EA044C4FEA1444C8
:1003800018BF641C4FF000084FF00009904271EB59
:10039000030C39D3002919BFB1FA81F701FA07F626
:1003A000B0FA80F700FA07F6C7F120071EBF20FA5F
:1003B00007FC46EA0C062037B6FBF4FCA7EB050762
:1003C000103F07F01F0BCBF120060CFA0BFB2CFAA9
:1003D00006F644BFB3460026202FA4BF5E464FF06A
:1003E000000B5BEA060C08BF4FF0010B19EB0B0981
:1003F000ABFB027C48EB0608C01B06FB02CC0BFBE8
:1004000003CC71EB0C01C1E70B460246414648465E
:10041000BDE8F08B13B54FF000004FF00001AFF3D3
:100420000080BDE81C4070470FB4044910B503AA12
:10043000029800F085FB10BC5DF814FB9C000020C6
:100440000FB41CB5074B06AA7B446946009005987B
:1004500000F047FB0020694600F056FB1CBC5DF82D
:1004600014FB0000BD06000070B5044685690068F5
:10047000C10601D5302600E02026C00707D070BD98
:10048000D4E9012130469047206A401C20626D1E4D
:10049000F6D570BD70B5044685690078C00707D1F0
:1004A00070BDD4E9012120209047206A401C2062C1
:1004B0006D1EF6D570BD70B50C460546012A05D0F7
:1004C0002878800600D5EA69002302E0012305E0D0
:1004D0005B1C934202D2E05C0028F9D1A869E618BF
:1004E000C01AA861286A184428622846FFF7BCFF92
:1004F00004E0D5E9012114F8010B9047B442F8D388
:100500002846FFF7C7FF70BD2DE9F04106460024DD
:1005100010687529314616A510D0AFF30080002869
:1005200002DA404213A507E031688A0701D512A517
:1005300002E0490704D511A5012401E0AFF30080D2
:1005400000210A2206F1240709E0B0FBF2FCB0FB0F
:10055000F2F302FB1C00303078541846491C002886
:10056000F3D123462A463046BDE8F04100F05ABA9E
:10057000000000002D0000002B0000002000000003
:1005800070B504460D4621461068AFF300802188FF
:10059000090502D50F4A7A4402E00E4A7A440E3227
:1005A000002104F1240305E000F00F060009965D28
:1005B0005E54491C0028F7D120780023000704D599
:1005C000702D02D009B1022311322046BDE87040DF
:1005D00000F028BA46F300002DE9F05F8946044692
:1005E0004FF0000ADFF874B1FB44C0F820A02046A9
:1005F000E1688847002874D0252806D0D4E9012175
:100600009047206A401C2062F1E700265F462046A2
:10061000E16888472028054607DB312D05D2781987
:1006200010F8200C08B10643F1E7B00701D526F019
:100630000406C4F81CA00027C4F818A02A2D09D06D
:10064000284609F085FC38B304EB8708303DC8F82C
:10065000185019E059F8041B204604EB87029161F9
:10066000E1688847012F054618D1E069002820DAA3
:1006700026F020061DE0D8F8180000EB800005EBFE
:1006800040003038C8F818002046E1688847054621
:1006900009F05EFC0028EED1012F0AD02E2D08D1E2
:1006A0002046E16888477F1C0546022F46F0200659
:1006B000C4DBA069002803DA404246F00106A061CD
:1006C000F00701D026F010066C2D0BD0682D09D054
:1006D0004C2D39D06A2D35D0742D35D07A2D33D0AC
:1006E00016E038E0E1682F4620468847B8420546C4
:1006F00009D16C2F26D04FF48060E1680643204674
:100700008847054604E06C2F1AD04FF480700643EA
:100710000DB3A5F14100192802D8203546F4006632
:100720004A462946204626604E46FFF767FD80B1BF
:1007300001280BD0F61D26F0070000F1080956E746
:100740004020E4E78020D8E70020D6E706F104093E
:100750004DE7284652E7206ABDE8F09F1CF30000F1
:10076000401ECAB210F8011F8A4202D00029F9D1F6
:100770000020704740EA0103024630B59B0710D1C4
:100780004FF0013400E008C208C91D1B9D4315EA63
:10079000C41FF8D013F0FF0102F8011B0DD01B0A93
:1007A000F8E711F8013B002B02F8013B05D011F8E6
:1007B000013B002B02F8013BF3D130BD10B5431CC7
:1007C00002E010F8011B71B18107FAD14FF001323C
:1007D00002C88C1A8C4314EAC211F9D0C01A0A0656
:1007E00003D0C01E10BDC01A10BD0A0401D0801E67
:1007F00010BD0902FCD0401E10BD032A40F230801B
:1008000010F0030C00F0158011F8013BBCF1020F51
:10081000624498BF11F801CB00F8013B38BF11F8D2
:10082000013BA2F1040298BF00F801CB38BF00F8E9
:10083000013B11F0030300F02580083AC0F0088066
:1008400051F8043B083A51F804CBA0E80810F5E74A
:10085000121D5CBF51F8043B40F8043BAFF300802D
:10086000D20724BF11F8013B11F801CB48BF11F8A2
:10087000012B24BF00F8013B00F801CB48BF00F872
:10088000012B704710B5203AC0F00B80B1E818502A
:10089000203AA0E81850B1E81850A0E81850BFF46A
:1008A000F5AF5FEA027C24BFB1E81850A0E8185009
:1008B00044BF18C918C0BDE810405FEA827C24BF5D
:1008C00051F8043B40F8043B08BF7047D20728BFEB
:1008D00031F8023B48BF11F8012B28BF20F8023B3A
:1008E00048BF00F8012B70474FF000020429C0F008
:1008F000128010F0030C00F01B80CCF1040CBCF152
:10090000020F18BF00F8012BA8BF20F8022BA1EBA3
:100910000C0100F00DB85FEAC17C24BF00F8012B88
:1009200000F8012B48BF00F8012B70474FF0000280
:1009300000B5134694469646203922BFA0E80C50D5
:10094000A0E80C50B1F12001BFF4F7AF090728BFB0
:10095000A0E80C5048BF0CC05DF804EB890028BF2C
:1009600040F8042B08BF704748BF20F8022B11F055
:10097000804F18BF00F8012B7047704770477047D1
:10098000004870479C770020704770477047704759
:1009900038B504460A4600206946AFF300800028B7
:1009A00008BF38BD02460099204600F0DFF801205C
:1009B00038BD012000F0F8B8F8B5AFF30080054667
:1009C00000200C46102000BF0646A819A0420DD9F1
:1009D000324669460020AFF30080070008BF00F0F0
:1009E000E3F80098A04218BF0546C419FFF7C8FFF6
:1009F00005600746F01D20F007004619284600F064
:100A00000AF8B44208BFF8BDA21B31463868BDE8F9
:100A1000F84000F0ABB800210160C0E90110704758
:100A2000102070472DE9F0470D469946924604463E
:100A300000F124080168880604D5E06921F010015E
:100A4000216000E00120A84201DD471B00E00027F3
:100A5000A1697A1902EB0900081AA0612078C00682
:100A600002D42046FFF700FD002608E0D4E901216A
:100A70001AF806009047206A401C761C20624E45FA
:100A8000F4DB2078C0060AD52046FFF7EDFC06E02F
:100A9000D4E9012130209047206A401C2062381E92
:100AA000A7F10107F4DC07E0D4E9012118F80500FB
:100AB0009047206A401C2062281EA5F10105F3DC46
:100AC0002046FFF7E7FC2078000602D50220BDE8AB
:100AD000F0870120FBE7000001694A1C02610878E9
:100AE000704700B58FB0CDE901310021059105496E
:100AF0007944CDE9031011466846FFF76DFD0FB04C
:100B000000BD0000E5FFFFFF0A6802F8010B0A6064
:100B1000704710B5436913B1AFF3008001E0FFF7F0
:100B2000CAFC012010BD127800F124010A700022D5
:100B30004A700122EDE711684FF0FF32E9E700004B
:100B4000074B70B50D467B44FFF7CBFF04462846A4
:100B500000F026F810B14FF0FF3070BD204670BD98
:100B6000BFCD0000004870479477002003464068DE
:100B70008C46002818BF88423CBF03464068F8D323
:100B800018681844884207D00CF1030020F00700D1
:100B9000001D411A521A0146081D0A60FFF7A6BB44
:100BA000007B00F08000704710B500F037F8BDE81A
:100BB000104000F02EB87546FFF7D4FFAE46050092
:100BC0006946534620F00700854618B020B5FFF768
:100BD0004BFBBDE820404FF000064FF000074FF000
:100BE00000084FF0000B21F00701AC46ACE8C0094B
:100BF000ACE8C009ACE8C009ACE8C0098D46704754
:100C000010B50446AFF300802046BDE81040FFF762
:100C100016BB002801D009F0A2B9704710B5012811
:100C200005D0002103A000F021F8012010BD09A18A
:100C3000F8E7000053494752544D454D3A204F754F
:100C400074206F662068656170206D656D6F7279C4
:100C5000000000003A2048656170206D656D6F727C
:100C60007920636F727275707465640070B50546A3
:100C70000C460A2000E06D1C09F073F935B12878A4
:100C80000028F8D102E0641C09F06BF914B1207857
:100C90000028F8D1BDE870400A2009F062B90000D0
:100CA00010B5024800F08EFC10BD0000E0000020EE
:100CB00055494A6822F440324A604A6843681A43F8
:100CC0004A600268526822F4807203685A600268BF
:100CD0005368026943EA022203685A600268526854
:100CE00022F0407203685A600268526883681A43AF
:100CF00003685A600268926822F4006203689A608E
:100D000002689268C3681A4303689A603F4B826A1C
:100D10009A4218D00268926822F0706203689A6062
:100D200002689268836A1A4303689A60026892684C
:100D300022F0405203689A6002689268C36A1A43BC
:100D400003689A600BE00268926822F070620368A0
:100D50009A600268926822F0405203689A600268C2
:100D6000926822F0020203689A6002689368027E29
:100D700043EA420203689A602022125CA2B1026830
:100D8000526842F4006203685A600268526822F4B2
:100D9000604203685A6002685368426A521E43EA1E
:100DA000423203685A6005E00268526822F4006229
:100DB00003685A600268D26A22F470020368DA6239
:100DC0000268D36A828B521E43EA02520368DA62D7
:100DD0000268926822F4007203689A60026893685D
:100DE00090F8302043EA422203689A6002689268D1
:100DF00022F4806203689A6002689368426943EA59
:100E0000822203689A607047002301400100000FAE
:100E100000BFFEE770B504460D464FF6FF732A4645
:100E20002146024803F0DFFA70BD0000B003002045
:100E300010B5024800F0E8FD10BD000028010020B8
:100E40000146087810381823B0FBF3F20848805C9C
:100E5000C865032A05D908686FF30900001D886575
:100E600003E008686FF309008865886D704700002B
:100E700084EE0008014600208A6A8B69CBB932B142
:100E8000012A0DD0022A03D0032A10D10EE000BFA0
:100E9000CB6A03F08073B3F1807F00D1012007E0BB
:100EA000CB6AB3F1C07F00D1012001E000E000BFB8
:100EB00034E08B69B3F5005F1AD132B1012A07D053
:100EC000022A03D0032A11D10AE000BF01200EE05C
:100ED000CB6A03F08073B3F1807F00D1012006E07C
:100EE000CB6AB3F1C07F00D1012000E000BF15E064
:100EF00032B1012A05D0022A04D0032A0CD103E022
:100F000000BF00BF012008E0CB6A03F08073B3F19B
:100F1000807F00D1012000E000BF00BF704770B5A6
:100F20000446002500BF05E0002104F5617040F88B
:100F300025106D1C102DF7D3002504E0002104F5C9
:100F40008E7041556D1CB5F5007FF7D300202070E1
:100F500060700120A0700020C4F8C4030121217634
:100F60004021A1710021617684F81C13012184F8CD
:100F70001D13002184F81F1384F81E134FF4807191
:100F800004F11C00FFF7B0FC4FF4007104F58E7003
:100F9000FFF7AAFC122104F22630FFF7A5FC3E2140
:100FA00004F54E70FFF7A0FC002070BD704772B6CC
:100FB00000BFFEE730B504460D4600222946204614
:100FC00000F002F830BD0000F0B503460125002412
:100FD0001148407A01281CDA00200F4E767A0E4F15
:100FE000B8553846467A001D40F82630001F467A2C
:100FF000083082553E46707A461C7E72044604F1E3
:10100000300008703A2048702F2088700020C87087
:1010100000252846F0BD0000C01B002010B50022AE
:1010200001B909E0012901D10A0205E0022901D133
:101030000A0201E04FF440720E4B1B6823F4407328
:101040000C4C236023461B681343236023461B6814
:1010500023F0F803236023461B68022444EAC004FB
:101060002343044C236023461B6843F480332360EE
:1010700010BD0000103C02401C48006800F40070E5
:10108000B0B11A48006820F400701849086000BF29
:101090000846006840F4006008600846006820F4D4
:1010A0000060086000BF0846006840F400700860F7
:1010B0000E48006800F48060B0B10C48006820F46D
:1010C00080600A49086000BF0846006840F480500C
:1010D00008600846006820F48050086000BF084699
:1010E000006840F48060086070470000003C0240E7
:1010F00010B5114800F02CF810490860104800F0B5
:1011000027F80E490968401A401C0E490860002063
:101110000D4908600948006888600A480068C8608E
:10112000022008610949084800F018FE08B10120B2
:1011300010BD0020FCE7000000000108C8000020EE
:10114000FBFF0F08CC00002020770020D0000020FB
:10115000014600202C4A914203D2B1F1006F00D326
:1011600050E02A4A914204D2274A914201D30120F9
:1011700048E0274A914204D2244A914201D30220F6
:1011800040E0244A914204D2214A914201D30320F3
:1011900038E0214A914204D21E4A914201D30420F0
:1011A00030E01E4A914204D21B4A914201D30520ED
:1011B00028E01B4A914204D2184A914201D30620EA
:1011C00020E0184A914204D2154A914201D30720E7
:1011D00018E0154A914204D2124A914201D30820E4
:1011E00010E0124A914204D20F4A914201D30920E1
:1011F00008E00F4A914204D20C4A914201D30A20DE
:1012000000E00B207047000000400008008000084C
:1012100000C00008000001080000020800000408E7
:10122000000006080000080800000A0800000C087A
:1012300000000E0870B504460D460848844208D8E0
:101240002A4600232146022000F0E8FD18B10120C3
:1012500070BD0120FCE70020FAE70000FBFF0F084B
:101260000A4A126822F44072084B1A601A46126841
:1012700042F004021A601A4612684FF4803343EABF
:1012800000231A43014B1A6070470000103C0240D3
:10129000074A126822F44072054B1A601A46126817
:1012A0001A601A46126842F001021A600170704713
:1012B000103C024010B50A49096821F44071084CFD
:1012C00021602146096841F4407121602146096886
:1012D00041F0010121600260BFF36F8F436010BDD8
:1012E000103C0240084A126822F44072064B1A6011
:1012F0001A46126842F480721A601A46126842F066
:1013000001021A6001807047103C0240084A1268CE
:1013100022F44072064B1A601A46126842F40072B8
:101320001A601A46126842F001021A6001607047A2
:10133000103C02402348006800F0100040B12248F1
:10134000C06940F010002049C86110201D490860A4
:101350001C48006800F0200040B11B48C06940F004
:1013600008001949C861202016490860154800681E
:1013700000F0400040B11448C06940F00400124938
:10138000C86140200F4908600E48006800F08000E6
:1013900040B10D48C06940F002000B49C86180208F
:1013A000084908600748006800F0020040B106489C
:1013B000C06940F020000449C8610220014908606A
:1013C000704700000C3C0240B00B002070B5044692
:1013D000002500201449C86100F042FF054609E0DD
:1013E000601C38B124B100F03BFF401BA04201D982
:1013F000032070BD0D48006800F480300028EFD154
:101400000A48006800F0010010B101200749086097
:101410000648006800F0F20018B1FFF78BFF0120CA
:10142000E7E70020E5E70000B00B00200C3C02409D
:101430007047000038B502460020009000BF92F8C7
:101440003C00012801D1022038BD012082F83C0077
:1014500000BF0868092816D91068C0680C780A3CD3
:1014600004EB44050724AC40A0431468E0600C780A
:101470000A3C04EB44048868A0401468E4682043F4
:101480001468E06013E0106800690C7804EB440510
:101490000724AC40A043146820610C7804EB44049A
:1014A0008868A04014682469204314682061486853
:1014B000072817D21068406B0C79641E04EB840572
:1014C0001F24AC40A04314686063088880B20C7984
:1014D000641E04EB8404A0401468646B2043146809
:1014E000606331E048680D2817D21068006B0C79F2
:1014F000E41F04EB84051F24AC40A0431468206360
:10150000088880B20C79E41F04EB8404A0401468BE
:10151000246B20431468206316E01068C06A0C79BD
:101520000D3C04EB84051F24AC40A0431468E0622A
:10153000088880B20C790D3C04EB8404A040146848
:10154000E46A20431468E062194B1A4C1068A04208
:1015500006D10868122803D1586840F4800058600A
:10156000144C1068A0421CD10868102802D00868EA
:10157000112816D1586840F40000586008681028F7
:101580000FD10D4800680D4CB0FBF4F000EB80006B
:101590004000009002E00098401E00900098002853
:1015A000F9D100BF002082F83C0000BF00BF4BE72C
:1015B00000230140002001401C00002040420F0099
:1015C000704770472DE9F041044600250026206849
:1015D00007682068D0F8048007F0020508F02006AC
:1015E00095B38EB3206C00F0100018B9206C40F455
:1015F000007020642068806800F04050E8B9207EC8
:10160000D8B92068C06A00F4700020B120688068F2
:1016100000F4806088B92068406820F020002168CC
:101620004860206C20F480702064206C00F48050AE
:1016300018B9206C40F0010020642046FFF7C0FF7D
:101640006FF012002168086007F0040508F08006BA
:10165000E5B3DEB3206C00F0100018B9206C40F444
:10166000005020642068806800F4401038BB206877
:10167000806B00F4401020B12068806800F4806026
:10168000E8B92068406800F48060C0B920688068CC
:1016900000F0405098B9207E88B92068406820F05A
:1016A000800021684860206C20F480502064206C09
:1016B00000F4807018B9206C40F0010020642046CE
:1016C000FFF7B6FE6FF00C002168086007F0010517
:1016D00008F0400685B17EB12068006800F0010086
:1016E00050B1206C40F480302064204600F050F867
:1016F0006FF001002168086007F0200508F080669F
:101700007DB176B1606C40F0020060646FF0200043
:10171000216808602046FFF754FF6FF02000216821
:101720000860BDE8F081000070B5044600250CB9E2
:10173000012070BD1549A06A884200D000BF206C0E
:1017400030B9204600F026F80020606484F83C00A0
:10175000206C00F0100088B9206C20F4885040F014
:10176000020020642046FFF7A3FA00206064206C8A
:1017700020F0020040F00100206400E0012500BFDD
:10178000002084F83C0000BF2846D2E70100000F8B
:101790007047000010B586B00446142101A8FFF779
:1017A000C5F83849206888426AD100BF00200090FF
:1017B0003548006840F48070334908600846006886
:1017C00000F48070009000BF00BF00BF00200090B8
:1017D0002D481438006840F004002B491439086083
:1017E0000846006800F00400009000BF00BF00BF82
:1017F000002000900846006840F00100086008469C
:10180000006800F00100009000BF00BF0E200190B2
:10181000032002900020039001A91C4800F018FC4E
:101820000F200190032002900020039001A9184886
:1018300000F00EFC1748184908600020486000219D
:1018400015488160C1604FF48061016149004161C8
:10185000890081610021C1610162416200F0F4F9F7
:1018600008B1FFF7A4FB00BF0B48A063846300BF6F
:1018700000221146122001F023FD122001F00CFD80
:1018800006B010BD0020014044380240000802406C
:1018900000000240106402402801002010B50446F8
:1018A0000CB9012010BD607920B9002020712046BC
:1018B00000F004F8012060710020F3E708B50A4A3F
:1018C000016891420FD100BF0021009107490968CA
:1018D00041F48051054A11601146096801F48051B4
:1018E000009100BF00BF08BD003002403038024008
:1018F000F0B50346002603B109B90120F0BD00BFD1
:101900005879012801D10220F8E70120587100BF61
:10191000022018711868046802F0100740F6FE7083
:10192000B8408443D1E9000740EA070502F01000FF
:1019300005FA00F00443186804601868006802F0B3
:10194000100CC02707FA0CF7B8431F683860012055
:10195000187100BF0020587100BF3046CEE710B5A7
:1019600004460CB9012010BD207920B90020607117
:10197000204600F009F8022020710020206101209B
:1019800020710020EFE7000010B586B00446142156
:1019900001A8FEF7CBFF1949206888422BD100BF70
:1019A000002000901648006840F00050144908607C
:1019B0000846006800F00050009000BF00BF00BF64
:1019C000002000900E481038006840F001000C49DB
:1019D000103908600846006800F00100009000BF60
:1019E00000BF30200190032002900020039001A945
:1019F000044800F02DFB06B010BD0000007400404C
:101A00004038024000000240F8B504460020009033
:101A10008C4800684FF41651B0FBF1F7A56D2E68A5
:101A200094F85C1008208840304098B12068006825
:101A300000F0040070B12068006820F00400216804
:101A4000086094F85C1008208840A860606D40F041
:101A50000100606594F85C1001208840304068B156
:101A60002068406900F0800040B194F85C100120CB
:101A70008840A860606D40F00200606594F85C10DA
:101A800004208840304068B12068006800F00200FF
:101A900040B194F85C1004208840A860606D40F06C
:101AA0000400606594F85C1010208840304078B3E2
:101AB0002068006800F0080050B394F85C10102013
:101AC0008840A8602068006800F4802080B1206809
:101AD000006800F4002028B9206CC8B12046216CB1
:101AE000884715E0A06C98B12046A16C88470FE0AC
:101AF0002068006800F4807028B92068006820F031
:101B0000080021680860206C10B12046216C8847CD
:101B100094F85C10202088403040002865D0206870
:101B2000006800F0100000285FD094F85C102020BE
:101B30008840A86094F83500052828D120680068FE
:101B400020F01600216808602068406920F08000BD
:101B500021684861206C08B9A06C28B12068006831
:101B600020F008002168086094F85C103F2088404D
:101B7000A860012084F8350000BF002084F83400FC
:101B800000BF206D10B12046216D8847F8BD206848
:101B9000006800F4802080B12068006800F4002014
:101BA00028B9606C10B12046616C88471DE0E06B7D
:101BB000D8B12046E16B884717E02068006800F440
:101BC000807068B92068006820F010002168086003
:101BD000012084F8350000BF002084F8340000BFE5
:101BE000E06B10B12046E16B8847606D38B3606DE3
:101BF00000F00100F0B1052084F83500206800688D
:101C000020F001002168086000BF0098401C00908F
:101C1000B84200D905E02068006800F00100002803
:101C2000F3D100BF012084F8350000BF002084F804
:101C3000340000BFE06C10B12046E16C884700BF63
:101C4000A4E700001C0000202DE9F0410446002517
:101C500000F006FB074614B90120BDE8F081606A78
:101C600000B100BF022084F8350000BF002084F8D6
:101C7000340000BF2068006820F00100216808607F
:101C80000AE000F0EDFAC01B052805D920206065A8
:101C9000032084F83500E0E72068006800F00100C8
:101CA0000028EED12068056821480540D4E90101EB
:101CB0000843E16808432169084361690843A16951
:101CC0000843E1690843216A08430543606A042820
:101CD00003D1D4E90B01084305432068056020685F
:101CE000456925F00705606A0543606A04280DD13F
:101CF000A06A0543E06A48B12046FFF7BBF828B167
:101D000040206065012084F83500A6E72068456121
:101D10002046FFF795F8064694F85C103F2088406F
:101D2000B06000206065012084F83500002094E751
:101D30003F8010F070B5044600F092FA0646254642
:101D4000681C10B104480078054400BF00F088FA10
:101D5000801BA842FAD370BD180000202DE9F04185
:101D600004460E460127002500BF2548007E0128B5
:101D700002D10220BDE8F08101202149087600BF90
:101D80004CF25030FFF722FB0746002F31D1401EA6
:101D90003060206801280FD1207C6168FFF760FA6D
:101DA0004CF25030FFF712FB07461648006820F04F
:101DB0000400144908601AE0A56812E0217C284656
:101DC000FFF72CF94CF25030FFF700FB07460D48A7
:101DD000006820F0FA000B4908600FB1356005E09B
:101DE0006D1CD4E902100844A842E7D800BFFFF7F1
:101DF00043F900BF00200249087600BF3846B9E722
:101E0000B00B0020103C02400348006840F0004046
:101E10000149086000207047103C02402DE9F04164
:101E200006460F4614461D464FF0010800BF1F48E6
:101E3000007E012802D10220BDE8F08101201B496B
:101E4000087600BF4CF25030FFF7C0FA8046B8F178
:101E5000000F23D126B9E1B23846FFF719FA12E094
:101E6000012E04D1A1B23846FFF73CFA0BE0022E56
:101E700004D121463846FFF749FA04E022462B46B2
:101E80003846FFF717FA4CF25030FFF79FFA8046BA
:101E90000748006820F001000549086000BF0020E5
:101EA0000249087600BF4046C6E70000B00B00209C
:101EB000103C024000200949096801F0004159B175
:101EC0000749064A0C3A116006491160034909683E
:101ED00001F0004101B1012070470000103C0240B8
:101EE00023016745AB89EFCDF0B50C4600250022F4
:101EF0000023002194E0012606FA01F504EA050218
:101F0000AA427DD1484E8F0856F827308E07370FEA
:101F10000F26BE403340454EB04201D1002623E09B
:101F2000434EB04201D101261EE0424EB04201D1E3
:101F3000022619E0404EB04201D1032614E03F4E84
:101F4000B04201D104260FE03D4EB04201D105263A
:101F50000AE03C4EB04201D1062605E03A4EB042BE
:101F600001D1072600E008268F073F0FBE409E42A2
:101F700024D1364E36689643344F3E603E1D366857
:101F800096433F1D3E60314E0C36366896432F4FC8
:101F90000C373E603E1F366896433F1F3E608E07FB
:101FA000370F0F2606FA07F31F4E8F0856F82760E3
:101FB0009E431D4F4FEA910C47F82C6006684FEA8C
:101FC000410C032707FA0CF7BE430660CF0800F167
:101FD000200656F827604F074FEAD76C0F2707FAFD
:101FE0000CF7BE434FEAD10C00F1200747F82C60F4
:101FF000C6684FEA410C032707FA0CF7BE4300E01E
:102000000DE0C660466801278F40BE434660866883
:102010004FEA410C032707FA0CF7BE438660491CC0
:102020001029FFF468AFF0BD0838014000000240FD
:102030000004024000080240000C02400010024070
:102040000014024000180240001C0240003C014005
:10205000F8B502460B460025002400200021D6E0FA
:10206000012606FA01F51E6806EA0504AC4274D1A1
:102070001E7906F00306012E04D01E7906F0030631
:10208000022E13D190684F000326BE40B0434F008C
:10209000DE68BE4030439060506801268E40B043F9
:1020A0001E79C6F300168E40304350601E7906F04C
:1020B0000306032E09D0D0684F000326BE40B0436C
:1020C0004F009E68BE403043D0601E7906F0030684
:1020D000022E13D1CF0802F1200656F827004E0732
:1020E000F70E0F26BE40B0434F07FF0E1E69BE40DD
:1020F0003043CF0802F1200646F8270010684F0051
:102100000326BE40B0431E7906F003064F00BE40D2
:10211000304310605E6806F44036002E76D000BF73
:10212000002600963C4E366846F480463A4F3E60A4
:102130003E46366806F48046009600BF00BF374E24
:102140008F0856F827008E07370F0F26BE40B04382
:10215000334EB24202D1002624E057E0314EB24263
:1021600001D101261EE0304EB24201D1022619E013
:102170002E4EB24201D1032614E02D4EB24201D1BF
:1021800004260FE02B4EB24201D105260AE02A4E6A
:10219000B24201D1062605E0284EB24201D10726FF
:1021A00000E008268F073F0FBE4030431B4E8F08CC
:1021B00046F82700224E3068A0435E6806F4801679
:1021C00006B120431E4E3060361D3068A0435E6865
:1021D00006F4001606B12043194E361D3060184E25
:1021E000361F3068A0435E6806F4003606B120430F
:1021F000134E361F3060361F3068A0435E6806F409
:10220000803606B120430E4E083E3060491C10292E
:10221000FFF426AFF8BD0000443802400838014002
:10222000000002400004024000080240000C02408E
:10223000001002400014024000180240001C02403E
:10224000083C0140024613690B400BB1012000E03D
:10225000002070470AB1816101E00B04836170477F
:1022600001480068704700001000002010B50446C7
:10227000D4F8DC0305F098F810BD10B50446D4F886
:10228000DC0305F09CF810BD10B50446206807F08B
:10229000D7F810BD10B50446206807F0D8F810BD77
:1022A00010B502460023C1EB011402F1140000EB4B
:1022B00084008371C1EB011402F1140000EB84006F
:1022C000C371C1EB011402F1140000EB84004374EC
:1022D000C1EB011402F1140000EB84000374002030
:1022E00010BD0246C1EB011302F1140000EB8300A4
:1022F00090F8380070470246C1EB011302F1140058
:1023000000EB8300406A704770B504460D46002616
:1023100000BF94F8D403012801D1022070BD012030
:1023200084F8D40300BF2946206807F0A1F800BF55
:10233000002084F8D40300BF3046EFE72DE9FF5FAB
:1023400004460D4616469B46DDE90E78DDF840A0B2
:1023500000BF94F8D403012803D1022004B0BDE8E3
:10236000F09F012084F8D40300BF0021C5EB0512C3
:1023700004F1140000EB82004171C5EB051104F17A
:10238000140000F821B0C5EB051100EB8100457089
:10239000C5EB051104F1140000EB810080F81280F8
:1023A00006F07F01C5EB051204F1140000EB82007A
:1023B000817029462046FFF773FF06F080008028D1
:1023C00008D10121C5EB051204F1140000EB8200D5
:1023D000C17007E00021C5EB051204F1140000EB09
:1023E0008200C170206807F032F88146B8F1010F11
:1023F00009D1012F07D1B9F1000F04D1BAF1BC0FF7
:1024000001D94FF0BC0AC5EB051104F1140000EB33
:1024100081000771C5EB051204F1140000EB820086
:10242000A0F814A01FFA8AF0CDE9007802905B466C
:1024300032462946206807F0F7F8039000BF0020D5
:1024400084F8D40300BF039888E770472DE9F05F54
:1024500004460D4616461F46DDE90C9BDDE90A8A57
:10246000C5EB051104F1140000EB8100C670C5EB4B
:10247000051104F1140000EB81008774B8F1000F1E
:1024800010D10321C5EB051204F1140000EB82000A
:102490008175C5EB051104F1140000EB810080F893
:1024A00005B007E00221C5EB051204F1140000EBB2
:1024B0008200817537B1012F6FD0022F51D0032FC9
:1024C0006CD187E0B8F1010F4AD136BBB9F1000FEA
:1024D00008D10121C5EB051204F1140000EB8200C4
:1024E00080F82910C5EB051104F1140000EB810000
:1024F00090F8290040B90021C5EB051204F1140041
:1025000000EB820081752BE00221C5EB051204F17E
:10251000140000EB8200817522E0C5EB051104F187
:10252000140000EB81008079012819D1C5EB051159
:1025300004F1140000EB810090F8280040B900215C
:10254000C5EB051204F1140000EB8200817507E071
:102550000221C5EB051204F1140000EB8200817525
:1025600079E0E6B9C5EB051104F1140000EB810038
:1025700090F8290040B90021C5EB051204F11400C0
:1025800000EB8200817524E00221C5EB051204F105
:10259000140000EB820081751BE052E05AE0C5EBAD
:1025A000051104F1140000EB810090F8280040B9F7
:1025B0000021C5EB051204F1140000EB82008175C7
:1025C00007E00221C5EB051204F1140000EB8200C4
:1025D000817540E0D6B9C5EB051104F1140000EB9C
:1025E000810090F8290040B90021C5EB051204F1E3
:1025F000140000EB8200817522E00221C5EB051278
:1026000004F1140000EB8200817519E0C5EB05119F
:1026100004F1140000EB810090F8280040B900217B
:10262000C5EB051204F1140000EB8200817507E090
:102630000221C5EB051204F1140000EB8200817544
:1026400009E00021C5EB051204F1140000EB820043
:10265000817500E000BF00BFC5EB051104F1140057
:1026600000EB8100C0F818A0C5EB051104F11400BF
:1026700000EB8100C0F820900021C5EB051204F1A9
:10268000140000EB820080F83810C5EB051204F14D
:10269000140000EB82004162C5EB051104F1140047
:1026A00000EB810045700021C5EB051204F1140018
:1026B00000EB820080F83910A279C5EB051C04F10B
:1026C000140303EB8C01206807F0A0F8BDE8F09F2D
:1026D0002DE9F04104462768B846206806F0C3FE9D
:1026E00001287AD1206807F009FB08B9BDE8F0811C
:1026F000206807F003FB00F40010B0F5001F03D1C1
:102700004FF4001021684861206807F0F7FA00F4E0
:102710008010B0F5801F03D14FF48010216848610C
:10272000206807F0EBFA00F08060B0F1806F03D111
:102730004FF0806021684861206807F0DFFA00F000
:102740000200022801D121684861206807F0D6FA0A
:1027500000F00050B0F1005F19D14FF00050216837
:102760004861D8F8400400F0010080B910213846D3
:1027700006F03CFE384606F011FE607A022803D1CE
:102780000121206807F086FA2046FFF776FD2068D1
:1027900007F0B4FA00F08070B0F1807F02D12046DB
:1027A00002F01AFF206807F0A9FA00F008000828D4
:1027B00005D1204600F0F6F808202168486120681D
:1027C00007F09CFA00F00070B0F1007F27D120687C
:1027D00007F014F8064600251AE035E005F00F0171
:1027E00001208840304090B108F5A06000EB451012
:1027F000006800F40040B0F5004F04D1E9B2204673
:1028000001F050FE03E0E9B2204602F03BFB6D1CF4
:102810006079A842E2D84FF00070216848612068D2
:1028200007F06CFAC0F3001070B12068806920F0E6
:10283000100021688861204602F029FF2068806925
:1028400040F010002168886100BF4FE738B50446AA
:102850000CB9012038BD256894F8D50328B90020AB
:1028600084F8D403204600F035F8032084F8D5031B
:10287000B5F1A04F01D10021A171206806F038FD0B
:10288000207C8DF8000094E80F0006F0C1FC20B118
:10289000022084F8D5030120DCE70121206807F03D
:1028A00080FA20B1022084F8D5030120D2E7207CF1
:1028B0008DF8000094E80F0007F06CF920B10220B9
:1028C00084F8D5030120C5E7012084F8D503002052
:1028D000C0E7000010B586B00446142101A8FEF739
:1028E00025F82068B0F1A04F42D100BF0020009031
:1028F0002048006840F001001E4908600846006852
:1029000000F00100009000BF00BF4FF4C0500190E4
:102910000220029000200390032004900A200590DA
:1029200001A91548FFF794FB00BF1248001D00687D
:1029300040F080000F49091D086000BF0020009092
:102940000C481430006840F480400A491431086093
:102950000846006800F48040009000BF00BF00BF40
:1029600000221146432000F0ABFC432000F094FC11
:1029700006B010BD303802400000024010B50446D9
:10298000D4F8DC0304F0E2FD10BD10B50446D4F821
:10299000DC0304F0DFFD10BD10B50446206807F02D
:1029A000E2F910BD10B50446D4F8DC0304F076FD5E
:1029B00010BD10B5044600BF94F8D403012801D11E
:1029C000022010BD012084F8D40300BF012120683B
:1029D00006F0B8FC206806F0DAFC00BF002084F89E
:1029E000D40300BF00BFECE710B5044600BF94F865
:1029F000D403012801D1022010BD012084F8D403A2
:102A000000BF206807F001FA00BF002084F8D4035B
:102A100000BF00BFF0E710B504460CB9012010BD9F
:102A2000242084F83D002068006820F0010021681F
:102A30000860204600F02CFB0020206484F83D0054
:102A4000206384F83E0000BF84F83C0000BF00BF54
:102A5000E5E7000070B504460CB9012070BD94F89C
:102A60003D0028B9002084F83C00204600F02CFBF3
:102A7000242084F83D002068006820F001002168CF
:102A800008602068006840F4004021680860206801
:102A9000006820F400402168086000F033FD05461E
:102AA0005C496068884206D85B48854201D20120B3
:102AB00007E0002005E05948854201D2012000E0EE
:102AC0000020012800D1C9E75548B5FBF0F6206881
:102AD000406820F03F003043216848604D496068FD
:102AE000884201D8701C07E04FF4967070434FF491
:102AF0007A71B0FBF1F0401C2168096A21F03F01B6
:102B000008432168086243496068884214D8681EF7
:102B100061684900B0FBF1F0401CC0F30B000428D1
:102B200001D204203DE0681E61684900B0FBF1F06D
:102B3000401CC0F30B0034E0A06838B9681E61681F
:102B400001EB4101B0FBF1F0401C0AE0681E616836
:102B500001EBC10202EB0111B0FBF1F0401C40F4AB
:102B60008040C0F30B0008B901201AE0A06848B902
:102B7000681E616801EB4101B0FBF1F0401CC0F33D
:102B80000B000CE0681E616801EBC10202EB011151
:102B9000B0FBF1F0401CC0F30B0040F4804040F467
:102BA00000402168C9694CF6FF72914308432168CF
:102BB000C861D4E9070108432168096821F0C00110
:102BC000084321680860D4E9031008432168896834
:102BD00048F2FF329143084321688860D4E9050137
:102BE00008432168C96821F0FF0108432168C860D3
:102BF0002068006840F0010021680860002020641F
:102C0000202084F83D000020206384F83E0000BFAF
:102C100024E70000A086010080841E0000093D001A
:102C200040420F002DE9FC5F04460F46904699464E
:102C3000DDE90CAB0E9EFFF713FB054694F83D0053
:102C4000202870D119230122B5492046009502F0B1
:102C50003EFF10B10220BDE8FC9F00BF94F83C008D
:102C6000012801D10220F6E7012084F83C0000BFD2
:102C70002068006800F0010028B92068006840F072
:102C80000100216808602068006820F40060216865
:102C90000860222084F83D00402084F83E00002097
:102CA0002064C4F824A0A4F82AB0608D20859D4833
:102CB000E0624B46424639462046CDE9006502F0C7
:102CC000B3FD08B10120C6E7208D88B900BF002000
:102CD000019020684069019020688069019000BFE0
:102CE00000BF2068006840F400702168086040E080
:102CF000208D012818D12068006820F480602168A8
:102D0000086000BF002001902068406901902068A1
:102D10008069019000BF00BF2068006840F4007027
:102D20002168086025E0F8E0208D022816D120688F
:102D3000006820F48060216808602068006840F422
:102D400000602168086000BF002001902068406991
:102D5000019020688069019000BF0AE000BF002058
:102D6000019020684069019020688069019000BF4F
:102D700000BFC3E0208D03287ED8208D012815D107
:102D80002A463146204602F07EFF08B1012062E764
:102D900020680069616A0870606A401C6062208D6A
:102DA000401E2085608D401E6085A7E0208D022892
:102DB0002AD1334600225C492046009502F087FE66
:102DC00008B1012047E72068006840F400702168DE
:102DD000086020680069616A0870606A401C60626F
:102DE000208D401E2085608D401E60852068006912
:102DF000616A0870606A401C6062208D401E2085F8
:102E0000608D401E608579E03346002246492046A9
:102E1000009502F05CFE08B101201CE72068006804
:102E200020F480602168086020680069616A087089
:102E3000606A401C6062208D401E2085608D401EAF
:102E400060853346002238492046009502F03FFE57
:102E500008B10120FFE62068006840F40070216896
:102E6000086020680069616A0870606A401C6062DE
:102E7000208D401E208500E010E0608D401E6085A2
:102E800020680069616A0870606A401C6062208D79
:102E9000401E2085608D401E60852FE02A46314609
:102EA000204602F0F0FE08B10120D4E62068006957
:102EB000616A0870606A401C6062208D401E208537
:102EC000608D401E608520684069C0F38000A8B115
:102ED000208D032805D12068006820F480602168D7
:102EE000086020680069616A0870606A401C60625E
:102EF000208D401E2085608D401E6085208D00281D
:102F00007FF438AF202084F83D00002084F83E0094
:102F100000BF84F83C0000BF9DE602209BE6000055
:102F2000020010000000FFFF040001002DE9FC5F1B
:102F300004460F4690469946DDE90CAB0E9EFFF71E
:102F40008FF9054694F83D0020287DD119230122F0
:102F50004D492046009502F0BAFD10B10220BDE8AF
:102F6000FC9F00BF94F83C00012801D10220F6E745
:102F7000012084F83C0000BF2068006800F00100D8
:102F800028B92068006840F00100216808602068C6
:102F9000006820F4006021680860212084F83D006A
:102FA000402084F83E0000202064C4F824A0A4F847
:102FB0002AB0608D20853548E0624B46424639464E
:102FC0002046CDE9006502F0DFFC08B10120C6E72C
:102FD00031E02A463146204602F09AFE50B1206C7C
:102FE000042805D12068006840F40070216808605A
:102FF0000120B4E7606A007821680861606A401CBB
:103000006062208D401E2085608D401E6085206896
:103010004069C0F3800070B1208D60B1606A0078B3
:1030200021680861606A401C6062208D401E208516
:10303000608D401E6085208D0028CAD12A46314609
:10304000204602F011FD00E01CE050B1206C042885
:1030500005D12068006840F40070216808600120F4
:103060007DE72068006840F4007021680860202037
:1030700084F83D00002084F83E0000BF84F83C0046
:1030800000BF6CE702206AE7020010000000FFFFAB
:1030900010B504460949206888420ED108480068E6
:1030A00020F480000649086009150648FEF71CFF59
:1030B0004FF400610348FEF717FF10BD00580040B1
:1030C000403802400004024010B586B00446142186
:1030D00001A8FDF72BFC1B492068884230D100BFB6
:1030E000002000901848006840F00200164908606F
:1030F0000846006800F00200009000BF00BF4FF4D7
:103100004060019012200290002003900320049060
:103110000420059001A90D48FEF79AFF00BF00208A
:10312000009009481030006840F4800006491031D2
:1031300008600846006800F48000009000BF00BFEF
:1031400006B010BD00580040303802400004024074
:10315000034800680349097808440149086070473A
:10316000100000201800002010B50D48006840F441
:1031700000700B4908600846006840F480600860F1
:103180000846006840F480700860032000F0D6F81C
:103190000F2000F007F800F02BF8002010BD000011
:1031A000003C024070B504460E4800784FF47A7136
:1031B000B1FBF0F00C490968B1FBF0F5284600F0CE
:1031C000ABFC08B1012070BD102C07D200222146B3
:1031D000501E00F075F80548046001E00120F2E798
:1031E0000020F0E7180000201C0000201400002040
:1031F00008B500BF002000901248006840F48040ED
:10320000104908600846006800F48040009000BF44
:1032100000BF00BF00200090081F006840F08050F1
:10322000091F08600846006800F08050009000BF49
:1032300000BF00221146052000F042F8052000F0F2
:103240002BF808BD4438024010B501460846002856
:1032500007DB00F01F0301229A40034B440943F8A7
:10326000242000BF10BD000080E200E010B5014640
:10327000084600280BDB00F01F0301229A40054B93
:10328000440943F82420BFF34F8FBFF36F8F00BF73
:1032900010BD000080E100E00146084600280DDB7B
:1032A00000BF00BF00F01F0301229A4043099B00AA
:1032B00003F1E023C3F8002100BF00BF00BF704747
:1032C0002DE9F05F80460D461646002706F024FEE5
:1032D000074639462A46334601F00700C0F1070A7F
:1032E000BAF1040F02D94FF0040A01E0C0F1070A55
:1032F000D14600F1040ABAF1070F02D24FF0000ADA
:1033000001E0A0F1030AD4464FF0010A0AFA09FAD3
:10331000AAF1010A0AEA020A0AFA0CFA4FF0010BB2
:103320000BFA0CFBABF1010B0BEA030B4AEA0B04A3
:103330002146404606F0F8FDBDE8F09F00BF00F0D2
:103340000702064B19684FF6FF031940044B0B4365
:1033500043EA0221014B196000BF70470CED00E009
:103360000000FA057047000070B504460D460CB920
:10337000012070BD5848006800F00700A84209D23B
:1033800055490D700846006800F00700A84201D0BA
:103390000120EEE7207800F0020002281DD12078FD
:1033A00000F00400042805D14C48006840F4E050C7
:1033B0004A490860207800F00800082805D14748ED
:1033C000006840F46040454908604448006820F0C7
:1033D000F000A168084341490860207800F001002E
:1033E000A8B36068012807D13C4808380068C0F3DA
:1033F0004040B8B90120BCE76068022802D060688C
:10340000032807D1354808380068C0F3406048B940
:103410000120AEE7314808380068C0F3400008B921
:103420000120A6E72D48006820F0030061680843EA
:103430002A490860FEF714FF064609E0FEF710FF70
:10344000801B41F28831884202D9032091E707E0CE
:103450002248006800F00C006168B0EB810FEDD1EC
:103460001D48006800F00700A84209D91A490D70EC
:103470000846006800F00700A84201D0012078E764
:10348000207800F00400042807D11448006820F4D4
:10349000E050E168084311490860207800F0080016
:1034A000082808D10D48006820F46040216940EAEE
:1034B000C1000A49086000F045F808490968C1F3ED
:1034C0000311074A515CC840064908600648006875
:1034D000FFF768FE00204CE7003C0240083802403D
:1034E0008CEE00081C00002014000020012001497F
:1034F000C8647047000047420148006870470000F8
:103500001C00002000B5FFF7F7FF04490968C1F36C
:103510008221034A515CC84000BD000008380240C7
:103520009CEE000800B5FFF7E7FF04490968C1F306
:103530004231034A515CC84000BD000008380240D7
:103540009CEE00082DE9F047002400250026A14646
:103550002548006800F00C0020B1042805D0082898
:103560003AD105E0DFF8849039E0DFF8849036E066
:103570001D48001F006800F03F041B48001F006842
:1035800000F4800078B11A481749091F0968C1F38F
:103590008811A0FB01700146224600233846FCF743
:1035A000CCFE05460EE011480F49091F0968C1F31A
:1035B0008811A0FB01700146224600233846FCF723
:1035C000BCFE05460848001F0068C0F30140401CCF
:1035D0004600B5FBF6F902E0DFF8109000BF00BF2F
:1035E0004846BDE8F0870000083802400024F40097
:1035F00040787D0110B50648006800F08000802802
:1036000005D1FFF7AFFE80200149891C087010BD6D
:103610000C380240F8B504460CB90120F8BD2078FA
:1036200000F00100002874D0F948006800F00C0098
:1036300004280DD0F648006800F00C00082813D1CB
:10364000F348001F006800F48000B0F5800F0BD134
:10365000EF4808380068C0F34040002859D060683F
:10366000002856D10120D9E700BF6068B0F5803F3F
:1036700008D1E7480838006840F48030E449083948
:1036800008601EE06068B0F5A02F0DD1E048083852
:10369000006840F48020DE49083908600846006868
:1036A00040F4803008600CE0D9480838006820F405
:1036B0008030D749083908600846006820F4802027
:1036C000086000BF606890B1FEF7CAFD054606E0DD
:1036D000FEF7C6FD401B642801D903209EE7CC48B5
:1036E00008380068C0F340400028F1D011E0FEF730
:1036F000B7FD054606E0FEF7B3FD401B642801D97F
:1037000003208BE7C24808380068C0F34040002817
:10371000F1D1207800F0020002285FD1BC48006897
:1037200000F00C0058B1BA48006800F00C000828FE
:103730001CD1B748001F006800F48000B0B9B4483D
:1037400008380068C0F3400020B1E068012801D0CB
:10375000012063E7AE480838006820F0F8002169CE
:1037600040EAC100AA490839086037E0E06800B3C0
:103770000120A8490860FEF773FD054606E0FEF744
:103780006FFD401B022801D9032047E7A0480838F5
:103790000068C0F340000028F1D09D480838006858
:1037A00020F0F800216940EAC10099490839086011
:1037B00014E0002097490860FEF752FD054606E038
:1037C000FEF74EFD401B022801D9032026E7904852
:1037D00008380068C0F340000028F1D1207800F0DC
:1037E000080008282CD16069A8B101208A49086026
:1037F000FEF736FD054606E0FEF732FD401B0228C7
:1038000001D903200AE782486C300068C0F3400009
:103810000028F1D014E000207F490860FEF720FD69
:10382000054606E0FEF71CFD401B022801D90320D7
:10383000F4E677486C300068C0F340000028F1D10E
:10384000207800F00400042870D100277048383038
:10385000006800F0805090B900BF002000906C48D4
:103860003830006840F080506949383108600846B7
:10387000006800F08050009000BF00BF012767483B
:10388000006800F48070B0B96448006840F480704B
:1038900062490860FEF7E4FC054606E0FEF7E0FC3E
:1038A000401B022801D90320B8E65C48006800F4F8
:1038B00080700028F2D000BFA068012808D15448C9
:1038C0006830006840F001005149683108601DE02F
:1038D000A06805280DD14E486830006840F004000B
:1038E0004B49683108600846006840F001000860F4
:1038F0000CE047486830006820F001004449683116
:1039000008600846006820F00400086000BFA06856
:10391000A8B1FEF7A5FC054609E0FEF7A1FC401B97
:1039200041F28831884202D9032077E626E0384800
:1039300068300068C0F340000028EED013E0FEF7C6
:103940008FFC054608E0FEF78BFC401B41F28831F6
:10395000884201D9032061E62D4868300068C0F331
:1039600040000028EFD1012F07D1294838300068E6
:1039700020F0805026493831086000BFA069002837
:1039800045D02348006800F00C0008285DD0A069ED
:10399000022845D100201F490866FEF761FC054654
:1039A00006E0FEF75DFC401B022801D9032035E646
:1039B000174808380068C0F340600028F1D1D4E906
:1039C00007010843616A40EA81110122A06AC2EB43
:1039D000500041EA00412C20005D41EA00600C49A2
:1039E000091F086001200B490866FEF739FC0546EF
:1039F00006E0FEF735FC401B022801D903200DE646
:103A0000034808380068C0F340600028F1D049E05E
:103A10000838024000004742800E474200700040D4
:103A2000002021490866FEF71BFC054606E0FEF76C
:103A300017FC401B022801D90320EFE51B48006852
:103A4000C0F340600028F2D12CE0A069012800D129
:103A5000E4E51648001D0668A069012820D006F498
:103A60008001E06981421BD106F03F01206A81425A
:103A700016D147F6C0703040616AB0EB811F0FD19C
:103A800006F440310122A06AC2EB5000B1EB004FB6
:103A900006D106F070612C20005DB1EB006F01D003
:103AA0000120BBE50020B9E5000047420038024094
:103AB00010B504460CB9012010BD607920B9002072
:103AC0002071204600F00EF8022060712068006826
:103AD00040F0040021680860012060710020A060AF
:103AE00000BFE9E708B50A4A016891420FD100BF5B
:103AF000002100910749096841F04001054A116021
:103B00001146096801F04001009100BF00BF08BDE7
:103B1000000806503438024070B504462546681E39
:103B2000B0F1807F01D301200FE0681E4FF0E0214B
:103B300048610F214FF0FF3006F0F6F900204FF0FA
:103B4000E021886107200861002070BD7047704740
:103B500030B502460B4600BF92F83C00012801D167
:103B6000022030BD012082F83C0000BF022082F814
:103B70003D00106844681068816824F0700418687B
:103B8000044310684460184D1068A8421BD01068A8
:103B9000B0F1804F17D0154D1068A84213D0144DC6
:103BA0001068A8420FD0134D1068A8420BD0124DD8
:103BB0001068A84207D0114D1068A84203D0104DDC
:103BC0001068A84205D121F08001586801431068AF
:103BD0008160012082F83D0000BF002082F83C0097
:103BE00000BF00BFBDE7000000000140000400402E
:103BF00000080040000C004000040140004001406B
:103C00000018004010B504460CB9012010BD94F80E
:103C10003D0028B9002084F83C00204600F026F83A
:103C2000022084F83D00211D206802F04FFC012095
:103C300084F8460000BF84F83E0001213F20015572
:103C4000402001554120015500BF00BF012084F8EC
:103C5000420043200155442001554520015500BF35
:103C6000012084F83D000020D0E7000038B504466C
:103C70002068B0F1804F0FD100BF002000902E4887
:103C8000006840F001002C4908600846006800F018
:103C90000100009000BF4EE02849206888420FD103
:103CA00000BF002000902448006840F02000224916
:103CB00008600846006800F02000009000BF3AE06D
:103CC0001F49206888421AD100BF002000901A487E
:103CD000001D006840F400301749091D08600846BF
:103CE000006800F40030009000BF00BF00221146C1
:103CF0001920FFF7E5FA1920FFF7CEFA1BE011496A
:103D00002068884217D100BF002000900A48006850
:103D100040F48070084908600846006800F480702C
:103D2000009000BF00BF002211462D20FFF7C8FA07
:103D30002D20FFF7B1FA38BD403802400014004092
:103D400000440140002000402DE9F04104460D46AA
:103D5000002700BF94F83C00012802D10220BDE8F2
:103D6000F081012084F83C0000BF022084F83D006F
:103D70002068866826F0770626F47F4620688660ED
:103D80002868502833D00CDC202850D004DC0028D0
:103D90004BD0102851D149E0302849D040284CD18F
:103DA00039E060282DD0702807D0B0F5805F03D0AF
:103DB000B0F5005F41D10DE041E0D5E902136A683A
:103DC000206802F0F7FB2068866846F077062068D6
:103DD000866034E0D5E902136A68206802F0EAFBE5
:103DE0002068806840F480402168886027E0EA68A5
:103DF0006968206802F0CEFC5021206802F0E5FBE3
:103E00001DE0EA686968206802F0D7FC602120683C
:103E100002F0DBFB13E0EA686968206802F0BAFC94
:103E20004021206802F0D1FB09E000BF00BF00BFC5
:103E30002968206802F0C9FB01E0012700BF00BF2C
:103E4000012084F83D0000BF002084F83C0000BF42
:103E5000384684E7704770B504462068C568206816
:103E6000066906F00200022819D105F002000228B6
:103E700015D1401F216808610120207720688069E2
:103E800000F0030018B12046FFF7E4FF05E02046EC
:103E900000F0FEF8204600F030F90020207706F010
:103EA0000400042819D105F00400042815D1C043EA
:103EB00021680861022020772068806900F4407042
:103EC00018B12046FFF7C6FF05E0204600F0E0F8F5
:103ED000204600F012F90020207706F0080008289C
:103EE00019D105F00800082815D1C04321680861E0
:103EF000042020772068C06900F0030018B1204634
:103F0000FFF7A8FF05E0204600F0C2F8204600F0C9
:103F1000F4F80020207706F01000102819D105F0E1
:103F20001000102815D1C0432168086108202077AF
:103F30002068C06900F4407018B12046FFF78AFF7E
:103F400005E0204600F0A4F8204600F0D6F8002056
:103F5000207706F0010048B105F0010030B16FF0A4
:103F6000010021680861204600F0C8F806F08000D2
:103F7000802809D105F08000802805D1C043216840
:103F800008612046FFF7E2FD06F04000402809D115
:103F900005F04000402805D1C04321680861204653
:103FA00000F0ADF806F02000202809D105F020002F
:103FB000202805D1C043216808612046FFF7C7FDCE
:103FC00070BD000010B586B00446142101A8FCF7AE
:103FD000ADFC2068B0F1804F1CD100BF00200090E4
:103FE0000D48006840F002000B4908600846006870
:103FF00000F00200009000BF00BF082001900220E6
:1040000002900020039004900120059001A903482C
:10401000FEF71EF806B010BD303802400004024022
:104020002DE9F04104460E461546002700BF94F8DE
:104030003C00012802D10220BDE8F081012084F873
:104040003C0000BF35B1042D09D0082D0CD00C2D3B
:1040500014D10EE03146206802F0C0FA10E031467B
:10406000206802F0F3FA0BE03146206802F02CFBE6
:1040700006E03146206802F063FB01E0012700BF43
:1040800000BF00BF002084F83C0000BF3846D3E7E3
:10409000704710B504460CB9012010BD94F83D00DE
:1040A00028B9002084F83C00204600F025F80220C2
:1040B00084F83D00211D206802F008FA012084F8F0
:1040C000460000BF84F83E0001213F2001554020FA
:1040D00001554120015500BF00BF012084F8420076
:1040E00043200155442001554520015500BF0120C2
:1040F00084F83D000020D0E7704770477047704754
:1041000010B504460CB9012010BDA06900B100E053
:1041100000BF94F8410028B9002084F840002046F0
:1041200000F02AF8242084F841002068C06820F4B8
:1041300000502168C860204602F08AFB20680069B0
:1041400020F49040216808612068406920F02A002E
:10415000216848612068C06840F400502168C86048
:1041600000206064202084F8410084F84200002090
:10417000606300BFC8E7000010B586B00446142194
:1041800001A8FCF7D3FB6049206888424DD100BFED
:10419000002000905D48006840F480105B49086092
:1041A0000846006800F48010009000BF00BF00BF08
:1041B0000020009055481038006840F00400534932
:1041C000103908600846006800F00400009000BF45
:1041D00000BF00BF002000900846006840F00800C3
:1041E00008600846006800F00800009000BF00BFAB
:1041F0008814019002200290002003900320049074
:104200000820059001A94248FDF722FF04200190F3
:1042100002200290002003900320049008200590C3
:1042200001A93C48FDF714FF6BE03B492068884238
:1042300032D100BF002000903448001D006840F0DB
:1042400010003249091D08600846006800F010009F
:10425000009000BF00BF00BF002000902B48103826
:10426000006840F0010029491039086008460068DC
:1042700000F00100009000BF00BF4FF4C06001904B
:10428000022002900020039004900720059001A9CD
:104290002248FDF7DDFE34E021492068884230D114
:1042A00000BF002000901948006840F480201749A2
:1042B00008600846006800F48020009000BF00BF3E
:1042C00000BF0020009011481038006840F0040042
:1042D0000E49103908600846006800F0040000909C
:1042E00000BF00BF4FF44060019002200290002008
:1042F0000390032004900720059001A90448FDF7CE
:10430000A7FE06B010BD000000500040403802403B
:1043100000080240000C0240001001400000024072
:10432000004800402DE9F84F04460E4617469946CE
:104330004FF0000A94F84200202852D106B117B974
:104340000120BDE8F88F00206064222084F842003C
:1043500000202063FDF784FF8246A785E785A068DB
:10436000B0F5805F04D1206910B90025B04602E0A5
:1043700035464FF000082CE053460022202120460D
:10438000CDF8009002F07AFB20B1202084F84200A2
:104390000320D6E745B920684068C0F30800A8F8B4
:1043A000000008F1020811E0A068B0F5805F03D0BA
:1043B000A06828B9206918B920684068287004E00E
:1043C0002068406800F07F0028706D1CE08D401E62
:1043D000E085E08D0028CFD1202084F84200002025
:1043E000AFE70220ADE72DE9F84F04460E46174629
:1043F00099464FF0000A94F84100202850D106B1A8
:1044000017B90120BDE8F88F00206064212084F8EE
:104410004100FDF725FF8246A784E784A068B0F538
:10442000805F04D1206910B90025B04602E035460E
:104430004FF000081EE05346002280212046CDF8B0
:10444000009002F01BFB20B1202084F841000320E3
:10445000D8E745B9B8F80000C0F308002168486003
:1044600008F1020803E02878216848606D1CE08CA0
:10447000401EE084E08C0028DDD15346002240211C
:104480002046CDF8009002F0F9FA20B1202084F8FF
:1044900041000320B6E7202084F841000020B1E766
:1044A0000220AFE72DE9F04105460C46D5F8008023
:1044B00046462146286805F012FC00F00400042856
:1044C00013D1042106F5A06000EB441081600721A0
:1044D000C4EB041205F1140000EB820080F83910DF
:1044E0002146286804F0C4FF72E02146286805F0E0
:1044F000F6FB00F48070B0F5807F14D14FF480712A
:1045000006F5A06000EB441081600821C4EB0412A2
:1045100005F1140000EB820080F83910214628686C
:1045200004F0A6FF54E02146286805F0D8FB00F00F
:104530000800082813D1082106F5A06000EB4410FC
:1045400081600621C4EB041205F1140000EB820027
:1045500080F839102146286804F08AFF38E02146A7
:10456000286805F0BCFB00F48060B0F5806F14D1C2
:104570004FF4806106F5A06000EB441081600921D2
:10458000C4EB041205F1140000EB820080F839102E
:104590002146286804F06CFF1AE02146286805F0DF
:1045A0009EFB00F08000802812D1802106F5A060DB
:1045B00000EB441081600721C4EB041205F11400E4
:1045C00000EB820080F839102146286804F050FF83
:1045D0002146286805F083FB00F40070B0F5007FE9
:1045E0000BD12146286804F043FF4FF4007106F513
:1045F000A06000EB44108160DCE02146286805F0F3
:104600006EFB00F0010000287ED0202106F5A0609E
:1046100000EB44108160C4EB041105F1140000EBC1
:104620008100C079012813D10021C4EB041205F1E7
:10463000140000EB8200C17106F5A06000EB44108D
:10464000406820F4803106F5A06000EB4410416022
:10465000A879A8B1C4EB041105F1140000EB8100A6
:10466000C16906F5A06000EB44100069C0F31200B8
:10467000091AC4EB041205F1140000EB8200416238
:104680000121C4EB041205F1140000EB820080F854
:1046900039100021C4EB041205F1140000EB820074
:1046A0000163012106F5A06000EB44108160C4EBBA
:1046B000041105F1140000EB8100807C40B1C4EBD3
:1046C000041105F1140000EB8100807C02280AD15E
:1046D0002146286804F0CCFE102106F5A06000EB0E
:1046E0004410816034E0C4EB041105F1140000EBC8
:1046F0008100807C03280AD0C4EB041105F114006A
:1047000000EB8100807C00E068E0012820D106F504
:10471000A06000EB4410006840F0005106F5A06076
:1047200000EB441001600121C4EB041205F11400F8
:1047300000EB820080F83810C4EB041105F114007E
:1047400000EB810090F8382021462846FDF77DFED9
:10475000A87901282FD1C4EB041105F1140000EB56
:104760008100C4EB0412416A05F1140000EB8200E1
:10477000808A0844401EC4EB041205F1140101EBC9
:104780008201898AB0FBF1F000F00100002811D00D
:10479000C4EB041105F1140000EB810090F828002F
:1047A00080F00101C4EB041205F1140000EB82005B
:1047B00080F8281064E3C4EB041105F1140000EB49
:1047C000810090F8280080F00101C4EB041205F18B
:1047D000140000EB820080F8281051E3214628687D
:1047E00005F07DFA00F02000202824D1202106F5D4
:1047F000A06000EB44108160C4EB041105F11400CB
:1048000000EB810080790128D4D10121C4EB04128E
:1048100005F1140000EB8200C1710321C4EB041206
:1048200005F1140000EB820080F839102146286859
:1048300004F01EFE24E32146286805F050FA00F03B
:10484000020002287DD1022106F5A06000EB441091
:104850008160C4EB041105F1140000EB810090F8B5
:104860003900012812D10221C4EB041205F1140011
:1048700000EB820080F839100121C4EB041205F12D
:10488000140000EB820080F8381037E2C4EB04110A
:1048900005F1140000EB810090F83900062812D1D0
:1048A0000221C4EB041205F1140000EB820080F831
:1048B00039100521C4EB041205F1140000EB82004D
:1048C00080F838101AE2C4EB041105F1140000EB73
:1048D000810090F83900072809D0C4EB041105F1D4
:1048E000140000EB810090F8390009287ED10221E4
:1048F000C4EB041205F1140000EB820080F83910BB
:10490000C4EB041105F1140000EB8100006B401CA6
:10491000C4EB041205F1140101EB82010863C4EB3E
:10492000041105F1140000EB8100006B022837D957
:104930000021C4EB041205F1140000EB82000163B6
:1049400000E0E8E1C4EB041105F1140000EB810084
:10495000807901281AD10021C4EB041205F114005A
:1049600000EB8200C171C4EB041205F1140000EBEE
:104970008200017206F5A06000EB4410406820F44C
:10498000803106F5A06000EB441041600421C4EBC7
:10499000041205F1140000EB820080F83810ADE13C
:1049A0000221C4EB041205F1140000EB820080F830
:1049B0003810C4EB041105F1140000EB8100807C79
:1049C00040B1C4EB041105F1140000EB8100807CC0
:1049D0000228E4D106F5A06000EB4410076827F038
:1049E000804747F0004706F5A06000E003E000EBD9
:1049F0004410076082E1C4EB041105F1140000EBE0
:104A0000810090F83900052872D10221C4EB04120C
:104A100005F1140000EB820080F83910C4EB04119A
:104A200005F1140000EB8100C0790128B7D1C4EB77
:104A3000041105F1140000EB8100807C032858D19B
:104A4000C4EB041105F1140000EB8100406B401C25
:104A5000C4EB041205F1140101EB82014863C4EBBD
:104A6000041105F1140000EB8100406B022835D9D8
:104A70000021C4EB041205F1140000EB8200416335
:104A8000C4EB041205F1140000EB8200C171C4EB09
:104A9000041105F1140000EB8100006B032807D21C
:104AA0000121C4EB041205F1140000EB8200017235
:104AB00006F5A06000EB4410406820F4803106F554
:104AC000A06000EB441041600421C4EB041205F126
:104AD000140000EB820080F8381013E00221C4EBD0
:104AE000041205F1140000EB820080F8381009E090
:104AF00028E00221C4EB041205F1140000EB82004F
:104B000080F83810C4EB041105F1140000EB8100AB
:104B1000807C40B1C4EB041105F1140000EB81006E
:104B2000807C02280DD106F5A06000EB44100768D8
:104B300027F0804747F0004706F5A06000EB4410DF
:104B40000760DBE0C4EB041105F1140000EB810009
:104B500090F8390003285ED10221C4EB041205F15C
:104B6000140000EB820080F83910C4EB041105F149
:104B7000140000EB8100C07901284BD10221C4EB65
:104B8000041205F1140000EB820080F8381006F5DD
:104B9000A06000EB4410406840F4803106F5A0604E
:104BA00000EB4410416006F5A06000EB4410C068C3
:104BB00040F0400106F5A06000EB4410C16006F52E
:104BC000A06000EB4410C06820F0200106F5A06052
:104BD00000EB4410C160C4EB041105F1140000EBBC
:104BE0008100807C40B1C4EB041105F1140000EB9E
:104BF0008100807C02280DD106F5A06000EB4410F6
:104C0000076827F0804747F0004706F5A06000EBF3
:104C10004410076072E0C4EB041105F1140000EBCE
:104C2000810090F83900042830D10221C4EB04122D
:104C300005F1140000EB820080F83910C4EB041277
:104C400005F1140000EB820080F83810C4EB041169
:104C500005F1140000EB8100807C40B1C4EB04112D
:104C600005F1140000EB8100807C022846D106F596
:104C7000A06000EB4410076827F0804747F000472A
:104C800006F5A06000EB4410076037E0C4EB0411A8
:104C900005F1140000EB810090F83900082821D1BB
:104CA0000221C4EB041205F1140000EB820080F82D
:104CB0003910C4EB041105F1140000EB8100006B06
:104CC000401CC4EB041205F1140101EB82010863DE
:104CD0000421C4EB041205F1140000EB820080F8FB
:104CE00038100BE0C4EB041105F1140000EB810057
:104CF00090F83900022801D1BDE8F081C4EB04111D
:104D000005F1140000EB810090F838202146284678
:104D1000FDF79BFBB4E02146286804F0E0FF00F0BB
:104D20004000402823D1402106F5A06000EB44104C
:104D300081600521C4EB041205F1140000EB820030
:104D400080F83910C4EB041105F1140000EB810068
:104D5000807938B90021C4EB041205F1140000EB8E
:104D6000820001632146286804F082FB88E0214626
:104D7000286804F0B4FF00F0100010287ED1C4EBC6
:104D8000041105F1140000EB8100807C032815D18B
:104D90000021C4EB041205F1140000EB8200016352
:104DA0000421C4EB041205F1140000EB820080F82A
:104DB00039102146286804F05BFB30E0C4EB041195
:104DC00005F1140000EB8100807C40B1C4EB0411BC
:104DD00005F1140000EB8100807C02281FD1002126
:104DE000C4EB041205F1140000EB82000163A87902
:104DF00040B1C4EB041105F1140000EB8100C0794F
:104E000001280CD10421C4EB041205F1140000EBBD
:104E1000820080F839102146286804F029FBC4EB91
:104E2000041105F1140000EB8100C07901281FD1A5
:104E30000021C4EB041205F1140000EB8200C171E3
:104E400006F5A06000EB4410406820F4803106F5C0
:104E5000A06000EB4410416006F5A06000EB441038
:104E6000C06840F0200106F5A06000EB4410C1606E
:104E7000102106F5A06000EB441000E000E0816026
:104E800000BF39E72DE9F04705460C46D5F80090FC
:104E90004E462146286804F022FF00F00400042852
:104EA00013D1042106F5A06000EB441081600721B6
:104EB000C4EB041205F1140000EB820080F83910F5
:104EC0002146286804F0D4FA84E32146286804F0D7
:104ED00006FF00F02000202865D1202106F5A06003
:104EE00000EB44108160C4EB041105F1140000EBE9
:104EF0008100407901281DD10021C4EB041205F185
:104F0000140000EB820041710221C4EB041205F190
:104F1000140000EB820080F838100321C4EB041267
:104F200005F1140000EB820080F839102146286852
:104F300004F09EFAC4EB041105F1140000EB8100AB
:104F400080790128C0D1C4EB041105F1140000EBF5
:104F50008100C0790028B7D1C4EB041105F1140019
:104F600000EB8100807C012807D00121C4EB0412F2
:104F700005F1140000EB8200C1710321C4EB04129F
:104F800005F1140000EB820080F8391021462868F2
:104F900004F06EFA0021C4EB041205F1140000EBDA
:104FA0008200016316E32146286804F098FE00F4AD
:104FB0000070B0F5007F0BD14FF4007106F5A060D2
:104FC00000EB441081602146286804F051FA01E3A7
:104FD0002146286804F083FE00F00100E8B30021B8
:104FE000C4EB041205F1140000EB820001632146BA
:104FF000286804F074FE00F0400040280DD1012123
:10500000C4EB041205F1140000EB82004171402151
:1050100006F5A06000EB44108160C4EB041105F1BB
:10502000140000EB8100C07998B10021C4EB041298
:1050300005F1140000EB8200C17106F5A06000EBE1
:105040004410406820F4803106F5A06000EB441065
:105050004160012106F5A06000E00FE000EB441084
:105060008160C4EB041205F1140000EB820080F8AB
:1050700039102146286804F0FBF9ABE22146286884
:1050800004F02DFE00F0400040282BD10521C4EB98
:10509000041205F1140000EB820080F83910C4EB13
:1050A000041105F1140000EB8100807938B9012169
:1050B000C4EB041205F1140000EB820041710021E1
:1050C000C4EB041205F1140000EB820001632146D9
:1050D000286804F0CDF9402106F5A06000EB4410EB
:1050E000816077E22146286804F0F9FD00F00800AD
:1050F000082813D1082106F5A06000EB4410816058
:105100000621C4EB041205F1140000EB820080F8C4
:1051100039102146286804F0ABF95BE22146286883
:1051200004F0DDFD00F01000102833D10021C4EBA5
:10513000041205F1140000EB820001630421C4EBAA
:10514000041205F1140000EB820080F83910C4EB62
:10515000041105F1140000EB8100407978B9C4EB2B
:10516000041105F1140000EB8100007938B9012128
:10517000C4EB041205F1140000EB820041712146DA
:10518000286804F075F9102106F5A06000EB4410C2
:1051900081601FE22146286804F0A1FD00F0800034
:1051A000802863D1A87968B90721C4EB041205F1FE
:1051B000140000EB820080F839102146286804F0C2
:1051C00057F94CE0C4EB041105F1140000EB810029
:1051D000006B401CC4EB041205F1140101EB8201C9
:1051E0000863C4EB041105F1140000EB8100006BAF
:1051F00002281DD90021C4EB041205F1140000EBB4
:10520000820001630421C4EB041205F1140000EBD9
:10521000820080F83810C4EB041105F1140000EB93
:10522000810090F8382021462846FDF70EF916E057
:105230000221C4EB041205F1140000EB820080F897
:10524000381006F5A06000EB4410076827F080478F
:1052500047F0004706F5A06000EB4410076080218E
:1052600006F5A06000EB44108160B3E12146286898
:1052700004F035FD00F48060B0F5806F14D1092191
:10528000C4EB041205F1140000EB820080F8391021
:105290002146286804F0ECF84FF4806106F5A06020
:1052A00000EB4410816095E12146286804F017FD69
:1052B00000F0020002287DD1022106F5A06000EB7B
:1052C00044108160C4EB041105F1140000EB81006F
:1052D00090F83900012876D10221C4EB041205F1BF
:1052E000140000EB820080F839100121C4EB041295
:1052F00005F1140000EB820080F83810C4EB0411B3
:1053000005F1140000EB8100807C022808D0C4EB7A
:10531000041105F1140000EB8100807C032851D1B9
:10532000A87988B9C4EB041105F1140000EB8100E1
:1053300090F8290080F00101C4EB041205F114007B
:1053400000EB820080F82910A8790128E7D1C4EB8E
:10535000041105F1140000EB8100006A002831D02F
:10536000C4EB041105F1140000EB8100C4EB04123E
:10537000016A05F1140000EB8200808A0844401E97
:10538000C4EB041205F1140101EB8201898AB0FB20
:10539000F1F808F001000028E1D0C4EB041105F198
:1053A000140000EB810090F8290080F00101C4EBAB
:1053B000041201E00DE106E005F1140000EB8200AB
:1053C00080F82910F8E0C4EB041105F1140000EB9B
:1053D000810090F8390003281BD10221C4EB04128C
:1053E00005F1140000EB820080F83910C4EB0411C1
:1053F00005F1140000EB8100C079012808D10221D9
:10540000C4EB041205F1140000EB820080F83810A0
:10541000D2E0C4EB041105F1140000EB810090F818
:10542000390004282ED10221C4EB041205F1140026
:1054300000EB820080F83910C4EB041205F114006F
:1054400000EB820080F83810C4EB041105F1140061
:1054500000EB8100C079012813D10021C4EB0412B4
:1054600005F1140000EB8200C17106F5A06000EBAD
:105470004410406820F4803106F5A06000EB441031
:10548000416099E0C4EB041105F1140000EB8100C8
:1054900090F83900052811D10221C4EB041205F15E
:1054A000140000EB820080F83910C4EB041205F1FF
:1054B000140000EB820080F838107DE0C4EB04118A
:1054C00005F1140000EB810090F83900062812D194
:1054D0000221C4EB041205F1140000EB820080F8F5
:1054E00039100521C4EB041205F1140000EB820011
:1054F00080F8381060E0C4EB041105F1140000EBF3
:10550000810090F83900072809D0C4EB041105F197
:10551000140000EB810090F8390009284AD10221DB
:10552000C4EB041205F1140000EB820080F839107E
:10553000C4EB041105F1140000EB8100006B401C6A
:10554000C4EB041205F1140101EB82010863C4EB02
:10555000041105F1140000EB8100006B022811D941
:105560000021C4EB041205F1140000EB820001637A
:105570000421C4EB041205F1140000EB820080F852
:10558000381019E00221C4EB041205F1140000EBFD
:10559000820080F8381006F5A06000EB4410076820
:1055A00027F0804747F0004706F5A06000EB441065
:1055B000076001E0BDE8F087C4EB041105F11400B9
:1055C00000EB810090F8382021462846FCF73DFF8B
:1055D00000E0EFE700BFEDE77CB5044626683546FE
:1055E000D5F840040190D5F840040090009820F0D0
:1055F0002E000090019800F0020002280AD10198C4
:1056000000F0010010B12046FCF730FE009840F099
:1056100002000090019800F0080008282AD10098A4
:1056200040F008000090019800F0040004281ED10A
:10563000607A02280FD1019800F4C020B0F5802FC5
:1056400004D10221206804F025FB0CE00121206830
:1056500004F020FB07E0E079012804D14EF6602138
:1056600040F2044041512046FDF78FF902E0204608
:10567000FDF784F9019800F02000202803D100985C
:1056800040F0200000900098C5F840047CBD2DE952
:10569000F84F0546D5F800B05F462868D0F820805E
:1056A00008F00F04C8F343400090C8F30A160098AE
:1056B000022806D003287DD005287CD007287BD17E
:1056C0008CE0002E79D0C4EB041105F1140000EB3E
:1056D0008100806900287DD0C4EB041105F114001D
:1056E00000EB8100406A8119C4EB041205F114003B
:1056F00000EB8200006A814263D8B2B2C4EB041CA2
:1057000005F1140303EB8C039969286804F0FBFA94
:10571000C4EB041105F1140000EB810080698119CC
:10572000C4EB041205F1140000EB82008161C4EBAC
:10573000041105F1140000EB8100406A8119C4EBEB
:10574000041205F1140000EB8200416207F5A0602D
:1057500000EB44100069C0F3C94AC4EB041105F121
:10576000140000EB8100808AB04233D1BAF1000FFF
:1057700030D007F5A06000EB4410D0F8009029F07D
:10578000804949F0004907F5A06000EB4410C0F8DB
:105790000090C4EB041105F1140000EB810090F8B7
:1057A000280080F00101C4EB041205F1140000EBA5
:1057B000820003E011E00EE00EE00BE080F828101C
:1057C00008E00421C4EB041205F1140000EB820090
:1057D00080F8381003E002E000BF00BF00BF00BF48
:1057E000BDE8F88F00BFFEE7014608684069C0F3D6
:1057F0008020B0B16FF480600A68506100200863B7
:10580000202081F83D00002081F83E00086C40F027
:105810000400086400BF002081F83C0000BF0120A4
:1058200070470020FCE700002DE9F84304460F46CE
:1058300015469946DDE908862068006840F48060D6
:10584000216808602068006840F480702168086062
:10585000434600224FF001112046009600F037F930
:1058600060B12068006800F48070B0F5807F02D1DC
:105870004FF4007020640320BDE8F88307F0FE00B9
:1058800021680861334642463E49204600F07EF9D1
:1058900008B10120F0E700BF0020009020684069B7
:1058A000009020688069009000BF00BF32464146EA
:1058B000204600F02DFA50B1206C042805D1206854
:1058C000006840F40070216808600120D4E7B9F155
:1058D000010F03D1E8B22168086117E0C5F3072082
:1058E0002168086132464146204600F011FA50B165
:1058F000206C042805D12068006840F400702168FD
:1059000008600120B8E7E8B22168086132464146E4
:10591000204600F0FDF950B1206C042805D1206824
:10592000006840F40070216808600120A4E7206846
:10593000006840F4807021680860434600224FF000
:1059400001112046009600F0C2F858B120680068A6
:1059500000F48070B0F5807F02D14FF400702064B5
:10596000032089E7F8B240F001002168086133465E
:1059700042460449204600F009F908B101207BE7BE
:10598000002079E7020001002DE9F843044688462B
:1059900015469946DDE908672068006840F4807084
:1059A00021680860334600224FF00111204600971D
:1059B00000F08DF860B12068006800F48070B0F5E8
:1059C000807F02D14FF4007020640320BDE8F8838B
:1059D00008F0FE00216808613B4632462149204616
:1059E00000F0D4F808B10120F0E700BF00200090DB
:1059F00020684069009020688069009000BF00BF67
:105A00003A463146204600F083F950B1206C042814
:105A100005D12068006840F400702168086001200A
:105A2000D4E7B9F1010F03D1E8B22168086117E0AA
:105A3000C5F30720216808613A463146204600F048
:105A400067F950B1206C042805D12068006840F443
:105A50000070216808600120B8E7E8B22168086199
:105A60000020B3E70200010070B504460D4616465B
:105A700025E02046FFF7B8FE08B1012070BD681C84
:105A8000E8B1FCF7EDFB801BA84200D8BDB9206847
:105A90004069C0F3800090B900202063202084F882
:105AA0003D00002084F83E00206C40F0200020647F
:105AB00000BF002084F83C0000BF0120DEE7206822
:105AC0004069C0F380000028D3D00020D6E72DE93C
:105AD000F04104460D4617461E46DDF8188038E0B2
:105AE000701CA8B3FCF7BCFBA0EB0800B04200D8C8
:105AF00076BBC5F3074001280AD120684069A9B2E6
:105B00000840A9B2884201D101200BE0002009E041
:105B100020688069A9B20840A9B2884201D1012059
:105B200000E00020B84214D100202063202084F837
:105B30003D00002084F83E00206C40F020002064EE
:105B400000BF002084F83C0000BF0120BDE8F081C8
:105B5000FFE7C5F3074001280AD120684069A9B2D0
:105B60000840A9B2884201D101200BE0002009E0E1
:105B700020688069A9B20840A9B2884201D10120F9
:105B800000E00020B842ABD00020DFE72DE9F04173
:105B900004460D4616461F4658E020684069C0F38B
:105BA0008020E8B12068006840F400702168086037
:105BB0006FF480602168486100202063202084F811
:105BC0003D00002084F83E00206C40F0040020647A
:105BD00000BF002084F83C0000BF0120BDE8F08138
:105BE000701C90B3FCF73CFBC01BB04200D866BBF6
:105BF000C5F3074001280AD120684069A9B20840CE
:105C0000A9B2884201D101200BE0002009E0206800
:105C10008069A9B20840A9B2884201D1012000E000
:105C2000002090B900202063202084F83D0000204F
:105C300084F83E00206C40F02000206400BF00206B
:105C400084F83C0000BF0120C8E7FFE7C5F3074028
:105C500001280AD120684069A9B20840A9B2884247
:105C600001D101200BE0002009E020688069A9B281
:105C70000840A9B2884201D1012000E0002000289C
:105C80008BD00020AAE770B504460D46164637E0D3
:105C900020684069C0F30010A0B16FF010002168C7
:105CA000486100202063202084F83D00002084F813
:105CB0003E00206C206400BF002084F83C0000BF40
:105CC000012070BDFCF7CCFA801BA84200D8BDB9FA
:105CD00020684069C0F3801090B900202063202024
:105CE00084F83D00002084F83E00206C40F0200045
:105CF000206400BF002084F83C0000BF0120E0E7E2
:105D000020684069C0F380100028C1D00020D8E787
:105D100070B504460D46164625E02046FFF764FDA3
:105D200008B1012070BD681CE8B1FCF799FA801B2E
:105D3000A84200D8BDB920684069C0F3C01090B92E
:105D400000202063202084F83D00002084F83E00DD
:105D5000206C40F02000206400BF002084F83C004C
:105D600000BF0120DEE720684069C0F3C0100028B2
:105D7000D3D00020D6E700001FB50020009001908E
:105D80000290039049484A4908604FF480304860C7
:105D9000002147488160012101610176002180F8DE
:105DA0002010C162434981620021C1600A21C161A2
:105DB000012180F8301000214161FBF7B5FC08B1EA
:105DC000FBF7F5F8002000900120019006200290DA
:105DD00069463748FBF72EFB08B1FBF7E8F80120CE
:105DE00000900220019069463148FBF723FB08B17F
:105DF000FBF7DDF8022000900320019069462C4853
:105E0000FBF718FB08B1FBF7D2F803200090042041
:105E1000019069462648FBF70DFB08B1FBF7C7F870
:105E20000B2000900520019069462148FBF702FBFA
:105E300008B1FBF7BCF80C200090062001906946E1
:105E40001B48FBF7F7FA08B1FBF7B1F80D200090FB
:105E5000072001900020029069461548FBF7EAFAF6
:105E600008B1FBF7A4F810200090082001906946C3
:105E70000F48FBF7DFFA08B1FBF799F81120009003
:105E80000920019069460A48FBF7D4FA08B1FBF7EC
:105E90008EF8122000900A20019069460448FBF712
:105EA000C9FA08B1FBF783F81FBD000000200140CC
:105EB000E00000200100000F10B50548054908600A
:105EC0000846FBF7EBFC08B1FBF771F810BD0000CA
:105ED00000300240000000201CB50020009001901E
:105EE0000E480F4908600846FBF739FD08B1FBF77B
:105EF0005EF8002000900190002269460848FBF7F8
:105F0000F7FC08B1FBF753F8102269460448FBF789
:105F1000EFFC08B1FBF74BF81CBD0000007400401B
:105F20008801002008B500BF002000900A480068E2
:105F300040F48000084908600846006800F48000CA
:105F4000009000BF00BF002211463820FDF7B8F9CD
:105F50003820FDF7A1F908BD3038024070B504467D
:105F600025460CB9002500E001252A464FF4807132
:105F70000148FCF76FF970BD0000024010B50349FD
:105F80000348FBF717F80349087010BD090000200B
:105F900070EE00080800002000B587B0142102A8A8
:105FA000FAF7C4FC00BF002001905548006840F09B
:105FB0000400534908600846006800F0040001909E
:105FC00000BF00BF00BF002001900846006840F0FD
:105FD000800008600846006800F08000019000BF63
:105FE00000BF00BF002001900846006840F001009B
:105FF00008600846006800F00100019000BF00BF83
:1060000000BF002001900846006840F002000860D0
:106010000846006800F00200019000BF00BF00BF0A
:10602000002001900846006840F00800086008461B
:10603000006800F00800019000BF00BF00224CF291
:10604000F1013048FCF706F900224FF4E0712E48C8
:10605000FCF700F900224FF293112C48FCF7FAF8F4
:106060004FF40C50029000200390049002A92548A0
:10607000FBF7EEFF4CF2F1000290012003900020AC
:106080000490059002A91F48FBF7E2FFC020029090
:106090000120039000200490059002A91A48FBF704
:1060A000D7FF4FF29310029001200390002004903C
:1060B000059002A91548FBF7CBFF4FF41970029029
:1060C00000200390049002A91048FBF7C1FF4FF491
:1060D000807002900120039002200490002005901F
:1060E00002A90948FBF7B4FF4FF4004002900020DA
:1060F0000390049002A90448FBF7AAFF07B000BD73
:106100003038024000080240000002400004024013
:1061100010B50B480B4908600B484860002109483E
:106120008160C1604FF48041016100214161816162
:10613000C1610162FCF78EFC08B1FAF738FF10BDAF
:10614000005800409C010020A086010010B50548C1
:10615000054908600846FDF7ABFC08B1FAF727FFD0
:1061600010BD000000080650F001002010B50A48DC
:106170000A490860A82048600021084881604FF45F
:106180007A71C1600021016180218161FDF73AFDD2
:1061900008B1FAF70CFF10BD004401409002002046
:1061A00010B50A480A490860542048600021084890
:1061B00081604FF47A71C1600021016180218161A9
:1061C000FDF720FD08B1FAF7F2FE10BD00200040F7
:1061D000D802002000B58DB0002009900A900B90E5
:1061E0000C90079008901C216846FAF79FFB4FF02F
:1061F00080401F4908606020486000211C48816081
:1062000041F28831C1600021016180218161FDF787
:10621000F9FC08B1FAF7CBFE4FF48050099009A9B8
:106220001348FDF791FD08B1FAF7C1FE1048FDF7DC
:1062300030FF08B1FAF7BBFE00200790089007A9CD
:106240000B48FDF785FC08B1FAF7B1FE002000907D
:10625000019002900490042269460548FDF7E0FE93
:1062600008B1FAF7A4FE0248FDF7ACFE0DB000BD80
:10627000000200201CB50020009001900E480F493C
:1062800008600A20486000210C4881601E21C1601E
:1062900080218161FDF7B6FC08B1FAF788FE202065
:1062A00000900020019069460448FDF751FC08B1B8
:1062B000FAF77DFE1CBD00000014004048020020DB
:1062C00010B50B480B4908604FF4E13048600021DD
:1062D00008488160C16001610C2141610021816138
:1062E000C161FDF70DFF08B1FAF761FE10BD0000B6
:1062F000005000402003002010B50B480B490860F7
:106300004FF4E1304860002108488160C1600161BC
:106310000C21416100218161C161FDF7F1FE08B1ED
:10632000FAF745FE10BD0000001001406803002090
:1063300010B50B480B4908604FF4E130486000216C
:1063400008488160C16001610C21416100218161C7
:10635000C161FDF7D5FE08B1FAF729FE10BD0000B6
:1063600000480040B003002010B501220A490B4844
:1063700000F0E3FF08B1FAF71AFE0949074802F0F6
:10638000F2FD08B1FAF713FE044802F055FE08B119
:10639000FAF70DFE10BD000051900008F803002030
:1063A0002800002010B5024802F06CFC10BD00006F
:1063B000F803002000BFFEE7FDF71CF900BFFEE771
:1063C00010B50248FCF784F910BD0000D00700208A
:1063D00070477047704710B5FCF7BAFE10BD00005B
:1063E00000B593B0302107A8FAF7A0FA142102A84B
:1063F000FAF79CFA00BF002001902548006840F0A1
:106400008050234908600846006800F080500190E1
:1064100000BF00BF00BF002001901E48006840F48C
:1064200080401C4908600846006800F480400190E4
:1064300000BF00BF012007900004089002200D90CB
:1064400041050E9119210F914FF4A871109102216D
:1064500011910721129107A8FDF7DCF808B1FAF7AE
:10646000A6FD0F20029002200390002004904FF41C
:10647000A05005904FF480500690052102A8FCF72B
:1064800073FF08B1FAF793FDFDF730F813B000BDC4
:1064900040380240007000400348006840F470003B
:1064A000014908607047000088ED00E010B502481F
:1064B000FDF7D1FC10BD00009002002010B502488D
:1064C000FDF7C9FC10BD0000D802002010B502681D
:1064D0002D4B98420ED0B0F1804F0BD02B4B9842F1
:1064E00008D02B4B984205D02A4B984202D02A4B19
:1064F000984203D122F070024B681A43224B984213
:1065000020D0B0F1804F1DD0204B98421AD0204BA4
:10651000984217D01F4B984214D01F4B984211D06D
:106520001E4B98420ED01E4B98420BD01D4B9842EA
:1065300008D01D4B984205D01C4B984202D01C4BF2
:10654000984203D122F44072CB681A4322F08003B0
:106550004C6943EA040202608B68C3620B68836281
:10656000094B984202D00C4B984201D10B6903634E
:1065700001234361036903F001031BB1036923F0A5
:106580000103036110BD0000000001400004004051
:1065900000080040000C00400004014000400140A1
:1065A000004401400048014000180040001C004029
:1065B0000020004030B50C46816821F47F4142EA5A
:1065C000032525432943816030BD0A46816821F0B7
:1065D000700142F0070319438160704730B5026AC9
:1065E000056A25F0010505624368846924F070049A
:1065F00024F003040D682C4322F002028D682A4324
:10660000104DA84200D103E00F4DA84206D100BFB3
:1066100022F00802CD682A4322F00402094DA84264
:1066200002D0094DA84207D123F4807323F40073EC
:106630004D692B438D692B43436084614D684563ED
:10664000026230BD000001400004014030B5026A22
:10665000056A25F0100505624368846924F4E04466
:1066600024F440740D6844EA052422F020028D6869
:1066700042EA0512124DA84200D103E0114DA84292
:1066800007D100BF22F08002CD6842EA051222F055
:1066900040020B4DA84202D00A4DA84209D123F472
:1066A000806323F400634D6943EA85038D6943EAFF
:1066B0008503436084614D688563026230BD0000DC
:1066C000000001400004014030B5026A056A25F46B
:1066D000807505624368C46924F0700424F00304E3
:1066E0000D682C4322F400728D6842EA0522124D97
:1066F000A84200D103E0114DA84207D100BF22F407
:106700000062CD6842EA052222F480620A4DA84266
:1067100002D00A4DA84209D123F4805323F4005338
:106720004D6943EA05138D6943EA05134360C4616B
:106730004D68C563026230BD0000014000040140A5
:1067400030B5036A056A25F4805505624468C2695C
:1067500022F4E04222F440720D6842EA052223F45A
:1067600000538D6843EA0533084DA84202D0084D16
:10677000A84204D124F480444D6944EA851444605D
:10678000C2614D680564036230BD00000000014035
:106790000004014030B50B461446026A056A25F034
:1067A00001050562816921F0F00141EA041122F03E
:1067B0000A021A438161026230BD30B50B461446AD
:1067C000026A056A25F010050562816921F47041AD
:1067D00041EA043122F0A00242EA0312816102621E
:1067E00030BD00BF00BF02680C3252E8002F22F417
:1067F000907102680C3242E80013002BF3D100BF05
:1068000000BF00BF0268143252E8002F22F00101DD
:106810000268143242E80013002BF3D100BF016B71
:1068200001290ED100BF00BF02680C3252E8002FD0
:1068300022F0100102680C3242E80013002BF3D161
:1068400000BF202180F84210002101637047000042
:106850002DE9F84F04462068006920F44050E168B3
:106860000843216808612169A068084361690843F9
:10687000E169084300902068C06849F20C618843D0
:10688000009908432168C8602068406920F440707E
:10689000A16908432168486176492068884203D08D
:1068A00075492068884203D1FCF73CFE814602E02E
:1068B000FCF728FE8146E069B0F5004F6CD102205C
:1068C0006168A0FB015003461920A9FB0070014636
:1068D0002A463846F9F731FD6421B0FBF1F04FEA62
:1068E000001A02206168A0FB01510B461920A9FB88
:1068F00000712A463846F9F720FD83460220616878
:10690000A0FB015003461920A9FB00712A46384616
:10691000F9F713FD6421B0FBF1F000EBC00101EBCE
:106920000010ABEB8000322101EBC0006421B0FB12
:10693000F1F000F0F8000AEB400A02206168A0FBC9
:10694000015003461920A9FB007001462A4638462B
:10695000F9F7F3FC834602206168A0FB015003466F
:106960001920A9FB00712A463846F9F7E6FC642194
:10697000B0FBF1F000EBC00101EB0010ABEB8000CD
:10698000322101EBC0006421B0FBF1F000F0070000
:106990005044216888606AE004206168A0FB0150CF
:1069A00003461920A9FB007001462A463846F9F72C
:1069B000C4FC824604206168A0FB015003461920F4
:1069C000A9FB007001462A463846F9F7B6FC642157
:1069D000B0FBF1F000EBC00101EB0010AAEB80006E
:1069E000322101EB00106421B0FBF1F000F0F00A5D
:1069F00004206168A0FB017003461920A9FB005127
:106A00003A462846F9F799FC6421B0FBF1F00AEB0D
:106A1000001A04206168A0FB01510B461920A9FB54
:106A200000712A463846F9F788FC834604206168DD
:106A3000A0FB015003461920A9FB007001462A461D
:106A40003846F9F77AFC6421B0FBF1F000EBC001A5
:106A500001EB0010ABEB8000322101EB0010642150
:106A6000B0FBF1F000F00F00504421688860BDE8F1
:106A7000F88F000000100140001401402DE9F84398
:106A800004460D4617469846089E31E0701C70B3C8
:106A9000FBF7E6FBA0EB0800B04200D816B90320D4
:106AA000BDE8F8832068C06800F00400F8B1802DCC
:106AB0001ED0402D1CD020680068C0F3C000B0B1CB
:106AC00000BF0020009020680068009020684068A7
:106AD000009000BF00BF2046FFF783FE08206064DF
:106AE00000BF002084F8400000BF0120D8E7FFE786
:106AF000206800682840A84201D1012000E0002061
:106B0000B842C3D00020CBE770B506460D463046EC
:106B100000F029F904464FF6FF70844207D045F48F
:106B2000004104F00F0206F5617040F82210E0B257
:106B300070BD2DE9FF4107460C4615461E46002054
:106B4000012102230A468DE832000390314638467F
:106B500000F053FD002004B0BDE8F0812DE9FF41B5
:106B600004460D4617461E46DDF8288094F81D039E
:106B700008B14FF0000801200223002231468DE8C1
:106B8000A101204600F039FD002004B0BDE8F081ED
:106B900070B504460D462946204600F0F2FB002061
:106BA00070BD70B504460D46A078012807D10221BA
:106BB00021740121617400216182A582E182002299
:106BC0001146204600F016F870BD2DE9FF4107463A
:106BD0000C4615461E460020012103460A468DE854
:106BE000320003903146384600F007FD002004B023
:106BF000BDE8F0812DE9F04104460E461746012517
:106C0000A078012802D0022819D107E0A660A78148
:106C1000012121760220A070012511E0204600F01C
:106C200033F905460DB1032D04D10120A0700021D8
:106C3000217603E0022D01D10120A07000E000BF09
:106C400000BF2846BDE8F0812DE9FF4104460D460E
:106C500017461E46DDF8288094F81D0308B14FF052
:106C60000008012000231A4631468DE8A101204684
:106C700000F0C3FC002004B0BDE8F0817FB50646FB
:106C80000C46154600200821CDE9000403460246C3
:106C9000CDE902102946304600F0AFFC002004B0D8
:106CA00070BD10B504462046FBF744F810BDF0B5A2
:106CB00006460C4615460022002106F54E771AE0DE
:106CC00002EB820000EBC20C07F10A0000EB4C0162
:106CD0004879A04201D0FF2C0BD18879A84201D07D
:106CE000FF2D06D1C879984201D0FF2B01D1104663
:106CF000F0BD501CC2B2022AE2D3FF20F8E70246E0
:106D0000102909D202F5617030F82100C0F30E039A
:106D100002F5617040F82130002070472DE9F04104
:106D200004460E4615461F46DDF81880A078012857
:106D300012D146F08001217406216174658205F448
:106D40007F40B0F5407F03D140F20941A18201E0CC
:106D50000021A182A4F81680424639462046FFF75A
:106D600049FFBDE8F0810246002100BF0AE002F5BC
:106D7000617030F8210000F4004008B908467047FF
:106D8000481CC1B21029F2D34FF6FF70F7E710B5D7
:106D900002460B88147823440B801378981810BD92
:106DA000F8B506460C4606F11C07B4F5807F03D9FA
:106DB00000BF00BF0320F8BD3B464FF40072002126
:106DC00030460094FFF7AAFF05462DB92246394602
:106DD000304601F08BFD05462846ECE7F8B5054640
:106DE0000C46B4F5007F03D900BF00BF0320F8BDF7
:106DF00005F58E734FF48072002128460094FFF74A
:106E00008DFF064636B9224605F58E71284601F0FB
:106E100019FE06463046EAE72DE9F843054688465E
:106E200016461C46B4F5007F00D826B900BF00BF47
:106E30000320BDE8F88348F4407205F58E73002105
:106E400028460094FFF76AFF07462FB922463146CD
:106E500005F58E7001F0FBFE3846EAE7014600209A
:106E600031B1012906D0022906D0032908D105E055
:106E7000002007E0022005E0012003E0022001E0FD
:106E8000022000BF00BF7047F8B504460127002567
:106E9000207E0C286FD2DFE800F0DD060F323E5076
:106EA0005E7A869AA8BD627904F110012046FFF748
:106EB000E5FE02212176CEE06179204600F0E5FA78
:106EC0000546012D14D1207C00F08006E08A38B1FF
:106ED000802E02D10321217610E0052121760DE0DC
:106EE000802E02D10921217608E00721217605E0D4
:106EF000042D01D0022D01D10B212176ABE0D4F875
:106F0000C403E0812379A2892046A168FFF75DFED2
:106F1000042121769FE02179204600F0B6FA05464B
:106F2000012D01D109212176052D01D1032703E08F
:106F3000042D01D10B2121768DE001200090637991
:106F4000A2892046A168FFF77FFED4F8C403E08140
:106F5000062121767FE06179204600F096FA054609
:106F6000012D02D10721217610E0052D04D10C213D
:106F7000217603270AE06DE0022D02D1052121765A
:106F800004E0042D02D10B212176022763E023794E
:106F9000002211462046FFF718FED4F8C403E08112
:106FA0000821217657E02179204600F06EFA054647
:106FB000012D03D10D212176002707E0042D02D1F8
:106FC0000B21217602E0052D00D1032743E00120AB
:106FD00000906379002211462046FFF735FED4F871
:106FE000C403E0810A21217635E06179204600F072
:106FF0004CFA0546012D03D100270D21217608E02A
:10700000022D02D10921217603E0042D01D10B21AB
:10701000217620E0607E401CC1B26176022904D84E
:10702000012121760120A07013E006212046D4F82A
:10703000D42390470021617600BF00BF61792046CC
:10704000FFF75DFE21792046FFF759FE00202070F2
:10705000022700E000BF00BF3846F8BDFEB5044679
:10706000012601256078082874D2DFE800F0044882
:1070700074ABD2FDEFEE08212046FFF7AFFE0546C8
:1070800005BB94F82D13A17101206070A079002236
:1070900094F81D13CDE90012029094F81C33217965
:1070A0008022204601F00DFCA079002294F81D13E7
:1070B000CDE90012029094F81C336179204601F06A
:1070C00000FC1BE0032D19D100BF00BF94F81E0384
:1070D000401C84F81E0394F81E03032804D900BF43
:1070E00000BF0D20207009E061792046FFF707FE00
:1070F00021792046FFF703FE002020700CE11221C9
:107100002046FFF76BFE054635B900BF00BF00BF44
:1071100000BF022060701CE0032D1AD100BF00BF29
:1071200094F81E03401C84F81E0394F81E030328E1
:1071300004D900BF00BF0D2020700AE0617920460D
:10714000FFF7DDFD21792046FFF7D9FD00206070B3
:107150002070E1E0DFE00121204601F031FF05462B
:107160002DBB0220FFF79DFD012184F81C1300BFF9
:1071700000BF03206070A079002294F81D13CDE9B0
:107180000012029094F81C3321798022204601F0ED
:1071900098FBA079002294F81D13CDE9001202900B
:1071A00094F81C336179204601F08BFB09E0032D34
:1071B00007D100BF00BF00BF00BF0D20207000201E
:1071C0006070A9E009212046FFF7EAFD054615B9E0
:1071D000042060701CE0032D1AD100BF00BF94F89A
:1071E0001E03401C84F81E0394F81E03032804D9D0
:1071F00000BF00BF0D2020700AE061792046FFF734
:107200007EFD21792046FFF77AFD00206070207016
:1072100082E0B4F83A132046FFF7C2FD054615B9DF
:10722000052060701FE0032D1DD100BF00BF94F842
:107230001E03401C84F81E0394F81E03032807D97C
:1072400000BF00BF0D2020700DE049E02AE00BE0F8
:1072500061792046FFF753FD21792046FFF74FFD66
:1072600000206070207057E094F83403A8B194F8BF
:107270003413FF2304F58E722046FFF7CDFD05463B
:1072800025B900BF00BF062060700AE0032D08D1B9
:1072900000BF00BF0620607003E000BF00BF0620F3
:1072A000607039E094F83503A8B194F83513FF23E2
:1072B00004F58E722046FFF7AFFD054625B900BFE5
:1072C00000BF072060700AE0032D08D100BF00BF97
:1072D0000720607003E000BF00BF072060701BE064
:1072E00094F8360398B194F83613FF2304F58E72A0
:1072F0002046FFF791FD05461DB900BF00BF0026DF
:1073000008E0032D06D100BF00BF002602E000BF49
:1073100000BF002600E000BF00BF3046FEBD10B534
:10732000044620780B2807D1D4F87C0320B1D4F888
:107330007C0381692046884710BD70B504460D4620
:1073400016461CB900BF00BF022070BD84F8CC6394
:107350000020C4F87C03C4F880032046F9F7DFFD61
:10736000002184F8231384F8201384F8211384F86F
:1073700022130DB1C4F8D453204600F09BF800202E
:10738000E3E72DE9F04104460D4600260027294693
:10739000D4F8D003FAF7B8FF06463046FFF75EFD93
:1073A00007463846BDE8F0810146012281F82023D6
:1073B000002281F8212381F822230020704710B594
:1073C0000446012184F82113002184F8201384F855
:1073D0002313204600F002F921792046FFF78FFCA5
:1073E00061792046FFF78BFC002010BD70B5054683
:1073F0000C4695F8CC03012802D12046FEF7AEFDDD
:10740000C820FAF797FC002070BD70B504460D4601
:107410002946D4F8D003FAF76EFF70BD70B5044664
:107420000125D4F8D003FAF735FF20B1012804D0A4
:10743000022806D103E0002505E0012503E002252E
:1074400001E0012500BF00BF284670BD30B50346EE
:107450000020D3F8D023C1EB011502F1140404EB92
:107460008504E47844B1C1EB011502F1140404EB86
:10747000850494F8280007E0C1EB011502F114041B
:1074800004EB850494F8290030BD70B504460D4620
:107490002946D4F8D003FAF724FF70BD10B504468E
:1074A000D4F8C403401CC4F8C4032046FFF737FFD8
:1074B00010BD000070B5044694F8CC03012820D11B
:1074C0001148C0F8DC43C4F8D0034FF0A0400E4987
:1074D000086008210C4841710121C17100218171AE
:1074E0000221417200218172FBF7B0F908B1F9F76E
:1074F0005EFD0548FAF7C8FE05462946204600F01D
:107500003CF8002070BD0000D00700202DE9FF5F8F
:1075100004460D4616461F46DDE90F9ADDF8388011
:107520004FF0000B002003908DE800073B463246E9
:107530002946D4F8D003FAF701FF83465846FFF7EF
:107540008DFC0390039804B0BDE8F09F002280F802
:1075500023237047012280F82323704770B5044627
:1075600000250026D4F8D003FBF716FA0546284676
:10757000FFF774FC0646304670BDC0F8C413704770
:1075800030B50446D4F8D033C1EB011503F1140033
:1075900000EB8500C07840B1C1EB011503F1140088
:1075A00000EB850080F8282007E0C1EB011503F10E
:1075B000140000EB850080F82920002030BD70B554
:1075C000044600250026D4F8D003FBF7F2F905465F
:1075D0002846FFF743FC0646304670BD70B50446AA
:1075E00000250026D4F8D003FBF7FEF9054628460F
:1075F000FFF734FC0646304670BD2DE9F04F87B0EA
:1076000004460D4616461F46DDE912ABDDE910893A
:107610000020069005908DE8000F3B463246294633
:10762000D4F8D003FAF712FF06900698FFF716FC7D
:107630000590059807B0BDE8F08F2DE9F0410446AC
:10764000884615460227D4F87C03C66915B1012D7A
:107650000CD105E0F1792046FFF7A3FA074606E0D2
:10766000B1792046FFF79DFA074600E000BF00BF52
:107670003846BDE8F08100000246D2F87C03C169BB
:10768000054B4B65054B8B65012381F8503081F824
:107690005230002070470000555342435040302084
:1076A0002DE9F84F074688464FF001090126B246FA
:1076B0000025D7F87C03C469AB4694F850000C2829
:1076C00074D2DFE800F07306153C477481B5C0DF63
:1076D000F2F084F86180022184F8501001200090BB
:1076E00063791F2204F154013846FFF737FA0AE1A3
:1076F00061793846FFF7C9FE0546012D13D1E06DCB
:1077000068B194F8600000F08000802803D1032164
:1077100084F8501012E0052184F850100EE0072183
:1077200084F850100AE0022D03D1012184F8501092
:1077300004E0052D02D10A2184F85010E3E02379FA
:1077400062898C2001593846FFF7F3F9042184F847
:107750005010D8E021793846FFF797FE0546012DF5
:107760001ED16189E06D88420AD98C200059618957
:1077700001448C2001516189E06D411AE16501E00D
:107780000021E165E06D38B1237962898C200159CF
:107790003846FFF7CEF908E0072184F8501004E0DE
:1077A000052D02D1092184F85010ACE0AAE0012097
:1077B0000090637922898C2001593846FFF7CEF971
:1077C000062184F850109EE061793846FFF75DFE8F
:1077D0000546012D20D12189E06D88420AD98C20EF
:1077E0000059218901448C2001512189E06D411A01
:1077F000E16501E00021E165E06D48B10120009004
:10780000637922898C2001593846FFF7A7F90EE0E9
:10781000072184F850100AE0022D03D1052184F8D5
:10782000501004E0052D02D10A2184F850106AE0BE
:1078300023790D2204F178013846FFF77AF90821FF
:1078400084F850105FE021793846FFF71EFE0546A8
:10785000012D11D1012184F8501084F852103846BE
:1078600000F0C6F88246BAF1000F02D14FF00009CD
:1078700007E04FF0020904E0052D02D1092184F848
:10788000501040E0002241463846FFF7D6FE06463B
:107890001EB9072184F8501004E0042E02D10B21F8
:1078A00084F850102FE022E0FFE7012241463846DD
:1078B000FFF7C3FE0646A6B961793846FFF7C6FD55
:1078C0008346CBF10100C2B261793846FFF758FE1A
:1078D000217900223846FFF753FE092184F8501021
:1078E00004E0042E02D10B2184F850100BE038463E
:1078F00000F01FF88146B9F1000F02D1012184F890
:10790000501000E000BF00BF4846BDE8F88F70B5DA
:1079100004460D46A1212174FE216174002161827B
:10792000A1820121E182012229462046FFF762F966
:1079300070BD10B5044621212174FF21617400211E
:107940006182A182E182002211462046FFF752F9AE
:1079500010BD2DE9F0410746D7F87C03C469012624
:10796000A07B20B1022803D003283BD132E000BF26
:1079700021463846FFF7CBFF0646032E02D10020F2
:10798000207000262EBB2078022801D9022001E0B9
:107990002078401C207000BF00BF002516E00221A7
:1079A00005EB850000EBC50204F1900000EB8200BE
:1079B0008170002105EB850000EBC50204F1900009
:1079C00000EB820080F83110681CC5B22078A84214
:1079D000E5DC08E000213846FFF7E3F808B9E07B72
:1079E000A07300E000BF00BF3046BDE8F08100009A
:1079F00070B50546D5F87C03C4690126217928466F
:107A0000FFF703FD0D2801D0022619E00D49A06FF4
:107A1000884214D1E16FA06D814211D194F88400A5
:107A200008B900260CE094F88400012801D1012651
:107A300006E094F88400022802D1022600E0022623
:107A4000304670BD555342532DE9F04104460D4672
:107A50001646D4F87C03C769A7F8F85020780B289D
:107A60000ED105EB850000EBC50207F1900000EB9D
:107A7000820134223046F8F705FF0020BDE8F0818E
:107A80000220FBE770B50546D5F87C03C469607930
:107A900048B161792846FFF77BF861792846FFF7FE
:107AA0002EF900206071207948B121792846FFF72E
:107AB0006FF821792846FFF722F900202071D5F8C8
:107AC0007C03C06940B1D5F87C13C869F8F70EFC97
:107AD0000020D5F87C13C861002070BDFEB50546B6
:107AE000D5F87C030179502306222846FFF7DFF8FA
:107AF0000646FF2E01D0022E03D300BF00BF022096
:107B0000FEBD3146284601F047FA07460FB1022074
:107B1000F6E74FF48270F8F7BAFBD5F87C13C8612A
:107B2000D5F87C03C4691CB900BF00BF0220E7E799
:107B30004FF482712046F8F7F9FE06EB860000EB61
:107B4000C60105F2423000EB4100007B00F08000EE
:107B5000A0B106EB860000EBC60105F2423000EB57
:107B60004100007BE07106EB860000EBC60105F2E8
:107B7000423000EB4100C089608113E006EB8600D3
:107B800000EBC60105F2423000EB4100007BA07122
:107B900006EB860000EBC60105F2423000EB410027
:107BA000C089208106EB860000EBC60105F2423059
:107BB00000EB4100007D00F08000A0B106EB8600E4
:107BC00000EBC60105F2423000EB4100007DE071A0
:107BD00006EB860000EBC60105F2423000EB4100E7
:107BE000C08A608113E006EB860000EBC60105F257
:107BF000423000EB4100007DA07106EB860000EBF7
:107C0000C60105F2423000EB4100C08A208100200D
:107C100020736073A073A1792846FEF775FF607129
:107C2000E1792846FEF770FF20712846FFF724FD12
:107C3000A07980B1208970B12089022295F81D13A6
:107C4000CDE90012029095F81C33A279617928469B
:107C500000F037FE01E0032052E7E07980B160894F
:107C600070B16089022295F81D13CDE900120290CF
:107C700095F81C33E2792179284600F022FE01E0D4
:107C800003203DE7217900222846FFF779FC61793E
:107C900000222846FFF774FC002031E72DE9F0416F
:107CA0000646D6F87C03C4694FF001080125012778
:107CB000207B20B101287CD00A287BD153E2B4F884
:107CC000F8002178884276DA0121B4F8F80000EB58
:107CD000800202EBC00204F1900000EB82004170D0
:107CE000B4F8F80000EB800101EBC00104F1900052
:107CF00010F8210009287DD2DFE800F0057C68FE3D
:107D000017FD7C7CFC0000BF00BF0421B4F8F80024
:107D100000EB800202EBC00204F1900000F8221098
:107D2000D6F8C403C4F8000116E2B4F8F80000EB7A
:107D3000800303EBC00304F1900000EB830000F12B
:107D40000F0294F8F810304600F03FFB05468DB95D
:107D500000BF00BF00BF00BF00BF00BF0221B4F8DA
:107D6000F80000EB800202EBC00204F1900000F882
:107D700022102AE0022D0BD10521B4F8F80000EB07
:107D8000800202EBC00204F1900000F822101CE017
:107D9000042D1AD10821B4F8F80000EB800202EBA0
:107DA000C00204F1900000F822100221B4F8F8009B
:107DB00002E003E205E2D0E100EB800202EBC00248
:107DC00004F1900000EB82004170C5E194F8F810D6
:107DD000304600F088FC0746F7BBB4F8F80000EB2B
:107DE000800101EBC00104F1900000EB810080787C
:107DF00080B100E0AFE10121B4F8F80000EB8002AF
:107E000002EBC00204F1900000EB820080F8311018
:107E100000BF0CE00021B4F8F80000EB800202EB98
:107E2000C00204F1900000EB820080F831100321C1
:107E3000B4F8F80000EB800202EBC00204F19000FD
:107E400000F822100021B4F8F80000EB800202EBE9
:107E5000C00204F1900000E00EE000EB82004170EF
:107E6000B4F8F80000EB800202EBC00204F19000CD
:107E700000EB820081706BE0022F50D1B4F8F80063
:107E800000EB800101EBC00104F1900000EB8100E8
:107E9000807802280ED00121B4F8F80000EB8002AF
:107EA00002EBC00204F1900000EB820080F8311078
:107EB00000BF0CE00021B4F8F80000EB800202EBF8
:107EC000C00204F1900000EB820080F8311005211F
:107ED000B4F8F80000EB800202EBC00204F190005D
:107EE00000F822100121B4F8F80000EB800202EB48
:107EF000C00202E029E198E02BE004F1900000EBE1
:107F0000820041700221B4F8F80000EB800202EB1D
:107F1000C00204F1900000EB8200817018E0042F91
:107F200016D10821B4F8F80000EB800202EBC00281
:107F300004F1900000F822100221B4F8F80000EBE0
:107F4000800202EBC00204F1900000EB820041705D
:107F500002E1B4F8F80000EB800303EBC00304F186
:107F6000900000EB8300021D94F8F810304600F0FA
:107F700006FB054685BBB4F8F80000EB800101EB79
:107F8000C00104F1900000EB810090F8310001285D
:107F900005D100BF00BF00BF00BF00BF00BF01216F
:107FA000B4F8F80000EB800202EBC00204F190008C
:107FB00000F822100021B4F8F80000EB800202EB78
:107FC000C00204F1900000EB82004170B4F8F800A8
:107FD000401CA4F8F80027E0FFE7022D0BD1052193
:107FE000B4F8F80000EB800202EBC00204F190004C
:107FF00000F8221018E0042D16D10821B4F8F8007A
:1080000000EB800202EBC00204F1900000F82210A5
:108010000221B4F8F80000EB800202EBC00204F188
:10802000900000EB8200417096E0B4F8F80000EB9D
:10803000800303EBC00304F1900000EB830000F128
:108040000C0294F8F810304600F0EDFA054675BBC6
:10805000B4F8F80000EB800101EBC00104F19000DE
:1080600000EB8100007B06280CD0B4F8F80000EB90
:10807000800101EBC00104F1900000EB8100007B66
:10808000022815D1D6F8C403D4F80011401A42F2E0
:10809000107188420CD20221B4F8F80000EB800283
:1080A00002EBC00204F1900000F8221054E016E048
:1080B00000BF00BF00BF00BF00BF00BF0121B4F878
:1080C000F80000EB800202EBC00204F1900000F81F
:1080D0002210B4F8F800401CA4F8F80034E0022D97
:1080E00019D100BF00BF0821B4F8F80000EB8002EE
:1080F00002EBC00204F1900000F822100221B4F853
:10810000F80000EB800202EBC00204F1900000EBEB
:108110008200417018E0042D16D10821B4F8F8004F
:1081200000EB800202EBC00204F1900000F8221084
:108130000221B4F8F80000EB800202EBC00204F167
:10814000900000EB8200417006E0B4F8F800401C9B
:10815000A4F8F80000E000BF04E00020A4F8F80054
:108160000A2020732EE0B4F8FA00217888421FDA42
:10817000F8346088208034F8F80900EB800101EBC6
:10818000C00104F1900000EB8100407828B9022181
:108190003046D6F8D423904704E006213046D6F87E
:1081A000D4239047B4F8FA00401CA4F8FA0004E085
:1081B0000020A4F8FA000120207303E04FF000082B
:1081C00000E000BF00BF4046BDE8F0812DE9F84364
:1081D00080460C46D8F87C03C5690127012604EBCC
:1081E000840000EBC40105F1900010F8210005287F
:1081F00060D0062802D007287DD12DE0002003465C
:10820000024621460090404600F05FF9064656B906
:10821000012104EB840000EBC40205F1900000F89A
:108220002210002717E0022E09D1052104EB84005B
:1082300000EBC40205F1900000F822100BE0042EC0
:1082400009D1082104EB840000EBC40205F1900081
:1082500000F8221002276CE0002003460246214667
:108260000090404600F070FA064656B9012104EB32
:10827000840000EBC40205F1900000F822100027F2
:1082800017E0022E09D1052104EB840000EBC402A3
:1082900005F1900000F822100BE0042E09D108210E
:1082A00004EB840000EBC40205F1900000F82210FA
:1082B00002273EE004EB840000EBC40105F19000CE
:1082C00000EB810000F10C022146404600F0ABF9C2
:1082D0000646E6B900BF00BF00BF00BF00BF00BF39
:1082E000012104EB840000EBC40205F1900000F8CA
:1082F0002210022100E01BE004EB840000EBC4022A
:1083000005F1900000EB8200417002270FE0022E81
:1083100001D100BF0BE0042E09D1082104EB840039
:1083200000EBC40205F1900000F82210022700E0E3
:1083300000BF00BF3846BDE8F8832DE9F84F04467A
:108340000D4691469A460A9FD4F87C03C669A6F862
:10835000F85094F8200360B120780B2809D105EB80
:10836000850000EBC50106F1900010F821000128FE
:1083700002D00220BDE8F88F062105EB850000EB56
:10838000C50206F1900000F8221053464A462946DD
:108390002046009700F099F8D4F8C4830DE0D4F893
:1083A000C403A0EB080142F210707843814202D866
:1083B00094F8200308B90220DCE729462046FFF79D
:1083C00005FF0128EBD00020D4E72DE9F041064657
:1083D0000F4615464FF00208D6F87C03C46994F89E
:1083E0005200012802D002286AD12FE02421E16541
:1083F000802184F860100A2184F86210002104F1C1
:108400000F00C4F86310C4F86710A4F86B101221B1
:1084100084F863107807010E84F86410002184F852
:10842000651084F86610242184F86710002184F810
:108430006810012184F85010022184F8521004F1D0
:1084400010008C2108514FF001083AE039463046BF
:10845000FFF726F98046B8F1000F30D122212846D7
:10846000F8F742FA8C200059007800F01F0068707D
:108470008C2000590078401128708C2000594078D9
:1084800000F08000802802D10120A87001E00020C7
:10849000A8708C2000598168C5F80310C068C5F821
:1084A00007008C20005900F11001102205F10C008A
:1084B000F8F7A3F98C200059006AC5F81D0000E008
:1084C00000BF00BF4046BDE8F0812DE9FF410546F1
:1084D0000E461F464FF00208D5F87C03C46994F895
:1084E0005200012802D0022843D13CE006EB86006E
:1084F00000EBC60104F1900000EB810001890A98AD
:108500004143E165802184F860100A2184F86210FB
:10851000102104F16300F8F7E7F9282184F86310CB
:108520009DF80B1084F865109DF80A1084F8661009
:108530009DF8091084F867109DF8081084F86810F9
:108540009DF8291084F86A109DF8281084F86B10A3
:10855000012184F85010022184F852108C20075118
:108560004FF0010806E031462846FFF799F88046AB
:1085700000E000BF00BF404604B0BDE8F0812DE937
:10858000F0410646884615460127D6F87C03C469A3
:1085900094F85200012802D002283FD11BE00821A4
:1085A000E165802184F860100A2184F862101021AE
:1085B00004F16300F8F798F9252184F8631001218C
:1085C00084F85010022184F8521004F110008C211C
:1085D0000851012723E041463046FFF761F807467E
:1085E000DFB98C200059C1788C200059807841EA8D
:1085F00000218C200059407841EA00418C2000592C
:10860000007841EA006028608C200059C1798C20F4
:108610000059807941EA0020A88000E000BF00BF37
:108620003846BDE8F0812DE9F04106460F46154673
:108630004FF00208D6F87C03C46994F85200012870
:1086400002D002284AD12BE00E21E165802184F876
:1086500060100A2184F86210102104F16300F8F719
:1086600043F9032184F863107807010E84F864103D
:10867000002184F8651084F866100E2184F86710D4
:10868000002184F86810012184F85010022184F838
:10869000521004F110008C2108514FF001081EE027
:1086A00039463046FEF7FCFF8046B8F1000F14D182
:1086B0008C200059807800F00F0028708C20005921
:1086C000007B68708C200059407BA87068783A283D
:1086D00003D100BF00BF4FF0040800E000BF00BF9F
:1086E0004046BDE8F0812DE9F04105460E460227DF
:1086F000D5F87C03C46994F85200012802D00228FE
:108700001DD116E00021E16584F860100A2184F88B
:108710006210102104F16300F8F7E6F8002184F8F4
:108720006310012184F85010022184F852100127AF
:1087300006E031462846FEF7B3FF074600E000BFDB
:1087400000BF3846BDE8F0812DE9FF4105460E46E1
:108750001F464FF00208D5F87C03C46994F8520014
:10876000012802D0022843D13CE006EB860000EB52
:10877000C60104F1900000EB810001890A98414391
:10878000E165002184F860100A2184F8621010214C
:1087900004F16300F8F7A8F82A2184F863109DF823
:1087A0000B1084F865109DF80A1084F866109DF887
:1087B000091084F867109DF8081084F868109DF877
:1087C000291084F86A109DF8281084F86B10012194
:1087D00084F85010022184F852108C2007514FF079
:1087E000010806E031462846FEF75AFF804600E0C1
:1087F00000BF00BF404604B0BDE8F0810146002044
:10880000704730B50246D2F87C43E369A3F8F8100C
:1088100014780B2C0BD101EB810404EBC10503F19F
:10882000900404EB850464780CB9012000E000207A
:1088300030BD2DE9F84F04460D4691469A460A9FF1
:10884000D4F87C03C669A6F8F85094F8200360B108
:1088500020780B2809D105EB850000EBC50106F156
:10886000900010F82100012802D00220BDE8F88F06
:10887000072105EB850000EBC50206F1900000F82A
:10888000221053464A46294620460097FFF75CFFD0
:10889000D4F8C4830DE0D4F8C403A0EB080142F27D
:1088A00010707843814202D894F8200308B902205E
:1088B000DCE729462046FFF789FC0128EBD00020A1
:1088C000D4E72DE9FE4F04460D4616461F46DDE966
:1088D0000D9ADDF830803B463246294620468DE829
:1088E0000007FEF713FE0020BDE8FE8F2DE9F74FCD
:1088F00082B083460C460BF54E75002001908046F1
:1089000081461CB9022005B0BDE8F08F26463078BC
:10891000092801D0092030702078287060786870AC
:10892000A178E07841EA0020FF2804DCA178E07813
:1089300041EA002001E04FF48070688020792871BE
:1089400060796871A079A871E079E871207A28725D
:108950000498092874D90920009000275DE0694631
:108960003046FEF714FA06467078042855D1307860
:10897000092801D00920307008EB880000EBC801FD
:1089800005F10A0000EB41073146384600F047F98F
:108990004FF00009CA462FE069463046FEF7F7F966
:1089A00006467078052827D1787901280DD1B87945
:1089B000022802D0B879032807D1F87938B930787D
:1089C000092804D00920307001E00720307008EB3E
:1089D000880000EBC80105F10A0000EB41000A30F5
:1089E00000EBC90A32465146584600F084F801901F
:1089F00009F1010000F0FF093879484504DD688875
:108A0000BDF800108842C7DC3879484501DD0320F5
:108A100079E708F1010000F0FF08B8F1020F04D275
:108A20006888BDF80010884299DC2879022801DAAC
:108A3000287900E00220404502DD032063E7FFE7DC
:108A4000019860E770B50346144603F2263200250C
:108A500009B9022070BD08781070487850708E787F
:108A6000C87846EA00205080087910714879507122
:108A700088799071C879D07193F81D0318B193F873
:108A80001D03012811D1D079082806D0102805D05F
:108A9000202804D0402804D102E000BF00BF00BF5E
:108AA00002E00820D07100BF0AE093F81D030228FD
:108AB00005D1D079082803D00820D07100E0032523
:108AC000082C16D90E7A487A46EA002010818E7A50
:108AD000C87A46EA002050810E7B487B46EA002097
:108AE0009081887B9073C87BD073087C1074487C1D
:108AF00050742846AEE730B50346002014780C7059
:108B000054784C7094788C70D478CC7015795479F2
:108B100045EA04248C8094798C718C883CB18C88D3
:108B2000B4F5806F03D88C88B4F5007F00D903209A
:108B300093F81D4334BBCC7804F00304022C05D118
:108B40008C88B4F5007F69D9032067E0CC7804F005
:108B5000030424B98C88402C60D903205EE0CC78D3
:108B600004F00304012C04D0CC7804F00304032C9B
:108B700006D18C7914B18C79102C4FD903204DE09B
:108B800003204BE093F81D43012C2BD1CC7804F04B
:108B90000304022C03D0CC7804F0030424B98C889D
:108BA000402C3BD9032039E0CC7804F00304012C9D
:108BB00009D18C792CB18C79102C02D88C88402C5E
:108BC0002CD903202AE0CC7804F00304032C07D12D
:108BD0008C791CB18C88B4F5806F1FD303201DE005
:108BE00003201BE093F81D43022C16D1CC7804F02F
:108BF000030424B98C88082C10D003200EE0CC7814
:108C000004F00304032C06D18C7914B18C88082C51
:108C100004D9032002E0032000E0032030BD0A78DD
:108C200002704A7842708A788270CA78C2700A7973
:108C3000022A01D20A7900E0022202714A794271C5
:108C40008A798271CA79C2710A7A0272704730B524
:108C500013464578032D14D10578AD1E9D4202D8E8
:108C60000578AD1E00E01D46ACB2801C002204E079
:108C7000855C0D70491C951CAAB2A242F8DB002548
:108C80000D7030BD7FB5044602200390002594F896
:108C90002103012801D10320207020780E287DD2E5
:108CA000DFE800F0071B46FD7C80FC98A3AECCFB00
:108CB0007CFA94F8200378B100BF00BF0120207037
:108CC000C820FDF7EEFF2046FEF748FC002184F89F
:108CD0001C130020C4F8C80341E194F823030128C1
:108CE00007D100BF00BF002184F81F1302202070AD
:108CF0001DE0D4F8C803B0F57A7F10D994F81F03AB
:108D0000401C84F81F0394F81F03032804D900BFF4
:108D100000BF0D2020700AE00020207007E0D4F88A
:108D2000C8030A30C4F8C8030A20FDF7BAFF16E1E9
:108D3000D4F8D40320B104212046D4F8D42390479A
:108D40006420FDF7AEFF2046FEF768FB84F81D03A4
:108D50000520207000212046FDF7D6FE607180219D
:108D60002046FDF7D1FE2071A079002294F81D1352
:108D7000CDE90012029094F81C332179802220461C
:108D8000FFF79FFDA079002294F81D13CDE9001292
:108D9000029094F81C336179204600E0DDE0FFF793
:108DA00090FDDCE02046FEF759F903909DF80C0099
:108DB00078B900BF00BF002184F8241394F837036A
:108DC000012804D100BF00BF0820207001E0072067
:108DD0002070C4E0D4F8D40330B101212046D4F887
:108DE000D423904708202070B9E094F83D13204622
:108DF00000F0FAF818B90920207000BF00BFAEE0FB
:108E000094F83F0300F02000A8B10121204600F0B3
:108E1000FFF803909DF80C0020B900BF00BF0A20A6
:108E200020700AE09DF80C00032806D100BF00BFA7
:108E30000A20207001E00A20207090E0D4F880031E
:108E400008B900BF39E00020C4F87C03002511E018
:108E500004F55E7050F82500017994F847038142CB
:108E600006D104F55E7050F82500C4F87C0303E0D9
:108E7000681CC5B2002DEBD000BFD4F87C03C0B194
:108E8000D4F87C0381682046884770B9062020709A
:108E900000BF00BF032103E060E02BE00EE032E002
:108EA0002046D4F8D423904707E00D20207000BF5F
:108EB00003E00D20207000BF00BF50E0D4F87C0319
:108EC00098B1D4F87C0301692046884703909DF847
:108ED0000C0010B90B2020700BE09DF80C0002284C
:108EE00007D10D20207000BF03E00D20207000BFCF
:108EF00000BF34E0D4F87C0320B1D4F87C0341698E
:108F0000204688472BE0002184F821132046F8F7FB
:108F100006F8D4F87C0338B1D4F87C03C168204645
:108F200088470020C4F87C03D4F8D40320B105217D
:108F30002046D4F8D423904700BF00BF94F8220302
:108F4000012806D1002184F82213204600F074F88D
:108F500002E02046FEF733FB01E000BF00BF00BF88
:108F6000002004B070BD10B50246002081B1D2F8D7
:108F700080334BB9D2F88043631CC2F8803302F5CA
:108F80005E7343F8241006E000BF00BF022002E039
:108F900000BF00BF022010BD0246002092F83C3303
:108FA0008B4209DD82F8241300BF00BF00BF00BF61
:108FB00000BF00BF00BF02E000BF00BF022070473B
:108FC00070B504460D46A078012807D10021217410
:108FD0000521617465820021A182E182002211468F
:108FE0002046FDF707FE70BD70B504460D46A0781B
:108FF000012807D1002121740921617465820021B3
:10900000A182E182002211462046FDF7F3FD70BDEA
:1090100070B504460D46A078012807D100212174BF
:109020000321617465820021A182E1820022114640
:109030002046FDF7DFFD70BD10B504462046FEF763
:10904000BEFA01212046FEF7D1F9002010BD000034
:10905000012906D0022909D004290BD005290DD1F8
:1090600000E00CE00322074B1A7008E00222054BD7
:109070001A7004E00122034B1A7000E000BF00BF29
:10908000704700000D0000200146002070470000DE
:10909000F0B58DB005460E461446012736B1012EB7
:1090A00006D0022E10D0032E2CD11AE000272BE080
:1090B0006A4629461648FEF7C7FC18B90198206091
:1090C000002700E001271FE06A4629461048FEF706
:1090D000BBFC20B9BDF808002060002700E0012794
:1090E00012E06A4629460A48FEF7AEFC40B9BDF8D0
:1090F0000800C11700EBD15149122160002700E0A0
:10910000012701E0042700BF00BF38460DB0F0BDC5
:10911000F80300202DE9F0418EB004460D461746B5
:109120001E464FF001082B463A462146124800964B
:10913000FFF703F910B94FF0000818E001AA214623
:109140000D48FEF781FC9DF81100042804D0282862
:1091500004D03A2807D100E000BF00BF00BF00BF25
:109160004FF0030802E04FF0010800BF00BF404687
:109170000EB0BDE8F0810000F803002070B5044691
:10918000012521460448FFF73CFB08B1002500E01B
:109190000125284670BD0000F80300202DE9F041AC
:1091A0008EB004460D4617461E464FF001082B466A
:1091B0003A46214615480096FFF73BFB10B94FF0A1
:1091C00000081FE001AA21461048FEF73DFC9DF86B
:1091D000110004280BD0272804D0282809D03A28C9
:1091E0000CD105E000BF00BF4FF0020809E000BF4E
:1091F00000BF00BF00BF4FF0030802E04FF00108BE
:1092000000BF00BF40460EB0BDE8F081F80300206B
:109210000FB470B504469DF81900012818D1A06B51
:1092200020F48030A063E0681B490840E060E068FB
:1092300020F44010E0609DF82000012803D1E06890
:1092400040F48010E060204600F028F8054613E066
:10925000E06840F04000E060204600F01FF805465E
:109260009DF81D0020B9A06B40F48030A06303E09E
:10927000A06B20F48030A0639DF81600012807D170
:10928000A06840F00600A060A06840F02000A06048
:10929000284670BC5DF814FBBFFFBDFF08B5014652
:1092A0000020009000BF0098401C00900098B0F192
:1092B000706F01D9032008BD086900F00040002844
:1092C000F1D000200090086940F00100086100BF63
:1092D0000098401C00900098B0F1706F01D90320F5
:1092E000E9E7086900F001000028F1D100BFE2E7DA
:1092F0000146886820F00100886000207047000067
:10930000F0B503461C460A4601260D4800EAC64051
:1093100040F00047114604F5A06000EB41100761E2
:1093200004F5A06000EB4110056825F0804545F08C
:10933000004504F5A06000EB411005600020F0BD81
:109340000000F81F08B50246134600200090D3F82D
:1093500040040090009820F02E000090009800F447
:10936000805030B9012904D1009840F48050C3F8EE
:109370004004009800F48050B0F5805F05D121B919
:10938000009820F48050C3F84004002008BD014636
:10939000886840F0010088600020704708B50146E9
:1093A0000020009000BF0098401C00900098B0F191
:1093B000706F01D9032008BD086900F00040002843
:1093C000F1D0002000901020086100BF0098401CE0
:1093D00000900098B0F1706F01D90320EBE70869A5
:1093E00000F010001028F1D00020E4E708B5024694
:1093F0000020009000BF0098401C00900098B0F141
:10940000706F01D9032008BD106900F000400028EA
:10941000F1D000200090202040EA8110106100BFB0
:109420000098401C00900098B0F1706F01D90320A3
:10943000E9E7106900F020002028F1D00020E2E7E1
:1094400001460A464FF48160805880B2704708B5E3
:1094500001460A4600200090D2F84004009000988F
:10946000C0F3414008BD0146486900F00100704763
:10947000F8B503460C461A4621460020009002F536
:10948000A06000EB41100068C0F3814502F5A060C8
:1094900000EB41100068C60F02F5A06000EB411020
:1094A0004068C70F986800F02000202807D137B91E
:1094B0001EB1012D01D0032D01D10020F8BD0DB149
:1094C000022D60D102F5A06000EB4110006840F071
:1094D000804C02F5A06000EB4110C0F800C0986815
:1094E00000F0200088BBD86A00F47F0070BB02F552
:1094F000A06000EB4110006820F0004C02F5A06075
:1095000000EB4110C0F800C002F5A06000EB411074
:10951000006840F0004C02F5A06000EB4110C0F87C
:1095200000C000BF0098401C00900098B0F57A7F02
:1095300000D909E002F5A06000EB4110006800F0DE
:109540000040B0F1004FEDD06BE00EE0FFE702F518
:10955000A06000EB4110006840F0004C02F5A060F4
:1095600000EB4110C0F800C05BE002F5A06000EB2A
:109570004110006840F0004C02F5A06000EB411083
:10958000C0F800C04DE002F5A06000EB411000689B
:1095900040F0804C02F5A06000EB4110C0F800C024
:1095A0004FF48260805800F47F0068BB02F5A06031
:1095B00000EB4110006820F0004C02F5A06000EBC9
:1095C0004110C0F800C002F5A06000EB4110006837
:1095D00040F0004C02F5A06000EB4110C0F800C064
:1095E00000BF0098401C00900098B0F57A7F00D929
:1095F00009E002F5A06000EB4110006800F00040B7
:10960000B0F1004FEDD00CE002F5A06000EB41108E
:10961000006840F0004C02F5A06000EB4110C0F87B
:1096200000C000204AE700002DE9FF4F81B0064648
:109630000C461746DDF83C80002000903546411E60
:1096400005F5A06000EB44108160B8F1000F09D06F
:10965000B8F1010F47D0B8F1020F04D0B8F1030FF1
:1096600059D128E000BF40F29D4105F5A06000EB14
:109670004410C16007F0800080280CD105F5A0607F
:1096800000EB4410C06840F4807105F5A06000EB69
:109690004410C1600EE0584886420BD105F5A06029
:1096A00000EB4410C06840F0600105F5A06000EBDD
:1096B0004410C16032E040F29D6105F5A06000EB0E
:1096C0004410C16007F0800080280BD105F5A06030
:1096D00000EB4410C06840F4807105F5A06000EB19
:1096E0004410C1601AE040F2252105F5A06000EBAE
:1096F0004410C16007F0800080280BD105F5A06000
:1097000000EB4410C06840F4C07105F5A06000EBA8
:109710004410C16002E00120009000BF00BF0021A2
:1097200005F5A06000EB4410416005F5A06000EB7A
:109730004410C06840F0020105F5A06000EB441041
:10974000C1604FF48360415904F00F020120904042
:1097500008434FF483614851B06940F00070B06134
:1097600007F08000802802D14FF4004901E04FF05B
:1097700000093046FFF76BFE83460E98022805D19C
:10978000BBF1020F02D04FF4003A01E04FF0000AA3
:109790004FF0FE51049801EA80504FF4F04101EA85
:1097A000C72108434FF4402101EA8841084310993A
:1097B000C1F30A01084340F4801040EA090040EA7E
:1097C0000A0005F5A06101EB44110860B8F1030F30
:1097D00002D0B8F1010F0BD105F5A06000EB4410E9
:1097E000006840F0005105F5A06000EB44100160F6
:1097F000009805B0BDE8F08F0000044001460A461D
:1098000040F21440805880B2704700002DE9FE4FAE
:1098100080460C469146464665784FF4807BDB488F
:10982000804522D1B9F1010F13D1A07C10B1A07CE9
:1098300002281AD1A079C0B906F5A06000EB451046
:10984000C06820F0700106F5A06000EB4510C16013
:109850000BE0207948B96079012806D1617840464B
:10986000FFF74EFD0020BDE8FE8FA079012838D11A
:109870000127E07818B1A08A7843E0614AE0A07C33
:10988000012820D1206ABC280FD9A08AE061E069B4
:109890002062E068012802D0E068022802D102209C
:1098A000E06037E00120E06034E0206AE061E068D9
:1098B000012805D0E068022802D00420E06029E0F9
:1098C0000320E06026E0B9F1010F07D1A18A206AE8
:1098D000884203D9A08A7843E0611BE0206AE061F6
:1098E00018E0206A68B1A18A206A0844401EB0FBD3
:1098F000F1F087B25F4505DD5F46A08A7843E061FD
:1099000000E00127E07818B1A08A7843E06101E027
:10991000206AE061E069C0F312009D4901EAC74195
:109920000843A17D4FF0C04202EA4171084306F5A9
:10993000A06101EB45110861B9F1000F05D006F5F2
:10994000A06000EB4510A16941614FF4816080592E
:1099500000F0010080F00100019006F5A06000EB2E
:109960004510006820F0005106F5A06000EB45109E
:10997000016006F5A06000EB45100168019841EA1E
:10998000407106F5A06000EB45100160A079012848
:1099900074D1207C617C40EAC11040F0004106F5A2
:1099A000A06000EB4510416006F5A06000EB45109B
:1099B000C06840F0600106F5A06000EB4510C16092
:1099C000E079012819D1E078B8B906F5A06000EB7C
:1099D0004510406840F4803106F5A06000EB45106A
:1099E000416006F5A06000EB4510C06840F0400102
:1099F00006F5A06000EB4510C160A07C012802D0F4
:109A0000A07C032811D1E07901280ED1E07801284B
:109A10000BD106F5A06000EB4510406840F48031A2
:109A200006F5A06000EB45104160A07C012849D1FB
:109A3000E07888BBE068012806D0022811D003280E
:109A40001DD0042836D128E006F5A06000EB4510B3
:109A5000406840F4004106F5A06000EB451041600D
:109A600029E006F5A06000EB4510406840F00E01CB
:109A700006F5A06000EB451041601CE01CE006F517
:109A8000A06000EB4510406840F4804106F5A060FE
:109A900000EB451041600EE014E006F5A06000EB1D
:109AA0004510406840F4404106F5A06000EB4510C9
:109AB000416000E000BF05E0002106F5A06000EB7A
:109AC0004510416006F5A06000EB4510006802906B
:109AD000029820F080400290E07820B1029840F493
:109AE0000040029003E0029820F4004002900298A7
:109AF00040F00040029006F5A06000EB451002998E
:109B00000160B9F1000F01D00020ACE6E07878BB2D
:109B1000206A68B3E07958BBA07C30B1012816D028
:109B2000022803D0032824D110E000BF206AC01C03
:109B3000C0F38F0AD8F82C0080B2504505D2D8F86F
:109B4000180040F02000C8F8180013E000BF206A99
:109B5000C01CC0F38F0A4FF48260805980B2504518
:109B600005D2D8F8180040F08060C8F8180001E06D
:109B70000AE000BF00BF00200090208C83B2627812
:109B80004046A16900F0A4F900206CE60000044002
:109B90000000F81F0FB4F0B504460027254600204A
:109BA000C5F8000EA06B40F40010A063A06B20F479
:109BB0000020A063A06B20F48020A063E06800F088
:109BC000400088B99DF81B00012806D1D5F8000493
:109BD00040F00400C5F800040CE0D5F8000420F0C3
:109BE0000400C5F8000405E0D5F8000420F00400E6
:109BF000C5F8000410212046FFF7F8FB00B101274B
:109C00002046FFF7CBFB00B1012700260DE04FF007
:109C1000FF3105F5A06000EB46108160002105F5DD
:109C2000A06000EB4610C160761C9DF81900B042A0
:109C3000EDD80020A061401E60611048844207D129
:109C4000401560620E48A0620E48C4F8000106E0AC
:109C5000802060620C48A0620C48C4F800019DF8A6
:109C60001A0018B9A06940F01000A061A069084965
:109C70000843A0613846F0BC5DF814FB00000440C6
:109C8000000200010003E00080006000E0004000EE
:109C9000080020A310B502460B461146D1F8000477
:109CA00020F00300C1F80004D1F8000403F003041D
:109CB0002043C1F80004012B05D14BF6803440F25B
:109CC0000440445009E0022B05D141F2707440F287
:109CD0000440445001E0012010BD0020FCE710B515
:109CE0000246134603F5A06404EB4114A06803F593
:109CF000A06404EB4114E468204010BD01464869AB
:109D00008A69104070472DE9F04104460D46274608
:109D100028464FEA920C02F0030300210AE04FF4B8
:109D2000805858F80780C0F80080401C401C401C38
:109D3000401C491C6145F2D39BB100214FF480586F
:109D400058F8076000BF4FEAC10826FA08F880F803
:109D50000080491C401CA3F101081FFA88F3002B66
:109D6000F1D1BDE8F08138B50446254600200090C9
:109D7000D5F840040090009820F02E000090009844
:109D800040F48070C5F840046420F7F7D3FF0098D2
:109D900020F48070C5F840040A20F7F7CBFF0020BC
:109DA00038BD70B504460E460025E06820F0C0407E
:109DB000E060012E10D1E06840F00050E06000BF8C
:109DC0000A20F7F7B7FF0A352046FFF74CFB0128BA
:109DD00015D0C82DF4D312E07EB9E06840F0804081
:109DE000E06000BF0A20F7F7A5FF0A352046FFF71D
:109DF0003AFB20B1C82DF5D301E0012070BDC82D7C
:109E000001D10120FAE70020F8E72DE9F8410746E3
:109E10004FF000083E46002000903846FFF768FAF1
:109E200010213846FFF7E2FA08B14FF00108384632
:109E3000FFF7B4FA08B14FF00108002410E006F56E
:109E4000A06000EB4410056845F0804525F0004512
:109E500025F4004506F5A06000EB44100560641C85
:109E60000F2CECD9002424E006F5A06000EB441090
:109E7000056845F0804545F0004525F4004506F5A8
:109E8000A06000EB4410056000BF0098401C0090EB
:109E90000098B0F57A7F00D909E006F5A06000EBE4
:109EA0004410006800F00040B0F1004FEDD000BF5A
:109EB000641C0F2CD8D94FF0FF3140F2144081516F
:109EC000084678613846FFF762FA4046BDE8F881F7
:109ED0002DE9F04304460D461E46DDF81CC0A046A1
:109EE0002946BCF1000F12D1F01C870800230CE0BA
:109EF000D1F8009008F5805000EB0230C0F80090D7
:109F0000491C491C491C491C5B1CBB42F0D3002066
:109F1000BDE8F08300BFFEE702480068C0F30220FE
:109F2000704700000CED00E010B5002804DB0A07C4
:109F3000130E054A135406E00A07140E034A00F0F4
:109F40000F031B1FD45410BD00E400E018ED00E027
:109F500030380A2801D2012070470020704700BF26
:109F6000704700BF7047000010B504460020FBF7A3
:109F7000F5FF40A0F6F758FA012280214548F8F78E
:109F800069F9002280214348F8F764F900224FF470
:109F900000714048F8F75EF9A4F130001B2862D246
:109FA000DFE800F00E131822271D61612C6161614A
:109FB00061616161613238613E43484D52575C00D6
:109FC00035A0F6F731FA00BFFEE73FA0F6F72CFA0E
:109FD00000BFFEE749A0F6F727FA00BFFEE754A04E
:109FE000F6F722FA00BFFEE75EA0F6F71DFA00BF03
:109FF000FEE768A0F6F718FA00BFFEE771A174A0AB
:10A00000F6F712FA00BFFEE77CA171A0F6F70CFA92
:10A0100000BFFEE76BA17CA0F6F706FA00BFFEE7E3
:10A0200084A0F6F701FA00BFFEE78EA0F6F7FCF970
:10A0300000BFFEE796A0F6F7F7F900BFFEE7A1A084
:10A04000F6F7F2F900BFFEE7AAA0F6F7EDF900BFB8
:10A05000FEE7B6A0F6F7E8F900BFFEE7C1A0F6F705
:10A06000E3F900BFFEE7CCA0F6F7DEF900BF00BFC2
:10A0700010BD0000426F6F746C6F616465723A537B
:10A0800059535F4552525F4C45442D3E4F6E210A55
:10A090000000000000040240426F6F746C6F616446
:10A0A00065723A4661696C48616E646C65722C52E7
:10A0B00065616420636F6E6669672066696C652000
:10A0C0006661696C212E0A00426F6F746C6F616467
:10A0D00065723A4661696C48616E646C65722C52B7
:10A0E000656164206D6375206669726D7761726564
:10A0F000206661696C212E0A00000000426F6F74B7
:10A100006C6F616465723A4661696C48616E646C3B
:10A1100065722C52656164206C6364206669726D9F
:10A1200077617265206661696C212E0A000000006B
:10A13000426F6F746C6F616465723A4661696C4816
:10A14000616E646C65722C4572617365206D637518
:10A15000206170706C69636174696F6E20666169FB
:10A160006C0A0000426F6F746C6F616465723A46EE
:10A1700061696C48616E646C65722C526561642023
:10A180006570726F6D2066696C65206661696C210F
:10A190000A000000426F6F746C6F616465723A462A
:10A1A00061696C48616E646C65722C577269746584
:10A1B000206570726F6D2066696C65206661696CE0
:10A1C000210A00002F6C645F6D63752E62696E005A
:10A1D000426F6F746C6F616465723A4661696C4876
:10A1E000616E646C65722C25732073697A652069D1
:10A1F0007320696E76616C6964210A002F6C645F5C
:10A200006C63642E706B6700426F6F746C6F616477
:10A2100065723A4661696C48616E646C65722C5671
:10A220006572696679202573206661696C212E0A42
:10A2300000000000426F6F746C6F616465723A4693
:10A2400061696C48616E646C65722C4C4344206992
:10A2500073206E6F7420726573706F6E7365642106
:10A260002E0A0000426F6F746C6F616465723A462B
:10A2700061696C48616E646C65722C4C4344206467
:10A280006F776E6C6F6164206661696C212E0A00C5
:10A29000426F6F746C6F616465723A4661696C48B5
:10A2A000616E646C65722C41707020766563746FAA
:10A2B00072207461626C6520696E76616C69642ECF
:10A2C0000A000000426F6F746C6F616465723A46F9
:10A2D00061696C48616E646C65722C466C61736870
:10A2E000206973206E6F7420626C616E6B212E0A80
:10A2F00000000000426F6F746C6F616465723A44D5
:10A300006F6E6548616E646C65722C466C61736833
:10A3100020616E64204570726F6D20656173657297
:10A3200020646F6E65212E0A00000000426F6F747A
:10A330006C6F616465723A446F6E6548616E646CFF
:10A3400065722C557064617465206570726F6D2044
:10A35000666F726D20756469736B20646F6E652122
:10A360002E0A0000426F6F746C6F616465723A442C
:10A370006F6E6548616E646C65722C44756D7020FB
:10A380006570726F6D20746F20756469736B2064E3
:10A390006F6E65210A000000426F6F746C6F61641C
:10A3A00065723A446F6E6548616E646C65722C75B7
:10A3B0006E6B6E6F776E206572726F72210A00008D
:10A3C00010B500208B4908708B490870012240218C
:10A3D0008A48F7F73FFF00224FF400418848F7F71B
:10A3E00039FF002210218648F7F734FF0022402170
:10A3F0008448F7F72FFF002280218248F7F72AFFD1
:10A40000002280217F48F7F725FF002280217C4829
:10A41000F7F720FF002280217948F7F71BFF002281
:10A420004FF400717648F7F715FF002201217448B8
:10A43000F7F710FF002202217148F7F70BFF012206
:10A4400080216F48F7F706FF002280216C48F7F75C
:10A4500001FF00224FF400716948F7F7FBFE4FF44B
:10A46000FA70F7F767FC002280216548F7F7F2FEE3
:10A47000012280216248F7F7EDFE00224FF40071BF
:10A480005F48F7F7E7FE4FF4FA70F7F753FC002246
:10A4900080215B48F7F7DEFE002280215848F7F75D
:10A4A000D9FE012251025648F7F7D4FE4FF4FA7054
:10A4B000F7F740FC002280215148F7F7CBFE01223C
:10A4C00080214F48F7F7C6FE00224FF400714C4838
:10A4D000F7F7C0FEF7F7C4FE41F6583108444A4981
:10A4E00008600020494908604949086049490870E6
:10A4F00049A0F5F799FF48A0F5F796FF46A0F5F7B4
:10A5000093FF4FF480713F48F7F79CFE012803D179
:10A5100042A0F5F789FF02E04BA0F5F785FF4FF465
:10A5200000513848F7F78EFE012803D151A0F5F706
:10A530007BFF02E05AA0F5F777FF40213048F7F79C
:10A5400081FE012803D161A0F5F76EFF02E06AA049
:10A55000F5F76AFF4FF400412848F7F773FE01282A
:10A5600003D170A0F5F760FF02E079A0F5F75CFF7A
:10A5700080212448F7F766FE012803D17FA0F5F774
:10A5800053FF02E088A0F5F74FFF80211D48F7F741
:10A5900059FE012803D18EA0F5F746FF02E097A0EF
:10A5A000F5F742FF80211748F7F74CFE012803D149
:10A5B0009CA0F5F739FF02E0A5A0F5F735FF802153
:10A5C0001048F7F73FFE012803D1ABA0F5F72CFFA9
:10A5D00002E0B4A0F5F728FFBCA0F5F725FFC5A061
:10A5E000F5F722FFCDA0F5F71FFF0A20F7F7A2FB32
:10A5F00010BD0000A6000020A700002000000240BF
:10A600000004024000080240B8000020B000002012
:10A61000B4000020A50000200D0A0000426F6F74F6
:10A620006C6F616465723A494E5055542D3E4553E6
:10A63000544F505F4E432020202020203D204F705B
:10A64000656E210A00000000426F6F746C6F6164D8
:10A6500065723A494E5055542D3E4553544F505F04
:10A660004E432020202020203D20436C6F73652125
:10A670000A000000426F6F746C6F616465723A4942
:10A680004E5055542D3E465357495443485F4E4310
:10A69000202020203D20436C6F7365210A000000BC
:10A6A000426F6F746C6F616465723A494E505554D5
:10A6B0002D3E465357495443485F4E4320202020A7
:10A6C0003D204F70656E210A00000000426F6F74DC
:10A6D0006C6F616465723A494E5055542D3E465335
:10A6E00057495443485F4E4F202020203D204F7053
:10A6F000656E210A00000000426F6F746C6F616428
:10A7000065723A494E5055542D3E4653574954436D
:10A71000485F4E4F202020203D20436C6F73652101
:10A720000A000000426F6F746C6F616465723A4991
:10A730004E5055542D3E494E5445524C4F434B209C
:10A74000202020203D204F70656E210A000000006F
:10A75000426F6F746C6F616465723A494E50555424
:10A760002D3E494E5445524C4F434B202020202033
:10A770003D20436C6F7365210A000000426F6F74C7
:10A780006C6F616465723A4F55545055542D3E4C70
:10A7900041535F50574D3020202020203D204869F4
:10A7A0006768210A00000000426F6F746C6F61647B
:10A7B00065723A4F55545055542D3E4C41535F509D
:10A7C000574D3020202020203D204C6F77210A005B
:10A7D000426F6F746C6F616465723A4F5554505597
:10A7E000542D3E4C41535F50574D312020202020A6
:10A7F0003D2048696768210A00000000426F6F74BD
:10A800006C6F616465723A4F55545055542D3E4CEF
:10A8100041535F50574D3120202020203D204C6F68
:10A8200077210A00426F6F746C6F616465723A4FF2
:10A8300055545055542D3E4C41535F50574D322086
:10A84000202020203D2048696768210A0000000080
:10A85000426F6F746C6F616465723A4F5554505516
:10A86000542D3E4C41535F50574D32202020202024
:10A870003D204C6F77210A00426F6F746C6F6164EA
:10A8800065723A4F55545055542D3E4C41535F50CC
:10A89000574D3320202020203D2048696768210A39
:10A8A00000000000426F6F746C6F616465723A4F14
:10A8B00055545055542D3E4C41535F50574D332005
:10A8C000202020203D204C6F77210A00426F6F74BA
:10A8D0006C6F616465723A4F55545055542D3E412A
:10A8E000494D5F50574D2020202020203D204C6FA7
:10A8F00077210A00426F6F746C6F616465723A4F22
:10A9000055545055542D3E4C41535F46414E2020E6
:10A91000202020203D204C6F77210A00426F6F7469
:10A920006C6F616465723A4F55545055542D3E4CCE
:10A9300041535F5445432020202020203D204C6F70
:10A9400077210A0030B5C1B00020C8490860C84965
:10A950000860C848007808287CD00CDC082880F003
:10A960009687DFE810F01B009407FA001401360107
:10A970009407400494040C2800F00C8707DC092895
:10A9800000F002870B2840F0828700F000BF5A28B1
:10A9900000F009876328F6D100F01EBF00224FF4B3
:10A9A0000041B548F7F756FC00221021B248F7F7EE
:10A9B00051FC00228021B048F7F74CFC0022802196
:10A9C000AD48F7F747FC00224FF40071AA48F7F7AB
:10A9D00041FCAAA0F5F728FDAAA0F5F725FD03F094
:10A9E00095FA03F073FD4FF0FF30AF49086041F670
:10A9F000705001F0B5FF04462CB9AB480168ABA01C
:10AA0000F5F712FD02E0B4A0F5F70EFD4FF0FF30B0
:10AA1000BC49086041F6745001F0A2FF04462CB90D
:10AA2000B8480168B8A0F5F7FFFC02E0C1A0F5F74F
:10AA3000FBFC36223121CAA0F5F7F6FCCF4883682B
:10AA400042680168CEA0F5F7EFFC01F08FF90546EA
:10AA5000294600E0FEE3D4A0F5F7E6FCDCA2DFA186
:10AA6000E1A0F5F7E1FC4FF48033E64AD902E6A015
:10AA7000F5F7DAFC4FF47023F24AE249491CF2A0E0
:10AA8000F5F7D2FC4FF40041FE48F7F7DBFB012855
:10AA90005FD14103FC48F7F7D5FB012859D140218C
:10AAA0007548F7F7CFFB002853D1012210217248D7
:10AAB000F7F7D0FB012280216F48F7F7CBFB00228C
:10AAC00080216D48F7F7C6FB00224FF400716A48F9
:10AAD000F7F7C0FB4FF4FA70F7F72CF9002280214A
:10AAE0006548F7F7B7FB012280216348F7F7B2FB0F
:10AAF00000224FF400716048F7F7ACFB4FF4FA7096
:10AB0000F7F718F9002280215B48F7F7A3FB002232
:10AB100080215948F7F79EFB012251025648F7F76A
:10AB200099FB4FF4FA70F7F705F90022802152489B
:10AB3000F7F790FB002280214F48F7F78BFB0022AC
:10AB40004FF400714C48F7F785FB02204949087023
:10AB500002E063204749087044E30022CBA1CC48BF
:10AB600002F0B6F8CB4908700846007840B10846B4
:10AB70000178C9A0F5F758FC63203E49087005E04C
:10AB8000CEA0F5F751FC03203A490870E4E7F7F747
:10AB900067FBD2490968081A4FF47A7190FBF1F00B
:10ABA000CF49086008460068CE490968884208D045
:10ABB000CB480168CCA0F5F737FCC9480068C94903
:10ABC0000860C7480068012802DC04202949087091
:10ABD000C2E7012280212848F7F73CFB0122CDA1E2
:10ABE000CF4802F0A5F8AB49087000228021224826
:10ABF000F7F730FBA748007848B1A6480278C5A10E
:10AC0000C8A0F5F711FC63201A490870EAE2A148D0
:10AC10000278C0A1CDA0F5F707FC0021C04801F0E3
:10AC200094FF012280211448F7F714FB6B4605229C
:10AC300001A9BB4802F0E3F996490870002280217F
:10AC40000D48F7F707FB9348007810B900980528DE
:10AC500002D23020FFF788F99DF80400552803D16F
:10AC60009DF80500302887E19EE10000A800002043
:10AC7000AC000020A5000020000402400A0A0A0AD5
:10AC800000000000426F6F746C6F616465723A532C
:10AC9000746172742E2E2E2E2E2E2E2E2E2E2E2ED1
:10ACA0002E2E2E0A0000000048000020426F6F7414
:10ACB0006C6F616465723A52656164206570726F91
:10ACC0006D204D43552046572043524333323A308E
:10ACD00078253038580A0000426F6F746C6F6164D9
:10ACE00065723A52656164206570726F6D204D43E4
:10ACF00055204657204352433332206661696C2108
:10AD00000A0000004C000020426F6F746C6F616499
:10AD100065723A52656164206570726F6D204C43B4
:10AD2000442046572043524333323A307825303856
:10AD3000580A0000426F6F746C6F616465723A521A
:10AD4000656164206570726F6D204C4344204657E6
:10AD5000204352433332206661696C210A000000AF
:10AD6000426F6F746C6F616465723A566572736995
:10AD70006F6E2D3E25632E25630A00008877002024
:10AD8000426F6F746C6F616465723A556E6971756C
:10AD90006549442D3E3078253038582530385825BF
:10ADA0003038580A00000000426F6F746C6F6164A5
:10ADB00065723A4D637520666C6173682073697AB9
:10ADC000652D3E2564204B62797465730A0000008E
:10ADD00031333A32373A3335000000004A756E207D
:10ADE0002038203230323500426F6F746C6F6164EE
:10ADF00065723A4275696C642D3E25733A25730A73
:10AE000000000000FFFF0008426F6F746C6F616408
:10AE100065723A426F6F746C6F6164205374617233
:10AE20007420203A3078253038582C456E643A30FA
:10AE300078253038582C53697A653A30782530387F
:10AE4000580A0000FFFF0F08426F6F746C6F616457
:10AE500065723A4170706C6963656E7420537461F9
:10AE60007274203A3078253038582C456E643A3068
:10AE700078253038582C53697A653A30782530383F
:10AE8000580A00000000024000080240303A00006A
:10AE900050640020A4000020426F6F746C6F6164E6
:10AEA00065723A4D6F756E742046617466732065E5
:10AEB0007272726F723A2564210A0000426F6F74D9
:10AEC0006C6F616465723A4D6F756E742046617483
:10AED000667320737563657373210A00B8000020E0
:10AEE000B0000020B4000020426F6F746C6F61648A
:10AEF00065723A5761697420757362206469736B77
:10AF000020696E69743A2564205365636F6E64210D
:10AF10000A0000002F6C61732E636667000000005A
:10AF2000B0680020426F6F744C6F616465723A4F75
:10AF300070656E202573206661696C2C45434F4413
:10AF4000453D307825303258480A0000426F6F7412
:10AF50004C6F616465723A4F70656E202573207383
:10AF600075636573732C45434F44453D30782530F8
:10AF70003258480A0000000016D19DF8060031281A
:10AF800012D19DF8070041280AD19DF80800312808
:10AF900006D1F4A0F5F748FA0620FD4908701EE135
:10AFA0006320FB4908701AE19DF8040055281AD166
:10AFB0009DF80500302816D19DF80600322812D1E0
:10AFC0009DF8070041280AD19DF80800312806D1D4
:10AFD000F0A0F5F729FA0720ED490870FFE063209B
:10AFE000EB490870FBE09DF8040055281DD19DF841
:10AFF0000500302819D19DF80600332815D19DF899
:10B00000070041280AD19DF80800312806D1ECA09C
:10B01000F5F70AFA0820DE490870E0E0F8A0F5F735
:10B0200003FA6320DA490870D9E09DF80400552836
:10B030001DD19DF80500302819D19DF8060034284F
:10B0400015D19DF8070041280AD19DF80800312844
:10B0500006D1F6A0F5F7E8F90920CD490870BEE061
:10B06000E7A0F5F7E1F96320C9490870B7E09DF85A
:10B070000400552820D19DF8050030281CD19DF8EA
:10B080000600352818D19DF8070041280DD19DF8FC
:10B090000800312809D1EDA0F5F7C6F90120F449DF
:10B0A00008700620BA49087099E0D5A0F5F7BCF9F8
:10B0B0006320B749087092E09DF80400552820D11C
:10B0C0009DF8050030281CD19DF80600362818D1BF
:10B0D0009DF8070041280DD19DF80800312809D1BD
:10B0E000E4A0F5F7A1F90120EB4908700720A84971
:10B0F000087074E0C2A0F5F797F96320A4490870BE
:10B100006DE09DF80400552822D19DF805003028F7
:10B110001ED19DF8060037281AD19DF80700412856
:10B120000FD19DF8080031280BD1DCA0F5F77CF990
:10B130000120CF490870D849087008209449087048
:10B140004DE0AFA0F5F770F963209149087046E033
:10B150009DF8040044281DD19DF80500302819D120
:10B160009DF80600312815D19DF8070041280AD125
:10B170009DF80800312806D1D3A0F5F755F90B202A
:10B18000834908702BE09EA0F5F74EF963208049B3
:10B19000087024E09DF8040043281DD19DF80500A7
:10B1A000302819D19DF80600312815D19DF80700E7
:10B1B00041280AD19DF80800312806D1CCA0F5F726
:10B1C00033F90C207249087009E08DA0F5F72CF9CD
:10B1D00063206F49087002E063206D490870CF4812
:10B1E00001F08AFC54E302F0C1FCCD49086002F092
:10B1F00053FCCC49086008460268C9480168CAA0E7
:10B20000F5F712F9C7480068D349096888420FD199
:10B21000C3480068D0490968884209D19448007839
:10B2200030B9CEA0F5F700F96320594908702FE333
:10B2300003F014FDBB49086002F098FCB8490860AF
:10B2400008460068C4490860B6480068B4490968FF
:10B25000884200E077E003D04220FEF785FE12E04E
:10B26000C9A0F5F7E1F8022000F05AFC042000F034
:10B2700057FCB94941F6705001F018FCA848016824
:10B28000CBA0F5F7D1F85A204149087000E300201F
:10B29000A4490860D1A101A8F5F76CFA01A800F053
:10B2A000A7FDA0480268D0480168D0A0F5F7BCF817
:10B2B0009C480068CC490968884209D176480078E2
:10B2C00030B9D6A0F5F7B0F8632031490870DFE255
:10B2D00002F0C6FF002093490860C0A101A8F5F75D
:10B2E00049FA01A803F050FC8E480068BE49086086
:10B2F000052000F015FCBC4941F6745001F0D6FB66
:10B30000D148F5F791F8D148F5F758FA85B22946B2
:10B31000CE4801F077FA41F28830F6F70BFD41F2A2
:10B320008830F6F707FD41F28830F6F703FD41F269
:10B330008830F6F7FFFC41F28830F6F7FBFC5A2024
:10B3400013490870A4E202F011FC7549086002F08C
:10B35000A3FB744908608048036808460268704887
:10B36000016875E1426F6F746C6F616465723A5386
:10B37000746172742075706772616465206D6375A5
:10B38000206170706C69636174696F6E210A0000DE
:10B39000A5000020426F6F746C6F616465723A5350
:10B3A000746172742075706772616465206C636487
:10B3B000206170706C69636174696F6E210A0000AE
:10B3C000426F6F746C6F616465723A53746172742A
:10B3D0002075706772616465206D6375206170709F
:10B3E0006C69636174696F6E2026206C63642061F0
:10B3F00070706C69636174696F6E210A00000000EF
:10B40000426F6F746C6F616465723A44657669630C
:10B4100065204944206973206E6F74206D617465E6
:10B420002C72756E20617070210A0000426F6F747B
:10B430006C6F616465723A537461727420757064E4
:10B44000617465206570726F6D210A00426F6F74C0
:10B450006C6F616465723A537461727420666F72C6
:10B46000636520757064617465206D6375210A00E1
:10B47000A6000020426F6F746C6F616465723A536E
:10B480007461727420666F72636520757064617494
:10B4900065206C6364210A00A7000020426F6F746E
:10B4A0006C6F616465723A537461727420666F7276
:10B4B000636520757064617465206D637520262056
:10B4C0006C6364210A000000426F6F746C6F6164EA
:10B4D00065723A53746172742064756D7020657082
:10B4E000726F6D20746F20756469736B210A0000A0
:10B4F000426F6F746C6F616465723A5374617274F9
:10B5000020636C65617220666C61736820616E6493
:10B51000206570726F6D210A00000000B068002085
:10B52000A8000020AC000020426F6F746C6F616453
:10B5300065723A4D435520637263466C6173683A95
:10B5400025303858482C637263556469736B3A250B
:10B5500030385848210A000048000020426F6F74BC
:10B560006C6F616465723A436865636B206D6375E7
:10B5700020617070206372632073616D652C736B42
:10B580006970210A00000000426F6F746C6F616483
:10B5900065723A436865636B73756D206D637520E2
:10B5A000617070207375636573732E0A000000006C
:10B5B000426F6F746C6F616465723A557064617448
:10B5C00065206E657720637263333220737563651F
:10B5D00073732C307830382558480A002F70726900
:10B5E00076617465000000004C000020426F6F74AB
:10B5F0006C6F616465723A4C4344206372634C63C0
:10B60000643A25303858482C637263556469736B0B
:10B610003A2530385848210A00000000426F6F7404
:10B620006C6F616465723A436865636B206C636438
:10B6300020617070206372632073616D652C736B81
:10B640006970210A0000000020F900088D00002028
:10B6500091A0F4F7E9FEA0480068A0490968884273
:10B660000DD19F4800689D490968884207D19D48CF
:10B67000007820B9AFF21C10F4F7D6FE24E003F0F6
:10B68000EDFA9549086002F071FA95490860924810
:10B6900000680968884202D04220FEF765FC9048A5
:10B6A00000688E49086090A0F4F7BEFE022000F00A
:10B6B00037FA042000F034FA884941F6705001F05E
:10B6C000F5F992A0F4F7B0FE002083490860AFF2CC
:10B6D000F40101A8F5F74EF801A800F089FB7E48B7
:10B6E000026896480168AFF2FC00F4F79DFE7A48C4
:10B6F00000689249096888420AD19148007838B9AF
:10B70000AFF2E800F4F790FE63208E490870BFE0C6
:10B7100002F0A6FD002070490860AFF2401101A8B8
:10B72000F5F728F801A803F02FFA6B480068834961
:10B730000860052000F0F4F9804941F6745001F0EA
:10B74000B5F98148F4F770FE8048F5F737F885B20F
:10B7500029467E4801F056F841F28830F6F7EAFAB9
:10B7600041F28830F6F7E6FA41F28830F6F7E2FA6D
:10B7700041F28830F6F7DEFA41F28830F6F7DAFA6D
:10B780005A207049087083E002F0A6FF80E001F0C3
:10B7900041F87DE000F054FA012000F0C1F94820A2
:10B7A000FEF7E2FB74E06AA0F4F73EFE012080F3AE
:10B7B000138800BF00BFBFF34F8F6C48006800F4D0
:10B7C000E0606B490843001D68490860BFF34F8F74
:10B7D00000BF00BF00BFFDE7F6F716FB6548006835
:10B7E00000F07F40B0F1005F06D06248006800F0D2
:10B7F0007F40B0F1805F46D15FA0F4F715FE5D4851
:10B800004068674908600846016866A0F4F70CFEC6
:10B81000634800686B4908605649086880F30888E7
:10B8200000BF0846016868A0F4F7FEFD6EA0F4F7BB
:10B83000FBFD002280216E48F6F70CFD00228021DE
:10B840006B48F6F707FD00224FF400716848F6F7E1
:10B8500001FD002210216648F6F7FCFC72B60020BC
:10B860004FF0E0210861401EF7F700FD4320F7F795
:10B87000FDFC4FF0FF30F7F7E7FC4320F7F7E4FC5F
:10B880005048006880474620FEF76EFB00BF00BFAF
:10B8900000BF41B030BD0000426F6F746C6F6164D7
:10B8A00065723A4D435520637263466C6173683A22
:10B8B00025303858482C637263556469736B3A2598
:10B8C000303858482C6372634570726F6D3A25307A
:10B8D0003858480A00000000AC0000204800002052
:10B8E000A8000020A6000020426F6F746C6F616496
:10B8F00065723A436865636B206D63752061707093
:10B90000207375636573732E0A000000426F6F74B5
:10B910006C6F616465723A557064617465206D6323
:10B920007520617070206E657720637263333220FA
:10B930007375636573732E0A000000004C000020CD
:10B94000A7000020A500002020F900088D0000209D
:10B95000426F6F746C6F616465723A53797374658A
:10B960006D2052657365740A000000000CED00E064
:10B970000000FA0500000108426F6F746C6F61648B
:10B9800065723A4A756D70206170706C696361749C
:10B99000696F6E20616464726573732E0A00000023
:10B9A000C0000020426F6F746C6F616465723A4A28
:10B9B000756D7020416464726573733A30782558F0
:10B9C0000A000000C4000020426F6F746C6F616455
:10B9D00065723A537461636B20506F696E7465725F
:10B9E0003A307825580A00000A0A0A0D0D0D0000A9
:10B9F0000004024010B502460B46002105E0545CED
:10BA0000FF2C01D0002010BD491C9942F7D3012022
:10BA1000F9E7000070B504460D460020E070401EB6
:10BA200020632946204602F0BDFB08B1042070BD0A
:10BA300004F2322002F063FA4AF65521884201D01E
:10BA40000320F4E794F83400E92807D094F8340090
:10BA5000EB2817D13620005D902813D104F16A003D
:10BA600002F041FA20F07F400749884201D10020CE
:10BA7000DDE704F1860002F036FA0449884201D17C
:10BA80000020D4E70220D2E7464154004641543317
:10BA9000024600E0521C107810B110788842F9D1AB
:10BAA0001078704730B502460B4600200446014628
:10BAB0001CE01A4800EB01100068A8B1174800EB21
:10BAC000011000681568A8420FD1144800EB01105E
:10BAD00040689568A84208D1104800EB01108068C2
:10BAE0005569A84201D103E00124491CFF29E0D394
:10BAF00000BFFF2906D10CB9022B01D1002030BDB7
:10BB00001220FCE733B9054800EB01108089B0F53D
:10BB1000807F01D11020F2E70020F0E7D00B002059
:10BB200038B5054600200090082D70D2DFE805F0FA
:10BB300085040F3A525F6C79002404E0A0B2694694
:10BB400000F090FF641CB4F5005FF7D376E00024AA
:10BB500004E0A0B2694600F085FF641C1F2CF8D9F0
:10BB6000202404E0A0B2694600F07CFF641CB4F518
:10BB7000087FF7D341F6645404E0A0B2694600F0B0
:10BB800071FF641C41F667508442F6D9441C04E0FE
:10BB9000A0B2694600F066FF641C41F66B50844217
:10BBA000F6D94BE04FF4087404E0A0B2694600F007
:10BBB00059FF641CB4F5226FF7D341F66C5404E0CE
:10BBC000A0B2694600F04EFF641C41F66F508442FB
:10BBD000F6D933E041F6705404E0A0B2694600F0B3
:10BBE00041FF641C41F673508442F6D926E041F6C9
:10BBF000745404E0A0B2694600F034FF641C41F6BE
:10BC000077508442F6D919E04FF4EC5405E014E083
:10BC1000A0B2694600F026FF641CB4F5FC5FF7D3C0
:10BC20000CE04FF4FC5404E0A0B2694600F01AFFA7
:10BC3000641CB4F5005FF7D300E000BF00BF38BD5F
:10BC400010B5F6F737F9074807490860F5F750FAD5
:10BC500010B13520FEF788F94FF470210348FFF743
:10BC6000C9FE10BD910001000C3C0240000001081B
:10BC7000014600200BE0074A02EB001212688A42DC
:10BC800004D10022034B03EB00131A60401CFF2871
:10BC9000F1D37047D00B00200246891E9069801EA8
:10BCA000884201D8002070475389D06A01FB030005
:10BCB000F9E730B503460C46002107E0585C655CA7
:10BCC000A84201D0002030BD481C81B29142F5DB72
:10BCD0000120F8E72DE9F04780460C4604F11A00F0
:10BCE00002F00DF910B10020BDE8F087207800F0D7
:10BCF0003F00401E00EB800101EBC0054FF0010941
:10BD0000002621E01849895D081902F0F8F8074675
:10BD1000B9F1000F11D0FF2D0BD2384601F0D0FB46
:10BD2000824629466D1C38F8110001F0C9FB824596
:10BD300001D00020D8E7B94605E04FF6FF708742F2
:10BD400001D00020D0E7761C0D2EDBD3207800F048
:10BD5000400038B1B9F1000F04D038F8150008B12F
:10BD60000020C1E70120BFE724EF00080148008858
:10BD700070470000227AFF1F10B502460B460021D3
:10BD80000EE0505C094C24786040C0B2084C54F876
:10BD90002000064C246880EA1420044C2060491CD2
:10BDA0009942EED301480068C04310BDDC0000207A
:10BDB000E0F400080146084800784840C0B2074A4D
:10BDC00052F82000044A126880EA1220024A1060E9
:10BDD00010460068C0437047DC000020E0F4000813
:10BDE0004FF0FF300149086070470000DC00002080
:10BDF000F0B5ADF5157D054642AC88AF294638460D
:10BE000001F0B1F8244908703BE02146384601F0C2
:10BE1000C4F9214908700846007808B9A07D00B926
:10BE200033E0A07D2E2800D12BE004F116064FF45C
:10BE3000807102A8F4F77AFD2F232A4617A102A8E1
:10BE40000096F4F7FDFA207A00F0100060B102A825
:10BE5000FFF7CEFF104908700846007880B1084609
:10BE600000780DF5157DF0BD02A90EA0F4F7DCFAFF
:10BE700002A801F0B3FD124909680844104908609E
:10BE800000BF054800780028BFD000BF384600F04A
:10BE900049FE01480078E4E7A400002025732563EB
:10BEA00025730000426F6F746C6F616465723A6352
:10BEB0007263204C63642066696C653A25730A00DE
:10BEC000AC0000202DE9F04782468946DAF80040B0
:10BED000B9F1000F06D1276917B1A069B84215D88A
:10BEE000012713E04946504601F054FE0646022E53
:10BEF00002D20120BDE8F087701C08B93046F9E78E
:10BF0000A069B04201D93046F4E74F463D4600BF34
:10BF10006D1CA069A84204D80225BD4201D90020A9
:10BF2000E8E72946504601F035FE064606B909E025
:10BF3000012E01D0701C08B93046DBE7BD42E7D1C5
:10BF40000020D7E700BF4FF0FF322946204602F01D
:10BF5000E1F98046B8F1000F08D1B9F1000F05D022
:10BF60002A464946204602F0D5F98046B8F1000F2E
:10BF70000DD12561D4E90510801E814202D8606987
:10BF8000401E6061207940F00100207107E0B8F1A7
:10BF9000010F02D14FF0FF3000E001200546284696
:10BFA000A8E700002DE9F34F83B0814604980068AC
:10BFB0000190D9F80000D0F80CA0002005460646F4
:10BFC00000BF3046761C01990C5C202C00DA2BE077
:10BFD0002F2C01D05C2C0AD100E0761C0198805DEA
:10BFE0002F28FAD00198805D5C28F6D01CE0FF2D48
:10BFF00003D3062005B0BDE8F08FE4B2012120464E
:10C0000001F038FA04460CB90620F3E7802C06DA72
:10C0100021466AA0FFF73CFD08B10620EAE7284662
:10C020006D1C2AF81040CCE700BF019881190498D4
:10C030000160202C01DA042000E00020074608E01F
:10C04000681E3AF81040202C02D02E2C00D002E0BE
:10C050006D1E002DF4D100BF00202AF815000DB987
:10C060000620C7E70B22202109F1240002F091F8F5
:10C07000002600E0761C3AF816002028FAD03AF89C
:10C0800016002E28F6D00EB147F0030700E06D1E13
:10C0900025B1681E3AF810002E28F8D14FF000089C
:10C0A000CDF808804FF0080B00BF3046761C3AF8F8
:10C0B000104004B954E0202C03D02E2C04D1AE4201
:10C0C00002D047F00307F0E70298584501D2AE428C
:10C0D00016D1BBF10B0F02D147F0030740E0AE428F
:10C0E00001D047F00307AE4200D939E02E460820C0
:10C0F00002904FF00B0B4FEA88604FEA1068D4E7CC
:10C10000802C0BDB0021204601F0B4F904461CB161
:10C11000A4F180002C490C5C47F0020700BF24B159
:10C1200021462AA0FFF7B4FC18B15F2447F00307AB
:10C130000FE0412C04DB5A2C02DC48F0020808E036
:10C14000612C06DB7A2C04DC48F00108A4F1200005
:10C1500084B20298411C029109F124010C54A4E715
:10C1600000BF99F82400E52802D1052089F82400B1
:10C17000BBF1080F03D14FEA88604FEA106808F05E
:10C180000C000C2803D008F00300032801D147F06D
:10C19000020707F0020058B908F00300012801D196
:10C1A00047F0100708F00C00042801D147F00807F9
:10C1B0002F2000F8097000201CE70000222A3A3CDA
:10C1C0003E3F7C7F00000000A4EE00082B2C3B3D8E
:10C1D0005B5D000010B50246531E1A46FF2B17D2B6
:10C1E0000C4B03EB02139989B1F5807F00D100213C
:10C1F000002901DD4B1E99B2064B03EB0213998116
:10C2000021B90023034C04EB02142360002000E05A
:10C21000022010BDD00B00202DE9F04104460E464F
:10C22000D4F800800021204600F034FA0546EDB92C
:10C23000002700BF4046E16901F0B4FF054605B1A3
:10C2400013E0206A0078E52802D0206A007820B93F
:10C25000781C0746B04201D107E0002701212046A3
:10C2600000F088F80546002DE4D000BF042D00D171
:10C2700007252846BDE8F0812DE9F0470446D4F8AB
:10C2800000A00021204600F005FA064616B130460F
:10C29000BDE8F0874FF0FF08C1464FF0FF30206344
:10C2A00000BF5046E16901F07DFF064606B15EE041
:10C2B000206A05780DB9042659E0206AC07A00F09A
:10C2C0003F07A771E52D04D007F0080038B10F2F04
:10C2D00005D04FF0FF084FF0FF30206340E00F2FF4
:10C2E00022D12F20005D00F0400098BB05F04000F7
:10C2F00038B1206A90F80D9005F0BF05A846606936
:10C30000206345450CD1206A407B484508D1216A0D
:10C31000DAF80C00FFF7DEFC10B1A8F1010000E034
:10C32000FF2000F0FF081BE0B8F1000F05D1206AE4
:10C3300002F04FF9484500D119E02F20005D00F0D0
:10C34000010040B90B2204F12401206A01F002FF30
:10C3500008B90CE004E04FF0FF084FF0FF30206315
:10C360000021204600F006F80646002E99D000BFB6
:10C3700030468DE72DE9F047044689462568606917
:10C3800000F12007E06910B1B7F5001F02D30420C7
:10C39000BDE8F087C7F30800002868D1E069401CB9
:10C3A000E061A06938B92889B0EB571F5FD8002039
:10C3B000E0610420ECE76889401E00EA572000286D
:10C3C00055D12046A16901F0E5FB0646012E01D8B2
:10C3D0000220DDE7701C08B90120D9E7A869B04246
:10C3E0003FD8B9F1000F03D10020E0610420CFE76E
:10C3F0002046A169FFF766FD06460EB90720C7E78C
:10C40000012E01D10220C3E7701C08B90120BFE74B
:10C41000284602F037F908B10120B9E74FF400725D
:10C42000002105F1340001F0B4FE4FF00008314660
:10C430002846FFF731FC28630CE00120E87028460D
:10C4400002F020F908B10120A2E708F10108286BE9
:10C45000401C286368894045EFD8286BA0EB080092
:10C460002863A66131462846FFF716FCE061676144
:10C47000C7F3080105F1340008442062002087E773
:10C480002DE9F05F044689460426D4F800A04FF059
:10C49000FF08C34653E05046E16901F083FE0646BB
:10C4A00006B14FE0206A05780DB904264AE0206AFB
:10C4B000C07A00F03F07A771E52D0AD02E2D08D0D5
:10C4C00027F02000082801D1012000E00020484585
:10C4D00002D04FF0FF082BE00F2F1DD105F04000D8
:10C4E00038B1206A90F80DB005F0BF05A846606924
:10C4F000206345450CD1206A407B584508D1216A0C
:10C50000DAF80C0001F068FE10B1A8F1010000E0BB
:10C51000FF2000F0FF080BE0B8F1000F04D1206A03
:10C5200002F057F8584502D04FF0FF30206309E081
:10C5300000212046FFF71EFF064606B102E0E06933
:10C540000028A8D100BF0EB10020E0613046BDE850
:10C55000F09F2DE9FE4F044626682F20005D00F075
:10C56000A00010B10620BDE8FE8F4FF0000901E0E9
:10C5700009F10109F06830F819000028F8D10C22FF
:10C5800004F12401684601F0F7FD9DF80B0000F06E
:10C59000010028B340212F2001554FF001080EE083
:10C5A0004346694604F12400F26801F0BDF92046D3
:10C5B000FFF762FE054605B104E008F10108B8F195
:10C5C000640FEDD300BFB8F1640F01D10720CAE7B3
:10C5D000042D01D02846C6E79DF80B102F200155E9
:10C5E0009DF80B0000F0020030B109F10C000D21A4
:10C5F000B0FBF1F0401C00E0012007463946204620
:10C60000FFF70AFE05464DBB781E071E26D060695F
:10C61000A0EB4711204600F03DF80546F5B904F1BE
:10C62000240001F0D6FF824600BF3046E16901F0E8
:10C63000B9FD054605B110E0FAB2216A5346F0682B
:10C6400001F004FF0120F07000212046FFF792FE68
:10C65000054615B9781E071EE7D100BFC5B930469B
:10C66000E16901F09FFD054695B920220021206A6D
:10C6700001F08FFD0B2204F12401206A01F07CFD02
:10C680002F20005D00F01800216A08730120F0706F
:10C69000284668E72DE9F04104460D462668B5F5C1
:10C6A000001F02D205F01F0010B10220BDE8F0818A
:10C6B0006561A7681FB93078032800DBB76A47B9FE
:10C6C0003089B0EB551F01D80220EFE7B06AE06176
:10C6D0001CE070894FEA402811E03946204601F0FD
:10C6E00059FA0746781C08B90120DFE7022F02D368
:10C6F000B069B84201D80220D8E7A5EB0805454546
:10C70000EBD239463046FFF7C7FAE061A761E0692E
:10C7100008B90220CAE7E06900EB5520E061C5F3E3
:10C72000080106F13400084420620020BEE7000042
:10C7300070B5044600250948005D60B9074A083213
:10C74000105D121F52F8242011688847054615B95C
:10C75000012002490855284670BD0000C01B00207A
:10C760002DE9F04104460D4616460649085D091FAD
:10C7700051F8241032460B69294698470746384637
:10C78000BDE8F081C81B00202DE9F04104460D46AC
:10C7900016461F460749085D091F51F824103B46FD
:10C7A0003246D1F808C02946E04780464046BDE8F9
:10C7B000F0810000C81B002070B50446044A105DDB
:10C7C000121F52F82420516888470546284670BD3C
:10C7D000C81B00202DE9F04104460D4616461F46B1
:10C7E0000749085D091F51F824103B463246D1F82D
:10C7F0000CC02946E04780464046BDE8F081000075
:10C80000C81B002070B504460D4629462046F4F7A3
:10C8100001FB70BD08B54FF400521249002000F032
:10C8200041F80A2210A1134800F082FA1249087058
:10C830000846007810B13420FDF796FB6B464FF4A4
:10C84000005208490B4800F026FD0B4908700846C5
:10C85000007810B13420FDF787FB4A20FDF784FBF8
:10C8600008BD0000CC1B00202F6C6570726F6D2E10
:10C8700062696E0060710020A4000020002100E0C9
:10C88000491CFF2905D2064800EB0110006800286A
:10C89000F6D1FF2901D0012070470020FCE70000FD
:10C8A000D00B00202DE9F74F84B007461446381905
:10C8B000B0F5005F04DD0125284607B0BDE8F08F24
:10C8C0002046E11704EB5171C1F3CF0BE11704EBE4
:10C8D0005171C910A4EBC1011FFA81F9B846059E38
:10C8E0004FF0000A1EE04FF47A70082110234246F0
:10C8F000CDE900610290A1211848F6F793F90546A9
:10C900003DB11648F6F787F805461448F6F7A2F841
:10C91000054608F108001FFA80F808360AF1010000
:10C920001FFA80FADA45DEDBB9F1000F14D04FF4BC
:10C930007A7010234246A121CDE900690290074890
:10C94000F6F770F905463DB10448F6F764F8054678
:10C950000248F6F77FF805462846AEE79C0100201E
:10C96000FEB505460E46E81CB0F5005F02DB01246B
:10C970002046FEBD4FF47A70042110232A46CDE9EB
:10C9800000610290A1210748F6F74CF904463CB13A
:10C990000448F6F740F804460248F6F75BF8044608
:10C9A0002046E6E79C0100202DE9F74F84B00746BA
:10C9B00014463819B0F5005F04DD0125284607B09C
:10C9C000BDE8F08F2046E11704EB5171C1F3CF0BA6
:10C9D000E11704EB5171C910A4EBC1011FFA81F9F1
:10C9E000B846059E4FF0000A1EE04FF47A70082109
:10C9F00010234246CDE900610290A0211848F6F7C5
:10CA000095FA05463DB11648F6F705F8054614486F
:10CA1000F6F720F8054608F108001FFA80F80836F6
:10CA20000AF101001FFA80FADA45DEDBB9F1000FE6
:10CA300014D04FF47A7010234246A021CDE900694A
:10CA400002900748F6F772FA05463DB10448F5F73B
:10CA5000E2FF05460248F5F7FDFF05462846AEE72A
:10CA60009C010020FEB505460E46B5F5005F02DBD1
:10CA700001242046FEBD4FF47A70012110232A467E
:10CA8000CDE900610290A0210748F6F74FFA04466D
:10CA90003CB10548F5F7BFFF04460348F5F7DAFF58
:10CAA00004462046E6E700009C010020FEB505464E
:10CAB0000E46E81C41F6FF71884202DB0124204645
:10CAC000FEBD4FF47A70042110232A46CDE900619F
:10CAD0000290A0210748F6F729FA04463CB1054820
:10CAE000F5F799FF04460348F5F7B4FF04462046DE
:10CAF000E6E700009C01002038B50546284600F016
:10CB00007AFB044664B96946284602F08DF904466A
:10CB100034B92869FFF75EFB04460CB90020286091
:10CB2000204638BD38B504466946204602F07CF9F7
:10CB3000054645B9206918B12069FFF74BFB05464A
:10CB40000DB900202060284638BD2DE9F84F044675
:10CB50000E466946204602F067F98246BAF1000F98
:10CB600001D194F815A0BAF1000F02D05046BDE8EB
:10CB7000F88FE068B04204D2207D00F0020000B9D6
:10CB8000E668D4F818904FF00008C4F81880002E1A
:10CB900068D0009840894702B9F1000F11D0701E8B
:10CBA000B0FBF7F1A9F10100B0FBF7F0814208D327
:10CBB000A9F10100791E8843A061A069361AE569D0
:10CBC00012E0A5687DB900212046FFF77BF90546F4
:10CBD000012D02D102206075C9E7681C10B901203F
:10CBE0006075C4E7A560E561002D3BD024E0F61B2D
:10CBF000A0693844A061207D00F0020040B100BF70
:10CC000029462046FFF75EF9054635B9002615E0AE
:10CC10002946204600F0BEFF0546681C10B90120D9
:10CC20006075A4E7012D03D900988069A84202D855
:10CC3000022060759BE7E561BE42D8D800BFA069BD
:10CC40003044A061C6F3080060B129460098FFF7A0
:10CC500023F88046B8F1000F02D10220607586E704
:10CC600008EB5628E168A069884205D9A069E06010
:10CC7000207D40F040002075208BC0F3080020B3D9
:10CC8000206A404521D0207D00F0800078B1226AE2
:10CC900000994878012304F12C01FFF79BFD10B1A6
:10CCA0000120607563E7207D00F07F00207500990A
:10CCB00048780123424604F12C01FFF765FD10B1CD
:10CCC0000120607553E7C4F8208050464FE700000C
:10CCD000F7B582B016460398019001A801F06DF8EF
:10CCE0000546002D02DA0B2005B0F0BD0F4850F8C4
:10CCF000254024B12046FEF7BBFF0020207002989B
:10CD000010B10020029908700849029841F82500E6
:10CD1000029808B1012E01D00020E5E7002202A907
:10CD200003A800F01FFC07463846DDE7200000207E
:10CD30002DE9F74FADF5107D0446164624B90920BC
:10CD40000DF5137DBDE8F08F06F03F06324682A94F
:10CD500091A800F007FC0546002D7CD182988390B5
:10CD600001A88299C86083A8919900F07BFD0546CF
:10CD70008DB99DF83B0200F0800008B106250AE05D
:10CD800026F0010008B1012000E00020014683A840
:10CD9000FEF788FE054606F01C0000285CD06DB149
:10CDA000042D08D1FFF76AFD18B183A8FFF7D1FB66
:10CDB00000E01220054646F008060AE09DF812023F
:10CDC00000F0110008B1072503E006F0040000B1EF
:10CDD0000825002D51D106F0080000284DD000F0A4
:10CDE00049FF81908B9901F10E00819901F0DFFBE1
:10CDF0008B9901F11600819901F0D9FB20208B99C4
:10CE0000C8728B99829801F05BF8814600228B9959
:10CE1000829801F0BAFB8B9901F11C00002101F00E
:10CE2000C6FB01208299C870B9F1000F25D0829805
:10CE3000006B81900022494683A801F059FB05460A
:10CE4000DDB98199829801F0ADF90546A9F101009B
:10CE50008299086111E073E07DB99DF8120200F03B
:10CE6000100008B1042508E006F0020028B19DF882
:10CE7000120200F0010000B10725BDB906F008005C
:10CE800008B146F040068298006B60628B98A06201
:10CE900026F0010008B1012000E00020014683A82F
:10CEA00000F0B0FF2061206900B90225002D55D1A6
:10CEB0008B99829801F004F8A0608B9901F11C0015
:10CEC00001F011F8E060829820608298C088A0800C
:10CED0002675002060752062A0614FF40072002169
:10CEE00004F12C0001F055F906F0200040B3E06891
:10CEF00030B3E068A061829840894FEA402AA76871
:10CF0000D4F80C800CE03946204600F043FE07467A
:10CF1000012F00D80225781C00B90125A8EB0A08CA
:10CF20000DB9D045EFD8E76155B9C8F3080038B15D
:10CF300039468298FEF7B0FEB0F1000B01D1022510
:10CF40000CE00BEB58202062226A8299487801237A
:10CF500004F12C01FFF718FC00B101250DB10020F0
:10CF600020602846ECE673B5ADF5027D06461EB995
:10CF700009200DF5047D70BD3446002281A983A8E7
:10CF800000F0F0FA0546002D34D18198206001A808
:10CF90008199C8603046839900F064FC05461DBB4A
:10CFA0002F20805D00F0800050B9A07900F01000C3
:10CFB00028B1316A819800F083FFA06000E0052568
:10CFC00095B98198C088A08000213046FFF762FBA8
:10CFD00005464DB9A06840B10021304600F012FF6F
:10CFE0002061206900B9122501E000202061042D94
:10CFF00000D105250DB1002020602846B9E72DE9B4
:10D00000FF4F85B0044615469A46DDF818B000205B
:10D01000CAF8000003A9204601F006FF0490049816
:10D0200010B9607D049018B1049809B0BDE8F08F84
:10D03000207D00F0010008B90720F6E7A169E0684B
:10D04000401A01900198854200D9019DA0E0208BF3
:10D05000C0F3080000287ED103984089401EA169D2
:10D0600000EA5129B9F1000F17D1A06910B9A068E1
:10D07000029004E02046E16900F08CFD02900298E5
:10D08000022802D202206075CFE70298401C10B936
:10D0900001206075C9E70298E061E1690398FEF735
:10D0A000FBFD064616B902206075BEE74E444FEA06
:10D0B0005528B8F1000F29D009EB080003994989D8
:10D0C000884203D903984089A0EB0908039948785E
:10D0D000434632465946FFF757FB10B101206075B1
:10D0E000A3E7207D00F0800068B1206A801B4045E6
:10D0F00009D2216A891B0BEB41204FF4007204F125
:10D100002C0101F039F84FEA482737E0206AB04295
:10D1100020D0207D00F0800078B1226A0399487801
:10D12000012304F12C01FFF755FB10B101206075BC
:10D130007BE7207D00F07F0020750399487801236C
:10D14000324604F12C01FFF71FFB18B10120607576
:10D150006BE700E02662208BC0F30800C0F5007783
:10D16000AF4200D92F46208BC0F3080204F12C00F7
:10D1700011183A46584600F0FFFF00BFBB44A069B3
:10D180003844A061DAF800003844CAF80000ED1B0A
:10D19000002D7FF45CAF002047E770B5ADF5027D50
:10D1A00006460D4681A9304601F03EFE0446F4B91C
:10D1B0002DB900213046FFF76DFA044617E001A8AB
:10D1C0008199C86000213046FFF75AF90446042CC3
:10D1D00000D100245CB92946304600F04DFD002105
:10D1E0003046FFF7C7F80446042C00D1002420463F
:10D1F0000DF5027D70BDF8B504466946204601F084
:10D2000013FE0646002E44D1207D00F04000002889
:10D210003FD0207D00F0800070B1226A00994878EC
:10D22000012304F12C01FFF7D5FA08B10120F8BD64
:10D23000207D00F07F00207500F01CFD0746616A2C
:10D24000009800F0AFFF06461EBBA56AE87A40F0E2
:10D250002000E8722946A268206801F096F905F1DD
:10D260001C00E16801F0A3F9394605F1160001F050
:10D270009EF9002105F1120001F0A5F901200099A5
:10D28000C870009801F0B6F90646207D00F0BF0096
:10D2900020753046CBE72DE9FF4F83B00446154695
:10D2A0009B46049800900020CBF8000001A920467E
:10D2B00001F0BAFD0290029810B9607D029018B199
:10D2C000029807B0BDE8F08F207D00F0020008B999
:10D2D0000720F6E700BFA0692844A169884202D26E
:10D2E000A069C0F1FF35BBE0208BC0F30800002827
:10D2F00075D101984089401EA16900EA512ABAF10E
:10D30000000F1ED1A06938B9A76857B9002120467F
:10D31000FEF7D8FD074604E02046E169FEF7D2FD9E
:10D32000074607B99FE0012F02D102206075C8E7C8
:10D33000781C10B901206075C3E7E761A06800B9E7
:10D34000A760207D00F0800078B1226A01994878BA
:10D35000012304F12C01FFF73DFA10B101206075A3
:10D36000AFE7207D00F07F002075E1690198FEF7AE
:10D3700093FC064616B902206075A2E756444FEAB0
:10D380005529B9F1000F2BD00AEB09000199498901
:10D39000884203D901984089A0EB0A09019948788D
:10D3A0004B4632460099FFF715FA10B1012060751F
:10D3B00087E7206A801B48450ED2206A801B009AAE
:10D3C00002EB40214FF4007204F12C0000F0D4FE77
:10D3D000207D00F07F0020754FEA49282BE013E004
:10D3E000206AB0420FD0E168A06988420BD201994F
:10D3F00048780123324604F12C01FFF7C5F910B13A
:10D40000012060755DE72662208BC0F30800C0F53F
:10D410000078A84500D9A846218BC1F3080204F181
:10D420002C0150184246009900F0A6FE207D40F0E5
:10D430008000207500BF009840440090A0694044DF
:10D44000A061E168A069884201D9A06900E0E068B4
:10D45000E060DBF800004044CBF80000A5EB0805D5
:10D46000002D7FF441AF00BF207D40F040002075CB
:10D47000002026E710B50246802A01DA10461BE09C
:10D4800051B1FF2A01DD002304E0A2F180030B4C1F
:10D4900034F8133018460FE0002007E0074B33F84C
:10D4A0001030934200D103E0431C98B28028F5DB92
:10D4B00000BF00F18003D8B210BD000032EF0008B9
:10D4C00030B5B0F5805F01DA244D00E0244D2946E7
:10D4D00000BF31F8022B0AB1904200DA3CE031F88B
:10D4E000023B1C12DBB2D518854230DD092C2CD250
:10D4F000DFE804F005090F13171B1F232700851A07
:10D5000031F8150021E0851A05F00105451BA8B288
:10D510001BE0A0F11005A8B217E0A0F12005A8B209
:10D5200013E0A0F13005A8B20FE0A0F11A05A8B2EF
:10D530000BE000F10805A8B207E0A0F15005A8B281
:10D5400003E0A0F5E355A8B200BF00BF04E0002C43
:10D55000BFD101EB4301BCE700BF30BD32F0000892
:10D5600024F200082DE9F74F8AB000210B980160E2
:10D570000A9800F022FC08900898002803DA0B2093
:10D580000DB0BDE8F08FB349089851F820400CB9B0
:10D590000C20F5E70B9804600C9800F0FE000C904E
:10D5A000207878B16078FFF707F9814609F001002B
:10D5B00040B90C9820B109F0040008B10A20DFE757
:10D5C0000020DDE700202070089860706078FFF789
:10D5D000AFF8814609F0010008B10320D0E70C98AC
:10D5E00020B109F0040008B10A20C9E70027394634
:10D5F0002046FEF70FFA0546022D01D02EDA2DE067
:10D60000002614E04FF4DF7000EB061104F1340043
:10D61000084409900998007920B10998083000F071
:10D6200062FC00E0002002A941F82600761C042ECE
:10D63000E8D3002606B1761E00BF02A850F8267077
:10D6400027B139462046FEF7E5F900E003200546FC
:10D65000022D03DB701C06460428EED3042D01D1F5
:10D6600001208DE7022D01DB0D2089E704F13F0049
:10D6700000F045FCB0F5007F01D00D2080E704F1FB
:10D680004A0000F03CFC8046B8F1000F04D104F1E0
:10D69000580000F028FC8046C4F81C804420005D3F
:10D6A000A070A078012804D0A078022801D00D2015
:10D6B00066E7A07808FB00F84120005D6081608982
:10D6C00018B16089411E084008B10D2058E704F1E7
:10D6D000450000F014FC2081207A00F00F0008B112
:10D6E0000D204DE704F1470000F009FC8246BAF135
:10D6F000000F04D104F1540000F0F5FB824604F160
:10D70000420000F0FCFB0190019808B90D2037E7BA
:10D7100001984044218900EB111007900798824539
:10D7200001D20D202CE70798AAEB00006189B0FB1D
:10D73000F1FBBBF1000F01D10D2021E703254FF6CE
:10D74000F570834500D8022540F6F570834500D872
:10D7500001250BF10200A061276201983844606244
:10D7600007983844E062032D13D104F15E0000F005
:10D77000C6FB08B10D2003E7208908B10D20FFE6A4
:10D7800004F1600000F0AFFBA062A0698000069089
:10D7900014E0208908B90D20F2E6606A4044A062D6
:10D7A000022D02D1A069400007E0207E00F00100B8
:10D7B000A16901EB410100EB51000690E169069877
:10D7C00000F2FF10B1EB502F01D20D20D8E64FF040
:10D7D000FF306061206180202071032D2CD104F185
:10D7E000640000F08CFB012826D1791C204600F053
:10D7F000D9FC08BB0020207104F2322000F07FFB2E
:10D800004AF65521884217D104F1340000F06BFB31
:10D810001149884210D104F5067000F064FB0F49ED
:10D82000884209D104F5077000F05DFB606104F5E2
:10D83000087000F058FB2061257009480088401CE2
:10D8400080B207490880E0802046FEF711FA0020E8
:10D8500096E6000020000020525261417272416140
:10D86000240000202DE9F34104462646D6F8008026
:10D8700002E00198401C0190019800782F28F8D010
:10D88000019800785C28F4D00020B06001980078FE
:10D89000202808D280212F20015500212046FEF7A4
:10D8A000F9FE05462CE000BF01A92046FEF77AFBF1
:10D8B000054605B123E02046FEF7DEFC05462F2095
:10D8C000075D3DB1042D04D100BF07F0040000B98D
:10D8D000052514E007F0040000B110E0B07900F075
:10D8E000100008B905250AE0A08AC0F3080208F173
:10D8F00034001118404600F0E3FAB060D4E700BFEE
:10D900002846BDE8FC81000038B504460D46E0B26B
:10D9100000904FF47A73012269460248F6F763FDDE
:10D92000204638BD680300202DE9FF4F83B08146B3
:10D9300090461D460B224846049900F01DFC052D1B
:10D9400018D92F4611E038F802BB00240BE05846E6
:10D9500067F35F0007464FEA6B0B07F4803008B1AE
:10D960001D484740641C102CF1D3B8F80000002873
:10D97000E9D13D46072400BF05F00F0000F1300A51
:10D98000BAF1390F03DD0AF1070000F0FF0A204663
:10D99000641E01A901F800A02D09002DECD17E2004
:10D9A0000855002600E0761CA64203D219F80600AE
:10D9B0002028F8D100BF082C04D22046641C01A9FD
:10D9C000085C00E020203146761C09F80100082E92
:10D9D000F1D307B0BDE8F08F21100100F8B504467F
:10D9E0000126012280212648F4F734FC0122214639
:10D9F0002448FFF79DF9244908700022802120481F
:10DA0000F4F728FC2048007810B13220FCF7ACFA7B
:10DA100000211C48FFF799F80025FEF7E1F927E0FF
:10DA2000012280211648F4F715FC6B464FF4804222
:10DA300016491448FFF7E3FA002280211048F4F752
:10DA400009FCBDF800101148FEF796F90546BDF82F
:10DA500000000F49086008460068B0F5804F00D20A
:10DA600000260C4800680A4909680844094908600A
:10DA7000002ED5D10348FFF73FF82846F8BD000037
:10DA800000040240086D0020A4000020CC1B0020F0
:10DA90005000002058000020F8B50126012229A1DD
:10DAA0002B48FFF745F92B4908700846007810B15C
:10DAB0003120FCF759FA2648C068B0F5702F02D91A
:10DAC0003820FCF751FA0025FEF78AF927E00122F9
:10DAD00080212148F4F7BEFB6B464FF480421F497A
:10DAE0001B48FFF78CFA002280211B48F4F7B2FB99
:10DAF000BDF800101948FEF73FF90546BDF80000D3
:10DB00001749086008460068B0F5804F00D200262B
:10DB10001448006812490968084412490860002E38
:10DB2000D5D11048046804E0FF20FEF743F905460C
:10DB3000641C0D488442F7D30548FEF7DDFF2846F4
:10DB4000F8BD00002F6C645F6D63752E62696E0016
:10DB5000DC6A0020A400002000040240CC1B00204E
:10DB60005000002058000020FFFF0F0870B5FEF79E
:10DB700037F9064C05E025782846FEF71BF90646DE
:10DB8000641C03488442F6D3304670BD000001088F
:10DB9000FFFF0F082DE9F04781460C46D9F80050E9
:10DBA000022C02D3A869A04202D84FF001085EE01F
:10DBB0004FF0FF382878012804D002282CD0032801
:10DBC00051D13CE0264606EB5606686A00EB56212A
:10DBD000284600F0E7FA00B148E03046761CC0F372
:10DBE000080105F13400475C686A00EB56212846BD
:10DBF00000F0D8FA00B139E0C6F3080105F13400AD
:10DC0000405C47EA002704F0010008B1380901E050
:10DC1000C7F30B00804629E0686A00EB1421284610
:10DC200000F0C0FA00B121E040F2FF1101EA440225
:10DC300005F13401501800F062F9804616E0686A78
:10DC400000EBD411284600F0ADFA00B10EE040F22E
:10DC5000FF1101EA840205F13401501800F043F984
:10DC600020F0704802E04FF0010800BF00BF4046BE
:10DC7000BDE8F087002070472DE9F84F05460C46B7
:10DC8000286800900020A075E86908B9BDE8F88F01
:10DC9000286B401C28B30026374614E00021584664
:10DCA000FFF7E8FB8346BBF1000F01D1002713E02B
:10DCB00000BFFF2F01D300270EE038467F1C04F180
:10DCC000160101F800B00098C2683046761C32F8A0
:10DCD0001000B0F1000BE1D100BF002104F11600EB
:10DCE000C15500200646074604F1160010F807A0AB
:10DCF0003CE038467F1C2A6A12F80080B8F1200FF9
:10DD000000D133E0B8F1050F01D14FF0E508092F3C
:10DD10000CD1BAF1000F03D12E2104F11600815568
:10DD20002E223046761C04F109010A5404F1090040
:10DD300000F80680BAF1000F16D1B8F1410F0FDBE1
:10DD4000B8F15A0F0CDC286A007B092F01D310218F
:10DD500000E00821084018B108F1200000F0FF0899
:10DD600004F1160000F80680761C00BF0B2FC0D30C
:10DD7000BAF1000F07D1002104F116008155286A7D
:10DD8000007B00B90026002104F109008155286AB2
:10DD9000C07A2072296A01F11C0000F0A4F820600A
:10DDA000296A01F1160000F09EF88146A4F8069059
:10DDB0004FEA1940A08000BF68E770B502464FF0F7
:10DDC000FF301568DDB1116800E0491C0D78202D89
:10DDD00002D30D783A2DF8D10D783A2D0ED1146872
:10DDE00014F8015BA5F130030A2B06D28C4204D152
:10DDF0001BB918464D1C2946156070BD002000BF98
:10DE0000FBE7000010B502460B46002116E02B4848
:10DE100000EB011000681468A0420ED1274800EB07
:10DE2000011040689468A04207D1244800EB01101B
:10DE300080685469A04200D102E0491CFF29E6D362
:10DE400000BFFF2922D1002100E0491CFF2905D293
:10DE50001A4800EB011000680028F6D1FF2901D113
:10DE6000002010BD154C04EB011410682060134C09
:10DE700004EB011490686060104C04EB01145069CD
:10DE8000A06000200D4C04EB0114A08133B10B48BD
:10DE900000EB0110808908B10020E2E713B14FF4D4
:10DEA000807004E0054800EB01108089401C034CA1
:10DEB00004EB0114A081481CD3E70000D00B002024
:10DEC00070B505460C4604F11A0000F018F8064635
:10DED0002878032805D104F1140000F010F846EA70
:10DEE0000046304670BD0146C8788A7842EA002074
:10DEF0004A7842EA00200A7842EA00207047014648
:10DF000048780A7842EA00207047000010B52023C4
:10DF10001F22002121A0F2F787FA4FF4007340F28C
:10DF20001F22202126A0F2F77FFA4FF4006340F66B
:10DF30001F224FF408712BA0F2F776FA41F66752D0
:10DF4000D11E31A0F2F770FA41F66B52D11E36A005
:10DF5000F2F76AFA41F66F52D11E3BA0F2F764FA6B
:10DF600041F67352D11E40A0F2F75EFA41F67752A5
:10DF7000D11E45A0F2F758FA4FF4007341F67F72B4
:10DF80004FF4EC5148A0F2F74FFA802341F6FF72AC
:10DF90004FF4FC514EA0F2F747FA10BD4D52204508
:10DFA00050524F4D3A3078253034582D2D2D307841
:10DFB000253034582873697A653A2564290A0000A7
:10DFC000444D204550524F4D3A3078253034582D2D
:10DFD0002D2D3078253034582873697A653A2564B8
:10DFE000290A00004644204550524F4D3A307825CA
:10DFF0003034582D2D2D3078253034582873697AD7
:10E00000653A2564290A00004D52204352432045B9
:10E0100050524F4D3A3078253034582D2D2D3078D0
:10E02000253034580A000000444D20435243204517
:10E0300050524F4D3A3078253034582D2D2D3078B0
:10E04000253034580A0000004644204352432045FE
:10E0500050524F4D3A3078253034582D2D2D307890
:10E06000253034580A0000004D43552043524320C8
:10E070004550524F4D3A3078253034582D2D2D30A3
:10E0800078253034580A00004C4344204352432042
:10E090004550524F4D3A3078253034582D2D2D3083
:10E0A00078253034580A0000434F4E4649472045F2
:10E0B00050524F4D3A3078253034582D2D2D307830
:10E0C000253034582873697A653A2564290A000096
:10E0D0004C4F47494E464F204550524F4D3A3078AD
:10E0E000253034582D2D2D3078253034582873693B
:10E0F0007A653A2564290A00F5F736F8F8F770F9D9
:10E10000F7F74AFFF7F70EFFF7F736FEF7F7E4FEEB
:10E11000F8F760F8F8F7F0F8F7F7CEFEF8F716F82A
:10E12000F8F7A8F8F8F722F8F8F73AF8F7F726FF23
:10E13000F8F71AF9F7F7ECFFF8F7C2F8F8F7F8F87C
:10E14000FCF73EF9F3F7B6FE03E0F8F72BF9FCF71E
:10E15000F9FBFAE7F0B503461D460C46002000BF68
:10E1600015F8017B14F801CBA7EB0C00561E321EEC
:10E1700001D00028F4D0F0BD30B503460C463AB1CA
:10E1800000BF14F8015B03F8015B551E2A1EF8D18D
:10E1900030BD10B5034600BF03F8011B541E221EFC
:10E1A000FAD110BD70B504460D460026206BA8427A
:10E1B00010D0204600F066FA06465EB9607801236A
:10E1C0002A4604F13401FEF7DFFA10B14FF0FF35B3
:10E1D00001262563304670BD2DE9F04780460C4688
:10E1E00004F11A00FFF78BFE10B10020BDE8F087A4
:10E1F000207820F04000401E00EB800101EBC005BC
:10E200004FF00109002619E01449895D0819FFF74C
:10E2100076FE0746B9F1000F09D0FF2D01D300208B
:10E22000E4E7B94628466D1C28F8107005E04FF663
:10E23000FF70874201D00020D8E7761C0D2EE3D373
:10E24000207800F0400030B1FF2D01D30020CDE751
:10E25000002028F815000120C8E7000024EF00087E
:10E2600010B580211948F2F761FB1948F2F7A6FAB8
:10E2700084B221461648FEF7C5FA4FF47A73062297
:10E2800012491448F6F74EF8062213490F48FDF7D5
:10E2900010FD10B111A0F2F7C7F81C48F2F78EFA82
:10E2A00084B221461948FEF7ADFA0A20F3F742FD81
:10E2B0001748F2F783FA84B221461548FEF7A2FA0E
:10E2C00040F6B830F3F736FD10BD0000CC5B0020FF
:10E2D0005C000020B003002062000020426F6F74D9
:10E2E0006C6F616465723A446F6E6548616E646C10
:10E2F00065722C6C6364207368616B652068616E65
:10E300006420726573706F6E64210A0068000020DB
:10E31000820000202DE9F04704460D4616464FF0D6
:10E320000209022D74D3A069A84271D9207801286E
:10E3300004D0022849D003280DD15EE02F4607EB18
:10E340005707606A00EB57212046FFF72BFF8146F5
:10E35000B9F1000F00D075E038467F1CC0F308010A
:10E3600004F1340001EB000805F0010028B1F1B21E
:10E3700098F8000061F31F1000E0304688F80000B4
:10E380000120E070606A00EB57212046FFF70AFF8A
:10E390008146B9F1000F00D054E0C7F3080104F141
:10E3A000340001EB000805F0010010B1C6F30710BE
:10E3B00006E098F8000000F0F000C6F303210843DF
:10E3C00088F800000120E0703CE0606A00EB152155
:10E3D0002046FFF7E7FE8146B9F1000F00D031E09B
:10E3E000B1B240F2FF1202EA450304F13402981878
:10E3F00000F0E9F80120E07024E0606A00EBD5113C
:10E400002046FFF7CFFE8146B9F1000F01D019E099
:10E4100019E040F2FF1101EA850204F134015018BD
:10E42000FFF761FD66F31B00064640F2FF1101EAAB
:10E43000850204F134015018314600F0B8F801208B
:10E44000E07000BF00BF4846BDE8F0872DE9F04707
:10E4500007460C461546984684F80D800F20E0725A
:10E4600000202073002104F11A0000F0ACF8681EAF
:10E4700000EB800101EBC00900200646824600BF88
:10E480004FF6FF70864204D0484609F1010937F87B
:10E4900010600D4911F80A100819314600F093F880
:10E4A0000EB94FF6FF760AF1010082460D28E7D338
:10E4B0004FF6FF70864202D037F8190008B945F0D0
:10E4C00040052570BDE8F08724EF00080648006885
:10E4D000064908600448001D00684860024808308A
:10E4E0000068886070470000107AFF1F887700205E
:10E4F0002DE9F04781460E4617464FF00008D9F83F
:10E500000040022E02D3A069B04202D80220BDE82A
:10E51000F08767B100BF4FF0FF3239462046FFF762
:10E52000F9FE8046B8F1000F01D04046EFE700BF8A
:10E5300031464846FFF72EFB054605B922E0012D7E
:10E5400001D10220E3E7681C08B90120DFE70022BF
:10E5500031462046FFF7DEFE8046B8F1000F01D0BD
:10E560004046D4E7D4E90510801E814206D2606996
:10E57000401C6061207940F0010020712E46A069A6
:10E58000B042D5D800BF0020C1E770B506460C46A2
:10E590001546A9B204F11A0000F015F830780328E6
:10E5A00004D1290C04F1140000F00DF870BD00F83E
:10E5B000011B090A00F8011B090A00F8011B090ADE
:10E5C00000F8011B704700F8011B091200F8011B3D
:10E5D000704730B5014600200B2200BF431003EB0B
:10E5E000C01411F8015B6319D8B2531E1A1EF5D17D
:10E5F00030BD000070B50446204600F043F80546E3
:10E60000002D38D1207803282ED1207901282BD154
:10E610004202002104F13400FFF7BBFD4AF6552108
:10E6200004F23220FFF7CFFF144904F13400FFF762
:10E63000BEFF134904F50670FFF7B9FF04F5077034
:10E640006169FFF7B4FF04F508702169FFF7AFFFB8
:10E65000206A401C20636078012304F13401226B9E
:10E66000FEF7B8F800202071607800221146FEF70E
:10E6700077F800B10125284670BD00005252614173
:10E68000727241612DE9F04104460027E078F8B14B
:10E69000256B607801232A4604F13401FEF79AF8CD
:10E6A00008B1012714E00020E070606A281AE169CF
:10E6B00088420DD2A67809E0E0690544607801231C
:10E6C0002A4604F13401FEF785F8761E022EF3D2B5
:10E6D0003846BDE8F081000038B5012225A1284860
:10E6E000FEF726FB274908700846007848B108461F
:10E6F000027820A124A0F1F797FE3320FBF734FC29
:10E7000037E0204802781BA129A0F1F78DFE0021F7
:10E710001B48FEF71AFA012280213048F3F79AFDD0
:10E720006B464FF400522E491548FEF768FC154918
:10E730000870002280212948F3F78CFD11480078E9
:10E7400018B90098B0F5005F02D03320FBF70CFC3D
:10E750000B48FEF7D1F94FF4005221490020FEF793
:10E7600023F9044614B13720FBF7FEFB4920FBF7E1
:10E77000FBFB38BD2F6C6570726F6D2E62696E0089
:10E780008C730020A4000020426F6F744C6F616492
:10E7900065723A4F70656E202573206661696C2C36
:10E7A00045434F44453D307825303258480A0000F3
:10E7B000426F6F744C6F616465723A4F70656E2082
:10E7C0002573207375636573732C45434F44453D32
:10E7D000307825303258480A00000000000402401A
:10E7E000CC1B00202DE9F14F8AB0B0A103C9CDE9BF
:10E7F00005014FF40067AF4809900122AE480A991D
:10E80000FEF796FAAD4908700846007810B132203C
:10E81000FBF7AAFB0021A848FEF797F9A748027862
:10E82000A7A00A99F1F700FEA348C468EE20AF49FB
:10E830000870FB204870381D000A8870381DC870A9
:10E84000002008714871200E8871200CC871200AC0
:10E8500008724C72332088723A20C8722F210A98AD
:10E86000401CF1F77DFF8346002510E01BF80500F2
:10E870002F2805D15C2105F10C009C4A115405E0BC
:10E880001BF8051005F10C00984A11546D1C5846F0
:10E89000F1F794FFA842E9D85846F1F78FFF0C3002
:10E8A0009249FF220A545846F1F788FF0D308F49EC
:10E8B000FC220A545846F1F781FF0E308B49FF22A3
:10E8C0000A545846F1F77AFF0F308849FF220A545C
:10E8D00087A0F1F7A9FD4FF0000900BF09F1010081
:10E8E00000F0FF09012380228E490998F5F71AFDEF
:10E8F000089080218B48F2F719F800208A49088097
:10E900005846F1F75BFF103080B20146019077481E
:10E91000FDF778FF41F28833072282490998F5F71D
:10E9200001FD08900A20F3F705FA072205A97D48A2
:10E93000FDF7BFF9012800D109E00A20F3F7FAF941
:10E94000B9F10A0F02DD4520FBF70EFBC6E700BF59
:10E95000002600200790FDF743FAB0469BE040F602
:10E9600004016248F1F7E2FF60480670F0435F4936
:10E9700048700397039F08EB0700A04202D9A4EB5D
:10E9800008000390012280216848F3F763FC02AB82
:10E990005649891C4848039AFEF731FB47490870DD
:10E9A000002280216148F3F755FC5048801C0299F1
:10E9B000FDF7E2F907904148007810B13220FBF7EB
:10E9C000D3FA4FF0000A0020049000BF4749049892
:10E9D000085C50441FFA80FA0498401C049040F6EA
:10E9E000020104988842F1D36FEA0A001FFA80FA04
:10E9F0004FEA1A203D4981F8020881F803A84FF038
:10EA0000000900BF09F1010000F0FF09414648A0DC
:10EA1000F1F70AFD0123802242490998F5F782FCAB
:10EA200080214048F1F782FF381D81B22F48FDF761
:10EA3000E9FE40F6B83302223A490998F5F772FC2C
:10EA400008900898C0B937484178701CC043C0B2DC
:10EA500081420BD033480178701C814218D1314873
:10EA60004178701CC043C0B2814211D1701CC6B243
:10EA70003DA0F1F7D9FC0CE03DA0F1F7D5FC6420F6
:10EA8000F3F758F9B9F10A0F02DD4520FBF76CFAEC
:10EA9000B8E700BFB844A045FFF461AF0648FEF7F1
:10EAA0002BF807980BB0BDE8F08F0000EEFB01FFDC
:10EAB000FCFFFF00B0030020086D0020A400002030
:10EAC000426F6F746C6F616465723A4F70656E204F
:10EAD0002573207375636573732C45434F44453D1F
:10EAE000307825303258482E0A0000004C5C002057
:10EAF000426F6F746C6F616465722D3E75706461F6
:10EB000074654C63644170703A53656E6420646F41
:10EB1000776E6C6F616420636F6D6D616E642E0A39
:10EB200000000000CC5B00209800002000040240A0
:10EB3000426F6F746C6F616465722D3E75706461B5
:10EB400074654C63644170703A53656E6420666905
:10EB50006C6520626C6F636B2061742030782530A7
:10EB60003858482C000000006F6B210A000000009C
:10EB700074696D656F7574206F7220696E76616C53
:10EB8000696420534E210A00F0B5ADF5157D0546A8
:10EB900042AC88AF29463846FEF7E5F924490870AB
:10EBA0003BE021463846FEF7F8FA2149087008464E
:10EBB000007808B9A07D00B933E0A07D2E2800D1EF
:10EBC0002BE004F116064FF4807102A8F1F7AEFEB7
:10EBD0002F232A4617A102A80096F1F731FC207ACC
:10EBE00000F0100060B102A8FFF7CEFF10490870D6
:10EBF0000846007880B1084600780DF5157DF0BD17
:10EC000002A90EA0F1F710FC02A8FFF7EBFD1249D4
:10EC1000096808441049086000BF054800780028CA
:10EC2000BFD000BF3846FDF77DFF01480078E4E71C
:10EC3000A40000202573256325730000426F6F74C4
:10EC40006C6F616465723A637263204C6364206622
:10EC5000696C653A25730A00AC000020F8B5002401
:10EC60000127012243A14648FEF762F84549087092
:10EC70000846007810B13120FBF776F94148027858
:10EC80003CA141A0F1F7D0FB3D48C068B0F5702F22
:10EC900002D93820FBF768F9F3F70CF945484649E3
:10ECA0000860F2F725FA10B13520FBF75DF94FF453
:10ECB00070214248FCF79EFE41A0F1F7B5FB4B489E
:10ECC0004B4908603D484B4908600026FDF788F82D
:10ECD00038E0012280214848F3F7BCFA6B464FF434
:10ECE000804242492648FEF78AF9002280214248A4
:10ECF000F3F7B0FA3D480099FDF73EF806463F4964
:10ED00000098086008460068B0F5804F00D20027E0
:10ED100000240CE0364A12681159364A126810195C
:10ED2000F2F788FA10B14320FBF71EF9241D33488F
:10ED300000688442EED32F480068304909680844CF
:10ED40002C490860002FC4D12A48056804E0FF2040
:10ED5000FDF730F806466D1C29488542F7D3F3F7D6
:10ED600053F828A0F1F760FB0548FDF7C5FE3046D3
:10ED7000F8BD00002F6C645F6D63752E62696E00D4
:10ED8000DC6A0020A4000020426F6F746C6F616425
:10ED900065723A4F70656E202573207375636573D5
:10EDA000732C45434F44453D307825303258482E2A
:10EDB0000A000000910001000C3C02400000010824
:10EDC000426F6F746C6F616465723A45726173650E
:10EDD000206D6375206170706C69636174696F6E1A
:10EDE000207375636573732E0A000000CC1B00202E
:10EDF0005400002058000020000402405000002071
:10EE0000FFFF0F08426F6F746C6F616465723A5751
:10EE100072697465206D6375206170702066696E1B
:10EE20006973682E0A00000070B504460D46092675
:10EE30008CB1206878B12068007860B1A088216822
:10EE4000C988884207D121684878FDF7B5FC00F0F1
:10EE5000010000B900260EB9206800E000202860FB
:10EE6000304670BD4FF04070E1EE100A7047000070
:10EE7000899000087D910008159100089D91000877
:10EE80009190000800061016000610160000000001
:10EE9000000000000102030406070809000000004A
:10EEA00001020304809A45418E418F8045454549C2
:10EEB00049498E8F9092924F994F555559999A9BE7
:10EEC0009C9D9E9F41494F55A5A5A6A7A8A9AAAB61
:10EED000ACADAEAFB0B1B2B3B4B5B6B7B8B9BABBFA
:10EEE000BCBDBEBFC0C1C2C3C4C5C6C7C8C9CACBEA
:10EEF000CCCDCECFD0D1D2D3D4D5D6D7D8D9DADBDA
:10EF0000DCDDDEDFE0E1E2E3E4E5E6E7E8E9EAEBC9
:10EF1000ECEDEEEFF0F1F2F3F4F5F6F7F8F9FAFBB9
:10EF2000FCFDFEFF01030507090E10121416181C44
:10EF30001E00C700FC00E900E200E400E000E5007C
:10EF4000E700EA00EB00E800EF00EE00EC00C40090
:10EF5000C500C900E600C600F400F600F200FB00A0
:10EF6000F900FF00D600DC00A200A300A500A72046
:10EF70009201E100ED00F300FA00F100D100AA00D7
:10EF8000BA00BF001023AC00BD00BC00A100AB0064
:10EF9000BB00912592259325022524256125622514
:10EFA000562555256325512557255D255C255B256F
:10EFB0001025142534252C251C2500253C255E25EF
:10EFC0005F255A25542569256625602550256C2521
:10EFD000672568256425652559255825522553251B
:10EFE0006B256A2518250C25882584258C259025D8
:10EFF0008025B103DF009303C003A303C303B5005F
:10F00000C403A6039803A903B4031E22C603B503D1
:10F0100029226122B1006522642220232123F700E6
:10F020004822B0001922B7001A227F20B200A02582
:10F03000A00061001A03E0001703F8000703FF00B7
:10F04000010078010001300132010601390110018F
:10F050004A012E017901060180014D004302810120
:10F06000820182018401840186018701870189016F
:10F070008A018B018B018D018E018F01900191011D
:10F08000910193019401F60196019701980198016D
:10F090003D029B019C019D0120029F01A001A00156
:10F0A000A201A201A401A401A601A701A701A9012F
:10F0B000AA01AB01AC01AC01AE01AF01AF01B101DE
:10F0C000B201B301B301B501B501B701B801B8018F
:10F0D000BA01BB01BC01BC01BE01F701C001C10105
:10F0E000C201C301C401C501C401C701C801C701F0
:10F0F000CA01CB01CA01CD011001DD0101008E0161
:10F10000DE011201F3010300F101F401F401F80141
:10F110002801220212013A020900652C3B023B023F
:10F120003D02662C3F0240024102410246020A01B2
:10F130005302400081018601550289018A0158026B
:10F140008F015A0290015C025D025E025F02930130
:10F15000610262029401640265026602670297011D
:10F1600096016A02622C6C026D026E029C017002B2
:10F1700071029D01730274029F0176027702780288
:10F1800079027A027B027C02642C7E027F02A60155
:10F1900081028202A9018402850286028702AE01F1
:10F1A0004402B101B20145028D028E028F0290022B
:10F1B0009102B7017B030300FD03FE03FF03AC03D1
:10F1C00004008603880389038A03B1031103C20381
:10F1D0000200A303A303C4030803CC0303008C03AE
:10F1E0008E038F03D8031801F2030A00F903F30317
:10F1F000F403F503F603F703F703F903FA03FA033D
:10F200003004200350041007600422018A043601F0
:10F21000C1040E01CF040100C004D0044401610503
:10F22000260400007D1D0100632C001E9601A01E17
:10F230005A01001F0806101F0606201F0806301F6F
:10F240000806401F0606511F0700591F521F5B1F6B
:10F25000541F5D1F561F5F1F601F0806701F0E00A2
:10F26000BA1FBB1FC81FC91FCA1FCB1FDA1FDB1F56
:10F27000F81FF91FEA1FEB1FFA1FFB1F801F08066C
:10F28000901F0806A01F0806B01F0400B81FB91F72
:10F29000B21FBC1FCC1F0100C31FD01F0206E01FFE
:10F2A0000206E51F0100EC1FF21F0100FC1F4E21AA
:10F2B0000100322170211002842101008321D02419
:10F2C0001A05302C2F04602C0201672C0601752CC6
:10F2D0000201802C6401002D260841FF1A03000062
:10F2E00000002110422063308440A550C660E770C2
:10F2F000088129914AA16BB18CC1ADD1CEE1EFF16A
:10F300003112100273325222B5529442F772D66211
:10F31000399318837BB35AA3BDD39CC3FFF3DEE3B9
:10F320006224433420040114E664C774A444855461
:10F330006AA54BB528850995EEE5CFF5ACC58DD509
:10F340005336722611163006D776F6669556B446B1
:10F350005BB77AA719973887DFF7FEE79DD7BCC759
:10F36000C448E5588668A778400861180228233801
:10F37000CCC9EDD98EE9AFF9488969990AA92BB9A9
:10F38000F55AD44AB77A966A711A500A333A122A51
:10F39000FDDBDCCBBFFB9EEB799B588B3BBB1AABF9
:10F3A000A66C877CE44CC55C222C033C600C411CA1
:10F3B000AEED8FFDECCDCDDD2AAD0BBD688D499D49
:10F3C000977EB66ED55EF44E133E322E511E700EF1
:10F3D0009FFFBEEFDDDFFCCF1BBF3AAF599F788F99
:10F3E0008891A981CAB1EBA10CD12DC14EF16FE179
:10F3F0008010A100C230E3200450254046706760B1
:10F40000B9839893FBA3DAB33DC31CD37FE35EF3C8
:10F41000B1029012F322D232354214527762567200
:10F42000EAB5CBA5A89589856EF54FE52CD50DC518
:10F43000E234C324A0148104667447642454054450
:10F44000DBA7FAB79987B8975FE77EF71DC73CD768
:10F45000D326F2369106B0165766767615463456A0
:10F460004CD96DC90EF92FE9C899E9898AB9ABA9B8
:10F470004458654806782768C018E1088238A328F0
:10F480007DCB5CDB3FEB1EFBF98BD89BBBAB9ABB08
:10F49000754A545A376A167AF10AD01AB32A923A40
:10F4A0002EFD0FED6CDD4DCDAABD8BADE89DC98D58
:10F4B000267C076C645C454CA23C832CE01CC10C90
:10F4C0001FEF3EFF5DCF7CDF9BAFBABFD98FF89FA8
:10F4D000176E367E554E745E932EB23ED10EF01EE0
:10F4E00000000000963007772C610EEEBA510999A2
:10F4F00019C46D078FF46A7035A563E9A395649EFE
:10F500003288DB0EA4B8DC791EE9D5E088D9D29721
:10F510002B4CB609BD7CB17E072DB8E7911DBF907D
:10F520006410B71DF220B06A4871B9F3DE41BE84A1
:10F530007DD4DA1AEBE4DD6D51B5D4F4C785D383FD
:10F5400056986C13C0A86B647AF962FDECC9658AA1
:10F550004F5C0114D96C0663633D0FFAF50D088DFD
:10F56000C8206E3B5E10694CE44160D5727167A2A1
:10F57000D1E4033C47D4044BFD850DD26BB50AA5FD
:10F58000FAA8B5356C98B242D6C9BBDB40F9BCAC21
:10F59000E36CD832755CDF45CF0DD6DC593DD1AB7D
:10F5A000AC30D9263A00DE518051D7C81661D0BFA1
:10F5B000B5F4B42123C4B3569995BACF0FA5BDB8FD
:10F5C0009EB802280888055FB2D90CC624E90BB1A1
:10F5D000877C6F2F114C6858AB1D61C13D2D66B6FD
:10F5E0009041DC760671DB01BC20D2982A10D5EF61
:10F5F0008985B1711FB5B606A5E4BF9F33D4B8E8BD
:10F60000A2C9077834F9000F8EA8099618980EE160
:10F61000BB0D6A7F2D3D6D08976C6491015C63E6BC
:10F62000F4516B6B62616C1CD83065854E0062F2E0
:10F63000ED95066C7BA5011BC1F4088257C40FF53C
:10F64000C6D9B06550E9B712EAB8BE8B7C88B9FC60
:10F65000DF1DDD62492DDA15F37CD38C654CD4FBBC
:10F660005861B24DCE51B53A7400BCA3E230BBD460
:10F6700041A5DF4AD795D83D6DC4D1A4FBF4D6D3BC
:10F680006AE96943FCD96E34468867ADD0B860DA60
:10F69000732D0444E51D03335F4C0AAAC97C0DDDBC
:10F6A0003C710550AA41022710100BBE86200CC9E0
:10F6B00025B56857B3856F2009D466B99FE461CE3C
:10F6C0000EF9DE5E98C9D9292298D0B0B4A8D7C760
:10F6D000173DB359810DB42E3B5CBDB7AD6CBAC0BC
:10F6E0002083B8EDB6B3BF9A0CE2B6039AD2B174D8
:10F6F0003947D5EAAF77D29D1526DB048316DC7334
:10F70000120B63E3843B64943E6A6D0DA85A6A7AD7
:10F710000BCF0EE49DFF099327AE000AB19E077D33
:10F7200044930FF0D2A3088768F2011EFEC2066957
:10F730005D5762F7CB67658071366C19E7066B6EB3
:10F74000761BD4FEE02BD3895A7ADA10CC4ADD67D7
:10F750006FDFB9F9F9EFBE8E43BEB717D58EB06033
:10F76000E8A3D6D67E93D1A1C4C2D83852F2DF4FD7
:10F77000F167BBD16757BCA6DD06B53F4B36B24833
:10F78000DA2B0DD84C1B0AAFF64A0336607A0441D7
:10F79000C3EF60DF55DF67A8EF8E6E3179BE694633
:10F7A0008CB361CB1A8366BCA0D26F2536E2685257
:10F7B00095770CCC03470BBBB91602222F260555B3
:10F7C000BE3BBAC5280BBDB2925AB42B046AB35CD7
:10F7D000A7FFD7C231CFD0B58B9ED92C1DAEDE5B33
:10F7E000B0C2649B26F263EC9CA36A750A936D0217
:10F7F000A906099C3F360EEB856707721357000573
:10F80000824ABF95147AB8E2AE2BB17B381BB60C96
:10F810009B8ED2920DBED5E5B7EFDC7C21DFDB0BF2
:10F82000D4D2D38642E2D4F1F8B3DD686E83DA1F16
:10F83000CD16BE815B26B9F6E177B06F7747B71872
:10F84000E65A0888706A0FFFCA3B06665C0B011116
:10F85000FF9E658F69AE62F8D3FF6B6145CF6C1672
:10F8600078E20AA0EED20DD75483044EC2B3033916
:10F87000612667A7F71660D04D476949DB776E3E72
:10F880004A6AD1AEDC5AD6D9660BDF40F03BD83796
:10F8900053AEBCA9C59EBBDE7FCFB247E9FFB530F2
:10F8A0001CF2BDBD8AC2BACA3093B353A6A3B42416
:10F8B0000536D0BA9306D7CD2957DE54BF67D92372
:10F8C0002E7A66B3B84A61C4021B685D942B6F2A16
:10F8D00037BE0BB4A18E0CC31BDF055A8DEF022D72
:10F8E0003031323334353637383941424344454676
:10F8F0004030580030313233343536373839616270
:10F900006364656640307800040000080000000071
:10F910000000000200010000100000004D534300F1
:10F92000426F6F746C6F616465723A557064617494
:10F9300065206C636420617070206E65772063724F
:10F94000633332207375636573732C776169742038
:10F95000363073206C636420757067726164652053
:10F96000646F6E650A00000004FE000800000020BD
:10F97000E0000000C4010008E4FE0008E0000020F0
:10F9800018B70000E00100080000000000000000BF
:10F990000000000000000000000000000000000067
:10F9A0000000000000000000000000000000000057
:10F9B0000000000000000000000000000000000047
:10F9C0000000000000000000000000000000000037
:10F9D0000000000000000000000000000000000027
:10F9E0000000000000000000000000000000000017
:10F9F0000000000000000000000000000000000007
:10FA000000000000000000000000000000000000F6
:10FA100000000000000000000000000000000000E6
:10FA200000000000000000000000000000000000D6
:10FA300000000000000000000000000000000000C6
:10FA400000000000000000000000000000000000B6
:10FA500000000000000000000000000000000000A6
:10FA60000000000000000000000000000000000096
:10FA70000000000000000000000000000000000086
:10FA80000000000000000000000000000000000076
:10FA90000000000000000000000000000000000066
:10FAA0000000000000000000000000000000000056
:10FAB0000000000000000000000000000000000046
:10FAC0000000000000000000000000000000000036
:10FAD0000000000000000000000000000000000026
:10FAE0000000000000000000000000000000000016
:10FAF0000000000000000000000000000000000006
:10FB000000000000000000000000000000000000F5
:10FB100000000000000000000000000000000000E5
:10FB200000000000000000000000000000000000D5
:10FB300000000000000000000000000000000000C5
:10FB400000000000000000000000000000000000B5
:10FB500000000000000000000000000000000000A5
:10FB60000000000000000000000000000000000095
:10FB70000000000000000000000000000000000085
:10FB80000000000000000000000000000000000075
:10FB90000000000000000000000000000000000065
:10FBA0000000000000000000000000000000000055
:10FBB0000000000000000000000000000000000045
:10FBC0000000000000000000000000000000000035
:10FBD0000000000000000000000000000000000025
:10FBE0000000000000000000000000000000000015
:10FBF0000000000000000000000000000000000005
:10FC000000000000000000000000000000000000F4
:10FC100000000000000000000000000000000000E4
:10FC200000000000000000000000000000000000D4
:10FC300000000000000000000000000000000000C4
:10FC400000000000000000000000000000000000B4
:10FC500000000000000000000000000000000000A4
:10FC60000000000000000000000000000000000094
:10FC70000000000000000000000000000000000084
:10FC80000000000000000000000000000000000074
:10FC90000000000000000000000000000000000064
:10FCA0000000000000000000000000000000000054
:10FCB0000000000000000000000000000000000044
:10FCC0000000000000000000000000000000000034
:10FCD0000000000000000000000000000000000024
:10FCE0000000000000000000000000000000000014
:10FCF0000000000000000000000000000000000004
:10FD000000000000000000000000000000000000F3
:10FD100000000000000000000000000000000000E3
:10FD200000000000000000000000000000000000D3
:10FD300000000000000000000000000000000000C3
:10FD400000000000000000000000000000000000B3
:10FD500000000000000000000000000000000000A3
:10FD60000000000000000000000000000000000093
:10FD70000000000000000000000000000000000083
:10FD80000000000000000000000000000000000073
:10FD90000000000000000000000000000000000063
:10FDA0000000000000000000000000000000000053
:10FDB0000000000000000000000000000000000043
:10FDC0000000000000000000000000000000000033
:10FDD0000000000000000000000000000000000023
:10FDE0000000000000000000000000000000000013
:10FDF0000000000000000000000000000000000003
:10FE0000313600000000000000000000000000008B
:10FE100000000000000000001000000001000000D1
:10FE20000024F40000000000000000001CF900089D
:10FE300008000000DD7A0008857A00085379000880
:10FE40009D7C0008FD870008000000000000000005
:10FE50000000000000000000000000000000010899
:10FE6000EE04FFFCFFFFEE55FFFCFFFF61787263BD
:10FE7000656B676479687473756E7177706A6276A2
:10FE800069666F6D7A6CEEABBAAABB363FFFFCFFBA
:10FE9000FFEE07355A53A5FFFCFFFF0000000000EE
:10FEA0000000000000000000000000000000000052
:10FEB0000000000000000000000000000000000042
:10FEC0000000000000000000000000000000000032
:10FED0000000000000000000000000000000000022
:04FEE000000000001E
:040000050800018965
:00000001FF
